timestamp_ms,frame_number,track_id,trial,body_scale,HEAD_raw_motion,HEAD_normalized_motion,HEAD_motion,LEFT_EYE_motion,RIGHT_EYE_motion,LEFT_ARM_motion,RIGHT_ARM_motion,TORSO_motion,LEFT_LEG_motion,RIGHT_LEG_motion,HEAD_observability,LEFT_EYE_observability,RIGHT_EYE_observability,LEFT_ARM_observability,RIGHT_ARM_observability,TORSO_observability,LEFT_LEG_observability,RIGHT_LEG_observability,HEAD_state,LEFT_EYE_state,RIGHT_EYE_state,LEFT_ARM_state,RIGHT_ARM_state,TORSO_state,LEFT_LEG_state,RIGHT_LEG_state,OVERALL_state
18970,547,3,STILL,0.13653983,0.00234918,0.01720510,0.00761230,0.01059449,0.00880055,0.01561694,0.00746890,0.00846937,0.03521370,0.03606018,RELIABLE,RELIABLE,RELIABLE,RELIABLE,RELIABLE,RELIABLE,RELIABLE,RELIABLE,STATIONARY,STATIONARY,STATIONARY,STATIONARY,STATIONARY,STATIONARY,STATIONARY,MOVING,MOVING
19002,548,3,STILL,0.13637266,0.00096625,0.00708535,0.00784251,0.01075460,0.00879381,0.01549161,0.00865747,0.00884955,0.03196024,0.03384249,RELIABLE,RELIABLE,RELIABLE,RELIABLE,RELIABLE,RELIABLE,RELIABLE,RELIABLE,STATIONARY,STATIONARY,STATIONARY,STATIONARY,STATIONARY,STATIONARY,STATIONARY,MOVING,MOVING
19034,549,3,STILL,0.13622216,0.00121406,0.00891234,0.00840580,0.01189865,0.00975753,0.01649870,0.00901791,0.00979648,0.03786653,0.03647163,RELIABLE,RELIABLE,RELIABLE,RELIABLE,RELIABLE,RELIABLE,RELIABLE,RELIABLE,STATIONARY,STATIONARY,STATIONARY,STATIONARY,STATIONARY,STATIONARY,STATIONARY,MOVING,MOVING
19065,550,3,STILL,0.13579625,0.00094934,0.00699089,0.00871743,0.01171296,0.00957308,0.01721368,0.00906917,0.00993582,0.03922475,0.03786189,RELIABLE,RELIABLE,RELIABLE,RELIABLE,RELIABLE,RELIABLE,RELIABLE,RELIABLE,STATIONARY,STATIONARY,STATIONARY,STATIONARY,STATIONARY,STATIONARY,STATIONARY,MOVING,MOVING
19098,551,3,STILL,0.13587009,0.00132610,0.00976009,0.00922001,0.01233997,0.01019379,0.01441730,0.01015951,0.01011741,0.04106078,0.03642178,RELIABLE,RELIABLE,RELIABLE,RELIABLE,RELIABLE,RELIABLE,RELIABLE,RELIABLE,STATIONARY,STATIONARY,STATIONARY,STATIONARY,STATIONARY,STATIONARY,MOVING,MOVING,MOVING
19129,552,3,STILL,0.13535228,0.00206463,0.01525377,0.00981114,0.01201836,0.00968396,0.01414082,0.01026179,0.01067735,0.03830238,0.03150838,RELIABLE,RELIABLE,RELIABLE,RELIABLE,RELIABLE,RELIABLE,RELIABLE,RELIABLE,STATIONARY,STATIONARY,STATIONARY,STATIONARY,STATIONARY,STATIONARY,MOVING,MOVING,MOVING
19161,553,3,STILL,0.13453819,0.00167066,0.01241771,0.01084669,0.01272628,0.01066669,0.01528466,0.01124601,0.01099825,0.03947181,0.03337937,RELIABLE,RELIABLE,RELIABLE,RELIABLE,RELIABLE,RELIABLE,RELIABLE,RELIABLE,STATIONARY,STATIONARY,STATIONARY,STATIONARY,STATIONARY,STATIONARY,MOVING,MOVING,MOVING
19210,554,3,STILL,0.13396158,0.00142510,0.01063815,0.01103293,0.01391559,0.01256965,0.01502647,0.01142545,0.01240050,0.04094756,0.03657554,RELIABLE,RELIABLE,RELIABLE,RELIABLE,RELIABLE,RELIABLE,RELIABLE,RELIABLE,STATIONARY,STATIONARY,STATIONARY,STATIONARY,STATIONARY,STATIONARY,MOVING,MOVING,MOVING
19241,555,3,STILL,0.13377752,0.00244714,0.01829259,0.01116886,0.01611116,0.01423696,0.01623652,0.01288794,0.01304424,0.04324991,0.03634973,RELIABLE,RELIABLE,RELIABLE,RELIABLE,RELIABLE,RELIABLE,RELIABLE,RELIABLE,STATIONARY,STATIONARY,STATIONARY,STATIONARY,STATIONARY,STATIONARY,MOVING,MOVING,MOVING
19273,556,3,STILL,0.13326332,0.00202849,0.01522169,0.01218590,0.01871055,0.01778572,0.01554753,0.01531661,0.01332263,0.04138343,0.03533483,RELIABLE,RELIABLE,RELIABLE,RELIABLE,RELIABLE,RELIABLE,RELIABLE,RELIABLE,STATIONARY,STATIONARY,STATIONARY,STATIONARY,STATIONARY,STATIONARY,MOVING,MOVING,MOVING
19313,557,3,STILL,0.13364559,0.00258168,0.01931737,0.01348653,0.02129161,0.02165264,0.01872714,0.01809489,0.01407329,0.03576222,0.03509514,RELIABLE,RELIABLE,RELIABLE,RELIABLE,RELIABLE,RELIABLE,RELIABLE,RELIABLE,STATIONARY,STATIONARY,STATIONARY,STATIONARY,STATIONARY,STATIONARY,MOVING,MOVING,MOVING
19345,558,3,STILL,0.13278286,0.00263548,0.01984806,0.01509368,0.02457886,0.02549727,0.01851872,0.02069768,0.01502932,0.03492812,0.03638312,RELIABLE,RELIABLE,RELIABLE,RELIABLE,RELIABLE,RELIABLE,RELIABLE,RELIABLE,STATIONARY,STATIONARY,STATIONARY,STATIONARY,STATIONARY,STATIONARY,MOVING,MOVING,MOVING
19377,559,3,STILL,0.13255313,0.00194477,0.01467161,0.01570762,0.02678315,0.02761593,0.02059836,0.02218431,0.01506110,0.03472056,0.03509732,RELIABLE,RELIABLE,RELIABLE,RELIABLE,RELIABLE,RELIABLE,RELIABLE,RELIABLE,STATIONARY,STATIONARY,STATIONARY,STATIONARY,STATIONARY,STATIONARY,MOVING,MOVING,MOVING
19409,560,3,STILL,0.13172834,0.00352418,0.02675342,0.01714508,0.03205645,0.03292946,0.01991434,0.02555378,0.01483886,0.03409776,0.03461805,RELIABLE,RELIABLE,RELIABLE,RELIABLE,RELIABLE,RELIABLE,RELIABLE,RELIABLE,STATIONARY,STATIONARY,STATIONARY,STATIONARY,STATIONARY,STATIONARY,MOVING,MOVING,MOVING
19441,561,3,STILL,0.13132702,0.00259465,0.01975718,0.01806251,0.03513382,0.03589492,0.02063148,0.02977539,0.01608899,0.03747606,0.03627910,RELIABLE,RELIABLE,RELIABLE,RELIABLE,RELIABLE,RELIABLE,RELIABLE,RELIABLE,STATIONARY,STATIONARY,STATIONARY,STATIONARY,STATIONARY,STATIONARY,MOVING,MOVING,MOVING
19472,562,3,STILL,0.13111864,0.00226084,0.01724272,0.01888808,0.03767889,0.03768764,0.02148122,0.03389098,0.01591815,0.03361227,0.03212236,RELIABLE,RELIABLE,RELIABLE,RELIABLE,RELIABLE,RELIABLE,RELIABLE,RELIABLE,STATIONARY,STATIONARY,STATIONARY,STATIONARY,STATIONARY,STATIONARY,MOVING,MOVING,MOVING
19503,563,3,STILL,0.13100892,0.00198488,0.01515069,0.01849534,0.03696021,0.03804590,0.02218990,0.03554688,0.01666675,0.03147429,0.03173663,RELIABLE,RELIABLE,RELIABLE,RELIABLE,RELIABLE,RELIABLE,RELIABLE,RELIABLE,STATIONARY,STATIONARY,STATIONARY,STATIONARY,STATIONARY,STATIONARY,MOVING,MOVING,MOVING
19535,564,3,STILL,0.13025847,0.00410112,0.03148445,0.02052819,0.04157981,0.04176568,0.02393439,0.03549569,0.01843821,0.03876908,0.03784447,RELIABLE,RELIABLE,RELIABLE,RELIABLE,RELIABLE,RELIABLE,RELIABLE,RELIABLE,STATIONARY,STATIONARY,STATIONARY,STATIONARY,STATIONARY,STATIONARY,MOVING,MOVING,MOVING
19578,565,3,STILL,0.12990663,0.00253454,0.01951044,0.02055232,0.04316175,0.04236994,0.02209073,0.03581505,0.01901678,0.04109113,0.03847129,RELIABLE,RELIABLE,RELIABLE,RELIABLE,RELIABLE,RELIABLE,RELIABLE,RELIABLE,STATIONARY,STATIONARY,STATIONARY,STATIONARY,STATIONARY,STATIONARY,MOVING,MOVING,MOVING
19611,566,3,STILL,0.12960139,0.00207966,0.01604658,0.02007714,0.04384529,0.04225399,0.02233698,0.03543310,0.01903450,0.04150778,0.03605917,RELIABLE,RELIABLE,RELIABLE,RELIABLE,RELIABLE,RELIABLE,RELIABLE,RELIABLE,STATIONARY,STATIONARY,STATIONARY,STATIONARY,STATIONARY,STATIONARY,MOVING,MOVING,MOVING
19643,567,3,STILL,0.12896447,0.00256353,0.01987780,0.02072791,0.04543209,0.04390499,0.02243178,0.03525149,0.01945698,0.03929714,0.03543507,RELIABLE,RELIABLE,RELIABLE,RELIABLE,RELIABLE,RELIABLE,RELIABLE,RELIABLE,STATIONARY,STATIONARY,STATIONARY,STATIONARY,STATIONARY,STATIONARY,MOVING,MOVING,MOVING
19674,568,3,STILL,0.12899503,0.00212248,0.01645396,0.01944048,0.04354797,0.04203436,0.02310379,0.03338528,0.01899843,0.03883423,0.03570890,RELIABLE,RELIABLE,RELIABLE,RELIABLE,RELIABLE,RELIABLE,PARTIAL,RELIABLE,STATIONARY,STATIONARY,STATIONARY,STATIONARY,STATIONARY,STATIONARY,MOVING,MOVING,MOVING
19706,569,3,STILL,0.12889288,0.00278619,0.02161635,0.01967287,0.04483915,0.04215108,0.02133160,0.03112642,0.01825805,0.03234900,0.03328044,RELIABLE,RELIABLE,RELIABLE,RELIABLE,RELIABLE,RELIABLE,RELIABLE,RELIABLE,STATIONARY,STATIONARY,STATIONARY,STATIONARY,STATIONARY,STATIONARY,MOVING,MOVING,MOVING
19738,570,3,STILL,0.12902286,0.00151239,0.01172190,0.01898277,0.04171568,0.04027969,0.02203297,0.02781500,0.01741106,0.03218671,0.03118231,RELIABLE,RELIABLE,RELIABLE,RELIABLE,RELIABLE,RELIABLE,RELIABLE,RELIABLE,STATIONARY,STATIONARY,STATIONARY,STATIONARY,STATIONARY,STATIONARY,MOVING,MOVING,MOVING
19769,571,3,STILL,0.12925966,0.00210398,0.01627716,0.01912358,0.04231172,0.04017917,0.02143430,0.02589348,0.01670912,0.03170971,0.02926088,RELIABLE,RELIABLE,RELIABLE,RELIABLE,RELIABLE,RELIABLE,RELIABLE,RELIABLE,STATIONARY,STATIONARY,STATIONARY,STATIONARY,STATIONARY,STATIONARY,MOVING,MOVING,MOVING
19802,572,3,STILL,0.12910602,0.00139782,0.01082694,0.01654139,0.03688770,0.03493974,0.02161901,0.02411348,0.01546755,0.02367860,0.02409319,RELIABLE,RELIABLE,RELIABLE,RELIABLE,RELIABLE,RELIABLE,RELIABLE,RELIABLE,STATIONARY,STATIONARY,STATIONARY,STATIONARY,STATIONARY,STATIONARY,MOVING,MOVING,MOVING
19834,573,3,STILL,0.12929807,0.00109014,0.00843123,0.01515649,0.03305913,0.03124953,0.02166009,0.02134830,0.01398067,0.01907680,0.01916949,RELIABLE,RELIABLE,RELIABLE,RELIABLE,RELIABLE,RELIABLE,RELIABLE,RELIABLE,STATIONARY,STATIONARY,STATIONARY,STATIONARY,STATIONARY,STATIONARY,MOVING,MOVING,MOVING
19866,574,3,STILL,0.12955585,0.00103596,0.00799626,0.01415020,0.03069851,0.02934459,0.02205807,0.02052096,0.01398275,0.01937983,0.01979713,RELIABLE,RELIABLE,RELIABLE,RELIABLE,RELIABLE,RELIABLE,RELIABLE,RELIABLE,STATIONARY,STATIONARY,STATIONARY,STATIONARY,STATIONARY,STATIONARY,MOVING,MOVING,MOVING
19898,575,3,STILL,0.12953136,0.00140609,0.01085521,0.01302238,0.02694909,0.02691740,0.02109741,0.01939185,0.01404302,0.01773716,0.02194704,RELIABLE,RELIABLE,RELIABLE,RELIABLE,RELIABLE,RELIABLE,RELIABLE,RELIABLE,STATIONARY,STATIONARY,STATIONARY,STATIONARY,STATIONARY,STATIONARY,MOVING,MOVING,MOVING
19930,576,3,STILL,0.12923027,0.00160997,0.01245817,0.01252290,0.02446129,0.02503058,0.01973879,0.01964932,0.01380209,0.02512340,0.02698069,RELIABLE,RELIABLE,RELIABLE,RELIABLE,RELIABLE,RELIABLE,RELIABLE,RELIABLE,STATIONARY,STATIONARY,STATIONARY,STATIONARY,STATIONARY,STATIONARY,STATIONARY,MOVING,MOVING
19978,577,3,STILL,0.12888703,0.00182836,0.01418579,0.01159408,0.02162250,0.02323109,0.01950367,0.01833002,0.01402530,0.02699736,0.02598928,RELIABLE,RELIABLE,RELIABLE,RELIABLE,RELIABLE,RELIABLE,RELIABLE,RELIABLE,STATIONARY,STATIONARY,STATIONARY,STATIONARY,STATIONARY,STATIONARY,STATIONARY,MOVING,MOVING
20010,578,3,STILL,0.12891507,0.00143590,0.01113833,0.01152114,0.02278417,0.02370267,0.01891502,0.01779908,0.01386119,0.02466240,0.02374087,RELIABLE,RELIABLE,RELIABLE,RELIABLE,RELIABLE,RELIABLE,PARTIAL,RELIABLE,STATIONARY,STATIONARY,STATIONARY,STATIONARY,STATIONARY,STATIONARY,STATIONARY,MOVING,MOVING
20043,579,3,STILL,0.12873242,0.00134473,0.01044597,0.01079224,0.02055328,0.02140068,0.01789418,0.01848697,0.01391547,0.02399918,0.02464763,RELIABLE,RELIABLE,RELIABLE,RELIABLE,RELIABLE,RELIABLE,RELIABLE,RELIABLE,STATIONARY,STATIONARY,STATIONARY,STATIONARY,STATIONARY,STATIONARY,STATIONARY,STATIONARY,STATIONARY
20074,580,3,STILL,0.12839561,0.00096506,0.00751631,0.01037841,0.01990207,0.02111337,0.01692457,0.01851620,0.01323081,0.02373941,0.02459224,RELIABLE,RELIABLE,RELIABLE,RELIABLE,RELIABLE,RELIABLE,RELIABLE,RELIABLE,STATIONARY,STATIONARY,STATIONARY,STATIONARY,STATIONARY,STATIONARY,STATIONARY,STATIONARY,STATIONARY
20106,581,3,STILL,0.12775878,0.00128352,0.01004640,0.01058031,0.01989269,0.02124412,0.01579025,0.01866987,0.01358817,0.02709827,0.02845703,RELIABLE,RELIABLE,RELIABLE,RELIABLE,RELIABLE,RELIABLE,RELIABLE,RELIABLE,STATIONARY,STATIONARY,STATIONARY,STATIONARY,STATIONARY,STATIONARY,STATIONARY,STATIONARY,STATIONARY
20138,582,3,STILL,0.12698961,0.00118059,0.00929676,0.01074287,0.01875327,0.02094411,0.01405153,0.01790611,0.01315535,0.03168485,0.03006158,RELIABLE,RELIABLE,RELIABLE,RELIABLE,RELIABLE,RELIABLE,RELIABLE,RELIABLE,STATIONARY,STATIONARY,STATIONARY,STATIONARY,STATIONARY,STATIONARY,STATIONARY,STATIONARY,STATIONARY
20170,583,3,STILL,0.12655598,0.00074211,0.00586390,0.01011895,0.01844207,0.01940140,0.01368817,0.01755572,0.01247835,0.03105342,0.02845188,RELIABLE,RELIABLE,RELIABLE,RELIABLE,RELIABLE,RELIABLE,RELIABLE,RELIABLE,STATIONARY,STATIONARY,STATIONARY,STATIONARY,STATIONARY,STATIONARY,STATIONARY,STATIONARY,STATIONARY
20202,584,3,STILL,0.12643215,0.00106812,0.00844820,0.00961771,0.01836800,0.01811842,0.01346561,0.01539255,0.01228514,0.02476066,0.02281271,RELIABLE,RELIABLE,RELIABLE,RELIABLE,RELIABLE,RELIABLE,RELIABLE,RELIABLE,STATIONARY,STATIONARY,STATIONARY,STATIONARY,STATIONARY,STATIONARY,STATIONARY,STATIONARY,STATIONARY
20234,585,3,STILL,0.12611343,0.00079033,0.00626682,0.00862784,0.01599956,0.01574737,0.01351962,0.01392893,0.01180977,0.02368089,0.02472521,RELIABLE,RELIABLE,RELIABLE,RELIABLE,RELIABLE,RELIABLE,RELIABLE,RELIABLE,STATIONARY,STATIONARY,STATIONARY,STATIONARY,STATIONARY,STATIONARY,STATIONARY,STATIONARY,STATIONARY
20274,586,3,STILL,0.12626072,0.00049574,0.00392635,0.00772634,0.01380015,0.01363464,0.01214027,0.01362743,0.01172050,0.02464244,0.02791354,RELIABLE,RELIABLE,RELIABLE,RELIABLE,RELIABLE,RELIABLE,RELIABLE,RELIABLE,STATIONARY,STATIONARY,STATIONARY,STATIONARY,STATIONARY,STATIONARY,STATIONARY,STATIONARY,STATIONARY
20305,587,3,STILL,0.12616510,0.00056619,0.00448770,0.00698156,0.01212167,0.01211670,0.01142347,0.01293053,0.01105778,0.02517834,0.02954485,RELIABLE,RELIABLE,RELIABLE,RELIABLE,RELIABLE,RELIABLE,RELIABLE,RELIABLE,STATIONARY,STATIONARY,STATIONARY,STATIONARY,STATIONARY,STATIONARY,STATIONARY,STATIONARY,STATIONARY
20346,588,3,STILL,0.12603750,0.00043583,0.00345797,0.00647426,0.01039990,0.01020842,0.01026567,0.01134169,0.01072499,0.02764629,0.02789830,RELIABLE,RELIABLE,RELIABLE,RELIABLE,RELIABLE,RELIABLE,RELIABLE,RELIABLE,STATIONARY,STATIONARY,STATIONARY,STATIONARY,STATIONARY,STATIONARY,STATIONARY,STATIONARY,STATIONARY
20384,589,3,STILL,0.12623097,0.00093785,0.00742963,0.00614717,0.00927014,0.00861183,0.01027640,0.01099459,0.01084713,0.02730807,0.02687814,RELIABLE,RELIABLE,RELIABLE,RELIABLE,RELIABLE,RELIABLE,RELIABLE,RELIABLE,STATIONARY,STATIONARY,STATIONARY,STATIONARY,STATIONARY,STATIONARY,STATIONARY,STATIONARY,STATIONARY
20415,590,3,STILL,0.12598068,0.00067955,0.00539409,0.00565933,0.00887570,0.00755091,0.01097492,0.00995272,0.01070721,0.02169934,0.02740859,RELIABLE,RELIABLE,RELIABLE,RELIABLE,RELIABLE,RELIABLE,RELIABLE,RELIABLE,STATIONARY,STATIONARY,STATIONARY,STATIONARY,STATIONARY,STATIONARY,STATIONARY,STATIONARY,STATIONARY
20447,591,3,STILL,0.12556588,0.00128820,0.01025914,0.00620874,0.00889887,0.00794122,0.01095953,0.00948688,0.01051346,0.02367984,0.02881070,RELIABLE,RELIABLE,RELIABLE,RELIABLE,RELIABLE,RELIABLE,RELIABLE,RELIABLE,STATIONARY,STATIONARY,STATIONARY,STATIONARY,STATIONARY,STATIONARY,STATIONARY,STATIONARY,STATIONARY
20479,592,3,STILL,0.12521706,0.00066660,0.00532354,0.00581816,0.00794849,0.00732351,0.01015614,0.00929486,0.01012705,0.02643484,0.02967983,RELIABLE,RELIABLE,RELIABLE,RELIABLE,RELIABLE,RELIABLE,RELIABLE,RELIABLE,STATIONARY,STATIONARY,STATIONARY,STATIONARY,STATIONARY,STATIONARY,STATIONARY,STATIONARY,STATIONARY
20510,593,3,STILL,0.12480327,0.00056207,0.00450364,0.00559776,0.00769812,0.00704286,0.00903493,0.00878655,0.00968393,0.02701335,0.03012516,RELIABLE,RELIABLE,RELIABLE,RELIABLE,RELIABLE,RELIABLE,RELIABLE,RELIABLE,STATIONARY,STATIONARY,STATIONARY,STATIONARY,STATIONARY,STATIONARY,STATIONARY,STATIONARY,STATIONARY
20541,594,3,STILL,0.12439351,0.00082339,0.00661921,0.00593437,0.00788474,0.00701559,0.01027418,0.00844585,0.01004851,0.02718416,0.02804546,RELIABLE,RELIABLE,RELIABLE,RELIABLE,RELIABLE,RELIABLE,RELIABLE,RELIABLE,STATIONARY,STATIONARY,STATIONARY,STATIONARY,STATIONARY,STATIONARY,STATIONARY,STATIONARY,STATIONARY
20572,595,3,STILL,0.12403745,0.00101513,0.00818404,0.00639641,0.00843524,0.00738867,0.01028839,0.00753149,0.01062456,0.02980801,0.02555101,RELIABLE,RELIABLE,RELIABLE,RELIABLE,RELIABLE,RELIABLE,RELIABLE,RELIABLE,STATIONARY,STATIONARY,STATIONARY,STATIONARY,STATIONARY,STATIONARY,STATIONARY,STATIONARY,STATIONARY
20604,596,3,STILL,0.12370018,0.00141710,0.01145591,0.00739615,0.00995990,0.00896221,0.01083453,0.00736596,0.01046987,0.03254373,0.02780468,RELIABLE,RELIABLE,RELIABLE,RELIABLE,RELIABLE,RELIABLE,RELIABLE,RELIABLE,STATIONARY,STATIONARY,STATIONARY,STATIONARY,STATIONARY,STATIONARY,STATIONARY,STATIONARY,STATIONARY
20636,597,3,STILL,0.12360085,0.00061637,0.00498678,0.00709079,0.01023515,0.00961140,0.00923486,0.00684370,0.00922214,0.03135500,0.02614487,RELIABLE,RELIABLE,RELIABLE,RELIABLE,RELIABLE,RELIABLE,RELIABLE,RELIABLE,STATIONARY,STATIONARY,STATIONARY,STATIONARY,STATIONARY,STATIONARY,STATIONARY,STATIONARY,STATIONARY
20668,598,3,STILL,0.12320393,0.00091281,0.00740894,0.00734265,0.01079399,0.00973057,0.00813976,0.00679533,0.00882075,0.03159322,0.02572711,RELIABLE,RELIABLE,RELIABLE,RELIABLE,RELIABLE,RELIABLE,RELIABLE,RELIABLE,STATIONARY,STATIONARY,STATIONARY,STATIONARY,STATIONARY,STATIONARY,STATIONARY,STATIONARY,STATIONARY
20700,599,3,STILL,0.12317011,0.00074624,0.00605858,0.00681758,0.01010709,0.00888218,0.00699724,0.00655615,0.00818858,0.02853276,0.02369548,RELIABLE,RELIABLE,RELIABLE,RELIABLE,RELIABLE,RELIABLE,RELIABLE,RELIABLE,STATIONARY,STATIONARY,STATIONARY,STATIONARY,STATIONARY,STATIONARY,STATIONARY,STATIONARY,STATIONARY
20746,600,3,STILL,0.12339002,0.00150750,0.01221736,0.00767931,0.01133546,0.00966938,0.00719709,0.00786708,0.00834938,0.02643824,0.02329506,RELIABLE,RELIABLE,RELIABLE,RELIABLE,RELIABLE,RELIABLE,RELIABLE,RELIABLE,STATIONARY,STATIONARY,STATIONARY,STATIONARY,STATIONARY,STATIONARY,STATIONARY,STATIONARY,STATIONARY
20777,601,3,STILL,0.12372574,0.00093190,0.00753200,0.00805785,0.01180710,0.01022593,0.00699233,0.00802825,0.00793102,0.02627972,0.02280306,RELIABLE,RELIABLE,RELIABLE,RELIABLE,RELIABLE,RELIABLE,RELIABLE,RELIABLE,STATIONARY,STATIONARY,STATIONARY,STATIONARY,STATIONARY,STATIONARY,STATIONARY,STATIONARY,STATIONARY
20810,602,3,STILL,0.12387814,0.00079327,0.00640364,0.00803091,0.01142225,0.01049719,0.00620853,0.00877430,0.00778893,0.02747650,0.02428410,RELIABLE,RELIABLE,RELIABLE,RELIABLE,RELIABLE,RELIABLE,RELIABLE,RELIABLE,STATIONARY,STATIONARY,STATIONARY,STATIONARY,STATIONARY,STATIONARY,STATIONARY,STATIONARY,STATIONARY
20842,603,3,STILL,0.12373127,0.00047113,0.00380768,0.00748386,0.01030728,0.01006790,0.00679100,0.00882499,0.00672929,0.02335976,0.02443866,RELIABLE,RELIABLE,RELIABLE,RELIABLE,RELIABLE,RELIABLE,RELIABLE,RELIABLE,STATIONARY,STATIONARY,STATIONARY,STATIONARY,STATIONARY,STATIONARY,STATIONARY,STATIONARY,STATIONARY
20874,604,3,STILL,0.12380390,0.00114277,0.00923050,0.00720569,0.01064419,0.01044105,0.00639810,0.00901941,0.00751539,0.02089613,0.02462285,RELIABLE,RELIABLE,RELIABLE,RELIABLE,RELIABLE,RELIABLE,RELIABLE,RELIABLE,STATIONARY,STATIONARY,STATIONARY,STATIONARY,STATIONARY,STATIONARY,STATIONARY,STATIONARY,STATIONARY
20905,605,3,STILL,0.12379045,0.00038485,0.00310892,0.00697095,0.01036679,0.00949832,0.00653933,0.00922958,0.00743997,0.01917104,0.02344301,RELIABLE,RELIABLE,RELIABLE,RELIABLE,RELIABLE,RELIABLE,RELIABLE,RELIABLE,STATIONARY,STATIONARY,STATIONARY,STATIONARY,STATIONARY,STATIONARY,STATIONARY,STATIONARY,STATIONARY
20937,606,3,STILL,0.12391553,0.00095480,0.00770524,0.00700799,0.01045738,0.00969243,0.00630905,0.00942166,0.00799083,0.02185771,0.02302777,RELIABLE,RELIABLE,RELIABLE,RELIABLE,RELIABLE,RELIABLE,RELIABLE,RELIABLE,STATIONARY,STATIONARY,STATIONARY,STATIONARY,STATIONARY,STATIONARY,STATIONARY,STATIONARY,STATIONARY
20969,607,3,STILL,0.12398227,0.00070961,0.00572347,0.00696610,0.00975379,0.00996070,0.00674666,0.00991729,0.00830618,0.02166002,0.02436051,RELIABLE,RELIABLE,RELIABLE,RELIABLE,RELIABLE,RELIABLE,RELIABLE,RELIABLE,STATIONARY,STATIONARY,STATIONARY,STATIONARY,STATIONARY,STATIONARY,STATIONARY,STATIONARY,STATIONARY
21002,608,3,STILL,0.12418215,0.00106708,0.00859289,0.00651304,0.00889810,0.00979238,0.00682820,0.00933885,0.00840686,0.02023171,0.02443114,RELIABLE,RELIABLE,RELIABLE,RELIABLE,RELIABLE,RELIABLE,RELIABLE,RELIABLE,STATIONARY,STATIONARY,STATIONARY,STATIONARY,STATIONARY,STATIONARY,STATIONARY,STATIONARY,STATIONARY
21033,609,3,STILL,0.12429388,0.00125993,0.01013669,0.00683863,0.01003426,0.01039566,0.00673234,0.00894037,0.00822925,0.01980313,0.02238996,RELIABLE,RELIABLE,RELIABLE,RELIABLE,RELIABLE,RELIABLE,RELIABLE,RELIABLE,STATIONARY,STATIONARY,STATIONARY,STATIONARY,STATIONARY,STATIONARY,STATIONARY,STATIONARY,STATIONARY
21065,610,3,STILL,0.12411046,0.00082912,0.00668049,0.00687324,0.00938810,0.00977029,0.00703325,0.00899960,0.00843470,0.02177884,0.02153249,RELIABLE,RELIABLE,RELIABLE,RELIABLE,RELIABLE,RELIABLE,RELIABLE,RELIABLE,STATIONARY,STATIONARY,STATIONARY,STATIONARY,STATIONARY,STATIONARY,STATIONARY,STATIONARY,STATIONARY
21113,611,3,STILL,0.12415234,0.00051877,0.00417847,0.00691958,0.00969939,0.00949621,0.00668119,0.01002897,0.00839824,0.02266089,0.02062024,RELIABLE,RELIABLE,RELIABLE,RELIABLE,RELIABLE,RELIABLE,RELIABLE,RELIABLE,STATIONARY,STATIONARY,STATIONARY,STATIONARY,STATIONARY,STATIONARY,STATIONARY,STATIONARY,STATIONARY
21146,612,3,STILL,0.12412308,0.00111580,0.00898943,0.00688945,0.00915910,0.00841791,0.00718800,0.01010489,0.00796401,0.02108776,0.01740860,RELIABLE,RELIABLE,RELIABLE,RELIABLE,RELIABLE,RELIABLE,RELIABLE,RELIABLE,STATIONARY,STATIONARY,STATIONARY,STATIONARY,STATIONARY,STATIONARY,STATIONARY,STATIONARY,STATIONARY
21185,613,3,STILL,0.12408355,0.00055790,0.00449614,0.00706285,0.00944709,0.00895830,0.00714572,0.00965882,0.00775367,0.02146257,0.01659165,RELIABLE,RELIABLE,RELIABLE,RELIABLE,RELIABLE,RELIABLE,RELIABLE,RELIABLE,STATIONARY,STATIONARY,STATIONARY,STATIONARY,STATIONARY,STATIONARY,STATIONARY,STATIONARY,STATIONARY
21217,614,3,STILL,0.12432938,0.00101220,0.00814130,0.00711736,0.00915146,0.00893434,0.00740442,0.01031351,0.00709618,0.01878905,0.01521117,RELIABLE,RELIABLE,RELIABLE,RELIABLE,RELIABLE,RELIABLE,RELIABLE,RELIABLE,STATIONARY,STATIONARY,STATIONARY,STATIONARY,STATIONARY,STATIONARY,STATIONARY,STATIONARY,STATIONARY
21251,615,3,STILL,0.12445804,0.00211046,0.01695721,0.00852158,0.01260661,0.01201281,0.00757695,0.01050124,0.00737928,0.02095815,0.01536536,RELIABLE,RELIABLE,RELIABLE,RELIABLE,RELIABLE,RELIABLE,RELIABLE,RELIABLE,STATIONARY,STATIONARY,STATIONARY,STATIONARY,STATIONARY,STATIONARY,STATIONARY,STATIONARY,STATIONARY
21281,616,3,STILL,0.12459124,0.00057808,0.00463984,0.00802745,0.01191527,0.01130858,0.00738848,0.00992356,0.00655134,0.02175915,0.01432346,RELIABLE,RELIABLE,RELIABLE,RELIABLE,RELIABLE,RELIABLE,RELIABLE,RELIABLE,STATIONARY,STATIONARY,STATIONARY,STATIONARY,STATIONARY,STATIONARY,STATIONARY,STATIONARY,STATIONARY
21312,617,3,STILL,0.12444709,0.00072898,0.00585772,0.00749257,0.01038703,0.01031215,0.00862764,0.01014003,0.00690475,0.02109382,0.01474323,RELIABLE,RELIABLE,RELIABLE,RELIABLE,RELIABLE,RELIABLE,RELIABLE,RELIABLE,STATIONARY,STATIONARY,STATIONARY,STATIONARY,STATIONARY,STATIONARY,STATIONARY,STATIONARY,STATIONARY
21344,618,3,STILL,0.12393162,0.00113234,0.00913685,0.00779962,0.01199936,0.01055297,0.00800146,0.01001906,0.00621704,0.01987045,0.01409557,RELIABLE,RELIABLE,RELIABLE,RELIABLE,RELIABLE,RELIABLE,RELIABLE,RELIABLE,STATIONARY,STATIONARY,STATIONARY,STATIONARY,STATIONARY,STATIONARY,STATIONARY,STATIONARY,STATIONARY
21376,619,3,STILL,0.12383580,0.00082033,0.00662434,0.00810535,0.01264164,0.01105907,0.00837362,0.00875996,0.00635898,0.02016729,0.01509374,RELIABLE,RELIABLE,RELIABLE,RELIABLE,RELIABLE,RELIABLE,RELIABLE,RELIABLE,STATIONARY,STATIONARY,STATIONARY,STATIONARY,STATIONARY,STATIONARY,STATIONARY,STATIONARY,STATIONARY
21408,620,3,STILL,0.12414867,0.00076436,0.00615679,0.00775127,0.01162250,0.01040756,0.00855052,0.00971917,0.00619024,0.01942424,0.01625545,RELIABLE,RELIABLE,RELIABLE,RELIABLE,RELIABLE,RELIABLE,RELIABLE,RELIABLE,STATIONARY,STATIONARY,STATIONARY,STATIONARY,STATIONARY,STATIONARY,STATIONARY,STATIONARY,STATIONARY
21440,621,3,STILL,0.12408546,0.00084396,0.00680145,0.00803944,0.01188890,0.01041751,0.00957375,0.01015069,0.00669992,0.01909306,0.01787534,RELIABLE,RELIABLE,RELIABLE,RELIABLE,RELIABLE,RELIABLE,RELIABLE,RELIABLE,STATIONARY,STATIONARY,STATIONARY,STATIONARY,STATIONARY,STATIONARY,STATIONARY,STATIONARY,STATIONARY
21471,622,3,STILL,0.12395336,0.00108402,0.00874536,0.00811494,0.01193870,0.00981657,0.00977296,0.00998318,0.00688279,0.02113542,0.01782731,RELIABLE,RELIABLE,RELIABLE,RELIABLE,RELIABLE,RELIABLE,RELIABLE,RELIABLE,STATIONARY,STATIONARY,STATIONARY,STATIONARY,STATIONARY,STATIONARY,STATIONARY,STATIONARY,STATIONARY
21513,623,3,STILL,0.12401737,0.00097648,0.00787376,0.00697951,0.00957236,0.00702578,0.00951054,0.00895414,0.00644118,0.02028907,0.01594525,RELIABLE,RELIABLE,RELIABLE,RELIABLE,RELIABLE,RELIABLE,RELIABLE,RELIABLE,STATIONARY,STATIONARY,STATIONARY,STATIONARY,STATIONARY,STATIONARY,STATIONARY,STATIONARY,STATIONARY
21550,624,3,STILL,0.12401452,0.00100950,0.00814015,0.00741705,0.00980985,0.00681388,0.00917888,0.00872806,0.00674978,0.02080220,0.01653383,RELIABLE,RELIABLE,RELIABLE,RELIABLE,RELIABLE,RELIABLE,RELIABLE,RELIABLE,STATIONARY,STATIONARY,STATIONARY,STATIONARY,STATIONARY,STATIONARY,STATIONARY,STATIONARY,STATIONARY
21581,625,3,STILL,0.12399596,0.00050475,0.00407068,0.00719367,0.00969770,0.00647409,0.00755537,0.00836731,0.00613077,0.02068891,0.01560606,RELIABLE,RELIABLE,RELIABLE,RELIABLE,RELIABLE,RELIABLE,RELIABLE,RELIABLE,STATIONARY,STATIONARY,STATIONARY,STATIONARY,STATIONARY,STATIONARY,STATIONARY,STATIONARY,STATIONARY
21613,626,3,STILL,0.12394135,0.00103331,0.00833709,0.00709370,0.00969569,0.00670827,0.00740799,0.00886010,0.00621929,0.01798024,0.01461668,RELIABLE,RELIABLE,RELIABLE,RELIABLE,RELIABLE,RELIABLE,RELIABLE,RELIABLE,STATIONARY,STATIONARY,STATIONARY,STATIONARY,STATIONARY,STATIONARY,STATIONARY,STATIONARY,STATIONARY
21644,627,3,STILL,0.12427457,0.00079607,0.00640574,0.00706638,0.00922211,0.00623948,0.00667902,0.00934839,0.00616096,0.01672964,0.01556512,RELIABLE,RELIABLE,RELIABLE,RELIABLE,RELIABLE,RELIABLE,RELIABLE,RELIABLE,STATIONARY,STATIONARY,STATIONARY,STATIONARY,STATIONARY,STATIONARY,STATIONARY,STATIONARY,STATIONARY
21675,628,3,STILL,0.12392821,0.00120067,0.00968846,0.00750783,0.01020569,0.00626537,0.00705879,0.00808905,0.00630294,0.01544471,0.01490172,RELIABLE,RELIABLE,RELIABLE,RELIABLE,RELIABLE,RELIABLE,RELIABLE,RELIABLE,STATIONARY,STATIONARY,STATIONARY,STATIONARY,STATIONARY,STATIONARY,STATIONARY,STATIONARY,STATIONARY
21706,629,3,STILL,0.12332194,0.00132356,0.01073255,0.00799922,0.01089680,0.00698907,0.00641103,0.00862194,0.00626096,0.01593919,0.01475425,RELIABLE,RELIABLE,RELIABLE,RELIABLE,RELIABLE,RELIABLE,RELIABLE,RELIABLE,STATIONARY,STATIONARY,STATIONARY,STATIONARY,STATIONARY,STATIONARY,STATIONARY,STATIONARY,STATIONARY
21738,630,3,STILL,0.12283631,0.00061251,0.00498640,0.00752935,0.01024050,0.00657793,0.00727106,0.00817470,0.00600156,0.01387999,0.01421309,RELIABLE,RELIABLE,RELIABLE,RELIABLE,RELIABLE,RELIABLE,RELIABLE,RELIABLE,STATIONARY,STATIONARY,STATIONARY,STATIONARY,STATIONARY,STATIONARY,STATIONARY,STATIONARY,STATIONARY
21770,631,3,STILL,0.12292217,0.00056117,0.00456526,0.00711579,0.00934056,0.00602029,0.00810613,0.00806167,0.00605388,0.01367924,0.01472752,RELIABLE,RELIABLE,RELIABLE,RELIABLE,RELIABLE,RELIABLE,RELIABLE,RELIABLE,STATIONARY,STATIONARY,STATIONARY,STATIONARY,STATIONARY,STATIONARY,STATIONARY,STATIONARY,STATIONARY
21801,632,3,STILL,0.12314335,0.00042736,0.00347040,0.00653207,0.00852560,0.00572122,0.00957951,0.00890402,0.00591178,0.01216321,0.01390969,RELIABLE,RELIABLE,RELIABLE,RELIABLE,RELIABLE,RELIABLE,RELIABLE,RELIABLE,STATIONARY,STATIONARY,STATIONARY,STATIONARY,STATIONARY,STATIONARY,STATIONARY,STATIONARY,STATIONARY
21833,633,3,STILL,0.12352763,0.00137562,0.01113616,0.00741526,0.00973416,0.00666421,0.01008029,0.00963798,0.00649233,0.01285423,0.01464912,RELIABLE,RELIABLE,RELIABLE,RELIABLE,RELIABLE,RELIABLE,RELIABLE,RELIABLE,STATIONARY,STATIONARY,STATIONARY,STATIONARY,STATIONARY,STATIONARY,STATIONARY,STATIONARY,STATIONARY
21865,634,3,STILL,0.12313202,0.00048737,0.00395812,0.00686789,0.00870102,0.00612553,0.01079344,0.00911764,0.00702856,0.01380199,0.01561271,RELIABLE,RELIABLE,RELIABLE,RELIABLE,RELIABLE,RELIABLE,RELIABLE,RELIABLE,STATIONARY,STATIONARY,STATIONARY,STATIONARY,STATIONARY,STATIONARY,STATIONARY,STATIONARY,STATIONARY
21914,635,3,STILL,0.12290446,0.00118270,0.00962295,0.00727004,0.00910899,0.00693900,0.01187842,0.00822770,0.00708106,0.01615438,0.01600732,RELIABLE,RELIABLE,RELIABLE,RELIABLE,RELIABLE,RELIABLE,RELIABLE,RELIABLE,STATIONARY,STATIONARY,STATIONARY,STATIONARY,STATIONARY,STATIONARY,STATIONARY,STATIONARY,STATIONARY
21941,636,3,STILL,0.12277667,0.00059135,0.00481648,0.00666104,0.00776974,0.00685469,0.01096474,0.00747608,0.00662930,0.01699054,0.01579394,RELIABLE,RELIABLE,RELIABLE,RELIABLE,RELIABLE,RELIABLE,RELIABLE,RELIABLE,STATIONARY,STATIONARY,STATIONARY,STATIONARY,STATIONARY,STATIONARY,STATIONARY,STATIONARY,STATIONARY
21973,637,3,STILL,0.12283019,0.00063561,0.00517472,0.00596631,0.00661976,0.00615120,0.01069212,0.00668219,0.00653216,0.02016266,0.01884637,RELIABLE,RELIABLE,RELIABLE,RELIABLE,RELIABLE,RELIABLE,RELIABLE,RELIABLE,STATIONARY,STATIONARY,STATIONARY,STATIONARY,STATIONARY,STATIONARY,STATIONARY,STATIONARY,STATIONARY
22009,638,3,STILL,0.12348480,0.00072990,0.00591084,0.00608187,0.00665152,0.00582949,0.00957852,0.00689455,0.00742453,0.02088525,0.02040187,RELIABLE,RELIABLE,RELIABLE,RELIABLE,RELIABLE,RELIABLE,RELIABLE,RELIABLE,STATIONARY,STATIONARY,STATIONARY,STATIONARY,STATIONARY,STATIONARY,STATIONARY,STATIONARY,STATIONARY
22042,639,3,STILL,0.12364807,0.00024651,0.00199363,0.00576041,0.00644921,0.00518624,0.00861839,0.00702385,0.00798128,0.02241766,0.02124558,RELIABLE,RELIABLE,RELIABLE,RELIABLE,RELIABLE,RELIABLE,RELIABLE,RELIABLE,STATIONARY,STATIONARY,STATIONARY,STATIONARY,STATIONARY,STATIONARY,STATIONARY,STATIONARY,STATIONARY
22083,640,3,STILL,0.12401679,0.00135925,0.01096019,0.00669664,0.00779555,0.00554035,0.00737284,0.00607270,0.00809606,0.02261018,0.02236107,RELIABLE,RELIABLE,RELIABLE,RELIABLE,RELIABLE,RELIABLE,RELIABLE,RELIABLE,STATIONARY,STATIONARY,STATIONARY,STATIONARY,STATIONARY,STATIONARY,STATIONARY,STATIONARY,STATIONARY
22114,641,3,STILL,0.12374886,0.00059610,0.00481702,0.00590674,0.00642476,0.00443171,0.00750522,0.00590113,0.00796260,0.02212004,0.02260413,RELIABLE,RELIABLE,RELIABLE,RELIABLE,RELIABLE,RELIABLE,RELIABLE,RELIABLE,STATIONARY,STATIONARY,STATIONARY,STATIONARY,STATIONARY,STATIONARY,STATIONARY,STATIONARY,STATIONARY
22146,642,3,STILL,0.12366822,0.00101286,0.00819012,0.00643575,0.00642501,0.00445352,0.00677080,0.00578238,0.00720379,0.02166351,0.02514123,RELIABLE,RELIABLE,RELIABLE,RELIABLE,RELIABLE,RELIABLE,RELIABLE,RELIABLE,STATIONARY,STATIONARY,STATIONARY,STATIONARY,STATIONARY,STATIONARY,STATIONARY,STATIONARY,STATIONARY
22176,643,3,STILL,0.12407439,0.00054263,0.00437345,0.00577956,0.00594334,0.00356719,0.00598281,0.00617333,0.00722570,0.02027184,0.02390747,RELIABLE,RELIABLE,RELIABLE,RELIABLE,RELIABLE,RELIABLE,RELIABLE,RELIABLE,STATIONARY,STATIONARY,STATIONARY,STATIONARY,STATIONARY,STATIONARY,STATIONARY,STATIONARY,STATIONARY
22208,644,3,STILL,0.12439968,0.00130506,0.01049087,0.00648886,0.00740751,0.00443721,0.00589491,0.00736368,0.00781273,0.02152294,0.02585632,RELIABLE,RELIABLE,RELIABLE,RELIABLE,RELIABLE,RELIABLE,RELIABLE,RELIABLE,STATIONARY,STATIONARY,STATIONARY,STATIONARY,STATIONARY,STATIONARY,STATIONARY,STATIONARY,STATIONARY
22239,645,3,STILL,0.12481649,0.00079464,0.00636651,0.00663783,0.00701381,0.00474939,0.00633800,0.00745910,0.00773010,0.01980311,0.02179243,RELIABLE,RELIABLE,RELIABLE,RELIABLE,RELIABLE,RELIABLE,RELIABLE,RELIABLE,STATIONARY,STATIONARY,STATIONARY,STATIONARY,STATIONARY,STATIONARY,STATIONARY,STATIONARY,STATIONARY
22282,646,3,STILL,0.12475599,0.00156763,0.01256557,0.00746967,0.00842743,0.00603778,0.00600911,0.00707558,0.00697545,0.01955505,0.02011718,RELIABLE,RELIABLE,RELIABLE,RELIABLE,RELIABLE,RELIABLE,RELIABLE,RELIABLE,STATIONARY,STATIONARY,STATIONARY,STATIONARY,STATIONARY,STATIONARY,STATIONARY,STATIONARY,STATIONARY
22318,647,3,STILL,0.12502915,0.00084692,0.00677376,0.00806719,0.00892893,0.00707892,0.00613378,0.00795536,0.00690624,0.02034203,0.02271802,RELIABLE,RELIABLE,RELIABLE,RELIABLE,RELIABLE,RELIABLE,RELIABLE,RELIABLE,STATIONARY,STATIONARY,STATIONARY,STATIONARY,STATIONARY,STATIONARY,STATIONARY,STATIONARY,STATIONARY
22350,648,3,STILL,0.12531803,0.00042346,0.00337907,0.00711955,0.00753061,0.00679231,0.00572115,0.00827567,0.00685822,0.02121910,0.02320951,RELIABLE,RELIABLE,RELIABLE,RELIABLE,RELIABLE,RELIABLE,RELIABLE,RELIABLE,STATIONARY,STATIONARY,STATIONARY,STATIONARY,STATIONARY,STATIONARY,STATIONARY,STATIONARY,STATIONARY
22381,649,3,STILL,0.12444510,0.00129117,0.01037539,0.00781434,0.00851902,0.00809123,0.00607835,0.00909255,0.00752721,0.02361852,0.02365207,RELIABLE,RELIABLE,RELIABLE,RELIABLE,RELIABLE,RELIABLE,RELIABLE,RELIABLE,STATIONARY,STATIONARY,STATIONARY,STATIONARY,STATIONARY,STATIONARY,STATIONARY,STATIONARY,STATIONARY
22413,650,3,STILL,0.12398658,0.00104125,0.00839807,0.00784034,0.00930838,0.00905182,0.00584058,0.00919158,0.00679691,0.02143015,0.01977673,RELIABLE,RELIABLE,RELIABLE,RELIABLE,RELIABLE,RELIABLE,RELIABLE,RELIABLE,STATIONARY,STATIONARY,STATIONARY,STATIONARY,STATIONARY,STATIONARY,STATIONARY,STATIONARY,STATIONARY
22444,651,3,STILL,0.12426394,0.00061186,0.00492384,0.00790914,0.00961476,0.01025570,0.00595693,0.00955595,0.00688706,0.02391997,0.02363839,RELIABLE,RELIABLE,RELIABLE,RELIABLE,RELIABLE,RELIABLE,RELIABLE,RELIABLE,STATIONARY,STATIONARY,STATIONARY,STATIONARY,STATIONARY,STATIONARY,STATIONARY,STATIONARY,STATIONARY
22475,652,3,STILL,0.12442480,0.00150754,0.01211611,0.00811229,0.00958881,0.01106006,0.00655964,0.00909404,0.00648189,0.02271383,0.02033312,RELIABLE,RELIABLE,RELIABLE,RELIABLE,RELIABLE,RELIABLE,RELIABLE,RELIABLE,STATIONARY,STATIONARY,STATIONARY,STATIONARY,STATIONARY,STATIONARY,STATIONARY,STATIONARY,STATIONARY
22507,653,3,STILL,0.12523194,0.00067115,0.00535925,0.00798638,0.00981550,0.01123412,0.00638201,0.01014374,0.00652918,0.02085773,0.02030269,RELIABLE,RELIABLE,RELIABLE,RELIABLE,RELIABLE,RELIABLE,RELIABLE,RELIABLE,STATIONARY,STATIONARY,STATIONARY,STATIONARY,STATIONARY,STATIONARY,STATIONARY,STATIONARY,STATIONARY
22539,654,3,STILL,0.12526122,0.00117538,0.00938345,0.00758862,0.00985263,0.01150991,0.00691227,0.01048839,0.00647735,0.02195488,0.02340964,RELIABLE,RELIABLE,RELIABLE,RELIABLE,RELIABLE,RELIABLE,RELIABLE,RELIABLE,STATIONARY,STATIONARY,STATIONARY,STATIONARY,STATIONARY,STATIONARY,STATIONARY,STATIONARY,STATIONARY
22571,655,3,STILL,0.12529205,0.00122444,0.00977269,0.00796348,0.01119365,0.01224844,0.00654712,0.01019890,0.00628401,0.01863884,0.01937355,RELIABLE,RELIABLE,RELIABLE,RELIABLE,RELIABLE,RELIABLE,RELIABLE,RELIABLE,STATIONARY,STATIONARY,STATIONARY,STATIONARY,STATIONARY,STATIONARY,STATIONARY,STATIONARY,STATIONARY
22602,656,3,STILL,0.12521974,0.00076262,0.00609024,0.00830238,0.01190200,0.01256212,0.00703113,0.01051474,0.00617803,0.01886273,0.01901689,RELIABLE,RELIABLE,RELIABLE,RELIABLE,RELIABLE,RELIABLE,RELIABLE,RELIABLE,STATIONARY,STATIONARY,STATIONARY,STATIONARY,STATIONARY,STATIONARY,STATIONARY,STATIONARY,STATIONARY
22633,657,3,STILL,0.12498367,0.00056326,0.00450667,0.00756879,0.01122197,0.01187398,0.00610395,0.00996246,0.00593749,0.01895375,0.02153374,RELIABLE,RELIABLE,RELIABLE,RELIABLE,RELIABLE,RELIABLE,RELIABLE,RELIABLE,STATIONARY,STATIONARY,STATIONARY,STATIONARY,STATIONARY,STATIONARY,STATIONARY,STATIONARY,STATIONARY
22682,658,3,STILL,0.12501402,0.00039969,0.00319719,0.00691868,0.01021534,0.01074620,0.00674593,0.00997167,0.00628696,0.01913966,0.02212088,RELIABLE,RELIABLE,RELIABLE,RELIABLE,RELIABLE,RELIABLE,RELIABLE,RELIABLE,STATIONARY,STATIONARY,STATIONARY,STATIONARY,STATIONARY,STATIONARY,STATIONARY,STATIONARY,STATIONARY
22712,659,3,STILL,0.12510506,0.00019985,0.00159743,0.00650288,0.00953372,0.00962369,0.00642024,0.00949458,0.00569846,0.01540278,0.01723414,RELIABLE,RELIABLE,RELIABLE,RELIABLE,RELIABLE,RELIABLE,RELIABLE,RELIABLE,STATIONARY,STATIONARY,STATIONARY,STATIONARY,STATIONARY,STATIONARY,STATIONARY,STATIONARY,STATIONARY
22744,660,3,STILL,0.12473060,0.00054032,0.00433189,0.00552985,0.00804408,0.00779372,0.00740058,0.01086501,0.00679202,0.01713953,0.02207711,RELIABLE,RELIABLE,RELIABLE,RELIABLE,RELIABLE,RELIABLE,RELIABLE,RELIABLE,STATIONARY,STATIONARY,STATIONARY,STATIONARY,STATIONARY,STATIONARY,STATIONARY,STATIONARY,STATIONARY
22776,661,3,STILL,0.12449152,0.00142612,0.01145559,0.00629189,0.00915545,0.00864409,0.00707101,0.01013318,0.00704182,0.01961019,0.02315947,RELIABLE,RELIABLE,RELIABLE,RELIABLE,RELIABLE,RELIABLE,RELIABLE,RELIABLE,STATIONARY,STATIONARY,STATIONARY,STATIONARY,STATIONARY,STATIONARY,STATIONARY,STATIONARY,STATIONARY
22809,662,3,STILL,0.12431954,0.00075882,0.00610381,0.00588194,0.00796783,0.00837014,0.00696765,0.01079678,0.00701448,0.01802404,0.01910404,RELIABLE,RELIABLE,RELIABLE,RELIABLE,RELIABLE,RELIABLE,RELIABLE,RELIABLE,STATIONARY,STATIONARY,STATIONARY,STATIONARY,STATIONARY,STATIONARY,STATIONARY,STATIONARY,STATIONARY
22842,663,3,STILL,0.12439550,0.00104061,0.00836536,0.00570602,0.00690133,0.00799608,0.00718342,0.01075205,0.00723188,0.01888803,0.01963579,RELIABLE,RELIABLE,RELIABLE,RELIABLE,RELIABLE,RELIABLE,RELIABLE,RELIABLE,STATIONARY,STATIONARY,STATIONARY,STATIONARY,STATIONARY,STATIONARY,STATIONARY,STATIONARY,STATIONARY
22874,664,3,STILL,0.12490870,0.00096010,0.00768642,0.00590554,0.00732697,0.00868820,0.00714911,0.01115348,0.00835055,0.02001095,0.01913559,RELIABLE,RELIABLE,RELIABLE,RELIABLE,RELIABLE,RELIABLE,RELIABLE,RELIABLE,STATIONARY,STATIONARY,STATIONARY,STATIONARY,STATIONARY,STATIONARY,STATIONARY,STATIONARY,STATIONARY
22905,665,3,STILL,0.12480321,0.00071240,0.00570818,0.00605573,0.00778505,0.00932875,0.00745278,0.01054077,0.00792523,0.01837931,0.01516452,RELIABLE,RELIABLE,RELIABLE,RELIABLE,RELIABLE,RELIABLE,RELIABLE,RELIABLE,STATIONARY,STATIONARY,STATIONARY,STATIONARY,STATIONARY,STATIONARY,STATIONARY,STATIONARY,STATIONARY
22937,666,3,STILL,0.12484376,0.00045930,0.00367897,0.00611596,0.00780475,0.00937176,0.00748765,0.01037518,0.00918870,0.02090048,0.01702468,RELIABLE,RELIABLE,RELIABLE,RELIABLE,RELIABLE,RELIABLE,RELIABLE,RELIABLE,STATIONARY,STATIONARY,STATIONARY,STATIONARY,STATIONARY,STATIONARY,STATIONARY,STATIONARY,STATIONARY
22969,667,3,STILL,0.12458562,0.00097953,0.00786233,0.00689907,0.00826970,0.01073790,0.00786668,0.01099314,0.01009055,0.02767101,0.02250117,RELIABLE,RELIABLE,RELIABLE,RELIABLE,RELIABLE,RELIABLE,RELIABLE,RELIABLE,STATIONARY,STATIONARY,STATIONARY,STATIONARY,STATIONARY,STATIONARY,STATIONARY,STATIONARY,STATIONARY
23002,668,3,STILL,0.12417373,0.00039963,0.00321829,0.00675987,0.00803612,0.01085221,0.00610563,0.01019871,0.00891636,0.02714233,0.02029133,RELIABLE,RELIABLE,RELIABLE,RELIABLE,RELIABLE,RELIABLE,RELIABLE,RELIABLE,STATIONARY,STATIONARY,STATIONARY,STATIONARY,STATIONARY,STATIONARY,STATIONARY,STATIONARY,STATIONARY
23050,669,3,STILL,0.12397937,0.00087897,0.00708965,0.00621413,0.00727939,0.01014409,0.00627505,0.00983174,0.00901056,0.02770668,0.02247209,RELIABLE,RELIABLE,RELIABLE,RELIABLE,RELIABLE,RELIABLE,RELIABLE,RELIABLE,STATIONARY,STATIONARY,STATIONARY,STATIONARY,STATIONARY,STATIONARY,STATIONARY,STATIONARY,STATIONARY
23090,670,3,STILL,0.12379255,0.00040398,0.00326336,0.00585907,0.00663270,0.00917695,0.00618583,0.00978234,0.01041372,0.02908900,0.02482223,RELIABLE,RELIABLE,RELIABLE,RELIABLE,RELIABLE,RELIABLE,PARTIAL,RELIABLE,STATIONARY,STATIONARY,STATIONARY,STATIONARY,STATIONARY,STATIONARY,STATIONARY,STATIONARY,STATIONARY
23121,671,3,STILL,0.12366101,0.00020199,0.00163341,0.00501758,0.00582157,0.00784926,0.00593552,0.00949099,0.01030183,0.02858001,0.02484001,RELIABLE,RELIABLE,RELIABLE,RELIABLE,RELIABLE,RELIABLE,PARTIAL,RELIABLE,STATIONARY,STATIONARY,STATIONARY,STATIONARY,STATIONARY,STATIONARY,STATIONARY,STATIONARY,STATIONARY
23153,672,3,STILL,0.12372520,0.00052476,0.00424136,0.00458694,0.00541398,0.00741609,0.00578294,0.00930817,0.00951756,0.02792120,0.02662890,RELIABLE,RELIABLE,RELIABLE,RELIABLE,RELIABLE,RELIABLE,RELIABLE,RELIABLE,STATIONARY,STATIONARY,STATIONARY,STATIONARY,STATIONARY,STATIONARY,STATIONARY,STATIONARY,STATIONARY
23185,673,3,STILL,0.12338987,0.00089081,0.00721947,0.00477586,0.00576216,0.00676172,0.00574000,0.01198440,0.01163269,0.02922225,0.02947978,RELIABLE,RELIABLE,RELIABLE,RELIABLE,RELIABLE,RELIABLE,RELIABLE,RELIABLE,STATIONARY,STATIONARY,STATIONARY,STATIONARY,STATIONARY,STATIONARY,STATIONARY,STATIONARY,STATIONARY
23217,674,3,STILL,0.12337839,0.00073596,0.00596505,0.00506161,0.00606110,0.00691807,0.00531117,0.01179687,0.01054848,0.02773972,0.02707123,RELIABLE,RELIABLE,RELIABLE,RELIABLE,RELIABLE,RELIABLE,RELIABLE,RELIABLE,STATIONARY,STATIONARY,STATIONARY,STATIONARY,STATIONARY,STATIONARY,STATIONARY,STATIONARY,STATIONARY
23249,675,3,STILL,0.12357206,0.00048180,0.00389893,0.00456619,0.00579149,0.00557538,0.00549959,0.01133173,0.01000785,0.02181508,0.02213856,RELIABLE,RELIABLE,RELIABLE,RELIABLE,RELIABLE,RELIABLE,RELIABLE,RELIABLE,STATIONARY,STATIONARY,STATIONARY,STATIONARY,STATIONARY,STATIONARY,STATIONARY,STATIONARY,STATIONARY
23280,676,3,STILL,0.12367191,0.00057158,0.00462176,0.00474162,0.00612015,0.00569039,0.00546063,0.01036721,0.01003003,0.02427833,0.02296884,RELIABLE,RELIABLE,RELIABLE,RELIABLE,RELIABLE,RELIABLE,RELIABLE,RELIABLE,STATIONARY,STATIONARY,STATIONARY,STATIONARY,STATIONARY,STATIONARY,STATIONARY,STATIONARY,STATIONARY
23311,677,3,STILL,0.12334559,0.00038776,0.00314368,0.00424838,0.00604211,0.00546005,0.00588227,0.01048191,0.00988182,0.02141031,0.02145603,RELIABLE,RELIABLE,RELIABLE,RELIABLE,RELIABLE,RELIABLE,RELIABLE,RELIABLE,STATIONARY,STATIONARY,STATIONARY,STATIONARY,STATIONARY,STATIONARY,STATIONARY,STATIONARY,STATIONARY
23342,678,3,STILL,0.12356404,0.00064119,0.00518915,0.00448910,0.00680877,0.00598536,0.00614052,0.00978368,0.00844756,0.01961805,0.02001516,RELIABLE,RELIABLE,RELIABLE,RELIABLE,RELIABLE,RELIABLE,RELIABLE,RELIABLE,STATIONARY,STATIONARY,STATIONARY,STATIONARY,STATIONARY,STATIONARY,STATIONARY,STATIONARY,STATIONARY
23373,679,3,STILL,0.12349800,0.00059488,0.00481693,0.00488704,0.00766467,0.00658229,0.00684855,0.01107779,0.00862256,0.01977840,0.02118265,RELIABLE,RELIABLE,RELIABLE,RELIABLE,RELIABLE,RELIABLE,RELIABLE,RELIABLE,STATIONARY,STATIONARY,STATIONARY,STATIONARY,STATIONARY,STATIONARY,STATIONARY,STATIONARY,STATIONARY
23404,680,3,STILL,0.12346612,0.00079319,0.00642436,0.00515992,0.00778619,0.00670369,0.00667336,0.01061639,0.00828726,0.02210214,0.02149451,RELIABLE,RELIABLE,RELIABLE,RELIABLE,RELIABLE,RELIABLE,RELIABLE,RELIABLE,STATIONARY,STATIONARY,STATIONARY,STATIONARY,STATIONARY,STATIONARY,STATIONARY,STATIONARY,STATIONARY
23450,681,3,STILL,0.12312745,0.00037729,0.00306419,0.00464051,0.00701440,0.00652830,0.00672133,0.00915485,0.00733258,0.02166025,0.02328026,RELIABLE,RELIABLE,RELIABLE,RELIABLE,RELIABLE,RELIABLE,RELIABLE,RELIABLE,STATIONARY,STATIONARY,STATIONARY,STATIONARY,STATIONARY,STATIONARY,STATIONARY,STATIONARY,STATIONARY
23483,682,3,STILL,0.12280035,0.00018864,0.00153618,0.00408690,0.00653533,0.00607538,0.00630974,0.00897541,0.00753617,0.02116296,0.02471038,RELIABLE,RELIABLE,RELIABLE,RELIABLE,RELIABLE,RELIABLE,RELIABLE,RELIABLE,STATIONARY,STATIONARY,STATIONARY,STATIONARY,STATIONARY,STATIONARY,STATIONARY,STATIONARY,STATIONARY
23515,683,3,STILL,0.12267641,0.00058340,0.00475560,0.00419398,0.00703230,0.00693791,0.00623480,0.00956101,0.00839099,0.02218988,0.02546527,RELIABLE,RELIABLE,RELIABLE,RELIABLE,RELIABLE,RELIABLE,RELIABLE,RELIABLE,STATIONARY,STATIONARY,STATIONARY,STATIONARY,STATIONARY,STATIONARY,STATIONARY,STATIONARY,STATIONARY
23547,684,3,STILL,0.12286367,0.00072284,0.00588327,0.00435167,0.00719005,0.00712945,0.00626110,0.01002227,0.00850721,0.01935965,0.02433259,RELIABLE,RELIABLE,RELIABLE,RELIABLE,RELIABLE,RELIABLE,RELIABLE,RELIABLE,STATIONARY,STATIONARY,STATIONARY,STATIONARY,STATIONARY,STATIONARY,STATIONARY,STATIONARY,STATIONARY
23579,685,3,STILL,0.12275530,0.00057319,0.00466936,0.00454238,0.00672012,0.00671209,0.00650143,0.00970939,0.00836982,0.02209509,0.02525962,RELIABLE,RELIABLE,RELIABLE,RELIABLE,RELIABLE,RELIABLE,RELIABLE,RELIABLE,STATIONARY,STATIONARY,STATIONARY,STATIONARY,STATIONARY,STATIONARY,STATIONARY,STATIONARY,STATIONARY
23611,686,3,STILL,0.12272212,0.00079006,0.00643780,0.00469846,0.00662807,0.00718436,0.00588411,0.00957482,0.00901557,0.02302051,0.02647993,RELIABLE,RELIABLE,RELIABLE,RELIABLE,RELIABLE,RELIABLE,RELIABLE,RELIABLE,STATIONARY,STATIONARY,STATIONARY,STATIONARY,STATIONARY,STATIONARY,STATIONARY,STATIONARY,STATIONARY
23642,687,3,STILL,0.12271634,0.00030041,0.00244803,0.00440235,0.00587215,0.00671376,0.00595848,0.00794626,0.00845038,0.02366637,0.02521258,RELIABLE,RELIABLE,RELIABLE,RELIABLE,RELIABLE,RELIABLE,RELIABLE,RELIABLE,STATIONARY,STATIONARY,STATIONARY,STATIONARY,STATIONARY,STATIONARY,STATIONARY,STATIONARY,STATIONARY
23675,688,3,STILL,0.12291206,0.00059614,0.00485016,0.00420557,0.00569753,0.00637068,0.00596100,0.00844381,0.00857927,0.01927887,0.02369026,RELIABLE,RELIABLE,RELIABLE,RELIABLE,RELIABLE,RELIABLE,RELIABLE,RELIABLE,STATIONARY,STATIONARY,STATIONARY,STATIONARY,STATIONARY,STATIONARY,STATIONARY,STATIONARY,STATIONARY
23706,689,3,STILL,0.12269164,0.00063218,0.00515263,0.00446663,0.00537382,0.00652005,0.00668357,0.00782450,0.00758415,0.01746432,0.02279625,RELIABLE,RELIABLE,RELIABLE,RELIABLE,RELIABLE,RELIABLE,RELIABLE,RELIABLE,STATIONARY,STATIONARY,STATIONARY,STATIONARY,STATIONARY,STATIONARY,STATIONARY,STATIONARY,STATIONARY
23738,690,3,STILL,0.12252994,0.00109634,0.00894754,0.00539305,0.00679457,0.00831741,0.00703296,0.00857445,0.00789205,0.01832951,0.02297199,RELIABLE,RELIABLE,RELIABLE,RELIABLE,RELIABLE,RELIABLE,RELIABLE,RELIABLE,STATIONARY,STATIONARY,STATIONARY,STATIONARY,STATIONARY,STATIONARY,STATIONARY,STATIONARY,STATIONARY
23769,691,3,STILL,0.12266217,0.00052150,0.00425148,0.00533003,0.00672996,0.00789240,0.00697849,0.00764691,0.00763769,0.01730111,0.02202937,RELIABLE,RELIABLE,RELIABLE,RELIABLE,RELIABLE,RELIABLE,RELIABLE,RELIABLE,STATIONARY,STATIONARY,STATIONARY,STATIONARY,STATIONARY,STATIONARY,STATIONARY,STATIONARY,STATIONARY
23818,692,3,STILL,0.12229998,0.00051069,0.00417575,0.00511659,0.00676178,0.00782829,0.00725453,0.00801744,0.00784296,0.01646555,0.02029350,RELIABLE,RELIABLE,RELIABLE,RELIABLE,RELIABLE,RELIABLE,PARTIAL,PARTIAL,STATIONARY,STATIONARY,STATIONARY,STATIONARY,STATIONARY,STATIONARY,STATIONARY,STATIONARY,STATIONARY
23850,693,3,STILL,0.12213526,0.00052342,0.00428560,0.00506862,0.00696881,0.00774341,0.00685148,0.00835672,0.00795162,0.01374466,0.01739278,RELIABLE,RELIABLE,RELIABLE,RELIABLE,RELIABLE,RELIABLE,RELIABLE,RELIABLE,STATIONARY,STATIONARY,STATIONARY,STATIONARY,STATIONARY,STATIONARY,STATIONARY,STATIONARY,STATIONARY
23880,694,3,STILL,0.12206448,0.00026171,0.00214404,0.00453190,0.00624680,0.00658012,0.00702492,0.00791817,0.00702927,0.01241523,0.01469495,RELIABLE,RELIABLE,RELIABLE,RELIABLE,RELIABLE,RELIABLE,RELIABLE,RELIABLE,STATIONARY,STATIONARY,STATIONARY,STATIONARY,STATIONARY,STATIONARY,STATIONARY,STATIONARY,STATIONARY
23912,695,3,STILL,0.12199412,0.00062612,0.00513241,0.00486745,0.00689593,0.00704289,0.00665466,0.00866562,0.00709690,0.01370458,0.01511121,RELIABLE,RELIABLE,RELIABLE,RELIABLE,RELIABLE,RELIABLE,RELIABLE,RELIABLE,STATIONARY,STATIONARY,STATIONARY,STATIONARY,STATIONARY,STATIONARY,STATIONARY,STATIONARY,STATIONARY
23944,696,3,STILL,0.12171970,0.00026801,0.00220183,0.00453641,0.00607578,0.00627970,0.00704549,0.00833120,0.00723435,0.01408687,0.01365290,RELIABLE,RELIABLE,RELIABLE,RELIABLE,RELIABLE,RELIABLE,RELIABLE,RELIABLE,STATIONARY,STATIONARY,STATIONARY,STATIONARY,STATIONARY,STATIONARY,STATIONARY,STATIONARY,STATIONARY
23976,697,3,STILL,0.12152517,0.00061667,0.00507446,0.00452664,0.00653242,0.00625020,0.00718078,0.00890932,0.00750992,0.01498015,0.01179989,RELIABLE,RELIABLE,RELIABLE,RELIABLE,RELIABLE,RELIABLE,RELIABLE,RELIABLE,STATIONARY,STATIONARY,STATIONARY,STATIONARY,STATIONARY,STATIONARY,STATIONARY,STATIONARY,STATIONARY
24009,698,3,STILL,0.12163979,0.00030754,0.00252828,0.00372423,0.00505813,0.00418679,0.00738232,0.00806806,0.00684411,0.01332081,0.01100328,RELIABLE,RELIABLE,RELIABLE,RELIABLE,RELIABLE,RELIABLE,RELIABLE,RELIABLE,STATIONARY,STATIONARY,STATIONARY,STATIONARY,STATIONARY,STATIONARY,STATIONARY,STATIONARY,STATIONARY
24041,699,3,STILL,0.12203244,0.00091850,0.00752666,0.00413363,0.00593059,0.00459434,0.00715916,0.00911795,0.00619342,0.01359626,0.01105455,RELIABLE,RELIABLE,RELIABLE,RELIABLE,RELIABLE,RELIABLE,RELIABLE,PARTIAL,STATIONARY,STATIONARY,STATIONARY,STATIONARY,STATIONARY,STATIONARY,STATIONARY,STATIONARY,STATIONARY
24073,700,3,STILL,0.12248106,0.00039977,0.00326393,0.00401965,0.00537997,0.00406178,0.00700246,0.00921484,0.00601740,0.01305276,0.01084073,RELIABLE,RELIABLE,RELIABLE,RELIABLE,RELIABLE,RELIABLE,RELIABLE,RELIABLE,STATIONARY,STATIONARY,STATIONARY,STATIONARY,STATIONARY,STATIONARY,STATIONARY,STATIONARY,STATIONARY
24106,701,3,STILL,0.12259838,0.00022904,0.00186820,0.00371748,0.00510738,0.00370265,0.00733764,0.00895507,0.00628942,0.01482100,0.01202543,RELIABLE,RELIABLE,RELIABLE,RELIABLE,RELIABLE,RELIABLE,RELIABLE,RELIABLE,STATIONARY,STATIONARY,STATIONARY,STATIONARY,STATIONARY,STATIONARY,STATIONARY,STATIONARY,STATIONARY
24146,702,3,STILL,0.12286273,0.00075123,0.00611441,0.00421377,0.00587589,0.00403495,0.00711045,0.01031756,0.00669234,0.01625222,0.01372812,RELIABLE,RELIABLE,RELIABLE,RELIABLE,RELIABLE,RELIABLE,RELIABLE,RELIABLE,STATIONARY,STATIONARY,STATIONARY,STATIONARY,STATIONARY,STATIONARY,STATIONARY,STATIONARY,STATIONARY
24178,703,3,STILL,0.12309266,0.00102957,0.00836419,0.00461774,0.00554261,0.00387573,0.00724125,0.00993978,0.00644039,0.01401699,0.01416022,RELIABLE,RELIABLE,RELIABLE,RELIABLE,RELIABLE,RELIABLE,RELIABLE,RELIABLE,STATIONARY,STATIONARY,STATIONARY,STATIONARY,STATIONARY,STATIONARY,STATIONARY,STATIONARY,STATIONARY
24217,704,3,STILL,0.12335725,0.00069764,0.00565545,0.00504945,0.00682857,0.00481520,0.00714901,0.00960252,0.00654403,0.01578270,0.01642758,RELIABLE,RELIABLE,RELIABLE,RELIABLE,RELIABLE,RELIABLE,RELIABLE,RELIABLE,STATIONARY,STATIONARY,STATIONARY,STATIONARY,STATIONARY,STATIONARY,STATIONARY,STATIONARY,STATIONARY
24256,705,3,STILL,0.12349855,0.00035889,0.00290602,0.00477839,0.00626968,0.00455908,0.00641664,0.00909568,0.00633048,0.01690667,0.01840788,RELIABLE,RELIABLE,RELIABLE,RELIABLE,RELIABLE,RELIABLE,RELIABLE,RELIABLE,STATIONARY,STATIONARY,STATIONARY,STATIONARY,STATIONARY,STATIONARY,STATIONARY,STATIONARY,STATIONARY
24287,706,3,STILL,0.12357381,0.00017944,0.00145213,0.00464387,0.00610906,0.00475596,0.00592734,0.00891034,0.00621895,0.01779677,0.01863664,RELIABLE,RELIABLE,RELIABLE,RELIABLE,RELIABLE,RELIABLE,RELIABLE,RELIABLE,STATIONARY,STATIONARY,STATIONARY,STATIONARY,STATIONARY,STATIONARY,STATIONARY,STATIONARY,STATIONARY
24319,707,3,STILL,0.12390315,0.00075209,0.00607000,0.00446179,0.00581423,0.00468447,0.00622625,0.00810227,0.00669981,0.01787047,0.01904088,RELIABLE,RELIABLE,RELIABLE,RELIABLE,RELIABLE,RELIABLE,RELIABLE,RELIABLE,STATIONARY,STATIONARY,STATIONARY,STATIONARY,STATIONARY,STATIONARY,STATIONARY,STATIONARY,STATIONARY
24350,708,3,STILL,0.12378541,0.00070451,0.00569136,0.00476522,0.00656530,0.00511477,0.00613455,0.00772812,0.00689401,0.01993808,0.01987671,RELIABLE,RELIABLE,RELIABLE,RELIABLE,RELIABLE,RELIABLE,RELIABLE,RELIABLE,STATIONARY,STATIONARY,STATIONARY,STATIONARY,STATIONARY,STATIONARY,STATIONARY,STATIONARY,STATIONARY
24381,709,3,STILL,0.12338949,0.00087922,0.00712559,0.00542239,0.00794819,0.00699926,0.00518142,0.00765961,0.00673103,0.02001662,0.02097109,RELIABLE,RELIABLE,RELIABLE,RELIABLE,RELIABLE,RELIABLE,RELIABLE,RELIABLE,STATIONARY,STATIONARY,STATIONARY,STATIONARY,STATIONARY,STATIONARY,STATIONARY,STATIONARY,STATIONARY
24411,710,3,STILL,0.12342575,0.00133871,0.01084632,0.00601388,0.00892611,0.00827462,0.00530280,0.00738406,0.00650445,0.01852848,0.02409138,RELIABLE,RELIABLE,RELIABLE,RELIABLE,RELIABLE,RELIABLE,RELIABLE,RELIABLE,STATIONARY,STATIONARY,STATIONARY,STATIONARY,STATIONARY,STATIONARY,STATIONARY,STATIONARY,STATIONARY
24444,711,3,STILL,0.12341945,0.00077872,0.00630954,0.00575705,0.00999915,0.00903008,0.00604074,0.00771179,0.00637058,0.01911113,0.02355992,RELIABLE,RELIABLE,RELIABLE,RELIABLE,RELIABLE,RELIABLE,RELIABLE,RELIABLE,STATIONARY,STATIONARY,STATIONARY,STATIONARY,STATIONARY,STATIONARY,STATIONARY,STATIONARY,STATIONARY
24475,712,3,STILL,0.12351241,0.00052014,0.00421123,0.00557652,0.00920084,0.00863444,0.00562658,0.00771054,0.00650624,0.01861482,0.02487400,RELIABLE,RELIABLE,RELIABLE,RELIABLE,RELIABLE,RELIABLE,RELIABLE,RELIABLE,STATIONARY,STATIONARY,STATIONARY,STATIONARY,STATIONARY,STATIONARY,STATIONARY,STATIONARY,STATIONARY
24506,713,3,STILL,0.12382426,0.00043958,0.00355001,0.00565702,0.00959134,0.00850743,0.00551162,0.00728974,0.00596272,0.01643695,0.02255544,RELIABLE,RELIABLE,RELIABLE,RELIABLE,RELIABLE,RELIABLE,PARTIAL,PARTIAL,STATIONARY,STATIONARY,STATIONARY,STATIONARY,STATIONARY,STATIONARY,STATIONARY,STATIONARY,STATIONARY
24538,714,3,STILL,0.12389896,0.00035895,0.00289714,0.00583765,0.01010030,0.00900740,0.00549991,0.00699202,0.00571124,0.01557186,0.02049470,RELIABLE,RELIABLE,RELIABLE,RELIABLE,RELIABLE,RELIABLE,RELIABLE,RELIABLE,STATIONARY,STATIONARY,STATIONARY,STATIONARY,STATIONARY,STATIONARY,STATIONARY,STATIONARY,STATIONARY
24586,715,3,STILL,0.12394018,0.00128224,0.01034563,0.00637210,0.01020505,0.00993656,0.00486599,0.00773293,0.00605424,0.01654937,0.02301216,RELIABLE,RELIABLE,RELIABLE,RELIABLE,RELIABLE,RELIABLE,RELIABLE,RELIABLE,STATIONARY,STATIONARY,STATIONARY,STATIONARY,STATIONARY,STATIONARY,STATIONARY,STATIONARY,STATIONARY
24617,716,3,STILL,0.12397029,0.00055544,0.00448045,0.00622074,0.00962267,0.00946492,0.00549094,0.00774262,0.00587547,0.01419387,0.02381861,RELIABLE,RELIABLE,RELIABLE,RELIABLE,RELIABLE,RELIABLE,RELIABLE,RELIABLE,STATIONARY,STATIONARY,STATIONARY,STATIONARY,STATIONARY,STATIONARY,STATIONARY,STATIONARY,STATIONARY
24648,717,3,STILL,0.12399045,0.00027772,0.00223986,0.00561002,0.00809605,0.00747195,0.00565001,0.00763885,0.00516686,0.01141923,0.02180792,RELIABLE,RELIABLE,RELIABLE,RELIABLE,RELIABLE,RELIABLE,RELIABLE,RELIABLE,STATIONARY,STATIONARY,STATIONARY,STATIONARY,STATIONARY,STATIONARY,STATIONARY,STATIONARY,STATIONARY
24679,718,3,STILL,0.12399990,0.00096796,0.00780616,0.00523000,0.00733328,0.00709720,0.00661850,0.00827326,0.00536585,0.01255073,0.01846415,RELIABLE,RELIABLE,RELIABLE,RELIABLE,RELIABLE,RELIABLE,PARTIAL,RELIABLE,STATIONARY,STATIONARY,STATIONARY,STATIONARY,STATIONARY,STATIONARY,STATIONARY,STATIONARY,STATIONARY
24709,719,3,STILL,0.12434487,0.00071669,0.00576374,0.00516178,0.00660090,0.00646800,0.00591154,0.00795350,0.00587026,0.01215814,0.02001785,RELIABLE,RELIABLE,RELIABLE,RELIABLE,RELIABLE,RELIABLE,RELIABLE,RELIABLE,STATIONARY,STATIONARY,STATIONARY,STATIONARY,STATIONARY,STATIONARY,STATIONARY,STATIONARY,STATIONARY
24740,720,3,STILL,0.12450102,0.00101022,0.00811415,0.00564964,0.00728680,0.00709049,0.00615601,0.00831090,0.00549922,0.01245941,0.01796074,RELIABLE,RELIABLE,RELIABLE,RELIABLE,RELIABLE,RELIABLE,RELIABLE,RELIABLE,STATIONARY,STATIONARY,STATIONARY,STATIONARY,STATIONARY,STATIONARY,STATIONARY,STATIONARY,STATIONARY
24770,721,3,STILL,0.12480894,0.00071045,0.00569234,0.00591743,0.00732762,0.00759121,0.00647497,0.00852048,0.00581655,0.01368063,0.01731393,RELIABLE,RELIABLE,RELIABLE,RELIABLE,RELIABLE,RELIABLE,RELIABLE,RELIABLE,STATIONARY,STATIONARY,STATIONARY,STATIONARY,STATIONARY,STATIONARY,STATIONARY,STATIONARY,STATIONARY
24809,722,3,STILL,0.12480107,0.00051915,0.00415983,0.00607527,0.00731627,0.00746072,0.00647409,0.00908421,0.00621230,0.01457613,0.02131061,RELIABLE,RELIABLE,RELIABLE,RELIABLE,RELIABLE,RELIABLE,RELIABLE,RELIABLE,STATIONARY,STATIONARY,STATIONARY,STATIONARY,STATIONARY,STATIONARY,STATIONARY,STATIONARY,STATIONARY
24848,723,3,STILL,0.12402594,0.00141890,0.01144033,0.00621211,0.00770204,0.00665379,0.00709998,0.01014538,0.00624982,0.01471228,0.01899116,RELIABLE,RELIABLE,RELIABLE,RELIABLE,RELIABLE,RELIABLE,RELIABLE,RELIABLE,STATIONARY,STATIONARY,STATIONARY,STATIONARY,STATIONARY,STATIONARY,STATIONARY,STATIONARY,STATIONARY
24879,724,3,STILL,0.12382486,0.00085669,0.00691855,0.00651687,0.00911366,0.00821621,0.00727892,0.01059031,0.00617002,0.01525083,0.02029203,RELIABLE,RELIABLE,RELIABLE,RELIABLE,RELIABLE,RELIABLE,RELIABLE,RELIABLE,STATIONARY,STATIONARY,STATIONARY,STATIONARY,STATIONARY,STATIONARY,STATIONARY,STATIONARY,STATIONARY
24911,725,3,STILL,0.12383072,0.00061191,0.00494152,0.00685458,0.00940588,0.00930331,0.00772352,0.01095109,0.00708466,0.01702662,0.02082453,RELIABLE,RELIABLE,RELIABLE,RELIABLE,RELIABLE,RELIABLE,RELIABLE,RELIABLE,STATIONARY,STATIONARY,STATIONARY,STATIONARY,STATIONARY,STATIONARY,STATIONARY,STATIONARY,STATIONARY
24942,726,3,STILL,0.12358059,0.00078771,0.00637402,0.00667556,0.00876884,0.00912574,0.00731050,0.01095998,0.00687696,0.01628646,0.02201763,RELIABLE,RELIABLE,RELIABLE,RELIABLE,RELIABLE,RELIABLE,RELIABLE,RELIABLE,STATIONARY,STATIONARY,STATIONARY,STATIONARY,STATIONARY,STATIONARY,STATIONARY,STATIONARY,STATIONARY
24986,727,3,STILL,0.12370382,0.00102094,0.00825310,0.00698673,0.00922475,0.00979046,0.00682047,0.01088455,0.00693144,0.01810395,0.02010036,RELIABLE,RELIABLE,RELIABLE,RELIABLE,RELIABLE,RELIABLE,RELIABLE,RELIABLE,STATIONARY,STATIONARY,STATIONARY,STATIONARY,STATIONARY,STATIONARY,STATIONARY,STATIONARY,STATIONARY
25020,728,3,STILL,0.12419937,0.00060265,0.00485225,0.00657899,0.00878036,0.00949146,0.00689556,0.01152725,0.00746880,0.01775347,0.02262516,RELIABLE,RELIABLE,RELIABLE,RELIABLE,RELIABLE,RELIABLE,RELIABLE,RELIABLE,STATIONARY,STATIONARY,STATIONARY,STATIONARY,STATIONARY,STATIONARY,STATIONARY,STATIONARY,STATIONARY
25052,729,3,STILL,0.12466435,0.00030132,0.00241708,0.00616959,0.00845022,0.00910783,0.00626468,0.01140905,0.00726009,0.01647392,0.02329133,RELIABLE,RELIABLE,RELIABLE,RELIABLE,RELIABLE,RELIABLE,RELIABLE,RELIABLE,STATIONARY,STATIONARY,STATIONARY,STATIONARY,STATIONARY,STATIONARY,STATIONARY,STATIONARY,STATIONARY
25086,730,3,STILL,0.12430509,0.00088577,0.00712575,0.00654033,0.00923546,0.00941242,0.00644050,0.01225985,0.00796641,0.01716448,0.02385479,RELIABLE,RELIABLE,RELIABLE,RELIABLE,RELIABLE,RELIABLE,RELIABLE,RELIABLE,STATIONARY,STATIONARY,STATIONARY,STATIONARY,STATIONARY,STATIONARY,STATIONARY,STATIONARY,STATIONARY
25115,731,3,STILL,0.12391765,0.00075118,0.00606193,0.00586803,0.00764873,0.00876939,0.00686238,0.01083291,0.00690782,0.01549021,0.02363625,RELIABLE,RELIABLE,RELIABLE,RELIABLE,RELIABLE,RELIABLE,RELIABLE,RELIABLE,STATIONARY,STATIONARY,STATIONARY,STATIONARY,STATIONARY,STATIONARY,STATIONARY,STATIONARY,STATIONARY
25146,732,3,STILL,0.12375712,0.00057504,0.00464652,0.00558402,0.00683948,0.00798250,0.00576774,0.01056526,0.00745863,0.01613779,0.02184285,RELIABLE,RELIABLE,RELIABLE,RELIABLE,RELIABLE,RELIABLE,RELIABLE,RELIABLE,STATIONARY,STATIONARY,STATIONARY,STATIONARY,STATIONARY,STATIONARY,STATIONARY,STATIONARY,STATIONARY
25179,733,3,STILL,0.12344095,0.00096230,0.00779566,0.00594079,0.00746587,0.00766701,0.00533888,0.01122705,0.00726558,0.01675225,0.02549746,RELIABLE,RELIABLE,RELIABLE,RELIABLE,RELIABLE,RELIABLE,RELIABLE,RELIABLE,STATIONARY,STATIONARY,STATIONARY,STATIONARY,STATIONARY,STATIONARY,STATIONARY,STATIONARY,STATIONARY
25210,734,3,STILL,0.12325911,0.00112244,0.00910631,0.00628232,0.00829667,0.00768264,0.00488184,0.01029532,0.00736433,0.01650946,0.02370038,RELIABLE,RELIABLE,RELIABLE,RELIABLE,RELIABLE,RELIABLE,RELIABLE,RELIABLE,STATIONARY,STATIONARY,STATIONARY,STATIONARY,STATIONARY,STATIONARY,STATIONARY,STATIONARY,STATIONARY
25242,735,3,STILL,0.12318088,0.00030455,0.00247236,0.00555973,0.00696285,0.00638849,0.00501645,0.01071889,0.00757873,0.01471610,0.02440849,RELIABLE,RELIABLE,RELIABLE,RELIABLE,RELIABLE,RELIABLE,RELIABLE,RELIABLE,STATIONARY,STATIONARY,STATIONARY,STATIONARY,STATIONARY,STATIONARY,STATIONARY,STATIONARY,STATIONARY
25274,736,3,STILL,0.12343558,0.00027140,0.00219873,0.00522804,0.00649820,0.00546548,0.00484983,0.00999680,0.00678236,0.01412889,0.02082223,RELIABLE,RELIABLE,RELIABLE,RELIABLE,RELIABLE,RELIABLE,RELIABLE,RELIABLE,STATIONARY,STATIONARY,STATIONARY,STATIONARY,STATIONARY,STATIONARY,STATIONARY,STATIONARY,STATIONARY
25306,737,3,STILL,0.12344683,0.00064854,0.00525363,0.00558261,0.00692244,0.00584559,0.00514723,0.00996621,0.00670200,0.01414214,0.01927746,RELIABLE,RELIABLE,RELIABLE,RELIABLE,RELIABLE,RELIABLE,RELIABLE,RELIABLE,STATIONARY,STATIONARY,STATIONARY,STATIONARY,STATIONARY,STATIONARY,STATIONARY,STATIONARY,STATIONARY
25353,738,3,STILL,0.12382306,0.00111512,0.00900575,0.00581761,0.00708236,0.00658651,0.00529934,0.00933274,0.00613818,0.01288099,0.01678663,RELIABLE,RELIABLE,RELIABLE,RELIABLE,RELIABLE,RELIABLE,RELIABLE,RELIABLE,STATIONARY,STATIONARY,STATIONARY,STATIONARY,STATIONARY,STATIONARY,STATIONARY,STATIONARY,STATIONARY
25386,739,3,STILL,0.12400427,0.00081162,0.00654510,0.00587801,0.00790038,0.00689409,0.00453047,0.00972062,0.00639856,0.01491190,0.01979927,RELIABLE,RELIABLE,RELIABLE,RELIABLE,RELIABLE,RELIABLE,RELIABLE,RELIABLE,STATIONARY,STATIONARY,STATIONARY,STATIONARY,STATIONARY,STATIONARY,STATIONARY,STATIONARY,STATIONARY
25414,740,3,STILL,0.12409214,0.00040581,0.00327023,0.00570597,0.00748082,0.00637984,0.00465178,0.00918545,0.00559145,0.01451641,0.02039398,RELIABLE,RELIABLE,RELIABLE,RELIABLE,RELIABLE,RELIABLE,RELIABLE,RELIABLE,STATIONARY,STATIONARY,STATIONARY,STATIONARY,STATIONARY,STATIONARY,STATIONARY,STATIONARY,STATIONARY
25446,741,3,STILL,0.12423433,0.00141078,0.01135577,0.00615098,0.00781947,0.00676613,0.00495376,0.00880786,0.00587355,0.01497317,0.01590397,RELIABLE,RELIABLE,RELIABLE,RELIABLE,RELIABLE,RELIABLE,RELIABLE,RELIABLE,STATIONARY,STATIONARY,STATIONARY,STATIONARY,STATIONARY,STATIONARY,STATIONARY,STATIONARY,STATIONARY
25476,742,3,STILL,0.12431970,0.00093975,0.00755914,0.00595759,0.00768253,0.00606603,0.00505069,0.00806563,0.00557092,0.01649521,0.01639289,RELIABLE,RELIABLE,RELIABLE,RELIABLE,RELIABLE,RELIABLE,RELIABLE,RELIABLE,STATIONARY,STATIONARY,STATIONARY,STATIONARY,STATIONARY,STATIONARY,STATIONARY,STATIONARY,STATIONARY
25506,743,3,STILL,0.12429385,0.00029546,0.00237714,0.00594569,0.00795785,0.00604868,0.00634804,0.00753474,0.00582229,0.01892540,0.01811708,RELIABLE,RELIABLE,RELIABLE,RELIABLE,RELIABLE,RELIABLE,RELIABLE,RELIABLE,STATIONARY,STATIONARY,STATIONARY,STATIONARY,STATIONARY,STATIONARY,STATIONARY,STATIONARY,STATIONARY
25538,744,3,STILL,0.12401519,0.00070377,0.00567488,0.00638020,0.00819169,0.00664282,0.00691927,0.00706404,0.00736054,0.02101314,0.02200208,RELIABLE,RELIABLE,RELIABLE,RELIABLE,RELIABLE,RELIABLE,RELIABLE,RELIABLE,STATIONARY,STATIONARY,STATIONARY,STATIONARY,STATIONARY,STATIONARY,STATIONARY,STATIONARY,STATIONARY
25569,745,3,STILL,0.12387681,0.00135987,0.01097757,0.00709570,0.00888273,0.00736955,0.00685371,0.00803212,0.00735990,0.02094159,0.02464168,RELIABLE,RELIABLE,RELIABLE,RELIABLE,RELIABLE,RELIABLE,RELIABLE,RELIABLE,STATIONARY,STATIONARY,STATIONARY,STATIONARY,STATIONARY,STATIONARY,STATIONARY,STATIONARY,STATIONARY
25610,746,3,STILL,0.12380259,0.00053881,0.00435214,0.00651400,0.00775221,0.00615924,0.00719674,0.00868133,0.00766668,0.02268470,0.02804985,RELIABLE,RELIABLE,RELIABLE,RELIABLE,RELIABLE,RELIABLE,RELIABLE,RELIABLE,STATIONARY,STATIONARY,STATIONARY,STATIONARY,STATIONARY,STATIONARY,STATIONARY,STATIONARY,STATIONARY
25647,747,3,STILL,0.12319230,0.00064877,0.00526634,0.00635415,0.00748000,0.00606602,0.00717930,0.00788202,0.00885901,0.02344184,0.02663787,RELIABLE,RELIABLE,RELIABLE,RELIABLE,RELIABLE,RELIABLE,RELIABLE,RELIABLE,STATIONARY,STATIONARY,STATIONARY,STATIONARY,STATIONARY,STATIONARY,STATIONARY,STATIONARY,STATIONARY
25678,748,3,STILL,0.12325670,0.00114943,0.00932550,0.00711106,0.00858675,0.00748258,0.00731889,0.00957487,0.01004213,0.02457900,0.02589117,RELIABLE,RELIABLE,RELIABLE,RELIABLE,RELIABLE,RELIABLE,RELIABLE,RELIABLE,STATIONARY,STATIONARY,STATIONARY,STATIONARY,STATIONARY,STATIONARY,STATIONARY,STATIONARY,STATIONARY
25710,749,3,STILL,0.12367304,0.00034185,0.00276411,0.00603710,0.00736976,0.00659136,0.00710300,0.00919449,0.00956112,0.02280799,0.02613416,RELIABLE,RELIABLE,RELIABLE,RELIABLE,RELIABLE,RELIABLE,RELIABLE,RELIABLE,STATIONARY,STATIONARY,STATIONARY,STATIONARY,STATIONARY,STATIONARY,STATIONARY,STATIONARY,STATIONARY
25753,750,3,STILL,0.12366865,0.00118560,0.00958688,0.00629057,0.00776360,0.00729705,0.00760716,0.00932326,0.00999011,0.02289993,0.02728330,RELIABLE,RELIABLE,RELIABLE,RELIABLE,RELIABLE,RELIABLE,RELIABLE,RELIABLE,STATIONARY,STATIONARY,STATIONARY,STATIONARY,STATIONARY,STATIONARY,STATIONARY,STATIONARY,STATIONARY
25788,751,3,STILL,0.12362848,0.00100423,0.00812293,0.00700879,0.00866327,0.00818839,0.00600897,0.00952047,0.00905071,0.02166243,0.02510396,RELIABLE,RELIABLE,RELIABLE,RELIABLE,RELIABLE,RELIABLE,RELIABLE,RELIABLE,STATIONARY,STATIONARY,STATIONARY,STATIONARY,STATIONARY,STATIONARY,STATIONARY,STATIONARY,STATIONARY
25819,752,3,STILL,0.12358945,0.00050211,0.00406275,0.00680728,0.00857127,0.00798244,0.00503581,0.00953339,0.00738968,0.01909388,0.02080894,RELIABLE,RELIABLE,RELIABLE,RELIABLE,RELIABLE,RELIABLE,RELIABLE,RELIABLE,STATIONARY,STATIONARY,STATIONARY,STATIONARY,STATIONARY,STATIONARY,STATIONARY,STATIONARY,STATIONARY
25851,753,3,STILL,0.12328511,0.00066962,0.00543149,0.00611402,0.00805988,0.00753908,0.00566637,0.00905701,0.00799413,0.01987259,0.01935976,RELIABLE,RELIABLE,RELIABLE,RELIABLE,RELIABLE,RELIABLE,RELIABLE,RELIABLE,STATIONARY,STATIONARY,STATIONARY,STATIONARY,STATIONARY,STATIONARY,STATIONARY,STATIONARY,STATIONARY
25883,754,3,STILL,0.12331500,0.00076821,0.00622964,0.00634870,0.00767618,0.00731983,0.00551571,0.00826928,0.00756438,0.02052925,0.01653726,RELIABLE,RELIABLE,RELIABLE,RELIABLE,RELIABLE,RELIABLE,RELIABLE,RELIABLE,STATIONARY,STATIONARY,STATIONARY,STATIONARY,STATIONARY,STATIONARY,STATIONARY,STATIONARY,STATIONARY
25915,755,3,STILL,0.12327556,0.00043296,0.00351211,0.00612942,0.00714987,0.00669038,0.00529892,0.00827724,0.00658505,0.01742174,0.01468609,RELIABLE,RELIABLE,RELIABLE,RELIABLE,RELIABLE,RELIABLE,RELIABLE,RELIABLE,STATIONARY,STATIONARY,STATIONARY,STATIONARY,STATIONARY,STATIONARY,STATIONARY,STATIONARY,STATIONARY
25946,756,3,STILL,0.12344015,0.00087604,0.00709688,0.00585085,0.00655893,0.00588033,0.00547937,0.00676203,0.00586784,0.01579876,0.01530887,RELIABLE,RELIABLE,RELIABLE,RELIABLE,RELIABLE,RELIABLE,RELIABLE,RELIABLE,STATIONARY,STATIONARY,STATIONARY,STATIONARY,STATIONARY,STATIONARY,STATIONARY,STATIONARY,STATIONARY
25977,757,3,STILL,0.12297346,0.00045163,0.00367261,0.00596441,0.00678360,0.00581124,0.00566308,0.00696735,0.00580030,0.01627751,0.01549718,RELIABLE,RELIABLE,RELIABLE,RELIABLE,RELIABLE,RELIABLE,RELIABLE,RELIABLE,STATIONARY,STATIONARY,STATIONARY,STATIONARY,STATIONARY,STATIONARY,STATIONARY,STATIONARY,STATIONARY
26010,758,3,STILL,0.12312868,0.00058676,0.00476543,0.00536173,0.00599462,0.00531755,0.00514746,0.00705591,0.00693092,0.01584827,0.01547092,RELIABLE,RELIABLE,RELIABLE,RELIABLE,RELIABLE,RELIABLE,RELIABLE,RELIABLE,STATIONARY,STATIONARY,STATIONARY,STATIONARY,STATIONARY,STATIONARY,STATIONARY,STATIONARY,STATIONARY
26041,759,3,STILL,0.12324975,0.00060520,0.00491035,0.00496016,0.00585737,0.00593024,0.00556995,0.00829123,0.00690154,0.01444800,0.01501446,RELIABLE,RELIABLE,RELIABLE,RELIABLE,RELIABLE,RELIABLE,RELIABLE,RELIABLE,STATIONARY,STATIONARY,STATIONARY,STATIONARY,STATIONARY,STATIONARY,STATIONARY,STATIONARY,STATIONARY
26074,760,3,STILL,0.12327592,0.00055458,0.00449865,0.00501465,0.00612324,0.00617504,0.00592321,0.00848678,0.00771183,0.01657969,0.01723170,RELIABLE,RELIABLE,RELIABLE,RELIABLE,RELIABLE,RELIABLE,RELIABLE,RELIABLE,STATIONARY,STATIONARY,STATIONARY,STATIONARY,STATIONARY,STATIONARY,STATIONARY,STATIONARY,STATIONARY
26122,761,3,STILL,0.12327644,0.00036512,0.00296182,0.00470594,0.00551082,0.00540327,0.00535845,0.00871615,0.00739815,0.01550447,0.01648139,RELIABLE,RELIABLE,RELIABLE,RELIABLE,RELIABLE,RELIABLE,RELIABLE,RELIABLE,STATIONARY,STATIONARY,STATIONARY,STATIONARY,STATIONARY,STATIONARY,STATIONARY,STATIONARY,STATIONARY
26162,762,3,STILL,0.12322633,0.00076439,0.00620317,0.00470263,0.00680643,0.00652160,0.00505654,0.00879629,0.00803395,0.01340664,0.01639499,RELIABLE,RELIABLE,RELIABLE,RELIABLE,RELIABLE,RELIABLE,RELIABLE,RELIABLE,STATIONARY,STATIONARY,STATIONARY,STATIONARY,STATIONARY,STATIONARY,STATIONARY,STATIONARY,STATIONARY
26193,763,3,STILL,0.12317612,0.00038220,0.00310285,0.00465147,0.00710310,0.00705146,0.00486350,0.00858049,0.00780382,0.01329337,0.01635444,RELIABLE,RELIABLE,RELIABLE,RELIABLE,RELIABLE,RELIABLE,RELIABLE,RELIABLE,STATIONARY,STATIONARY,STATIONARY,STATIONARY,STATIONARY,STATIONARY,STATIONARY,STATIONARY,STATIONARY
26225,764,3,STILL,0.12334297,0.00080412,0.00651940,0.00457929,0.00730069,0.00666931,0.00496566,0.00848329,0.00777196,0.01472943,0.01782527,RELIABLE,RELIABLE,RELIABLE,RELIABLE,RELIABLE,RELIABLE,RELIABLE,RELIABLE,STATIONARY,STATIONARY,STATIONARY,STATIONARY,STATIONARY,STATIONARY,STATIONARY,STATIONARY,STATIONARY
26257,765,3,STILL,0.12374719,0.00076257,0.00616234,0.00489050,0.00740866,0.00726612,0.00465301,0.00886241,0.00814229,0.01397736,0.01877597,RELIABLE,RELIABLE,RELIABLE,RELIABLE,RELIABLE,RELIABLE,RELIABLE,RELIABLE,STATIONARY,STATIONARY,STATIONARY,STATIONARY,STATIONARY,STATIONARY,STATIONARY,STATIONARY,STATIONARY
26288,766,3,STILL,0.12349094,0.00054179,0.00438732,0.00484324,0.00696155,0.00680477,0.00452513,0.00961278,0.00682818,0.01403104,0.01801085,RELIABLE,RELIABLE,RELIABLE,RELIABLE,RELIABLE,RELIABLE,RELIABLE,RELIABLE,STATIONARY,STATIONARY,STATIONARY,STATIONARY,STATIONARY,STATIONARY,STATIONARY,STATIONARY,STATIONARY
26319,767,3,STILL,0.12336006,0.00060702,0.00492070,0.00484453,0.00622836,0.00559793,0.00422396,0.00871563,0.00733949,0.01600420,0.01864745,RELIABLE,RELIABLE,RELIABLE,RELIABLE,RELIABLE,RELIABLE,RELIABLE,RELIABLE,STATIONARY,STATIONARY,STATIONARY,STATIONARY,STATIONARY,STATIONARY,STATIONARY,STATIONARY,STATIONARY
26351,768,3,STILL,0.12287375,0.00062060,0.00505068,0.00491353,0.00569846,0.00523485,0.00451255,0.00912681,0.00733571,0.01507324,0.01850119,RELIABLE,RELIABLE,RELIABLE,RELIABLE,RELIABLE,RELIABLE,RELIABLE,RELIABLE,STATIONARY,STATIONARY,STATIONARY,STATIONARY,STATIONARY,STATIONARY,STATIONARY,STATIONARY,STATIONARY
26384,769,3,STILL,0.12267651,0.00047014,0.00383236,0.00502235,0.00611055,0.00542871,0.00475204,0.00944170,0.00799029,0.01607924,0.01937580,RELIABLE,RELIABLE,RELIABLE,RELIABLE,RELIABLE,RELIABLE,RELIABLE,RELIABLE,STATIONARY,STATIONARY,STATIONARY,STATIONARY,STATIONARY,STATIONARY,STATIONARY,STATIONARY,STATIONARY
26416,770,3,STILL,0.12287326,0.00082199,0.00668977,0.00508318,0.00607947,0.00513666,0.00561521,0.00909231,0.00743909,0.01788902,0.01776554,RELIABLE,RELIABLE,RELIABLE,RELIABLE,RELIABLE,RELIABLE,RELIABLE,RELIABLE,STATIONARY,STATIONARY,STATIONARY,STATIONARY,STATIONARY,STATIONARY,STATIONARY,STATIONARY,STATIONARY
26448,771,3,STILL,0.12320551,0.00087883,0.00713306,0.00558695,0.00659335,0.00526871,0.00609751,0.00968866,0.00722205,0.01809047,0.01840224,RELIABLE,RELIABLE,RELIABLE,RELIABLE,RELIABLE,RELIABLE,RELIABLE,RELIABLE,STATIONARY,STATIONARY,STATIONARY,STATIONARY,STATIONARY,STATIONARY,STATIONARY,STATIONARY,STATIONARY
26479,772,3,STILL,0.12357360,0.00072307,0.00585136,0.00550345,0.00613634,0.00511933,0.00677732,0.01008795,0.00769527,0.01716538,0.01820059,RELIABLE,RELIABLE,RELIABLE,RELIABLE,RELIABLE,RELIABLE,RELIABLE,RELIABLE,STATIONARY,STATIONARY,STATIONARY,STATIONARY,STATIONARY,STATIONARY,STATIONARY,STATIONARY,STATIONARY
26522,773,3,STILL,0.12330746,0.00058585,0.00475109,0.00532704,0.00645377,0.00498973,0.00715585,0.00985871,0.00775500,0.01949915,0.02000561,RELIABLE,RELIABLE,RELIABLE,RELIABLE,RELIABLE,RELIABLE,RELIABLE,RELIABLE,STATIONARY,STATIONARY,STATIONARY,STATIONARY,STATIONARY,STATIONARY,STATIONARY,STATIONARY,STATIONARY
26558,774,3,STILL,0.12352762,0.00103885,0.00840988,0.00582986,0.00710726,0.00516994,0.00746871,0.00905443,0.00761428,0.02065945,0.01948927,RELIABLE,RELIABLE,RELIABLE,RELIABLE,RELIABLE,RELIABLE,RELIABLE,RELIABLE,STATIONARY,STATIONARY,STATIONARY,STATIONARY,STATIONARY,STATIONARY,STATIONARY,STATIONARY,STATIONARY
26589,775,3,STILL,0.12381704,0.00051943,0.00419511,0.00573916,0.00732472,0.00503047,0.00746715,0.00813103,0.00693256,0.01896081,0.01834273,RELIABLE,RELIABLE,RELIABLE,RELIABLE,RELIABLE,RELIABLE,RELIABLE,RELIABLE,STATIONARY,STATIONARY,STATIONARY,STATIONARY,STATIONARY,STATIONARY,STATIONARY,STATIONARY,STATIONARY
26621,776,3,STILL,0.12383115,0.00093827,0.00757698,0.00605495,0.00768271,0.00502967,0.00727330,0.00811631,0.00655295,0.01858447,0.01765925,RELIABLE,RELIABLE,RELIABLE,RELIABLE,RELIABLE,RELIABLE,RELIABLE,RELIABLE,STATIONARY,STATIONARY,STATIONARY,STATIONARY,STATIONARY,STATIONARY,STATIONARY,STATIONARY,STATIONARY
26653,777,3,STILL,0.12358077,0.00181771,0.01470865,0.00741449,0.00920691,0.00604365,0.00709630,0.00885789,0.00602023,0.01908445,0.01694592,RELIABLE,RELIABLE,RELIABLE,RELIABLE,RELIABLE,RELIABLE,RELIABLE,RELIABLE,STATIONARY,STATIONARY,STATIONARY,STATIONARY,STATIONARY,STATIONARY,STATIONARY,STATIONARY,STATIONARY
26684,778,3,STILL,0.12335898,0.00096366,0.00781187,0.00755475,0.00929738,0.00659774,0.00696866,0.01026563,0.00595951,0.01828450,0.01732867,RELIABLE,RELIABLE,RELIABLE,RELIABLE,RELIABLE,RELIABLE,RELIABLE,RELIABLE,STATIONARY,STATIONARY,STATIONARY,STATIONARY,STATIONARY,STATIONARY,STATIONARY,STATIONARY,STATIONARY
26715,779,3,STILL,0.12333467,0.00041523,0.00336669,0.00708396,0.00863478,0.00697652,0.00689595,0.01019113,0.00667137,0.01999042,0.01672505,RELIABLE,RELIABLE,RELIABLE,RELIABLE,RELIABLE,RELIABLE,RELIABLE,RELIABLE,STATIONARY,STATIONARY,STATIONARY,STATIONARY,STATIONARY,STATIONARY,STATIONARY,STATIONARY,STATIONARY
26747,780,3,STILL,0.12345837,0.00085288,0.00690822,0.00721606,0.00882697,0.00761444,0.00634797,0.01114342,0.00700426,0.01955983,0.01507420,RELIABLE,RELIABLE,RELIABLE,RELIABLE,RELIABLE,RELIABLE,RELIABLE,RELIABLE,STATIONARY,STATIONARY,STATIONARY,STATIONARY,STATIONARY,STATIONARY,STATIONARY,STATIONARY,STATIONARY
26778,781,3,STILL,0.12349076,0.00079283,0.00642015,0.00742469,0.00945954,0.00836240,0.00637117,0.01142958,0.00646048,0.01871734,0.01258038,RELIABLE,RELIABLE,RELIABLE,RELIABLE,RELIABLE,RELIABLE,RELIABLE,RELIABLE,STATIONARY,STATIONARY,STATIONARY,STATIONARY,STATIONARY,STATIONARY,STATIONARY,STATIONARY,STATIONARY
26810,782,3,STILL,0.12323161,0.00104741,0.00849953,0.00743590,0.00984371,0.00861509,0.00644332,0.01190922,0.00748235,0.01847039,0.01631608,RELIABLE,RELIABLE,RELIABLE,RELIABLE,RELIABLE,RELIABLE,PARTIAL,PARTIAL,STATIONARY,STATIONARY,STATIONARY,STATIONARY,STATIONARY,STATIONARY,STATIONARY,STATIONARY,STATIONARY
26842,783,3,STILL,0.12278941,0.00065421,0.00532791,0.00757750,0.01000969,0.00898060,0.00723211,0.01360761,0.00803975,0.01819321,0.01746627,RELIABLE,RELIABLE,RELIABLE,RELIABLE,RELIABLE,RELIABLE,RELIABLE,RELIABLE,STATIONARY,STATIONARY,STATIONARY,STATIONARY,STATIONARY,STATIONARY,STATIONARY,STATIONARY,STATIONARY
26874,784,3,STILL,0.12244839,0.00211891,0.01730448,0.00879344,0.01164188,0.01044006,0.00779353,0.01373828,0.00873523,0.01725604,0.01779377,RELIABLE,RELIABLE,RELIABLE,RELIABLE,RELIABLE,RELIABLE,RELIABLE,RELIABLE,STATIONARY,STATIONARY,STATIONARY,STATIONARY,STATIONARY,STATIONARY,STATIONARY,STATIONARY,STATIONARY
26922,785,3,STILL,0.12203845,0.00104779,0.00858576,0.00802808,0.01022981,0.00973074,0.00839226,0.01193053,0.00840788,0.01587753,0.01890503,RELIABLE,RELIABLE,RELIABLE,RELIABLE,RELIABLE,RELIABLE,PARTIAL,RELIABLE,STATIONARY,STATIONARY,STATIONARY,STATIONARY,STATIONARY,STATIONARY,STATIONARY,STATIONARY,STATIONARY
26951,786,3,STILL,0.12171444,0.00052390,0.00430431,0.00758963,0.00925611,0.00855646,0.00771889,0.01025348,0.00800594,0.01387657,0.01856394,RELIABLE,RELIABLE,RELIABLE,RELIABLE,RELIABLE,RELIABLE,PARTIAL,RELIABLE,STATIONARY,STATIONARY,STATIONARY,STATIONARY,STATIONARY,STATIONARY,STATIONARY,STATIONARY,STATIONARY
26983,787,3,STILL,0.12175687,0.00059790,0.00491061,0.00778262,0.00951332,0.00800105,0.00755722,0.01036990,0.00743361,0.01211137,0.02000648,RELIABLE,RELIABLE,RELIABLE,RELIABLE,RELIABLE,RELIABLE,RELIABLE,RELIABLE,STATIONARY,STATIONARY,STATIONARY,STATIONARY,STATIONARY,STATIONARY,STATIONARY,STATIONARY,STATIONARY
27015,788,3,STILL,0.12178732,0.00188611,0.01548692,0.00885496,0.01089337,0.00839025,0.00795122,0.01009745,0.00748953,0.01246214,0.02014049,RELIABLE,RELIABLE,RELIABLE,RELIABLE,RELIABLE,RELIABLE,RELIABLE,RELIABLE,STATIONARY,STATIONARY,STATIONARY,STATIONARY,STATIONARY,STATIONARY,STATIONARY,STATIONARY,STATIONARY
27047,789,3,STILL,0.12193359,0.00058969,0.00483619,0.00865696,0.01070971,0.00798076,0.00771548,0.00983070,0.00820789,0.01225959,0.02127870,RELIABLE,RELIABLE,RELIABLE,RELIABLE,RELIABLE,RELIABLE,RELIABLE,RELIABLE,STATIONARY,STATIONARY,STATIONARY,STATIONARY,STATIONARY,STATIONARY,STATIONARY,STATIONARY,STATIONARY
27079,790,3,STILL,0.12209774,0.00074226,0.00607926,0.00835443,0.01017703,0.00786138,0.00753508,0.00941577,0.00705438,0.01001208,0.01835792,RELIABLE,RELIABLE,RELIABLE,RELIABLE,RELIABLE,RELIABLE,RELIABLE,RELIABLE,STATIONARY,STATIONARY,STATIONARY,STATIONARY,STATIONARY,STATIONARY,STATIONARY,STATIONARY,STATIONARY
27110,791,3,STILL,0.12179710,0.00053470,0.00439011,0.00823721,0.01022652,0.00845699,0.00758600,0.00915643,0.00746444,0.01082258,0.01905913,RELIABLE,RELIABLE,RELIABLE,RELIABLE,RELIABLE,RELIABLE,RELIABLE,PARTIAL,STATIONARY,STATIONARY,STATIONARY,STATIONARY,STATIONARY,STATIONARY,STATIONARY,STATIONARY,STATIONARY
27141,792,3,STILL,0.12167498,0.00099913,0.00821151,0.00710058,0.00902451,0.00723959,0.00726992,0.00881638,0.00688640,0.01082661,0.01887756,RELIABLE,RELIABLE,RELIABLE,RELIABLE,RELIABLE,RELIABLE,RELIABLE,RELIABLE,STATIONARY,STATIONARY,STATIONARY,STATIONARY,STATIONARY,STATIONARY,STATIONARY,STATIONARY,STATIONARY
27173,793,3,STILL,0.12153198,0.00133695,0.01100084,0.00740247,0.00937522,0.00735755,0.00707234,0.00988947,0.00689687,0.01123843,0.01903407,RELIABLE,RELIABLE,RELIABLE,RELIABLE,RELIABLE,RELIABLE,RELIABLE,RELIABLE,STATIONARY,STATIONARY,STATIONARY,STATIONARY,STATIONARY,STATIONARY,STATIONARY,STATIONARY,STATIONARY
27209,794,3,STILL,0.12139758,0.00131017,0.01079240,0.00821348,0.01105315,0.00843347,0.00700069,0.01083218,0.00735032,0.01491198,0.02123382,RELIABLE,RELIABLE,RELIABLE,RELIABLE,RELIABLE,RELIABLE,RELIABLE,RELIABLE,STATIONARY,STATIONARY,STATIONARY,STATIONARY,STATIONARY,STATIONARY,STATIONARY,STATIONARY,STATIONARY
27242,795,3,STILL,0.12143776,0.00067685,0.00557361,0.00829636,0.01130336,0.00878670,0.00752267,0.01029354,0.00702105,0.01612697,0.02044159,RELIABLE,RELIABLE,RELIABLE,RELIABLE,RELIABLE,RELIABLE,RELIABLE,RELIABLE,STATIONARY,STATIONARY,STATIONARY,STATIONARY,STATIONARY,STATIONARY,STATIONARY,STATIONARY,STATIONARY
27290,796,3,STILL,0.12141226,0.00109778,0.00904177,0.00749071,0.00970754,0.00791088,0.00674611,0.00919981,0.00641262,0.01685515,0.02001943,RELIABLE,RELIABLE,RELIABLE,RELIABLE,RELIABLE,RELIABLE,RELIABLE,RELIABLE,STATIONARY,STATIONARY,STATIONARY,STATIONARY,STATIONARY,STATIONARY,STATIONARY,STATIONARY,STATIONARY
27330,797,3,STILL,0.12132000,0.00059054,0.00486760,0.00749464,0.00907813,0.00752200,0.00661638,0.00876600,0.00553149,0.01693737,0.01944541,RELIABLE,RELIABLE,RELIABLE,RELIABLE,RELIABLE,RELIABLE,RELIABLE,RELIABLE,STATIONARY,STATIONARY,STATIONARY,STATIONARY,STATIONARY,STATIONARY,STATIONARY,STATIONARY,STATIONARY
27362,798,3,STILL,0.12123413,0.00029527,0.00243552,0.00703917,0.00842176,0.00716044,0.00623660,0.00836822,0.00538402,0.01735472,0.01811167,RELIABLE,RELIABLE,RELIABLE,RELIABLE,RELIABLE,RELIABLE,RELIABLE,RELIABLE,STATIONARY,STATIONARY,STATIONARY,STATIONARY,STATIONARY,STATIONARY,STATIONARY,STATIONARY,STATIONARY
27393,799,3,STILL,0.12147791,0.00051039,0.00420152,0.00701560,0.00821989,0.00678245,0.00555990,0.00751545,0.00522112,0.01740661,0.02029047,RELIABLE,RELIABLE,RELIABLE,RELIABLE,RELIABLE,RELIABLE,RELIABLE,RELIABLE,STATIONARY,STATIONARY,STATIONARY,STATIONARY,STATIONARY,STATIONARY,STATIONARY,STATIONARY,STATIONARY
27424,800,3,STILL,0.12185478,0.00121574,0.00997694,0.00723628,0.00867700,0.00708225,0.00565065,0.00745380,0.00544184,0.01845845,0.01956428,RELIABLE,RELIABLE,RELIABLE,RELIABLE,RELIABLE,RELIABLE,RELIABLE,RELIABLE,STATIONARY,STATIONARY,STATIONARY,STATIONARY,STATIONARY,STATIONARY,STATIONARY,STATIONARY,STATIONARY
27455,801,3,STILL,0.12197382,0.00148472,0.01217247,0.00738273,0.00977982,0.00731070,0.00528712,0.00651953,0.00584062,0.01790635,0.01911831,RELIABLE,RELIABLE,RELIABLE,RELIABLE,RELIABLE,RELIABLE,RELIABLE,RELIABLE,STATIONARY,STATIONARY,STATIONARY,STATIONARY,STATIONARY,STATIONARY,STATIONARY,STATIONARY,STATIONARY
27487,802,3,STILL,0.12204259,0.00176337,0.01444877,0.00783978,0.00956533,0.00639048,0.00544199,0.00626136,0.00584011,0.01570575,0.01758121,RELIABLE,RELIABLE,RELIABLE,RELIABLE,RELIABLE,RELIABLE,RELIABLE,RELIABLE,STATIONARY,STATIONARY,STATIONARY,STATIONARY,STATIONARY,STATIONARY,STATIONARY,STATIONARY,STATIONARY
27519,803,3,STILL,0.12239493,0.00140668,0.01149299,0.00857970,0.00997646,0.00672663,0.00543211,0.00711021,0.00641745,0.01608398,0.01942131,RELIABLE,RELIABLE,RELIABLE,RELIABLE,RELIABLE,RELIABLE,RELIABLE,RELIABLE,STATIONARY,STATIONARY,STATIONARY,STATIONARY,STATIONARY,STATIONARY,STATIONARY,STATIONARY,STATIONARY
27550,804,3,STILL,0.12209007,0.00090521,0.00741428,0.00837626,0.01069742,0.00697579,0.00593649,0.00731448,0.00673822,0.01778952,0.02331321,RELIABLE,RELIABLE,RELIABLE,RELIABLE,RELIABLE,RELIABLE,RELIABLE,RELIABLE,STATIONARY,STATIONARY,STATIONARY,STATIONARY,STATIONARY,STATIONARY,STATIONARY,STATIONARY,STATIONARY
27580,805,3,STILL,0.12213651,0.00050917,0.00416887,0.00828892,0.01074290,0.00678684,0.00607777,0.00809456,0.00725512,0.01748293,0.02344340,RELIABLE,RELIABLE,RELIABLE,RELIABLE,RELIABLE,RELIABLE,RELIABLE,RELIABLE,STATIONARY,STATIONARY,STATIONARY,STATIONARY,STATIONARY,STATIONARY,STATIONARY,STATIONARY,STATIONARY
27612,806,3,STILL,0.12196867,0.00123112,0.01009373,0.00924620,0.01204248,0.00702564,0.00626716,0.00894851,0.00868352,0.01971100,0.02580514,RELIABLE,RELIABLE,RELIABLE,RELIABLE,RELIABLE,RELIABLE,RELIABLE,RELIABLE,STATIONARY,STATIONARY,STATIONARY,STATIONARY,STATIONARY,STATIONARY,STATIONARY,STATIONARY,STATIONARY
27646,807,3,STILL,0.12198847,0.00100053,0.00820184,0.00974624,0.01298125,0.00713641,0.00626424,0.00885539,0.00916864,0.01965761,0.02345337,RELIABLE,RELIABLE,RELIABLE,RELIABLE,RELIABLE,RELIABLE,RELIABLE,RELIABLE,STATIONARY,STATIONARY,STATIONARY,STATIONARY,STATIONARY,STATIONARY,STATIONARY,STATIONARY,STATIONARY
27690,808,3,STILL,0.12208897,0.00078993,0.00647012,0.00930788,0.01184508,0.00704205,0.00592693,0.00889739,0.01002012,0.02264040,0.02824864,RELIABLE,RELIABLE,RELIABLE,RELIABLE,RELIABLE,RELIABLE,RELIABLE,RELIABLE,STATIONARY,STATIONARY,STATIONARY,STATIONARY,STATIONARY,STATIONARY,STATIONARY,STATIONARY,STATIONARY
27723,809,3,STILL,0.12218478,0.00039497,0.00323252,0.00819039,0.00963859,0.00620384,0.00546936,0.00841368,0.00995670,0.02443946,0.02917987,RELIABLE,RELIABLE,RELIABLE,RELIABLE,RELIABLE,RELIABLE,RELIABLE,RELIABLE,STATIONARY,STATIONARY,STATIONARY,STATIONARY,STATIONARY,STATIONARY,STATIONARY,STATIONARY,STATIONARY
27755,810,3,STILL,0.12205901,0.00116930,0.00957981,0.00758177,0.00870291,0.00683101,0.00558187,0.00845020,0.01109363,0.02664073,0.03357536,RELIABLE,RELIABLE,RELIABLE,RELIABLE,RELIABLE,RELIABLE,RELIABLE,RELIABLE,STATIONARY,STATIONARY,STATIONARY,STATIONARY,STATIONARY,STATIONARY,STATIONARY,STATIONARY,STATIONARY
27787,811,3,STILL,0.12212840,0.00095960,0.00785733,0.00712731,0.00828154,0.00608228,0.00540514,0.00789289,0.01202295,0.02781288,0.03515938,RELIABLE,RELIABLE,RELIABLE,RELIABLE,RELIABLE,RELIABLE,RELIABLE,RELIABLE,STATIONARY,STATIONARY,STATIONARY,STATIONARY,STATIONARY,STATIONARY,STATIONARY,STATIONARY,STATIONARY
27818,812,3,STILL,0.12242396,0.00056119,0.00458401,0.00677353,0.00753312,0.00600667,0.00536030,0.00744504,0.01148691,0.02677058,0.03115892,RELIABLE,RELIABLE,RELIABLE,RELIABLE,RELIABLE,RELIABLE,RELIABLE,RELIABLE,STATIONARY,STATIONARY,STATIONARY,STATIONARY,STATIONARY,STATIONARY,STATIONARY,MOVING,MOVING
27850,813,3,STILL,0.12251880,0.00042481,0.00346731,0.00668584,0.00692211,0.00628809,0.00541850,0.00699917,0.01115583,0.02602678,0.03062912,RELIABLE,RELIABLE,RELIABLE,RELIABLE,RELIABLE,RELIABLE,RELIABLE,RELIABLE,STATIONARY,STATIONARY,STATIONARY,STATIONARY,STATIONARY,STATIONARY,STATIONARY,MOVING,MOVING
27883,814,3,STILL,0.12211415,0.00044502,0.00364426,0.00587965,0.00583124,0.00598643,0.00607823,0.00662926,0.01004300,0.02435115,0.02905708,RELIABLE,RELIABLE,RELIABLE,RELIABLE,RELIABLE,RELIABLE,RELIABLE,RELIABLE,STATIONARY,STATIONARY,STATIONARY,STATIONARY,STATIONARY,STATIONARY,STATIONARY,MOVING,MOVING
27914,815,3,STILL,0.12185789,0.00073076,0.00599679,0.00560402,0.00510895,0.00533680,0.00660754,0.00670087,0.00972121,0.02444009,0.02814648,RELIABLE,RELIABLE,RELIABLE,RELIABLE,RELIABLE,RELIABLE,RELIABLE,RELIABLE,STATIONARY,STATIONARY,STATIONARY,STATIONARY,STATIONARY,STATIONARY,STATIONARY,MOVING,MOVING
27945,816,3,STILL,0.12170468,0.00059533,0.00489163,0.00540671,0.00556306,0.00504483,0.00641477,0.00703877,0.00839834,0.01999040,0.02367906,RELIABLE,RELIABLE,RELIABLE,RELIABLE,RELIABLE,RELIABLE,RELIABLE,RELIABLE,STATIONARY,STATIONARY,STATIONARY,STATIONARY,STATIONARY,STATIONARY,STATIONARY,MOVING,MOVING
27976,817,3,STILL,0.12166199,0.00105761,0.00869306,0.00608928,0.00664719,0.00564979,0.00677646,0.00732766,0.00842385,0.01912926,0.02295856,RELIABLE,RELIABLE,RELIABLE,RELIABLE,RELIABLE,RELIABLE,RELIABLE,RELIABLE,STATIONARY,STATIONARY,STATIONARY,STATIONARY,STATIONARY,STATIONARY,STATIONARY,MOVING,MOVING
28009,818,3,STILL,0.12171552,0.00148425,0.01219442,0.00641610,0.00781389,0.00542305,0.00697751,0.00812313,0.00739439,0.01676316,0.01925180,RELIABLE,RELIABLE,RELIABLE,RELIABLE,RELIABLE,RELIABLE,RELIABLE,RELIABLE,STATIONARY,STATIONARY,STATIONARY,STATIONARY,STATIONARY,STATIONARY,STATIONARY,MOVING,MOVING
28058,819,3,STILL,0.12175559,0.00095288,0.00782620,0.00641221,0.00811384,0.00612593,0.00694638,0.00874499,0.00764879,0.01668502,0.01719866,RELIABLE,RELIABLE,RELIABLE,RELIABLE,RELIABLE,RELIABLE,RELIABLE,RELIABLE,STATIONARY,STATIONARY,STATIONARY,STATIONARY,STATIONARY,STATIONARY,STATIONARY,MOVING,MOVING
28090,820,3,STILL,0.12191802,0.00045167,0.00370471,0.00630230,0.00780287,0.00595250,0.00628442,0.00859783,0.00739705,0.01557493,0.01834873,RELIABLE,RELIABLE,RELIABLE,RELIABLE,RELIABLE,RELIABLE,RELIABLE,RELIABLE,STATIONARY,STATIONARY,STATIONARY,STATIONARY,STATIONARY,STATIONARY,STATIONARY,MOVING,MOVING
28116,821,3,STILL,0.12207101,0.00022584,0.00185003,0.00610014,0.00789689,0.00548907,0.00566302,0.00771664,0.00697457,0.01495924,0.01796736,RELIABLE,RELIABLE,RELIABLE,RELIABLE,RELIABLE,RELIABLE,RELIABLE,RELIABLE,STATIONARY,STATIONARY,STATIONARY,STATIONARY,STATIONARY,STATIONARY,STATIONARY,MOVING,MOVING
28147,822,3,STILL,0.12216824,0.00095388,0.00780794,0.00662060,0.00871005,0.00635604,0.00518065,0.00799705,0.00727171,0.01601821,0.01827949,RELIABLE,RELIABLE,RELIABLE,RELIABLE,RELIABLE,RELIABLE,RELIABLE,RELIABLE,STATIONARY,STATIONARY,STATIONARY,STATIONARY,STATIONARY,STATIONARY,STATIONARY,MOVING,MOVING
28178,823,3,STILL,0.12232327,0.00111400,0.00910704,0.00700938,0.00966046,0.00774801,0.00487767,0.00866526,0.00708338,0.01616500,0.01849296,RELIABLE,RELIABLE,RELIABLE,RELIABLE,RELIABLE,RELIABLE,RELIABLE,RELIABLE,STATIONARY,STATIONARY,STATIONARY,STATIONARY,STATIONARY,STATIONARY,STATIONARY,STATIONARY,STATIONARY
28209,824,3,STILL,0.12226641,0.00078032,0.00638214,0.00719569,0.00912817,0.00754636,0.00509558,0.00838023,0.00746009,0.01889377,0.02089069,RELIABLE,RELIABLE,RELIABLE,RELIABLE,RELIABLE,RELIABLE,RELIABLE,RELIABLE,STATIONARY,STATIONARY,STATIONARY,STATIONARY,STATIONARY,STATIONARY,STATIONARY,STATIONARY,STATIONARY
28240,825,3,STILL,0.12215109,0.00123215,0.01008712,0.00736995,0.00944599,0.00741511,0.00522379,0.00898770,0.00757972,0.01819043,0.02187979,RELIABLE,RELIABLE,RELIABLE,RELIABLE,RELIABLE,RELIABLE,RELIABLE,RELIABLE,STATIONARY,STATIONARY,STATIONARY,STATIONARY,STATIONARY,STATIONARY,STATIONARY,STATIONARY,STATIONARY
28272,826,3,STILL,0.12208459,0.00148957,0.01220114,0.00737079,0.00957253,0.00779265,0.00464211,0.00789679,0.00728610,0.01934563,0.02230417,RELIABLE,RELIABLE,RELIABLE,RELIABLE,RELIABLE,RELIABLE,RELIABLE,RELIABLE,STATIONARY,STATIONARY,STATIONARY,STATIONARY,STATIONARY,STATIONARY,STATIONARY,STATIONARY,STATIONARY
28304,827,3,STILL,0.12216933,0.00078065,0.00638992,0.00719126,0.00936770,0.00765584,0.00463397,0.00757640,0.00596299,0.01748593,0.02034452,RELIABLE,RELIABLE,RELIABLE,RELIABLE,RELIABLE,RELIABLE,RELIABLE,RELIABLE,STATIONARY,STATIONARY,STATIONARY,STATIONARY,STATIONARY,STATIONARY,STATIONARY,STATIONARY,STATIONARY
28335,828,3,STILL,0.12226002,0.00105733,0.00864818,0.00780919,0.00977280,0.00853901,0.00550895,0.00801776,0.00628966,0.01944200,0.02167382,RELIABLE,RELIABLE,RELIABLE,RELIABLE,RELIABLE,RELIABLE,RELIABLE,RELIABLE,STATIONARY,STATIONARY,STATIONARY,STATIONARY,STATIONARY,STATIONARY,STATIONARY,STATIONARY,STATIONARY
28367,829,3,STILL,0.12222213,0.00142349,0.01164674,0.00903378,0.01084010,0.01035642,0.00599701,0.00926342,0.00713279,0.01951861,0.02272805,RELIABLE,RELIABLE,RELIABLE,RELIABLE,RELIABLE,RELIABLE,RELIABLE,RELIABLE,STATIONARY,STATIONARY,STATIONARY,STATIONARY,STATIONARY,STATIONARY,STATIONARY,STATIONARY,STATIONARY
28409,830,3,STILL,0.12197973,0.00084652,0.00693981,0.00892526,0.01042057,0.00995896,0.00606793,0.00935604,0.00821979,0.02093178,0.02889853,RELIABLE,RELIABLE,RELIABLE,RELIABLE,RELIABLE,RELIABLE,RELIABLE,RELIABLE,STATIONARY,STATIONARY,STATIONARY,STATIONARY,STATIONARY,STATIONARY,STATIONARY,STATIONARY,STATIONARY
28458,831,3,STILL,0.12207382,0.00064818,0.00530977,0.00845060,0.00971410,0.00977159,0.00627564,0.00929998,0.00794361,0.01968740,0.02922018,RELIABLE,RELIABLE,RELIABLE,RELIABLE,RELIABLE,RELIABLE,RELIABLE,RELIABLE,STATIONARY,STATIONARY,STATIONARY,STATIONARY,STATIONARY,STATIONARY,STATIONARY,STATIONARY,STATIONARY
28494,832,3,STILL,0.12222853,0.00032409,0.00265153,0.00798428,0.00985685,0.01019327,0.00616003,0.00917887,0.00742448,0.01667995,0.02585406,RELIABLE,RELIABLE,RELIABLE,RELIABLE,RELIABLE,RELIABLE,RELIABLE,RELIABLE,STATIONARY,STATIONARY,STATIONARY,STATIONARY,STATIONARY,STATIONARY,STATIONARY,STATIONARY,STATIONARY
28524,833,3,STILL,0.12258361,0.00079455,0.00648170,0.00753360,0.00953247,0.01077724,0.00597598,0.00833650,0.00685743,0.01731841,0.02542774,RELIABLE,RELIABLE,RELIABLE,RELIABLE,RELIABLE,RELIABLE,RELIABLE,RELIABLE,STATIONARY,STATIONARY,STATIONARY,STATIONARY,STATIONARY,STATIONARY,STATIONARY,STATIONARY,STATIONARY
28555,834,3,STILL,0.12253476,0.00079072,0.00645304,0.00681509,0.00814755,0.01010244,0.00663885,0.00881136,0.00771596,0.01675914,0.02596228,RELIABLE,RELIABLE,RELIABLE,RELIABLE,RELIABLE,RELIABLE,RELIABLE,RELIABLE,STATIONARY,STATIONARY,STATIONARY,STATIONARY,STATIONARY,STATIONARY,STATIONARY,STATIONARY,STATIONARY
28587,835,3,STILL,0.12211807,0.00040577,0.00332274,0.00643169,0.00786781,0.00944324,0.00636036,0.00886730,0.00866469,0.01771013,0.02820013,RELIABLE,RELIABLE,RELIABLE,RELIABLE,RELIABLE,RELIABLE,RELIABLE,RELIABLE,STATIONARY,STATIONARY,STATIONARY,STATIONARY,STATIONARY,STATIONARY,STATIONARY,STATIONARY,STATIONARY
28619,836,3,STILL,0.12212828,0.00047571,0.00389513,0.00583756,0.00740182,0.00835976,0.00622397,0.00879989,0.00933006,0.01764692,0.02688729,RELIABLE,RELIABLE,RELIABLE,RELIABLE,RELIABLE,RELIABLE,RELIABLE,RELIABLE,STATIONARY,STATIONARY,STATIONARY,STATIONARY,STATIONARY,STATIONARY,STATIONARY,STATIONARY,STATIONARY
28650,837,3,STILL,0.12179041,0.00102675,0.00843044,0.00543552,0.00724904,0.00792129,0.00692953,0.00820496,0.00890263,0.02105800,0.02868850,RELIABLE,RELIABLE,RELIABLE,RELIABLE,RELIABLE,RELIABLE,RELIABLE,RELIABLE,STATIONARY,STATIONARY,STATIONARY,STATIONARY,STATIONARY,STATIONARY,STATIONARY,STATIONARY,STATIONARY
28682,838,3,STILL,0.12171657,0.00111028,0.00912181,0.00570827,0.00781941,0.00829152,0.00719215,0.00798494,0.00751558,0.01779475,0.02251337,RELIABLE,RELIABLE,RELIABLE,RELIABLE,RELIABLE,RELIABLE,RELIABLE,RELIABLE,STATIONARY,STATIONARY,STATIONARY,STATIONARY,STATIONARY,STATIONARY,STATIONARY,STATIONARY,STATIONARY
28713,839,3,STILL,0.12173022,0.00170562,0.01401146,0.00679598,0.00891926,0.00850635,0.00701876,0.00735198,0.00792689,0.02030280,0.02254460,RELIABLE,RELIABLE,RELIABLE,RELIABLE,RELIABLE,RELIABLE,RELIABLE,RELIABLE,STATIONARY,STATIONARY,STATIONARY,STATIONARY,STATIONARY,STATIONARY,STATIONARY,STATIONARY,STATIONARY
28744,840,3,STILL,0.12137730,0.00042194,0.00347627,0.00689907,0.00902973,0.00806633,0.00770634,0.00778435,0.00848116,0.02278416,0.02390629,RELIABLE,RELIABLE,RELIABLE,RELIABLE,RELIABLE,RELIABLE,RELIABLE,RELIABLE,STATIONARY,STATIONARY,STATIONARY,STATIONARY,STATIONARY,STATIONARY,STATIONARY,STATIONARY,STATIONARY
28776,841,3,STILL,0.12129623,0.00079242,0.00653292,0.00690548,0.00902064,0.00749116,0.00802956,0.00800901,0.00857165,0.02195333,0.02232801,RELIABLE,RELIABLE,RELIABLE,RELIABLE,RELIABLE,RELIABLE,PARTIAL,RELIABLE,STATIONARY,STATIONARY,STATIONARY,STATIONARY,STATIONARY,STATIONARY,STATIONARY,STATIONARY,STATIONARY
28826,842,3,STILL,0.12135231,0.00045348,0.00373685,0.00656595,0.00824117,0.00709917,0.00757424,0.00750049,0.00780603,0.02078322,0.02040711,RELIABLE,RELIABLE,RELIABLE,RELIABLE,RELIABLE,RELIABLE,RELIABLE,RELIABLE,STATIONARY,STATIONARY,STATIONARY,STATIONARY,STATIONARY,STATIONARY,STATIONARY,STATIONARY,STATIONARY
28857,843,3,STILL,0.12132366,0.00096494,0.00795340,0.00714479,0.00826689,0.00744493,0.00749862,0.00735441,0.00719374,0.01923822,0.01985544,RELIABLE,RELIABLE,RELIABLE,RELIABLE,RELIABLE,RELIABLE,RELIABLE,RELIABLE,STATIONARY,STATIONARY,STATIONARY,STATIONARY,STATIONARY,STATIONARY,STATIONARY,STATIONARY,STATIONARY
28886,844,3,STILL,0.12128129,0.00048247,0.00397809,0.00715516,0.00827785,0.00739723,0.00667264,0.00710374,0.00615669,0.01607607,0.01883206,RELIABLE,RELIABLE,RELIABLE,RELIABLE,RELIABLE,RELIABLE,RELIABLE,RELIABLE,STATIONARY,STATIONARY,STATIONARY,STATIONARY,STATIONARY,STATIONARY,STATIONARY,STATIONARY,STATIONARY
28918,845,3,STILL,0.12133469,0.00066020,0.00544115,0.00678149,0.00781928,0.00631743,0.00590997,0.00730818,0.00597577,0.01285033,0.01651748,RELIABLE,RELIABLE,RELIABLE,RELIABLE,RELIABLE,RELIABLE,RELIABLE,RELIABLE,STATIONARY,STATIONARY,STATIONARY,STATIONARY,STATIONARY,STATIONARY,STATIONARY,STATIONARY,STATIONARY
28949,846,3,STILL,0.12130353,0.00082968,0.00683974,0.00649623,0.00706517,0.00596748,0.00557335,0.00669098,0.00650033,0.01698815,0.02108107,RELIABLE,RELIABLE,RELIABLE,RELIABLE,RELIABLE,RELIABLE,RELIABLE,RELIABLE,STATIONARY,STATIONARY,STATIONARY,STATIONARY,STATIONARY,STATIONARY,STATIONARY,STATIONARY,STATIONARY
28979,847,3,STILL,0.12106525,0.00070891,0.00585558,0.00547675,0.00551402,0.00482602,0.00585609,0.00641794,0.00621661,0.01446725,0.02156054,RELIABLE,RELIABLE,RELIABLE,RELIABLE,RELIABLE,RELIABLE,RELIABLE,RELIABLE,STATIONARY,STATIONARY,STATIONARY,STATIONARY,STATIONARY,STATIONARY,STATIONARY,STATIONARY,STATIONARY
29011,848,3,STILL,0.12108779,0.00057363,0.00473734,0.00563438,0.00576492,0.00510208,0.00538969,0.00577317,0.00627557,0.01325202,0.02195298,RELIABLE,RELIABLE,RELIABLE,RELIABLE,RELIABLE,RELIABLE,RELIABLE,RELIABLE,STATIONARY,STATIONARY,STATIONARY,STATIONARY,STATIONARY,STATIONARY,STATIONARY,STATIONARY,STATIONARY
29043,849,3,STILL,0.12132936,0.00050029,0.00412342,0.00533320,0.00487724,0.00496535,0.00507490,0.00663610,0.00695409,0.01400733,0.02178321,RELIABLE,RELIABLE,RELIABLE,RELIABLE,RELIABLE,RELIABLE,RELIABLE,RELIABLE,STATIONARY,STATIONARY,STATIONARY,STATIONARY,STATIONARY,STATIONARY,STATIONARY,STATIONARY,STATIONARY
29075,850,3,STILL,0.12168651,0.00051525,0.00423425,0.00539537,0.00522961,0.00509671,0.00501560,0.00779997,0.00749010,0.01507083,0.02142807,RELIABLE,RELIABLE,RELIABLE,RELIABLE,RELIABLE,RELIABLE,RELIABLE,RELIABLE,STATIONARY,STATIONARY,STATIONARY,STATIONARY,STATIONARY,STATIONARY,STATIONARY,STATIONARY,STATIONARY
29106,851,3,STILL,0.12188367,0.00055013,0.00451355,0.00496539,0.00445724,0.00476542,0.00509725,0.00814756,0.00767241,0.01615644,0.02129598,RELIABLE,RELIABLE,RELIABLE,RELIABLE,RELIABLE,RELIABLE,RELIABLE,RELIABLE,STATIONARY,STATIONARY,STATIONARY,STATIONARY,STATIONARY,STATIONARY,STATIONARY,STATIONARY,STATIONARY
29138,852,3,STILL,0.12213298,0.00134165,0.01098513,0.00584127,0.00619945,0.00567078,0.00560122,0.00884454,0.00793322,0.01669208,0.02343410,RELIABLE,RELIABLE,RELIABLE,RELIABLE,RELIABLE,RELIABLE,RELIABLE,RELIABLE,STATIONARY,STATIONARY,STATIONARY,STATIONARY,STATIONARY,STATIONARY,STATIONARY,STATIONARY,STATIONARY
29170,853,3,STILL,0.12216079,0.00133263,0.01090878,0.00652472,0.00728921,0.00662368,0.00547785,0.00841609,0.00846922,0.01907936,0.02297188,RELIABLE,RELIABLE,RELIABLE,RELIABLE,RELIABLE,RELIABLE,RELIABLE,RELIABLE,STATIONARY,STATIONARY,STATIONARY,STATIONARY,STATIONARY,STATIONARY,STATIONARY,STATIONARY,STATIONARY
29226,854,3,STILL,0.12215303,0.00082602,0.00676220,0.00651503,0.00768730,0.00642031,0.00585902,0.00896409,0.00877373,0.01663751,0.02022284,RELIABLE,RELIABLE,RELIABLE,RELIABLE,RELIABLE,RELIABLE,RELIABLE,RELIABLE,STATIONARY,STATIONARY,STATIONARY,STATIONARY,STATIONARY,STATIONARY,STATIONARY,STATIONARY,STATIONARY
29264,855,3,STILL,0.12228335,0.00029344,0.00239966,0.00608304,0.00751823,0.00625038,0.00534394,0.00893825,0.00939043,0.01792943,0.02092429,RELIABLE,RELIABLE,RELIABLE,RELIABLE,RELIABLE,RELIABLE,RELIABLE,RELIABLE,STATIONARY,STATIONARY,STATIONARY,STATIONARY,STATIONARY,STATIONARY,STATIONARY,STATIONARY,STATIONARY
29296,856,3,STILL,0.12241562,0.00014672,0.00119854,0.00564069,0.00684710,0.00586680,0.00492020,0.00868538,0.00914902,0.01730226,0.01977577,RELIABLE,RELIABLE,RELIABLE,RELIABLE,RELIABLE,RELIABLE,RELIABLE,RELIABLE,STATIONARY,STATIONARY,STATIONARY,STATIONARY,STATIONARY,STATIONARY,STATIONARY,STATIONARY,STATIONARY
29327,857,3,STILL,0.12228876,0.00092254,0.00754393,0.00606826,0.00808559,0.00623961,0.00546687,0.00775652,0.00841976,0.01769696,0.02037115,RELIABLE,RELIABLE,RELIABLE,RELIABLE,RELIABLE,RELIABLE,RELIABLE,RELIABLE,STATIONARY,STATIONARY,STATIONARY,STATIONARY,STATIONARY,STATIONARY,STATIONARY,STATIONARY,STATIONARY
29358,858,3,STILL,0.12222565,0.00031516,0.00257850,0.00586129,0.00798086,0.00616195,0.00567848,0.00672454,0.00831059,0.01757907,0.02204131,RELIABLE,RELIABLE,RELIABLE,RELIABLE,RELIABLE,RELIABLE,RELIABLE,RELIABLE,STATIONARY,STATIONARY,STATIONARY,STATIONARY,STATIONARY,STATIONARY,STATIONARY,STATIONARY,STATIONARY
29389,859,3,STILL,0.12281961,0.00130325,0.01061107,0.00662348,0.00977299,0.00759334,0.00595697,0.00591303,0.00830271,0.01800151,0.02346052,RELIABLE,RELIABLE,RELIABLE,RELIABLE,RELIABLE,RELIABLE,RELIABLE,RELIABLE,STATIONARY,STATIONARY,STATIONARY,STATIONARY,STATIONARY,STATIONARY,STATIONARY,STATIONARY,STATIONARY
29421,860,3,STILL,0.12299828,0.00082906,0.00674045,0.00609289,0.00829764,0.00721863,0.00587740,0.00554868,0.00783961,0.01801706,0.02274747,RELIABLE,RELIABLE,RELIABLE,RELIABLE,RELIABLE,RELIABLE,RELIABLE,RELIABLE,STATIONARY,STATIONARY,STATIONARY,STATIONARY,STATIONARY,STATIONARY,STATIONARY,STATIONARY,STATIONARY
29452,861,3,STILL,0.12290785,0.00082520,0.00671401,0.00556854,0.00757081,0.00656151,0.00592572,0.00608924,0.00746626,0.01754883,0.02432707,RELIABLE,RELIABLE,RELIABLE,RELIABLE,RELIABLE,RELIABLE,RELIABLE,RELIABLE,STATIONARY,STATIONARY,STATIONARY,STATIONARY,STATIONARY,STATIONARY,STATIONARY,STATIONARY,STATIONARY
29484,862,3,STILL,0.12269954,0.00101896,0.00830449,0.00576133,0.00755471,0.00730206,0.00543066,0.00609868,0.00696842,0.01894201,0.02301467,RELIABLE,RELIABLE,RELIABLE,RELIABLE,RELIABLE,RELIABLE,RELIABLE,RELIABLE,STATIONARY,STATIONARY,STATIONARY,STATIONARY,STATIONARY,STATIONARY,STATIONARY,STATIONARY,STATIONARY
29515,863,3,STILL,0.12275034,0.00092433,0.00753019,0.00640265,0.00828983,0.00776884,0.00577964,0.00639516,0.00633412,0.01744404,0.02155503,RELIABLE,RELIABLE,RELIABLE,RELIABLE,RELIABLE,RELIABLE,RELIABLE,RELIABLE,STATIONARY,STATIONARY,STATIONARY,STATIONARY,STATIONARY,STATIONARY,STATIONARY,STATIONARY,STATIONARY
29546,864,3,STILL,0.12293968,0.00078525,0.00638727,0.00705124,0.00897898,0.00869030,0.00647118,0.00710077,0.00636994,0.01907308,0.02465231,RELIABLE,RELIABLE,RELIABLE,RELIABLE,RELIABLE,RELIABLE,RELIABLE,RELIABLE,STATIONARY,STATIONARY,STATIONARY,STATIONARY,STATIONARY,STATIONARY,STATIONARY,STATIONARY,STATIONARY
29578,865,3,STILL,0.12293107,0.00060111,0.00488980,0.00671947,0.00831950,0.00860392,0.00606419,0.00720157,0.00669894,0.02105797,0.02630445,RELIABLE,RELIABLE,RELIABLE,RELIABLE,RELIABLE,RELIABLE,RELIABLE,RELIABLE,STATIONARY,STATIONARY,STATIONARY,STATIONARY,STATIONARY,STATIONARY,STATIONARY,STATIONARY,STATIONARY
29626,866,3,STILL,0.12318757,0.00103754,0.00842243,0.00744996,0.00959842,0.00905156,0.00610106,0.00720501,0.00642720,0.02019843,0.02530291,RELIABLE,RELIABLE,RELIABLE,RELIABLE,RELIABLE,RELIABLE,RELIABLE,RELIABLE,STATIONARY,STATIONARY,STATIONARY,STATIONARY,STATIONARY,STATIONARY,STATIONARY,STATIONARY,STATIONARY
29656,867,3,STILL,0.12344638,0.00051877,0.00420239,0.00664888,0.00852147,0.00752962,0.00568698,0.00701958,0.00563452,0.01822742,0.02179936,RELIABLE,RELIABLE,RELIABLE,RELIABLE,RELIABLE,RELIABLE,RELIABLE,RELIABLE,STATIONARY,STATIONARY,STATIONARY,STATIONARY,STATIONARY,STATIONARY,STATIONARY,STATIONARY,STATIONARY
29688,868,3,STILL,0.12306302,0.00133660,0.01086111,0.00716396,0.00972975,0.00779006,0.00644749,0.00772875,0.00625818,0.01944056,0.02092062,RELIABLE,RELIABLE,RELIABLE,RELIABLE,RELIABLE,RELIABLE,RELIABLE,RELIABLE,STATIONARY,STATIONARY,STATIONARY,STATIONARY,STATIONARY,STATIONARY,STATIONARY,STATIONARY,STATIONARY
29719,869,3,STILL,0.12256877,0.00027421,0.00223719,0.00660436,0.00905196,0.00707460,0.00697078,0.00697404,0.00648027,0.01999268,0.01942697,RELIABLE,RELIABLE,RELIABLE,RELIABLE,RELIABLE,RELIABLE,RELIABLE,RELIABLE,STATIONARY,STATIONARY,STATIONARY,STATIONARY,STATIONARY,STATIONARY,STATIONARY,STATIONARY,STATIONARY
29750,870,3,STILL,0.12228511,0.00062633,0.00512186,0.00620653,0.00883073,0.00612683,0.00699940,0.00674562,0.00645902,0.01878432,0.02020526,RELIABLE,RELIABLE,RELIABLE,RELIABLE,RELIABLE,RELIABLE,RELIABLE,RELIABLE,STATIONARY,STATIONARY,STATIONARY,STATIONARY,STATIONARY,STATIONARY,STATIONARY,STATIONARY,STATIONARY
29781,871,3,STILL,0.12216067,0.00131845,0.01079273,0.00661435,0.00920833,0.00618584,0.00666152,0.00695327,0.00643805,0.02182942,0.02194258,RELIABLE,RELIABLE,RELIABLE,RELIABLE,RELIABLE,RELIABLE,RELIABLE,RELIABLE,STATIONARY,STATIONARY,STATIONARY,STATIONARY,STATIONARY,STATIONARY,STATIONARY,STATIONARY,STATIONARY
29812,872,3,STILL,0.12227516,0.00076689,0.00627180,0.00659991,0.00927978,0.00628727,0.00657963,0.00733676,0.00653758,0.02051759,0.02030579,RELIABLE,RELIABLE,RELIABLE,RELIABLE,RELIABLE,RELIABLE,RELIABLE,RELIABLE,STATIONARY,STATIONARY,STATIONARY,STATIONARY,STATIONARY,STATIONARY,STATIONARY,STATIONARY,STATIONARY
29843,873,3,STILL,0.12245142,0.00087582,0.00715241,0.00688274,0.00978327,0.00692993,0.00646777,0.00764226,0.00677876,0.01968617,0.02000637,RELIABLE,RELIABLE,RELIABLE,RELIABLE,RELIABLE,RELIABLE,RELIABLE,RELIABLE,STATIONARY,STATIONARY,STATIONARY,STATIONARY,STATIONARY,STATIONARY,STATIONARY,STATIONARY,STATIONARY
29875,874,3,STILL,0.12253460,0.00098850,0.00806715,0.00683833,0.00911894,0.00686014,0.00670907,0.00781685,0.00749617,0.02468304,0.02355927,RELIABLE,RELIABLE,RELIABLE,RELIABLE,RELIABLE,RELIABLE,RELIABLE,RELIABLE,STATIONARY,STATIONARY,STATIONARY,STATIONARY,STATIONARY,STATIONARY,STATIONARY,STATIONARY,STATIONARY
29906,875,3,STILL,0.12248673,0.00082593,0.00674305,0.00715591,0.00928471,0.00733043,0.00704527,0.00821798,0.00761054,0.02513295,0.02322834,RELIABLE,RELIABLE,RELIABLE,RELIABLE,RELIABLE,RELIABLE,RELIABLE,RELIABLE,STATIONARY,STATIONARY,STATIONARY,STATIONARY,STATIONARY,STATIONARY,STATIONARY,STATIONARY,STATIONARY
29935,876,3,STILL,0.12279083,0.00085681,0.00697783,0.00667050,0.00886645,0.00727608,0.00638833,0.00793426,0.00735046,0.02388399,0.02299324,RELIABLE,RELIABLE,RELIABLE,RELIABLE,RELIABLE,RELIABLE,RELIABLE,RELIABLE,STATIONARY,STATIONARY,STATIONARY,STATIONARY,STATIONARY,STATIONARY,STATIONARY,STATIONARY,STATIONARY
29966,877,3,STILL,0.12334155,0.00072473,0.00587577,0.00712532,0.00977049,0.00764904,0.00623794,0.00887257,0.00794652,0.02320097,0.02798335,RELIABLE,RELIABLE,RELIABLE,RELIABLE,RELIABLE,RELIABLE,RELIABLE,RELIABLE,STATIONARY,STATIONARY,STATIONARY,STATIONARY,STATIONARY,STATIONARY,STATIONARY,STATIONARY,STATIONARY
30026,878,3,STILL,0.12406564,0.00047271,0.00381016,0.00696136,0.00938425,0.00819914,0.00649829,0.00930678,0.00790400,0.02264510,0.02821252,RELIABLE,RELIABLE,RELIABLE,RELIABLE,RELIABLE,RELIABLE,RELIABLE,RELIABLE,STATIONARY,STATIONARY,STATIONARY,STATIONARY,STATIONARY,STATIONARY,STATIONARY,STATIONARY,STATIONARY
30060,879,3,STILL,0.12465226,0.00023635,0.00189611,0.00584929,0.00811207,0.00768866,0.00632311,0.00878066,0.00746078,0.01979861,0.02645696,RELIABLE,RELIABLE,RELIABLE,RELIABLE,RELIABLE,RELIABLE,RELIABLE,RELIABLE,STATIONARY,STATIONARY,STATIONARY,STATIONARY,STATIONARY,STATIONARY,STATIONARY,STATIONARY,STATIONARY
30091,880,3,STILL,0.12454789,0.00098890,0.00793988,0.00605780,0.00834786,0.00730272,0.00627731,0.00876291,0.00939783,0.02233204,0.02663221,RELIABLE,RELIABLE,RELIABLE,RELIABLE,RELIABLE,RELIABLE,RELIABLE,RELIABLE,STATIONARY,STATIONARY,STATIONARY,STATIONARY,STATIONARY,STATIONARY,STATIONARY,STATIONARY,STATIONARY
30123,881,3,STILL,0.12452231,0.00097829,0.00785633,0.00614579,0.00752078,0.00583628,0.00658604,0.01111631,0.00991646,0.02194406,0.02875289,RELIABLE,RELIABLE,RELIABLE,RELIABLE,RELIABLE,RELIABLE,RELIABLE,RELIABLE,STATIONARY,STATIONARY,STATIONARY,STATIONARY,STATIONARY,STATIONARY,STATIONARY,STATIONARY,STATIONARY
30155,882,3,STILL,0.12430887,0.00106671,0.00858114,0.00621003,0.00786437,0.00613582,0.00753557,0.01128560,0.00906903,0.01736645,0.02535058,RELIABLE,RELIABLE,RELIABLE,RELIABLE,RELIABLE,RELIABLE,RELIABLE,RELIABLE,STATIONARY,STATIONARY,STATIONARY,STATIONARY,STATIONARY,STATIONARY,STATIONARY,STATIONARY,STATIONARY
30188,883,3,STILL,0.12393203,0.00093316,0.00752961,0.00630836,0.00827820,0.00665088,0.00808244,0.01197448,0.00899970,0.01757051,0.02602267,RELIABLE,RELIABLE,RELIABLE,RELIABLE,RELIABLE,RELIABLE,RELIABLE,RELIABLE,STATIONARY,STATIONARY,STATIONARY,STATIONARY,STATIONARY,STATIONARY,STATIONARY,STATIONARY,STATIONARY
30218,884,3,STILL,0.12410490,0.00088948,0.00716718,0.00633202,0.00787665,0.00680754,0.00834908,0.01193840,0.01032704,0.01893650,0.02808009,RELIABLE,RELIABLE,RELIABLE,RELIABLE,RELIABLE,RELIABLE,RELIABLE,RELIABLE,STATIONARY,STATIONARY,STATIONARY,STATIONARY,STATIONARY,STATIONARY,STATIONARY,STATIONARY,STATIONARY
30250,885,3,STILL,0.12405194,0.00044929,0.00362182,0.00605028,0.00723197,0.00632538,0.00825427,0.01118875,0.00920805,0.01652567,0.02546380,RELIABLE,RELIABLE,RELIABLE,RELIABLE,RELIABLE,RELIABLE,RELIABLE,RELIABLE,STATIONARY,STATIONARY,STATIONARY,STATIONARY,STATIONARY,STATIONARY,STATIONARY,STATIONARY,STATIONARY
30282,886,3,STILL,0.12424749,0.00058216,0.00468551,0.00615970,0.00741412,0.00638110,0.00850100,0.01067179,0.00963648,0.01654098,0.02500519,RELIABLE,RELIABLE,RELIABLE,RELIABLE,RELIABLE,RELIABLE,RELIABLE,RELIABLE,STATIONARY,STATIONARY,STATIONARY,STATIONARY,STATIONARY,STATIONARY,STATIONARY,STATIONARY,STATIONARY
30313,887,3,STILL,0.12426289,0.00134231,0.01080218,0.00727296,0.00869767,0.00759810,0.00858067,0.01074269,0.00990502,0.01777868,0.02421451,RELIABLE,RELIABLE,RELIABLE,RELIABLE,RELIABLE,RELIABLE,RELIABLE,RELIABLE,STATIONARY,STATIONARY,STATIONARY,STATIONARY,STATIONARY,STATIONARY,STATIONARY,STATIONARY,STATIONARY
30345,888,3,STILL,0.12418358,0.00074188,0.00597404,0.00702723,0.00869519,0.00768943,0.00884695,0.01066193,0.00771007,0.01566095,0.02237536,RELIABLE,RELIABLE,RELIABLE,RELIABLE,RELIABLE,RELIABLE,RELIABLE,RELIABLE,STATIONARY,STATIONARY,STATIONARY,STATIONARY,STATIONARY,STATIONARY,STATIONARY,STATIONARY,STATIONARY
30377,889,3,STILL,0.12431144,0.00102695,0.00826108,0.00707782,0.00942278,0.00864655,0.00860345,0.00844179,0.00731718,0.01597269,0.01895018,RELIABLE,RELIABLE,RELIABLE,RELIABLE,RELIABLE,RELIABLE,RELIABLE,RELIABLE,STATIONARY,STATIONARY,STATIONARY,STATIONARY,STATIONARY,STATIONARY,STATIONARY,STATIONARY,STATIONARY
30408,890,3,STILL,0.12453199,0.00193283,0.01552073,0.00794527,0.01084283,0.00974073,0.00716532,0.00828229,0.00766099,0.01601075,0.01887106,RELIABLE,RELIABLE,RELIABLE,RELIABLE,RELIABLE,RELIABLE,RELIABLE,PARTIAL,STATIONARY,STATIONARY,STATIONARY,STATIONARY,STATIONARY,STATIONARY,STATIONARY,STATIONARY,STATIONARY
30440,891,3,STILL,0.12455882,0.00129627,0.01040687,0.00830493,0.01086965,0.01011266,0.00619655,0.00759599,0.00820476,0.01660422,0.01870522,RELIABLE,RELIABLE,RELIABLE,RELIABLE,RELIABLE,RELIABLE,RELIABLE,RELIABLE,STATIONARY,STATIONARY,STATIONARY,STATIONARY,STATIONARY,STATIONARY,STATIONARY,STATIONARY,STATIONARY
30472,892,3,STILL,0.12447155,0.00034863,0.00280087,0.00775914,0.01015603,0.00924993,0.00612900,0.00735956,0.00679349,0.01540447,0.01746168,RELIABLE,RELIABLE,RELIABLE,RELIABLE,RELIABLE,RELIABLE,RELIABLE,RELIABLE,STATIONARY,STATIONARY,STATIONARY,STATIONARY,STATIONARY,STATIONARY,STATIONARY,STATIONARY,STATIONARY
30504,893,3,STILL,0.12477222,0.00058177,0.00466267,0.00788924,0.01023083,0.01007105,0.00615060,0.00784779,0.00818569,0.01866200,0.01843815,RELIABLE,RELIABLE,RELIABLE,RELIABLE,RELIABLE,RELIABLE,RELIABLE,RELIABLE,STATIONARY,STATIONARY,STATIONARY,STATIONARY,STATIONARY,STATIONARY,STATIONARY,STATIONARY,STATIONARY
30535,894,3,STILL,0.12417765,0.00135323,0.01089751,0.00866574,0.01092691,0.01010723,0.00632512,0.00896058,0.00951699,0.02065453,0.01996108,RELIABLE,RELIABLE,RELIABLE,RELIABLE,RELIABLE,RELIABLE,RELIABLE,RELIABLE,STATIONARY,STATIONARY,STATIONARY,STATIONARY,STATIONARY,STATIONARY,STATIONARY,STATIONARY,STATIONARY
30566,895,3,STILL,0.12375513,0.00154997,0.01252451,0.00888103,0.01093044,0.01076519,0.00798645,0.00958159,0.01063954,0.02536220,0.02704103,RELIABLE,RELIABLE,RELIABLE,RELIABLE,RELIABLE,RELIABLE,RELIABLE,RELIABLE,STATIONARY,STATIONARY,STATIONARY,STATIONARY,STATIONARY,STATIONARY,STATIONARY,STATIONARY,STATIONARY
30598,896,3,STILL,0.12397046,0.00109292,0.00881600,0.00923628,0.01067049,0.01165594,0.00794910,0.00987164,0.01144852,0.02535556,0.02946496,RELIABLE,RELIABLE,RELIABLE,RELIABLE,RELIABLE,RELIABLE,RELIABLE,RELIABLE,STATIONARY,STATIONARY,STATIONARY,STATIONARY,STATIONARY,STATIONARY,STATIONARY,STATIONARY,STATIONARY
30630,897,3,STILL,0.12413814,0.00126795,0.01021404,0.00948040,0.01064388,0.01161005,0.00882453,0.00942694,0.01229747,0.02438372,0.03021560,RELIABLE,RELIABLE,RELIABLE,RELIABLE,RELIABLE,RELIABLE,RELIABLE,RELIABLE,STATIONARY,STATIONARY,STATIONARY,STATIONARY,STATIONARY,STATIONARY,STATIONARY,STATIONARY,STATIONARY
30662,898,3,STILL,0.12416861,0.00074598,0.00600778,0.00829128,0.00879072,0.00989333,0.00948570,0.00946001,0.01247573,0.02427342,0.03019012,RELIABLE,RELIABLE,RELIABLE,RELIABLE,RELIABLE,RELIABLE,RELIABLE,PARTIAL,STATIONARY,STATIONARY,STATIONARY,STATIONARY,STATIONARY,STATIONARY,STATIONARY,MOVING,MOVING
30693,899,3,STILL,0.12400873,0.00141247,0.01139012,0.00841419,0.00929669,0.00978904,0.01015638,0.01024207,0.01228904,0.02445322,0.03157975,RELIABLE,RELIABLE,RELIABLE,RELIABLE,RELIABLE,RELIABLE,RELIABLE,RELIABLE,STATIONARY,STATIONARY,STATIONARY,STATIONARY,STATIONARY,STATIONARY,STATIONARY,MOVING,MOVING
30725,900,3,STILL,0.12368575,0.00053607,0.00433416,0.00860585,0.00952132,0.00943862,0.01116756,0.00978458,0.01240085,0.02490289,0.03278909,RELIABLE,RELIABLE,RELIABLE,RELIABLE,RELIABLE,RELIABLE,RELIABLE,RELIABLE,STATIONARY,STATIONARY,STATIONARY,STATIONARY,STATIONARY,STATIONARY,STATIONARY,MOVING,MOVING
30762,901,3,STILL,0.12369232,0.00079691,0.00644265,0.00882835,0.00956229,0.00971758,0.01085523,0.01036559,0.01182173,0.02245944,0.02988351,RELIABLE,RELIABLE,RELIABLE,RELIABLE,RELIABLE,RELIABLE,RELIABLE,RELIABLE,STATIONARY,STATIONARY,STATIONARY,STATIONARY,STATIONARY,STATIONARY,STATIONARY,MOVING,MOVING
30793,902,3,STILL,0.12373853,0.00069754,0.00563719,0.00817081,0.00931803,0.00944018,0.01097633,0.01012478,0.01014395,0.01921381,0.02807265,RELIABLE,RELIABLE,RELIABLE,RELIABLE,RELIABLE,RELIABLE,RELIABLE,RELIABLE,STATIONARY,STATIONARY,STATIONARY,STATIONARY,STATIONARY,STATIONARY,STATIONARY,MOVING,MOVING
30826,903,3,STILL,0.12421393,0.00108000,0.00869465,0.00769208,0.00919336,0.00845022,0.00946429,0.01064610,0.00942685,0.01442808,0.02249580,RELIABLE,RELIABLE,RELIABLE,RELIABLE,RELIABLE,RELIABLE,RELIABLE,RELIABLE,STATIONARY,STATIONARY,STATIONARY,STATIONARY,STATIONARY,STATIONARY,STATIONARY,MOVING,MOVING
30867,904,3,STILL,0.12432788,0.00044036,0.00354191,0.00703281,0.00909317,0.00689722,0.00944972,0.01060457,0.00885805,0.01405888,0.02129373,RELIABLE,RELIABLE,RELIABLE,RELIABLE,RELIABLE,RELIABLE,RELIABLE,RELIABLE,STATIONARY,STATIONARY,STATIONARY,STATIONARY,STATIONARY,STATIONARY,STATIONARY,MOVING,MOVING
30898,905,3,STILL,0.12448923,0.00059292,0.00476285,0.00635142,0.00826379,0.00605935,0.00831263,0.01144142,0.00788738,0.01382917,0.02241831,RELIABLE,RELIABLE,RELIABLE,RELIABLE,RELIABLE,RELIABLE,RELIABLE,RELIABLE,STATIONARY,STATIONARY,STATIONARY,STATIONARY,STATIONARY,STATIONARY,STATIONARY,MOVING,MOVING
30930,906,3,STILL,0.12487033,0.00119901,0.00960204,0.00680070,0.00867335,0.00650397,0.00849846,0.01231779,0.00798462,0.01613164,0.02559862,RELIABLE,RELIABLE,RELIABLE,RELIABLE,RELIABLE,RELIABLE,RELIABLE,RELIABLE,STATIONARY,STATIONARY,STATIONARY,STATIONARY,STATIONARY,STATIONARY,STATIONARY,MOVING,MOVING
30961,907,3,STILL,0.12526292,0.00066658,0.00532146,0.00604211,0.00721055,0.00520322,0.00839276,0.01161534,0.00775316,0.01665558,0.02568759,RELIABLE,RELIABLE,RELIABLE,RELIABLE,RELIABLE,RELIABLE,RELIABLE,RELIABLE,STATIONARY,STATIONARY,STATIONARY,STATIONARY,STATIONARY,STATIONARY,STATIONARY,MOVING,MOVING
30993,908,3,STILL,0.12538149,0.00061415,0.00489826,0.00611263,0.00743521,0.00634387,0.00834732,0.01382932,0.00824647,0.01590140,0.02292512,RELIABLE,RELIABLE,RELIABLE,RELIABLE,RELIABLE,RELIABLE,RELIABLE,RELIABLE,STATIONARY,STATIONARY,STATIONARY,STATIONARY,STATIONARY,STATIONARY,STATIONARY,MOVING,MOVING
31025,909,3,STILL,0.12544780,0.00155812,0.01242046,0.00685985,0.01003465,0.00847625,0.00916499,0.01413258,0.00880085,0.01658674,0.02313892,RELIABLE,RELIABLE,RELIABLE,RELIABLE,RELIABLE,RELIABLE,RELIABLE,RELIABLE,STATIONARY,STATIONARY,STATIONARY,STATIONARY,STATIONARY,STATIONARY,STATIONARY,MOVING,MOVING
31056,910,3,STILL,0.12550677,0.00141322,0.01126012,0.00756272,0.01087165,0.00990863,0.00938085,0.01377937,0.00895827,0.01705079,0.02240495,RELIABLE,RELIABLE,RELIABLE,RELIABLE,RELIABLE,RELIABLE,RELIABLE,RELIABLE,STATIONARY,STATIONARY,STATIONARY,STATIONARY,STATIONARY,STATIONARY,STATIONARY,STATIONARY,STATIONARY
31088,911,3,STILL,0.12588091,0.00166939,0.01326166,0.00813359,0.01191077,0.01063599,0.01068852,0.01353854,0.00923887,0.01834871,0.02333480,RELIABLE,RELIABLE,RELIABLE,RELIABLE,RELIABLE,RELIABLE,RELIABLE,PARTIAL,STATIONARY,STATIONARY,STATIONARY,STATIONARY,STATIONARY,STATIONARY,STATIONARY,STATIONARY,STATIONARY
31130,912,3,STILL,0.12703825,0.00096507,0.00759670,0.00864044,0.01248323,0.01172647,0.01120251,0.01382202,0.01088667,0.02041372,0.02354380,RELIABLE,RELIABLE,RELIABLE,RELIABLE,RELIABLE,RELIABLE,RELIABLE,RELIABLE,STATIONARY,STATIONARY,STATIONARY,STATIONARY,STATIONARY,STATIONARY,STATIONARY,STATIONARY,STATIONARY
31166,913,3,STILL,0.12756841,0.00126812,0.00994074,0.00928768,0.01428748,0.01372030,0.01221506,0.01319461,0.01065462,0.02625727,0.02131417,RELIABLE,RELIABLE,RELIABLE,RELIABLE,RELIABLE,RELIABLE,RELIABLE,PARTIAL,STATIONARY,STATIONARY,STATIONARY,STATIONARY,STATIONARY,STATIONARY,STATIONARY,STATIONARY,STATIONARY
31197,914,3,STILL,0.12774519,0.00155266,0.01215434,0.00960672,0.01579052,0.01668784,0.01313056,0.01279254,0.01116061,0.02647089,0.01815641,RELIABLE,RELIABLE,RELIABLE,RELIABLE,RELIABLE,RELIABLE,RELIABLE,RELIABLE,STATIONARY,STATIONARY,STATIONARY,STATIONARY,STATIONARY,STATIONARY,STATIONARY,STATIONARY,STATIONARY
31229,915,3,STILL,0.12796491,0.00130463,0.01019520,0.01021594,0.01799321,0.01885860,0.01439481,0.01386019,0.01187677,0.02552613,0.01691941,RELIABLE,RELIABLE,RELIABLE,RELIABLE,RELIABLE,RELIABLE,PARTIAL,PARTIAL,STATIONARY,STATIONARY,STATIONARY,STATIONARY,STATIONARY,STATIONARY,STATIONARY,STATIONARY,STATIONARY
31260,916,3,STILL,0.12832003,0.00128718,0.01003104,0.01085753,0.01924514,0.02001486,0.01423253,0.01315416,0.01191934,0.02611409,0.01806077,RELIABLE,RELIABLE,RELIABLE,RELIABLE,RELIABLE,RELIABLE,PARTIAL,PARTIAL,STATIONARY,STATIONARY,STATIONARY,STATIONARY,STATIONARY,STATIONARY,STATIONARY,STATIONARY,STATIONARY
31291,917,3,STILL,0.12853331,0.00160274,0.01246948,0.01086366,0.01938546,0.02028185,0.01465119,0.01518046,0.01308877,0.02883452,0.01853696,RELIABLE,RELIABLE,RELIABLE,RELIABLE,RELIABLE,RELIABLE,RELIABLE,RELIABLE,STATIONARY,STATIONARY,STATIONARY,STATIONARY,STATIONARY,STATIONARY,STATIONARY,STATIONARY,STATIONARY
31323,918,3,STILL,0.12876782,0.00148854,0.01155988,0.01090113,0.02053031,0.02110141,0.01473128,0.01776441,0.01399224,0.03035916,0.01934944,RELIABLE,RELIABLE,RELIABLE,RELIABLE,RELIABLE,RELIABLE,RELIABLE,RELIABLE,STATIONARY,STATIONARY,STATIONARY,STATIONARY,STATIONARY,STATIONARY,STATIONARY,STATIONARY,STATIONARY
31355,919,3,STILL,0.12865941,0.00134160,0.01042752,0.01054686,0.02100360,0.02194173,0.01402936,0.02029956,0.01389492,0.02918094,0.01746243,RELIABLE,RELIABLE,RELIABLE,RELIABLE,RELIABLE,RELIABLE,RELIABLE,RELIABLE,STATIONARY,STATIONARY,STATIONARY,STATIONARY,STATIONARY,STATIONARY,STATIONARY,STATIONARY,STATIONARY
31386,920,3,STILL,0.12866982,0.00240562,0.01869606,0.01193428,0.02452938,0.02579698,0.01378488,0.02270229,0.01403557,0.02778627,0.01835435,RELIABLE,RELIABLE,RELIABLE,RELIABLE,RELIABLE,RELIABLE,PARTIAL,RELIABLE,STATIONARY,STATIONARY,STATIONARY,STATIONARY,STATIONARY,STATIONARY,STATIONARY,STATIONARY,STATIONARY
31417,921,3,STILL,0.12896510,0.00168342,0.01305327,0.01232335,0.02500375,0.02691501,0.01364342,0.02591175,0.01499434,0.02246960,0.01899465,RELIABLE,RELIABLE,RELIABLE,RELIABLE,RELIABLE,RELIABLE,RELIABLE,RELIABLE,STATIONARY,STATIONARY,STATIONARY,STATIONARY,STATIONARY,STATIONARY,STATIONARY,STATIONARY,STATIONARY
31449,922,3,STILL,0.12927149,0.00329144,0.02546148,0.01398674,0.02929921,0.02925947,0.01269653,0.02882932,0.01513598,0.02107571,0.02355347,RELIABLE,RELIABLE,RELIABLE,RELIABLE,RELIABLE,RELIABLE,RELIABLE,RELIABLE,STATIONARY,STATIONARY,STATIONARY,STATIONARY,STATIONARY,STATIONARY,STATIONARY,STATIONARY,STATIONARY
31481,923,3,STILL,0.12984033,0.00231404,0.01782217,0.01494011,0.03252643,0.03208176,0.01366166,0.03209888,0.01703680,0.02143117,0.02715143,RELIABLE,RELIABLE,RELIABLE,RELIABLE,RELIABLE,RELIABLE,RELIABLE,RELIABLE,STATIONARY,STATIONARY,STATIONARY,STATIONARY,STATIONARY,STATIONARY,STATIONARY,STATIONARY,STATIONARY
31530,924,3,STILL,0.13011319,0.00293804,0.02258067,0.01650882,0.03754969,0.03644009,0.01496691,0.03531768,0.01778460,0.02431095,0.02864588,RELIABLE,RELIABLE,RELIABLE,RELIABLE,RELIABLE,RELIABLE,RELIABLE,RELIABLE,STATIONARY,STATIONARY,STATIONARY,STATIONARY,STATIONARY,STATIONARY,STATIONARY,STATIONARY,STATIONARY
31562,925,3,STILL,0.13103670,0.00306717,0.02340694,0.01787600,0.04055193,0.03920459,0.01536137,0.03589016,0.01831430,0.02339692,0.02864325,RELIABLE,RELIABLE,RELIABLE,RELIABLE,RELIABLE,RELIABLE,RELIABLE,RELIABLE,STATIONARY,STATIONARY,STATIONARY,STATIONARY,STATIONARY,STATIONARY,STATIONARY,STATIONARY,STATIONARY
31594,926,3,STILL,0.13140088,0.00316600,0.02409420,0.01944279,0.04548391,0.04405134,0.01780643,0.03848115,0.02010393,0.02307229,0.03055462,RELIABLE,RELIABLE,RELIABLE,RELIABLE,RELIABLE,RELIABLE,RELIABLE,RELIABLE,STATIONARY,STATIONARY,STATIONARY,STATIONARY,STATIONARY,STATIONARY,STATIONARY,STATIONARY,STATIONARY
31626,927,3,STILL,0.13139120,0.00292727,0.02227901,0.02092423,0.05006088,0.04871148,0.01983986,0.03955579,0.02156112,0.02894724,0.03157398,RELIABLE,RELIABLE,RELIABLE,RELIABLE,RELIABLE,RELIABLE,RELIABLE,RELIABLE,STATIONARY,STATIONARY,STATIONARY,STATIONARY,STATIONARY,STATIONARY,STATIONARY,STATIONARY,STATIONARY
31658,928,3,STILL,0.13192659,0.00459341,0.03481791,0.02293946,0.05354593,0.05228412,0.02354053,0.04056597,0.02244045,0.04122755,0.03910352,RELIABLE,RELIABLE,RELIABLE,RELIABLE,RELIABLE,RELIABLE,RELIABLE,RELIABLE,STATIONARY,STATIONARY,STATIONARY,STATIONARY,STATIONARY,STATIONARY,STATIONARY,MOVING,MOVING
31689,929,3,STILL,0.13223472,0.00352215,0.02663557,0.02463724,0.05835970,0.05623269,0.02531753,0.04113544,0.02479615,0.04867734,0.04275108,RELIABLE,RELIABLE,RELIABLE,RELIABLE,RELIABLE,RELIABLE,RELIABLE,RELIABLE,STATIONARY,STATIONARY,STATIONARY,STATIONARY,STATIONARY,STATIONARY,STATIONARY,MOVING,MOVING
31722,930,3,STILL,0.13261580,0.00374298,0.02822422,0.02498258,0.05864995,0.05730951,0.02818028,0.04028028,0.02659594,0.05121323,0.04858928,RELIABLE,RELIABLE,RELIABLE,RELIABLE,RELIABLE,RELIABLE,RELIABLE,RELIABLE,STATIONARY,STATIONARY,STATIONARY,STATIONARY,STATIONARY,STATIONARY,MOVING,MOVING,MOVING
31753,931,3,STILL,0.13296321,0.00276902,0.02082549,0.02535800,0.05913316,0.05829035,0.03015571,0.03859640,0.02572042,0.05374482,0.04511012,RELIABLE,RELIABLE,RELIABLE,RELIABLE,RELIABLE,RELIABLE,RELIABLE,RELIABLE,STATIONARY,STATIONARY,STATIONARY,STATIONARY,STATIONARY,STATIONARY,MOVING,MOVING,MOVING
31786,932,3,STILL,0.13393205,0.00258228,0.01928055,0.02494548,0.05724188,0.05669588,0.02875759,0.03744532,0.02621872,0.05255283,0.04384990,RELIABLE,RELIABLE,RELIABLE,RELIABLE,RELIABLE,RELIABLE,RELIABLE,RELIABLE,STATIONARY,STATIONARY,STATIONARY,STATIONARY,STATIONARY,STATIONARY,MOVING,MOVING,MOVING
31818,933,3,STILL,0.13445262,0.00308090,0.02291437,0.02488391,0.05672077,0.05695224,0.02816705,0.03510401,0.02414726,0.05117817,0.04253461,RELIABLE,RELIABLE,RELIABLE,RELIABLE,RELIABLE,RELIABLE,RELIABLE,RELIABLE,STATIONARY,STATIONARY,STATIONARY,STATIONARY,STATIONARY,STATIONARY,MOVING,MOVING,MOVING
36091,1061,3,RIGHT_ARM,0.12846445,0.00258922,0.02015518,0.01590168,0.03320798,0.03400020,0.01460606,0.01640566,0.01841363,0.03085031,0.03143797,RELIABLE,RELIABLE,RELIABLE,RELIABLE,RELIABLE,RELIABLE,PARTIAL,RELIABLE,STATIONARY,STATIONARY,STATIONARY,STATIONARY,STATIONARY,STATIONARY,STATIONARY,MOVING,MOVING
36138,1062,3,RIGHT_ARM,0.12903413,0.00285400,0.02211816,0.01667408,0.03547513,0.03654365,0.01504982,0.01523655,0.01812634,0.03431689,0.02923426,RELIABLE,RELIABLE,RELIABLE,RELIABLE,RELIABLE,RELIABLE,RELIABLE,RELIABLE,STATIONARY,STATIONARY,STATIONARY,STATIONARY,STATIONARY,STATIONARY,STATIONARY,MOVING,MOVING
36170,1063,3,RIGHT_ARM,0.12942783,0.00306812,0.02370528,0.01840888,0.03945614,0.03876508,0.01371346,0.01588064,0.01725885,0.03557975,0.02929836,RELIABLE,RELIABLE,RELIABLE,RELIABLE,RELIABLE,RELIABLE,RELIABLE,RELIABLE,STATIONARY,STATIONARY,STATIONARY,STATIONARY,STATIONARY,STATIONARY,STATIONARY,MOVING,MOVING
36201,1064,3,RIGHT_ARM,0.12887922,0.00156812,0.01216737,0.01791525,0.03876049,0.03936975,0.01235852,0.01502961,0.01623359,0.03764383,0.02909259,RELIABLE,RELIABLE,RELIABLE,RELIABLE,RELIABLE,RELIABLE,RELIABLE,RELIABLE,STATIONARY,STATIONARY,STATIONARY,STATIONARY,STATIONARY,STATIONARY,STATIONARY,MOVING,MOVING
36233,1065,3,RIGHT_ARM,0.12880545,0.00255422,0.01983003,0.01803441,0.03893207,0.03916977,0.01491091,0.01578253,0.01613518,0.03744441,0.02851521,RELIABLE,RELIABLE,RELIABLE,RELIABLE,RELIABLE,RELIABLE,RELIABLE,RELIABLE,STATIONARY,STATIONARY,STATIONARY,STATIONARY,STATIONARY,STATIONARY,STATIONARY,MOVING,MOVING
36266,1066,3,RIGHT_ARM,0.12918168,0.00249801,0.01933722,0.01869599,0.03999859,0.04001608,0.01483993,0.01594573,0.01461977,0.03297299,0.02461530,RELIABLE,RELIABLE,RELIABLE,RELIABLE,RELIABLE,RELIABLE,RELIABLE,RELIABLE,STATIONARY,STATIONARY,STATIONARY,STATIONARY,STATIONARY,STATIONARY,STATIONARY,MOVING,MOVING
36298,1067,3,RIGHT_ARM,0.12940230,0.00317816,0.02456029,0.01959969,0.04102903,0.04143513,0.01766065,0.01761626,0.01438514,0.03060171,0.02153980,RELIABLE,RELIABLE,RELIABLE,RELIABLE,RELIABLE,RELIABLE,RELIABLE,RELIABLE,STATIONARY,STATIONARY,STATIONARY,STATIONARY,STATIONARY,STATIONARY,STATIONARY,MOVING,MOVING
36330,1068,3,RIGHT_ARM,0.12992399,0.00297766,0.02291850,0.02059900,0.04254356,0.04285779,0.01892271,0.01942999,0.01498974,0.03403191,0.02276351,RELIABLE,RELIABLE,RELIABLE,RELIABLE,RELIABLE,RELIABLE,RELIABLE,RELIABLE,STATIONARY,STATIONARY,STATIONARY,STATIONARY,STATIONARY,STATIONARY,STATIONARY,MOVING,MOVING
36361,1069,3,RIGHT_ARM,0.13003356,0.00339689,0.02612316,0.02134500,0.04499421,0.04593947,0.01996811,0.02024427,0.01578844,0.03513279,0.02616232,RELIABLE,RELIABLE,RELIABLE,RELIABLE,RELIABLE,RELIABLE,PARTIAL,PARTIAL,STATIONARY,STATIONARY,STATIONARY,STATIONARY,STATIONARY,STATIONARY,STATIONARY,MOVING,MOVING
36394,1070,3,RIGHT_ARM,0.13031747,0.00287292,0.02204556,0.02133593,0.04541060,0.04594984,0.02231701,0.02327644,0.01688149,0.03261661,0.02556600,RELIABLE,RELIABLE,RELIABLE,RELIABLE,RELIABLE,RELIABLE,RELIABLE,RELIABLE,STATIONARY,STATIONARY,STATIONARY,STATIONARY,STATIONARY,STATIONARY,STATIONARY,MOVING,MOVING
36425,1071,3,RIGHT_ARM,0.13051135,0.00308383,0.02362880,0.02132637,0.04564422,0.04712155,0.02391189,0.02640844,0.01830547,0.03431468,0.02700764,RELIABLE,RELIABLE,RELIABLE,RELIABLE,RELIABLE,RELIABLE,RELIABLE,RELIABLE,STATIONARY,STATIONARY,STATIONARY,STATIONARY,STATIONARY,STATIONARY,STATIONARY,MOVING,MOVING
36458,1072,3,RIGHT_ARM,0.13046352,0.00308806,0.02366989,0.02276418,0.04807665,0.04841123,0.02847465,0.02954556,0.01908946,0.03528769,0.02957375,RELIABLE,RELIABLE,RELIABLE,RELIABLE,RELIABLE,RELIABLE,RELIABLE,RELIABLE,STATIONARY,STATIONARY,STATIONARY,STATIONARY,STATIONARY,STATIONARY,STATIONARY,MOVING,MOVING
36490,1073,3,RIGHT_ARM,0.13087109,0.00355214,0.02714230,0.02367821,0.05026326,0.04955571,0.02885915,0.03118995,0.01868396,0.03440891,0.03105343,RELIABLE,RELIABLE,RELIABLE,RELIABLE,RELIABLE,RELIABLE,RELIABLE,RELIABLE,STATIONARY,STATIONARY,STATIONARY,STATIONARY,STATIONARY,STATIONARY,STATIONARY,MOVING,MOVING
36537,1074,3,RIGHT_ARM,0.13105302,0.00298389,0.02276854,0.02410713,0.05202121,0.05052649,0.03167906,0.03477183,0.01909487,0.03803822,0.03188137,RELIABLE,RELIABLE,RELIABLE,RELIABLE,RELIABLE,RELIABLE,RELIABLE,RELIABLE,STATIONARY,STATIONARY,STATIONARY,STATIONARY,STATIONARY,STATIONARY,STATIONARY,MOVING,MOVING
36570,1075,3,RIGHT_ARM,0.13117132,0.00229918,0.01752808,0.02322810,0.05185768,0.04945685,0.03120191,0.03588440,0.02130036,0.04184952,0.03157925,RELIABLE,RELIABLE,RELIABLE,RELIABLE,RELIABLE,RELIABLE,RELIABLE,RELIABLE,STATIONARY,STATIONARY,STATIONARY,STATIONARY,STATIONARY,STATIONARY,STATIONARY,MOVING,MOVING
36609,1076,3,RIGHT_ARM,0.13097105,0.00328229,0.02506120,0.02349594,0.05255036,0.04969062,0.03246066,0.03835387,0.02273895,0.03796510,0.03410030,RELIABLE,RELIABLE,RELIABLE,RELIABLE,RELIABLE,RELIABLE,RELIABLE,RELIABLE,STATIONARY,STATIONARY,STATIONARY,STATIONARY,STATIONARY,STATIONARY,MOVING,MOVING,MOVING
36642,1077,3,RIGHT_ARM,0.13097294,0.00210373,0.01606231,0.02223834,0.05041486,0.04679695,0.03252139,0.03774479,0.02200130,0.03644637,0.03169256,RELIABLE,RELIABLE,RELIABLE,RELIABLE,RELIABLE,RELIABLE,RELIABLE,RELIABLE,STATIONARY,STATIONARY,STATIONARY,STATIONARY,STATIONARY,STATIONARY,MOVING,MOVING,MOVING
36673,1078,3,RIGHT_ARM,0.13054694,0.00297636,0.02279916,0.02233254,0.05109037,0.04725606,0.03225349,0.03855378,0.02218793,0.03575676,0.03156260,RELIABLE,RELIABLE,RELIABLE,RELIABLE,RELIABLE,RELIABLE,RELIABLE,RELIABLE,STATIONARY,STATIONARY,STATIONARY,STATIONARY,STATIONARY,STATIONARY,MOVING,MOVING,MOVING
36705,1079,3,RIGHT_ARM,0.13049480,0.00287167,0.02200600,0.02212969,0.04985228,0.04751448,0.03306013,0.03761019,0.02078758,0.03443973,0.03321300,RELIABLE,RELIABLE,RELIABLE,RELIABLE,RELIABLE,RELIABLE,RELIABLE,RELIABLE,STATIONARY,STATIONARY,STATIONARY,STATIONARY,STATIONARY,STATIONARY,MOVING,MOVING,MOVING
36737,1080,3,RIGHT_ARM,0.13058715,0.00284049,0.02175165,0.02188991,0.04959978,0.04796960,0.02971957,0.03576803,0.02127395,0.03347391,0.03210847,RELIABLE,RELIABLE,RELIABLE,RELIABLE,RELIABLE,RELIABLE,RELIABLE,RELIABLE,STATIONARY,STATIONARY,STATIONARY,STATIONARY,STATIONARY,STATIONARY,MOVING,MOVING,MOVING
36768,1081,3,RIGHT_ARM,0.13043123,0.00146780,0.01125345,0.01990380,0.04626649,0.04538299,0.02893149,0.03578260,0.02104294,0.03240782,0.02970663,RELIABLE,RELIABLE,RELIABLE,RELIABLE,RELIABLE,RELIABLE,RELIABLE,RELIABLE,STATIONARY,STATIONARY,STATIONARY,STATIONARY,STATIONARY,STATIONARY,MOVING,MOVING,MOVING
36800,1082,3,RIGHT_ARM,0.13054335,0.00152818,0.01170628,0.01852102,0.04318582,0.04209860,0.02544080,0.03395686,0.02045772,0.02820986,0.03088278,RELIABLE,RELIABLE,RELIABLE,RELIABLE,RELIABLE,RELIABLE,RELIABLE,RELIABLE,STATIONARY,STATIONARY,STATIONARY,STATIONARY,STATIONARY,STATIONARY,MOVING,MOVING,MOVING
36831,1083,3,RIGHT_ARM,0.13044422,0.00172384,0.01321517,0.01798190,0.04048087,0.04064690,0.02260084,0.03253961,0.01757352,0.02811927,0.03142057,RELIABLE,RELIABLE,RELIABLE,RELIABLE,RELIABLE,RELIABLE,RELIABLE,RELIABLE,STATIONARY,STATIONARY,STATIONARY,STATIONARY,STATIONARY,STATIONARY,MOVING,MOVING,MOVING
36863,1084,3,RIGHT_ARM,0.13067737,0.00175664,0.01344259,0.01652958,0.03740062,0.03676295,0.01969890,0.02859067,0.01557930,0.02820095,0.03038142,RELIABLE,RELIABLE,RELIABLE,RELIABLE,RELIABLE,RELIABLE,RELIABLE,RELIABLE,STATIONARY,STATIONARY,STATIONARY,STATIONARY,STATIONARY,STATIONARY,MOVING,MOVING,MOVING
36905,1085,3,RIGHT_ARM,0.13085935,0.00073399,0.00560896,0.01522291,0.03323466,0.03247672,0.01877324,0.02606218,0.01681415,0.02970009,0.03487550,RELIABLE,RELIABLE,RELIABLE,RELIABLE,RELIABLE,RELIABLE,RELIABLE,RELIABLE,STATIONARY,STATIONARY,STATIONARY,STATIONARY,STATIONARY,STATIONARY,MOVING,MOVING,MOVING
36942,1086,3,RIGHT_ARM,0.13088612,0.00104328,0.00797094,0.01336938,0.02959091,0.02819115,0.01657156,0.02323232,0.01449501,0.02900200,0.03349190,RELIABLE,RELIABLE,RELIABLE,RELIABLE,RELIABLE,RELIABLE,RELIABLE,RELIABLE,STATIONARY,STATIONARY,STATIONARY,STATIONARY,STATIONARY,STATIONARY,MOVING,MOVING,MOVING
36973,1087,3,RIGHT_ARM,0.13043724,0.00094643,0.00725582,0.01152561,0.02601232,0.02368777,0.01508688,0.02006483,0.01383133,0.02676202,0.02979304,RELIABLE,RELIABLE,RELIABLE,RELIABLE,RELIABLE,RELIABLE,RELIABLE,RELIABLE,STATIONARY,STATIONARY,STATIONARY,STATIONARY,STATIONARY,STATIONARY,STATIONARY,MOVING,MOVING
37005,1088,3,RIGHT_ARM,0.12998431,0.00111541,0.00858108,0.00987929,0.02193195,0.01925412,0.01324275,0.01799238,0.01226104,0.02449751,0.02637794,RELIABLE,RELIABLE,RELIABLE,RELIABLE,RELIABLE,RELIABLE,RELIABLE,RELIABLE,STATIONARY,STATIONARY,STATIONARY,STATIONARY,STATIONARY,STATIONARY,STATIONARY,MOVING,MOVING
37037,1089,3,RIGHT_ARM,0.12994531,0.00149110,0.01147483,0.00990696,0.02120509,0.01811945,0.01113550,0.01452055,0.01205829,0.02755836,0.02790390,RELIABLE,RELIABLE,RELIABLE,RELIABLE,RELIABLE,RELIABLE,RELIABLE,RELIABLE,STATIONARY,STATIONARY,STATIONARY,STATIONARY,STATIONARY,STATIONARY,STATIONARY,MOVING,MOVING
37069,1090,3,RIGHT_ARM,0.12968255,0.00128956,0.00994397,0.00968667,0.01949508,0.01631715,0.01171416,0.01300873,0.01188263,0.02877163,0.02862679,RELIABLE,RELIABLE,RELIABLE,RELIABLE,RELIABLE,RELIABLE,RELIABLE,RELIABLE,STATIONARY,STATIONARY,STATIONARY,STATIONARY,STATIONARY,STATIONARY,STATIONARY,MOVING,MOVING
37099,1091,3,RIGHT_ARM,0.12954933,0.00068657,0.00529972,0.00869724,0.01809763,0.01349596,0.01194454,0.01064223,0.01179943,0.02697697,0.03085998,RELIABLE,RELIABLE,RELIABLE,RELIABLE,RELIABLE,RELIABLE,RELIABLE,RELIABLE,STATIONARY,STATIONARY,STATIONARY,STATIONARY,STATIONARY,STATIONARY,STATIONARY,MOVING,MOVING
37130,1092,3,RIGHT_ARM,0.12932651,0.00074583,0.00576702,0.00773779,0.01572745,0.01129533,0.01219455,0.00957014,0.01091596,0.02595433,0.02971631,RELIABLE,RELIABLE,RELIABLE,RELIABLE,RELIABLE,RELIABLE,RELIABLE,RELIABLE,STATIONARY,STATIONARY,STATIONARY,STATIONARY,STATIONARY,STATIONARY,STATIONARY,MOVING,MOVING
37162,1093,3,RIGHT_ARM,0.12918886,0.00108939,0.00843251,0.00809074,0.01534697,0.01156005,0.01174955,0.01209181,0.00847945,0.02174922,0.02435051,RELIABLE,RELIABLE,RELIABLE,RELIABLE,RELIABLE,RELIABLE,RELIABLE,RELIABLE,STATIONARY,STATIONARY,STATIONARY,STATIONARY,STATIONARY,STATIONARY,STATIONARY,MOVING,MOVING
37194,1094,3,RIGHT_ARM,0.12908186,0.00089911,0.00696540,0.00796504,0.01363180,0.01030009,0.01201031,0.01098735,0.00983052,0.02206714,0.02563722,RELIABLE,RELIABLE,RELIABLE,RELIABLE,RELIABLE,RELIABLE,RELIABLE,RELIABLE,STATIONARY,STATIONARY,STATIONARY,STATIONARY,STATIONARY,STATIONARY,STATIONARY,MOVING,MOVING
37226,1095,3,RIGHT_ARM,0.12919006,0.00052465,0.00406110,0.00756570,0.01200587,0.00909859,0.01150057,0.01194932,0.01085482,0.02259312,0.02610810,RELIABLE,RELIABLE,RELIABLE,RELIABLE,RELIABLE,RELIABLE,PARTIAL,PARTIAL,STATIONARY,STATIONARY,STATIONARY,STATIONARY,STATIONARY,STATIONARY,STATIONARY,MOVING,MOVING
37258,1096,3,RIGHT_ARM,0.12927156,0.00070145,0.00542618,0.00717134,0.01139618,0.00911102,0.01227628,0.01103647,0.01003494,0.02049615,0.02518260,RELIABLE,RELIABLE,RELIABLE,RELIABLE,RELIABLE,RELIABLE,RELIABLE,RELIABLE,STATIONARY,STATIONARY,STATIONARY,STATIONARY,STATIONARY,STATIONARY,STATIONARY,MOVING,MOVING
37305,1097,3,RIGHT_ARM,0.12882062,0.00033827,0.00262587,0.00606522,0.00863202,0.00699408,0.01160238,0.01174534,0.00916822,0.01598340,0.02477556,RELIABLE,RELIABLE,RELIABLE,RELIABLE,RELIABLE,RELIABLE,RELIABLE,RELIABLE,STATIONARY,STATIONARY,STATIONARY,STATIONARY,STATIONARY,STATIONARY,STATIONARY,MOVING,MOVING
37338,1098,3,RIGHT_ARM,0.12871082,0.00030210,0.00234711,0.00511561,0.00672643,0.00588305,0.01086640,0.01252731,0.00866939,0.01452049,0.02094836,RELIABLE,RELIABLE,RELIABLE,RELIABLE,RELIABLE,RELIABLE,PARTIAL,RELIABLE,STATIONARY,STATIONARY,STATIONARY,STATIONARY,STATIONARY,STATIONARY,STATIONARY,MOVING,MOVING
37369,1099,3,RIGHT_ARM,0.12852610,0.00054155,0.00421353,0.00497984,0.00654815,0.00602049,0.01048679,0.01216271,0.00807773,0.01295791,0.02041377,RELIABLE,RELIABLE,RELIABLE,RELIABLE,RELIABLE,RELIABLE,PARTIAL,RELIABLE,STATIONARY,STATIONARY,STATIONARY,STATIONARY,STATIONARY,STATIONARY,STATIONARY,MOVING,MOVING
37401,1100,3,RIGHT_ARM,0.12854812,0.00041680,0.00324238,0.00466426,0.00539071,0.00560867,0.00967830,0.01208049,0.00851208,0.01325046,0.02052992,RELIABLE,RELIABLE,RELIABLE,RELIABLE,RELIABLE,RELIABLE,PARTIAL,PARTIAL,STATIONARY,STATIONARY,STATIONARY,STATIONARY,STATIONARY,STATIONARY,STATIONARY,STATIONARY,STATIONARY
37433,1101,3,RIGHT_ARM,0.12834126,0.00083196,0.00648243,0.00442050,0.00569717,0.00538956,0.01002876,0.00977958,0.01056543,0.01527125,0.02113281,RELIABLE,RELIABLE,RELIABLE,RELIABLE,RELIABLE,RELIABLE,RELIABLE,RELIABLE,STATIONARY,STATIONARY,STATIONARY,STATIONARY,STATIONARY,STATIONARY,STATIONARY,STATIONARY,STATIONARY
37465,1102,3,RIGHT_ARM,0.12817995,0.00060296,0.00470399,0.00413782,0.00527838,0.00537178,0.00979114,0.00976107,0.00892879,0.01451875,0.02092092,RELIABLE,RELIABLE,RELIABLE,RELIABLE,RELIABLE,RELIABLE,RELIABLE,RELIABLE,STATIONARY,STATIONARY,STATIONARY,STATIONARY,STATIONARY,STATIONARY,STATIONARY,STATIONARY,STATIONARY
37498,1103,3,RIGHT_ARM,0.12810029,0.00067627,0.00527919,0.00429009,0.00583877,0.00495064,0.00998023,0.00885089,0.00799687,0.01369828,0.01995700,RELIABLE,RELIABLE,RELIABLE,RELIABLE,RELIABLE,RELIABLE,RELIABLE,RELIABLE,STATIONARY,STATIONARY,STATIONARY,STATIONARY,STATIONARY,STATIONARY,STATIONARY,STATIONARY,STATIONARY
37529,1104,3,RIGHT_ARM,0.12811011,0.00083439,0.00651303,0.00442594,0.00573405,0.00553765,0.00940146,0.00885890,0.00950377,0.01828685,0.02450177,RELIABLE,RELIABLE,RELIABLE,RELIABLE,RELIABLE,RELIABLE,PARTIAL,RELIABLE,STATIONARY,STATIONARY,STATIONARY,STATIONARY,STATIONARY,STATIONARY,STATIONARY,STATIONARY,STATIONARY
37570,1105,3,RIGHT_ARM,0.12814462,0.00082327,0.00642453,0.00490077,0.00636661,0.00631052,0.00958462,0.00852466,0.00989665,0.01883851,0.02380615,RELIABLE,RELIABLE,RELIABLE,RELIABLE,RELIABLE,RELIABLE,RELIABLE,RELIABLE,STATIONARY,STATIONARY,STATIONARY,STATIONARY,STATIONARY,STATIONARY,STATIONARY,STATIONARY,STATIONARY
37601,1106,3,RIGHT_ARM,0.12807999,0.00082802,0.00646490,0.00541550,0.00674125,0.00745572,0.00862466,0.00718636,0.01022255,0.01932436,0.02626180,RELIABLE,RELIABLE,RELIABLE,RELIABLE,RELIABLE,RELIABLE,PARTIAL,RELIABLE,STATIONARY,STATIONARY,STATIONARY,STATIONARY,STATIONARY,STATIONARY,STATIONARY,STATIONARY,STATIONARY
37632,1107,3,RIGHT_ARM,0.12799673,0.00038276,0.00299039,0.00526260,0.00588648,0.00677007,0.00926909,0.00748869,0.01081260,0.01925490,0.02430861,RELIABLE,RELIABLE,RELIABLE,RELIABLE,RELIABLE,RELIABLE,RELIABLE,RELIABLE,STATIONARY,STATIONARY,STATIONARY,STATIONARY,STATIONARY,STATIONARY,STATIONARY,STATIONARY,STATIONARY
37662,1108,3,RIGHT_ARM,0.12779892,0.00051285,0.00401296,0.00535893,0.00652055,0.00744195,0.00876120,0.00760092,0.01080586,0.02073781,0.02445543,RELIABLE,RELIABLE,RELIABLE,RELIABLE,RELIABLE,RELIABLE,RELIABLE,RELIABLE,STATIONARY,STATIONARY,STATIONARY,STATIONARY,STATIONARY,STATIONARY,STATIONARY,STATIONARY,STATIONARY
37706,1109,3,RIGHT_ARM,0.12771067,0.00111051,0.00869549,0.00563556,0.00745087,0.00738953,0.00785047,0.00955535,0.00910041,0.01809245,0.02475484,RELIABLE,RELIABLE,RELIABLE,RELIABLE,RELIABLE,RELIABLE,PARTIAL,RELIABLE,STATIONARY,STATIONARY,STATIONARY,STATIONARY,STATIONARY,STATIONARY,STATIONARY,STATIONARY,STATIONARY
37740,1110,3,RIGHT_ARM,0.12763343,0.00088780,0.00695583,0.00591704,0.00811812,0.00790019,0.00757465,0.00920742,0.00938418,0.01732353,0.02667049,RELIABLE,RELIABLE,RELIABLE,RELIABLE,RELIABLE,RELIABLE,RELIABLE,RELIABLE,STATIONARY,STATIONARY,STATIONARY,STATIONARY,STATIONARY,STATIONARY,STATIONARY,STATIONARY,STATIONARY
37770,1111,3,RIGHT_ARM,0.12727594,0.00071732,0.00563596,0.00596164,0.00834162,0.00839068,0.00719435,0.00882528,0.00895711,0.01814535,0.02647523,RELIABLE,RELIABLE,RELIABLE,RELIABLE,RELIABLE,RELIABLE,RELIABLE,RELIABLE,STATIONARY,STATIONARY,STATIONARY,STATIONARY,STATIONARY,STATIONARY,STATIONARY,STATIONARY,STATIONARY
37802,1112,3,RIGHT_ARM,0.12691311,0.00053663,0.00422835,0.00567605,0.00783221,0.00724216,0.00673046,0.00869790,0.00795587,0.01421106,0.02496076,RELIABLE,RELIABLE,RELIABLE,RELIABLE,RELIABLE,RELIABLE,RELIABLE,RELIABLE,STATIONARY,STATIONARY,STATIONARY,STATIONARY,STATIONARY,STATIONARY,STATIONARY,STATIONARY,STATIONARY
37834,1113,3,RIGHT_ARM,0.12668051,0.00068229,0.00538594,0.00554623,0.00760968,0.00689552,0.00750150,0.00850833,0.00775030,0.01540132,0.02416769,RELIABLE,RELIABLE,RELIABLE,RELIABLE,RELIABLE,RELIABLE,RELIABLE,RELIABLE,STATIONARY,STATIONARY,STATIONARY,STATIONARY,STATIONARY,STATIONARY,STATIONARY,STATIONARY,STATIONARY
37866,1114,3,RIGHT_ARM,0.12678378,0.00108242,0.00853753,0.00580531,0.00881856,0.00664159,0.00818998,0.00981765,0.00720787,0.01453916,0.02386357,RELIABLE,RELIABLE,RELIABLE,RELIABLE,RELIABLE,RELIABLE,RELIABLE,RELIABLE,STATIONARY,STATIONARY,STATIONARY,STATIONARY,STATIONARY,STATIONARY,STATIONARY,STATIONARY,STATIONARY
37897,1115,3,RIGHT_ARM,0.12692144,0.00091356,0.00719783,0.00633124,0.01001254,0.00714401,0.00759850,0.00913460,0.00656236,0.01488947,0.02280394,RELIABLE,RELIABLE,RELIABLE,RELIABLE,RELIABLE,RELIABLE,RELIABLE,RELIABLE,STATIONARY,STATIONARY,STATIONARY,STATIONARY,STATIONARY,STATIONARY,STATIONARY,STATIONARY,STATIONARY
37930,1116,3,RIGHT_ARM,0.12692638,0.00045853,0.00361255,0.00628119,0.00926839,0.00614302,0.00782120,0.00847695,0.00585983,0.01227135,0.02212588,RELIABLE,RELIABLE,RELIABLE,RELIABLE,RELIABLE,RELIABLE,RELIABLE,RELIABLE,STATIONARY,STATIONARY,STATIONARY,STATIONARY,STATIONARY,STATIONARY,STATIONARY,STATIONARY,STATIONARY
37962,1117,3,RIGHT_ARM,0.12686470,0.00035137,0.00276965,0.00554046,0.00762545,0.00556090,0.00772458,0.00638237,0.00544627,0.01193703,0.02019194,RELIABLE,RELIABLE,RELIABLE,RELIABLE,RELIABLE,RELIABLE,RELIABLE,RELIABLE,STATIONARY,STATIONARY,STATIONARY,STATIONARY,STATIONARY,STATIONARY,STATIONARY,STATIONARY,STATIONARY
37994,1118,3,RIGHT_ARM,0.12670769,0.00112437,0.00887370,0.00578019,0.00747042,0.00553233,0.00821469,0.00730345,0.00645051,0.01391785,0.02026090,RELIABLE,RELIABLE,RELIABLE,RELIABLE,RELIABLE,RELIABLE,RELIABLE,RELIABLE,STATIONARY,STATIONARY,STATIONARY,STATIONARY,STATIONARY,STATIONARY,STATIONARY,STATIONARY,STATIONARY
38025,1119,3,RIGHT_ARM,0.12678415,0.00043969,0.00346798,0.00550919,0.00718851,0.00544396,0.00865397,0.00803999,0.00695664,0.01350815,0.01975162,RELIABLE,RELIABLE,RELIABLE,RELIABLE,RELIABLE,RELIABLE,RELIABLE,RELIABLE,STATIONARY,STATIONARY,STATIONARY,STATIONARY,STATIONARY,STATIONARY,STATIONARY,STATIONARY,STATIONARY
38074,1120,3,RIGHT_ARM,0.12700382,0.00052832,0.00415989,0.00550063,0.00705051,0.00538957,0.01009951,0.00928595,0.00684787,0.01375744,0.01973810,RELIABLE,RELIABLE,RELIABLE,RELIABLE,RELIABLE,RELIABLE,PARTIAL,RELIABLE,STATIONARY,STATIONARY,STATIONARY,STATIONARY,STATIONARY,STATIONARY,STATIONARY,STATIONARY,STATIONARY
38105,1121,3,RIGHT_ARM,0.12694960,0.00063893,0.00503294,0.00545651,0.00751763,0.00541525,0.01042033,0.00920348,0.00680294,0.01308792,0.02228768,RELIABLE,RELIABLE,RELIABLE,RELIABLE,RELIABLE,RELIABLE,RELIABLE,RELIABLE,STATIONARY,STATIONARY,STATIONARY,STATIONARY,STATIONARY,STATIONARY,STATIONARY,STATIONARY,STATIONARY
38137,1122,3,RIGHT_ARM,0.12681787,0.00045072,0.00355405,0.00483357,0.00646458,0.00494517,0.01232777,0.00741375,0.00712085,0.01509172,0.02416515,RELIABLE,RELIABLE,RELIABLE,RELIABLE,RELIABLE,RELIABLE,RELIABLE,RELIABLE,STATIONARY,STATIONARY,STATIONARY,STATIONARY,STATIONARY,STATIONARY,STATIONARY,STATIONARY,STATIONARY
38170,1123,3,RIGHT_ARM,0.12706810,0.00075065,0.00590747,0.00467228,0.00548041,0.00456952,0.01488574,0.00792881,0.00694951,0.01513361,0.02435040,RELIABLE,RELIABLE,RELIABLE,RELIABLE,RELIABLE,RELIABLE,RELIABLE,RELIABLE,STATIONARY,STATIONARY,STATIONARY,STATIONARY,STATIONARY,STATIONARY,STATIONARY,STATIONARY,STATIONARY
38202,1124,3,RIGHT_ARM,0.12700202,0.00087843,0.00691664,0.00508529,0.00609678,0.00532798,0.02019698,0.00973201,0.00816932,0.01569298,0.02654091,RELIABLE,RELIABLE,RELIABLE,RELIABLE,RELIABLE,RELIABLE,RELIABLE,RELIABLE,STATIONARY,STATIONARY,STATIONARY,STATIONARY,STATIONARY,STATIONARY,STATIONARY,STATIONARY,STATIONARY
38242,1125,3,RIGHT_ARM,0.12725598,0.00026310,0.00206753,0.00499752,0.00626992,0.00529921,0.02707072,0.01068440,0.00800927,0.01584261,0.02893984,RELIABLE,RELIABLE,RELIABLE,RELIABLE,RELIABLE,RELIABLE,RELIABLE,RELIABLE,STATIONARY,STATIONARY,STATIONARY,STATIONARY,STATIONARY,STATIONARY,STATIONARY,STATIONARY,STATIONARY
38273,1126,3,RIGHT_ARM,0.12787115,0.00049869,0.00389995,0.00437580,0.00594618,0.00428981,0.03273165,0.01027828,0.00707800,0.01465016,0.02741204,RELIABLE,RELIABLE,RELIABLE,RELIABLE,RELIABLE,RELIABLE,PARTIAL,PARTIAL,STATIONARY,STATIONARY,STATIONARY,STATIONARY,STATIONARY,STATIONARY,STATIONARY,STATIONARY,STATIONARY
38304,1127,3,RIGHT_ARM,0.12796749,0.00071426,0.00558161,0.00464001,0.00625684,0.00450028,0.04052643,0.00993659,0.00728989,0.01425531,0.02778143,RELIABLE,RELIABLE,RELIABLE,RELIABLE,RELIABLE,RELIABLE,RELIABLE,RELIABLE,STATIONARY,STATIONARY,STATIONARY,STATIONARY,STATIONARY,STATIONARY,STATIONARY,STATIONARY,STATIONARY
38336,1128,3,RIGHT_ARM,0.12773192,0.00106648,0.00834939,0.00516370,0.00780449,0.00625560,0.04828760,0.00892738,0.00721536,0.01457566,0.02783710,RELIABLE,RELIABLE,RELIABLE,RELIABLE,RELIABLE,RELIABLE,PARTIAL,RELIABLE,STATIONARY,STATIONARY,STATIONARY,STATIONARY,STATIONARY,STATIONARY,STATIONARY,STATIONARY,STATIONARY
38367,1129,3,RIGHT_ARM,0.12707378,0.00070939,0.00558247,0.00523239,0.00694641,0.00578823,0.05655486,0.00983153,0.00794386,0.01454404,0.02627144,RELIABLE,RELIABLE,RELIABLE,RELIABLE,RELIABLE,RELIABLE,RELIABLE,RELIABLE,STATIONARY,STATIONARY,STATIONARY,STATIONARY,STATIONARY,STATIONARY,STATIONARY,STATIONARY,STATIONARY
38398,1130,3,RIGHT_ARM,0.12652202,0.00082171,0.00649461,0.00559996,0.00799371,0.00681217,0.06597324,0.01043420,0.00856039,0.01265004,0.02573027,RELIABLE,RELIABLE,RELIABLE,RELIABLE,RELIABLE,RELIABLE,RELIABLE,RELIABLE,STATIONARY,STATIONARY,STATIONARY,STATIONARY,STATIONARY,STATIONARY,STATIONARY,STATIONARY,STATIONARY
38429,1131,3,RIGHT_ARM,0.12566735,0.00129100,0.01027318,0.00614567,0.00966472,0.00816827,0.07472822,0.01087840,0.00931838,0.01213101,0.02663513,RELIABLE,RELIABLE,RELIABLE,RELIABLE,RELIABLE,RELIABLE,RELIABLE,RELIABLE,STATIONARY,STATIONARY,STATIONARY,MOVING,STATIONARY,STATIONARY,STATIONARY,STATIONARY,MOVING
38474,1132,3,RIGHT_ARM,0.12555269,0.00067306,0.00536081,0.00595119,0.00919288,0.00782372,0.07893648,0.00943932,0.00829946,0.01269280,0.02432076,RELIABLE,RELIABLE,RELIABLE,RELIABLE,RELIABLE,RELIABLE,RELIABLE,RELIABLE,STATIONARY,STATIONARY,STATIONARY,MOVING,STATIONARY,STATIONARY,STATIONARY,STATIONARY,MOVING
38507,1133,3,RIGHT_ARM,0.12565203,0.00054443,0.00433282,0.00623435,0.00931692,0.00815609,0.08123594,0.00851629,0.00902541,0.01652655,0.02334969,RELIABLE,RELIABLE,RELIABLE,RELIABLE,RELIABLE,RELIABLE,RELIABLE,RELIABLE,STATIONARY,STATIONARY,STATIONARY,MOVING,STATIONARY,STATIONARY,STATIONARY,STATIONARY,MOVING
38538,1134,3,RIGHT_ARM,0.12550295,0.00062357,0.00496860,0.00636794,0.00894397,0.00832543,0.08384118,0.00785036,0.00986912,0.02144017,0.02653444,RELIABLE,RELIABLE,RELIABLE,RELIABLE,RELIABLE,RELIABLE,RELIABLE,RELIABLE,STATIONARY,STATIONARY,STATIONARY,MOVING,STATIONARY,STATIONARY,STATIONARY,STATIONARY,MOVING
38570,1135,3,RIGHT_ARM,0.12518859,0.00105229,0.00840560,0.00672094,0.00879105,0.00773587,0.08211545,0.00919575,0.00962758,0.02211562,0.02671832,RELIABLE,RELIABLE,RELIABLE,RELIABLE,RELIABLE,RELIABLE,RELIABLE,RELIABLE,STATIONARY,STATIONARY,STATIONARY,MOVING,STATIONARY,STATIONARY,STATIONARY,STATIONARY,MOVING
38602,1136,3,RIGHT_ARM,0.12543283,0.00071541,0.00570352,0.00639020,0.00836071,0.00717755,0.07633641,0.00971723,0.01018091,0.02202869,0.02446579,RELIABLE,RELIABLE,RELIABLE,RELIABLE,RELIABLE,RELIABLE,RELIABLE,RELIABLE,STATIONARY,STATIONARY,STATIONARY,MOVING,STATIONARY,STATIONARY,STATIONARY,STATIONARY,MOVING
38634,1137,3,RIGHT_ARM,0.12532833,0.00062866,0.00501612,0.00631941,0.00916399,0.00767334,0.06837657,0.00939030,0.00978372,0.02592159,0.02717383,RELIABLE,RELIABLE,RELIABLE,RELIABLE,RELIABLE,RELIABLE,PARTIAL,RELIABLE,STATIONARY,STATIONARY,STATIONARY,MOVING,STATIONARY,STATIONARY,STATIONARY,STATIONARY,MOVING
38666,1138,3,RIGHT_ARM,0.12564614,0.00062248,0.00495425,0.00612686,0.00830769,0.00703876,0.05643319,0.00938835,0.00908792,0.02934236,0.02552582,RELIABLE,RELIABLE,RELIABLE,RELIABLE,RELIABLE,RELIABLE,RELIABLE,RELIABLE,STATIONARY,STATIONARY,STATIONARY,MOVING,STATIONARY,STATIONARY,STATIONARY,STATIONARY,MOVING
38698,1139,3,RIGHT_ARM,0.12649832,0.00094146,0.00744249,0.00577303,0.00734577,0.00556958,0.04605750,0.00918917,0.00959078,0.03037204,0.02507996,RELIABLE,RELIABLE,RELIABLE,RELIABLE,RELIABLE,RELIABLE,RELIABLE,RELIABLE,STATIONARY,STATIONARY,STATIONARY,MOVING,STATIONARY,STATIONARY,STATIONARY,STATIONARY,MOVING
38729,1140,3,RIGHT_ARM,0.12748710,0.00128421,0.01007326,0.00636208,0.00822778,0.00723701,0.03951956,0.00967840,0.01004027,0.03020845,0.02355256,RELIABLE,RELIABLE,RELIABLE,RELIABLE,RELIABLE,RELIABLE,RELIABLE,RELIABLE,STATIONARY,STATIONARY,STATIONARY,MOVING,STATIONARY,STATIONARY,STATIONARY,STATIONARY,MOVING
38762,1141,3,RIGHT_ARM,0.12829713,0.00075166,0.00585874,0.00655282,0.00817458,0.00765089,0.03560775,0.00952800,0.01043971,0.03075426,0.02331251,RELIABLE,RELIABLE,RELIABLE,RELIABLE,RELIABLE,RELIABLE,RELIABLE,RELIABLE,STATIONARY,STATIONARY,STATIONARY,MOVING,STATIONARY,STATIONARY,STATIONARY,STATIONARY,MOVING
38802,1142,3,RIGHT_ARM,0.12856096,0.00102149,0.00794560,0.00692495,0.00871479,0.00777645,0.03284945,0.01029054,0.01061867,0.02764882,0.01906008,RELIABLE,RELIABLE,RELIABLE,RELIABLE,RELIABLE,RELIABLE,RELIABLE,RELIABLE,STATIONARY,STATIONARY,STATIONARY,MOVING,STATIONARY,STATIONARY,STATIONARY,STATIONARY,MOVING
38842,1143,3,RIGHT_ARM,0.12757526,0.00098579,0.00772711,0.00684014,0.00948478,0.00894580,0.03434626,0.00968977,0.01242905,0.03439835,0.02665719,RELIABLE,RELIABLE,RELIABLE,RELIABLE,RELIABLE,RELIABLE,RELIABLE,RELIABLE,STATIONARY,STATIONARY,STATIONARY,MOVING,STATIONARY,STATIONARY,STATIONARY,STATIONARY,MOVING
38881,1144,3,RIGHT_ARM,0.12662602,0.00058327,0.00460625,0.00670298,0.00811723,0.00775628,0.04028237,0.00993291,0.01177388,0.03505052,0.02759499,RELIABLE,RELIABLE,RELIABLE,RELIABLE,RELIABLE,RELIABLE,RELIABLE,RELIABLE,STATIONARY,STATIONARY,STATIONARY,MOVING,STATIONARY,STATIONARY,STATIONARY,STATIONARY,MOVING
38912,1145,3,RIGHT_ARM,0.12586480,0.00090585,0.00719701,0.00697559,0.00840693,0.00872926,0.04702829,0.00960546,0.01160542,0.03345520,0.02662306,RELIABLE,RELIABLE,RELIABLE,RELIABLE,RELIABLE,RELIABLE,RELIABLE,RELIABLE,STATIONARY,STATIONARY,STATIONARY,MOVING,STATIONARY,STATIONARY,STATIONARY,STATIONARY,MOVING
38944,1146,3,RIGHT_ARM,0.12570144,0.00087512,0.00696187,0.00722654,0.00938197,0.00941693,0.05843388,0.00955323,0.01172535,0.03196806,0.02646666,RELIABLE,RELIABLE,RELIABLE,RELIABLE,RELIABLE,RELIABLE,RELIABLE,RELIABLE,STATIONARY,STATIONARY,STATIONARY,MOVING,STATIONARY,STATIONARY,STATIONARY,STATIONARY,MOVING
38975,1147,3,RIGHT_ARM,0.12562323,0.00135908,0.01081871,0.00764857,0.01009034,0.01021558,0.06755849,0.00870124,0.01109576,0.03141187,0.02657703,RELIABLE,RELIABLE,RELIABLE,RELIABLE,RELIABLE,RELIABLE,RELIABLE,RELIABLE,STATIONARY,STATIONARY,STATIONARY,MOVING,STATIONARY,STATIONARY,STATIONARY,STATIONARY,MOVING
39007,1148,3,RIGHT_ARM,0.12559665,0.00085820,0.00683295,0.00724353,0.00988970,0.00922251,0.07359263,0.00881211,0.01018271,0.03167072,0.02832053,RELIABLE,RELIABLE,RELIABLE,RELIABLE,RELIABLE,RELIABLE,RELIABLE,RELIABLE,STATIONARY,STATIONARY,STATIONARY,MOVING,STATIONARY,STATIONARY,STATIONARY,STATIONARY,MOVING
39039,1149,3,RIGHT_ARM,0.12561509,0.00132703,0.01056428,0.00783172,0.01101450,0.00985787,0.07575132,0.00882140,0.00952176,0.02924747,0.02697897,RELIABLE,RELIABLE,RELIABLE,RELIABLE,RELIABLE,RELIABLE,RELIABLE,RELIABLE,STATIONARY,STATIONARY,STATIONARY,MOVING,STATIONARY,STATIONARY,STATIONARY,STATIONARY,MOVING
39070,1150,3,RIGHT_ARM,0.12556651,0.00057998,0.00461891,0.00741589,0.01070219,0.00988563,0.07919266,0.00861667,0.00967328,0.02873843,0.02921765,RELIABLE,RELIABLE,RELIABLE,RELIABLE,RELIABLE,RELIABLE,RELIABLE,RELIABLE,STATIONARY,STATIONARY,STATIONARY,MOVING,STATIONARY,STATIONARY,STATIONARY,STATIONARY,MOVING
39101,1151,3,RIGHT_ARM,0.12588947,0.00130506,0.01036669,0.00774583,0.01165484,0.01116925,0.07995745,0.00873822,0.00814793,0.02136483,0.02155904,RELIABLE,RELIABLE,RELIABLE,RELIABLE,RELIABLE,RELIABLE,RELIABLE,RELIABLE,STATIONARY,STATIONARY,STATIONARY,MOVING,STATIONARY,STATIONARY,STATIONARY,STATIONARY,MOVING
39132,1152,3,RIGHT_ARM,0.12629884,0.00090035,0.00712876,0.00806115,0.01227558,0.01180427,0.07697355,0.00908356,0.00964708,0.02484655,0.02669155,RELIABLE,RELIABLE,RELIABLE,RELIABLE,RELIABLE,RELIABLE,RELIABLE,RELIABLE,STATIONARY,STATIONARY,STATIONARY,MOVING,STATIONARY,STATIONARY,STATIONARY,STATIONARY,MOVING
39164,1153,3,RIGHT_ARM,0.12655574,0.00172532,0.01363292,0.00886564,0.01284229,0.01183082,0.07418819,0.00951573,0.00946689,0.02246682,0.02528794,RELIABLE,RELIABLE,RELIABLE,RELIABLE,RELIABLE,RELIABLE,RELIABLE,RELIABLE,STATIONARY,STATIONARY,STATIONARY,MOVING,STATIONARY,STATIONARY,STATIONARY,STATIONARY,MOVING
39196,1154,3,RIGHT_ARM,0.12616316,0.00098749,0.00782705,0.00897378,0.01248686,0.01159442,0.06605542,0.00909702,0.00929782,0.02033264,0.02340447,RELIABLE,RELIABLE,RELIABLE,RELIABLE,RELIABLE,RELIABLE,RELIABLE,RELIABLE,STATIONARY,STATIONARY,STATIONARY,MOVING,STATIONARY,STATIONARY,STATIONARY,STATIONARY,MOVING
39241,1155,3,RIGHT_ARM,0.12611225,0.00092122,0.00730478,0.00853454,0.01236688,0.01224271,0.05745661,0.00978773,0.00901030,0.02247777,0.02226398,RELIABLE,RELIABLE,RELIABLE,RELIABLE,RELIABLE,RELIABLE,RELIABLE,RELIABLE,STATIONARY,STATIONARY,STATIONARY,MOVING,STATIONARY,STATIONARY,STATIONARY,STATIONARY,MOVING
39274,1156,3,RIGHT_ARM,0.12630351,0.00131781,0.01043366,0.00898463,0.01272997,0.01335583,0.04955657,0.01104508,0.00959782,0.02340214,0.02268362,RELIABLE,RELIABLE,RELIABLE,RELIABLE,RELIABLE,RELIABLE,RELIABLE,RELIABLE,STATIONARY,STATIONARY,STATIONARY,MOVING,STATIONARY,STATIONARY,STATIONARY,STATIONARY,MOVING
39306,1157,3,RIGHT_ARM,0.12647550,0.00046453,0.00367285,0.00812320,0.01131010,0.01215647,0.04453596,0.01116314,0.00939893,0.02316033,0.02203819,RELIABLE,RELIABLE,RELIABLE,RELIABLE,RELIABLE,RELIABLE,RELIABLE,RELIABLE,STATIONARY,STATIONARY,STATIONARY,MOVING,STATIONARY,STATIONARY,STATIONARY,STATIONARY,MOVING
39338,1158,3,RIGHT_ARM,0.12632979,0.00077778,0.00615676,0.00831543,0.01087318,0.01230055,0.04014682,0.01105822,0.00860673,0.02323543,0.02002302,RELIABLE,RELIABLE,RELIABLE,RELIABLE,RELIABLE,RELIABLE,RELIABLE,RELIABLE,STATIONARY,STATIONARY,STATIONARY,MOVING,STATIONARY,STATIONARY,STATIONARY,STATIONARY,MOVING
39369,1159,3,RIGHT_ARM,0.12562430,0.00172066,0.01369688,0.00873171,0.00951583,0.01161565,0.03930415,0.01048598,0.00851287,0.02551473,0.02250488,RELIABLE,RELIABLE,RELIABLE,RELIABLE,RELIABLE,RELIABLE,RELIABLE,RELIABLE,STATIONARY,STATIONARY,STATIONARY,MOVING,STATIONARY,STATIONARY,STATIONARY,STATIONARY,MOVING
39402,1160,3,RIGHT_ARM,0.12541422,0.00068753,0.00548208,0.00852587,0.01030282,0.01205347,0.03985218,0.00893735,0.00741028,0.02133862,0.01690673,RELIABLE,RELIABLE,RELIABLE,RELIABLE,RELIABLE,RELIABLE,PARTIAL,RELIABLE,STATIONARY,STATIONARY,STATIONARY,MOVING,STATIONARY,STATIONARY,STATIONARY,STATIONARY,MOVING
39433,1161,3,RIGHT_ARM,0.12560779,0.00085855,0.00683517,0.00767615,0.00887772,0.01099777,0.04249210,0.00856886,0.00744157,0.02092681,0.01592078,RELIABLE,RELIABLE,RELIABLE,RELIABLE,RELIABLE,RELIABLE,PARTIAL,RELIABLE,STATIONARY,STATIONARY,STATIONARY,MOVING,STATIONARY,STATIONARY,STATIONARY,STATIONARY,MOVING
39466,1162,3,RIGHT_ARM,0.12584481,0.00078322,0.00622373,0.00747574,0.00820516,0.01070539,0.04896099,0.00877272,0.00738718,0.02218150,0.01656766,RELIABLE,RELIABLE,RELIABLE,RELIABLE,RELIABLE,RELIABLE,RELIABLE,RELIABLE,STATIONARY,STATIONARY,STATIONARY,MOVING,STATIONARY,STATIONARY,STATIONARY,STATIONARY,MOVING
39497,1163,3,RIGHT_ARM,0.12584099,0.00090010,0.00715269,0.00745673,0.00800256,0.01065354,0.05808916,0.00959304,0.00799450,0.01964681,0.01799756,RELIABLE,RELIABLE,RELIABLE,RELIABLE,RELIABLE,RELIABLE,RELIABLE,RELIABLE,STATIONARY,STATIONARY,STATIONARY,MOVING,STATIONARY,STATIONARY,STATIONARY,STATIONARY,MOVING
39529,1164,3,RIGHT_ARM,0.12568306,0.00061847,0.00492084,0.00676763,0.00739209,0.00931155,0.06677827,0.00758738,0.00920180,0.02382206,0.02460045,RELIABLE,RELIABLE,RELIABLE,RELIABLE,RELIABLE,RELIABLE,RELIABLE,RELIABLE,STATIONARY,STATIONARY,STATIONARY,MOVING,STATIONARY,STATIONARY,STATIONARY,STATIONARY,MOVING
39570,1165,3,RIGHT_ARM,0.12537025,0.00047604,0.00379708,0.00678315,0.00753500,0.00931852,0.07486458,0.00846083,0.00952798,0.02409337,0.02611060,RELIABLE,RELIABLE,RELIABLE,RELIABLE,RELIABLE,RELIABLE,RELIABLE,RELIABLE,STATIONARY,STATIONARY,STATIONARY,MOVING,STATIONARY,STATIONARY,STATIONARY,STATIONARY,MOVING
39609,1166,3,RIGHT_ARM,0.12496002,0.00045041,0.00360443,0.00646411,0.00793187,0.00925337,0.08041542,0.00902593,0.00987608,0.02434003,0.02933811,RELIABLE,RELIABLE,RELIABLE,RELIABLE,RELIABLE,RELIABLE,RELIABLE,RELIABLE,STATIONARY,STATIONARY,STATIONARY,MOVING,STATIONARY,STATIONARY,STATIONARY,STATIONARY,MOVING
39647,1167,3,RIGHT_ARM,0.12468605,0.00050761,0.00407114,0.00526090,0.00680454,0.00771618,0.08147348,0.00901637,0.01046611,0.02491852,0.02859563,RELIABLE,RELIABLE,RELIABLE,RELIABLE,RELIABLE,RELIABLE,PARTIAL,RELIABLE,STATIONARY,STATIONARY,STATIONARY,MOVING,STATIONARY,STATIONARY,STATIONARY,STATIONARY,MOVING
39678,1168,3,RIGHT_ARM,0.12414383,0.00112192,0.00903723,0.00570529,0.00654535,0.00828753,0.08350750,0.00897689,0.01127583,0.02530906,0.03300860,RELIABLE,RELIABLE,RELIABLE,RELIABLE,RELIABLE,RELIABLE,RELIABLE,RELIABLE,STATIONARY,STATIONARY,STATIONARY,MOVING,STATIONARY,STATIONARY,STATIONARY,STATIONARY,MOVING
39710,1169,3,RIGHT_ARM,0.12384085,0.00077117,0.00622713,0.00562929,0.00697428,0.00830113,0.08330451,0.00879857,0.01169265,0.02565050,0.03402308,RELIABLE,RELIABLE,RELIABLE,RELIABLE,RELIABLE,RELIABLE,RELIABLE,RELIABLE,STATIONARY,STATIONARY,STATIONARY,MOVING,STATIONARY,STATIONARY,STATIONARY,STATIONARY,MOVING
39742,1170,3,RIGHT_ARM,0.12299638,0.00121712,0.00989554,0.00608826,0.00779030,0.00886656,0.07885550,0.00831478,0.01210090,0.02640406,0.03480087,RELIABLE,RELIABLE,RELIABLE,RELIABLE,RELIABLE,RELIABLE,RELIABLE,RELIABLE,STATIONARY,STATIONARY,STATIONARY,MOVING,STATIONARY,STATIONARY,STATIONARY,MOVING,MOVING
39774,1171,3,RIGHT_ARM,0.12318137,0.00050242,0.00407871,0.00570401,0.00681706,0.00767855,0.07068473,0.00748472,0.01170021,0.02773543,0.03453900,RELIABLE,RELIABLE,RELIABLE,RELIABLE,RELIABLE,RELIABLE,RELIABLE,RELIABLE,STATIONARY,STATIONARY,STATIONARY,MOVING,STATIONARY,STATIONARY,STATIONARY,MOVING,MOVING
39804,1172,3,RIGHT_ARM,0.12353377,0.00049837,0.00403432,0.00559320,0.00611226,0.00707272,0.06130751,0.00750748,0.01194720,0.02219647,0.02845722,RELIABLE,RELIABLE,RELIABLE,RELIABLE,RELIABLE,RELIABLE,RELIABLE,RELIABLE,STATIONARY,STATIONARY,STATIONARY,MOVING,STATIONARY,STATIONARY,STATIONARY,MOVING,MOVING
39836,1173,3,RIGHT_ARM,0.12376248,0.00055965,0.00452199,0.00568381,0.00664133,0.00726363,0.05138789,0.00725727,0.01161698,0.02189766,0.02947089,RELIABLE,RELIABLE,RELIABLE,RELIABLE,RELIABLE,RELIABLE,RELIABLE,RELIABLE,STATIONARY,STATIONARY,STATIONARY,MOVING,STATIONARY,STATIONARY,STATIONARY,MOVING,MOVING
39866,1174,3,RIGHT_ARM,0.12377401,0.00066979,0.00541142,0.00590968,0.00691187,0.00752792,0.04312599,0.00730045,0.01139312,0.02212482,0.02956883,RELIABLE,RELIABLE,RELIABLE,RELIABLE,RELIABLE,RELIABLE,RELIABLE,RELIABLE,STATIONARY,STATIONARY,STATIONARY,MOVING,STATIONARY,STATIONARY,STATIONARY,MOVING,MOVING
39898,1175,3,RIGHT_ARM,0.12461250,0.00128847,0.01033978,0.00669326,0.00870589,0.00855963,0.03882325,0.00715450,0.01071952,0.02011751,0.02912373,RELIABLE,RELIABLE,RELIABLE,RELIABLE,RELIABLE,RELIABLE,PARTIAL,PARTIAL,STATIONARY,STATIONARY,STATIONARY,MOVING,STATIONARY,STATIONARY,STATIONARY,MOVING,MOVING
39930,1176,3,RIGHT_ARM,0.12547939,0.00107715,0.00858427,0.00663664,0.00848442,0.00731309,0.03740835,0.00742184,0.01000602,0.01965362,0.02391605,RELIABLE,RELIABLE,RELIABLE,RELIABLE,RELIABLE,RELIABLE,RELIABLE,RELIABLE,STATIONARY,STATIONARY,STATIONARY,MOVING,STATIONARY,STATIONARY,STATIONARY,MOVING,MOVING
39962,1177,3,RIGHT_ARM,0.12551059,0.00071989,0.00573572,0.00657522,0.00799963,0.00702476,0.03781956,0.00747169,0.00971546,0.02067947,0.02411366,RELIABLE,RELIABLE,RELIABLE,RELIABLE,RELIABLE,RELIABLE,RELIABLE,RELIABLE,STATIONARY,STATIONARY,STATIONARY,MOVING,STATIONARY,STATIONARY,STATIONARY,MOVING,MOVING
40010,1178,3,RIGHT_ARM,0.12566768,0.00072344,0.00575675,0.00605787,0.00699232,0.00628645,0.04274364,0.00849205,0.00934282,0.01941398,0.02344765,RELIABLE,RELIABLE,RELIABLE,RELIABLE,RELIABLE,RELIABLE,RELIABLE,RELIABLE,STATIONARY,STATIONARY,STATIONARY,MOVING,STATIONARY,STATIONARY,STATIONARY,MOVING,MOVING
40042,1179,3,RIGHT_ARM,0.12571274,0.00110511,0.00879076,0.00664688,0.00774410,0.00711116,0.04931284,0.00882743,0.01028381,0.02047597,0.02385426,RELIABLE,RELIABLE,RELIABLE,RELIABLE,RELIABLE,RELIABLE,RELIABLE,RELIABLE,STATIONARY,STATIONARY,STATIONARY,MOVING,STATIONARY,STATIONARY,STATIONARY,MOVING,MOVING
40073,1180,3,RIGHT_ARM,0.12568585,0.00058941,0.00468957,0.00672878,0.00811015,0.00794906,0.06048185,0.00993654,0.01002751,0.02231180,0.02472057,RELIABLE,RELIABLE,RELIABLE,RELIABLE,RELIABLE,RELIABLE,RELIABLE,RELIABLE,STATIONARY,STATIONARY,STATIONARY,MOVING,STATIONARY,STATIONARY,STATIONARY,MOVING,MOVING
40106,1181,3,RIGHT_ARM,0.12536482,0.00060117,0.00479539,0.00676296,0.00784118,0.00810616,0.07125630,0.01042970,0.01024371,0.02329500,0.02302705,RELIABLE,RELIABLE,RELIABLE,RELIABLE,RELIABLE,RELIABLE,RELIABLE,RELIABLE,STATIONARY,STATIONARY,STATIONARY,MOVING,STATIONARY,STATIONARY,STATIONARY,MOVING,MOVING
40138,1182,3,RIGHT_ARM,0.12574958,0.00051105,0.00406402,0.00659453,0.00752248,0.00767108,0.07917523,0.01103063,0.00983003,0.02191801,0.02002098,RELIABLE,RELIABLE,RELIABLE,RELIABLE,RELIABLE,RELIABLE,RELIABLE,RELIABLE,STATIONARY,STATIONARY,STATIONARY,MOVING,STATIONARY,STATIONARY,STATIONARY,MOVING,MOVING
40170,1183,3,RIGHT_ARM,0.12614283,0.00069419,0.00550317,0.00598996,0.00626981,0.00670607,0.08461116,0.01171523,0.01061438,0.02155863,0.01894727,RELIABLE,RELIABLE,RELIABLE,RELIABLE,RELIABLE,RELIABLE,RELIABLE,RELIABLE,STATIONARY,STATIONARY,STATIONARY,MOVING,STATIONARY,STATIONARY,STATIONARY,STATIONARY,MOVING
40210,1184,3,RIGHT_ARM,0.12558869,0.00114759,0.00913766,0.00605913,0.00711346,0.00805436,0.08725472,0.01207135,0.01132855,0.02182261,0.02117176,RELIABLE,RELIABLE,RELIABLE,RELIABLE,RELIABLE,RELIABLE,RELIABLE,RELIABLE,STATIONARY,STATIONARY,STATIONARY,MOVING,STATIONARY,STATIONARY,STATIONARY,STATIONARY,MOVING
40241,1185,3,RIGHT_ARM,0.12488848,0.00090284,0.00722920,0.00624581,0.00807316,0.00803967,0.08708541,0.01248380,0.01185466,0.02166916,0.02319018,RELIABLE,RELIABLE,RELIABLE,RELIABLE,RELIABLE,RELIABLE,RELIABLE,RELIABLE,STATIONARY,STATIONARY,STATIONARY,MOVING,STATIONARY,STATIONARY,STATIONARY,STATIONARY,MOVING
40273,1186,3,RIGHT_ARM,0.12421063,0.00118498,0.00954005,0.00671873,0.00874471,0.00814870,0.08323038,0.01220547,0.01177439,0.02260812,0.02300738,RELIABLE,RELIABLE,RELIABLE,RELIABLE,RELIABLE,RELIABLE,RELIABLE,RELIABLE,STATIONARY,STATIONARY,STATIONARY,MOVING,STATIONARY,STATIONARY,STATIONARY,STATIONARY,MOVING
40305,1187,3,RIGHT_ARM,0.12371967,0.00094968,0.00767603,0.00657939,0.00887750,0.00881995,0.07779889,0.01207559,0.01106217,0.02103713,0.02206727,RELIABLE,RELIABLE,RELIABLE,RELIABLE,RELIABLE,RELIABLE,RELIABLE,RELIABLE,STATIONARY,STATIONARY,STATIONARY,MOVING,STATIONARY,STATIONARY,STATIONARY,STATIONARY,MOVING
40337,1188,3,RIGHT_ARM,0.12341956,0.00070980,0.00575108,0.00671207,0.00878759,0.00872016,0.06767634,0.01131131,0.00958153,0.01851585,0.02012057,RELIABLE,RELIABLE,RELIABLE,RELIABLE,RELIABLE,RELIABLE,RELIABLE,RELIABLE,STATIONARY,STATIONARY,STATIONARY,MOVING,STATIONARY,STATIONARY,STATIONARY,STATIONARY,MOVING
40377,1189,3,RIGHT_ARM,0.12286756,0.00149328,0.01215359,0.00763185,0.01008417,0.01002748,0.05712151,0.01131025,0.01179645,0.02188092,0.02629381,RELIABLE,RELIABLE,RELIABLE,RELIABLE,RELIABLE,RELIABLE,PARTIAL,RELIABLE,STATIONARY,STATIONARY,STATIONARY,MOVING,STATIONARY,STATIONARY,STATIONARY,STATIONARY,MOVING
40416,1190,3,RIGHT_ARM,0.12275358,0.00135955,0.01107548,0.00850828,0.01132285,0.01086370,0.04942874,0.00977897,0.01269250,0.02293649,0.02708269,RELIABLE,RELIABLE,RELIABLE,RELIABLE,RELIABLE,RELIABLE,PARTIAL,PARTIAL,STATIONARY,STATIONARY,STATIONARY,MOVING,STATIONARY,STATIONARY,STATIONARY,STATIONARY,MOVING
40448,1191,3,RIGHT_ARM,0.12303877,0.00125057,0.01016404,0.00909089,0.01199317,0.01196299,0.04432020,0.01060956,0.01248876,0.02505387,0.02795879,RELIABLE,RELIABLE,RELIABLE,RELIABLE,RELIABLE,RELIABLE,PARTIAL,RELIABLE,STATIONARY,STATIONARY,STATIONARY,MOVING,STATIONARY,STATIONARY,STATIONARY,STATIONARY,MOVING
40479,1192,3,RIGHT_ARM,0.12339579,0.00098600,0.00799058,0.00894751,0.01177845,0.01229322,0.04042425,0.01090785,0.01259077,0.02517686,0.02933226,RELIABLE,RELIABLE,RELIABLE,RELIABLE,RELIABLE,RELIABLE,RELIABLE,RELIABLE,STATIONARY,STATIONARY,STATIONARY,MOVING,STATIONARY,STATIONARY,STATIONARY,STATIONARY,MOVING
40510,1193,3,RIGHT_ARM,0.12378499,0.00081973,0.00662222,0.00887163,0.01164912,0.01300531,0.03905064,0.01031623,0.01163676,0.02442835,0.02556595,RELIABLE,RELIABLE,RELIABLE,RELIABLE,RELIABLE,RELIABLE,PARTIAL,RELIABLE,STATIONARY,STATIONARY,STATIONARY,MOVING,STATIONARY,STATIONARY,STATIONARY,STATIONARY,MOVING
40543,1194,3,RIGHT_ARM,0.12389544,0.00062822,0.00507057,0.00831295,0.01123743,0.01278857,0.04080208,0.01001213,0.01205301,0.02253903,0.02685812,RELIABLE,RELIABLE,RELIABLE,RELIABLE,RELIABLE,RELIABLE,RELIABLE,RELIABLE,STATIONARY,STATIONARY,STATIONARY,MOVING,STATIONARY,STATIONARY,STATIONARY,STATIONARY,MOVING
40575,1195,3,RIGHT_ARM,0.12361087,0.00021810,0.00176439,0.00757399,0.01001206,0.01104557,0.04584116,0.00978015,0.01174432,0.02184505,0.02673054,RELIABLE,RELIABLE,RELIABLE,RELIABLE,RELIABLE,RELIABLE,RELIABLE,RELIABLE,STATIONARY,STATIONARY,STATIONARY,MOVING,STATIONARY,STATIONARY,STATIONARY,STATIONARY,MOVING
40606,1196,3,RIGHT_ARM,0.12341002,0.00084306,0.00683135,0.00770903,0.01018157,0.01070774,0.05367570,0.01043632,0.01231363,0.02483054,0.02673853,RELIABLE,RELIABLE,RELIABLE,RELIABLE,RELIABLE,RELIABLE,RELIABLE,RELIABLE,STATIONARY,STATIONARY,STATIONARY,MOVING,STATIONARY,STATIONARY,STATIONARY,STATIONARY,MOVING
40637,1197,3,RIGHT_ARM,0.12306715,0.00054075,0.00439398,0.00673908,0.00885657,0.00944940,0.06186502,0.01043168,0.00975441,0.02252579,0.02068202,RELIABLE,RELIABLE,RELIABLE,RELIABLE,RELIABLE,RELIABLE,RELIABLE,RELIABLE,STATIONARY,STATIONARY,STATIONARY,MOVING,STATIONARY,STATIONARY,STATIONARY,STATIONARY,MOVING
40669,1198,3,RIGHT_ARM,0.12325398,0.00129648,0.01051878,0.00666949,0.00921161,0.01039279,0.06941244,0.01083631,0.01002827,0.02467173,0.02323550,RELIABLE,RELIABLE,RELIABLE,RELIABLE,RELIABLE,RELIABLE,RELIABLE,RELIABLE,STATIONARY,STATIONARY,STATIONARY,MOVING,STATIONARY,STATIONARY,STATIONARY,STATIONARY,MOVING
40700,1199,3,RIGHT_ARM,0.12344206,0.00140553,0.01138614,0.00682225,0.00943189,0.01060369,0.07426768,0.00982919,0.01005129,0.02269601,0.02379568,RELIABLE,RELIABLE,RELIABLE,RELIABLE,RELIABLE,RELIABLE,RELIABLE,RELIABLE,STATIONARY,STATIONARY,STATIONARY,MOVING,STATIONARY,STATIONARY,STATIONARY,STATIONARY,MOVING
40730,1200,3,RIGHT_ARM,0.12374610,0.00051805,0.00418640,0.00634673,0.00814433,0.00863931,0.07628816,0.01036784,0.00898451,0.02244957,0.02209722,RELIABLE,RELIABLE,RELIABLE,RELIABLE,RELIABLE,RELIABLE,RELIABLE,RELIABLE,STATIONARY,STATIONARY,STATIONARY,MOVING,STATIONARY,STATIONARY,STATIONARY,STATIONARY,MOVING
40778,1201,3,RIGHT_ARM,0.12430637,0.00067482,0.00542871,0.00619754,0.00757636,0.00826179,0.07759621,0.01199513,0.00915684,0.02187472,0.02143389,RELIABLE,RELIABLE,RELIABLE,RELIABLE,RELIABLE,RELIABLE,PARTIAL,PARTIAL,STATIONARY,STATIONARY,STATIONARY,MOVING,STATIONARY,STATIONARY,STATIONARY,STATIONARY,MOVING
40809,1202,3,RIGHT_ARM,0.12421968,0.00061603,0.00495919,0.00618362,0.00722991,0.00853859,0.07641530,0.01231664,0.00888021,0.02175527,0.01996093,RELIABLE,RELIABLE,RELIABLE,RELIABLE,RELIABLE,RELIABLE,RELIABLE,RELIABLE,STATIONARY,STATIONARY,STATIONARY,MOVING,STATIONARY,STATIONARY,STATIONARY,STATIONARY,MOVING
40842,1203,3,RIGHT_ARM,0.12374395,0.00047073,0.00380408,0.00643858,0.00754876,0.00879224,0.07401696,0.01377718,0.00889670,0.02097904,0.02156304,RELIABLE,RELIABLE,RELIABLE,RELIABLE,RELIABLE,RELIABLE,PARTIAL,RELIABLE,STATIONARY,STATIONARY,STATIONARY,MOVING,STATIONARY,STATIONARY,STATIONARY,STATIONARY,MOVING
40873,1204,3,RIGHT_ARM,0.12318912,0.00100541,0.00816149,0.00660485,0.00865431,0.00988077,0.06916770,0.01321112,0.00910335,0.01772450,0.02292076,RELIABLE,RELIABLE,RELIABLE,RELIABLE,RELIABLE,RELIABLE,RELIABLE,RELIABLE,STATIONARY,STATIONARY,STATIONARY,MOVING,STATIONARY,STATIONARY,STATIONARY,STATIONARY,MOVING
40905,1205,3,RIGHT_ARM,0.12273913,0.00056353,0.00459128,0.00662951,0.00865681,0.00966888,0.06211687,0.01285672,0.00923828,0.01608948,0.02641527,RELIABLE,RELIABLE,RELIABLE,RELIABLE,RELIABLE,RELIABLE,RELIABLE,RELIABLE,STATIONARY,STATIONARY,STATIONARY,MOVING,STATIONARY,STATIONARY,STATIONARY,STATIONARY,MOVING
40937,1206,3,RIGHT_ARM,0.12251663,0.00090938,0.00742251,0.00624248,0.00744970,0.00763151,0.05246979,0.01315821,0.00804298,0.01299280,0.02273192,RELIABLE,RELIABLE,RELIABLE,RELIABLE,RELIABLE,RELIABLE,RELIABLE,RELIABLE,STATIONARY,STATIONARY,STATIONARY,MOVING,STATIONARY,STATIONARY,STATIONARY,STATIONARY,MOVING
40970,1207,3,RIGHT_ARM,0.12217355,0.00014290,0.00116962,0.00496541,0.00596505,0.00597064,0.04330068,0.01325887,0.00727426,0.01249064,0.02054054,RELIABLE,RELIABLE,RELIABLE,RELIABLE,RELIABLE,RELIABLE,RELIABLE,RELIABLE,STATIONARY,STATIONARY,STATIONARY,MOVING,STATIONARY,STATIONARY,STATIONARY,STATIONARY,MOVING
41010,1208,3,RIGHT_ARM,0.12203708,0.00038322,0.00314020,0.00483464,0.00626822,0.00612140,0.03735461,0.01202874,0.00752726,0.01336429,0.02005487,RELIABLE,RELIABLE,RELIABLE,RELIABLE,RELIABLE,RELIABLE,RELIABLE,RELIABLE,STATIONARY,STATIONARY,STATIONARY,MOVING,STATIONARY,STATIONARY,STATIONARY,STATIONARY,MOVING
41041,1209,3,RIGHT_ARM,0.12288396,0.00049645,0.00403996,0.00466104,0.00588178,0.00553607,0.03299021,0.01154832,0.00807344,0.01453153,0.02200912,RELIABLE,RELIABLE,RELIABLE,RELIABLE,RELIABLE,RELIABLE,RELIABLE,RELIABLE,STATIONARY,STATIONARY,STATIONARY,MOVING,STATIONARY,STATIONARY,STATIONARY,STATIONARY,MOVING
41073,1210,3,RIGHT_ARM,0.12373667,0.00068469,0.00553344,0.00473282,0.00587162,0.00527899,0.03362780,0.01137913,0.00861758,0.01546850,0.02318163,RELIABLE,RELIABLE,RELIABLE,RELIABLE,RELIABLE,RELIABLE,RELIABLE,RELIABLE,STATIONARY,STATIONARY,STATIONARY,MOVING,STATIONARY,STATIONARY,STATIONARY,STATIONARY,MOVING
41105,1211,3,RIGHT_ARM,0.12427521,0.00097782,0.00786815,0.00524083,0.00585286,0.00495183,0.03476687,0.01115688,0.00896610,0.01741503,0.02519855,RELIABLE,RELIABLE,RELIABLE,RELIABLE,RELIABLE,RELIABLE,RELIABLE,RELIABLE,STATIONARY,STATIONARY,STATIONARY,MOVING,STATIONARY,STATIONARY,STATIONARY,STATIONARY,MOVING
41146,1212,3,RIGHT_ARM,0.12415665,0.00064227,0.00517306,0.00486728,0.00435182,0.00368820,0.03875739,0.01142624,0.00831826,0.01762701,0.02262004,RELIABLE,RELIABLE,RELIABLE,RELIABLE,RELIABLE,RELIABLE,RELIABLE,RELIABLE,STATIONARY,STATIONARY,STATIONARY,MOVING,STATIONARY,STATIONARY,STATIONARY,STATIONARY,MOVING
41183,1213,3,RIGHT_ARM,0.12349636,0.00075853,0.00614211,0.00506113,0.00498877,0.00447917,0.04745389,0.01278939,0.00935675,0.01739604,0.02075083,RELIABLE,RELIABLE,RELIABLE,RELIABLE,RELIABLE,RELIABLE,RELIABLE,RELIABLE,STATIONARY,STATIONARY,STATIONARY,MOVING,STATIONARY,STATIONARY,STATIONARY,STATIONARY,MOVING
41214,1214,3,RIGHT_ARM,0.12299398,0.00137240,0.01115830,0.00552811,0.00629836,0.00667836,0.05733234,0.01284299,0.00962577,0.01819227,0.02376419,RELIABLE,RELIABLE,RELIABLE,RELIABLE,RELIABLE,RELIABLE,RELIABLE,RELIABLE,STATIONARY,STATIONARY,STATIONARY,MOVING,STATIONARY,STATIONARY,STATIONARY,STATIONARY,MOVING
41245,1215,3,RIGHT_ARM,0.12288879,0.00069787,0.00567891,0.00609177,0.00648842,0.00717863,0.06825896,0.01328666,0.00991376,0.02148037,0.02916678,RELIABLE,RELIABLE,RELIABLE,RELIABLE,RELIABLE,RELIABLE,RELIABLE,RELIABLE,STATIONARY,STATIONARY,STATIONARY,MOVING,STATIONARY,STATIONARY,STATIONARY,STATIONARY,MOVING
41277,1216,3,RIGHT_ARM,0.12266277,0.00047461,0.00386920,0.00618289,0.00596013,0.00699888,0.07718543,0.01325439,0.00958608,0.02034560,0.02741382,RELIABLE,RELIABLE,RELIABLE,RELIABLE,RELIABLE,RELIABLE,RELIABLE,RELIABLE,STATIONARY,STATIONARY,STATIONARY,MOVING,STATIONARY,STATIONARY,STATIONARY,STATIONARY,MOVING
41307,1217,3,RIGHT_ARM,0.12288121,0.00104504,0.00850449,0.00674096,0.00656578,0.00677814,0.08359691,0.01348447,0.00988629,0.01980649,0.02985451,RELIABLE,RELIABLE,RELIABLE,RELIABLE,RELIABLE,RELIABLE,RELIABLE,RELIABLE,STATIONARY,STATIONARY,STATIONARY,MOVING,STATIONARY,STATIONARY,STATIONARY,STATIONARY,MOVING
41339,1218,3,RIGHT_ARM,0.12264403,0.00047682,0.00388785,0.00653526,0.00693172,0.00682535,0.08546069,0.01334529,0.00901877,0.02032379,0.02913325,RELIABLE,RELIABLE,RELIABLE,RELIABLE,RELIABLE,RELIABLE,RELIABLE,RELIABLE,STATIONARY,STATIONARY,STATIONARY,MOVING,STATIONARY,STATIONARY,STATIONARY,STATIONARY,MOVING
41370,1219,3,RIGHT_ARM,0.12219578,0.00081600,0.00667782,0.00638647,0.00732506,0.00709491,0.08540639,0.01259714,0.00884215,0.02050150,0.02630189,RELIABLE,RELIABLE,RELIABLE,RELIABLE,RELIABLE,RELIABLE,RELIABLE,RELIABLE,STATIONARY,STATIONARY,STATIONARY,MOVING,STATIONARY,STATIONARY,STATIONARY,STATIONARY,MOVING
41401,1220,3,RIGHT_ARM,0.12234858,0.00130672,0.01068028,0.00707487,0.00839336,0.00873644,0.08371262,0.01277520,0.00965177,0.02473440,0.03089760,RELIABLE,RELIABLE,RELIABLE,RELIABLE,RELIABLE,RELIABLE,RELIABLE,RELIABLE,STATIONARY,STATIONARY,STATIONARY,MOVING,STATIONARY,STATIONARY,STATIONARY,STATIONARY,MOVING
41433,1221,3,RIGHT_ARM,0.12247944,0.00095363,0.00778605,0.00728036,0.00790575,0.00772712,0.07892431,0.01123326,0.00895850,0.02687988,0.03056104,RELIABLE,RELIABLE,RELIABLE,RELIABLE,RELIABLE,RELIABLE,RELIABLE,RELIABLE,STATIONARY,STATIONARY,STATIONARY,MOVING,STATIONARY,STATIONARY,STATIONARY,STATIONARY,MOVING
41465,1222,3,RIGHT_ARM,0.12237900,0.00128987,0.01053995,0.00720307,0.00689200,0.00564540,0.07051397,0.01339787,0.00922500,0.02697808,0.02783934,RELIABLE,RELIABLE,RELIABLE,RELIABLE,RELIABLE,RELIABLE,RELIABLE,RELIABLE,STATIONARY,STATIONARY,STATIONARY,MOVING,STATIONARY,STATIONARY,STATIONARY,STATIONARY,MOVING
41498,1223,3,RIGHT_ARM,0.12215796,0.00064954,0.00531720,0.00715786,0.00739695,0.00529081,0.05917046,0.01290734,0.00953384,0.02555576,0.02395584,RELIABLE,RELIABLE,RELIABLE,RELIABLE,RELIABLE,RELIABLE,RELIABLE,RELIABLE,STATIONARY,STATIONARY,STATIONARY,MOVING,STATIONARY,STATIONARY,STATIONARY,STATIONARY,MOVING
41545,1224,3,RIGHT_ARM,0.12203095,0.00159093,0.01303712,0.00830385,0.00944055,0.00608147,0.05055351,0.01309403,0.00933382,0.02575479,0.02789021,RELIABLE,RELIABLE,RELIABLE,RELIABLE,RELIABLE,RELIABLE,RELIABLE,RELIABLE,STATIONARY,STATIONARY,STATIONARY,MOVING,STATIONARY,STATIONARY,STATIONARY,STATIONARY,MOVING
41577,1225,3,RIGHT_ARM,0.12172531,0.00062171,0.00510748,0.00787922,0.00950586,0.00674272,0.04581344,0.01162432,0.00844072,0.02714137,0.02516736,RELIABLE,RELIABLE,RELIABLE,RELIABLE,RELIABLE,RELIABLE,RELIABLE,RELIABLE,STATIONARY,STATIONARY,STATIONARY,MOVING,STATIONARY,STATIONARY,STATIONARY,STATIONARY,MOVING
41609,1226,3,RIGHT_ARM,0.12188483,0.00091740,0.00752676,0.00833408,0.00981007,0.00753621,0.04284710,0.01168907,0.00862676,0.02614232,0.02480083,RELIABLE,RELIABLE,RELIABLE,RELIABLE,RELIABLE,RELIABLE,PARTIAL,RELIABLE,STATIONARY,STATIONARY,STATIONARY,MOVING,STATIONARY,STATIONARY,STATIONARY,STATIONARY,MOVING
41641,1227,3,RIGHT_ARM,0.12234206,0.00071845,0.00587250,0.00823342,0.01033140,0.00838125,0.04296752,0.01129158,0.00860662,0.02495061,0.02373793,RELIABLE,RELIABLE,RELIABLE,RELIABLE,RELIABLE,RELIABLE,PARTIAL,PARTIAL,STATIONARY,STATIONARY,STATIONARY,MOVING,STATIONARY,STATIONARY,STATIONARY,STATIONARY,MOVING
41673,1228,3,RIGHT_ARM,0.12246021,0.00077097,0.00629569,0.00768534,0.01047384,0.00732352,0.04622248,0.01070442,0.00848937,0.02082456,0.02156900,RELIABLE,RELIABLE,RELIABLE,RELIABLE,RELIABLE,RELIABLE,RELIABLE,RELIABLE,STATIONARY,STATIONARY,STATIONARY,MOVING,STATIONARY,STATIONARY,STATIONARY,STATIONARY,MOVING
41706,1229,3,RIGHT_ARM,0.12237413,0.00069217,0.00565621,0.00741911,0.01083385,0.00774762,0.05027529,0.01097325,0.00795766,0.01903286,0.01971978,RELIABLE,RELIABLE,RELIABLE,RELIABLE,RELIABLE,RELIABLE,RELIABLE,RELIABLE,STATIONARY,STATIONARY,STATIONARY,MOVING,STATIONARY,STATIONARY,STATIONARY,STATIONARY,MOVING
41738,1230,3,RIGHT_ARM,0.12235938,0.00089744,0.00733444,0.00701842,0.01108038,0.00932719,0.05797113,0.00895836,0.00807224,0.01915930,0.02071688,RELIABLE,RELIABLE,RELIABLE,RELIABLE,RELIABLE,RELIABLE,RELIABLE,RELIABLE,STATIONARY,STATIONARY,STATIONARY,MOVING,STATIONARY,STATIONARY,STATIONARY,STATIONARY,MOVING
41770,1231,3,RIGHT_ARM,0.12237111,0.00059267,0.00484320,0.00695917,0.01092886,0.00975138,0.06641324,0.00870673,0.00770087,0.01767579,0.01977505,RELIABLE,RELIABLE,RELIABLE,RELIABLE,RELIABLE,RELIABLE,RELIABLE,RELIABLE,STATIONARY,STATIONARY,STATIONARY,MOVING,STATIONARY,STATIONARY,STATIONARY,STATIONARY,MOVING
41802,1232,3,RIGHT_ARM,0.12196296,0.00111573,0.00914813,0.00647305,0.01081150,0.01113258,0.07452763,0.01042251,0.00771609,0.01805739,0.01760532,RELIABLE,RELIABLE,RELIABLE,RELIABLE,RELIABLE,RELIABLE,RELIABLE,RELIABLE,STATIONARY,STATIONARY,STATIONARY,MOVING,STATIONARY,STATIONARY,STATIONARY,STATIONARY,MOVING
41833,1233,3,RIGHT_ARM,0.12132723,0.00119646,0.00986143,0.00706729,0.01140881,0.01251439,0.07862141,0.01111098,0.00836379,0.01881195,0.01964633,RELIABLE,RELIABLE,RELIABLE,RELIABLE,RELIABLE,RELIABLE,RELIABLE,RELIABLE,STATIONARY,STATIONARY,STATIONARY,MOVING,STATIONARY,STATIONARY,STATIONARY,STATIONARY,MOVING
41865,1234,3,RIGHT_ARM,0.12123341,0.00066319,0.00547037,0.00681024,0.01103540,0.01183881,0.08059616,0.01043473,0.00821706,0.01934082,0.02057626,RELIABLE,RELIABLE,RELIABLE,RELIABLE,RELIABLE,RELIABLE,RELIABLE,RELIABLE,STATIONARY,STATIONARY,STATIONARY,MOVING,STATIONARY,STATIONARY,STATIONARY,STATIONARY,MOVING
41914,1235,3,RIGHT_ARM,0.12138678,0.00090131,0.00742507,0.00700432,0.01084240,0.01158477,0.08081368,0.01073937,0.00840227,0.01956637,0.02234707,RELIABLE,RELIABLE,RELIABLE,RELIABLE,RELIABLE,RELIABLE,RELIABLE,RELIABLE,STATIONARY,STATIONARY,STATIONARY,MOVING,STATIONARY,STATIONARY,STATIONARY,STATIONARY,MOVING
41955,1236,3,RIGHT_ARM,0.12181344,0.00044841,0.00368113,0.00667750,0.01002413,0.01074324,0.07785160,0.01101030,0.00787808,0.02016623,0.02184398,RELIABLE,RELIABLE,RELIABLE,RELIABLE,RELIABLE,RELIABLE,RELIABLE,RELIABLE,STATIONARY,STATIONARY,STATIONARY,MOVING,STATIONARY,STATIONARY,STATIONARY,STATIONARY,MOVING
41986,1237,3,RIGHT_ARM,0.12220614,0.00022421,0.00183465,0.00619980,0.00926107,0.01012701,0.07139300,0.01022321,0.00770214,0.01806447,0.02175499,RELIABLE,RELIABLE,RELIABLE,RELIABLE,RELIABLE,RELIABLE,RELIABLE,RELIABLE,STATIONARY,STATIONARY,STATIONARY,MOVING,STATIONARY,STATIONARY,STATIONARY,STATIONARY,MOVING
42018,1238,3,RIGHT_ARM,0.12234395,0.00149864,0.01224940,0.00681417,0.00975981,0.01004198,0.06268514,0.00953010,0.00724036,0.01974740,0.02157358,RELIABLE,RELIABLE,RELIABLE,RELIABLE,RELIABLE,RELIABLE,RELIABLE,RELIABLE,STATIONARY,STATIONARY,STATIONARY,MOVING,STATIONARY,STATIONARY,STATIONARY,STATIONARY,MOVING
42050,1239,3,RIGHT_ARM,0.12204730,0.00123177,0.01009258,0.00747034,0.01041201,0.01022961,0.05521291,0.01018638,0.00698124,0.01987347,0.02228159,RELIABLE,RELIABLE,RELIABLE,RELIABLE,RELIABLE,RELIABLE,RELIABLE,RELIABLE,STATIONARY,STATIONARY,STATIONARY,MOVING,STATIONARY,STATIONARY,STATIONARY,STATIONARY,MOVING
42081,1240,3,RIGHT_ARM,0.12185884,0.00041290,0.00338838,0.00675038,0.00900285,0.00816849,0.04616339,0.00893685,0.00733753,0.02100710,0.02116384,RELIABLE,RELIABLE,RELIABLE,RELIABLE,RELIABLE,RELIABLE,RELIABLE,RELIABLE,STATIONARY,STATIONARY,STATIONARY,MOVING,STATIONARY,STATIONARY,STATIONARY,STATIONARY,MOVING
42113,1241,3,RIGHT_ARM,0.12182418,0.00108604,0.00891480,0.00663205,0.00887219,0.00740007,0.03908490,0.00833461,0.00815506,0.02353879,0.02368133,RELIABLE,RELIABLE,RELIABLE,RELIABLE,RELIABLE,RELIABLE,RELIABLE,RELIABLE,STATIONARY,STATIONARY,STATIONARY,MOVING,STATIONARY,STATIONARY,STATIONARY,STATIONARY,MOVING
42144,1242,3,RIGHT_ARM,0.12233612,0.00065138,0.00532452,0.00661382,0.00910730,0.00758843,0.03681387,0.01009765,0.00838176,0.02380274,0.02514403,RELIABLE,RELIABLE,RELIABLE,RELIABLE,RELIABLE,RELIABLE,RELIABLE,RELIABLE,STATIONARY,STATIONARY,STATIONARY,MOVING,STATIONARY,STATIONARY,STATIONARY,STATIONARY,MOVING
42175,1243,3,RIGHT_ARM,0.12237333,0.00055863,0.00456496,0.00625630,0.00862936,0.00700448,0.03599239,0.00976396,0.00845882,0.02429956,0.02550394,RELIABLE,RELIABLE,RELIABLE,RELIABLE,RELIABLE,RELIABLE,RELIABLE,RELIABLE,STATIONARY,STATIONARY,STATIONARY,MOVING,STATIONARY,STATIONARY,STATIONARY,STATIONARY,MOVING
42206,1244,3,RIGHT_ARM,0.12189713,0.00128763,0.01056322,0.00711656,0.00956900,0.00798149,0.03785851,0.00974747,0.00934858,0.02465433,0.02548946,RELIABLE,RELIABLE,RELIABLE,RELIABLE,RELIABLE,RELIABLE,RELIABLE,RELIABLE,STATIONARY,STATIONARY,STATIONARY,MOVING,STATIONARY,STATIONARY,STATIONARY,STATIONARY,MOVING
42238,1245,3,RIGHT_ARM,0.12173989,0.00098053,0.00805429,0.00789402,0.01065631,0.00911370,0.04398879,0.00980833,0.00991287,0.02645677,0.02697619,RELIABLE,RELIABLE,RELIABLE,RELIABLE,RELIABLE,RELIABLE,RELIABLE,RELIABLE,STATIONARY,STATIONARY,STATIONARY,MOVING,STATIONARY,STATIONARY,STATIONARY,STATIONARY,MOVING
42268,1246,3,RIGHT_ARM,0.12216826,0.00098292,0.00804564,0.00736855,0.00957133,0.00748187,0.05458516,0.00988599,0.01107286,0.02708258,0.03139196,RELIABLE,RELIABLE,RELIABLE,RELIABLE,RELIABLE,RELIABLE,RELIABLE,RELIABLE,STATIONARY,STATIONARY,STATIONARY,MOVING,STATIONARY,STATIONARY,STATIONARY,STATIONARY,MOVING
42313,1247,3,RIGHT_ARM,0.12234447,0.00116122,0.00949142,0.00729340,0.00961963,0.00828745,0.06514130,0.01023551,0.01135415,0.02669389,0.03241856,RELIABLE,RELIABLE,RELIABLE,RELIABLE,RELIABLE,RELIABLE,RELIABLE,RELIABLE,STATIONARY,STATIONARY,STATIONARY,MOVING,STATIONARY,STATIONARY,STATIONARY,STATIONARY,MOVING
42346,1248,3,RIGHT_ARM,0.12264523,0.00105427,0.00859611,0.00794437,0.01056004,0.00896423,0.07403843,0.00950268,0.01169574,0.02689044,0.03368872,RELIABLE,RELIABLE,RELIABLE,RELIABLE,RELIABLE,RELIABLE,RELIABLE,RELIABLE,STATIONARY,STATIONARY,STATIONARY,MOVING,STATIONARY,STATIONARY,STATIONARY,MOVING,MOVING
42378,1249,3,RIGHT_ARM,0.12290193,0.00052714,0.00428908,0.00736616,0.00984174,0.00811624,0.07630101,0.00914535,0.01033331,0.02230004,0.02815089,RELIABLE,RELIABLE,RELIABLE,RELIABLE,RELIABLE,RELIABLE,RELIABLE,RELIABLE,STATIONARY,STATIONARY,STATIONARY,MOVING,STATIONARY,STATIONARY,STATIONARY,MOVING,MOVING
42410,1250,3,RIGHT_ARM,0.12289281,0.00116209,0.00945611,0.00788260,0.01140639,0.00966276,0.08288816,0.00875565,0.01039805,0.02185529,0.02616072,RELIABLE,RELIABLE,RELIABLE,RELIABLE,RELIABLE,RELIABLE,RELIABLE,RELIABLE,STATIONARY,STATIONARY,STATIONARY,MOVING,STATIONARY,STATIONARY,STATIONARY,MOVING,MOVING
42442,1251,3,RIGHT_ARM,0.12300684,0.00132522,0.01077356,0.00865868,0.01283139,0.01129237,0.08554931,0.00907102,0.01007303,0.02070104,0.02503647,RELIABLE,RELIABLE,RELIABLE,RELIABLE,RELIABLE,RELIABLE,RELIABLE,RELIABLE,STATIONARY,STATIONARY,STATIONARY,MOVING,STATIONARY,STATIONARY,STATIONARY,MOVING,MOVING
42473,1252,3,RIGHT_ARM,0.12307746,0.00114881,0.00933400,0.00850503,0.01215086,0.01174125,0.08340207,0.00877410,0.01002783,0.02300815,0.02628145,RELIABLE,RELIABLE,RELIABLE,RELIABLE,RELIABLE,RELIABLE,RELIABLE,RELIABLE,STATIONARY,STATIONARY,STATIONARY,MOVING,STATIONARY,STATIONARY,STATIONARY,MOVING,MOVING
42506,1253,3,RIGHT_ARM,0.12281646,0.00093448,0.00760878,0.00844934,0.01175678,0.01086485,0.07869355,0.00962887,0.01013973,0.02387609,0.02784140,RELIABLE,RELIABLE,RELIABLE,RELIABLE,RELIABLE,RELIABLE,RELIABLE,RELIABLE,STATIONARY,STATIONARY,STATIONARY,MOVING,STATIONARY,STATIONARY,STATIONARY,MOVING,MOVING
42537,1254,3,RIGHT_ARM,0.12242049,0.00090016,0.00735303,0.00836276,0.01182753,0.01098025,0.07010836,0.00954595,0.00967243,0.02326434,0.02841244,RELIABLE,RELIABLE,RELIABLE,RELIABLE,RELIABLE,RELIABLE,RELIABLE,RELIABLE,STATIONARY,STATIONARY,STATIONARY,MOVING,STATIONARY,STATIONARY,STATIONARY,MOVING,MOVING
42569,1255,3,RIGHT_ARM,0.12229429,0.00042715,0.00349282,0.00761294,0.01117670,0.00977471,0.05858038,0.00897927,0.00940838,0.02620999,0.02879233,RELIABLE,RELIABLE,RELIABLE,RELIABLE,RELIABLE,RELIABLE,RELIABLE,RELIABLE,STATIONARY,STATIONARY,STATIONARY,MOVING,STATIONARY,STATIONARY,STATIONARY,MOVING,MOVING
42602,1256,3,RIGHT_ARM,0.12200981,0.00052239,0.00428157,0.00707362,0.00979025,0.00895770,0.04929434,0.00879571,0.00848791,0.02373346,0.02883426,RELIABLE,RELIABLE,RELIABLE,RELIABLE,RELIABLE,RELIABLE,RELIABLE,RELIABLE,STATIONARY,STATIONARY,STATIONARY,MOVING,STATIONARY,STATIONARY,STATIONARY,MOVING,MOVING
42634,1257,3,RIGHT_ARM,0.12217659,0.00125078,0.01023749,0.00781717,0.01075742,0.00953727,0.04776577,0.00950872,0.00940630,0.02752111,0.03389950,RELIABLE,RELIABLE,RELIABLE,RELIABLE,RELIABLE,RELIABLE,RELIABLE,RELIABLE,STATIONARY,STATIONARY,STATIONARY,MOVING,STATIONARY,STATIONARY,STATIONARY,MOVING,MOVING
42682,1258,3,RIGHT_ARM,0.12263844,0.00115856,0.00944699,0.00781603,0.01014781,0.00852736,0.04029185,0.00838384,0.00953035,0.03030046,0.03644741,RELIABLE,RELIABLE,RELIABLE,RELIABLE,RELIABLE,RELIABLE,RELIABLE,RELIABLE,STATIONARY,STATIONARY,STATIONARY,MOVING,STATIONARY,STATIONARY,STATIONARY,MOVING,MOVING
42714,1259,3,RIGHT_ARM,0.12288599,0.00039418,0.00320772,0.00687030,0.00828337,0.00717149,0.03727242,0.00756914,0.00931300,0.03112189,0.03552607,RELIABLE,RELIABLE,RELIABLE,RELIABLE,RELIABLE,RELIABLE,RELIABLE,RELIABLE,STATIONARY,STATIONARY,STATIONARY,MOVING,STATIONARY,STATIONARY,STATIONARY,MOVING,MOVING
42741,1260,3,RIGHT_ARM,0.12301880,0.00019709,0.00160213,0.00590382,0.00747888,0.00572070,0.03323489,0.00682571,0.00799163,0.02733696,0.03218424,RELIABLE,RELIABLE,RELIABLE,RELIABLE,RELIABLE,RELIABLE,RELIABLE,RELIABLE,STATIONARY,STATIONARY,STATIONARY,MOVING,STATIONARY,STATIONARY,STATIONARY,MOVING,MOVING
42773,1261,3,RIGHT_ARM,0.12278822,0.00083936,0.00683584,0.00580720,0.00720957,0.00561361,0.03428887,0.00623495,0.00826223,0.02838299,0.03213983,RELIABLE,RELIABLE,RELIABLE,RELIABLE,RELIABLE,RELIABLE,RELIABLE,RELIABLE,STATIONARY,STATIONARY,STATIONARY,MOVING,STATIONARY,STATIONARY,STATIONARY,MOVING,MOVING
42809,1262,3,RIGHT_ARM,0.12262571,0.00054127,0.00441400,0.00543982,0.00682928,0.00603885,0.04468586,0.00672040,0.00781297,0.02751816,0.02673302,RELIABLE,RELIABLE,RELIABLE,RELIABLE,RELIABLE,RELIABLE,RELIABLE,RELIABLE,STATIONARY,STATIONARY,STATIONARY,MOVING,STATIONARY,STATIONARY,STATIONARY,MOVING,MOVING
42842,1263,3,RIGHT_ARM,0.12273870,0.00061990,0.00505057,0.00563454,0.00644180,0.00616555,0.05750960,0.00573322,0.00768493,0.02485149,0.02616560,RELIABLE,RELIABLE,RELIABLE,RELIABLE,RELIABLE,RELIABLE,RELIABLE,RELIABLE,STATIONARY,STATIONARY,STATIONARY,MOVING,STATIONARY,STATIONARY,STATIONARY,MOVING,MOVING
42883,1264,3,RIGHT_ARM,0.12242463,0.00093037,0.00759956,0.00604929,0.00745961,0.00731801,0.06716546,0.00705229,0.00792413,0.02822311,0.03049927,RELIABLE,RELIABLE,RELIABLE,RELIABLE,RELIABLE,RELIABLE,RELIABLE,RELIABLE,STATIONARY,STATIONARY,STATIONARY,MOVING,STATIONARY,STATIONARY,STATIONARY,MOVING,MOVING
42915,1265,3,RIGHT_ARM,0.12230804,0.00189804,0.01551850,0.00670941,0.00806639,0.00889243,0.07312027,0.00870787,0.00779638,0.02448553,0.02541532,RELIABLE,RELIABLE,RELIABLE,RELIABLE,RELIABLE,RELIABLE,RELIABLE,RELIABLE,STATIONARY,STATIONARY,STATIONARY,MOVING,STATIONARY,STATIONARY,STATIONARY,MOVING,MOVING
42947,1266,3,RIGHT_ARM,0.12297591,0.00054736,0.00445095,0.00608491,0.00638960,0.00772614,0.07784555,0.00852485,0.00840265,0.02532241,0.02603821,RELIABLE,RELIABLE,RELIABLE,RELIABLE,RELIABLE,RELIABLE,RELIABLE,RELIABLE,STATIONARY,STATIONARY,STATIONARY,MOVING,STATIONARY,STATIONARY,STATIONARY,MOVING,MOVING
42978,1267,3,RIGHT_ARM,0.12376847,0.00099846,0.00806714,0.00669234,0.00684891,0.00815527,0.08065169,0.00857975,0.00935528,0.02862966,0.03004143,RELIABLE,RELIABLE,RELIABLE,RELIABLE,RELIABLE,RELIABLE,RELIABLE,RELIABLE,STATIONARY,STATIONARY,STATIONARY,MOVING,STATIONARY,STATIONARY,STATIONARY,MOVING,MOVING
43009,1268,3,RIGHT_ARM,0.12470610,0.00125139,0.01003470,0.00774641,0.00830687,0.00881408,0.08527652,0.00933749,0.00987738,0.02915906,0.03227449,RELIABLE,RELIABLE,RELIABLE,RELIABLE,RELIABLE,RELIABLE,PARTIAL,RELIABLE,STATIONARY,STATIONARY,STATIONARY,MOVING,STATIONARY,STATIONARY,STATIONARY,MOVING,MOVING
43040,1269,3,RIGHT_ARM,0.12510595,0.00057348,0.00458396,0.00746492,0.00861148,0.00908578,0.08757259,0.00954395,0.00950775,0.02644090,0.03079481,RELIABLE,RELIABLE,RELIABLE,RELIABLE,RELIABLE,RELIABLE,RELIABLE,RELIABLE,STATIONARY,STATIONARY,STATIONARY,MOVING,STATIONARY,STATIONARY,STATIONARY,MOVING,MOVING
43082,1270,3,RIGHT_ARM,0.12479060,0.00102831,0.00824027,0.00794321,0.00913841,0.00878832,0.08143188,0.00935627,0.00920275,0.02475131,0.03197278,RELIABLE,RELIABLE,RELIABLE,RELIABLE,RELIABLE,RELIABLE,RELIABLE,RELIABLE,STATIONARY,STATIONARY,STATIONARY,MOVING,STATIONARY,STATIONARY,STATIONARY,MOVING,MOVING
43119,1271,3,RIGHT_ARM,0.12433248,0.00104639,0.00841607,0.00836389,0.01020533,0.00954913,0.07378526,0.00935558,0.00995818,0.02610274,0.03081761,RELIABLE,RELIABLE,RELIABLE,RELIABLE,RELIABLE,RELIABLE,RELIABLE,RELIABLE,STATIONARY,STATIONARY,STATIONARY,MOVING,STATIONARY,STATIONARY,STATIONARY,MOVING,MOVING
43151,1272,3,RIGHT_ARM,0.12395568,0.00052320,0.00422083,0.00794155,0.00959268,0.00866496,0.06531498,0.00789998,0.00995660,0.02279910,0.02442964,RELIABLE,RELIABLE,RELIABLE,RELIABLE,RELIABLE,RELIABLE,RELIABLE,RELIABLE,STATIONARY,STATIONARY,STATIONARY,MOVING,STATIONARY,STATIONARY,STATIONARY,MOVING,MOVING
43183,1273,3,RIGHT_ARM,0.12348234,0.00108568,0.00879216,0.00710076,0.00855511,0.00742326,0.05800573,0.00605727,0.00914174,0.02205169,0.02524177,RELIABLE,RELIABLE,RELIABLE,RELIABLE,RELIABLE,RELIABLE,RELIABLE,RELIABLE,STATIONARY,STATIONARY,STATIONARY,MOVING,STATIONARY,STATIONARY,STATIONARY,MOVING,MOVING
43214,1274,3,RIGHT_ARM,0.12284617,0.00109220,0.00889081,0.00765574,0.01022493,0.00877272,0.04967117,0.00766862,0.00868130,0.01846776,0.02213278,RELIABLE,RELIABLE,RELIABLE,RELIABLE,RELIABLE,RELIABLE,RELIABLE,RELIABLE,STATIONARY,STATIONARY,STATIONARY,MOVING,STATIONARY,STATIONARY,STATIONARY,MOVING,MOVING
43246,1275,3,RIGHT_ARM,0.12266928,0.00187811,0.01531038,0.00856115,0.01282849,0.01002428,0.04170370,0.00826557,0.00801399,0.01512757,0.01998460,RELIABLE,RELIABLE,RELIABLE,RELIABLE,RELIABLE,RELIABLE,RELIABLE,RELIABLE,STATIONARY,STATIONARY,STATIONARY,MOVING,STATIONARY,STATIONARY,STATIONARY,MOVING,MOVING
43278,1276,3,RIGHT_ARM,0.12293610,0.00102589,0.00834494,0.00834993,0.01265434,0.00984946,0.03657502,0.00834429,0.00776701,0.01559083,0.02075892,RELIABLE,RELIABLE,RELIABLE,RELIABLE,RELIABLE,RELIABLE,RELIABLE,RELIABLE,STATIONARY,STATIONARY,STATIONARY,MOVING,STATIONARY,STATIONARY,STATIONARY,MOVING,MOVING
43309,1277,3,RIGHT_ARM,0.12324490,0.00039181,0.00317911,0.00817432,0.01181191,0.00979992,0.03209700,0.00767226,0.00738916,0.01725332,0.01967162,RELIABLE,RELIABLE,RELIABLE,RELIABLE,RELIABLE,RELIABLE,RELIABLE,RELIABLE,STATIONARY,STATIONARY,STATIONARY,MOVING,STATIONARY,STATIONARY,STATIONARY,MOVING,MOVING
43341,1278,3,RIGHT_ARM,0.12346065,0.00101348,0.00820897,0.00817041,0.01182036,0.01066471,0.03063516,0.00861339,0.00761852,0.01605035,0.02071479,RELIABLE,RELIABLE,RELIABLE,RELIABLE,RELIABLE,RELIABLE,RELIABLE,RELIABLE,STATIONARY,STATIONARY,STATIONARY,MOVING,STATIONARY,STATIONARY,STATIONARY,MOVING,MOVING
43372,1279,3,RIGHT_ARM,0.12354519,0.00113993,0.00922683,0.00827175,0.01212881,0.01123344,0.03297729,0.00924819,0.00725566,0.01436162,0.02050362,RELIABLE,RELIABLE,RELIABLE,RELIABLE,RELIABLE,RELIABLE,RELIABLE,RELIABLE,STATIONARY,STATIONARY,STATIONARY,MOVING,STATIONARY,STATIONARY,STATIONARY,STATIONARY,MOVING
43403,1280,3,RIGHT_ARM,0.12337747,0.00163857,0.01328093,0.00940426,0.01447761,0.01375556,0.03917961,0.01051796,0.00828015,0.01595394,0.02439664,RELIABLE,RELIABLE,RELIABLE,RELIABLE,RELIABLE,RELIABLE,RELIABLE,RELIABLE,STATIONARY,STATIONARY,STATIONARY,MOVING,STATIONARY,STATIONARY,STATIONARY,STATIONARY,MOVING
43433,1281,3,RIGHT_ARM,0.12352241,0.00117963,0.00954989,0.00949898,0.01494962,0.01423230,0.04693923,0.01075736,0.00964349,0.01647181,0.02524130,RELIABLE,RELIABLE,RELIABLE,RELIABLE,RELIABLE,RELIABLE,RELIABLE,RELIABLE,STATIONARY,STATIONARY,STATIONARY,MOVING,STATIONARY,STATIONARY,STATIONARY,STATIONARY,MOVING
43482,1282,3,RIGHT_ARM,0.12489201,0.00086823,0.00695188,0.00925661,0.01458756,0.01439101,0.05540968,0.01156616,0.00995490,0.01687602,0.02649240,RELIABLE,RELIABLE,RELIABLE,RELIABLE,RELIABLE,RELIABLE,RELIABLE,RELIABLE,STATIONARY,STATIONARY,STATIONARY,MOVING,STATIONARY,STATIONARY,STATIONARY,STATIONARY,MOVING
43510,1283,3,RIGHT_ARM,0.12623642,0.00043412,0.00343892,0.00777268,0.01199629,0.01300136,0.05837376,0.01186874,0.00966715,0.01600633,0.02465562,RELIABLE,RELIABLE,RELIABLE,RELIABLE,RELIABLE,RELIABLE,RELIABLE,RELIABLE,STATIONARY,STATIONARY,STATIONARY,MOVING,STATIONARY,STATIONARY,STATIONARY,STATIONARY,MOVING
43541,1284,3,RIGHT_ARM,0.12730931,0.00073433,0.00576808,0.00745058,0.01203294,0.01361713,0.06501368,0.01322004,0.01125580,0.01768172,0.02750425,RELIABLE,RELIABLE,RELIABLE,RELIABLE,RELIABLE,RELIABLE,PARTIAL,RELIABLE,STATIONARY,STATIONARY,STATIONARY,MOVING,STATIONARY,STATIONARY,STATIONARY,STATIONARY,MOVING
43573,1285,3,RIGHT_ARM,0.12755779,0.00166028,0.01301587,0.00868017,0.01507550,0.01548384,0.07228669,0.01375757,0.01213442,0.01733480,0.02884653,RELIABLE,RELIABLE,RELIABLE,RELIABLE,RELIABLE,RELIABLE,RELIABLE,RELIABLE,STATIONARY,STATIONARY,STATIONARY,MOVING,STATIONARY,STATIONARY,STATIONARY,STATIONARY,MOVING
43609,1286,3,RIGHT_ARM,0.12845595,0.00284568,0.02215298,0.01042317,0.02100095,0.01986300,0.07955914,0.01650364,0.01403122,0.02627433,0.02909245,RELIABLE,RELIABLE,RELIABLE,RELIABLE,RELIABLE,RELIABLE,RELIABLE,RELIABLE,STATIONARY,STATIONARY,STATIONARY,MOVING,STATIONARY,STATIONARY,STATIONARY,STATIONARY,MOVING
43641,1287,3,RIGHT_ARM,0.12960931,0.00286641,0.02211579,0.01203429,0.02447322,0.02285891,0.08243689,0.01928352,0.01396478,0.02725647,0.03022929,RELIABLE,RELIABLE,RELIABLE,RELIABLE,RELIABLE,RELIABLE,RELIABLE,RELIABLE,STATIONARY,STATIONARY,STATIONARY,MOVING,STATIONARY,STATIONARY,STATIONARY,STATIONARY,MOVING
43674,1288,3,RIGHT_ARM,0.12997054,0.00206476,0.01588635,0.01235997,0.02555618,0.02398189,0.08404620,0.02213498,0.01304688,0.02823142,0.02962728,RELIABLE,RELIABLE,RELIABLE,RELIABLE,RELIABLE,RELIABLE,RELIABLE,RELIABLE,STATIONARY,STATIONARY,STATIONARY,MOVING,STATIONARY,STATIONARY,STATIONARY,STATIONARY,MOVING
43705,1289,3,RIGHT_ARM,0.12995914,0.00240355,0.01849467,0.01347807,0.02873873,0.02722116,0.08128142,0.02277974,0.01374892,0.03277270,0.02906420,RELIABLE,RELIABLE,RELIABLE,RELIABLE,RELIABLE,RELIABLE,RELIABLE,RELIABLE,STATIONARY,STATIONARY,STATIONARY,MOVING,STATIONARY,STATIONARY,STATIONARY,STATIONARY,MOVING
43737,1290,3,RIGHT_ARM,0.13009854,0.00227682,0.01750075,0.01479668,0.03182635,0.03025099,0.07693857,0.02354502,0.01435999,0.03358270,0.02837294,RELIABLE,RELIABLE,RELIABLE,RELIABLE,RELIABLE,RELIABLE,RELIABLE,RELIABLE,STATIONARY,STATIONARY,STATIONARY,MOVING,STATIONARY,STATIONARY,STATIONARY,STATIONARY,MOVING
43777,1291,3,RIGHT_ARM,0.12983493,0.00291645,0.02246276,0.01717466,0.03778648,0.03605291,0.07689323,0.02696124,0.01687253,0.03499665,0.03280515,RELIABLE,RELIABLE,RELIABLE,RELIABLE,RELIABLE,RELIABLE,PARTIAL,RELIABLE,STATIONARY,STATIONARY,STATIONARY,MOVING,STATIONARY,STATIONARY,STATIONARY,STATIONARY,MOVING
43808,1292,3,RIGHT_ARM,0.13025082,0.00309983,0.02379894,0.01942851,0.04249021,0.04128189,0.07050890,0.02904578,0.01810678,0.03391546,0.02917855,RELIABLE,RELIABLE,RELIABLE,RELIABLE,RELIABLE,RELIABLE,PARTIAL,RELIABLE,STATIONARY,STATIONARY,STATIONARY,MOVING,STATIONARY,STATIONARY,STATIONARY,STATIONARY,MOVING
43849,1293,3,RIGHT_ARM,0.13058359,0.00308244,0.02360507,0.02075216,0.04681932,0.04611378,0.06261956,0.03351137,0.02070309,0.03930437,0.03414346,RELIABLE,RELIABLE,RELIABLE,RELIABLE,RELIABLE,RELIABLE,PARTIAL,RELIABLE,STATIONARY,STATIONARY,STATIONARY,MOVING,STATIONARY,STATIONARY,STATIONARY,STATIONARY,MOVING
43887,1294,3,RIGHT_ARM,0.13110895,0.00343857,0.02622681,0.02126139,0.04839792,0.04865492,0.05292449,0.03463680,0.02094642,0.03363231,0.03193609,RELIABLE,RELIABLE,RELIABLE,RELIABLE,RELIABLE,RELIABLE,RELIABLE,RELIABLE,STATIONARY,STATIONARY,STATIONARY,MOVING,STATIONARY,STATIONARY,STATIONARY,STATIONARY,MOVING
43919,1295,3,RIGHT_ARM,0.13155902,0.00171928,0.01306854,0.02013049,0.04755284,0.04778605,0.04364589,0.03351081,0.02146814,0.03293201,0.03037678,RELIABLE,RELIABLE,RELIABLE,RELIABLE,RELIABLE,RELIABLE,RELIABLE,RELIABLE,STATIONARY,STATIONARY,STATIONARY,MOVING,STATIONARY,STATIONARY,STATIONARY,MOVING,MOVING
43949,1296,3,RIGHT_ARM,0.13197180,0.00395209,0.02994645,0.02188800,0.05024963,0.05127781,0.03432039,0.03339953,0.02242954,0.03045779,0.02962347,RELIABLE,RELIABLE,RELIABLE,RELIABLE,RELIABLE,RELIABLE,RELIABLE,RELIABLE,STATIONARY,STATIONARY,STATIONARY,MOVING,STATIONARY,STATIONARY,STATIONARY,MOVING,MOVING
43980,1297,3,RIGHT_ARM,0.13289121,0.00343030,0.02581281,0.02280277,0.05155680,0.05239051,0.02844459,0.03709525,0.02235324,0.03042220,0.03410472,RELIABLE,RELIABLE,RELIABLE,RELIABLE,RELIABLE,RELIABLE,RELIABLE,RELIABLE,STATIONARY,STATIONARY,STATIONARY,MOVING,STATIONARY,STATIONARY,STATIONARY,MOVING,MOVING
44011,1298,3,RIGHT_ARM,0.13332118,0.00576954,0.04327550,0.02602461,0.06021588,0.05874733,0.02608423,0.04221371,0.02537700,0.03424468,0.03458495,RELIABLE,RELIABLE,RELIABLE,RELIABLE,RELIABLE,RELIABLE,RELIABLE,RELIABLE,STATIONARY,STATIONARY,STATIONARY,MOVING,STATIONARY,STATIONARY,STATIONARY,MOVING,MOVING
44042,1299,3,RIGHT_ARM,0.13283748,0.00495306,0.03728664,0.02787760,0.06414180,0.06283137,0.02382442,0.04406406,0.02532819,0.03352466,0.03175312,RELIABLE,RELIABLE,RELIABLE,RELIABLE,RELIABLE,RELIABLE,PARTIAL,RELIABLE,STATIONARY,STATIONARY,STATIONARY,MOVING,STATIONARY,STATIONARY,STATIONARY,MOVING,MOVING
47874,1414,3,LEFT_ARM,0.12895222,0.00167912,0.01302125,0.01314009,0.02303930,0.02157733,0.01968695,0.01213979,0.01390333,0.04639850,0.03389434,RELIABLE,RELIABLE,RELIABLE,RELIABLE,RELIABLE,RELIABLE,RELIABLE,RELIABLE,STATIONARY,STATIONARY,STATIONARY,STATIONARY,STATIONARY,STATIONARY,MOVING,MOVING,MOVING
47914,1415,3,LEFT_ARM,0.12910530,0.00113598,0.00879883,0.01216862,0.02003383,0.01752246,0.01868124,0.01127911,0.01326698,0.03879842,0.03254918,RELIABLE,RELIABLE,RELIABLE,RELIABLE,RELIABLE,RELIABLE,RELIABLE,RELIABLE,STATIONARY,STATIONARY,STATIONARY,STATIONARY,STATIONARY,STATIONARY,MOVING,MOVING,MOVING
47944,1416,3,LEFT_ARM,0.12992641,0.00211261,0.01626008,0.01181308,0.01849933,0.01767863,0.01744752,0.00954567,0.01213360,0.03398533,0.03072414,RELIABLE,RELIABLE,RELIABLE,RELIABLE,RELIABLE,RELIABLE,RELIABLE,RELIABLE,STATIONARY,STATIONARY,STATIONARY,STATIONARY,STATIONARY,STATIONARY,MOVING,MOVING,MOVING
47975,1417,3,LEFT_ARM,0.12975805,0.00140899,0.01085863,0.01165101,0.01779775,0.01637555,0.01776201,0.01031557,0.01155786,0.02879775,0.02861751,RELIABLE,RELIABLE,RELIABLE,RELIABLE,RELIABLE,RELIABLE,RELIABLE,RELIABLE,STATIONARY,STATIONARY,STATIONARY,STATIONARY,STATIONARY,STATIONARY,MOVING,MOVING,MOVING
48009,1418,3,LEFT_ARM,0.13027177,0.00222705,0.01709538,0.01302572,0.02114343,0.01976458,0.01903053,0.01139026,0.01203605,0.02712642,0.02812305,RELIABLE,RELIABLE,RELIABLE,RELIABLE,RELIABLE,RELIABLE,RELIABLE,RELIABLE,STATIONARY,STATIONARY,STATIONARY,STATIONARY,STATIONARY,STATIONARY,MOVING,MOVING,MOVING
48044,1419,3,LEFT_ARM,0.13100072,0.00426263,0.03253897,0.01476329,0.02725485,0.02660279,0.01875461,0.01186777,0.01475765,0.02851969,0.02896055,RELIABLE,RELIABLE,RELIABLE,RELIABLE,RELIABLE,RELIABLE,PARTIAL,PARTIAL,STATIONARY,STATIONARY,STATIONARY,STATIONARY,STATIONARY,STATIONARY,MOVING,MOVING,MOVING
48090,1420,3,LEFT_ARM,0.13107389,0.00320816,0.02447599,0.01671551,0.03350211,0.03311843,0.02103274,0.01491032,0.01650218,0.02962370,0.02494959,RELIABLE,RELIABLE,RELIABLE,RELIABLE,RELIABLE,RELIABLE,PARTIAL,RELIABLE,STATIONARY,STATIONARY,STATIONARY,STATIONARY,STATIONARY,STATIONARY,MOVING,MOVING,MOVING
48122,1421,3,LEFT_ARM,0.13107547,0.00240551,0.01835213,0.01767516,0.03629046,0.03643523,0.02268421,0.01714696,0.01803518,0.02311980,0.02680533,RELIABLE,RELIABLE,RELIABLE,RELIABLE,RELIABLE,RELIABLE,PARTIAL,RELIABLE,STATIONARY,STATIONARY,STATIONARY,STATIONARY,STATIONARY,STATIONARY,MOVING,MOVING,MOVING
48149,1422,3,LEFT_ARM,0.13106107,0.00120276,0.00917707,0.01719463,0.03589583,0.03620141,0.02300139,0.01815546,0.01868092,0.02230695,0.02566946,RELIABLE,RELIABLE,RELIABLE,RELIABLE,RELIABLE,RELIABLE,PARTIAL,RELIABLE,STATIONARY,STATIONARY,STATIONARY,STATIONARY,STATIONARY,STATIONARY,MOVING,MOVING,MOVING
48180,1423,3,LEFT_ARM,0.13139340,0.00196895,0.01498518,0.01796793,0.03824925,0.03934822,0.02203132,0.02354838,0.02072577,0.02988297,0.03097390,RELIABLE,RELIABLE,RELIABLE,RELIABLE,RELIABLE,RELIABLE,PARTIAL,RELIABLE,STATIONARY,STATIONARY,STATIONARY,STATIONARY,STATIONARY,STATIONARY,STATIONARY,MOVING,MOVING
48212,1424,3,LEFT_ARM,0.13145780,0.00335938,0.02555481,0.01912977,0.04180880,0.04216977,0.02539918,0.02891454,0.02138400,0.02604129,0.02803622,RELIABLE,RELIABLE,RELIABLE,RELIABLE,RELIABLE,RELIABLE,RELIABLE,RELIABLE,STATIONARY,STATIONARY,STATIONARY,STATIONARY,STATIONARY,STATIONARY,STATIONARY,MOVING,MOVING
48243,1425,3,LEFT_ARM,0.13146543,0.00319047,0.02426853,0.02080601,0.04721753,0.04738097,0.02578163,0.03263223,0.02261906,0.02874871,0.03007669,RELIABLE,RELIABLE,RELIABLE,RELIABLE,RELIABLE,RELIABLE,RELIABLE,RELIABLE,STATIONARY,STATIONARY,STATIONARY,STATIONARY,STATIONARY,STATIONARY,STATIONARY,MOVING,MOVING
48273,1426,3,LEFT_ARM,0.13199621,0.00325651,0.02467125,0.02175299,0.05020608,0.04969398,0.02660257,0.03484087,0.02305249,0.02841648,0.03060108,RELIABLE,RELIABLE,RELIABLE,RELIABLE,RELIABLE,RELIABLE,PARTIAL,PARTIAL,STATIONARY,STATIONARY,STATIONARY,STATIONARY,STATIONARY,STATIONARY,STATIONARY,MOVING,MOVING
48305,1427,3,LEFT_ARM,0.13306280,0.00368946,0.02772719,0.02115152,0.05047679,0.04897157,0.03016974,0.03752483,0.02331596,0.02848816,0.03239030,RELIABLE,RELIABLE,RELIABLE,RELIABLE,RELIABLE,RELIABLE,RELIABLE,RELIABLE,STATIONARY,STATIONARY,STATIONARY,STATIONARY,STATIONARY,STATIONARY,STATIONARY,MOVING,MOVING
48336,1428,3,LEFT_ARM,0.13407391,0.00264026,0.01969256,0.02055359,0.04987733,0.04775303,0.03093427,0.03692665,0.02338829,0.02682709,0.03343746,RELIABLE,RELIABLE,RELIABLE,RELIABLE,RELIABLE,RELIABLE,RELIABLE,RELIABLE,STATIONARY,STATIONARY,STATIONARY,STATIONARY,STATIONARY,STATIONARY,STATIONARY,MOVING,MOVING
48368,1429,3,LEFT_ARM,0.13428640,0.00268611,0.02000281,0.02075993,0.05152996,0.04785980,0.03110856,0.03789266,0.02161542,0.02616546,0.02915594,RELIABLE,RELIABLE,RELIABLE,RELIABLE,RELIABLE,RELIABLE,RELIABLE,RELIABLE,STATIONARY,STATIONARY,STATIONARY,STATIONARY,STATIONARY,STATIONARY,STATIONARY,MOVING,MOVING
48410,1430,3,LEFT_ARM,0.13406459,0.00383605,0.02861344,0.02318947,0.05655781,0.05268614,0.03395680,0.04305358,0.02416223,0.03049255,0.03283618,RELIABLE,RELIABLE,RELIABLE,RELIABLE,RELIABLE,RELIABLE,RELIABLE,RELIABLE,STATIONARY,STATIONARY,STATIONARY,STATIONARY,STATIONARY,STATIONARY,STATIONARY,MOVING,MOVING
48457,1431,3,LEFT_ARM,0.13382074,0.00292926,0.02188947,0.02405251,0.05876467,0.05377917,0.03836668,0.04309188,0.02371259,0.02316403,0.02735285,RELIABLE,RELIABLE,RELIABLE,RELIABLE,RELIABLE,RELIABLE,RELIABLE,RELIABLE,STATIONARY,STATIONARY,STATIONARY,STATIONARY,STATIONARY,STATIONARY,STATIONARY,MOVING,MOVING
48492,1432,3,LEFT_ARM,0.13398373,0.00234445,0.01749801,0.02304541,0.05708106,0.05224669,0.03614798,0.03869311,0.02335405,0.02431331,0.02796506,RELIABLE,RELIABLE,RELIABLE,RELIABLE,RELIABLE,RELIABLE,RELIABLE,RELIABLE,STATIONARY,STATIONARY,STATIONARY,STATIONARY,STATIONARY,STATIONARY,STATIONARY,MOVING,MOVING
48524,1433,3,LEFT_ARM,0.13420845,0.00117222,0.00873436,0.02110364,0.05249369,0.04769165,0.03374285,0.03397869,0.02143702,0.02177140,0.02370568,RELIABLE,RELIABLE,RELIABLE,RELIABLE,RELIABLE,RELIABLE,RELIABLE,RELIABLE,STATIONARY,STATIONARY,STATIONARY,STATIONARY,STATIONARY,STATIONARY,STATIONARY,MOVING,MOVING
48555,1434,3,LEFT_ARM,0.13361696,0.00167327,0.01252286,0.01958509,0.04707277,0.04291976,0.03204654,0.03393021,0.02121857,0.02323967,0.02306592,RELIABLE,RELIABLE,RELIABLE,RELIABLE,RELIABLE,RELIABLE,RELIABLE,RELIABLE,STATIONARY,STATIONARY,STATIONARY,STATIONARY,STATIONARY,STATIONARY,STATIONARY,MOVING,MOVING
48587,1435,3,LEFT_ARM,0.13295783,0.00128205,0.00964256,0.01732451,0.04051760,0.03777554,0.02871442,0.03282935,0.01827652,0.01930355,0.01978099,RELIABLE,RELIABLE,RELIABLE,RELIABLE,RELIABLE,RELIABLE,RELIABLE,RELIABLE,STATIONARY,STATIONARY,STATIONARY,STATIONARY,STATIONARY,STATIONARY,STATIONARY,MOVING,MOVING
48619,1436,3,LEFT_ARM,0.13240558,0.00106439,0.00803887,0.01586780,0.03688008,0.03435858,0.02635313,0.03054161,0.01602829,0.01891725,0.01863981,RELIABLE,RELIABLE,RELIABLE,RELIABLE,RELIABLE,RELIABLE,RELIABLE,RELIABLE,STATIONARY,STATIONARY,STATIONARY,STATIONARY,STATIONARY,STATIONARY,STATIONARY,MOVING,MOVING
48651,1437,3,LEFT_ARM,0.13198149,0.00193031,0.01462564,0.01519565,0.03399049,0.03233168,0.02364844,0.02831347,0.01641240,0.02529233,0.02233450,RELIABLE,RELIABLE,RELIABLE,RELIABLE,RELIABLE,RELIABLE,RELIABLE,RELIABLE,STATIONARY,STATIONARY,STATIONARY,STATIONARY,STATIONARY,STATIONARY,STATIONARY,MOVING,MOVING
48683,1438,3,LEFT_ARM,0.13126177,0.00097043,0.00739310,0.01254311,0.02751711,0.02604187,0.02082663,0.02508376,0.01534648,0.02323542,0.01965332,RELIABLE,RELIABLE,RELIABLE,RELIABLE,RELIABLE,RELIABLE,RELIABLE,RELIABLE,STATIONARY,STATIONARY,STATIONARY,STATIONARY,STATIONARY,STATIONARY,STATIONARY,STATIONARY,STATIONARY
48715,1439,3,LEFT_ARM,0.13127259,0.00106695,0.00812771,0.01082289,0.02145560,0.02130025,0.01613122,0.02021133,0.01418467,0.02396942,0.02212968,RELIABLE,RELIABLE,RELIABLE,RELIABLE,RELIABLE,RELIABLE,PARTIAL,RELIABLE,STATIONARY,STATIONARY,STATIONARY,STATIONARY,STATIONARY,STATIONARY,STATIONARY,STATIONARY,STATIONARY
48747,1440,3,LEFT_ARM,0.13121719,0.00121768,0.00927990,0.00979562,0.01815941,0.01811992,0.01413481,0.02052221,0.01325024,0.02202190,0.02117571,RELIABLE,RELIABLE,RELIABLE,RELIABLE,RELIABLE,RELIABLE,RELIABLE,RELIABLE,STATIONARY,STATIONARY,STATIONARY,STATIONARY,STATIONARY,STATIONARY,STATIONARY,STATIONARY,STATIONARY
48778,1441,3,LEFT_ARM,0.13112012,0.00107353,0.00818735,0.00972725,0.01694879,0.01751948,0.01440639,0.02056655,0.01339802,0.02306298,0.02561370,RELIABLE,RELIABLE,RELIABLE,RELIABLE,RELIABLE,RELIABLE,PARTIAL,RELIABLE,STATIONARY,STATIONARY,STATIONARY,STATIONARY,STATIONARY,STATIONARY,STATIONARY,STATIONARY,STATIONARY
48810,1442,3,LEFT_ARM,0.13090711,0.00124663,0.00952298,0.00935226,0.01547075,0.01551739,0.01397617,0.01738229,0.01468555,0.02687580,0.03293729,RELIABLE,RELIABLE,RELIABLE,RELIABLE,RELIABLE,RELIABLE,RELIABLE,RELIABLE,STATIONARY,STATIONARY,STATIONARY,STATIONARY,STATIONARY,STATIONARY,STATIONARY,STATIONARY,STATIONARY
48858,1443,3,LEFT_ARM,0.13034593,0.00129462,0.00993215,0.00938846,0.01541796,0.01493147,0.01377970,0.01465963,0.01425900,0.02818007,0.03228700,RELIABLE,RELIABLE,RELIABLE,RELIABLE,RELIABLE,RELIABLE,RELIABLE,RELIABLE,STATIONARY,STATIONARY,STATIONARY,STATIONARY,STATIONARY,STATIONARY,STATIONARY,STATIONARY,STATIONARY
48889,1444,3,LEFT_ARM,0.12960943,0.00123949,0.00956326,0.00957901,0.01335905,0.01387001,0.01285494,0.01425467,0.01465619,0.02696837,0.03329179,RELIABLE,RELIABLE,RELIABLE,RELIABLE,RELIABLE,RELIABLE,RELIABLE,RELIABLE,STATIONARY,STATIONARY,STATIONARY,STATIONARY,STATIONARY,STATIONARY,STATIONARY,MOVING,MOVING
48919,1445,3,LEFT_ARM,0.12901344,0.00061974,0.00480372,0.00835127,0.01022510,0.01103230,0.01175012,0.01242782,0.01315612,0.01975095,0.03017054,RELIABLE,RELIABLE,RELIABLE,RELIABLE,RELIABLE,RELIABLE,RELIABLE,RELIABLE,STATIONARY,STATIONARY,STATIONARY,STATIONARY,STATIONARY,STATIONARY,STATIONARY,MOVING,MOVING
48950,1446,3,LEFT_ARM,0.12860334,0.00079082,0.00614929,0.00819579,0.01060795,0.01089499,0.01081540,0.00972397,0.01134003,0.02007328,0.02828387,RELIABLE,RELIABLE,RELIABLE,RELIABLE,RELIABLE,RELIABLE,PARTIAL,RELIABLE,STATIONARY,STATIONARY,STATIONARY,STATIONARY,STATIONARY,STATIONARY,STATIONARY,MOVING,MOVING
48982,1447,3,LEFT_ARM,0.12817149,0.00084247,0.00657299,0.00800145,0.01157234,0.01126867,0.01024356,0.00931813,0.01118651,0.02020942,0.02888084,RELIABLE,RELIABLE,RELIABLE,RELIABLE,RELIABLE,RELIABLE,RELIABLE,RELIABLE,STATIONARY,STATIONARY,STATIONARY,STATIONARY,STATIONARY,STATIONARY,STATIONARY,MOVING,MOVING
49013,1448,3,LEFT_ARM,0.12766346,0.00081865,0.00641253,0.00764303,0.01026183,0.01009821,0.00993646,0.00834651,0.01119112,0.02044860,0.02992851,RELIABLE,RELIABLE,RELIABLE,RELIABLE,RELIABLE,RELIABLE,RELIABLE,RELIABLE,STATIONARY,STATIONARY,STATIONARY,STATIONARY,STATIONARY,STATIONARY,STATIONARY,MOVING,MOVING
49044,1449,3,LEFT_ARM,0.12693463,0.00068956,0.00543240,0.00729866,0.00968972,0.00953649,0.00914089,0.00884262,0.01099224,0.02089477,0.02713597,RELIABLE,RELIABLE,RELIABLE,RELIABLE,RELIABLE,RELIABLE,RELIABLE,RELIABLE,STATIONARY,STATIONARY,STATIONARY,STATIONARY,STATIONARY,STATIONARY,STATIONARY,MOVING,MOVING
49076,1450,3,LEFT_ARM,0.12649705,0.00080687,0.00637859,0.00690562,0.01040435,0.01000578,0.00868294,0.00928487,0.00922097,0.01709387,0.02154026,RELIABLE,RELIABLE,RELIABLE,RELIABLE,RELIABLE,RELIABLE,PARTIAL,RELIABLE,STATIONARY,STATIONARY,STATIONARY,STATIONARY,STATIONARY,STATIONARY,STATIONARY,MOVING,MOVING
49108,1451,3,LEFT_ARM,0.12615983,0.00045034,0.00356961,0.00611030,0.00852594,0.00896845,0.00797652,0.00964989,0.01019404,,0.02498046,RELIABLE,RELIABLE,RELIABLE,RELIABLE,RELIABLE,RELIABLE,UNRELIABLE,RELIABLE,STATIONARY,STATIONARY,STATIONARY,STATIONARY,STATIONARY,STATIONARY,UNCERTAIN,MOVING,MOVING
49139,1452,3,LEFT_ARM,0.12590487,0.00090668,0.00720132,0.00581506,0.00930219,0.00919262,0.00775047,0.01029271,0.01050144,,0.02381586,RELIABLE,RELIABLE,RELIABLE,RELIABLE,RELIABLE,RELIABLE,RELIABLE,RELIABLE,STATIONARY,STATIONARY,STATIONARY,STATIONARY,STATIONARY,STATIONARY,UNCERTAIN,MOVING,MOVING
49171,1453,3,LEFT_ARM,0.12585539,0.00077777,0.00617985,0.00598707,0.00943993,0.00961478,0.00825456,0.01127542,0.01109766,0.01767315,0.02489940,RELIABLE,RELIABLE,RELIABLE,RELIABLE,RELIABLE,RELIABLE,RELIABLE,RELIABLE,STATIONARY,STATIONARY,STATIONARY,STATIONARY,STATIONARY,STATIONARY,STATIONARY,MOVING,MOVING
49209,1454,3,LEFT_ARM,0.12540328,0.00105559,0.00841754,0.00627061,0.00997149,0.00950198,0.00862712,0.01211018,0.01283103,0.02631233,0.02838109,RELIABLE,RELIABLE,RELIABLE,RELIABLE,RELIABLE,RELIABLE,RELIABLE,RELIABLE,STATIONARY,STATIONARY,STATIONARY,STATIONARY,STATIONARY,STATIONARY,STATIONARY,MOVING,MOVING
49257,1455,3,LEFT_ARM,0.12520299,0.00108256,0.00864641,0.00652978,0.00951986,0.00953513,0.00909006,0.01254727,0.01314815,0.02208090,0.02670686,RELIABLE,RELIABLE,RELIABLE,RELIABLE,RELIABLE,RELIABLE,RELIABLE,RELIABLE,STATIONARY,STATIONARY,STATIONARY,STATIONARY,STATIONARY,STATIONARY,STATIONARY,MOVING,MOVING
49283,1456,3,LEFT_ARM,0.12511830,0.00054128,0.00432613,0.00626898,0.00901949,0.00928566,0.00883835,0.01161588,0.01289469,0.01826408,0.02613018,RELIABLE,RELIABLE,RELIABLE,RELIABLE,RELIABLE,RELIABLE,RELIABLE,RELIABLE,STATIONARY,STATIONARY,STATIONARY,STATIONARY,STATIONARY,STATIONARY,STATIONARY,MOVING,MOVING
49315,1457,3,LEFT_ARM,0.12567096,0.00064922,0.00516602,0.00623568,0.00862723,0.00869896,0.00931844,0.01156216,0.01324698,0.01718537,0.02709098,RELIABLE,RELIABLE,RELIABLE,RELIABLE,RELIABLE,RELIABLE,RELIABLE,RELIABLE,STATIONARY,STATIONARY,STATIONARY,STATIONARY,STATIONARY,STATIONARY,STATIONARY,MOVING,MOVING
49346,1458,3,LEFT_ARM,0.12616471,0.00128709,0.01020169,0.00671357,0.00921613,0.00920745,0.00915610,0.01276623,0.01283309,0.01719544,0.02472801,RELIABLE,RELIABLE,RELIABLE,RELIABLE,RELIABLE,RELIABLE,RELIABLE,RELIABLE,STATIONARY,STATIONARY,STATIONARY,STATIONARY,STATIONARY,STATIONARY,STATIONARY,MOVING,MOVING
49378,1459,3,LEFT_ARM,0.12594573,0.00094463,0.00750031,0.00720491,0.00929461,0.00878317,0.00908951,0.01664082,0.01211801,0.01657367,0.02430969,RELIABLE,RELIABLE,RELIABLE,RELIABLE,RELIABLE,RELIABLE,RELIABLE,RELIABLE,STATIONARY,STATIONARY,STATIONARY,STATIONARY,STATIONARY,STATIONARY,STATIONARY,MOVING,MOVING
49410,1460,3,LEFT_ARM,0.12519258,0.00066339,0.00529892,0.00696711,0.00884861,0.00803620,0.00924543,0.02071014,0.01260834,0.02242658,0.02993608,RELIABLE,RELIABLE,RELIABLE,RELIABLE,RELIABLE,RELIABLE,RELIABLE,RELIABLE,STATIONARY,STATIONARY,STATIONARY,STATIONARY,STATIONARY,STATIONARY,STATIONARY,MOVING,MOVING
49442,1461,3,LEFT_ARM,0.12447780,0.00110356,0.00886553,0.00730282,0.01046952,0.00896084,0.00903951,0.02512352,0.01329305,0.02555271,0.03188267,RELIABLE,RELIABLE,RELIABLE,RELIABLE,RELIABLE,RELIABLE,RELIABLE,RELIABLE,STATIONARY,STATIONARY,STATIONARY,STATIONARY,STATIONARY,STATIONARY,STATIONARY,MOVING,MOVING
49472,1462,3,LEFT_ARM,0.12376750,0.00068378,0.00552469,0.00694121,0.01012138,0.00896192,0.00865594,0.02901611,0.01096441,0.02180083,0.03027701,RELIABLE,RELIABLE,RELIABLE,RELIABLE,RELIABLE,RELIABLE,RELIABLE,RELIABLE,STATIONARY,STATIONARY,STATIONARY,STATIONARY,STATIONARY,STATIONARY,STATIONARY,MOVING,MOVING
49504,1463,3,LEFT_ARM,0.12396732,0.00087065,0.00702325,0.00673832,0.01010267,0.00801209,0.00983953,0.03462277,0.01213393,0.02849843,0.03629744,RELIABLE,RELIABLE,RELIABLE,RELIABLE,RELIABLE,RELIABLE,RELIABLE,RELIABLE,STATIONARY,STATIONARY,STATIONARY,STATIONARY,STATIONARY,STATIONARY,STATIONARY,MOVING,MOVING
49536,1464,3,LEFT_ARM,0.12438480,0.00126192,0.01014528,0.00746571,0.01148302,0.00832005,0.01072346,0.04319664,0.01244840,0.03100901,0.03842926,RELIABLE,RELIABLE,RELIABLE,RELIABLE,RELIABLE,RELIABLE,RELIABLE,RELIABLE,STATIONARY,STATIONARY,STATIONARY,STATIONARY,STATIONARY,STATIONARY,STATIONARY,MOVING,MOVING
49568,1465,3,LEFT_ARM,0.12453217,0.00071340,0.00572867,0.00753604,0.01181850,0.00805442,0.01013982,0.05037293,0.01207919,0.03092382,0.03643453,RELIABLE,RELIABLE,RELIABLE,RELIABLE,RELIABLE,RELIABLE,RELIABLE,RELIABLE,STATIONARY,STATIONARY,STATIONARY,STATIONARY,STATIONARY,STATIONARY,STATIONARY,MOVING,MOVING
49625,1466,3,LEFT_ARM,0.12514015,0.00111859,0.00893869,0.00737817,0.01112820,0.00800030,0.01217727,0.06000093,0.01271053,0.03047042,0.03785224,RELIABLE,RELIABLE,RELIABLE,RELIABLE,RELIABLE,RELIABLE,RELIABLE,RELIABLE,STATIONARY,STATIONARY,STATIONARY,STATIONARY,STATIONARY,STATIONARY,STATIONARY,MOVING,MOVING
49662,1467,3,LEFT_ARM,0.12550575,0.00056806,0.00452620,0.00700641,0.01068382,0.00801449,0.01222433,0.06551239,0.01331124,0.03728000,0.04077043,RELIABLE,RELIABLE,RELIABLE,RELIABLE,RELIABLE,RELIABLE,RELIABLE,RELIABLE,STATIONARY,STATIONARY,STATIONARY,STATIONARY,MOVING,STATIONARY,STATIONARY,MOVING,MOVING
49693,1468,3,LEFT_ARM,0.12572070,0.00028403,0.00225923,0.00662644,0.00978799,0.00733583,0.01164325,0.06499185,0.01188975,0.03355567,0.03623485,RELIABLE,RELIABLE,RELIABLE,RELIABLE,RELIABLE,RELIABLE,RELIABLE,RELIABLE,STATIONARY,STATIONARY,STATIONARY,STATIONARY,MOVING,STATIONARY,STATIONARY,MOVING,MOVING
49724,1469,3,LEFT_ARM,0.12620502,0.00073233,0.00580268,0.00624359,0.00869268,0.00585017,0.01175277,0.06687160,0.01127546,0.03076472,0.03288389,RELIABLE,RELIABLE,RELIABLE,RELIABLE,RELIABLE,RELIABLE,RELIABLE,RELIABLE,STATIONARY,STATIONARY,STATIONARY,STATIONARY,MOVING,STATIONARY,STATIONARY,MOVING,MOVING
49756,1470,3,LEFT_ARM,0.12701341,0.00049632,0.00390764,0.00604146,0.00765481,0.00613505,0.01166561,0.06755345,0.01122918,0.03321675,0.03088119,RELIABLE,RELIABLE,RELIABLE,RELIABLE,RELIABLE,RELIABLE,RELIABLE,RELIABLE,STATIONARY,STATIONARY,STATIONARY,STATIONARY,MOVING,STATIONARY,STATIONARY,MOVING,MOVING
49788,1471,3,LEFT_ARM,0.12760215,0.00110610,0.00866835,0.00624709,0.00809089,0.00608799,0.00996725,0.06539575,0.00928699,0.02767951,0.02288174,RELIABLE,RELIABLE,RELIABLE,RELIABLE,RELIABLE,RELIABLE,RELIABLE,RELIABLE,STATIONARY,STATIONARY,STATIONARY,STATIONARY,MOVING,STATIONARY,STATIONARY,MOVING,MOVING
49818,1472,3,LEFT_ARM,0.12819844,0.00053947,0.00420807,0.00550494,0.00705910,0.00591104,0.00929908,0.05896371,0.01007000,0.02711193,0.02244480,RELIABLE,RELIABLE,RELIABLE,RELIABLE,RELIABLE,RELIABLE,PARTIAL,RELIABLE,STATIONARY,STATIONARY,STATIONARY,STATIONARY,MOVING,STATIONARY,STATIONARY,MOVING,MOVING
49850,1473,3,LEFT_ARM,0.12839269,0.00074820,0.00582740,0.00551728,0.00682046,0.00603272,0.00902285,0.05245290,0.01108150,0.02912719,0.02358382,RELIABLE,RELIABLE,RELIABLE,RELIABLE,RELIABLE,RELIABLE,RELIABLE,RELIABLE,STATIONARY,STATIONARY,STATIONARY,STATIONARY,MOVING,STATIONARY,STATIONARY,MOVING,MOVING
49882,1474,3,LEFT_ARM,0.12852497,0.00082155,0.00639218,0.00519897,0.00634468,0.00509244,0.00683267,0.04160962,0.01026372,0.02955087,0.02280994,RELIABLE,RELIABLE,RELIABLE,RELIABLE,RELIABLE,RELIABLE,RELIABLE,RELIABLE,STATIONARY,STATIONARY,STATIONARY,STATIONARY,MOVING,STATIONARY,STATIONARY,MOVING,MOVING
49914,1475,3,LEFT_ARM,0.12890110,0.00077949,0.00604718,0.00538909,0.00720907,0.00541521,0.00710608,0.03297433,0.00984936,0.02398496,0.02019045,RELIABLE,RELIABLE,RELIABLE,RELIABLE,RELIABLE,RELIABLE,RELIABLE,RELIABLE,STATIONARY,STATIONARY,STATIONARY,STATIONARY,MOVING,STATIONARY,STATIONARY,MOVING,MOVING
49945,1476,3,LEFT_ARM,0.12923042,0.00024693,0.00191081,0.00534554,0.00710250,0.00547785,0.00752584,0.03080124,0.00992314,0.02146671,0.01933564,RELIABLE,RELIABLE,RELIABLE,RELIABLE,RELIABLE,RELIABLE,RELIABLE,RELIABLE,STATIONARY,STATIONARY,STATIONARY,STATIONARY,MOVING,STATIONARY,STATIONARY,MOVING,MOVING
49977,1477,3,LEFT_ARM,0.12842393,0.00149568,0.01164645,0.00607601,0.00870125,0.00745435,0.00696728,0.02853375,0.00953616,0.01984980,0.01893031,RELIABLE,RELIABLE,RELIABLE,RELIABLE,RELIABLE,RELIABLE,RELIABLE,RELIABLE,STATIONARY,STATIONARY,STATIONARY,STATIONARY,MOVING,STATIONARY,STATIONARY,MOVING,MOVING
50027,1478,3,LEFT_ARM,0.12755252,0.00193094,0.01513841,0.00747986,0.01105925,0.00778183,0.00767433,0.03314488,0.00998426,0.01847396,0.02060531,RELIABLE,RELIABLE,RELIABLE,RELIABLE,RELIABLE,RELIABLE,PARTIAL,RELIABLE,STATIONARY,STATIONARY,STATIONARY,STATIONARY,MOVING,STATIONARY,STATIONARY,STATIONARY,MOVING
50055,1479,3,LEFT_ARM,0.12688495,0.00096547,0.00760903,0.00734744,0.01093541,0.00821650,0.00787346,0.03357123,0.00977991,0.01646242,0.02121593,RELIABLE,RELIABLE,RELIABLE,RELIABLE,RELIABLE,RELIABLE,PARTIAL,RELIABLE,STATIONARY,STATIONARY,STATIONARY,STATIONARY,MOVING,STATIONARY,STATIONARY,STATIONARY,MOVING
50087,1480,3,LEFT_ARM,0.12640849,0.00175607,0.01389205,0.00855794,0.01241236,0.00966942,0.00776260,0.03853055,0.00898154,0.01691023,0.02277610,RELIABLE,RELIABLE,RELIABLE,RELIABLE,RELIABLE,RELIABLE,PARTIAL,RELIABLE,STATIONARY,STATIONARY,STATIONARY,STATIONARY,MOVING,STATIONARY,STATIONARY,STATIONARY,MOVING
50118,1481,3,LEFT_ARM,0.12667542,0.00043360,0.00342291,0.00825738,0.01203858,0.00961899,0.00860923,0.04474966,0.00803978,0.01401143,0.02141741,RELIABLE,RELIABLE,RELIABLE,RELIABLE,RELIABLE,RELIABLE,PARTIAL,RELIABLE,STATIONARY,STATIONARY,STATIONARY,STATIONARY,MOVING,STATIONARY,STATIONARY,STATIONARY,MOVING
50149,1482,3,LEFT_ARM,0.12643173,0.00123468,0.00976556,0.00867905,0.01281541,0.01074987,0.00845936,0.05182940,0.00906717,0.01616568,0.02292736,RELIABLE,RELIABLE,RELIABLE,RELIABLE,RELIABLE,RELIABLE,RELIABLE,RELIABLE,STATIONARY,STATIONARY,STATIONARY,STATIONARY,MOVING,STATIONARY,STATIONARY,STATIONARY,MOVING
50180,1483,3,LEFT_ARM,0.12695137,0.00118881,0.00936432,0.00909369,0.01344291,0.01098222,0.00840305,0.05989333,0.00916785,0.01539054,0.01997616,RELIABLE,RELIABLE,RELIABLE,RELIABLE,RELIABLE,RELIABLE,RELIABLE,RELIABLE,STATIONARY,STATIONARY,STATIONARY,STATIONARY,MOVING,STATIONARY,STATIONARY,STATIONARY,MOVING
50212,1484,3,LEFT_ARM,0.12703682,0.00118831,0.00935403,0.01002410,0.01474215,0.01128915,0.00791025,0.06655839,0.00884717,0.01533045,0.01897327,RELIABLE,RELIABLE,RELIABLE,RELIABLE,RELIABLE,RELIABLE,RELIABLE,RELIABLE,STATIONARY,STATIONARY,STATIONARY,STATIONARY,MOVING,STATIONARY,STATIONARY,STATIONARY,MOVING
50243,1485,3,LEFT_ARM,0.12654024,0.00083121,0.00656874,0.00938938,0.01296180,0.00957568,0.00809787,0.07034228,0.00919577,0.01643974,0.01918449,RELIABLE,RELIABLE,RELIABLE,RELIABLE,RELIABLE,RELIABLE,RELIABLE,RELIABLE,STATIONARY,STATIONARY,STATIONARY,STATIONARY,MOVING,STATIONARY,STATIONARY,STATIONARY,MOVING
50275,1486,3,LEFT_ARM,0.12565225,0.00064885,0.00516387,0.00814256,0.01112030,0.00924532,0.00697349,0.06867433,0.00906203,0.01708413,0.01918280,RELIABLE,RELIABLE,RELIABLE,RELIABLE,RELIABLE,RELIABLE,RELIABLE,RELIABLE,STATIONARY,STATIONARY,STATIONARY,STATIONARY,MOVING,STATIONARY,STATIONARY,STATIONARY,MOVING
50306,1487,3,LEFT_ARM,0.12518765,0.00101938,0.00814284,0.00820929,0.01135962,0.01006159,0.00682458,0.07140720,0.00923658,0.01808563,0.02057834,RELIABLE,RELIABLE,RELIABLE,RELIABLE,RELIABLE,RELIABLE,RELIABLE,RELIABLE,STATIONARY,STATIONARY,STATIONARY,STATIONARY,MOVING,STATIONARY,STATIONARY,STATIONARY,MOVING
50338,1488,3,LEFT_ARM,0.12459867,0.00048568,0.00389793,0.00696003,0.00936782,0.00796715,0.00709206,0.07000667,0.00903311,0.01690132,0.01813865,RELIABLE,RELIABLE,RELIABLE,RELIABLE,RELIABLE,RELIABLE,RELIABLE,RELIABLE,STATIONARY,STATIONARY,STATIONARY,STATIONARY,MOVING,STATIONARY,STATIONARY,STATIONARY,MOVING
50369,1489,3,LEFT_ARM,0.12410439,0.00144516,0.01164470,0.00798775,0.01107044,0.00856403,0.00685897,0.06784048,0.00957620,0.02284703,0.01979122,RELIABLE,RELIABLE,RELIABLE,RELIABLE,RELIABLE,RELIABLE,RELIABLE,RELIABLE,STATIONARY,STATIONARY,STATIONARY,STATIONARY,MOVING,STATIONARY,STATIONARY,STATIONARY,MOVING
50426,1490,3,LEFT_ARM,0.12405532,0.00081284,0.00655226,0.00758609,0.01031022,0.00759837,0.00724766,0.06278618,0.00896931,0.02453826,0.02150440,RELIABLE,RELIABLE,RELIABLE,RELIABLE,RELIABLE,RELIABLE,RELIABLE,RELIABLE,STATIONARY,STATIONARY,STATIONARY,STATIONARY,MOVING,STATIONARY,STATIONARY,STATIONARY,MOVING
50463,1491,3,LEFT_ARM,0.12413002,0.00040642,0.00327416,0.00682482,0.00884179,0.00695268,0.00647334,0.05450412,0.00814686,0.02544828,0.02275827,RELIABLE,RELIABLE,RELIABLE,RELIABLE,RELIABLE,RELIABLE,RELIABLE,RELIABLE,STATIONARY,STATIONARY,STATIONARY,STATIONARY,MOVING,STATIONARY,STATIONARY,STATIONARY,MOVING
50495,1492,3,LEFT_ARM,0.12415384,0.00058131,0.00468221,0.00624084,0.00804767,0.00693362,0.00665987,0.04670363,0.00860444,0.02709437,0.02292999,RELIABLE,RELIABLE,RELIABLE,RELIABLE,RELIABLE,RELIABLE,RELIABLE,RELIABLE,STATIONARY,STATIONARY,STATIONARY,STATIONARY,MOVING,STATIONARY,STATIONARY,STATIONARY,MOVING
50527,1493,3,LEFT_ARM,0.12433769,0.00130056,0.01045987,0.00672723,0.00888182,0.00819372,0.00733378,0.04225987,0.00844008,0.02879808,0.02503258,RELIABLE,RELIABLE,RELIABLE,RELIABLE,RELIABLE,RELIABLE,RELIABLE,RELIABLE,STATIONARY,STATIONARY,STATIONARY,STATIONARY,MOVING,STATIONARY,STATIONARY,STATIONARY,MOVING
50559,1494,3,LEFT_ARM,0.12455728,0.00269143,0.02160797,0.00878274,0.01130297,0.01041932,0.00741999,0.03845565,0.00858266,0.02842524,0.02316023,RELIABLE,RELIABLE,RELIABLE,RELIABLE,RELIABLE,RELIABLE,RELIABLE,RELIABLE,STATIONARY,STATIONARY,STATIONARY,STATIONARY,MOVING,STATIONARY,STATIONARY,STATIONARY,MOVING
50591,1495,3,LEFT_ARM,0.12444709,0.00149463,0.01201016,0.00926616,0.01171620,0.01019720,0.00790316,0.03658303,0.00937540,0.03391899,0.02548433,RELIABLE,RELIABLE,RELIABLE,RELIABLE,RELIABLE,RELIABLE,RELIABLE,RELIABLE,STATIONARY,STATIONARY,STATIONARY,STATIONARY,MOVING,STATIONARY,STATIONARY,STATIONARY,MOVING
50623,1496,3,LEFT_ARM,0.12440061,0.00136163,0.01094552,0.01014711,0.01286366,0.01180816,0.00736323,0.03802650,0.00988969,0.03504601,0.02493454,RELIABLE,RELIABLE,RELIABLE,RELIABLE,RELIABLE,RELIABLE,RELIABLE,RELIABLE,STATIONARY,STATIONARY,STATIONARY,STATIONARY,MOVING,STATIONARY,STATIONARY,STATIONARY,MOVING
50655,1497,3,LEFT_ARM,0.12448375,0.00142933,0.01148204,0.01012677,0.01274456,0.01262016,0.00661070,0.04002813,0.00993427,0.03127171,0.02415018,RELIABLE,RELIABLE,RELIABLE,RELIABLE,RELIABLE,RELIABLE,RELIABLE,RELIABLE,STATIONARY,STATIONARY,STATIONARY,STATIONARY,MOVING,STATIONARY,STATIONARY,STATIONARY,MOVING
50687,1498,3,LEFT_ARM,0.12405131,0.00113980,0.00918815,0.01045626,0.01351348,0.01404850,0.00696266,0.04430042,0.01054460,0.02942691,0.02262526,RELIABLE,RELIABLE,RELIABLE,RELIABLE,RELIABLE,RELIABLE,RELIABLE,RELIABLE,STATIONARY,STATIONARY,STATIONARY,STATIONARY,MOVING,STATIONARY,STATIONARY,STATIONARY,MOVING
50717,1499,3,LEFT_ARM,0.12491211,0.00133488,0.01068658,0.01138281,0.01424739,0.01443122,0.00788658,0.05202023,0.01157638,0.03007103,0.02336902,RELIABLE,RELIABLE,RELIABLE,RELIABLE,RELIABLE,RELIABLE,PARTIAL,RELIABLE,STATIONARY,STATIONARY,STATIONARY,STATIONARY,MOVING,STATIONARY,STATIONARY,STATIONARY,MOVING
50749,1500,3,LEFT_ARM,0.12560678,0.00057926,0.00461171,0.01137400,0.01421583,0.01463372,0.00820449,0.05914230,0.01148634,0.02953153,0.02309179,RELIABLE,RELIABLE,RELIABLE,RELIABLE,RELIABLE,RELIABLE,RELIABLE,RELIABLE,STATIONARY,STATIONARY,STATIONARY,STATIONARY,MOVING,STATIONARY,STATIONARY,STATIONARY,MOVING
50780,1501,3,LEFT_ARM,0.12643602,0.00065355,0.00516901,0.01071264,0.01361516,0.01347668,0.00795481,0.06249669,0.01110460,0.02681986,0.02048280,RELIABLE,RELIABLE,RELIABLE,RELIABLE,RELIABLE,RELIABLE,PARTIAL,PARTIAL,STATIONARY,STATIONARY,STATIONARY,STATIONARY,MOVING,STATIONARY,STATIONARY,STATIONARY,MOVING
50812,1502,3,LEFT_ARM,0.12642778,0.00067136,0.00531025,0.00867543,0.01085892,0.01060023,0.00831320,0.06641639,0.01128711,0.02808537,0.02124314,RELIABLE,RELIABLE,RELIABLE,RELIABLE,RELIABLE,RELIABLE,RELIABLE,RELIABLE,STATIONARY,STATIONARY,STATIONARY,STATIONARY,MOVING,STATIONARY,STATIONARY,STATIONARY,MOVING
50844,1503,3,LEFT_ARM,0.12668536,0.00086071,0.00679404,0.00802341,0.00969874,0.01036542,0.00953074,0.06894730,0.01101080,0.02498739,0.01796929,RELIABLE,RELIABLE,RELIABLE,RELIABLE,RELIABLE,RELIABLE,RELIABLE,RELIABLE,STATIONARY,STATIONARY,STATIONARY,STATIONARY,MOVING,STATIONARY,STATIONARY,STATIONARY,MOVING
50876,1504,3,LEFT_ARM,0.12662248,0.00038789,0.00306332,0.00703814,0.00857461,0.00892760,0.00997237,0.06819216,0.01071402,0.02557943,0.01980592,RELIABLE,RELIABLE,RELIABLE,RELIABLE,RELIABLE,RELIABLE,RELIABLE,RELIABLE,STATIONARY,STATIONARY,STATIONARY,STATIONARY,MOVING,STATIONARY,STATIONARY,STATIONARY,MOVING
50908,1505,3,LEFT_ARM,0.12677644,0.00044153,0.00348271,0.00603822,0.00709562,0.00759860,0.01121405,0.06723867,0.01012261,0.02605665,0.01877408,RELIABLE,RELIABLE,RELIABLE,RELIABLE,RELIABLE,RELIABLE,RELIABLE,RELIABLE,STATIONARY,STATIONARY,STATIONARY,STATIONARY,MOVING,STATIONARY,STATIONARY,STATIONARY,MOVING
50939,1506,3,LEFT_ARM,0.12716089,0.00098614,0.00775504,0.00585908,0.00647066,0.00647399,0.01107875,0.06639587,0.00975559,0.02717088,0.01672984,RELIABLE,RELIABLE,RELIABLE,RELIABLE,RELIABLE,RELIABLE,RELIABLE,RELIABLE,STATIONARY,STATIONARY,STATIONARY,STATIONARY,MOVING,STATIONARY,STATIONARY,STATIONARY,MOVING
50971,1507,3,LEFT_ARM,0.12737930,0.00067446,0.00529488,0.00518512,0.00582997,0.00679682,0.01063720,0.06221670,0.00877379,0.02693668,0.01547594,RELIABLE,RELIABLE,RELIABLE,RELIABLE,RELIABLE,RELIABLE,RELIABLE,RELIABLE,STATIONARY,STATIONARY,STATIONARY,STATIONARY,MOVING,STATIONARY,STATIONARY,STATIONARY,MOVING
51002,1508,3,LEFT_ARM,0.12770931,0.00078333,0.00613371,0.00537537,0.00646114,0.00658162,0.01097290,0.05783400,0.00902074,0.02731695,0.01635151,RELIABLE,RELIABLE,RELIABLE,RELIABLE,RELIABLE,RELIABLE,RELIABLE,RELIABLE,STATIONARY,STATIONARY,STATIONARY,STATIONARY,MOVING,STATIONARY,STATIONARY,STATIONARY,MOVING
51034,1509,3,LEFT_ARM,0.12782723,0.00064010,0.00500751,0.00535518,0.00598332,0.00639503,0.01064234,0.05220855,0.00880163,0.02835192,0.01670144,RELIABLE,RELIABLE,RELIABLE,RELIABLE,RELIABLE,RELIABLE,RELIABLE,RELIABLE,STATIONARY,STATIONARY,STATIONARY,STATIONARY,MOVING,STATIONARY,STATIONARY,STATIONARY,MOVING
51066,1510,3,LEFT_ARM,0.12776135,0.00026497,0.00207395,0.00495064,0.00567860,0.00596230,0.01133195,0.04440302,0.00808578,0.02593684,0.01566701,RELIABLE,RELIABLE,RELIABLE,RELIABLE,RELIABLE,RELIABLE,RELIABLE,RELIABLE,STATIONARY,STATIONARY,STATIONARY,STATIONARY,MOVING,STATIONARY,STATIONARY,STATIONARY,MOVING
51098,1511,3,LEFT_ARM,0.12777708,0.00073245,0.00573224,0.00481792,0.00574031,0.00509688,0.01041406,0.03591223,0.00746792,0.02279528,0.01497853,RELIABLE,RELIABLE,RELIABLE,RELIABLE,RELIABLE,RELIABLE,RELIABLE,RELIABLE,STATIONARY,STATIONARY,STATIONARY,STATIONARY,MOVING,STATIONARY,STATIONARY,STATIONARY,MOVING
51129,1512,3,LEFT_ARM,0.12789624,0.00140343,0.01097321,0.00580666,0.00714112,0.00572801,0.01159395,0.02997460,0.00694579,0.02256729,0.01268011,RELIABLE,RELIABLE,RELIABLE,RELIABLE,RELIABLE,RELIABLE,RELIABLE,RELIABLE,STATIONARY,STATIONARY,STATIONARY,STATIONARY,MOVING,STATIONARY,STATIONARY,STATIONARY,MOVING
51162,1513,3,LEFT_ARM,0.12766005,0.00085779,0.00671934,0.00621123,0.00782350,0.00592171,0.01138501,0.02520654,0.00640033,0.02149423,0.01247414,RELIABLE,RELIABLE,RELIABLE,RELIABLE,RELIABLE,RELIABLE,RELIABLE,RELIABLE,STATIONARY,STATIONARY,STATIONARY,STATIONARY,MOVING,STATIONARY,STATIONARY,STATIONARY,MOVING
51194,1514,3,LEFT_ARM,0.12742331,0.00106715,0.00837487,0.00628871,0.00799546,0.00597655,0.01121161,0.02322687,0.00559521,0.01837166,0.01202404,RELIABLE,RELIABLE,RELIABLE,RELIABLE,RELIABLE,RELIABLE,RELIABLE,RELIABLE,STATIONARY,STATIONARY,STATIONARY,STATIONARY,MOVING,STATIONARY,STATIONARY,STATIONARY,MOVING
51226,1515,3,LEFT_ARM,0.12706638,0.00076496,0.00602015,0.00637937,0.00832914,0.00613029,0.01099979,0.02319042,0.00658679,0.01789214,0.01266988,RELIABLE,RELIABLE,RELIABLE,RELIABLE,RELIABLE,RELIABLE,RELIABLE,RELIABLE,STATIONARY,STATIONARY,STATIONARY,STATIONARY,MOVING,STATIONARY,STATIONARY,STATIONARY,MOVING
51258,1516,3,LEFT_ARM,0.12688208,0.00042366,0.00333901,0.00603004,0.00779172,0.00650701,0.01114324,0.02610372,0.00579637,0.01669623,0.01199039,RELIABLE,RELIABLE,RELIABLE,RELIABLE,RELIABLE,RELIABLE,RELIABLE,RELIABLE,STATIONARY,STATIONARY,STATIONARY,STATIONARY,MOVING,STATIONARY,STATIONARY,STATIONARY,MOVING
51289,1517,3,LEFT_ARM,0.12726594,0.00042765,0.00336025,0.00582413,0.00779942,0.00608528,0.01165321,0.03074509,0.00600219,0.01667708,0.01353297,RELIABLE,RELIABLE,RELIABLE,RELIABLE,RELIABLE,RELIABLE,PARTIAL,RELIABLE,STATIONARY,STATIONARY,STATIONARY,STATIONARY,MOVING,STATIONARY,STATIONARY,STATIONARY,MOVING
51322,1518,3,LEFT_ARM,0.12772027,0.00084845,0.00664301,0.00639526,0.00849044,0.00603584,0.01056039,0.03793837,0.00622574,0.01789219,0.01371230,RELIABLE,RELIABLE,RELIABLE,RELIABLE,RELIABLE,RELIABLE,RELIABLE,RELIABLE,STATIONARY,STATIONARY,STATIONARY,STATIONARY,STATIONARY,STATIONARY,STATIONARY,STATIONARY,STATIONARY
51354,1519,3,LEFT_ARM,0.12821451,0.00071186,0.00555208,0.00637274,0.00840255,0.00588834,0.00967530,0.04654508,0.00627943,0.01941145,0.01371022,RELIABLE,RELIABLE,RELIABLE,RELIABLE,RELIABLE,RELIABLE,RELIABLE,RELIABLE,STATIONARY,STATIONARY,STATIONARY,STATIONARY,STATIONARY,STATIONARY,STATIONARY,STATIONARY,STATIONARY
51386,1520,3,LEFT_ARM,0.12787371,0.00195868,0.01531729,0.00691575,0.00891768,0.00801220,0.00887933,0.05511472,0.00659040,0.02019436,0.01461406,RELIABLE,RELIABLE,RELIABLE,RELIABLE,RELIABLE,RELIABLE,RELIABLE,RELIABLE,STATIONARY,STATIONARY,STATIONARY,STATIONARY,STATIONARY,STATIONARY,STATIONARY,STATIONARY,STATIONARY
51427,1521,3,LEFT_ARM,0.12743492,0.00101451,0.00796102,0.00707096,0.00873710,0.00774900,0.00840445,0.06233120,0.00687131,0.01957441,0.01538242,RELIABLE,RELIABLE,RELIABLE,RELIABLE,RELIABLE,RELIABLE,RELIABLE,RELIABLE,STATIONARY,STATIONARY,STATIONARY,STATIONARY,MOVING,STATIONARY,STATIONARY,STATIONARY,MOVING
51457,1522,3,LEFT_ARM,0.12732116,0.00065876,0.00517397,0.00667085,0.00786907,0.00795419,0.00898621,0.06666611,0.00825071,0.02148402,0.01885455,RELIABLE,RELIABLE,RELIABLE,RELIABLE,RELIABLE,RELIABLE,RELIABLE,RELIABLE,STATIONARY,STATIONARY,STATIONARY,STATIONARY,MOVING,STATIONARY,STATIONARY,STATIONARY,MOVING
51488,1523,3,LEFT_ARM,0.12728866,0.00077326,0.00607486,0.00667769,0.00788454,0.00685181,0.00866029,0.07068157,0.00730739,0.02268617,0.01908833,RELIABLE,RELIABLE,RELIABLE,RELIABLE,RELIABLE,RELIABLE,RELIABLE,RELIABLE,STATIONARY,STATIONARY,STATIONARY,STATIONARY,MOVING,STATIONARY,STATIONARY,STATIONARY,MOVING
51520,1524,3,LEFT_ARM,0.12711655,0.00041015,0.00322658,0.00666363,0.00788025,0.00667277,0.00857351,0.07095908,0.00883367,0.02368956,0.02164028,RELIABLE,RELIABLE,RELIABLE,RELIABLE,RELIABLE,RELIABLE,RELIABLE,RELIABLE,STATIONARY,STATIONARY,STATIONARY,STATIONARY,MOVING,STATIONARY,STATIONARY,STATIONARY,MOVING
51562,1525,3,LEFT_ARM,0.12648775,0.00103311,0.00816766,0.00726456,0.00853389,0.00750230,0.00810341,0.07004128,0.00973493,0.02614493,0.02248542,RELIABLE,RELIABLE,RELIABLE,RELIABLE,RELIABLE,RELIABLE,RELIABLE,RELIABLE,STATIONARY,STATIONARY,STATIONARY,STATIONARY,MOVING,STATIONARY,STATIONARY,STATIONARY,MOVING
51598,1526,3,LEFT_ARM,0.12575618,0.00072645,0.00577663,0.00715626,0.00862537,0.00814484,0.00791159,0.06651022,0.00940585,0.02660170,0.02312259,RELIABLE,RELIABLE,RELIABLE,RELIABLE,RELIABLE,RELIABLE,RELIABLE,RELIABLE,STATIONARY,STATIONARY,STATIONARY,STATIONARY,MOVING,STATIONARY,STATIONARY,STATIONARY,MOVING
51630,1527,3,LEFT_ARM,0.12463234,0.00040852,0.00327780,0.00687198,0.00788413,0.00830193,0.00846985,0.06084324,0.01059134,0.02689021,0.02454352,RELIABLE,RELIABLE,RELIABLE,RELIABLE,RELIABLE,RELIABLE,RELIABLE,RELIABLE,STATIONARY,STATIONARY,STATIONARY,STATIONARY,MOVING,STATIONARY,STATIONARY,STATIONARY,MOVING
51661,1528,3,LEFT_ARM,0.12418130,0.00037450,0.00301579,0.00533429,0.00619418,0.00592254,0.00816631,0.05219065,0.01055106,0.02572087,0.02379185,RELIABLE,RELIABLE,RELIABLE,RELIABLE,RELIABLE,RELIABLE,RELIABLE,RELIABLE,STATIONARY,STATIONARY,STATIONARY,STATIONARY,MOVING,STATIONARY,STATIONARY,STATIONARY,MOVING
51692,1529,3,LEFT_ARM,0.12419032,0.00056199,0.00452526,0.00490482,0.00586993,0.00579355,0.00790308,0.04435715,0.01044136,0.02505445,0.02425879,RELIABLE,RELIABLE,RELIABLE,RELIABLE,RELIABLE,RELIABLE,RELIABLE,RELIABLE,STATIONARY,STATIONARY,STATIONARY,STATIONARY,MOVING,STATIONARY,STATIONARY,STATIONARY,MOVING
51723,1530,3,LEFT_ARM,0.12427005,0.00059868,0.00481761,0.00486027,0.00595693,0.00477175,0.00673064,0.03869983,0.01013482,0.02401462,0.02459207,RELIABLE,RELIABLE,RELIABLE,RELIABLE,RELIABLE,RELIABLE,RELIABLE,RELIABLE,STATIONARY,STATIONARY,STATIONARY,STATIONARY,MOVING,STATIONARY,STATIONARY,STATIONARY,MOVING
51755,1531,3,LEFT_ARM,0.12501864,0.00139322,0.01114407,0.00549392,0.00703569,0.00653274,0.00718845,0.03458158,0.01077543,0.02141745,0.02338767,RELIABLE,RELIABLE,RELIABLE,RELIABLE,RELIABLE,RELIABLE,RELIABLE,RELIABLE,STATIONARY,STATIONARY,STATIONARY,STATIONARY,MOVING,STATIONARY,STATIONARY,STATIONARY,MOVING
51786,1532,3,LEFT_ARM,0.12512809,0.00061650,0.00492699,0.00570647,0.00678778,0.00665437,0.00689971,0.03291159,0.00987096,0.02093349,0.02119830,RELIABLE,RELIABLE,RELIABLE,RELIABLE,RELIABLE,RELIABLE,RELIABLE,RELIABLE,STATIONARY,STATIONARY,STATIONARY,STATIONARY,MOVING,STATIONARY,STATIONARY,STATIONARY,MOVING
51819,1533,3,LEFT_ARM,0.12522124,0.00080644,0.00644009,0.00549053,0.00658083,0.00639689,0.00673788,0.03429440,0.00890003,0.01916677,0.02007930,RELIABLE,RELIABLE,RELIABLE,RELIABLE,RELIABLE,RELIABLE,RELIABLE,RELIABLE,STATIONARY,STATIONARY,STATIONARY,STATIONARY,MOVING,STATIONARY,STATIONARY,STATIONARY,MOVING
51850,1534,3,LEFT_ARM,0.12485436,0.00143472,0.01149117,0.00620485,0.00725783,0.00780955,0.00724632,0.03567220,0.00933595,0.02006295,0.02013796,RELIABLE,RELIABLE,RELIABLE,RELIABLE,RELIABLE,RELIABLE,RELIABLE,RELIABLE,STATIONARY,STATIONARY,STATIONARY,STATIONARY,MOVING,STATIONARY,STATIONARY,STATIONARY,MOVING
51882,1535,3,LEFT_ARM,0.12497069,0.00078144,0.00625299,0.00657675,0.00802983,0.00860572,0.00660927,0.04138821,0.00803769,0.02139806,0.01971716,RELIABLE,RELIABLE,RELIABLE,RELIABLE,RELIABLE,RELIABLE,RELIABLE,RELIABLE,STATIONARY,STATIONARY,STATIONARY,STATIONARY,MOVING,STATIONARY,STATIONARY,STATIONARY,MOVING
51930,1536,3,LEFT_ARM,0.12588083,0.00064844,0.00515122,0.00684368,0.00863820,0.00889740,0.00676272,0.05087237,0.00889377,0.02230292,0.02300807,RELIABLE,RELIABLE,RELIABLE,RELIABLE,RELIABLE,RELIABLE,RELIABLE,RELIABLE,STATIONARY,STATIONARY,STATIONARY,STATIONARY,MOVING,STATIONARY,STATIONARY,STATIONARY,MOVING
51962,1537,3,LEFT_ARM,0.12693923,0.00113173,0.00891549,0.00739245,0.00949259,0.00979888,0.00659336,0.05676851,0.00922798,0.02583633,0.02260455,RELIABLE,RELIABLE,RELIABLE,RELIABLE,RELIABLE,RELIABLE,RELIABLE,RELIABLE,STATIONARY,STATIONARY,STATIONARY,STATIONARY,MOVING,STATIONARY,STATIONARY,STATIONARY,MOVING
51994,1538,3,LEFT_ARM,0.12713895,0.00098396,0.00773927,0.00775766,0.01035883,0.01065203,0.00639423,0.06190186,0.00844589,0.02619796,0.01935039,RELIABLE,RELIABLE,RELIABLE,RELIABLE,RELIABLE,RELIABLE,RELIABLE,RELIABLE,STATIONARY,STATIONARY,STATIONARY,STATIONARY,MOVING,STATIONARY,STATIONARY,STATIONARY,MOVING
52026,1539,3,LEFT_ARM,0.12698226,0.00076396,0.00601631,0.00711669,0.00910799,0.00982800,0.00620703,0.06455736,0.00775246,0.02820284,0.02045750,RELIABLE,RELIABLE,RELIABLE,RELIABLE,RELIABLE,RELIABLE,RELIABLE,RELIABLE,STATIONARY,STATIONARY,STATIONARY,STATIONARY,MOVING,STATIONARY,STATIONARY,STATIONARY,MOVING
52058,1540,3,LEFT_ARM,0.12645700,0.00110311,0.00872324,0.00759122,0.01033722,0.01027536,0.00609556,0.06692840,0.00746939,0.02906838,0.02065667,RELIABLE,RELIABLE,RELIABLE,RELIABLE,RELIABLE,RELIABLE,RELIABLE,RELIABLE,STATIONARY,STATIONARY,STATIONARY,STATIONARY,MOVING,STATIONARY,STATIONARY,STATIONARY,MOVING
52090,1541,3,LEFT_ARM,0.12694032,0.00072322,0.00569735,0.00749838,0.01053603,0.00998459,0.00721798,0.06733764,0.00790103,0.02773684,0.02122585,RELIABLE,RELIABLE,RELIABLE,RELIABLE,RELIABLE,RELIABLE,RELIABLE,RELIABLE,STATIONARY,STATIONARY,STATIONARY,STATIONARY,MOVING,STATIONARY,STATIONARY,STATIONARY,MOVING
52122,1542,3,LEFT_ARM,0.12726603,0.00037023,0.00290913,0.00642562,0.00931065,0.00808449,0.00661506,0.06799106,0.00798138,0.02686779,0.02134329,RELIABLE,RELIABLE,RELIABLE,RELIABLE,RELIABLE,RELIABLE,RELIABLE,RELIABLE,STATIONARY,STATIONARY,STATIONARY,STATIONARY,MOVING,STATIONARY,STATIONARY,STATIONARY,MOVING
52154,1543,3,LEFT_ARM,0.12755832,0.00059321,0.00465047,0.00622531,0.00928175,0.00720242,0.00741155,0.06497608,0.00849299,0.02521185,0.02144347,RELIABLE,RELIABLE,RELIABLE,RELIABLE,RELIABLE,RELIABLE,RELIABLE,RELIABLE,STATIONARY,STATIONARY,STATIONARY,STATIONARY,MOVING,STATIONARY,STATIONARY,STATIONARY,MOVING
52185,1544,3,LEFT_ARM,0.12768706,0.00129955,0.01017762,0.00685361,0.00946420,0.00789202,0.00725199,0.05934161,0.00743108,0.02283180,0.01804460,RELIABLE,RELIABLE,RELIABLE,RELIABLE,RELIABLE,RELIABLE,RELIABLE,RELIABLE,STATIONARY,STATIONARY,STATIONARY,STATIONARY,MOVING,STATIONARY,STATIONARY,STATIONARY,MOVING
52218,1545,3,LEFT_ARM,0.12803754,0.00011550,0.00090206,0.00585193,0.00800687,0.00644653,0.00707944,0.05496897,0.00755243,0.01991806,0.01696036,RELIABLE,RELIABLE,RELIABLE,RELIABLE,RELIABLE,RELIABLE,PARTIAL,RELIABLE,STATIONARY,STATIONARY,STATIONARY,STATIONARY,MOVING,STATIONARY,STATIONARY,STATIONARY,MOVING
52258,1546,3,LEFT_ARM,0.12799077,0.00105887,0.00827304,0.00591865,0.00829088,0.00632501,0.00787232,0.04928444,0.00747345,0.01787099,0.01615174,RELIABLE,RELIABLE,RELIABLE,RELIABLE,RELIABLE,RELIABLE,RELIABLE,RELIABLE,STATIONARY,STATIONARY,STATIONARY,STATIONARY,MOVING,STATIONARY,STATIONARY,STATIONARY,MOVING
52290,1547,3,LEFT_ARM,0.12769312,0.00084896,0.00664842,0.00599767,0.00880851,0.00629946,0.00819094,0.04359417,0.00726466,0.01687873,0.01442256,RELIABLE,RELIABLE,RELIABLE,RELIABLE,RELIABLE,RELIABLE,RELIABLE,RELIABLE,STATIONARY,STATIONARY,STATIONARY,STATIONARY,MOVING,STATIONARY,STATIONARY,STATIONARY,MOVING
52330,1548,3,LEFT_ARM,0.12758700,0.00024721,0.00193756,0.00514946,0.00753904,0.00540395,0.00785705,0.03607113,0.00720801,0.01625927,0.01485741,RELIABLE,RELIABLE,RELIABLE,RELIABLE,RELIABLE,RELIABLE,RELIABLE,RELIABLE,STATIONARY,STATIONARY,STATIONARY,STATIONARY,MOVING,STATIONARY,STATIONARY,STATIONARY,MOVING
52370,1549,3,LEFT_ARM,0.12766625,0.00094526,0.00740413,0.00536280,0.00751839,0.00611537,0.00680047,0.02947531,0.00666926,0.01637883,0.01295547,RELIABLE,RELIABLE,RELIABLE,RELIABLE,RELIABLE,RELIABLE,RELIABLE,RELIABLE,STATIONARY,STATIONARY,STATIONARY,STATIONARY,MOVING,STATIONARY,STATIONARY,STATIONARY,MOVING
52401,1550,3,LEFT_ARM,0.12763463,0.00156875,0.01229093,0.00653553,0.00892027,0.00766442,0.00885369,0.02467600,0.00631558,0.01763214,0.01481307,RELIABLE,RELIABLE,RELIABLE,RELIABLE,RELIABLE,RELIABLE,RELIABLE,RELIABLE,STATIONARY,STATIONARY,STATIONARY,STATIONARY,MOVING,STATIONARY,STATIONARY,STATIONARY,MOVING
52432,1551,3,LEFT_ARM,0.12751700,0.00118494,0.00929244,0.00711578,0.00917864,0.00870228,0.00851352,0.02343751,0.00623009,0.02134908,0.01535853,RELIABLE,RELIABLE,RELIABLE,RELIABLE,RELIABLE,RELIABLE,RELIABLE,RELIABLE,STATIONARY,STATIONARY,STATIONARY,STATIONARY,MOVING,STATIONARY,STATIONARY,STATIONARY,MOVING
52463,1552,3,LEFT_ARM,0.12770622,0.00056846,0.00445129,0.00639998,0.00824730,0.00746202,0.00878484,0.02490813,0.00609233,0.02464852,0.01634849,RELIABLE,RELIABLE,RELIABLE,RELIABLE,RELIABLE,RELIABLE,RELIABLE,RELIABLE,STATIONARY,STATIONARY,STATIONARY,STATIONARY,MOVING,STATIONARY,STATIONARY,STATIONARY,MOVING
52495,1553,3,LEFT_ARM,0.12734622,0.00104101,0.00817467,0.00730906,0.00995215,0.00848474,0.00890876,0.02883687,0.00579310,0.02413658,0.01710918,RELIABLE,RELIABLE,RELIABLE,RELIABLE,RELIABLE,RELIABLE,RELIABLE,RELIABLE,STATIONARY,STATIONARY,STATIONARY,STATIONARY,MOVING,STATIONARY,STATIONARY,STATIONARY,MOVING
52528,1554,3,LEFT_ARM,0.12743792,0.00089812,0.00704752,0.00715587,0.00940755,0.00893885,0.00930589,0.03351012,0.00632081,0.02442165,0.01734067,RELIABLE,RELIABLE,RELIABLE,RELIABLE,RELIABLE,RELIABLE,PARTIAL,PARTIAL,STATIONARY,STATIONARY,STATIONARY,STATIONARY,MOVING,STATIONARY,STATIONARY,STATIONARY,MOVING
52559,1555,3,LEFT_ARM,0.12736470,0.00053102,0.00416930,0.00684598,0.00885517,0.00872307,0.00877255,0.04129179,0.00660391,0.02286620,0.01792471,RELIABLE,RELIABLE,RELIABLE,RELIABLE,RELIABLE,RELIABLE,RELIABLE,RELIABLE,STATIONARY,STATIONARY,STATIONARY,STATIONARY,STATIONARY,STATIONARY,STATIONARY,STATIONARY,STATIONARY
52590,1556,3,LEFT_ARM,0.12708644,0.00115011,0.00904983,0.00773501,0.00973248,0.00910133,0.00972600,0.04962798,0.00647384,0.02496141,0.01793741,RELIABLE,RELIABLE,RELIABLE,RELIABLE,RELIABLE,RELIABLE,RELIABLE,RELIABLE,STATIONARY,STATIONARY,STATIONARY,STATIONARY,STATIONARY,STATIONARY,STATIONARY,STATIONARY,STATIONARY
52621,1557,3,LEFT_ARM,0.12720760,0.00055179,0.00433768,0.00735171,0.00903620,0.00798666,0.01001683,0.05802457,0.00636702,0.02475462,0.01804572,RELIABLE,RELIABLE,RELIABLE,RELIABLE,RELIABLE,RELIABLE,RELIABLE,RELIABLE,STATIONARY,STATIONARY,STATIONARY,STATIONARY,STATIONARY,STATIONARY,STATIONARY,STATIONARY,STATIONARY
52652,1558,3,LEFT_ARM,0.12754658,0.00083566,0.00655184,0.00663432,0.00836456,0.00721459,0.00807543,0.06628911,0.00622706,0.02346619,0.01467564,RELIABLE,RELIABLE,RELIABLE,RELIABLE,RELIABLE,RELIABLE,RELIABLE,RELIABLE,STATIONARY,STATIONARY,STATIONARY,STATIONARY,MOVING,STATIONARY,STATIONARY,STATIONARY,MOVING
52699,1559,3,LEFT_ARM,0.12702549,0.00115243,0.00907240,0.00660682,0.00861541,0.00688046,0.00796423,0.07123332,0.00639990,0.01939072,0.01367063,RELIABLE,RELIABLE,RELIABLE,RELIABLE,RELIABLE,RELIABLE,RELIABLE,RELIABLE,STATIONARY,STATIONARY,STATIONARY,STATIONARY,MOVING,STATIONARY,STATIONARY,STATIONARY,MOVING
52731,1560,3,LEFT_ARM,0.12570727,0.00128525,0.01022416,0.00732842,0.00974790,0.00752055,0.00730973,0.07380876,0.00734042,0.01653844,0.01284848,RELIABLE,RELIABLE,RELIABLE,RELIABLE,RELIABLE,RELIABLE,RELIABLE,RELIABLE,STATIONARY,STATIONARY,STATIONARY,STATIONARY,MOVING,STATIONARY,STATIONARY,STATIONARY,MOVING
52762,1561,3,LEFT_ARM,0.12505558,0.00211279,0.01689477,0.00841844,0.01049116,0.00781546,0.00808788,0.07414897,0.00741702,0.02045356,0.01402761,RELIABLE,RELIABLE,RELIABLE,RELIABLE,RELIABLE,RELIABLE,RELIABLE,RELIABLE,STATIONARY,STATIONARY,STATIONARY,STATIONARY,MOVING,STATIONARY,STATIONARY,STATIONARY,MOVING
52794,1562,3,LEFT_ARM,0.12436567,0.00102383,0.00823244,0.00856655,0.01091775,0.00768027,0.00744966,0.07280478,0.00663085,0.02019716,0.01436980,RELIABLE,RELIABLE,RELIABLE,RELIABLE,RELIABLE,RELIABLE,RELIABLE,RELIABLE,STATIONARY,STATIONARY,STATIONARY,STATIONARY,MOVING,STATIONARY,STATIONARY,STATIONARY,MOVING
52825,1563,3,LEFT_ARM,0.12359769,0.00040488,0.00327583,0.00845487,0.01090935,0.00784500,0.00747025,0.06819711,0.00667695,0.02029237,0.01355073,RELIABLE,RELIABLE,RELIABLE,RELIABLE,RELIABLE,RELIABLE,RELIABLE,RELIABLE,STATIONARY,STATIONARY,STATIONARY,STATIONARY,MOVING,STATIONARY,STATIONARY,STATIONARY,MOVING
52857,1564,3,LEFT_ARM,0.12256822,0.00058976,0.00481165,0.00792510,0.01058556,0.00794654,0.00670408,0.06206231,0.00722030,0.01765121,0.01542615,RELIABLE,RELIABLE,RELIABLE,RELIABLE,RELIABLE,RELIABLE,RELIABLE,RELIABLE,STATIONARY,STATIONARY,STATIONARY,STATIONARY,MOVING,STATIONARY,STATIONARY,STATIONARY,MOVING
52889,1565,3,LEFT_ARM,0.12215001,0.00170035,0.01392021,0.00912291,0.01238966,0.00963646,0.00760163,0.05502989,0.00854948,0.02035981,0.01962141,RELIABLE,RELIABLE,RELIABLE,RELIABLE,RELIABLE,RELIABLE,RELIABLE,RELIABLE,STATIONARY,STATIONARY,STATIONARY,STATIONARY,MOVING,STATIONARY,STATIONARY,STATIONARY,MOVING
52922,1566,3,LEFT_ARM,0.12204711,0.00068370,0.00560193,0.00900417,0.01201476,0.00906231,0.00781564,0.04581780,0.00936124,0.02065946,0.02139971,RELIABLE,RELIABLE,RELIABLE,RELIABLE,RELIABLE,RELIABLE,RELIABLE,RELIABLE,STATIONARY,STATIONARY,STATIONARY,STATIONARY,MOVING,STATIONARY,STATIONARY,STATIONARY,MOVING
52954,1567,3,LEFT_ARM,0.12266682,0.00117713,0.00959613,0.00906964,0.01241597,0.00959933,0.00735691,0.04052545,0.00887349,0.02475993,0.02426543,RELIABLE,RELIABLE,RELIABLE,RELIABLE,RELIABLE,RELIABLE,RELIABLE,RELIABLE,STATIONARY,STATIONARY,STATIONARY,STATIONARY,MOVING,STATIONARY,STATIONARY,STATIONARY,MOVING
52985,1568,3,LEFT_ARM,0.12274235,0.00073644,0.00599991,0.00854161,0.01116080,0.00934033,0.00783393,0.03739281,0.00886010,0.02727580,0.02863795,RELIABLE,RELIABLE,RELIABLE,RELIABLE,RELIABLE,RELIABLE,RELIABLE,RELIABLE,STATIONARY,STATIONARY,STATIONARY,STATIONARY,MOVING,STATIONARY,STATIONARY,STATIONARY,MOVING
53017,1569,3,LEFT_ARM,0.12331150,0.00104965,0.00851219,0.00749379,0.00997756,0.00934378,0.00684947,0.03660441,0.00883931,0.02435035,0.02767162,RELIABLE,RELIABLE,RELIABLE,RELIABLE,RELIABLE,RELIABLE,RELIABLE,RELIABLE,STATIONARY,STATIONARY,STATIONARY,STATIONARY,MOVING,STATIONARY,STATIONARY,STATIONARY,MOVING
53049,1570,3,LEFT_ARM,0.12333900,0.00177773,0.01441338,0.00826640,0.01081745,0.00918226,0.00691203,0.03883020,0.00913185,0.02661472,0.02830033,RELIABLE,RELIABLE,RELIABLE,RELIABLE,RELIABLE,RELIABLE,RELIABLE,RELIABLE,STATIONARY,STATIONARY,STATIONARY,STATIONARY,MOVING,STATIONARY,STATIONARY,STATIONARY,MOVING
53098,1571,3,LEFT_ARM,0.12334730,0.00057502,0.00466176,0.00843965,0.01025088,0.00854646,0.00720454,0.04244947,0.00924683,0.03029566,0.03155068,RELIABLE,RELIABLE,RELIABLE,RELIABLE,RELIABLE,RELIABLE,RELIABLE,RELIABLE,STATIONARY,STATIONARY,STATIONARY,STATIONARY,MOVING,STATIONARY,STATIONARY,STATIONARY,MOVING
53130,1572,3,LEFT_ARM,0.12435806,0.00113565,0.00913207,0.00897970,0.01145269,0.01021499,0.00750867,0.04850542,0.01083539,0.03697175,0.03455750,RELIABLE,RELIABLE,RELIABLE,RELIABLE,RELIABLE,RELIABLE,RELIABLE,RELIABLE,STATIONARY,STATIONARY,STATIONARY,STATIONARY,MOVING,STATIONARY,STATIONARY,STATIONARY,MOVING
53172,1573,3,LEFT_ARM,0.12514863,0.00105024,0.00839195,0.00828867,0.00979730,0.00906252,0.00631016,0.05457302,0.00981751,0.03559239,0.03099947,RELIABLE,RELIABLE,RELIABLE,RELIABLE,RELIABLE,RELIABLE,RELIABLE,RELIABLE,STATIONARY,STATIONARY,STATIONARY,STATIONARY,MOVING,STATIONARY,STATIONARY,MOVING,MOVING
53204,1574,3,LEFT_ARM,0.12540476,0.00031812,0.00253675,0.00790552,0.00913364,0.00870773,0.00695596,0.06336606,0.00919178,0.03607405,0.02936400,RELIABLE,RELIABLE,RELIABLE,RELIABLE,RELIABLE,RELIABLE,RELIABLE,RELIABLE,STATIONARY,STATIONARY,STATIONARY,STATIONARY,MOVING,STATIONARY,STATIONARY,MOVING,MOVING
53234,1575,3,LEFT_ARM,0.12579138,0.00050564,0.00401963,0.00720846,0.00797172,0.00760851,0.00782362,0.06877692,0.00891075,0.03252588,0.02748030,RELIABLE,RELIABLE,RELIABLE,RELIABLE,RELIABLE,RELIABLE,RELIABLE,RELIABLE,STATIONARY,STATIONARY,STATIONARY,STATIONARY,MOVING,STATIONARY,STATIONARY,MOVING,MOVING
53265,1576,3,LEFT_ARM,0.12610576,0.00057197,0.00453565,0.00702542,0.00824711,0.00739135,0.00775897,0.07189068,0.00835366,0.02907696,0.02407795,RELIABLE,RELIABLE,RELIABLE,RELIABLE,RELIABLE,RELIABLE,RELIABLE,RELIABLE,STATIONARY,STATIONARY,STATIONARY,STATIONARY,MOVING,STATIONARY,STATIONARY,MOVING,MOVING
53297,1577,3,LEFT_ARM,0.12654334,0.00043148,0.00340976,0.00638762,0.00698831,0.00619966,0.00912714,0.07265553,0.00844511,0.03028439,0.02531052,RELIABLE,RELIABLE,RELIABLE,RELIABLE,RELIABLE,RELIABLE,RELIABLE,RELIABLE,STATIONARY,STATIONARY,STATIONARY,STATIONARY,MOVING,STATIONARY,STATIONARY,MOVING,MOVING
53329,1578,3,LEFT_ARM,0.12696072,0.00073536,0.00579200,0.00530995,0.00615172,0.00600994,0.00884609,0.07152164,0.00872180,0.02965638,0.02459879,RELIABLE,RELIABLE,RELIABLE,RELIABLE,RELIABLE,RELIABLE,RELIABLE,RELIABLE,STATIONARY,STATIONARY,STATIONARY,STATIONARY,MOVING,STATIONARY,STATIONARY,MOVING,MOVING
53360,1579,3,LEFT_ARM,0.12714397,0.00063691,0.00500937,0.00535340,0.00709900,0.00707231,0.00882133,0.06842415,0.00849444,0.02735335,0.02296879,RELIABLE,RELIABLE,RELIABLE,RELIABLE,RELIABLE,RELIABLE,RELIABLE,RELIABLE,STATIONARY,STATIONARY,STATIONARY,STATIONARY,MOVING,STATIONARY,STATIONARY,MOVING,MOVING
53391,1580,3,LEFT_ARM,0.12702501,0.00048800,0.00384176,0.00469211,0.00576371,0.00494155,0.00857191,0.06408143,0.00659855,0.02099427,0.01674924,RELIABLE,RELIABLE,RELIABLE,RELIABLE,RELIABLE,RELIABLE,RELIABLE,RELIABLE,STATIONARY,STATIONARY,STATIONARY,STATIONARY,MOVING,STATIONARY,STATIONARY,MOVING,MOVING
53423,1581,3,LEFT_ARM,0.12745093,0.00025792,0.00202366,0.00389607,0.00532766,0.00467880,0.00885022,0.05835472,0.00702411,0.02004246,0.01665539,RELIABLE,RELIABLE,RELIABLE,RELIABLE,RELIABLE,RELIABLE,RELIABLE,RELIABLE,STATIONARY,STATIONARY,STATIONARY,STATIONARY,MOVING,STATIONARY,STATIONARY,MOVING,MOVING
53465,1582,3,LEFT_ARM,0.12733692,0.00048424,0.00380280,0.00405433,0.00597375,0.00524629,0.00909793,0.05021675,0.00699060,0.01905687,0.01748611,RELIABLE,RELIABLE,RELIABLE,RELIABLE,RELIABLE,RELIABLE,RELIABLE,RELIABLE,STATIONARY,STATIONARY,STATIONARY,STATIONARY,MOVING,STATIONARY,STATIONARY,STATIONARY,MOVING
53502,1583,3,LEFT_ARM,0.12716844,0.00054529,0.00428791,0.00408786,0.00580806,0.00542542,0.00820437,0.04135017,0.00756011,0.01874467,0.01773543,RELIABLE,RELIABLE,RELIABLE,RELIABLE,RELIABLE,RELIABLE,RELIABLE,RELIABLE,STATIONARY,STATIONARY,STATIONARY,STATIONARY,MOVING,STATIONARY,STATIONARY,STATIONARY,MOVING
53533,1584,3,LEFT_ARM,0.12742937,0.00128699,0.01009966,0.00478337,0.00673811,0.00693302,0.00815257,0.03293570,0.00737384,0.01866636,0.01652857,RELIABLE,RELIABLE,RELIABLE,RELIABLE,RELIABLE,RELIABLE,RELIABLE,RELIABLE,STATIONARY,STATIONARY,STATIONARY,STATIONARY,MOVING,STATIONARY,STATIONARY,STATIONARY,MOVING
53565,1585,3,LEFT_ARM,0.12701479,0.00225898,0.01778518,0.00658029,0.00990846,0.00937955,0.00784542,0.02607980,0.00710837,0.01867101,0.01508839,RELIABLE,RELIABLE,RELIABLE,RELIABLE,RELIABLE,RELIABLE,RELIABLE,RELIABLE,STATIONARY,STATIONARY,STATIONARY,STATIONARY,MOVING,STATIONARY,STATIONARY,STATIONARY,MOVING
53597,1586,3,LEFT_ARM,0.12672976,0.00099131,0.00782220,0.00683407,0.01040763,0.01041398,0.00761174,0.02158036,0.00696166,0.01691887,0.01621397,RELIABLE,RELIABLE,RELIABLE,RELIABLE,RELIABLE,RELIABLE,RELIABLE,RELIABLE,STATIONARY,STATIONARY,STATIONARY,STATIONARY,MOVING,STATIONARY,STATIONARY,STATIONARY,MOVING
53629,1587,3,LEFT_ARM,0.12654734,0.00046394,0.00366614,0.00666616,0.00978692,0.00940187,0.00748189,0.02033126,0.00697882,0.01622692,0.01632459,RELIABLE,RELIABLE,RELIABLE,RELIABLE,RELIABLE,RELIABLE,RELIABLE,RELIABLE,STATIONARY,STATIONARY,STATIONARY,STATIONARY,MOVING,STATIONARY,STATIONARY,STATIONARY,MOVING
53660,1588,3,LEFT_ARM,0.12619480,0.00092092,0.00729764,0.00709815,0.01067354,0.01076606,0.00746139,0.02061938,0.00696312,0.01422501,0.01610894,RELIABLE,RELIABLE,RELIABLE,RELIABLE,RELIABLE,RELIABLE,RELIABLE,RELIABLE,STATIONARY,STATIONARY,STATIONARY,STATIONARY,MOVING,STATIONARY,STATIONARY,STATIONARY,MOVING
53691,1589,3,LEFT_ARM,0.12593728,0.00149781,0.01189329,0.00833185,0.01191265,0.01104543,0.00767008,0.02336979,0.00625650,0.01544314,0.01640158,RELIABLE,RELIABLE,RELIABLE,RELIABLE,RELIABLE,RELIABLE,RELIABLE,RELIABLE,STATIONARY,STATIONARY,STATIONARY,STATIONARY,MOVING,STATIONARY,STATIONARY,STATIONARY,MOVING
53722,1590,3,LEFT_ARM,0.12633924,0.00085686,0.00678223,0.00870428,0.01182119,0.01088083,0.00727302,0.02928785,0.00636089,0.01547426,0.01689121,RELIABLE,RELIABLE,RELIABLE,RELIABLE,RELIABLE,RELIABLE,RELIABLE,RELIABLE,STATIONARY,STATIONARY,STATIONARY,STATIONARY,STATIONARY,STATIONARY,STATIONARY,STATIONARY,STATIONARY
53753,1591,3,LEFT_ARM,0.12630472,0.00148472,0.01175503,0.00963767,0.01274981,0.01179732,0.00827607,0.03883897,0.00651461,0.01803796,0.01897868,RELIABLE,RELIABLE,RELIABLE,RELIABLE,RELIABLE,RELIABLE,RELIABLE,RELIABLE,STATIONARY,STATIONARY,STATIONARY,STATIONARY,STATIONARY,STATIONARY,STATIONARY,STATIONARY,STATIONARY
53786,1592,3,LEFT_ARM,0.12586562,0.00105403,0.00837427,0.00942200,0.01252215,0.01028927,0.01014627,0.04903745,0.00778522,0.02236214,0.02621919,RELIABLE,RELIABLE,RELIABLE,RELIABLE,RELIABLE,RELIABLE,RELIABLE,RELIABLE,STATIONARY,STATIONARY,STATIONARY,STATIONARY,STATIONARY,STATIONARY,STATIONARY,STATIONARY,STATIONARY
53818,1593,3,LEFT_ARM,0.12527149,0.00056366,0.00449954,0.00776129,0.01006103,0.00853104,0.00961765,0.06225089,0.00840602,0.02204111,0.02719018,RELIABLE,RELIABLE,RELIABLE,RELIABLE,RELIABLE,RELIABLE,RELIABLE,RELIABLE,STATIONARY,STATIONARY,STATIONARY,STATIONARY,STATIONARY,STATIONARY,STATIONARY,STATIONARY,STATIONARY
53866,1594,3,LEFT_ARM,0.12436707,0.00226841,0.01823967,0.00906347,0.01105397,0.01007184,0.01073084,0.07251014,0.00815889,0.02576259,0.02904235,RELIABLE,RELIABLE,RELIABLE,RELIABLE,RELIABLE,RELIABLE,RELIABLE,RELIABLE,STATIONARY,STATIONARY,STATIONARY,STATIONARY,MOVING,STATIONARY,STATIONARY,STATIONARY,MOVING
53897,1595,3,LEFT_ARM,0.12306238,0.00076547,0.00622020,0.00938273,0.01087019,0.01031271,0.01095690,0.08032886,0.00935456,0.02618355,0.02986292,RELIABLE,RELIABLE,RELIABLE,RELIABLE,RELIABLE,RELIABLE,RELIABLE,RELIABLE,STATIONARY,STATIONARY,STATIONARY,STATIONARY,MOVING,STATIONARY,STATIONARY,STATIONARY,MOVING
53930,1596,3,LEFT_ARM,0.12148987,0.00051683,0.00425414,0.00900230,0.00940509,0.00905029,0.01114619,0.08479314,0.00997140,0.03012849,0.03305707,RELIABLE,RELIABLE,RELIABLE,RELIABLE,RELIABLE,RELIABLE,RELIABLE,RELIABLE,STATIONARY,STATIONARY,STATIONARY,STATIONARY,MOVING,STATIONARY,STATIONARY,STATIONARY,MOVING
53961,1597,3,LEFT_ARM,0.12047361,0.00060786,0.00504556,0.00814633,0.00938719,0.00927033,0.01103962,0.08802817,0.01096775,0.02975395,0.03591303,RELIABLE,RELIABLE,RELIABLE,RELIABLE,RELIABLE,RELIABLE,RELIABLE,RELIABLE,STATIONARY,STATIONARY,STATIONARY,STATIONARY,MOVING,STATIONARY,STATIONARY,MOVING,MOVING
53994,1598,3,LEFT_ARM,0.11984799,0.00055628,0.00464152,0.00787874,0.00976949,0.00969927,0.01081713,0.08609208,0.01128859,0.03096560,0.03562598,RELIABLE,RELIABLE,RELIABLE,RELIABLE,RELIABLE,RELIABLE,RELIABLE,RELIABLE,STATIONARY,STATIONARY,STATIONARY,STATIONARY,MOVING,STATIONARY,STATIONARY,MOVING,MOVING
54025,1599,3,LEFT_ARM,0.11983311,0.00159353,0.01329795,0.00807160,0.01052468,0.01125682,0.01091018,0.08003549,0.01171865,0.02792016,0.03341099,RELIABLE,RELIABLE,RELIABLE,RELIABLE,RELIABLE,RELIABLE,RELIABLE,RELIABLE,STATIONARY,STATIONARY,STATIONARY,STATIONARY,MOVING,STATIONARY,STATIONARY,MOVING,MOVING
54058,1600,3,LEFT_ARM,0.12030885,0.00097328,0.00808987,0.00803605,0.01007574,0.01127857,0.00857094,0.07163767,0.01038416,0.02460660,0.02649165,RELIABLE,RELIABLE,RELIABLE,RELIABLE,RELIABLE,RELIABLE,RELIABLE,RELIABLE,STATIONARY,STATIONARY,STATIONARY,STATIONARY,MOVING,STATIONARY,STATIONARY,MOVING,MOVING
54099,1601,3,LEFT_ARM,0.12010359,0.00087524,0.00728736,0.00838453,0.01001627,0.01150770,0.00902354,0.05864802,0.01001266,0.02385952,0.02493275,RELIABLE,RELIABLE,RELIABLE,RELIABLE,RELIABLE,RELIABLE,RELIABLE,RELIABLE,STATIONARY,STATIONARY,STATIONARY,STATIONARY,MOVING,STATIONARY,STATIONARY,MOVING,MOVING
54129,1602,3,LEFT_ARM,0.12003848,0.00089777,0.00747898,0.00703945,0.00790732,0.00840359,0.00894847,0.04842506,0.01041900,0.02011465,0.02305048,RELIABLE,RELIABLE,RELIABLE,RELIABLE,RELIABLE,RELIABLE,RELIABLE,RELIABLE,STATIONARY,STATIONARY,STATIONARY,STATIONARY,MOVING,STATIONARY,STATIONARY,MOVING,MOVING
54161,1603,3,LEFT_ARM,0.12036076,0.00067524,0.00561015,0.00696319,0.00841251,0.00826748,0.00888640,0.04139522,0.00928479,0.02095474,0.02159595,RELIABLE,RELIABLE,RELIABLE,RELIABLE,RELIABLE,RELIABLE,RELIABLE,RELIABLE,STATIONARY,STATIONARY,STATIONARY,STATIONARY,MOVING,STATIONARY,STATIONARY,MOVING,MOVING
54192,1604,3,LEFT_ARM,0.12063164,0.00065790,0.00545376,0.00711314,0.00932642,0.00868980,0.00873195,0.03818205,0.00881353,0.01822581,0.01819469,RELIABLE,RELIABLE,RELIABLE,RELIABLE,RELIABLE,RELIABLE,RELIABLE,RELIABLE,STATIONARY,STATIONARY,STATIONARY,STATIONARY,MOVING,STATIONARY,STATIONARY,MOVING,MOVING
54224,1605,3,LEFT_ARM,0.12082679,0.00089284,0.00738942,0.00740613,0.00943718,0.00882437,0.00869828,0.03704427,0.00824532,0.01703657,0.01523438,RELIABLE,RELIABLE,RELIABLE,RELIABLE,RELIABLE,RELIABLE,RELIABLE,RELIABLE,STATIONARY,STATIONARY,STATIONARY,STATIONARY,MOVING,STATIONARY,STATIONARY,MOVING,MOVING
54266,1606,3,LEFT_ARM,0.12110855,0.00107961,0.00891441,0.00794024,0.00941185,0.00834210,0.00928632,0.03974206,0.00870589,0.01611208,0.01507565,RELIABLE,RELIABLE,RELIABLE,RELIABLE,RELIABLE,RELIABLE,RELIABLE,RELIABLE,STATIONARY,STATIONARY,STATIONARY,STATIONARY,MOVING,STATIONARY,STATIONARY,MOVING,MOVING
54302,1607,3,LEFT_ARM,0.12159727,0.00084445,0.00694467,0.00714608,0.00828443,0.00646080,0.00867761,0.04429604,0.00886457,0.01834391,0.01560713,RELIABLE,RELIABLE,RELIABLE,RELIABLE,RELIABLE,RELIABLE,RELIABLE,RELIABLE,STATIONARY,STATIONARY,STATIONARY,STATIONARY,MOVING,STATIONARY,STATIONARY,STATIONARY,MOVING
54334,1608,3,LEFT_ARM,0.12202889,0.00056808,0.00465528,0.00671675,0.00821909,0.00654997,0.00903302,0.05159738,0.00919948,0.01985193,0.01766914,RELIABLE,RELIABLE,RELIABLE,RELIABLE,RELIABLE,RELIABLE,RELIABLE,RELIABLE,STATIONARY,STATIONARY,STATIONARY,STATIONARY,MOVING,STATIONARY,STATIONARY,STATIONARY,MOVING
54365,1609,3,LEFT_ARM,0.12258463,0.00170607,0.01391752,0.00754553,0.01002980,0.00877627,0.00898008,0.06114455,0.00932352,0.02021420,0.01936107,RELIABLE,RELIABLE,RELIABLE,RELIABLE,RELIABLE,RELIABLE,RELIABLE,RELIABLE,STATIONARY,STATIONARY,STATIONARY,STATIONARY,MOVING,STATIONARY,STATIONARY,STATIONARY,MOVING
54397,1610,3,LEFT_ARM,0.12384163,0.00152121,0.01228347,0.00814609,0.01110519,0.01028877,0.00847022,0.06762860,0.00956150,0.02531725,0.02373520,RELIABLE,RELIABLE,RELIABLE,RELIABLE,RELIABLE,RELIABLE,RELIABLE,RELIABLE,STATIONARY,STATIONARY,STATIONARY,STATIONARY,MOVING,STATIONARY,STATIONARY,STATIONARY,MOVING
54428,1611,3,LEFT_ARM,0.12460087,0.00090686,0.00727811,0.00835458,0.01092503,0.01043910,0.00945733,0.07135613,0.00985354,0.02583050,0.02413232,RELIABLE,RELIABLE,RELIABLE,RELIABLE,RELIABLE,RELIABLE,RELIABLE,RELIABLE,STATIONARY,STATIONARY,STATIONARY,STATIONARY,MOVING,STATIONARY,STATIONARY,STATIONARY,MOVING
54460,1612,3,LEFT_ARM,0.12524343,0.00085095,0.00679437,0.00852216,0.01105998,0.01048459,0.00913006,0.07373548,0.00990282,0.02549535,0.02582809,RELIABLE,RELIABLE,RELIABLE,RELIABLE,RELIABLE,RELIABLE,RELIABLE,RELIABLE,STATIONARY,STATIONARY,STATIONARY,STATIONARY,MOVING,STATIONARY,STATIONARY,STATIONARY,MOVING
54492,1613,3,LEFT_ARM,0.12532099,0.00123397,0.00984647,0.00882929,0.01142498,0.01088040,0.00886395,0.07409891,0.01029840,0.02673270,0.02848021,RELIABLE,RELIABLE,RELIABLE,RELIABLE,RELIABLE,RELIABLE,RELIABLE,RELIABLE,STATIONARY,STATIONARY,STATIONARY,STATIONARY,MOVING,STATIONARY,STATIONARY,STATIONARY,MOVING
54524,1614,3,LEFT_ARM,0.12573043,0.00044127,0.00350967,0.00815370,0.01111943,0.01069712,0.00808661,0.07117991,0.01008874,0.02686614,0.03016732,RELIABLE,RELIABLE,RELIABLE,RELIABLE,RELIABLE,RELIABLE,RELIABLE,RELIABLE,STATIONARY,STATIONARY,STATIONARY,STATIONARY,MOVING,STATIONARY,STATIONARY,STATIONARY,MOVING
54555,1615,3,LEFT_ARM,0.12566782,0.00090059,0.00716640,0.00818141,0.01165096,0.01127338,0.00896302,0.06888550,0.00898930,0.02547685,0.02877585,RELIABLE,RELIABLE,RELIABLE,RELIABLE,RELIABLE,RELIABLE,RELIABLE,RELIABLE,STATIONARY,STATIONARY,STATIONARY,STATIONARY,MOVING,STATIONARY,STATIONARY,STATIONARY,MOVING
54587,1616,3,LEFT_ARM,0.12584690,0.00067697,0.00537935,0.00827192,0.01175364,0.01162111,0.00887777,0.06486689,0.00894458,0.02481748,0.02747285,RELIABLE,RELIABLE,RELIABLE,RELIABLE,RELIABLE,RELIABLE,RELIABLE,RELIABLE,STATIONARY,STATIONARY,STATIONARY,STATIONARY,MOVING,STATIONARY,STATIONARY,STATIONARY,MOVING
54634,1617,3,LEFT_ARM,0.12599296,0.00075250,0.00597253,0.00727880,0.01003735,0.00857547,0.00856214,0.05766760,0.00893781,0.02356297,0.02634435,RELIABLE,RELIABLE,RELIABLE,RELIABLE,RELIABLE,RELIABLE,RELIABLE,RELIABLE,STATIONARY,STATIONARY,STATIONARY,STATIONARY,MOVING,STATIONARY,STATIONARY,STATIONARY,MOVING
54666,1618,3,LEFT_ARM,0.12607078,0.00052388,0.00415548,0.00626280,0.00869567,0.00708710,0.00873131,0.05184981,0.00848115,0.01907661,0.02121636,RELIABLE,RELIABLE,RELIABLE,RELIABLE,RELIABLE,RELIABLE,RELIABLE,RELIABLE,STATIONARY,STATIONARY,STATIONARY,STATIONARY,MOVING,STATIONARY,STATIONARY,STATIONARY,MOVING
54698,1619,3,LEFT_ARM,0.12598311,0.00042243,0.00335309,0.00577217,0.00829071,0.00678879,0.00828671,0.04416925,0.00822532,0.01647321,0.01959622,RELIABLE,RELIABLE,RELIABLE,RELIABLE,RELIABLE,RELIABLE,RELIABLE,RELIABLE,STATIONARY,STATIONARY,STATIONARY,STATIONARY,MOVING,STATIONARY,STATIONARY,STATIONARY,MOVING
54730,1620,3,LEFT_ARM,0.12619593,0.00135627,0.01074737,0.00626630,0.00925818,0.00707525,0.00870003,0.03627747,0.00850301,0.01674235,0.02053158,RELIABLE,RELIABLE,RELIABLE,RELIABLE,RELIABLE,RELIABLE,RELIABLE,RELIABLE,STATIONARY,STATIONARY,STATIONARY,STATIONARY,MOVING,STATIONARY,STATIONARY,STATIONARY,MOVING
54761,1621,3,LEFT_ARM,0.12619462,0.00067685,0.00536351,0.00570593,0.00893766,0.00701379,0.00909188,0.02982230,0.00809357,0.01612856,0.01893230,RELIABLE,RELIABLE,RELIABLE,RELIABLE,RELIABLE,RELIABLE,RELIABLE,RELIABLE,STATIONARY,STATIONARY,STATIONARY,STATIONARY,MOVING,STATIONARY,STATIONARY,STATIONARY,MOVING
54793,1622,3,LEFT_ARM,0.12626827,0.00098753,0.00782089,0.00624483,0.01013992,0.00880734,0.00904680,0.02726346,0.00731340,0.01542510,0.01711324,RELIABLE,RELIABLE,RELIABLE,RELIABLE,RELIABLE,RELIABLE,RELIABLE,RELIABLE,STATIONARY,STATIONARY,STATIONARY,STATIONARY,MOVING,STATIONARY,STATIONARY,STATIONARY,MOVING
54825,1623,3,LEFT_ARM,0.12614699,0.00078189,0.00619822,0.00612381,0.00964135,0.00802491,0.00800973,0.02681197,0.00855690,0.01505262,0.02090067,RELIABLE,RELIABLE,RELIABLE,RELIABLE,RELIABLE,RELIABLE,RELIABLE,RELIABLE,STATIONARY,STATIONARY,STATIONARY,STATIONARY,MOVING,STATIONARY,STATIONARY,STATIONARY,MOVING
54858,1624,3,LEFT_ARM,0.12608099,0.00077311,0.00613184,0.00621787,0.01034322,0.00799474,0.00911867,0.02787390,0.00843868,0.01339397,0.02132350,RELIABLE,RELIABLE,RELIABLE,RELIABLE,RELIABLE,RELIABLE,RELIABLE,RELIABLE,STATIONARY,STATIONARY,STATIONARY,STATIONARY,MOVING,STATIONARY,STATIONARY,STATIONARY,MOVING
54889,1625,3,LEFT_ARM,0.12596108,0.00122883,0.00975560,0.00669075,0.01115295,0.01010056,0.00967208,0.03374027,0.00833340,0.01419846,0.02176241,RELIABLE,RELIABLE,RELIABLE,RELIABLE,RELIABLE,RELIABLE,RELIABLE,RELIABLE,STATIONARY,STATIONARY,STATIONARY,STATIONARY,MOVING,STATIONARY,STATIONARY,STATIONARY,MOVING
54921,1626,3,LEFT_ARM,0.12588227,0.00193817,0.01539671,0.00809590,0.01293690,0.01188796,0.00968696,0.04001345,0.00819014,0.01514611,0.02244399,RELIABLE,RELIABLE,RELIABLE,RELIABLE,RELIABLE,RELIABLE,RELIABLE,RELIABLE,STATIONARY,STATIONARY,STATIONARY,STATIONARY,MOVING,STATIONARY,STATIONARY,STATIONARY,MOVING
54954,1627,3,LEFT_ARM,0.12553619,0.00140380,0.01118245,0.00907457,0.01440196,0.01337600,0.00927946,0.05026211,0.00963773,0.02130382,0.03233770,RELIABLE,RELIABLE,RELIABLE,RELIABLE,RELIABLE,RELIABLE,RELIABLE,RELIABLE,STATIONARY,STATIONARY,STATIONARY,STATIONARY,MOVING,STATIONARY,STATIONARY,STATIONARY,MOVING
54985,1628,3,LEFT_ARM,0.12576707,0.00071636,0.00569590,0.00844314,0.01285481,0.01316160,0.01001185,0.06155475,0.00947939,0.02137195,0.03089679,RELIABLE,RELIABLE,RELIABLE,RELIABLE,RELIABLE,RELIABLE,RELIABLE,RELIABLE,STATIONARY,STATIONARY,STATIONARY,STATIONARY,MOVING,STATIONARY,STATIONARY,STATIONARY,MOVING
55034,1629,3,LEFT_ARM,0.12590387,0.00145311,0.01154143,0.00921538,0.01431878,0.01420474,0.01037219,0.07109471,0.01015722,0.02187535,0.02919007,RELIABLE,RELIABLE,RELIABLE,RELIABLE,RELIABLE,RELIABLE,RELIABLE,RELIABLE,STATIONARY,STATIONARY,STATIONARY,STATIONARY,MOVING,STATIONARY,STATIONARY,STATIONARY,MOVING
55075,1630,3,LEFT_ARM,0.12659755,0.00165191,0.01304853,0.00986884,0.01563080,0.01491310,0.01202270,0.07902371,0.01195407,0.02131977,0.03223375,RELIABLE,RELIABLE,RELIABLE,RELIABLE,RELIABLE,RELIABLE,PARTIAL,RELIABLE,STATIONARY,STATIONARY,STATIONARY,STATIONARY,MOVING,STATIONARY,STATIONARY,STATIONARY,MOVING
55107,1631,3,LEFT_ARM,0.12741480,0.00213827,0.01678200,0.01119181,0.01789289,0.01784306,0.01332421,0.08238248,0.01164536,0.02070643,0.02998171,RELIABLE,RELIABLE,RELIABLE,RELIABLE,RELIABLE,RELIABLE,PARTIAL,RELIABLE,STATIONARY,STATIONARY,STATIONARY,STATIONARY,MOVING,STATIONARY,STATIONARY,STATIONARY,MOVING
55138,1632,3,LEFT_ARM,0.12803981,0.00171648,0.01340586,0.01210106,0.02004998,0.02053485,0.01395366,0.08470408,0.01219209,0.01997339,0.02996578,RELIABLE,RELIABLE,RELIABLE,RELIABLE,RELIABLE,RELIABLE,PARTIAL,RELIABLE,STATIONARY,STATIONARY,STATIONARY,STATIONARY,MOVING,STATIONARY,STATIONARY,MOVING,MOVING
55169,1633,3,LEFT_ARM,0.12825023,0.00142060,0.01107675,0.01226620,0.02144934,0.02148376,0.01646307,0.08415940,0.01486215,0.02010879,0.03278523,RELIABLE,RELIABLE,RELIABLE,RELIABLE,RELIABLE,RELIABLE,RELIABLE,RELIABLE,STATIONARY,STATIONARY,STATIONARY,STATIONARY,MOVING,STATIONARY,STATIONARY,MOVING,MOVING
55201,1634,3,LEFT_ARM,0.12832264,0.00233024,0.01815922,0.01261152,0.02360192,0.02370830,0.01992575,0.08147971,0.01817846,0.02403417,0.04100111,RELIABLE,RELIABLE,RELIABLE,RELIABLE,RELIABLE,RELIABLE,RELIABLE,RELIABLE,STATIONARY,STATIONARY,STATIONARY,STATIONARY,MOVING,STATIONARY,STATIONARY,MOVING,MOVING
55231,1635,3,LEFT_ARM,0.12877365,0.00211234,0.01640348,0.01326415,0.02671117,0.02627523,0.02236934,0.07568510,0.01894219,0.02278521,0.03456217,RELIABLE,RELIABLE,RELIABLE,RELIABLE,RELIABLE,RELIABLE,RELIABLE,RELIABLE,STATIONARY,STATIONARY,STATIONARY,STATIONARY,MOVING,STATIONARY,STATIONARY,MOVING,MOVING
55263,1636,3,LEFT_ARM,0.12923834,0.00221472,0.01713675,0.01469425,0.03093378,0.03076485,0.02400798,0.06698543,0.01997813,0.02396135,0.03978505,RELIABLE,RELIABLE,RELIABLE,RELIABLE,RELIABLE,RELIABLE,RELIABLE,RELIABLE,STATIONARY,STATIONARY,STATIONARY,STATIONARY,MOVING,STATIONARY,STATIONARY,MOVING,MOVING
55293,1637,3,LEFT_ARM,0.12866383,0.00310753,0.02415229,0.01627061,0.03461116,0.03503586,0.02609079,0.05805205,0.01967422,0.02639174,0.04025281,RELIABLE,RELIABLE,RELIABLE,RELIABLE,RELIABLE,RELIABLE,RELIABLE,RELIABLE,STATIONARY,STATIONARY,STATIONARY,STATIONARY,MOVING,STATIONARY,STATIONARY,MOVING,MOVING
55323,1638,3,LEFT_ARM,0.12804205,0.00275413,0.02150960,0.01732824,0.03767432,0.03823870,0.02703902,0.04972274,0.02106536,0.02951318,0.04363781,RELIABLE,RELIABLE,RELIABLE,RELIABLE,RELIABLE,RELIABLE,RELIABLE,RELIABLE,STATIONARY,STATIONARY,STATIONARY,STATIONARY,MOVING,STATIONARY,STATIONARY,MOVING,MOVING
55354,1639,3,LEFT_ARM,0.12820439,0.00323124,0.02520380,0.01838097,0.04121756,0.04178551,0.02831615,0.04543749,0.02289894,0.03119963,0.04241457,RELIABLE,RELIABLE,RELIABLE,RELIABLE,RELIABLE,RELIABLE,RELIABLE,RELIABLE,STATIONARY,STATIONARY,STATIONARY,STATIONARY,MOVING,STATIONARY,STATIONARY,MOVING,MOVING
55402,1640,3,LEFT_ARM,0.12915115,0.00314987,0.02438906,0.01975387,0.04533038,0.04549528,0.02879587,0.04157752,0.02403181,0.03454330,0.04165769,RELIABLE,RELIABLE,RELIABLE,RELIABLE,RELIABLE,RELIABLE,RELIABLE,RELIABLE,STATIONARY,STATIONARY,STATIONARY,STATIONARY,MOVING,STATIONARY,STATIONARY,MOVING,MOVING
55434,1641,3,LEFT_ARM,0.13024905,0.00267383,0.02052859,0.02093535,0.04965978,0.04890641,0.02818205,0.03830265,0.02323440,0.03654688,0.04048715,RELIABLE,RELIABLE,RELIABLE,RELIABLE,RELIABLE,RELIABLE,RELIABLE,RELIABLE,STATIONARY,STATIONARY,STATIONARY,STATIONARY,MOVING,STATIONARY,STATIONARY,MOVING,MOVING
55465,1642,3,LEFT_ARM,0.13168103,0.00366581,0.02783856,0.02214527,0.05296809,0.05219921,0.02642068,0.03796109,0.02234385,0.03204965,0.03621005,RELIABLE,RELIABLE,RELIABLE,RELIABLE,RELIABLE,RELIABLE,PARTIAL,RELIABLE,STATIONARY,STATIONARY,STATIONARY,STATIONARY,MOVING,STATIONARY,STATIONARY,MOVING,MOVING
55497,1643,3,LEFT_ARM,0.13334400,0.00412471,0.03093286,0.02396144,0.05460586,0.05548260,0.02553838,0.03799140,0.02177176,0.03091582,0.03470927,RELIABLE,RELIABLE,RELIABLE,RELIABLE,RELIABLE,RELIABLE,PARTIAL,RELIABLE,STATIONARY,STATIONARY,STATIONARY,STATIONARY,MOVING,STATIONARY,STATIONARY,MOVING,MOVING
55529,1644,3,LEFT_ARM,0.13397764,0.00337038,0.02515628,0.02496388,0.05737728,0.05736759,0.02436891,0.03804503,0.02121511,0.03027041,0.02854502,RELIABLE,RELIABLE,RELIABLE,RELIABLE,RELIABLE,RELIABLE,PARTIAL,RELIABLE,STATIONARY,STATIONARY,STATIONARY,STATIONARY,MOVING,STATIONARY,STATIONARY,MOVING,MOVING
55562,1645,3,LEFT_ARM,0.13413049,0.00413255,0.03080992,0.02579608,0.05749986,0.05775578,0.02350649,0.03920779,0.02195121,0.02937215,0.03030033,RELIABLE,RELIABLE,RELIABLE,RELIABLE,RELIABLE,RELIABLE,PARTIAL,RELIABLE,STATIONARY,STATIONARY,STATIONARY,STATIONARY,MOVING,STATIONARY,STATIONARY,MOVING,MOVING
55594,1646,3,LEFT_ARM,0.13423839,0.00294532,0.02194094,0.02585000,0.05719380,0.05737214,0.02398511,0.04079902,0.01999519,0.02718692,0.02631804,RELIABLE,RELIABLE,RELIABLE,RELIABLE,RELIABLE,RELIABLE,PARTIAL,RELIABLE,STATIONARY,STATIONARY,STATIONARY,STATIONARY,MOVING,STATIONARY,STATIONARY,MOVING,MOVING
55626,1647,3,LEFT_ARM,0.13473047,0.00270349,0.02006592,0.02520776,0.05597433,0.05543088,0.02366932,0.04000767,0.01860421,0.02570862,0.03105127,RELIABLE,RELIABLE,RELIABLE,RELIABLE,RELIABLE,RELIABLE,RELIABLE,RELIABLE,STATIONARY,STATIONARY,STATIONARY,STATIONARY,STATIONARY,STATIONARY,STATIONARY,MOVING,MOVING
55658,1648,3,LEFT_ARM,0.13478167,0.00245712,0.01823039,0.02443793,0.05310492,0.05213573,0.02268432,0.03896321,0.01796679,0.02553787,0.03312927,RELIABLE,RELIABLE,RELIABLE,RELIABLE,RELIABLE,RELIABLE,RELIABLE,RELIABLE,STATIONARY,STATIONARY,STATIONARY,STATIONARY,STATIONARY,STATIONARY,STATIONARY,MOVING,MOVING
55690,1649,3,LEFT_ARM,0.13477912,0.00239166,0.01774504,0.02408999,0.05121778,0.05075944,0.02351515,0.03685185,0.01784661,0.02412642,0.03267773,RELIABLE,RELIABLE,RELIABLE,RELIABLE,RELIABLE,RELIABLE,RELIABLE,RELIABLE,STATIONARY,STATIONARY,STATIONARY,STATIONARY,STATIONARY,STATIONARY,STATIONARY,MOVING,MOVING
55721,1650,3,LEFT_ARM,0.13537697,0.00265922,0.01964309,0.02306555,0.04731675,0.04667660,0.02504890,0.03294521,0.01669533,0.02533959,0.02902134,RELIABLE,RELIABLE,RELIABLE,RELIABLE,RELIABLE,RELIABLE,RELIABLE,RELIABLE,STATIONARY,STATIONARY,STATIONARY,STATIONARY,STATIONARY,STATIONARY,STATIONARY,MOVING,MOVING
55754,1651,3,LEFT_ARM,0.13552248,0.00147837,0.01090871,0.02056254,0.04399564,0.04159620,0.02371493,0.02850190,0.01590660,0.02290018,0.02805089,RELIABLE,RELIABLE,RELIABLE,RELIABLE,RELIABLE,RELIABLE,RELIABLE,RELIABLE,STATIONARY,STATIONARY,STATIONARY,STATIONARY,STATIONARY,STATIONARY,STATIONARY,MOVING,MOVING
55802,1652,3,LEFT_ARM,0.13587279,0.00141188,0.01039117,0.01871690,0.03835366,0.03645039,0.02342589,0.02664763,0.01532526,0.02230587,0.03063456,RELIABLE,RELIABLE,RELIABLE,RELIABLE,RELIABLE,RELIABLE,RELIABLE,RELIABLE,STATIONARY,STATIONARY,STATIONARY,STATIONARY,STATIONARY,STATIONARY,STATIONARY,MOVING,MOVING
55834,1653,3,LEFT_ARM,0.13639662,0.00189053,0.01386056,0.01659823,0.03519544,0.03247240,0.02294731,0.02425210,0.01399042,0.02064857,0.02820495,RELIABLE,RELIABLE,RELIABLE,RELIABLE,RELIABLE,RELIABLE,PARTIAL,RELIABLE,STATIONARY,STATIONARY,STATIONARY,STATIONARY,STATIONARY,STATIONARY,STATIONARY,MOVING,MOVING
59967,1777,3,HEAD,0.13129991,0.00161897,0.01233029,0.01142704,0.02021967,0.01835814,0.02208905,0.01286469,0.01498936,,0.00978871,RELIABLE,RELIABLE,RELIABLE,RELIABLE,RELIABLE,RELIABLE,PARTIAL,PARTIAL,STATIONARY,STATIONARY,STATIONARY,STATIONARY,STATIONARY,STATIONARY,UNCERTAIN,STATIONARY,STATIONARY
59997,1778,3,HEAD,0.13117081,0.00169096,0.01289127,0.01174031,0.02024761,0.01791139,0.02120104,0.01164429,0.01625910,0.06618223,0.01646731,RELIABLE,RELIABLE,RELIABLE,RELIABLE,RELIABLE,RELIABLE,PARTIAL,PARTIAL,STATIONARY,STATIONARY,STATIONARY,STATIONARY,STATIONARY,STATIONARY,STATIONARY,STATIONARY,STATIONARY
60042,1779,3,HEAD,0.13106093,0.00133426,0.01018043,0.01058000,0.01884413,0.01728311,0.02335519,0.01392365,0.01625197,0.05305250,0.02975144,RELIABLE,RELIABLE,RELIABLE,RELIABLE,RELIABLE,RELIABLE,PARTIAL,RELIABLE,STATIONARY,STATIONARY,STATIONARY,STATIONARY,STATIONARY,STATIONARY,STATIONARY,STATIONARY,STATIONARY
60076,1780,3,HEAD,0.13128779,0.00198251,0.01510051,0.01159014,0.02121867,0.01937528,0.02368505,0.01487612,0.01639292,0.04430337,0.03217002,RELIABLE,RELIABLE,RELIABLE,RELIABLE,RELIABLE,RELIABLE,PARTIAL,RELIABLE,STATIONARY,STATIONARY,STATIONARY,STATIONARY,STATIONARY,STATIONARY,MOVING,STATIONARY,MOVING
60107,1781,3,HEAD,0.13163824,0.00203012,0.01542194,0.01242766,0.02265566,0.01924721,0.02344532,0.01703790,0.01556917,0.04146816,0.02981421,RELIABLE,RELIABLE,RELIABLE,RELIABLE,RELIABLE,RELIABLE,PARTIAL,RELIABLE,STATIONARY,STATIONARY,STATIONARY,STATIONARY,STATIONARY,STATIONARY,MOVING,MOVING,MOVING
60137,1782,3,HEAD,0.13161289,0.00151883,0.01154012,0.01195515,0.02286098,0.01928991,0.02244170,0.01960520,0.01541382,0.03855064,0.02894954,RELIABLE,RELIABLE,RELIABLE,RELIABLE,RELIABLE,RELIABLE,RELIABLE,RELIABLE,STATIONARY,STATIONARY,STATIONARY,STATIONARY,STATIONARY,STATIONARY,MOVING,MOVING,MOVING
60169,1783,3,HEAD,0.13185788,0.00192203,0.01457651,0.01234927,0.02385548,0.02087781,0.02084389,0.01989827,0.01482264,0.03431339,0.02699758,RELIABLE,RELIABLE,RELIABLE,RELIABLE,RELIABLE,RELIABLE,PARTIAL,RELIABLE,STATIONARY,STATIONARY,STATIONARY,STATIONARY,STATIONARY,STATIONARY,MOVING,MOVING,MOVING
60201,1784,3,HEAD,0.13217249,0.00135839,0.01027744,0.01278981,0.02559148,0.02301194,0.02017862,0.01859009,0.01386753,0.03157340,0.02639254,RELIABLE,RELIABLE,RELIABLE,RELIABLE,RELIABLE,RELIABLE,RELIABLE,RELIABLE,STATIONARY,STATIONARY,STATIONARY,STATIONARY,STATIONARY,STATIONARY,MOVING,MOVING,MOVING
60233,1785,3,HEAD,0.13207776,0.00155689,0.01178769,0.01272199,0.02644869,0.02383573,0.02325591,0.02276305,0.01501986,0.02964669,0.02879827,RELIABLE,RELIABLE,RELIABLE,RELIABLE,RELIABLE,RELIABLE,PARTIAL,RELIABLE,STATIONARY,STATIONARY,STATIONARY,STATIONARY,STATIONARY,STATIONARY,MOVING,MOVING,MOVING
60265,1786,3,HEAD,0.13199878,0.00235013,0.01780417,0.01333610,0.02924907,0.02637065,0.02572231,0.02651682,0.01415593,0.02445094,0.02818913,RELIABLE,RELIABLE,RELIABLE,RELIABLE,RELIABLE,RELIABLE,PARTIAL,RELIABLE,STATIONARY,STATIONARY,STATIONARY,STATIONARY,STATIONARY,STATIONARY,MOVING,MOVING,MOVING
60298,1787,3,HEAD,0.13227508,0.00256188,0.01936779,0.01448452,0.03239481,0.02949386,0.02335281,0.02772768,0.01418660,0.02374047,0.02487155,RELIABLE,RELIABLE,RELIABLE,RELIABLE,RELIABLE,RELIABLE,PARTIAL,RELIABLE,STATIONARY,STATIONARY,STATIONARY,STATIONARY,STATIONARY,STATIONARY,MOVING,MOVING,MOVING
60330,1788,3,HEAD,0.13261042,0.00204097,0.01539074,0.01452080,0.03376323,0.03153818,0.02286473,0.03142325,0.01508547,0.02192707,0.02254362,RELIABLE,RELIABLE,RELIABLE,RELIABLE,RELIABLE,RELIABLE,PARTIAL,RELIABLE,STATIONARY,STATIONARY,STATIONARY,STATIONARY,STATIONARY,STATIONARY,MOVING,MOVING,MOVING
60361,1789,3,HEAD,0.13219349,0.00255081,0.01929602,0.01500506,0.03657709,0.03484631,0.02307656,0.03520312,0.01710746,0.02355461,0.02613306,RELIABLE,RELIABLE,RELIABLE,RELIABLE,RELIABLE,RELIABLE,PARTIAL,RELIABLE,STATIONARY,STATIONARY,STATIONARY,STATIONARY,STATIONARY,STATIONARY,MOVING,MOVING,MOVING
60410,1790,3,HEAD,0.13315013,0.00345003,0.02591081,0.01680139,0.04089570,0.03941402,0.02276779,0.03579210,0.01909129,0.02871974,0.03234878,RELIABLE,RELIABLE,RELIABLE,RELIABLE,RELIABLE,RELIABLE,PARTIAL,RELIABLE,STATIONARY,STATIONARY,STATIONARY,STATIONARY,STATIONARY,STATIONARY,MOVING,MOVING,MOVING
60441,1791,3,HEAD,0.13348605,0.00259880,0.01946873,0.01741292,0.04317068,0.04098420,0.02483361,0.04008332,0.02019348,0.03212033,0.03286671,RELIABLE,RELIABLE,RELIABLE,RELIABLE,RELIABLE,RELIABLE,RELIABLE,RELIABLE,STATIONARY,STATIONARY,STATIONARY,STATIONARY,STATIONARY,STATIONARY,STATIONARY,MOVING,MOVING
60473,1792,3,HEAD,0.13256203,0.00274439,0.02070269,0.01871608,0.04548793,0.04287791,0.02643643,0.04450790,0.02232492,0.03356982,0.03291696,RELIABLE,RELIABLE,RELIABLE,RELIABLE,RELIABLE,RELIABLE,RELIABLE,RELIABLE,STATIONARY,STATIONARY,STATIONARY,STATIONARY,STATIONARY,STATIONARY,STATIONARY,MOVING,MOVING
60514,1793,3,HEAD,0.13199865,0.00182415,0.01381942,0.01897004,0.04605253,0.04422819,0.02416284,0.04420699,0.02254038,0.03414899,0.03566541,RELIABLE,RELIABLE,RELIABLE,RELIABLE,RELIABLE,RELIABLE,RELIABLE,RELIABLE,STATIONARY,STATIONARY,STATIONARY,STATIONARY,STATIONARY,STATIONARY,STATIONARY,MOVING,MOVING
60545,1794,3,HEAD,0.13212708,0.00245839,0.01860626,0.01907031,0.04676302,0.04430508,0.02344069,0.04333976,0.02248029,0.03370863,0.03559550,RELIABLE,RELIABLE,RELIABLE,RELIABLE,RELIABLE,RELIABLE,RELIABLE,RELIABLE,STATIONARY,STATIONARY,STATIONARY,STATIONARY,STATIONARY,STATIONARY,STATIONARY,MOVING,MOVING
60576,1795,3,HEAD,0.13215341,0.00207961,0.01573630,0.01861637,0.04260318,0.04126992,0.02339370,0.04444203,0.02169450,0.03098741,0.03330300,RELIABLE,RELIABLE,RELIABLE,RELIABLE,RELIABLE,RELIABLE,RELIABLE,RELIABLE,STATIONARY,STATIONARY,STATIONARY,STATIONARY,STATIONARY,STATIONARY,STATIONARY,MOVING,MOVING
60608,1796,3,HEAD,0.13157399,0.00255165,0.01939330,0.01911669,0.04278375,0.03983065,0.02310416,0.04280114,0.02069572,0.03279904,0.03168800,RELIABLE,RELIABLE,RELIABLE,RELIABLE,RELIABLE,RELIABLE,RELIABLE,RELIABLE,STATIONARY,STATIONARY,STATIONARY,STATIONARY,STATIONARY,STATIONARY,STATIONARY,MOVING,MOVING
60639,1797,3,HEAD,0.13145444,0.00184535,0.01403794,0.01845943,0.03958316,0.03760329,0.02240400,0.03646292,0.01784264,0.03086708,0.02935736,RELIABLE,RELIABLE,RELIABLE,RELIABLE,RELIABLE,RELIABLE,RELIABLE,RELIABLE,STATIONARY,STATIONARY,STATIONARY,STATIONARY,STATIONARY,STATIONARY,STATIONARY,MOVING,MOVING
60670,1798,3,HEAD,0.13095678,0.00098848,0.00754810,0.01616409,0.03394453,0.03204932,0.02230902,0.03477417,0.01543025,0.02545929,0.02254777,RELIABLE,RELIABLE,RELIABLE,RELIABLE,RELIABLE,RELIABLE,RELIABLE,RELIABLE,STATIONARY,STATIONARY,STATIONARY,STATIONARY,STATIONARY,STATIONARY,STATIONARY,MOVING,MOVING
60702,1799,3,HEAD,0.13066210,0.00162306,0.01242179,0.01528322,0.03085303,0.02972236,0.02033204,0.03063696,0.01438797,0.02467687,0.02350549,RELIABLE,RELIABLE,RELIABLE,RELIABLE,RELIABLE,RELIABLE,RELIABLE,RELIABLE,STATIONARY,STATIONARY,STATIONARY,STATIONARY,STATIONARY,STATIONARY,STATIONARY,MOVING,MOVING
60732,1800,3,HEAD,0.13016275,0.00201201,0.01545765,0.01462759,0.02848262,0.02807735,0.01873170,0.02629628,0.01244475,0.02414442,0.02238428,RELIABLE,RELIABLE,RELIABLE,RELIABLE,RELIABLE,RELIABLE,RELIABLE,RELIABLE,STATIONARY,STATIONARY,STATIONARY,STATIONARY,STATIONARY,STATIONARY,STATIONARY,MOVING,MOVING
60763,1801,3,HEAD,0.12968297,0.00165019,0.01272480,0.01449077,0.02737615,0.02541912,0.01716106,0.02237780,0.01122372,0.02409005,0.01857124,RELIABLE,RELIABLE,RELIABLE,RELIABLE,RELIABLE,RELIABLE,RELIABLE,RELIABLE,STATIONARY,STATIONARY,STATIONARY,STATIONARY,STATIONARY,STATIONARY,STATIONARY,MOVING,MOVING
60809,1802,3,HEAD,0.12965530,0.00132113,0.01018958,0.01343868,0.02351170,0.02263254,0.01532785,0.02019197,0.01321567,0.02624644,0.02133887,RELIABLE,RELIABLE,RELIABLE,RELIABLE,RELIABLE,RELIABLE,RELIABLE,RELIABLE,STATIONARY,STATIONARY,STATIONARY,STATIONARY,STATIONARY,STATIONARY,STATIONARY,MOVING,MOVING
60844,1803,3,HEAD,0.12930679,0.00152105,0.01176310,0.01294203,0.02424675,0.02178470,0.01436928,0.01664769,0.01323858,0.02710196,0.02475038,RELIABLE,RELIABLE,RELIABLE,RELIABLE,RELIABLE,RELIABLE,RELIABLE,RELIABLE,STATIONARY,STATIONARY,STATIONARY,STATIONARY,STATIONARY,STATIONARY,STATIONARY,MOVING,MOVING
60875,1804,3,HEAD,0.12896166,0.00077960,0.00604519,0.01127352,0.02053547,0.01911876,0.01246257,0.01377098,0.01244187,0.02491396,0.02563981,RELIABLE,RELIABLE,RELIABLE,RELIABLE,RELIABLE,RELIABLE,RELIABLE,RELIABLE,STATIONARY,STATIONARY,STATIONARY,STATIONARY,STATIONARY,STATIONARY,STATIONARY,MOVING,MOVING
60907,1805,3,HEAD,0.12820596,0.00060350,0.00470729,0.01010719,0.01817992,0.01635160,0.01163879,0.01404498,0.01163948,0.02385525,0.02431845,RELIABLE,RELIABLE,RELIABLE,RELIABLE,RELIABLE,RELIABLE,RELIABLE,RELIABLE,STATIONARY,STATIONARY,STATIONARY,STATIONARY,STATIONARY,STATIONARY,STATIONARY,STATIONARY,STATIONARY
60939,1806,3,HEAD,0.12746383,0.00110066,0.00863505,0.01024306,0.01745134,0.01523843,0.01073694,0.01230483,0.01079309,0.02252321,0.02399876,RELIABLE,RELIABLE,RELIABLE,RELIABLE,RELIABLE,RELIABLE,RELIABLE,RELIABLE,STATIONARY,STATIONARY,STATIONARY,STATIONARY,STATIONARY,STATIONARY,STATIONARY,STATIONARY,STATIONARY
60971,1807,3,HEAD,0.12709097,0.00201463,0.01585188,0.01067182,0.01738912,0.01435585,0.01040008,0.01108846,0.01032066,0.01963112,0.02215022,RELIABLE,RELIABLE,RELIABLE,RELIABLE,RELIABLE,RELIABLE,RELIABLE,RELIABLE,STATIONARY,STATIONARY,STATIONARY,STATIONARY,STATIONARY,STATIONARY,STATIONARY,STATIONARY,STATIONARY
61002,1808,3,HEAD,0.12704238,0.00063950,0.00503376,0.00936883,0.01475860,0.01140018,0.01006336,0.01052233,0.01034902,0.02209418,0.02430864,RELIABLE,RELIABLE,RELIABLE,RELIABLE,RELIABLE,RELIABLE,RELIABLE,RELIABLE,STATIONARY,STATIONARY,STATIONARY,STATIONARY,STATIONARY,STATIONARY,STATIONARY,STATIONARY,STATIONARY
61033,1809,3,HEAD,0.12725456,0.00113074,0.00888568,0.00888894,0.01206550,0.01093616,0.00984030,0.01066575,0.01031938,0.02127273,0.02426320,RELIABLE,RELIABLE,RELIABLE,RELIABLE,RELIABLE,RELIABLE,RELIABLE,RELIABLE,STATIONARY,STATIONARY,STATIONARY,STATIONARY,STATIONARY,STATIONARY,STATIONARY,STATIONARY,STATIONARY
61066,1810,3,HEAD,0.12673794,0.00081149,0.00640291,0.00841561,0.01046557,0.00956002,0.00953507,0.01040610,0.00869836,0.01936785,0.02369262,RELIABLE,RELIABLE,RELIABLE,RELIABLE,RELIABLE,RELIABLE,RELIABLE,RELIABLE,STATIONARY,STATIONARY,STATIONARY,STATIONARY,STATIONARY,STATIONARY,STATIONARY,STATIONARY,STATIONARY
61098,1811,3,HEAD,0.12656471,0.00125108,0.00988493,0.00818084,0.00998762,0.00919136,0.00929962,0.00928038,0.00881057,0.01812637,0.02048432,RELIABLE,RELIABLE,RELIABLE,RELIABLE,RELIABLE,RELIABLE,RELIABLE,RELIABLE,STATIONARY,STATIONARY,STATIONARY,STATIONARY,STATIONARY,STATIONARY,STATIONARY,STATIONARY,STATIONARY
61130,1812,3,HEAD,0.12617515,0.00068318,0.00541451,0.00810200,0.00991316,0.00956435,0.00889253,0.00882231,0.00879083,0.01857331,0.02032708,RELIABLE,RELIABLE,RELIABLE,RELIABLE,RELIABLE,RELIABLE,RELIABLE,RELIABLE,STATIONARY,STATIONARY,STATIONARY,STATIONARY,STATIONARY,STATIONARY,STATIONARY,STATIONARY,STATIONARY
61178,1813,3,HEAD,0.12562591,0.00126907,0.01010200,0.00877634,0.01076695,0.00997548,0.00880301,0.00853511,0.00944622,0.02170897,0.02393064,RELIABLE,RELIABLE,RELIABLE,RELIABLE,RELIABLE,RELIABLE,RELIABLE,RELIABLE,STATIONARY,STATIONARY,STATIONARY,STATIONARY,STATIONARY,STATIONARY,STATIONARY,STATIONARY,STATIONARY
61209,1814,3,HEAD,0.12564737,0.00065710,0.00522973,0.00835068,0.01037518,0.01021104,0.00869465,0.00848486,0.00908014,0.02213807,0.02379493,RELIABLE,RELIABLE,RELIABLE,RELIABLE,RELIABLE,RELIABLE,RELIABLE,RELIABLE,STATIONARY,STATIONARY,STATIONARY,STATIONARY,STATIONARY,STATIONARY,STATIONARY,STATIONARY,STATIONARY
61242,1815,3,HEAD,0.12522863,0.00036065,0.00287991,0.00672918,0.00837363,0.00804763,0.00807602,0.00836244,0.00941479,0.02274204,0.02423894,RELIABLE,RELIABLE,RELIABLE,RELIABLE,RELIABLE,RELIABLE,RELIABLE,RELIABLE,STATIONARY,STATIONARY,STATIONARY,STATIONARY,STATIONARY,STATIONARY,STATIONARY,STATIONARY,STATIONARY
61283,1816,3,HEAD,0.12560831,0.00079411,0.00632211,0.00689022,0.00880800,0.00747484,0.00721849,0.00800413,0.00908013,0.01926847,0.02367115,RELIABLE,RELIABLE,RELIABLE,RELIABLE,RELIABLE,RELIABLE,RELIABLE,RELIABLE,STATIONARY,STATIONARY,STATIONARY,STATIONARY,STATIONARY,STATIONARY,STATIONARY,STATIONARY,STATIONARY
61313,1817,3,HEAD,0.12525840,0.00077873,0.00621699,0.00655664,0.00940621,0.00632942,0.00743243,0.00757092,0.00950016,0.02181529,0.02680186,RELIABLE,RELIABLE,RELIABLE,RELIABLE,RELIABLE,RELIABLE,RELIABLE,RELIABLE,STATIONARY,STATIONARY,STATIONARY,STATIONARY,STATIONARY,STATIONARY,STATIONARY,STATIONARY,STATIONARY
61345,1818,3,HEAD,0.12539256,0.00071734,0.00572075,0.00647137,0.00988275,0.00613841,0.00682907,0.00785836,0.00885876,0.02083815,0.02607828,RELIABLE,RELIABLE,RELIABLE,RELIABLE,RELIABLE,RELIABLE,RELIABLE,RELIABLE,STATIONARY,STATIONARY,STATIONARY,STATIONARY,STATIONARY,STATIONARY,STATIONARY,STATIONARY,STATIONARY
61376,1819,3,HEAD,0.12511224,0.00074053,0.00591891,0.00597561,0.00953081,0.00600938,0.00724669,0.00864105,0.00813174,0.02136873,0.02586818,RELIABLE,RELIABLE,RELIABLE,RELIABLE,RELIABLE,RELIABLE,RELIABLE,RELIABLE,STATIONARY,STATIONARY,STATIONARY,STATIONARY,STATIONARY,STATIONARY,STATIONARY,STATIONARY,STATIONARY
61408,1820,3,HEAD,0.12480591,0.00129723,0.01039399,0.00659805,0.00988769,0.00552887,0.00707706,0.00849865,0.00790328,0.02180931,0.02792583,RELIABLE,RELIABLE,RELIABLE,RELIABLE,RELIABLE,RELIABLE,RELIABLE,RELIABLE,STATIONARY,STATIONARY,STATIONARY,STATIONARY,STATIONARY,STATIONARY,STATIONARY,STATIONARY,STATIONARY
61440,1821,3,HEAD,0.12449341,0.00103206,0.00829010,0.00637156,0.00980936,0.00596472,0.00712628,0.00828973,0.00743024,0.01992560,0.02356668,RELIABLE,RELIABLE,RELIABLE,RELIABLE,RELIABLE,RELIABLE,RELIABLE,RELIABLE,STATIONARY,STATIONARY,STATIONARY,STATIONARY,STATIONARY,STATIONARY,STATIONARY,STATIONARY,STATIONARY
61471,1822,3,HEAD,0.12453532,0.00212814,0.01708862,0.00785392,0.01257725,0.00760699,0.00702663,0.00776607,0.00805467,0.02027304,0.02599423,RELIABLE,RELIABLE,RELIABLE,RELIABLE,RELIABLE,RELIABLE,RELIABLE,RELIABLE,STATIONARY,STATIONARY,STATIONARY,STATIONARY,STATIONARY,STATIONARY,STATIONARY,STATIONARY,STATIONARY
61501,1823,3,HEAD,0.12443592,0.00306856,0.02465976,0.01057640,0.01588907,0.01087485,0.00840934,0.00800111,0.00791922,0.01933272,0.02576409,RELIABLE,RELIABLE,RELIABLE,RELIABLE,RELIABLE,RELIABLE,RELIABLE,RELIABLE,STATIONARY,STATIONARY,STATIONARY,STATIONARY,STATIONARY,STATIONARY,STATIONARY,STATIONARY,STATIONARY
61532,1824,3,HEAD,0.12460335,0.00395932,0.03177540,0.01375806,0.01996241,0.01657177,0.00996542,0.00911068,0.00852151,0.02037933,0.02661067,RELIABLE,RELIABLE,RELIABLE,RELIABLE,RELIABLE,RELIABLE,RELIABLE,RELIABLE,STATIONARY,STATIONARY,STATIONARY,STATIONARY,STATIONARY,STATIONARY,STATIONARY,STATIONARY,STATIONARY
61577,1825,3,HEAD,0.12494430,0.00253702,0.02030521,0.01551909,0.02253369,0.01977897,0.00964691,0.01016045,0.00871887,0.01823533,0.02484395,RELIABLE,RELIABLE,RELIABLE,RELIABLE,RELIABLE,RELIABLE,RELIABLE,RELIABLE,STATIONARY,STATIONARY,STATIONARY,STATIONARY,STATIONARY,STATIONARY,STATIONARY,STATIONARY,STATIONARY
61610,1826,3,HEAD,0.12513335,0.00371569,0.02969382,0.01851573,0.02719669,0.02493754,0.01015931,0.00955554,0.00829165,0.01758179,0.02422097,RELIABLE,RELIABLE,RELIABLE,RELIABLE,RELIABLE,RELIABLE,PARTIAL,RELIABLE,STATIONARY,STATIONARY,STATIONARY,STATIONARY,STATIONARY,STATIONARY,STATIONARY,STATIONARY,STATIONARY
61642,1827,3,HEAD,0.12535127,0.00321527,0.02565011,0.02098213,0.03148428,0.02876858,0.01017211,0.00974409,0.00829569,0.01789891,0.02512022,RELIABLE,RELIABLE,RELIABLE,RELIABLE,RELIABLE,RELIABLE,RELIABLE,RELIABLE,STATIONARY,STATIONARY,STATIONARY,STATIONARY,STATIONARY,STATIONARY,STATIONARY,STATIONARY,STATIONARY
61674,1828,3,HEAD,0.12560640,0.00271653,0.02162731,0.02238629,0.03457075,0.03298151,0.01005837,0.01012324,0.00881716,0.01908337,0.02251052,RELIABLE,RELIABLE,RELIABLE,RELIABLE,RELIABLE,RELIABLE,RELIABLE,RELIABLE,STATIONARY,STATIONARY,STATIONARY,STATIONARY,STATIONARY,STATIONARY,STATIONARY,STATIONARY,STATIONARY
61706,1829,3,HEAD,0.12610604,0.00185347,0.01469769,0.02318724,0.03610916,0.03480386,0.01004657,0.00952011,0.00867912,0.01820431,0.02254894,RELIABLE,RELIABLE,RELIABLE,RELIABLE,RELIABLE,RELIABLE,RELIABLE,RELIABLE,STATIONARY,STATIONARY,STATIONARY,STATIONARY,STATIONARY,STATIONARY,STATIONARY,STATIONARY,STATIONARY
61739,1830,3,HEAD,0.12592515,0.00215009,0.01707438,0.02318546,0.03604511,0.03455558,0.01066163,0.01112222,0.00891806,0.01826931,0.01890334,RELIABLE,RELIABLE,RELIABLE,RELIABLE,RELIABLE,RELIABLE,RELIABLE,RELIABLE,STATIONARY,STATIONARY,STATIONARY,STATIONARY,STATIONARY,STATIONARY,STATIONARY,STATIONARY,STATIONARY
61770,1831,3,HEAD,0.12593255,0.00110829,0.00880066,0.02120307,0.03352761,0.03294955,0.01091459,0.01127094,0.00933169,0.02014197,0.01974239,RELIABLE,RELIABLE,RELIABLE,RELIABLE,RELIABLE,RELIABLE,RELIABLE,RELIABLE,STATIONARY,STATIONARY,STATIONARY,STATIONARY,STATIONARY,STATIONARY,STATIONARY,STATIONARY,STATIONARY
61802,1832,3,HEAD,0.12578130,0.00097681,0.00776591,0.01820189,0.02913642,0.02767769,0.00956481,0.01150710,0.00872357,0.01901816,0.01732048,RELIABLE,RELIABLE,RELIABLE,RELIABLE,RELIABLE,RELIABLE,PARTIAL,RELIABLE,STATIONARY,STATIONARY,STATIONARY,STATIONARY,STATIONARY,STATIONARY,STATIONARY,STATIONARY,STATIONARY
61833,1833,3,HEAD,0.12562825,0.00065141,0.00518520,0.01631188,0.02635220,0.02465333,0.01009969,0.01074142,0.00776390,0.01751683,0.01495475,RELIABLE,RELIABLE,RELIABLE,RELIABLE,RELIABLE,RELIABLE,RELIABLE,RELIABLE,STATIONARY,STATIONARY,STATIONARY,STATIONARY,STATIONARY,STATIONARY,STATIONARY,STATIONARY,STATIONARY
61865,1834,3,HEAD,0.12566047,0.00055673,0.00443045,0.01315396,0.02126745,0.01938433,0.01061456,0.01088637,0.00732945,0.01723455,0.01338862,RELIABLE,RELIABLE,RELIABLE,RELIABLE,RELIABLE,RELIABLE,PARTIAL,RELIABLE,STATIONARY,STATIONARY,STATIONARY,STATIONARY,STATIONARY,STATIONARY,STATIONARY,STATIONARY,STATIONARY
61898,1835,3,HEAD,0.12601528,0.00116200,0.00922112,0.01110034,0.01757484,0.01639894,0.01070205,0.01006557,0.00721042,0.01706707,0.01397751,RELIABLE,RELIABLE,RELIABLE,RELIABLE,RELIABLE,RELIABLE,RELIABLE,RELIABLE,STATIONARY,STATIONARY,STATIONARY,STATIONARY,STATIONARY,STATIONARY,STATIONARY,STATIONARY,STATIONARY
61946,1836,3,HEAD,0.12620430,0.00251829,0.01995404,0.01089118,0.01672195,0.01446781,0.01153565,0.01006449,0.00680198,0.01705019,0.01580079,RELIABLE,RELIABLE,RELIABLE,RELIABLE,RELIABLE,RELIABLE,RELIABLE,RELIABLE,STATIONARY,STATIONARY,STATIONARY,STATIONARY,STATIONARY,STATIONARY,STATIONARY,STATIONARY,STATIONARY
61977,1837,3,HEAD,0.12613907,0.00317401,0.02516282,0.01219932,0.01816937,0.01654421,0.01181612,0.01131486,0.00718089,0.01555611,0.01719524,RELIABLE,RELIABLE,RELIABLE,RELIABLE,RELIABLE,RELIABLE,RELIABLE,RELIABLE,STATIONARY,STATIONARY,STATIONARY,STATIONARY,STATIONARY,STATIONARY,STATIONARY,STATIONARY,STATIONARY
62009,1838,3,HEAD,0.12586450,0.00305019,0.02423391,0.01309426,0.01886539,0.01859866,0.01079473,0.00981812,0.00695943,0.01532184,0.01879651,RELIABLE,RELIABLE,RELIABLE,RELIABLE,RELIABLE,RELIABLE,RELIABLE,RELIABLE,STATIONARY,STATIONARY,STATIONARY,STATIONARY,STATIONARY,STATIONARY,STATIONARY,STATIONARY,STATIONARY
62041,1839,3,HEAD,0.12509526,0.00438296,0.03503699,0.01637381,0.02429490,0.02323485,0.01012504,0.00983186,0.00653110,0.01372643,0.01715514,RELIABLE,RELIABLE,RELIABLE,RELIABLE,RELIABLE,RELIABLE,RELIABLE,RELIABLE,STATIONARY,STATIONARY,STATIONARY,STATIONARY,STATIONARY,STATIONARY,STATIONARY,STATIONARY,STATIONARY
62073,1840,3,HEAD,0.12466336,0.00384880,0.03087353,0.01926226,0.02872581,0.02770520,0.00998755,0.00982240,0.00767892,0.01420059,0.01720368,RELIABLE,RELIABLE,RELIABLE,RELIABLE,RELIABLE,RELIABLE,RELIABLE,RELIABLE,STATIONARY,STATIONARY,STATIONARY,STATIONARY,STATIONARY,STATIONARY,STATIONARY,STATIONARY,STATIONARY
62117,1841,3,HEAD,0.12427682,0.00313424,0.02521984,0.02176659,0.03380219,0.03289692,0.00934422,0.01097484,0.00847083,0.01478419,0.01654338,RELIABLE,RELIABLE,RELIABLE,RELIABLE,RELIABLE,RELIABLE,PARTIAL,RELIABLE,STATIONARY,STATIONARY,STATIONARY,STATIONARY,STATIONARY,STATIONARY,STATIONARY,STATIONARY,STATIONARY
62148,1842,3,HEAD,0.12407682,0.00359721,0.02899179,0.02483676,0.03928384,0.03779822,0.00988003,0.01093585,0.00986767,0.01683166,0.01966245,RELIABLE,RELIABLE,RELIABLE,RELIABLE,RELIABLE,RELIABLE,RELIABLE,RELIABLE,STATIONARY,STATIONARY,STATIONARY,STATIONARY,STATIONARY,STATIONARY,STATIONARY,STATIONARY,STATIONARY
62180,1843,3,HEAD,0.12414248,0.00361715,0.02913713,0.02732626,0.04367086,0.04185719,0.00912699,0.01167072,0.01031741,0.01735436,0.02017303,RELIABLE,RELIABLE,RELIABLE,RELIABLE,RELIABLE,RELIABLE,RELIABLE,RELIABLE,STATIONARY,STATIONARY,STATIONARY,STATIONARY,STATIONARY,STATIONARY,STATIONARY,STATIONARY,STATIONARY
62212,1844,3,HEAD,0.12396205,0.00283058,0.02283425,0.02768628,0.04423202,0.04218062,0.00966797,0.01236449,0.01124233,0.01642986,0.02002349,RELIABLE,RELIABLE,RELIABLE,RELIABLE,RELIABLE,RELIABLE,RELIABLE,RELIABLE,STATIONARY,STATIONARY,STATIONARY,STATIONARY,STATIONARY,STATIONARY,STATIONARY,STATIONARY,STATIONARY
62244,1845,3,HEAD,0.12401113,0.00292988,0.02362595,0.02749417,0.04445229,0.04175155,0.00965997,0.01274106,0.01152417,0.01755178,0.01918239,RELIABLE,RELIABLE,RELIABLE,RELIABLE,RELIABLE,RELIABLE,RELIABLE,RELIABLE,STATIONARY,STATIONARY,STATIONARY,STATIONARY,STATIONARY,STATIONARY,STATIONARY,STATIONARY,STATIONARY
62274,1846,3,HEAD,0.12407820,0.00238188,0.01919659,0.02686451,0.04324923,0.04000613,0.01074163,0.01510416,0.01199237,0.01760141,0.01918260,RELIABLE,RELIABLE,RELIABLE,RELIABLE,RELIABLE,RELIABLE,RELIABLE,RELIABLE,STATIONARY,STATIONARY,STATIONARY,STATIONARY,STATIONARY,STATIONARY,STATIONARY,STATIONARY,STATIONARY
62305,1847,3,HEAD,0.12379851,0.00174093,0.01406263,0.02424271,0.03962706,0.03638419,0.01237040,0.01659067,0.01284735,0.01976091,0.02314786,RELIABLE,RELIABLE,RELIABLE,RELIABLE,RELIABLE,RELIABLE,RELIABLE,RELIABLE,STATIONARY,STATIONARY,STATIONARY,STATIONARY,STATIONARY,STATIONARY,STATIONARY,STATIONARY,STATIONARY
62345,1848,3,HEAD,0.12415764,0.00148673,0.01197452,0.02188034,0.03659346,0.03410106,0.01338847,0.01650417,0.01224831,0.02131968,0.02408414,RELIABLE,RELIABLE,RELIABLE,RELIABLE,RELIABLE,RELIABLE,RELIABLE,RELIABLE,STATIONARY,STATIONARY,STATIONARY,STATIONARY,STATIONARY,STATIONARY,STATIONARY,STATIONARY,STATIONARY
62384,1849,3,HEAD,0.12439117,0.00151636,0.01219029,0.02025164,0.03322473,0.03047640,0.01432820,0.01581900,0.01179779,0.02278098,0.02457587,RELIABLE,RELIABLE,RELIABLE,RELIABLE,RELIABLE,RELIABLE,RELIABLE,RELIABLE,STATIONARY,STATIONARY,STATIONARY,STATIONARY,STATIONARY,STATIONARY,STATIONARY,STATIONARY,STATIONARY
62416,1850,3,HEAD,0.12433589,0.00089359,0.00718688,0.01752603,0.02758564,0.02565963,0.01371153,0.01593215,0.01065831,0.02151058,0.02204982,RELIABLE,RELIABLE,RELIABLE,RELIABLE,RELIABLE,RELIABLE,RELIABLE,RELIABLE,STATIONARY,STATIONARY,STATIONARY,STATIONARY,STATIONARY,STATIONARY,STATIONARY,STATIONARY,STATIONARY
62448,1851,3,HEAD,0.12414946,0.00079733,0.00642236,0.01468669,0.02221369,0.02000125,0.01387924,0.01565387,0.01015181,0.02205679,0.02068972,RELIABLE,RELIABLE,RELIABLE,RELIABLE,RELIABLE,RELIABLE,RELIABLE,RELIABLE,STATIONARY,STATIONARY,STATIONARY,STATIONARY,STATIONARY,STATIONARY,STATIONARY,STATIONARY,STATIONARY
62479,1852,3,HEAD,0.12399021,0.00163974,0.01322475,0.01348550,0.02033406,0.01917604,0.01312738,0.01481555,0.01049291,0.02375276,0.02163965,RELIABLE,RELIABLE,RELIABLE,RELIABLE,RELIABLE,RELIABLE,RELIABLE,RELIABLE,STATIONARY,STATIONARY,STATIONARY,STATIONARY,STATIONARY,STATIONARY,STATIONARY,STATIONARY,STATIONARY
62511,1853,3,HEAD,0.12408043,0.00198247,0.01597729,0.01252942,0.01646100,0.01508466,0.01229250,0.01436212,0.01034099,0.02202912,0.02125659,RELIABLE,RELIABLE,RELIABLE,RELIABLE,RELIABLE,RELIABLE,RELIABLE,RELIABLE,STATIONARY,STATIONARY,STATIONARY,STATIONARY,STATIONARY,STATIONARY,STATIONARY,STATIONARY,STATIONARY
62543,1854,3,HEAD,0.12418927,0.00173426,0.01396467,0.01187543,0.01616673,0.01473010,0.01201226,0.01190687,0.00972172,0.02231945,0.02301189,RELIABLE,RELIABLE,RELIABLE,RELIABLE,RELIABLE,RELIABLE,RELIABLE,RELIABLE,STATIONARY,STATIONARY,STATIONARY,STATIONARY,STATIONARY,STATIONARY,STATIONARY,STATIONARY,STATIONARY
62574,1855,3,HEAD,0.12402183,0.00225929,0.01821687,0.01239471,0.01645700,0.01567183,0.01012202,0.01036239,0.00900340,0.02023267,0.02305613,RELIABLE,RELIABLE,RELIABLE,RELIABLE,RELIABLE,RELIABLE,RELIABLE,RELIABLE,STATIONARY,STATIONARY,STATIONARY,STATIONARY,STATIONARY,STATIONARY,STATIONARY,STATIONARY,STATIONARY
62606,1856,3,HEAD,0.12432211,0.00299724,0.02410870,0.01391148,0.01911011,0.01654493,0.00929918,0.00937985,0.00919846,0.01834462,0.02325731,RELIABLE,RELIABLE,RELIABLE,RELIABLE,RELIABLE,RELIABLE,RELIABLE,RELIABLE,STATIONARY,STATIONARY,STATIONARY,STATIONARY,STATIONARY,STATIONARY,STATIONARY,STATIONARY,STATIONARY
62637,1857,3,HEAD,0.12484618,0.00315475,0.02526911,0.01554633,0.02080826,0.01883815,0.00937173,0.00930586,0.01054129,0.01959433,0.02513139,RELIABLE,RELIABLE,RELIABLE,RELIABLE,RELIABLE,RELIABLE,RELIABLE,RELIABLE,STATIONARY,STATIONARY,STATIONARY,STATIONARY,STATIONARY,STATIONARY,STATIONARY,STATIONARY,STATIONARY
62669,1858,3,HEAD,0.12471244,0.00321045,0.02574285,0.01786583,0.02472792,0.02241409,0.00968100,0.00877730,0.01030298,0.02101421,0.02705017,RELIABLE,RELIABLE,RELIABLE,RELIABLE,RELIABLE,RELIABLE,RELIABLE,RELIABLE,STATIONARY,STATIONARY,STATIONARY,STATIONARY,STATIONARY,STATIONARY,STATIONARY,STATIONARY,STATIONARY
62714,1859,3,HEAD,0.12489462,0.00344451,0.02757929,0.02051044,0.03048659,0.02760873,0.01029081,0.00954487,0.01117988,0.02238455,0.02739955,RELIABLE,RELIABLE,RELIABLE,RELIABLE,RELIABLE,RELIABLE,RELIABLE,RELIABLE,STATIONARY,STATIONARY,STATIONARY,STATIONARY,STATIONARY,STATIONARY,STATIONARY,STATIONARY,STATIONARY
62747,1860,3,HEAD,0.12514554,0.00277519,0.02217574,0.02162931,0.03320556,0.02892155,0.01118888,0.01072160,0.01114649,0.02132012,0.02777793,RELIABLE,RELIABLE,RELIABLE,RELIABLE,RELIABLE,RELIABLE,RELIABLE,RELIABLE,STATIONARY,STATIONARY,STATIONARY,STATIONARY,STATIONARY,STATIONARY,STATIONARY,STATIONARY,STATIONARY
62778,1861,3,HEAD,0.12537075,0.00138760,0.01106795,0.02101565,0.03479794,0.03014090,0.01169083,0.01018605,0.01095311,0.02174473,0.02791849,RELIABLE,RELIABLE,RELIABLE,RELIABLE,RELIABLE,RELIABLE,RELIABLE,RELIABLE,STATIONARY,STATIONARY,STATIONARY,STATIONARY,STATIONARY,STATIONARY,STATIONARY,STATIONARY,STATIONARY
62809,1862,3,HEAD,0.12568391,0.00361554,0.02876693,0.02286593,0.03782961,0.03241458,0.01253831,0.01040689,0.01156696,0.02047798,0.02672127,RELIABLE,RELIABLE,RELIABLE,RELIABLE,RELIABLE,RELIABLE,RELIABLE,RELIABLE,STATIONARY,STATIONARY,STATIONARY,STATIONARY,STATIONARY,STATIONARY,STATIONARY,STATIONARY,STATIONARY
62841,1863,3,HEAD,0.12612256,0.00172884,0.01370761,0.02230227,0.03758677,0.03178005,0.01371489,0.01046172,0.01174100,0.02026615,0.02564641,RELIABLE,RELIABLE,RELIABLE,RELIABLE,RELIABLE,RELIABLE,PARTIAL,RELIABLE,STATIONARY,STATIONARY,STATIONARY,STATIONARY,STATIONARY,STATIONARY,STATIONARY,STATIONARY,STATIONARY
62874,1864,3,HEAD,0.12627070,0.00189563,0.01501242,0.02116524,0.03611526,0.03078759,0.01460900,0.01159163,0.01161352,0.01972663,0.02418888,RELIABLE,RELIABLE,RELIABLE,RELIABLE,RELIABLE,RELIABLE,RELIABLE,RELIABLE,STATIONARY,STATIONARY,STATIONARY,STATIONARY,STATIONARY,STATIONARY,STATIONARY,STATIONARY,STATIONARY
62906,1865,3,HEAD,0.12600857,0.00133048,0.01055866,0.01932643,0.03362279,0.02927428,0.01445230,0.01164742,0.01052412,0.01817847,0.02389033,RELIABLE,RELIABLE,RELIABLE,RELIABLE,RELIABLE,RELIABLE,RELIABLE,RELIABLE,STATIONARY,STATIONARY,STATIONARY,STATIONARY,STATIONARY,STATIONARY,STATIONARY,STATIONARY,STATIONARY
62937,1866,3,HEAD,0.12580117,0.00054608,0.00434083,0.01665118,0.03001908,0.02596811,0.01371962,0.01207364,0.01124809,0.01890235,0.02191995,RELIABLE,RELIABLE,RELIABLE,RELIABLE,RELIABLE,RELIABLE,RELIABLE,RELIABLE,STATIONARY,STATIONARY,STATIONARY,STATIONARY,STATIONARY,STATIONARY,STATIONARY,STATIONARY,STATIONARY
62969,1867,3,HEAD,0.12612258,0.00100711,0.00798515,0.01420191,0.02451474,0.02098009,0.01350919,0.01177482,0.01125004,0.02040283,0.02497382,RELIABLE,RELIABLE,RELIABLE,RELIABLE,RELIABLE,RELIABLE,RELIABLE,RELIABLE,STATIONARY,STATIONARY,STATIONARY,STATIONARY,STATIONARY,STATIONARY,STATIONARY,STATIONARY,STATIONARY
63001,1868,3,HEAD,0.12641443,0.00063511,0.00502406,0.01205795,0.02015906,0.01742974,0.01223134,0.01035964,0.01114821,0.02058789,0.02510028,RELIABLE,RELIABLE,RELIABLE,RELIABLE,RELIABLE,RELIABLE,RELIABLE,RELIABLE,STATIONARY,STATIONARY,STATIONARY,STATIONARY,STATIONARY,STATIONARY,STATIONARY,STATIONARY,STATIONARY
63034,1869,3,HEAD,0.12660774,0.00098549,0.00778383,0.01164744,0.01894079,0.01738394,0.01181333,0.01061691,0.01083468,0.02061824,0.02365382,RELIABLE,RELIABLE,RELIABLE,RELIABLE,RELIABLE,RELIABLE,RELIABLE,RELIABLE,STATIONARY,STATIONARY,STATIONARY,STATIONARY,STATIONARY,STATIONARY,STATIONARY,STATIONARY,STATIONARY
63066,1870,3,HEAD,0.12634449,0.00113677,0.00899742,0.00917625,0.01336069,0.01404291,0.01042658,0.01052658,0.00988946,0.02069104,0.02247388,RELIABLE,RELIABLE,RELIABLE,RELIABLE,RELIABLE,RELIABLE,RELIABLE,RELIABLE,STATIONARY,STATIONARY,STATIONARY,STATIONARY,STATIONARY,STATIONARY,STATIONARY,STATIONARY,STATIONARY
63114,1871,3,HEAD,0.12647800,0.00126166,0.00997535,0.00870972,0.01148292,0.01262568,0.00935761,0.01107892,0.00991184,0.02113964,0.02090041,RELIABLE,RELIABLE,RELIABLE,RELIABLE,RELIABLE,RELIABLE,RELIABLE,RELIABLE,STATIONARY,STATIONARY,STATIONARY,STATIONARY,STATIONARY,STATIONARY,STATIONARY,STATIONARY,STATIONARY
63151,1872,3,HEAD,0.12613618,0.00187048,0.01482905,0.00868680,0.01122147,0.01335256,0.00843599,0.01030911,0.00994505,0.02257680,0.02089640,RELIABLE,RELIABLE,RELIABLE,RELIABLE,RELIABLE,RELIABLE,RELIABLE,RELIABLE,STATIONARY,STATIONARY,STATIONARY,STATIONARY,STATIONARY,STATIONARY,STATIONARY,STATIONARY,STATIONARY
63183,1873,3,HEAD,0.12576818,0.00093524,0.00743622,0.00829649,0.01086545,0.01222573,0.00735273,0.00921721,0.00953144,0.02159137,0.01869322,RELIABLE,RELIABLE,RELIABLE,RELIABLE,RELIABLE,RELIABLE,RELIABLE,RELIABLE,STATIONARY,STATIONARY,STATIONARY,STATIONARY,STATIONARY,STATIONARY,STATIONARY,STATIONARY,STATIONARY
63215,1874,3,HEAD,0.12557370,0.00279370,0.02224752,0.01053483,0.01384161,0.01523890,0.00710351,0.00940001,0.01028331,0.02136137,0.02041337,RELIABLE,RELIABLE,RELIABLE,RELIABLE,RELIABLE,RELIABLE,RELIABLE,RELIABLE,STATIONARY,STATIONARY,STATIONARY,STATIONARY,STATIONARY,STATIONARY,STATIONARY,STATIONARY,STATIONARY
63247,1875,3,HEAD,0.12561679,0.00182341,0.01451563,0.01135113,0.01478530,0.01742181,0.00751336,0.00957966,0.00967057,0.01720155,0.01647589,RELIABLE,RELIABLE,RELIABLE,RELIABLE,RELIABLE,RELIABLE,RELIABLE,RELIABLE,STATIONARY,STATIONARY,STATIONARY,STATIONARY,STATIONARY,STATIONARY,STATIONARY,STATIONARY,STATIONARY
63279,1876,3,HEAD,0.12561982,0.00259936,0.02069226,0.01330966,0.01719230,0.02119509,0.00774760,0.01055093,0.00899332,0.01576691,0.01496722,RELIABLE,RELIABLE,RELIABLE,RELIABLE,RELIABLE,RELIABLE,RELIABLE,RELIABLE,STATIONARY,STATIONARY,STATIONARY,STATIONARY,STATIONARY,STATIONARY,STATIONARY,STATIONARY,STATIONARY
63311,1877,3,HEAD,0.12473827,0.00203272,0.01629586,0.01437366,0.01984276,0.02303547,0.00873086,0.01168500,0.01050282,0.01793115,0.01823226,RELIABLE,RELIABLE,RELIABLE,RELIABLE,RELIABLE,RELIABLE,RELIABLE,RELIABLE,STATIONARY,STATIONARY,STATIONARY,STATIONARY,STATIONARY,STATIONARY,STATIONARY,STATIONARY,STATIONARY
63342,1878,3,HEAD,0.12381902,0.00275302,0.02223420,0.01602826,0.02541973,0.02779477,0.00904861,0.01312292,0.01113910,0.01742273,0.01732449,RELIABLE,RELIABLE,RELIABLE,RELIABLE,RELIABLE,RELIABLE,RELIABLE,RELIABLE,STATIONARY,STATIONARY,STATIONARY,STATIONARY,STATIONARY,STATIONARY,STATIONARY,STATIONARY,STATIONARY
63373,1879,3,HEAD,0.12352314,0.00227934,0.01845273,0.01708793,0.02556208,0.02926037,0.00839400,0.01273440,0.01080181,0.01940196,0.01728976,RELIABLE,RELIABLE,RELIABLE,RELIABLE,RELIABLE,RELIABLE,RELIABLE,RELIABLE,STATIONARY,STATIONARY,STATIONARY,STATIONARY,STATIONARY,STATIONARY,STATIONARY,STATIONARY,STATIONARY
63405,1880,3,HEAD,0.12350635,0.00215820,0.01747444,0.01741861,0.02632953,0.02950999,0.00906956,0.01274375,0.01030471,0.01732400,0.01793440,RELIABLE,RELIABLE,RELIABLE,RELIABLE,RELIABLE,RELIABLE,PARTIAL,RELIABLE,STATIONARY,STATIONARY,STATIONARY,STATIONARY,STATIONARY,STATIONARY,STATIONARY,STATIONARY,STATIONARY
63437,1881,3,HEAD,0.12314640,0.00248922,0.02021350,0.01901577,0.02894778,0.03237283,0.00967746,0.01351795,0.01046896,0.01700128,0.01874667,RELIABLE,RELIABLE,RELIABLE,RELIABLE,RELIABLE,RELIABLE,PARTIAL,RELIABLE,STATIONARY,STATIONARY,STATIONARY,STATIONARY,STATIONARY,STATIONARY,STATIONARY,STATIONARY,STATIONARY
63481,1882,3,HEAD,0.12298402,0.00085005,0.00691190,0.01709882,0.02549570,0.02972499,0.01025370,0.01429260,0.00925492,0.01432543,0.01631996,RELIABLE,RELIABLE,RELIABLE,RELIABLE,RELIABLE,RELIABLE,PARTIAL,RELIABLE,STATIONARY,STATIONARY,STATIONARY,STATIONARY,STATIONARY,STATIONARY,STATIONARY,STATIONARY,STATIONARY
63515,1883,3,HEAD,0.12343057,0.00101929,0.00825799,0.01631661,0.02456131,0.02765417,0.00976200,0.01481740,0.00897632,0.01382641,0.01754782,RELIABLE,RELIABLE,RELIABLE,RELIABLE,RELIABLE,RELIABLE,RELIABLE,RELIABLE,STATIONARY,STATIONARY,STATIONARY,STATIONARY,STATIONARY,STATIONARY,STATIONARY,STATIONARY,STATIONARY
63546,1884,3,HEAD,0.12392414,0.00050964,0.00411255,0.01424415,0.02198750,0.02389630,0.00930317,0.01439527,0.00829708,0.01354125,0.01613467,RELIABLE,RELIABLE,RELIABLE,RELIABLE,RELIABLE,RELIABLE,RELIABLE,RELIABLE,STATIONARY,STATIONARY,STATIONARY,STATIONARY,STATIONARY,STATIONARY,STATIONARY,STATIONARY,STATIONARY
63577,1885,3,HEAD,0.12354032,0.00095600,0.00773839,0.01317446,0.01933333,0.02188511,0.00915498,0.01450007,0.00757016,0.01296408,0.01516567,RELIABLE,RELIABLE,RELIABLE,RELIABLE,RELIABLE,RELIABLE,RELIABLE,RELIABLE,STATIONARY,STATIONARY,STATIONARY,STATIONARY,STATIONARY,STATIONARY,STATIONARY,STATIONARY,STATIONARY
63610,1886,3,HEAD,0.12352462,0.00348174,0.02818658,0.01391851,0.01977542,0.02173577,0.01000030,0.01293485,0.00790634,0.01684860,0.02017366,RELIABLE,RELIABLE,RELIABLE,RELIABLE,RELIABLE,RELIABLE,RELIABLE,RELIABLE,STATIONARY,STATIONARY,STATIONARY,STATIONARY,STATIONARY,STATIONARY,STATIONARY,STATIONARY,STATIONARY
63642,1887,3,HEAD,0.12371542,0.00312124,0.02522920,0.01476557,0.02449162,0.02479708,0.01026276,0.01235843,0.00823427,0.01582781,0.02159210,RELIABLE,RELIABLE,RELIABLE,RELIABLE,RELIABLE,RELIABLE,RELIABLE,RELIABLE,STATIONARY,STATIONARY,STATIONARY,STATIONARY,STATIONARY,STATIONARY,STATIONARY,STATIONARY,STATIONARY
63674,1888,3,HEAD,0.12399564,0.00374825,0.03022886,0.01635987,0.02725956,0.02817562,0.00925591,0.01305219,0.00829954,0.01810600,0.02350254,RELIABLE,RELIABLE,RELIABLE,RELIABLE,RELIABLE,RELIABLE,RELIABLE,RELIABLE,STATIONARY,STATIONARY,STATIONARY,STATIONARY,STATIONARY,STATIONARY,STATIONARY,STATIONARY,STATIONARY
63705,1889,3,HEAD,0.12439758,0.00387583,0.03115679,0.01772778,0.03044260,0.03115032,0.00896411,0.01384490,0.00951887,0.02013701,0.02544463,RELIABLE,RELIABLE,RELIABLE,RELIABLE,RELIABLE,RELIABLE,RELIABLE,RELIABLE,STATIONARY,STATIONARY,STATIONARY,STATIONARY,STATIONARY,STATIONARY,STATIONARY,STATIONARY,STATIONARY
63737,1890,3,HEAD,0.12492481,0.00484111,0.03875215,0.02170781,0.03929599,0.03867884,0.00821817,0.01471399,0.00938997,0.02093087,0.02776323,RELIABLE,RELIABLE,RELIABLE,RELIABLE,RELIABLE,RELIABLE,RELIABLE,RELIABLE,STATIONARY,STATIONARY,STATIONARY,STATIONARY,STATIONARY,STATIONARY,STATIONARY,STATIONARY,STATIONARY
63769,1891,3,HEAD,0.12571244,0.00441293,0.03510341,0.02506349,0.04714034,0.04685065,0.00778679,0.01364591,0.00987231,0.02102032,0.02683072,RELIABLE,RELIABLE,RELIABLE,RELIABLE,RELIABLE,RELIABLE,RELIABLE,RELIABLE,STATIONARY,STATIONARY,STATIONARY,STATIONARY,STATIONARY,STATIONARY,STATIONARY,STATIONARY,STATIONARY
63802,1892,3,HEAD,0.12577504,0.00340573,0.02707796,0.02793417,0.05214602,0.05234908,0.00892747,0.01405279,0.01100480,0.02162245,0.02633370,RELIABLE,RELIABLE,RELIABLE,RELIABLE,RELIABLE,RELIABLE,RELIABLE,RELIABLE,STATIONARY,STATIONARY,STATIONARY,STATIONARY,STATIONARY,STATIONARY,STATIONARY,STATIONARY,STATIONARY
63833,1893,3,HEAD,0.12592549,0.00217848,0.01729976,0.02912934,0.05328826,0.05315697,0.00838005,0.01267385,0.01110327,0.02151864,0.02628404,RELIABLE,RELIABLE,RELIABLE,RELIABLE,RELIABLE,RELIABLE,RELIABLE,RELIABLE,STATIONARY,STATIONARY,STATIONARY,STATIONARY,STATIONARY,STATIONARY,STATIONARY,STATIONARY,STATIONARY
63881,1894,3,HEAD,0.12578470,0.00229171,0.01821930,0.02788343,0.04730953,0.04845374,0.00820896,0.01271148,0.01239529,0.02429650,0.02771004,RELIABLE,RELIABLE,RELIABLE,RELIABLE,RELIABLE,RELIABLE,RELIABLE,RELIABLE,STATIONARY,STATIONARY,STATIONARY,STATIONARY,STATIONARY,STATIONARY,STATIONARY,STATIONARY,STATIONARY
63914,1895,3,HEAD,0.12520119,0.00198307,0.01583905,0.02670966,0.04313800,0.04468526,0.00822529,0.01340962,0.01242276,0.02391299,0.02965940,RELIABLE,RELIABLE,RELIABLE,RELIABLE,RELIABLE,RELIABLE,PARTIAL,RELIABLE,STATIONARY,STATIONARY,STATIONARY,STATIONARY,STATIONARY,STATIONARY,STATIONARY,STATIONARY,STATIONARY
63954,1896,3,HEAD,0.12465733,0.00099153,0.00795408,0.02392531,0.03775165,0.03889895,0.00793265,0.01227127,0.01189927,0.02205013,0.02850000,RELIABLE,RELIABLE,RELIABLE,RELIABLE,RELIABLE,RELIABLE,PARTIAL,RELIABLE,STATIONARY,STATIONARY,STATIONARY,STATIONARY,STATIONARY,STATIONARY,STATIONARY,STATIONARY,STATIONARY
63985,1897,3,HEAD,0.12340327,0.00483559,0.03918523,0.02492887,0.03838873,0.04027567,0.00833595,0.01193236,0.01421329,,0.03615424,RELIABLE,RELIABLE,RELIABLE,RELIABLE,RELIABLE,RELIABLE,UNRELIABLE,PARTIAL,STATIONARY,STATIONARY,STATIONARY,STATIONARY,STATIONARY,STATIONARY,UNCERTAIN,STATIONARY,STATIONARY
64016,1898,3,HEAD,0.09598549,0.01012241,0.10545772,0.03326706,0.04207731,0.04443888,0.06943903,0.03680238,0.04139871,,,RELIABLE,RELIABLE,RELIABLE,RELIABLE,RELIABLE,RELIABLE,PARTIAL,UNRELIABLE,STATIONARY,STATIONARY,STATIONARY,STATIONARY,STATIONARY,STATIONARY,UNCERTAIN,UNCERTAIN,STATIONARY
64048,1899,3,HEAD,0.16147293,0.01112599,0.06890311,0.03749202,0.04097605,0.04334345,0.12003299,0.09712312,0.06597066,0.12049066,,RELIABLE,RELIABLE,RELIABLE,RELIABLE,RELIABLE,RELIABLE,RELIABLE,RELIABLE,STATIONARY,STATIONARY,STATIONARY,STATIONARY,STATIONARY,STATIONARY,STATIONARY,UNCERTAIN,STATIONARY
64078,1900,3,HEAD,0.11687528,0.00787409,0.06737171,0.04252874,0.04396832,0.04692590,0.15425475,0.13883982,0.08252109,0.10711963,0.07181145,RELIABLE,RELIABLE,RELIABLE,RELIABLE,RELIABLE,RELIABLE,RELIABLE,RELIABLE,STATIONARY,STATIONARY,STATIONARY,MOVING,STATIONARY,MOVING,STATIONARY,STATIONARY,MOVING
64109,1901,3,HEAD,0.10630320,0.00183094,0.01722371,0.04251924,0.04487482,0.04791222,0.17289416,0.16086418,0.09006128,0.08832303,0.04376863,RELIABLE,RELIABLE,RELIABLE,RELIABLE,RELIABLE,RELIABLE,RELIABLE,RELIABLE,MOVING,STATIONARY,STATIONARY,MOVING,MOVING,MOVING,MOVING,STATIONARY,MOVING
64140,1902,3,HEAD,0.10661682,0.00157416,0.01476466,0.04208741,0.04549780,0.04803511,0.18039649,0.17084871,0.09122167,0.07559748,0.04842884,RELIABLE,RELIABLE,RELIABLE,RELIABLE,RELIABLE,RELIABLE,RELIABLE,RELIABLE,MOVING,STATIONARY,STATIONARY,MOVING,MOVING,MOVING,MOVING,MOVING,MOVING
64171,1903,3,HEAD,0.10958851,0.00432754,0.03948901,0.04504365,0.04970084,0.04896871,0.18502005,0.17479964,0.09465397,0.06635735,0.05551025,RELIABLE,RELIABLE,RELIABLE,RELIABLE,RELIABLE,RELIABLE,RELIABLE,RELIABLE,MOVING,STATIONARY,STATIONARY,MOVING,MOVING,MOVING,MOVING,MOVING,MOVING
64203,1904,3,HEAD,0.11269539,0.00270524,0.02400485,0.04705000,0.05197365,0.05051229,0.18793310,0.17706295,0.09632374,0.05937492,0.04930829,RELIABLE,RELIABLE,RELIABLE,RELIABLE,RELIABLE,RELIABLE,RELIABLE,RELIABLE,MOVING,STATIONARY,STATIONARY,MOVING,MOVING,MOVING,MOVING,MOVING,MOVING
64250,1905,3,HEAD,0.11483072,0.00145914,0.01270687,0.04374020,0.04574819,0.04305887,0.18914130,0.17713929,0.09338356,0.05843632,0.04704176,RELIABLE,RELIABLE,RELIABLE,RELIABLE,RELIABLE,RELIABLE,RELIABLE,RELIABLE,MOVING,STATIONARY,STATIONARY,MOVING,MOVING,MOVING,MOVING,MOVING,MOVING
64281,1906,3,HEAD,0.11591470,0.00156389,0.01349177,0.03224446,0.03371594,0.03066150,0.12893677,0.15076632,0.06709254,0.05480273,0.04728885,RELIABLE,RELIABLE,RELIABLE,RELIABLE,RELIABLE,RELIABLE,RELIABLE,RELIABLE,MOVING,STATIONARY,STATIONARY,MOVING,MOVING,MOVING,MOVING,MOVING,MOVING
64312,1907,3,HEAD,0.11646700,0.00078195,0.00671390,0.02447081,0.02642458,0.02319528,0.07849308,0.08994197,0.04205149,0.04156816,0.04441150,RELIABLE,RELIABLE,RELIABLE,RELIABLE,RELIABLE,RELIABLE,RELIABLE,RELIABLE,MOVING,STATIONARY,STATIONARY,MOVING,MOVING,MOVING,MOVING,MOVING,MOVING
64344,1908,3,HEAD,0.11679477,0.00256403,0.02195329,0.01879351,0.02241679,0.01909267,0.04484016,0.04770727,0.02632284,0.04563850,0.03895154,RELIABLE,RELIABLE,RELIABLE,RELIABLE,RELIABLE,RELIABLE,RELIABLE,RELIABLE,MOVING,STATIONARY,STATIONARY,MOVING,MOVING,MOVING,MOVING,MOVING,MOVING
64376,1909,3,HEAD,0.11719627,0.00240682,0.02053664,0.01920762,0.02080046,0.01853590,0.02705087,0.02620296,0.01949812,0.05384466,0.04648809,RELIABLE,RELIABLE,RELIABLE,RELIABLE,RELIABLE,RELIABLE,RELIABLE,RELIABLE,MOVING,STATIONARY,STATIONARY,MOVING,MOVING,MOVING,MOVING,MOVING,MOVING
64409,1910,3,HEAD,0.11760329,0.00271662,0.02309988,0.02024953,0.02553375,0.02071731,0.01907663,0.01681544,0.01679903,0.05360030,0.04614317,RELIABLE,RELIABLE,RELIABLE,RELIABLE,RELIABLE,RELIABLE,RELIABLE,RELIABLE,MOVING,STATIONARY,STATIONARY,MOVING,MOVING,MOVING,MOVING,MOVING,MOVING
64441,1911,3,HEAD,0.11796758,0.00332018,0.02814487,0.01883151,0.02522001,0.02012832,0.01556681,0.01301366,0.01426609,0.05440174,0.04068817,RELIABLE,RELIABLE,RELIABLE,RELIABLE,RELIABLE,RELIABLE,RELIABLE,RELIABLE,MOVING,STATIONARY,STATIONARY,MOVING,MOVING,MOVING,MOVING,MOVING,MOVING
64473,1912,3,HEAD,0.11841771,0.00414842,0.03503213,0.02020992,0.03027246,0.02382121,0.01498635,0.01125523,0.01443819,0.06396860,0.04093519,RELIABLE,RELIABLE,RELIABLE,RELIABLE,RELIABLE,RELIABLE,RELIABLE,RELIABLE,MOVING,STATIONARY,STATIONARY,MOVING,MOVING,MOVING,MOVING,MOVING,MOVING
64506,1913,3,HEAD,0.11923294,0.00329913,0.02766964,0.02208027,0.03480354,0.02816088,0.01586115,0.01180149,0.01480038,0.06497982,0.03825376,RELIABLE,RELIABLE,RELIABLE,RELIABLE,RELIABLE,RELIABLE,RELIABLE,RELIABLE,STATIONARY,STATIONARY,STATIONARY,MOVING,MOVING,MOVING,MOVING,MOVING,MOVING
64546,1914,3,HEAD,0.11986291,0.00186196,0.01553409,0.02233555,0.03860674,0.03280615,0.01673584,0.01361251,0.01435705,0.06872096,0.03339966,RELIABLE,RELIABLE,RELIABLE,RELIABLE,RELIABLE,RELIABLE,RELIABLE,RELIABLE,STATIONARY,STATIONARY,STATIONARY,MOVING,MOVING,MOVING,MOVING,MOVING,MOVING
64578,1915,3,HEAD,0.12017794,0.00222090,0.01848012,0.02380633,0.04297786,0.03773319,0.01733021,0.01518725,0.01506236,0.07156142,0.03478649,RELIABLE,RELIABLE,RELIABLE,RELIABLE,RELIABLE,RELIABLE,RELIABLE,RELIABLE,STATIONARY,STATIONARY,STATIONARY,STATIONARY,MOVING,STATIONARY,MOVING,MOVING,MOVING
64609,1916,3,HEAD,0.12005984,0.00548199,0.04566047,0.02676973,0.04294933,0.04141073,0.01851661,0.01673572,0.01605979,0.05860139,0.03433754,RELIABLE,RELIABLE,RELIABLE,RELIABLE,RELIABLE,RELIABLE,RELIABLE,RELIABLE,STATIONARY,STATIONARY,STATIONARY,STATIONARY,STATIONARY,STATIONARY,MOVING,MOVING,MOVING
64650,1917,3,HEAD,0.12012980,0.00311024,0.02589066,0.02743898,0.04456880,0.04377548,0.02125652,0.01671566,0.01663102,0.04685586,0.02710909,RELIABLE,RELIABLE,RELIABLE,RELIABLE,RELIABLE,RELIABLE,RELIABLE,RELIABLE,STATIONARY,STATIONARY,STATIONARY,STATIONARY,STATIONARY,STATIONARY,MOVING,MOVING,MOVING
64688,1918,3,HEAD,0.17215695,0.00876507,0.05091324,0.03091565,0.04298082,0.04667848,0.08443274,0.08057854,0.04331498,,0.03238828,RELIABLE,RELIABLE,RELIABLE,RELIABLE,RELIABLE,RELIABLE,UNRELIABLE,RELIABLE,STATIONARY,STATIONARY,STATIONARY,STATIONARY,STATIONARY,STATIONARY,UNCERTAIN,MOVING,MOVING
64721,1919,3,HEAD,0.11388042,0.00438253,0.03848365,0.03220800,0.04016079,0.04888722,0.13126304,0.12849473,0.06256650,,0.03743498,RELIABLE,RELIABLE,RELIABLE,RELIABLE,RELIABLE,RELIABLE,UNRELIABLE,RELIABLE,STATIONARY,STATIONARY,STATIONARY,STATIONARY,STATIONARY,STATIONARY,UNCERTAIN,MOVING,MOVING
64752,1920,3,HEAD,0.10165951,0.00524999,0.05164291,0.03428435,0.03921938,0.04765309,0.16014093,0.15408396,0.07914106,,0.06364844,RELIABLE,RELIABLE,RELIABLE,RELIABLE,RELIABLE,RELIABLE,RELIABLE,RELIABLE,STATIONARY,STATIONARY,STATIONARY,MOVING,MOVING,MOVING,UNCERTAIN,MOVING,MOVING
64784,1921,3,HEAD,0.10466145,0.00293812,0.02807264,0.03433472,0.03806961,0.04607289,0.17214939,0.16547600,0.08621775,0.10648704,0.07115660,RELIABLE,RELIABLE,RELIABLE,RELIABLE,RELIABLE,RELIABLE,RELIABLE,RELIABLE,STATIONARY,STATIONARY,STATIONARY,MOVING,MOVING,MOVING,STATIONARY,MOVING,MOVING
64816,1922,3,HEAD,0.11189440,0.00374796,0.03349555,0.03657990,0.03706439,0.04687484,0.17909428,0.17155957,0.09126176,0.09337613,0.07900198,RELIABLE,RELIABLE,RELIABLE,RELIABLE,RELIABLE,RELIABLE,PARTIAL,RELIABLE,STATIONARY,STATIONARY,STATIONARY,MOVING,MOVING,MOVING,STATIONARY,MOVING,MOVING
64848,1923,3,HEAD,0.11876383,0.00611709,0.05150631,0.04070818,0.03925758,0.04995199,0.18288106,0.17438641,0.09453097,0.08711244,0.08180314,RELIABLE,RELIABLE,RELIABLE,RELIABLE,RELIABLE,RELIABLE,RELIABLE,RELIABLE,STATIONARY,STATIONARY,STATIONARY,MOVING,MOVING,MOVING,MOVING,MOVING,MOVING
64880,1924,3,HEAD,0.12378536,0.00176330,0.01424483,0.03678122,0.03730903,0.04312335,0.18361530,0.17353235,0.09328618,0.07197569,0.08047378,RELIABLE,RELIABLE,RELIABLE,RELIABLE,RELIABLE,RELIABLE,PARTIAL,RELIABLE,MOVING,STATIONARY,STATIONARY,MOVING,MOVING,MOVING,MOVING,MOVING,MOVING
64911,1925,3,HEAD,0.12773067,0.00330283,0.02585780,0.03677712,0.03820725,0.04265050,0.18212858,0.17378040,0.09240971,,0.08008363,RELIABLE,RELIABLE,RELIABLE,RELIABLE,RELIABLE,RELIABLE,UNRELIABLE,PARTIAL,MOVING,STATIONARY,STATIONARY,MOVING,MOVING,MOVING,UNCERTAIN,MOVING,MOVING
64942,1926,3,HEAD,0.12998525,0.00669363,0.05149528,0.03684987,0.04053814,0.04091621,0.12027830,0.11011046,0.06732080,,0.07600817,RELIABLE,RELIABLE,RELIABLE,RELIABLE,RELIABLE,RELIABLE,UNRELIABLE,PARTIAL,MOVING,STATIONARY,STATIONARY,MOVING,MOVING,MOVING,UNCERTAIN,MOVING,MOVING
64974,1927,3,HEAD,0.13180876,0.00386499,0.02932267,0.03570475,0.04063803,0.03830490,0.07322147,0.06185467,0.04808449,,0.07064939,RELIABLE,RELIABLE,RELIABLE,RELIABLE,RELIABLE,RELIABLE,UNRELIABLE,PARTIAL,MOVING,STATIONARY,STATIONARY,MOVING,MOVING,MOVING,UNCERTAIN,MOVING,MOVING
65005,1928,3,HEAD,0.13330357,0.00303958,0.02280193,0.03209963,0.03614872,0.03446944,0.04328160,0.03713360,0.03086056,,0.04413839,RELIABLE,RELIABLE,RELIABLE,RELIABLE,RELIABLE,RELIABLE,RELIABLE,RELIABLE,MOVING,STATIONARY,STATIONARY,MOVING,MOVING,MOVING,UNCERTAIN,MOVING,MOVING
65049,1929,3,HEAD,0.13372934,0.00129373,0.00967424,0.02979983,0.03204145,0.03168322,0.02870286,0.02427786,0.02407452,0.04381523,0.03954459,RELIABLE,RELIABLE,RELIABLE,RELIABLE,RELIABLE,RELIABLE,PARTIAL,PARTIAL,MOVING,STATIONARY,STATIONARY,MOVING,MOVING,MOVING,STATIONARY,MOVING,MOVING
65083,1930,3,HEAD,0.13378148,0.00064687,0.00483524,0.02621729,0.02863626,0.02626378,0.01969821,0.01517924,0.01888029,0.03285716,0.03280424,RELIABLE,RELIABLE,RELIABLE,RELIABLE,RELIABLE,RELIABLE,PARTIAL,PARTIAL,MOVING,STATIONARY,STATIONARY,MOVING,MOVING,MOVING,STATIONARY,MOVING,MOVING
65114,1931,3,HEAD,0.13410633,0.00242603,0.01809033,0.02204029,0.02458915,0.01982778,0.01624626,0.01198078,0.01560506,0.02824727,0.03074767,RELIABLE,RELIABLE,RELIABLE,RELIABLE,RELIABLE,RELIABLE,RELIABLE,RELIABLE,MOVING,STATIONARY,STATIONARY,MOVING,MOVING,MOVING,STATIONARY,MOVING,MOVING
65146,1932,3,HEAD,0.13408939,0.00286129,0.02133867,0.02292702,0.02392052,0.01992877,0.01340594,0.01233334,0.01483591,0.02403115,0.03459048,RELIABLE,RELIABLE,RELIABLE,RELIABLE,RELIABLE,RELIABLE,RELIABLE,RELIABLE,MOVING,STATIONARY,STATIONARY,MOVING,MOVING,MOVING,STATIONARY,MOVING,MOVING
65176,1933,3,HEAD,0.13453852,0.00365737,0.02718453,0.02309286,0.02518029,0.01918420,0.01444080,0.01164344,0.01619771,0.03113446,0.03910070,RELIABLE,RELIABLE,RELIABLE,RELIABLE,RELIABLE,RELIABLE,RELIABLE,RELIABLE,MOVING,STATIONARY,STATIONARY,MOVING,MOVING,MOVING,STATIONARY,MOVING,MOVING
65209,1934,3,HEAD,0.13422010,0.00296209,0.02206892,0.01941456,0.02533972,0.02068261,0.01422729,0.01190903,0.01593924,0.03043398,0.03436354,RELIABLE,RELIABLE,RELIABLE,RELIABLE,RELIABLE,RELIABLE,RELIABLE,RELIABLE,MOVING,STATIONARY,STATIONARY,MOVING,MOVING,MOVING,STATIONARY,MOVING,MOVING
65242,1935,3,HEAD,0.13348138,0.00298882,0.02239130,0.01854814,0.02702800,0.02324181,0.01545188,0.01434445,0.01765416,0.03128518,0.03669823,RELIABLE,RELIABLE,RELIABLE,RELIABLE,RELIABLE,RELIABLE,PARTIAL,PARTIAL,STATIONARY,STATIONARY,STATIONARY,STATIONARY,STATIONARY,STATIONARY,STATIONARY,MOVING,MOVING
65274,1936,3,HEAD,0.13251619,0.00290077,0.02188996,0.01843415,0.02951565,0.02807809,0.01601617,0.01662924,0.01854469,0.02934230,0.03747705,RELIABLE,RELIABLE,RELIABLE,RELIABLE,RELIABLE,RELIABLE,PARTIAL,PARTIAL,STATIONARY,STATIONARY,STATIONARY,STATIONARY,STATIONARY,STATIONARY,STATIONARY,MOVING,MOVING
65305,1937,3,HEAD,0.13139596,0.00333932,0.02541420,0.02040164,0.03484332,0.03274825,0.01845353,0.01833732,0.01908567,,0.03763090,RELIABLE,RELIABLE,RELIABLE,RELIABLE,RELIABLE,RELIABLE,UNRELIABLE,PARTIAL,STATIONARY,STATIONARY,STATIONARY,STATIONARY,STATIONARY,STATIONARY,UNCERTAIN,MOVING,MOVING
65337,1938,3,HEAD,0.12980965,0.00455579,0.03509592,0.02418423,0.04033684,0.03773671,0.02190664,0.02245838,0.02088331,,0.03936200,RELIABLE,RELIABLE,RELIABLE,RELIABLE,RELIABLE,RELIABLE,RELIABLE,RELIABLE,STATIONARY,STATIONARY,STATIONARY,STATIONARY,STATIONARY,STATIONARY,UNCERTAIN,MOVING,MOVING
65369,1939,3,HEAD,0.12886331,0.00434860,0.03374585,0.02614117,0.04474736,0.04230719,0.02508702,0.02345849,0.02224037,0.01156497,0.03750338,RELIABLE,RELIABLE,RELIABLE,RELIABLE,RELIABLE,RELIABLE,PARTIAL,RELIABLE,STATIONARY,STATIONARY,STATIONARY,STATIONARY,STATIONARY,STATIONARY,STATIONARY,MOVING,MOVING
65418,1940,3,HEAD,0.12717023,0.00404514,0.03180888,0.02744995,0.04983697,0.04721821,0.02823459,0.02840590,0.02423476,0.01658615,0.03524670,RELIABLE,RELIABLE,RELIABLE,RELIABLE,RELIABLE,RELIABLE,RELIABLE,RELIABLE,STATIONARY,STATIONARY,STATIONARY,STATIONARY,STATIONARY,STATIONARY,STATIONARY,MOVING,MOVING
65450,1941,3,HEAD,0.12675518,0.00435094,0.03432555,0.02834257,0.05207822,0.05045257,0.02958226,0.02946361,0.02302261,0.01703270,0.03235982,RELIABLE,RELIABLE,RELIABLE,RELIABLE,RELIABLE,RELIABLE,RELIABLE,RELIABLE,STATIONARY,STATIONARY,STATIONARY,STATIONARY,STATIONARY,STATIONARY,STATIONARY,MOVING,MOVING
65491,1942,3,HEAD,0.12681785,0.00217547,0.01715429,0.02772824,0.04904533,0.04772509,0.02972853,0.02865008,0.02127979,0.01501414,0.03077215,RELIABLE,RELIABLE,RELIABLE,RELIABLE,RELIABLE,RELIABLE,RELIABLE,RELIABLE,STATIONARY,STATIONARY,STATIONARY,STATIONARY,STATIONARY,STATIONARY,STATIONARY,MOVING,MOVING
65521,1943,3,HEAD,0.12686705,0.00409432,0.03227250,0.02896340,0.04957857,0.04750635,0.03018548,0.02774612,0.02020805,0.02039236,0.02716751,RELIABLE,RELIABLE,RELIABLE,RELIABLE,RELIABLE,RELIABLE,RELIABLE,RELIABLE,STATIONARY,STATIONARY,STATIONARY,STATIONARY,STATIONARY,STATIONARY,STATIONARY,MOVING,MOVING
65553,1944,3,HEAD,0.12614340,0.00427032,0.03385294,0.03045877,0.05128617,0.04761895,0.03176847,0.02868617,0.02039804,0.01862829,0.02702611,RELIABLE,RELIABLE,RELIABLE,RELIABLE,RELIABLE,RELIABLE,PARTIAL,PARTIAL,STATIONARY,STATIONARY,STATIONARY,STATIONARY,STATIONARY,STATIONARY,STATIONARY,MOVING,MOVING
65585,1945,3,HEAD,0.12597091,0.00419602,0.03330947,0.03144568,0.05364290,0.05019312,0.03259722,0.02936135,0.02020951,0.01766532,0.02353728,RELIABLE,RELIABLE,RELIABLE,RELIABLE,RELIABLE,RELIABLE,PARTIAL,PARTIAL,STATIONARY,STATIONARY,STATIONARY,STATIONARY,STATIONARY,STATIONARY,STATIONARY,MOVING,MOVING
65616,1946,3,HEAD,0.12600331,0.00706742,0.05608919,0.03406983,0.06028254,0.05666501,0.03467455,0.02942556,0.02124605,0.01694299,0.02503420,RELIABLE,RELIABLE,RELIABLE,RELIABLE,RELIABLE,RELIABLE,RELIABLE,RELIABLE,STATIONARY,STATIONARY,STATIONARY,STATIONARY,STATIONARY,STATIONARY,STATIONARY,MOVING,MOVING
65646,1947,3,HEAD,0.12630216,0.00573558,0.04541160,0.03552805,0.06157957,0.05933416,0.03380663,0.03157473,0.02130402,0.01748443,0.02300737,RELIABLE,RELIABLE,RELIABLE,RELIABLE,RELIABLE,RELIABLE,PARTIAL,PARTIAL,STATIONARY,STATIONARY,STATIONARY,STATIONARY,STATIONARY,STATIONARY,STATIONARY,MOVING,MOVING
65677,1948,3,HEAD,0.12641232,0.00437332,0.03459571,0.03587641,0.06272408,0.05997820,0.03283095,0.02884847,0.01987668,0.01560445,0.02174698,RELIABLE,RELIABLE,RELIABLE,RELIABLE,RELIABLE,RELIABLE,PARTIAL,PARTIAL,STATIONARY,STATIONARY,STATIONARY,STATIONARY,STATIONARY,STATIONARY,STATIONARY,MOVING,MOVING
65707,1949,3,HEAD,0.12663423,0.00463951,0.03663707,0.03616535,0.06291740,0.06021710,0.03135056,0.02928970,0.02076508,0.01718726,0.02131992,RELIABLE,RELIABLE,RELIABLE,RELIABLE,RELIABLE,RELIABLE,PARTIAL,PARTIAL,STATIONARY,STATIONARY,STATIONARY,STATIONARY,STATIONARY,STATIONARY,STATIONARY,MOVING,MOVING
65738,1950,3,HEAD,0.12698282,0.00325110,0.02560266,0.03722139,0.06562334,0.06286354,0.03276288,0.03045497,0.02272064,0.02127540,0.02609022,RELIABLE,RELIABLE,RELIABLE,RELIABLE,RELIABLE,RELIABLE,PARTIAL,PARTIAL,MOVING,STATIONARY,STATIONARY,STATIONARY,STATIONARY,STATIONARY,STATIONARY,STATIONARY,MOVING
65770,1951,3,HEAD,0.12750827,0.00335717,0.02632904,0.03647846,0.06601025,0.06456045,0.03276572,0.03089208,0.02192386,0.01708335,0.02960886,RELIABLE,RELIABLE,RELIABLE,RELIABLE,RELIABLE,RELIABLE,PARTIAL,PARTIAL,MOVING,STATIONARY,STATIONARY,STATIONARY,STATIONARY,STATIONARY,STATIONARY,STATIONARY,MOVING
65818,1952,3,HEAD,0.12763628,0.00393979,0.03086734,0.03610526,0.06549932,0.06409146,0.03034766,0.02722468,0.02062307,0.02040515,0.02898356,RELIABLE,RELIABLE,RELIABLE,RELIABLE,RELIABLE,RELIABLE,PARTIAL,PARTIAL,MOVING,STATIONARY,STATIONARY,STATIONARY,STATIONARY,STATIONARY,STATIONARY,STATIONARY,MOVING
65850,1953,3,HEAD,0.12764666,0.00196990,0.01543242,0.03387063,0.06018727,0.05835216,0.02703575,0.02470046,0.01886652,0.02119293,0.02913394,RELIABLE,RELIABLE,RELIABLE,RELIABLE,RELIABLE,RELIABLE,PARTIAL,PARTIAL,MOVING,STATIONARY,STATIONARY,STATIONARY,STATIONARY,STATIONARY,STATIONARY,STATIONARY,MOVING
65882,1954,3,HEAD,0.12792779,0.00160836,0.01257240,0.02843103,0.05035197,0.04907371,0.02244913,0.02101770,0.01602574,0.02140381,0.02446594,RELIABLE,RELIABLE,RELIABLE,RELIABLE,RELIABLE,RELIABLE,PARTIAL,PARTIAL,MOVING,STATIONARY,STATIONARY,STATIONARY,STATIONARY,STATIONARY,STATIONARY,STATIONARY,MOVING
65914,1955,3,HEAD,0.12821466,0.00174574,0.01361573,0.02445655,0.04485308,0.04268444,0.02011320,0.01658731,0.01410437,0.02174749,0.02433478,RELIABLE,RELIABLE,RELIABLE,RELIABLE,RELIABLE,RELIABLE,PARTIAL,PARTIAL,MOVING,STATIONARY,STATIONARY,STATIONARY,STATIONARY,STATIONARY,STATIONARY,STATIONARY,MOVING
65945,1956,3,HEAD,0.12814965,0.00096585,0.00753689,0.02107419,0.03866582,0.03694396,0.01774047,0.01336863,0.01328932,0.02242775,0.02347434,RELIABLE,RELIABLE,RELIABLE,RELIABLE,RELIABLE,RELIABLE,PARTIAL,PARTIAL,MOVING,STATIONARY,STATIONARY,STATIONARY,STATIONARY,STATIONARY,STATIONARY,STATIONARY,MOVING
65977,1957,3,HEAD,0.12787595,0.00093809,0.00733593,0.01741155,0.03275650,0.03108912,0.01465961,0.01119056,0.01098088,0.01904161,0.02081584,RELIABLE,RELIABLE,RELIABLE,RELIABLE,RELIABLE,RELIABLE,PARTIAL,PARTIAL,MOVING,STATIONARY,STATIONARY,STATIONARY,STATIONARY,STATIONARY,STATIONARY,STATIONARY,MOVING
66009,1958,3,HEAD,0.12723654,0.00087121,0.00684720,0.01506712,0.02826784,0.02640735,0.01200113,0.01070280,0.01003287,0.01639640,0.01630181,RELIABLE,RELIABLE,RELIABLE,RELIABLE,RELIABLE,RELIABLE,PARTIAL,PARTIAL,MOVING,STATIONARY,STATIONARY,STATIONARY,STATIONARY,STATIONARY,STATIONARY,STATIONARY,MOVING
66041,1959,3,HEAD,0.12691340,0.00211066,0.01663069,0.01385483,0.02533399,0.02274525,0.01055029,0.00918220,0.00923859,0.01825970,0.01284373,RELIABLE,RELIABLE,RELIABLE,RELIABLE,RELIABLE,RELIABLE,PARTIAL,PARTIAL,MOVING,STATIONARY,STATIONARY,STATIONARY,STATIONARY,STATIONARY,STATIONARY,STATIONARY,MOVING
66074,1960,3,HEAD,0.12630364,0.00132333,0.01047735,0.01130608,0.02130975,0.01948678,0.01092198,0.00910038,0.00943727,0.01736470,0.01082522,RELIABLE,RELIABLE,RELIABLE,RELIABLE,RELIABLE,RELIABLE,PARTIAL,PARTIAL,STATIONARY,STATIONARY,STATIONARY,STATIONARY,STATIONARY,STATIONARY,STATIONARY,STATIONARY,STATIONARY
66105,1961,3,HEAD,0.12595838,0.00212331,0.01685722,0.01148418,0.02270045,0.02099933,0.01203114,0.01321356,0.01138152,0.01834575,0.01259069,RELIABLE,RELIABLE,RELIABLE,RELIABLE,RELIABLE,RELIABLE,PARTIAL,PARTIAL,STATIONARY,STATIONARY,STATIONARY,STATIONARY,STATIONARY,STATIONARY,STATIONARY,STATIONARY,STATIONARY
66137,1962,3,HEAD,0.12567492,0.00275846,0.02194918,0.01265628,0.02440049,0.02265435,0.01342284,0.01339045,0.01188336,0.02053632,0.01414109,RELIABLE,RELIABLE,RELIABLE,RELIABLE,RELIABLE,RELIABLE,PARTIAL,PARTIAL,STATIONARY,STATIONARY,STATIONARY,STATIONARY,STATIONARY,STATIONARY,STATIONARY,STATIONARY,STATIONARY
66185,1963,3,HEAD,0.12533244,0.00311999,0.02489375,0.01406603,0.02722950,0.02613140,0.01485253,0.01564453,0.01319406,0.02080938,0.01784953,RELIABLE,RELIABLE,RELIABLE,RELIABLE,RELIABLE,RELIABLE,RELIABLE,RELIABLE,STATIONARY,STATIONARY,STATIONARY,STATIONARY,STATIONARY,STATIONARY,STATIONARY,STATIONARY,STATIONARY
66218,1964,3,HEAD,0.12508129,0.00397165,0.03175258,0.01709299,0.03243657,0.03055682,0.01758972,0.01670172,0.01374786,0.02251901,0.02032987,RELIABLE,RELIABLE,RELIABLE,RELIABLE,RELIABLE,RELIABLE,RELIABLE,RELIABLE,STATIONARY,STATIONARY,STATIONARY,STATIONARY,STATIONARY,STATIONARY,STATIONARY,STATIONARY,STATIONARY
66245,1965,3,HEAD,0.12494279,0.00198583,0.01589389,0.01816273,0.03396990,0.03209396,0.01871133,0.01727331,0.01393573,0.02368881,0.02175235,RELIABLE,RELIABLE,RELIABLE,RELIABLE,RELIABLE,RELIABLE,RELIABLE,RELIABLE,STATIONARY,STATIONARY,STATIONARY,STATIONARY,STATIONARY,STATIONARY,STATIONARY,STATIONARY,STATIONARY
66276,1966,3,HEAD,0.12515595,0.00373735,0.02986153,0.02103952,0.03850170,0.03751337,0.01970123,0.01722064,0.01397235,0.02394205,0.02140192,RELIABLE,RELIABLE,RELIABLE,RELIABLE,RELIABLE,RELIABLE,RELIABLE,RELIABLE,STATIONARY,STATIONARY,STATIONARY,STATIONARY,STATIONARY,STATIONARY,STATIONARY,STATIONARY,STATIONARY
66308,1967,3,HEAD,0.12552434,0.00450600,0.03589745,0.02344787,0.04236758,0.04252987,0.02038961,0.01809343,0.01450765,0.02361955,0.02523754,RELIABLE,RELIABLE,RELIABLE,RELIABLE,RELIABLE,RELIABLE,RELIABLE,RELIABLE,STATIONARY,STATIONARY,STATIONARY,STATIONARY,STATIONARY,STATIONARY,STATIONARY,STATIONARY,STATIONARY
66339,1968,3,HEAD,0.12561528,0.00529883,0.04218297,0.02741107,0.04793103,0.04902902,0.02040040,0.01808322,0.01539481,0.02315952,0.03156792,RELIABLE,RELIABLE,RELIABLE,RELIABLE,RELIABLE,RELIABLE,RELIABLE,RELIABLE,STATIONARY,STATIONARY,STATIONARY,STATIONARY,STATIONARY,STATIONARY,STATIONARY,STATIONARY,STATIONARY
66370,1969,3,HEAD,0.12563269,0.00607540,0.04835846,0.03134873,0.05252803,0.05472447,0.02176493,0.01485823,0.01472043,0.02347745,0.03196266,RELIABLE,RELIABLE,RELIABLE,RELIABLE,RELIABLE,RELIABLE,RELIABLE,RELIABLE,STATIONARY,STATIONARY,STATIONARY,STATIONARY,STATIONARY,STATIONARY,STATIONARY,STATIONARY,STATIONARY
66410,1970,3,HEAD,0.12507993,0.00901839,0.07210099,0.03761770,0.06389918,0.06527055,0.02361473,0.02053527,0.01667686,0.02664599,0.03676364,RELIABLE,RELIABLE,RELIABLE,RELIABLE,RELIABLE,RELIABLE,RELIABLE,RELIABLE,STATIONARY,STATIONARY,STATIONARY,STATIONARY,STATIONARY,STATIONARY,STATIONARY,MOVING,MOVING
66450,1971,3,HEAD,0.12486208,0.00614247,0.04919400,0.04065523,0.06834897,0.06969569,0.02320780,0.02148919,0.01728684,0.02757794,0.03613676,RELIABLE,RELIABLE,RELIABLE,RELIABLE,RELIABLE,RELIABLE,PARTIAL,RELIABLE,STATIONARY,STATIONARY,STATIONARY,STATIONARY,STATIONARY,STATIONARY,STATIONARY,MOVING,MOVING
66481,1972,3,HEAD,0.12423040,0.00476895,0.03838793,0.04148465,0.07058538,0.07240918,0.02473952,0.02319428,0.01877570,0.02599012,0.03491409,RELIABLE,RELIABLE,RELIABLE,RELIABLE,RELIABLE,RELIABLE,RELIABLE,RELIABLE,MOVING,STATIONARY,STATIONARY,STATIONARY,STATIONARY,STATIONARY,STATIONARY,MOVING,MOVING
66513,1973,3,HEAD,0.12392469,0.00335266,0.02705400,0.04287967,0.07439187,0.07597672,0.02887654,0.02527182,0.02102920,0.02684510,0.03690117,RELIABLE,RELIABLE,RELIABLE,RELIABLE,RELIABLE,RELIABLE,RELIABLE,RELIABLE,MOVING,STATIONARY,STATIONARY,STATIONARY,STATIONARY,STATIONARY,STATIONARY,MOVING,MOVING
66545,1974,3,HEAD,0.12355532,0.00274579,0.02222320,0.04192488,0.07338955,0.07462541,0.03121049,0.02503956,0.02131541,0.02573861,0.03863201,RELIABLE,RELIABLE,RELIABLE,RELIABLE,RELIABLE,RELIABLE,RELIABLE,RELIABLE,MOVING,STATIONARY,STATIONARY,STATIONARY,STATIONARY,STATIONARY,STATIONARY,MOVING,MOVING
66586,1975,3,HEAD,0.12430844,0.00240932,0.01938178,0.03986042,0.07113932,0.07058374,0.03005073,0.02619067,0.02151090,0.02517824,0.03765538,RELIABLE,RELIABLE,RELIABLE,RELIABLE,RELIABLE,RELIABLE,RELIABLE,RELIABLE,MOVING,STATIONARY,STATIONARY,STATIONARY,STATIONARY,STATIONARY,STATIONARY,MOVING,MOVING
66622,1976,3,HEAD,0.12518152,0.00120466,0.00962330,0.03579046,0.06522951,0.06332388,0.02898583,0.02647742,0.01979289,0.02299167,0.03303866,RELIABLE,RELIABLE,RELIABLE,RELIABLE,RELIABLE,RELIABLE,RELIABLE,RELIABLE,MOVING,STATIONARY,STATIONARY,STATIONARY,STATIONARY,STATIONARY,STATIONARY,MOVING,MOVING
66653,1977,3,HEAD,0.12639028,0.00177092,0.01401151,0.03149709,0.05940689,0.05646517,0.02773217,0.02574057,0.01910902,0.02095694,0.03287649,RELIABLE,RELIABLE,RELIABLE,RELIABLE,RELIABLE,RELIABLE,PARTIAL,RELIABLE,MOVING,STATIONARY,STATIONARY,STATIONARY,STATIONARY,STATIONARY,STATIONARY,MOVING,MOVING
66684,1978,3,HEAD,0.12734591,0.00091876,0.00721469,0.02338630,0.04534440,0.04323090,0.02545768,0.02016671,0.01685781,0.01462301,0.02985852,RELIABLE,RELIABLE,RELIABLE,RELIABLE,RELIABLE,RELIABLE,RELIABLE,RELIABLE,MOVING,STATIONARY,STATIONARY,STATIONARY,STATIONARY,STATIONARY,STATIONARY,MOVING,MOVING
66716,1979,3,HEAD,0.12824208,0.00106236,0.00828401,0.01827255,0.03695663,0.03448503,0.02500405,0.01736404,0.01546863,0.01323241,0.02804637,RELIABLE,RELIABLE,RELIABLE,RELIABLE,RELIABLE,RELIABLE,PARTIAL,RELIABLE,MOVING,STATIONARY,STATIONARY,STATIONARY,STATIONARY,STATIONARY,STATIONARY,MOVING,MOVING
66747,1980,3,HEAD,0.12846666,0.00061957,0.00482279,0.01407691,0.02835688,0.02624199,0.02100349,0.01438107,0.01309567,0.01303652,0.02758104,RELIABLE,RELIABLE,RELIABLE,RELIABLE,RELIABLE,RELIABLE,PARTIAL,PARTIAL,MOVING,STATIONARY,STATIONARY,STATIONARY,STATIONARY,STATIONARY,STATIONARY,MOVING,MOVING
66779,1981,3,HEAD,0.12825237,0.00152940,0.01192494,0.01218578,0.02361516,0.02099100,0.01584870,0.01274938,0.01123912,0.01252412,0.02600236,RELIABLE,RELIABLE,RELIABLE,RELIABLE,RELIABLE,RELIABLE,RELIABLE,RELIABLE,MOVING,STATIONARY,STATIONARY,STATIONARY,STATIONARY,STATIONARY,STATIONARY,MOVING,MOVING
66811,1982,3,HEAD,0.12789896,0.00204266,0.01597090,0.01140424,0.02174884,0.01919979,0.01284280,0.01295454,0.01123827,0.01506291,0.02613748,RELIABLE,RELIABLE,RELIABLE,RELIABLE,RELIABLE,RELIABLE,RELIABLE,RELIABLE,MOVING,STATIONARY,STATIONARY,STATIONARY,STATIONARY,STATIONARY,STATIONARY,MOVING,MOVING
66842,1983,3,HEAD,0.12718326,0.00195890,0.01540215,0.01090679,0.02072352,0.01943085,0.01491843,0.01225195,0.01169980,0.01498621,0.02276403,RELIABLE,RELIABLE,RELIABLE,RELIABLE,RELIABLE,RELIABLE,RELIABLE,RELIABLE,MOVING,STATIONARY,STATIONARY,STATIONARY,STATIONARY,STATIONARY,STATIONARY,MOVING,MOVING
66874,1984,3,HEAD,0.12677732,0.00204168,0.01610446,0.01171693,0.02338075,0.02244378,0.01681831,0.01262162,0.01377014,,0.02662100,RELIABLE,RELIABLE,RELIABLE,RELIABLE,RELIABLE,RELIABLE,UNRELIABLE,PARTIAL,STATIONARY,STATIONARY,STATIONARY,STATIONARY,STATIONARY,STATIONARY,UNCERTAIN,MOVING,MOVING
66906,1985,3,HEAD,0.12618447,0.00289599,0.02295048,0.01283430,0.02592515,0.02537479,0.01850015,0.01417717,0.01483870,,0.02538243,RELIABLE,RELIABLE,RELIABLE,RELIABLE,RELIABLE,RELIABLE,PARTIAL,PARTIAL,STATIONARY,STATIONARY,STATIONARY,STATIONARY,STATIONARY,STATIONARY,UNCERTAIN,MOVING,MOVING
66953,1986,3,HEAD,0.12545653,0.00362347,0.02888224,0.01554275,0.03156350,0.02998607,0.01956065,0.01615918,0.01607703,0.01503655,0.02415702,RELIABLE,RELIABLE,RELIABLE,RELIABLE,RELIABLE,RELIABLE,RELIABLE,RELIABLE,STATIONARY,STATIONARY,STATIONARY,STATIONARY,STATIONARY,STATIONARY,STATIONARY,MOVING,MOVING
66986,1987,3,HEAD,0.12464701,0.00357234,0.02865962,0.01808970,0.03658134,0.03476895,0.02014719,0.01803191,0.01642949,0.02502885,0.02529922,RELIABLE,RELIABLE,RELIABLE,RELIABLE,RELIABLE,RELIABLE,RELIABLE,RELIABLE,STATIONARY,STATIONARY,STATIONARY,STATIONARY,STATIONARY,STATIONARY,STATIONARY,STATIONARY,STATIONARY
67015,1988,3,HEAD,0.12405510,0.00178617,0.01439818,0.01928662,0.03940884,0.03713175,0.02018889,0.01864049,0.01662132,0.02255061,0.02509201,RELIABLE,RELIABLE,RELIABLE,RELIABLE,RELIABLE,RELIABLE,RELIABLE,RELIABLE,STATIONARY,STATIONARY,STATIONARY,STATIONARY,STATIONARY,STATIONARY,STATIONARY,STATIONARY,STATIONARY
67046,1989,3,HEAD,0.12384639,0.00346419,0.02797167,0.02129246,0.04437361,0.04201669,0.02274444,0.01927047,0.01738854,0.02267307,0.02758413,RELIABLE,RELIABLE,RELIABLE,RELIABLE,RELIABLE,RELIABLE,RELIABLE,RELIABLE,STATIONARY,STATIONARY,STATIONARY,STATIONARY,STATIONARY,STATIONARY,STATIONARY,STATIONARY,STATIONARY
67079,1990,3,HEAD,0.12370050,0.00416305,0.03365431,0.02350289,0.04756068,0.04463443,0.02576395,0.01955520,0.01813347,0.02222872,0.02652719,RELIABLE,RELIABLE,RELIABLE,RELIABLE,RELIABLE,RELIABLE,RELIABLE,RELIABLE,STATIONARY,STATIONARY,STATIONARY,STATIONARY,STATIONARY,STATIONARY,STATIONARY,STATIONARY,STATIONARY
67110,1991,3,HEAD,0.12395054,0.00413397,0.03335181,0.02574660,0.04978754,0.04692995,0.02488812,0.02086955,0.01793214,0.02552320,0.02884700,RELIABLE,RELIABLE,RELIABLE,RELIABLE,RELIABLE,RELIABLE,RELIABLE,RELIABLE,STATIONARY,STATIONARY,STATIONARY,STATIONARY,STATIONARY,STATIONARY,STATIONARY,STATIONARY,STATIONARY
67142,1992,3,HEAD,0.12423735,0.00435159,0.03502645,0.02811185,0.05244274,0.04895709,0.02569400,0.02162676,0.01663553,0.02451078,0.02652706,RELIABLE,RELIABLE,RELIABLE,RELIABLE,RELIABLE,RELIABLE,RELIABLE,RELIABLE,STATIONARY,STATIONARY,STATIONARY,STATIONARY,STATIONARY,STATIONARY,STATIONARY,STATIONARY,STATIONARY
67175,1993,3,HEAD,0.12476901,0.00425299,0.03408695,0.02950390,0.05355355,0.04970765,0.02637566,0.02314577,0.01644381,0.02296304,0.02697106,RELIABLE,RELIABLE,RELIABLE,RELIABLE,RELIABLE,RELIABLE,PARTIAL,PARTIAL,STATIONARY,STATIONARY,STATIONARY,STATIONARY,STATIONARY,STATIONARY,STATIONARY,STATIONARY,STATIONARY
67210,1994,3,HEAD,0.12516521,0.00670374,0.05355910,0.03258851,0.05813539,0.05372860,0.02671196,0.02507882,0.01620784,0.02581668,0.02462760,RELIABLE,RELIABLE,RELIABLE,RELIABLE,RELIABLE,RELIABLE,RELIABLE,RELIABLE,STATIONARY,STATIONARY,STATIONARY,STATIONARY,STATIONARY,STATIONARY,STATIONARY,STATIONARY,STATIONARY
67242,1995,3,HEAD,0.12544268,0.00381280,0.03039475,0.03280540,0.05769037,0.05329848,0.02660468,0.02462451,0.01597316,0.02309517,0.02430923,RELIABLE,RELIABLE,RELIABLE,RELIABLE,RELIABLE,RELIABLE,RELIABLE,RELIABLE,STATIONARY,STATIONARY,STATIONARY,STATIONARY,STATIONARY,STATIONARY,STATIONARY,STATIONARY,STATIONARY
67273,1996,3,HEAD,0.12602423,0.00350759,0.02783264,0.03448471,0.05966992,0.05534779,0.02889786,0.02560364,0.01763919,0.02461011,0.02610511,RELIABLE,RELIABLE,RELIABLE,RELIABLE,RELIABLE,RELIABLE,PARTIAL,PARTIAL,STATIONARY,STATIONARY,STATIONARY,STATIONARY,STATIONARY,STATIONARY,STATIONARY,STATIONARY,STATIONARY
67306,1997,3,HEAD,0.12629700,0.00128160,0.01014754,0.03225669,0.05408903,0.05059841,0.02823643,0.02587216,0.01752376,0.02442378,0.02542609,RELIABLE,RELIABLE,RELIABLE,RELIABLE,RELIABLE,RELIABLE,PARTIAL,PARTIAL,STATIONARY,STATIONARY,STATIONARY,STATIONARY,STATIONARY,STATIONARY,STATIONARY,STATIONARY,STATIONARY
67354,1998,3,HEAD,0.12708742,0.00140217,0.01103310,0.02942904,0.04945318,0.04610513,0.02563087,0.02573869,0.01597866,0.02352322,0.02443216,RELIABLE,RELIABLE,RELIABLE,RELIABLE,RELIABLE,RELIABLE,PARTIAL,PARTIAL,STATIONARY,STATIONARY,STATIONARY,STATIONARY,STATIONARY,STATIONARY,STATIONARY,STATIONARY,STATIONARY
67386,1999,3,HEAD,0.12731995,0.00040709,0.00319741,0.02565974,0.04446896,0.04058921,0.02347227,0.02272138,0.01460621,0.01874743,0.02105654,RELIABLE,RELIABLE,RELIABLE,RELIABLE,RELIABLE,RELIABLE,PARTIAL,PARTIAL,STATIONARY,STATIONARY,STATIONARY,STATIONARY,STATIONARY,STATIONARY,STATIONARY,STATIONARY,STATIONARY
67414,2000,3,HEAD,0.12735630,0.00020355,0.00159825,0.02148122,0.03728155,0.03406745,0.02029237,0.02040414,0.01328254,0.01667966,0.01732383,RELIABLE,RELIABLE,RELIABLE,RELIABLE,RELIABLE,RELIABLE,PARTIAL,PARTIAL,STATIONARY,STATIONARY,STATIONARY,STATIONARY,STATIONARY,STATIONARY,STATIONARY,STATIONARY,STATIONARY
67445,2001,3,HEAD,0.12770775,0.00044175,0.00345906,0.01765273,0.03051764,0.02749973,0.01734377,0.01693822,0.01219686,0.01733484,0.01595239,RELIABLE,RELIABLE,RELIABLE,RELIABLE,RELIABLE,RELIABLE,PARTIAL,PARTIAL,STATIONARY,STATIONARY,STATIONARY,STATIONARY,STATIONARY,STATIONARY,STATIONARY,STATIONARY,STATIONARY
67476,2002,3,HEAD,0.12773384,0.00108136,0.00846569,0.01201605,0.01992361,0.01811148,0.01539291,0.01268624,0.01140046,0.01439262,0.01654718,RELIABLE,RELIABLE,RELIABLE,RELIABLE,RELIABLE,RELIABLE,PARTIAL,PARTIAL,STATIONARY,STATIONARY,STATIONARY,STATIONARY,STATIONARY,STATIONARY,STATIONARY,STATIONARY,STATIONARY
67508,2003,3,HEAD,0.12768609,0.00146797,0.01149668,0.00965379,0.01559688,0.01484971,0.01365951,0.01163103,0.01088088,0.01552810,0.01532191,RELIABLE,RELIABLE,RELIABLE,RELIABLE,RELIABLE,RELIABLE,PARTIAL,PARTIAL,STATIONARY,STATIONARY,STATIONARY,STATIONARY,STATIONARY,STATIONARY,STATIONARY,STATIONARY,STATIONARY
67540,2004,3,HEAD,0.12743217,0.00261388,0.02051192,0.00873870,0.01399551,0.01348631,0.01170648,0.01003112,0.00982380,0.01314243,0.01307899,RELIABLE,RELIABLE,RELIABLE,RELIABLE,RELIABLE,RELIABLE,PARTIAL,PARTIAL,STATIONARY,STATIONARY,STATIONARY,STATIONARY,STATIONARY,STATIONARY,STATIONARY,STATIONARY,STATIONARY
67570,2005,3,HEAD,0.12718781,0.00179684,0.01412745,0.00923619,0.01497196,0.01531617,0.01104624,0.01166245,0.01024934,0.01348664,0.01098538,RELIABLE,RELIABLE,RELIABLE,RELIABLE,RELIABLE,RELIABLE,RELIABLE,RELIABLE,STATIONARY,STATIONARY,STATIONARY,STATIONARY,STATIONARY,STATIONARY,STATIONARY,STATIONARY,STATIONARY
67609,2006,3,HEAD,0.12700682,0.00312028,0.02456785,0.01092804,0.01950265,0.01951323,0.01418237,0.01316458,0.01165872,0.01676982,0.01452569,RELIABLE,RELIABLE,RELIABLE,RELIABLE,RELIABLE,RELIABLE,RELIABLE,RELIABLE,STATIONARY,STATIONARY,STATIONARY,STATIONARY,STATIONARY,STATIONARY,STATIONARY,STATIONARY,STATIONARY
67650,2007,3,HEAD,0.12679133,0.00366241,0.02888533,0.01413903,0.02598415,0.02543950,0.01887424,0.01519665,0.01388765,0.02383182,0.02086136,RELIABLE,RELIABLE,RELIABLE,RELIABLE,RELIABLE,RELIABLE,RELIABLE,RELIABLE,STATIONARY,STATIONARY,STATIONARY,STATIONARY,STATIONARY,STATIONARY,STATIONARY,STATIONARY,STATIONARY
67682,2008,3,HEAD,0.12665503,0.00356724,0.02816499,0.01745987,0.03141890,0.03129727,0.02218603,0.01893213,0.01779672,0.02818589,0.03032810,RELIABLE,RELIABLE,RELIABLE,RELIABLE,RELIABLE,RELIABLE,RELIABLE,RELIABLE,STATIONARY,STATIONARY,STATIONARY,STATIONARY,STATIONARY,STATIONARY,STATIONARY,STATIONARY,STATIONARY
67722,2009,3,HEAD,0.12603472,0.00337591,0.02678555,0.02037568,0.03760612,0.03768580,0.02430002,0.02310082,0.01958533,0.02770214,0.03436743,RELIABLE,RELIABLE,RELIABLE,RELIABLE,RELIABLE,RELIABLE,RELIABLE,RELIABLE,STATIONARY,STATIONARY,STATIONARY,STATIONARY,STATIONARY,STATIONARY,STATIONARY,STATIONARY,STATIONARY
67760,2010,3,HEAD,0.12535156,0.00375841,0.02998297,0.02306534,0.04275919,0.04325228,0.02689091,0.02859008,0.02208120,0.03887988,0.04358635,RELIABLE,RELIABLE,RELIABLE,RELIABLE,RELIABLE,RELIABLE,RELIABLE,RELIABLE,STATIONARY,STATIONARY,STATIONARY,STATIONARY,STATIONARY,STATIONARY,STATIONARY,MOVING,MOVING
67791,2011,3,HEAD,0.12489888,0.00187921,0.01504582,0.02350898,0.04365001,0.04359363,0.02806303,0.03028055,0.02292412,0.04259613,0.04683163,RELIABLE,RELIABLE,RELIABLE,RELIABLE,RELIABLE,RELIABLE,RELIABLE,RELIABLE,STATIONARY,STATIONARY,STATIONARY,STATIONARY,STATIONARY,STATIONARY,STATIONARY,MOVING,MOVING
67823,2012,3,HEAD,0.12525949,0.00319686,0.02552188,0.02413523,0.04596288,0.04489122,0.02873395,0.03328408,0.02437304,0.04496114,0.04811348,RELIABLE,RELIABLE,RELIABLE,RELIABLE,RELIABLE,RELIABLE,RELIABLE,RELIABLE,STATIONARY,STATIONARY,STATIONARY,STATIONARY,STATIONARY,STATIONARY,MOVING,MOVING,MOVING
67854,2013,3,HEAD,0.12614803,0.00416716,0.03303387,0.02649853,0.04847585,0.04668495,0.02920138,0.03357759,0.02556640,0.04690613,0.05013492,RELIABLE,RELIABLE,RELIABLE,RELIABLE,RELIABLE,RELIABLE,RELIABLE,RELIABLE,STATIONARY,STATIONARY,STATIONARY,STATIONARY,STATIONARY,STATIONARY,MOVING,MOVING,MOVING
67886,2014,3,HEAD,0.12596389,0.00353789,0.02808654,0.02693837,0.04792929,0.04675381,0.02838192,0.03157741,0.02472857,0.04642134,0.05068070,RELIABLE,RELIABLE,RELIABLE,RELIABLE,RELIABLE,RELIABLE,RELIABLE,RELIABLE,STATIONARY,STATIONARY,STATIONARY,STATIONARY,STATIONARY,STATIONARY,MOVING,MOVING,MOVING
67916,2015,3,HEAD,0.12602818,0.00388692,0.03084170,0.02718291,0.04732714,0.04633817,0.02642585,0.03221467,0.02420916,0.04272078,0.04659998,RELIABLE,RELIABLE,RELIABLE,RELIABLE,RELIABLE,RELIABLE,RELIABLE,RELIABLE,STATIONARY,STATIONARY,STATIONARY,STATIONARY,STATIONARY,STATIONARY,MOVING,MOVING,MOVING
67948,2016,3,HEAD,0.12600691,0.00310048,0.02460567,0.02673800,0.04639814,0.04440807,0.02584623,0.03106579,0.02245748,0.04067189,0.04126756,RELIABLE,RELIABLE,RELIABLE,RELIABLE,RELIABLE,RELIABLE,RELIABLE,RELIABLE,STATIONARY,STATIONARY,STATIONARY,STATIONARY,STATIONARY,STATIONARY,MOVING,MOVING,MOVING
67978,2017,3,HEAD,0.12695497,0.00284395,0.02240127,0.02618996,0.04457909,0.04129168,0.02429370,0.02975584,0.02122782,0.04051594,0.03776067,RELIABLE,RELIABLE,RELIABLE,RELIABLE,RELIABLE,RELIABLE,PARTIAL,PARTIAL,STATIONARY,STATIONARY,STATIONARY,STATIONARY,STATIONARY,STATIONARY,MOVING,MOVING,MOVING
68010,2018,3,HEAD,0.12784458,0.00252195,0.01972665,0.02490792,0.04250877,0.03811121,0.02159869,0.02628699,0.01871832,0.02975578,0.02971306,RELIABLE,RELIABLE,RELIABLE,RELIABLE,RELIABLE,RELIABLE,RELIABLE,RELIABLE,STATIONARY,STATIONARY,STATIONARY,STATIONARY,STATIONARY,STATIONARY,MOVING,MOVING,MOVING
68042,2019,3,HEAD,0.12846797,0.00152917,0.01190312,0.02451509,0.04200217,0.03692079,0.02048212,0.02476205,0.01740268,0.02560741,0.02535781,RELIABLE,RELIABLE,RELIABLE,RELIABLE,RELIABLE,RELIABLE,RELIABLE,PARTIAL,STATIONARY,STATIONARY,STATIONARY,STATIONARY,STATIONARY,STATIONARY,MOVING,MOVING,MOVING
68074,2020,3,HEAD,0.12867406,0.00106187,0.00825238,0.02235640,0.03658661,0.03267481,0.01916153,0.02263816,0.01623290,0.02657796,0.02620978,RELIABLE,RELIABLE,RELIABLE,RELIABLE,RELIABLE,RELIABLE,PARTIAL,PARTIAL,STATIONARY,STATIONARY,STATIONARY,STATIONARY,STATIONARY,STATIONARY,MOVING,MOVING,MOVING
68122,2021,3,HEAD,0.12829850,0.00085307,0.00664913,0.01905831,0.03128202,0.02803550,0.01773582,0.02060278,0.01391240,0.02409531,0.02488097,RELIABLE,RELIABLE,RELIABLE,RELIABLE,RELIABLE,RELIABLE,RELIABLE,RELIABLE,STATIONARY,STATIONARY,STATIONARY,STATIONARY,STATIONARY,STATIONARY,MOVING,MOVING,MOVING
68154,2022,3,HEAD,0.12757610,0.00125822,0.00986252,0.01678030,0.02685454,0.02398329,0.01472332,0.02168477,0.01346815,,0.02349414,RELIABLE,RELIABLE,RELIABLE,RELIABLE,RELIABLE,RELIABLE,UNRELIABLE,PARTIAL,STATIONARY,STATIONARY,STATIONARY,STATIONARY,STATIONARY,STATIONARY,UNCERTAIN,MOVING,MOVING
68182,2023,3,HEAD,0.12695974,0.00062911,0.00495520,0.01354449,0.02096419,0.01883893,0.01215155,0.01904781,0.01191679,,0.02228817,RELIABLE,RELIABLE,RELIABLE,RELIABLE,RELIABLE,RELIABLE,UNRELIABLE,PARTIAL,STATIONARY,STATIONARY,STATIONARY,STATIONARY,STATIONARY,STATIONARY,UNCERTAIN,MOVING,MOVING
68213,2024,3,HEAD,0.12672004,0.00132680,0.01047035,0.01177758,0.01913425,0.01774524,0.01175419,0.01690337,0.01061492,,0.01820765,RELIABLE,RELIABLE,RELIABLE,RELIABLE,RELIABLE,RELIABLE,UNRELIABLE,PARTIAL,STATIONARY,STATIONARY,STATIONARY,STATIONARY,STATIONARY,STATIONARY,UNCERTAIN,MOVING,MOVING
68244,2025,3,HEAD,0.12626891,0.00194568,0.01540899,0.01090354,0.01771480,0.01673086,0.01168618,0.01701973,0.01086378,,0.01777539,RELIABLE,RELIABLE,RELIABLE,RELIABLE,RELIABLE,RELIABLE,RELIABLE,RELIABLE,STATIONARY,STATIONARY,STATIONARY,STATIONARY,STATIONARY,STATIONARY,UNCERTAIN,MOVING,MOVING
68274,2026,3,HEAD,0.12553901,0.00243820,0.01942189,0.01086545,0.01778255,0.01755258,0.01296846,0.01621976,0.01156206,0.02305421,0.01727966,RELIABLE,RELIABLE,RELIABLE,RELIABLE,RELIABLE,RELIABLE,RELIABLE,RELIABLE,STATIONARY,STATIONARY,STATIONARY,STATIONARY,STATIONARY,STATIONARY,STATIONARY,STATIONARY,STATIONARY
68306,2027,3,HEAD,0.12462392,0.00289275,0.02321186,0.01227904,0.02062683,0.02059019,0.01654127,0.01908582,0.01450314,0.03403774,0.02186962,RELIABLE,RELIABLE,RELIABLE,RELIABLE,RELIABLE,RELIABLE,RELIABLE,RELIABLE,STATIONARY,STATIONARY,STATIONARY,STATIONARY,STATIONARY,STATIONARY,STATIONARY,STATIONARY,STATIONARY
68338,2028,3,HEAD,0.12466797,0.00381296,0.03058492,0.01507061,0.02665697,0.02659986,0.02063651,0.02024811,0.01505547,0.02748129,0.02025251,RELIABLE,RELIABLE,RELIABLE,RELIABLE,RELIABLE,RELIABLE,RELIABLE,RELIABLE,STATIONARY,STATIONARY,STATIONARY,STATIONARY,STATIONARY,STATIONARY,STATIONARY,STATIONARY,STATIONARY
68370,2029,3,HEAD,0.12428637,0.00367809,0.02959365,0.01793867,0.03420258,0.03276167,0.02346976,0.02272959,0.01696760,0.02427025,0.01986054,RELIABLE,RELIABLE,RELIABLE,RELIABLE,RELIABLE,RELIABLE,RELIABLE,RELIABLE,STATIONARY,STATIONARY,STATIONARY,STATIONARY,STATIONARY,STATIONARY,STATIONARY,STATIONARY,STATIONARY
68409,2030,3,HEAD,0.12411546,0.00650207,0.05238725,0.02325426,0.04685071,0.04448870,0.02905759,0.02846037,0.02081988,0.02769917,0.02077758,RELIABLE,RELIABLE,RELIABLE,RELIABLE,RELIABLE,RELIABLE,RELIABLE,RELIABLE,STATIONARY,STATIONARY,STATIONARY,STATIONARY,STATIONARY,STATIONARY,STATIONARY,STATIONARY,STATIONARY
68449,2031,3,HEAD,0.12428045,0.00579614,0.04663755,0.02846456,0.05900663,0.05636968,0.03438221,0.03038827,0.02352980,0.02706269,0.02431050,RELIABLE,RELIABLE,RELIABLE,RELIABLE,RELIABLE,RELIABLE,RELIABLE,RELIABLE,STATIONARY,STATIONARY,STATIONARY,STATIONARY,STATIONARY,STATIONARY,STATIONARY,STATIONARY,STATIONARY
68490,2032,3,HEAD,0.12451999,0.00535579,0.04301146,0.03253220,0.06786494,0.06515956,0.03737695,0.03452972,0.02637100,0.02581119,0.03082702,RELIABLE,RELIABLE,RELIABLE,RELIABLE,RELIABLE,RELIABLE,RELIABLE,RELIABLE,STATIONARY,STATIONARY,STATIONARY,STATIONARY,STATIONARY,STATIONARY,STATIONARY,STATIONARY,STATIONARY
68527,2033,3,HEAD,0.12531305,0.00588414,0.04695550,0.03647551,0.07625181,0.07318535,0.04241257,0.03545623,0.02837235,0.02407360,0.03383673,RELIABLE,RELIABLE,RELIABLE,RELIABLE,RELIABLE,RELIABLE,RELIABLE,RELIABLE,STATIONARY,STATIONARY,STATIONARY,STATIONARY,STATIONARY,STATIONARY,STATIONARY,STATIONARY,STATIONARY
68558,2034,3,HEAD,0.12616458,0.00294207,0.02331929,0.03696268,0.07751132,0.07417496,0.04291368,0.03553558,0.02815947,0.02193120,0.03410636,RELIABLE,RELIABLE,RELIABLE,RELIABLE,RELIABLE,RELIABLE,RELIABLE,RELIABLE,STATIONARY,STATIONARY,STATIONARY,STATIONARY,STATIONARY,STATIONARY,STATIONARY,MOVING,MOVING
68589,2035,3,HEAD,0.12670046,0.00416022,0.03283505,0.03816558,0.08016454,0.07697525,0.04276318,0.03630045,0.02812818,0.01972826,0.03022337,RELIABLE,RELIABLE,RELIABLE,RELIABLE,RELIABLE,RELIABLE,PARTIAL,PARTIAL,MOVING,MOVING,STATIONARY,STATIONARY,STATIONARY,STATIONARY,STATIONARY,MOVING,MOVING
68621,2036,3,HEAD,0.12771444,0.00510899,0.04000322,0.03934287,0.08313442,0.07952992,0.04389773,0.03662025,0.02848505,0.02118832,,RELIABLE,RELIABLE,RELIABLE,RELIABLE,RELIABLE,RELIABLE,PARTIAL,UNRELIABLE,MOVING,MOVING,STATIONARY,STATIONARY,STATIONARY,STATIONARY,STATIONARY,UNCERTAIN,MOVING
68653,2037,3,HEAD,0.12844346,0.00493661,0.03843410,0.04044793,0.08382161,0.08171413,0.04427117,0.03544719,0.02836658,0.02690689,,RELIABLE,RELIABLE,RELIABLE,RELIABLE,RELIABLE,RELIABLE,PARTIAL,PARTIAL,MOVING,MOVING,STATIONARY,STATIONARY,STATIONARY,STATIONARY,STATIONARY,UNCERTAIN,MOVING
68684,2038,3,HEAD,0.12964401,0.00507598,0.03915324,0.03879368,0.07805531,0.07650770,0.04146058,0.03249850,0.02576710,0.02356388,,RELIABLE,RELIABLE,RELIABLE,RELIABLE,RELIABLE,RELIABLE,PARTIAL,UNRELIABLE,MOVING,MOVING,STATIONARY,STATIONARY,STATIONARY,STATIONARY,STATIONARY,UNCERTAIN,MOVING
68716,2039,3,HEAD,0.13095549,0.00452988,0.03459102,0.03728786,0.07300331,0.07153133,0.03988952,0.03258664,0.02479011,0.02569258,,RELIABLE,RELIABLE,RELIABLE,RELIABLE,RELIABLE,RELIABLE,PARTIAL,UNRELIABLE,MOVING,MOVING,STATIONARY,STATIONARY,STATIONARY,STATIONARY,STATIONARY,UNCERTAIN,MOVING
68748,2040,3,HEAD,0.13197235,0.00462808,0.03506859,0.03629500,0.06972842,0.06826795,0.03824290,0.03049331,0.02264947,0.02598180,,RELIABLE,RELIABLE,RELIABLE,RELIABLE,RELIABLE,RELIABLE,PARTIAL,UNRELIABLE,MOVING,MOVING,STATIONARY,STATIONARY,STATIONARY,STATIONARY,STATIONARY,UNCERTAIN,MOVING
68778,2041,3,HEAD,0.13312475,0.00359829,0.02702948,0.03380425,0.06456783,0.06405353,0.03521776,0.02978987,0.02058943,0.03024234,,RELIABLE,RELIABLE,RELIABLE,RELIABLE,RELIABLE,RELIABLE,PARTIAL,UNRELIABLE,MOVING,MOVING,STATIONARY,STATIONARY,STATIONARY,STATIONARY,STATIONARY,UNCERTAIN,MOVING
68811,2042,3,HEAD,0.13449260,0.00354115,0.02632973,0.03418056,0.06582609,0.06548200,0.03430073,0.02955595,0.02021411,0.03412365,,RELIABLE,RELIABLE,RELIABLE,RELIABLE,RELIABLE,RELIABLE,PARTIAL,UNRELIABLE,MOVING,MOVING,STATIONARY,STATIONARY,STATIONARY,STATIONARY,STATIONARY,UNCERTAIN,MOVING
68842,2043,3,HEAD,0.13520315,0.00205645,0.01521005,0.03197743,0.06136586,0.06120838,0.03123130,0.02680142,0.01790601,0.03336213,,RELIABLE,RELIABLE,RELIABLE,RELIABLE,RELIABLE,RELIABLE,PARTIAL,UNRELIABLE,MOVING,MOVING,STATIONARY,STATIONARY,STATIONARY,STATIONARY,STATIONARY,UNCERTAIN,MOVING
68890,2044,3,HEAD,0.13569274,0.00085244,0.00628213,0.02776229,0.05283798,0.05255437,0.02579630,0.02453220,0.01577843,0.03345901,,RELIABLE,RELIABLE,RELIABLE,RELIABLE,RELIABLE,RELIABLE,PARTIAL,UNRELIABLE,MOVING,MOVING,STATIONARY,STATIONARY,STATIONARY,STATIONARY,STATIONARY,UNCERTAIN,MOVING
68922,2045,3,HEAD,0.13608114,0.00084053,0.00617672,0.02373012,0.04559401,0.04470162,0.02232237,0.02153955,0.01373136,0.02764548,,RELIABLE,RELIABLE,RELIABLE,RELIABLE,RELIABLE,RELIABLE,PARTIAL,UNRELIABLE,MOVING,MOVING,STATIONARY,STATIONARY,STATIONARY,STATIONARY,STATIONARY,UNCERTAIN,MOVING
68950,2046,3,HEAD,0.13634816,0.00042027,0.00308231,0.01922126,0.03744444,0.03652736,0.01853112,0.01661661,0.01125224,0.02667727,,RELIABLE,RELIABLE,RELIABLE,RELIABLE,RELIABLE,RELIABLE,PARTIAL,UNRELIABLE,MOVING,MOVING,STATIONARY,STATIONARY,STATIONARY,STATIONARY,STATIONARY,UNCERTAIN,MOVING
68982,2047,3,HEAD,0.13649407,0.00150862,0.01105267,0.01627896,0.03141568,0.03031365,0.01458093,0.01420959,0.00953810,0.02830170,,RELIABLE,RELIABLE,RELIABLE,RELIABLE,RELIABLE,RELIABLE,PARTIAL,UNRELIABLE,MOVING,STATIONARY,STATIONARY,STATIONARY,STATIONARY,STATIONARY,STATIONARY,UNCERTAIN,MOVING
69013,2048,3,HEAD,0.13614027,0.00174539,0.01282052,0.01349795,0.02586930,0.02443591,0.01329970,0.01289040,0.00900374,0.02889521,,RELIABLE,RELIABLE,RELIABLE,RELIABLE,RELIABLE,RELIABLE,PARTIAL,UNRELIABLE,MOVING,STATIONARY,STATIONARY,STATIONARY,STATIONARY,STATIONARY,STATIONARY,UNCERTAIN,MOVING
69045,2049,3,HEAD,0.13536388,0.00196276,0.01449986,0.01193175,0.02224765,0.02054672,0.01147496,0.01231479,0.00961777,0.02677258,,RELIABLE,RELIABLE,RELIABLE,RELIABLE,RELIABLE,RELIABLE,PARTIAL,UNRELIABLE,MOVING,STATIONARY,STATIONARY,STATIONARY,STATIONARY,STATIONARY,STATIONARY,UNCERTAIN,MOVING
69076,2050,3,HEAD,0.13438760,0.00244219,0.01817273,0.01091212,0.01998132,0.01856264,0.01200115,0.01374878,0.01009453,0.02534394,,RELIABLE,RELIABLE,RELIABLE,RELIABLE,RELIABLE,RELIABLE,PARTIAL,UNRELIABLE,STATIONARY,STATIONARY,STATIONARY,STATIONARY,STATIONARY,STATIONARY,STATIONARY,UNCERTAIN,STATIONARY
69106,2051,3,HEAD,0.13299331,0.00324409,0.02439288,0.01205998,0.02251099,0.02095787,0.01500982,0.01435190,0.01074503,0.02449264,,RELIABLE,RELIABLE,RELIABLE,RELIABLE,RELIABLE,RELIABLE,PARTIAL,PARTIAL,STATIONARY,STATIONARY,STATIONARY,STATIONARY,STATIONARY,STATIONARY,STATIONARY,UNCERTAIN,STATIONARY
69138,2052,3,HEAD,0.13129301,0.00347551,0.02647139,0.01458363,0.02819808,0.02680724,0.01754880,0.01718535,0.01215725,0.02239396,0.01958781,RELIABLE,RELIABLE,RELIABLE,RELIABLE,RELIABLE,RELIABLE,RELIABLE,PARTIAL,STATIONARY,STATIONARY,STATIONARY,STATIONARY,STATIONARY,STATIONARY,STATIONARY,STATIONARY,STATIONARY
69169,2053,3,HEAD,0.12973658,0.00427744,0.03297021,0.01793282,0.03541020,0.03388162,0.02176851,0.02088463,0.01389814,0.02300096,0.01849618,RELIABLE,RELIABLE,RELIABLE,RELIABLE,RELIABLE,RELIABLE,PARTIAL,PARTIAL,STATIONARY,STATIONARY,STATIONARY,STATIONARY,STATIONARY,STATIONARY,STATIONARY,STATIONARY,STATIONARY
69210,2054,3,HEAD,0.12780794,0.00691651,0.05411645,0.02431209,0.04844963,0.04758772,0.02934301,0.02680820,0.01789104,0.02911970,0.01741980,RELIABLE,RELIABLE,RELIABLE,RELIABLE,RELIABLE,RELIABLE,PARTIAL,RELIABLE,STATIONARY,STATIONARY,STATIONARY,STATIONARY,STATIONARY,STATIONARY,STATIONARY,STATIONARY,STATIONARY
69258,2055,3,HEAD,0.12672915,0.00580683,0.04582080,0.02865811,0.05868580,0.05768179,0.03526019,0.03176594,0.02127654,0.02714143,0.02547799,RELIABLE,RELIABLE,RELIABLE,RELIABLE,RELIABLE,RELIABLE,RELIABLE,RELIABLE,STATIONARY,STATIONARY,STATIONARY,STATIONARY,STATIONARY,STATIONARY,STATIONARY,STATIONARY,STATIONARY
69294,2056,3,HEAD,0.12586894,0.00563573,0.04477458,0.03265236,0.06692011,0.06641708,0.03759346,0.03639276,0.02416919,0.02663720,0.02489211,RELIABLE,RELIABLE,RELIABLE,RELIABLE,RELIABLE,RELIABLE,RELIABLE,RELIABLE,STATIONARY,STATIONARY,STATIONARY,STATIONARY,STATIONARY,STATIONARY,STATIONARY,STATIONARY,STATIONARY
69324,2057,3,HEAD,0.12537070,0.00281786,0.02247626,0.03364941,0.06968409,0.06965591,0.03807858,0.03642416,0.02380352,0.02434891,0.02262994,RELIABLE,RELIABLE,RELIABLE,RELIABLE,RELIABLE,RELIABLE,RELIABLE,RELIABLE,STATIONARY,STATIONARY,STATIONARY,STATIONARY,STATIONARY,STATIONARY,STATIONARY,STATIONARY,STATIONARY
69356,2058,3,HEAD,0.12509158,0.00428172,0.03422866,0.03565640,0.07288295,0.07320863,0.04019364,0.03728284,0.02502732,0.02589885,0.02225896,RELIABLE,RELIABLE,RELIABLE,RELIABLE,RELIABLE,RELIABLE,RELIABLE,RELIABLE,STATIONARY,STATIONARY,STATIONARY,STATIONARY,STATIONARY,STATIONARY,STATIONARY,STATIONARY,STATIONARY
69388,2059,3,HEAD,0.12490697,0.00490015,0.03923042,0.03751110,0.07623352,0.07692476,0.04247769,0.03745481,0.02632299,0.02893334,0.02830689,RELIABLE,RELIABLE,RELIABLE,RELIABLE,RELIABLE,RELIABLE,RELIABLE,RELIABLE,STATIONARY,STATIONARY,STATIONARY,STATIONARY,STATIONARY,STATIONARY,STATIONARY,STATIONARY,STATIONARY
69420,2060,3,HEAD,0.12523890,0.00510984,0.04080074,0.03930227,0.08003829,0.08111631,0.04468502,0.03863960,0.02850585,0.02927966,0.02950559,RELIABLE,RELIABLE,RELIABLE,RELIABLE,RELIABLE,RELIABLE,PARTIAL,RELIABLE,STATIONARY,STATIONARY,STATIONARY,STATIONARY,STATIONARY,STATIONARY,STATIONARY,STATIONARY,STATIONARY
69452,2061,3,HEAD,0.12445586,0.00520405,0.04181445,0.04040779,0.08237643,0.08356446,0.04455381,0.04059049,0.02979754,0.02839561,0.03142674,RELIABLE,RELIABLE,RELIABLE,RELIABLE,RELIABLE,RELIABLE,RELIABLE,RELIABLE,MOVING,MOVING,STATIONARY,STATIONARY,STATIONARY,STATIONARY,STATIONARY,STATIONARY,MOVING
69484,2062,3,HEAD,0.12389763,0.00585439,0.04725186,0.03954972,0.08043082,0.08098393,0.04178028,0.03909115,0.02871814,0.02288743,0.03218185,RELIABLE,RELIABLE,RELIABLE,RELIABLE,RELIABLE,RELIABLE,RELIABLE,RELIABLE,MOVING,MOVING,MOVING,STATIONARY,STATIONARY,STATIONARY,STATIONARY,MOVING,MOVING
69516,2063,3,HEAD,0.12396958,0.00541517,0.04368141,0.03928230,0.07859929,0.07933331,0.04022320,0.03780193,0.02793937,0.02045814,0.02780226,RELIABLE,RELIABLE,RELIABLE,RELIABLE,RELIABLE,RELIABLE,RELIABLE,PARTIAL,MOVING,MOVING,MOVING,STATIONARY,STATIONARY,STATIONARY,STATIONARY,MOVING,MOVING
69548,2064,3,HEAD,0.12445349,0.00492260,0.03955370,0.03862969,0.07716600,0.07743772,0.04003530,0.03602388,0.02742617,0.02090108,0.02650938,RELIABLE,RELIABLE,RELIABLE,RELIABLE,RELIABLE,RELIABLE,RELIABLE,RELIABLE,MOVING,MOVING,MOVING,STATIONARY,STATIONARY,STATIONARY,STATIONARY,MOVING,MOVING
69579,2065,3,HEAD,0.12496867,0.00464267,0.03715068,0.04046399,0.08109735,0.08121897,0.04155095,0.03571544,0.02805294,0.02154237,0.02772790,RELIABLE,RELIABLE,RELIABLE,RELIABLE,RELIABLE,RELIABLE,RELIABLE,RELIABLE,MOVING,MOVING,MOVING,STATIONARY,STATIONARY,STATIONARY,STATIONARY,MOVING,MOVING
69611,2066,3,HEAD,0.12589317,0.00585422,0.04650147,0.04199809,0.08495441,0.08504409,0.04351994,0.03778855,0.02869385,0.01962579,0.02850058,RELIABLE,RELIABLE,RELIABLE,RELIABLE,RELIABLE,RELIABLE,RELIABLE,RELIABLE,MOVING,MOVING,MOVING,STATIONARY,STATIONARY,STATIONARY,STATIONARY,MOVING,MOVING
69658,2067,3,HEAD,0.12678619,0.00416963,0.03288707,0.04120517,0.08379738,0.08356676,0.04191936,0.03824452,0.02837107,0.01716177,0.02217753,RELIABLE,RELIABLE,RELIABLE,RELIABLE,RELIABLE,RELIABLE,RELIABLE,RELIABLE,MOVING,MOVING,MOVING,STATIONARY,STATIONARY,STATIONARY,STATIONARY,MOVING,MOVING
69691,2068,3,HEAD,0.12726182,0.00298651,0.02346744,0.03903851,0.07876975,0.07827457,0.03931638,0.03634500,0.02592202,0.01720084,0.02128836,RELIABLE,RELIABLE,RELIABLE,RELIABLE,RELIABLE,RELIABLE,RELIABLE,PARTIAL,MOVING,MOVING,MOVING,STATIONARY,STATIONARY,STATIONARY,STATIONARY,MOVING,MOVING
69722,2069,3,HEAD,0.12753824,0.00149325,0.01170829,0.03527524,0.07092493,0.07042742,0.03583256,0.03160125,0.02285463,0.01656129,0.01856766,RELIABLE,RELIABLE,RELIABLE,RELIABLE,RELIABLE,RELIABLE,RELIABLE,PARTIAL,MOVING,MOVING,MOVING,STATIONARY,STATIONARY,STATIONARY,STATIONARY,MOVING,MOVING
69753,2070,3,HEAD,0.12822720,0.00156222,0.01218322,0.03089166,0.06206924,0.06165341,0.03237670,0.02901096,0.02119989,0.01703373,0.01769066,RELIABLE,RELIABLE,RELIABLE,RELIABLE,RELIABLE,RELIABLE,RELIABLE,RELIABLE,MOVING,MOVING,MOVING,STATIONARY,STATIONARY,STATIONARY,STATIONARY,MOVING,MOVING
69785,2071,3,HEAD,0.12902962,0.00122886,0.00952382,0.02662196,0.05371992,0.05357983,0.02871979,0.02564354,0.01894602,0.01631333,0.01799288,RELIABLE,RELIABLE,RELIABLE,RELIABLE,RELIABLE,RELIABLE,RELIABLE,RELIABLE,MOVING,MOVING,MOVING,STATIONARY,STATIONARY,STATIONARY,STATIONARY,MOVING,MOVING
69817,2072,3,HEAD,0.12986331,0.00076337,0.00587826,0.02241253,0.04451524,0.04490597,0.02488081,0.02223422,0.01627001,0.01526410,0.01967746,RELIABLE,RELIABLE,RELIABLE,RELIABLE,RELIABLE,RELIABLE,RELIABLE,RELIABLE,MOVING,MOVING,MOVING,STATIONARY,STATIONARY,STATIONARY,STATIONARY,MOVING,MOVING
69848,2073,3,HEAD,0.13084188,0.00046725,0.00357109,0.01821508,0.03544824,0.03568879,0.02154222,0.02078726,0.01464637,0.01715378,0.01861295,RELIABLE,RELIABLE,RELIABLE,RELIABLE,RELIABLE,RELIABLE,RELIABLE,RELIABLE,MOVING,MOVING,MOVING,STATIONARY,STATIONARY,STATIONARY,STATIONARY,MOVING,MOVING
69879,2074,3,HEAD,0.13118835,0.00111970,0.00853506,0.01346928,0.02521547,0.02527007,0.01540946,0.01568192,0.01154540,0.01728611,0.01814620,RELIABLE,RELIABLE,RELIABLE,RELIABLE,RELIABLE,RELIABLE,RELIABLE,RELIABLE,MOVING,MOVING,MOVING,STATIONARY,STATIONARY,STATIONARY,STATIONARY,STATIONARY,MOVING
69910,2075,3,HEAD,0.13103816,0.00101060,0.00771224,0.01032243,0.01838724,0.01876386,0.01122761,0.01292650,0.00972225,0.01672410,0.01639825,RELIABLE,RELIABLE,RELIABLE,RELIABLE,RELIABLE,RELIABLE,PARTIAL,PARTIAL,MOVING,MOVING,MOVING,STATIONARY,STATIONARY,STATIONARY,STATIONARY,STATIONARY,MOVING
69941,2076,3,HEAD,0.13030786,0.00160537,0.01231981,0.00892897,0.01512726,0.01567141,0.01023467,0.01145731,0.00974139,0.01748787,0.01504686,RELIABLE,RELIABLE,RELIABLE,RELIABLE,RELIABLE,RELIABLE,RELIABLE,RELIABLE,MOVING,STATIONARY,STATIONARY,STATIONARY,STATIONARY,STATIONARY,STATIONARY,STATIONARY,MOVING
69971,2077,3,HEAD,0.12957631,0.00193239,0.01491317,0.00932958,0.01466818,0.01585757,0.01227142,0.01223463,0.01101468,0.01815574,0.01642441,RELIABLE,RELIABLE,RELIABLE,RELIABLE,RELIABLE,RELIABLE,PARTIAL,PARTIAL,STATIONARY,STATIONARY,STATIONARY,STATIONARY,STATIONARY,STATIONARY,STATIONARY,STATIONARY,STATIONARY
70025,2078,3,HEAD,0.12861787,0.00338035,0.02628213,0.01109195,0.01772122,0.01886341,0.01246685,0.01570987,0.01151396,0.01709752,0.01604313,RELIABLE,RELIABLE,RELIABLE,RELIABLE,RELIABLE,RELIABLE,PARTIAL,PARTIAL,STATIONARY,STATIONARY,STATIONARY,STATIONARY,STATIONARY,STATIONARY,STATIONARY,STATIONARY,STATIONARY
70058,2079,3,HEAD,0.12816289,0.00294429,0.02297305,0.01277310,0.02209214,0.02291285,0.01507471,0.01896677,0.01261191,0.01670194,0.01723443,RELIABLE,RELIABLE,RELIABLE,RELIABLE,RELIABLE,RELIABLE,RELIABLE,RELIABLE,STATIONARY,STATIONARY,STATIONARY,STATIONARY,STATIONARY,STATIONARY,STATIONARY,STATIONARY,STATIONARY
70098,2080,3,HEAD,0.12798530,0.00147215,0.01150246,0.01347613,0.02453278,0.02500694,0.01600859,0.01995916,0.01270234,0.01513377,0.01593721,RELIABLE,RELIABLE,RELIABLE,RELIABLE,RELIABLE,RELIABLE,RELIABLE,RELIABLE,STATIONARY,STATIONARY,STATIONARY,STATIONARY,STATIONARY,STATIONARY,STATIONARY,STATIONARY,STATIONARY
70129,2081,3,HEAD,0.12739073,0.00209516,0.01644673,0.01508558,0.02836146,0.02958568,0.01679489,0.02179624,0.01343338,0.01416770,0.01687763,RELIABLE,RELIABLE,RELIABLE,RELIABLE,RELIABLE,RELIABLE,RELIABLE,RELIABLE,STATIONARY,STATIONARY,STATIONARY,STATIONARY,STATIONARY,STATIONARY,STATIONARY,STATIONARY,STATIONARY
70162,2082,3,HEAD,0.12612715,0.00297531,0.02358974,0.01696742,0.03192276,0.03270741,0.01822174,0.02409793,0.01430762,0.01250082,0.01668576,RELIABLE,RELIABLE,RELIABLE,RELIABLE,RELIABLE,RELIABLE,RELIABLE,RELIABLE,STATIONARY,STATIONARY,STATIONARY,STATIONARY,STATIONARY,STATIONARY,STATIONARY,STATIONARY,STATIONARY
70193,2083,3,HEAD,0.12545298,0.00270081,0.02152846,0.01869444,0.03573475,0.03699196,0.02011012,0.02546234,0.01483635,0.01429180,0.02053796,RELIABLE,RELIABLE,RELIABLE,RELIABLE,RELIABLE,RELIABLE,RELIABLE,RELIABLE,STATIONARY,STATIONARY,STATIONARY,STATIONARY,STATIONARY,STATIONARY,STATIONARY,STATIONARY,STATIONARY
70224,2084,3,HEAD,0.12509448,0.00331329,0.02648633,0.02046526,0.04046230,0.04119033,0.02133010,0.02713079,0.01533434,0.01354459,0.02135356,RELIABLE,RELIABLE,RELIABLE,RELIABLE,RELIABLE,RELIABLE,RELIABLE,RELIABLE,STATIONARY,STATIONARY,STATIONARY,STATIONARY,STATIONARY,STATIONARY,STATIONARY,STATIONARY,STATIONARY
70256,2085,3,HEAD,0.12499191,0.00332411,0.02659462,0.02192544,0.04493950,0.04438439,0.02168873,0.02734680,0.01535105,0.01420312,0.02122703,RELIABLE,RELIABLE,RELIABLE,RELIABLE,RELIABLE,RELIABLE,RELIABLE,RELIABLE,STATIONARY,STATIONARY,STATIONARY,STATIONARY,STATIONARY,STATIONARY,STATIONARY,STATIONARY,STATIONARY
70288,2086,3,HEAD,0.12473009,0.00407384,0.03266124,0.02272283,0.04496816,0.04470857,0.02344083,0.02717137,0.01564095,0.01482181,0.02441412,RELIABLE,RELIABLE,RELIABLE,RELIABLE,RELIABLE,RELIABLE,RELIABLE,RELIABLE,STATIONARY,STATIONARY,STATIONARY,STATIONARY,STATIONARY,STATIONARY,STATIONARY,STATIONARY,STATIONARY
70320,2087,3,HEAD,0.12424737,0.00406632,0.03272764,0.02394215,0.04506274,0.04537707,0.02373067,0.02714467,0.01589481,0.01576885,0.02305023,RELIABLE,RELIABLE,RELIABLE,RELIABLE,RELIABLE,RELIABLE,RELIABLE,RELIABLE,STATIONARY,STATIONARY,STATIONARY,STATIONARY,STATIONARY,STATIONARY,STATIONARY,STATIONARY,STATIONARY
70351,2088,3,HEAD,0.12370672,0.00445399,0.03600440,0.02700489,0.05034621,0.05026384,0.02569119,0.03111254,0.01741641,0.02062884,0.02638119,RELIABLE,RELIABLE,RELIABLE,RELIABLE,RELIABLE,RELIABLE,RELIABLE,RELIABLE,STATIONARY,STATIONARY,STATIONARY,STATIONARY,STATIONARY,STATIONARY,STATIONARY,STATIONARY,STATIONARY
70383,2089,3,HEAD,0.12418475,0.00480762,0.03871346,0.02978823,0.05533122,0.05321390,0.03024884,0.03113397,0.01901745,0.02186336,0.02877771,RELIABLE,RELIABLE,RELIABLE,RELIABLE,RELIABLE,RELIABLE,RELIABLE,RELIABLE,STATIONARY,STATIONARY,STATIONARY,STATIONARY,STATIONARY,STATIONARY,STATIONARY,STATIONARY,STATIONARY
70425,2090,3,HEAD,0.12478628,0.00549674,0.04404924,0.03234567,0.06128029,0.05851041,0.03361668,0.03162605,0.02078163,0.02505830,0.03014611,RELIABLE,RELIABLE,RELIABLE,RELIABLE,RELIABLE,RELIABLE,RELIABLE,PARTIAL,STATIONARY,STATIONARY,STATIONARY,STATIONARY,STATIONARY,STATIONARY,STATIONARY,STATIONARY,STATIONARY
70462,2091,3,HEAD,0.12558274,0.00468259,0.03728691,0.03431548,0.06560237,0.06103443,0.03675508,0.03213104,0.02166003,0.02305262,0.02716307,RELIABLE,RELIABLE,RELIABLE,RELIABLE,RELIABLE,RELIABLE,PARTIAL,PARTIAL,STATIONARY,STATIONARY,STATIONARY,STATIONARY,STATIONARY,STATIONARY,STATIONARY,STATIONARY,STATIONARY
70495,2092,3,HEAD,0.12628515,0.00234130,0.01853976,0.03332216,0.06321777,0.05847170,0.03642855,0.03026471,0.02060670,0.02219474,0.02575054,RELIABLE,RELIABLE,RELIABLE,RELIABLE,RELIABLE,RELIABLE,PARTIAL,PARTIAL,STATIONARY,STATIONARY,STATIONARY,STATIONARY,STATIONARY,STATIONARY,STATIONARY,STATIONARY,STATIONARY
70526,2093,3,HEAD,0.12650728,0.00294155,0.02325199,0.03290433,0.06171184,0.05672046,0.03640289,0.03000896,0.02063412,0.02314410,,RELIABLE,RELIABLE,RELIABLE,RELIABLE,RELIABLE,RELIABLE,PARTIAL,UNRELIABLE,STATIONARY,STATIONARY,STATIONARY,STATIONARY,STATIONARY,STATIONARY,STATIONARY,UNCERTAIN,STATIONARY
70557,2094,3,HEAD,0.12692378,0.00186693,0.01470908,0.03066031,0.05945441,0.05405798,0.03476233,0.02631667,0.01960748,0.02548105,,RELIABLE,RELIABLE,RELIABLE,RELIABLE,RELIABLE,RELIABLE,PARTIAL,PARTIAL,STATIONARY,STATIONARY,STATIONARY,STATIONARY,STATIONARY,STATIONARY,STATIONARY,UNCERTAIN,STATIONARY
70588,2095,3,HEAD,0.12765775,0.00186475,0.01460738,0.02839528,0.05545767,0.05022407,0.03226043,0.02458305,0.01872897,0.02631168,0.01315090,RELIABLE,RELIABLE,RELIABLE,RELIABLE,RELIABLE,RELIABLE,PARTIAL,PARTIAL,STATIONARY,STATIONARY,STATIONARY,STATIONARY,STATIONARY,STATIONARY,STATIONARY,STATIONARY,STATIONARY
70620,2096,3,HEAD,0.12848152,0.00192941,0.01501703,0.02577186,0.05000219,0.04494277,0.03069055,0.02008570,0.01783175,0.02302808,0.01942760,RELIABLE,RELIABLE,RELIABLE,RELIABLE,RELIABLE,RELIABLE,PARTIAL,PARTIAL,STATIONARY,STATIONARY,STATIONARY,STATIONARY,STATIONARY,STATIONARY,STATIONARY,STATIONARY,STATIONARY
70650,2097,3,HEAD,0.12917701,0.00076984,0.00595956,0.02167762,0.04157851,0.03776083,0.02726482,0.01891643,0.01573815,0.02219327,0.01577817,RELIABLE,RELIABLE,RELIABLE,RELIABLE,RELIABLE,RELIABLE,PARTIAL,PARTIAL,STATIONARY,STATIONARY,STATIONARY,STATIONARY,STATIONARY,STATIONARY,STATIONARY,STATIONARY,STATIONARY
70681,2098,3,HEAD,0.12953313,0.00048462,0.00374129,0.01663912,0.03099052,0.02786125,0.02246817,0.01597521,0.01324474,0.01977076,0.01540466,RELIABLE,RELIABLE,RELIABLE,RELIABLE,RELIABLE,RELIABLE,PARTIAL,PARTIAL,STATIONARY,STATIONARY,STATIONARY,STATIONARY,STATIONARY,STATIONARY,STATIONARY,STATIONARY,STATIONARY
70713,2099,3,HEAD,0.12984909,0.00066912,0.00515307,0.01262239,0.02237139,0.02093340,0.01737892,0.01365740,0.01210434,0.01968349,0.01568556,RELIABLE,RELIABLE,RELIABLE,RELIABLE,RELIABLE,RELIABLE,PARTIAL,PARTIAL,STATIONARY,STATIONARY,STATIONARY,STATIONARY,STATIONARY,STATIONARY,STATIONARY,STATIONARY,STATIONARY
70744,2100,3,HEAD,0.12921587,0.00152721,0.01181906,0.01178231,0.02007662,0.01867731,0.01604745,0.01340029,0.01238656,0.02164890,0.01863490,RELIABLE,RELIABLE,RELIABLE,RELIABLE,RELIABLE,RELIABLE,RELIABLE,RELIABLE,STATIONARY,STATIONARY,STATIONARY,STATIONARY,STATIONARY,STATIONARY,STATIONARY,STATIONARY,STATIONARY
70774,2101,3,HEAD,0.12858225,0.00126605,0.00984625,0.01010659,0.01764399,0.01680506,0.01507224,0.01181630,0.01193116,0.02088708,0.01877655,RELIABLE,RELIABLE,RELIABLE,RELIABLE,RELIABLE,RELIABLE,RELIABLE,PARTIAL,STATIONARY,STATIONARY,STATIONARY,STATIONARY,STATIONARY,STATIONARY,STATIONARY,STATIONARY,STATIONARY
70826,2102,3,HEAD,0.12802846,0.00334168,0.02610106,0.01153059,0.02017762,0.01936931,0.01618695,0.01405266,0.01353552,0.02101969,0.01844713,RELIABLE,RELIABLE,RELIABLE,RELIABLE,RELIABLE,RELIABLE,RELIABLE,RELIABLE,STATIONARY,STATIONARY,STATIONARY,STATIONARY,STATIONARY,STATIONARY,STATIONARY,STATIONARY,STATIONARY
70853,2103,3,HEAD,0.12767390,0.00167084,0.01308677,0.01134051,0.02074660,0.01939249,0.01616187,0.01341404,0.01339041,0.02002228,0.01811867,RELIABLE,RELIABLE,RELIABLE,RELIABLE,RELIABLE,RELIABLE,RELIABLE,RELIABLE,STATIONARY,STATIONARY,STATIONARY,STATIONARY,STATIONARY,STATIONARY,STATIONARY,STATIONARY,STATIONARY
70885,2104,3,HEAD,0.12742231,0.00197309,0.01548461,0.01139896,0.02170227,0.02026175,0.02035201,0.01447074,0.01487166,0.02454380,0.02018214,RELIABLE,RELIABLE,RELIABLE,RELIABLE,RELIABLE,RELIABLE,RELIABLE,RELIABLE,STATIONARY,STATIONARY,STATIONARY,STATIONARY,STATIONARY,STATIONARY,STATIONARY,STATIONARY,STATIONARY
70916,2105,3,HEAD,0.12743912,0.00300931,0.02361367,0.01360572,0.02640987,0.02507365,0.02297299,0.01515083,0.01552314,0.02315747,0.02124807,RELIABLE,RELIABLE,RELIABLE,RELIABLE,RELIABLE,RELIABLE,RELIABLE,RELIABLE,STATIONARY,STATIONARY,STATIONARY,STATIONARY,STATIONARY,STATIONARY,STATIONARY,STATIONARY,STATIONARY
70947,2106,3,HEAD,0.12674149,0.00319280,0.02519147,0.01628699,0.03091946,0.03094173,0.02657001,0.01801443,0.01690088,0.02370710,0.02138144,RELIABLE,RELIABLE,RELIABLE,RELIABLE,RELIABLE,RELIABLE,RELIABLE,RELIABLE,STATIONARY,STATIONARY,STATIONARY,STATIONARY,STATIONARY,STATIONARY,STATIONARY,STATIONARY,STATIONARY
70979,2107,3,HEAD,0.12630832,0.00301892,0.02390123,0.01863051,0.03624170,0.03575899,0.02956909,0.02193454,0.01835924,0.02603340,0.02138531,RELIABLE,RELIABLE,RELIABLE,RELIABLE,RELIABLE,RELIABLE,RELIABLE,RELIABLE,STATIONARY,STATIONARY,STATIONARY,STATIONARY,STATIONARY,STATIONARY,STATIONARY,STATIONARY,STATIONARY
71012,2108,3,HEAD,0.12624899,0.00378927,0.03001430,0.02090492,0.04068568,0.04097887,0.03220702,0.02647251,0.02024679,0.02649222,0.02111820,RELIABLE,RELIABLE,RELIABLE,RELIABLE,RELIABLE,RELIABLE,RELIABLE,RELIABLE,STATIONARY,STATIONARY,STATIONARY,STATIONARY,STATIONARY,STATIONARY,STATIONARY,STATIONARY,STATIONARY
71042,2109,3,HEAD,0.12618577,0.00388140,0.03075940,0.02351906,0.04438970,0.04496101,0.03363919,0.03114850,0.02147983,0.02575431,0.02167345,RELIABLE,RELIABLE,RELIABLE,RELIABLE,RELIABLE,RELIABLE,RELIABLE,RELIABLE,STATIONARY,STATIONARY,STATIONARY,STATIONARY,STATIONARY,STATIONARY,STATIONARY,STATIONARY,STATIONARY
71073,2110,3,HEAD,0.12590503,0.00398770,0.03167225,0.02421546,0.04620825,0.04691450,0.03453532,0.03064938,0.02163460,0.02424485,0.02331131,RELIABLE,RELIABLE,RELIABLE,RELIABLE,RELIABLE,RELIABLE,RELIABLE,RELIABLE,STATIONARY,STATIONARY,STATIONARY,STATIONARY,STATIONARY,STATIONARY,STATIONARY,STATIONARY,STATIONARY
71105,2111,3,HEAD,0.12582890,0.00484996,0.03854412,0.02739763,0.05145545,0.05251134,0.03620235,0.03377866,0.02311193,0.02597747,0.02641025,RELIABLE,RELIABLE,RELIABLE,RELIABLE,RELIABLE,RELIABLE,PARTIAL,RELIABLE,STATIONARY,STATIONARY,STATIONARY,STATIONARY,STATIONARY,STATIONARY,STATIONARY,STATIONARY,STATIONARY
71137,2112,3,HEAD,0.12611920,0.00404699,0.03208858,0.02947313,0.05602156,0.05738257,0.03292771,0.03409760,0.02312753,0.02320695,0.02327359,RELIABLE,RELIABLE,RELIABLE,RELIABLE,RELIABLE,RELIABLE,RELIABLE,RELIABLE,STATIONARY,STATIONARY,STATIONARY,STATIONARY,STATIONARY,STATIONARY,STATIONARY,STATIONARY,STATIONARY
71169,2113,3,HEAD,0.12652235,0.00432213,0.03416102,0.03079155,0.05779456,0.05926083,0.03117283,0.03480292,0.02421984,0.02500774,0.02482618,RELIABLE,RELIABLE,RELIABLE,RELIABLE,RELIABLE,RELIABLE,RELIABLE,RELIABLE,STATIONARY,STATIONARY,STATIONARY,STATIONARY,STATIONARY,STATIONARY,STATIONARY,STATIONARY,STATIONARY
71226,2114,3,HEAD,0.12779562,0.00471869,0.03692372,0.03225808,0.06096580,0.06100536,0.02950723,0.03518196,0.02476586,0.02592999,0.02783750,RELIABLE,RELIABLE,RELIABLE,RELIABLE,RELIABLE,RELIABLE,RELIABLE,RELIABLE,STATIONARY,STATIONARY,STATIONARY,STATIONARY,STATIONARY,STATIONARY,STATIONARY,STATIONARY,STATIONARY
71264,2115,3,HEAD,0.12902476,0.00235935,0.01828599,0.03155617,0.05848936,0.05833911,0.02709144,0.03281702,0.02338840,0.02383602,0.02817410,RELIABLE,RELIABLE,RELIABLE,RELIABLE,RELIABLE,RELIABLE,RELIABLE,RELIABLE,STATIONARY,STATIONARY,STATIONARY,STATIONARY,STATIONARY,STATIONARY,STATIONARY,STATIONARY,STATIONARY
71295,2116,3,HEAD,0.12980249,0.00181351,0.01397131,0.02955080,0.05458889,0.05362016,0.02441262,0.02859795,0.02112448,0.02305726,0.02532657,RELIABLE,RELIABLE,RELIABLE,RELIABLE,RELIABLE,RELIABLE,PARTIAL,PARTIAL,STATIONARY,STATIONARY,STATIONARY,STATIONARY,STATIONARY,STATIONARY,STATIONARY,STATIONARY,STATIONARY
71327,2117,3,HEAD,0.12967212,0.00166175,0.01281502,0.02730775,0.05063756,0.04886908,0.02203578,0.02397793,0.01910714,0.02307982,0.02466087,RELIABLE,RELIABLE,RELIABLE,RELIABLE,RELIABLE,RELIABLE,PARTIAL,PARTIAL,STATIONARY,STATIONARY,STATIONARY,STATIONARY,STATIONARY,STATIONARY,STATIONARY,STATIONARY,STATIONARY
71359,2118,3,HEAD,0.12993445,0.00265530,0.02043567,0.02590318,0.04630470,0.04374541,0.01893473,0.02175562,0.01647318,0.02106648,0.02295271,RELIABLE,RELIABLE,RELIABLE,RELIABLE,RELIABLE,RELIABLE,PARTIAL,PARTIAL,STATIONARY,STATIONARY,STATIONARY,STATIONARY,STATIONARY,STATIONARY,STATIONARY,STATIONARY,STATIONARY
71390,2119,3,HEAD,0.12985392,0.00107098,0.00824759,0.02211611,0.03924681,0.03546610,0.01664807,0.01852042,0.01539074,0.02065879,0.02019776,RELIABLE,RELIABLE,RELIABLE,RELIABLE,RELIABLE,RELIABLE,RELIABLE,PARTIAL,STATIONARY,STATIONARY,STATIONARY,STATIONARY,STATIONARY,STATIONARY,STATIONARY,STATIONARY,STATIONARY
71422,2120,3,HEAD,0.12969272,0.00098934,0.00762836,0.01905859,0.03257305,0.02929389,0.01501021,0.01724867,0.01363168,0.02018788,0.02205503,RELIABLE,RELIABLE,RELIABLE,RELIABLE,RELIABLE,RELIABLE,PARTIAL,RELIABLE,STATIONARY,STATIONARY,STATIONARY,STATIONARY,STATIONARY,STATIONARY,STATIONARY,STATIONARY,STATIONARY
71454,2121,3,HEAD,0.12912214,0.00201610,0.01561393,0.01674020,0.02869022,0.02565234,0.01450690,0.01604992,0.01248521,0.01817550,0.02038000,RELIABLE,RELIABLE,RELIABLE,RELIABLE,RELIABLE,RELIABLE,PARTIAL,PARTIAL,STATIONARY,STATIONARY,STATIONARY,STATIONARY,STATIONARY,STATIONARY,STATIONARY,STATIONARY,STATIONARY
71485,2122,3,HEAD,0.12842887,0.00197975,0.01541516,0.01405163,0.02459531,0.02209641,0.01626435,0.01514535,0.01172968,,0.01728347,RELIABLE,RELIABLE,RELIABLE,RELIABLE,RELIABLE,RELIABLE,UNRELIABLE,PARTIAL,STATIONARY,STATIONARY,STATIONARY,STATIONARY,STATIONARY,STATIONARY,UNCERTAIN,STATIONARY,STATIONARY
71516,2123,3,HEAD,0.12758892,0.00332788,0.02608283,0.01502624,0.02601861,0.02453079,0.01721104,0.01804720,0.01288832,,0.01783888,RELIABLE,RELIABLE,RELIABLE,RELIABLE,RELIABLE,RELIABLE,RELIABLE,RELIABLE,STATIONARY,STATIONARY,STATIONARY,STATIONARY,STATIONARY,STATIONARY,UNCERTAIN,STATIONARY,STATIONARY
71547,2124,3,HEAD,0.12662780,0.00347683,0.02745705,0.01671195,0.02825955,0.02778765,0.01696274,0.02096584,0.01433251,0.01708429,0.02154437,RELIABLE,RELIABLE,RELIABLE,RELIABLE,RELIABLE,RELIABLE,RELIABLE,RELIABLE,STATIONARY,STATIONARY,STATIONARY,STATIONARY,STATIONARY,STATIONARY,STATIONARY,STATIONARY,STATIONARY
71577,2125,3,HEAD,0.12547113,0.00439478,0.03502626,0.01948836,0.03281884,0.03364601,0.01757936,0.02372473,0.01603258,0.02094594,0.02317229,RELIABLE,RELIABLE,RELIABLE,RELIABLE,RELIABLE,RELIABLE,RELIABLE,RELIABLE,STATIONARY,STATIONARY,STATIONARY,STATIONARY,STATIONARY,STATIONARY,STATIONARY,STATIONARY,STATIONARY
71609,2126,3,HEAD,0.12481312,0.00377241,0.03022446,0.02071196,0.03631415,0.03737888,0.02042699,0.02433825,0.01745034,0.02143277,0.02472463,RELIABLE,RELIABLE,RELIABLE,RELIABLE,RELIABLE,RELIABLE,RELIABLE,PARTIAL,STATIONARY,STATIONARY,STATIONARY,STATIONARY,STATIONARY,STATIONARY,STATIONARY,STATIONARY,STATIONARY
71642,2127,3,HEAD,0.12417961,0.00513534,0.04135417,0.02485028,0.04257258,0.04586140,0.02253354,0.02553574,0.01763586,0.01901564,0.02611533,RELIABLE,RELIABLE,RELIABLE,RELIABLE,RELIABLE,RELIABLE,RELIABLE,RELIABLE,STATIONARY,STATIONARY,STATIONARY,STATIONARY,STATIONARY,STATIONARY,STATIONARY,STATIONARY,STATIONARY
71673,2128,3,HEAD,0.12356798,0.00517667,0.04189333,0.02913340,0.04954617,0.05364838,0.02315028,0.02718370,0.01803742,0.01991974,0.02466566,RELIABLE,RELIABLE,RELIABLE,RELIABLE,RELIABLE,RELIABLE,RELIABLE,RELIABLE,STATIONARY,STATIONARY,STATIONARY,STATIONARY,STATIONARY,STATIONARY,STATIONARY,STATIONARY,STATIONARY
71705,2129,3,HEAD,0.12291401,0.00483815,0.03936204,0.03210191,0.05289151,0.05868926,0.02179094,0.02919323,0.01929480,0.01991726,0.02606638,RELIABLE,RELIABLE,RELIABLE,RELIABLE,RELIABLE,RELIABLE,RELIABLE,RELIABLE,STATIONARY,STATIONARY,STATIONARY,STATIONARY,STATIONARY,STATIONARY,STATIONARY,STATIONARY,STATIONARY
71736,2130,3,HEAD,0.12132936,0.00407453,0.03358235,0.03437281,0.05668963,0.06335555,0.02003823,0.02921064,0.02091454,,0.03207599,RELIABLE,RELIABLE,RELIABLE,RELIABLE,RELIABLE,RELIABLE,UNRELIABLE,PARTIAL,STATIONARY,STATIONARY,STATIONARY,STATIONARY,STATIONARY,STATIONARY,UNCERTAIN,STATIONARY,STATIONARY
71767,2131,3,HEAD,0.12049426,0.00242356,0.02011351,0.03362665,0.05643181,0.06269298,0.02077734,0.02669599,0.02116751,,0.03535128,RELIABLE,RELIABLE,RELIABLE,RELIABLE,RELIABLE,RELIABLE,PARTIAL,PARTIAL,STATIONARY,STATIONARY,STATIONARY,STATIONARY,STATIONARY,STATIONARY,UNCERTAIN,STATIONARY,STATIONARY
71799,2132,3,HEAD,0.08957259,0.00794948,0.08874899,0.04128814,0.05861051,0.07080266,0.09156714,0.07309027,0.05406296,,,RELIABLE,RELIABLE,RELIABLE,RELIABLE,RELIABLE,RELIABLE,UNRELIABLE,UNRELIABLE,STATIONARY,STATIONARY,STATIONARY,STATIONARY,STATIONARY,STATIONARY,UNCERTAIN,UNCERTAIN,STATIONARY
71830,2133,3,HEAD,0.16150743,0.01490542,0.09228939,0.04844603,0.05894773,0.07384736,0.13622519,0.12237373,0.07787579,,,RELIABLE,RELIABLE,RELIABLE,RELIABLE,RELIABLE,RELIABLE,RELIABLE,RELIABLE,STATIONARY,STATIONARY,STATIONARY,STATIONARY,STATIONARY,STATIONARY,UNCERTAIN,UNCERTAIN,STATIONARY
71861,2134,3,HEAD,0.11960789,0.00628300,0.05252994,0.05123422,0.05633057,0.07404675,0.16344727,0.15555505,0.09320274,0.07360611,0.05788713,RELIABLE,RELIABLE,RELIABLE,RELIABLE,RELIABLE,RELIABLE,RELIABLE,RELIABLE,MOVING,STATIONARY,STATIONARY,MOVING,MOVING,MOVING,STATIONARY,STATIONARY,MOVING
71893,2135,3,HEAD,0.10964709,0.00640061,0.05837467,0.05336178,0.05489788,0.07278673,0.17776994,0.17295854,0.10148567,0.05308106,0.05060714,RELIABLE,RELIABLE,RELIABLE,RELIABLE,RELIABLE,RELIABLE,RELIABLE,RELIABLE,MOVING,STATIONARY,STATIONARY,MOVING,MOVING,MOVING,STATIONARY,STATIONARY,MOVING
71924,2136,3,HEAD,0.10986413,0.00255056,0.02321562,0.05102706,0.04980708,0.06710167,0.18384355,0.18038272,0.10382875,0.05266090,0.04538913,RELIABLE,RELIABLE,RELIABLE,RELIABLE,RELIABLE,RELIABLE,RELIABLE,RELIABLE,MOVING,STATIONARY,STATIONARY,MOVING,MOVING,MOVING,MOVING,MOVING,MOVING
71961,2137,3,HEAD,0.11298837,0.00067167,0.00594455,0.04684988,0.04411189,0.05952988,0.18636346,0.18209409,0.10323973,0.05064006,0.04278119,RELIABLE,RELIABLE,RELIABLE,RELIABLE,RELIABLE,RELIABLE,RELIABLE,RELIABLE,MOVING,STATIONARY,STATIONARY,MOVING,MOVING,MOVING,MOVING,MOVING,MOVING
72001,2138,3,HEAD,0.11619395,0.00209120,0.01799746,0.04490177,0.03824653,0.05158023,0.18560461,0.18218874,0.10127932,0.04913633,0.04232420,RELIABLE,RELIABLE,RELIABLE,RELIABLE,RELIABLE,RELIABLE,RELIABLE,RELIABLE,MOVING,STATIONARY,STATIONARY,MOVING,MOVING,MOVING,MOVING,MOVING,MOVING
72031,2139,3,HEAD,0.11912753,0.00240799,0.02021352,0.04491427,0.03692281,0.04977150,0.18335473,0.18276115,0.10059001,0.05009300,0.05088952,RELIABLE,RELIABLE,RELIABLE,RELIABLE,RELIABLE,RELIABLE,RELIABLE,RELIABLE,MOVING,STATIONARY,STATIONARY,MOVING,MOVING,MOVING,MOVING,MOVING,MOVING
72062,2140,3,HEAD,0.12112560,0.00207463,0.01712789,0.03596163,0.03279517,0.03927862,0.11253655,0.13345249,0.06667680,0.04553457,0.04670555,RELIABLE,RELIABLE,RELIABLE,RELIABLE,RELIABLE,RELIABLE,RELIABLE,RELIABLE,MOVING,STATIONARY,STATIONARY,MOVING,MOVING,MOVING,MOVING,MOVING,MOVING
72092,2141,3,HEAD,0.17647806,0.01128715,0.06395783,0.03242018,0.03060000,0.03476278,0.10403857,0.13410940,0.06248813,,,RELIABLE,RELIABLE,RELIABLE,PARTIAL,RELIABLE,RELIABLE,UNRELIABLE,UNRELIABLE,MOVING,STATIONARY,STATIONARY,MOVING,MOVING,MOVING,UNCERTAIN,UNCERTAIN,MOVING
72123,2142,3,HEAD,0.12763404,0.00466779,0.03657168,0.03042540,0.02943210,0.03084278,0.09922034,0.13731915,0.05959446,,,RELIABLE,RELIABLE,RELIABLE,RELIABLE,RELIABLE,RELIABLE,RELIABLE,RELIABLE,MOVING,STATIONARY,STATIONARY,MOVING,MOVING,MOVING,UNCERTAIN,UNCERTAIN,MOVING
72155,2143,3,HEAD,0.18036093,0.01359016,0.07534980,0.03254729,0.02979304,0.03098676,0.13067155,0.16447967,0.07569090,0.17711266,0.21450695,RELIABLE,RELIABLE,RELIABLE,RELIABLE,RELIABLE,RELIABLE,PARTIAL,RELIABLE,MOVING,STATIONARY,STATIONARY,MOVING,MOVING,MOVING,STATIONARY,STATIONARY,MOVING
72187,2144,3,HEAD,0.12722608,0.00837471,0.06582544,0.03787352,0.03336842,0.03566721,0.15671042,0.18717232,0.09136150,0.15803913,0.18240497,RELIABLE,RELIABLE,RELIABLE,RELIABLE,RELIABLE,RELIABLE,PARTIAL,PARTIAL,MOVING,STATIONARY,STATIONARY,MOVING,MOVING,MOVING,STATIONARY,STATIONARY,MOVING
72219,2145,3,HEAD,0.11416439,0.00621106,0.05440454,0.04393102,0.03693686,0.04191239,0.17194510,0.19968918,0.10089190,0.13542459,0.14950230,RELIABLE,RELIABLE,RELIABLE,RELIABLE,RELIABLE,RELIABLE,PARTIAL,RELIABLE,MOVING,STATIONARY,STATIONARY,MOVING,MOVING,MOVING,MOVING,MOVING,MOVING
72251,2146,3,HEAD,0.11446012,0.00367427,0.03210090,0.04569395,0.03702900,0.04530608,0.18006897,0.20558056,0.10603612,0.11542407,0.12858455,RELIABLE,RELIABLE,RELIABLE,RELIABLE,RELIABLE,RELIABLE,RELIABLE,RELIABLE,MOVING,STATIONARY,STATIONARY,MOVING,MOVING,MOVING,MOVING,MOVING,MOVING
72282,2147,3,HEAD,0.11851130,0.00331471,0.02796956,0.04666346,0.03416468,0.04493290,0.18540015,0.20727102,0.10869341,0.10316066,0.12072297,RELIABLE,RELIABLE,RELIABLE,RELIABLE,RELIABLE,RELIABLE,RELIABLE,RELIABLE,MOVING,STATIONARY,STATIONARY,MOVING,MOVING,MOVING,MOVING,MOVING,MOVING
72313,2148,3,HEAD,0.12274847,0.00345192,0.02812190,0.04803771,0.03760247,0.04835675,0.18727418,0.20849043,0.10906383,0.09085160,0.10471478,RELIABLE,RELIABLE,RELIABLE,RELIABLE,RELIABLE,RELIABLE,RELIABLE,RELIABLE,MOVING,STATIONARY,STATIONARY,MOVING,MOVING,MOVING,MOVING,MOVING,MOVING
72361,2149,3,HEAD,0.12675760,0.00461285,0.03639111,0.04459187,0.04021031,0.05024176,0.15051375,0.15900598,0.08949182,0.08242908,0.09376546,RELIABLE,RELIABLE,RELIABLE,RELIABLE,RELIABLE,RELIABLE,RELIABLE,RELIABLE,MOVING,STATIONARY,STATIONARY,MOVING,MOVING,MOVING,MOVING,MOVING,MOVING
72393,2150,3,HEAD,0.12957426,0.00366989,0.02832270,0.04356074,0.04468568,0.05482539,0.12616490,0.12574710,0.07835388,0.07545482,0.08843228,RELIABLE,RELIABLE,RELIABLE,RELIABLE,RELIABLE,RELIABLE,RELIABLE,RELIABLE,MOVING,STATIONARY,STATIONARY,MOVING,MOVING,MOVING,MOVING,MOVING,MOVING
72425,2151,3,HEAD,0.13045212,0.00431843,0.03310358,0.03827997,0.04585471,0.05508591,0.07925413,0.08005036,0.05387358,0.06282601,0.07106063,RELIABLE,RELIABLE,RELIABLE,RELIABLE,RELIABLE,RELIABLE,RELIABLE,RELIABLE,MOVING,STATIONARY,STATIONARY,MOVING,MOVING,MOVING,MOVING,MOVING,MOVING
72458,2152,3,HEAD,0.13013518,0.00517028,0.03973009,0.03501805,0.04849703,0.05488457,0.04731629,0.05039905,0.03490065,0.04836344,0.05594277,RELIABLE,RELIABLE,RELIABLE,RELIABLE,RELIABLE,RELIABLE,RELIABLE,RELIABLE,MOVING,STATIONARY,STATIONARY,MOVING,MOVING,MOVING,MOVING,MOVING,MOVING
72490,2153,3,HEAD,0.13089428,0.00346949,0.02650604,0.03153073,0.04980435,0.05453087,0.03099775,0.03540750,0.02451972,0.04119246,0.04831864,RELIABLE,RELIABLE,RELIABLE,RELIABLE,RELIABLE,RELIABLE,RELIABLE,RELIABLE,MOVING,STATIONARY,STATIONARY,MOVING,MOVING,MOVING,MOVING,MOVING,MOVING
72522,2154,3,HEAD,0.13102067,0.00389514,0.02972917,0.03123427,0.05239988,0.05515824,0.02275729,0.02725261,0.01921593,0.03737998,0.04384025,RELIABLE,RELIABLE,RELIABLE,RELIABLE,RELIABLE,RELIABLE,RELIABLE,RELIABLE,MOVING,STATIONARY,STATIONARY,MOVING,MOVING,MOVING,MOVING,MOVING,MOVING
72554,2155,3,HEAD,0.13096596,0.00242966,0.01855184,0.03005705,0.05517650,0.05639518,0.01864363,0.02532260,0.01630710,0.03238836,0.03669367,RELIABLE,RELIABLE,RELIABLE,RELIABLE,RELIABLE,RELIABLE,RELIABLE,RELIABLE,MOVING,STATIONARY,STATIONARY,MOVING,MOVING,MOVING,MOVING,MOVING,MOVING
72585,2156,3,HEAD,0.13140217,0.00138824,0.01056485,0.02786242,0.04933527,0.05165186,0.01705657,0.02479096,0.01611225,0.03034417,0.03712464,RELIABLE,RELIABLE,RELIABLE,RELIABLE,RELIABLE,RELIABLE,RELIABLE,RELIABLE,MOVING,STATIONARY,STATIONARY,MOVING,MOVING,MOVING,MOVING,MOVING,MOVING
72617,2157,3,HEAD,0.13130697,0.00197815,0.01506508,0.02519667,0.04463682,0.04583589,0.01643451,0.02197696,0.01449916,0.02808056,0.03778972,RELIABLE,RELIABLE,RELIABLE,RELIABLE,RELIABLE,RELIABLE,RELIABLE,RELIABLE,MOVING,STATIONARY,STATIONARY,MOVING,MOVING,MOVING,MOVING,MOVING,MOVING
72657,2158,3,HEAD,0.13025107,0.00355412,0.02728671,0.02506717,0.04109193,0.04065748,0.01703486,0.01806871,0.01402990,0.02814645,0.03329233,RELIABLE,RELIABLE,RELIABLE,RELIABLE,RELIABLE,RELIABLE,RELIABLE,RELIABLE,MOVING,STATIONARY,STATIONARY,MOVING,MOVING,MOVING,MOVING,MOVING,MOVING
72688,2159,3,HEAD,0.12924942,0.00352861,0.02730079,0.02434182,0.04080532,0.03926420,0.01741821,0.01716500,0.01348296,0.02036655,0.02665558,RELIABLE,RELIABLE,RELIABLE,RELIABLE,RELIABLE,RELIABLE,RELIABLE,RELIABLE,MOVING,STATIONARY,STATIONARY,STATIONARY,MOVING,MOVING,MOVING,MOVING,MOVING
72730,2160,3,HEAD,0.12858585,0.00192365,0.01496002,0.02124556,0.03440168,0.03405769,0.01627563,0.01537055,0.01341005,0.01898360,0.02582406,RELIABLE,RELIABLE,RELIABLE,RELIABLE,RELIABLE,RELIABLE,RELIABLE,RELIABLE,STATIONARY,STATIONARY,STATIONARY,STATIONARY,STATIONARY,STATIONARY,MOVING,MOVING,MOVING
72766,2161,3,HEAD,0.12782422,0.00390997,0.03058865,0.02175589,0.03561286,0.03354536,0.01515713,0.01453839,0.01264578,0.01838752,0.02554653,RELIABLE,RELIABLE,RELIABLE,RELIABLE,RELIABLE,RELIABLE,RELIABLE,RELIABLE,STATIONARY,STATIONARY,STATIONARY,STATIONARY,STATIONARY,STATIONARY,MOVING,MOVING,MOVING
72798,2162,3,HEAD,0.12750340,0.00435176,0.03413052,0.02230606,0.03897528,0.03655063,0.01496870,0.01499356,0.01245620,0.02656434,0.03099575,RELIABLE,RELIABLE,RELIABLE,RELIABLE,RELIABLE,RELIABLE,RELIABLE,RELIABLE,STATIONARY,STATIONARY,STATIONARY,STATIONARY,STATIONARY,STATIONARY,STATIONARY,MOVING,MOVING
72830,2163,3,HEAD,0.12706906,0.00392929,0.03092249,0.02385239,0.04320778,0.03924418,0.01510411,0.01555845,0.01229990,0.03185618,0.03125362,RELIABLE,RELIABLE,RELIABLE,RELIABLE,RELIABLE,RELIABLE,RELIABLE,RELIABLE,STATIONARY,STATIONARY,STATIONARY,STATIONARY,STATIONARY,STATIONARY,STATIONARY,MOVING,MOVING
72862,2164,3,HEAD,0.12703356,0.00432789,0.03406890,0.02679040,0.04958333,0.04495722,0.01574600,0.01582881,0.01197710,0.03555275,0.03152757,RELIABLE,RELIABLE,RELIABLE,RELIABLE,RELIABLE,RELIABLE,RELIABLE,RELIABLE,STATIONARY,STATIONARY,STATIONARY,STATIONARY,STATIONARY,STATIONARY,STATIONARY,MOVING,MOVING
72893,2165,3,HEAD,0.12703215,0.00460360,0.03623963,0.02943721,0.05244553,0.04983903,0.01701649,0.01783579,0.01353341,0.03659875,0.03006897,RELIABLE,RELIABLE,RELIABLE,RELIABLE,RELIABLE,RELIABLE,PARTIAL,PARTIAL,STATIONARY,STATIONARY,STATIONARY,STATIONARY,STATIONARY,STATIONARY,STATIONARY,MOVING,MOVING
72925,2166,3,HEAD,0.12640156,0.00340878,0.02696790,0.02939736,0.05261072,0.05265081,0.01848518,0.02096221,0.01333081,0.03552158,0.03074377,RELIABLE,RELIABLE,RELIABLE,RELIABLE,RELIABLE,RELIABLE,RELIABLE,RELIABLE,STATIONARY,STATIONARY,STATIONARY,STATIONARY,STATIONARY,STATIONARY,STATIONARY,MOVING,MOVING
72956,2167,3,HEAD,0.12567065,0.00222965,0.01774200,0.02820251,0.04596088,0.04748148,0.01972845,0.02105347,0.01553374,0.03825300,0.03513613,RELIABLE,RELIABLE,RELIABLE,RELIABLE,RELIABLE,RELIABLE,PARTIAL,PARTIAL,STATIONARY,STATIONARY,STATIONARY,STATIONARY,STATIONARY,STATIONARY,STATIONARY,MOVING,MOVING
72987,2168,3,HEAD,0.12448480,0.00239690,0.01925453,0.02873933,0.04499095,0.04591293,0.02130919,0.02091305,0.01769828,0.04111111,0.03925716,RELIABLE,RELIABLE,RELIABLE,RELIABLE,RELIABLE,RELIABLE,RELIABLE,PARTIAL,STATIONARY,STATIONARY,STATIONARY,STATIONARY,STATIONARY,STATIONARY,STATIONARY,MOVING,MOVING
73019,2169,3,HEAD,0.12347485,0.00183184,0.01483576,0.02677022,0.03899531,0.04025044,0.02059014,0.02009254,0.01773106,0.03949593,0.03874647,RELIABLE,RELIABLE,RELIABLE,RELIABLE,RELIABLE,RELIABLE,PARTIAL,PARTIAL,STATIONARY,STATIONARY,STATIONARY,STATIONARY,STATIONARY,STATIONARY,MOVING,MOVING,MOVING
73051,2170,3,HEAD,0.12233202,0.00125434,0.01025357,0.02378560,0.03275829,0.03409199,0.02107764,0.02182770,0.01745927,0.02931401,0.03001871,RELIABLE,RELIABLE,RELIABLE,RELIABLE,RELIABLE,RELIABLE,RELIABLE,RELIABLE,STATIONARY,STATIONARY,STATIONARY,STATIONARY,STATIONARY,STATIONARY,MOVING,MOVING,MOVING
73082,2171,3,HEAD,0.12161318,0.00173665,0.01428012,0.02170530,0.02822813,0.03030739,0.01973867,0.02034374,0.01728378,0.02345494,0.02754732,RELIABLE,RELIABLE,RELIABLE,RELIABLE,RELIABLE,RELIABLE,RELIABLE,RELIABLE,STATIONARY,STATIONARY,STATIONARY,STATIONARY,STATIONARY,STATIONARY,MOVING,MOVING,MOVING
73130,2172,3,HEAD,0.12100895,0.00108822,0.00899285,0.01857079,0.02235012,0.02364112,0.01881992,0.01980936,0.01835709,0.02026606,0.02659219,RELIABLE,RELIABLE,RELIABLE,RELIABLE,RELIABLE,RELIABLE,RELIABLE,RELIABLE,STATIONARY,STATIONARY,STATIONARY,STATIONARY,STATIONARY,STATIONARY,MOVING,MOVING,MOVING
73162,2173,3,HEAD,0.12056535,0.00146036,0.01211256,0.01555491,0.01849774,0.01886554,0.01890861,0.01830831,0.01757699,0.02091372,0.02701600,RELIABLE,RELIABLE,RELIABLE,RELIABLE,RELIABLE,RELIABLE,RELIABLE,RELIABLE,STATIONARY,STATIONARY,STATIONARY,STATIONARY,STATIONARY,STATIONARY,MOVING,MOVING,MOVING
73193,2174,3,HEAD,0.12055602,0.00103955,0.00862295,0.01326179,0.01603600,0.01569887,0.01708019,0.01613839,0.01659711,0.02218337,0.02870958,RELIABLE,RELIABLE,RELIABLE,RELIABLE,RELIABLE,RELIABLE,RELIABLE,RELIABLE,STATIONARY,STATIONARY,STATIONARY,STATIONARY,STATIONARY,STATIONARY,MOVING,MOVING,MOVING
73225,2175,3,HEAD,0.12027440,0.00135729,0.01128499,0.01245467,0.01699733,0.01621007,0.01450874,0.01589318,0.01405492,0.02013869,0.02374765,RELIABLE,RELIABLE,RELIABLE,RELIABLE,RELIABLE,RELIABLE,RELIABLE,RELIABLE,STATIONARY,STATIONARY,STATIONARY,STATIONARY,STATIONARY,STATIONARY,MOVING,MOVING,MOVING
73258,2176,3,HEAD,0.12006179,0.00098838,0.00823227,0.01107688,0.01574730,0.01560757,0.01357712,0.01508824,0.01158976,0.01859223,0.01845863,RELIABLE,RELIABLE,RELIABLE,RELIABLE,RELIABLE,RELIABLE,RELIABLE,RELIABLE,STATIONARY,STATIONARY,STATIONARY,STATIONARY,STATIONARY,STATIONARY,MOVING,MOVING,MOVING
73289,2177,3,HEAD,0.12034625,0.00125732,0.01044756,0.01052836,0.01547890,0.01560322,0.01269776,0.01504986,0.01306398,0.01942405,0.01900607,RELIABLE,RELIABLE,RELIABLE,RELIABLE,RELIABLE,RELIABLE,RELIABLE,RELIABLE,STATIONARY,STATIONARY,STATIONARY,STATIONARY,STATIONARY,STATIONARY,STATIONARY,MOVING,MOVING
73321,2178,3,HEAD,0.12047106,0.00136798,0.01135522,0.01066606,0.01615408,0.01657267,0.01136714,0.01251236,0.01430952,0.02096370,0.02185313,RELIABLE,RELIABLE,RELIABLE,RELIABLE,RELIABLE,RELIABLE,RELIABLE,RELIABLE,STATIONARY,STATIONARY,STATIONARY,STATIONARY,STATIONARY,STATIONARY,STATIONARY,MOVING,MOVING
73353,2179,3,HEAD,0.12034094,0.00163930,0.01362213,0.01058382,0.01534519,0.01576611,0.01176167,0.01207825,0.01353318,0.02113738,0.02106477,RELIABLE,RELIABLE,RELIABLE,RELIABLE,RELIABLE,RELIABLE,RELIABLE,RELIABLE,STATIONARY,STATIONARY,STATIONARY,STATIONARY,STATIONARY,STATIONARY,STATIONARY,MOVING,MOVING
73394,2180,3,HEAD,0.12127987,0.00232627,0.01918100,0.01185733,0.01702174,0.01834931,0.01160942,0.01372916,0.01450598,0.02542728,0.02541143,RELIABLE,RELIABLE,RELIABLE,RELIABLE,RELIABLE,RELIABLE,RELIABLE,RELIABLE,STATIONARY,STATIONARY,STATIONARY,STATIONARY,STATIONARY,STATIONARY,STATIONARY,MOVING,MOVING
73426,2181,3,HEAD,0.12210393,0.00249295,0.02041665,0.01289535,0.01787869,0.01928349,0.01001629,0.01383203,0.01418734,0.02384706,0.02473355,RELIABLE,RELIABLE,RELIABLE,RELIABLE,RELIABLE,RELIABLE,RELIABLE,RELIABLE,STATIONARY,STATIONARY,STATIONARY,STATIONARY,STATIONARY,STATIONARY,STATIONARY,MOVING,MOVING
73457,2182,3,HEAD,0.12300147,0.00204769,0.01664771,0.01389844,0.01826997,0.02004467,0.01055066,0.01530473,0.01500371,0.02586670,0.02649734,RELIABLE,RELIABLE,RELIABLE,RELIABLE,RELIABLE,RELIABLE,RELIABLE,RELIABLE,STATIONARY,STATIONARY,STATIONARY,STATIONARY,STATIONARY,STATIONARY,STATIONARY,STATIONARY,STATIONARY
73498,2183,3,HEAD,0.12366691,0.00309275,0.02500871,0.01561391,0.01915374,0.02153689,0.01223693,0.01665406,0.01522223,0.02576800,0.02595806,RELIABLE,RELIABLE,RELIABLE,RELIABLE,RELIABLE,RELIABLE,RELIABLE,RELIABLE,STATIONARY,STATIONARY,STATIONARY,STATIONARY,STATIONARY,STATIONARY,STATIONARY,STATIONARY,STATIONARY
73535,2184,3,HEAD,0.12414096,0.00305938,0.02464440,0.01766542,0.02112962,0.02436709,0.01098709,0.01744627,0.01558079,0.02487238,0.02608651,RELIABLE,RELIABLE,RELIABLE,RELIABLE,RELIABLE,RELIABLE,RELIABLE,RELIABLE,STATIONARY,STATIONARY,STATIONARY,STATIONARY,STATIONARY,STATIONARY,STATIONARY,STATIONARY,STATIONARY
73568,2185,3,HEAD,0.12484077,0.00372443,0.02983343,0.02008866,0.02407871,0.02881513,0.01506768,0.01897570,0.01414636,0.02508053,0.02715440,RELIABLE,RELIABLE,RELIABLE,RELIABLE,RELIABLE,RELIABLE,PARTIAL,PARTIAL,STATIONARY,STATIONARY,STATIONARY,STATIONARY,STATIONARY,STATIONARY,STATIONARY,STATIONARY,STATIONARY
73599,2186,3,HEAD,0.12586771,0.00361078,0.02868710,0.02225514,0.02671524,0.03188862,0.01663815,0.02321583,0.01342609,0.02508185,0.02595012,RELIABLE,RELIABLE,RELIABLE,RELIABLE,RELIABLE,RELIABLE,RELIABLE,RELIABLE,STATIONARY,STATIONARY,STATIONARY,STATIONARY,STATIONARY,STATIONARY,STATIONARY,STATIONARY,STATIONARY
73631,2187,3,HEAD,0.12623691,0.00308182,0.02441296,0.02360400,0.02990737,0.03389302,0.01796804,0.02588375,0.01462803,0.02698724,0.02707565,RELIABLE,RELIABLE,RELIABLE,RELIABLE,RELIABLE,RELIABLE,RELIABLE,RELIABLE,STATIONARY,STATIONARY,STATIONARY,STATIONARY,STATIONARY,STATIONARY,STATIONARY,STATIONARY,STATIONARY
73662,2188,3,HEAD,0.12646512,0.00233698,0.01847928,0.02351628,0.03088395,0.03411640,0.01961321,0.02403450,0.01312599,0.02372641,0.02305928,RELIABLE,RELIABLE,RELIABLE,RELIABLE,RELIABLE,RELIABLE,RELIABLE,RELIABLE,STATIONARY,STATIONARY,STATIONARY,STATIONARY,STATIONARY,STATIONARY,STATIONARY,STATIONARY,STATIONARY
73694,2189,3,HEAD,0.12657902,0.00233477,0.01844517,0.02326985,0.03153244,0.03357221,0.02044424,0.02484594,0.01333186,0.02403014,0.02328790,RELIABLE,RELIABLE,RELIABLE,RELIABLE,RELIABLE,RELIABLE,PARTIAL,PARTIAL,STATIONARY,STATIONARY,STATIONARY,STATIONARY,STATIONARY,STATIONARY,STATIONARY,STATIONARY,STATIONARY
73725,2190,3,HEAD,0.12684984,0.00163836,0.01291573,0.02280335,0.03064035,0.03332891,0.01972695,0.02243763,0.01263517,0.02119879,0.02105069,RELIABLE,RELIABLE,RELIABLE,RELIABLE,RELIABLE,RELIABLE,RELIABLE,RELIABLE,STATIONARY,STATIONARY,STATIONARY,STATIONARY,STATIONARY,STATIONARY,STATIONARY,STATIONARY,STATIONARY
73758,2191,3,HEAD,0.12671804,0.00212689,0.01678441,0.02177531,0.03132522,0.03256404,0.01867198,0.02325382,0.01513530,0.02461072,0.03070144,RELIABLE,RELIABLE,RELIABLE,RELIABLE,RELIABLE,RELIABLE,RELIABLE,RELIABLE,STATIONARY,STATIONARY,STATIONARY,STATIONARY,STATIONARY,STATIONARY,STATIONARY,STATIONARY,STATIONARY
73789,2192,3,HEAD,0.12692300,0.00216572,0.01706325,0.02082767,0.03250239,0.03145656,0.02008955,0.02709816,0.01707173,0.02668438,0.03200770,RELIABLE,RELIABLE,RELIABLE,RELIABLE,RELIABLE,RELIABLE,RELIABLE,RELIABLE,STATIONARY,STATIONARY,STATIONARY,STATIONARY,STATIONARY,STATIONARY,STATIONARY,STATIONARY,STATIONARY
73821,2193,3,HEAD,0.12750974,0.00220232,0.01727177,0.01925746,0.03330574,0.02980499,0.01841713,0.02792129,0.01897212,0.02858414,0.03209698,RELIABLE,RELIABLE,RELIABLE,RELIABLE,RELIABLE,RELIABLE,RELIABLE,RELIABLE,STATIONARY,STATIONARY,STATIONARY,STATIONARY,STATIONARY,STATIONARY,STATIONARY,MOVING,MOVING
73852,2194,3,HEAD,0.12770021,0.00189474,0.01483740,0.01752625,0.03228038,0.02792513,0.01968165,0.02426484,0.01873492,0.03094688,0.03388756,RELIABLE,RELIABLE,RELIABLE,RELIABLE,RELIABLE,RELIABLE,RELIABLE,RELIABLE,STATIONARY,STATIONARY,STATIONARY,STATIONARY,STATIONARY,STATIONARY,STATIONARY,MOVING,MOVING
73898,2195,3,HEAD,0.12764006,0.00321997,0.02522699,0.01762800,0.03101333,0.02909241,0.01887657,0.02221662,0.01815181,0.03131832,0.03328830,RELIABLE,RELIABLE,RELIABLE,RELIABLE,RELIABLE,RELIABLE,RELIABLE,RELIABLE,STATIONARY,STATIONARY,STATIONARY,STATIONARY,STATIONARY,STATIONARY,STATIONARY,MOVING,MOVING
73930,2196,3,HEAD,0.12750066,0.00383631,0.03008854,0.01907916,0.03432711,0.03168239,0.02011362,0.02361118,0.01926643,0.03419874,0.03363158,RELIABLE,RELIABLE,RELIABLE,RELIABLE,RELIABLE,RELIABLE,RELIABLE,RELIABLE,STATIONARY,STATIONARY,STATIONARY,STATIONARY,STATIONARY,STATIONARY,STATIONARY,MOVING,MOVING
73961,2197,3,HEAD,0.12795276,0.00253343,0.01979971,0.01924847,0.03662339,0.03511456,0.02217002,0.02444822,0.01943941,0.03469057,0.03320344,RELIABLE,RELIABLE,RELIABLE,RELIABLE,RELIABLE,RELIABLE,RELIABLE,RELIABLE,STATIONARY,STATIONARY,STATIONARY,STATIONARY,STATIONARY,STATIONARY,STATIONARY,MOVING,MOVING
73993,2198,3,HEAD,0.12784883,0.00163102,0.01275744,0.01922869,0.03841081,0.03513378,0.02337024,0.02726801,0.01938536,0.03419237,0.03019099,RELIABLE,RELIABLE,RELIABLE,RELIABLE,RELIABLE,RELIABLE,RELIABLE,RELIABLE,STATIONARY,STATIONARY,STATIONARY,STATIONARY,STATIONARY,STATIONARY,STATIONARY,MOVING,MOVING
74025,2199,3,HEAD,0.12776150,0.00254785,0.01994225,0.01962342,0.04113665,0.03793389,0.02616084,0.02926563,0.01791502,0.03109343,0.02002158,RELIABLE,RELIABLE,RELIABLE,RELIABLE,RELIABLE,RELIABLE,RELIABLE,RELIABLE,STATIONARY,STATIONARY,STATIONARY,STATIONARY,STATIONARY,STATIONARY,STATIONARY,MOVING,MOVING
74058,2200,3,HEAD,0.12823860,0.00363541,0.02834879,0.02103411,0.04397672,0.04174005,0.02798956,0.02699227,0.01709236,0.03009449,0.01835714,RELIABLE,RELIABLE,RELIABLE,RELIABLE,RELIABLE,RELIABLE,RELIABLE,RELIABLE,STATIONARY,STATIONARY,STATIONARY,STATIONARY,STATIONARY,STATIONARY,STATIONARY,MOVING,MOVING
74090,2201,3,HEAD,0.12864205,0.00205364,0.01596402,0.02087064,0.04486359,0.04298288,0.03066878,0.02737968,0.01675703,0.03022808,0.01661961,RELIABLE,RELIABLE,RELIABLE,RELIABLE,RELIABLE,RELIABLE,PARTIAL,RELIABLE,STATIONARY,STATIONARY,STATIONARY,STATIONARY,STATIONARY,STATIONARY,STATIONARY,MOVING,MOVING
74122,2202,3,HEAD,0.12937566,0.00293236,0.02266544,0.02184915,0.04680956,0.04643125,0.03040810,0.03025375,0.01760236,0.02869968,0.01766884,RELIABLE,RELIABLE,RELIABLE,RELIABLE,RELIABLE,RELIABLE,RELIABLE,RELIABLE,STATIONARY,STATIONARY,STATIONARY,STATIONARY,STATIONARY,STATIONARY,STATIONARY,MOVING,MOVING
74154,2203,3,HEAD,0.12972736,0.00335453,0.02585834,0.02192807,0.05085936,0.04894969,0.03345365,0.03271085,0.01855716,0.02644412,0.01892977,RELIABLE,RELIABLE,RELIABLE,RELIABLE,RELIABLE,RELIABLE,PARTIAL,RELIABLE,STATIONARY,STATIONARY,STATIONARY,STATIONARY,STATIONARY,STATIONARY,STATIONARY,MOVING,MOVING
74193,2204,3,HEAD,0.12987730,0.00173669,0.01337181,0.01983848,0.04682425,0.04607828,0.03421719,0.03266372,0.01751909,0.02304089,0.01879346,RELIABLE,RELIABLE,RELIABLE,RELIABLE,RELIABLE,RELIABLE,PARTIAL,RELIABLE,STATIONARY,STATIONARY,STATIONARY,STATIONARY,STATIONARY,STATIONARY,STATIONARY,MOVING,MOVING
74225,2205,3,HEAD,0.12886042,0.00488814,0.03793364,0.02210522,0.05017887,0.04822419,0.03302225,0.03140536,0.01780937,0.02632603,0.02235886,RELIABLE,RELIABLE,RELIABLE,RELIABLE,RELIABLE,RELIABLE,PARTIAL,RELIABLE,STATIONARY,STATIONARY,STATIONARY,STATIONARY,STATIONARY,STATIONARY,STATIONARY,MOVING,MOVING
74266,2206,3,HEAD,0.12798380,0.00355159,0.02775027,0.02397932,0.05438384,0.05193565,0.03486896,0.03072696,0.01950868,0.03099701,0.02498062,RELIABLE,RELIABLE,RELIABLE,RELIABLE,RELIABLE,RELIABLE,PARTIAL,RELIABLE,STATIONARY,STATIONARY,STATIONARY,STATIONARY,STATIONARY,STATIONARY,STATIONARY,STATIONARY,STATIONARY
74304,2207,3,HEAD,0.12749367,0.00252772,0.01982626,0.02396482,0.05531994,0.05294826,0.03466047,0.02910148,0.01928592,0.03126079,0.02664703,RELIABLE,RELIABLE,RELIABLE,RELIABLE,RELIABLE,RELIABLE,RELIABLE,RELIABLE,STATIONARY,STATIONARY,STATIONARY,STATIONARY,STATIONARY,STATIONARY,STATIONARY,STATIONARY,STATIONARY
74334,2208,3,HEAD,0.12823598,0.00315605,0.02461124,0.02349763,0.05464996,0.05290577,0.03277233,0.03091479,0.01952349,0.03520932,0.02952749,RELIABLE,RELIABLE,RELIABLE,RELIABLE,RELIABLE,RELIABLE,RELIABLE,RELIABLE,STATIONARY,STATIONARY,STATIONARY,STATIONARY,STATIONARY,STATIONARY,STATIONARY,STATIONARY,STATIONARY
74365,2209,3,HEAD,0.12925954,0.00221386,0.01712727,0.02364303,0.05437745,0.05308127,0.03056031,0.02976138,0.01923047,0.03348585,0.02930123,RELIABLE,RELIABLE,RELIABLE,RELIABLE,RELIABLE,RELIABLE,RELIABLE,RELIABLE,STATIONARY,STATIONARY,STATIONARY,STATIONARY,STATIONARY,STATIONARY,STATIONARY,STATIONARY,STATIONARY
74397,2210,3,HEAD,0.12972615,0.00135156,0.01041854,0.02211217,0.05177227,0.04927765,0.02805632,0.02908204,0.01835580,0.03518979,0.02808399,RELIABLE,RELIABLE,RELIABLE,RELIABLE,RELIABLE,RELIABLE,RELIABLE,RELIABLE,STATIONARY,STATIONARY,STATIONARY,STATIONARY,STATIONARY,STATIONARY,STATIONARY,STATIONARY,STATIONARY
74428,2211,3,HEAD,0.13019632,0.00181046,0.01390559,0.02061808,0.04688606,0.04444384,0.02595085,0.02759642,0.01829723,0.03790292,0.02852406,RELIABLE,RELIABLE,RELIABLE,RELIABLE,RELIABLE,RELIABLE,RELIABLE,RELIABLE,STATIONARY,STATIONARY,STATIONARY,STATIONARY,STATIONARY,STATIONARY,STATIONARY,STATIONARY,STATIONARY
74458,2212,3,HEAD,0.13105240,0.00233460,0.01781427,0.02117338,0.04703034,0.04483078,0.02367245,0.02753094,0.01822996,0.03981550,0.02846175,RELIABLE,RELIABLE,RELIABLE,RELIABLE,RELIABLE,RELIABLE,RELIABLE,RELIABLE,STATIONARY,STATIONARY,STATIONARY,STATIONARY,STATIONARY,STATIONARY,STATIONARY,STATIONARY,STATIONARY
77993,2318,3,RIGHT_LEG,0.13339627,0.00081896,0.00613928,0.00622909,0.00961352,0.00751445,0.00749069,0.01395447,0.00689005,0.02627616,0.02257082,RELIABLE,RELIABLE,RELIABLE,RELIABLE,RELIABLE,RELIABLE,RELIABLE,RELIABLE,STATIONARY,STATIONARY,STATIONARY,STATIONARY,STATIONARY,STATIONARY,STATIONARY,MOVING,MOVING
78025,2319,3,RIGHT_LEG,0.13392527,0.00156381,0.01167675,0.00701396,0.00907023,0.00694002,0.00735613,0.01160392,0.00648640,0.02814420,0.02123319,RELIABLE,RELIABLE,RELIABLE,RELIABLE,RELIABLE,RELIABLE,RELIABLE,RELIABLE,STATIONARY,STATIONARY,STATIONARY,STATIONARY,STATIONARY,STATIONARY,STATIONARY,MOVING,MOVING
78057,2320,3,RIGHT_LEG,0.13414713,0.00158757,0.01183457,0.00777004,0.00963073,0.00778863,0.00751294,0.01185856,0.00607868,0.02608042,0.01837005,RELIABLE,RELIABLE,RELIABLE,RELIABLE,RELIABLE,RELIABLE,RELIABLE,RELIABLE,STATIONARY,STATIONARY,STATIONARY,STATIONARY,STATIONARY,STATIONARY,STATIONARY,MOVING,MOVING
78089,2321,3,RIGHT_LEG,0.13446897,0.00089142,0.00662919,0.00777944,0.00909654,0.00766377,0.00877061,0.01173628,0.00643525,0.02514318,0.01804900,RELIABLE,RELIABLE,RELIABLE,RELIABLE,RELIABLE,RELIABLE,RELIABLE,RELIABLE,STATIONARY,STATIONARY,STATIONARY,STATIONARY,STATIONARY,STATIONARY,STATIONARY,MOVING,MOVING
78138,2322,3,RIGHT_LEG,0.13450322,0.00170915,0.01270711,0.00868449,0.01093258,0.00882068,0.00868199,0.01003005,0.00733083,0.02536860,0.01870515,RELIABLE,RELIABLE,RELIABLE,RELIABLE,RELIABLE,RELIABLE,RELIABLE,RELIABLE,STATIONARY,STATIONARY,STATIONARY,STATIONARY,STATIONARY,STATIONARY,STATIONARY,MOVING,MOVING
78170,2323,3,RIGHT_LEG,0.13374995,0.00197568,0.01477148,0.01011098,0.01370416,0.01154926,0.00982105,0.01234493,0.00858951,0.02752263,0.01809044,RELIABLE,RELIABLE,RELIABLE,RELIABLE,RELIABLE,RELIABLE,RELIABLE,RELIABLE,STATIONARY,STATIONARY,STATIONARY,STATIONARY,STATIONARY,STATIONARY,STATIONARY,MOVING,MOVING
78202,2324,3,RIGHT_LEG,0.13303877,0.00209409,0.01574048,0.01080939,0.01590747,0.01516711,0.00864984,0.01382122,0.00942956,0.03034020,0.01687204,RELIABLE,RELIABLE,RELIABLE,RELIABLE,RELIABLE,RELIABLE,RELIABLE,RELIABLE,STATIONARY,STATIONARY,STATIONARY,STATIONARY,STATIONARY,STATIONARY,STATIONARY,STATIONARY,STATIONARY
78241,2325,3,RIGHT_LEG,0.13162013,0.00268625,0.02040910,0.01248850,0.01859648,0.01917895,0.01069028,0.01801213,0.01117644,0.03419577,0.01730739,RELIABLE,RELIABLE,RELIABLE,RELIABLE,RELIABLE,RELIABLE,RELIABLE,RELIABLE,STATIONARY,STATIONARY,STATIONARY,STATIONARY,STATIONARY,STATIONARY,STATIONARY,STATIONARY,STATIONARY
78273,2326,3,RIGHT_LEG,0.13043278,0.00351677,0.02696229,0.01509137,0.02433877,0.02618038,0.01409423,0.02215562,0.01370701,0.04340614,0.02207331,RELIABLE,RELIABLE,RELIABLE,RELIABLE,RELIABLE,RELIABLE,RELIABLE,RELIABLE,STATIONARY,STATIONARY,STATIONARY,STATIONARY,STATIONARY,STATIONARY,STATIONARY,STATIONARY,STATIONARY
78305,2327,3,RIGHT_LEG,0.12975683,0.00312083,0.02405141,0.01663820,0.03112580,0.03298249,0.01730398,0.02744752,0.01545123,0.04296573,0.02021705,RELIABLE,RELIABLE,RELIABLE,RELIABLE,RELIABLE,RELIABLE,RELIABLE,RELIABLE,STATIONARY,STATIONARY,STATIONARY,STATIONARY,STATIONARY,STATIONARY,STATIONARY,STATIONARY,STATIONARY
78336,2328,3,RIGHT_LEG,0.12944433,0.00357917,0.02765029,0.01861517,0.03871370,0.03985179,0.02122857,0.03195647,0.01957408,0.04946095,0.02647466,RELIABLE,RELIABLE,RELIABLE,RELIABLE,RELIABLE,RELIABLE,RELIABLE,RELIABLE,STATIONARY,STATIONARY,STATIONARY,STATIONARY,STATIONARY,STATIONARY,MOVING,STATIONARY,MOVING
78366,2329,3,RIGHT_LEG,0.12980580,0.00486303,0.03746386,0.02246950,0.04857228,0.04958297,0.02422565,0.03447212,0.02276609,0.05229775,0.03029828,RELIABLE,RELIABLE,RELIABLE,RELIABLE,RELIABLE,RELIABLE,RELIABLE,RELIABLE,STATIONARY,STATIONARY,STATIONARY,STATIONARY,STATIONARY,STATIONARY,MOVING,STATIONARY,MOVING
78398,2330,3,RIGHT_LEG,0.13036321,0.00547537,0.04200089,0.02613123,0.05802423,0.05991187,0.02765038,0.03915344,0.02566851,0.06269261,0.03804959,RELIABLE,RELIABLE,RELIABLE,RELIABLE,RELIABLE,RELIABLE,RELIABLE,RELIABLE,STATIONARY,STATIONARY,STATIONARY,STATIONARY,STATIONARY,STATIONARY,MOVING,STATIONARY,MOVING
78429,2331,3,RIGHT_LEG,0.13069637,0.00526781,0.04030570,0.02932300,0.06608552,0.06778696,0.03133100,0.04204911,0.02794513,0.06425713,0.04071426,RELIABLE,RELIABLE,RELIABLE,RELIABLE,RELIABLE,RELIABLE,RELIABLE,RELIABLE,STATIONARY,STATIONARY,STATIONARY,STATIONARY,STATIONARY,STATIONARY,MOVING,MOVING,MOVING
78460,2332,3,RIGHT_LEG,0.13140672,0.00465577,0.03543019,0.03178422,0.07228707,0.07435172,0.03680639,0.04525871,0.02929549,0.06493300,0.04077730,RELIABLE,RELIABLE,RELIABLE,RELIABLE,RELIABLE,RELIABLE,RELIABLE,RELIABLE,STATIONARY,STATIONARY,STATIONARY,STATIONARY,STATIONARY,STATIONARY,MOVING,MOVING,MOVING
78506,2333,3,RIGHT_LEG,0.13181651,0.00405586,0.03076901,0.03307920,0.07785633,0.07892333,0.04076834,0.04590247,0.02966819,0.06147122,0.03928328,RELIABLE,RELIABLE,RELIABLE,RELIABLE,RELIABLE,RELIABLE,RELIABLE,RELIABLE,STATIONARY,STATIONARY,STATIONARY,STATIONARY,STATIONARY,STATIONARY,MOVING,MOVING,MOVING
78538,2334,3,RIGHT_LEG,0.13104205,0.00426017,0.03250992,0.03377266,0.08053666,0.07961286,0.04240419,0.04795381,0.02932366,0.05833846,0.03830066,RELIABLE,RELIABLE,RELIABLE,RELIABLE,RELIABLE,RELIABLE,RELIABLE,RELIABLE,STATIONARY,STATIONARY,STATIONARY,STATIONARY,MOVING,STATIONARY,MOVING,MOVING,MOVING
78570,2335,3,RIGHT_LEG,0.13103123,0.00500585,0.03820352,0.03554167,0.08368675,0.08314649,0.04302366,0.04944152,0.03043415,0.06382878,0.04224374,RELIABLE,RELIABLE,RELIABLE,RELIABLE,RELIABLE,RELIABLE,RELIABLE,RELIABLE,STATIONARY,MOVING,MOVING,STATIONARY,MOVING,STATIONARY,MOVING,MOVING,MOVING
78602,2336,3,RIGHT_LEG,0.13048599,0.00349549,0.02678824,0.03543392,0.08297417,0.08205454,0.04446629,0.04956598,0.03053524,0.06425750,0.04459083,RELIABLE,RELIABLE,RELIABLE,RELIABLE,RELIABLE,RELIABLE,RELIABLE,RELIABLE,STATIONARY,MOVING,MOVING,STATIONARY,MOVING,STATIONARY,MOVING,MOVING,MOVING
78634,2337,3,RIGHT_LEG,0.13037078,0.00321429,0.02465501,0.03383281,0.07938501,0.07752528,0.04448702,0.04924048,0.03017559,0.06483163,0.04173302,RELIABLE,RELIABLE,RELIABLE,RELIABLE,RELIABLE,RELIABLE,RELIABLE,RELIABLE,STATIONARY,MOVING,MOVING,STATIONARY,MOVING,STATIONARY,MOVING,MOVING,MOVING
78668,2338,3,RIGHT_LEG,0.13017495,0.00431231,0.03312701,0.03272357,0.07670261,0.07363975,0.04669849,0.04699671,0.02800075,0.05433604,0.03389676,RELIABLE,RELIABLE,RELIABLE,RELIABLE,RELIABLE,RELIABLE,RELIABLE,RELIABLE,STATIONARY,MOVING,MOVING,STATIONARY,MOVING,STATIONARY,MOVING,MOVING,MOVING
78698,2339,3,RIGHT_LEG,0.13028328,0.00217699,0.01670965,0.02977407,0.06801785,0.06635056,0.04310083,0.04384330,0.02599776,0.04987455,0.03254685,RELIABLE,RELIABLE,RELIABLE,RELIABLE,RELIABLE,RELIABLE,PARTIAL,PARTIAL,STATIONARY,MOVING,MOVING,STATIONARY,MOVING,STATIONARY,MOVING,MOVING,MOVING
78730,2340,3,RIGHT_LEG,0.13007138,0.00346170,0.02661388,0.02867203,0.06418501,0.06251436,0.04358801,0.04278357,0.02472821,0.04488074,0.03194191,RELIABLE,RELIABLE,RELIABLE,RELIABLE,RELIABLE,RELIABLE,PARTIAL,PARTIAL,STATIONARY,MOVING,MOVING,STATIONARY,MOVING,STATIONARY,MOVING,MOVING,MOVING
78762,2341,3,RIGHT_LEG,0.13030802,0.00156591,0.01201700,0.02632803,0.05808636,0.05595261,0.04012809,0.04225610,0.02458403,0.04492434,0.03618749,RELIABLE,RELIABLE,RELIABLE,RELIABLE,RELIABLE,RELIABLE,RELIABLE,RELIABLE,STATIONARY,MOVING,MOVING,STATIONARY,MOVING,STATIONARY,MOVING,MOVING,MOVING
78794,2342,3,RIGHT_LEG,0.13052795,0.00169780,0.01300719,0.02389019,0.05270655,0.05114414,0.03683807,0.03805731,0.02336762,0.03885314,0.03432082,RELIABLE,RELIABLE,RELIABLE,RELIABLE,RELIABLE,RELIABLE,PARTIAL,RELIABLE,STATIONARY,MOVING,MOVING,STATIONARY,MOVING,STATIONARY,MOVING,MOVING,MOVING
78826,2343,3,RIGHT_LEG,0.12999073,0.00150538,0.01158066,0.02056233,0.04365885,0.04247812,0.03734837,0.03509794,0.02397615,0.03232006,0.03367682,RELIABLE,RELIABLE,RELIABLE,RELIABLE,RELIABLE,RELIABLE,RELIABLE,RELIABLE,STATIONARY,MOVING,MOVING,STATIONARY,MOVING,STATIONARY,MOVING,MOVING,MOVING
78857,2344,3,RIGHT_LEG,0.13017040,0.00169387,0.01301272,0.01884039,0.03902613,0.03819058,0.03255547,0.03069966,0.02024714,0.02735141,0.02682438,RELIABLE,RELIABLE,RELIABLE,RELIABLE,RELIABLE,RELIABLE,RELIABLE,RELIABLE,STATIONARY,MOVING,MOVING,STATIONARY,MOVING,STATIONARY,MOVING,MOVING,MOVING
78906,2345,3,RIGHT_LEG,0.13005960,0.00101725,0.00782138,0.01673619,0.03391772,0.03380788,0.02944588,0.02859916,0.01757555,0.02271845,0.02666507,RELIABLE,RELIABLE,RELIABLE,RELIABLE,RELIABLE,RELIABLE,PARTIAL,PARTIAL,STATIONARY,MOVING,STATIONARY,STATIONARY,MOVING,STATIONARY,MOVING,MOVING,MOVING
78946,2346,3,RIGHT_LEG,0.12972032,0.00110688,0.00853283,0.01366191,0.02688289,0.02698782,0.02547008,0.02777140,0.01727112,0.02467096,0.02953667,RELIABLE,RELIABLE,RELIABLE,RELIABLE,RELIABLE,RELIABLE,RELIABLE,RELIABLE,STATIONARY,STATIONARY,STATIONARY,STATIONARY,MOVING,STATIONARY,MOVING,MOVING,MOVING
78977,2347,3,RIGHT_LEG,0.12932412,0.00063599,0.00491777,0.01218793,0.02588766,0.02499718,0.02502403,0.02531064,0.01641504,0.02483482,0.02849629,RELIABLE,RELIABLE,RELIABLE,RELIABLE,RELIABLE,RELIABLE,RELIABLE,RELIABLE,STATIONARY,STATIONARY,STATIONARY,STATIONARY,STATIONARY,STATIONARY,MOVING,MOVING,MOVING
79008,2348,3,RIGHT_LEG,0.12887762,0.00113826,0.00883211,0.00996521,0.02094593,0.01927166,0.01985080,0.02171716,0.01712691,0.02641199,0.03262874,RELIABLE,RELIABLE,RELIABLE,RELIABLE,RELIABLE,RELIABLE,RELIABLE,RELIABLE,STATIONARY,STATIONARY,STATIONARY,STATIONARY,STATIONARY,STATIONARY,MOVING,MOVING,MOVING
79040,2349,3,RIGHT_LEG,0.12780139,0.00091072,0.00712604,0.00935384,0.01745130,0.01704731,0.01763932,0.01850282,0.01509777,0.02438379,0.02877921,RELIABLE,RELIABLE,RELIABLE,RELIABLE,RELIABLE,RELIABLE,RELIABLE,RELIABLE,STATIONARY,STATIONARY,STATIONARY,STATIONARY,STATIONARY,STATIONARY,MOVING,MOVING,MOVING
79071,2350,3,RIGHT_LEG,0.12616151,0.00170158,0.01348735,0.00941386,0.01611952,0.01508341,0.01638489,0.01730577,0.01516851,0.02562573,0.02723573,RELIABLE,RELIABLE,RELIABLE,RELIABLE,RELIABLE,RELIABLE,RELIABLE,RELIABLE,STATIONARY,STATIONARY,STATIONARY,STATIONARY,STATIONARY,STATIONARY,STATIONARY,MOVING,MOVING
79103,2351,3,RIGHT_LEG,0.12540700,0.00129351,0.01031454,0.00925559,0.01614031,0.01410839,0.01244316,0.01389616,0.01148470,0.02356749,0.02406074,RELIABLE,RELIABLE,RELIABLE,RELIABLE,RELIABLE,RELIABLE,RELIABLE,RELIABLE,STATIONARY,STATIONARY,STATIONARY,STATIONARY,STATIONARY,STATIONARY,STATIONARY,MOVING,MOVING
79135,2352,3,RIGHT_LEG,0.12484396,0.00192407,0.01541183,0.00955548,0.01512042,0.01383130,0.01365337,0.01376750,0.01255128,0.02197758,0.02441869,RELIABLE,RELIABLE,RELIABLE,RELIABLE,RELIABLE,RELIABLE,RELIABLE,RELIABLE,STATIONARY,STATIONARY,STATIONARY,STATIONARY,STATIONARY,STATIONARY,STATIONARY,MOVING,MOVING
79165,2353,3,RIGHT_LEG,0.12491070,0.00123587,0.00989404,0.00981456,0.01382903,0.01329291,0.01410332,0.01378958,0.01273727,0.02215593,0.02732916,RELIABLE,RELIABLE,RELIABLE,RELIABLE,RELIABLE,RELIABLE,PARTIAL,RELIABLE,STATIONARY,STATIONARY,STATIONARY,STATIONARY,STATIONARY,STATIONARY,STATIONARY,MOVING,MOVING
79196,2354,3,RIGHT_LEG,0.12455861,0.00113093,0.00907951,0.00988290,0.01348237,0.01318688,0.01266070,0.01268378,0.01147852,0.01911023,0.02413023,RELIABLE,RELIABLE,RELIABLE,RELIABLE,RELIABLE,RELIABLE,RELIABLE,RELIABLE,STATIONARY,STATIONARY,STATIONARY,STATIONARY,STATIONARY,STATIONARY,STATIONARY,MOVING,MOVING
79228,2355,3,RIGHT_LEG,0.12406948,0.00080533,0.00649096,0.01007955,0.01275248,0.01228110,0.01123104,0.01302601,0.01121470,0.01820380,0.02361269,RELIABLE,RELIABLE,RELIABLE,RELIABLE,RELIABLE,RELIABLE,RELIABLE,RELIABLE,STATIONARY,STATIONARY,STATIONARY,STATIONARY,STATIONARY,STATIONARY,STATIONARY,MOVING,MOVING
79273,2356,3,RIGHT_LEG,0.12396220,0.00074799,0.00603402,0.00972979,0.01197799,0.01175807,0.01073834,0.01255612,0.00940804,0.01655953,0.01961708,RELIABLE,RELIABLE,RELIABLE,RELIABLE,RELIABLE,RELIABLE,RELIABLE,RELIABLE,STATIONARY,STATIONARY,STATIONARY,STATIONARY,STATIONARY,STATIONARY,STATIONARY,MOVING,MOVING
79307,2357,3,RIGHT_LEG,0.12413689,0.00072168,0.00581361,0.00956573,0.01245967,0.01169637,0.01033780,0.01115387,0.00886656,0.01496419,0.01953272,RELIABLE,RELIABLE,RELIABLE,RELIABLE,RELIABLE,RELIABLE,RELIABLE,RELIABLE,STATIONARY,STATIONARY,STATIONARY,STATIONARY,STATIONARY,STATIONARY,STATIONARY,STATIONARY,STATIONARY
79339,2358,3,RIGHT_LEG,0.12398569,0.00082147,0.00662549,0.00870800,0.01144302,0.01186788,0.01024085,0.00926721,0.00829181,0.01318663,0.02037012,RELIABLE,RELIABLE,RELIABLE,RELIABLE,RELIABLE,RELIABLE,RELIABLE,RELIABLE,STATIONARY,STATIONARY,STATIONARY,STATIONARY,STATIONARY,STATIONARY,STATIONARY,STATIONARY,STATIONARY
79370,2359,3,RIGHT_LEG,0.12375319,0.00099263,0.00802103,0.00842131,0.01079186,0.01104191,0.00992572,0.00938416,0.00945412,0.01472309,0.02190469,RELIABLE,RELIABLE,RELIABLE,RELIABLE,RELIABLE,RELIABLE,RELIABLE,RELIABLE,STATIONARY,STATIONARY,STATIONARY,STATIONARY,STATIONARY,STATIONARY,STATIONARY,STATIONARY,STATIONARY
79401,2360,3,RIGHT_LEG,0.12364653,0.00119273,0.00964630,0.00770062,0.00957675,0.00965122,0.00793694,0.00950663,0.00820700,0.01426644,0.02143913,RELIABLE,RELIABLE,RELIABLE,RELIABLE,RELIABLE,RELIABLE,RELIABLE,RELIABLE,STATIONARY,STATIONARY,STATIONARY,STATIONARY,STATIONARY,STATIONARY,STATIONARY,STATIONARY,STATIONARY
79433,2361,3,RIGHT_LEG,0.12325791,0.00082652,0.00670560,0.00730206,0.00995556,0.00921430,0.00616994,0.00942300,0.00732894,0.01411182,0.01685070,RELIABLE,RELIABLE,RELIABLE,RELIABLE,RELIABLE,RELIABLE,RELIABLE,RELIABLE,STATIONARY,STATIONARY,STATIONARY,STATIONARY,STATIONARY,STATIONARY,STATIONARY,STATIONARY,STATIONARY
79466,2362,3,RIGHT_LEG,0.12337339,0.00097356,0.00789116,0.00715352,0.00961744,0.00922194,0.00634700,0.00896338,0.00742186,0.01494892,0.01691757,RELIABLE,RELIABLE,RELIABLE,RELIABLE,RELIABLE,RELIABLE,RELIABLE,RELIABLE,STATIONARY,STATIONARY,STATIONARY,STATIONARY,STATIONARY,STATIONARY,STATIONARY,STATIONARY,STATIONARY
79498,2363,3,RIGHT_LEG,0.12334662,0.00183199,0.01485234,0.00819869,0.01096891,0.01027411,0.00674681,0.00888781,0.00773303,0.01615291,0.01699010,RELIABLE,RELIABLE,RELIABLE,RELIABLE,RELIABLE,RELIABLE,RELIABLE,RELIABLE,STATIONARY,STATIONARY,STATIONARY,STATIONARY,STATIONARY,STATIONARY,STATIONARY,STATIONARY,STATIONARY
79529,2364,3,RIGHT_LEG,0.12303912,0.00172523,0.01402180,0.00919717,0.01106504,0.01150041,0.00669447,0.00889958,0.00784615,0.01564332,0.01809356,RELIABLE,RELIABLE,RELIABLE,RELIABLE,RELIABLE,RELIABLE,RELIABLE,RELIABLE,STATIONARY,STATIONARY,STATIONARY,STATIONARY,STATIONARY,STATIONARY,STATIONARY,STATIONARY,STATIONARY
79561,2365,3,RIGHT_LEG,0.12307021,0.00095827,0.00778634,0.00944376,0.01155569,0.01200720,0.00695351,0.00970695,0.00857639,0.01782669,0.01826350,RELIABLE,RELIABLE,RELIABLE,RELIABLE,RELIABLE,RELIABLE,RELIABLE,RELIABLE,STATIONARY,STATIONARY,STATIONARY,STATIONARY,STATIONARY,STATIONARY,STATIONARY,STATIONARY,STATIONARY
79594,2366,3,RIGHT_LEG,0.12319004,0.00120637,0.00979277,0.00983967,0.01042699,0.01157574,0.00706261,0.01045460,0.00771110,0.01791874,0.01794689,RELIABLE,RELIABLE,RELIABLE,RELIABLE,RELIABLE,RELIABLE,RELIABLE,RELIABLE,STATIONARY,STATIONARY,STATIONARY,STATIONARY,STATIONARY,STATIONARY,STATIONARY,STATIONARY,STATIONARY
79625,2367,3,RIGHT_LEG,0.12329054,0.00213804,0.01734146,0.01100472,0.01218720,0.01361798,0.00713045,0.01031135,0.00679946,0.01696286,0.01562774,RELIABLE,RELIABLE,RELIABLE,RELIABLE,RELIABLE,RELIABLE,RELIABLE,RELIABLE,STATIONARY,STATIONARY,STATIONARY,STATIONARY,STATIONARY,STATIONARY,STATIONARY,STATIONARY,STATIONARY
79674,2368,3,RIGHT_LEG,0.12334671,0.00119761,0.00970931,0.01101260,0.01260850,0.01291725,0.00772547,0.01040142,0.00722711,0.01947153,0.01709417,RELIABLE,RELIABLE,RELIABLE,RELIABLE,RELIABLE,RELIABLE,RELIABLE,RELIABLE,STATIONARY,STATIONARY,STATIONARY,STATIONARY,STATIONARY,STATIONARY,STATIONARY,STATIONARY,STATIONARY
79714,2369,3,RIGHT_LEG,0.12323070,0.00126341,0.01025240,0.01145595,0.01265224,0.01301617,0.00838725,0.01059503,0.00785347,0.02022878,0.01862304,RELIABLE,RELIABLE,RELIABLE,RELIABLE,RELIABLE,RELIABLE,RELIABLE,RELIABLE,STATIONARY,STATIONARY,STATIONARY,STATIONARY,STATIONARY,STATIONARY,STATIONARY,STATIONARY,STATIONARY
79745,2370,3,RIGHT_LEG,0.12317220,0.00080561,0.00654053,0.01128712,0.01138987,0.01200891,0.00825452,0.01090257,0.00779502,0.02217950,0.01974554,RELIABLE,RELIABLE,RELIABLE,RELIABLE,RELIABLE,RELIABLE,RELIABLE,RELIABLE,STATIONARY,STATIONARY,STATIONARY,STATIONARY,STATIONARY,STATIONARY,STATIONARY,STATIONARY,STATIONARY
79776,2371,3,RIGHT_LEG,0.12292696,0.00042623,0.00346734,0.00986399,0.00962218,0.01090412,0.00873887,0.01152228,0.00839890,0.02374606,0.02177324,RELIABLE,RELIABLE,RELIABLE,RELIABLE,RELIABLE,RELIABLE,RELIABLE,RELIABLE,STATIONARY,STATIONARY,STATIONARY,STATIONARY,STATIONARY,STATIONARY,STATIONARY,STATIONARY,STATIONARY
79808,2372,3,RIGHT_LEG,0.12302984,0.00079351,0.00644977,0.00891749,0.00904950,0.00969813,0.00858879,0.01074950,0.00828563,0.02507361,0.02151850,RELIABLE,RELIABLE,RELIABLE,RELIABLE,RELIABLE,RELIABLE,RELIABLE,RELIABLE,STATIONARY,STATIONARY,STATIONARY,STATIONARY,STATIONARY,STATIONARY,STATIONARY,STATIONARY,STATIONARY
79839,2373,3,RIGHT_LEG,0.12299691,0.00112312,0.00913125,0.00908561,0.00811784,0.00877109,0.00895328,0.01062881,0.00821817,0.02350708,0.02155135,RELIABLE,RELIABLE,RELIABLE,RELIABLE,RELIABLE,RELIABLE,RELIABLE,RELIABLE,STATIONARY,STATIONARY,STATIONARY,STATIONARY,STATIONARY,STATIONARY,STATIONARY,STATIONARY,STATIONARY
79871,2374,3,RIGHT_LEG,0.12287645,0.00086162,0.00701208,0.00873802,0.00925632,0.00812473,0.00893493,0.01029607,0.00900828,0.02345388,0.02110700,RELIABLE,RELIABLE,RELIABLE,RELIABLE,RELIABLE,RELIABLE,RELIABLE,RELIABLE,STATIONARY,STATIONARY,STATIONARY,STATIONARY,STATIONARY,STATIONARY,STATIONARY,STATIONARY,STATIONARY
79902,2375,3,RIGHT_LEG,0.12304169,0.00090585,0.00736217,0.00749061,0.00749972,0.00658170,0.00922404,0.01109379,0.00943290,0.02372682,0.02416890,RELIABLE,RELIABLE,RELIABLE,RELIABLE,RELIABLE,RELIABLE,RELIABLE,RELIABLE,STATIONARY,STATIONARY,STATIONARY,STATIONARY,STATIONARY,STATIONARY,STATIONARY,STATIONARY,STATIONARY
79936,2376,3,RIGHT_LEG,0.12378344,0.00070117,0.00566449,0.00698500,0.00645591,0.00637161,0.00960772,0.01188967,0.01215722,0.02614047,0.02727719,RELIABLE,RELIABLE,RELIABLE,RELIABLE,RELIABLE,RELIABLE,RELIABLE,RELIABLE,STATIONARY,STATIONARY,STATIONARY,STATIONARY,STATIONARY,STATIONARY,STATIONARY,STATIONARY,STATIONARY
79966,2377,3,RIGHT_LEG,0.12395926,0.00218774,0.01764886,0.00790956,0.00914354,0.00804015,0.00950535,0.01093345,0.01285259,0.02595902,0.02754043,RELIABLE,RELIABLE,RELIABLE,RELIABLE,RELIABLE,RELIABLE,RELIABLE,RELIABLE,STATIONARY,STATIONARY,STATIONARY,STATIONARY,STATIONARY,STATIONARY,STATIONARY,STATIONARY,STATIONARY
79998,2378,3,RIGHT_LEG,0.12414259,0.00131901,0.01062497,0.00842012,0.00984390,0.00776398,0.00971229,0.01234408,0.01436691,0.02479855,0.02908751,RELIABLE,RELIABLE,RELIABLE,RELIABLE,RELIABLE,RELIABLE,RELIABLE,RELIABLE,STATIONARY,STATIONARY,STATIONARY,STATIONARY,STATIONARY,STATIONARY,STATIONARY,STATIONARY,STATIONARY
80042,2379,3,RIGHT_LEG,0.12365548,0.00146675,0.01186162,0.00946940,0.01086257,0.00978161,0.01010337,0.01348484,0.01416649,0.02552986,0.02901496,RELIABLE,RELIABLE,RELIABLE,RELIABLE,RELIABLE,RELIABLE,RELIABLE,RELIABLE,STATIONARY,STATIONARY,STATIONARY,STATIONARY,STATIONARY,STATIONARY,STATIONARY,STATIONARY,STATIONARY
80076,2380,3,RIGHT_LEG,0.12310550,0.00124938,0.01014882,0.00993178,0.01289920,0.01180570,0.01276701,0.01635740,0.01539011,0.02581597,0.03123822,RELIABLE,RELIABLE,RELIABLE,RELIABLE,RELIABLE,RELIABLE,RELIABLE,RELIABLE,STATIONARY,STATIONARY,STATIONARY,STATIONARY,STATIONARY,STATIONARY,STATIONARY,STATIONARY,STATIONARY
80108,2381,3,RIGHT_LEG,0.12269816,0.00177937,0.01450198,0.01060312,0.01594289,0.01317091,0.01429776,0.01674752,0.01745547,0.02855073,0.03336429,RELIABLE,RELIABLE,RELIABLE,RELIABLE,RELIABLE,RELIABLE,RELIABLE,RELIABLE,STATIONARY,STATIONARY,STATIONARY,STATIONARY,STATIONARY,STATIONARY,STATIONARY,STATIONARY,STATIONARY
80140,2382,3,RIGHT_LEG,0.12257634,0.00177988,0.01452062,0.01154169,0.01824180,0.01591663,0.01615849,0.01868195,0.01931035,0.02977626,0.03540887,RELIABLE,RELIABLE,RELIABLE,RELIABLE,RELIABLE,RELIABLE,RELIABLE,RELIABLE,STATIONARY,STATIONARY,STATIONARY,STATIONARY,STATIONARY,STATIONARY,STATIONARY,MOVING,MOVING
80171,2383,3,RIGHT_LEG,0.12274045,0.00130050,0.01059553,0.01194586,0.01945160,0.01694360,0.01777221,0.02140052,0.02291830,0.03045702,0.03484682,RELIABLE,RELIABLE,RELIABLE,RELIABLE,RELIABLE,RELIABLE,RELIABLE,RELIABLE,STATIONARY,STATIONARY,STATIONARY,STATIONARY,STATIONARY,STATIONARY,STATIONARY,MOVING,MOVING
80203,2384,3,RIGHT_LEG,0.12306545,0.00178088,0.01447101,0.01304667,0.02247783,0.01948545,0.01936702,0.02257431,0.02209202,0.02715258,0.02939561,RELIABLE,RELIABLE,RELIABLE,RELIABLE,RELIABLE,RELIABLE,RELIABLE,RELIABLE,STATIONARY,STATIONARY,STATIONARY,STATIONARY,STATIONARY,STATIONARY,STATIONARY,MOVING,MOVING
80234,2385,3,RIGHT_LEG,0.12361348,0.00126790,0.01025699,0.01212269,0.02115784,0.01977415,0.02114579,0.02599664,0.02324738,0.03151562,0.03202244,RELIABLE,RELIABLE,RELIABLE,RELIABLE,RELIABLE,RELIABLE,RELIABLE,RELIABLE,STATIONARY,STATIONARY,STATIONARY,STATIONARY,STATIONARY,STATIONARY,STATIONARY,MOVING,MOVING
80266,2386,3,RIGHT_LEG,0.12338166,0.00213212,0.01728066,0.01295465,0.02499848,0.02359621,0.02442838,0.02624143,0.02457790,0.04405438,0.03582849,RELIABLE,RELIABLE,RELIABLE,RELIABLE,RELIABLE,RELIABLE,RELIABLE,PARTIAL,STATIONARY,STATIONARY,STATIONARY,STATIONARY,STATIONARY,STATIONARY,STATIONARY,MOVING,MOVING
80298,2387,3,RIGHT_LEG,0.12324008,0.00128847,0.01045494,0.01277882,0.02484727,0.02310989,0.02599724,0.02725503,0.02654764,0.04788572,0.03584467,RELIABLE,RELIABLE,RELIABLE,RELIABLE,RELIABLE,RELIABLE,RELIABLE,RELIABLE,STATIONARY,STATIONARY,STATIONARY,STATIONARY,STATIONARY,STATIONARY,STATIONARY,MOVING,MOVING
80329,2388,3,RIGHT_LEG,0.12285594,0.00206645,0.01682009,0.01361272,0.02667026,0.02369878,0.02541497,0.02642127,0.02783937,0.06082637,0.03817844,RELIABLE,RELIABLE,RELIABLE,RELIABLE,RELIABLE,RELIABLE,RELIABLE,RELIABLE,STATIONARY,STATIONARY,STATIONARY,STATIONARY,STATIONARY,STATIONARY,MOVING,MOVING,MOVING
80361,2389,3,RIGHT_LEG,0.12309932,0.00145206,0.01179587,0.01327446,0.02582307,0.02405826,0.02600334,0.02728447,0.02804651,0.07810330,0.03906261,RELIABLE,RELIABLE,RELIABLE,RELIABLE,RELIABLE,RELIABLE,RELIABLE,RELIABLE,STATIONARY,STATIONARY,STATIONARY,STATIONARY,STATIONARY,STATIONARY,MOVING,MOVING,MOVING
80394,2390,3,RIGHT_LEG,0.12321119,0.00168769,0.01369754,0.01317158,0.02527081,0.02445546,0.02654699,0.02669717,0.02819722,0.09745215,0.04348175,RELIABLE,RELIABLE,RELIABLE,RELIABLE,RELIABLE,RELIABLE,RELIABLE,RELIABLE,STATIONARY,STATIONARY,STATIONARY,STATIONARY,STATIONARY,STATIONARY,MOVING,MOVING,MOVING
80443,2391,3,RIGHT_LEG,0.12369703,0.00101079,0.00817146,0.01286857,0.02416416,0.02421848,0.02790524,0.02495502,0.02604255,0.11844227,0.04791250,RELIABLE,RELIABLE,RELIABLE,RELIABLE,RELIABLE,RELIABLE,RELIABLE,RELIABLE,STATIONARY,STATIONARY,STATIONARY,STATIONARY,STATIONARY,STATIONARY,MOVING,MOVING,MOVING
80474,2392,3,RIGHT_LEG,0.12378390,0.00129624,0.01047176,0.01236866,0.02296341,0.02376599,0.02619535,0.02404230,0.02492942,0.13348864,0.05026467,RELIABLE,RELIABLE,RELIABLE,RELIABLE,RELIABLE,RELIABLE,RELIABLE,PARTIAL,STATIONARY,STATIONARY,STATIONARY,STATIONARY,STATIONARY,STATIONARY,MOVING,MOVING,MOVING
80505,2393,3,RIGHT_LEG,0.12395035,0.00141991,0.01145545,0.01251847,0.02203850,0.02308352,0.02590125,0.02270486,0.02363389,0.14501518,0.05091402,RELIABLE,RELIABLE,RELIABLE,RELIABLE,RELIABLE,RELIABLE,RELIABLE,RELIABLE,STATIONARY,STATIONARY,STATIONARY,STATIONARY,STATIONARY,STATIONARY,MOVING,MOVING,MOVING
80537,2394,3,RIGHT_LEG,0.12377880,0.00136727,0.01104606,0.01173915,0.01802356,0.02058597,0.02570677,0.02199885,0.02251228,0.14460826,0.04969008,RELIABLE,RELIABLE,RELIABLE,RELIABLE,RELIABLE,RELIABLE,RELIABLE,RELIABLE,STATIONARY,STATIONARY,STATIONARY,STATIONARY,STATIONARY,STATIONARY,MOVING,MOVING,MOVING
80570,2395,3,RIGHT_LEG,0.12413659,0.00164939,0.01328690,0.01209314,0.01903461,0.02064234,0.02408174,0.02072982,0.02084186,0.14656993,0.05313006,RELIABLE,RELIABLE,RELIABLE,PARTIAL,RELIABLE,RELIABLE,RELIABLE,RELIABLE,STATIONARY,STATIONARY,STATIONARY,STATIONARY,STATIONARY,STATIONARY,MOVING,MOVING,MOVING
80601,2396,3,RIGHT_LEG,0.12415886,0.00111117,0.00894958,0.01110933,0.01574456,0.01834076,0.02320270,0.01921448,0.01954272,0.13671059,0.05310877,RELIABLE,RELIABLE,RELIABLE,RELIABLE,RELIABLE,RELIABLE,RELIABLE,RELIABLE,STATIONARY,STATIONARY,STATIONARY,STATIONARY,STATIONARY,STATIONARY,MOVING,MOVING,MOVING
80634,2397,3,RIGHT_LEG,0.12404499,0.00112933,0.00910419,0.01077287,0.01425131,0.01758575,0.02168093,0.01765441,0.01723021,0.11627310,0.05424040,RELIABLE,RELIABLE,RELIABLE,PARTIAL,RELIABLE,RELIABLE,RELIABLE,RELIABLE,STATIONARY,STATIONARY,STATIONARY,STATIONARY,STATIONARY,STATIONARY,MOVING,MOVING,MOVING
80674,2398,3,RIGHT_LEG,0.12414525,0.00141157,0.01137027,0.01048196,0.01344560,0.01554989,0.01888935,0.01677510,0.01519519,0.09838386,0.04950037,RELIABLE,RELIABLE,RELIABLE,RELIABLE,RELIABLE,RELIABLE,RELIABLE,RELIABLE,STATIONARY,STATIONARY,STATIONARY,STATIONARY,STATIONARY,STATIONARY,MOVING,MOVING,MOVING
80705,2399,3,RIGHT_LEG,0.12417971,0.00111518,0.00898034,0.01058307,0.01334671,0.01517321,0.01738921,0.01561099,0.01487170,0.08307690,0.04614379,RELIABLE,RELIABLE,RELIABLE,PARTIAL,RELIABLE,RELIABLE,RELIABLE,RELIABLE,STATIONARY,STATIONARY,STATIONARY,STATIONARY,STATIONARY,STATIONARY,MOVING,MOVING,MOVING
80736,2400,3,RIGHT_LEG,0.12454210,0.00174206,0.01398775,0.01102257,0.01394943,0.01381897,0.01735340,0.01666136,0.01552916,0.08084294,0.04539261,RELIABLE,RELIABLE,RELIABLE,PARTIAL,RELIABLE,RELIABLE,RELIABLE,RELIABLE,STATIONARY,STATIONARY,STATIONARY,STATIONARY,STATIONARY,STATIONARY,MOVING,MOVING,MOVING
80768,2401,3,RIGHT_LEG,0.12449085,0.00123493,0.00991981,0.01083061,0.01396116,0.01336333,0.01777778,0.01533563,0.01533408,0.08257907,0.04585588,RELIABLE,RELIABLE,RELIABLE,RELIABLE,RELIABLE,RELIABLE,RELIABLE,RELIABLE,STATIONARY,STATIONARY,STATIONARY,STATIONARY,STATIONARY,STATIONARY,MOVING,MOVING,MOVING
80810,2402,3,RIGHT_LEG,0.12394241,0.00134764,0.01087314,0.01080900,0.01612635,0.01418547,0.01780831,0.01554415,0.01585585,0.09281156,0.04358914,RELIABLE,RELIABLE,RELIABLE,RELIABLE,RELIABLE,RELIABLE,RELIABLE,PARTIAL,STATIONARY,STATIONARY,STATIONARY,STATIONARY,STATIONARY,STATIONARY,MOVING,MOVING,MOVING
80846,2403,3,RIGHT_LEG,0.12338787,0.00127780,0.01035598,0.01044263,0.01632683,0.01370386,0.01901126,0.01465815,0.01546603,0.08957424,0.03816658,RELIABLE,RELIABLE,RELIABLE,RELIABLE,RELIABLE,RELIABLE,RELIABLE,RELIABLE,STATIONARY,STATIONARY,STATIONARY,STATIONARY,STATIONARY,STATIONARY,MOVING,MOVING,MOVING
80878,2404,3,RIGHT_LEG,0.12287202,0.00123251,0.01003087,0.01057779,0.01685762,0.01417168,0.02036673,0.01450182,0.01514284,0.09126142,,RELIABLE,RELIABLE,RELIABLE,RELIABLE,RELIABLE,RELIABLE,RELIABLE,UNRELIABLE,STATIONARY,STATIONARY,STATIONARY,STATIONARY,STATIONARY,STATIONARY,MOVING,UNCERTAIN,MOVING
80909,2405,3,RIGHT_LEG,0.12268692,0.00123652,0.01007865,0.01069960,0.01720694,0.01435771,0.02256414,0.01472259,0.01573622,0.12258251,,RELIABLE,RELIABLE,RELIABLE,RELIABLE,RELIABLE,RELIABLE,RELIABLE,RELIABLE,STATIONARY,STATIONARY,STATIONARY,STATIONARY,STATIONARY,STATIONARY,MOVING,UNCERTAIN,MOVING
80940,2406,3,RIGHT_LEG,0.12220030,0.00130372,0.01066868,0.01061190,0.01659341,0.01375464,0.02456555,0.01449603,0.01783355,0.14582167,0.07240414,RELIABLE,RELIABLE,RELIABLE,RELIABLE,RELIABLE,RELIABLE,RELIABLE,RELIABLE,STATIONARY,STATIONARY,STATIONARY,STATIONARY,STATIONARY,STATIONARY,MOVING,STATIONARY,MOVING
80972,2407,3,RIGHT_LEG,0.12224932,0.00092814,0.00759223,0.01043839,0.01632437,0.01275737,0.02294048,0.01364483,0.01764952,0.15422032,0.07091016,RELIABLE,RELIABLE,RELIABLE,RELIABLE,RELIABLE,RELIABLE,RELIABLE,RELIABLE,STATIONARY,STATIONARY,STATIONARY,STATIONARY,STATIONARY,STATIONARY,MOVING,STATIONARY,MOVING
81003,2408,3,RIGHT_LEG,0.12153249,0.00272471,0.02241963,0.01149237,0.01699900,0.01534386,0.02228447,0.01160689,0.01670609,0.14659300,0.05896176,RELIABLE,RELIABLE,RELIABLE,RELIABLE,RELIABLE,RELIABLE,RELIABLE,PARTIAL,STATIONARY,STATIONARY,STATIONARY,STATIONARY,STATIONARY,STATIONARY,MOVING,MOVING,MOVING
81034,2409,3,RIGHT_LEG,0.12110450,0.00197322,0.01629352,0.01228909,0.01814662,0.01655602,0.02081855,0.01078307,0.01687124,0.13568320,0.05264253,RELIABLE,RELIABLE,RELIABLE,RELIABLE,RELIABLE,RELIABLE,RELIABLE,PARTIAL,STATIONARY,STATIONARY,STATIONARY,STATIONARY,STATIONARY,STATIONARY,MOVING,MOVING,MOVING
81065,2410,3,RIGHT_LEG,0.12082045,0.00068805,0.00569479,0.01164179,0.01662012,0.01508094,0.01871105,0.00980946,0.01564928,0.11841053,0.05010497,RELIABLE,RELIABLE,RELIABLE,RELIABLE,RELIABLE,RELIABLE,RELIABLE,RELIABLE,STATIONARY,STATIONARY,STATIONARY,STATIONARY,STATIONARY,STATIONARY,MOVING,MOVING,MOVING
81098,2411,3,RIGHT_LEG,0.12075672,0.00063550,0.00526269,0.01100513,0.01465536,0.01447937,0.01679197,0.00913782,0.01498546,0.11501693,0.04601406,RELIABLE,RELIABLE,RELIABLE,RELIABLE,RELIABLE,RELIABLE,RELIABLE,RELIABLE,STATIONARY,STATIONARY,STATIONARY,STATIONARY,STATIONARY,STATIONARY,MOVING,MOVING,MOVING
81130,2412,3,RIGHT_LEG,0.12094431,0.00052037,0.00430255,0.01028909,0.01353895,0.01303940,0.01467674,0.00924452,0.01510450,0.11486892,0.04310497,RELIABLE,RELIABLE,RELIABLE,RELIABLE,RELIABLE,RELIABLE,RELIABLE,RELIABLE,STATIONARY,STATIONARY,STATIONARY,STATIONARY,STATIONARY,STATIONARY,MOVING,MOVING,MOVING
81161,2413,3,RIGHT_LEG,0.12048286,0.00085041,0.00705832,0.00991155,0.01350795,0.01258390,0.01147519,0.00970460,0.01499561,0.09274854,0.04548779,RELIABLE,RELIABLE,RELIABLE,RELIABLE,RELIABLE,RELIABLE,RELIABLE,RELIABLE,STATIONARY,STATIONARY,STATIONARY,STATIONARY,STATIONARY,STATIONARY,MOVING,MOVING,MOVING
81212,2414,3,RIGHT_LEG,0.11991941,0.00139314,0.01161731,0.01003013,0.01368701,0.01293734,0.01013311,0.00985807,0.01211567,0.07065009,0.04160056,RELIABLE,RELIABLE,RELIABLE,RELIABLE,RELIABLE,RELIABLE,RELIABLE,RELIABLE,STATIONARY,STATIONARY,STATIONARY,STATIONARY,STATIONARY,STATIONARY,MOVING,MOVING,MOVING
81242,2415,3,RIGHT_LEG,0.11960119,0.00073288,0.00612766,0.00984706,0.01347173,0.01352294,0.00965501,0.00990496,0.01091181,0.05631727,0.03553261,RELIABLE,RELIABLE,RELIABLE,RELIABLE,RELIABLE,RELIABLE,RELIABLE,RELIABLE,STATIONARY,STATIONARY,STATIONARY,STATIONARY,STATIONARY,STATIONARY,MOVING,MOVING,MOVING
81273,2416,3,RIGHT_LEG,0.11948958,0.00087941,0.00735974,0.00796457,0.01011676,0.01030199,0.01023787,0.00884245,0.01007679,0.04863680,0.03351424,RELIABLE,RELIABLE,RELIABLE,RELIABLE,RELIABLE,RELIABLE,RELIABLE,RELIABLE,STATIONARY,STATIONARY,STATIONARY,STATIONARY,STATIONARY,STATIONARY,MOVING,MOVING,MOVING
81305,2417,3,RIGHT_LEG,0.11988567,0.00176049,0.01468478,0.00776348,0.00981133,0.00996565,0.00963472,0.01006065,0.01182297,0.04331601,0.03300859,RELIABLE,RELIABLE,RELIABLE,RELIABLE,RELIABLE,RELIABLE,RELIABLE,RELIABLE,STATIONARY,STATIONARY,STATIONARY,STATIONARY,STATIONARY,STATIONARY,MOVING,MOVING,MOVING
81337,2418,3,RIGHT_LEG,0.11999881,0.00099706,0.00830895,0.00809025,0.00980828,0.00990121,0.00810351,0.01009424,0.01121065,0.03992958,0.02993075,RELIABLE,RELIABLE,RELIABLE,RELIABLE,RELIABLE,RELIABLE,RELIABLE,RELIABLE,STATIONARY,STATIONARY,STATIONARY,STATIONARY,STATIONARY,STATIONARY,MOVING,MOVING,MOVING
81370,2419,3,RIGHT_LEG,0.12010516,0.00068676,0.00571800,0.00814716,0.01019982,0.00994294,0.00752874,0.00952412,0.01147765,0.03784770,0.02901632,RELIABLE,RELIABLE,RELIABLE,RELIABLE,RELIABLE,RELIABLE,RELIABLE,RELIABLE,STATIONARY,STATIONARY,STATIONARY,STATIONARY,STATIONARY,STATIONARY,MOVING,MOVING,MOVING
81402,2420,3,RIGHT_LEG,0.12072768,0.00130377,0.01079927,0.00895925,0.01111487,0.01116604,0.00770281,0.00988888,0.01177645,0.04157422,0.03066014,RELIABLE,RELIABLE,RELIABLE,RELIABLE,RELIABLE,RELIABLE,RELIABLE,PARTIAL,STATIONARY,STATIONARY,STATIONARY,STATIONARY,STATIONARY,STATIONARY,MOVING,MOVING,MOVING
81434,2421,3,RIGHT_LEG,0.12058347,0.00172502,0.01430563,0.00986517,0.01304376,0.01303411,0.00809984,0.00894577,0.01151661,0.03923534,0.02534920,RELIABLE,RELIABLE,RELIABLE,RELIABLE,RELIABLE,RELIABLE,PARTIAL,PARTIAL,STATIONARY,STATIONARY,STATIONARY,STATIONARY,STATIONARY,STATIONARY,MOVING,MOVING,MOVING
81466,2422,3,RIGHT_LEG,0.12102121,0.00075759,0.00626002,0.00919551,0.01241974,0.01254696,0.00841065,0.01025917,0.01303176,0.03905454,0.02476989,RELIABLE,RELIABLE,RELIABLE,RELIABLE,RELIABLE,RELIABLE,RELIABLE,RELIABLE,STATIONARY,STATIONARY,STATIONARY,STATIONARY,STATIONARY,STATIONARY,MOVING,MOVING,MOVING
81498,2423,3,RIGHT_LEG,0.12146968,0.00148229,0.01220295,0.00995492,0.01340559,0.01252020,0.00999907,0.01082777,0.01391789,0.05201435,0.02556739,RELIABLE,RELIABLE,RELIABLE,RELIABLE,RELIABLE,RELIABLE,RELIABLE,RELIABLE,STATIONARY,STATIONARY,STATIONARY,STATIONARY,STATIONARY,STATIONARY,MOVING,MOVING,MOVING
81530,2424,3,RIGHT_LEG,0.12145588,0.00043913,0.00361551,0.00948689,0.01339293,0.01220569,0.00977175,0.01173391,0.01577972,0.05817994,0.03064527,RELIABLE,RELIABLE,RELIABLE,RELIABLE,RELIABLE,RELIABLE,RELIABLE,RELIABLE,STATIONARY,STATIONARY,STATIONARY,STATIONARY,STATIONARY,STATIONARY,MOVING,MOVING,MOVING
81561,2425,3,RIGHT_LEG,0.12172984,0.00083268,0.00684041,0.00850634,0.01216221,0.01026860,0.01086632,0.01066327,0.01436442,0.06181171,0.03536612,RELIABLE,RELIABLE,RELIABLE,RELIABLE,RELIABLE,RELIABLE,RELIABLE,RELIABLE,STATIONARY,STATIONARY,STATIONARY,STATIONARY,STATIONARY,STATIONARY,MOVING,MOVING,MOVING
81610,2426,3,RIGHT_LEG,0.12179054,0.00099225,0.00814717,0.00848612,0.01213670,0.01025804,0.01161380,0.01012919,0.01503336,0.07135981,0.03528138,RELIABLE,RELIABLE,RELIABLE,RELIABLE,RELIABLE,RELIABLE,RELIABLE,PARTIAL,STATIONARY,STATIONARY,STATIONARY,STATIONARY,STATIONARY,STATIONARY,MOVING,MOVING,MOVING
81650,2427,3,RIGHT_LEG,0.12247580,0.00052641,0.00429809,0.00830863,0.01169966,0.00967286,0.01501321,0.01046591,0.01602274,0.09211458,0.03441201,RELIABLE,RELIABLE,RELIABLE,RELIABLE,RELIABLE,RELIABLE,RELIABLE,RELIABLE,STATIONARY,STATIONARY,STATIONARY,STATIONARY,STATIONARY,STATIONARY,MOVING,MOVING,MOVING
81681,2428,3,RIGHT_LEG,0.12303196,0.00066665,0.00541855,0.00763604,0.01067726,0.00861195,0.01816797,0.00980743,0.01573091,0.11051399,0.03820805,RELIABLE,RELIABLE,RELIABLE,RELIABLE,RELIABLE,RELIABLE,RELIABLE,RELIABLE,STATIONARY,STATIONARY,STATIONARY,STATIONARY,STATIONARY,STATIONARY,MOVING,MOVING,MOVING
81712,2429,3,RIGHT_LEG,0.12314394,0.00083229,0.00675866,0.00669267,0.00870766,0.00710448,0.02015243,0.00965594,0.01510920,0.12658788,0.04016990,RELIABLE,RELIABLE,RELIABLE,RELIABLE,RELIABLE,RELIABLE,RELIABLE,RELIABLE,STATIONARY,STATIONARY,STATIONARY,STATIONARY,STATIONARY,STATIONARY,MOVING,MOVING,MOVING
81744,2430,3,RIGHT_LEG,0.12374818,0.00122257,0.00987950,0.00714511,0.00853982,0.00696714,0.02339558,0.01097371,0.01444149,0.13558616,0.04430664,RELIABLE,RELIABLE,RELIABLE,RELIABLE,RELIABLE,RELIABLE,RELIABLE,RELIABLE,STATIONARY,STATIONARY,STATIONARY,STATIONARY,STATIONARY,STATIONARY,MOVING,MOVING,MOVING
81775,2431,3,RIGHT_LEG,0.12394723,0.00069691,0.00562265,0.00632257,0.00744617,0.00666709,0.02242970,0.01019545,0.01342515,0.13441855,0.04408853,RELIABLE,RELIABLE,RELIABLE,RELIABLE,RELIABLE,RELIABLE,RELIABLE,RELIABLE,STATIONARY,STATIONARY,STATIONARY,STATIONARY,STATIONARY,STATIONARY,MOVING,MOVING,MOVING
81807,2432,3,RIGHT_LEG,0.12390184,0.00048352,0.00390246,0.00635844,0.00762742,0.00717146,0.02295883,0.01004782,0.01161578,0.14018428,0.04330530,RELIABLE,RELIABLE,RELIABLE,PARTIAL,RELIABLE,RELIABLE,RELIABLE,RELIABLE,STATIONARY,STATIONARY,STATIONARY,STATIONARY,STATIONARY,STATIONARY,MOVING,MOVING,MOVING
81838,2433,3,RIGHT_LEG,0.12389721,0.00077073,0.00622071,0.00628097,0.00731379,0.00726110,0.02212217,0.01056326,0.01108137,0.14382030,0.03954419,RELIABLE,RELIABLE,RELIABLE,RELIABLE,RELIABLE,RELIABLE,RELIABLE,RELIABLE,STATIONARY,STATIONARY,STATIONARY,STATIONARY,STATIONARY,STATIONARY,MOVING,MOVING,MOVING
81869,2434,3,RIGHT_LEG,0.12398922,0.00083836,0.00676158,0.00610777,0.00664746,0.00695508,0.02273736,0.01151996,0.01153324,0.13922726,0.04302757,RELIABLE,RELIABLE,RELIABLE,RELIABLE,RELIABLE,RELIABLE,RELIABLE,RELIABLE,STATIONARY,STATIONARY,STATIONARY,STATIONARY,STATIONARY,STATIONARY,MOVING,MOVING,MOVING
81901,2435,3,RIGHT_LEG,0.12429765,0.00102307,0.00823078,0.00659936,0.00727461,0.00737160,0.01972272,0.01176465,0.01072498,0.12141655,0.04349653,RELIABLE,RELIABLE,RELIABLE,RELIABLE,RELIABLE,RELIABLE,RELIABLE,RELIABLE,STATIONARY,STATIONARY,STATIONARY,STATIONARY,STATIONARY,STATIONARY,MOVING,MOVING,MOVING
81931,2436,3,RIGHT_LEG,0.12395139,0.00119551,0.00964495,0.00712766,0.00823445,0.00733956,0.01609661,0.01145780,0.00987945,0.09565207,0.03892470,RELIABLE,RELIABLE,RELIABLE,PARTIAL,RELIABLE,RELIABLE,RELIABLE,RELIABLE,STATIONARY,STATIONARY,STATIONARY,STATIONARY,STATIONARY,STATIONARY,MOVING,MOVING,MOVING
81978,2437,3,RIGHT_LEG,0.12408690,0.00117164,0.00944207,0.00746309,0.00896393,0.00727804,0.01417527,0.01137618,0.01059981,0.07418263,0.03979460,RELIABLE,RELIABLE,RELIABLE,PARTIAL,RELIABLE,RELIABLE,RELIABLE,RELIABLE,STATIONARY,STATIONARY,STATIONARY,STATIONARY,STATIONARY,STATIONARY,MOVING,MOVING,MOVING
82009,2438,3,RIGHT_LEG,0.12443140,0.00064994,0.00522325,0.00688106,0.00868789,0.00727846,0.01032728,0.00816377,0.01008992,0.06125778,0.03478763,RELIABLE,RELIABLE,RELIABLE,PARTIAL,RELIABLE,RELIABLE,RELIABLE,RELIABLE,STATIONARY,STATIONARY,STATIONARY,STATIONARY,STATIONARY,STATIONARY,MOVING,MOVING,MOVING
82042,2439,3,RIGHT_LEG,0.12483731,0.00101428,0.00812479,0.00719382,0.00956974,0.00830059,0.01058995,0.00864958,0.01020919,0.04849393,0.03933495,RELIABLE,RELIABLE,RELIABLE,PARTIAL,RELIABLE,RELIABLE,RELIABLE,RELIABLE,STATIONARY,STATIONARY,STATIONARY,STATIONARY,STATIONARY,STATIONARY,MOVING,MOVING,MOVING
82073,2440,3,RIGHT_LEG,0.12551306,0.00039665,0.00316021,0.00710104,0.00943050,0.00829800,0.01029157,0.00898659,0.01023548,0.04039769,0.04068498,RELIABLE,RELIABLE,RELIABLE,PARTIAL,RELIABLE,RELIABLE,RELIABLE,RELIABLE,STATIONARY,STATIONARY,STATIONARY,STATIONARY,STATIONARY,STATIONARY,MOVING,MOVING,MOVING
82106,2441,3,RIGHT_LEG,0.12545055,0.00027398,0.00218399,0.00659645,0.00910476,0.00797406,0.01075759,0.00787788,0.01019003,0.03508181,0.04337739,RELIABLE,RELIABLE,RELIABLE,PARTIAL,RELIABLE,RELIABLE,RELIABLE,RELIABLE,STATIONARY,STATIONARY,STATIONARY,STATIONARY,STATIONARY,STATIONARY,MOVING,MOVING,MOVING
82137,2442,3,RIGHT_LEG,0.12530842,0.00093920,0.00749508,0.00668814,0.00899862,0.00799929,0.01151733,0.00760946,0.00863953,0.03414180,0.04120495,RELIABLE,RELIABLE,RELIABLE,PARTIAL,RELIABLE,RELIABLE,RELIABLE,RELIABLE,STATIONARY,STATIONARY,STATIONARY,STATIONARY,STATIONARY,STATIONARY,MOVING,MOVING,MOVING
82170,2443,3,RIGHT_LEG,0.12484780,0.00117959,0.00944822,0.00684032,0.00891266,0.00838042,0.01222944,0.00771410,0.00834456,0.03690430,0.04735184,RELIABLE,RELIABLE,RELIABLE,PARTIAL,RELIABLE,RELIABLE,RELIABLE,RELIABLE,STATIONARY,STATIONARY,STATIONARY,STATIONARY,STATIONARY,STATIONARY,MOVING,MOVING,MOVING
82202,2444,3,RIGHT_LEG,0.12454828,0.00113968,0.00915053,0.00677852,0.00868389,0.00915368,0.01314847,0.00867608,0.00918948,0.04098953,0.05038930,RELIABLE,RELIABLE,RELIABLE,PARTIAL,RELIABLE,RELIABLE,RELIABLE,RELIABLE,STATIONARY,STATIONARY,STATIONARY,STATIONARY,STATIONARY,STATIONARY,MOVING,MOVING,MOVING
82242,2445,3,RIGHT_LEG,0.12412663,0.00137927,0.01111181,0.00698723,0.00840355,0.00911628,0.01414700,0.00852254,0.00882250,0.04732639,0.04986369,RELIABLE,RELIABLE,RELIABLE,PARTIAL,RELIABLE,RELIABLE,RELIABLE,PARTIAL,STATIONARY,STATIONARY,STATIONARY,STATIONARY,STATIONARY,STATIONARY,MOVING,MOVING,MOVING
82274,2446,3,RIGHT_LEG,0.12343783,0.00115589,0.00936411,0.00750484,0.00922111,0.00957675,0.01642723,0.00980080,0.00875042,0.05363483,0.04972484,RELIABLE,RELIABLE,RELIABLE,PARTIAL,RELIABLE,RELIABLE,RELIABLE,RELIABLE,STATIONARY,STATIONARY,STATIONARY,STATIONARY,STATIONARY,STATIONARY,MOVING,MOVING,MOVING
82306,2447,3,RIGHT_LEG,0.12325758,0.00055664,0.00451605,0.00705375,0.00850564,0.00901039,0.01712922,0.00983858,0.00840539,0.05841438,0.04447588,RELIABLE,RELIABLE,RELIABLE,PARTIAL,RELIABLE,RELIABLE,RELIABLE,RELIABLE,STATIONARY,STATIONARY,STATIONARY,STATIONARY,STATIONARY,STATIONARY,MOVING,MOVING,MOVING
82337,2448,3,RIGHT_LEG,0.12304454,0.00189065,0.01536558,0.00857942,0.01051870,0.01003819,0.01896289,0.00970582,0.00949057,0.06179192,0.04454076,RELIABLE,RELIABLE,RELIABLE,PARTIAL,RELIABLE,RELIABLE,RELIABLE,RELIABLE,STATIONARY,STATIONARY,STATIONARY,STATIONARY,STATIONARY,STATIONARY,MOVING,MOVING,MOVING
82378,2449,3,RIGHT_LEG,0.12305039,0.00070407,0.00572178,0.00902164,0.01076755,0.01040426,0.01805066,0.01013337,0.00858704,0.06469070,0.04090785,RELIABLE,RELIABLE,RELIABLE,PARTIAL,RELIABLE,RELIABLE,RELIABLE,RELIABLE,STATIONARY,STATIONARY,STATIONARY,STATIONARY,STATIONARY,STATIONARY,MOVING,MOVING,MOVING
82416,2450,3,RIGHT_LEG,0.12307918,0.00036604,0.00297398,0.00845651,0.01095938,0.01013487,0.01672214,0.00972603,0.00966957,0.06611007,0.04254851,RELIABLE,RELIABLE,RELIABLE,RELIABLE,RELIABLE,RELIABLE,RELIABLE,RELIABLE,STATIONARY,STATIONARY,STATIONARY,STATIONARY,STATIONARY,STATIONARY,MOVING,MOVING,MOVING
82448,2451,3,RIGHT_LEG,0.12315738,0.00191247,0.01552866,0.00921656,0.01224306,0.01164767,0.01731347,0.00978327,0.01044429,0.06416035,0.04071233,RELIABLE,RELIABLE,RELIABLE,RELIABLE,RELIABLE,RELIABLE,RELIABLE,RELIABLE,STATIONARY,STATIONARY,STATIONARY,STATIONARY,STATIONARY,STATIONARY,MOVING,MOVING,MOVING
82480,2452,3,RIGHT_LEG,0.12318938,0.00220814,0.01792477,0.01031334,0.01447112,0.01455330,0.01738243,0.00870343,0.01041692,0.06404623,0.04261540,RELIABLE,RELIABLE,RELIABLE,RELIABLE,RELIABLE,RELIABLE,RELIABLE,PARTIAL,STATIONARY,STATIONARY,STATIONARY,STATIONARY,STATIONARY,STATIONARY,MOVING,MOVING,MOVING
82512,2453,3,RIGHT_LEG,0.12292477,0.00140027,0.01139126,0.01034827,0.01325069,0.01429005,0.01881295,0.00917510,0.01022509,0.06200229,0.04050832,RELIABLE,RELIABLE,RELIABLE,RELIABLE,RELIABLE,RELIABLE,RELIABLE,PARTIAL,STATIONARY,STATIONARY,STATIONARY,STATIONARY,STATIONARY,STATIONARY,MOVING,MOVING,MOVING
82544,2454,3,RIGHT_LEG,0.12266429,0.00066361,0.00540997,0.00985401,0.01249140,0.01303791,0.01804767,0.00910940,0.01172449,0.06292703,0.04053166,RELIABLE,RELIABLE,RELIABLE,RELIABLE,RELIABLE,RELIABLE,RELIABLE,RELIABLE,STATIONARY,STATIONARY,STATIONARY,STATIONARY,STATIONARY,STATIONARY,MOVING,MOVING,MOVING
82575,2455,3,RIGHT_LEG,0.12237351,0.00174808,0.01428479,0.01107510,0.01444069,0.01444190,0.01813178,0.00911706,0.01238809,0.06449748,0.04285626,RELIABLE,RELIABLE,RELIABLE,RELIABLE,RELIABLE,RELIABLE,RELIABLE,PARTIAL,STATIONARY,STATIONARY,STATIONARY,STATIONARY,STATIONARY,STATIONARY,MOVING,MOVING,MOVING
82605,2456,3,RIGHT_LEG,0.12226292,0.00091669,0.00749765,0.01009161,0.01387176,0.01482329,0.01713125,0.00862213,0.01232925,0.06258836,0.03771176,RELIABLE,RELIABLE,RELIABLE,RELIABLE,RELIABLE,RELIABLE,RELIABLE,PARTIAL,STATIONARY,STATIONARY,STATIONARY,STATIONARY,STATIONARY,STATIONARY,MOVING,MOVING,MOVING
82638,2457,3,RIGHT_LEG,0.12267337,0.00111503,0.00908941,0.01051256,0.01413851,0.01462363,0.01784586,0.00865549,0.01275593,0.05955698,0.03482174,RELIABLE,RELIABLE,RELIABLE,RELIABLE,RELIABLE,RELIABLE,PARTIAL,PARTIAL,STATIONARY,STATIONARY,STATIONARY,STATIONARY,STATIONARY,STATIONARY,MOVING,MOVING,MOVING
82669,2458,3,RIGHT_LEG,0.12267200,0.00071133,0.00579863,0.01086564,0.01467994,0.01590113,0.01716925,0.01011673,0.01276648,0.05545206,0.03246097,RELIABLE,RELIABLE,RELIABLE,RELIABLE,RELIABLE,RELIABLE,PARTIAL,PARTIAL,STATIONARY,STATIONARY,STATIONARY,STATIONARY,STATIONARY,STATIONARY,MOVING,MOVING,MOVING
82700,2459,3,RIGHT_LEG,0.12226512,0.00114011,0.00932492,0.01009018,0.01266943,0.01337272,0.01643568,0.01087968,0.01238848,0.05461597,0.02808735,RELIABLE,RELIABLE,RELIABLE,RELIABLE,RELIABLE,RELIABLE,RELIABLE,PARTIAL,STATIONARY,STATIONARY,STATIONARY,STATIONARY,STATIONARY,STATIONARY,MOVING,MOVING,MOVING
82745,2460,3,RIGHT_LEG,0.12213548,0.00118870,0.00973268,0.00906616,0.01072944,0.01007185,0.01526988,0.01176967,0.01208120,0.05100927,0.02674435,RELIABLE,RELIABLE,RELIABLE,RELIABLE,RELIABLE,RELIABLE,RELIABLE,RELIABLE,STATIONARY,STATIONARY,STATIONARY,STATIONARY,STATIONARY,STATIONARY,MOVING,MOVING,MOVING
82780,2461,3,RIGHT_LEG,0.12222137,0.00075934,0.00621283,0.00841886,0.01052288,0.00910759,0.01265119,0.01244062,0.01322381,0.04882810,0.03107699,RELIABLE,RELIABLE,RELIABLE,RELIABLE,RELIABLE,RELIABLE,RELIABLE,RELIABLE,STATIONARY,STATIONARY,STATIONARY,STATIONARY,STATIONARY,STATIONARY,MOVING,MOVING,MOVING
82810,2462,3,RIGHT_LEG,0.12230484,0.00106164,0.00868025,0.00882764,0.01075156,0.01092510,0.01059048,0.01166788,0.01190946,0.04287222,0.03322965,RELIABLE,RELIABLE,RELIABLE,RELIABLE,RELIABLE,RELIABLE,RELIABLE,RELIABLE,STATIONARY,STATIONARY,STATIONARY,STATIONARY,STATIONARY,STATIONARY,MOVING,MOVING,MOVING
82842,2463,3,RIGHT_LEG,0.12205464,0.00107124,0.00877669,0.00813913,0.00918861,0.00949545,0.00938927,0.01284854,0.01196530,0.03714435,0.03063757,RELIABLE,RELIABLE,RELIABLE,RELIABLE,RELIABLE,RELIABLE,RELIABLE,RELIABLE,STATIONARY,STATIONARY,STATIONARY,STATIONARY,STATIONARY,STATIONARY,MOVING,MOVING,MOVING
82874,2464,3,RIGHT_LEG,0.12166670,0.00112450,0.00924248,0.00835723,0.00951135,0.00953189,0.00963371,0.01489809,0.01147252,0.03309643,0.02997108,RELIABLE,RELIABLE,RELIABLE,RELIABLE,RELIABLE,RELIABLE,RELIABLE,RELIABLE,STATIONARY,STATIONARY,STATIONARY,STATIONARY,STATIONARY,STATIONARY,MOVING,MOVING,MOVING
82906,2465,3,RIGHT_LEG,0.12173534,0.00088012,0.00722978,0.00812478,0.00961982,0.00942057,0.00965198,0.01546863,0.01218709,0.03318853,0.03384358,RELIABLE,RELIABLE,RELIABLE,RELIABLE,RELIABLE,RELIABLE,RELIABLE,RELIABLE,STATIONARY,STATIONARY,STATIONARY,STATIONARY,STATIONARY,STATIONARY,MOVING,MOVING,MOVING
82937,2466,3,RIGHT_LEG,0.12193136,0.00106557,0.00873909,0.00849234,0.00974704,0.00855401,0.01200602,0.01527661,0.01138218,0.03032546,0.03550533,RELIABLE,RELIABLE,RELIABLE,RELIABLE,RELIABLE,RELIABLE,RELIABLE,RELIABLE,STATIONARY,STATIONARY,STATIONARY,STATIONARY,STATIONARY,STATIONARY,MOVING,MOVING,MOVING
82970,2467,3,RIGHT_LEG,0.12221619,0.00097194,0.00795263,0.00832080,0.00953071,0.00918027,0.01235680,0.01473518,0.01175741,0.03223443,0.03796081,RELIABLE,RELIABLE,RELIABLE,RELIABLE,RELIABLE,RELIABLE,RELIABLE,RELIABLE,STATIONARY,STATIONARY,STATIONARY,STATIONARY,STATIONARY,STATIONARY,MOVING,MOVING,MOVING
83002,2468,3,RIGHT_LEG,0.12194991,0.00127419,0.01044850,0.00841028,0.01061995,0.01089800,0.01327157,0.01469235,0.01195398,0.03452036,0.04007099,RELIABLE,RELIABLE,RELIABLE,RELIABLE,RELIABLE,RELIABLE,RELIABLE,RELIABLE,STATIONARY,STATIONARY,STATIONARY,STATIONARY,STATIONARY,STATIONARY,MOVING,MOVING,MOVING
83034,2469,3,RIGHT_LEG,0.12168885,0.00191574,0.01574290,0.00960154,0.01284648,0.01274931,0.01290046,0.01491529,0.01165080,0.03672639,0.04036422,RELIABLE,RELIABLE,RELIABLE,RELIABLE,RELIABLE,RELIABLE,RELIABLE,RELIABLE,STATIONARY,STATIONARY,STATIONARY,STATIONARY,STATIONARY,STATIONARY,MOVING,MOVING,MOVING
83066,2470,3,RIGHT_LEG,0.12139859,0.00098205,0.00808947,0.00952769,0.01191131,0.01115827,0.01316475,0.01533877,0.01183247,0.03996055,0.04026814,RELIABLE,RELIABLE,RELIABLE,RELIABLE,RELIABLE,RELIABLE,RELIABLE,RELIABLE,STATIONARY,STATIONARY,STATIONARY,STATIONARY,STATIONARY,STATIONARY,MOVING,MOVING,MOVING
83098,2471,3,RIGHT_LEG,0.12141942,0.00121832,0.01003396,0.00968485,0.01216285,0.01053314,0.01357183,0.01496383,0.01150458,0.04056990,0.04035963,RELIABLE,RELIABLE,RELIABLE,RELIABLE,RELIABLE,RELIABLE,RELIABLE,RELIABLE,STATIONARY,STATIONARY,STATIONARY,STATIONARY,STATIONARY,STATIONARY,MOVING,MOVING,MOVING
83146,2472,3,RIGHT_LEG,0.12141583,0.00102341,0.00842895,0.00958316,0.01031758,0.00934095,0.01172772,0.01338547,0.01117088,0.04138207,0.04001397,RELIABLE,RELIABLE,RELIABLE,RELIABLE,RELIABLE,RELIABLE,RELIABLE,PARTIAL,STATIONARY,STATIONARY,STATIONARY,STATIONARY,STATIONARY,STATIONARY,MOVING,MOVING,MOVING
83187,2473,3,RIGHT_LEG,0.12141135,0.00051170,0.00421463,0.00920627,0.00924007,0.00908648,0.01047006,0.01246693,0.01005589,0.03767545,0.03626612,RELIABLE,RELIABLE,RELIABLE,RELIABLE,RELIABLE,RELIABLE,RELIABLE,PARTIAL,STATIONARY,STATIONARY,STATIONARY,STATIONARY,STATIONARY,STATIONARY,MOVING,MOVING,MOVING
83218,2474,3,RIGHT_LEG,0.12142547,0.00050601,0.00416723,0.00863478,0.00816549,0.00854958,0.00842122,0.01092126,0.00988916,0.03749008,0.03501365,RELIABLE,RELIABLE,RELIABLE,RELIABLE,RELIABLE,RELIABLE,RELIABLE,RELIABLE,STATIONARY,STATIONARY,STATIONARY,STATIONARY,STATIONARY,STATIONARY,MOVING,MOVING,MOVING
83250,2475,3,RIGHT_LEG,0.12140938,0.00090660,0.00746726,0.00857411,0.00951138,0.00869992,0.00698848,0.01040472,0.00927351,0.03233480,0.03638864,RELIABLE,RELIABLE,RELIABLE,PARTIAL,RELIABLE,RELIABLE,RELIABLE,RELIABLE,STATIONARY,STATIONARY,STATIONARY,STATIONARY,STATIONARY,STATIONARY,MOVING,MOVING,MOVING
83282,2476,3,RIGHT_LEG,0.12132088,0.00058789,0.00484572,0.00787377,0.00761415,0.00731982,0.00702178,0.01000542,0.00857003,0.02832384,0.03312722,RELIABLE,RELIABLE,RELIABLE,PARTIAL,RELIABLE,RELIABLE,RELIABLE,RELIABLE,STATIONARY,STATIONARY,STATIONARY,STATIONARY,STATIONARY,STATIONARY,MOVING,MOVING,MOVING
83314,2477,3,RIGHT_LEG,0.12096089,0.00024932,0.00206119,0.00616355,0.00543950,0.00526499,0.00776382,0.01033937,0.00761964,0.02558967,0.02998753,RELIABLE,RELIABLE,RELIABLE,RELIABLE,RELIABLE,RELIABLE,RELIABLE,RELIABLE,STATIONARY,STATIONARY,STATIONARY,STATIONARY,STATIONARY,STATIONARY,MOVING,MOVING,MOVING
83346,2478,3,RIGHT_LEG,0.12054943,0.00207450,0.01720869,0.00730346,0.00799742,0.00756012,0.00773734,0.01069551,0.00697866,0.02467663,0.02710253,RELIABLE,RELIABLE,RELIABLE,RELIABLE,RELIABLE,RELIABLE,RELIABLE,RELIABLE,STATIONARY,STATIONARY,STATIONARY,STATIONARY,STATIONARY,STATIONARY,MOVING,MOVING,MOVING
83378,2479,3,RIGHT_LEG,0.12122353,0.00084480,0.00696898,0.00692033,0.00781449,0.00824157,0.00981160,0.01108174,0.00786815,0.02995747,0.03010093,RELIABLE,RELIABLE,RELIABLE,RELIABLE,RELIABLE,RELIABLE,RELIABLE,RELIABLE,STATIONARY,STATIONARY,STATIONARY,STATIONARY,STATIONARY,STATIONARY,MOVING,MOVING,MOVING
83409,2480,3,RIGHT_LEG,0.12161638,0.00088070,0.00724162,0.00677192,0.00887562,0.00884677,0.00997021,0.01183533,0.00757732,0.03274096,0.03161443,RELIABLE,RELIABLE,RELIABLE,RELIABLE,RELIABLE,RELIABLE,RELIABLE,RELIABLE,STATIONARY,STATIONARY,STATIONARY,STATIONARY,STATIONARY,STATIONARY,MOVING,MOVING,MOVING
83442,2481,3,RIGHT_LEG,0.12114143,0.00185274,0.01529402,0.00815684,0.01107024,0.01062185,0.01139591,0.01380143,0.00887384,0.04243182,0.03741315,RELIABLE,RELIABLE,RELIABLE,RELIABLE,RELIABLE,RELIABLE,RELIABLE,PARTIAL,STATIONARY,STATIONARY,STATIONARY,STATIONARY,STATIONARY,STATIONARY,MOVING,MOVING,MOVING
83472,2482,3,RIGHT_LEG,0.12117739,0.00089893,0.00741833,0.00856323,0.01169607,0.01214914,0.01133429,0.01443047,0.00927318,0.05211178,0.04021985,RELIABLE,RELIABLE,RELIABLE,RELIABLE,RELIABLE,RELIABLE,RELIABLE,PARTIAL,STATIONARY,STATIONARY,STATIONARY,STATIONARY,STATIONARY,STATIONARY,MOVING,MOVING,MOVING
83514,2483,3,RIGHT_LEG,0.12142589,0.00057610,0.00474448,0.00822288,0.01078390,0.01181247,0.01157412,0.01471405,0.00963252,0.05949502,0.03610620,RELIABLE,RELIABLE,RELIABLE,RELIABLE,RELIABLE,RELIABLE,RELIABLE,RELIABLE,STATIONARY,STATIONARY,STATIONARY,STATIONARY,STATIONARY,STATIONARY,MOVING,MOVING,MOVING
83553,2484,3,RIGHT_LEG,0.12201949,0.00126840,0.01039507,0.00891655,0.01211132,0.01250498,0.01124382,0.01508617,0.01054895,0.06583752,0.03208370,RELIABLE,RELIABLE,RELIABLE,RELIABLE,RELIABLE,RELIABLE,RELIABLE,RELIABLE,STATIONARY,STATIONARY,STATIONARY,STATIONARY,STATIONARY,STATIONARY,MOVING,MOVING,MOVING
83584,2485,3,RIGHT_LEG,0.12255128,0.00063420,0.00517498,0.00930577,0.01258283,0.01324831,0.01022093,0.01360575,0.01064292,0.06616958,0.02918209,RELIABLE,RELIABLE,RELIABLE,RELIABLE,RELIABLE,RELIABLE,RELIABLE,RELIABLE,STATIONARY,STATIONARY,STATIONARY,STATIONARY,STATIONARY,STATIONARY,MOVING,MOVING,MOVING
83616,2486,3,RIGHT_LEG,0.12253390,0.00054549,0.00445173,0.00771115,0.00996454,0.01109742,0.01050382,0.01417912,0.01150683,0.07637639,0.02884609,RELIABLE,RELIABLE,RELIABLE,RELIABLE,RELIABLE,RELIABLE,PARTIAL,PARTIAL,STATIONARY,STATIONARY,STATIONARY,STATIONARY,STATIONARY,STATIONARY,MOVING,MOVING,MOVING
83648,2487,3,RIGHT_LEG,0.12229094,0.00119633,0.00978268,0.00806286,0.00918239,0.01027171,0.00943879,0.01363833,0.01099947,0.07719023,0.03410447,RELIABLE,RELIABLE,RELIABLE,RELIABLE,RELIABLE,RELIABLE,RELIABLE,PARTIAL,STATIONARY,STATIONARY,STATIONARY,STATIONARY,STATIONARY,STATIONARY,MOVING,MOVING,MOVING
83680,2488,3,RIGHT_LEG,0.12222709,0.00108394,0.00886822,0.00826619,0.00922507,0.00985565,0.01113354,0.01306508,0.01150428,0.07914730,0.03395118,RELIABLE,RELIABLE,RELIABLE,RELIABLE,RELIABLE,RELIABLE,RELIABLE,PARTIAL,STATIONARY,STATIONARY,STATIONARY,STATIONARY,STATIONARY,STATIONARY,MOVING,MOVING,MOVING
83712,2489,3,RIGHT_LEG,0.12183672,0.00187670,0.01540336,0.00827986,0.00900727,0.00790986,0.01106730,0.01140269,0.01127773,0.07842269,0.03235978,RELIABLE,RELIABLE,RELIABLE,RELIABLE,RELIABLE,RELIABLE,RELIABLE,PARTIAL,STATIONARY,STATIONARY,STATIONARY,STATIONARY,STATIONARY,STATIONARY,MOVING,MOVING,MOVING
83743,2490,3,RIGHT_LEG,0.12167032,0.00093178,0.00765821,0.00830984,0.00865103,0.00698558,0.01247670,0.01152138,0.01186683,0.07295102,0.03069118,RELIABLE,RELIABLE,RELIABLE,RELIABLE,RELIABLE,RELIABLE,RELIABLE,RELIABLE,STATIONARY,STATIONARY,STATIONARY,STATIONARY,STATIONARY,STATIONARY,MOVING,MOVING,MOVING
83775,2491,3,RIGHT_LEG,0.12139732,0.00106283,0.00875496,0.00881115,0.00946785,0.00818093,0.01371591,0.01223938,0.01299537,0.07212748,0.03745612,RELIABLE,RELIABLE,RELIABLE,RELIABLE,RELIABLE,RELIABLE,RELIABLE,RELIABLE,STATIONARY,STATIONARY,STATIONARY,STATIONARY,STATIONARY,STATIONARY,MOVING,MOVING,MOVING
83806,2492,3,RIGHT_LEG,0.12123388,0.00129641,0.01069348,0.00884845,0.00950102,0.00858109,0.01495854,0.01214983,0.01239458,0.06844990,0.03742688,RELIABLE,RELIABLE,RELIABLE,RELIABLE,RELIABLE,RELIABLE,PARTIAL,PARTIAL,STATIONARY,STATIONARY,STATIONARY,STATIONARY,STATIONARY,STATIONARY,MOVING,MOVING,MOVING
83836,2493,3,RIGHT_LEG,0.12111086,0.00085283,0.00704175,0.00908180,0.00969671,0.00845113,0.01674273,0.01402801,0.01252218,0.06660841,0.03716615,RELIABLE,RELIABLE,RELIABLE,RELIABLE,RELIABLE,RELIABLE,RELIABLE,PARTIAL,STATIONARY,STATIONARY,STATIONARY,STATIONARY,STATIONARY,STATIONARY,MOVING,MOVING,MOVING
83868,2494,3,RIGHT_LEG,0.12133739,0.00067387,0.00555367,0.00921954,0.00988788,0.00893425,0.01725163,0.01242369,0.01174039,0.05417294,0.03566814,RELIABLE,RELIABLE,RELIABLE,RELIABLE,RELIABLE,RELIABLE,RELIABLE,PARTIAL,STATIONARY,STATIONARY,STATIONARY,STATIONARY,STATIONARY,STATIONARY,MOVING,MOVING,MOVING
83914,2495,3,RIGHT_LEG,0.12163069,0.00126300,0.01038388,0.00929469,0.01053143,0.00976139,0.01685719,0.01181622,0.01163687,0.04658422,0.02796542,RELIABLE,RELIABLE,RELIABLE,RELIABLE,RELIABLE,RELIABLE,RELIABLE,PARTIAL,STATIONARY,STATIONARY,STATIONARY,STATIONARY,STATIONARY,STATIONARY,MOVING,MOVING,MOVING
83947,2496,3,RIGHT_LEG,0.12202499,0.00076528,0.00627153,0.00897010,0.01014543,0.00964911,0.01585652,0.01116148,0.01110215,0.04091153,0.02586183,RELIABLE,RELIABLE,RELIABLE,RELIABLE,RELIABLE,RELIABLE,RELIABLE,PARTIAL,STATIONARY,STATIONARY,STATIONARY,STATIONARY,STATIONARY,STATIONARY,MOVING,MOVING,MOVING
83979,2497,3,RIGHT_LEG,0.12234598,0.00038264,0.00312754,0.00743563,0.00852615,0.00985670,0.01492151,0.01061934,0.00987063,0.03147584,0.02128125,RELIABLE,RELIABLE,RELIABLE,RELIABLE,RELIABLE,RELIABLE,RELIABLE,PARTIAL,STATIONARY,STATIONARY,STATIONARY,STATIONARY,STATIONARY,STATIONARY,MOVING,MOVING,MOVING
84011,2498,3,RIGHT_LEG,0.12191976,0.00132133,0.01083774,0.00783307,0.00943866,0.01083142,0.01373098,0.01003157,0.00970168,0.02808969,0.01977655,RELIABLE,RELIABLE,RELIABLE,RELIABLE,RELIABLE,RELIABLE,RELIABLE,PARTIAL,STATIONARY,STATIONARY,STATIONARY,STATIONARY,STATIONARY,STATIONARY,MOVING,MOVING,MOVING
84043,2499,3,RIGHT_LEG,0.12212505,0.00066098,0.00541230,0.00741523,0.00898571,0.00921062,0.01357223,0.00910150,0.00982446,0.02396344,0.01566774,RELIABLE,RELIABLE,RELIABLE,RELIABLE,RELIABLE,RELIABLE,PARTIAL,PARTIAL,STATIONARY,STATIONARY,STATIONARY,STATIONARY,STATIONARY,STATIONARY,MOVING,MOVING,MOVING
84075,2500,3,RIGHT_LEG,0.12185169,0.00087581,0.00718749,0.00697699,0.00837896,0.00809415,0.01266595,0.00904762,0.00959792,0.02121728,0.01497486,RELIABLE,RELIABLE,RELIABLE,RELIABLE,RELIABLE,RELIABLE,RELIABLE,PARTIAL,STATIONARY,STATIONARY,STATIONARY,STATIONARY,STATIONARY,STATIONARY,MOVING,MOVING,MOVING
84107,2501,3,RIGHT_LEG,0.12155853,0.00109629,0.00901861,0.00722409,0.00880625,0.00849240,0.01259237,0.00799810,0.00993066,0.02335271,0.01589264,RELIABLE,RELIABLE,RELIABLE,RELIABLE,RELIABLE,RELIABLE,RELIABLE,RELIABLE,STATIONARY,STATIONARY,STATIONARY,STATIONARY,STATIONARY,STATIONARY,MOVING,MOVING,MOVING
84138,2502,3,RIGHT_LEG,0.12156700,0.00086808,0.00714075,0.00742248,0.00990420,0.00941549,0.01252441,0.00808682,0.01030130,0.02479101,0.01656494,RELIABLE,RELIABLE,RELIABLE,RELIABLE,RELIABLE,RELIABLE,RELIABLE,PARTIAL,STATIONARY,STATIONARY,STATIONARY,STATIONARY,STATIONARY,STATIONARY,MOVING,STATIONARY,MOVING
84169,2503,3,RIGHT_LEG,0.12175645,0.00115022,0.00944693,0.00730536,0.01079109,0.00979450,0.01174988,0.00993909,0.00994828,0.02788201,0.01519859,RELIABLE,RELIABLE,RELIABLE,RELIABLE,RELIABLE,RELIABLE,RELIABLE,PARTIAL,STATIONARY,STATIONARY,STATIONARY,STATIONARY,STATIONARY,STATIONARY,MOVING,STATIONARY,MOVING
84201,2504,3,RIGHT_LEG,0.12134135,0.00084029,0.00692497,0.00738704,0.01086706,0.00980500,0.01152068,0.01159441,0.01011187,0.03105522,0.01671048,RELIABLE,RELIABLE,RELIABLE,RELIABLE,RELIABLE,RELIABLE,RELIABLE,PARTIAL,STATIONARY,STATIONARY,STATIONARY,STATIONARY,STATIONARY,STATIONARY,STATIONARY,STATIONARY,STATIONARY
84233,2505,3,RIGHT_LEG,0.12103378,0.00191770,0.01584434,0.00897664,0.01355761,0.01239944,0.01232286,0.01281496,0.01154440,0.03447546,0.01884737,RELIABLE,RELIABLE,RELIABLE,RELIABLE,RELIABLE,RELIABLE,RELIABLE,PARTIAL,STATIONARY,STATIONARY,STATIONARY,STATIONARY,STATIONARY,STATIONARY,STATIONARY,STATIONARY,STATIONARY
84282,2506,3,RIGHT_LEG,0.12080812,0.00068979,0.00570983,0.00833565,0.01322049,0.01142459,0.01273166,0.01270983,0.01077044,0.03678035,0.01667154,RELIABLE,RELIABLE,RELIABLE,RELIABLE,RELIABLE,RELIABLE,RELIABLE,PARTIAL,STATIONARY,STATIONARY,STATIONARY,STATIONARY,STATIONARY,STATIONARY,STATIONARY,STATIONARY,STATIONARY
84314,2507,3,RIGHT_LEG,0.12066442,0.00084490,0.00700206,0.00853437,0.01388929,0.01285892,0.01204376,0.01316186,0.00962062,0.03806422,0.01443473,RELIABLE,RELIABLE,RELIABLE,RELIABLE,RELIABLE,RELIABLE,RELIABLE,PARTIAL,STATIONARY,STATIONARY,STATIONARY,STATIONARY,STATIONARY,STATIONARY,STATIONARY,STATIONARY,STATIONARY
84354,2508,3,RIGHT_LEG,0.12057890,0.00042245,0.00350351,0.00807387,0.01327261,0.01260001,0.01116189,0.01285289,0.00931689,0.03805764,0.01363611,RELIABLE,RELIABLE,RELIABLE,RELIABLE,RELIABLE,RELIABLE,RELIABLE,PARTIAL,STATIONARY,STATIONARY,STATIONARY,STATIONARY,STATIONARY,STATIONARY,MOVING,STATIONARY,MOVING
84385,2509,3,RIGHT_LEG,0.12091393,0.00108966,0.00901189,0.00807303,0.01367839,0.01295344,0.01028537,0.01238903,0.00931337,0.03792194,0.01460054,RELIABLE,RELIABLE,RELIABLE,RELIABLE,RELIABLE,RELIABLE,RELIABLE,RELIABLE,STATIONARY,STATIONARY,STATIONARY,STATIONARY,STATIONARY,STATIONARY,MOVING,STATIONARY,MOVING
84416,2510,3,RIGHT_LEG,0.12133815,0.00069340,0.00571461,0.00789477,0.01304894,0.01196237,0.01027769,0.01552453,0.01094437,0.04881111,0.02762715,RELIABLE,RELIABLE,RELIABLE,RELIABLE,RELIABLE,RELIABLE,RELIABLE,RELIABLE,STATIONARY,STATIONARY,STATIONARY,STATIONARY,STATIONARY,STATIONARY,MOVING,STATIONARY,MOVING
84448,2511,3,RIGHT_LEG,0.12156583,0.00105758,0.00869965,0.00780136,0.01275499,0.01215439,0.01044356,0.01419827,0.01227619,0.05493334,0.03164879,RELIABLE,RELIABLE,RELIABLE,RELIABLE,RELIABLE,RELIABLE,RELIABLE,RELIABLE,STATIONARY,STATIONARY,STATIONARY,STATIONARY,STATIONARY,STATIONARY,MOVING,STATIONARY,MOVING
84480,2512,3,RIGHT_LEG,0.12164342,0.00154006,0.01266046,0.00851829,0.01245676,0.01249696,0.01040836,0.01331639,0.01358210,0.06090369,0.03816969,RELIABLE,RELIABLE,RELIABLE,RELIABLE,RELIABLE,RELIABLE,RELIABLE,RELIABLE,STATIONARY,STATIONARY,STATIONARY,STATIONARY,STATIONARY,STATIONARY,MOVING,STATIONARY,MOVING
84512,2513,3,RIGHT_LEG,0.12175453,0.00087299,0.00717009,0.00743401,0.01029865,0.01057620,0.01039036,0.01350517,0.01287270,0.06505698,0.04268405,RELIABLE,RELIABLE,RELIABLE,RELIABLE,RELIABLE,RELIABLE,RELIABLE,PARTIAL,STATIONARY,STATIONARY,STATIONARY,STATIONARY,STATIONARY,STATIONARY,MOVING,MOVING,MOVING
84544,2514,3,RIGHT_LEG,0.12237611,0.00097597,0.00797520,0.00771718,0.01007237,0.01023885,0.00971202,0.01413329,0.01342763,0.06989668,0.04748032,RELIABLE,RELIABLE,RELIABLE,RELIABLE,RELIABLE,RELIABLE,RELIABLE,RELIABLE,STATIONARY,STATIONARY,STATIONARY,STATIONARY,STATIONARY,STATIONARY,MOVING,MOVING,MOVING
84575,2515,3,RIGHT_LEG,0.12254477,0.00077465,0.00632133,0.00763209,0.00923005,0.00941083,0.01048505,0.01320407,0.01338935,0.07588962,0.05190707,RELIABLE,RELIABLE,RELIABLE,RELIABLE,RELIABLE,RELIABLE,RELIABLE,RELIABLE,STATIONARY,STATIONARY,STATIONARY,STATIONARY,STATIONARY,STATIONARY,MOVING,MOVING,MOVING
84607,2516,3,RIGHT_LEG,0.12264661,0.00091522,0.00746228,0.00812694,0.00972816,0.00957306,0.01097584,0.01348400,0.01358935,0.08318019,0.05503939,RELIABLE,RELIABLE,RELIABLE,RELIABLE,RELIABLE,RELIABLE,RELIABLE,RELIABLE,STATIONARY,STATIONARY,STATIONARY,STATIONARY,STATIONARY,STATIONARY,MOVING,MOVING,MOVING
84639,2517,3,RIGHT_LEG,0.12270710,0.00144627,0.01178634,0.00847374,0.00933525,0.00938814,0.01123283,0.01366452,0.01439713,0.08954636,0.05993647,RELIABLE,RELIABLE,RELIABLE,RELIABLE,RELIABLE,RELIABLE,RELIABLE,PARTIAL,STATIONARY,STATIONARY,STATIONARY,STATIONARY,STATIONARY,STATIONARY,MOVING,MOVING,MOVING
84682,2518,3,RIGHT_LEG,0.12293895,0.00099053,0.00805706,0.00876655,0.00949938,0.00954657,0.01050031,0.01004097,0.01238258,0.08239267,0.04705070,RELIABLE,RELIABLE,RELIABLE,RELIABLE,RELIABLE,RELIABLE,RELIABLE,RELIABLE,STATIONARY,STATIONARY,STATIONARY,STATIONARY,STATIONARY,STATIONARY,MOVING,MOVING,MOVING
84717,2519,3,RIGHT_LEG,0.12296448,0.00124551,0.01012905,0.00894523,0.00892880,0.00916233,0.01027887,0.00929325,0.01134550,0.07790937,0.04612254,RELIABLE,RELIABLE,RELIABLE,RELIABLE,RELIABLE,RELIABLE,RELIABLE,RELIABLE,STATIONARY,STATIONARY,STATIONARY,STATIONARY,STATIONARY,STATIONARY,MOVING,MOVING,MOVING
84749,2520,3,RIGHT_LEG,0.12293259,0.00062276,0.00506584,0.00799590,0.00868379,0.00843580,0.00966753,0.00805130,0.00957040,0.06949282,0.03921210,RELIABLE,RELIABLE,RELIABLE,RELIABLE,RELIABLE,RELIABLE,RELIABLE,RELIABLE,STATIONARY,STATIONARY,STATIONARY,STATIONARY,STATIONARY,STATIONARY,MOVING,MOVING,MOVING
84780,2521,3,RIGHT_LEG,0.12277351,0.00061069,0.00497414,0.00772140,0.00839094,0.00789924,0.00936497,0.00667408,0.00909190,0.06250280,0.03890916,RELIABLE,RELIABLE,RELIABLE,PARTIAL,RELIABLE,RELIABLE,RELIABLE,RELIABLE,STATIONARY,STATIONARY,STATIONARY,STATIONARY,STATIONARY,STATIONARY,MOVING,MOVING,MOVING
84811,2522,3,RIGHT_LEG,0.12293836,0.00069648,0.00566529,0.00743266,0.00811321,0.00787173,0.00907582,0.00575246,0.00828551,0.05300666,0.03738427,RELIABLE,RELIABLE,RELIABLE,RELIABLE,RELIABLE,RELIABLE,RELIABLE,RELIABLE,STATIONARY,STATIONARY,STATIONARY,STATIONARY,STATIONARY,STATIONARY,MOVING,MOVING,MOVING
84842,2523,3,RIGHT_LEG,0.12282741,0.00046748,0.00380601,0.00711825,0.00748266,0.00725747,0.00827494,0.00615261,0.00736083,0.04518481,0.03562267,RELIABLE,RELIABLE,RELIABLE,RELIABLE,RELIABLE,RELIABLE,RELIABLE,RELIABLE,STATIONARY,STATIONARY,STATIONARY,STATIONARY,STATIONARY,STATIONARY,MOVING,MOVING,MOVING
84874,2524,3,RIGHT_LEG,0.12256963,0.00089543,0.00730552,0.00709866,0.00771357,0.00763593,0.00803020,0.00607833,0.00761614,0.03797310,0.03814542,RELIABLE,RELIABLE,RELIABLE,RELIABLE,RELIABLE,RELIABLE,RELIABLE,RELIABLE,STATIONARY,STATIONARY,STATIONARY,STATIONARY,STATIONARY,STATIONARY,MOVING,MOVING,MOVING
84906,2525,3,RIGHT_LEG,0.12242396,0.00085148,0.00695515,0.00649476,0.00692790,0.00718300,0.00675739,0.00628264,0.00649627,0.03184397,0.03460020,RELIABLE,RELIABLE,RELIABLE,RELIABLE,RELIABLE,RELIABLE,RELIABLE,RELIABLE,STATIONARY,STATIONARY,STATIONARY,STATIONARY,STATIONARY,STATIONARY,MOVING,MOVING,MOVING
84937,2526,3,RIGHT_LEG,0.12226806,0.00095451,0.00780673,0.00646347,0.00679284,0.00683443,0.00702353,0.00675815,0.00694691,0.02859903,0.03809055,RELIABLE,RELIABLE,RELIABLE,RELIABLE,RELIABLE,RELIABLE,RELIABLE,RELIABLE,STATIONARY,STATIONARY,STATIONARY,STATIONARY,STATIONARY,STATIONARY,MOVING,MOVING,MOVING
84970,2527,3,RIGHT_LEG,0.12238382,0.00082954,0.00677819,0.00604461,0.00674530,0.00654115,0.00714474,0.00669448,0.00646470,0.02995811,0.03719501,RELIABLE,RELIABLE,RELIABLE,RELIABLE,RELIABLE,RELIABLE,RELIABLE,RELIABLE,STATIONARY,STATIONARY,STATIONARY,STATIONARY,STATIONARY,STATIONARY,MOVING,MOVING,MOVING
85001,2528,3,RIGHT_LEG,0.12225543,0.00101819,0.00832835,0.00645242,0.00757854,0.00668544,0.00765979,0.00846701,0.00638987,0.03364070,0.03861327,RELIABLE,RELIABLE,RELIABLE,RELIABLE,RELIABLE,RELIABLE,RELIABLE,RELIABLE,STATIONARY,STATIONARY,STATIONARY,STATIONARY,STATIONARY,STATIONARY,MOVING,MOVING,MOVING
85049,2529,3,RIGHT_LEG,0.12230168,0.00133234,0.01089392,0.00719240,0.00803527,0.00665999,0.00790931,0.00857609,0.00653269,0.03780867,0.03526107,RELIABLE,RELIABLE,RELIABLE,RELIABLE,RELIABLE,RELIABLE,RELIABLE,RELIABLE,STATIONARY,STATIONARY,STATIONARY,STATIONARY,STATIONARY,STATIONARY,MOVING,MOVING,MOVING
85082,2530,3,RIGHT_LEG,0.12214555,0.00079722,0.00652681,0.00730009,0.00797495,0.00635327,0.00887990,0.00891939,0.00695382,0.04478722,0.03487338,RELIABLE,RELIABLE,RELIABLE,RELIABLE,RELIABLE,RELIABLE,RELIABLE,RELIABLE,STATIONARY,STATIONARY,STATIONARY,STATIONARY,STATIONARY,STATIONARY,MOVING,MOVING,MOVING
85112,2531,3,RIGHT_LEG,0.12197805,0.00039861,0.00326789,0.00723282,0.00810820,0.00620383,0.00843042,0.00843300,0.00699281,0.04516693,0.03184363,RELIABLE,RELIABLE,RELIABLE,RELIABLE,RELIABLE,RELIABLE,RELIABLE,RELIABLE,STATIONARY,STATIONARY,STATIONARY,STATIONARY,STATIONARY,STATIONARY,MOVING,MOVING,MOVING
85144,2532,3,RIGHT_LEG,0.12182775,0.00052826,0.00433615,0.00686165,0.00660936,0.00533188,0.00895070,0.00869647,0.00676396,0.04888931,0.02874233,RELIABLE,RELIABLE,RELIABLE,RELIABLE,RELIABLE,RELIABLE,RELIABLE,RELIABLE,STATIONARY,STATIONARY,STATIONARY,STATIONARY,STATIONARY,STATIONARY,MOVING,MOVING,MOVING
85176,2533,3,RIGHT_LEG,0.12177381,0.00111717,0.00917418,0.00713903,0.00719494,0.00579849,0.00953733,0.00786753,0.00644926,0.05016491,0.02680780,RELIABLE,RELIABLE,RELIABLE,RELIABLE,RELIABLE,RELIABLE,RELIABLE,RELIABLE,STATIONARY,STATIONARY,STATIONARY,STATIONARY,STATIONARY,STATIONARY,MOVING,MOVING,MOVING
85210,2534,3,RIGHT_LEG,0.12127153,0.00100779,0.00831016,0.00720196,0.00675020,0.00626092,0.00941625,0.00790955,0.00724211,0.05453140,0.02521581,RELIABLE,RELIABLE,RELIABLE,RELIABLE,RELIABLE,RELIABLE,RELIABLE,PARTIAL,STATIONARY,STATIONARY,STATIONARY,STATIONARY,STATIONARY,STATIONARY,MOVING,MOVING,MOVING
85242,2535,3,RIGHT_LEG,0.12090139,0.00044067,0.00364489,0.00681029,0.00611361,0.00526643,0.00894435,0.00772729,0.00752835,0.05359176,0.02596047,RELIABLE,RELIABLE,RELIABLE,RELIABLE,RELIABLE,RELIABLE,RELIABLE,PARTIAL,STATIONARY,STATIONARY,STATIONARY,STATIONARY,STATIONARY,STATIONARY,MOVING,MOVING,MOVING
85274,2536,3,RIGHT_LEG,0.12065523,0.00038154,0.00316222,0.00616453,0.00493967,0.00455553,0.00886714,0.00613901,0.00891195,0.05956213,0.02701823,RELIABLE,RELIABLE,RELIABLE,RELIABLE,RELIABLE,RELIABLE,RELIABLE,RELIABLE,STATIONARY,STATIONARY,STATIONARY,STATIONARY,STATIONARY,STATIONARY,MOVING,MOVING,MOVING
85305,2537,3,RIGHT_LEG,0.12050939,0.00125564,0.01041944,0.00610522,0.00556943,0.00554310,0.00807437,0.00635890,0.00916227,0.06226482,0.02605891,RELIABLE,RELIABLE,RELIABLE,RELIABLE,RELIABLE,RELIABLE,PARTIAL,PARTIAL,STATIONARY,STATIONARY,STATIONARY,STATIONARY,STATIONARY,STATIONARY,MOVING,MOVING,MOVING
85337,2538,3,RIGHT_LEG,0.12061838,0.00152958,0.01268111,0.00687451,0.00601038,0.00711714,0.00909216,0.00751477,0.00922502,0.06185427,0.02466771,RELIABLE,RELIABLE,RELIABLE,RELIABLE,RELIABLE,RELIABLE,RELIABLE,RELIABLE,STATIONARY,STATIONARY,STATIONARY,STATIONARY,STATIONARY,STATIONARY,MOVING,MOVING,MOVING
85370,2539,3,RIGHT_LEG,0.12056974,0.00110099,0.00913154,0.00760746,0.00686957,0.00845888,0.01003102,0.00846604,0.01270786,0.06539973,0.03023011,RELIABLE,RELIABLE,RELIABLE,RELIABLE,RELIABLE,RELIABLE,RELIABLE,RELIABLE,STATIONARY,STATIONARY,STATIONARY,STATIONARY,STATIONARY,STATIONARY,MOVING,MOVING,MOVING
85402,2540,3,RIGHT_LEG,0.12075867,0.00152928,0.01266392,0.00864843,0.00865345,0.00903732,0.00956267,0.00848588,0.01355566,0.06634857,0.03099956,RELIABLE,RELIABLE,RELIABLE,RELIABLE,RELIABLE,RELIABLE,RELIABLE,RELIABLE,STATIONARY,STATIONARY,STATIONARY,STATIONARY,STATIONARY,STATIONARY,MOVING,MOVING,MOVING
85450,2541,3,RIGHT_LEG,0.12035024,0.00084362,0.00700973,0.00837788,0.00878829,0.00878007,0.00955513,0.00887080,0.01380542,0.06619516,0.03176750,RELIABLE,RELIABLE,RELIABLE,RELIABLE,RELIABLE,RELIABLE,RELIABLE,RELIABLE,STATIONARY,STATIONARY,STATIONARY,STATIONARY,STATIONARY,STATIONARY,MOVING,MOVING,MOVING
85482,2542,3,RIGHT_LEG,0.12011603,0.00103038,0.00857822,0.00841138,0.00970215,0.00840028,0.00966290,0.00901164,0.01364555,0.06239535,0.03066518,RELIABLE,RELIABLE,RELIABLE,RELIABLE,RELIABLE,RELIABLE,RELIABLE,RELIABLE,STATIONARY,STATIONARY,STATIONARY,STATIONARY,STATIONARY,STATIONARY,MOVING,MOVING,MOVING
85507,2543,3,RIGHT_LEG,0.11998400,0.00051519,0.00429383,0.00849250,0.00996219,0.00853457,0.00943531,0.00891835,0.01355015,0.05829904,0.02749792,RELIABLE,RELIABLE,RELIABLE,RELIABLE,RELIABLE,RELIABLE,RELIABLE,RELIABLE,STATIONARY,STATIONARY,STATIONARY,STATIONARY,STATIONARY,STATIONARY,MOVING,MOVING,MOVING
85539,2544,3,RIGHT_LEG,0.12002541,0.00056250,0.00468655,0.00868304,0.01067890,0.00930767,0.00978015,0.00872724,0.01375432,0.05242703,0.02866360,RELIABLE,RELIABLE,RELIABLE,RELIABLE,RELIABLE,RELIABLE,RELIABLE,RELIABLE,STATIONARY,STATIONARY,STATIONARY,STATIONARY,STATIONARY,STATIONARY,MOVING,MOVING,MOVING
85570,2545,3,RIGHT_LEG,0.12034048,0.00074981,0.00623075,0.00815946,0.01039982,0.00923559,0.01048784,0.00907894,0.01376786,0.04865185,0.02896507,RELIABLE,RELIABLE,RELIABLE,RELIABLE,RELIABLE,RELIABLE,RELIABLE,RELIABLE,STATIONARY,STATIONARY,STATIONARY,STATIONARY,STATIONARY,STATIONARY,MOVING,MOVING,MOVING
85609,2546,3,RIGHT_LEG,0.11999770,0.00123797,0.01031659,0.00786389,0.01007098,0.00825823,0.00966397,0.00865241,0.01441784,0.04681696,0.02991279,RELIABLE,RELIABLE,RELIABLE,RELIABLE,RELIABLE,RELIABLE,RELIABLE,RELIABLE,STATIONARY,STATIONARY,STATIONARY,STATIONARY,STATIONARY,STATIONARY,MOVING,MOVING,MOVING
85649,2547,3,RIGHT_LEG,0.11998420,0.00145339,0.01211315,0.00823659,0.01136776,0.00841581,0.00877370,0.00883133,0.01146424,0.04233495,0.02656176,RELIABLE,RELIABLE,RELIABLE,RELIABLE,RELIABLE,RELIABLE,RELIABLE,RELIABLE,STATIONARY,STATIONARY,STATIONARY,STATIONARY,STATIONARY,STATIONARY,MOVING,MOVING,MOVING
85681,2548,3,RIGHT_LEG,0.11996028,0.00069527,0.00579584,0.00737808,0.01044831,0.00796975,0.00985466,0.00854011,0.01093481,0.03899887,0.02344411,RELIABLE,RELIABLE,RELIABLE,RELIABLE,RELIABLE,RELIABLE,RELIABLE,PARTIAL,STATIONARY,STATIONARY,STATIONARY,STATIONARY,STATIONARY,STATIONARY,MOVING,MOVING,MOVING
85713,2549,3,RIGHT_LEG,0.12002335,0.00152632,0.01271687,0.00809147,0.01118717,0.00912272,0.00934826,0.00825534,0.01083663,0.03721037,0.02206834,RELIABLE,RELIABLE,RELIABLE,RELIABLE,RELIABLE,RELIABLE,RELIABLE,RELIABLE,STATIONARY,STATIONARY,STATIONARY,STATIONARY,STATIONARY,STATIONARY,MOVING,MOVING,MOVING
85744,2550,3,RIGHT_LEG,0.11998739,0.00181250,0.01510573,0.00890741,0.01256827,0.00962712,0.00899344,0.00812965,0.00972793,0.03390309,0.02133038,RELIABLE,RELIABLE,RELIABLE,RELIABLE,RELIABLE,RELIABLE,RELIABLE,PARTIAL,STATIONARY,STATIONARY,STATIONARY,STATIONARY,STATIONARY,STATIONARY,MOVING,MOVING,MOVING
85776,2551,3,RIGHT_LEG,0.11999310,0.00060801,0.00506708,0.00900407,0.01236022,0.01008174,0.00882181,0.00847529,0.00973665,0.03552262,0.02270196,RELIABLE,RELIABLE,RELIABLE,RELIABLE,RELIABLE,RELIABLE,RELIABLE,RELIABLE,STATIONARY,STATIONARY,STATIONARY,STATIONARY,STATIONARY,STATIONARY,MOVING,MOVING,MOVING
85818,2552,3,RIGHT_LEG,0.12024736,0.00080626,0.00670499,0.00925638,0.01192861,0.00980655,0.00911964,0.00908270,0.00862474,0.03144387,0.01795708,RELIABLE,RELIABLE,RELIABLE,RELIABLE,RELIABLE,RELIABLE,PARTIAL,PARTIAL,STATIONARY,STATIONARY,STATIONARY,STATIONARY,STATIONARY,STATIONARY,MOVING,MOVING,MOVING
85855,2553,3,RIGHT_LEG,0.12064583,0.00156182,0.01294551,0.01009572,0.01233017,0.00977809,0.00912994,0.00901258,0.00829001,0.02950100,0.01554137,RELIABLE,RELIABLE,RELIABLE,RELIABLE,RELIABLE,RELIABLE,RELIABLE,PARTIAL,STATIONARY,STATIONARY,STATIONARY,STATIONARY,STATIONARY,STATIONARY,MOVING,MOVING,MOVING
85886,2554,3,RIGHT_LEG,0.12098132,0.00078091,0.00645481,0.00961300,0.01254158,0.00978389,0.00811447,0.00784258,0.00690502,0.02631879,0.01306510,RELIABLE,RELIABLE,RELIABLE,RELIABLE,RELIABLE,RELIABLE,RELIABLE,PARTIAL,STATIONARY,STATIONARY,STATIONARY,STATIONARY,STATIONARY,STATIONARY,MOVING,STATIONARY,MOVING
85917,2555,3,RIGHT_LEG,0.12078909,0.00111817,0.00925719,0.00925600,0.01143963,0.00958909,0.00855929,0.00753550,0.00715816,0.02733164,0.01092344,RELIABLE,RELIABLE,RELIABLE,RELIABLE,RELIABLE,RELIABLE,RELIABLE,RELIABLE,STATIONARY,STATIONARY,STATIONARY,STATIONARY,STATIONARY,STATIONARY,MOVING,STATIONARY,MOVING
85949,2556,3,RIGHT_LEG,0.12040241,0.00134015,0.01113062,0.00992285,0.01225147,0.00973005,0.00754324,0.00751494,0.00655441,0.02975902,0.01486027,RELIABLE,RELIABLE,RELIABLE,RELIABLE,RELIABLE,RELIABLE,RELIABLE,RELIABLE,STATIONARY,STATIONARY,STATIONARY,STATIONARY,STATIONARY,STATIONARY,MOVING,STATIONARY,MOVING
85981,2557,3,RIGHT_LEG,0.12045560,0.00088581,0.00735379,0.00925247,0.01091550,0.00879210,0.00792350,0.00745872,0.00635762,0.02853849,0.01500672,RELIABLE,RELIABLE,RELIABLE,RELIABLE,RELIABLE,RELIABLE,RELIABLE,PARTIAL,STATIONARY,STATIONARY,STATIONARY,STATIONARY,STATIONARY,STATIONARY,MOVING,STATIONARY,MOVING
86013,2558,3,RIGHT_LEG,0.12077586,0.00110532,0.00915181,0.00850823,0.01000659,0.00877484,0.00931309,0.00740097,0.00753793,0.03289405,0.01655921,RELIABLE,RELIABLE,RELIABLE,RELIABLE,RELIABLE,RELIABLE,RELIABLE,RELIABLE,STATIONARY,STATIONARY,STATIONARY,STATIONARY,STATIONARY,STATIONARY,MOVING,STATIONARY,MOVING
86044,2559,3,RIGHT_LEG,0.12084125,0.00194456,0.01609188,0.00988633,0.01224337,0.01032551,0.01031681,0.00831792,0.00863297,0.03283174,0.01604395,RELIABLE,RELIABLE,RELIABLE,RELIABLE,RELIABLE,RELIABLE,PARTIAL,PARTIAL,STATIONARY,STATIONARY,STATIONARY,STATIONARY,STATIONARY,STATIONARY,STATIONARY,STATIONARY,STATIONARY
86075,2560,3,RIGHT_LEG,0.12077743,0.00126341,0.01046064,0.01035578,0.01393279,0.01120305,0.00992383,0.00931916,0.00891133,0.03725830,0.01743191,RELIABLE,RELIABLE,RELIABLE,RELIABLE,RELIABLE,RELIABLE,RELIABLE,RELIABLE,STATIONARY,STATIONARY,STATIONARY,STATIONARY,STATIONARY,STATIONARY,STATIONARY,STATIONARY,STATIONARY
86106,2561,3,RIGHT_LEG,0.12072046,0.00146400,0.01212719,0.01025349,0.01434028,0.01187599,0.00984540,0.01028455,0.00976786,0.04232059,0.01997882,RELIABLE,RELIABLE,RELIABLE,RELIABLE,RELIABLE,RELIABLE,RELIABLE,PARTIAL,STATIONARY,STATIONARY,STATIONARY,STATIONARY,STATIONARY,STATIONARY,STATIONARY,STATIONARY,STATIONARY
86138,2562,3,RIGHT_LEG,0.12082993,0.00114556,0.00948077,0.01063174,0.01431942,0.01151458,0.01031758,0.01234196,0.01176054,0.04810573,0.02597959,RELIABLE,RELIABLE,RELIABLE,RELIABLE,RELIABLE,RELIABLE,RELIABLE,RELIABLE,STATIONARY,STATIONARY,STATIONARY,STATIONARY,STATIONARY,STATIONARY,MOVING,STATIONARY,MOVING
86170,2563,3,RIGHT_LEG,0.12068243,0.00112615,0.00933152,0.01064103,0.01431000,0.01175550,0.01001125,0.01377780,0.01217695,0.05072884,0.03337458,RELIABLE,RELIABLE,RELIABLE,RELIABLE,RELIABLE,RELIABLE,RELIABLE,RELIABLE,STATIONARY,STATIONARY,STATIONARY,STATIONARY,STATIONARY,STATIONARY,MOVING,STATIONARY,MOVING
86218,2564,3,RIGHT_LEG,0.12055700,0.00076559,0.00635043,0.01004350,0.01379406,0.01242068,0.01013303,0.01581566,0.01326823,0.05258175,0.03538816,RELIABLE,RELIABLE,RELIABLE,RELIABLE,RELIABLE,RELIABLE,RELIABLE,RELIABLE,STATIONARY,STATIONARY,STATIONARY,STATIONARY,STATIONARY,STATIONARY,MOVING,STATIONARY,MOVING
86250,2565,3,RIGHT_LEG,0.12051659,0.00108316,0.00898765,0.01024773,0.01438253,0.01242900,0.01012801,0.01821832,0.01390177,0.05500799,0.04352624,RELIABLE,RELIABLE,RELIABLE,RELIABLE,RELIABLE,RELIABLE,RELIABLE,RELIABLE,STATIONARY,STATIONARY,STATIONARY,STATIONARY,STATIONARY,STATIONARY,MOVING,MOVING,MOVING
86280,2566,3,RIGHT_LEG,0.12050756,0.00054158,0.00449416,0.00966553,0.01325026,0.01176492,0.00840687,0.01874623,0.01274004,0.05106388,0.04514669,RELIABLE,RELIABLE,RELIABLE,RELIABLE,RELIABLE,RELIABLE,RELIABLE,RELIABLE,STATIONARY,STATIONARY,STATIONARY,STATIONARY,STATIONARY,STATIONARY,MOVING,MOVING,MOVING
86312,2567,3,RIGHT_LEG,0.12017652,0.00090483,0.00752919,0.00859519,0.01205961,0.01074642,0.00797755,0.02037312,0.01290592,0.05310009,0.04931406,RELIABLE,RELIABLE,RELIABLE,RELIABLE,RELIABLE,RELIABLE,RELIABLE,RELIABLE,STATIONARY,STATIONARY,STATIONARY,STATIONARY,STATIONARY,STATIONARY,MOVING,MOVING,MOVING
86343,2568,3,RIGHT_LEG,0.11989568,0.00180273,0.01503586,0.00916709,0.01249975,0.01154032,0.00777030,0.01935381,0.01277683,0.05269189,0.05069665,RELIABLE,RELIABLE,RELIABLE,RELIABLE,RELIABLE,RELIABLE,RELIABLE,RELIABLE,STATIONARY,STATIONARY,STATIONARY,STATIONARY,STATIONARY,STATIONARY,MOVING,MOVING,MOVING
86375,2569,3,RIGHT_LEG,0.12022564,0.00098921,0.00822794,0.00867969,0.01129300,0.01108694,0.00888787,0.01869666,0.01247255,0.05278273,0.05200158,RELIABLE,RELIABLE,RELIABLE,RELIABLE,RELIABLE,RELIABLE,RELIABLE,RELIABLE,STATIONARY,STATIONARY,STATIONARY,STATIONARY,STATIONARY,STATIONARY,MOVING,MOVING,MOVING
86409,2570,3,RIGHT_LEG,0.12040955,0.00032042,0.00266107,0.00782723,0.01061126,0.01079302,0.00932503,0.01747155,0.01114756,0.05333285,0.05014413,RELIABLE,RELIABLE,RELIABLE,RELIABLE,RELIABLE,RELIABLE,RELIABLE,RELIABLE,STATIONARY,STATIONARY,STATIONARY,STATIONARY,STATIONARY,STATIONARY,MOVING,MOVING,MOVING
86442,2571,3,RIGHT_LEG,0.12073019,0.00072600,0.00601342,0.00741246,0.01003717,0.00951439,0.01033889,0.01638916,0.01001959,0.05552476,0.04360122,RELIABLE,RELIABLE,RELIABLE,RELIABLE,RELIABLE,RELIABLE,RELIABLE,RELIABLE,STATIONARY,STATIONARY,STATIONARY,STATIONARY,STATIONARY,STATIONARY,MOVING,MOVING,MOVING
86473,2572,3,RIGHT_LEG,0.12106006,0.00088408,0.00730286,0.00753152,0.01005649,0.00896746,0.00980096,0.01412418,0.00897167,0.05540201,0.04099988,RELIABLE,RELIABLE,RELIABLE,RELIABLE,RELIABLE,RELIABLE,RELIABLE,RELIABLE,STATIONARY,STATIONARY,STATIONARY,STATIONARY,STATIONARY,STATIONARY,MOVING,MOVING,MOVING
86505,2573,3,RIGHT_LEG,0.12132849,0.00115948,0.00955653,0.00760263,0.00990349,0.00834398,0.00934514,0.01149248,0.00840369,0.05489825,0.04237167,RELIABLE,RELIABLE,RELIABLE,PARTIAL,RELIABLE,RELIABLE,RELIABLE,RELIABLE,STATIONARY,STATIONARY,STATIONARY,STATIONARY,STATIONARY,STATIONARY,MOVING,MOVING,MOVING
86538,2574,3,RIGHT_LEG,0.12140022,0.00047183,0.00388657,0.00752668,0.00966178,0.00802607,0.00982451,0.01057253,0.00902376,0.05726718,0.04365845,RELIABLE,RELIABLE,RELIABLE,RELIABLE,RELIABLE,RELIABLE,RELIABLE,RELIABLE,STATIONARY,STATIONARY,STATIONARY,STATIONARY,STATIONARY,STATIONARY,MOVING,MOVING,MOVING
86569,2575,3,RIGHT_LEG,0.12142731,0.00032471,0.00267409,0.00691979,0.00854687,0.00686314,0.00971235,0.00838497,0.00740043,0.05565853,0.04107682,RELIABLE,RELIABLE,RELIABLE,PARTIAL,RELIABLE,RELIABLE,RELIABLE,RELIABLE,STATIONARY,STATIONARY,STATIONARY,STATIONARY,STATIONARY,STATIONARY,MOVING,MOVING,MOVING
86617,2576,3,RIGHT_LEG,0.12180230,0.00086599,0.00710979,0.00592903,0.00672714,0.00534923,0.00990231,0.00814337,0.00722966,0.05306898,0.04254667,RELIABLE,RELIABLE,RELIABLE,RELIABLE,RELIABLE,RELIABLE,RELIABLE,RELIABLE,STATIONARY,STATIONARY,STATIONARY,STATIONARY,STATIONARY,STATIONARY,MOVING,MOVING,MOVING
86643,2577,3,RIGHT_LEG,0.12217108,0.00043299,0.00354416,0.00534356,0.00597146,0.00398888,0.00800651,0.00712866,0.00639753,0.04710542,0.04089540,RELIABLE,RELIABLE,RELIABLE,RELIABLE,RELIABLE,RELIABLE,RELIABLE,RELIABLE,STATIONARY,STATIONARY,STATIONARY,STATIONARY,STATIONARY,STATIONARY,MOVING,MOVING,MOVING
86673,2578,3,RIGHT_LEG,0.12237862,0.00082180,0.00671524,0.00585033,0.00683350,0.00458112,0.00754626,0.00624854,0.00563818,0.04261393,0.03796392,RELIABLE,RELIABLE,RELIABLE,RELIABLE,RELIABLE,RELIABLE,RELIABLE,PARTIAL,STATIONARY,STATIONARY,STATIONARY,STATIONARY,STATIONARY,STATIONARY,MOVING,MOVING,MOVING
86704,2579,3,RIGHT_LEG,0.12189121,0.00048194,0.00395386,0.00559289,0.00645441,0.00489259,0.00719791,0.00610720,0.00737967,0.03884010,0.03960952,RELIABLE,RELIABLE,RELIABLE,RELIABLE,RELIABLE,RELIABLE,RELIABLE,RELIABLE,STATIONARY,STATIONARY,STATIONARY,STATIONARY,STATIONARY,STATIONARY,MOVING,MOVING,MOVING
86735,2580,3,RIGHT_LEG,0.12185788,0.00064415,0.00528604,0.00534079,0.00605288,0.00481472,0.00778991,0.00683426,0.00829585,0.03367870,0.04388421,RELIABLE,RELIABLE,RELIABLE,PARTIAL,RELIABLE,RELIABLE,RELIABLE,RELIABLE,STATIONARY,STATIONARY,STATIONARY,STATIONARY,STATIONARY,STATIONARY,MOVING,MOVING,MOVING
86766,2581,3,RIGHT_LEG,0.12172346,0.00062573,0.00514061,0.00478879,0.00522542,0.00447501,0.00797490,0.00806275,0.00923609,0.03202765,0.03839914,RELIABLE,RELIABLE,RELIABLE,PARTIAL,RELIABLE,RELIABLE,RELIABLE,RELIABLE,STATIONARY,STATIONARY,STATIONARY,STATIONARY,STATIONARY,STATIONARY,MOVING,MOVING,MOVING
86809,2582,3,RIGHT_LEG,0.12163071,0.00057550,0.00473151,0.00489441,0.00563414,0.00527968,0.00762298,0.00832033,0.00898502,0.02936624,0.03901138,RELIABLE,RELIABLE,RELIABLE,PARTIAL,RELIABLE,RELIABLE,RELIABLE,RELIABLE,STATIONARY,STATIONARY,STATIONARY,STATIONARY,STATIONARY,STATIONARY,MOVING,MOVING,MOVING
86843,2583,3,RIGHT_LEG,0.12111975,0.00088313,0.00729139,0.00547158,0.00626909,0.00589994,0.00730688,0.00788287,0.00944659,0.02566373,0.03800201,RELIABLE,RELIABLE,RELIABLE,RELIABLE,RELIABLE,RELIABLE,RELIABLE,RELIABLE,STATIONARY,STATIONARY,STATIONARY,STATIONARY,STATIONARY,STATIONARY,MOVING,MOVING,MOVING
86875,2584,3,RIGHT_LEG,0.12088854,0.00048651,0.00402445,0.00508591,0.00613253,0.00514975,0.00701523,0.00783276,0.00936832,0.02464870,0.03445461,RELIABLE,RELIABLE,RELIABLE,RELIABLE,RELIABLE,RELIABLE,RELIABLE,RELIABLE,STATIONARY,STATIONARY,STATIONARY,STATIONARY,STATIONARY,STATIONARY,MOVING,MOVING,MOVING
86906,2585,3,RIGHT_LEG,0.12103340,0.00153173,0.01265544,0.00622482,0.00807329,0.00602511,0.00712205,0.00836045,0.00993789,0.02668486,0.03467053,RELIABLE,RELIABLE,RELIABLE,RELIABLE,RELIABLE,RELIABLE,RELIABLE,RELIABLE,STATIONARY,STATIONARY,STATIONARY,STATIONARY,STATIONARY,STATIONARY,MOVING,MOVING,MOVING
86937,2586,3,RIGHT_LEG,0.12128457,0.00130076,0.01072483,0.00672602,0.00837416,0.00581532,0.00729054,0.00859095,0.01075062,0.02942882,0.03975399,RELIABLE,RELIABLE,RELIABLE,RELIABLE,RELIABLE,RELIABLE,RELIABLE,RELIABLE,STATIONARY,STATIONARY,STATIONARY,STATIONARY,STATIONARY,STATIONARY,MOVING,MOVING,MOVING
86986,2587,3,RIGHT_LEG,0.12146961,0.00059579,0.00490488,0.00684489,0.00855337,0.00555083,0.00668504,0.00845435,0.00969457,0.03285540,0.04086810,RELIABLE,RELIABLE,RELIABLE,RELIABLE,RELIABLE,RELIABLE,RELIABLE,RELIABLE,STATIONARY,STATIONARY,STATIONARY,STATIONARY,STATIONARY,STATIONARY,STATIONARY,MOVING,MOVING
87018,2588,3,RIGHT_LEG,0.12156654,0.00102583,0.00843839,0.00723894,0.00987463,0.00688672,0.00730541,0.00750635,0.00901497,0.03799207,0.03850351,RELIABLE,RELIABLE,RELIABLE,RELIABLE,RELIABLE,RELIABLE,RELIABLE,RELIABLE,STATIONARY,STATIONARY,STATIONARY,STATIONARY,STATIONARY,STATIONARY,STATIONARY,MOVING,MOVING
87048,2589,3,RIGHT_LEG,0.12161842,0.00051291,0.00421739,0.00712353,0.01036670,0.00760833,0.00761901,0.00618316,0.00777314,0.03878842,0.03587731,RELIABLE,RELIABLE,RELIABLE,RELIABLE,RELIABLE,RELIABLE,RELIABLE,RELIABLE,STATIONARY,STATIONARY,STATIONARY,STATIONARY,STATIONARY,STATIONARY,STATIONARY,MOVING,MOVING
87080,2590,3,RIGHT_LEG,0.12165941,0.00139746,0.01148665,0.00796793,0.01123820,0.00804402,0.00880890,0.00657047,0.00818415,0.04328849,0.03430712,RELIABLE,RELIABLE,RELIABLE,RELIABLE,RELIABLE,RELIABLE,RELIABLE,RELIABLE,STATIONARY,STATIONARY,STATIONARY,STATIONARY,STATIONARY,STATIONARY,MOVING,MOVING,MOVING
87110,2591,3,RIGHT_LEG,0.12157683,0.00076149,0.00626341,0.00783943,0.01129651,0.00803126,0.00962444,0.00679362,0.00833626,0.05203573,0.03770653,RELIABLE,RELIABLE,RELIABLE,RELIABLE,RELIABLE,RELIABLE,RELIABLE,RELIABLE,STATIONARY,STATIONARY,STATIONARY,STATIONARY,STATIONARY,STATIONARY,MOVING,MOVING,MOVING
87142,2592,3,RIGHT_LEG,0.12114850,0.00102234,0.00843871,0.00839121,0.01202281,0.00902005,0.01153988,0.00834779,0.00900957,0.05847947,0.04041569,RELIABLE,RELIABLE,RELIABLE,RELIABLE,RELIABLE,RELIABLE,RELIABLE,RELIABLE,STATIONARY,STATIONARY,STATIONARY,STATIONARY,STATIONARY,STATIONARY,MOVING,MOVING,MOVING
87174,2593,3,RIGHT_LEG,0.12062746,0.00054367,0.00450704,0.00737266,0.01054003,0.00845180,0.01272967,0.00864436,0.00950464,0.06336815,0.04228369,RELIABLE,RELIABLE,RELIABLE,RELIABLE,RELIABLE,RELIABLE,RELIABLE,PARTIAL,STATIONARY,STATIONARY,STATIONARY,STATIONARY,STATIONARY,STATIONARY,MOVING,MOVING,MOVING
87210,2594,3,RIGHT_LEG,0.12082323,0.00098231,0.00813011,0.00704832,0.01031331,0.00914143,0.01475631,0.00938907,0.01100724,0.07202357,0.04020181,RELIABLE,RELIABLE,RELIABLE,RELIABLE,RELIABLE,RELIABLE,RELIABLE,PARTIAL,STATIONARY,STATIONARY,STATIONARY,STATIONARY,STATIONARY,STATIONARY,MOVING,MOVING,MOVING
87242,2595,3,RIGHT_LEG,0.12112225,0.00082325,0.00679686,0.00728482,0.01132957,0.01047102,0.01551585,0.00904277,0.01198798,0.07842200,0.03987784,RELIABLE,RELIABLE,RELIABLE,RELIABLE,RELIABLE,RELIABLE,RELIABLE,PARTIAL,STATIONARY,STATIONARY,STATIONARY,STATIONARY,STATIONARY,STATIONARY,MOVING,MOVING,MOVING
87274,2596,3,RIGHT_LEG,0.12073492,0.00126035,0.01043900,0.00753490,0.01123042,0.01018152,0.01600097,0.00934461,0.01292358,0.08157088,0.03672329,RELIABLE,RELIABLE,RELIABLE,RELIABLE,RELIABLE,RELIABLE,RELIABLE,RELIABLE,STATIONARY,STATIONARY,STATIONARY,STATIONARY,STATIONARY,STATIONARY,MOVING,MOVING,MOVING
87305,2597,3,RIGHT_LEG,0.12081989,0.00081122,0.00671432,0.00784701,0.01146087,0.00958417,0.01690293,0.01015396,0.01418672,0.08705373,0.03630811,RELIABLE,RELIABLE,RELIABLE,RELIABLE,RELIABLE,RELIABLE,RELIABLE,PARTIAL,STATIONARY,STATIONARY,STATIONARY,STATIONARY,STATIONARY,STATIONARY,MOVING,MOVING,MOVING
87338,2598,3,RIGHT_LEG,0.12048141,0.00128053,0.01062844,0.00773974,0.01181675,0.01002887,0.01792543,0.01040267,0.01518079,0.08857768,0.03414110,RELIABLE,RELIABLE,RELIABLE,RELIABLE,RELIABLE,RELIABLE,RELIABLE,RELIABLE,STATIONARY,STATIONARY,STATIONARY,STATIONARY,STATIONARY,STATIONARY,MOVING,MOVING,MOVING
87387,2599,3,RIGHT_LEG,0.12030143,0.00082816,0.00688405,0.00781732,0.01186373,0.01028320,0.01768844,0.01062157,0.01508581,0.08367672,0.03287227,RELIABLE,RELIABLE,RELIABLE,RELIABLE,RELIABLE,RELIABLE,RELIABLE,RELIABLE,STATIONARY,STATIONARY,STATIONARY,STATIONARY,STATIONARY,STATIONARY,MOVING,MOVING,MOVING
87425,2600,3,RIGHT_LEG,0.12020812,0.00041408,0.00344469,0.00719306,0.01103969,0.00972209,0.01538208,0.00896066,0.01404831,0.07634396,0.03069712,RELIABLE,RELIABLE,RELIABLE,RELIABLE,RELIABLE,RELIABLE,RELIABLE,RELIABLE,STATIONARY,STATIONARY,STATIONARY,STATIONARY,STATIONARY,STATIONARY,MOVING,MOVING,MOVING
87457,2601,3,RIGHT_LEG,0.12071540,0.00103335,0.00856023,0.00769971,0.01194093,0.01049550,0.01454232,0.01038408,0.01373410,0.07229769,0.03080458,RELIABLE,RELIABLE,RELIABLE,RELIABLE,RELIABLE,RELIABLE,RELIABLE,RELIABLE,STATIONARY,STATIONARY,STATIONARY,STATIONARY,STATIONARY,STATIONARY,MOVING,MOVING,MOVING
87489,2602,3,RIGHT_LEG,0.12087622,0.00100407,0.00830663,0.00772178,0.01216370,0.01075612,0.01253959,0.01117260,0.01271619,0.06501823,0.02737689,RELIABLE,RELIABLE,RELIABLE,RELIABLE,RELIABLE,RELIABLE,RELIABLE,PARTIAL,STATIONARY,STATIONARY,STATIONARY,STATIONARY,STATIONARY,STATIONARY,MOVING,MOVING,MOVING
87521,2603,3,RIGHT_LEG,0.12097400,0.00102436,0.00846759,0.00793062,0.01177508,0.01003728,0.01218548,0.01080091,0.01159247,0.05820535,0.02497754,RELIABLE,RELIABLE,RELIABLE,RELIABLE,RELIABLE,RELIABLE,RELIABLE,PARTIAL,STATIONARY,STATIONARY,STATIONARY,STATIONARY,STATIONARY,STATIONARY,MOVING,MOVING,MOVING
87552,2604,3,RIGHT_LEG,0.12144744,0.00181655,0.01495752,0.00849543,0.01210101,0.00935317,0.01059537,0.01123264,0.01114645,0.04995999,0.02415363,RELIABLE,RELIABLE,RELIABLE,RELIABLE,RELIABLE,RELIABLE,RELIABLE,RELIABLE,STATIONARY,STATIONARY,STATIONARY,STATIONARY,STATIONARY,STATIONARY,MOVING,MOVING,MOVING
87584,2605,3,RIGHT_LEG,0.12122848,0.00121044,0.00998475,0.00890424,0.01245602,0.00988655,0.01094573,0.01206215,0.01097485,0.04415020,0.02366722,RELIABLE,RELIABLE,RELIABLE,RELIABLE,RELIABLE,RELIABLE,RELIABLE,PARTIAL,STATIONARY,STATIONARY,STATIONARY,STATIONARY,STATIONARY,STATIONARY,MOVING,MOVING,MOVING
87615,2606,3,RIGHT_LEG,0.12110277,0.00155062,0.01280413,0.00917620,0.01320119,0.01024804,0.00940622,0.01152630,0.00959505,0.04404129,0.02208550,RELIABLE,RELIABLE,RELIABLE,RELIABLE,RELIABLE,RELIABLE,RELIABLE,RELIABLE,STATIONARY,STATIONARY,STATIONARY,STATIONARY,STATIONARY,STATIONARY,MOVING,MOVING,MOVING
87647,2607,3,RIGHT_LEG,0.12135957,0.00131298,0.01081891,0.00966806,0.01334653,0.00994659,0.01023163,0.01274309,0.01057183,0.04401332,0.01983750,RELIABLE,RELIABLE,RELIABLE,RELIABLE,RELIABLE,RELIABLE,PARTIAL,PARTIAL,STATIONARY,STATIONARY,STATIONARY,STATIONARY,STATIONARY,STATIONARY,MOVING,MOVING,MOVING
87679,2608,3,RIGHT_LEG,0.12186023,0.00108006,0.00886310,0.01034536,0.01429176,0.01038487,0.01081399,0.01288057,0.01121546,0.04579325,0.02002502,RELIABLE,RELIABLE,RELIABLE,RELIABLE,RELIABLE,RELIABLE,RELIABLE,PARTIAL,STATIONARY,STATIONARY,STATIONARY,STATIONARY,STATIONARY,STATIONARY,MOVING,MOVING,MOVING
87711,2609,3,RIGHT_LEG,0.12243947,0.00067976,0.00555179,0.00996930,0.01339334,0.00998414,0.01080218,0.01105231,0.01087503,0.04295499,0.01608820,RELIABLE,RELIABLE,RELIABLE,RELIABLE,RELIABLE,RELIABLE,PARTIAL,PARTIAL,STATIONARY,STATIONARY,STATIONARY,STATIONARY,STATIONARY,STATIONARY,MOVING,STATIONARY,MOVING
87754,2610,3,RIGHT_LEG,0.12362601,0.00253557,0.02051004,0.01149473,0.01641108,0.01241328,0.01083407,0.01216103,0.01154722,0.03828944,0.02025733,RELIABLE,RELIABLE,RELIABLE,RELIABLE,RELIABLE,RELIABLE,PARTIAL,PARTIAL,STATIONARY,STATIONARY,STATIONARY,STATIONARY,STATIONARY,STATIONARY,MOVING,STATIONARY,MOVING
87790,2611,3,RIGHT_LEG,0.12435001,0.00098221,0.00789875,0.01142362,0.01615464,0.01264207,0.01041374,0.01251192,0.01152959,0.03125916,0.01893411,RELIABLE,RELIABLE,RELIABLE,RELIABLE,RELIABLE,RELIABLE,RELIABLE,PARTIAL,STATIONARY,STATIONARY,STATIONARY,STATIONARY,STATIONARY,STATIONARY,MOVING,STATIONARY,MOVING
87821,2612,3,RIGHT_LEG,0.12478202,0.00049110,0.00393570,0.01004590,0.01424714,0.01207539,0.01023487,0.01180494,0.01065240,0.02901171,0.01708018,RELIABLE,RELIABLE,RELIABLE,RELIABLE,RELIABLE,RELIABLE,RELIABLE,PARTIAL,STATIONARY,STATIONARY,STATIONARY,STATIONARY,STATIONARY,STATIONARY,MOVING,STATIONARY,MOVING
87851,2613,3,RIGHT_LEG,0.12552232,0.00125877,0.01002824,0.01005133,0.01417655,0.01200672,0.00857314,0.01246372,0.01035599,0.02806965,0.01595973,RELIABLE,RELIABLE,RELIABLE,RELIABLE,RELIABLE,RELIABLE,PARTIAL,PARTIAL,STATIONARY,STATIONARY,STATIONARY,STATIONARY,STATIONARY,STATIONARY,MOVING,STATIONARY,MOVING
87882,2614,3,RIGHT_LEG,0.12656297,0.00099707,0.00787808,0.00943558,0.01272501,0.01144247,0.00955584,0.01492348,0.01126594,0.02141182,,RELIABLE,RELIABLE,RELIABLE,RELIABLE,RELIABLE,RELIABLE,PARTIAL,UNRELIABLE,STATIONARY,STATIONARY,STATIONARY,STATIONARY,STATIONARY,STATIONARY,MOVING,UNCERTAIN,MOVING
87914,2615,3,RIGHT_LEG,0.12687584,0.00083863,0.00660987,0.00890945,0.01256804,0.01197265,0.00835077,0.01370037,0.01072971,0.01850890,,RELIABLE,RELIABLE,RELIABLE,RELIABLE,RELIABLE,RELIABLE,RELIABLE,RELIABLE,STATIONARY,STATIONARY,STATIONARY,STATIONARY,STATIONARY,STATIONARY,MOVING,UNCERTAIN,MOVING
87945,2616,3,RIGHT_LEG,0.12686974,0.00093515,0.00737097,0.00872293,0.01309178,0.01224718,0.00881745,0.01488780,0.01172074,0.02120009,0.07434562,RELIABLE,RELIABLE,RELIABLE,RELIABLE,RELIABLE,RELIABLE,RELIABLE,RELIABLE,STATIONARY,STATIONARY,STATIONARY,STATIONARY,STATIONARY,STATIONARY,MOVING,STATIONARY,MOVING
87977,2617,3,RIGHT_LEG,0.12673330,0.00118839,0.00937709,0.00920109,0.01439148,0.01341281,0.01000613,0.01828193,0.01306596,0.02203820,0.05472760,RELIABLE,RELIABLE,RELIABLE,RELIABLE,RELIABLE,RELIABLE,RELIABLE,RELIABLE,STATIONARY,STATIONARY,STATIONARY,STATIONARY,STATIONARY,STATIONARY,MOVING,STATIONARY,MOVING
88009,2618,3,RIGHT_LEG,0.12642373,0.00221967,0.01755737,0.00883201,0.01547861,0.01415820,0.00950358,0.01863489,0.01281505,0.02005624,0.04697877,RELIABLE,RELIABLE,RELIABLE,RELIABLE,RELIABLE,RELIABLE,RELIABLE,RELIABLE,STATIONARY,STATIONARY,STATIONARY,STATIONARY,STATIONARY,STATIONARY,STATIONARY,MOVING,MOVING
88042,2619,3,RIGHT_LEG,0.12657286,0.00296746,0.02344470,0.01077525,0.01834000,0.01817031,0.00922500,0.02136573,0.01541594,0.02246167,0.04637102,RELIABLE,RELIABLE,RELIABLE,RELIABLE,RELIABLE,RELIABLE,RELIABLE,RELIABLE,STATIONARY,STATIONARY,STATIONARY,STATIONARY,STATIONARY,STATIONARY,STATIONARY,MOVING,MOVING
88073,2620,3,RIGHT_LEG,0.12615959,0.00191963,0.01521588,0.01218528,0.02244669,0.02230355,0.00971317,0.02468333,0.01685258,0.02350919,0.04160669,RELIABLE,RELIABLE,RELIABLE,RELIABLE,RELIABLE,RELIABLE,RELIABLE,RELIABLE,STATIONARY,STATIONARY,STATIONARY,STATIONARY,STATIONARY,STATIONARY,STATIONARY,MOVING,MOVING
88106,2621,3,RIGHT_LEG,0.12625583,0.00300064,0.02376634,0.01390254,0.02647250,0.02674113,0.00961990,0.02619035,0.01832173,0.02713248,0.04341430,RELIABLE,RELIABLE,RELIABLE,RELIABLE,RELIABLE,RELIABLE,RELIABLE,RELIABLE,STATIONARY,STATIONARY,STATIONARY,STATIONARY,STATIONARY,STATIONARY,STATIONARY,MOVING,MOVING
88154,2622,3,RIGHT_LEG,0.12680872,0.00197120,0.01554468,0.01486086,0.03005227,0.02976106,0.00824091,0.02563180,0.01765265,0.02863941,0.04308113,RELIABLE,RELIABLE,RELIABLE,RELIABLE,RELIABLE,RELIABLE,PARTIAL,RELIABLE,STATIONARY,STATIONARY,STATIONARY,STATIONARY,STATIONARY,STATIONARY,STATIONARY,MOVING,MOVING
88180,2623,3,RIGHT_LEG,0.12734481,0.00098560,0.00773962,0.01500208,0.03139292,0.03083965,0.00792402,0.02576681,0.01681591,0.02821985,0.04025281,RELIABLE,RELIABLE,RELIABLE,RELIABLE,RELIABLE,RELIABLE,PARTIAL,RELIABLE,STATIONARY,STATIONARY,STATIONARY,STATIONARY,STATIONARY,STATIONARY,STATIONARY,MOVING,MOVING
88211,2624,3,RIGHT_LEG,0.12827567,0.00297606,0.02320050,0.01698077,0.03419352,0.03442932,0.00728942,0.02639759,0.01642499,0.02305675,0.03728761,RELIABLE,RELIABLE,RELIABLE,RELIABLE,RELIABLE,RELIABLE,RELIABLE,RELIABLE,STATIONARY,STATIONARY,STATIONARY,STATIONARY,STATIONARY,STATIONARY,STATIONARY,MOVING,MOVING
88243,2625,3,RIGHT_LEG,0.12861659,0.00357206,0.02777295,0.01928026,0.03834817,0.03652388,0.00732916,0.02411819,0.01497722,0.02161789,0.03447853,RELIABLE,RELIABLE,RELIABLE,RELIABLE,RELIABLE,RELIABLE,PARTIAL,RELIABLE,STATIONARY,STATIONARY,STATIONARY,STATIONARY,STATIONARY,STATIONARY,STATIONARY,MOVING,MOVING
88275,2626,3,RIGHT_LEG,0.12876852,0.00272689,0.02117670,0.01973267,0.03740620,0.03624787,0.00760179,0.02255437,0.01433712,0.02154080,0.03410852,RELIABLE,RELIABLE,RELIABLE,RELIABLE,RELIABLE,RELIABLE,PARTIAL,RELIABLE,STATIONARY,STATIONARY,STATIONARY,STATIONARY,STATIONARY,STATIONARY,STATIONARY,MOVING,MOVING
88306,2627,3,RIGHT_LEG,0.12905356,0.00242581,0.01879693,0.01915170,0.03881939,0.03526527,0.00820519,0.02210679,0.01247867,0.01986825,0.03059406,RELIABLE,RELIABLE,RELIABLE,RELIABLE,RELIABLE,RELIABLE,RELIABLE,RELIABLE,STATIONARY,STATIONARY,STATIONARY,STATIONARY,STATIONARY,STATIONARY,STATIONARY,MOVING,MOVING
88338,2628,3,RIGHT_LEG,0.13008887,0.00241722,0.01858127,0.01957237,0.03815077,0.03445169,0.00825571,0.02099793,0.01224990,0.01921357,0.02885545,RELIABLE,RELIABLE,RELIABLE,RELIABLE,RELIABLE,RELIABLE,PARTIAL,RELIABLE,STATIONARY,STATIONARY,STATIONARY,STATIONARY,STATIONARY,STATIONARY,STATIONARY,MOVING,MOVING
88370,2629,3,RIGHT_LEG,0.13036264,0.00098742,0.00757437,0.01754838,0.03479628,0.03113780,0.00882978,0.01956338,0.01087182,0.01436264,0.02437017,RELIABLE,RELIABLE,RELIABLE,RELIABLE,RELIABLE,RELIABLE,RELIABLE,RELIABLE,STATIONARY,STATIONARY,STATIONARY,STATIONARY,STATIONARY,STATIONARY,STATIONARY,MOVING,MOVING
88409,2630,3,RIGHT_LEG,0.13083102,0.00230214,0.01759630,0.01780483,0.03391055,0.03054632,0.00912951,0.02011809,0.01206565,0.01492955,0.02079727,RELIABLE,RELIABLE,RELIABLE,RELIABLE,RELIABLE,RELIABLE,RELIABLE,RELIABLE,STATIONARY,STATIONARY,STATIONARY,STATIONARY,STATIONARY,STATIONARY,STATIONARY,MOVING,MOVING
88449,2631,3,RIGHT_LEG,0.13107802,0.00119239,0.00909681,0.01797448,0.03293521,0.02921281,0.00990679,0.02123744,0.01590571,0.02147658,0.02475235,RELIABLE,RELIABLE,RELIABLE,RELIABLE,RELIABLE,RELIABLE,RELIABLE,RELIABLE,STATIONARY,STATIONARY,STATIONARY,STATIONARY,STATIONARY,STATIONARY,STATIONARY,MOVING,MOVING
88481,2632,3,RIGHT_LEG,0.13203115,0.00156380,0.01184420,0.01655494,0.03054558,0.02725463,0.00952708,0.02124819,0.01618051,0.02246983,0.02132112,RELIABLE,RELIABLE,RELIABLE,RELIABLE,RELIABLE,RELIABLE,PARTIAL,RELIABLE,STATIONARY,STATIONARY,STATIONARY,STATIONARY,STATIONARY,STATIONARY,STATIONARY,MOVING,MOVING
88523,2633,3,RIGHT_LEG,0.13244179,0.00163143,0.01231805,0.01462308,0.02734013,0.02643440,0.00797284,0.02131929,0.01628771,0.02317701,0.02090319,RELIABLE,RELIABLE,RELIABLE,RELIABLE,RELIABLE,RELIABLE,RELIABLE,RELIABLE,STATIONARY,STATIONARY,STATIONARY,STATIONARY,STATIONARY,STATIONARY,STATIONARY,MOVING,MOVING
91558,2725,3,LEFT_LEG,0.13158095,0.00183527,0.01394781,0.00885045,0.01174290,0.01173790,0.01254305,0.00922847,0.01126265,0.02339875,0.02094400,RELIABLE,RELIABLE,RELIABLE,RELIABLE,RELIABLE,RELIABLE,PARTIAL,RELIABLE,STATIONARY,STATIONARY,STATIONARY,STATIONARY,STATIONARY,STATIONARY,STATIONARY,STATIONARY,STATIONARY
91626,2726,3,LEFT_LEG,0.13093886,0.00173324,0.01323702,0.00960689,0.01243831,0.01279412,0.01454650,0.00951470,0.01183383,0.02386475,0.02132284,RELIABLE,RELIABLE,RELIABLE,RELIABLE,RELIABLE,RELIABLE,PARTIAL,RELIABLE,STATIONARY,STATIONARY,STATIONARY,STATIONARY,STATIONARY,STATIONARY,STATIONARY,STATIONARY,STATIONARY
91660,2727,3,LEFT_LEG,0.13039654,0.00086662,0.00664604,0.00977050,0.01215999,0.01252385,0.01544586,0.00956174,0.01159786,0.02101104,0.02116407,RELIABLE,RELIABLE,RELIABLE,RELIABLE,RELIABLE,RELIABLE,PARTIAL,RELIABLE,STATIONARY,STATIONARY,STATIONARY,STATIONARY,STATIONARY,STATIONARY,STATIONARY,STATIONARY,STATIONARY
91691,2728,3,LEFT_LEG,0.13065060,0.00122441,0.00937165,0.00979455,0.01183532,0.01300112,0.01647102,0.00981310,0.01106307,0.01974930,0.01968531,RELIABLE,RELIABLE,RELIABLE,RELIABLE,RELIABLE,RELIABLE,RELIABLE,RELIABLE,STATIONARY,STATIONARY,STATIONARY,STATIONARY,STATIONARY,STATIONARY,STATIONARY,STATIONARY,STATIONARY
91723,2729,3,LEFT_LEG,0.13113721,0.00146925,0.01120389,0.01012054,0.01343693,0.01424431,0.01534714,0.00985669,0.01053943,0.01976804,0.01845477,RELIABLE,RELIABLE,RELIABLE,RELIABLE,RELIABLE,RELIABLE,RELIABLE,RELIABLE,STATIONARY,STATIONARY,STATIONARY,STATIONARY,STATIONARY,STATIONARY,STATIONARY,STATIONARY,STATIONARY
91753,2730,3,LEFT_LEG,0.13118994,0.00130139,0.00991987,0.00991177,0.01332701,0.01436019,0.01450330,0.01007371,0.01016514,0.02127140,0.01977164,RELIABLE,RELIABLE,RELIABLE,RELIABLE,RELIABLE,RELIABLE,RELIABLE,RELIABLE,STATIONARY,STATIONARY,STATIONARY,STATIONARY,STATIONARY,STATIONARY,STATIONARY,STATIONARY,STATIONARY
91785,2731,3,LEFT_LEG,0.13145136,0.00112412,0.00855158,0.00991707,0.01396365,0.01438232,0.01417180,0.01034119,0.00958591,0.02187016,0.02111336,RELIABLE,RELIABLE,RELIABLE,RELIABLE,RELIABLE,RELIABLE,RELIABLE,RELIABLE,STATIONARY,STATIONARY,STATIONARY,STATIONARY,STATIONARY,STATIONARY,STATIONARY,STATIONARY,STATIONARY
91815,2732,3,LEFT_LEG,0.13225827,0.00135909,0.01027600,0.01039423,0.01538381,0.01623878,0.01387443,0.01171160,0.00911337,0.02269514,0.01937044,RELIABLE,RELIABLE,RELIABLE,RELIABLE,RELIABLE,RELIABLE,RELIABLE,RELIABLE,STATIONARY,STATIONARY,STATIONARY,STATIONARY,STATIONARY,STATIONARY,STATIONARY,STATIONARY,STATIONARY
91847,2733,3,LEFT_LEG,0.13285867,0.00136240,0.01025454,0.00993258,0.01619631,0.01541226,0.01267625,0.01297788,0.00977835,0.02554685,0.02405187,RELIABLE,RELIABLE,RELIABLE,RELIABLE,RELIABLE,RELIABLE,RELIABLE,RELIABLE,STATIONARY,STATIONARY,STATIONARY,STATIONARY,STATIONARY,STATIONARY,STATIONARY,STATIONARY,STATIONARY
91879,2734,3,LEFT_LEG,0.13307684,0.00164949,0.01239498,0.00982732,0.01830466,0.01705160,0.01011887,0.01466780,0.01008194,0.02488912,0.02574291,RELIABLE,RELIABLE,RELIABLE,RELIABLE,RELIABLE,RELIABLE,RELIABLE,RELIABLE,STATIONARY,STATIONARY,STATIONARY,STATIONARY,STATIONARY,STATIONARY,STATIONARY,STATIONARY,STATIONARY
91910,2735,3,LEFT_LEG,0.13251469,0.00212679,0.01604949,0.01100275,0.02125719,0.01991221,0.01046848,0.01931986,0.01091904,0.03029138,0.02916204,RELIABLE,RELIABLE,RELIABLE,RELIABLE,RELIABLE,RELIABLE,RELIABLE,RELIABLE,STATIONARY,STATIONARY,STATIONARY,STATIONARY,STATIONARY,STATIONARY,STATIONARY,STATIONARY,STATIONARY
91942,2736,3,LEFT_LEG,0.13185372,0.00316340,0.02399174,0.01283026,0.02524975,0.02462830,0.00849150,0.02105403,0.01120425,0.03124326,0.02796802,RELIABLE,RELIABLE,RELIABLE,RELIABLE,RELIABLE,RELIABLE,RELIABLE,RELIABLE,STATIONARY,STATIONARY,STATIONARY,STATIONARY,STATIONARY,STATIONARY,STATIONARY,STATIONARY,STATIONARY
91974,2737,3,LEFT_LEG,0.13112829,0.00307882,0.02347941,0.01436470,0.02769803,0.02861169,0.00907453,0.02425605,0.01243951,0.03647582,0.02972209,RELIABLE,RELIABLE,RELIABLE,RELIABLE,RELIABLE,RELIABLE,RELIABLE,RELIABLE,STATIONARY,STATIONARY,STATIONARY,STATIONARY,STATIONARY,STATIONARY,STATIONARY,STATIONARY,STATIONARY
92026,2738,3,LEFT_LEG,0.13030878,0.00384836,0.02953264,0.01681630,0.03487290,0.03507335,0.01047102,0.03211916,0.01391609,0.03493802,0.02757584,RELIABLE,RELIABLE,RELIABLE,RELIABLE,RELIABLE,RELIABLE,RELIABLE,RELIABLE,STATIONARY,STATIONARY,STATIONARY,STATIONARY,STATIONARY,STATIONARY,STATIONARY,STATIONARY,STATIONARY
92052,2739,3,LEFT_LEG,0.12969448,0.00192418,0.01483626,0.01760188,0.03726556,0.03742066,0.01047022,0.03524385,0.01496159,0.03280999,0.02577916,RELIABLE,RELIABLE,RELIABLE,RELIABLE,RELIABLE,RELIABLE,RELIABLE,RELIABLE,STATIONARY,STATIONARY,STATIONARY,STATIONARY,STATIONARY,STATIONARY,STATIONARY,STATIONARY,STATIONARY
92083,2740,3,LEFT_LEG,0.12972218,0.00286960,0.02212116,0.01908253,0.04055049,0.04082092,0.01191212,0.03707575,0.01613687,0.03077937,0.02670306,RELIABLE,RELIABLE,RELIABLE,RELIABLE,RELIABLE,RELIABLE,RELIABLE,RELIABLE,STATIONARY,STATIONARY,STATIONARY,STATIONARY,STATIONARY,STATIONARY,STATIONARY,STATIONARY,STATIONARY
92114,2741,3,LEFT_LEG,0.12965467,0.00249099,0.01921251,0.02020227,0.04394464,0.04529656,0.01332344,0.04049963,0.01586606,0.02917617,0.02404247,RELIABLE,RELIABLE,RELIABLE,RELIABLE,RELIABLE,RELIABLE,RELIABLE,RELIABLE,STATIONARY,STATIONARY,STATIONARY,STATIONARY,STATIONARY,STATIONARY,STATIONARY,STATIONARY,STATIONARY
92146,2742,3,LEFT_LEG,0.12973474,0.00222467,0.01714783,0.02079638,0.04535651,0.04562371,0.01433649,0.04309233,0.01670858,0.02898866,0.02452773,RELIABLE,RELIABLE,RELIABLE,RELIABLE,RELIABLE,RELIABLE,RELIABLE,RELIABLE,STATIONARY,STATIONARY,STATIONARY,STATIONARY,STATIONARY,STATIONARY,STATIONARY,STATIONARY,STATIONARY
92177,2743,3,LEFT_LEG,0.12965649,0.00239151,0.01844498,0.02109582,0.04690558,0.04609652,0.01429800,0.04187452,0.01690972,0.02420570,0.02214468,RELIABLE,RELIABLE,RELIABLE,RELIABLE,RELIABLE,RELIABLE,RELIABLE,RELIABLE,STATIONARY,STATIONARY,STATIONARY,STATIONARY,STATIONARY,STATIONARY,STATIONARY,STATIONARY,STATIONARY
92208,2744,3,LEFT_LEG,0.12922157,0.00244082,0.01888865,0.02045793,0.04663489,0.04478777,0.01583074,0.04343894,0.01752801,0.02679127,0.02482144,RELIABLE,RELIABLE,RELIABLE,RELIABLE,RELIABLE,RELIABLE,RELIABLE,RELIABLE,STATIONARY,STATIONARY,STATIONARY,STATIONARY,STATIONARY,STATIONARY,STATIONARY,STATIONARY,STATIONARY
92240,2745,3,LEFT_LEG,0.12899784,0.00244230,0.01893291,0.01988962,0.04616937,0.04348492,0.01680534,0.04295635,0.01758761,0.02186740,0.02590116,RELIABLE,RELIABLE,RELIABLE,RELIABLE,RELIABLE,RELIABLE,PARTIAL,PARTIAL,STATIONARY,STATIONARY,STATIONARY,STATIONARY,STATIONARY,STATIONARY,STATIONARY,STATIONARY,STATIONARY
92272,2746,3,LEFT_LEG,0.12898052,0.00231595,0.01795580,0.01844251,0.04274466,0.03974659,0.01622698,0.03599089,0.01564662,0.02050301,0.02857397,RELIABLE,RELIABLE,RELIABLE,RELIABLE,RELIABLE,RELIABLE,PARTIAL,RELIABLE,STATIONARY,STATIONARY,STATIONARY,STATIONARY,STATIONARY,STATIONARY,STATIONARY,STATIONARY,STATIONARY
92303,2747,3,LEFT_LEG,0.12869138,0.00115549,0.00897874,0.01771032,0.04063332,0.03763547,0.01734500,0.03360892,0.01531740,0.02071827,0.03007572,RELIABLE,RELIABLE,RELIABLE,RELIABLE,RELIABLE,RELIABLE,PARTIAL,PARTIAL,STATIONARY,STATIONARY,STATIONARY,STATIONARY,STATIONARY,STATIONARY,STATIONARY,STATIONARY,STATIONARY
92334,2748,3,LEFT_LEG,0.12864820,0.00142449,0.01107278,0.01632928,0.03672243,0.03439419,0.01645653,0.03096077,0.01445936,0.02092750,0.02993380,RELIABLE,RELIABLE,RELIABLE,RELIABLE,RELIABLE,RELIABLE,PARTIAL,PARTIAL,STATIONARY,STATIONARY,STATIONARY,STATIONARY,STATIONARY,STATIONARY,STATIONARY,STATIONARY,STATIONARY
92366,2749,3,LEFT_LEG,0.12880011,0.00206699,0.01604801,0.01593371,0.03521943,0.03101663,0.01589124,0.02675069,0.01375753,0.01899095,0.02737642,RELIABLE,RELIABLE,RELIABLE,RELIABLE,RELIABLE,RELIABLE,RELIABLE,RELIABLE,STATIONARY,STATIONARY,STATIONARY,STATIONARY,STATIONARY,STATIONARY,STATIONARY,STATIONARY,STATIONARY
92397,2750,3,LEFT_LEG,0.12894606,0.00118435,0.00918484,0.01493834,0.03110578,0.02782216,0.01578034,0.02263328,0.01197720,0.01773239,0.02263697,RELIABLE,RELIABLE,RELIABLE,RELIABLE,RELIABLE,RELIABLE,PARTIAL,PARTIAL,STATIONARY,STATIONARY,STATIONARY,STATIONARY,STATIONARY,STATIONARY,STATIONARY,STATIONARY,STATIONARY
92428,2751,3,LEFT_LEG,0.12904931,0.00126505,0.00980281,0.01385807,0.02773037,0.02461611,0.01554337,0.02010048,0.01154212,0.01767317,0.02232187,RELIABLE,RELIABLE,RELIABLE,RELIABLE,RELIABLE,RELIABLE,RELIABLE,RELIABLE,STATIONARY,STATIONARY,STATIONARY,STATIONARY,STATIONARY,STATIONARY,STATIONARY,STATIONARY,STATIONARY
92460,2752,3,LEFT_LEG,0.12834827,0.00122338,0.00953171,0.01268845,0.02396569,0.02203780,0.01418448,0.01649347,0.01057880,0.01478219,0.02087721,RELIABLE,RELIABLE,RELIABLE,RELIABLE,RELIABLE,RELIABLE,RELIABLE,RELIABLE,STATIONARY,STATIONARY,STATIONARY,STATIONARY,STATIONARY,STATIONARY,STATIONARY,STATIONARY,STATIONARY
92491,2753,3,LEFT_LEG,0.12845179,0.00085967,0.00669257,0.01115841,0.02055667,0.01894499,0.01407570,0.01463162,0.00966704,0.01408041,0.01824469,RELIABLE,RELIABLE,RELIABLE,RELIABLE,RELIABLE,RELIABLE,PARTIAL,RELIABLE,STATIONARY,STATIONARY,STATIONARY,STATIONARY,STATIONARY,STATIONARY,STATIONARY,STATIONARY,STATIONARY
92522,2754,3,LEFT_LEG,0.12821290,0.00118818,0.00926726,0.01007234,0.01722276,0.01610358,0.01523742,0.01531000,0.01065040,0.01499043,0.01653128,RELIABLE,RELIABLE,RELIABLE,RELIABLE,RELIABLE,RELIABLE,RELIABLE,RELIABLE,STATIONARY,STATIONARY,STATIONARY,STATIONARY,STATIONARY,STATIONARY,STATIONARY,STATIONARY,STATIONARY
92554,2755,3,LEFT_LEG,0.12738963,0.00130875,0.01027362,0.01023420,0.01799970,0.01668627,0.01508216,0.01569380,0.01115577,0.01530774,0.01554290,RELIABLE,RELIABLE,RELIABLE,RELIABLE,RELIABLE,RELIABLE,RELIABLE,RELIABLE,STATIONARY,STATIONARY,STATIONARY,STATIONARY,STATIONARY,STATIONARY,STATIONARY,STATIONARY,STATIONARY
92586,2756,3,LEFT_LEG,0.12685639,0.00134835,0.01062898,0.01017873,0.01851727,0.01601948,0.01627004,0.01593110,0.01157180,0.01803167,0.01543903,RELIABLE,RELIABLE,RELIABLE,RELIABLE,RELIABLE,RELIABLE,RELIABLE,RELIABLE,STATIONARY,STATIONARY,STATIONARY,STATIONARY,STATIONARY,STATIONARY,STATIONARY,STATIONARY,STATIONARY
92618,2757,3,LEFT_LEG,0.12713471,0.00142855,0.01123650,0.00957729,0.01788285,0.01653740,0.01771196,0.01617321,0.01252518,0.01916748,0.01734900,RELIABLE,RELIABLE,RELIABLE,RELIABLE,RELIABLE,RELIABLE,RELIABLE,RELIABLE,STATIONARY,STATIONARY,STATIONARY,STATIONARY,STATIONARY,STATIONARY,STATIONARY,STATIONARY,STATIONARY
92650,2758,3,LEFT_LEG,0.12694995,0.00106700,0.00840488,0.00947979,0.01862914,0.01726681,0.01877683,0.01833221,0.01385306,0.02125604,0.01957104,RELIABLE,RELIABLE,RELIABLE,RELIABLE,RELIABLE,RELIABLE,RELIABLE,RELIABLE,STATIONARY,STATIONARY,STATIONARY,STATIONARY,STATIONARY,STATIONARY,STATIONARY,STATIONARY,STATIONARY
92682,2759,3,LEFT_LEG,0.12633929,0.00172076,0.01362018,0.00995696,0.01893207,0.01933195,0.01978795,0.02043163,0.01507807,0.02262280,0.01978874,RELIABLE,RELIABLE,RELIABLE,RELIABLE,RELIABLE,RELIABLE,RELIABLE,RELIABLE,STATIONARY,STATIONARY,STATIONARY,STATIONARY,STATIONARY,STATIONARY,STATIONARY,STATIONARY,STATIONARY
92725,2760,3,LEFT_LEG,0.12588686,0.00148116,0.01176578,0.01023622,0.02020291,0.02040793,0.02137374,0.02119863,0.01657300,0.02396556,0.01917454,RELIABLE,RELIABLE,RELIABLE,RELIABLE,RELIABLE,RELIABLE,RELIABLE,RELIABLE,STATIONARY,STATIONARY,STATIONARY,STATIONARY,STATIONARY,STATIONARY,STATIONARY,STATIONARY,STATIONARY
92761,2761,3,LEFT_LEG,0.12601007,0.00197972,0.01571083,0.01136350,0.02113753,0.02167470,0.02209330,0.02077178,0.01760732,0.02390250,0.02160827,RELIABLE,RELIABLE,RELIABLE,RELIABLE,RELIABLE,RELIABLE,PARTIAL,RELIABLE,STATIONARY,STATIONARY,STATIONARY,STATIONARY,STATIONARY,STATIONARY,STATIONARY,STATIONARY,STATIONARY
92793,2762,3,LEFT_LEG,0.12605838,0.00126324,0.01002106,0.01145773,0.02116728,0.02222451,0.02181735,0.02038309,0.01874330,0.02920411,0.02805414,RELIABLE,RELIABLE,RELIABLE,RELIABLE,RELIABLE,RELIABLE,RELIABLE,RELIABLE,STATIONARY,STATIONARY,STATIONARY,STATIONARY,STATIONARY,STATIONARY,STATIONARY,STATIONARY,STATIONARY
92825,2763,3,LEFT_LEG,0.12586536,0.00136602,0.01085299,0.01153015,0.02127560,0.02270671,0.02156990,0.02101018,0.01984247,0.03171418,0.04085181,RELIABLE,RELIABLE,RELIABLE,RELIABLE,RELIABLE,RELIABLE,RELIABLE,RELIABLE,STATIONARY,STATIONARY,STATIONARY,STATIONARY,STATIONARY,STATIONARY,STATIONARY,STATIONARY,STATIONARY
92858,2764,3,LEFT_LEG,0.12593398,0.00127154,0.01009684,0.01146363,0.02060083,0.02301441,0.02198458,0.02263409,0.02059931,0.03176026,0.04312472,RELIABLE,RELIABLE,RELIABLE,RELIABLE,RELIABLE,RELIABLE,RELIABLE,RELIABLE,STATIONARY,STATIONARY,STATIONARY,STATIONARY,STATIONARY,STATIONARY,STATIONARY,STATIONARY,STATIONARY
92889,2765,3,LEFT_LEG,0.12596874,0.00139837,0.01110094,0.01144669,0.01976123,0.02230645,0.02297630,0.02285323,0.02022973,0.03100003,0.05325186,RELIABLE,RELIABLE,RELIABLE,RELIABLE,RELIABLE,RELIABLE,RELIABLE,RELIABLE,STATIONARY,STATIONARY,STATIONARY,STATIONARY,STATIONARY,STATIONARY,STATIONARY,MOVING,MOVING
92921,2766,3,LEFT_LEG,0.12598013,0.00109794,0.00871515,0.01148547,0.02045882,0.02261691,0.02265905,0.02347884,0.02073559,0.03111265,0.06219169,RELIABLE,RELIABLE,RELIABLE,RELIABLE,RELIABLE,RELIABLE,RELIABLE,RELIABLE,STATIONARY,STATIONARY,STATIONARY,STATIONARY,STATIONARY,STATIONARY,STATIONARY,MOVING,MOVING
92961,2767,3,LEFT_LEG,0.12627292,0.00121961,0.00965851,0.01099026,0.01916389,0.02094637,0.02130620,0.02155058,0.01969583,0.03004108,0.07606494,RELIABLE,RELIABLE,RELIABLE,RELIABLE,RELIABLE,RELIABLE,RELIABLE,RELIABLE,STATIONARY,STATIONARY,STATIONARY,STATIONARY,STATIONARY,STATIONARY,STATIONARY,MOVING,MOVING
92993,2768,3,LEFT_LEG,0.12572244,0.00095920,0.00762948,0.01047323,0.01706127,0.01925793,0.01975243,0.02229190,0.02085358,0.03010747,0.09574348,RELIABLE,RELIABLE,RELIABLE,RELIABLE,RELIABLE,RELIABLE,RELIABLE,RELIABLE,STATIONARY,STATIONARY,STATIONARY,STATIONARY,STATIONARY,STATIONARY,STATIONARY,MOVING,MOVING
93024,2769,3,LEFT_LEG,0.12492944,0.00084492,0.00676317,0.00935477,0.01600418,0.01704104,0.01905959,0.02502992,0.02149032,0.03141090,0.11376601,RELIABLE,RELIABLE,RELIABLE,RELIABLE,RELIABLE,RELIABLE,RELIABLE,RELIABLE,STATIONARY,STATIONARY,STATIONARY,STATIONARY,STATIONARY,STATIONARY,STATIONARY,MOVING,MOVING
93055,2770,3,LEFT_LEG,0.12455183,0.00084074,0.00675013,0.00894590,0.01577568,0.01600502,0.01869804,0.02456809,0.02063471,0.02900749,0.12651515,RELIABLE,RELIABLE,RELIABLE,RELIABLE,RELIABLE,RELIABLE,RELIABLE,RELIABLE,STATIONARY,STATIONARY,STATIONARY,STATIONARY,STATIONARY,STATIONARY,STATIONARY,MOVING,MOVING
93087,2771,3,LEFT_LEG,0.12454524,0.00075364,0.00605114,0.00834567,0.01328319,0.01394595,0.01839764,0.02277969,0.01943413,0.02776420,0.13268496,RELIABLE,RELIABLE,RELIABLE,RELIABLE,RELIABLE,RELIABLE,RELIABLE,RELIABLE,STATIONARY,STATIONARY,STATIONARY,STATIONARY,STATIONARY,STATIONARY,STATIONARY,MOVING,MOVING
93118,2772,3,LEFT_LEG,0.12508412,0.00107494,0.00859370,0.00815778,0.01312925,0.01357450,0.01651808,0.02499003,0.01869130,0.02914370,0.14493198,RELIABLE,RELIABLE,RELIABLE,RELIABLE,RELIABLE,RELIABLE,RELIABLE,RELIABLE,STATIONARY,STATIONARY,STATIONARY,STATIONARY,STATIONARY,STATIONARY,STATIONARY,MOVING,MOVING
93161,2773,3,LEFT_LEG,0.12523296,0.00092629,0.00739657,0.00769473,0.01206398,0.01199325,0.01382745,0.02624890,0.01814234,0.03124396,0.14596947,RELIABLE,RELIABLE,RELIABLE,RELIABLE,RELIABLE,RELIABLE,RELIABLE,RELIABLE,STATIONARY,STATIONARY,STATIONARY,STATIONARY,STATIONARY,STATIONARY,STATIONARY,MOVING,MOVING
93196,2774,3,LEFT_LEG,0.12521655,0.00054553,0.00435670,0.00714992,0.01039771,0.01036799,0.01219682,0.02529414,0.01686913,0.03096043,0.14648526,RELIABLE,RELIABLE,RELIABLE,RELIABLE,RELIABLE,RELIABLE,RELIABLE,RELIABLE,STATIONARY,STATIONARY,STATIONARY,STATIONARY,STATIONARY,STATIONARY,STATIONARY,MOVING,MOVING
93228,2775,3,LEFT_LEG,0.12552646,0.00075204,0.00599107,0.00669149,0.01030995,0.00945640,0.01239085,0.03009508,0.01659428,0.03260613,0.13823763,RELIABLE,RELIABLE,RELIABLE,RELIABLE,RELIABLE,RELIABLE,RELIABLE,RELIABLE,STATIONARY,STATIONARY,STATIONARY,STATIONARY,STATIONARY,STATIONARY,STATIONARY,MOVING,MOVING
93259,2776,3,LEFT_LEG,0.12577703,0.00076073,0.00604824,0.00649384,0.01065891,0.00862087,0.01164972,0.02994481,0.01484829,0.03345487,0.12314273,RELIABLE,RELIABLE,RELIABLE,RELIABLE,RELIABLE,RELIABLE,RELIABLE,RELIABLE,STATIONARY,STATIONARY,STATIONARY,STATIONARY,STATIONARY,STATIONARY,STATIONARY,MOVING,MOVING
93290,2777,3,LEFT_LEG,0.12578952,0.00052877,0.00420359,0.00617389,0.01024920,0.00853336,0.01054674,0.02884715,0.01399847,0.03575551,0.10527523,RELIABLE,RELIABLE,RELIABLE,RELIABLE,RELIABLE,RELIABLE,RELIABLE,RELIABLE,STATIONARY,STATIONARY,STATIONARY,STATIONARY,STATIONARY,STATIONARY,STATIONARY,MOVING,MOVING
93321,2778,3,LEFT_LEG,0.12634006,0.00196662,0.01556605,0.00727588,0.01115911,0.00984066,0.00991716,0.02991356,0.01251470,0.03633239,0.08543881,RELIABLE,RELIABLE,RELIABLE,RELIABLE,RELIABLE,RELIABLE,RELIABLE,RELIABLE,STATIONARY,STATIONARY,STATIONARY,STATIONARY,STATIONARY,STATIONARY,STATIONARY,MOVING,MOVING
93353,2779,3,LEFT_LEG,0.12698312,0.00064418,0.00507297,0.00715361,0.01080101,0.00914929,0.00893084,0.03187954,0.01222717,0.03643793,0.06815138,RELIABLE,RELIABLE,RELIABLE,RELIABLE,RELIABLE,RELIABLE,RELIABLE,RELIABLE,STATIONARY,STATIONARY,STATIONARY,STATIONARY,STATIONARY,STATIONARY,MOVING,MOVING,MOVING
93386,2780,3,LEFT_LEG,0.12685268,0.00145081,0.01143694,0.00750902,0.00950962,0.00811262,0.00961798,0.03286335,0.01229502,0.03590192,0.05793086,RELIABLE,RELIABLE,RELIABLE,RELIABLE,RELIABLE,RELIABLE,RELIABLE,RELIABLE,STATIONARY,STATIONARY,STATIONARY,STATIONARY,STATIONARY,STATIONARY,MOVING,MOVING,MOVING
93417,2781,3,LEFT_LEG,0.12671067,0.00085227,0.00672613,0.00742521,0.00823742,0.00807883,0.00975616,0.03297331,0.01203248,0.03376014,0.05126826,RELIABLE,RELIABLE,RELIABLE,RELIABLE,RELIABLE,RELIABLE,RELIABLE,RELIABLE,STATIONARY,STATIONARY,STATIONARY,STATIONARY,STATIONARY,STATIONARY,MOVING,MOVING,MOVING
93450,2782,3,LEFT_LEG,0.12739428,0.00088344,0.00693470,0.00774746,0.00869045,0.00833274,0.01067761,0.03489433,0.01144676,0.03508268,0.04950163,RELIABLE,RELIABLE,RELIABLE,RELIABLE,RELIABLE,RELIABLE,RELIABLE,RELIABLE,STATIONARY,STATIONARY,STATIONARY,STATIONARY,STATIONARY,STATIONARY,MOVING,MOVING,MOVING
93482,2783,3,LEFT_LEG,0.12798873,0.00075791,0.00592172,0.00773879,0.00899247,0.00874744,0.00968277,0.03208317,0.01123730,0.03541556,0.05353944,RELIABLE,RELIABLE,RELIABLE,RELIABLE,RELIABLE,RELIABLE,RELIABLE,RELIABLE,STATIONARY,STATIONARY,STATIONARY,STATIONARY,STATIONARY,STATIONARY,MOVING,MOVING,MOVING
93530,2784,3,LEFT_LEG,0.12742643,0.00101281,0.00794818,0.00797629,0.00909387,0.00936580,0.00967843,0.03472607,0.01102544,0.03271431,0.06024668,RELIABLE,RELIABLE,RELIABLE,RELIABLE,RELIABLE,RELIABLE,RELIABLE,RELIABLE,STATIONARY,STATIONARY,STATIONARY,STATIONARY,STATIONARY,STATIONARY,MOVING,MOVING,MOVING
93561,2785,3,LEFT_LEG,0.12649522,0.00111842,0.00884163,0.00855604,0.00994058,0.01030181,0.00989576,0.03523918,0.01074443,0.03381565,0.07521901,RELIABLE,RELIABLE,RELIABLE,RELIABLE,RELIABLE,RELIABLE,RELIABLE,RELIABLE,STATIONARY,STATIONARY,STATIONARY,STATIONARY,STATIONARY,STATIONARY,MOVING,MOVING,MOVING
93594,2786,3,LEFT_LEG,0.12516471,0.00129060,0.01031120,0.00789919,0.00897650,0.00836498,0.01061723,0.03730185,0.01199339,0.03569662,0.09283335,RELIABLE,RELIABLE,RELIABLE,RELIABLE,RELIABLE,RELIABLE,RELIABLE,RELIABLE,STATIONARY,STATIONARY,STATIONARY,STATIONARY,STATIONARY,STATIONARY,MOVING,MOVING,MOVING
93626,2787,3,LEFT_LEG,0.12464399,0.00085616,0.00686881,0.00812366,0.00964386,0.00817087,0.01095414,0.03878504,0.01345181,0.04303374,0.10762877,RELIABLE,RELIABLE,RELIABLE,RELIABLE,RELIABLE,RELIABLE,RELIABLE,RELIABLE,STATIONARY,STATIONARY,STATIONARY,STATIONARY,STATIONARY,STATIONARY,MOVING,MOVING,MOVING
93665,2788,3,LEFT_LEG,0.12420941,0.00112777,0.00907956,0.00782899,0.01045908,0.00892844,0.00989951,0.03372028,0.01304887,0.04494106,0.11229137,RELIABLE,RELIABLE,RELIABLE,RELIABLE,RELIABLE,RELIABLE,RELIABLE,RELIABLE,STATIONARY,STATIONARY,STATIONARY,STATIONARY,STATIONARY,STATIONARY,MOVING,MOVING,MOVING
93698,2789,3,LEFT_LEG,0.12356654,0.00123226,0.00997248,0.00823479,0.01178327,0.00865482,0.01013271,0.03246381,0.01414954,0.04988473,0.11624024,RELIABLE,RELIABLE,RELIABLE,RELIABLE,RELIABLE,RELIABLE,RELIABLE,RELIABLE,STATIONARY,STATIONARY,STATIONARY,STATIONARY,STATIONARY,STATIONARY,MOVING,MOVING,MOVING
93729,2790,3,LEFT_LEG,0.12335698,0.00194119,0.01573636,0.00933499,0.01263709,0.01008768,0.00922693,0.02827574,0.01438598,0.05387702,0.11769185,RELIABLE,RELIABLE,RELIABLE,RELIABLE,RELIABLE,RELIABLE,RELIABLE,RELIABLE,STATIONARY,STATIONARY,STATIONARY,STATIONARY,STATIONARY,STATIONARY,MOVING,MOVING,MOVING
93761,2791,3,LEFT_LEG,0.12284542,0.00134006,0.01090850,0.00995834,0.01234832,0.01042789,0.00958309,0.02695235,0.01452145,0.05431875,0.11521387,RELIABLE,RELIABLE,RELIABLE,RELIABLE,RELIABLE,RELIABLE,RELIABLE,RELIABLE,STATIONARY,STATIONARY,STATIONARY,STATIONARY,STATIONARY,STATIONARY,MOVING,MOVING,MOVING
93793,2792,3,LEFT_LEG,0.12313145,0.00041771,0.00339240,0.00938887,0.01164663,0.00972986,0.01052189,0.02287604,0.01443363,0.06223122,0.11264243,RELIABLE,RELIABLE,RELIABLE,RELIABLE,RELIABLE,RELIABLE,RELIABLE,RELIABLE,STATIONARY,STATIONARY,STATIONARY,STATIONARY,STATIONARY,STATIONARY,MOVING,MOVING,MOVING
93825,2793,3,LEFT_LEG,0.12365252,0.00080027,0.00647196,0.00909266,0.01075454,0.00875921,0.01036324,0.02101629,0.01518750,0.06400494,0.10727324,RELIABLE,RELIABLE,RELIABLE,RELIABLE,RELIABLE,RELIABLE,PARTIAL,RELIABLE,STATIONARY,STATIONARY,STATIONARY,STATIONARY,STATIONARY,STATIONARY,MOVING,MOVING,MOVING
93857,2794,3,LEFT_LEG,0.12407106,0.00060744,0.00489591,0.00841575,0.00933196,0.00872440,0.00869755,0.01800751,0.01493286,0.06387300,0.10259097,RELIABLE,RELIABLE,RELIABLE,RELIABLE,RELIABLE,RELIABLE,RELIABLE,RELIABLE,STATIONARY,STATIONARY,STATIONARY,STATIONARY,STATIONARY,STATIONARY,MOVING,MOVING,MOVING
93889,2795,3,LEFT_LEG,0.12433006,0.00089696,0.00721435,0.00845894,0.00974862,0.00915452,0.00975179,0.01464167,0.01363524,0.05551580,0.08842723,RELIABLE,RELIABLE,RELIABLE,RELIABLE,RELIABLE,RELIABLE,RELIABLE,RELIABLE,STATIONARY,STATIONARY,STATIONARY,STATIONARY,STATIONARY,STATIONARY,MOVING,MOVING,MOVING
93930,2796,3,LEFT_LEG,0.12452932,0.00044261,0.00355423,0.00776827,0.00869499,0.00750331,0.00978273,0.01435688,0.01265993,0.05164975,0.07864677,RELIABLE,RELIABLE,RELIABLE,RELIABLE,RELIABLE,RELIABLE,RELIABLE,RELIABLE,STATIONARY,STATIONARY,STATIONARY,STATIONARY,STATIONARY,STATIONARY,MOVING,MOVING,MOVING
93967,2797,3,LEFT_LEG,0.12482211,0.00046198,0.00370108,0.00698435,0.00788335,0.00742346,0.00943749,0.01464003,0.01172883,0.04768865,0.07268511,RELIABLE,RELIABLE,RELIABLE,RELIABLE,RELIABLE,RELIABLE,RELIABLE,RELIABLE,STATIONARY,STATIONARY,STATIONARY,STATIONARY,STATIONARY,STATIONARY,MOVING,MOVING,MOVING
93999,2798,3,LEFT_LEG,0.12451228,0.00085958,0.00690359,0.00588025,0.00725204,0.00625410,0.00914537,0.01424413,0.01120442,0.04163588,0.06321964,RELIABLE,RELIABLE,RELIABLE,RELIABLE,RELIABLE,RELIABLE,RELIABLE,RELIABLE,STATIONARY,STATIONARY,STATIONARY,STATIONARY,STATIONARY,STATIONARY,MOVING,MOVING,MOVING
94030,2799,3,LEFT_LEG,0.12428618,0.00103932,0.00836232,0.00556198,0.00803730,0.00601942,0.00880880,0.01309038,0.01086107,0.04177935,0.05850216,RELIABLE,RELIABLE,RELIABLE,RELIABLE,RELIABLE,RELIABLE,RELIABLE,RELIABLE,STATIONARY,STATIONARY,STATIONARY,STATIONARY,STATIONARY,STATIONARY,MOVING,MOVING,MOVING
94062,2800,3,LEFT_LEG,0.12362516,0.00110808,0.00896320,0.00625833,0.00854958,0.00652299,0.00783409,0.01238168,0.00948938,0.03307667,0.05031268,RELIABLE,RELIABLE,RELIABLE,RELIABLE,RELIABLE,RELIABLE,RELIABLE,RELIABLE,STATIONARY,STATIONARY,STATIONARY,STATIONARY,STATIONARY,STATIONARY,MOVING,MOVING,MOVING
94093,2801,3,LEFT_LEG,0.12292298,0.00065140,0.00529928,0.00611175,0.00898988,0.00726186,0.00744600,0.01122859,0.00770164,0.02713871,0.03760923,RELIABLE,RELIABLE,RELIABLE,RELIABLE,RELIABLE,RELIABLE,RELIABLE,RELIABLE,STATIONARY,STATIONARY,STATIONARY,STATIONARY,STATIONARY,STATIONARY,MOVING,MOVING,MOVING
94125,2802,3,LEFT_LEG,0.12292595,0.00052249,0.00425043,0.00603106,0.00884203,0.00738731,0.00791768,0.00996307,0.00676488,0.02130730,0.02450688,RELIABLE,RELIABLE,RELIABLE,RELIABLE,RELIABLE,RELIABLE,RELIABLE,RELIABLE,STATIONARY,STATIONARY,STATIONARY,STATIONARY,STATIONARY,STATIONARY,MOVING,MOVING,MOVING
94156,2803,3,LEFT_LEG,0.12245924,0.00052350,0.00427490,0.00566363,0.00824679,0.00724678,0.00704410,0.00950063,0.00621830,0.02063847,0.02298875,RELIABLE,RELIABLE,RELIABLE,RELIABLE,RELIABLE,RELIABLE,RELIABLE,RELIABLE,STATIONARY,STATIONARY,STATIONARY,STATIONARY,STATIONARY,STATIONARY,MOVING,MOVING,MOVING
94187,2804,3,LEFT_LEG,0.12137149,0.00049844,0.00410669,0.00573269,0.00883020,0.00806818,0.00720316,0.01008494,0.00694215,0.02199461,0.02378482,RELIABLE,RELIABLE,RELIABLE,RELIABLE,RELIABLE,RELIABLE,RELIABLE,RELIABLE,STATIONARY,STATIONARY,STATIONARY,STATIONARY,STATIONARY,STATIONARY,MOVING,MOVING,MOVING
94219,2805,3,LEFT_LEG,0.12069229,0.00086215,0.00714339,0.00616298,0.00915998,0.00846521,0.00691909,0.00832724,0.00753576,0.02108726,0.01943149,RELIABLE,RELIABLE,RELIABLE,RELIABLE,RELIABLE,RELIABLE,RELIABLE,RELIABLE,STATIONARY,STATIONARY,STATIONARY,STATIONARY,STATIONARY,STATIONARY,MOVING,MOVING,MOVING
94250,2806,3,LEFT_LEG,0.12049244,0.00097304,0.00807550,0.00630946,0.00910817,0.00862764,0.00747937,0.00928747,0.00757691,0.01977199,0.01850119,RELIABLE,RELIABLE,RELIABLE,RELIABLE,RELIABLE,RELIABLE,RELIABLE,RELIABLE,STATIONARY,STATIONARY,STATIONARY,STATIONARY,STATIONARY,STATIONARY,MOVING,MOVING,MOVING
94297,2807,3,LEFT_LEG,0.12040977,0.00092441,0.00767722,0.00622383,0.00886567,0.00879456,0.00905948,0.00916988,0.00776272,0.01864529,0.01638396,RELIABLE,RELIABLE,RELIABLE,RELIABLE,RELIABLE,RELIABLE,RELIABLE,RELIABLE,STATIONARY,STATIONARY,STATIONARY,STATIONARY,STATIONARY,STATIONARY,STATIONARY,MOVING,MOVING
94329,2808,3,LEFT_LEG,0.12088896,0.00051393,0.00425125,0.00563483,0.00823530,0.00873756,0.01041442,0.00954120,0.00854473,0.02025205,0.01644678,RELIABLE,RELIABLE,RELIABLE,RELIABLE,RELIABLE,RELIABLE,RELIABLE,RELIABLE,STATIONARY,STATIONARY,STATIONARY,STATIONARY,STATIONARY,STATIONARY,STATIONARY,MOVING,MOVING
94362,2809,3,LEFT_LEG,0.12147823,0.00092129,0.00758398,0.00592042,0.00787949,0.00833295,0.01020985,0.01004476,0.00970748,0.02050802,0.01845165,RELIABLE,RELIABLE,RELIABLE,RELIABLE,RELIABLE,RELIABLE,RELIABLE,RELIABLE,STATIONARY,STATIONARY,STATIONARY,STATIONARY,STATIONARY,STATIONARY,STATIONARY,STATIONARY,STATIONARY
94393,2810,3,LEFT_LEG,0.12121967,0.00082726,0.00682444,0.00624217,0.00821823,0.00825190,0.01103467,0.01000696,0.01104934,0.02194575,0.02147539,RELIABLE,RELIABLE,RELIABLE,RELIABLE,RELIABLE,RELIABLE,RELIABLE,RELIABLE,STATIONARY,STATIONARY,STATIONARY,STATIONARY,STATIONARY,STATIONARY,STATIONARY,STATIONARY,STATIONARY
94425,2811,3,LEFT_LEG,0.12168988,0.00059188,0.00486383,0.00631579,0.00825501,0.00858536,0.01107466,0.01031320,0.01143851,0.02187077,0.02151825,RELIABLE,RELIABLE,RELIABLE,RELIABLE,RELIABLE,RELIABLE,RELIABLE,RELIABLE,STATIONARY,STATIONARY,STATIONARY,STATIONARY,STATIONARY,STATIONARY,STATIONARY,STATIONARY,STATIONARY
94458,2812,3,LEFT_LEG,0.12201924,0.00049834,0.00408409,0.00631296,0.00758528,0.00783081,0.01083884,0.00954852,0.01153739,0.02004185,0.02344173,RELIABLE,RELIABLE,RELIABLE,RELIABLE,RELIABLE,RELIABLE,RELIABLE,RELIABLE,STATIONARY,STATIONARY,STATIONARY,STATIONARY,STATIONARY,STATIONARY,STATIONARY,STATIONARY,STATIONARY
94490,2813,3,LEFT_LEG,0.12270526,0.00046186,0.00376398,0.00589054,0.00719291,0.00766322,0.01060729,0.00990169,0.01065070,0.01793436,0.02469356,RELIABLE,RELIABLE,RELIABLE,RELIABLE,RELIABLE,RELIABLE,RELIABLE,RELIABLE,STATIONARY,STATIONARY,STATIONARY,STATIONARY,STATIONARY,STATIONARY,STATIONARY,STATIONARY,STATIONARY
94522,2814,3,LEFT_LEG,0.12239485,0.00087553,0.00715333,0.00577526,0.00717542,0.00705545,0.01000893,0.00944891,0.01056473,0.01881772,0.02376587,RELIABLE,RELIABLE,RELIABLE,RELIABLE,RELIABLE,RELIABLE,RELIABLE,RELIABLE,STATIONARY,STATIONARY,STATIONARY,STATIONARY,STATIONARY,STATIONARY,STATIONARY,STATIONARY,STATIONARY
94554,2815,3,LEFT_LEG,0.12242506,0.00092786,0.00757901,0.00576299,0.00667848,0.00619588,0.00893362,0.00908379,0.01017771,0.01703275,0.02251973,RELIABLE,RELIABLE,RELIABLE,RELIABLE,RELIABLE,RELIABLE,RELIABLE,RELIABLE,STATIONARY,STATIONARY,STATIONARY,STATIONARY,STATIONARY,STATIONARY,STATIONARY,STATIONARY,STATIONARY
94595,2816,3,LEFT_LEG,0.12278634,0.00104579,0.00851714,0.00629623,0.00726419,0.00610064,0.00780516,0.00962018,0.01014273,0.01606282,0.02299525,RELIABLE,RELIABLE,RELIABLE,RELIABLE,RELIABLE,RELIABLE,RELIABLE,RELIABLE,STATIONARY,STATIONARY,STATIONARY,STATIONARY,STATIONARY,STATIONARY,STATIONARY,STATIONARY,STATIONARY
94627,2817,3,LEFT_LEG,0.12294959,0.00053152,0.00432304,0.00588861,0.00719861,0.00624737,0.00793865,0.00966423,0.00920302,0.01502689,0.02350887,RELIABLE,RELIABLE,RELIABLE,RELIABLE,RELIABLE,RELIABLE,RELIABLE,RELIABLE,STATIONARY,STATIONARY,STATIONARY,STATIONARY,STATIONARY,STATIONARY,STATIONARY,STATIONARY,STATIONARY
94659,2818,3,LEFT_LEG,0.12319762,0.00042164,0.00342245,0.00546336,0.00671967,0.00585194,0.00653399,0.00987469,0.00810966,0.01562967,0.02099145,RELIABLE,RELIABLE,RELIABLE,RELIABLE,RELIABLE,RELIABLE,RELIABLE,RELIABLE,STATIONARY,STATIONARY,STATIONARY,STATIONARY,STATIONARY,STATIONARY,STATIONARY,STATIONARY,STATIONARY
94698,2819,3,LEFT_LEG,0.12328188,0.00028446,0.00230737,0.00514380,0.00593343,0.00513607,0.00625862,0.00976138,0.00823803,0.01623818,0.02159165,RELIABLE,RELIABLE,RELIABLE,RELIABLE,RELIABLE,RELIABLE,RELIABLE,RELIABLE,STATIONARY,STATIONARY,STATIONARY,STATIONARY,STATIONARY,STATIONARY,STATIONARY,STATIONARY,STATIONARY
94737,2820,3,LEFT_LEG,0.12342082,0.00054568,0.00442131,0.00518596,0.00635422,0.00505291,0.00694368,0.00996705,0.00800785,0.01575847,0.01814850,RELIABLE,RELIABLE,RELIABLE,RELIABLE,RELIABLE,RELIABLE,RELIABLE,RELIABLE,STATIONARY,STATIONARY,STATIONARY,STATIONARY,STATIONARY,STATIONARY,STATIONARY,STATIONARY,STATIONARY
94769,2821,3,LEFT_LEG,0.12353430,0.00044777,0.00362464,0.00516854,0.00579573,0.00467758,0.00785529,0.00934790,0.00773451,0.01720662,0.01760820,RELIABLE,RELIABLE,RELIABLE,RELIABLE,RELIABLE,RELIABLE,RELIABLE,RELIABLE,STATIONARY,STATIONARY,STATIONARY,STATIONARY,STATIONARY,STATIONARY,STATIONARY,STATIONARY,STATIONARY
94801,2822,3,LEFT_LEG,0.12307336,0.00053435,0.00434175,0.00481709,0.00515326,0.00484001,0.00812985,0.00988561,0.00871285,0.01868683,0.02004996,RELIABLE,RELIABLE,RELIABLE,RELIABLE,RELIABLE,RELIABLE,RELIABLE,RELIABLE,STATIONARY,STATIONARY,STATIONARY,STATIONARY,STATIONARY,STATIONARY,STATIONARY,STATIONARY,STATIONARY
94832,2823,3,LEFT_LEG,0.12255597,0.00072576,0.00592186,0.00460995,0.00569180,0.00554826,0.00840527,0.01004710,0.00977946,0.02110325,0.02343733,RELIABLE,RELIABLE,RELIABLE,RELIABLE,RELIABLE,RELIABLE,RELIABLE,RELIABLE,STATIONARY,STATIONARY,STATIONARY,STATIONARY,STATIONARY,STATIONARY,STATIONARY,STATIONARY,STATIONARY
94863,2824,3,LEFT_LEG,0.12202226,0.00119221,0.00977044,0.00476661,0.00630747,0.00602710,0.00923269,0.01002778,0.01060122,0.02495445,0.02921756,RELIABLE,RELIABLE,RELIABLE,RELIABLE,RELIABLE,RELIABLE,RELIABLE,RELIABLE,STATIONARY,STATIONARY,STATIONARY,STATIONARY,STATIONARY,STATIONARY,STATIONARY,STATIONARY,STATIONARY
94895,2825,3,LEFT_LEG,0.12143879,0.00073356,0.00604054,0.00498130,0.00659541,0.00597155,0.01031238,0.01092364,0.01187110,0.02998093,0.03522202,RELIABLE,RELIABLE,RELIABLE,RELIABLE,RELIABLE,RELIABLE,RELIABLE,RELIABLE,STATIONARY,STATIONARY,STATIONARY,STATIONARY,STATIONARY,STATIONARY,STATIONARY,STATIONARY,STATIONARY
94926,2826,3,LEFT_LEG,0.12087965,0.00155625,0.01287440,0.00616279,0.00809418,0.00694245,0.01102691,0.01212246,0.01203454,0.03257941,0.04574659,RELIABLE,RELIABLE,RELIABLE,RELIABLE,RELIABLE,RELIABLE,RELIABLE,RELIABLE,STATIONARY,STATIONARY,STATIONARY,STATIONARY,STATIONARY,STATIONARY,STATIONARY,STATIONARY,STATIONARY
94957,2827,3,LEFT_LEG,0.12004996,0.00159124,0.01325480,0.00753122,0.00962292,0.00809269,0.01113345,0.01295404,0.01266593,0.03592593,0.05888437,RELIABLE,RELIABLE,RELIABLE,RELIABLE,RELIABLE,RELIABLE,RELIABLE,RELIABLE,STATIONARY,STATIONARY,STATIONARY,STATIONARY,STATIONARY,STATIONARY,STATIONARY,MOVING,MOVING
94988,2828,3,LEFT_LEG,0.12097731,0.00082377,0.00680928,0.00782971,0.00999972,0.00869594,0.01102397,0.01354336,0.01344784,0.03821818,0.06829222,RELIABLE,RELIABLE,RELIABLE,RELIABLE,RELIABLE,RELIABLE,RELIABLE,RELIABLE,STATIONARY,STATIONARY,STATIONARY,STATIONARY,STATIONARY,STATIONARY,STATIONARY,MOVING,MOVING
95019,2829,3,LEFT_LEG,0.12105452,0.00134570,0.01111649,0.00876620,0.01119830,0.00936404,0.01098190,0.01544232,0.01481381,0.04055335,0.07943412,RELIABLE,RELIABLE,RELIABLE,RELIABLE,RELIABLE,RELIABLE,RELIABLE,RELIABLE,STATIONARY,STATIONARY,STATIONARY,STATIONARY,STATIONARY,STATIONARY,MOVING,MOVING,MOVING
95065,2830,3,LEFT_LEG,0.12105940,0.00100313,0.00828624,0.00925926,0.01225086,0.01017813,0.01062444,0.01502773,0.01502105,0.04066956,0.09091424,RELIABLE,RELIABLE,RELIABLE,RELIABLE,RELIABLE,RELIABLE,RELIABLE,RELIABLE,STATIONARY,STATIONARY,STATIONARY,STATIONARY,STATIONARY,STATIONARY,MOVING,MOVING,MOVING
95098,2831,3,LEFT_LEG,0.12127271,0.00160698,0.01325094,0.01017539,0.01230708,0.01113554,0.00971930,,0.01490666,0.04200116,0.10011070,RELIABLE,RELIABLE,RELIABLE,RELIABLE,UNRELIABLE,RELIABLE,RELIABLE,RELIABLE,STATIONARY,STATIONARY,STATIONARY,STATIONARY,UNCERTAIN,STATIONARY,MOVING,MOVING,MOVING
95130,2832,3,LEFT_LEG,0.12111983,0.00083241,0.00687264,0.00981317,0.01115489,0.01081172,0.00850047,,0.01442305,0.04830590,0.10980133,RELIABLE,RELIABLE,RELIABLE,RELIABLE,UNRELIABLE,RELIABLE,RELIABLE,RELIABLE,STATIONARY,STATIONARY,STATIONARY,STATIONARY,UNCERTAIN,STATIONARY,MOVING,MOVING,MOVING
95161,2833,3,LEFT_LEG,0.12142689,0.00116834,0.00962173,0.01026082,0.01078937,0.01095285,0.00741526,,0.01432056,0.04850304,0.11880259,RELIABLE,RELIABLE,RELIABLE,RELIABLE,UNRELIABLE,RELIABLE,RELIABLE,RELIABLE,STATIONARY,STATIONARY,STATIONARY,STATIONARY,UNCERTAIN,STATIONARY,MOVING,MOVING,MOVING
95194,2834,3,LEFT_LEG,0.12108044,0.00097774,0.00807509,0.00966090,0.00992759,0.00998820,0.00650335,,0.01417967,0.04503423,0.11996934,RELIABLE,RELIABLE,RELIABLE,RELIABLE,UNRELIABLE,RELIABLE,RELIABLE,RELIABLE,STATIONARY,STATIONARY,STATIONARY,STATIONARY,UNCERTAIN,STATIONARY,MOVING,MOVING,MOVING
95226,2835,3,LEFT_LEG,0.12111284,0.00119582,0.00987362,0.00923825,0.00941796,0.00925109,0.00692532,,0.01365424,0.04440045,0.11764138,RELIABLE,RELIABLE,RELIABLE,RELIABLE,UNRELIABLE,RELIABLE,RELIABLE,RELIABLE,STATIONARY,STATIONARY,STATIONARY,STATIONARY,UNCERTAIN,STATIONARY,MOVING,MOVING,MOVING
95269,2836,3,LEFT_LEG,0.12122851,0.00163002,0.01344581,0.01006782,0.00990104,0.00991615,0.00852658,,0.01347266,0.04491593,0.11736281,RELIABLE,RELIABLE,RELIABLE,RELIABLE,UNRELIABLE,RELIABLE,RELIABLE,RELIABLE,STATIONARY,STATIONARY,STATIONARY,STATIONARY,UNCERTAIN,STATIONARY,MOVING,MOVING,MOVING
95301,2837,3,LEFT_LEG,0.12119658,0.00117388,0.00968574,0.00988898,0.00977732,0.00990232,0.00813371,,0.01279386,0.04393234,0.11293064,RELIABLE,RELIABLE,RELIABLE,RELIABLE,UNRELIABLE,RELIABLE,RELIABLE,RELIABLE,STATIONARY,STATIONARY,STATIONARY,STATIONARY,UNCERTAIN,STATIONARY,MOVING,MOVING,MOVING
95332,2838,3,LEFT_LEG,0.12115337,0.00046826,0.00386498,0.00933632,0.00882913,0.00888441,0.01073650,,0.01204215,0.04256720,0.10414031,RELIABLE,RELIABLE,RELIABLE,RELIABLE,UNRELIABLE,RELIABLE,RELIABLE,RELIABLE,STATIONARY,STATIONARY,STATIONARY,STATIONARY,UNCERTAIN,STATIONARY,MOVING,MOVING,MOVING
95364,2839,3,LEFT_LEG,0.12146598,0.00091682,0.00754796,0.00862345,0.00840453,0.00739677,0.01126263,,0.01140840,0.04198305,0.09357886,RELIABLE,RELIABLE,RELIABLE,RELIABLE,UNRELIABLE,RELIABLE,RELIABLE,RELIABLE,STATIONARY,STATIONARY,STATIONARY,STATIONARY,UNCERTAIN,STATIONARY,MOVING,MOVING,MOVING
95395,2840,3,LEFT_LEG,0.12180561,0.00064667,0.00530904,0.00842800,0.00850399,0.00685848,0.01192171,,0.01063113,0.03411569,0.07691949,RELIABLE,RELIABLE,RELIABLE,RELIABLE,UNRELIABLE,RELIABLE,RELIABLE,RELIABLE,STATIONARY,STATIONARY,STATIONARY,STATIONARY,UNCERTAIN,STATIONARY,MOVING,MOVING,MOVING
95428,2841,3,LEFT_LEG,0.12199139,0.00080017,0.00655920,0.00804518,0.00862588,0.00667090,0.01401899,,0.00991862,0.02867292,0.06158874,RELIABLE,RELIABLE,RELIABLE,RELIABLE,UNRELIABLE,RELIABLE,RELIABLE,RELIABLE,STATIONARY,STATIONARY,STATIONARY,STATIONARY,UNCERTAIN,STATIONARY,MOVING,MOVING,MOVING
95466,2842,3,LEFT_LEG,0.12189536,0.00067600,0.00554575,0.00772901,0.00842554,0.00726949,0.01454326,,0.00993047,0.03031355,0.05227423,RELIABLE,RELIABLE,RELIABLE,RELIABLE,UNRELIABLE,RELIABLE,RELIABLE,RELIABLE,STATIONARY,STATIONARY,STATIONARY,STATIONARY,UNCERTAIN,STATIONARY,MOVING,MOVING,MOVING
95505,2843,3,LEFT_LEG,0.12141486,0.00122925,0.01012435,0.00776036,0.00765008,0.00761609,0.01395457,,0.00979086,0.02989669,0.04584824,RELIABLE,RELIABLE,RELIABLE,RELIABLE,UNRELIABLE,RELIABLE,RELIABLE,RELIABLE,STATIONARY,STATIONARY,STATIONARY,STATIONARY,UNCERTAIN,STATIONARY,MOVING,MOVING,MOVING
95538,2844,3,LEFT_LEG,0.12102181,0.00094777,0.00783140,0.00705855,0.00696664,0.00732751,0.01180764,,0.00969405,0.02804144,0.04547417,RELIABLE,RELIABLE,RELIABLE,RELIABLE,UNRELIABLE,RELIABLE,RELIABLE,RELIABLE,STATIONARY,STATIONARY,STATIONARY,STATIONARY,UNCERTAIN,STATIONARY,MOVING,MOVING,MOVING
95569,2845,3,LEFT_LEG,0.12078139,0.00051555,0.00426849,0.00638140,0.00592894,0.00711020,0.01227794,,0.00971196,0.02835112,0.04906487,RELIABLE,RELIABLE,RELIABLE,RELIABLE,UNRELIABLE,RELIABLE,RELIABLE,RELIABLE,STATIONARY,STATIONARY,STATIONARY,STATIONARY,UNCERTAIN,STATIONARY,MOVING,MOVING,MOVING
95601,2846,3,LEFT_LEG,0.12056728,0.00024861,0.00206200,0.00615602,0.00554771,0.00672302,0.01034423,,0.00983636,0.03350009,0.06045261,RELIABLE,RELIABLE,RELIABLE,RELIABLE,UNRELIABLE,RELIABLE,RELIABLE,RELIABLE,STATIONARY,STATIONARY,STATIONARY,STATIONARY,UNCERTAIN,STATIONARY,MOVING,MOVING,MOVING
95633,2847,3,LEFT_LEG,0.12036532,0.00155851,0.01294816,0.00683105,0.00614488,0.00698848,0.01308329,,0.01168154,0.04423790,0.07612209,RELIABLE,RELIABLE,RELIABLE,RELIABLE,UNRELIABLE,RELIABLE,RELIABLE,RELIABLE,STATIONARY,STATIONARY,STATIONARY,STATIONARY,UNCERTAIN,STATIONARY,MOVING,MOVING,MOVING
95664,2848,3,LEFT_LEG,0.12014489,0.00099611,0.00829088,0.00720378,0.00767639,0.00782102,0.01365170,,0.01322751,0.04670566,0.09415502,RELIABLE,RELIABLE,RELIABLE,RELIABLE,RELIABLE,RELIABLE,RELIABLE,RELIABLE,STATIONARY,STATIONARY,STATIONARY,STATIONARY,UNCERTAIN,STATIONARY,MOVING,MOVING,MOVING
95696,2849,3,LEFT_LEG,0.12050556,0.00052308,0.00434067,0.00692646,0.00786193,0.00751784,0.01243319,,0.01340166,0.05358649,0.10781668,RELIABLE,RELIABLE,RELIABLE,RELIABLE,UNRELIABLE,RELIABLE,RELIABLE,RELIABLE,STATIONARY,STATIONARY,STATIONARY,STATIONARY,UNCERTAIN,STATIONARY,MOVING,MOVING,MOVING
95728,2850,3,LEFT_LEG,0.12039278,0.00089383,0.00742425,0.00716127,0.00871108,0.00742770,0.01394481,,0.01365402,0.06324749,0.11977263,RELIABLE,RELIABLE,RELIABLE,RELIABLE,PARTIAL,RELIABLE,RELIABLE,RELIABLE,STATIONARY,STATIONARY,STATIONARY,STATIONARY,UNCERTAIN,STATIONARY,MOVING,MOVING,MOVING
95759,2851,3,LEFT_LEG,0.11983315,0.00041435,0.00345771,0.00632794,0.00871860,0.00661585,0.01415590,0.01896307,0.01357043,0.06736209,0.12597025,RELIABLE,RELIABLE,RELIABLE,RELIABLE,RELIABLE,RELIABLE,RELIABLE,RELIABLE,STATIONARY,STATIONARY,STATIONARY,STATIONARY,STATIONARY,STATIONARY,MOVING,MOVING,MOVING
95790,2852,3,LEFT_LEG,0.11996325,0.00051590,0.00430046,0.00588658,0.00837855,0.00609249,0.01411093,0.01706887,0.01418806,0.07370565,0.13110923,RELIABLE,RELIABLE,RELIABLE,RELIABLE,RELIABLE,RELIABLE,RELIABLE,RELIABLE,STATIONARY,STATIONARY,STATIONARY,STATIONARY,STATIONARY,STATIONARY,MOVING,MOVING,MOVING
95834,2853,3,LEFT_LEG,0.12033221,0.00088335,0.00734094,0.00627063,0.00889838,0.00592408,0.01445689,0.01481740,0.01475585,0.08240206,0.13823735,RELIABLE,RELIABLE,RELIABLE,RELIABLE,RELIABLE,RELIABLE,RELIABLE,RELIABLE,STATIONARY,STATIONARY,STATIONARY,STATIONARY,STATIONARY,STATIONARY,MOVING,MOVING,MOVING
95869,2854,3,LEFT_LEG,0.12022525,0.00063444,0.00527710,0.00667252,0.00914084,0.00628894,0.01528722,0.01580970,0.01463566,0.07879853,0.13267634,RELIABLE,RELIABLE,RELIABLE,RELIABLE,RELIABLE,RELIABLE,RELIABLE,RELIABLE,STATIONARY,STATIONARY,STATIONARY,STATIONARY,STATIONARY,STATIONARY,MOVING,MOVING,MOVING
95900,2855,3,LEFT_LEG,0.11993912,0.00083726,0.00698071,0.00592659,0.00908373,0.00653460,0.01372011,0.01412976,0.01265706,0.06569454,0.11989823,RELIABLE,RELIABLE,RELIABLE,RELIABLE,RELIABLE,RELIABLE,RELIABLE,RELIABLE,STATIONARY,STATIONARY,STATIONARY,STATIONARY,STATIONARY,STATIONARY,MOVING,MOVING,MOVING
95932,2856,3,LEFT_LEG,0.12025859,0.00081482,0.00677559,0.00573718,0.00811399,0.00652972,0.01271418,0.01296103,0.01174801,0.06122304,0.10508545,RELIABLE,RELIABLE,RELIABLE,RELIABLE,RELIABLE,RELIABLE,RELIABLE,RELIABLE,STATIONARY,STATIONARY,STATIONARY,STATIONARY,STATIONARY,STATIONARY,MOVING,MOVING,MOVING
95964,2857,3,LEFT_LEG,0.12030483,0.00059422,0.00493926,0.00581200,0.00750350,0.00646627,0.01205108,0.01169247,0.01173482,0.05846406,0.09488521,RELIABLE,RELIABLE,RELIABLE,RELIABLE,RELIABLE,RELIABLE,RELIABLE,RELIABLE,STATIONARY,STATIONARY,STATIONARY,STATIONARY,STATIONARY,STATIONARY,MOVING,MOVING,MOVING
95996,2858,3,LEFT_LEG,0.12071498,0.00050357,0.00417156,0.00540542,0.00638642,0.00609886,0.01022699,0.01186279,0.01134588,0.04764038,0.08248270,RELIABLE,RELIABLE,RELIABLE,RELIABLE,RELIABLE,RELIABLE,RELIABLE,RELIABLE,STATIONARY,STATIONARY,STATIONARY,STATIONARY,STATIONARY,STATIONARY,MOVING,MOVING,MOVING
96028,2859,3,LEFT_LEG,0.12076491,0.00045776,0.00379047,0.00544701,0.00702314,0.00683813,0.01045740,0.01084021,0.01088971,0.04062076,0.07136429,RELIABLE,RELIABLE,RELIABLE,RELIABLE,RELIABLE,RELIABLE,RELIABLE,RELIABLE,STATIONARY,STATIONARY,STATIONARY,STATIONARY,STATIONARY,STATIONARY,MOVING,MOVING,MOVING
96058,2860,3,LEFT_LEG,0.12068830,0.00062253,0.00515818,0.00555423,0.00718972,0.00702964,0.01071209,0.01031031,0.00920727,0.03210329,0.05729250,RELIABLE,RELIABLE,RELIABLE,RELIABLE,RELIABLE,RELIABLE,RELIABLE,RELIABLE,STATIONARY,STATIONARY,STATIONARY,STATIONARY,STATIONARY,STATIONARY,MOVING,MOVING,MOVING
96089,2861,3,LEFT_LEG,0.12057981,0.00096967,0.00804175,0.00564183,0.00788005,0.00760551,0.00991516,0.00953769,0.00849337,0.02154690,0.04085790,RELIABLE,RELIABLE,RELIABLE,RELIABLE,RELIABLE,RELIABLE,RELIABLE,RELIABLE,STATIONARY,STATIONARY,STATIONARY,STATIONARY,STATIONARY,STATIONARY,MOVING,MOVING,MOVING
96122,2862,3,LEFT_LEG,0.12057047,0.00081320,0.00674457,0.00582526,0.00748212,0.00715643,0.01085483,0.00881569,0.00871947,0.01933931,0.03414746,RELIABLE,RELIABLE,RELIABLE,RELIABLE,RELIABLE,RELIABLE,RELIABLE,RELIABLE,STATIONARY,STATIONARY,STATIONARY,STATIONARY,STATIONARY,STATIONARY,MOVING,MOVING,MOVING
96153,2863,3,LEFT_LEG,0.12055472,0.00063747,0.00528784,0.00561365,0.00649544,0.00670112,0.00906141,0.00894285,0.00886319,0.01777078,0.02874371,RELIABLE,RELIABLE,RELIABLE,RELIABLE,RELIABLE,RELIABLE,RELIABLE,RELIABLE,STATIONARY,STATIONARY,STATIONARY,STATIONARY,STATIONARY,STATIONARY,MOVING,MOVING,MOVING
96186,2864,3,LEFT_LEG,0.12034490,0.00071965,0.00597987,0.00551419,0.00613405,0.00593922,0.00887933,0.00923870,0.00817627,0.01750618,0.02615168,RELIABLE,RELIABLE,RELIABLE,RELIABLE,RELIABLE,RELIABLE,RELIABLE,RELIABLE,STATIONARY,STATIONARY,STATIONARY,STATIONARY,STATIONARY,STATIONARY,MOVING,MOVING,MOVING
96234,2865,3,LEFT_LEG,0.12044286,0.00092733,0.00769932,0.00585920,0.00688408,0.00622104,0.00915947,0.00968820,0.00783059,0.01377980,0.02237783,RELIABLE,RELIABLE,RELIABLE,RELIABLE,RELIABLE,RELIABLE,RELIABLE,RELIABLE,STATIONARY,STATIONARY,STATIONARY,STATIONARY,STATIONARY,STATIONARY,MOVING,MOVING,MOVING
96265,2866,3,LEFT_LEG,0.12083220,0.00058891,0.00487379,0.00594697,0.00695334,0.00680062,0.00956154,0.00954706,0.00758634,0.01526503,0.02036331,RELIABLE,RELIABLE,RELIABLE,RELIABLE,RELIABLE,RELIABLE,RELIABLE,RELIABLE,STATIONARY,STATIONARY,STATIONARY,STATIONARY,STATIONARY,STATIONARY,MOVING,MOVING,MOVING
96297,2867,3,LEFT_LEG,0.12082727,0.00061863,0.00511999,0.00611316,0.00651796,0.00622477,0.00903113,0.00909217,0.00836529,0.01830374,0.01997116,RELIABLE,RELIABLE,RELIABLE,RELIABLE,RELIABLE,RELIABLE,RELIABLE,RELIABLE,STATIONARY,STATIONARY,STATIONARY,STATIONARY,STATIONARY,STATIONARY,STATIONARY,MOVING,MOVING
96338,2868,3,LEFT_LEG,0.12042198,0.00045999,0.00381980,0.00594587,0.00637615,0.00603728,0.00910559,0.00871912,0.00862882,0.01771544,0.02160789,RELIABLE,RELIABLE,RELIABLE,RELIABLE,RELIABLE,RELIABLE,RELIABLE,RELIABLE,STATIONARY,STATIONARY,STATIONARY,STATIONARY,STATIONARY,STATIONARY,STATIONARY,MOVING,MOVING
96370,2869,3,LEFT_LEG,0.12036920,0.00063891,0.00530795,0.00560414,0.00613408,0.00608385,0.00939070,0.00983127,0.00796842,0.01638973,0.01919557,RELIABLE,RELIABLE,RELIABLE,RELIABLE,RELIABLE,RELIABLE,RELIABLE,RELIABLE,STATIONARY,STATIONARY,STATIONARY,STATIONARY,STATIONARY,STATIONARY,STATIONARY,MOVING,MOVING
96401,2870,3,LEFT_LEG,0.12026814,0.00082297,0.00684282,0.00561642,0.00710062,0.00680664,0.00698321,0.00947374,0.00743604,0.01699156,0.01651427,RELIABLE,RELIABLE,RELIABLE,RELIABLE,RELIABLE,RELIABLE,RELIABLE,RELIABLE,STATIONARY,STATIONARY,STATIONARY,STATIONARY,STATIONARY,STATIONARY,STATIONARY,MOVING,MOVING
96433,2871,3,LEFT_LEG,0.12048739,0.00046263,0.00383962,0.00543540,0.00723353,0.00654274,0.00719517,0.00985643,0.00769976,0.01840265,0.01860434,RELIABLE,RELIABLE,RELIABLE,RELIABLE,RELIABLE,RELIABLE,RELIABLE,RELIABLE,STATIONARY,STATIONARY,STATIONARY,STATIONARY,STATIONARY,STATIONARY,STATIONARY,STATIONARY,STATIONARY
96465,2872,3,LEFT_LEG,0.12030715,0.00077866,0.00647231,0.00549695,0.00725911,0.00668449,0.00719255,0.01011007,0.00776004,0.02013676,0.01867086,RELIABLE,RELIABLE,RELIABLE,RELIABLE,RELIABLE,RELIABLE,RELIABLE,RELIABLE,STATIONARY,STATIONARY,STATIONARY,STATIONARY,STATIONARY,STATIONARY,STATIONARY,STATIONARY,STATIONARY
96496,2873,3,LEFT_LEG,0.12019868,0.00044469,0.00369965,0.00499699,0.00703487,0.00638030,0.00721456,0.00984380,0.00760367,0.02076568,0.01908877,RELIABLE,RELIABLE,RELIABLE,RELIABLE,RELIABLE,RELIABLE,RELIABLE,RELIABLE,STATIONARY,STATIONARY,STATIONARY,STATIONARY,STATIONARY,STATIONARY,STATIONARY,STATIONARY,STATIONARY
96528,2874,3,LEFT_LEG,0.12022748,0.00058374,0.00485528,0.00499468,0.00761606,0.00597612,0.00707308,0.00869770,0.00749198,0.01827226,0.02050403,RELIABLE,RELIABLE,RELIABLE,RELIABLE,RELIABLE,RELIABLE,RELIABLE,RELIABLE,STATIONARY,STATIONARY,STATIONARY,STATIONARY,STATIONARY,STATIONARY,STATIONARY,STATIONARY,STATIONARY
96560,2875,3,LEFT_LEG,0.12020233,0.00049632,0.00412902,0.00487081,0.00765783,0.00691099,0.00685617,0.00859934,0.00648289,0.01558243,0.02153451,RELIABLE,RELIABLE,RELIABLE,RELIABLE,RELIABLE,RELIABLE,RELIABLE,RELIABLE,STATIONARY,STATIONARY,STATIONARY,STATIONARY,STATIONARY,STATIONARY,STATIONARY,STATIONARY,STATIONARY
96601,2876,3,LEFT_LEG,0.12005720,0.00161910,0.01348607,0.00607909,0.00894830,0.00755143,0.00816244,0.00936003,0.00726858,0.01876448,0.02197134,RELIABLE,RELIABLE,RELIABLE,RELIABLE,RELIABLE,RELIABLE,RELIABLE,RELIABLE,STATIONARY,STATIONARY,STATIONARY,STATIONARY,STATIONARY,STATIONARY,STATIONARY,STATIONARY,STATIONARY
96638,2877,3,LEFT_LEG,0.12022909,0.00137023,0.01139679,0.00684019,0.00992952,0.00760287,0.00766399,0.01014163,0.00810279,0.02159844,0.02548225,RELIABLE,RELIABLE,RELIABLE,RELIABLE,RELIABLE,RELIABLE,PARTIAL,RELIABLE,STATIONARY,STATIONARY,STATIONARY,STATIONARY,STATIONARY,STATIONARY,STATIONARY,STATIONARY,STATIONARY
96670,2878,3,LEFT_LEG,0.12039557,0.00070364,0.00584440,0.00671539,0.00957996,0.00790952,0.00807287,0.01090080,0.00899169,0.02690044,0.02964049,RELIABLE,RELIABLE,RELIABLE,RELIABLE,RELIABLE,RELIABLE,RELIABLE,RELIABLE,STATIONARY,STATIONARY,STATIONARY,STATIONARY,STATIONARY,STATIONARY,STATIONARY,STATIONARY,STATIONARY
96701,2879,3,LEFT_LEG,0.12026159,0.00165935,0.01379780,0.00796016,0.01133758,0.00977224,0.00899766,0.01123870,0.00820049,0.02691269,0.03600320,RELIABLE,RELIABLE,RELIABLE,RELIABLE,RELIABLE,RELIABLE,RELIABLE,RELIABLE,STATIONARY,STATIONARY,STATIONARY,STATIONARY,STATIONARY,STATIONARY,STATIONARY,STATIONARY,STATIONARY
96732,2880,3,LEFT_LEG,0.12051019,0.00092582,0.00768249,0.00811144,0.01190232,0.01039004,0.00932467,0.01075659,0.00826878,0.02621633,0.03808011,RELIABLE,RELIABLE,RELIABLE,RELIABLE,RELIABLE,RELIABLE,RELIABLE,RELIABLE,STATIONARY,STATIONARY,STATIONARY,STATIONARY,STATIONARY,STATIONARY,STATIONARY,MOVING,MOVING
96764,2881,3,LEFT_LEG,0.12109895,0.00100201,0.00827427,0.00868326,0.01290843,0.01099180,0.00918329,0.01074020,0.00869790,0.02617147,0.03831912,RELIABLE,RELIABLE,RELIABLE,RELIABLE,RELIABLE,RELIABLE,PARTIAL,RELIABLE,STATIONARY,STATIONARY,STATIONARY,STATIONARY,STATIONARY,STATIONARY,STATIONARY,MOVING,MOVING
96795,2882,3,LEFT_LEG,0.12139814,0.00086868,0.00715560,0.00897080,0.01246774,0.01102693,0.00961975,0.01095979,0.01067118,0.03240139,0.04838298,RELIABLE,RELIABLE,RELIABLE,RELIABLE,RELIABLE,RELIABLE,RELIABLE,RELIABLE,STATIONARY,STATIONARY,STATIONARY,STATIONARY,STATIONARY,STATIONARY,STATIONARY,MOVING,MOVING
96827,2883,3,LEFT_LEG,0.12128949,0.00057486,0.00473957,0.00904712,0.01188897,0.01028592,0.01007207,,0.01155516,0.03685824,0.05319604,RELIABLE,RELIABLE,RELIABLE,RELIABLE,UNRELIABLE,RELIABLE,RELIABLE,RELIABLE,STATIONARY,STATIONARY,STATIONARY,STATIONARY,UNCERTAIN,STATIONARY,STATIONARY,MOVING,MOVING
96858,2884,3,LEFT_LEG,0.12168687,0.00085840,0.00705419,0.00824314,0.01066863,0.01004563,0.01008617,,0.01123014,0.03561511,0.05645238,RELIABLE,RELIABLE,RELIABLE,RELIABLE,PARTIAL,RELIABLE,RELIABLE,RELIABLE,STATIONARY,STATIONARY,STATIONARY,STATIONARY,UNCERTAIN,STATIONARY,STATIONARY,MOVING,MOVING
96890,2885,3,LEFT_LEG,0.12239095,0.00083881,0.00685357,0.00767524,0.00903623,0.00964818,0.01025444,,0.01165243,0.03711178,0.05898225,RELIABLE,RELIABLE,RELIABLE,RELIABLE,UNRELIABLE,RELIABLE,RELIABLE,RELIABLE,STATIONARY,STATIONARY,STATIONARY,STATIONARY,UNCERTAIN,STATIONARY,STATIONARY,MOVING,MOVING
96921,2886,3,LEFT_LEG,0.12280961,0.00063567,0.00517608,0.00759170,0.00949787,0.00949979,0.00997305,,0.01090131,0.03124479,0.06254902,RELIABLE,RELIABLE,RELIABLE,RELIABLE,UNRELIABLE,RELIABLE,RELIABLE,RELIABLE,STATIONARY,STATIONARY,STATIONARY,STATIONARY,UNCERTAIN,STATIONARY,STATIONARY,MOVING,MOVING
96953,2887,3,LEFT_LEG,0.12277903,0.00141412,0.01151757,0.00730667,0.00873642,0.00859038,0.01070308,,0.01284766,0.03330946,0.06314453,RELIABLE,RELIABLE,RELIABLE,RELIABLE,UNRELIABLE,RELIABLE,RELIABLE,RELIABLE,STATIONARY,STATIONARY,STATIONARY,STATIONARY,UNCERTAIN,STATIONARY,STATIONARY,MOVING,MOVING
97001,2888,3,LEFT_LEG,0.12294955,0.00063995,0.00520497,0.00699698,0.00830395,0.00785127,0.01040876,,0.01340033,0.03375093,0.07240622,RELIABLE,RELIABLE,RELIABLE,RELIABLE,RELIABLE,RELIABLE,RELIABLE,RELIABLE,STATIONARY,STATIONARY,STATIONARY,STATIONARY,UNCERTAIN,STATIONARY,STATIONARY,MOVING,MOVING
97033,2889,3,LEFT_LEG,0.12329564,0.00098657,0.00800168,0.00696290,0.00749703,0.00681486,0.01057382,0.08257357,0.01437770,0.04352822,0.08229621,RELIABLE,RELIABLE,RELIABLE,RELIABLE,RELIABLE,RELIABLE,RELIABLE,RELIABLE,STATIONARY,STATIONARY,STATIONARY,STATIONARY,STATIONARY,STATIONARY,STATIONARY,MOVING,MOVING
97066,2890,3,LEFT_LEG,0.12342541,0.00059489,0.00481983,0.00667093,0.00783159,0.00701313,0.01029466,0.05602467,0.01326050,0.04202004,0.08481994,RELIABLE,RELIABLE,RELIABLE,RELIABLE,RELIABLE,RELIABLE,RELIABLE,RELIABLE,STATIONARY,STATIONARY,STATIONARY,STATIONARY,STATIONARY,STATIONARY,STATIONARY,MOVING,MOVING
97098,2891,3,LEFT_LEG,0.12307560,0.00079463,0.00645642,0.00688554,0.00867391,0.00685297,0.01087371,0.04233174,0.01392711,0.04554469,0.09464703,RELIABLE,RELIABLE,RELIABLE,RELIABLE,RELIABLE,RELIABLE,RELIABLE,RELIABLE,STATIONARY,STATIONARY,STATIONARY,STATIONARY,STATIONARY,STATIONARY,MOVING,MOVING,MOVING
97139,2892,3,LEFT_LEG,0.12324939,0.00110730,0.00898424,0.00712679,0.00929326,0.00702031,0.01000811,0.03796594,0.01437890,0.04748194,0.10294049,RELIABLE,RELIABLE,RELIABLE,RELIABLE,RELIABLE,RELIABLE,RELIABLE,RELIABLE,STATIONARY,STATIONARY,STATIONARY,STATIONARY,STATIONARY,STATIONARY,MOVING,MOVING,MOVING
97171,2893,3,LEFT_LEG,0.12360324,0.00084938,0.00687180,0.00712907,0.00961190,0.00737908,0.01029373,,0.01423062,0.04564792,0.10923586,RELIABLE,RELIABLE,RELIABLE,RELIABLE,UNRELIABLE,RELIABLE,RELIABLE,RELIABLE,STATIONARY,STATIONARY,STATIONARY,STATIONARY,UNCERTAIN,STATIONARY,MOVING,MOVING,MOVING
97202,2894,3,LEFT_LEG,0.12335264,0.00157362,0.01275712,0.00807670,0.01049279,0.00848403,0.01155103,,0.01489228,0.04810481,0.11086932,RELIABLE,RELIABLE,RELIABLE,RELIABLE,UNRELIABLE,RELIABLE,RELIABLE,RELIABLE,STATIONARY,STATIONARY,STATIONARY,STATIONARY,UNCERTAIN,STATIONARY,MOVING,MOVING,MOVING
97234,2895,3,LEFT_LEG,0.12308082,0.00043498,0.00353409,0.00707877,0.00915824,0.00769613,0.01027641,,0.01348827,0.04711173,0.10862709,RELIABLE,RELIABLE,RELIABLE,RELIABLE,UNRELIABLE,RELIABLE,RELIABLE,RELIABLE,STATIONARY,STATIONARY,STATIONARY,STATIONARY,UNCERTAIN,STATIONARY,MOVING,MOVING,MOVING
97265,2896,3,LEFT_LEG,0.12328645,0.00111565,0.00904928,0.00755931,0.00897333,0.00844061,0.01147225,,0.01353230,0.04828639,0.10126615,RELIABLE,RELIABLE,RELIABLE,RELIABLE,UNRELIABLE,RELIABLE,RELIABLE,RELIABLE,STATIONARY,STATIONARY,STATIONARY,STATIONARY,UNCERTAIN,STATIONARY,MOVING,MOVING,MOVING
97296,2897,3,LEFT_LEG,0.12306006,0.00081257,0.00660306,0.00738448,0.00880166,0.00879970,0.01139652,,0.01331660,0.04213826,0.09263183,RELIABLE,RELIABLE,RELIABLE,RELIABLE,RELIABLE,RELIABLE,RELIABLE,RELIABLE,STATIONARY,STATIONARY,STATIONARY,STATIONARY,UNCERTAIN,STATIONARY,MOVING,MOVING,MOVING
97328,2898,3,LEFT_LEG,0.12337504,0.00068796,0.00557616,0.00747902,0.00802255,0.00853764,0.01166268,,0.01338882,0.03976752,0.07866129,RELIABLE,RELIABLE,RELIABLE,RELIABLE,UNRELIABLE,RELIABLE,RELIABLE,RELIABLE,STATIONARY,STATIONARY,STATIONARY,STATIONARY,UNCERTAIN,STATIONARY,MOVING,MOVING,MOVING
97370,2899,3,LEFT_LEG,0.12386413,0.00113300,0.00914714,0.00781536,0.00871909,0.00950926,0.01078707,,0.01189966,0.03329418,0.06400528,RELIABLE,RELIABLE,RELIABLE,RELIABLE,RELIABLE,RELIABLE,RELIABLE,RELIABLE,STATIONARY,STATIONARY,STATIONARY,STATIONARY,UNCERTAIN,STATIONARY,MOVING,MOVING,MOVING
97406,2900,3,LEFT_LEG,0.12362391,0.00186977,0.01512467,0.00858292,0.00980182,0.00950287,0.01105856,,0.01193100,0.03464771,0.05427625,RELIABLE,RELIABLE,RELIABLE,RELIABLE,UNRELIABLE,RELIABLE,RELIABLE,RELIABLE,STATIONARY,STATIONARY,STATIONARY,STATIONARY,UNCERTAIN,STATIONARY,MOVING,MOVING,MOVING
97437,2901,3,LEFT_LEG,0.12310755,0.00157455,0.01279000,0.00932269,0.01116523,0.00982897,0.01055647,,0.01165679,0.03992879,0.04841750,RELIABLE,RELIABLE,RELIABLE,RELIABLE,UNRELIABLE,RELIABLE,RELIABLE,RELIABLE,STATIONARY,STATIONARY,STATIONARY,STATIONARY,UNCERTAIN,STATIONARY,MOVING,MOVING,MOVING
97469,2902,3,LEFT_LEG,0.12256066,0.00076798,0.00626611,0.00851131,0.00941326,0.00840938,0.00928977,,0.01156865,0.03872172,0.04647928,RELIABLE,RELIABLE,RELIABLE,RELIABLE,RELIABLE,RELIABLE,RELIABLE,RELIABLE,STATIONARY,STATIONARY,STATIONARY,STATIONARY,UNCERTAIN,STATIONARY,MOVING,MOVING,MOVING
97500,2903,3,LEFT_LEG,0.12254006,0.00068352,0.00557795,0.00876680,0.00995890,0.00887858,0.00963151,0.07055658,0.01143353,0.03807161,0.05239565,RELIABLE,RELIABLE,RELIABLE,RELIABLE,RELIABLE,RELIABLE,RELIABLE,RELIABLE,STATIONARY,STATIONARY,STATIONARY,STATIONARY,STATIONARY,STATIONARY,MOVING,MOVING,MOVING
97532,2904,3,LEFT_LEG,0.12254731,0.00135872,0.01108728,0.00902155,0.01100302,0.00881620,0.00866235,0.04104080,0.01131255,0.03845149,0.06157127,RELIABLE,RELIABLE,RELIABLE,RELIABLE,PARTIAL,RELIABLE,RELIABLE,RELIABLE,STATIONARY,STATIONARY,STATIONARY,STATIONARY,STATIONARY,STATIONARY,MOVING,MOVING,MOVING
97563,2905,3,LEFT_LEG,0.12235007,0.00105902,0.00865569,0.00927812,0.01142337,0.00948912,0.00886272,0.02989266,0.01089059,0.05364543,0.07555756,RELIABLE,RELIABLE,RELIABLE,RELIABLE,RELIABLE,RELIABLE,RELIABLE,RELIABLE,STATIONARY,STATIONARY,STATIONARY,STATIONARY,STATIONARY,STATIONARY,MOVING,MOVING,MOVING
97595,2906,3,LEFT_LEG,0.12222412,0.00201932,0.01652145,0.01064629,0.01374479,0.01007357,0.01007922,,0.01079175,0.05673801,0.09134815,RELIABLE,RELIABLE,RELIABLE,RELIABLE,UNRELIABLE,RELIABLE,RELIABLE,RELIABLE,STATIONARY,STATIONARY,STATIONARY,STATIONARY,UNCERTAIN,STATIONARY,MOVING,MOVING,MOVING
97626,2907,3,LEFT_LEG,0.12244783,0.00077073,0.00629437,0.01028969,0.01334599,0.00960847,0.01177229,,0.01217548,0.06699400,0.10347087,RELIABLE,RELIABLE,RELIABLE,RELIABLE,UNRELIABLE,RELIABLE,RELIABLE,RELIABLE,STATIONARY,STATIONARY,STATIONARY,STATIONARY,UNCERTAIN,STATIONARY,MOVING,MOVING,MOVING
97658,2908,3,LEFT_LEG,0.12169009,0.00045681,0.00375386,0.00886834,0.01111156,0.00835421,0.01182322,,0.01289741,0.07042769,0.10892824,RELIABLE,RELIABLE,RELIABLE,RELIABLE,UNRELIABLE,RELIABLE,RELIABLE,RELIABLE,STATIONARY,STATIONARY,STATIONARY,STATIONARY,UNCERTAIN,STATIONARY,MOVING,MOVING,MOVING
97690,2909,3,LEFT_LEG,0.12223642,0.00143651,0.01175186,0.00873857,0.01168994,0.00930237,0.01316876,,0.01468746,0.06665829,0.11647365,RELIABLE,RELIABLE,RELIABLE,RELIABLE,UNRELIABLE,RELIABLE,RELIABLE,RELIABLE,STATIONARY,STATIONARY,STATIONARY,STATIONARY,UNCERTAIN,STATIONARY,MOVING,MOVING,MOVING
97721,2910,3,LEFT_LEG,0.12274810,0.00088474,0.00720774,0.00885628,0.01240155,0.00952187,0.01453806,,0.01463380,0.07418406,0.12111882,RELIABLE,RELIABLE,RELIABLE,RELIABLE,RELIABLE,RELIABLE,RELIABLE,RELIABLE,STATIONARY,STATIONARY,STATIONARY,STATIONARY,UNCERTAIN,STATIONARY,MOVING,MOVING,MOVING
97770,2911,3,LEFT_LEG,0.12225840,0.00110449,0.00903410,0.00928829,0.01321092,0.00914053,0.01437780,0.03694853,0.01523616,0.07415724,0.11898833,RELIABLE,RELIABLE,RELIABLE,RELIABLE,RELIABLE,RELIABLE,RELIABLE,RELIABLE,STATIONARY,STATIONARY,STATIONARY,STATIONARY,STATIONARY,STATIONARY,MOVING,MOVING,MOVING
97802,2912,3,LEFT_LEG,0.12193625,0.00082480,0.00676417,0.00874790,0.01270741,0.00923850,0.01584086,0.03396201,0.01554217,0.08012534,0.11563425,RELIABLE,RELIABLE,RELIABLE,RELIABLE,RELIABLE,RELIABLE,RELIABLE,RELIABLE,STATIONARY,STATIONARY,STATIONARY,STATIONARY,STATIONARY,STATIONARY,MOVING,MOVING,MOVING
97833,2913,3,LEFT_LEG,0.12198558,0.00090189,0.00739345,0.00859012,0.01306766,0.00972700,0.01669139,0.03064817,0.01641664,0.06372104,0.10653252,RELIABLE,RELIABLE,RELIABLE,RELIABLE,RELIABLE,RELIABLE,RELIABLE,RELIABLE,STATIONARY,STATIONARY,STATIONARY,STATIONARY,STATIONARY,STATIONARY,MOVING,MOVING,MOVING
97866,2914,3,LEFT_LEG,0.12191857,0.00125498,0.01029358,0.00781164,0.01280114,0.01057779,0.01706513,0.02664540,0.01649488,0.05846421,0.09407597,RELIABLE,RELIABLE,RELIABLE,RELIABLE,RELIABLE,RELIABLE,RELIABLE,RELIABLE,STATIONARY,STATIONARY,STATIONARY,STATIONARY,STATIONARY,STATIONARY,MOVING,MOVING,MOVING
97897,2915,3,LEFT_LEG,0.12171440,0.00125081,0.01027661,0.00830942,0.01414756,0.01258309,0.01851128,0.02693532,0.01724492,0.04922115,0.08607284,RELIABLE,RELIABLE,RELIABLE,RELIABLE,RELIABLE,RELIABLE,RELIABLE,RELIABLE,STATIONARY,STATIONARY,STATIONARY,STATIONARY,STATIONARY,STATIONARY,MOVING,MOVING,MOVING
97929,2916,3,LEFT_LEG,0.12158811,0.00123643,0.01016899,0.00911131,0.01606146,0.01433626,0.02073738,0.02683467,0.01670939,0.04331740,0.08178241,RELIABLE,RELIABLE,RELIABLE,RELIABLE,RELIABLE,RELIABLE,RELIABLE,RELIABLE,STATIONARY,STATIONARY,STATIONARY,STATIONARY,STATIONARY,STATIONARY,MOVING,MOVING,MOVING
97962,2917,3,LEFT_LEG,0.12173496,0.00121776,0.01000338,0.00889275,0.01531005,0.01410063,0.02099473,0.02671262,0.01612244,0.04057972,0.07461967,RELIABLE,RELIABLE,RELIABLE,RELIABLE,RELIABLE,RELIABLE,RELIABLE,RELIABLE,STATIONARY,STATIONARY,STATIONARY,STATIONARY,STATIONARY,STATIONARY,MOVING,MOVING,MOVING
97993,2918,3,LEFT_LEG,0.12184372,0.00227968,0.01870986,0.01033052,0.01673397,0.01682122,0.02120312,0.02604937,0.01631406,0.03178702,0.06198909,RELIABLE,RELIABLE,RELIABLE,RELIABLE,RELIABLE,RELIABLE,RELIABLE,RELIABLE,STATIONARY,STATIONARY,STATIONARY,STATIONARY,STATIONARY,STATIONARY,MOVING,MOVING,MOVING
98026,2919,3,LEFT_LEG,0.12229276,0.00166790,0.01363858,0.01090608,0.01736683,0.01871447,0.02142346,0.02440817,0.01713872,0.03007300,0.05329795,RELIABLE,RELIABLE,RELIABLE,RELIABLE,RELIABLE,RELIABLE,RELIABLE,RELIABLE,STATIONARY,STATIONARY,STATIONARY,STATIONARY,STATIONARY,STATIONARY,MOVING,MOVING,MOVING
98058,2920,3,LEFT_LEG,0.12287458,0.00176258,0.01434455,0.01185363,0.01997296,0.02166426,0.02327259,0.02358678,0.01836545,0.02060790,0.04532674,RELIABLE,RELIABLE,RELIABLE,RELIABLE,RELIABLE,RELIABLE,RELIABLE,RELIABLE,STATIONARY,STATIONARY,STATIONARY,STATIONARY,STATIONARY,STATIONARY,MOVING,MOVING,MOVING
98090,2921,3,LEFT_LEG,0.12411500,0.00218089,0.01757152,0.01312588,0.02222019,0.02395420,0.02292522,0.02439684,0.01865412,0.01762908,0.03852505,RELIABLE,RELIABLE,RELIABLE,RELIABLE,RELIABLE,RELIABLE,RELIABLE,RELIABLE,STATIONARY,STATIONARY,STATIONARY,STATIONARY,STATIONARY,STATIONARY,MOVING,MOVING,MOVING
98122,2922,3,LEFT_LEG,0.12466544,0.00180373,0.01446856,0.01364776,0.02343662,0.02554937,0.02271040,0.02607489,0.01934638,0.01636787,0.03459105,RELIABLE,RELIABLE,RELIABLE,RELIABLE,RELIABLE,RELIABLE,RELIABLE,RELIABLE,STATIONARY,STATIONARY,STATIONARY,STATIONARY,STATIONARY,STATIONARY,MOVING,MOVING,MOVING
98169,2923,3,LEFT_LEG,0.12402875,0.00187633,0.01512820,0.01425421,0.02553331,0.02678000,0.02338469,0.02639342,0.01943371,0.01428740,0.03142168,RELIABLE,RELIABLE,RELIABLE,RELIABLE,RELIABLE,RELIABLE,RELIABLE,RELIABLE,STATIONARY,STATIONARY,STATIONARY,STATIONARY,STATIONARY,STATIONARY,MOVING,MOVING,MOVING
98209,2924,3,LEFT_LEG,0.12419108,0.00178426,0.01436703,0.01477896,0.02724251,0.02897153,0.02243776,0.02743550,0.02029362,0.01369502,0.02922828,RELIABLE,RELIABLE,RELIABLE,RELIABLE,RELIABLE,RELIABLE,RELIABLE,RELIABLE,STATIONARY,STATIONARY,STATIONARY,STATIONARY,STATIONARY,STATIONARY,MOVING,MOVING,MOVING
98242,2925,3,LEFT_LEG,0.12474669,0.00188440,0.01510580,0.01541676,0.03026801,0.03137316,0.02332785,0.02821875,0.02094104,0.01820023,0.02662281,RELIABLE,RELIABLE,RELIABLE,RELIABLE,RELIABLE,RELIABLE,RELIABLE,RELIABLE,STATIONARY,STATIONARY,STATIONARY,STATIONARY,STATIONARY,STATIONARY,STATIONARY,MOVING,MOVING
98273,2926,3,LEFT_LEG,0.12536194,0.00218247,0.01740932,0.01525420,0.03283513,0.03258630,0.02353556,0.02997135,0.02153563,0.01870038,0.02657006,RELIABLE,RELIABLE,RELIABLE,RELIABLE,RELIABLE,RELIABLE,RELIABLE,RELIABLE,STATIONARY,STATIONARY,STATIONARY,STATIONARY,STATIONARY,STATIONARY,STATIONARY,MOVING,MOVING
98305,2927,3,LEFT_LEG,0.12586339,0.00186846,0.01484513,0.01540501,0.03368839,0.03383017,0.02487878,0.03221186,0.02253288,0.01898809,0.02605230,RELIABLE,RELIABLE,RELIABLE,RELIABLE,RELIABLE,RELIABLE,RELIABLE,RELIABLE,STATIONARY,STATIONARY,STATIONARY,STATIONARY,STATIONARY,STATIONARY,STATIONARY,MOVING,MOVING
98336,2928,3,LEFT_LEG,0.12609579,0.00215942,0.01712526,0.01575260,0.03477191,0.03493069,0.02345888,0.03205679,0.02265718,0.01986528,0.02795604,RELIABLE,RELIABLE,RELIABLE,RELIABLE,RELIABLE,RELIABLE,RELIABLE,RELIABLE,STATIONARY,STATIONARY,STATIONARY,STATIONARY,STATIONARY,STATIONARY,STATIONARY,MOVING,MOVING
98367,2929,3,LEFT_LEG,0.12627550,0.00215512,0.01706684,0.01568952,0.03424363,0.03525307,0.02524182,0.03356817,0.02256773,0.02067586,0.03005148,RELIABLE,RELIABLE,RELIABLE,RELIABLE,RELIABLE,RELIABLE,RELIABLE,RELIABLE,STATIONARY,STATIONARY,STATIONARY,STATIONARY,STATIONARY,STATIONARY,STATIONARY,MOVING,MOVING
98399,2930,3,LEFT_LEG,0.12661971,0.00233005,0.01840195,0.01618119,0.03629369,0.03635688,0.02508357,0.03492709,0.02317956,0.02326257,0.03267579,RELIABLE,RELIABLE,RELIABLE,RELIABLE,RELIABLE,RELIABLE,RELIABLE,RELIABLE,STATIONARY,STATIONARY,STATIONARY,STATIONARY,STATIONARY,STATIONARY,STATIONARY,MOVING,MOVING
98430,2931,3,LEFT_LEG,0.12674426,0.00237023,0.01870087,0.01662778,0.03758017,0.03751607,0.02312079,0.03444015,0.02306852,0.02490712,0.03174520,RELIABLE,RELIABLE,RELIABLE,RELIABLE,RELIABLE,RELIABLE,RELIABLE,RELIABLE,STATIONARY,STATIONARY,STATIONARY,STATIONARY,STATIONARY,STATIONARY,STATIONARY,MOVING,MOVING
98461,2932,3,LEFT_LEG,0.12713171,0.00222448,0.01749745,0.01701908,0.03888770,0.03863882,0.02297949,0.03496275,0.02282549,0.02860333,0.03179693,RELIABLE,RELIABLE,RELIABLE,RELIABLE,RELIABLE,RELIABLE,RELIABLE,RELIABLE,STATIONARY,STATIONARY,STATIONARY,STATIONARY,STATIONARY,STATIONARY,STATIONARY,MOVING,MOVING
98493,2933,3,LEFT_LEG,0.12727551,0.00243808,0.01915594,0.01752535,0.04012024,0.03938522,0.02273686,0.03600439,0.02282092,0.02588046,0.03279765,RELIABLE,RELIABLE,RELIABLE,RELIABLE,RELIABLE,RELIABLE,RELIABLE,RELIABLE,STATIONARY,STATIONARY,STATIONARY,STATIONARY,STATIONARY,STATIONARY,STATIONARY,MOVING,MOVING
98537,2934,3,LEFT_LEG,0.12772337,0.00206205,0.01614465,0.01736726,0.03872854,0.03883974,0.02242732,0.03582611,0.02442345,0.02656005,0.03541377,RELIABLE,RELIABLE,RELIABLE,RELIABLE,RELIABLE,RELIABLE,RELIABLE,RELIABLE,STATIONARY,STATIONARY,STATIONARY,STATIONARY,STATIONARY,STATIONARY,STATIONARY,MOVING,MOVING
98570,2935,3,LEFT_LEG,0.12858402,0.00224434,0.01745430,0.01769341,0.03937465,0.03950509,0.02174608,0.03595969,0.02338496,0.02762202,0.03564548,RELIABLE,RELIABLE,RELIABLE,RELIABLE,RELIABLE,RELIABLE,RELIABLE,RELIABLE,STATIONARY,STATIONARY,STATIONARY,STATIONARY,STATIONARY,STATIONARY,STATIONARY,MOVING,MOVING
98602,2936,3,LEFT_LEG,0.12919856,0.00299545,0.02318482,0.01845085,0.04150556,0.04059195,0.02169150,0.03787910,0.02301232,0.02685560,0.03348959,RELIABLE,RELIABLE,RELIABLE,RELIABLE,RELIABLE,RELIABLE,RELIABLE,RELIABLE,STATIONARY,STATIONARY,STATIONARY,STATIONARY,STATIONARY,STATIONARY,STATIONARY,MOVING,MOVING
98634,2937,3,LEFT_LEG,0.13033529,0.00291492,0.02236474,0.01911309,0.04448041,0.04249793,0.02018231,0.03738645,0.02315984,0.02753803,0.03350807,RELIABLE,RELIABLE,RELIABLE,RELIABLE,RELIABLE,RELIABLE,RELIABLE,RELIABLE,STATIONARY,STATIONARY,STATIONARY,STATIONARY,STATIONARY,STATIONARY,STATIONARY,MOVING,MOVING
98665,2938,3,LEFT_LEG,0.13126347,0.00196333,0.01495718,0.01868249,0.04389121,0.04251990,0.01967225,0.03650654,0.02293662,0.02925195,0.03231606,RELIABLE,RELIABLE,RELIABLE,RELIABLE,RELIABLE,RELIABLE,RELIABLE,RELIABLE,STATIONARY,STATIONARY,STATIONARY,STATIONARY,STATIONARY,STATIONARY,STATIONARY,MOVING,MOVING
98697,2939,3,LEFT_LEG,0.13193080,0.00310669,0.02354784,0.01928837,0.04475284,0.04355243,0.01873566,0.03672607,0.02294263,0.02802367,0.03353756,RELIABLE,RELIABLE,RELIABLE,RELIABLE,RELIABLE,RELIABLE,RELIABLE,RELIABLE,STATIONARY,STATIONARY,STATIONARY,STATIONARY,STATIONARY,STATIONARY,STATIONARY,MOVING,MOVING
98730,2940,3,LEFT_LEG,0.13222024,0.00184843,0.01397991,0.01884867,0.04360305,0.04172501,0.01812419,0.03435816,0.02260404,0.02349867,0.03134234,RELIABLE,RELIABLE,RELIABLE,RELIABLE,RELIABLE,RELIABLE,RELIABLE,RELIABLE,STATIONARY,STATIONARY,STATIONARY,STATIONARY,STATIONARY,STATIONARY,STATIONARY,MOVING,MOVING
98762,2941,3,LEFT_LEG,0.13261813,0.00243365,0.01835077,0.01874803,0.04140895,0.04145991,0.01749143,0.03098302,0.02187363,0.02208929,0.02947846,RELIABLE,RELIABLE,RELIABLE,RELIABLE,RELIABLE,RELIABLE,RELIABLE,RELIABLE,STATIONARY,STATIONARY,STATIONARY,STATIONARY,STATIONARY,STATIONARY,STATIONARY,MOVING,MOVING
98794,2942,3,LEFT_LEG,0.13298513,0.00229077,0.01722577,0.01888317,0.04094132,0.04079454,0.01694461,0.02985898,0.01976283,0.02087201,0.02610260,RELIABLE,RELIABLE,RELIABLE,RELIABLE,RELIABLE,RELIABLE,RELIABLE,RELIABLE,STATIONARY,STATIONARY,STATIONARY,STATIONARY,STATIONARY,STATIONARY,STATIONARY,MOVING,MOVING
98826,2943,3,LEFT_LEG,0.13282935,0.00210518,0.01584879,0.01868248,0.04118835,0.03930403,0.01757245,0.02831364,0.01938810,0.02020098,0.02609389,RELIABLE,RELIABLE,RELIABLE,RELIABLE,RELIABLE,RELIABLE,RELIABLE,RELIABLE,STATIONARY,STATIONARY,STATIONARY,STATIONARY,STATIONARY,STATIONARY,STATIONARY,MOVING,MOVING
98866,2944,3,LEFT_LEG,0.13325750,0.00174683,0.01310871,0.01742296,0.03798114,0.03633422,0.01649940,0.02710588,0.01842638,0.02085359,0.02322564,RELIABLE,RELIABLE,RELIABLE,RELIABLE,RELIABLE,RELIABLE,RELIABLE,RELIABLE,STATIONARY,STATIONARY,STATIONARY,STATIONARY,STATIONARY,STATIONARY,STATIONARY,MOVING,MOVING
98898,2945,3,LEFT_LEG,0.13374376,0.00098551,0.00736862,0.01554845,0.03284747,0.03201304,0.01609355,0.02386538,0.01686787,0.02069731,0.02556211,RELIABLE,RELIABLE,RELIABLE,RELIABLE,RELIABLE,RELIABLE,RELIABLE,RELIABLE,STATIONARY,STATIONARY,STATIONARY,STATIONARY,STATIONARY,STATIONARY,STATIONARY,MOVING,MOVING
98937,2946,3,LEFT_LEG,0.13449732,0.00130642,0.00971334,0.01489297,0.02979604,0.02927513,0.01587673,0.02186763,0.01554159,0.01762356,0.02456351,RELIABLE,RELIABLE,RELIABLE,RELIABLE,RELIABLE,RELIABLE,RELIABLE,RELIABLE,STATIONARY,STATIONARY,STATIONARY,STATIONARY,STATIONARY,STATIONARY,STATIONARY,MOVING,MOVING
103369,3079,3,WHOLE_BODY,0.13718774,0.00130848,0.00953788,0.01071884,0.01368615,0.01308312,0.00680256,0.00930854,0.00865383,0.01479246,0.01460836,RELIABLE,RELIABLE,RELIABLE,RELIABLE,RELIABLE,RELIABLE,RELIABLE,PARTIAL,STATIONARY,STATIONARY,STATIONARY,STATIONARY,STATIONARY,STATIONARY,STATIONARY,STATIONARY,STATIONARY
103409,3080,3,WHOLE_BODY,0.13672100,0.00156834,0.01147111,0.01016178,0.01204464,0.01231910,0.00660371,0.00878082,0.00845354,0.01376615,0.01281537,RELIABLE,RELIABLE,RELIABLE,RELIABLE,RELIABLE,RELIABLE,RELIABLE,RELIABLE,STATIONARY,STATIONARY,STATIONARY,STATIONARY,STATIONARY,STATIONARY,STATIONARY,STATIONARY,STATIONARY
103441,3081,3,WHOLE_BODY,0.13686425,0.00111552,0.00815057,0.01006734,0.01133291,0.01212029,0.00693164,0.00888293,0.00815566,0.01397133,0.01327141,RELIABLE,RELIABLE,RELIABLE,RELIABLE,RELIABLE,RELIABLE,RELIABLE,RELIABLE,STATIONARY,STATIONARY,STATIONARY,STATIONARY,STATIONARY,STATIONARY,STATIONARY,STATIONARY,STATIONARY
103471,3082,3,WHOLE_BODY,0.13679937,0.00136109,0.00994951,0.01061377,0.01338739,0.01320519,0.00766720,0.00963721,0.00760604,0.01475575,0.01874758,RELIABLE,RELIABLE,RELIABLE,RELIABLE,RELIABLE,RELIABLE,RELIABLE,RELIABLE,STATIONARY,STATIONARY,STATIONARY,STATIONARY,STATIONARY,STATIONARY,STATIONARY,STATIONARY,STATIONARY
103503,3083,3,WHOLE_BODY,0.13620099,0.00217515,0.01597017,0.01067089,0.01326845,0.01357344,0.00832335,0.00978123,0.00786281,0.01584023,0.02261844,RELIABLE,RELIABLE,RELIABLE,RELIABLE,RELIABLE,RELIABLE,RELIABLE,RELIABLE,STATIONARY,STATIONARY,STATIONARY,STATIONARY,STATIONARY,STATIONARY,STATIONARY,STATIONARY,STATIONARY
103546,3084,3,WHOLE_BODY,0.13517909,0.00144619,0.01069835,0.00980534,0.01243034,0.01365707,0.00843610,0.01145797,0.00779875,0.01574133,0.02137659,RELIABLE,RELIABLE,RELIABLE,RELIABLE,RELIABLE,RELIABLE,RELIABLE,PARTIAL,STATIONARY,STATIONARY,STATIONARY,STATIONARY,STATIONARY,STATIONARY,STATIONARY,STATIONARY,STATIONARY
103581,3085,3,WHOLE_BODY,0.13502454,0.00148944,0.01103090,0.01055345,0.01485074,0.01626520,0.00910399,0.01013260,0.00782559,0.01659217,0.02290400,RELIABLE,RELIABLE,RELIABLE,RELIABLE,RELIABLE,RELIABLE,RELIABLE,RELIABLE,STATIONARY,STATIONARY,STATIONARY,STATIONARY,STATIONARY,STATIONARY,STATIONARY,STATIONARY,STATIONARY
103611,3086,3,WHOLE_BODY,0.13454562,0.00141893,0.01054610,0.01091932,0.01666752,0.01796952,0.00941729,0.01121866,0.00836136,0.01833009,0.02370521,RELIABLE,RELIABLE,RELIABLE,RELIABLE,RELIABLE,RELIABLE,RELIABLE,RELIABLE,STATIONARY,STATIONARY,STATIONARY,STATIONARY,STATIONARY,STATIONARY,STATIONARY,STATIONARY,STATIONARY
103643,3087,3,WHOLE_BODY,0.13391315,0.00308597,0.02304453,0.01260766,0.02119947,0.02236495,0.00968571,0.01285254,0.00896370,0.01683860,0.03003590,RELIABLE,RELIABLE,RELIABLE,RELIABLE,RELIABLE,RELIABLE,RELIABLE,RELIABLE,STATIONARY,STATIONARY,STATIONARY,STATIONARY,STATIONARY,STATIONARY,STATIONARY,STATIONARY,STATIONARY
103674,3088,3,WHOLE_BODY,0.13291487,0.00242116,0.01821584,0.01345075,0.02383334,0.02469857,0.00998601,0.01574200,0.00914013,0.01527954,0.02997149,RELIABLE,RELIABLE,RELIABLE,RELIABLE,RELIABLE,RELIABLE,RELIABLE,RELIABLE,STATIONARY,STATIONARY,STATIONARY,STATIONARY,STATIONARY,STATIONARY,STATIONARY,STATIONARY,STATIONARY
103706,3089,3,WHOLE_BODY,0.13207440,0.00269693,0.02041974,0.01498439,0.02855299,0.02912541,0.01117060,0.01822805,0.01140671,0.01870827,0.03304099,RELIABLE,RELIABLE,RELIABLE,RELIABLE,RELIABLE,RELIABLE,RELIABLE,PARTIAL,STATIONARY,STATIONARY,STATIONARY,STATIONARY,STATIONARY,STATIONARY,STATIONARY,MOVING,MOVING
103737,3090,3,WHOLE_BODY,0.13130168,0.00355991,0.02711246,0.01712976,0.03245291,0.03361407,0.01162983,0.02149654,0.01297130,0.01808114,0.02809204,RELIABLE,RELIABLE,RELIABLE,RELIABLE,RELIABLE,RELIABLE,RELIABLE,RELIABLE,STATIONARY,STATIONARY,STATIONARY,STATIONARY,STATIONARY,STATIONARY,STATIONARY,MOVING,MOVING
103769,3091,3,WHOLE_BODY,0.13077320,0.00454520,0.03475636,0.01947804,0.03876615,0.03867848,0.01180237,0.02530450,0.01391211,0.01778307,0.02759231,RELIABLE,RELIABLE,RELIABLE,RELIABLE,RELIABLE,RELIABLE,RELIABLE,RELIABLE,STATIONARY,STATIONARY,STATIONARY,STATIONARY,STATIONARY,STATIONARY,STATIONARY,MOVING,MOVING
103801,3092,3,WHOLE_BODY,0.13064521,0.00296557,0.02269944,0.02097817,0.04298317,0.04087559,0.01415483,0.02852817,0.01546977,0.01997696,0.03180194,RELIABLE,RELIABLE,RELIABLE,RELIABLE,RELIABLE,RELIABLE,RELIABLE,RELIABLE,STATIONARY,STATIONARY,STATIONARY,STATIONARY,STATIONARY,STATIONARY,STATIONARY,MOVING,MOVING
103834,3093,3,WHOLE_BODY,0.13161610,0.00309755,0.02353472,0.02254115,0.04607190,0.04426343,0.01655345,0.03173780,0.01725391,0.02762334,0.04082390,RELIABLE,RELIABLE,RELIABLE,RELIABLE,RELIABLE,RELIABLE,RELIABLE,RELIABLE,STATIONARY,STATIONARY,STATIONARY,STATIONARY,STATIONARY,STATIONARY,STATIONARY,MOVING,MOVING
103865,3094,3,WHOLE_BODY,0.13201387,0.00352469,0.02669940,0.02456031,0.05120512,0.04842578,0.01884707,0.03595647,0.01841396,0.02735117,,RELIABLE,RELIABLE,RELIABLE,RELIABLE,RELIABLE,RELIABLE,RELIABLE,UNRELIABLE,STATIONARY,STATIONARY,STATIONARY,STATIONARY,STATIONARY,STATIONARY,STATIONARY,UNCERTAIN,STATIONARY
103898,3095,3,WHOLE_BODY,0.13229093,0.00332127,0.02510578,0.02481797,0.05181284,0.04908444,0.02034985,0.04043090,0.01981419,0.03101332,,RELIABLE,RELIABLE,RELIABLE,RELIABLE,RELIABLE,RELIABLE,RELIABLE,RELIABLE,STATIONARY,STATIONARY,STATIONARY,STATIONARY,STATIONARY,STATIONARY,STATIONARY,UNCERTAIN,STATIONARY
103947,3096,3,WHOLE_BODY,0.13281661,0.00347173,0.02613930,0.02580840,0.05510599,0.05175169,0.02137413,0.04281701,0.02127888,0.03528417,0.05204297,RELIABLE,RELIABLE,RELIABLE,RELIABLE,RELIABLE,RELIABLE,RELIABLE,RELIABLE,STATIONARY,STATIONARY,STATIONARY,STATIONARY,STATIONARY,STATIONARY,STATIONARY,STATIONARY,STATIONARY
103986,3097,3,WHOLE_BODY,0.13327787,0.00173587,0.01302442,0.02488398,0.05281402,0.04998623,0.02053376,0.04246227,0.01982577,0.03234599,0.03898720,RELIABLE,RELIABLE,RELIABLE,RELIABLE,RELIABLE,RELIABLE,RELIABLE,RELIABLE,STATIONARY,STATIONARY,STATIONARY,STATIONARY,STATIONARY,STATIONARY,STATIONARY,STATIONARY,STATIONARY
104017,3098,3,WHOLE_BODY,0.13287912,0.00470567,0.03541315,0.02592157,0.05699120,0.05314002,0.02284215,0.04494678,0.02112710,0.03701443,0.04325059,RELIABLE,RELIABLE,RELIABLE,RELIABLE,RELIABLE,RELIABLE,RELIABLE,RELIABLE,STATIONARY,STATIONARY,STATIONARY,STATIONARY,STATIONARY,STATIONARY,STATIONARY,MOVING,MOVING
104049,3099,3,WHOLE_BODY,0.13183862,0.00248534,0.01885136,0.02393345,0.05363498,0.04989623,0.02602781,0.04708319,0.02297753,0.04011755,0.03600094,RELIABLE,RELIABLE,RELIABLE,RELIABLE,RELIABLE,RELIABLE,RELIABLE,PARTIAL,STATIONARY,STATIONARY,STATIONARY,STATIONARY,STATIONARY,STATIONARY,STATIONARY,MOVING,MOVING
104081,3100,3,WHOLE_BODY,0.13119641,0.00322391,0.02457318,0.02416766,0.05536101,0.05202936,0.02658487,0.04667511,0.02332872,0.03935270,0.03511286,RELIABLE,RELIABLE,RELIABLE,RELIABLE,RELIABLE,RELIABLE,PARTIAL,PARTIAL,STATIONARY,STATIONARY,STATIONARY,STATIONARY,STATIONARY,STATIONARY,MOVING,MOVING,MOVING
104114,3101,3,WHOLE_BODY,0.13059132,0.00248727,0.01904622,0.02360660,0.05492700,0.05076878,0.02691048,0.04745042,0.02418272,0.03278944,0.03406511,RELIABLE,RELIABLE,RELIABLE,RELIABLE,RELIABLE,RELIABLE,PARTIAL,PARTIAL,STATIONARY,STATIONARY,STATIONARY,STATIONARY,MOVING,STATIONARY,MOVING,MOVING,MOVING
104146,3102,3,WHOLE_BODY,0.13017184,0.00223885,0.01719916,0.02241907,0.05131195,0.04889230,0.02697002,0.04572174,0.02300737,0.03083230,0.03226932,RELIABLE,RELIABLE,RELIABLE,RELIABLE,RELIABLE,RELIABLE,RELIABLE,RELIABLE,STATIONARY,STATIONARY,STATIONARY,STATIONARY,MOVING,STATIONARY,MOVING,MOVING,MOVING
104177,3103,3,WHOLE_BODY,0.12957263,0.00152908,0.01180093,0.02075597,0.04692915,0.04505015,0.02799451,0.04378324,0.02194820,0.02882890,0.03283689,RELIABLE,RELIABLE,RELIABLE,RELIABLE,RELIABLE,RELIABLE,RELIABLE,RELIABLE,STATIONARY,STATIONARY,STATIONARY,STATIONARY,MOVING,STATIONARY,MOVING,MOVING,MOVING
104209,3104,3,WHOLE_BODY,0.12924862,0.00133408,0.01032181,0.01877878,0.04235035,0.04018488,0.02836897,0.04003527,0.02042666,0.02626591,0.02892266,RELIABLE,RELIABLE,RELIABLE,RELIABLE,RELIABLE,RELIABLE,RELIABLE,RELIABLE,STATIONARY,STATIONARY,STATIONARY,STATIONARY,MOVING,STATIONARY,MOVING,MOVING,MOVING
104240,3105,3,WHOLE_BODY,0.12875912,0.00179415,0.01393412,0.01889249,0.04139643,0.03992331,0.02957316,0.04001321,0.02044951,0.02557840,0.02780051,RELIABLE,RELIABLE,RELIABLE,RELIABLE,PARTIAL,RELIABLE,RELIABLE,RELIABLE,STATIONARY,STATIONARY,STATIONARY,STATIONARY,MOVING,STATIONARY,MOVING,MOVING,MOVING
104272,3106,3,WHOLE_BODY,0.12829338,0.00115224,0.00898132,0.01558851,0.03267535,0.03193839,0.02803083,0.03729374,0.01974692,0.02419793,0.02806795,RELIABLE,RELIABLE,RELIABLE,RELIABLE,PARTIAL,RELIABLE,RELIABLE,RELIABLE,STATIONARY,STATIONARY,STATIONARY,STATIONARY,MOVING,STATIONARY,MOVING,MOVING,MOVING
104314,3107,3,WHOLE_BODY,0.12757136,0.00155733,0.01220751,0.01475803,0.02839187,0.02884816,0.02620081,0.03504759,0.01862124,0.02146914,0.02852047,RELIABLE,RELIABLE,RELIABLE,RELIABLE,PARTIAL,RELIABLE,RELIABLE,RELIABLE,STATIONARY,STATIONARY,STATIONARY,STATIONARY,MOVING,STATIONARY,MOVING,MOVING,MOVING
104351,3108,3,WHOLE_BODY,0.12700266,0.00123904,0.00975603,0.01290589,0.02117916,0.02368444,0.02694259,0.03325705,0.01842785,0.01980204,0.02670557,RELIABLE,RELIABLE,RELIABLE,RELIABLE,PARTIAL,RELIABLE,PARTIAL,PARTIAL,STATIONARY,STATIONARY,STATIONARY,STATIONARY,MOVING,STATIONARY,STATIONARY,MOVING,MOVING
104381,3109,3,WHOLE_BODY,0.12666690,0.00061952,0.00489094,0.01113648,0.01603804,0.01963444,0.02501495,0.02934464,0.01599386,0.01761069,0.02417018,RELIABLE,RELIABLE,RELIABLE,RELIABLE,PARTIAL,RELIABLE,PARTIAL,PARTIAL,STATIONARY,STATIONARY,STATIONARY,STATIONARY,MOVING,STATIONARY,STATIONARY,MOVING,MOVING
104413,3110,3,WHOLE_BODY,0.12458590,0.00184333,0.01479569,0.01083604,0.01478963,0.01740479,0.02810567,0.02947194,0.01704941,0.01890196,0.02397748,RELIABLE,RELIABLE,RELIABLE,RELIABLE,PARTIAL,RELIABLE,RELIABLE,RELIABLE,STATIONARY,STATIONARY,STATIONARY,STATIONARY,MOVING,STATIONARY,STATIONARY,MOVING,MOVING
104445,3111,3,WHOLE_BODY,0.12143476,0.00155223,0.01278239,0.01095873,0.01480825,0.01749319,0.03119423,,0.01801530,0.01793098,0.02210268,RELIABLE,RELIABLE,RELIABLE,RELIABLE,UNRELIABLE,RELIABLE,RELIABLE,RELIABLE,STATIONARY,STATIONARY,STATIONARY,STATIONARY,UNCERTAIN,STATIONARY,STATIONARY,MOVING,MOVING
104476,3112,3,WHOLE_BODY,0.11790439,0.00098355,0.00834191,0.01071124,0.01292721,0.01672713,0.04187832,,0.02103763,0.01861791,0.02289508,RELIABLE,RELIABLE,RELIABLE,RELIABLE,UNRELIABLE,RELIABLE,RELIABLE,RELIABLE,STATIONARY,STATIONARY,STATIONARY,STATIONARY,UNCERTAIN,STATIONARY,STATIONARY,MOVING,MOVING
104508,3113,3,WHOLE_BODY,0.11455244,0.00078844,0.00688280,0.00982982,0.01142321,0.01392789,0.05720666,,0.02509592,0.02312040,0.03062687,RELIABLE,RELIABLE,RELIABLE,RELIABLE,UNRELIABLE,RELIABLE,PARTIAL,PARTIAL,STATIONARY,STATIONARY,STATIONARY,STATIONARY,UNCERTAIN,STATIONARY,STATIONARY,MOVING,MOVING
104539,3114,3,WHOLE_BODY,0.11171044,0.00083095,0.00743846,0.00963697,0.01053431,0.01333756,0.06778392,,0.02615559,0.02496374,0.03184854,RELIABLE,RELIABLE,RELIABLE,RELIABLE,UNRELIABLE,RELIABLE,PARTIAL,RELIABLE,STATIONARY,STATIONARY,STATIONARY,STATIONARY,UNCERTAIN,STATIONARY,STATIONARY,MOVING,MOVING
104571,3115,3,WHOLE_BODY,0.11012241,0.00128219,0.01164328,0.00956644,0.01099402,0.01272396,0.07791537,,0.02663879,0.02781657,0.04329073,RELIABLE,RELIABLE,RELIABLE,RELIABLE,UNRELIABLE,RELIABLE,RELIABLE,PARTIAL,STATIONARY,STATIONARY,STATIONARY,MOVING,UNCERTAIN,STATIONARY,STATIONARY,MOVING,MOVING
104603,3116,3,WHOLE_BODY,0.10883353,0.00096451,0.00886229,0.00945472,0.01155037,0.01206178,0.08553514,,0.02713106,,,RELIABLE,RELIABLE,RELIABLE,RELIABLE,UNRELIABLE,RELIABLE,UNRELIABLE,UNRELIABLE,STATIONARY,STATIONARY,STATIONARY,MOVING,UNCERTAIN,STATIONARY,UNCERTAIN,UNCERTAIN,MOVING
104634,3117,3,WHOLE_BODY,0.10747893,0.00093805,0.00872779,0.00993433,0.01186763,0.01156588,0.09197627,,0.02759383,,,RELIABLE,RELIABLE,RELIABLE,RELIABLE,UNRELIABLE,RELIABLE,UNRELIABLE,PARTIAL,STATIONARY,STATIONARY,STATIONARY,MOVING,UNCERTAIN,STATIONARY,UNCERTAIN,UNCERTAIN,MOVING
104666,3118,3,WHOLE_BODY,0.10732593,0.00106092,0.00988505,0.00932050,0.01019798,0.00947827,0.09463554,,0.02614809,,0.01693380,RELIABLE,RELIABLE,RELIABLE,RELIABLE,UNRELIABLE,RELIABLE,UNRELIABLE,RELIABLE,STATIONARY,STATIONARY,STATIONARY,MOVING,UNCERTAIN,STATIONARY,UNCERTAIN,STATIONARY,MOVING
104715,3119,3,WHOLE_BODY,0.10663477,0.00092097,0.00863663,0.00880228,0.00850408,0.00772046,0.09647278,,0.02473354,,0.02178093,RELIABLE,RELIABLE,RELIABLE,RELIABLE,UNRELIABLE,RELIABLE,UNRELIABLE,PARTIAL,STATIONARY,STATIONARY,STATIONARY,MOVING,UNCERTAIN,STATIONARY,UNCERTAIN,STATIONARY,MOVING
104745,3120,3,WHOLE_BODY,0.10599087,0.00046048,0.00434455,0.00830261,0.00798159,0.00679661,0.08788206,,0.02143366,,0.01898560,RELIABLE,RELIABLE,RELIABLE,RELIABLE,UNRELIABLE,RELIABLE,UNRELIABLE,PARTIAL,STATIONARY,STATIONARY,STATIONARY,MOVING,UNCERTAIN,STATIONARY,UNCERTAIN,STATIONARY,MOVING
104775,3121,3,WHOLE_BODY,0.10602302,0.00057091,0.00538474,0.00811535,0.00745496,0.00643368,0.07350390,,0.01762950,,0.02274518,RELIABLE,RELIABLE,RELIABLE,RELIABLE,UNRELIABLE,RELIABLE,PARTIAL,PARTIAL,STATIONARY,STATIONARY,STATIONARY,MOVING,UNCERTAIN,STATIONARY,UNCERTAIN,STATIONARY,MOVING
104810,3122,3,WHOLE_BODY,0.10811630,0.00156994,0.01452086,0.00900065,0.01015594,0.00953949,0.06254635,,0.01643100,0.01958713,0.02813621,RELIABLE,RELIABLE,RELIABLE,RELIABLE,UNRELIABLE,RELIABLE,RELIABLE,RELIABLE,STATIONARY,STATIONARY,STATIONARY,MOVING,UNCERTAIN,STATIONARY,STATIONARY,STATIONARY,MOVING
104842,3123,3,WHOLE_BODY,0.11139269,0.00277973,0.02495433,0.01066453,0.01594563,0.01464492,0.05454009,,0.01670335,0.03679937,0.03019364,RELIABLE,RELIABLE,RELIABLE,RELIABLE,UNRELIABLE,RELIABLE,RELIABLE,RELIABLE,STATIONARY,STATIONARY,STATIONARY,MOVING,UNCERTAIN,STATIONARY,STATIONARY,STATIONARY,MOVING
104873,3124,3,WHOLE_BODY,0.11412217,0.00301350,0.02640588,0.01285748,0.02145342,0.02063303,0.04957235,,0.01666672,0.03032504,0.03174002,RELIABLE,RELIABLE,RELIABLE,RELIABLE,UNRELIABLE,RELIABLE,PARTIAL,RELIABLE,STATIONARY,STATIONARY,STATIONARY,MOVING,UNCERTAIN,STATIONARY,STATIONARY,STATIONARY,MOVING
104905,3125,3,WHOLE_BODY,0.11688110,0.00291364,0.02492824,0.01488253,0.02638148,0.02674748,0.04844468,,0.01870953,0.03152386,0.03319371,RELIABLE,RELIABLE,RELIABLE,RELIABLE,UNRELIABLE,RELIABLE,RELIABLE,RELIABLE,STATIONARY,STATIONARY,STATIONARY,MOVING,UNCERTAIN,STATIONARY,STATIONARY,MOVING,MOVING
104937,3126,3,WHOLE_BODY,0.11972852,0.00418717,0.03497219,0.01801843,0.03218680,0.03314819,0.04627616,,0.02091107,0.04323481,0.03684284,RELIABLE,RELIABLE,RELIABLE,RELIABLE,RELIABLE,RELIABLE,RELIABLE,RELIABLE,STATIONARY,STATIONARY,STATIONARY,MOVING,UNCERTAIN,STATIONARY,STATIONARY,MOVING,MOVING
104970,3127,3,WHOLE_BODY,0.12201604,0.00233917,0.01917101,0.01933522,0.03621765,0.03721523,0.04540137,0.05999587,0.02368040,0.04156370,0.03939949,RELIABLE,RELIABLE,RELIABLE,RELIABLE,RELIABLE,RELIABLE,RELIABLE,RELIABLE,STATIONARY,STATIONARY,STATIONARY,MOVING,STATIONARY,STATIONARY,STATIONARY,MOVING,MOVING
105010,3128,3,WHOLE_BODY,0.12339803,0.00259322,0.02101508,0.02141904,0.04042328,0.04111003,0.04943314,0.05971713,0.02672243,0.04000763,0.04121598,RELIABLE,RELIABLE,RELIABLE,RELIABLE,RELIABLE,RELIABLE,RELIABLE,RELIABLE,STATIONARY,STATIONARY,STATIONARY,MOVING,STATIONARY,STATIONARY,MOVING,MOVING,MOVING
105041,3129,3,WHOLE_BODY,0.12503542,0.00284353,0.02274178,0.02358867,0.04429655,0.04610451,0.05715194,0.06004834,0.02797212,0.04025356,0.03969119,RELIABLE,RELIABLE,RELIABLE,RELIABLE,RELIABLE,RELIABLE,RELIABLE,RELIABLE,STATIONARY,STATIONARY,STATIONARY,MOVING,MOVING,STATIONARY,MOVING,MOVING,MOVING
105082,3130,3,WHOLE_BODY,0.12638734,0.00358672,0.02837880,0.02532091,0.04600890,0.04835524,0.06511342,0.06430678,0.02897746,0.04189572,0.03660402,RELIABLE,RELIABLE,RELIABLE,RELIABLE,RELIABLE,RELIABLE,RELIABLE,RELIABLE,STATIONARY,STATIONARY,STATIONARY,MOVING,MOVING,STATIONARY,MOVING,MOVING,MOVING
105119,3131,3,WHOLE_BODY,0.12844616,0.00262321,0.02042267,0.02475445,0.04331164,0.04697375,0.06937929,0.06866804,0.03201944,0.04380464,0.03866951,RELIABLE,RELIABLE,RELIABLE,RELIABLE,RELIABLE,RELIABLE,RELIABLE,RELIABLE,STATIONARY,STATIONARY,STATIONARY,MOVING,MOVING,STATIONARY,MOVING,MOVING,MOVING
105151,3132,3,WHOLE_BODY,0.13018450,0.00131161,0.01007498,0.02271309,0.03888422,0.04235235,0.06681410,0.06430363,0.03193656,0.04590496,0.03705745,RELIABLE,RELIABLE,RELIABLE,RELIABLE,RELIABLE,RELIABLE,RELIABLE,RELIABLE,STATIONARY,STATIONARY,STATIONARY,MOVING,MOVING,STATIONARY,MOVING,MOVING,MOVING
105182,3133,3,WHOLE_BODY,0.13128371,0.00290052,0.02209355,0.02235876,0.03885540,0.04130104,0.06440544,0.06246245,0.02993538,0.04463259,0.03529878,RELIABLE,RELIABLE,RELIABLE,RELIABLE,RELIABLE,RELIABLE,RELIABLE,RELIABLE,STATIONARY,STATIONARY,STATIONARY,MOVING,MOVING,STATIONARY,MOVING,MOVING,MOVING
105213,3134,3,WHOLE_BODY,0.13174322,0.00529678,0.04020535,0.02301290,0.04244847,0.04526794,0.06177708,0.07092864,0.03374595,0.04307685,0.03524094,RELIABLE,RELIABLE,RELIABLE,RELIABLE,RELIABLE,RELIABLE,RELIABLE,RELIABLE,STATIONARY,STATIONARY,STATIONARY,MOVING,MOVING,STATIONARY,MOVING,MOVING,MOVING
105244,3135,3,WHOLE_BODY,0.13241609,0.00291711,0.02202990,0.02337026,0.04407317,0.04638377,0.05749083,0.07572869,0.03401998,0.04319383,0.03189405,RELIABLE,RELIABLE,RELIABLE,RELIABLE,RELIABLE,RELIABLE,RELIABLE,RELIABLE,STATIONARY,STATIONARY,STATIONARY,MOVING,MOVING,STATIONARY,MOVING,MOVING,MOVING
105276,3136,3,WHOLE_BODY,0.13388053,0.00387733,0.02896115,0.02436352,0.04702206,0.04927997,0.05233834,0.07935070,0.03491062,0.04302385,0.03150229,RELIABLE,RELIABLE,RELIABLE,RELIABLE,RELIABLE,RELIABLE,RELIABLE,RELIABLE,STATIONARY,STATIONARY,STATIONARY,MOVING,MOVING,MOVING,MOVING,MOVING,MOVING
105308,3137,3,WHOLE_BODY,0.13470984,0.00312813,0.02322126,0.02442346,0.04926195,0.05103830,0.04478745,0.08054902,0.03577181,0.04263421,0.03420529,RELIABLE,RELIABLE,RELIABLE,RELIABLE,RELIABLE,RELIABLE,RELIABLE,RELIABLE,STATIONARY,STATIONARY,STATIONARY,MOVING,MOVING,MOVING,MOVING,MOVING,MOVING
105339,3138,3,WHOLE_BODY,0.13533167,0.00336817,0.02488823,0.02398714,0.05136504,0.05207032,0.03894240,0.07810174,0.03659748,0.04206333,0.03361154,RELIABLE,RELIABLE,RELIABLE,RELIABLE,RELIABLE,RELIABLE,RELIABLE,RELIABLE,STATIONARY,STATIONARY,STATIONARY,MOVING,MOVING,MOVING,MOVING,MOVING,MOVING
105371,3139,3,WHOLE_BODY,0.13635237,0.00424291,0.03111722,0.02532396,0.05565496,0.05674402,0.03458794,0.07453059,0.03526009,0.03581699,0.03052309,RELIABLE,RELIABLE,RELIABLE,RELIABLE,RELIABLE,RELIABLE,RELIABLE,RELIABLE,STATIONARY,STATIONARY,STATIONARY,MOVING,MOVING,MOVING,MOVING,MOVING,MOVING
105403,3140,3,WHOLE_BODY,0.13784525,0.00515630,0.03740645,0.02874039,0.06265070,0.06441693,0.03578428,0.07532973,0.03777975,0.03414097,0.03041251,RELIABLE,RELIABLE,RELIABLE,RELIABLE,RELIABLE,RELIABLE,RELIABLE,RELIABLE,STATIONARY,STATIONARY,STATIONARY,MOVING,MOVING,MOVING,MOVING,MOVING,MOVING
105436,3141,3,WHOLE_BODY,0.13940287,0.00416337,0.02986573,0.02971191,0.06668007,0.06843836,0.03635165,0.07480577,0.04210898,0.03519575,0.02931670,RELIABLE,RELIABLE,RELIABLE,RELIABLE,RELIABLE,RELIABLE,RELIABLE,RELIABLE,STATIONARY,STATIONARY,STATIONARY,MOVING,MOVING,MOVING,MOVING,MOVING,MOVING
105482,3142,3,WHOLE_BODY,0.14139234,0.00522615,0.03696205,0.02930650,0.06665053,0.06873886,0.03996803,0.06739121,0.04306763,0.03248008,0.02822799,RELIABLE,RELIABLE,RELIABLE,RELIABLE,RELIABLE,RELIABLE,RELIABLE,RELIABLE,STATIONARY,STATIONARY,STATIONARY,MOVING,MOVING,MOVING,MOVING,MOVING,MOVING
105514,3143,3,WHOLE_BODY,0.14196139,0.00537551,0.03786601,0.03128601,0.07142704,0.07376314,0.04496210,0.06370301,0.05043459,0.03947787,0.03402924,RELIABLE,RELIABLE,RELIABLE,RELIABLE,RELIABLE,RELIABLE,RELIABLE,RELIABLE,STATIONARY,STATIONARY,STATIONARY,MOVING,MOVING,MOVING,MOVING,MOVING,MOVING
105545,3144,3,WHOLE_BODY,0.14203813,0.00268776,0.01892278,0.03003122,0.06948309,0.07206900,0.04596908,0.05695454,0.05169846,0.04144381,0.03509764,RELIABLE,RELIABLE,RELIABLE,RELIABLE,RELIABLE,RELIABLE,RELIABLE,RELIABLE,STATIONARY,STATIONARY,STATIONARY,STATIONARY,MOVING,MOVING,MOVING,MOVING,MOVING
105577,3145,3,WHOLE_BODY,0.14343499,0.00394048,0.02747224,0.03056259,0.07148907,0.07410465,0.05122628,0.05582842,0.05475754,0.04195225,0.03634322,RELIABLE,RELIABLE,RELIABLE,RELIABLE,RELIABLE,RELIABLE,RELIABLE,RELIABLE,STATIONARY,STATIONARY,STATIONARY,STATIONARY,MOVING,MOVING,MOVING,MOVING,MOVING
105610,3146,3,WHOLE_BODY,0.14583663,0.00686685,0.04708589,0.03333730,0.07744714,0.08018010,0.06622600,0.05952581,0.06124013,0.04429275,0.04254602,RELIABLE,RELIABLE,RELIABLE,RELIABLE,RELIABLE,RELIABLE,RELIABLE,RELIABLE,STATIONARY,STATIONARY,STATIONARY,STATIONARY,MOVING,MOVING,MOVING,MOVING,MOVING
105642,3147,3,WHOLE_BODY,0.14881614,0.00754575,0.05070518,0.03578579,0.08149043,0.08365091,0.08103392,0.06089074,0.06631775,0.04894335,0.04542179,RELIABLE,RELIABLE,RELIABLE,RELIABLE,RELIABLE,RELIABLE,RELIABLE,RELIABLE,STATIONARY,STATIONARY,STATIONARY,MOVING,MOVING,MOVING,MOVING,MOVING,MOVING
105673,3148,3,WHOLE_BODY,0.15085560,0.00519857,0.03446059,0.03541756,0.08183999,0.08257354,0.09323489,0.06151640,0.06859709,0.05366328,0.04918737,RELIABLE,RELIABLE,RELIABLE,RELIABLE,RELIABLE,RELIABLE,RELIABLE,RELIABLE,STATIONARY,MOVING,MOVING,MOVING,MOVING,MOVING,MOVING,MOVING,MOVING
105705,3149,3,WHOLE_BODY,0.15266437,0.00625780,0.04099060,0.03680817,0.07626072,0.08109229,0.10061238,0.06000235,0.06996382,,0.05746600,RELIABLE,RELIABLE,RELIABLE,RELIABLE,RELIABLE,RELIABLE,UNRELIABLE,PARTIAL,STATIONARY,MOVING,MOVING,MOVING,MOVING,MOVING,UNCERTAIN,MOVING,MOVING
105738,3150,3,WHOLE_BODY,0.15480864,0.00465873,0.03009346,0.03594960,0.07131701,0.07668962,0.10859353,0.05980685,0.07124891,,,RELIABLE,RELIABLE,RELIABLE,RELIABLE,RELIABLE,RELIABLE,UNRELIABLE,UNRELIABLE,STATIONARY,MOVING,MOVING,MOVING,MOVING,MOVING,UNCERTAIN,UNCERTAIN,MOVING
105769,3151,3,WHOLE_BODY,0.21216050,0.01198604,0.05649516,0.03827824,0.06351286,0.07079731,,,0.08852065,,,RELIABLE,RELIABLE,RELIABLE,UNRELIABLE,UNRELIABLE,RELIABLE,PARTIAL,PARTIAL,MOVING,MOVING,MOVING,UNCERTAIN,UNCERTAIN,MOVING,UNCERTAIN,UNCERTAIN,MOVING
105802,3152,3,WHOLE_BODY,0.14437503,0.01108877,0.07680533,0.04551356,0.06541806,0.07484405,,,0.11302242,0.16480965,0.18190022,PARTIAL,RELIABLE,PARTIAL,UNRELIABLE,PARTIAL,RELIABLE,PARTIAL,PARTIAL,MOVING,MOVING,MOVING,UNCERTAIN,UNCERTAIN,MOVING,STATIONARY,STATIONARY,MOVING
105849,3153,3,WHOLE_BODY,0.12820452,0.00454299,0.03543551,0.04650897,,,,,0.12198977,0.12596939,0.14692677,PARTIAL,UNRELIABLE,UNRELIABLE,UNRELIABLE,UNRELIABLE,RELIABLE,PARTIAL,PARTIAL,MOVING,UNCERTAIN,UNCERTAIN,UNCERTAIN,UNCERTAIN,MOVING,STATIONARY,STATIONARY,MOVING
105881,3154,3,WHOLE_BODY,0.13042522,0.00460403,0.03530016,0.04503575,,,,,0.12250637,0.11899843,0.10546004,RELIABLE,RELIABLE,RELIABLE,UNRELIABLE,PARTIAL,RELIABLE,PARTIAL,PARTIAL,MOVING,UNCERTAIN,UNCERTAIN,UNCERTAIN,UNCERTAIN,MOVING,MOVING,MOVING,MOVING
105908,3155,3,WHOLE_BODY,0.13668947,0.00250108,0.01829755,0.04098480,0.02358566,0.01970396,,0.03417370,0.11782323,0.10177907,0.08178181,RELIABLE,RELIABLE,RELIABLE,UNRELIABLE,PARTIAL,RELIABLE,PARTIAL,PARTIAL,MOVING,STATIONARY,STATIONARY,UNCERTAIN,STATIONARY,MOVING,MOVING,MOVING,MOVING
105939,3156,3,WHOLE_BODY,0.13389116,0.00933323,0.06970758,0.04539067,,,,,0.12091898,,,PARTIAL,UNRELIABLE,UNRELIABLE,UNRELIABLE,UNRELIABLE,RELIABLE,UNRELIABLE,UNRELIABLE,MOVING,UNCERTAIN,UNCERTAIN,UNCERTAIN,UNCERTAIN,MOVING,UNCERTAIN,UNCERTAIN,MOVING
105971,3157,3,WHOLE_BODY,0.14306923,0.00609780,0.04262133,0.04559451,,,,,0.12973332,,,PARTIAL,UNRELIABLE,UNRELIABLE,PARTIAL,PARTIAL,RELIABLE,RELIABLE,PARTIAL,MOVING,UNCERTAIN,UNCERTAIN,UNCERTAIN,UNCERTAIN,MOVING,UNCERTAIN,UNCERTAIN,MOVING
106009,3158,3,WHOLE_BODY,0.14151481,0.00888379,0.06277639,0.04967988,,,,,0.13860387,0.14563930,0.19411133,RELIABLE,RELIABLE,RELIABLE,UNRELIABLE,UNRELIABLE,RELIABLE,PARTIAL,PARTIAL,MOVING,UNCERTAIN,UNCERTAIN,UNCERTAIN,UNCERTAIN,MOVING,STATIONARY,STATIONARY,MOVING
106050,3159,3,WHOLE_BODY,0.11902206,,,,,,,,0.13461906,0.18572334,0.19308479,UNRELIABLE,UNRELIABLE,UNRELIABLE,UNRELIABLE,UNRELIABLE,RELIABLE,PARTIAL,PARTIAL,UNCERTAIN,UNCERTAIN,UNCERTAIN,UNCERTAIN,UNCERTAIN,MOVING,STATIONARY,STATIONARY,MOVING
106080,3160,3,WHOLE_BODY,0.12566887,,,,,,,,0.12914701,0.22734597,0.17464294,UNRELIABLE,UNRELIABLE,UNRELIABLE,RELIABLE,RELIABLE,RELIABLE,RELIABLE,PARTIAL,UNCERTAIN,UNCERTAIN,UNCERTAIN,UNCERTAIN,UNCERTAIN,MOVING,MOVING,MOVING,MOVING
106112,3161,3,WHOLE_BODY,0.13709177,,,,,,0.20101179,0.11997387,0.12317036,0.19413188,,UNRELIABLE,UNRELIABLE,UNRELIABLE,PARTIAL,PARTIAL,RELIABLE,PARTIAL,UNRELIABLE,UNCERTAIN,UNCERTAIN,UNCERTAIN,STATIONARY,STATIONARY,MOVING,MOVING,UNCERTAIN,MOVING
106143,3162,3,WHOLE_BODY,0.14696780,,,,,,0.16927870,0.08682440,0.12017855,0.17558239,,PARTIAL,UNRELIABLE,UNRELIABLE,PARTIAL,PARTIAL,RELIABLE,RELIABLE,RELIABLE,UNCERTAIN,UNCERTAIN,UNCERTAIN,STATIONARY,STATIONARY,MOVING,MOVING,UNCERTAIN,MOVING
106174,3163,3,WHOLE_BODY,0.15279722,,,,,,0.16534055,0.09866717,0.12640208,0.15749344,0.03186678,UNRELIABLE,UNRELIABLE,UNRELIABLE,PARTIAL,PARTIAL,RELIABLE,RELIABLE,RELIABLE,UNCERTAIN,UNCERTAIN,UNCERTAIN,MOVING,MOVING,MOVING,MOVING,STATIONARY,MOVING
106206,3164,3,WHOLE_BODY,0.16127915,,,,,,0.15594018,0.10017781,0.12568910,0.14603220,0.06182419,UNRELIABLE,UNRELIABLE,UNRELIABLE,RELIABLE,RELIABLE,RELIABLE,PARTIAL,PARTIAL,UNCERTAIN,UNCERTAIN,UNCERTAIN,MOVING,MOVING,MOVING,MOVING,STATIONARY,MOVING
106250,3165,3,WHOLE_BODY,0.15974062,,,,,,0.14065921,0.10000814,0.12279704,0.13634853,0.08087670,UNRELIABLE,UNRELIABLE,UNRELIABLE,PARTIAL,RELIABLE,RELIABLE,PARTIAL,PARTIAL,UNCERTAIN,UNCERTAIN,UNCERTAIN,MOVING,MOVING,MOVING,MOVING,MOVING,MOVING
106286,3166,3,WHOLE_BODY,0.22670554,,,,,,0.18862372,0.18634688,0.13950266,,,UNRELIABLE,UNRELIABLE,UNRELIABLE,RELIABLE,RELIABLE,RELIABLE,UNRELIABLE,UNRELIABLE,UNCERTAIN,UNCERTAIN,UNCERTAIN,MOVING,MOVING,MOVING,UNCERTAIN,UNCERTAIN,MOVING
106650,3178,4,NO TRIAL,0.10190915,,,,,,,,,,,RELIABLE,RELIABLE,RELIABLE,UNRELIABLE,RELIABLE,RELIABLE,PARTIAL,PARTIAL,UNCERTAIN,UNCERTAIN,UNCERTAIN,UNCERTAIN,UNCERTAIN,UNCERTAIN,UNCERTAIN,UNCERTAIN,UNCERTAIN
106746,3180,4,NO TRIAL,0.09872635,0.00197847,0.02003999,0.02003999,0.00557553,0.01363927,,0.14380618,0.06946293,,,RELIABLE,RELIABLE,RELIABLE,UNRELIABLE,RELIABLE,RELIABLE,UNRELIABLE,UNRELIABLE,STATIONARY,STATIONARY,STATIONARY,UNCERTAIN,STATIONARY,STATIONARY,UNCERTAIN,UNCERTAIN,STATIONARY
106776,3181,4,NO TRIAL,0.09564996,0.00098924,0.01034227,0.01519113,0.00422648,0.01033912,,0.10901094,0.05265573,,,RELIABLE,RELIABLE,RELIABLE,UNRELIABLE,RELIABLE,RELIABLE,UNRELIABLE,UNRELIABLE,STATIONARY,STATIONARY,STATIONARY,UNCERTAIN,STATIONARY,STATIONARY,UNCERTAIN,UNCERTAIN,STATIONARY
106919,3185,4,NO TRIAL,0.18863155,0.03071947,0.16285435,0.06441220,0.10498418,0.08192965,,0.13950187,0.14250267,,,RELIABLE,RELIABLE,RELIABLE,RELIABLE,RELIABLE,RELIABLE,UNRELIABLE,UNRELIABLE,STATIONARY,STATIONARY,STATIONARY,UNCERTAIN,MOVING,MOVING,UNCERTAIN,UNCERTAIN,MOVING
106953,3186,4,NO TRIAL,0.13289025,0.01390476,0.10463339,0.07446750,0.10963977,0.07207314,0.50378373,0.13712309,0.16972857,,,RELIABLE,RELIABLE,RELIABLE,PARTIAL,PARTIAL,RELIABLE,PARTIAL,PARTIAL,STATIONARY,STATIONARY,STATIONARY,STATIONARY,MOVING,MOVING,UNCERTAIN,UNCERTAIN,MOVING
106982,3187,4,NO TRIAL,0.12244880,0.00695238,0.05677784,0.07092957,0.10112649,0.06227131,0.38857745,0.12380557,0.16306728,0.12992664,0.07053597,RELIABLE,RELIABLE,RELIABLE,PARTIAL,PARTIAL,RELIABLE,PARTIAL,PARTIAL,MOVING,MOVING,STATIONARY,STATIONARY,MOVING,MOVING,STATIONARY,STATIONARY,MOVING
107046,3189,4,NO TRIAL,0.12869693,,,,,,0.44147678,0.19093299,0.25545995,0.35103932,0.27970073,UNRELIABLE,UNRELIABLE,UNRELIABLE,PARTIAL,PARTIAL,RELIABLE,RELIABLE,PARTIAL,UNCERTAIN,UNCERTAIN,UNCERTAIN,MOVING,MOVING,MOVING,STATIONARY,STATIONARY,MOVING
107078,3190,4,NO TRIAL,0.14014573,,,,,,0.37228430,0.20041023,0.26078020,0.31771179,0.28808379,UNRELIABLE,UNRELIABLE,UNRELIABLE,PARTIAL,PARTIAL,RELIABLE,RELIABLE,PARTIAL,UNCERTAIN,UNCERTAIN,UNCERTAIN,MOVING,MOVING,MOVING,MOVING,MOVING,MOVING
107113,3191,4,NO TRIAL,0.14188618,,,,,,,0.18082425,0.24157261,0.27608896,0.25262573,UNRELIABLE,UNRELIABLE,UNRELIABLE,UNRELIABLE,PARTIAL,RELIABLE,PARTIAL,PARTIAL,UNCERTAIN,UNCERTAIN,UNCERTAIN,UNCERTAIN,MOVING,MOVING,MOVING,MOVING,MOVING
107141,3192,4,NO TRIAL,0.14086935,,,,,,,0.16560086,0.23963303,0.23610237,0.21683130,UNRELIABLE,UNRELIABLE,UNRELIABLE,UNRELIABLE,PARTIAL,RELIABLE,PARTIAL,PARTIAL,UNCERTAIN,UNCERTAIN,UNCERTAIN,UNCERTAIN,MOVING,MOVING,MOVING,MOVING,MOVING
107172,3193,4,NO TRIAL,0.14671831,,,,,,,0.17025705,0.24496708,0.20967728,0.20087307,PARTIAL,RELIABLE,PARTIAL,RELIABLE,PARTIAL,RELIABLE,RELIABLE,PARTIAL,UNCERTAIN,UNCERTAIN,UNCERTAIN,UNCERTAIN,MOVING,MOVING,MOVING,MOVING,MOVING
107204,3194,4,NO TRIAL,0.10617117,,,,,,,,0.24421811,0.21719008,,UNRELIABLE,UNRELIABLE,UNRELIABLE,UNRELIABLE,UNRELIABLE,RELIABLE,PARTIAL,UNRELIABLE,UNCERTAIN,UNCERTAIN,UNCERTAIN,UNCERTAIN,UNCERTAIN,MOVING,MOVING,UNCERTAIN,MOVING
107242,3195,4,NO TRIAL,0.10551060,,,,,,,,0.24271454,0.21682720,,PARTIAL,UNRELIABLE,UNRELIABLE,RELIABLE,PARTIAL,RELIABLE,PARTIAL,UNRELIABLE,UNCERTAIN,UNCERTAIN,UNCERTAIN,UNCERTAIN,UNCERTAIN,MOVING,MOVING,UNCERTAIN,MOVING
107282,3196,4,NO TRIAL,0.12116479,0.01101520,0.09091092,0.09091092,,,0.30658963,0.21683938,0.24601803,0.21983794,,PARTIAL,RELIABLE,UNRELIABLE,RELIABLE,RELIABLE,RELIABLE,RELIABLE,PARTIAL,STATIONARY,UNCERTAIN,UNCERTAIN,STATIONARY,STATIONARY,MOVING,MOVING,UNCERTAIN,MOVING
107321,3197,4,NO TRIAL,0.13597734,0.00633545,0.04659196,0.06875144,0.04762209,,0.22611962,0.15868237,0.16985461,0.16354365,0.13989774,RELIABLE,RELIABLE,RELIABLE,RELIABLE,RELIABLE,RELIABLE,RELIABLE,PARTIAL,STATIONARY,STATIONARY,UNCERTAIN,STATIONARY,STATIONARY,MOVING,MOVING,STATIONARY,MOVING
107361,3198,4,NO TRIAL,0.14690161,0.00309413,0.02106259,0.05285516,0.03483122,0.01481838,0.17321616,0.12129655,0.13952165,0.13920782,0.10232245,RELIABLE,RELIABLE,RELIABLE,RELIABLE,RELIABLE,RELIABLE,RELIABLE,PARTIAL,MOVING,STATIONARY,STATIONARY,MOVING,MOVING,MOVING,MOVING,STATIONARY,MOVING
107394,3199,4,NO TRIAL,0.21039721,0.01325275,0.06298920,0.05538867,0.03344678,0.02148748,0.26283339,0.22478609,0.15997203,,0.11912300,RELIABLE,RELIABLE,RELIABLE,RELIABLE,RELIABLE,RELIABLE,UNRELIABLE,PARTIAL,MOVING,STATIONARY,STATIONARY,MOVING,MOVING,MOVING,UNCERTAIN,MOVING,MOVING
107425,3200,4,NO TRIAL,0.14777291,0.00896003,0.06063379,0.05643769,0.03120999,0.02662669,0.29157702,0.25954004,0.18157385,,0.12393216,RELIABLE,RELIABLE,RELIABLE,RELIABLE,RELIABLE,RELIABLE,RELIABLE,PARTIAL,MOVING,STATIONARY,STATIONARY,MOVING,MOVING,MOVING,UNCERTAIN,MOVING,MOVING
107456,3201,4,NO TRIAL,0.13661902,0.00310187,0.02270449,0.05081549,0.03137570,0.02607945,0.27974914,0.25177918,0.18578153,0.09844390,,PARTIAL,PARTIAL,RELIABLE,RELIABLE,RELIABLE,RELIABLE,PARTIAL,UNRELIABLE,MOVING,STATIONARY,STATIONARY,MOVING,MOVING,MOVING,STATIONARY,UNCERTAIN,MOVING
107488,3202,4,NO TRIAL,0.14112336,0.00155093,0.01098991,0.04512612,0.02873108,0.02322933,0.25503986,0.23053766,0.15304354,0.07304740,,PARTIAL,PARTIAL,RELIABLE,RELIABLE,RELIABLE,RELIABLE,PARTIAL,UNRELIABLE,MOVING,STATIONARY,STATIONARY,MOVING,MOVING,MOVING,STATIONARY,UNCERTAIN,MOVING
107519,3203,4,NO TRIAL,0.14823405,0.00177121,0.01194877,0.04097895,0.02836306,0.02390877,0.23217341,0.20851777,0.13141729,0.08376825,,RELIABLE,RELIABLE,RELIABLE,RELIABLE,RELIABLE,RELIABLE,RELIABLE,UNRELIABLE,MOVING,STATIONARY,STATIONARY,MOVING,MOVING,MOVING,MOVING,UNCERTAIN,MOVING
107551,3204,4,NO TRIAL,0.15463478,0.00276309,0.01786852,0.03184865,0.02955150,0.02505454,0.20201447,0.19579746,0.12146924,0.09680775,,RELIABLE,RELIABLE,RELIABLE,RELIABLE,RELIABLE,RELIABLE,RELIABLE,PARTIAL,MOVING,STATIONARY,STATIONARY,MOVING,MOVING,MOVING,MOVING,UNCERTAIN,MOVING
107582,3205,4,NO TRIAL,0.21490195,0.01954550,0.09095078,0.03739351,0.02766239,0.03097666,0.24481858,0.24803020,0.14457012,0.12811369,0.25499118,RELIABLE,RELIABLE,RELIABLE,RELIABLE,RELIABLE,RELIABLE,RELIABLE,RELIABLE,MOVING,STATIONARY,STATIONARY,MOVING,MOVING,MOVING,MOVING,STATIONARY,MOVING
107612,3206,4,NO TRIAL,0.14567246,0.01113192,0.07641743,0.04431286,0.03578838,0.04334734,0.28082687,0.29145865,0.16647205,0.13296997,0.22175360,RELIABLE,RELIABLE,RELIABLE,RELIABLE,RELIABLE,RELIABLE,RELIABLE,RELIABLE,MOVING,STATIONARY,STATIONARY,MOVING,MOVING,MOVING,MOVING,STATIONARY,MOVING
107659,3207,4,NO TRIAL,0.12985553,0.00739889,0.05697785,0.04356144,0.04281602,0.05207485,0.23824301,0.25427361,0.14928030,0.13035503,0.18344331,RELIABLE,RELIABLE,RELIABLE,RELIABLE,RELIABLE,RELIABLE,RELIABLE,RELIABLE,MOVING,STATIONARY,STATIONARY,MOVING,MOVING,MOVING,MOVING,MOVING,MOVING
107691,3208,4,NO TRIAL,0.13135596,0.00369944,0.02816351,0.03950266,0.04512271,0.05351530,0.19922608,0.21914528,0.12916438,0.12114537,0.15078280,RELIABLE,RELIABLE,RELIABLE,RELIABLE,RELIABLE,RELIABLE,RELIABLE,RELIABLE,MOVING,STATIONARY,STATIONARY,MOVING,MOVING,MOVING,MOVING,MOVING,MOVING
107722,3209,4,NO TRIAL,0.13572733,0.00539573,0.03975418,0.04163387,0.05212316,0.06095303,0.17763894,0.20235422,0.12176034,0.11493619,0.12831713,RELIABLE,RELIABLE,RELIABLE,RELIABLE,RELIABLE,RELIABLE,PARTIAL,PARTIAL,MOVING,STATIONARY,STATIONARY,MOVING,MOVING,MOVING,MOVING,MOVING,MOVING
107753,3210,4,NO TRIAL,0.13985560,0.00498977,0.03567802,0.04471988,0.06088864,0.07035275,0.17046517,0.19712106,0.12355945,0.11431297,0.11957134,RELIABLE,RELIABLE,RELIABLE,RELIABLE,RELIABLE,RELIABLE,PARTIAL,RELIABLE,MOVING,STATIONARY,STATIONARY,MOVING,MOVING,MOVING,MOVING,MOVING,MOVING
107786,3211,4,NO TRIAL,0.14252145,0.00519608,0.03645825,0.04778357,0.06910542,0.07891652,0.17065716,0.19805946,0.12560151,0.10905235,0.10878462,RELIABLE,RELIABLE,RELIABLE,RELIABLE,RELIABLE,RELIABLE,RELIABLE,RELIABLE,MOVING,STATIONARY,STATIONARY,MOVING,MOVING,MOVING,MOVING,MOVING,MOVING
107817,3212,4,NO TRIAL,0.14411775,0.00455280,0.03159081,0.04949885,0.07598590,0.08674041,0.16930294,0.19198952,0.12465698,0.09855394,0.10031351,RELIABLE,RELIABLE,RELIABLE,RELIABLE,RELIABLE,RELIABLE,RELIABLE,RELIABLE,MOVING,STATIONARY,STATIONARY,MOVING,MOVING,MOVING,MOVING,MOVING,MOVING
107847,3213,4,NO TRIAL,0.14505065,0.00227640,0.01569382,0.04009173,0.07769205,0.08355599,0.11167600,0.13132170,0.09274300,0.07011206,0.07098660,RELIABLE,RELIABLE,RELIABLE,RELIABLE,RELIABLE,RELIABLE,RELIABLE,RELIABLE,MOVING,STATIONARY,MOVING,MOVING,MOVING,MOVING,MOVING,MOVING,MOVING
107878,3214,4,NO TRIAL,0.14474454,0.00509404,0.03519333,0.03493872,0.07787070,0.08036592,0.07248666,0.08867321,0.07011943,0.05492003,0.05047477,RELIABLE,RELIABLE,RELIABLE,RELIABLE,RELIABLE,RELIABLE,RELIABLE,RELIABLE,MOVING,MOVING,MOVING,MOVING,MOVING,MOVING,MOVING,MOVING,MOVING
107910,3215,4,NO TRIAL,0.14436483,0.00573591,0.03973204,0.03278299,0.07918037,0.08071260,0.05566815,0.06521314,0.06082505,0.04475311,0.04329420,RELIABLE,RELIABLE,RELIABLE,RELIABLE,RELIABLE,RELIABLE,RELIABLE,RELIABLE,MOVING,MOVING,MOVING,MOVING,MOVING,MOVING,MOVING,MOVING,MOVING
107946,3216,4,NO TRIAL,0.14324080,0.00660715,0.04612615,0.03502833,0.08710224,0.08815055,0.05027604,0.05787506,0.05959617,0.04296578,0.04110491,RELIABLE,RELIABLE,RELIABLE,RELIABLE,RELIABLE,RELIABLE,RELIABLE,RELIABLE,MOVING,MOVING,MOVING,MOVING,MOVING,MOVING,MOVING,MOVING,MOVING
107973,3217,4,NO TRIAL,0.14221521,0.00330357,0.02322940,0.03296273,0.08279039,0.08445253,0.04751503,0.05174731,0.05650281,0.03953727,0.03851945,RELIABLE,RELIABLE,RELIABLE,RELIABLE,RELIABLE,RELIABLE,RELIABLE,RELIABLE,MOVING,MOVING,MOVING,MOVING,MOVING,MOVING,MOVING,MOVING,MOVING
108026,3218,4,NO TRIAL,0.14045975,0.00765073,0.05446919,0.03531162,0.08608835,0.08747691,0.04845119,0.05492151,0.05595065,0.04119220,0.03838427,RELIABLE,RELIABLE,RELIABLE,RELIABLE,RELIABLE,RELIABLE,RELIABLE,RELIABLE,MOVING,MOVING,MOVING,MOVING,MOVING,MOVING,MOVING,MOVING,MOVING
108067,3219,4,NO TRIAL,0.13897586,0.00382536,0.02752539,0.03419502,0.08167792,0.08252546,0.04283884,0.05265714,0.04967281,0.03683292,0.03759868,RELIABLE,RELIABLE,RELIABLE,RELIABLE,RELIABLE,RELIABLE,RELIABLE,RELIABLE,MOVING,MOVING,MOVING,MOVING,MOVING,MOVING,MOVING,MOVING,MOVING
108098,3220,4,NO TRIAL,0.13715582,0.00339172,0.02472894,0.03333728,0.07744423,0.07862915,0.04050456,0.04962888,0.04304579,0.03377243,0.04046023,RELIABLE,RELIABLE,RELIABLE,RELIABLE,RELIABLE,RELIABLE,RELIABLE,RELIABLE,MOVING,MOVING,MOVING,MOVING,MOVING,MOVING,MOVING,MOVING,MOVING
108129,3221,4,NO TRIAL,0.13537481,0.00272895,0.02015851,0.03389537,0.07830631,0.07932688,0.04018518,0.05031768,0.04091201,0.03270471,0.04051833,RELIABLE,RELIABLE,RELIABLE,RELIABLE,RELIABLE,RELIABLE,RELIABLE,RELIABLE,MOVING,MOVING,MOVING,MOVING,MOVING,MOVING,MOVING,MOVING,MOVING
108161,3222,4,NO TRIAL,0.13374789,0.00387771,0.02899265,0.03312028,0.07455889,0.07646638,0.03937182,0.05236943,0.03941504,,0.04465089,RELIABLE,RELIABLE,RELIABLE,RELIABLE,RELIABLE,RELIABLE,UNRELIABLE,RELIABLE,MOVING,MOVING,MOVING,MOVING,MOVING,MOVING,UNCERTAIN,MOVING,MOVING
108193,3223,4,NO TRIAL,0.13177759,0.00236296,0.01793140,0.03039520,0.06579808,0.06735819,0.03551962,0.05106775,0.03500153,,0.04141201,RELIABLE,RELIABLE,RELIABLE,RELIABLE,RELIABLE,RELIABLE,RELIABLE,RELIABLE,MOVING,MOVING,MOVING,MOVING,MOVING,MOVING,UNCERTAIN,MOVING,MOVING
108224,3224,4,NO TRIAL,0.13043791,0.00221944,0.01701531,0.02675635,0.05808145,0.05922727,0.03311749,0.04946829,0.03389585,0.06488328,0.04098771,RELIABLE,RELIABLE,RELIABLE,RELIABLE,RELIABLE,RELIABLE,RELIABLE,RELIABLE,MOVING,MOVING,MOVING,MOVING,MOVING,MOVING,STATIONARY,MOVING,MOVING
108255,3225,4,NO TRIAL,0.12942198,0.00360493,0.02785405,0.02733443,0.05828239,0.05983757,0.03310599,0.05073559,0.03327707,0.05138105,0.04123627,RELIABLE,RELIABLE,RELIABLE,RELIABLE,RELIABLE,RELIABLE,RELIABLE,RELIABLE,MOVING,MOVING,MOVING,MOVING,MOVING,MOVING,STATIONARY,MOVING,MOVING
108287,3226,4,NO TRIAL,0.12814702,0.00250827,0.01957338,0.02297246,0.05053840,0.05207948,0.02983091,0.04548732,0.02931160,0.05375404,0.03960339,RELIABLE,RELIABLE,RELIABLE,RELIABLE,RELIABLE,RELIABLE,RELIABLE,RELIABLE,MOVING,MOVING,MOVING,STATIONARY,MOVING,MOVING,MOVING,MOVING,MOVING
108318,3227,4,NO TRIAL,0.12763634,0.00227301,0.01780852,0.02175785,0.04781415,0.04941073,0.02932505,0.04501178,0.02873675,0.04550785,0.03852175,RELIABLE,RELIABLE,RELIABLE,RELIABLE,RELIABLE,RELIABLE,RELIABLE,RELIABLE,STATIONARY,MOVING,MOVING,STATIONARY,MOVING,MOVING,MOVING,MOVING,MOVING
108350,3228,4,NO TRIAL,0.12680513,0.00305594,0.02409950,0.02167917,0.04655011,0.04739841,0.02746899,0.04423792,0.03054914,0.04477063,0.03798061,RELIABLE,RELIABLE,RELIABLE,RELIABLE,RELIABLE,RELIABLE,RELIABLE,RELIABLE,STATIONARY,MOVING,MOVING,STATIONARY,MOVING,MOVING,MOVING,MOVING,MOVING
108381,3229,4,NO TRIAL,0.12618300,0.00242829,0.01924416,0.02156487,0.04504099,0.04602873,0.02874920,0.04525458,0.03406227,0.04272223,0.03883314,RELIABLE,RELIABLE,RELIABLE,RELIABLE,RELIABLE,RELIABLE,RELIABLE,RELIABLE,STATIONARY,MOVING,MOVING,STATIONARY,MOVING,MOVING,MOVING,MOVING,MOVING
108412,3230,4,NO TRIAL,0.12550380,0.00223322,0.01779407,0.02016505,0.04328672,0.04344306,0.02777447,0.04111672,0.03429536,0.03974759,0.03566061,RELIABLE,RELIABLE,RELIABLE,RELIABLE,RELIABLE,RELIABLE,RELIABLE,RELIABLE,STATIONARY,STATIONARY,STATIONARY,STATIONARY,MOVING,MOVING,MOVING,MOVING,MOVING
108443,3231,4,NO TRIAL,0.12446938,0.00312463,0.02510363,0.02106158,0.04577026,0.04598725,0.03005509,0.04116688,0.03821384,0.04387050,0.04107078,RELIABLE,RELIABLE,RELIABLE,RELIABLE,RELIABLE,RELIABLE,RELIABLE,RELIABLE,STATIONARY,STATIONARY,STATIONARY,STATIONARY,MOVING,MOVING,MOVING,MOVING,MOVING
108475,3232,4,NO TRIAL,0.12351965,0.00309377,0.02504680,0.02206551,0.04689043,0.04708962,0.03054514,0.04159793,0.03924334,0.03999361,0.04262096,RELIABLE,RELIABLE,RELIABLE,RELIABLE,RELIABLE,RELIABLE,PARTIAL,PARTIAL,STATIONARY,STATIONARY,STATIONARY,STATIONARY,MOVING,MOVING,MOVING,MOVING,MOVING
108506,3233,4,NO TRIAL,0.12224578,0.00253145,0.02070787,0.02117224,0.04676919,0.04634056,0.03237068,0.04046067,0.04093479,0.03764750,0.04274434,RELIABLE,RELIABLE,RELIABLE,RELIABLE,RELIABLE,RELIABLE,RELIABLE,RELIABLE,STATIONARY,STATIONARY,STATIONARY,STATIONARY,MOVING,MOVING,MOVING,MOVING,MOVING
108537,3234,4,NO TRIAL,0.12119291,0.00304707,0.02514234,0.02186836,0.04750489,0.04762139,0.03511752,0.03972426,0.04334112,0.03952537,0.04318369,RELIABLE,RELIABLE,RELIABLE,RELIABLE,RELIABLE,RELIABLE,RELIABLE,RELIABLE,STATIONARY,STATIONARY,STATIONARY,STATIONARY,MOVING,MOVING,MOVING,MOVING,MOVING
108569,3235,4,NO TRIAL,0.12044728,0.00335961,0.02789281,0.02312890,0.05153448,0.05096735,0.03843230,0.03914433,0.04606885,0.04265413,0.04432906,RELIABLE,RELIABLE,RELIABLE,RELIABLE,RELIABLE,RELIABLE,RELIABLE,RELIABLE,STATIONARY,STATIONARY,STATIONARY,STATIONARY,MOVING,MOVING,MOVING,MOVING,MOVING
108602,3236,4,NO TRIAL,0.11982461,0.00292642,0.02442250,0.02316927,0.05296834,0.05249348,0.04277599,0.03830807,0.04576331,0.04007517,0.04075349,RELIABLE,RELIABLE,RELIABLE,RELIABLE,RELIABLE,RELIABLE,RELIABLE,RELIABLE,STATIONARY,STATIONARY,STATIONARY,STATIONARY,MOVING,MOVING,MOVING,MOVING,MOVING
108634,3237,4,NO TRIAL,0.11964406,0.00339637,0.02838729,0.02431216,0.05658990,0.05427725,0.04613390,0.03733195,0.04618593,0.04127742,0.04247331,RELIABLE,RELIABLE,RELIABLE,RELIABLE,RELIABLE,RELIABLE,RELIABLE,RELIABLE,STATIONARY,STATIONARY,STATIONARY,STATIONARY,STATIONARY,MOVING,MOVING,MOVING,MOVING
108665,3238,4,NO TRIAL,0.11864738,0.00323604,0.02727444,0.02549721,0.05826935,0.05572530,0.04916822,0.03785593,0.04600943,0.04165703,0.04066988,RELIABLE,RELIABLE,RELIABLE,RELIABLE,RELIABLE,RELIABLE,RELIABLE,RELIABLE,STATIONARY,STATIONARY,STATIONARY,STATIONARY,STATIONARY,MOVING,MOVING,MOVING,MOVING
108697,3239,4,NO TRIAL,0.11811876,0.00273940,0.02319195,0.02525825,0.05850074,0.05593784,0.05097679,0.03740147,0.04185254,0.03443295,0.03428888,RELIABLE,RELIABLE,RELIABLE,RELIABLE,RELIABLE,RELIABLE,RELIABLE,RELIABLE,STATIONARY,STATIONARY,STATIONARY,STATIONARY,STATIONARY,MOVING,MOVING,MOVING,MOVING
108729,3240,4,NO TRIAL,0.11743863,0.00258698,0.02202836,0.02488094,0.05778203,0.05531840,0.05288589,0.03643877,0.03867426,0.03689543,0.03192260,RELIABLE,RELIABLE,RELIABLE,RELIABLE,RELIABLE,RELIABLE,RELIABLE,RELIABLE,STATIONARY,STATIONARY,STATIONARY,STATIONARY,STATIONARY,MOVING,MOVING,MOVING,MOVING
108761,3241,4,NO TRIAL,0.11700940,0.00200180,0.01710804,0.02443097,0.05619891,0.05310616,0.05526084,0.03730423,0.03666496,0.03995623,0.03526855,RELIABLE,RELIABLE,RELIABLE,RELIABLE,RELIABLE,RELIABLE,RELIABLE,RELIABLE,STATIONARY,STATIONARY,STATIONARY,MOVING,STATIONARY,MOVING,MOVING,MOVING,MOVING
108793,3242,4,NO TRIAL,0.11703859,0.00182931,0.01562999,0.02324192,0.05303532,0.04914791,0.05660637,0.03461805,0.03450380,0.03809706,0.03313888,RELIABLE,RELIABLE,RELIABLE,RELIABLE,RELIABLE,RELIABLE,RELIABLE,RELIABLE,STATIONARY,STATIONARY,STATIONARY,MOVING,STATIONARY,MOVING,MOVING,MOVING,MOVING
108825,3243,4,NO TRIAL,0.11690652,0.00174612,0.01493606,0.02162233,0.04809074,0.04519438,0.05665360,0.03265594,0.03052549,0.03504983,0.03278552,RELIABLE,RELIABLE,RELIABLE,RELIABLE,RELIABLE,RELIABLE,RELIABLE,RELIABLE,STATIONARY,STATIONARY,STATIONARY,MOVING,STATIONARY,MOVING,MOVING,MOVING,MOVING
108858,3244,4,NO TRIAL,0.11663051,0.00098623,0.00845603,0.01962652,0.04366295,0.03982018,0.05642598,0.03112752,0.02844931,0.03395070,0.03321432,RELIABLE,RELIABLE,RELIABLE,RELIABLE,RELIABLE,RELIABLE,RELIABLE,RELIABLE,STATIONARY,STATIONARY,STATIONARY,MOVING,STATIONARY,MOVING,MOVING,MOVING,MOVING
108889,3245,4,NO TRIAL,0.11665047,0.00137551,0.01179174,0.01755208,0.03762768,0.03516915,0.05420858,0.02869274,0.02449769,0.03210485,0.03154742,RELIABLE,RELIABLE,RELIABLE,RELIABLE,RELIABLE,RELIABLE,RELIABLE,RELIABLE,STATIONARY,STATIONARY,STATIONARY,MOVING,STATIONARY,MOVING,MOVING,MOVING,MOVING
108930,3246,4,NO TRIAL,0.11704341,0.00197714,0.01689233,0.01625431,0.03371384,0.03042763,0.05189656,0.02630305,0.02206178,0.03345478,0.03286174,RELIABLE,RELIABLE,RELIABLE,RELIABLE,RELIABLE,RELIABLE,RELIABLE,RELIABLE,STATIONARY,STATIONARY,STATIONARY,MOVING,STATIONARY,MOVING,MOVING,MOVING,MOVING
108970,3247,4,NO TRIAL,0.11708014,0.00164467,0.01404737,0.01511124,0.03105213,0.02685738,0.04899209,0.02489169,0.02145971,0.03490675,0.03353816,RELIABLE,RELIABLE,RELIABLE,RELIABLE,RELIABLE,RELIABLE,RELIABLE,RELIABLE,STATIONARY,STATIONARY,STATIONARY,MOVING,STATIONARY,MOVING,MOVING,MOVING,MOVING
109009,3248,4,NO TRIAL,0.11685970,0.00173102,0.01481279,0.01420929,0.02882900,0.02456665,0.04667704,0.02297801,0.02057763,0.02993009,0.03260323,RELIABLE,RELIABLE,RELIABLE,RELIABLE,RELIABLE,RELIABLE,RELIABLE,RELIABLE,STATIONARY,STATIONARY,STATIONARY,MOVING,STATIONARY,MOVING,MOVING,MOVING,MOVING
109041,3249,4,NO TRIAL,0.11675851,0.00121542,0.01040966,0.01337200,0.02653571,0.02266827,0.04196703,0.02257827,0.01983877,0.02648556,0.02932300,RELIABLE,RELIABLE,RELIABLE,RELIABLE,RELIABLE,RELIABLE,RELIABLE,RELIABLE,STATIONARY,STATIONARY,STATIONARY,MOVING,STATIONARY,MOVING,MOVING,MOVING,MOVING
109072,3250,4,NO TRIAL,0.11615236,0.00081121,0.00698399,0.01229125,0.02434084,0.02065018,0.03718328,0.02446644,0.01769360,0.02142016,0.02483736,RELIABLE,RELIABLE,RELIABLE,RELIABLE,RELIABLE,RELIABLE,RELIABLE,RELIABLE,STATIONARY,STATIONARY,STATIONARY,MOVING,STATIONARY,STATIONARY,MOVING,MOVING,MOVING
109104,3251,4,NO TRIAL,0.11599318,0.00114108,0.00983744,0.01165392,0.02321955,0.01858890,0.03423781,0.02550272,0.01812307,0.02035045,0.02449879,RELIABLE,RELIABLE,RELIABLE,RELIABLE,RELIABLE,RELIABLE,PARTIAL,RELIABLE,STATIONARY,STATIONARY,STATIONARY,MOVING,STATIONARY,STATIONARY,MOVING,MOVING,MOVING
109135,3252,4,NO TRIAL,0.11533452,0.00143271,0.01242220,0.01214969,0.02353868,0.01972734,0.03085498,0.02723691,0.02023915,0.02580875,0.02802873,RELIABLE,RELIABLE,RELIABLE,RELIABLE,RELIABLE,RELIABLE,RELIABLE,RELIABLE,STATIONARY,STATIONARY,STATIONARY,MOVING,STATIONARY,STATIONARY,MOVING,MOVING,MOVING
109166,3253,4,NO TRIAL,0.11502588,0.00104114,0.00905139,0.01180715,0.02350837,0.02035150,0.02902148,0.02979522,0.02075506,0.02623245,0.02689590,RELIABLE,RELIABLE,RELIABLE,RELIABLE,RELIABLE,RELIABLE,RELIABLE,RELIABLE,STATIONARY,STATIONARY,STATIONARY,MOVING,STATIONARY,STATIONARY,MOVING,MOVING,MOVING
109197,3254,4,NO TRIAL,0.11412556,0.00201189,0.01762873,0.01189920,0.02287845,0.02162848,0.02797036,0.03087609,0.02192422,0.02578233,0.02683931,RELIABLE,RELIABLE,RELIABLE,RELIABLE,RELIABLE,RELIABLE,RELIABLE,RELIABLE,STATIONARY,STATIONARY,STATIONARY,MOVING,STATIONARY,STATIONARY,MOVING,MOVING,MOVING
109229,3255,4,NO TRIAL,0.11325653,0.00142242,0.01255932,0.01171319,0.02303562,0.02199187,0.02749718,0.03226535,0.02258065,0.02594470,0.02948305,RELIABLE,RELIABLE,RELIABLE,RELIABLE,RELIABLE,RELIABLE,RELIABLE,RELIABLE,STATIONARY,STATIONARY,STATIONARY,STATIONARY,STATIONARY,STATIONARY,STATIONARY,MOVING,MOVING
109262,3256,4,NO TRIAL,0.11247724,0.00166125,0.01476966,0.01170780,0.02265008,0.02184077,0.02729396,0.03387966,0.02335336,0.02872581,0.03099230,RELIABLE,RELIABLE,RELIABLE,RELIABLE,RELIABLE,RELIABLE,RELIABLE,RELIABLE,STATIONARY,STATIONARY,STATIONARY,STATIONARY,STATIONARY,STATIONARY,STATIONARY,MOVING,MOVING
109290,3257,4,NO TRIAL,0.11168571,0.00178734,0.01600327,0.01240700,0.02406979,0.02313351,0.02922626,0.03270374,0.02456384,0.02957296,0.03137037,RELIABLE,RELIABLE,RELIABLE,RELIABLE,RELIABLE,RELIABLE,RELIABLE,RELIABLE,STATIONARY,STATIONARY,STATIONARY,STATIONARY,STATIONARY,STATIONARY,STATIONARY,MOVING,MOVING
109322,3258,4,NO TRIAL,0.11114280,0.00248931,0.02239737,0.01433367,0.02816112,0.02732924,0.03025108,0.03187838,0.02515835,0.03263604,0.03599392,RELIABLE,RELIABLE,RELIABLE,RELIABLE,RELIABLE,RELIABLE,RELIABLE,RELIABLE,STATIONARY,STATIONARY,STATIONARY,STATIONARY,STATIONARY,STATIONARY,STATIONARY,MOVING,MOVING
109370,3259,4,NO TRIAL,0.11109528,0.00212882,0.01916209,0.01549926,0.03192722,0.03105377,0.03165098,0.03304767,0.02634876,0.03481863,0.03597211,RELIABLE,RELIABLE,RELIABLE,RELIABLE,RELIABLE,RELIABLE,RELIABLE,RELIABLE,STATIONARY,STATIONARY,STATIONARY,STATIONARY,STATIONARY,STATIONARY,STATIONARY,MOVING,MOVING
109402,3260,4,NO TRIAL,0.11113810,0.00202462,0.01821715,0.01622362,0.03334535,0.03334732,0.03239789,0.03327615,0.02565468,0.03215146,0.03312790,RELIABLE,RELIABLE,RELIABLE,RELIABLE,RELIABLE,RELIABLE,RELIABLE,RELIABLE,STATIONARY,STATIONARY,STATIONARY,STATIONARY,STATIONARY,STATIONARY,STATIONARY,MOVING,MOVING
109434,3261,4,NO TRIAL,0.11104621,0.00189957,0.01710610,0.01723046,0.03478552,0.03514030,0.03374021,0.03099016,0.02776089,0.03762564,0.04034234,RELIABLE,RELIABLE,RELIABLE,RELIABLE,RELIABLE,RELIABLE,RELIABLE,RELIABLE,STATIONARY,STATIONARY,STATIONARY,STATIONARY,STATIONARY,STATIONARY,STATIONARY,MOVING,MOVING
109466,3262,4,NO TRIAL,0.11086218,0.00281304,0.02537422,0.01819865,0.03839328,0.03677326,0.03470813,0.03114076,0.02830500,0.03818213,0.04025762,RELIABLE,RELIABLE,RELIABLE,RELIABLE,RELIABLE,RELIABLE,RELIABLE,RELIABLE,STATIONARY,STATIONARY,STATIONARY,STATIONARY,STATIONARY,STATIONARY,STATIONARY,MOVING,MOVING
109497,3263,4,NO TRIAL,0.11072374,0.00191715,0.01731472,0.01879307,0.03926669,0.03832461,0.03378103,0.02993324,0.02859965,0.03737071,0.03693374,RELIABLE,RELIABLE,RELIABLE,RELIABLE,RELIABLE,RELIABLE,RELIABLE,RELIABLE,STATIONARY,STATIONARY,STATIONARY,STATIONARY,STATIONARY,STATIONARY,MOVING,MOVING,MOVING
109529,3264,4,NO TRIAL,0.11027142,0.00154753,0.01403386,0.01870110,0.03928342,0.03859755,0.03282523,0.02760489,0.02747872,0.03572101,0.03579097,RELIABLE,RELIABLE,RELIABLE,RELIABLE,RELIABLE,RELIABLE,RELIABLE,RELIABLE,STATIONARY,STATIONARY,STATIONARY,STATIONARY,STATIONARY,STATIONARY,MOVING,MOVING,MOVING
109562,3265,4,NO TRIAL,0.11030588,0.00138491,0.01255522,0.01827009,0.03901109,0.03858372,0.03046412,0.02686981,0.02713728,0.03506108,0.03579733,RELIABLE,RELIABLE,RELIABLE,RELIABLE,RELIABLE,RELIABLE,RELIABLE,RELIABLE,STATIONARY,STATIONARY,STATIONARY,STATIONARY,STATIONARY,STATIONARY,MOVING,MOVING,MOVING
109594,3266,4,NO TRIAL,0.10986263,0.00150046,0.01365763,0.01717762,0.03627485,0.03559570,0.02806368,0.02502991,0.02612491,0.03268559,0.03322866,RELIABLE,RELIABLE,RELIABLE,RELIABLE,RELIABLE,RELIABLE,RELIABLE,RELIABLE,STATIONARY,STATIONARY,STATIONARY,STATIONARY,STATIONARY,STATIONARY,MOVING,MOVING,MOVING
109626,3267,4,NO TRIAL,0.10949519,0.00098957,0.00903756,0.01591206,0.03300511,0.03289921,0.02582457,0.02302262,0.02548196,0.03408236,0.03429541,RELIABLE,RELIABLE,RELIABLE,RELIABLE,RELIABLE,RELIABLE,RELIABLE,RELIABLE,STATIONARY,STATIONARY,STATIONARY,STATIONARY,STATIONARY,STATIONARY,MOVING,MOVING,MOVING
109657,3268,4,NO TRIAL,0.10930113,0.00093482,0.00855268,0.01470400,0.03004464,0.02957581,0.02345977,0.01999120,0.02437115,0.03477563,0.03193240,RELIABLE,RELIABLE,RELIABLE,RELIABLE,RELIABLE,RELIABLE,RELIABLE,RELIABLE,STATIONARY,STATIONARY,STATIONARY,STATIONARY,STATIONARY,STATIONARY,MOVING,MOVING,MOVING
109698,3269,4,NO TRIAL,0.10966345,0.00115717,0.01055205,0.01388474,0.02832953,0.02759359,0.01985849,0.01932143,0.02100607,0.02813319,0.02420657,RELIABLE,RELIABLE,RELIABLE,RELIABLE,RELIABLE,RELIABLE,RELIABLE,RELIABLE,STATIONARY,STATIONARY,STATIONARY,STATIONARY,STATIONARY,STATIONARY,MOVING,MOVING,MOVING
109737,3270,4,NO TRIAL,0.11005222,0.00103313,0.00938761,0.01188642,0.02343670,0.02401469,0.01686636,0.01846882,0.01984743,0.02514363,0.02344726,RELIABLE,RELIABLE,RELIABLE,RELIABLE,RELIABLE,RELIABLE,RELIABLE,RELIABLE,STATIONARY,STATIONARY,STATIONARY,STATIONARY,STATIONARY,STATIONARY,MOVING,MOVING,MOVING
109778,3271,4,NO TRIAL,0.11028865,0.00129274,0.01172139,0.01118725,0.02222324,0.02249902,0.01481420,0.01784461,0.01837209,0.02409910,0.02501102,RELIABLE,RELIABLE,RELIABLE,RELIABLE,RELIABLE,RELIABLE,RELIABLE,RELIABLE,STATIONARY,STATIONARY,STATIONARY,STATIONARY,STATIONARY,STATIONARY,MOVING,MOVING,MOVING
109810,3272,4,NO TRIAL,0.11072835,0.00118117,0.01066729,0.01076643,0.02094107,0.02091460,0.01355862,0.01651890,0.01754771,0.02802452,0.02696706,RELIABLE,RELIABLE,RELIABLE,RELIABLE,RELIABLE,RELIABLE,RELIABLE,RELIABLE,STATIONARY,STATIONARY,STATIONARY,STATIONARY,STATIONARY,STATIONARY,MOVING,MOVING,MOVING
109841,3273,4,NO TRIAL,0.11104831,0.00174386,0.01570360,0.01115998,0.02085032,0.02067882,0.01225379,0.01702026,0.01675836,0.02821991,0.02920397,RELIABLE,RELIABLE,RELIABLE,RELIABLE,RELIABLE,RELIABLE,RELIABLE,RELIABLE,STATIONARY,STATIONARY,STATIONARY,STATIONARY,STATIONARY,STATIONARY,MOVING,MOVING,MOVING
109873,3274,4,NO TRIAL,0.11129392,0.00128562,0.01155157,0.01089672,0.02016363,0.02073109,0.01395923,0.02008807,0.01758937,0.02802265,0.02750815,RELIABLE,RELIABLE,RELIABLE,RELIABLE,RELIABLE,RELIABLE,RELIABLE,RELIABLE,STATIONARY,STATIONARY,STATIONARY,STATIONARY,STATIONARY,STATIONARY,MOVING,MOVING,MOVING
109904,3275,4,NO TRIAL,0.11157577,0.00112317,0.01006645,0.01102533,0.01940010,0.01985134,0.01329012,0.02179017,0.01626485,0.02717162,0.02506086,RELIABLE,RELIABLE,RELIABLE,RELIABLE,RELIABLE,RELIABLE,RELIABLE,RELIABLE,STATIONARY,STATIONARY,STATIONARY,STATIONARY,STATIONARY,STATIONARY,MOVING,MOVING,MOVING
109936,3276,4,NO TRIAL,0.11201754,0.00214939,0.01918796,0.01235474,0.02269770,0.02269399,0.01288028,0.02282180,0.01536030,0.02515747,0.02370779,RELIABLE,RELIABLE,RELIABLE,RELIABLE,RELIABLE,RELIABLE,RELIABLE,RELIABLE,STATIONARY,STATIONARY,STATIONARY,STATIONARY,STATIONARY,STATIONARY,STATIONARY,MOVING,MOVING
109966,3277,4,NO TRIAL,0.11213229,0.00198090,0.01766571,0.01324395,0.02473503,0.02480250,0.01489137,0.02571419,0.01719693,0.02680846,0.02577489,RELIABLE,RELIABLE,RELIABLE,RELIABLE,RELIABLE,RELIABLE,RELIABLE,RELIABLE,STATIONARY,STATIONARY,STATIONARY,STATIONARY,STATIONARY,STATIONARY,STATIONARY,MOVING,MOVING
109998,3278,4,NO TRIAL,0.11250938,0.00243328,0.02162737,0.01477392,0.02967444,0.02847717,0.01713506,0.02616175,0.01863877,0.02844788,0.02670073,RELIABLE,RELIABLE,RELIABLE,RELIABLE,RELIABLE,RELIABLE,RELIABLE,RELIABLE,STATIONARY,STATIONARY,STATIONARY,STATIONARY,STATIONARY,STATIONARY,STATIONARY,MOVING,MOVING
110029,3279,4,NO TRIAL,0.11320922,0.00292455,0.02583311,0.01653788,0.03167968,0.03022182,0.01946588,0.02624034,0.02072353,0.03007261,0.02846604,RELIABLE,RELIABLE,RELIABLE,RELIABLE,RELIABLE,RELIABLE,RELIABLE,RELIABLE,STATIONARY,STATIONARY,STATIONARY,STATIONARY,STATIONARY,STATIONARY,STATIONARY,MOVING,MOVING
110059,3280,4,NO TRIAL,0.11392334,0.00237743,0.02086866,0.01781305,0.03574547,0.03477375,0.02255924,0.03001089,0.02452805,0.02882840,0.02831544,RELIABLE,RELIABLE,RELIABLE,RELIABLE,RELIABLE,RELIABLE,RELIABLE,RELIABLE,STATIONARY,STATIONARY,STATIONARY,STATIONARY,STATIONARY,STATIONARY,STATIONARY,MOVING,MOVING
110091,3281,4,NO TRIAL,0.11467879,0.00254304,0.02217531,0.01862202,0.03746138,0.03651922,0.02580488,0.03127116,0.02755954,0.03163643,0.02737168,RELIABLE,RELIABLE,RELIABLE,RELIABLE,RELIABLE,RELIABLE,RELIABLE,RELIABLE,STATIONARY,STATIONARY,STATIONARY,STATIONARY,STATIONARY,STATIONARY,STATIONARY,MOVING,MOVING
110139,3282,4,NO TRIAL,0.11513050,0.00262602,0.02280905,0.02002920,0.04166814,0.04140749,0.02936814,0.03316525,0.03141473,0.03440296,0.03092370,RELIABLE,RELIABLE,RELIABLE,RELIABLE,RELIABLE,RELIABLE,RELIABLE,RELIABLE,STATIONARY,STATIONARY,STATIONARY,STATIONARY,STATIONARY,STATIONARY,STATIONARY,MOVING,MOVING
110170,3283,4,NO TRIAL,0.11624321,0.00271174,0.02332818,0.02168692,0.04714367,0.04706433,0.03469719,0.03419964,0.03598119,0.03440800,0.03160874,RELIABLE,RELIABLE,RELIABLE,RELIABLE,RELIABLE,RELIABLE,RELIABLE,RELIABLE,STATIONARY,STATIONARY,STATIONARY,STATIONARY,STATIONARY,STATIONARY,STATIONARY,MOVING,MOVING
110201,3284,4,NO TRIAL,0.11691935,0.00293058,0.02506499,0.02242155,0.04942792,0.04949827,0.04266505,0.03943594,0.04210480,0.03615906,0.03584815,RELIABLE,RELIABLE,RELIABLE,RELIABLE,RELIABLE,RELIABLE,RELIABLE,RELIABLE,STATIONARY,STATIONARY,STATIONARY,STATIONARY,STATIONARY,STATIONARY,STATIONARY,MOVING,MOVING
110233,3285,4,NO TRIAL,0.11801468,0.00282430,0.02393179,0.02320481,0.05324931,0.05273530,0.04680705,0.03862916,0.04403635,0.03652950,0.03586442,RELIABLE,RELIABLE,RELIABLE,RELIABLE,RELIABLE,RELIABLE,RELIABLE,RELIABLE,STATIONARY,STATIONARY,STATIONARY,STATIONARY,STATIONARY,MOVING,STATIONARY,MOVING,MOVING
110266,3286,4,NO TRIAL,0.11891241,0.00264885,0.02227565,0.02328584,0.05390850,0.05401072,0.05050429,0.03985914,0.04709931,0.03670263,0.03777756,RELIABLE,RELIABLE,RELIABLE,RELIABLE,RELIABLE,RELIABLE,RELIABLE,RELIABLE,STATIONARY,STATIONARY,STATIONARY,STATIONARY,STATIONARY,MOVING,MOVING,MOVING,MOVING
110298,3287,4,NO TRIAL,0.11976117,0.00269067,0.02246700,0.02286508,0.05572773,0.05630597,0.05545582,0.04099719,0.04913708,0.03702735,0.03854617,RELIABLE,RELIABLE,RELIABLE,RELIABLE,RELIABLE,RELIABLE,RELIABLE,RELIABLE,STATIONARY,STATIONARY,STATIONARY,STATIONARY,STATIONARY,MOVING,MOVING,MOVING,MOVING
110329,3288,4,NO TRIAL,0.12081757,0.00287039,0.02375809,0.02322626,0.05716316,0.05778494,0.05666255,0.04074389,0.04784248,0.03497266,0.03811872,RELIABLE,RELIABLE,RELIABLE,RELIABLE,RELIABLE,RELIABLE,RELIABLE,RELIABLE,STATIONARY,STATIONARY,STATIONARY,MOVING,STATIONARY,MOVING,MOVING,MOVING,MOVING
110361,3289,4,NO TRIAL,0.12159862,0.00220163,0.01810568,0.02271755,0.05753972,0.05842646,0.05976006,0.04069563,0.04760827,0.03675157,0.04260440,RELIABLE,RELIABLE,RELIABLE,RELIABLE,RELIABLE,RELIABLE,RELIABLE,PARTIAL,STATIONARY,STATIONARY,STATIONARY,MOVING,STATIONARY,MOVING,MOVING,MOVING,MOVING
110394,3290,4,NO TRIAL,0.12299138,0.00294950,0.02398133,0.02286409,0.05742398,0.05757125,0.05813719,0.03772325,0.04453973,0.03437784,0.04243005,RELIABLE,RELIABLE,RELIABLE,RELIABLE,RELIABLE,RELIABLE,RELIABLE,RELIABLE,STATIONARY,STATIONARY,STATIONARY,MOVING,STATIONARY,MOVING,MOVING,MOVING,MOVING
110426,3291,4,NO TRIAL,0.12443371,0.00287700,0.02312073,0.02283816,0.05626872,0.05644506,0.05757925,0.03567974,0.04125005,0.03276656,0.06152742,RELIABLE,RELIABLE,RELIABLE,RELIABLE,RELIABLE,RELIABLE,RELIABLE,RELIABLE,STATIONARY,STATIONARY,STATIONARY,MOVING,STATIONARY,MOVING,MOVING,MOVING,MOVING
110458,3292,4,NO TRIAL,0.12540621,0.00263445,0.02100737,0.02233095,0.05465836,0.05443228,0.05470996,0.03197420,0.03851193,0.03095442,0.06087086,RELIABLE,RELIABLE,RELIABLE,RELIABLE,RELIABLE,RELIABLE,PARTIAL,PARTIAL,STATIONARY,STATIONARY,STATIONARY,MOVING,STATIONARY,MOVING,MOVING,MOVING,MOVING
110490,3293,4,NO TRIAL,0.12689205,0.00244245,0.01924826,0.02174551,0.05212471,0.05166398,0.05101273,0.03053173,0.03655241,,0.05928379,RELIABLE,RELIABLE,RELIABLE,RELIABLE,RELIABLE,RELIABLE,UNRELIABLE,PARTIAL,STATIONARY,STATIONARY,STATIONARY,MOVING,STATIONARY,MOVING,UNCERTAIN,MOVING,MOVING
110538,3294,4,NO TRIAL,0.12871915,0.00329414,0.02559165,0.02216001,0.05152840,0.05114451,0.04808799,0.02855136,0.03285313,,0.05953509,RELIABLE,RELIABLE,RELIABLE,RELIABLE,RELIABLE,RELIABLE,PARTIAL,PARTIAL,STATIONARY,STATIONARY,STATIONARY,MOVING,STATIONARY,MOVING,UNCERTAIN,MOVING,MOVING
110579,3295,4,NO TRIAL,0.12950438,0.00264933,0.02045747,0.02190882,0.05020691,0.05033985,0.04338851,0.02886342,0.03006085,0.00807921,0.05768906,RELIABLE,RELIABLE,RELIABLE,RELIABLE,RELIABLE,RELIABLE,RELIABLE,RELIABLE,STATIONARY,STATIONARY,STATIONARY,MOVING,STATIONARY,MOVING,STATIONARY,MOVING,MOVING
110611,3296,4,NO TRIAL,0.13059839,0.00306978,0.02350550,0.02187725,0.04818206,0.04835512,0.03979443,0.02738508,0.02810575,0.02895049,0.06277564,RELIABLE,RELIABLE,RELIABLE,RELIABLE,RELIABLE,RELIABLE,RELIABLE,RELIABLE,STATIONARY,STATIONARY,STATIONARY,MOVING,STATIONARY,MOVING,STATIONARY,MOVING,MOVING
110642,3297,4,NO TRIAL,0.13115293,0.00226796,0.01729252,0.02177560,0.04751375,0.04756467,0.03570475,0.02683002,0.02613141,0.02763689,0.05758764,RELIABLE,RELIABLE,RELIABLE,RELIABLE,RELIABLE,RELIABLE,RELIABLE,RELIABLE,STATIONARY,STATIONARY,STATIONARY,MOVING,STATIONARY,MOVING,STATIONARY,MOVING,MOVING
110674,3298,4,NO TRIAL,0.13159642,0.00195559,0.01486047,0.02063550,0.04543037,0.04528792,0.03290396,0.02737848,0.02572101,0.02597474,0.05585521,RELIABLE,RELIABLE,RELIABLE,RELIABLE,RELIABLE,RELIABLE,RELIABLE,RELIABLE,STATIONARY,STATIONARY,STATIONARY,MOVING,STATIONARY,MOVING,STATIONARY,MOVING,MOVING
110706,3299,4,NO TRIAL,0.13291395,0.00223388,0.01680696,0.01984627,0.04380925,0.04401744,0.02824031,0.02752962,0.02630985,0.02470840,0.04034524,RELIABLE,RELIABLE,RELIABLE,RELIABLE,RELIABLE,RELIABLE,RELIABLE,RELIABLE,STATIONARY,STATIONARY,STATIONARY,MOVING,STATIONARY,MOVING,STATIONARY,MOVING,MOVING
110738,3300,4,NO TRIAL,0.13410288,0.00275733,0.02056127,0.01979051,0.04394942,0.04482842,0.02428978,0.02606134,0.02553592,0.02625505,0.04043651,RELIABLE,RELIABLE,RELIABLE,RELIABLE,RELIABLE,RELIABLE,PARTIAL,PARTIAL,STATIONARY,STATIONARY,STATIONARY,MOVING,STATIONARY,MOVING,STATIONARY,MOVING,MOVING
110768,3301,4,NO TRIAL,0.13477410,0.00215308,0.01597548,0.01938141,0.04269220,0.04391985,0.02325413,0.02773609,0.02667535,0.02944236,0.04361623,RELIABLE,RELIABLE,RELIABLE,RELIABLE,RELIABLE,RELIABLE,RELIABLE,PARTIAL,STATIONARY,STATIONARY,STATIONARY,MOVING,STATIONARY,MOVING,STATIONARY,MOVING,MOVING
110800,3302,4,NO TRIAL,0.13517882,0.00333384,0.02466245,0.01926526,0.04313391,0.04484212,0.02155618,0.03060405,0.02871780,0.03265713,0.04260928,RELIABLE,RELIABLE,RELIABLE,RELIABLE,RELIABLE,RELIABLE,PARTIAL,PARTIAL,STATIONARY,STATIONARY,STATIONARY,STATIONARY,STATIONARY,STATIONARY,STATIONARY,MOVING,MOVING
110832,3303,4,NO TRIAL,0.13595354,0.00257502,0.01894047,0.01907564,0.04279521,0.04406619,0.02288055,0.03202987,0.03153403,0.03722661,0.04387733,RELIABLE,RELIABLE,RELIABLE,RELIABLE,RELIABLE,RELIABLE,RELIABLE,RELIABLE,STATIONARY,STATIONARY,STATIONARY,STATIONARY,STATIONARY,STATIONARY,STATIONARY,MOVING,MOVING
110863,3304,4,NO TRIAL,0.13639510,0.00282923,0.02074289,0.01873031,0.04429907,0.04498431,0.02507768,0.03339402,0.03336072,0.03500907,0.03721165,RELIABLE,RELIABLE,RELIABLE,RELIABLE,RELIABLE,RELIABLE,PARTIAL,PARTIAL,STATIONARY,STATIONARY,STATIONARY,STATIONARY,STATIONARY,STATIONARY,STATIONARY,MOVING,MOVING
110906,3305,4,NO TRIAL,0.13672421,0.00304562,0.02227563,0.01935320,0.04547039,0.04666372,0.02496135,0.03571182,0.03442549,0.03597571,0.03539049,RELIABLE,RELIABLE,RELIABLE,RELIABLE,RELIABLE,RELIABLE,RELIABLE,RELIABLE,STATIONARY,STATIONARY,STATIONARY,STATIONARY,STATIONARY,STATIONARY,STATIONARY,MOVING,MOVING
110941,3306,4,NO TRIAL,0.13805619,0.00348860,0.02526943,0.02065432,0.04863999,0.04987058,0.02568739,0.03733490,0.03564038,0.04156598,0.03641498,RELIABLE,RELIABLE,RELIABLE,RELIABLE,RELIABLE,RELIABLE,RELIABLE,RELIABLE,STATIONARY,STATIONARY,STATIONARY,STATIONARY,STATIONARY,STATIONARY,STATIONARY,MOVING,MOVING
110973,3307,4,NO TRIAL,0.13987051,0.00273145,0.01952841,0.02099450,0.04992910,0.05111746,0.02690164,0.03790277,0.03546350,0.04383173,0.03337537,RELIABLE,RELIABLE,RELIABLE,RELIABLE,RELIABLE,RELIABLE,RELIABLE,RELIABLE,STATIONARY,STATIONARY,STATIONARY,STATIONARY,STATIONARY,MOVING,MOVING,MOVING,MOVING
111005,3308,4,NO TRIAL,0.14129400,0.00323815,0.02291783,0.02128907,0.04968205,0.05097672,0.02955306,0.04069371,0.03607297,0.04797055,0.03188894,RELIABLE,RELIABLE,RELIABLE,RELIABLE,RELIABLE,RELIABLE,RELIABLE,RELIABLE,STATIONARY,STATIONARY,STATIONARY,STATIONARY,STATIONARY,MOVING,MOVING,MOVING,MOVING
111036,3309,4,NO TRIAL,0.14284924,0.00288942,0.02022707,0.02182052,0.05180927,0.05283252,0.02966637,0.04023870,0.03657787,0.04826682,0.03058025,RELIABLE,RELIABLE,RELIABLE,RELIABLE,RELIABLE,RELIABLE,RELIABLE,RELIABLE,STATIONARY,STATIONARY,STATIONARY,STATIONARY,STATIONARY,MOVING,MOVING,MOVING,MOVING
111067,3310,4,NO TRIAL,0.14442038,0.00268904,0.01861955,0.02106516,0.05054615,0.05176089,0.02987957,0.03816334,0.03634954,0.04855218,0.02888489,RELIABLE,RELIABLE,RELIABLE,RELIABLE,RELIABLE,RELIABLE,RELIABLE,RELIABLE,STATIONARY,STATIONARY,STATIONARY,STATIONARY,STATIONARY,MOVING,MOVING,MOVING,MOVING
111099,3311,4,NO TRIAL,0.14604541,0.00338947,0.02320833,0.02159864,0.05228723,0.05329468,0.02841464,0.03585204,0.03562096,0.04623729,0.02861773,RELIABLE,RELIABLE,RELIABLE,RELIABLE,RELIABLE,RELIABLE,RELIABLE,RELIABLE,STATIONARY,STATIONARY,STATIONARY,STATIONARY,STATIONARY,MOVING,MOVING,MOVING,MOVING
111130,3312,4,NO TRIAL,0.14714366,0.00294013,0.01998135,0.02150345,0.04981118,0.05047632,0.02694362,0.03648366,0.03602639,0.05046923,0.03283933,RELIABLE,RELIABLE,RELIABLE,RELIABLE,RELIABLE,RELIABLE,RELIABLE,RELIABLE,STATIONARY,STATIONARY,STATIONARY,STATIONARY,STATIONARY,MOVING,MOVING,MOVING,MOVING
111161,3313,4,NO TRIAL,0.14816110,0.00340628,0.02299038,0.02159279,0.04959086,0.04976748,0.02858356,0.03445109,0.03620170,0.05003754,0.03414901,RELIABLE,RELIABLE,RELIABLE,RELIABLE,RELIABLE,RELIABLE,RELIABLE,RELIABLE,STATIONARY,STATIONARY,STATIONARY,STATIONARY,STATIONARY,MOVING,MOVING,MOVING,MOVING
111193,3314,4,NO TRIAL,0.14923084,0.00417492,0.02797623,0.02193114,0.04901261,0.04913088,0.03121496,0.03185272,0.03625546,0.04373687,0.03358642,RELIABLE,RELIABLE,RELIABLE,RELIABLE,RELIABLE,RELIABLE,RELIABLE,RELIABLE,STATIONARY,STATIONARY,STATIONARY,STATIONARY,STATIONARY,MOVING,MOVING,MOVING,MOVING
111225,3315,4,NO TRIAL,0.15029779,0.00382757,0.02546655,0.02267341,0.05031463,0.04924449,0.03368481,0.03130269,0.03638458,0.04145197,0.03098891,RELIABLE,RELIABLE,RELIABLE,RELIABLE,RELIABLE,RELIABLE,RELIABLE,RELIABLE,STATIONARY,STATIONARY,STATIONARY,STATIONARY,STATIONARY,MOVING,MOVING,MOVING,MOVING
111258,3316,4,NO TRIAL,0.15140327,0.00366397,0.02420005,0.02283369,0.05146900,0.05000322,0.03563378,0.02915041,0.03527882,0.03699073,0.02888606,RELIABLE,RELIABLE,RELIABLE,RELIABLE,RELIABLE,RELIABLE,RELIABLE,RELIABLE,STATIONARY,STATIONARY,STATIONARY,STATIONARY,STATIONARY,MOVING,MOVING,MOVING,MOVING
111305,3317,4,NO TRIAL,0.15267374,0.00342777,0.02245159,0.02311175,0.05157247,0.05002379,0.04027159,0.02881090,0.03447416,0.03410247,0.02792100,RELIABLE,RELIABLE,RELIABLE,RELIABLE,RELIABLE,RELIABLE,RELIABLE,RELIABLE,STATIONARY,STATIONARY,STATIONARY,STATIONARY,STATIONARY,MOVING,MOVING,MOVING,MOVING
111338,3318,4,NO TRIAL,0.15430671,0.00618964,0.04011255,0.02579838,0.05496273,0.05202820,0.04393146,0.02925491,0.03414298,0.03036229,0.02645143,RELIABLE,RELIABLE,RELIABLE,RELIABLE,RELIABLE,RELIABLE,RELIABLE,RELIABLE,STATIONARY,STATIONARY,STATIONARY,STATIONARY,STATIONARY,MOVING,MOVING,MOVING,MOVING
111370,3319,4,NO TRIAL,0.15578418,0.00456859,0.02932644,0.02656314,0.05698059,0.05232287,0.04732339,0.02985942,0.03446585,0.03258564,0.02425149,RELIABLE,RELIABLE,RELIABLE,RELIABLE,RELIABLE,RELIABLE,RELIABLE,RELIABLE,STATIONARY,STATIONARY,STATIONARY,STATIONARY,STATIONARY,MOVING,MOVING,MOVING,MOVING
111402,3320,4,NO TRIAL,0.15681830,0.00385050,0.02455386,0.02713471,0.05919376,0.05594765,0.05049458,0.02987946,0.03693566,0.03034543,0.02249774,RELIABLE,RELIABLE,RELIABLE,RELIABLE,RELIABLE,RELIABLE,RELIABLE,RELIABLE,STATIONARY,STATIONARY,STATIONARY,STATIONARY,STATIONARY,MOVING,MOVING,MOVING,MOVING
111433,3321,4,NO TRIAL,0.15786204,0.00548348,0.03473590,0.02860290,,,0.05322858,0.03136240,0.03873742,0.03350995,0.02504855,PARTIAL,UNRELIABLE,UNRELIABLE,RELIABLE,RELIABLE,RELIABLE,RELIABLE,RELIABLE,STATIONARY,UNCERTAIN,UNCERTAIN,STATIONARY,STATIONARY,MOVING,MOVING,MOVING,MOVING
111466,3322,4,NO TRIAL,0.15804405,0.00369776,0.02339703,0.02803050,,,0.05563769,0.03483119,0.04192983,0.03599059,0.02566965,PARTIAL,UNRELIABLE,UNRELIABLE,RELIABLE,RELIABLE,RELIABLE,RELIABLE,RELIABLE,STATIONARY,UNCERTAIN,UNCERTAIN,MOVING,STATIONARY,MOVING,MOVING,MOVING,MOVING
111506,3323,4,NO TRIAL,0.15817561,0.00361985,0.02288498,0.02770780,,,0.05718443,0.03702290,0.04457724,0.03720003,0.03120561,PARTIAL,UNRELIABLE,UNRELIABLE,RELIABLE,RELIABLE,RELIABLE,PARTIAL,PARTIAL,STATIONARY,UNCERTAIN,UNCERTAIN,MOVING,STATIONARY,MOVING,MOVING,MOVING,MOVING
111537,3324,4,NO TRIAL,0.15709533,0.00770071,0.04901933,0.03081021,,,0.05860523,0.04072618,0.04745787,,,PARTIAL,UNRELIABLE,UNRELIABLE,RELIABLE,RELIABLE,RELIABLE,UNRELIABLE,UNRELIABLE,STATIONARY,UNCERTAIN,UNCERTAIN,MOVING,STATIONARY,MOVING,UNCERTAIN,UNCERTAIN,MOVING
111569,3325,4,NO TRIAL,0.15855895,0.00423300,0.02669668,0.03134085,,,0.05917808,0.04014230,0.04817091,,,PARTIAL,UNRELIABLE,UNRELIABLE,RELIABLE,RELIABLE,RELIABLE,PARTIAL,PARTIAL,STATIONARY,UNCERTAIN,UNCERTAIN,MOVING,STATIONARY,MOVING,UNCERTAIN,UNCERTAIN,MOVING
111600,3326,4,NO TRIAL,0.15713222,,,,,,0.05840310,0.04339524,0.05170308,0.15241539,0.12997475,UNRELIABLE,UNRELIABLE,UNRELIABLE,RELIABLE,RELIABLE,RELIABLE,RELIABLE,RELIABLE,UNCERTAIN,UNCERTAIN,UNCERTAIN,MOVING,STATIONARY,MOVING,STATIONARY,STATIONARY,MOVING
111641,3327,4,NO TRIAL,0.23592279,,,,,,0.09759400,0.09457393,0.07387753,0.13512498,,UNRELIABLE,UNRELIABLE,UNRELIABLE,RELIABLE,RELIABLE,RELIABLE,RELIABLE,UNRELIABLE,UNCERTAIN,UNCERTAIN,UNCERTAIN,MOVING,STATIONARY,MOVING,STATIONARY,UNCERTAIN,MOVING
111690,3328,4,NO TRIAL,0.27979995,,,,,,0.10783412,0.09961658,0.07277261,,,UNRELIABLE,UNRELIABLE,UNRELIABLE,RELIABLE,RELIABLE,RELIABLE,UNRELIABLE,UNRELIABLE,UNCERTAIN,UNCERTAIN,UNCERTAIN,MOVING,STATIONARY,MOVING,UNCERTAIN,UNCERTAIN,MOVING
111727,3329,4,NO TRIAL,0.18428384,,,,,,0.12430125,0.11719581,0.08338920,,,UNRELIABLE,UNRELIABLE,UNRELIABLE,RELIABLE,RELIABLE,RELIABLE,PARTIAL,PARTIAL,UNCERTAIN,UNCERTAIN,UNCERTAIN,MOVING,MOVING,MOVING,UNCERTAIN,UNCERTAIN,MOVING
111759,3330,4,NO TRIAL,0.15149216,,,,,,0.13048938,0.12470967,0.08595129,0.07403019,0.09828815,UNRELIABLE,UNRELIABLE,UNRELIABLE,RELIABLE,RELIABLE,RELIABLE,PARTIAL,PARTIAL,UNCERTAIN,UNCERTAIN,UNCERTAIN,MOVING,MOVING,MOVING,STATIONARY,STATIONARY,MOVING
111790,3331,4,NO TRIAL,0.23345496,,,,,,0.17181436,0.17110326,0.10503600,0.13227134,,PARTIAL,UNRELIABLE,UNRELIABLE,RELIABLE,RELIABLE,RELIABLE,PARTIAL,UNRELIABLE,UNCERTAIN,UNCERTAIN,UNCERTAIN,MOVING,MOVING,MOVING,STATIONARY,UNCERTAIN,MOVING
111823,3332,4,NO TRIAL,0.15417902,,,,,,0.19068495,0.19839992,0.11741136,0.13699547,,PARTIAL,RELIABLE,UNRELIABLE,PARTIAL,PARTIAL,RELIABLE,PARTIAL,UNRELIABLE,UNCERTAIN,UNCERTAIN,UNCERTAIN,MOVING,MOVING,MOVING,MOVING,UNCERTAIN,MOVING
111853,3333,4,NO TRIAL,0.13471442,0.00887831,0.06590465,0.06590465,,,0.20472984,0.22088813,0.12857599,0.13391272,,PARTIAL,UNRELIABLE,RELIABLE,RELIABLE,RELIABLE,RELIABLE,PARTIAL,PARTIAL,STATIONARY,UNCERTAIN,UNCERTAIN,MOVING,MOVING,MOVING,MOVING,UNCERTAIN,MOVING
111883,3334,4,NO TRIAL,0.13506987,0.00595454,0.04408488,0.05499476,,0.04471429,0.20860200,0.22288306,0.12868978,0.11956381,0.05329907,PARTIAL,UNRELIABLE,RELIABLE,RELIABLE,RELIABLE,RELIABLE,PARTIAL,PARTIAL,STATIONARY,UNCERTAIN,STATIONARY,MOVING,MOVING,MOVING,MOVING,STATIONARY,MOVING
111915,3335,4,NO TRIAL,0.13857992,0.00427742,0.03086610,0.04695187,,0.05139069,0.16758230,0.17345503,0.10401806,0.10370779,0.03691139,RELIABLE,RELIABLE,RELIABLE,RELIABLE,RELIABLE,RELIABLE,PARTIAL,PARTIAL,MOVING,UNCERTAIN,STATIONARY,MOVING,MOVING,MOVING,MOVING,STATIONARY,MOVING
111946,3336,4,NO TRIAL,0.14343485,0.00581168,0.04051788,0.04534338,0.06928127,0.05320137,0.15545438,0.16762918,0.10130755,0.08982779,0.04026639,RELIABLE,RELIABLE,RELIABLE,RELIABLE,RELIABLE,RELIABLE,PARTIAL,PARTIAL,MOVING,STATIONARY,STATIONARY,MOVING,MOVING,MOVING,MOVING,MOVING,MOVING
111978,3337,4,NO TRIAL,0.14730910,0.00449613,0.03052175,0.04237905,,0.05018228,0.13587799,0.14863144,0.08707665,0.08076684,0.03734057,PARTIAL,UNRELIABLE,PARTIAL,RELIABLE,RELIABLE,RELIABLE,PARTIAL,PARTIAL,MOVING,UNCERTAIN,STATIONARY,MOVING,MOVING,MOVING,MOVING,MOVING,MOVING
112010,3338,4,NO TRIAL,0.15063301,0.00271750,0.01804051,0.03832263,,0.04405428,0.12395467,0.13997371,0.08033473,0.07326661,0.03588774,RELIABLE,RELIABLE,RELIABLE,RELIABLE,RELIABLE,RELIABLE,RELIABLE,PARTIAL,MOVING,UNCERTAIN,STATIONARY,MOVING,MOVING,MOVING,MOVING,MOVING,MOVING
112058,3339,4,NO TRIAL,0.15213206,0.00975255,0.06410581,0.04200594,0.11276383,0.04924311,0.07810618,0.08952390,0.05757955,0.05885620,,RELIABLE,RELIABLE,RELIABLE,RELIABLE,PARTIAL,RELIABLE,RELIABLE,UNRELIABLE,MOVING,STATIONARY,STATIONARY,MOVING,MOVING,MOVING,MOVING,UNCERTAIN,MOVING
112089,3340,4,NO TRIAL,0.15282274,0.00487627,0.03190804,0.04074370,0.08444547,0.04755463,0.05213944,0.05653309,0.03986926,0.04523131,,RELIABLE,RELIABLE,RELIABLE,RELIABLE,PARTIAL,RELIABLE,RELIABLE,UNRELIABLE,MOVING,STATIONARY,STATIONARY,MOVING,MOVING,MOVING,MOVING,UNCERTAIN,MOVING
112121,3341,4,NO TRIAL,0.15217333,0.00536396,0.03524903,0.03691175,0.06566269,0.04463082,0.03263106,0.03344454,0.02547297,0.03268607,,RELIABLE,RELIABLE,RELIABLE,RELIABLE,RELIABLE,RELIABLE,RELIABLE,PARTIAL,MOVING,STATIONARY,STATIONARY,MOVING,MOVING,MOVING,MOVING,UNCERTAIN,MOVING
112152,3342,4,NO TRIAL,0.15327303,0.00459654,0.02998924,0.03514979,0.05598809,0.04064705,0.02635452,0.02539376,0.01860395,0.03432727,0.00999384,RELIABLE,RELIABLE,RELIABLE,RELIABLE,RELIABLE,RELIABLE,RELIABLE,PARTIAL,MOVING,STATIONARY,STATIONARY,MOVING,MOVING,MOVING,MOVING,STATIONARY,MOVING
112186,3343,4,NO TRIAL,0.15337989,,,,,,0.02553481,0.02298614,0.01843058,0.03529476,,UNRELIABLE,UNRELIABLE,UNRELIABLE,RELIABLE,RELIABLE,RELIABLE,PARTIAL,UNRELIABLE,UNCERTAIN,UNCERTAIN,UNCERTAIN,MOVING,MOVING,MOVING,MOVING,UNCERTAIN,MOVING
112214,3344,4,NO TRIAL,0.15321610,,,,,,0.02320625,0.02009424,0.01662257,0.03648891,,UNRELIABLE,UNRELIABLE,UNRELIABLE,RELIABLE,RELIABLE,RELIABLE,PARTIAL,UNRELIABLE,UNCERTAIN,UNCERTAIN,UNCERTAIN,MOVING,MOVING,MOVING,MOVING,UNCERTAIN,MOVING
112245,3345,4,NO TRIAL,0.15351523,,,,,,0.02244009,0.01945463,0.01899101,0.03810064,,UNRELIABLE,UNRELIABLE,UNRELIABLE,RELIABLE,RELIABLE,RELIABLE,RELIABLE,PARTIAL,UNCERTAIN,UNCERTAIN,UNCERTAIN,MOVING,MOVING,MOVING,MOVING,UNCERTAIN,MOVING
112277,3346,4,NO TRIAL,0.15388208,,,,,,0.02521114,0.01764748,0.02013016,0.04055178,0.06817287,RELIABLE,RELIABLE,RELIABLE,RELIABLE,RELIABLE,RELIABLE,RELIABLE,RELIABLE,UNCERTAIN,UNCERTAIN,UNCERTAIN,MOVING,MOVING,MOVING,MOVING,STATIONARY,MOVING
112310,3347,4,NO TRIAL,0.15585949,0.00706290,0.04531583,0.04531583,,,0.02681673,0.02355493,0.02393380,0.04679041,0.06426396,PARTIAL,UNRELIABLE,UNRELIABLE,RELIABLE,PARTIAL,RELIABLE,RELIABLE,PARTIAL,STATIONARY,UNCERTAIN,UNCERTAIN,MOVING,MOVING,MOVING,MOVING,STATIONARY,MOVING
112346,3348,4,NO TRIAL,0.15752585,,,,,,0.02923567,0.02904563,0.02883913,0.05087422,0.06227352,UNRELIABLE,UNRELIABLE,UNRELIABLE,PARTIAL,RELIABLE,RELIABLE,RELIABLE,PARTIAL,UNCERTAIN,UNCERTAIN,UNCERTAIN,STATIONARY,STATIONARY,STATIONARY,MOVING,MOVING,MOVING
112372,3349,4,NO TRIAL,0.15870170,,,,,,0.02845744,0.02894405,0.02999766,0.05218613,0.05393773,UNRELIABLE,UNRELIABLE,UNRELIABLE,PARTIAL,RELIABLE,RELIABLE,RELIABLE,PARTIAL,UNCERTAIN,UNCERTAIN,UNCERTAIN,STATIONARY,STATIONARY,STATIONARY,MOVING,MOVING,MOVING
112404,3350,4,NO TRIAL,0.16137415,,,,,,0.03113389,0.03317312,0.03397095,0.05047316,0.04973484,UNRELIABLE,UNRELIABLE,UNRELIABLE,RELIABLE,RELIABLE,RELIABLE,RELIABLE,PARTIAL,UNCERTAIN,UNCERTAIN,UNCERTAIN,STATIONARY,STATIONARY,STATIONARY,MOVING,MOVING,MOVING
112435,3351,4,NO TRIAL,0.16413030,,,,,,0.03329691,0.03497153,0.03605700,0.05308629,0.05031720,UNRELIABLE,UNRELIABLE,UNRELIABLE,RELIABLE,RELIABLE,RELIABLE,RELIABLE,PARTIAL,UNCERTAIN,UNCERTAIN,UNCERTAIN,STATIONARY,STATIONARY,STATIONARY,MOVING,MOVING,MOVING
112473,3352,4,NO TRIAL,0.16712018,,,,,,0.04108296,0.03903973,0.03984136,0.05528965,0.04452747,UNRELIABLE,UNRELIABLE,UNRELIABLE,RELIABLE,RELIABLE,RELIABLE,RELIABLE,RELIABLE,UNCERTAIN,UNCERTAIN,UNCERTAIN,STATIONARY,STATIONARY,MOVING,MOVING,MOVING,MOVING
112505,3353,4,NO TRIAL,0.16854493,,,,,,0.04630400,0.04109036,0.03973975,0.05716038,0.04408943,UNRELIABLE,UNRELIABLE,UNRELIABLE,RELIABLE,RELIABLE,RELIABLE,RELIABLE,RELIABLE,UNCERTAIN,UNCERTAIN,UNCERTAIN,STATIONARY,STATIONARY,MOVING,MOVING,MOVING,MOVING
112555,3354,4,NO TRIAL,0.16935420,,,,,,0.04682057,0.04295840,0.04082643,0.06247346,0.04554998,UNRELIABLE,UNRELIABLE,UNRELIABLE,RELIABLE,RELIABLE,RELIABLE,RELIABLE,RELIABLE,UNCERTAIN,UNCERTAIN,UNCERTAIN,STATIONARY,STATIONARY,MOVING,MOVING,MOVING,MOVING
112593,3355,4,NO TRIAL,0.16982051,,,,,,0.04536272,0.03805792,0.03706609,0.05157700,0.04298297,UNRELIABLE,UNRELIABLE,UNRELIABLE,RELIABLE,RELIABLE,RELIABLE,RELIABLE,RELIABLE,UNCERTAIN,UNCERTAIN,UNCERTAIN,STATIONARY,STATIONARY,MOVING,MOVING,MOVING,MOVING
112624,3356,4,NO TRIAL,0.17034370,,,,,,0.04818034,0.03646861,0.03508874,0.04705758,0.04231489,UNRELIABLE,UNRELIABLE,UNRELIABLE,RELIABLE,RELIABLE,RELIABLE,RELIABLE,RELIABLE,UNCERTAIN,UNCERTAIN,UNCERTAIN,STATIONARY,STATIONARY,MOVING,MOVING,MOVING,MOVING
112656,3357,4,NO TRIAL,0.17107550,,,,,,0.05466396,0.03996084,0.03847586,0.05115485,0.04429788,UNRELIABLE,UNRELIABLE,UNRELIABLE,RELIABLE,RELIABLE,RELIABLE,RELIABLE,RELIABLE,UNCERTAIN,UNCERTAIN,UNCERTAIN,STATIONARY,STATIONARY,MOVING,MOVING,MOVING,MOVING
112688,3358,4,NO TRIAL,0.17155392,,,,,,0.05540944,0.03939070,0.03839782,0.04732559,0.04545570,UNRELIABLE,UNRELIABLE,UNRELIABLE,RELIABLE,RELIABLE,RELIABLE,RELIABLE,RELIABLE,UNCERTAIN,UNCERTAIN,UNCERTAIN,STATIONARY,STATIONARY,MOVING,MOVING,MOVING,MOVING
112720,3359,4,NO TRIAL,0.17185347,,,,,,0.05238559,0.03670158,0.03624725,0.04262313,0.04143409,UNRELIABLE,UNRELIABLE,UNRELIABLE,RELIABLE,RELIABLE,RELIABLE,RELIABLE,RELIABLE,UNCERTAIN,UNCERTAIN,UNCERTAIN,MOVING,STATIONARY,MOVING,MOVING,MOVING,MOVING
112751,3360,4,NO TRIAL,0.16816364,,,,,,0.04791039,0.03733599,0.03731850,0.04692514,0.04774042,UNRELIABLE,UNRELIABLE,UNRELIABLE,RELIABLE,RELIABLE,RELIABLE,RELIABLE,RELIABLE,UNCERTAIN,UNCERTAIN,UNCERTAIN,MOVING,STATIONARY,MOVING,MOVING,MOVING,MOVING
112782,3361,4,NO TRIAL,0.13762395,,,,,,0.06789937,0.09067815,0.05265106,0.05072314,,UNRELIABLE,UNRELIABLE,UNRELIABLE,PARTIAL,RELIABLE,RELIABLE,PARTIAL,UNRELIABLE,UNCERTAIN,UNCERTAIN,UNCERTAIN,MOVING,STATIONARY,MOVING,MOVING,UNCERTAIN,MOVING
112814,3362,4,NO TRIAL,0.13705248,,,,,,0.08780290,0.11050621,0.06026256,0.04614317,,UNRELIABLE,UNRELIABLE,UNRELIABLE,PARTIAL,RELIABLE,RELIABLE,RELIABLE,RELIABLE,UNCERTAIN,UNCERTAIN,UNCERTAIN,MOVING,STATIONARY,MOVING,MOVING,UNCERTAIN,MOVING
112845,3363,4,NO TRIAL,0.14475435,,,,,,0.09321024,0.12132010,0.06323542,0.04831540,0.06414862,UNRELIABLE,UNRELIABLE,UNRELIABLE,RELIABLE,RELIABLE,RELIABLE,RELIABLE,RELIABLE,UNCERTAIN,UNCERTAIN,UNCERTAIN,MOVING,MOVING,MOVING,MOVING,STATIONARY,MOVING
112890,3364,4,NO TRIAL,0.15249620,,,,,,0.09425683,0.12251233,0.06437673,0.05355709,0.05703065,UNRELIABLE,UNRELIABLE,UNRELIABLE,RELIABLE,RELIABLE,RELIABLE,RELIABLE,RELIABLE,UNCERTAIN,UNCERTAIN,UNCERTAIN,MOVING,MOVING,MOVING,MOVING,STATIONARY,MOVING
112925,3365,4,NO TRIAL,0.15832470,,,,,,0.08957807,0.11960329,0.06049524,0.04967881,0.04603297,UNRELIABLE,UNRELIABLE,UNRELIABLE,RELIABLE,RELIABLE,RELIABLE,RELIABLE,RELIABLE,UNCERTAIN,UNCERTAIN,UNCERTAIN,MOVING,MOVING,MOVING,MOVING,MOVING,MOVING
112957,3366,4,NO TRIAL,0.16222337,,,,,,0.08629490,0.11773836,0.05796512,0.05018128,0.03878847,UNRELIABLE,UNRELIABLE,UNRELIABLE,RELIABLE,RELIABLE,RELIABLE,RELIABLE,RELIABLE,UNCERTAIN,UNCERTAIN,UNCERTAIN,MOVING,MOVING,MOVING,MOVING,MOVING,MOVING
112989,3367,4,NO TRIAL,0.16380100,,,,,,0.08944864,0.11954296,0.05978887,0.05158720,0.04169140,UNRELIABLE,UNRELIABLE,UNRELIABLE,PARTIAL,RELIABLE,RELIABLE,RELIABLE,RELIABLE,UNCERTAIN,UNCERTAIN,UNCERTAIN,MOVING,MOVING,MOVING,MOVING,MOVING,MOVING
113020,3368,4,NO TRIAL,0.16473080,,,,,,0.08889269,0.11992011,0.05840576,0.05022932,0.04391661,UNRELIABLE,UNRELIABLE,UNRELIABLE,RELIABLE,RELIABLE,RELIABLE,RELIABLE,RELIABLE,UNCERTAIN,UNCERTAIN,UNCERTAIN,MOVING,MOVING,MOVING,MOVING,MOVING,MOVING
113052,3369,4,NO TRIAL,0.16347717,,,,,,0.07039783,0.06722912,0.04435022,0.04713742,0.04299589,UNRELIABLE,UNRELIABLE,UNRELIABLE,RELIABLE,RELIABLE,RELIABLE,RELIABLE,RELIABLE,UNCERTAIN,UNCERTAIN,UNCERTAIN,MOVING,MOVING,MOVING,MOVING,MOVING,MOVING
113084,3370,4,NO TRIAL,0.16200375,,,,,,0.04977100,0.04507948,0.03416117,0.04540659,0.03998467,UNRELIABLE,UNRELIABLE,UNRELIABLE,RELIABLE,RELIABLE,RELIABLE,RELIABLE,RELIABLE,UNCERTAIN,UNCERTAIN,UNCERTAIN,MOVING,MOVING,MOVING,MOVING,MOVING,MOVING
113116,3371,4,NO TRIAL,0.16129037,,,,,,0.04963464,0.03387559,0.03306902,0.04287461,0.03739568,UNRELIABLE,UNRELIABLE,UNRELIABLE,RELIABLE,RELIABLE,RELIABLE,RELIABLE,RELIABLE,UNCERTAIN,UNCERTAIN,UNCERTAIN,MOVING,MOVING,MOVING,MOVING,MOVING,MOVING
113148,3372,4,NO TRIAL,0.16170554,,,,,,0.05163188,0.03206882,0.03488748,0.03829057,0.03696073,UNRELIABLE,UNRELIABLE,UNRELIABLE,RELIABLE,RELIABLE,RELIABLE,RELIABLE,RELIABLE,UNCERTAIN,UNCERTAIN,UNCERTAIN,MOVING,MOVING,MOVING,MOVING,MOVING,MOVING
113180,3373,4,NO TRIAL,0.16040190,,,,,,0.05877375,0.03538910,0.03948307,0.03927139,0.03966679,PARTIAL,UNRELIABLE,UNRELIABLE,RELIABLE,RELIABLE,RELIABLE,RELIABLE,RELIABLE,UNCERTAIN,UNCERTAIN,UNCERTAIN,MOVING,MOVING,MOVING,MOVING,MOVING,MOVING
113226,3374,4,NO TRIAL,0.15906024,0.00430330,0.02705456,0.02705456,,,0.06567473,0.03853230,0.04493624,0.04354223,0.04719212,PARTIAL,UNRELIABLE,UNRELIABLE,RELIABLE,RELIABLE,RELIABLE,PARTIAL,PARTIAL,STATIONARY,UNCERTAIN,UNCERTAIN,MOVING,MOVING,MOVING,MOVING,MOVING,MOVING
113259,3375,4,NO TRIAL,0.15994649,0.01159373,0.07248506,0.04976981,,,0.06817921,0.04024662,0.04844568,0.04737397,0.04720864,PARTIAL,PARTIAL,UNRELIABLE,RELIABLE,RELIABLE,RELIABLE,RELIABLE,PARTIAL,STATIONARY,UNCERTAIN,UNCERTAIN,MOVING,MOVING,MOVING,MOVING,MOVING,MOVING
113291,3376,4,NO TRIAL,0.16117151,0.00259705,0.01611360,0.03855107,0.03415330,,0.06778689,0.03645671,0.04757601,0.04334206,0.04364263,RELIABLE,RELIABLE,RELIABLE,RELIABLE,RELIABLE,RELIABLE,RELIABLE,PARTIAL,STATIONARY,STATIONARY,UNCERTAIN,MOVING,MOVING,MOVING,MOVING,MOVING,MOVING
113321,3377,4,NO TRIAL,0.21275281,0.01334253,0.06271375,0.04459174,0.04247045,0.01730805,0.12986817,0.09723825,0.07638660,,,PARTIAL,RELIABLE,PARTIAL,RELIABLE,RELIABLE,RELIABLE,UNRELIABLE,UNRELIABLE,MOVING,STATIONARY,STATIONARY,MOVING,MOVING,MOVING,UNCERTAIN,UNCERTAIN,MOVING
113353,3378,4,NO TRIAL,0.14615697,0.01518249,0.10387797,0.05644899,0.04873653,0.03586798,0.17631562,0.14334098,0.10255126,,,RELIABLE,RELIABLE,RELIABLE,RELIABLE,RELIABLE,RELIABLE,PARTIAL,PARTIAL,MOVING,STATIONARY,STATIONARY,MOVING,MOVING,MOVING,UNCERTAIN,UNCERTAIN,MOVING
113386,3379,4,NO TRIAL,0.11439066,0.00403629,0.03528516,0.05292168,0.05209054,0.04489543,0.18809032,0.15423915,0.11280416,,,RELIABLE,RELIABLE,RELIABLE,RELIABLE,PARTIAL,RELIABLE,UNRELIABLE,UNRELIABLE,MOVING,STATIONARY,STATIONARY,MOVING,MOVING,MOVING,UNCERTAIN,UNCERTAIN,MOVING
113416,3380,4,NO TRIAL,0.09940174,0.00201815,0.02030293,0.04826186,0.04882489,0.04272691,0.18992118,0.15770618,0.11413121,,,RELIABLE,RELIABLE,RELIABLE,RELIABLE,PARTIAL,RELIABLE,UNRELIABLE,UNRELIABLE,MOVING,STATIONARY,STATIONARY,MOVING,MOVING,MOVING,UNCERTAIN,UNCERTAIN,MOVING
113447,3381,4,NO TRIAL,0.11105717,0.00814431,0.07333437,0.05139592,0.05032853,0.03972686,0.20139221,0.17899201,0.12967238,,,RELIABLE,RELIABLE,RELIABLE,RELIABLE,RELIABLE,RELIABLE,PARTIAL,PARTIAL,MOVING,STATIONARY,STATIONARY,MOVING,MOVING,MOVING,UNCERTAIN,UNCERTAIN,MOVING
113478,3382,4,NO TRIAL,0.12506712,0.00486235,0.03887794,0.05287385,0.04481266,0.03980755,0.20224239,0.18820870,0.13167098,0.11923730,0.11544621,RELIABLE,RELIABLE,RELIABLE,RELIABLE,RELIABLE,RELIABLE,RELIABLE,RELIABLE,MOVING,STATIONARY,STATIONARY,MOVING,MOVING,MOVING,STATIONARY,STATIONARY,MOVING
113514,3383,4,NO TRIAL,0.13657868,0.00448298,0.03282342,0.04791614,0.04325086,0.04148679,0.19948527,,0.13104057,0.08892795,0.09175578,RELIABLE,RELIABLE,RELIABLE,RELIABLE,UNRELIABLE,RELIABLE,RELIABLE,RELIABLE,MOVING,STATIONARY,STATIONARY,MOVING,UNCERTAIN,MOVING,STATIONARY,STATIONARY,MOVING
113542,3384,4,NO TRIAL,0.14458831,0.00224149,0.01550257,0.04783976,0.04088969,0.03934506,0.19796987,,0.13055368,0.06851386,0.07188632,RELIABLE,RELIABLE,RELIABLE,RELIABLE,UNRELIABLE,RELIABLE,RELIABLE,RELIABLE,MOVING,STATIONARY,STATIONARY,MOVING,UNCERTAIN,MOVING,MOVING,MOVING,MOVING
113574,3385,4,NO TRIAL,0.14864114,0.00369516,0.02485961,0.04310800,0.03830364,0.04158974,0.13051273,,0.09899566,0.05741594,0.05805812,RELIABLE,RELIABLE,RELIABLE,RELIABLE,RELIABLE,RELIABLE,PARTIAL,PARTIAL,MOVING,STATIONARY,STATIONARY,MOVING,UNCERTAIN,MOVING,MOVING,MOVING,MOVING
113606,3386,4,NO TRIAL,0.15124920,0.00538023,0.03557197,0.03456975,0.03800098,0.04442366,0.08610391,0.05612797,0.07495507,0.05330857,,RELIABLE,RELIABLE,RELIABLE,RELIABLE,RELIABLE,RELIABLE,PARTIAL,UNRELIABLE,MOVING,STATIONARY,STATIONARY,MOVING,STATIONARY,MOVING,MOVING,UNCERTAIN,MOVING
113638,3387,4,NO TRIAL,0.15161314,0.00682911,0.04504302,0.03578948,0.04054031,0.04784828,0.07287713,0.04563827,0.06466239,0.05056892,,RELIABLE,RELIABLE,RELIABLE,RELIABLE,PARTIAL,RELIABLE,PARTIAL,PARTIAL,MOVING,STATIONARY,STATIONARY,MOVING,STATIONARY,MOVING,MOVING,UNCERTAIN,MOVING
113674,3388,4,NO TRIAL,0.15053197,0.00566878,0.03765830,0.03795890,0.04557191,0.05377739,0.06822472,0.04087813,0.06118739,0.04772163,0.04791024,RELIABLE,RELIABLE,RELIABLE,RELIABLE,RELIABLE,RELIABLE,RELIABLE,RELIABLE,MOVING,STATIONARY,STATIONARY,MOVING,STATIONARY,MOVING,MOVING,STATIONARY,MOVING
113722,3389,4,NO TRIAL,0.14953769,0.00522731,0.03495646,0.03316166,0.04782081,0.05966163,0.05107790,0.03974832,0.04218391,0.04326780,0.04467749,RELIABLE,RELIABLE,RELIABLE,RELIABLE,RELIABLE,RELIABLE,RELIABLE,RELIABLE,MOVING,STATIONARY,STATIONARY,MOVING,STATIONARY,MOVING,MOVING,STATIONARY,MOVING
113762,3390,4,NO TRIAL,0.14881745,0.00261365,0.01756282,0.03049727,0.05111894,0.05933292,0.04266736,0.03545215,0.03396716,0.02912248,0.03672588,RELIABLE,RELIABLE,RELIABLE,RELIABLE,RELIABLE,RELIABLE,RELIABLE,RELIABLE,MOVING,STATIONARY,STATIONARY,MOVING,STATIONARY,MOVING,MOVING,MOVING,MOVING
113793,3391,4,NO TRIAL,0.14787103,0.00420053,0.02840671,0.02994518,0.05385352,0.05938363,0.03979785,0.03453216,0.03026022,0.02478262,0.03287293,RELIABLE,RELIABLE,RELIABLE,RELIABLE,RELIABLE,RELIABLE,RELIABLE,RELIABLE,MOVING,STATIONARY,STATIONARY,MOVING,STATIONARY,MOVING,MOVING,MOVING,MOVING
113824,3392,4,NO TRIAL,0.14613158,0.00405139,0.02772424,0.03147289,0.05943209,0.06339536,0.04115653,0.03212542,0.03168070,0.02626609,0.03741310,RELIABLE,RELIABLE,RELIABLE,RELIABLE,RELIABLE,RELIABLE,RELIABLE,RELIABLE,MOVING,STATIONARY,STATIONARY,MOVING,STATIONARY,MOVING,MOVING,MOVING,MOVING
113857,3393,4,NO TRIAL,0.14454165,0.00378907,0.02621439,0.03164224,0.06310148,0.06553015,0.04247901,0.03185163,0.03353345,0.02776609,0.03373048,RELIABLE,RELIABLE,RELIABLE,RELIABLE,RELIABLE,RELIABLE,RELIABLE,RELIABLE,MOVING,STATIONARY,STATIONARY,MOVING,STATIONARY,MOVING,MOVING,MOVING,MOVING
113889,3394,4,NO TRIAL,0.14404848,0.00273593,0.01899311,0.02956988,0.06249201,0.06231559,0.04090181,0.03157171,0.03493551,0.03006480,0.03549112,RELIABLE,RELIABLE,RELIABLE,RELIABLE,RELIABLE,RELIABLE,RELIABLE,RELIABLE,MOVING,STATIONARY,STATIONARY,MOVING,STATIONARY,MOVING,MOVING,MOVING,MOVING
113921,3395,4,NO TRIAL,0.14395751,0.00136796,0.00950256,0.02512732,0.05555897,0.05423563,0.03696190,0.03054830,0.03357837,0.02891244,0.03393499,RELIABLE,RELIABLE,RELIABLE,RELIABLE,RELIABLE,RELIABLE,RELIABLE,RELIABLE,MOVING,STATIONARY,STATIONARY,MOVING,STATIONARY,MOVING,MOVING,MOVING,MOVING
113952,3396,4,NO TRIAL,0.14408815,0.00333858,0.02317041,0.02331634,0.04969082,0.04796602,0.03458423,0.03319113,0.03428365,0.02950755,0.03173807,RELIABLE,RELIABLE,RELIABLE,RELIABLE,RELIABLE,RELIABLE,RELIABLE,RELIABLE,STATIONARY,STATIONARY,STATIONARY,MOVING,STATIONARY,MOVING,MOVING,MOVING,MOVING
113983,3397,4,NO TRIAL,0.14441778,0.00320085,0.02216384,0.02171726,0.04645697,0.04488305,0.03393487,0.03510438,0.03648250,0.03179296,0.02976560,RELIABLE,RELIABLE,RELIABLE,RELIABLE,RELIABLE,RELIABLE,RELIABLE,RELIABLE,STATIONARY,STATIONARY,STATIONARY,STATIONARY,STATIONARY,MOVING,STATIONARY,MOVING,MOVING
114015,3398,4,NO TRIAL,0.14388240,0.00540651,0.03757591,0.02421890,0.05255006,0.05016672,0.03753266,0.03904802,0.04114962,0.03519349,0.03469530,RELIABLE,RELIABLE,RELIABLE,RELIABLE,RELIABLE,RELIABLE,RELIABLE,RELIABLE,STATIONARY,STATIONARY,STATIONARY,STATIONARY,STATIONARY,MOVING,STATIONARY,MOVING,MOVING
114046,3399,4,NO TRIAL,0.14362736,0.00460734,0.03207840,0.02467786,0.05621360,0.05387584,0.04173474,0.04341204,0.04582738,0.03695488,0.03838420,RELIABLE,RELIABLE,RELIABLE,RELIABLE,RELIABLE,RELIABLE,RELIABLE,RELIABLE,STATIONARY,STATIONARY,STATIONARY,STATIONARY,STATIONARY,MOVING,STATIONARY,MOVING,MOVING
114090,3400,4,NO TRIAL,0.14280709,0.00486709,0.03408158,0.02547253,0.05853836,0.05808137,0.04598568,0.04991291,0.04908975,0.04135601,0.03753691,RELIABLE,RELIABLE,RELIABLE,RELIABLE,RELIABLE,RELIABLE,RELIABLE,RELIABLE,STATIONARY,STATIONARY,STATIONARY,STATIONARY,STATIONARY,MOVING,STATIONARY,MOVING,MOVING
114124,3401,4,NO TRIAL,0.14205140,0.00243355,0.01713145,0.02433716,0.05603833,0.05719903,0.04399801,0.05054994,0.04834373,0.04153825,0.03868818,RELIABLE,RELIABLE,RELIABLE,RELIABLE,RELIABLE,RELIABLE,RELIABLE,RELIABLE,STATIONARY,STATIONARY,STATIONARY,STATIONARY,STATIONARY,MOVING,MOVING,MOVING,MOVING
114154,3402,4,NO TRIAL,0.14144477,0.00451508,0.03192118,0.02595317,0.05973435,0.06120221,0.04506675,0.05237780,0.04881751,0.03790386,0.03680782,RELIABLE,RELIABLE,RELIABLE,RELIABLE,RELIABLE,RELIABLE,RELIABLE,RELIABLE,STATIONARY,STATIONARY,STATIONARY,STATIONARY,MOVING,MOVING,MOVING,MOVING,MOVING
114185,3403,4,NO TRIAL,0.14100400,0.00609929,0.04325616,0.03017237,0.07025974,0.07096460,0.04979891,0.05861140,0.05255875,0.03918330,0.03954693,RELIABLE,RELIABLE,RELIABLE,RELIABLE,RELIABLE,RELIABLE,RELIABLE,RELIABLE,STATIONARY,STATIONARY,STATIONARY,STATIONARY,MOVING,MOVING,MOVING,MOVING,MOVING
114217,3404,4,NO TRIAL,0.14115708,0.00475013,0.03365138,0.03148249,0.07846893,0.07821863,0.05233682,0.06267294,0.05349813,0.03950601,0.04031196,RELIABLE,RELIABLE,RELIABLE,RELIABLE,RELIABLE,RELIABLE,RELIABLE,RELIABLE,STATIONARY,STATIONARY,STATIONARY,STATIONARY,MOVING,MOVING,MOVING,MOVING,MOVING
114247,3405,4,NO TRIAL,0.14143445,0.00237507,0.01679270,0.03081110,0.07813288,0.07766090,0.05132260,0.06151646,0.05091645,0.03807835,0.03937782,RELIABLE,RELIABLE,RELIABLE,RELIABLE,RELIABLE,RELIABLE,RELIABLE,RELIABLE,STATIONARY,STATIONARY,STATIONARY,STATIONARY,MOVING,MOVING,MOVING,MOVING,MOVING
114278,3406,4,NO TRIAL,0.14152523,0.00370974,0.02621258,0.02939068,0.07647194,0.07649359,0.05049305,0.06173903,0.04971858,0.04036680,0.03621875,RELIABLE,RELIABLE,RELIABLE,RELIABLE,RELIABLE,RELIABLE,RELIABLE,RELIABLE,STATIONARY,MOVING,STATIONARY,MOVING,MOVING,MOVING,MOVING,MOVING,MOVING
114309,3407,4,NO TRIAL,0.14120034,0.00523929,0.03710536,0.03001905,0.07672151,0.07729890,0.04808296,0.06081006,0.04490025,0.04187776,0.03288362,RELIABLE,RELIABLE,RELIABLE,RELIABLE,RELIABLE,RELIABLE,RELIABLE,RELIABLE,STATIONARY,MOVING,STATIONARY,MOVING,MOVING,MOVING,MOVING,MOVING,MOVING
114346,3408,4,NO TRIAL,0.14080547,0.00448254,0.03183500,0.02973823,0.07679389,0.07564783,0.04507586,0.05874098,0.04130741,0.03463598,0.02911339,RELIABLE,RELIABLE,RELIABLE,RELIABLE,RELIABLE,RELIABLE,RELIABLE,RELIABLE,STATIONARY,MOVING,STATIONARY,MOVING,MOVING,MOVING,MOVING,MOVING,MOVING
114379,3409,4,NO TRIAL,0.14091695,0.00399611,0.02835790,0.03114153,0.08161050,0.07947207,0.04467315,0.06250765,0.04191091,0.03763426,0.03750758,RELIABLE,RELIABLE,RELIABLE,RELIABLE,RELIABLE,RELIABLE,RELIABLE,RELIABLE,STATIONARY,MOVING,STATIONARY,MOVING,MOVING,MOVING,MOVING,MOVING,MOVING
114425,3410,4,NO TRIAL,0.14129203,0.00335377,0.02373641,0.03011844,0.07895252,0.07687519,0.04232172,0.06071445,0.04033670,0.03830289,0.03947509,RELIABLE,RELIABLE,RELIABLE,RELIABLE,RELIABLE,RELIABLE,RELIABLE,RELIABLE,STATIONARY,MOVING,STATIONARY,MOVING,MOVING,MOVING,MOVING,MOVING,MOVING
114465,3411,4,NO TRIAL,0.14164570,0.00167688,0.01183857,0.02619124,0.06893430,0.06780414,0.03694094,0.05448760,0.03603658,0.03553346,0.03677044,RELIABLE,RELIABLE,RELIABLE,RELIABLE,RELIABLE,RELIABLE,RELIABLE,RELIABLE,STATIONARY,MOVING,STATIONARY,MOVING,MOVING,MOVING,MOVING,MOVING,MOVING
114497,3412,4,NO TRIAL,0.14137605,0.00271190,0.01918219,0.02438259,0.06252286,0.06118773,0.03206285,0.04766444,0.03236990,0.03521704,0.04045149,RELIABLE,RELIABLE,RELIABLE,RELIABLE,RELIABLE,RELIABLE,RELIABLE,RELIABLE,STATIONARY,MOVING,STATIONARY,MOVING,MOVING,MOVING,MOVING,MOVING,MOVING
114528,3413,4,NO TRIAL,0.14116041,0.00312160,0.02211382,0.02504773,0.06325669,0.06155202,0.03241513,0.04448822,0.03046352,0.03622408,0.04470427,RELIABLE,RELIABLE,RELIABLE,RELIABLE,RELIABLE,RELIABLE,RELIABLE,RELIABLE,STATIONARY,MOVING,STATIONARY,MOVING,MOVING,MOVING,MOVING,MOVING,MOVING
114558,3414,4,NO TRIAL,0.14109202,0.00235890,0.01671885,0.02386101,0.05909600,0.05780359,0.03113548,0.04218534,0.02778027,0.03367350,0.04248581,RELIABLE,RELIABLE,RELIABLE,RELIABLE,RELIABLE,RELIABLE,RELIABLE,RELIABLE,STATIONARY,MOVING,STATIONARY,MOVING,MOVING,MOVING,MOVING,MOVING,MOVING
120777,3601,4,SITTING_STILL,0.10796344,0.00031314,0.00290047,0.00575667,0.00681833,0.00537751,0.00776669,0.03089350,0.00776555,0.01277621,0.01366160,RELIABLE,RELIABLE,RELIABLE,RELIABLE,RELIABLE,RELIABLE,RELIABLE,RELIABLE,STATIONARY,STATIONARY,STATIONARY,STATIONARY,STATIONARY,STATIONARY,STATIONARY,STATIONARY,STATIONARY
120815,3602,4,SITTING_STILL,0.10768141,0.00124354,0.01154828,0.00645882,0.00671266,0.00529316,0.00710340,0.02830689,0.00757027,0.01166695,0.01471429,RELIABLE,RELIABLE,RELIABLE,RELIABLE,RELIABLE,RELIABLE,RELIABLE,RELIABLE,STATIONARY,STATIONARY,STATIONARY,STATIONARY,STATIONARY,STATIONARY,STATIONARY,STATIONARY,STATIONARY
120846,3603,4,SITTING_STILL,0.10709858,0.00057569,0.00537531,0.00672632,0.00673763,0.00583964,0.00872886,0.02674554,0.00905943,0.01444721,0.01665952,RELIABLE,RELIABLE,RELIABLE,RELIABLE,RELIABLE,RELIABLE,RELIABLE,RELIABLE,STATIONARY,STATIONARY,STATIONARY,STATIONARY,STATIONARY,STATIONARY,STATIONARY,STATIONARY,STATIONARY
120877,3604,4,SITTING_STILL,0.10675984,0.00034929,0.00327174,0.00635698,0.00691533,0.00582067,0.00861186,0.02538144,0.00879836,0.01391717,0.01664486,RELIABLE,RELIABLE,RELIABLE,RELIABLE,RELIABLE,RELIABLE,RELIABLE,RELIABLE,STATIONARY,STATIONARY,STATIONARY,STATIONARY,STATIONARY,STATIONARY,STATIONARY,STATIONARY,STATIONARY
120909,3605,4,SITTING_STILL,0.10715612,0.00082350,0.00768503,0.00683073,0.00684140,0.00596304,0.00794963,0.02466944,0.01068286,0.01652822,0.02020090,RELIABLE,RELIABLE,RELIABLE,RELIABLE,RELIABLE,RELIABLE,RELIABLE,RELIABLE,STATIONARY,STATIONARY,STATIONARY,STATIONARY,STATIONARY,STATIONARY,STATIONARY,STATIONARY,STATIONARY
120940,3606,4,SITTING_STILL,0.10837381,0.00070286,0.00648548,0.00647413,0.00641323,0.00593750,0.00976070,0.02866650,0.01206684,0.01604858,0.02441060,RELIABLE,RELIABLE,RELIABLE,RELIABLE,RELIABLE,RELIABLE,RELIABLE,RELIABLE,STATIONARY,STATIONARY,STATIONARY,STATIONARY,STATIONARY,STATIONARY,STATIONARY,STATIONARY,STATIONARY
120972,3607,4,SITTING_STILL,0.10874556,0.00085336,0.00784735,0.00636396,0.00595903,0.00518438,0.01019193,0.03271707,0.01345044,0.01719492,0.02697805,RELIABLE,RELIABLE,RELIABLE,RELIABLE,RELIABLE,RELIABLE,RELIABLE,RELIABLE,STATIONARY,STATIONARY,STATIONARY,STATIONARY,STATIONARY,STATIONARY,STATIONARY,STATIONARY,STATIONARY
121004,3608,4,SITTING_STILL,0.10916381,0.00057889,0.00530291,0.00630207,0.00602636,0.00505407,0.01130063,0.02793359,0.01395780,0.01918133,0.02730069,RELIABLE,RELIABLE,RELIABLE,RELIABLE,RELIABLE,RELIABLE,RELIABLE,RELIABLE,STATIONARY,STATIONARY,STATIONARY,STATIONARY,STATIONARY,STATIONARY,STATIONARY,STATIONARY,STATIONARY
121036,3609,4,SITTING_STILL,0.10951373,0.00055949,0.00510890,0.00657812,0.00602116,0.00532265,0.01282808,0.03142147,0.01487876,0.02052675,0.02882125,RELIABLE,RELIABLE,RELIABLE,RELIABLE,RELIABLE,RELIABLE,RELIABLE,RELIABLE,STATIONARY,STATIONARY,STATIONARY,STATIONARY,STATIONARY,STATIONARY,STATIONARY,STATIONARY,STATIONARY
121067,3610,4,SITTING_STILL,0.10917104,0.00116773,0.01069634,0.00647163,0.00615665,0.00590217,0.01392423,0.03690784,0.01603196,0.02139555,0.03128003,RELIABLE,RELIABLE,RELIABLE,RELIABLE,RELIABLE,RELIABLE,RELIABLE,RELIABLE,STATIONARY,STATIONARY,STATIONARY,STATIONARY,STATIONARY,STATIONARY,STATIONARY,STATIONARY,STATIONARY
121114,3611,4,SITTING_STILL,0.10891865,0.00033381,0.00306472,0.00618281,0.00657248,0.00597730,0.01331532,0.03769057,0.01539223,0.01962580,0.02979216,RELIABLE,RELIABLE,RELIABLE,RELIABLE,RELIABLE,RELIABLE,RELIABLE,RELIABLE,STATIONARY,STATIONARY,STATIONARY,STATIONARY,STATIONARY,STATIONARY,STATIONARY,STATIONARY,STATIONARY
121147,3612,4,SITTING_STILL,0.10875479,0.00016690,0.00153467,0.00596567,0.00630190,0.00614604,0.01355835,0.03897099,0.01566478,0.01955944,0.02938453,RELIABLE,RELIABLE,RELIABLE,RELIABLE,RELIABLE,RELIABLE,RELIABLE,RELIABLE,STATIONARY,STATIONARY,STATIONARY,STATIONARY,STATIONARY,STATIONARY,STATIONARY,STATIONARY,STATIONARY
121178,3613,4,SITTING_STILL,0.10864994,0.00076183,0.00701177,0.00588152,0.00618094,0.00682046,0.01361313,0.04039059,0.01432719,0.01754495,0.02634460,RELIABLE,RELIABLE,RELIABLE,RELIABLE,RELIABLE,RELIABLE,RELIABLE,RELIABLE,STATIONARY,STATIONARY,STATIONARY,STATIONARY,STATIONARY,STATIONARY,STATIONARY,STATIONARY,STATIONARY
121209,3614,4,SITTING_STILL,0.10901888,0.00066144,0.00606716,0.00582923,0.00647402,0.00667102,0.01343142,0.04419334,0.01450436,0.01839222,0.02524869,RELIABLE,RELIABLE,RELIABLE,RELIABLE,RELIABLE,RELIABLE,RELIABLE,RELIABLE,STATIONARY,STATIONARY,STATIONARY,STATIONARY,STATIONARY,STATIONARY,STATIONARY,STATIONARY,STATIONARY
121242,3615,4,SITTING_STILL,0.10873051,0.00030535,0.00280836,0.00519936,0.00616976,0.00591186,0.01484724,0.04303004,0.01379497,0.01643186,0.02670906,RELIABLE,RELIABLE,RELIABLE,RELIABLE,RELIABLE,RELIABLE,RELIABLE,RELIABLE,STATIONARY,STATIONARY,STATIONARY,STATIONARY,STATIONARY,STATIONARY,STATIONARY,STATIONARY,STATIONARY
121273,3616,4,SITTING_STILL,0.10797097,0.00036495,0.00338006,0.00495900,0.00597971,0.00589067,0.01637443,0.05029730,0.01592452,0.01686084,0.02829458,RELIABLE,RELIABLE,RELIABLE,RELIABLE,RELIABLE,RELIABLE,RELIABLE,RELIABLE,STATIONARY,STATIONARY,STATIONARY,STATIONARY,STATIONARY,STATIONARY,STATIONARY,STATIONARY,STATIONARY
121306,3617,4,SITTING_STILL,0.10775494,0.00079522,0.00737988,0.00524287,0.00657820,0.00641943,0.01911893,0.04851787,0.01897595,0.01973266,0.03018740,RELIABLE,RELIABLE,RELIABLE,RELIABLE,RELIABLE,RELIABLE,RELIABLE,RELIABLE,STATIONARY,STATIONARY,STATIONARY,STATIONARY,STATIONARY,STATIONARY,STATIONARY,STATIONARY,STATIONARY
121338,3618,4,SITTING_STILL,0.10827274,0.00094186,0.00869893,0.00499320,0.00677448,0.00688047,0.02232238,0.04350611,0.01961403,0.02159509,0.02766257,RELIABLE,RELIABLE,RELIABLE,RELIABLE,RELIABLE,RELIABLE,RELIABLE,RELIABLE,STATIONARY,STATIONARY,STATIONARY,STATIONARY,STATIONARY,STATIONARY,STATIONARY,STATIONARY,STATIONARY
121370,3619,4,SITTING_STILL,0.10950690,0.00094775,0.00865469,0.00569194,0.00701542,0.00633762,0.02158228,0.04430646,0.01940523,0.02219343,0.02857065,RELIABLE,RELIABLE,RELIABLE,RELIABLE,RELIABLE,RELIABLE,RELIABLE,RELIABLE,STATIONARY,STATIONARY,STATIONARY,STATIONARY,STATIONARY,STATIONARY,STATIONARY,STATIONARY,STATIONARY
121402,3620,4,SITTING_STILL,0.11000989,0.00103219,0.00938272,0.00667295,0.00784899,0.00773329,0.02245265,0.04626936,0.02143454,0.02465346,0.02967565,RELIABLE,RELIABLE,RELIABLE,RELIABLE,RELIABLE,RELIABLE,RELIABLE,RELIABLE,STATIONARY,STATIONARY,STATIONARY,STATIONARY,STATIONARY,STATIONARY,STATIONARY,STATIONARY,STATIONARY
121434,3621,4,SITTING_STILL,0.11105630,0.00073318,0.00660186,0.00662171,0.00794968,0.00694970,0.02416741,0.04451801,0.02106688,0.02813504,0.02897386,RELIABLE,RELIABLE,RELIABLE,RELIABLE,RELIABLE,RELIABLE,RELIABLE,RELIABLE,STATIONARY,STATIONARY,STATIONARY,STATIONARY,STATIONARY,STATIONARY,STATIONARY,STATIONARY,STATIONARY
121482,3622,4,SITTING_STILL,0.11186767,0.00067997,0.00607830,0.00662310,0.00778763,0.00727086,0.02288367,0.03856059,0.02044550,0.02762163,0.02771851,RELIABLE,RELIABLE,RELIABLE,RELIABLE,RELIABLE,RELIABLE,RELIABLE,RELIABLE,STATIONARY,STATIONARY,STATIONARY,STATIONARY,STATIONARY,STATIONARY,STATIONARY,STATIONARY,STATIONARY
121514,3623,4,SITTING_STILL,0.11202153,0.00053587,0.00478362,0.00687001,0.00824646,0.00776884,0.02218276,0.03703765,0.02027519,0.02812154,0.02497403,RELIABLE,RELIABLE,RELIABLE,RELIABLE,RELIABLE,RELIABLE,RELIABLE,RELIABLE,STATIONARY,STATIONARY,STATIONARY,STATIONARY,STATIONARY,STATIONARY,STATIONARY,STATIONARY,STATIONARY
121540,3624,4,SITTING_STILL,0.11197346,0.00026793,0.00239284,0.00674661,0.00797581,0.00748571,0.01979907,0.03019869,0.01780014,0.02632841,0.02285948,RELIABLE,RELIABLE,RELIABLE,RELIABLE,RELIABLE,RELIABLE,RELIABLE,RELIABLE,STATIONARY,STATIONARY,STATIONARY,STATIONARY,STATIONARY,STATIONARY,STATIONARY,STATIONARY,STATIONARY
121572,3625,4,SITTING_STILL,0.11174710,0.00058862,0.00526739,0.00648254,0.00782045,0.00734254,0.01563515,0.02770407,0.01416545,0.02388548,0.02613344,RELIABLE,RELIABLE,RELIABLE,RELIABLE,RELIABLE,RELIABLE,RELIABLE,RELIABLE,STATIONARY,STATIONARY,STATIONARY,STATIONARY,STATIONARY,STATIONARY,STATIONARY,STATIONARY,STATIONARY
121610,3626,4,SITTING_STILL,0.11216359,0.00041085,0.00366299,0.00585305,0.00709038,0.00619481,0.01217797,0.02727224,0.01179014,0.02138414,0.02482878,RELIABLE,RELIABLE,RELIABLE,RELIABLE,RELIABLE,RELIABLE,RELIABLE,RELIABLE,STATIONARY,STATIONARY,STATIONARY,STATIONARY,STATIONARY,STATIONARY,STATIONARY,STATIONARY,STATIONARY
121649,3627,4,SITTING_STILL,0.11229023,0.00106308,0.00946722,0.00595462,0.00745159,0.00668929,0.01398387,0.02377557,0.01125067,0.02005043,0.02223056,RELIABLE,RELIABLE,RELIABLE,RELIABLE,RELIABLE,RELIABLE,RELIABLE,RELIABLE,STATIONARY,STATIONARY,STATIONARY,STATIONARY,STATIONARY,STATIONARY,STATIONARY,STATIONARY,STATIONARY
121681,3628,4,SITTING_STILL,0.11217397,0.00064553,0.00575469,0.00550111,0.00767583,0.00554155,0.01583533,0.02441103,0.01009358,0.01824667,0.02324280,RELIABLE,RELIABLE,RELIABLE,RELIABLE,RELIABLE,RELIABLE,RELIABLE,RELIABLE,STATIONARY,STATIONARY,STATIONARY,STATIONARY,STATIONARY,STATIONARY,STATIONARY,STATIONARY,STATIONARY
121712,3629,4,SITTING_STILL,0.11267904,0.00062599,0.00555554,0.00537032,0.00841148,0.00635135,0.01468787,0.02313808,0.00970625,0.01397629,0.02408336,RELIABLE,RELIABLE,RELIABLE,RELIABLE,RELIABLE,RELIABLE,RELIABLE,RELIABLE,STATIONARY,STATIONARY,STATIONARY,STATIONARY,STATIONARY,STATIONARY,STATIONARY,STATIONARY,STATIONARY
121744,3630,4,SITTING_STILL,0.11277458,0.00104240,0.00924326,0.00576594,0.00883433,0.00573166,0.01502979,0.02265536,0.00888671,0.01442238,0.02249965,RELIABLE,RELIABLE,RELIABLE,RELIABLE,RELIABLE,RELIABLE,RELIABLE,RELIABLE,STATIONARY,STATIONARY,STATIONARY,STATIONARY,STATIONARY,STATIONARY,STATIONARY,STATIONARY,STATIONARY
121775,3631,4,SITTING_STILL,0.11231825,0.00075997,0.00676622,0.00601377,0.00914720,0.00610225,0.01547009,0.02259183,0.00897660,0.01354113,0.02216690,RELIABLE,RELIABLE,RELIABLE,RELIABLE,RELIABLE,RELIABLE,RELIABLE,RELIABLE,STATIONARY,STATIONARY,STATIONARY,STATIONARY,STATIONARY,STATIONARY,STATIONARY,STATIONARY,STATIONARY
121807,3632,4,SITTING_STILL,0.11119619,0.00061628,0.00554227,0.00640745,0.00981482,0.00622803,0.01867746,0.02317939,0.00944302,0.01489847,0.02278989,RELIABLE,RELIABLE,RELIABLE,RELIABLE,RELIABLE,RELIABLE,RELIABLE,RELIABLE,STATIONARY,STATIONARY,STATIONARY,STATIONARY,STATIONARY,STATIONARY,STATIONARY,STATIONARY,STATIONARY
121839,3633,4,SITTING_STILL,0.11046258,0.00084696,0.00766736,0.00670744,0.01049158,0.00600456,0.01954465,0.02418933,0.00948719,0.01465304,0.01752284,RELIABLE,RELIABLE,RELIABLE,RELIABLE,RELIABLE,RELIABLE,RELIABLE,RELIABLE,STATIONARY,STATIONARY,STATIONARY,STATIONARY,STATIONARY,STATIONARY,STATIONARY,STATIONARY,STATIONARY
121882,3634,4,SITTING_STILL,0.11006110,0.00035268,0.00320441,0.00665012,0.01065282,0.00634334,0.01900127,0.02466927,0.00999972,0.01502528,0.01665477,RELIABLE,RELIABLE,RELIABLE,RELIABLE,RELIABLE,RELIABLE,RELIABLE,RELIABLE,STATIONARY,STATIONARY,STATIONARY,STATIONARY,STATIONARY,STATIONARY,STATIONARY,STATIONARY,STATIONARY
121918,3635,4,SITTING_STILL,0.10938106,0.00085421,0.00780948,0.00644290,0.01002122,0.00598684,0.01939973,0.02327130,0.01027325,0.01641231,0.01780265,RELIABLE,RELIABLE,RELIABLE,RELIABLE,RELIABLE,RELIABLE,RELIABLE,RELIABLE,STATIONARY,STATIONARY,STATIONARY,STATIONARY,STATIONARY,STATIONARY,STATIONARY,STATIONARY,STATIONARY
121949,3636,4,SITTING_STILL,0.10880140,0.00042710,0.00392555,0.00621426,0.00895055,0.00553746,0.01741748,0.01862465,0.00916573,0.01608757,0.01541780,RELIABLE,RELIABLE,RELIABLE,RELIABLE,RELIABLE,RELIABLE,RELIABLE,RELIABLE,STATIONARY,STATIONARY,STATIONARY,STATIONARY,STATIONARY,STATIONARY,STATIONARY,STATIONARY,STATIONARY
121981,3637,4,SITTING_STILL,0.10865824,0.00106006,0.00975587,0.00673930,0.00855647,0.00537406,0.01802659,0.01802680,0.00884013,0.01609691,0.01388693,RELIABLE,RELIABLE,RELIABLE,RELIABLE,RELIABLE,RELIABLE,RELIABLE,RELIABLE,STATIONARY,STATIONARY,STATIONARY,STATIONARY,STATIONARY,STATIONARY,STATIONARY,STATIONARY,STATIONARY
122012,3638,4,SITTING_STILL,0.10890500,0.00032323,0.00296804,0.00595490,0.00813235,0.00552679,0.01769257,0.01750727,0.00973805,0.01609320,0.01390460,RELIABLE,RELIABLE,RELIABLE,RELIABLE,RELIABLE,RELIABLE,RELIABLE,RELIABLE,STATIONARY,STATIONARY,STATIONARY,STATIONARY,STATIONARY,STATIONARY,STATIONARY,STATIONARY,STATIONARY
122044,3639,4,SITTING_STILL,0.10939059,0.00083561,0.00763878,0.00606397,0.00829452,0.00570459,0.01832264,0.01549255,0.01044850,0.01777802,0.01374086,RELIABLE,RELIABLE,RELIABLE,RELIABLE,RELIABLE,RELIABLE,RELIABLE,RELIABLE,STATIONARY,STATIONARY,STATIONARY,STATIONARY,STATIONARY,STATIONARY,STATIONARY,STATIONARY,STATIONARY
122076,3640,4,SITTING_STILL,0.10994493,0.00050548,0.00459755,0.00594588,0.00744319,0.00588394,0.01711915,0.01464228,0.01030539,0.01768755,0.01455600,RELIABLE,RELIABLE,RELIABLE,RELIABLE,RELIABLE,RELIABLE,RELIABLE,RELIABLE,STATIONARY,STATIONARY,STATIONARY,STATIONARY,STATIONARY,STATIONARY,STATIONARY,STATIONARY,STATIONARY
122107,3641,4,SITTING_STILL,0.10966083,0.00052300,0.00476929,0.00558362,0.00659275,0.00528072,0.01812089,0.01230266,0.01035686,0.01693607,0.01442538,RELIABLE,RELIABLE,RELIABLE,RELIABLE,RELIABLE,RELIABLE,RELIABLE,RELIABLE,STATIONARY,STATIONARY,STATIONARY,STATIONARY,STATIONARY,STATIONARY,STATIONARY,STATIONARY,STATIONARY
122138,3642,4,SITTING_STILL,0.10992677,0.00065333,0.00594332,0.00592599,0.00672399,0.00573667,0.02025983,0.01098866,0.01019397,0.01707272,0.01540639,RELIABLE,RELIABLE,RELIABLE,RELIABLE,RELIABLE,RELIABLE,RELIABLE,RELIABLE,STATIONARY,STATIONARY,STATIONARY,STATIONARY,STATIONARY,STATIONARY,STATIONARY,STATIONARY,STATIONARY
122170,3643,4,SITTING_STILL,0.11050001,0.00073222,0.00662643,0.00577810,0.00639509,0.00563332,0.01868217,0.01125300,0.01151915,0.01755662,0.01630275,RELIABLE,RELIABLE,RELIABLE,RELIABLE,RELIABLE,RELIABLE,RELIABLE,RELIABLE,STATIONARY,STATIONARY,STATIONARY,STATIONARY,STATIONARY,STATIONARY,STATIONARY,STATIONARY,STATIONARY
122202,3644,4,SITTING_STILL,0.11106998,0.00056493,0.00508627,0.00592320,0.00652342,0.00573641,0.01934038,0.01527587,0.01234873,0.01983882,0.02030858,RELIABLE,RELIABLE,RELIABLE,RELIABLE,RELIABLE,RELIABLE,RELIABLE,RELIABLE,STATIONARY,STATIONARY,STATIONARY,STATIONARY,STATIONARY,STATIONARY,STATIONARY,STATIONARY,STATIONARY
122250,3645,4,SITTING_STILL,0.11151023,0.00046468,0.00416716,0.00522461,0.00584187,0.00499094,0.01826121,0.01732795,0.01152040,0.02042805,0.01967670,RELIABLE,RELIABLE,RELIABLE,RELIABLE,RELIABLE,RELIABLE,RELIABLE,RELIABLE,STATIONARY,STATIONARY,STATIONARY,STATIONARY,STATIONARY,STATIONARY,STATIONARY,STATIONARY,STATIONARY
122282,3646,4,SITTING_STILL,0.11173646,0.00029657,0.00265423,0.00518538,0.00519474,0.00488930,0.01807554,0.01619641,0.01040055,0.01951728,0.02077750,RELIABLE,RELIABLE,RELIABLE,RELIABLE,RELIABLE,RELIABLE,RELIABLE,RELIABLE,STATIONARY,STATIONARY,STATIONARY,STATIONARY,STATIONARY,STATIONARY,STATIONARY,STATIONARY,STATIONARY
122312,3647,4,SITTING_STILL,0.11185290,0.00014829,0.00132574,0.00439625,0.00386078,0.00382907,0.01549911,0.01453075,0.00833826,0.01703290,0.02008035,RELIABLE,RELIABLE,RELIABLE,RELIABLE,RELIABLE,RELIABLE,RELIABLE,RELIABLE,STATIONARY,STATIONARY,STATIONARY,STATIONARY,STATIONARY,STATIONARY,STATIONARY,STATIONARY,STATIONARY
122344,3648,4,SITTING_STILL,0.11229595,0.00045463,0.00404854,0.00432762,0.00414953,0.00360683,0.01446583,0.01633302,0.00838772,0.01593657,0.01948938,RELIABLE,RELIABLE,RELIABLE,RELIABLE,RELIABLE,RELIABLE,RELIABLE,RELIABLE,STATIONARY,STATIONARY,STATIONARY,STATIONARY,STATIONARY,STATIONARY,STATIONARY,STATIONARY,STATIONARY
122376,3649,4,SITTING_STILL,0.11279689,0.00061316,0.00543594,0.00441096,0.00366215,0.00377025,0.01312516,0.01705057,0.00860402,0.01730576,0.02060618,RELIABLE,RELIABLE,RELIABLE,RELIABLE,RELIABLE,RELIABLE,RELIABLE,RELIABLE,STATIONARY,STATIONARY,STATIONARY,STATIONARY,STATIONARY,STATIONARY,STATIONARY,STATIONARY,STATIONARY
122409,3650,4,SITTING_STILL,0.11333499,0.00054039,0.00476806,0.00426405,0.00333796,0.00290154,0.01187740,0.01922437,0.00819136,0.01720476,0.01943678,RELIABLE,RELIABLE,RELIABLE,RELIABLE,RELIABLE,RELIABLE,RELIABLE,RELIABLE,STATIONARY,STATIONARY,STATIONARY,STATIONARY,STATIONARY,STATIONARY,STATIONARY,STATIONARY,STATIONARY
122442,3651,4,SITTING_STILL,0.11355576,0.00056319,0.00495960,0.00405569,0.00331314,0.00290653,0.01139636,0.02035659,0.00637669,0.01551686,0.01766595,RELIABLE,RELIABLE,RELIABLE,RELIABLE,RELIABLE,RELIABLE,RELIABLE,RELIABLE,STATIONARY,STATIONARY,STATIONARY,STATIONARY,STATIONARY,STATIONARY,STATIONARY,STATIONARY,STATIONARY
122474,3652,4,SITTING_STILL,0.11349949,0.00029233,0.00257556,0.00374186,0.00317835,0.00295431,0.00994802,0.01724881,0.00568944,0.01334582,0.01503286,RELIABLE,RELIABLE,RELIABLE,RELIABLE,RELIABLE,RELIABLE,RELIABLE,RELIABLE,STATIONARY,STATIONARY,STATIONARY,STATIONARY,STATIONARY,STATIONARY,STATIONARY,STATIONARY,STATIONARY
122505,3653,4,SITTING_STILL,0.11325205,0.00048266,0.00426182,0.00375369,0.00329172,0.00309211,0.00921953,0.01556652,0.00591003,0.01251681,0.01552070,RELIABLE,RELIABLE,RELIABLE,RELIABLE,RELIABLE,RELIABLE,RELIABLE,RELIABLE,STATIONARY,STATIONARY,STATIONARY,STATIONARY,STATIONARY,STATIONARY,STATIONARY,STATIONARY,STATIONARY
122537,3654,4,SITTING_STILL,0.11260308,0.00058109,0.00516053,0.00406697,0.00413075,0.00375068,0.00943547,0.01624370,0.00649485,0.01205161,0.01629978,RELIABLE,RELIABLE,RELIABLE,RELIABLE,RELIABLE,RELIABLE,RELIABLE,RELIABLE,STATIONARY,STATIONARY,STATIONARY,STATIONARY,STATIONARY,STATIONARY,STATIONARY,STATIONARY,STATIONARY
122570,3655,4,SITTING_STILL,0.11245612,0.00047884,0.00425803,0.00443351,0.00463779,0.00403045,0.01050617,0.01731323,0.00706076,0.01299474,0.01761725,RELIABLE,RELIABLE,RELIABLE,RELIABLE,RELIABLE,RELIABLE,RELIABLE,RELIABLE,STATIONARY,STATIONARY,STATIONARY,STATIONARY,STATIONARY,STATIONARY,STATIONARY,STATIONARY,STATIONARY
122602,3656,4,SITTING_STILL,0.11202872,0.00116527,0.01040157,0.00522764,0.00513159,0.00404425,0.00968787,0.01485930,0.00679890,0.01307084,0.01675412,RELIABLE,RELIABLE,RELIABLE,RELIABLE,RELIABLE,RELIABLE,RELIABLE,RELIABLE,STATIONARY,STATIONARY,STATIONARY,STATIONARY,STATIONARY,STATIONARY,STATIONARY,STATIONARY,STATIONARY
122649,3657,4,SITTING_STILL,0.11253681,0.00103702,0.00921491,0.00570001,0.00540319,0.00447064,0.01043026,0.01770539,0.00755275,0.01238005,0.01637050,RELIABLE,RELIABLE,RELIABLE,RELIABLE,RELIABLE,RELIABLE,RELIABLE,RELIABLE,STATIONARY,STATIONARY,STATIONARY,STATIONARY,STATIONARY,STATIONARY,STATIONARY,STATIONARY,STATIONARY
122690,3658,4,SITTING_STILL,0.11255842,0.00060646,0.00538799,0.00577750,0.00610248,0.00558955,0.00936772,0.01624696,0.00764923,0.01191522,0.01714870,RELIABLE,RELIABLE,RELIABLE,RELIABLE,RELIABLE,RELIABLE,RELIABLE,RELIABLE,STATIONARY,STATIONARY,STATIONARY,STATIONARY,STATIONARY,STATIONARY,STATIONARY,STATIONARY,STATIONARY
122722,3659,4,SITTING_STILL,0.11245332,0.00030323,0.00269651,0.00549462,0.00607812,0.00568737,0.00856181,0.01465099,0.00738097,0.01119828,0.01701170,RELIABLE,RELIABLE,RELIABLE,RELIABLE,RELIABLE,RELIABLE,RELIABLE,RELIABLE,STATIONARY,STATIONARY,STATIONARY,STATIONARY,STATIONARY,STATIONARY,STATIONARY,STATIONARY,STATIONARY
122754,3660,4,SITTING_STILL,0.11257623,0.00055846,0.00496076,0.00579277,0.00593482,0.00571571,0.00908819,0.01551815,0.00766942,0.01118983,0.01742669,RELIABLE,RELIABLE,RELIABLE,RELIABLE,RELIABLE,RELIABLE,RELIABLE,RELIABLE,STATIONARY,STATIONARY,STATIONARY,STATIONARY,STATIONARY,STATIONARY,STATIONARY,STATIONARY,STATIONARY
122785,3661,4,SITTING_STILL,0.11234170,0.00060057,0.00534593,0.00592828,0.00607832,0.00565989,0.00964521,0.01678779,0.00839464,0.01118265,0.01766510,RELIABLE,RELIABLE,RELIABLE,RELIABLE,RELIABLE,RELIABLE,RELIABLE,RELIABLE,STATIONARY,STATIONARY,STATIONARY,STATIONARY,STATIONARY,STATIONARY,STATIONARY,STATIONARY,STATIONARY
122817,3662,4,SITTING_STILL,0.11160788,0.00175007,0.01568049,0.00724327,0.00732435,0.00630127,0.01061213,0.02013866,0.00966482,0.01338512,0.01779327,RELIABLE,RELIABLE,RELIABLE,RELIABLE,RELIABLE,RELIABLE,RELIABLE,RELIABLE,STATIONARY,STATIONARY,STATIONARY,STATIONARY,STATIONARY,STATIONARY,STATIONARY,STATIONARY,STATIONARY
122849,3663,4,SITTING_STILL,0.11151609,0.00071010,0.00636768,0.00750698,0.00762565,0.00697008,0.01007001,0.02038557,0.00986852,0.01327716,0.01970870,RELIABLE,RELIABLE,RELIABLE,RELIABLE,RELIABLE,RELIABLE,RELIABLE,RELIABLE,STATIONARY,STATIONARY,STATIONARY,STATIONARY,STATIONARY,STATIONARY,STATIONARY,STATIONARY,STATIONARY
122881,3664,4,SITTING_STILL,0.11210949,0.00077065,0.00687412,0.00706605,0.00787167,0.00764282,0.00996938,0.02251149,0.01114185,0.01449674,0.02051929,RELIABLE,RELIABLE,RELIABLE,RELIABLE,RELIABLE,RELIABLE,RELIABLE,RELIABLE,STATIONARY,STATIONARY,STATIONARY,STATIONARY,STATIONARY,STATIONARY,STATIONARY,STATIONARY,STATIONARY
122912,3665,4,SITTING_STILL,0.11286607,0.00090680,0.00803434,0.00691848,0.00856345,0.00858357,0.00932906,0.02081400,0.01056312,0.01525392,0.01937497,RELIABLE,RELIABLE,RELIABLE,RELIABLE,RELIABLE,RELIABLE,RELIABLE,RELIABLE,STATIONARY,STATIONARY,STATIONARY,STATIONARY,STATIONARY,STATIONARY,STATIONARY,STATIONARY,STATIONARY
122944,3666,4,SITTING_STILL,0.11287498,0.00085504,0.00757514,0.00719187,0.00863218,0.00836715,0.00947099,0.02165070,0.01021874,0.01550192,0.01914142,RELIABLE,RELIABLE,RELIABLE,RELIABLE,RELIABLE,RELIABLE,RELIABLE,RELIABLE,STATIONARY,STATIONARY,STATIONARY,STATIONARY,STATIONARY,STATIONARY,STATIONARY,STATIONARY,STATIONARY
122974,3667,4,SITTING_STILL,0.11296736,0.00108006,0.00956079,0.00804990,0.00850879,0.00869707,0.01132140,0.02536780,0.01053969,0.01637666,0.01972817,RELIABLE,RELIABLE,RELIABLE,RELIABLE,RELIABLE,RELIABLE,RELIABLE,RELIABLE,STATIONARY,STATIONARY,STATIONARY,STATIONARY,STATIONARY,STATIONARY,STATIONARY,STATIONARY,STATIONARY
123018,3668,4,SITTING_STILL,0.11285191,0.00050177,0.00444627,0.00798559,0.00907255,0.00915282,0.01073062,0.02401687,0.01055014,0.01719922,0.01972073,RELIABLE,RELIABLE,RELIABLE,RELIABLE,RELIABLE,RELIABLE,RELIABLE,RELIABLE,STATIONARY,STATIONARY,STATIONARY,STATIONARY,STATIONARY,STATIONARY,STATIONARY,STATIONARY,STATIONARY
123052,3669,4,SITTING_STILL,0.11276986,0.00088938,0.00788664,0.00830318,0.00942724,0.00950568,0.01175327,0.02472578,0.01062161,0.01706044,0.01962975,RELIABLE,RELIABLE,RELIABLE,RELIABLE,RELIABLE,RELIABLE,RELIABLE,RELIABLE,STATIONARY,STATIONARY,STATIONARY,STATIONARY,STATIONARY,STATIONARY,STATIONARY,STATIONARY,STATIONARY
123082,3670,4,SITTING_STILL,0.11272340,0.00044469,0.00394495,0.00683624,0.00763137,0.00808908,0.01064792,0.02160050,0.00897960,0.01463462,0.01679822,RELIABLE,RELIABLE,RELIABLE,RELIABLE,RELIABLE,RELIABLE,RELIABLE,RELIABLE,STATIONARY,STATIONARY,STATIONARY,STATIONARY,STATIONARY,STATIONARY,STATIONARY,STATIONARY,STATIONARY
123114,3671,4,SITTING_STILL,0.11211448,0.00114668,0.01022775,0.00731875,0.00836490,0.00799104,0.01080627,0.02150299,0.00883372,0.01530100,0.01323496,RELIABLE,RELIABLE,RELIABLE,RELIABLE,RELIABLE,RELIABLE,RELIABLE,RELIABLE,STATIONARY,STATIONARY,STATIONARY,STATIONARY,STATIONARY,STATIONARY,STATIONARY,STATIONARY,STATIONARY
123145,3672,4,SITTING_STILL,0.11208145,0.00060414,0.00539016,0.00713326,0.00743544,0.00747931,0.01187916,0.02028875,0.00719563,0.01470021,0.01228960,RELIABLE,RELIABLE,RELIABLE,RELIABLE,RELIABLE,RELIABLE,RELIABLE,RELIABLE,STATIONARY,STATIONARY,STATIONARY,STATIONARY,STATIONARY,STATIONARY,STATIONARY,STATIONARY,STATIONARY
123177,3673,4,SITTING_STILL,0.11220252,0.00045578,0.00406210,0.00663673,0.00667355,0.00586936,0.01173615,0.01866943,0.00679161,0.01381563,0.01428753,RELIABLE,RELIABLE,RELIABLE,RELIABLE,RELIABLE,RELIABLE,RELIABLE,RELIABLE,STATIONARY,STATIONARY,STATIONARY,STATIONARY,STATIONARY,STATIONARY,STATIONARY,STATIONARY,STATIONARY
123209,3674,4,SITTING_STILL,0.11140294,0.00099110,0.00889655,0.00680190,0.00694535,0.00620057,0.01376489,0.01915375,0.00829018,0.01454001,0.01527587,RELIABLE,RELIABLE,RELIABLE,RELIABLE,RELIABLE,RELIABLE,RELIABLE,RELIABLE,STATIONARY,STATIONARY,STATIONARY,STATIONARY,STATIONARY,STATIONARY,STATIONARY,STATIONARY,STATIONARY
123241,3675,4,SITTING_STILL,0.11101850,0.00106119,0.00955868,0.00680164,0.00804210,0.00661641,0.01260015,0.01608466,0.00810190,0.01438967,0.01504564,RELIABLE,RELIABLE,RELIABLE,RELIABLE,RELIABLE,RELIABLE,RELIABLE,RELIABLE,STATIONARY,STATIONARY,STATIONARY,STATIONARY,STATIONARY,STATIONARY,STATIONARY,STATIONARY,STATIONARY
123274,3676,4,SITTING_STILL,0.11132553,0.00054938,0.00493486,0.00686271,0.00781725,0.00640591,0.01399810,0.01835825,0.00772099,0.01349708,0.01461304,RELIABLE,RELIABLE,RELIABLE,RELIABLE,RELIABLE,RELIABLE,RELIABLE,RELIABLE,STATIONARY,STATIONARY,STATIONARY,STATIONARY,STATIONARY,STATIONARY,STATIONARY,STATIONARY,STATIONARY
123306,3677,4,SITTING_STILL,0.11178678,0.00052951,0.00473681,0.00646898,0.00777584,0.00657279,0.01289380,0.01664661,0.00727480,0.01357489,0.01501631,RELIABLE,RELIABLE,RELIABLE,RELIABLE,RELIABLE,RELIABLE,RELIABLE,RELIABLE,STATIONARY,STATIONARY,STATIONARY,STATIONARY,STATIONARY,STATIONARY,STATIONARY,STATIONARY,STATIONARY
123338,3678,4,SITTING_STILL,0.11186443,0.00025218,0.00225433,0.00625765,0.00760254,0.00633742,0.01357476,0.01790159,0.00771225,0.01496294,0.01564826,RELIABLE,RELIABLE,RELIABLE,RELIABLE,RELIABLE,RELIABLE,RELIABLE,RELIABLE,STATIONARY,STATIONARY,STATIONARY,STATIONARY,STATIONARY,STATIONARY,STATIONARY,STATIONARY,STATIONARY
123369,3679,4,SITTING_STILL,0.11216637,0.00083468,0.00744146,0.00590937,0.00758852,0.00706899,0.01353818,0.01755485,0.00868568,0.01521398,0.01721416,RELIABLE,RELIABLE,RELIABLE,RELIABLE,RELIABLE,RELIABLE,RELIABLE,RELIABLE,STATIONARY,STATIONARY,STATIONARY,STATIONARY,STATIONARY,STATIONARY,STATIONARY,STATIONARY,STATIONARY
123417,3680,4,SITTING_STILL,0.11194566,0.00064555,0.00576660,0.00595642,0.00832345,0.00746049,0.01354199,0.01716186,0.00882641,0.01476500,0.01802121,RELIABLE,RELIABLE,RELIABLE,RELIABLE,RELIABLE,RELIABLE,RELIABLE,RELIABLE,STATIONARY,STATIONARY,STATIONARY,STATIONARY,STATIONARY,STATIONARY,STATIONARY,STATIONARY,STATIONARY
123449,3681,4,SITTING_STILL,0.11256157,0.00064993,0.00577398,0.00617041,0.00835062,0.00807906,0.01431610,0.01954330,0.00948443,0.01528583,0.01667169,RELIABLE,RELIABLE,RELIABLE,RELIABLE,RELIABLE,RELIABLE,RELIABLE,RELIABLE,STATIONARY,STATIONARY,STATIONARY,STATIONARY,STATIONARY,STATIONARY,STATIONARY,STATIONARY,STATIONARY
123478,3682,4,SITTING_STILL,0.11323318,0.00032496,0.00286987,0.00541707,0.00700517,0.00698954,0.01207210,0.01845577,0.00798021,0.01376484,0.01495344,RELIABLE,RELIABLE,RELIABLE,RELIABLE,RELIABLE,RELIABLE,RELIABLE,RELIABLE,STATIONARY,STATIONARY,STATIONARY,STATIONARY,STATIONARY,STATIONARY,STATIONARY,STATIONARY,STATIONARY
123510,3683,4,SITTING_STILL,0.11361518,0.00081271,0.00715319,0.00511639,0.00599527,0.00658176,0.01202598,0.01941045,0.00835361,0.01399978,0.01509646,RELIABLE,RELIABLE,RELIABLE,RELIABLE,RELIABLE,RELIABLE,RELIABLE,RELIABLE,STATIONARY,STATIONARY,STATIONARY,STATIONARY,STATIONARY,STATIONARY,STATIONARY,STATIONARY,STATIONARY
123541,3684,4,SITTING_STILL,0.11376170,0.00070616,0.00620733,0.00527545,0.00596273,0.00611871,0.01059930,0.01837510,0.00800209,0.01327469,0.01506577,RELIABLE,RELIABLE,RELIABLE,RELIABLE,RELIABLE,RELIABLE,RELIABLE,RELIABLE,STATIONARY,STATIONARY,STATIONARY,STATIONARY,STATIONARY,STATIONARY,STATIONARY,STATIONARY,STATIONARY
123572,3685,4,SITTING_STILL,0.11427364,0.00090759,0.00794223,0.00567613,0.00596469,0.00676781,0.01037410,0.01799707,0.00810932,0.01315909,0.01539823,RELIABLE,RELIABLE,RELIABLE,RELIABLE,RELIABLE,RELIABLE,RELIABLE,RELIABLE,STATIONARY,STATIONARY,STATIONARY,STATIONARY,STATIONARY,STATIONARY,STATIONARY,STATIONARY,STATIONARY
123609,3686,4,SITTING_STILL,0.11417884,0.00046675,0.00408786,0.00590532,0.00570174,0.00683925,0.00962710,0.01618749,0.00757048,0.01218217,0.01440881,RELIABLE,RELIABLE,RELIABLE,RELIABLE,RELIABLE,RELIABLE,RELIABLE,RELIABLE,STATIONARY,STATIONARY,STATIONARY,STATIONARY,STATIONARY,STATIONARY,STATIONARY,STATIONARY,STATIONARY
123642,3687,4,SITTING_STILL,0.11395066,0.00112893,0.00990722,0.00621354,0.00508027,0.00669645,0.00971335,0.01774546,0.00643752,0.01132104,0.01282012,RELIABLE,RELIABLE,RELIABLE,RELIABLE,RELIABLE,RELIABLE,RELIABLE,RELIABLE,STATIONARY,STATIONARY,STATIONARY,STATIONARY,STATIONARY,STATIONARY,STATIONARY,STATIONARY,STATIONARY
123674,3688,4,SITTING_STILL,0.11296408,0.00052383,0.00463718,0.00607236,0.00452744,0.00648322,0.01089191,0.01888622,0.00740754,0.01210166,0.01265666,RELIABLE,RELIABLE,RELIABLE,RELIABLE,RELIABLE,RELIABLE,RELIABLE,RELIABLE,STATIONARY,STATIONARY,STATIONARY,STATIONARY,STATIONARY,STATIONARY,STATIONARY,STATIONARY,STATIONARY
123714,3689,4,SITTING_STILL,0.11313254,0.00085068,0.00751932,0.00629053,0.00475301,0.00692576,0.01134844,0.01905165,0.00689701,0.01184643,0.01190792,RELIABLE,RELIABLE,RELIABLE,RELIABLE,RELIABLE,RELIABLE,RELIABLE,RELIABLE,STATIONARY,STATIONARY,STATIONARY,STATIONARY,STATIONARY,STATIONARY,STATIONARY,STATIONARY,STATIONARY
123745,3690,4,SITTING_STILL,0.11281537,0.00037055,0.00328456,0.00634236,0.00485667,0.00662209,0.01142088,0.01894046,0.00804363,0.01347290,0.01260197,RELIABLE,RELIABLE,RELIABLE,RELIABLE,RELIABLE,RELIABLE,RELIABLE,RELIABLE,STATIONARY,STATIONARY,STATIONARY,STATIONARY,STATIONARY,STATIONARY,STATIONARY,STATIONARY,STATIONARY
123785,3691,4,SITTING_STILL,0.11276021,0.00027968,0.00248031,0.00575825,0.00456405,0.00593455,0.01121191,0.01869900,0.00780810,0.01255215,0.01298308,RELIABLE,RELIABLE,RELIABLE,RELIABLE,RELIABLE,RELIABLE,RELIABLE,RELIABLE,STATIONARY,STATIONARY,STATIONARY,STATIONARY,STATIONARY,STATIONARY,STATIONARY,STATIONARY,STATIONARY
123822,3692,4,SITTING_STILL,0.11255355,0.00036160,0.00321273,0.00538393,0.00471074,0.00645172,0.01177867,0.01798248,0.00796318,0.01383805,0.01211483,RELIABLE,RELIABLE,RELIABLE,RELIABLE,RELIABLE,RELIABLE,RELIABLE,RELIABLE,STATIONARY,STATIONARY,STATIONARY,STATIONARY,STATIONARY,STATIONARY,STATIONARY,STATIONARY,STATIONARY
123853,3693,4,SITTING_STILL,0.11236090,0.00018080,0.00160912,0.00459229,0.00414396,0.00543380,0.01163857,0.01709713,0.00715507,0.01344729,0.01061978,RELIABLE,RELIABLE,RELIABLE,RELIABLE,RELIABLE,RELIABLE,RELIABLE,RELIABLE,STATIONARY,STATIONARY,STATIONARY,STATIONARY,STATIONARY,STATIONARY,STATIONARY,STATIONARY,STATIONARY
123885,3694,4,SITTING_STILL,0.11203283,0.00042960,0.00383462,0.00456063,0.00491407,0.00570543,0.01212767,0.01826385,0.00857594,0.01607164,0.01336894,RELIABLE,RELIABLE,RELIABLE,RELIABLE,RELIABLE,RELIABLE,RELIABLE,RELIABLE,STATIONARY,STATIONARY,STATIONARY,STATIONARY,STATIONARY,STATIONARY,STATIONARY,STATIONARY,STATIONARY
123916,3695,4,SITTING_STILL,0.11222047,0.00107120,0.00954546,0.00451541,0.00529645,0.00573476,0.01215001,0.01701989,0.00998892,0.01665522,0.01396275,RELIABLE,RELIABLE,RELIABLE,RELIABLE,RELIABLE,RELIABLE,RELIABLE,RELIABLE,STATIONARY,STATIONARY,STATIONARY,STATIONARY,STATIONARY,STATIONARY,STATIONARY,STATIONARY,STATIONARY
123948,3696,4,SITTING_STILL,0.11295156,0.00081111,0.00718100,0.00483339,0.00574309,0.00581334,0.01048493,0.01857864,0.00998415,0.01719672,0.01407713,RELIABLE,RELIABLE,RELIABLE,RELIABLE,RELIABLE,RELIABLE,RELIABLE,RELIABLE,STATIONARY,STATIONARY,STATIONARY,STATIONARY,STATIONARY,STATIONARY,STATIONARY,STATIONARY,STATIONARY
123980,3697,4,SITTING_STILL,0.11322190,0.00064269,0.00567634,0.00460302,0.00634985,0.00632859,0.01084456,0.01617062,0.01021544,0.01745244,0.01454799,RELIABLE,RELIABLE,RELIABLE,RELIABLE,RELIABLE,RELIABLE,RELIABLE,RELIABLE,STATIONARY,STATIONARY,STATIONARY,STATIONARY,STATIONARY,STATIONARY,STATIONARY,STATIONARY,STATIONARY
124012,3698,4,SITTING_STILL,0.11424782,0.00062017,0.00542827,0.00487098,0.00688102,0.00717895,0.01257845,0.01648756,0.01084107,0.01847013,0.01510382,RELIABLE,RELIABLE,RELIABLE,RELIABLE,RELIABLE,RELIABLE,RELIABLE,RELIABLE,STATIONARY,STATIONARY,STATIONARY,STATIONARY,STATIONARY,STATIONARY,STATIONARY,STATIONARY,STATIONARY
124044,3699,4,SITTING_STILL,0.11470811,0.00041400,0.00360917,0.00501209,0.00728884,0.00766533,0.01420296,0.01760445,0.01135231,0.02025413,0.01500770,RELIABLE,RELIABLE,RELIABLE,RELIABLE,RELIABLE,RELIABLE,RELIABLE,RELIABLE,STATIONARY,STATIONARY,STATIONARY,STATIONARY,STATIONARY,STATIONARY,STATIONARY,STATIONARY,STATIONARY
124075,3700,4,SITTING_STILL,0.11477657,0.00023559,0.00205263,0.00486708,0.00662990,0.00702947,0.01366302,0.01820320,0.01139967,0.02000282,0.01429366,RELIABLE,RELIABLE,RELIABLE,RELIABLE,RELIABLE,RELIABLE,RELIABLE,RELIABLE,STATIONARY,STATIONARY,STATIONARY,STATIONARY,STATIONARY,STATIONARY,STATIONARY,STATIONARY,STATIONARY
124106,3701,4,SITTING_STILL,0.11541801,0.00063867,0.00553356,0.00535763,0.00685536,0.00684904,0.01475971,0.01963120,0.01196044,0.02091484,0.01455400,RELIABLE,RELIABLE,RELIABLE,RELIABLE,RELIABLE,RELIABLE,RELIABLE,RELIABLE,STATIONARY,STATIONARY,STATIONARY,STATIONARY,STATIONARY,STATIONARY,STATIONARY,STATIONARY,STATIONARY
124138,3702,4,SITTING_STILL,0.11547923,0.00067402,0.00583675,0.00560790,0.00625481,0.00739448,0.01453491,0.02000661,0.01102695,0.01817078,0.01387535,RELIABLE,RELIABLE,RELIABLE,RELIABLE,RELIABLE,RELIABLE,RELIABLE,RELIABLE,STATIONARY,STATIONARY,STATIONARY,STATIONARY,STATIONARY,STATIONARY,STATIONARY,STATIONARY,STATIONARY
124186,3703,4,SITTING_STILL,0.11569073,0.00031121,0.00268999,0.00475096,0.00535222,0.00602082,0.01413881,0.02040638,0.00972919,0.01794459,0.01387990,RELIABLE,RELIABLE,RELIABLE,RELIABLE,RELIABLE,RELIABLE,RELIABLE,RELIABLE,STATIONARY,STATIONARY,STATIONARY,STATIONARY,STATIONARY,STATIONARY,STATIONARY,STATIONARY,STATIONARY
124217,3704,4,SITTING_STILL,0.11579527,0.00094451,0.00815672,0.00487293,0.00519617,0.00569141,0.01429644,0.01781938,0.00900827,0.01742713,0.01314014,RELIABLE,RELIABLE,RELIABLE,RELIABLE,RELIABLE,RELIABLE,RELIABLE,RELIABLE,STATIONARY,STATIONARY,STATIONARY,STATIONARY,STATIONARY,STATIONARY,STATIONARY,STATIONARY,STATIONARY
124247,3705,4,SITTING_STILL,0.11584806,0.00047225,0.00407650,0.00467295,0.00435525,0.00424188,0.01263606,0.01722832,0.00835494,0.01649840,0.01172101,RELIABLE,RELIABLE,RELIABLE,RELIABLE,RELIABLE,RELIABLE,RELIABLE,RELIABLE,STATIONARY,STATIONARY,STATIONARY,STATIONARY,STATIONARY,STATIONARY,STATIONARY,STATIONARY,STATIONARY
124279,3706,4,SITTING_STILL,0.11598543,0.00060457,0.00521248,0.00464598,0.00382998,0.00362467,0.01177417,0.01710446,0.00734048,0.01605236,0.01094801,RELIABLE,RELIABLE,RELIABLE,RELIABLE,RELIABLE,RELIABLE,RELIABLE,RELIABLE,STATIONARY,STATIONARY,STATIONARY,STATIONARY,STATIONARY,STATIONARY,STATIONARY,STATIONARY,STATIONARY
124311,3707,4,SITTING_STILL,0.11636600,0.00044734,0.00384428,0.00467536,0.00336446,0.00301615,0.01058459,0.01683339,0.00695468,0.01475394,0.01105748,RELIABLE,RELIABLE,RELIABLE,RELIABLE,RELIABLE,RELIABLE,RELIABLE,RELIABLE,STATIONARY,STATIONARY,STATIONARY,STATIONARY,STATIONARY,STATIONARY,STATIONARY,STATIONARY,STATIONARY
124343,3708,4,SITTING_STILL,0.11650747,0.00048060,0.00412509,0.00493442,0.00363776,0.00312277,0.01100173,0.01807400,0.00702320,0.01575973,0.01135085,RELIABLE,RELIABLE,RELIABLE,RELIABLE,RELIABLE,RELIABLE,RELIABLE,RELIABLE,STATIONARY,STATIONARY,STATIONARY,STATIONARY,STATIONARY,STATIONARY,STATIONARY,STATIONARY,STATIONARY
124374,3709,4,SITTING_STILL,0.11665865,0.00073015,0.00625890,0.00502509,0.00332616,0.00314149,0.01033003,0.01884312,0.00772376,0.01685908,0.01261138,RELIABLE,RELIABLE,RELIABLE,RELIABLE,RELIABLE,RELIABLE,RELIABLE,RELIABLE,STATIONARY,STATIONARY,STATIONARY,STATIONARY,STATIONARY,STATIONARY,STATIONARY,STATIONARY,STATIONARY
124410,3710,4,SITTING_STILL,0.11640313,0.00091424,0.00785410,0.00527726,0.00425298,0.00377533,0.01091785,0.01927300,0.00791397,0.01973442,0.01245356,RELIABLE,RELIABLE,RELIABLE,RELIABLE,RELIABLE,RELIABLE,RELIABLE,RELIABLE,STATIONARY,STATIONARY,STATIONARY,STATIONARY,STATIONARY,STATIONARY,STATIONARY,STATIONARY,STATIONARY
124441,3711,4,SITTING_STILL,0.11583610,0.00079128,0.00683099,0.00579488,0.00478987,0.00445859,0.01210582,0.02004757,0.00917641,0.01963064,0.01329937,RELIABLE,RELIABLE,RELIABLE,RELIABLE,RELIABLE,RELIABLE,RELIABLE,RELIABLE,STATIONARY,STATIONARY,STATIONARY,STATIONARY,STATIONARY,STATIONARY,STATIONARY,STATIONARY,STATIONARY
124473,3712,4,SITTING_STILL,0.11546406,0.00047518,0.00411541,0.00528972,0.00426136,0.00459577,0.01339347,0.01959805,0.00913482,0.01995268,0.01357495,RELIABLE,RELIABLE,RELIABLE,RELIABLE,RELIABLE,RELIABLE,RELIABLE,RELIABLE,STATIONARY,STATIONARY,STATIONARY,STATIONARY,STATIONARY,STATIONARY,STATIONARY,STATIONARY,STATIONARY
124505,3713,4,SITTING_STILL,0.11542166,0.00046739,0.00404940,0.00528633,0.00404348,0.00483097,0.01380765,0.01924177,0.00932287,0.02178403,0.01413346,RELIABLE,RELIABLE,RELIABLE,RELIABLE,RELIABLE,RELIABLE,RELIABLE,RELIABLE,STATIONARY,STATIONARY,STATIONARY,STATIONARY,STATIONARY,STATIONARY,STATIONARY,STATIONARY,STATIONARY
124546,3714,4,SITTING_STILL,0.11564791,0.00084514,0.00730791,0.00554826,0.00395706,0.00526666,0.01321941,0.01881892,0.00917701,0.02079109,0.01384900,RELIABLE,RELIABLE,RELIABLE,RELIABLE,RELIABLE,RELIABLE,RELIABLE,RELIABLE,STATIONARY,STATIONARY,STATIONARY,STATIONARY,STATIONARY,STATIONARY,STATIONARY,STATIONARY,STATIONARY
124586,3715,4,SITTING_STILL,0.11567388,0.00052255,0.00451743,0.00563240,0.00413243,0.00516057,0.01240303,0.01705330,0.00937184,0.02259463,0.01406477,RELIABLE,RELIABLE,RELIABLE,RELIABLE,RELIABLE,RELIABLE,RELIABLE,RELIABLE,STATIONARY,STATIONARY,STATIONARY,STATIONARY,STATIONARY,STATIONARY,STATIONARY,STATIONARY,STATIONARY
124626,3716,4,SITTING_STILL,0.11564408,0.00026127,0.00225930,0.00539918,0.00391739,0.00492028,0.01142577,0.01437935,0.00930536,0.02144318,0.01408062,RELIABLE,RELIABLE,RELIABLE,RELIABLE,RELIABLE,RELIABLE,RELIABLE,RELIABLE,STATIONARY,STATIONARY,STATIONARY,STATIONARY,STATIONARY,STATIONARY,STATIONARY,STATIONARY,STATIONARY
124657,3717,4,SITTING_STILL,0.11605779,0.00053990,0.00465201,0.00519832,0.00383111,0.00514651,0.01262232,0.01606561,0.00899478,0.02233818,0.01311789,RELIABLE,RELIABLE,RELIABLE,RELIABLE,RELIABLE,RELIABLE,RELIABLE,RELIABLE,STATIONARY,STATIONARY,STATIONARY,STATIONARY,STATIONARY,STATIONARY,STATIONARY,STATIONARY,STATIONARY
124689,3718,4,SITTING_STILL,0.11566972,0.00057984,0.00501287,0.00484316,0.00384663,0.00515189,0.01241621,0.01381695,0.00966057,0.02250836,0.01386880,RELIABLE,RELIABLE,RELIABLE,RELIABLE,RELIABLE,RELIABLE,RELIABLE,RELIABLE,STATIONARY,STATIONARY,STATIONARY,STATIONARY,STATIONARY,STATIONARY,STATIONARY,STATIONARY,STATIONARY
124721,3719,4,SITTING_STILL,0.11538518,0.00024824,0.00215139,0.00425821,0.00294685,0.00435271,0.01183894,0.01256498,0.00856222,0.02316726,0.01277633,RELIABLE,RELIABLE,RELIABLE,RELIABLE,RELIABLE,RELIABLE,RELIABLE,RELIABLE,STATIONARY,STATIONARY,STATIONARY,STATIONARY,STATIONARY,STATIONARY,STATIONARY,STATIONARY,STATIONARY
124753,3720,4,SITTING_STILL,0.11490334,0.00049680,0.00432360,0.00428424,0.00329890,0.00475636,0.01382797,0.01451106,0.00934166,0.02278838,0.01446469,RELIABLE,RELIABLE,RELIABLE,RELIABLE,RELIABLE,RELIABLE,RELIABLE,RELIABLE,STATIONARY,STATIONARY,STATIONARY,STATIONARY,STATIONARY,STATIONARY,STATIONARY,STATIONARY,STATIONARY
124784,3721,4,SITTING_STILL,0.11524158,0.00062252,0.00540189,0.00445330,0.00361453,0.00489842,0.01507106,0.01750222,0.00959049,0.02283074,0.01530283,RELIABLE,RELIABLE,RELIABLE,RELIABLE,RELIABLE,RELIABLE,RELIABLE,RELIABLE,STATIONARY,STATIONARY,STATIONARY,STATIONARY,STATIONARY,STATIONARY,STATIONARY,STATIONARY,STATIONARY
124816,3722,4,SITTING_STILL,0.11494450,0.00118668,0.01032398,0.00483031,0.00492390,0.00567952,0.01549804,0.01996826,0.00973888,0.02283830,0.01566812,RELIABLE,RELIABLE,RELIABLE,RELIABLE,RELIABLE,RELIABLE,RELIABLE,RELIABLE,STATIONARY,STATIONARY,STATIONARY,STATIONARY,STATIONARY,STATIONARY,STATIONARY,STATIONARY,STATIONARY
124847,3723,4,SITTING_STILL,0.11541780,0.00053609,0.00464479,0.00484623,0.00464768,0.00617856,0.01631840,0.02086016,0.01031289,0.02277498,0.01533160,RELIABLE,RELIABLE,RELIABLE,RELIABLE,RELIABLE,RELIABLE,RELIABLE,RELIABLE,STATIONARY,STATIONARY,STATIONARY,STATIONARY,STATIONARY,STATIONARY,STATIONARY,STATIONARY,STATIONARY
124878,3724,4,SITTING_STILL,0.11526300,0.00083547,0.00724835,0.00546986,0.00562852,0.00759758,0.01752399,0.02221602,0.01123096,0.02401316,0.01608320,RELIABLE,RELIABLE,RELIABLE,RELIABLE,RELIABLE,RELIABLE,RELIABLE,RELIABLE,STATIONARY,STATIONARY,STATIONARY,STATIONARY,STATIONARY,STATIONARY,STATIONARY,STATIONARY,STATIONARY
124910,3725,4,SITTING_STILL,0.11501542,0.00129330,0.01124459,0.00629393,0.00694807,0.00813481,0.01661933,0.02082620,0.01162313,0.02260070,0.01724040,RELIABLE,RELIABLE,RELIABLE,RELIABLE,RELIABLE,RELIABLE,RELIABLE,RELIABLE,STATIONARY,STATIONARY,STATIONARY,STATIONARY,STATIONARY,STATIONARY,STATIONARY,STATIONARY,STATIONARY
124954,3726,4,SITTING_STILL,0.11506191,0.00104520,0.00908384,0.00680280,0.00741566,0.00830282,0.01672869,0.02210421,0.01036501,0.01971776,0.01647912,RELIABLE,RELIABLE,RELIABLE,RELIABLE,RELIABLE,RELIABLE,RELIABLE,RELIABLE,STATIONARY,STATIONARY,STATIONARY,STATIONARY,STATIONARY,STATIONARY,STATIONARY,STATIONARY,STATIONARY
124989,3727,4,SITTING_STILL,0.11510585,0.00113178,0.00983250,0.00776294,0.00869600,0.00959013,0.01755378,0.02370652,0.01029816,0.01926808,0.01687843,RELIABLE,RELIABLE,RELIABLE,RELIABLE,RELIABLE,RELIABLE,RELIABLE,RELIABLE,STATIONARY,STATIONARY,STATIONARY,STATIONARY,STATIONARY,STATIONARY,STATIONARY,STATIONARY,STATIONARY
125021,3728,4,SITTING_STILL,0.11514256,0.00056589,0.00491468,0.00783683,0.00870628,0.00924104,0.01362311,0.02197520,0.00913598,0.01793969,0.01464832,RELIABLE,RELIABLE,RELIABLE,RELIABLE,RELIABLE,RELIABLE,RELIABLE,RELIABLE,STATIONARY,STATIONARY,STATIONARY,STATIONARY,STATIONARY,STATIONARY,STATIONARY,STATIONARY,STATIONARY
125053,3729,4,SITTING_STILL,0.11575761,0.00058327,0.00503875,0.00779144,0.00894014,0.00949198,0.01229054,0.02035984,0.01006223,0.01769858,0.01474480,RELIABLE,RELIABLE,RELIABLE,RELIABLE,RELIABLE,RELIABLE,RELIABLE,RELIABLE,STATIONARY,STATIONARY,STATIONARY,STATIONARY,STATIONARY,STATIONARY,STATIONARY,STATIONARY,STATIONARY
125084,3730,4,SITTING_STILL,0.11571691,0.00054828,0.00473811,0.00709320,0.00800916,0.00879898,0.01206326,0.01795019,0.00949747,0.01712922,0.01412237,RELIABLE,RELIABLE,RELIABLE,RELIABLE,RELIABLE,RELIABLE,RELIABLE,RELIABLE,STATIONARY,STATIONARY,STATIONARY,STATIONARY,STATIONARY,STATIONARY,STATIONARY,STATIONARY,STATIONARY
125115,3731,4,SITTING_STILL,0.11560571,0.00062327,0.00539134,0.00718652,0.00824947,0.00863219,0.01312202,0.01891637,0.00974024,0.01818850,0.01534923,RELIABLE,RELIABLE,RELIABLE,RELIABLE,RELIABLE,RELIABLE,RELIABLE,RELIABLE,STATIONARY,STATIONARY,STATIONARY,STATIONARY,STATIONARY,STATIONARY,STATIONARY,STATIONARY,STATIONARY
125146,3732,4,SITTING_STILL,0.11597633,0.00077966,0.00672257,0.00712080,0.00802563,0.00836721,0.01466399,0.01862484,0.00955759,0.01757066,0.01476192,RELIABLE,RELIABLE,RELIABLE,RELIABLE,RELIABLE,RELIABLE,RELIABLE,RELIABLE,STATIONARY,STATIONARY,STATIONARY,STATIONARY,STATIONARY,STATIONARY,STATIONARY,STATIONARY,STATIONARY
125177,3733,4,SITTING_STILL,0.11572393,0.00038851,0.00335724,0.00613488,0.00684753,0.00780305,0.01469715,0.01973775,0.00896330,0.01685735,0.01360038,RELIABLE,RELIABLE,RELIABLE,RELIABLE,RELIABLE,RELIABLE,RELIABLE,RELIABLE,STATIONARY,STATIONARY,STATIONARY,STATIONARY,STATIONARY,STATIONARY,STATIONARY,STATIONARY,STATIONARY
125209,3734,4,SITTING_STILL,0.11523281,0.00054200,0.00470349,0.00558733,0.00580209,0.00718635,0.01497073,0.01795987,0.00942608,0.01874424,0.01250333,RELIABLE,RELIABLE,RELIABLE,RELIABLE,RELIABLE,RELIABLE,RELIABLE,RELIABLE,STATIONARY,STATIONARY,STATIONARY,STATIONARY,STATIONARY,STATIONARY,STATIONARY,STATIONARY,STATIONARY
125242,3735,4,SITTING_STILL,0.11448365,0.00073912,0.00645611,0.00516529,0.00545983,0.00686094,0.01375511,0.01809845,0.01038874,0.01855142,0.01354320,RELIABLE,RELIABLE,RELIABLE,RELIABLE,RELIABLE,RELIABLE,RELIABLE,RELIABLE,STATIONARY,STATIONARY,STATIONARY,STATIONARY,STATIONARY,STATIONARY,STATIONARY,STATIONARY,STATIONARY
125273,3736,4,SITTING_STILL,0.11453587,0.00109932,0.00959801,0.00575070,0.00555290,0.00747851,0.01447705,0.02141608,0.01296518,0.02124164,0.01433750,RELIABLE,RELIABLE,RELIABLE,RELIABLE,RELIABLE,RELIABLE,RELIABLE,RELIABLE,STATIONARY,STATIONARY,STATIONARY,STATIONARY,STATIONARY,STATIONARY,STATIONARY,STATIONARY,STATIONARY
125306,3737,4,SITTING_STILL,0.11457359,0.00118444,0.01033777,0.00641308,0.00599004,0.00733931,0.01424533,0.02276265,0.01217067,0.02078730,0.01352614,RELIABLE,RELIABLE,RELIABLE,RELIABLE,RELIABLE,RELIABLE,RELIABLE,RELIABLE,STATIONARY,STATIONARY,STATIONARY,STATIONARY,STATIONARY,STATIONARY,STATIONARY,STATIONARY,STATIONARY
125355,3738,4,SITTING_STILL,0.11426564,0.00091024,0.00796603,0.00681657,0.00667960,0.00733486,0.01525190,0.02349610,0.01347373,0.02200702,0.01472986,RELIABLE,RELIABLE,RELIABLE,RELIABLE,RELIABLE,RELIABLE,RELIABLE,RELIABLE,STATIONARY,STATIONARY,STATIONARY,STATIONARY,STATIONARY,STATIONARY,STATIONARY,STATIONARY,STATIONARY
125382,3739,4,SITTING_STILL,0.11395303,0.00045512,0.00399394,0.00664189,0.00697131,0.00731794,0.01407113,0.02154017,0.01264295,0.01934389,0.01281967,RELIABLE,RELIABLE,RELIABLE,RELIABLE,RELIABLE,RELIABLE,RELIABLE,RELIABLE,STATIONARY,STATIONARY,STATIONARY,STATIONARY,STATIONARY,STATIONARY,STATIONARY,STATIONARY,STATIONARY
125414,3740,4,SITTING_STILL,0.11434554,0.00031154,0.00272455,0.00614214,0.00645014,0.00649768,0.01340289,0.02352121,0.01351336,0.01923673,0.01425782,RELIABLE,RELIABLE,RELIABLE,RELIABLE,RELIABLE,RELIABLE,RELIABLE,RELIABLE,STATIONARY,STATIONARY,STATIONARY,STATIONARY,STATIONARY,STATIONARY,STATIONARY,STATIONARY,STATIONARY
125445,3741,4,SITTING_STILL,0.11447916,0.00064908,0.00566982,0.00643122,0.00636666,0.00683463,0.01407074,0.02051932,0.01374336,0.01891896,0.01542496,RELIABLE,RELIABLE,RELIABLE,RELIABLE,RELIABLE,RELIABLE,RELIABLE,RELIABLE,STATIONARY,STATIONARY,STATIONARY,STATIONARY,STATIONARY,STATIONARY,STATIONARY,STATIONARY,STATIONARY
125475,3742,4,SITTING_STILL,0.11465454,0.00166072,0.01448456,0.00765385,0.00800553,0.00735256,0.01517583,0.02631503,0.01427625,0.01988185,0.01630448,RELIABLE,RELIABLE,RELIABLE,RELIABLE,RELIABLE,RELIABLE,RELIABLE,RELIABLE,STATIONARY,STATIONARY,STATIONARY,STATIONARY,STATIONARY,STATIONARY,STATIONARY,STATIONARY,STATIONARY
125507,3743,4,SITTING_STILL,0.11505006,0.00083181,0.00722998,0.00775058,0.00802831,0.00689826,0.01699243,0.02763896,0.01446120,0.02103761,0.01621807,RELIABLE,RELIABLE,RELIABLE,RELIABLE,RELIABLE,RELIABLE,RELIABLE,RELIABLE,STATIONARY,STATIONARY,STATIONARY,STATIONARY,STATIONARY,STATIONARY,STATIONARY,STATIONARY,STATIONARY
125537,3744,4,SITTING_STILL,0.11550668,0.00072830,0.00630523,0.00733899,0.00811479,0.00623208,0.01618756,0.02423899,0.01184512,0.01933049,0.01606980,RELIABLE,RELIABLE,RELIABLE,RELIABLE,RELIABLE,RELIABLE,RELIABLE,RELIABLE,STATIONARY,STATIONARY,STATIONARY,STATIONARY,STATIONARY,STATIONARY,STATIONARY,STATIONARY,STATIONARY
125569,3745,4,SITTING_STILL,0.11493030,0.00083368,0.00725377,0.00695349,0.00737547,0.00658614,0.01684261,0.02401792,0.01286965,0.02041610,0.01644574,RELIABLE,RELIABLE,RELIABLE,RELIABLE,RELIABLE,RELIABLE,RELIABLE,RELIABLE,STATIONARY,STATIONARY,STATIONARY,STATIONARY,STATIONARY,STATIONARY,STATIONARY,STATIONARY,STATIONARY
125610,3746,4,SITTING_STILL,0.11525471,0.00149210,0.01294607,0.00757599,0.00737395,0.00672889,0.01629343,0.02505946,0.01241533,0.02214831,0.01660579,RELIABLE,RELIABLE,RELIABLE,RELIABLE,RELIABLE,RELIABLE,RELIABLE,RELIABLE,STATIONARY,STATIONARY,STATIONARY,STATIONARY,STATIONARY,STATIONARY,STATIONARY,STATIONARY,STATIONARY
125648,3747,4,SITTING_STILL,0.11549503,0.00056184,0.00486462,0.00768483,0.00703745,0.00677226,0.01644830,0.02685282,0.01288774,0.02309936,0.01757089,RELIABLE,RELIABLE,RELIABLE,RELIABLE,RELIABLE,RELIABLE,RELIABLE,RELIABLE,STATIONARY,STATIONARY,STATIONARY,STATIONARY,STATIONARY,STATIONARY,STATIONARY,STATIONARY,STATIONARY
125679,3748,4,SITTING_STILL,0.11502902,0.00097474,0.00847390,0.00840349,0.00728724,0.00676456,0.01756258,0.02663338,0.01303116,0.02581963,0.01769373,RELIABLE,RELIABLE,RELIABLE,RELIABLE,RELIABLE,RELIABLE,RELIABLE,RELIABLE,STATIONARY,STATIONARY,STATIONARY,STATIONARY,STATIONARY,STATIONARY,STATIONARY,STATIONARY,STATIONARY
125722,3749,4,SITTING_STILL,0.11485562,0.00076388,0.00665075,0.00852611,0.00809735,0.00732674,0.01707696,0.02680404,0.01314107,0.02778593,0.01675817,RELIABLE,RELIABLE,RELIABLE,RELIABLE,RELIABLE,RELIABLE,RELIABLE,RELIABLE,STATIONARY,STATIONARY,STATIONARY,STATIONARY,STATIONARY,STATIONARY,STATIONARY,STATIONARY,STATIONARY
125759,3750,4,SITTING_STILL,0.11501574,0.00035357,0.00307411,0.00709980,0.00606204,0.00600754,0.01613961,0.02141676,0.01256469,0.02609450,0.01762634,RELIABLE,RELIABLE,RELIABLE,RELIABLE,RELIABLE,RELIABLE,RELIABLE,RELIABLE,STATIONARY,STATIONARY,STATIONARY,STATIONARY,STATIONARY,STATIONARY,STATIONARY,STATIONARY,STATIONARY
125789,3751,4,SITTING_STILL,0.11522157,0.00017679,0.00153431,0.00638784,0.00507311,0.00548365,0.01434264,0.01723309,0.01104776,0.02423782,0.01640937,RELIABLE,RELIABLE,RELIABLE,RELIABLE,RELIABLE,RELIABLE,RELIABLE,RELIABLE,STATIONARY,STATIONARY,STATIONARY,STATIONARY,STATIONARY,STATIONARY,STATIONARY,STATIONARY,STATIONARY
125820,3752,4,SITTING_STILL,0.11535950,0.00016948,0.00146914,0.00578333,0.00450460,0.00503951,0.01473155,0.01901393,0.01205101,0.02548723,0.01918002,RELIABLE,RELIABLE,RELIABLE,RELIABLE,RELIABLE,RELIABLE,RELIABLE,RELIABLE,STATIONARY,STATIONARY,STATIONARY,STATIONARY,STATIONARY,STATIONARY,STATIONARY,STATIONARY,STATIONARY
125852,3753,4,SITTING_STILL,0.11402891,0.00113575,0.00996023,0.00612164,0.00441572,0.00504425,0.01582828,0.01795472,0.01366833,0.02667808,0.01959534,RELIABLE,RELIABLE,RELIABLE,RELIABLE,RELIABLE,RELIABLE,RELIABLE,RELIABLE,STATIONARY,STATIONARY,STATIONARY,STATIONARY,STATIONARY,STATIONARY,STATIONARY,STATIONARY,STATIONARY
125885,3754,4,SITTING_STILL,0.11419045,0.00089149,0.00780701,0.00547926,0.00376155,0.00505169,0.01668551,0.01845183,0.01417321,0.02647605,0.01926258,RELIABLE,RELIABLE,RELIABLE,RELIABLE,RELIABLE,RELIABLE,RELIABLE,RELIABLE,STATIONARY,STATIONARY,STATIONARY,STATIONARY,STATIONARY,STATIONARY,STATIONARY,STATIONARY,STATIONARY
125916,3755,4,SITTING_STILL,0.11510350,0.00047689,0.00414316,0.00538907,0.00380576,0.00484652,0.01761263,0.01671598,0.01535440,0.02676168,0.01972471,RELIABLE,RELIABLE,RELIABLE,RELIABLE,RELIABLE,RELIABLE,RELIABLE,RELIABLE,STATIONARY,STATIONARY,STATIONARY,STATIONARY,STATIONARY,STATIONARY,STATIONARY,STATIONARY,STATIONARY
125947,3756,4,SITTING_STILL,0.11453466,0.00081125,0.00708298,0.00521521,0.00391080,0.00570426,0.01655964,0.01736931,0.01564510,0.02477207,0.01935487,RELIABLE,RELIABLE,RELIABLE,RELIABLE,RELIABLE,RELIABLE,RELIABLE,RELIABLE,STATIONARY,STATIONARY,STATIONARY,STATIONARY,STATIONARY,STATIONARY,STATIONARY,STATIONARY,STATIONARY
125979,3757,4,SITTING_STILL,0.11438268,0.00030425,0.00265992,0.00471636,0.00315550,0.00478023,0.01669600,0.01723794,0.01517037,0.02221759,0.01996893,RELIABLE,RELIABLE,RELIABLE,RELIABLE,RELIABLE,RELIABLE,RELIABLE,RELIABLE,STATIONARY,STATIONARY,STATIONARY,STATIONARY,STATIONARY,STATIONARY,STATIONARY,STATIONARY,STATIONARY
126011,3758,4,SITTING_STILL,0.11457286,0.00052675,0.00459749,0.00490678,0.00354786,0.00525721,0.01637172,0.02124044,0.01466326,0.02115096,0.01746766,RELIABLE,RELIABLE,RELIABLE,RELIABLE,RELIABLE,RELIABLE,RELIABLE,RELIABLE,STATIONARY,STATIONARY,STATIONARY,STATIONARY,STATIONARY,STATIONARY,STATIONARY,STATIONARY,STATIONARY
126043,3759,4,SITTING_STILL,0.11485900,0.00072524,0.00631420,0.00550427,0.00360792,0.00550588,0.01662185,0.02310609,0.01552113,0.02238056,0.01758833,RELIABLE,RELIABLE,RELIABLE,RELIABLE,RELIABLE,RELIABLE,RELIABLE,RELIABLE,STATIONARY,STATIONARY,STATIONARY,STATIONARY,STATIONARY,STATIONARY,STATIONARY,STATIONARY,STATIONARY
126074,3760,4,SITTING_STILL,0.11530876,0.00029262,0.00253771,0.00563784,0.00347061,0.00550847,0.01706314,0.02077310,0.01579946,0.02131073,0.01534771,RELIABLE,RELIABLE,RELIABLE,RELIABLE,RELIABLE,RELIABLE,RELIABLE,RELIABLE,STATIONARY,STATIONARY,STATIONARY,STATIONARY,STATIONARY,STATIONARY,STATIONARY,STATIONARY,STATIONARY
126122,3761,4,SITTING_STILL,0.11574490,0.00047185,0.00407660,0.00490238,0.00371523,0.00484366,0.01549268,0.02196937,0.01336380,0.01854206,0.01501232,RELIABLE,RELIABLE,RELIABLE,RELIABLE,RELIABLE,RELIABLE,RELIABLE,RELIABLE,STATIONARY,STATIONARY,STATIONARY,STATIONARY,STATIONARY,STATIONARY,STATIONARY,STATIONARY,STATIONARY
126153,3762,4,SITTING_STILL,0.11606882,0.00023592,0.00203261,0.00418059,0.00336855,0.00409192,0.01334072,0.01971274,0.01173812,0.01503134,0.01377067,RELIABLE,RELIABLE,RELIABLE,RELIABLE,RELIABLE,RELIABLE,RELIABLE,RELIABLE,STATIONARY,STATIONARY,STATIONARY,STATIONARY,STATIONARY,STATIONARY,STATIONARY,STATIONARY,STATIONARY
126185,3763,4,SITTING_STILL,0.11579082,0.00090303,0.00779877,0.00463754,0.00395125,0.00516002,0.01301493,0.02090359,0.01026716,0.01389936,0.01249545,RELIABLE,RELIABLE,RELIABLE,RELIABLE,RELIABLE,RELIABLE,RELIABLE,RELIABLE,STATIONARY,STATIONARY,STATIONARY,STATIONARY,STATIONARY,STATIONARY,STATIONARY,STATIONARY,STATIONARY
126217,3764,4,SITTING_STILL,0.11538513,0.00059790,0.00518179,0.00439989,0.00357026,0.00449328,0.01277828,0.02027471,0.00869506,0.01198714,0.01192476,RELIABLE,RELIABLE,RELIABLE,RELIABLE,RELIABLE,RELIABLE,RELIABLE,RELIABLE,STATIONARY,STATIONARY,STATIONARY,STATIONARY,STATIONARY,STATIONARY,STATIONARY,STATIONARY,STATIONARY
126249,3765,4,SITTING_STILL,0.11505980,0.00026498,0.00230294,0.00435526,0.00367180,0.00441575,0.01144871,0.02068908,0.00865247,0.01384266,0.01121484,RELIABLE,RELIABLE,RELIABLE,RELIABLE,RELIABLE,RELIABLE,RELIABLE,RELIABLE,STATIONARY,STATIONARY,STATIONARY,STATIONARY,STATIONARY,STATIONARY,STATIONARY,STATIONARY,STATIONARY
126279,3766,4,SITTING_STILL,0.11470555,0.00044852,0.00391018,0.00426935,0.00319330,0.00404688,0.01021227,0.01735710,0.00849753,0.01459824,0.01155949,RELIABLE,RELIABLE,RELIABLE,RELIABLE,RELIABLE,RELIABLE,RELIABLE,RELIABLE,STATIONARY,STATIONARY,STATIONARY,STATIONARY,STATIONARY,STATIONARY,STATIONARY,STATIONARY,STATIONARY
126311,3767,4,SITTING_STILL,0.11429109,0.00088544,0.00774720,0.00444847,0.00386036,0.00517583,0.00976485,0.01794841,0.00887477,0.01463156,0.01203134,RELIABLE,RELIABLE,RELIABLE,RELIABLE,RELIABLE,RELIABLE,RELIABLE,RELIABLE,STATIONARY,STATIONARY,STATIONARY,STATIONARY,STATIONARY,STATIONARY,STATIONARY,STATIONARY,STATIONARY
126343,3768,4,SITTING_STILL,0.11458984,0.00062738,0.00547498,0.00481563,0.00393953,0.00579315,0.00979968,0.01937523,0.00887793,0.01594319,0.01183552,RELIABLE,RELIABLE,RELIABLE,RELIABLE,RELIABLE,RELIABLE,RELIABLE,RELIABLE,STATIONARY,STATIONARY,STATIONARY,STATIONARY,STATIONARY,STATIONARY,STATIONARY,STATIONARY,STATIONARY
126374,3769,4,SITTING_STILL,0.11492399,0.00013555,0.00117948,0.00445349,0.00347094,0.00553728,0.01015758,0.01863709,0.00817005,0.01601938,0.01215439,RELIABLE,RELIABLE,RELIABLE,RELIABLE,RELIABLE,RELIABLE,RELIABLE,RELIABLE,STATIONARY,STATIONARY,STATIONARY,STATIONARY,STATIONARY,STATIONARY,STATIONARY,STATIONARY,STATIONARY
126410,3770,4,SITTING_STILL,0.11512032,0.00062586,0.00543658,0.00487899,0.00347538,0.00608561,0.01156667,0.02003011,0.00919265,0.01697866,0.01338395,RELIABLE,RELIABLE,RELIABLE,RELIABLE,RELIABLE,RELIABLE,RELIABLE,RELIABLE,STATIONARY,STATIONARY,STATIONARY,STATIONARY,STATIONARY,STATIONARY,STATIONARY,STATIONARY,STATIONARY
126441,3771,4,SITTING_STILL,0.11544881,0.00073914,0.00640230,0.00470443,0.00350086,0.00586488,0.01095756,0.01927946,0.00935560,0.01797018,0.01384307,RELIABLE,RELIABLE,RELIABLE,RELIABLE,RELIABLE,RELIABLE,RELIABLE,RELIABLE,STATIONARY,STATIONARY,STATIONARY,STATIONARY,STATIONARY,STATIONARY,STATIONARY,STATIONARY,STATIONARY
126489,3772,4,SITTING_STILL,0.11497009,0.00062579,0.00544310,0.00473710,0.00394944,0.00629148,0.01099962,0.01817640,0.01059510,0.01992280,0.01544643,RELIABLE,RELIABLE,RELIABLE,RELIABLE,RELIABLE,RELIABLE,RELIABLE,RELIABLE,STATIONARY,STATIONARY,STATIONARY,STATIONARY,STATIONARY,STATIONARY,STATIONARY,STATIONARY,STATIONARY
126521,3773,4,SITTING_STILL,0.11496712,0.00044586,0.00387814,0.00493400,0.00414538,0.00640117,0.01290832,0.01834084,0.01178715,0.01982918,0.01769400,RELIABLE,RELIABLE,RELIABLE,RELIABLE,RELIABLE,RELIABLE,RELIABLE,RELIABLE,STATIONARY,STATIONARY,STATIONARY,STATIONARY,STATIONARY,STATIONARY,STATIONARY,STATIONARY,STATIONARY
126548,3774,4,SITTING_STILL,0.11508492,0.00022293,0.00193708,0.00468736,0.00434543,0.00617179,0.01342583,0.01771505,0.01235282,0.01913027,0.01874185,RELIABLE,RELIABLE,RELIABLE,RELIABLE,RELIABLE,RELIABLE,RELIABLE,RELIABLE,STATIONARY,STATIONARY,STATIONARY,STATIONARY,STATIONARY,STATIONARY,STATIONARY,STATIONARY,STATIONARY
126579,3775,4,SITTING_STILL,0.11498076,0.00038192,0.00332162,0.00413416,0.00391230,0.00475380,0.01540612,0.01745351,0.01164942,0.01818564,0.01865255,RELIABLE,RELIABLE,RELIABLE,RELIABLE,RELIABLE,RELIABLE,RELIABLE,RELIABLE,STATIONARY,STATIONARY,STATIONARY,STATIONARY,STATIONARY,STATIONARY,STATIONARY,STATIONARY,STATIONARY
126611,3776,4,SITTING_STILL,0.11359455,0.00067897,0.00597714,0.00419693,0.00438562,0.00417855,0.01546916,0.01828971,0.01406551,0.01977882,0.02118805,RELIABLE,RELIABLE,RELIABLE,RELIABLE,RELIABLE,RELIABLE,RELIABLE,RELIABLE,STATIONARY,STATIONARY,STATIONARY,STATIONARY,STATIONARY,STATIONARY,STATIONARY,STATIONARY,STATIONARY
126643,3777,4,SITTING_STILL,0.11394247,0.00098492,0.00864405,0.00513000,0.00547793,0.00540894,0.01618674,0.01996212,0.01621981,0.02058040,0.02166246,RELIABLE,RELIABLE,RELIABLE,RELIABLE,RELIABLE,RELIABLE,RELIABLE,RELIABLE,STATIONARY,STATIONARY,STATIONARY,STATIONARY,STATIONARY,STATIONARY,STATIONARY,STATIONARY,STATIONARY
126674,3778,4,SITTING_STILL,0.11442395,0.00045463,0.00397324,0.00494709,0.00577254,0.00516242,0.01560579,0.01984226,0.01538261,0.02017874,0.02123821,RELIABLE,RELIABLE,RELIABLE,RELIABLE,RELIABLE,RELIABLE,RELIABLE,RELIABLE,STATIONARY,STATIONARY,STATIONARY,STATIONARY,STATIONARY,STATIONARY,STATIONARY,STATIONARY,STATIONARY
126704,3779,4,SITTING_STILL,0.11516342,0.00073212,0.00635725,0.00494145,0.00563592,0.00470939,0.01609401,0.01900286,0.01500258,0.02073276,0.02115594,RELIABLE,RELIABLE,RELIABLE,RELIABLE,RELIABLE,RELIABLE,RELIABLE,RELIABLE,STATIONARY,STATIONARY,STATIONARY,STATIONARY,STATIONARY,STATIONARY,STATIONARY,STATIONARY,STATIONARY
126736,3780,4,SITTING_STILL,0.11559494,0.00047837,0.00413832,0.00477836,0.00522263,0.00395604,0.01558570,0.01763865,0.01383417,0.02050105,0.01984356,RELIABLE,RELIABLE,RELIABLE,RELIABLE,RELIABLE,RELIABLE,RELIABLE,RELIABLE,STATIONARY,STATIONARY,STATIONARY,STATIONARY,STATIONARY,STATIONARY,STATIONARY,STATIONARY,STATIONARY
126767,3781,4,SITTING_STILL,0.11580856,0.00035341,0.00305166,0.00467505,0.00486486,0.00380058,0.01364453,0.01812786,0.01216174,0.01878714,0.01863160,RELIABLE,RELIABLE,RELIABLE,RELIABLE,RELIABLE,RELIABLE,RELIABLE,RELIABLE,STATIONARY,STATIONARY,STATIONARY,STATIONARY,STATIONARY,STATIONARY,STATIONARY,STATIONARY,STATIONARY
126810,3782,4,SITTING_STILL,0.11574670,0.00059231,0.00511725,0.00507257,0.00494184,0.00389298,0.01425934,0.01882161,0.01219647,0.01989676,0.01820596,RELIABLE,RELIABLE,RELIABLE,RELIABLE,RELIABLE,RELIABLE,RELIABLE,RELIABLE,STATIONARY,STATIONARY,STATIONARY,STATIONARY,STATIONARY,STATIONARY,STATIONARY,STATIONARY,STATIONARY
126845,3783,4,SITTING_STILL,0.11588990,0.00054102,0.00466839,0.00524091,0.00505842,0.00390266,0.01279896,0.01878994,0.01184182,0.02191923,0.01805315,RELIABLE,RELIABLE,RELIABLE,RELIABLE,RELIABLE,RELIABLE,RELIABLE,RELIABLE,STATIONARY,STATIONARY,STATIONARY,STATIONARY,STATIONARY,STATIONARY,STATIONARY,STATIONARY,STATIONARY
126890,3784,4,SITTING_STILL,0.11575798,0.00049028,0.00423539,0.00502319,0.00503819,0.00442533,0.01234502,0.01667968,0.00861038,0.01967181,0.01553786,RELIABLE,RELIABLE,RELIABLE,RELIABLE,RELIABLE,RELIABLE,RELIABLE,RELIABLE,STATIONARY,STATIONARY,STATIONARY,STATIONARY,STATIONARY,STATIONARY,STATIONARY,STATIONARY,STATIONARY
126923,3785,4,SITTING_STILL,0.11559035,0.00024514,0.00212076,0.00420778,0.00414994,0.00340168,0.01086538,0.01310631,0.00639270,0.01832804,0.01397568,RELIABLE,RELIABLE,RELIABLE,RELIABLE,RELIABLE,RELIABLE,RELIABLE,RELIABLE,STATIONARY,STATIONARY,STATIONARY,STATIONARY,STATIONARY,STATIONARY,STATIONARY,STATIONARY,STATIONARY
126955,3786,4,SITTING_STILL,0.11511690,0.00063281,0.00549714,0.00439827,0.00422838,0.00305441,0.01118809,0.01249113,0.00665829,0.01971902,0.01408456,RELIABLE,RELIABLE,RELIABLE,RELIABLE,RELIABLE,RELIABLE,RELIABLE,RELIABLE,STATIONARY,STATIONARY,STATIONARY,STATIONARY,STATIONARY,STATIONARY,STATIONARY,STATIONARY,STATIONARY
126986,3787,4,SITTING_STILL,0.11441236,0.00035499,0.00310276,0.00399146,0.00365037,0.00256883,0.01124365,0.01305329,0.00750200,0.01862704,0.01510703,RELIABLE,RELIABLE,RELIABLE,RELIABLE,RELIABLE,RELIABLE,RELIABLE,RELIABLE,STATIONARY,STATIONARY,STATIONARY,STATIONARY,STATIONARY,STATIONARY,STATIONARY,STATIONARY,STATIONARY
127018,3788,4,SITTING_STILL,0.11433470,0.00034963,0.00305797,0.00385641,0.00336522,0.00281200,0.01207678,0.01391872,0.00771218,0.01816908,0.01566090,RELIABLE,RELIABLE,RELIABLE,RELIABLE,RELIABLE,RELIABLE,RELIABLE,RELIABLE,STATIONARY,STATIONARY,STATIONARY,STATIONARY,STATIONARY,STATIONARY,STATIONARY,STATIONARY,STATIONARY
127050,3789,4,SITTING_STILL,0.11499113,0.00080220,0.00697616,0.00434698,0.00384315,0.00361278,0.01394673,0.01415021,0.00983807,0.01950475,0.01654529,RELIABLE,RELIABLE,RELIABLE,RELIABLE,RELIABLE,RELIABLE,RELIABLE,RELIABLE,STATIONARY,STATIONARY,STATIONARY,STATIONARY,STATIONARY,STATIONARY,STATIONARY,STATIONARY,STATIONARY
127082,3790,4,SITTING_STILL,0.11512643,0.00073917,0.00642052,0.00450989,0.00430625,0.00385756,0.01351689,0.01432185,0.01014085,0.01892556,0.01706317,RELIABLE,RELIABLE,RELIABLE,RELIABLE,RELIABLE,RELIABLE,RELIABLE,RELIABLE,STATIONARY,STATIONARY,STATIONARY,STATIONARY,STATIONARY,STATIONARY,STATIONARY,STATIONARY,STATIONARY
127114,3791,4,SITTING_STILL,0.11505776,0.00084172,0.00731563,0.00484079,0.00511699,0.00444068,0.01308539,0.01339312,0.01042512,0.01780330,0.01759263,RELIABLE,RELIABLE,RELIABLE,RELIABLE,RELIABLE,RELIABLE,RELIABLE,RELIABLE,STATIONARY,STATIONARY,STATIONARY,STATIONARY,STATIONARY,STATIONARY,STATIONARY,STATIONARY,STATIONARY
127145,3792,4,SITTING_STILL,0.11534211,0.00094035,0.00815269,0.00533045,0.00590824,0.00505531,0.01272557,0.01585658,0.01076357,0.01791053,0.01873101,RELIABLE,RELIABLE,RELIABLE,RELIABLE,RELIABLE,RELIABLE,RELIABLE,RELIABLE,STATIONARY,STATIONARY,STATIONARY,STATIONARY,STATIONARY,STATIONARY,STATIONARY,STATIONARY,STATIONARY
127176,3793,4,SITTING_STILL,0.11548257,0.00085815,0.00743096,0.00599423,0.00656838,0.00529759,0.01401855,0.01734416,0.01197242,0.01924053,0.01944480,RELIABLE,RELIABLE,RELIABLE,RELIABLE,RELIABLE,RELIABLE,RELIABLE,RELIABLE,STATIONARY,STATIONARY,STATIONARY,STATIONARY,STATIONARY,STATIONARY,STATIONARY,STATIONARY,STATIONARY
127210,3794,4,SITTING_STILL,0.11601013,0.00102429,0.00882931,0.00641075,0.00665043,0.00634018,0.01348329,0.01629366,0.01229169,0.01914599,0.01992689,RELIABLE,RELIABLE,RELIABLE,RELIABLE,RELIABLE,RELIABLE,RELIABLE,RELIABLE,STATIONARY,STATIONARY,STATIONARY,STATIONARY,STATIONARY,STATIONARY,STATIONARY,STATIONARY,STATIONARY
127258,3795,4,SITTING_STILL,0.11583308,0.00067570,0.00583337,0.00675208,0.00725692,0.00683098,0.01351507,0.01694966,0.01234203,0.02038140,0.02074461,RELIABLE,RELIABLE,RELIABLE,RELIABLE,RELIABLE,RELIABLE,RELIABLE,RELIABLE,STATIONARY,STATIONARY,STATIONARY,STATIONARY,STATIONARY,STATIONARY,STATIONARY,STATIONARY,STATIONARY
127290,3796,4,SITTING_STILL,0.11578097,0.00072114,0.00622846,0.00714839,0.00759755,0.00714450,0.01169058,0.01843870,0.01219184,0.02087635,0.02124462,RELIABLE,RELIABLE,RELIABLE,RELIABLE,RELIABLE,RELIABLE,RELIABLE,RELIABLE,STATIONARY,STATIONARY,STATIONARY,STATIONARY,STATIONARY,STATIONARY,STATIONARY,STATIONARY,STATIONARY
127320,3797,4,SITTING_STILL,0.11577325,0.00036057,0.00311444,0.00666567,0.00708876,0.00644236,0.00978604,0.01744570,0.01029887,0.01996272,0.01949632,RELIABLE,RELIABLE,RELIABLE,RELIABLE,RELIABLE,RELIABLE,RELIABLE,RELIABLE,STATIONARY,STATIONARY,STATIONARY,STATIONARY,STATIONARY,STATIONARY,STATIONARY,STATIONARY,STATIONARY
127351,3798,4,SITTING_STILL,0.11520481,0.00086794,0.00753393,0.00680485,0.00706594,0.00668930,0.01022671,0.02078190,0.01069958,0.02054487,0.02089672,RELIABLE,RELIABLE,RELIABLE,RELIABLE,RELIABLE,RELIABLE,RELIABLE,RELIABLE,STATIONARY,STATIONARY,STATIONARY,STATIONARY,STATIONARY,STATIONARY,STATIONARY,STATIONARY,STATIONARY
127382,3799,4,SITTING_STILL,0.11545923,0.00043728,0.00378731,0.00636381,0.00620181,0.00652956,0.01165406,0.02096553,0.01035450,0.01994943,0.01962562,RELIABLE,RELIABLE,RELIABLE,RELIABLE,RELIABLE,RELIABLE,RELIABLE,RELIABLE,STATIONARY,STATIONARY,STATIONARY,STATIONARY,STATIONARY,STATIONARY,STATIONARY,STATIONARY,STATIONARY
127414,3800,4,SITTING_STILL,0.11565929,0.00053436,0.00462013,0.00592224,0.00516214,0.00577955,0.01184288,0.01843560,0.01046762,0.01901940,0.01750327,RELIABLE,RELIABLE,RELIABLE,RELIABLE,RELIABLE,RELIABLE,RELIABLE,RELIABLE,STATIONARY,STATIONARY,STATIONARY,STATIONARY,STATIONARY,STATIONARY,STATIONARY,STATIONARY,STATIONARY
127446,3801,4,SITTING_STILL,0.11572094,0.00053772,0.00464666,0.00557420,0.00428515,0.00595319,0.01092569,0.01805368,0.00991567,0.01908921,0.01859535,RELIABLE,RELIABLE,RELIABLE,RELIABLE,RELIABLE,RELIABLE,RELIABLE,RELIABLE,STATIONARY,STATIONARY,STATIONARY,STATIONARY,STATIONARY,STATIONARY,STATIONARY,STATIONARY,STATIONARY
127477,3802,4,SITTING_STILL,0.11583435,0.00056622,0.00488816,0.00508155,0.00449355,0.00595513,0.01068858,0.01934889,0.00981826,0.01917284,0.01816438,RELIABLE,RELIABLE,RELIABLE,RELIABLE,RELIABLE,RELIABLE,RELIABLE,RELIABLE,STATIONARY,STATIONARY,STATIONARY,STATIONARY,STATIONARY,STATIONARY,STATIONARY,STATIONARY,STATIONARY
127509,3803,4,SITTING_STILL,0.11602631,0.00101602,0.00875681,0.00544699,0.00469987,0.00603753,0.01044333,0.02034507,0.00961645,0.01765937,0.01631335,RELIABLE,RELIABLE,RELIABLE,RELIABLE,RELIABLE,RELIABLE,RELIABLE,RELIABLE,STATIONARY,STATIONARY,STATIONARY,STATIONARY,STATIONARY,STATIONARY,STATIONARY,STATIONARY,STATIONARY
127541,3804,4,SITTING_STILL,0.11614306,0.00053008,0.00456405,0.00523893,0.00476204,0.00559973,0.01074572,0.01968144,0.00932613,0.01835407,0.01448210,RELIABLE,RELIABLE,RELIABLE,RELIABLE,RELIABLE,RELIABLE,RELIABLE,RELIABLE,STATIONARY,STATIONARY,STATIONARY,STATIONARY,STATIONARY,STATIONARY,STATIONARY,STATIONARY,STATIONARY
127572,3805,4,SITTING_STILL,0.11615361,0.00058253,0.00501516,0.00547653,0.00544990,0.00620463,0.01153351,0.01894280,0.01080722,0.02037366,0.01584740,RELIABLE,RELIABLE,RELIABLE,RELIABLE,RELIABLE,RELIABLE,RELIABLE,RELIABLE,STATIONARY,STATIONARY,STATIONARY,STATIONARY,STATIONARY,STATIONARY,STATIONARY,STATIONARY,STATIONARY
127610,3806,4,SITTING_STILL,0.11595665,0.00056275,0.00485313,0.00514143,0.00506399,0.00606580,0.01048661,0.01542571,0.01001957,0.01938845,0.01463208,RELIABLE,RELIABLE,RELIABLE,RELIABLE,RELIABLE,RELIABLE,RELIABLE,RELIABLE,STATIONARY,STATIONARY,STATIONARY,STATIONARY,STATIONARY,STATIONARY,STATIONARY,STATIONARY,STATIONARY
127657,3807,4,SITTING_STILL,0.11580690,0.00058050,0.00501270,0.00529460,0.00515688,0.00595093,0.00953494,0.01557758,0.01022819,0.01949744,0.01505236,RELIABLE,RELIABLE,RELIABLE,RELIABLE,RELIABLE,RELIABLE,RELIABLE,RELIABLE,STATIONARY,STATIONARY,STATIONARY,STATIONARY,STATIONARY,STATIONARY,STATIONARY,STATIONARY,STATIONARY
127698,3808,4,SITTING_STILL,0.11521851,0.00095868,0.00832055,0.00575715,0.00504721,0.00629920,0.00917435,0.01651732,0.01021764,0.02032374,0.01579511,RELIABLE,RELIABLE,RELIABLE,RELIABLE,RELIABLE,RELIABLE,RELIABLE,RELIABLE,STATIONARY,STATIONARY,STATIONARY,STATIONARY,STATIONARY,STATIONARY,STATIONARY,STATIONARY,STATIONARY
127729,3809,4,SITTING_STILL,0.11466776,0.00047934,0.00418026,0.00569885,0.00508534,0.00599159,0.00853407,0.01585225,0.00978378,0.01893046,0.01387117,RELIABLE,RELIABLE,RELIABLE,RELIABLE,RELIABLE,RELIABLE,RELIABLE,RELIABLE,STATIONARY,STATIONARY,STATIONARY,STATIONARY,STATIONARY,STATIONARY,STATIONARY,STATIONARY,STATIONARY
127761,3810,4,SITTING_STILL,0.11429107,0.00074582,0.00652560,0.00590353,0.00514028,0.00609804,0.00857333,0.01752770,0.01023618,0.01772295,0.01403620,RELIABLE,RELIABLE,RELIABLE,RELIABLE,RELIABLE,RELIABLE,RELIABLE,RELIABLE,STATIONARY,STATIONARY,STATIONARY,STATIONARY,STATIONARY,STATIONARY,STATIONARY,STATIONARY,STATIONARY
127793,3811,4,SITTING_STILL,0.11433482,0.00045234,0.00395624,0.00530346,0.00442916,0.00566888,0.00852039,0.01923849,0.01014766,0.01884444,0.01416421,RELIABLE,RELIABLE,RELIABLE,RELIABLE,RELIABLE,RELIABLE,RELIABLE,RELIABLE,STATIONARY,STATIONARY,STATIONARY,STATIONARY,STATIONARY,STATIONARY,STATIONARY,STATIONARY,STATIONARY
127825,3812,4,SITTING_STILL,0.11417958,0.00050845,0.00445303,0.00528958,0.00460606,0.00609640,0.00897577,0.01868303,0.01074167,0.01736776,0.01443269,RELIABLE,RELIABLE,RELIABLE,RELIABLE,RELIABLE,RELIABLE,RELIABLE,RELIABLE,STATIONARY,STATIONARY,STATIONARY,STATIONARY,STATIONARY,STATIONARY,STATIONARY,STATIONARY,STATIONARY
127857,3813,4,SITTING_STILL,0.11452976,0.00077416,0.00675945,0.00550762,0.00468154,0.00600783,0.00988714,0.01874319,0.00996545,0.01723724,0.01259785,RELIABLE,RELIABLE,RELIABLE,RELIABLE,RELIABLE,RELIABLE,RELIABLE,RELIABLE,STATIONARY,STATIONARY,STATIONARY,STATIONARY,STATIONARY,STATIONARY,STATIONARY,STATIONARY,STATIONARY
127888,3814,4,SITTING_STILL,0.11452093,0.00101352,0.00885008,0.00600724,0.00561123,0.00640969,0.01036889,0.01867191,0.01025881,0.01812067,0.01257071,RELIABLE,RELIABLE,RELIABLE,RELIABLE,RELIABLE,RELIABLE,RELIABLE,RELIABLE,STATIONARY,STATIONARY,STATIONARY,STATIONARY,STATIONARY,STATIONARY,STATIONARY,STATIONARY,STATIONARY
127919,3815,4,SITTING_STILL,0.11454435,0.00044738,0.00390577,0.00586887,0.00527124,0.00673243,0.01014500,0.01852094,0.01096843,0.01766543,0.01398299,RELIABLE,RELIABLE,RELIABLE,RELIABLE,RELIABLE,RELIABLE,RELIABLE,RELIABLE,STATIONARY,STATIONARY,STATIONARY,STATIONARY,STATIONARY,STATIONARY,STATIONARY,STATIONARY,STATIONARY
127949,3816,4,SITTING_STILL,0.11464058,0.00086104,0.00751082,0.00576766,0.00567479,0.00651644,0.00966825,0.01842302,0.01026775,0.01623338,0.01408302,RELIABLE,RELIABLE,RELIABLE,RELIABLE,RELIABLE,RELIABLE,RELIABLE,RELIABLE,STATIONARY,STATIONARY,STATIONARY,STATIONARY,STATIONARY,STATIONARY,STATIONARY,STATIONARY,STATIONARY
127980,3817,4,SITTING_STILL,0.11458363,0.00075739,0.00660989,0.00607136,0.00664387,0.00702250,0.01030725,0.02047816,0.01111087,0.01664037,0.01575492,RELIABLE,RELIABLE,RELIABLE,RELIABLE,RELIABLE,RELIABLE,RELIABLE,RELIABLE,STATIONARY,STATIONARY,STATIONARY,STATIONARY,STATIONARY,STATIONARY,STATIONARY,STATIONARY,STATIONARY
128026,3818,4,SITTING_STILL,0.11490385,0.00061767,0.00537551,0.00592760,0.00661304,0.00703910,0.01149727,0.01722446,0.01133719,0.01732988,0.01551937,RELIABLE,RELIABLE,RELIABLE,RELIABLE,RELIABLE,RELIABLE,RELIABLE,RELIABLE,STATIONARY,STATIONARY,STATIONARY,STATIONARY,STATIONARY,STATIONARY,STATIONARY,STATIONARY,STATIONARY
128059,3819,4,SITTING_STILL,0.11479671,0.00037246,0.00324453,0.00583864,0.00683375,0.00726187,0.01144152,0.01400529,0.01113475,0.01602568,0.01547384,RELIABLE,RELIABLE,RELIABLE,RELIABLE,RELIABLE,RELIABLE,RELIABLE,RELIABLE,STATIONARY,STATIONARY,STATIONARY,STATIONARY,STATIONARY,STATIONARY,STATIONARY,STATIONARY,STATIONARY
128089,3820,4,SITTING_STILL,0.11460990,0.00018623,0.00162491,0.00548512,0.00638442,0.00674012,0.01077213,0.01262110,0.01040961,0.01493418,0.01469848,RELIABLE,RELIABLE,RELIABLE,RELIABLE,RELIABLE,RELIABLE,RELIABLE,RELIABLE,STATIONARY,STATIONARY,STATIONARY,STATIONARY,STATIONARY,STATIONARY,STATIONARY,STATIONARY,STATIONARY
128121,3821,4,SITTING_STILL,0.11377830,0.00073572,0.00646628,0.00544847,0.00604328,0.00593558,0.01076486,0.01290921,0.01151287,0.01627302,0.01589814,RELIABLE,RELIABLE,RELIABLE,RELIABLE,RELIABLE,RELIABLE,RELIABLE,RELIABLE,STATIONARY,STATIONARY,STATIONARY,STATIONARY,STATIONARY,STATIONARY,STATIONARY,STATIONARY,STATIONARY
128153,3822,4,SITTING_STILL,0.11349443,0.00059545,0.00524650,0.00499803,0.00548092,0.00543573,0.01006376,0.01286548,0.01130759,0.01583104,0.01505127,RELIABLE,RELIABLE,RELIABLE,RELIABLE,RELIABLE,RELIABLE,RELIABLE,RELIABLE,STATIONARY,STATIONARY,STATIONARY,STATIONARY,STATIONARY,STATIONARY,STATIONARY,STATIONARY,STATIONARY
128184,3823,4,SITTING_STILL,0.11407256,0.00075402,0.00661002,0.00533606,0.00590244,0.00522375,0.01159425,0.01486223,0.01088804,0.01807365,0.01344095,RELIABLE,RELIABLE,RELIABLE,RELIABLE,RELIABLE,RELIABLE,RELIABLE,RELIABLE,STATIONARY,STATIONARY,STATIONARY,STATIONARY,STATIONARY,STATIONARY,STATIONARY,STATIONARY,STATIONARY
128215,3824,4,SITTING_STILL,0.11426867,0.00069669,0.00609695,0.00515933,0.00580805,0.00568599,0.01160673,0.01372631,0.01095109,0.01889614,0.01243750,RELIABLE,RELIABLE,RELIABLE,RELIABLE,RELIABLE,RELIABLE,RELIABLE,RELIABLE,STATIONARY,STATIONARY,STATIONARY,STATIONARY,STATIONARY,STATIONARY,STATIONARY,STATIONARY,STATIONARY
128247,3825,4,SITTING_STILL,0.11401655,0.00051878,0.00455008,0.00490185,0.00518908,0.00558013,0.01270842,0.01223429,0.01074117,0.02052636,0.01241153,RELIABLE,RELIABLE,RELIABLE,RELIABLE,RELIABLE,RELIABLE,RELIABLE,RELIABLE,STATIONARY,STATIONARY,STATIONARY,STATIONARY,STATIONARY,STATIONARY,STATIONARY,STATIONARY,STATIONARY
128278,3826,4,SITTING_STILL,0.11396570,0.00083052,0.00728746,0.00514084,0.00461509,0.00503313,0.01213641,0.01430864,0.01107361,0.02030803,0.01330496,RELIABLE,RELIABLE,RELIABLE,RELIABLE,RELIABLE,RELIABLE,RELIABLE,RELIABLE,STATIONARY,STATIONARY,STATIONARY,STATIONARY,STATIONARY,STATIONARY,STATIONARY,STATIONARY,STATIONARY
128310,3827,4,SITTING_STILL,0.11457045,0.00052909,0.00461802,0.00531253,0.00481512,0.00490707,0.01366379,0.01378935,0.01229496,0.02398047,0.01453113,RELIABLE,RELIABLE,RELIABLE,RELIABLE,RELIABLE,RELIABLE,RELIABLE,RELIABLE,STATIONARY,STATIONARY,STATIONARY,STATIONARY,STATIONARY,STATIONARY,STATIONARY,STATIONARY,STATIONARY
128342,3828,4,SITTING_STILL,0.11516808,0.00043267,0.00375685,0.00557902,0.00539467,0.00567243,0.01442595,0.01480076,0.01256262,0.02421323,0.01547878,RELIABLE,RELIABLE,RELIABLE,RELIABLE,RELIABLE,RELIABLE,RELIABLE,RELIABLE,STATIONARY,STATIONARY,STATIONARY,STATIONARY,STATIONARY,STATIONARY,STATIONARY,STATIONARY,STATIONARY
128373,3829,4,SITTING_STILL,0.11495653,0.00061889,0.00538369,0.00544370,0.00545397,0.00621486,0.01367851,0.01525104,0.01098115,0.02062908,0.01592179,RELIABLE,RELIABLE,RELIABLE,RELIABLE,RELIABLE,RELIABLE,RELIABLE,RELIABLE,STATIONARY,STATIONARY,STATIONARY,STATIONARY,STATIONARY,STATIONARY,STATIONARY,STATIONARY,STATIONARY
128426,3830,4,SITTING_STILL,0.11489248,0.00041358,0.00359969,0.00523785,0.00509896,0.00594533,0.01416954,0.01536377,0.01164674,0.02153657,0.01682153,RELIABLE,RELIABLE,RELIABLE,RELIABLE,RELIABLE,RELIABLE,RELIABLE,RELIABLE,STATIONARY,STATIONARY,STATIONARY,STATIONARY,STATIONARY,STATIONARY,STATIONARY,STATIONARY,STATIONARY
128469,3831,4,SITTING_STILL,0.11467504,0.00061896,0.00539749,0.00508628,0.00531419,0.00631565,0.01234382,0.01332313,0.01084287,0.01922474,0.01676057,RELIABLE,RELIABLE,RELIABLE,RELIABLE,RELIABLE,RELIABLE,RELIABLE,RELIABLE,STATIONARY,STATIONARY,STATIONARY,STATIONARY,STATIONARY,STATIONARY,STATIONARY,STATIONARY,STATIONARY
128501,3832,4,SITTING_STILL,0.11447379,0.00030948,0.00270349,0.00466210,0.00507730,0.00551062,0.01227550,0.01349479,0.01033110,0.01766918,0.01665941,RELIABLE,RELIABLE,RELIABLE,RELIABLE,RELIABLE,RELIABLE,RELIABLE,RELIABLE,STATIONARY,STATIONARY,STATIONARY,STATIONARY,STATIONARY,STATIONARY,STATIONARY,STATIONARY,STATIONARY
128532,3833,4,SITTING_STILL,0.11467544,0.00078035,0.00680489,0.00494395,0.00538812,0.00546535,0.01085245,0.01472364,0.00991610,0.01603517,0.01634586,RELIABLE,RELIABLE,RELIABLE,RELIABLE,RELIABLE,RELIABLE,RELIABLE,RELIABLE,STATIONARY,STATIONARY,STATIONARY,STATIONARY,STATIONARY,STATIONARY,STATIONARY,STATIONARY,STATIONARY
128564,3834,4,SITTING_STILL,0.11466944,0.00022843,0.00199203,0.00428202,0.00533530,0.00497654,0.01084667,0.01425468,0.00882994,0.01629338,0.01595274,RELIABLE,RELIABLE,RELIABLE,RELIABLE,RELIABLE,RELIABLE,RELIABLE,RELIABLE,STATIONARY,STATIONARY,STATIONARY,STATIONARY,STATIONARY,STATIONARY,STATIONARY,STATIONARY,STATIONARY
128595,3835,4,SITTING_STILL,0.11455101,0.00085290,0.00744561,0.00463547,0.00556811,0.00595023,0.01016571,0.01736387,0.00816259,0.01612012,0.01615831,RELIABLE,RELIABLE,RELIABLE,RELIABLE,RELIABLE,RELIABLE,RELIABLE,RELIABLE,STATIONARY,STATIONARY,STATIONARY,STATIONARY,STATIONARY,STATIONARY,STATIONARY,STATIONARY,STATIONARY
128626,3836,4,SITTING_STILL,0.11416652,0.00058170,0.00509515,0.00480276,0.00554139,0.00589143,0.00984163,0.01758014,0.00902411,0.01786443,0.01846319,RELIABLE,RELIABLE,RELIABLE,RELIABLE,RELIABLE,RELIABLE,RELIABLE,RELIABLE,STATIONARY,STATIONARY,STATIONARY,STATIONARY,STATIONARY,STATIONARY,STATIONARY,STATIONARY,STATIONARY
128658,3837,4,SITTING_STILL,0.11422112,0.00071793,0.00628546,0.00491548,0.00569335,0.00625285,0.00952415,0.01759553,0.00968047,0.01932020,0.01789904,RELIABLE,RELIABLE,RELIABLE,RELIABLE,RELIABLE,RELIABLE,RELIABLE,RELIABLE,STATIONARY,STATIONARY,STATIONARY,STATIONARY,STATIONARY,STATIONARY,STATIONARY,STATIONARY,STATIONARY
128690,3838,4,SITTING_STILL,0.11409543,0.00079814,0.00699534,0.00533993,0.00543244,0.00655941,0.00907800,0.01728872,0.00926206,0.01892826,0.01742191,RELIABLE,RELIABLE,RELIABLE,RELIABLE,RELIABLE,RELIABLE,RELIABLE,RELIABLE,STATIONARY,STATIONARY,STATIONARY,STATIONARY,STATIONARY,STATIONARY,STATIONARY,STATIONARY,STATIONARY
128722,3839,4,SITTING_STILL,0.11388703,0.00061415,0.00539262,0.00533933,0.00546998,0.00621046,0.01002514,0.01772693,0.01002856,0.01929381,0.01727319,RELIABLE,RELIABLE,RELIABLE,RELIABLE,RELIABLE,RELIABLE,RELIABLE,RELIABLE,STATIONARY,STATIONARY,STATIONARY,STATIONARY,STATIONARY,STATIONARY,STATIONARY,STATIONARY,STATIONARY
128754,3840,4,SITTING_STILL,0.11370661,0.00076818,0.00675584,0.00584587,0.00564208,0.00698443,0.01053125,0.02025251,0.01080212,0.01987618,0.01914781,RELIABLE,RELIABLE,RELIABLE,RELIABLE,RELIABLE,RELIABLE,RELIABLE,RELIABLE,STATIONARY,STATIONARY,STATIONARY,STATIONARY,STATIONARY,STATIONARY,STATIONARY,STATIONARY,STATIONARY
128785,3841,4,SITTING_STILL,0.11371427,0.00067207,0.00591021,0.00573403,0.00517400,0.00684156,0.01142374,0.02108961,0.01270800,0.02237244,0.02006484,RELIABLE,RELIABLE,RELIABLE,RELIABLE,RELIABLE,RELIABLE,RELIABLE,RELIABLE,STATIONARY,STATIONARY,STATIONARY,STATIONARY,STATIONARY,STATIONARY,STATIONARY,STATIONARY,STATIONARY
128825,3842,4,SITTING_STILL,0.11401177,0.00048343,0.00424017,0.00601505,0.00568657,0.00771435,0.01072169,0.02278340,0.01339105,0.02109200,0.01977721,RELIABLE,RELIABLE,RELIABLE,RELIABLE,RELIABLE,RELIABLE,RELIABLE,RELIABLE,STATIONARY,STATIONARY,STATIONARY,STATIONARY,STATIONARY,STATIONARY,STATIONARY,STATIONARY,STATIONARY
128864,3843,4,SITTING_STILL,0.11430738,0.00024171,0.00211460,0.00534867,0.00511483,0.00692905,0.00874408,0.02077341,0.01231765,0.01658917,0.01758587,RELIABLE,RELIABLE,RELIABLE,RELIABLE,RELIABLE,RELIABLE,RELIABLE,RELIABLE,STATIONARY,STATIONARY,STATIONARY,STATIONARY,STATIONARY,STATIONARY,STATIONARY,STATIONARY,STATIONARY
128896,3844,4,SITTING_STILL,0.11420049,0.00050918,0.00445865,0.00526911,0.00505809,0.00662721,0.00914299,0.02379103,0.01351313,0.01751924,0.01681209,RELIABLE,RELIABLE,RELIABLE,RELIABLE,RELIABLE,RELIABLE,RELIABLE,RELIABLE,STATIONARY,STATIONARY,STATIONARY,STATIONARY,STATIONARY,STATIONARY,STATIONARY,STATIONARY,STATIONARY
128926,3845,4,SITTING_STILL,0.11414275,0.00075167,0.00658538,0.00530660,0.00485534,0.00692417,0.01099833,0.02346412,0.01309111,0.01633178,0.01635467,RELIABLE,RELIABLE,RELIABLE,RELIABLE,RELIABLE,RELIABLE,RELIABLE,RELIABLE,STATIONARY,STATIONARY,STATIONARY,STATIONARY,STATIONARY,STATIONARY,STATIONARY,STATIONARY,STATIONARY
128958,3846,4,SITTING_STILL,0.11391043,0.00081766,0.00717812,0.00532945,0.00564516,0.00764195,0.01224784,0.02470512,0.01241145,0.01474341,0.01600726,RELIABLE,RELIABLE,RELIABLE,RELIABLE,RELIABLE,RELIABLE,RELIABLE,RELIABLE,STATIONARY,STATIONARY,STATIONARY,STATIONARY,STATIONARY,STATIONARY,STATIONARY,STATIONARY,STATIONARY
128989,3847,4,SITTING_STILL,0.11410973,0.00056959,0.00499164,0.00527933,0.00572715,0.00800847,0.01197663,0.02462583,0.01297749,0.01496644,0.01663176,RELIABLE,RELIABLE,RELIABLE,RELIABLE,RELIABLE,RELIABLE,RELIABLE,RELIABLE,STATIONARY,STATIONARY,STATIONARY,STATIONARY,STATIONARY,STATIONARY,STATIONARY,STATIONARY,STATIONARY
129021,3848,4,SITTING_STILL,0.11447713,0.00029953,0.00261652,0.00476191,0.00547442,0.00716810,0.01246058,0.02241618,0.01339757,0.01537200,0.01545836,RELIABLE,RELIABLE,RELIABLE,RELIABLE,RELIABLE,RELIABLE,RELIABLE,RELIABLE,STATIONARY,STATIONARY,STATIONARY,STATIONARY,STATIONARY,STATIONARY,STATIONARY,STATIONARY,STATIONARY
129054,3849,4,SITTING_STILL,0.11426800,0.00034779,0.00304364,0.00440359,0.00548875,0.00691316,0.01322431,0.02154870,0.01275468,0.01276294,0.01526549,RELIABLE,RELIABLE,RELIABLE,RELIABLE,RELIABLE,RELIABLE,RELIABLE,RELIABLE,STATIONARY,STATIONARY,STATIONARY,STATIONARY,STATIONARY,STATIONARY,STATIONARY,STATIONARY,STATIONARY
129085,3850,4,SITTING_STILL,0.11467961,0.00067044,0.00584621,0.00460435,0.00596030,0.00718688,0.01435414,0.01935137,0.01211852,0.01414247,0.01517260,RELIABLE,RELIABLE,RELIABLE,RELIABLE,RELIABLE,RELIABLE,RELIABLE,RELIABLE,STATIONARY,STATIONARY,STATIONARY,STATIONARY,STATIONARY,STATIONARY,STATIONARY,STATIONARY,STATIONARY
129116,3851,4,SITTING_STILL,0.11516222,0.00061811,0.00536730,0.00501093,0.00629441,0.00705985,0.01605558,0.01993631,0.01395880,0.01699644,0.01726892,RELIABLE,RELIABLE,RELIABLE,RELIABLE,RELIABLE,RELIABLE,RELIABLE,RELIABLE,STATIONARY,STATIONARY,STATIONARY,STATIONARY,STATIONARY,STATIONARY,STATIONARY,STATIONARY,STATIONARY
129147,3852,4,SITTING_STILL,0.11481646,0.00067357,0.00586647,0.00518691,0.00594753,0.00697315,0.01575239,0.01809112,0.01258160,0.01645025,0.01653734,RELIABLE,RELIABLE,RELIABLE,RELIABLE,RELIABLE,RELIABLE,RELIABLE,RELIABLE,STATIONARY,STATIONARY,STATIONARY,STATIONARY,STATIONARY,STATIONARY,STATIONARY,STATIONARY,STATIONARY
129179,3853,4,SITTING_STILL,0.11485525,0.00042845,0.00373035,0.00483003,0.00548057,0.00605954,0.01495904,0.01748326,0.01225525,0.01772212,0.01557304,RELIABLE,RELIABLE,RELIABLE,RELIABLE,RELIABLE,RELIABLE,RELIABLE,RELIABLE,STATIONARY,STATIONARY,STATIONARY,STATIONARY,STATIONARY,STATIONARY,STATIONARY,STATIONARY,STATIONARY
129225,3854,4,SITTING_STILL,0.11493076,0.00064139,0.00558068,0.00463035,0.00501790,0.00587461,0.01475785,0.01836274,0.01221307,0.01821698,0.01646446,RELIABLE,RELIABLE,RELIABLE,RELIABLE,RELIABLE,RELIABLE,RELIABLE,RELIABLE,STATIONARY,STATIONARY,STATIONARY,STATIONARY,STATIONARY,STATIONARY,STATIONARY,STATIONARY,STATIONARY
129257,3855,4,SITTING_STILL,0.11499775,0.00032070,0.00278872,0.00435499,0.00431348,0.00549605,0.01394043,0.01789830,0.01080403,0.01691296,0.01585120,RELIABLE,RELIABLE,RELIABLE,RELIABLE,RELIABLE,RELIABLE,RELIABLE,RELIABLE,STATIONARY,STATIONARY,STATIONARY,STATIONARY,STATIONARY,STATIONARY,STATIONARY,STATIONARY,STATIONARY
129289,3856,4,SITTING_STILL,0.11542235,0.00070195,0.00608158,0.00478812,0.00467729,0.00552612,0.01408423,0.01813242,0.01110128,0.01810485,0.01660804,RELIABLE,RELIABLE,RELIABLE,RELIABLE,RELIABLE,RELIABLE,RELIABLE,RELIABLE,STATIONARY,STATIONARY,STATIONARY,STATIONARY,STATIONARY,STATIONARY,STATIONARY,STATIONARY,STATIONARY
129320,3857,4,SITTING_STILL,0.11570746,0.00089543,0.00773877,0.00537501,0.00475414,0.00593076,0.01317233,0.01759370,0.01092062,0.02075131,0.01549735,RELIABLE,RELIABLE,RELIABLE,RELIABLE,RELIABLE,RELIABLE,RELIABLE,RELIABLE,STATIONARY,STATIONARY,STATIONARY,STATIONARY,STATIONARY,STATIONARY,STATIONARY,STATIONARY,STATIONARY
129352,3858,4,SITTING_STILL,0.11528238,0.00097205,0.00843192,0.00569822,0.00469877,0.00568850,0.01304663,0.01723091,0.01123180,0.02139665,0.01619470,RELIABLE,RELIABLE,RELIABLE,RELIABLE,RELIABLE,RELIABLE,RELIABLE,RELIABLE,STATIONARY,STATIONARY,STATIONARY,STATIONARY,STATIONARY,STATIONARY,STATIONARY,STATIONARY,STATIONARY
129383,3859,4,SITTING_STILL,0.11536438,0.00077809,0.00674465,0.00587039,0.00493980,0.00583226,0.01208643,0.01519342,0.00938364,0.02038814,0.01466299,RELIABLE,RELIABLE,RELIABLE,RELIABLE,RELIABLE,RELIABLE,RELIABLE,RELIABLE,STATIONARY,STATIONARY,STATIONARY,STATIONARY,STATIONARY,STATIONARY,STATIONARY,STATIONARY,STATIONARY
129414,3860,4,SITTING_STILL,0.11514954,0.00059859,0.00519834,0.00578688,0.00507028,0.00595501,0.01242876,0.01389539,0.00853738,0.01817737,0.01265002,RELIABLE,RELIABLE,RELIABLE,RELIABLE,RELIABLE,RELIABLE,RELIABLE,RELIABLE,STATIONARY,STATIONARY,STATIONARY,STATIONARY,STATIONARY,STATIONARY,STATIONARY,STATIONARY,STATIONARY
129446,3861,4,SITTING_STILL,0.11499313,0.00091678,0.00797248,0.00631714,0.00605884,0.00669104,0.01151703,0.01341265,0.00890324,0.01736358,0.01433331,RELIABLE,RELIABLE,RELIABLE,RELIABLE,RELIABLE,RELIABLE,RELIABLE,RELIABLE,STATIONARY,STATIONARY,STATIONARY,STATIONARY,STATIONARY,STATIONARY,STATIONARY,STATIONARY,STATIONARY
129477,3862,4,SITTING_STILL,0.11472873,0.00054919,0.00478683,0.00621791,0.00628569,0.00656903,0.01170989,0.01201868,0.00907166,0.01903309,0.01406424,RELIABLE,RELIABLE,RELIABLE,RELIABLE,RELIABLE,RELIABLE,RELIABLE,RELIABLE,STATIONARY,STATIONARY,STATIONARY,STATIONARY,STATIONARY,STATIONARY,STATIONARY,STATIONARY,STATIONARY
129508,3863,4,SITTING_STILL,0.11391880,0.00109879,0.00964541,0.00707500,0.00686801,0.00633908,0.01306784,0.01239146,0.01178984,0.02118566,0.01545632,RELIABLE,RELIABLE,RELIABLE,RELIABLE,RELIABLE,RELIABLE,RELIABLE,RELIABLE,STATIONARY,STATIONARY,STATIONARY,STATIONARY,STATIONARY,STATIONARY,STATIONARY,STATIONARY,STATIONARY
129541,3864,4,SITTING_STILL,0.11418092,0.00047650,0.00417324,0.00683646,0.00655613,0.00683142,0.01442292,0.01241579,0.01349425,0.02183377,0.01712416,RELIABLE,RELIABLE,RELIABLE,RELIABLE,RELIABLE,RELIABLE,RELIABLE,RELIABLE,STATIONARY,STATIONARY,STATIONARY,STATIONARY,STATIONARY,STATIONARY,STATIONARY,STATIONARY,STATIONARY
129572,3865,4,SITTING_STILL,0.11452649,0.00135546,0.01183536,0.00734853,0.00749773,0.00768316,0.01471355,0.01352280,0.01297643,0.01934914,0.01733937,RELIABLE,RELIABLE,RELIABLE,RELIABLE,RELIABLE,RELIABLE,RELIABLE,RELIABLE,STATIONARY,STATIONARY,STATIONARY,STATIONARY,STATIONARY,STATIONARY,STATIONARY,STATIONARY,STATIONARY
129604,3866,4,SITTING_STILL,0.11504539,0.00094269,0.00819407,0.00731880,0.00683876,0.00751596,0.01439936,0.01333709,0.01197531,0.01768701,0.01606396,RELIABLE,RELIABLE,RELIABLE,RELIABLE,RELIABLE,RELIABLE,RELIABLE,RELIABLE,STATIONARY,STATIONARY,STATIONARY,STATIONARY,STATIONARY,STATIONARY,STATIONARY,STATIONARY,STATIONARY
129635,3867,4,SITTING_STILL,0.11544375,0.00038592,0.00334295,0.00689358,0.00611170,0.00717255,0.01535313,0.01578218,0.01284599,0.01808532,0.01581066,RELIABLE,RELIABLE,RELIABLE,RELIABLE,RELIABLE,RELIABLE,RELIABLE,RELIABLE,STATIONARY,STATIONARY,STATIONARY,STATIONARY,STATIONARY,STATIONARY,STATIONARY,STATIONARY,STATIONARY
129666,3868,4,SITTING_STILL,0.11494947,0.00082456,0.00717322,0.00714045,0.00601891,0.00775596,0.01599374,0.01448547,0.01428322,0.02092349,0.01852726,RELIABLE,RELIABLE,RELIABLE,RELIABLE,RELIABLE,RELIABLE,RELIABLE,RELIABLE,STATIONARY,STATIONARY,STATIONARY,STATIONARY,STATIONARY,STATIONARY,STATIONARY,STATIONARY,STATIONARY
129697,3869,4,SITTING_STILL,0.11460558,0.00066532,0.00580533,0.00686955,0.00609415,0.00767740,0.01689140,0.01786770,0.01447780,0.02050136,0.01788902,RELIABLE,RELIABLE,RELIABLE,RELIABLE,RELIABLE,RELIABLE,RELIABLE,RELIABLE,STATIONARY,STATIONARY,STATIONARY,STATIONARY,STATIONARY,STATIONARY,STATIONARY,STATIONARY,STATIONARY
129729,3870,4,SITTING_STILL,0.11490813,0.00131927,0.01148110,0.00770633,0.00642189,0.00730105,0.01664321,0.01766873,0.01498433,0.01885053,0.01829589,RELIABLE,RELIABLE,RELIABLE,RELIABLE,RELIABLE,RELIABLE,RELIABLE,RELIABLE,STATIONARY,STATIONARY,STATIONARY,STATIONARY,STATIONARY,STATIONARY,STATIONARY,STATIONARY,STATIONARY
129761,3871,4,SITTING_STILL,0.11515445,0.00049228,0.00427496,0.00703503,0.00620188,0.00750791,0.01646458,0.01860808,0.01289162,0.01867697,0.01762503,RELIABLE,RELIABLE,RELIABLE,RELIABLE,RELIABLE,RELIABLE,RELIABLE,RELIABLE,STATIONARY,STATIONARY,STATIONARY,STATIONARY,STATIONARY,STATIONARY,STATIONARY,STATIONARY,STATIONARY
129793,3872,4,SITTING_STILL,0.11489564,0.00081513,0.00709455,0.00740019,0.00753896,0.00820069,0.01405664,0.01923929,0.01028252,0.01786847,0.01678759,RELIABLE,RELIABLE,RELIABLE,RELIABLE,RELIABLE,RELIABLE,RELIABLE,RELIABLE,STATIONARY,STATIONARY,STATIONARY,STATIONARY,STATIONARY,STATIONARY,STATIONARY,STATIONARY,STATIONARY
129824,3873,4,SITTING_STILL,0.11474618,0.00076855,0.00669780,0.00675800,0.00661722,0.00686583,0.01414514,0.01995173,0.00981385,0.01801603,0.01740725,RELIABLE,RELIABLE,RELIABLE,RELIABLE,RELIABLE,RELIABLE,RELIABLE,RELIABLE,STATIONARY,STATIONARY,STATIONARY,STATIONARY,STATIONARY,STATIONARY,STATIONARY,STATIONARY,STATIONARY
129856,3874,4,SITTING_STILL,0.11481620,0.00043556,0.00379355,0.00620793,0.00614572,0.00650426,0.01450782,0.02073009,0.01052175,0.01923679,0.01861254,RELIABLE,RELIABLE,RELIABLE,RELIABLE,RELIABLE,RELIABLE,RELIABLE,RELIABLE,STATIONARY,STATIONARY,STATIONARY,STATIONARY,STATIONARY,STATIONARY,STATIONARY,STATIONARY,STATIONARY
129888,3875,4,SITTING_STILL,0.11453106,0.00065858,0.00575025,0.00650884,0.00675642,0.00689816,0.01347367,0.02180958,0.01283573,0.01997366,0.02140809,RELIABLE,RELIABLE,RELIABLE,RELIABLE,RELIABLE,RELIABLE,RELIABLE,RELIABLE,STATIONARY,STATIONARY,STATIONARY,STATIONARY,STATIONARY,STATIONARY,STATIONARY,STATIONARY,STATIONARY
129920,3876,4,SITTING_STILL,0.11344576,0.00066445,0.00585695,0.00634431,0.00659400,0.00600649,0.01500213,0.02466052,0.01225971,0.01877959,0.02009086,RELIABLE,RELIABLE,RELIABLE,RELIABLE,RELIABLE,RELIABLE,RELIABLE,RELIABLE,STATIONARY,STATIONARY,STATIONARY,STATIONARY,STATIONARY,STATIONARY,STATIONARY,STATIONARY,STATIONARY
129961,3877,4,SITTING_STILL,0.11385955,0.00059608,0.00523523,0.00627305,0.00649244,0.00591502,0.01636940,0.02577005,0.01611871,0.02448103,0.02419085,RELIABLE,RELIABLE,RELIABLE,RELIABLE,RELIABLE,RELIABLE,RELIABLE,RELIABLE,STATIONARY,STATIONARY,STATIONARY,STATIONARY,STATIONARY,STATIONARY,STATIONARY,STATIONARY,STATIONARY
129999,3878,4,SITTING_STILL,0.11365809,0.00049847,0.00438573,0.00538613,0.00648172,0.00561765,0.01534790,0.03002971,0.01670864,0.02572959,0.02540336,RELIABLE,RELIABLE,RELIABLE,RELIABLE,RELIABLE,RELIABLE,RELIABLE,RELIABLE,STATIONARY,STATIONARY,STATIONARY,STATIONARY,STATIONARY,STATIONARY,STATIONARY,STATIONARY,STATIONARY
130030,3879,4,SITTING_STILL,0.11423101,0.00065217,0.00570924,0.00556541,0.00653340,0.00588171,0.01537270,0.03137440,0.01809670,0.02663741,0.02781354,RELIABLE,RELIABLE,RELIABLE,RELIABLE,RELIABLE,RELIABLE,RELIABLE,RELIABLE,STATIONARY,STATIONARY,STATIONARY,STATIONARY,STATIONARY,STATIONARY,STATIONARY,STATIONARY,STATIONARY
130062,3880,4,SITTING_STILL,0.11504870,0.00082873,0.00720330,0.00557901,0.00616792,0.00586524,0.01778044,0.03264208,0.01995351,0.02726814,0.02773403,RELIABLE,RELIABLE,RELIABLE,RELIABLE,RELIABLE,RELIABLE,RELIABLE,RELIABLE,STATIONARY,STATIONARY,STATIONARY,STATIONARY,STATIONARY,STATIONARY,STATIONARY,STATIONARY,STATIONARY
130094,3881,4,SITTING_STILL,0.11485124,0.00136656,0.01189851,0.00622910,0.00739484,0.00726636,0.01723804,0.03292542,0.01993109,0.02924207,0.02660161,RELIABLE,RELIABLE,RELIABLE,RELIABLE,RELIABLE,RELIABLE,RELIABLE,RELIABLE,STATIONARY,STATIONARY,STATIONARY,STATIONARY,STATIONARY,STATIONARY,STATIONARY,STATIONARY,STATIONARY
130126,3882,4,SITTING_STILL,0.11461471,0.00089345,0.00779522,0.00672931,0.00835651,0.00747402,0.01717506,0.03467291,0.02093104,0.02918387,0.02703199,RELIABLE,RELIABLE,RELIABLE,RELIABLE,RELIABLE,RELIABLE,RELIABLE,RELIABLE,STATIONARY,STATIONARY,STATIONARY,STATIONARY,STATIONARY,STATIONARY,STATIONARY,STATIONARY,STATIONARY
130158,3883,4,SITTING_STILL,0.11418541,0.00033756,0.00295626,0.00638006,0.00785158,0.00714439,0.01773741,0.03373799,0.01794658,0.02764677,0.02482063,RELIABLE,RELIABLE,RELIABLE,RELIABLE,RELIABLE,RELIABLE,RELIABLE,RELIABLE,STATIONARY,STATIONARY,STATIONARY,STATIONARY,STATIONARY,STATIONARY,STATIONARY,STATIONARY,STATIONARY
130189,3884,4,SITTING_STILL,0.11446557,0.00091229,0.00796998,0.00664418,0.00887539,0.00795628,0.01506414,0.03898208,0.01750842,0.02881045,0.02471095,RELIABLE,RELIABLE,RELIABLE,RELIABLE,RELIABLE,RELIABLE,RELIABLE,RELIABLE,STATIONARY,STATIONARY,STATIONARY,STATIONARY,STATIONARY,STATIONARY,STATIONARY,STATIONARY,STATIONARY
130221,3885,4,SITTING_STILL,0.11466291,0.00026267,0.00229076,0.00627613,0.00806233,0.00737377,0.01239248,0.03932010,0.01324891,0.02419473,0.01991300,RELIABLE,RELIABLE,RELIABLE,RELIABLE,RELIABLE,RELIABLE,RELIABLE,RELIABLE,STATIONARY,STATIONARY,STATIONARY,STATIONARY,STATIONARY,STATIONARY,STATIONARY,STATIONARY,STATIONARY
130252,3886,4,SITTING_STILL,0.11488694,0.00087873,0.00764861,0.00668399,0.00782288,0.00735129,0.01245166,0.03492233,0.01313306,0.02381746,0.01819064,RELIABLE,RELIABLE,RELIABLE,RELIABLE,RELIABLE,RELIABLE,RELIABLE,RELIABLE,STATIONARY,STATIONARY,STATIONARY,STATIONARY,STATIONARY,STATIONARY,STATIONARY,STATIONARY,STATIONARY
130283,3887,4,SITTING_STILL,0.11437947,0.00087994,0.00769313,0.00693197,0.00815292,0.00810226,0.01198047,0.03496617,0.01256294,0.02348691,0.01610092,RELIABLE,RELIABLE,RELIABLE,RELIABLE,RELIABLE,RELIABLE,RELIABLE,RELIABLE,STATIONARY,STATIONARY,STATIONARY,STATIONARY,STATIONARY,STATIONARY,STATIONARY,STATIONARY,STATIONARY
130315,3888,4,SITTING_STILL,0.11323238,0.00063966,0.00564912,0.00673770,0.00776919,0.00737272,0.01147015,0.03666144,0.01262413,0.02375063,0.01617068,RELIABLE,RELIABLE,RELIABLE,RELIABLE,RELIABLE,RELIABLE,RELIABLE,RELIABLE,STATIONARY,STATIONARY,STATIONARY,STATIONARY,STATIONARY,STATIONARY,STATIONARY,STATIONARY,STATIONARY
130362,3889,4,SITTING_STILL,0.11263084,0.00039110,0.00347243,0.00568444,0.00625444,0.00579292,0.01099487,0.03422140,0.01216947,0.02241977,0.01635506,RELIABLE,RELIABLE,RELIABLE,RELIABLE,RELIABLE,RELIABLE,RELIABLE,RELIABLE,STATIONARY,STATIONARY,STATIONARY,STATIONARY,STATIONARY,STATIONARY,STATIONARY,STATIONARY,STATIONARY
130393,3890,4,SITTING_STILL,0.11291146,0.00054407,0.00481853,0.00531235,0.00546516,0.00582811,0.00997036,0.03308333,0.01151361,0.02146320,0.01521036,RELIABLE,RELIABLE,RELIABLE,RELIABLE,RELIABLE,RELIABLE,RELIABLE,RELIABLE,STATIONARY,STATIONARY,STATIONARY,STATIONARY,STATIONARY,STATIONARY,STATIONARY,STATIONARY,STATIONARY
130425,3891,4,SITTING_STILL,0.11300961,0.00066023,0.00584224,0.00567310,0.00542677,0.00575603,0.00965079,0.03405942,0.01172860,0.02263658,0.01534595,RELIABLE,RELIABLE,RELIABLE,RELIABLE,RELIABLE,RELIABLE,RELIABLE,RELIABLE,STATIONARY,STATIONARY,STATIONARY,STATIONARY,STATIONARY,STATIONARY,STATIONARY,STATIONARY,STATIONARY
130457,3892,4,SITTING_STILL,0.11302943,0.00048187,0.00426320,0.00520975,0.00437921,0.00472903,0.01018632,0.02723074,0.01120036,0.02037509,0.01520662,RELIABLE,RELIABLE,RELIABLE,RELIABLE,RELIABLE,RELIABLE,RELIABLE,RELIABLE,STATIONARY,STATIONARY,STATIONARY,STATIONARY,STATIONARY,STATIONARY,STATIONARY,STATIONARY,STATIONARY
130490,3893,4,SITTING_STILL,0.11339928,0.00034157,0.00301214,0.00529993,0.00445303,0.00473794,0.01006131,0.02608104,0.01087966,0.01874922,0.01489519,RELIABLE,RELIABLE,RELIABLE,RELIABLE,RELIABLE,RELIABLE,RELIABLE,RELIABLE,STATIONARY,STATIONARY,STATIONARY,STATIONARY,STATIONARY,STATIONARY,STATIONARY,STATIONARY,STATIONARY
130521,3894,4,SITTING_STILL,0.11348608,0.00056983,0.00502115,0.00497149,0.00409328,0.00536467,0.01001449,0.02660823,0.00993073,0.01779515,0.01411381,RELIABLE,RELIABLE,RELIABLE,RELIABLE,RELIABLE,RELIABLE,RELIABLE,RELIABLE,STATIONARY,STATIONARY,STATIONARY,STATIONARY,STATIONARY,STATIONARY,STATIONARY,STATIONARY,STATIONARY
