timestamp_ms,frame_number,track_id,trial,body_scale,HEAD_raw_motion,HEAD_normalized_motion,HEAD_motion,LEFT_EYE_motion,RIGHT_EYE_motion,LEFT_ARM_motion,RIGHT_ARM_motion,TORSO_motion,LEFT_LEG_motion,RIGHT_LEG_motion,HEAD_observability,LEFT_EYE_observability,RIGHT_EYE_observability,LEFT_ARM_observability,RIGHT_ARM_observability,TORSO_observability,LEFT_LEG_observability,RIGHT_LEG_observability,HEAD_state,LEFT_EYE_state,RIGHT_EYE_state,LEFT_ARM_state,RIGHT_ARM_state,TORSO_state,LEFT_LEG_state,RIGHT_LEG_state,OVERALL_state
29829,875,1,SITTING_STILL,0.10313983,0.00158701,0.01538700,0.00682010,0.00796153,0.00722235,0.00885549,0.04135778,0.01896680,0.02389098,0.03476087,RELIABLE,RELIABLE,RELIABLE,RELIABLE,RELIABLE,RELIABLE,RELIABLE,PARTIAL,STATIONARY,STATIONARY,STATIONARY,STATIONARY,STATIONARY,STATIONARY,STATIONARY,STATIONARY,STATIONARY
29876,876,1,SITTING_STILL,0.10332621,0.00047135,0.00456175,0.00708863,0.00781389,0.00749749,0.00883444,0.05426195,0.01899235,0.02401159,0.03277101,RELIABLE,RELIABLE,RELIABLE,RELIABLE,RELIABLE,RELIABLE,RELIABLE,RELIABLE,STATIONARY,STATIONARY,STATIONARY,STATIONARY,STATIONARY,STATIONARY,STATIONARY,STATIONARY,STATIONARY
29908,877,1,SITTING_STILL,0.10296538,0.00058810,0.00571164,0.00736304,0.00807628,0.00808047,0.00818207,0.05531386,0.01813992,0.02147119,0.03107896,RELIABLE,RELIABLE,RELIABLE,RELIABLE,RELIABLE,RELIABLE,RELIABLE,RELIABLE,STATIONARY,STATIONARY,STATIONARY,STATIONARY,STATIONARY,STATIONARY,STATIONARY,STATIONARY,STATIONARY
29940,878,1,SITTING_STILL,0.10299908,0.00096353,0.00935469,0.00767317,0.00880650,0.00977196,0.00736151,0.05782457,0.01815673,0.02176104,0.03662985,RELIABLE,RELIABLE,RELIABLE,RELIABLE,RELIABLE,RELIABLE,RELIABLE,RELIABLE,STATIONARY,STATIONARY,STATIONARY,STATIONARY,MOVING,STATIONARY,STATIONARY,STATIONARY,MOVING
29973,879,1,SITTING_STILL,0.10336700,0.00131547,0.01272623,0.00846770,0.00861910,0.01111417,0.00714477,0.05954688,0.01895787,0.02341988,0.03573648,RELIABLE,RELIABLE,RELIABLE,RELIABLE,RELIABLE,RELIABLE,RELIABLE,RELIABLE,STATIONARY,STATIONARY,STATIONARY,STATIONARY,MOVING,STATIONARY,STATIONARY,STATIONARY,MOVING
30004,880,1,SITTING_STILL,0.10247894,0.00076444,0.00745946,0.00887629,0.00811370,0.01093293,0.00820338,0.06075406,0.02540944,0.02916430,0.04583363,RELIABLE,RELIABLE,RELIABLE,RELIABLE,RELIABLE,RELIABLE,RELIABLE,PARTIAL,STATIONARY,STATIONARY,STATIONARY,STATIONARY,MOVING,STATIONARY,STATIONARY,STATIONARY,MOVING
30036,881,1,SITTING_STILL,0.10254910,0.00130083,0.01268495,0.00933486,0.00886939,0.01199397,0.00800820,0.05789236,0.02508456,0.02814439,0.04356062,RELIABLE,RELIABLE,RELIABLE,RELIABLE,RELIABLE,RELIABLE,RELIABLE,RELIABLE,STATIONARY,STATIONARY,STATIONARY,STATIONARY,MOVING,STATIONARY,STATIONARY,STATIONARY,MOVING
30068,882,1,SITTING_STILL,0.10313833,0.00091528,0.00887433,0.00959501,0.00918251,0.01214624,0.00894130,0.05990531,0.02615762,0.02907861,0.04621891,RELIABLE,RELIABLE,RELIABLE,RELIABLE,RELIABLE,RELIABLE,RELIABLE,RELIABLE,STATIONARY,STATIONARY,STATIONARY,STATIONARY,MOVING,STATIONARY,STATIONARY,STATIONARY,MOVING
30101,883,1,SITTING_STILL,0.10353283,0.00037569,0.00362873,0.00812522,0.00799894,0.01004612,0.00942460,0.05666539,0.02673918,0.02745803,0.04660930,RELIABLE,RELIABLE,RELIABLE,RELIABLE,RELIABLE,RELIABLE,RELIABLE,PARTIAL,STATIONARY,STATIONARY,STATIONARY,STATIONARY,MOVING,STATIONARY,STATIONARY,STATIONARY,MOVING
30132,884,1,SITTING_STILL,0.10246347,0.00119944,0.01170598,0.00901825,0.00858605,0.01021070,0.00968519,0.04848502,0.03435519,0.04089157,0.05779131,RELIABLE,RELIABLE,RELIABLE,RELIABLE,RELIABLE,RELIABLE,PARTIAL,PARTIAL,STATIONARY,STATIONARY,STATIONARY,STATIONARY,MOVING,STATIONARY,STATIONARY,STATIONARY,MOVING
30172,885,1,SITTING_STILL,0.10228812,0.00123894,0.01211225,0.00981833,0.01050947,0.01229830,0.01094316,0.04524271,0.03387746,0.04088102,0.05677599,RELIABLE,RELIABLE,RELIABLE,RELIABLE,RELIABLE,RELIABLE,PARTIAL,RELIABLE,STATIONARY,STATIONARY,STATIONARY,STATIONARY,MOVING,STATIONARY,STATIONARY,STATIONARY,MOVING
30203,886,1,SITTING_STILL,0.10113985,0.00153909,0.01521741,0.01055117,0.01121031,0.01174541,0.01344423,0.05193652,0.03979352,0.04714701,0.06394834,RELIABLE,RELIABLE,RELIABLE,RELIABLE,RELIABLE,RELIABLE,RELIABLE,RELIABLE,STATIONARY,STATIONARY,STATIONARY,STATIONARY,MOVING,MOVING,STATIONARY,MOVING,MOVING
30245,887,1,SITTING_STILL,0.10005937,0.00102469,0.01024079,0.01024049,0.01196154,0.01115768,0.01355430,0.05392692,0.04165738,0.04904327,0.06947724,RELIABLE,RELIABLE,RELIABLE,RELIABLE,RELIABLE,RELIABLE,RELIABLE,RELIABLE,STATIONARY,STATIONARY,STATIONARY,STATIONARY,MOVING,MOVING,STATIONARY,MOVING,MOVING
30281,888,1,SITTING_STILL,0.10015458,0.00110561,0.01103904,0.01068794,0.01269854,0.01082465,0.01289603,0.05597337,0.03632357,0.04508038,0.06355083,RELIABLE,RELIABLE,RELIABLE,RELIABLE,RELIABLE,RELIABLE,RELIABLE,PARTIAL,STATIONARY,STATIONARY,STATIONARY,STATIONARY,MOVING,MOVING,STATIONARY,MOVING,MOVING
30311,889,1,SITTING_STILL,0.10052376,0.00055281,0.00549925,0.00978972,0.01092864,0.00917934,0.01257317,0.05824958,0.03532705,0.04452357,0.06480900,RELIABLE,RELIABLE,RELIABLE,RELIABLE,RELIABLE,RELIABLE,RELIABLE,PARTIAL,STATIONARY,STATIONARY,STATIONARY,STATIONARY,MOVING,MOVING,STATIONARY,MOVING,MOVING
30343,890,1,SITTING_STILL,0.10052225,0.00097439,0.00969332,0.00989210,0.01131695,0.01003403,0.01236059,0.05641542,0.03514297,0.04366685,0.06373922,RELIABLE,RELIABLE,RELIABLE,RELIABLE,RELIABLE,RELIABLE,RELIABLE,PARTIAL,STATIONARY,STATIONARY,STATIONARY,STATIONARY,MOVING,MOVING,STATIONARY,MOVING,MOVING
30374,891,1,SITTING_STILL,0.10055662,0.00119248,0.01185876,0.01092085,0.01213054,0.01032222,0.01300367,0.05745067,0.03674602,0.04732470,0.06577039,RELIABLE,RELIABLE,RELIABLE,RELIABLE,RELIABLE,RELIABLE,RELIABLE,PARTIAL,STATIONARY,STATIONARY,STATIONARY,STATIONARY,MOVING,MOVING,STATIONARY,MOVING,MOVING
30407,892,1,SITTING_STILL,0.10078122,0.00066857,0.00663383,0.01028683,0.01188468,0.00921943,0.01348067,0.05672036,0.03155071,0.03482027,0.06559714,RELIABLE,RELIABLE,RELIABLE,RELIABLE,RELIABLE,RELIABLE,RELIABLE,PARTIAL,STATIONARY,STATIONARY,STATIONARY,STATIONARY,MOVING,MOVING,STATIONARY,MOVING,MOVING
30438,893,1,SITTING_STILL,0.10105980,0.00061471,0.00608267,0.00953313,0.00980956,0.00657757,0.01323466,0.05543518,0.03026017,0.03363041,0.06653915,RELIABLE,RELIABLE,RELIABLE,RELIABLE,RELIABLE,RELIABLE,RELIABLE,PARTIAL,STATIONARY,STATIONARY,STATIONARY,STATIONARY,MOVING,MOVING,STATIONARY,MOVING,MOVING
30470,894,1,SITTING_STILL,0.10129287,0.00068596,0.00677204,0.00847746,0.00877050,0.00578713,0.01346657,0.04748325,0.02387854,0.02690766,0.05237957,RELIABLE,RELIABLE,RELIABLE,RELIABLE,RELIABLE,RELIABLE,RELIABLE,PARTIAL,STATIONARY,STATIONARY,STATIONARY,STATIONARY,MOVING,MOVING,STATIONARY,MOVING,MOVING
30502,895,1,SITTING_STILL,0.10103741,0.00078385,0.00775800,0.00816711,0.00848534,0.00540155,0.01375257,0.04168076,0.01961536,0.02297474,0.04515334,RELIABLE,RELIABLE,RELIABLE,RELIABLE,RELIABLE,RELIABLE,RELIABLE,PARTIAL,STATIONARY,STATIONARY,STATIONARY,STATIONARY,MOVING,MOVING,STATIONARY,MOVING,MOVING
30533,896,1,SITTING_STILL,0.10080266,0.00056476,0.00560263,0.00748756,0.00798608,0.00536038,0.01430041,0.03508682,0.01827536,0.02266299,0.04390071,RELIABLE,RELIABLE,RELIABLE,RELIABLE,RELIABLE,RELIABLE,RELIABLE,PARTIAL,STATIONARY,STATIONARY,STATIONARY,STATIONARY,MOVING,MOVING,STATIONARY,MOVING,MOVING
30564,897,1,SITTING_STILL,0.10073506,0.00070636,0.00701210,0.00767667,0.00854323,0.00559892,0.01525084,0.03339056,0.01806969,0.02231822,0.04632681,RELIABLE,RELIABLE,RELIABLE,RELIABLE,RELIABLE,RELIABLE,RELIABLE,RELIABLE,STATIONARY,STATIONARY,STATIONARY,STATIONARY,MOVING,MOVING,STATIONARY,MOVING,MOVING
30596,898,1,SITTING_STILL,0.10055327,0.00059319,0.00589929,0.00720242,0.00720878,0.00439606,0.01435055,0.02976199,0.01817757,0.02299481,0.04507565,RELIABLE,RELIABLE,RELIABLE,RELIABLE,RELIABLE,RELIABLE,RELIABLE,RELIABLE,STATIONARY,STATIONARY,STATIONARY,STATIONARY,MOVING,MOVING,STATIONARY,MOVING,MOVING
30645,899,1,SITTING_STILL,0.10085234,0.00109694,0.01087665,0.00707965,0.00773222,0.00432428,0.01458743,0.02904354,0.01606752,0.01957892,0.04250760,RELIABLE,RELIABLE,RELIABLE,RELIABLE,RELIABLE,RELIABLE,RELIABLE,RELIABLE,STATIONARY,STATIONARY,STATIONARY,STATIONARY,MOVING,STATIONARY,STATIONARY,MOVING,MOVING
30676,900,1,SITTING_STILL,0.10090115,0.00077127,0.00764385,0.00720590,0.00764227,0.00529229,0.01436714,0.02789508,0.01572627,0.02148924,0.03713835,RELIABLE,RELIABLE,RELIABLE,RELIABLE,RELIABLE,RELIABLE,RELIABLE,RELIABLE,STATIONARY,STATIONARY,STATIONARY,STATIONARY,MOVING,STATIONARY,STATIONARY,MOVING,MOVING
30709,901,1,SITTING_STILL,0.10116948,0.00046306,0.00457710,0.00701771,0.00734452,0.00517409,0.01422722,0.02784873,0.01612743,0.02063488,0.03792585,RELIABLE,RELIABLE,RELIABLE,RELIABLE,RELIABLE,RELIABLE,RELIABLE,PARTIAL,STATIONARY,STATIONARY,STATIONARY,STATIONARY,MOVING,STATIONARY,STATIONARY,MOVING,MOVING
30749,902,1,SITTING_STILL,0.10109225,0.00095245,0.00942156,0.00734890,0.00733016,0.00593922,0.01216841,0.02660921,0.01555655,0.01977009,0.04043005,RELIABLE,RELIABLE,RELIABLE,RELIABLE,RELIABLE,RELIABLE,RELIABLE,RELIABLE,STATIONARY,STATIONARY,STATIONARY,STATIONARY,STATIONARY,STATIONARY,STATIONARY,MOVING,MOVING
30781,903,1,SITTING_STILL,0.10070331,0.00081905,0.00813330,0.00739581,0.00769204,0.00605791,0.01210820,0.02679767,0.01652301,0.01916765,0.03991961,RELIABLE,RELIABLE,RELIABLE,RELIABLE,RELIABLE,RELIABLE,RELIABLE,RELIABLE,STATIONARY,STATIONARY,STATIONARY,STATIONARY,STATIONARY,STATIONARY,STATIONARY,MOVING,MOVING
30813,904,1,SITTING_STILL,0.10058156,0.00016240,0.00161464,0.00689731,0.00705310,0.00580394,0.01172100,0.02630700,0.01596323,0.01758376,0.03761056,RELIABLE,RELIABLE,RELIABLE,RELIABLE,RELIABLE,RELIABLE,RELIABLE,RELIABLE,STATIONARY,STATIONARY,STATIONARY,STATIONARY,STATIONARY,STATIONARY,STATIONARY,MOVING,MOVING
30844,905,1,SITTING_STILL,0.10069527,0.00091534,0.00909025,0.00715708,0.00686972,0.00547290,0.01138030,0.02545358,0.01588151,0.01784880,0.03279362,RELIABLE,RELIABLE,RELIABLE,RELIABLE,RELIABLE,RELIABLE,RELIABLE,RELIABLE,STATIONARY,STATIONARY,STATIONARY,STATIONARY,STATIONARY,STATIONARY,STATIONARY,STATIONARY,STATIONARY
30874,906,1,SITTING_STILL,0.10108953,0.00045594,0.00451024,0.00698345,0.00666916,0.00528996,0.01196578,0.02348994,0.01380222,0.01601543,0.03079549,RELIABLE,RELIABLE,RELIABLE,RELIABLE,RELIABLE,RELIABLE,RELIABLE,RELIABLE,STATIONARY,STATIONARY,STATIONARY,STATIONARY,STATIONARY,STATIONARY,STATIONARY,STATIONARY,STATIONARY
30909,907,1,SITTING_STILL,0.10116761,0.00062078,0.00613613,0.00639088,0.00598537,0.00479769,0.01097205,0.01948604,0.01353370,0.01568672,0.03115672,RELIABLE,RELIABLE,RELIABLE,RELIABLE,RELIABLE,RELIABLE,RELIABLE,PARTIAL,STATIONARY,STATIONARY,STATIONARY,STATIONARY,STATIONARY,STATIONARY,STATIONARY,STATIONARY,STATIONARY
30939,908,1,SITTING_STILL,0.10164690,0.00054459,0.00535762,0.00610510,0.00636011,0.00447790,0.01039802,0.01628166,0.01108351,0.01383945,0.03118752,RELIABLE,RELIABLE,RELIABLE,RELIABLE,RELIABLE,RELIABLE,RELIABLE,PARTIAL,STATIONARY,STATIONARY,STATIONARY,STATIONARY,STATIONARY,STATIONARY,STATIONARY,STATIONARY,STATIONARY
30970,909,1,SITTING_STILL,0.10189432,0.00074163,0.00727846,0.00644278,0.00667751,0.00455271,0.01010731,0.01624183,0.01226579,0.01582167,0.02844730,RELIABLE,RELIABLE,RELIABLE,RELIABLE,RELIABLE,RELIABLE,RELIABLE,PARTIAL,STATIONARY,STATIONARY,STATIONARY,STATIONARY,STATIONARY,STATIONARY,STATIONARY,STATIONARY,STATIONARY
31012,910,1,SITTING_STILL,0.10186681,0.00097789,0.00959969,0.00646504,0.00643344,0.00403535,0.01029711,0.01469830,0.01182179,0.01511216,0.02755841,RELIABLE,RELIABLE,RELIABLE,RELIABLE,RELIABLE,RELIABLE,RELIABLE,PARTIAL,STATIONARY,STATIONARY,STATIONARY,STATIONARY,STATIONARY,STATIONARY,STATIONARY,STATIONARY,STATIONARY
31050,911,1,SITTING_STILL,0.10146461,0.00037056,0.00365208,0.00590489,0.00515478,0.00384736,0.01051741,0.01383403,0.01226809,0.01587972,0.02766274,RELIABLE,RELIABLE,RELIABLE,RELIABLE,RELIABLE,RELIABLE,RELIABLE,RELIABLE,STATIONARY,STATIONARY,STATIONARY,STATIONARY,STATIONARY,STATIONARY,STATIONARY,STATIONARY,STATIONARY
31082,912,1,SITTING_STILL,0.10106932,0.00018528,0.00183318,0.00593221,0.00523795,0.00395238,0.01007653,0.01312515,0.01240757,0.01610955,0.02570262,RELIABLE,RELIABLE,RELIABLE,RELIABLE,RELIABLE,RELIABLE,RELIABLE,RELIABLE,STATIONARY,STATIONARY,STATIONARY,STATIONARY,STATIONARY,STATIONARY,STATIONARY,STATIONARY,STATIONARY
31113,913,1,SITTING_STILL,0.10129757,0.00065770,0.00649280,0.00560753,0.00520838,0.00434866,0.01016359,0.01258100,0.01254265,0.01607349,0.02656045,RELIABLE,RELIABLE,RELIABLE,RELIABLE,RELIABLE,RELIABLE,RELIABLE,RELIABLE,STATIONARY,STATIONARY,STATIONARY,STATIONARY,STATIONARY,STATIONARY,STATIONARY,STATIONARY,STATIONARY
31145,914,1,SITTING_STILL,0.10149807,0.00061513,0.00606050,0.00580131,0.00590611,0.00493900,0.00969154,0.01164986,0.01231823,0.01572705,0.02689985,RELIABLE,RELIABLE,RELIABLE,RELIABLE,RELIABLE,RELIABLE,RELIABLE,RELIABLE,STATIONARY,STATIONARY,STATIONARY,STATIONARY,STATIONARY,STATIONARY,STATIONARY,STATIONARY,STATIONARY
31177,915,1,SITTING_STILL,0.10170093,0.00095702,0.00941014,0.00621056,0.00630107,0.00506307,0.00954915,0.01154585,0.01225324,0.01582804,0.02790681,RELIABLE,RELIABLE,RELIABLE,RELIABLE,RELIABLE,RELIABLE,RELIABLE,RELIABLE,STATIONARY,STATIONARY,STATIONARY,STATIONARY,STATIONARY,STATIONARY,STATIONARY,STATIONARY,STATIONARY
31207,916,1,SITTING_STILL,0.10164334,0.00026725,0.00262925,0.00586951,0.00559413,0.00488276,0.00964448,0.01121233,0.01241260,0.01501277,0.02455869,RELIABLE,RELIABLE,RELIABLE,RELIABLE,RELIABLE,RELIABLE,RELIABLE,RELIABLE,STATIONARY,STATIONARY,STATIONARY,STATIONARY,STATIONARY,STATIONARY,STATIONARY,STATIONARY,STATIONARY
31238,917,1,SITTING_STILL,0.10138293,0.00067649,0.00667264,0.00579379,0.00657248,0.00568702,0.00999209,0.01027414,0.01174619,0.01325116,0.02475007,RELIABLE,RELIABLE,RELIABLE,RELIABLE,RELIABLE,RELIABLE,RELIABLE,RELIABLE,STATIONARY,STATIONARY,STATIONARY,STATIONARY,STATIONARY,STATIONARY,STATIONARY,STATIONARY,STATIONARY
31270,918,1,SITTING_STILL,0.10157967,0.00042935,0.00422677,0.00512217,0.00704280,0.00560939,0.00993069,0.01037587,0.01245999,0.01406376,0.02765116,RELIABLE,RELIABLE,RELIABLE,RELIABLE,RELIABLE,RELIABLE,RELIABLE,RELIABLE,STATIONARY,STATIONARY,STATIONARY,STATIONARY,STATIONARY,STATIONARY,STATIONARY,STATIONARY,STATIONARY
31302,919,1,SITTING_STILL,0.10127949,0.00064386,0.00635722,0.00546031,0.00811843,0.00622021,0.00959712,0.00981898,0.01141087,0.01288985,0.02912884,RELIABLE,RELIABLE,RELIABLE,RELIABLE,RELIABLE,RELIABLE,RELIABLE,RELIABLE,STATIONARY,STATIONARY,STATIONARY,STATIONARY,STATIONARY,STATIONARY,STATIONARY,STATIONARY,STATIONARY
31334,920,1,SITTING_STILL,0.10125267,0.00067253,0.00664205,0.00606142,0.00915364,0.00656984,0.00980232,0.01081441,0.01142156,0.01255211,0.02974013,RELIABLE,RELIABLE,RELIABLE,RELIABLE,RELIABLE,RELIABLE,RELIABLE,RELIABLE,STATIONARY,STATIONARY,STATIONARY,STATIONARY,STATIONARY,STATIONARY,STATIONARY,STATIONARY,STATIONARY
31366,921,1,SITTING_STILL,0.10118849,0.00027960,0.00276314,0.00559521,0.00837897,0.00632457,0.00955023,0.01066773,0.01215632,0.01249389,0.03046325,RELIABLE,RELIABLE,RELIABLE,RELIABLE,RELIABLE,RELIABLE,RELIABLE,RELIABLE,STATIONARY,STATIONARY,STATIONARY,STATIONARY,STATIONARY,STATIONARY,STATIONARY,STATIONARY,STATIONARY
31413,922,1,SITTING_STILL,0.10116136,0.00037884,0.00374495,0.00530577,0.00815018,0.00588076,0.01020677,0.01196046,0.01331850,0.01330991,0.03465870,RELIABLE,RELIABLE,RELIABLE,RELIABLE,RELIABLE,RELIABLE,RELIABLE,RELIABLE,STATIONARY,STATIONARY,STATIONARY,STATIONARY,STATIONARY,STATIONARY,STATIONARY,STATIONARY,STATIONARY
31444,923,1,SITTING_STILL,0.10081325,0.00050639,0.00502305,0.00475738,0.00785009,0.00643294,0.01002447,0.01110672,0.01303472,0.01219427,0.03301923,RELIABLE,RELIABLE,RELIABLE,RELIABLE,RELIABLE,RELIABLE,RELIABLE,RELIABLE,STATIONARY,STATIONARY,STATIONARY,STATIONARY,STATIONARY,STATIONARY,STATIONARY,STATIONARY,STATIONARY
31475,924,1,SITTING_STILL,0.10047195,0.00025320,0.00252006,0.00474374,0.00793179,0.00632829,0.00946572,0.01093798,0.01246261,0.01072094,0.03109553,RELIABLE,RELIABLE,RELIABLE,RELIABLE,RELIABLE,RELIABLE,RELIABLE,RELIABLE,STATIONARY,STATIONARY,STATIONARY,STATIONARY,STATIONARY,STATIONARY,STATIONARY,STATIONARY,STATIONARY
31509,925,1,SITTING_STILL,0.10002365,0.00041583,0.00415736,0.00442933,0.00710778,0.00595864,0.00889011,0.01123564,0.01261019,0.01088352,0.04047473,RELIABLE,RELIABLE,RELIABLE,RELIABLE,RELIABLE,RELIABLE,RELIABLE,RELIABLE,STATIONARY,STATIONARY,STATIONARY,STATIONARY,STATIONARY,STATIONARY,STATIONARY,STATIONARY,STATIONARY
31540,926,1,SITTING_STILL,0.10008420,0.00084262,0.00841907,0.00495336,0.00738564,0.00585698,0.00841591,0.01182140,0.01302920,0.01107860,0.03829758,RELIABLE,RELIABLE,RELIABLE,RELIABLE,RELIABLE,RELIABLE,RELIABLE,RELIABLE,STATIONARY,STATIONARY,STATIONARY,STATIONARY,STATIONARY,STATIONARY,STATIONARY,STATIONARY,STATIONARY
31572,927,1,SITTING_STILL,0.10004955,0.00041699,0.00416785,0.00467969,0.00684170,0.00474401,0.00791365,0.01160622,0.01321695,0.01192609,0.03843935,RELIABLE,RELIABLE,RELIABLE,RELIABLE,RELIABLE,RELIABLE,RELIABLE,RELIABLE,STATIONARY,STATIONARY,STATIONARY,STATIONARY,STATIONARY,STATIONARY,STATIONARY,STATIONARY,STATIONARY
31605,928,1,SITTING_STILL,0.10005856,0.00088180,0.00881284,0.00495104,0.00713524,0.00454424,0.00752511,0.01079020,0.01282642,0.01207115,0.03881631,RELIABLE,RELIABLE,RELIABLE,RELIABLE,RELIABLE,RELIABLE,RELIABLE,RELIABLE,STATIONARY,STATIONARY,STATIONARY,STATIONARY,STATIONARY,STATIONARY,STATIONARY,STATIONARY,STATIONARY
31636,929,1,SITTING_STILL,0.09979074,0.00083419,0.00835940,0.00565057,0.00830989,0.00568343,0.00752824,0.01089733,0.01196576,0.01198466,0.03687896,RELIABLE,RELIABLE,RELIABLE,RELIABLE,RELIABLE,RELIABLE,RELIABLE,RELIABLE,STATIONARY,STATIONARY,STATIONARY,STATIONARY,STATIONARY,STATIONARY,STATIONARY,STATIONARY,STATIONARY
31669,930,1,SITTING_STILL,0.10010887,0.00088767,0.00886710,0.00629084,0.00879272,0.00617219,0.00675063,0.01018391,0.01102132,0.01110825,0.03250623,RELIABLE,RELIABLE,RELIABLE,RELIABLE,RELIABLE,RELIABLE,RELIABLE,RELIABLE,STATIONARY,STATIONARY,STATIONARY,STATIONARY,STATIONARY,STATIONARY,STATIONARY,STATIONARY,STATIONARY
31700,931,1,SITTING_STILL,0.10011308,0.00081792,0.00816996,0.00668420,0.00812689,0.00540700,0.00609951,0.01087794,0.01045331,0.01158361,0.03134066,RELIABLE,RELIABLE,RELIABLE,RELIABLE,RELIABLE,RELIABLE,RELIABLE,RELIABLE,STATIONARY,STATIONARY,STATIONARY,STATIONARY,STATIONARY,STATIONARY,STATIONARY,STATIONARY,STATIONARY
31732,932,1,SITTING_STILL,0.10033089,0.00041517,0.00413800,0.00688645,0.00815136,0.00556545,0.00630599,0.01118765,0.01068134,0.01229378,0.03150639,RELIABLE,RELIABLE,RELIABLE,RELIABLE,RELIABLE,RELIABLE,RELIABLE,RELIABLE,STATIONARY,STATIONARY,STATIONARY,STATIONARY,STATIONARY,STATIONARY,STATIONARY,STATIONARY,STATIONARY
31780,933,1,SITTING_STILL,0.10042648,0.00041010,0.00408363,0.00687723,0.00808634,0.00532626,0.00675885,0.01025526,0.00916592,0.01169298,0.02335985,RELIABLE,RELIABLE,RELIABLE,RELIABLE,RELIABLE,RELIABLE,RELIABLE,RELIABLE,STATIONARY,STATIONARY,STATIONARY,STATIONARY,STATIONARY,STATIONARY,STATIONARY,STATIONARY,STATIONARY
31820,934,1,SITTING_STILL,0.10047957,0.00051144,0.00508996,0.00646109,0.00723748,0.00520721,0.00706741,0.01034086,0.00823893,0.01127178,0.02380040,RELIABLE,RELIABLE,RELIABLE,RELIABLE,RELIABLE,RELIABLE,RELIABLE,RELIABLE,STATIONARY,STATIONARY,STATIONARY,STATIONARY,STATIONARY,STATIONARY,STATIONARY,STATIONARY,STATIONARY
31852,935,1,SITTING_STILL,0.10051025,0.00025572,0.00254421,0.00625814,0.00672759,0.00521547,0.00672707,0.01034936,0.00765692,0.01051377,0.02262135,RELIABLE,RELIABLE,RELIABLE,RELIABLE,RELIABLE,RELIABLE,RELIABLE,RELIABLE,STATIONARY,STATIONARY,STATIONARY,STATIONARY,STATIONARY,STATIONARY,STATIONARY,STATIONARY,STATIONARY
31884,936,1,SITTING_STILL,0.10044811,0.00034322,0.00341691,0.00558365,0.00551489,0.00495656,0.00721758,0.01206047,0.00846428,0.01127145,0.02407135,RELIABLE,RELIABLE,RELIABLE,RELIABLE,RELIABLE,RELIABLE,RELIABLE,RELIABLE,STATIONARY,STATIONARY,STATIONARY,STATIONARY,STATIONARY,STATIONARY,STATIONARY,STATIONARY,STATIONARY
31915,937,1,SITTING_STILL,0.10054667,0.00034704,0.00345151,0.00497016,0.00461512,0.00385102,0.00688930,0.01167031,0.00801155,0.01105289,0.02407030,RELIABLE,RELIABLE,RELIABLE,RELIABLE,RELIABLE,RELIABLE,RELIABLE,RELIABLE,STATIONARY,STATIONARY,STATIONARY,STATIONARY,STATIONARY,STATIONARY,STATIONARY,STATIONARY,STATIONARY
31947,938,1,SITTING_STILL,0.10040896,0.00025238,0.00251352,0.00417596,0.00364639,0.00305342,0.00680345,0.01121023,0.00767465,0.01168297,0.02434301,RELIABLE,RELIABLE,RELIABLE,RELIABLE,RELIABLE,RELIABLE,RELIABLE,RELIABLE,STATIONARY,STATIONARY,STATIONARY,STATIONARY,STATIONARY,STATIONARY,STATIONARY,STATIONARY,STATIONARY
31978,939,1,SITTING_STILL,0.10037288,0.00048450,0.00482703,0.00375810,0.00394860,0.00324660,0.00699590,0.01058726,0.00749579,0.01142128,0.02383515,RELIABLE,RELIABLE,RELIABLE,RELIABLE,RELIABLE,RELIABLE,RELIABLE,RELIABLE,STATIONARY,STATIONARY,STATIONARY,STATIONARY,STATIONARY,STATIONARY,STATIONARY,STATIONARY,STATIONARY
32009,940,1,SITTING_STILL,0.10022849,0.00047781,0.00476722,0.00383675,0.00463693,0.00364299,0.00717258,0.01096188,0.00806175,0.01120036,0.02440859,RELIABLE,RELIABLE,RELIABLE,RELIABLE,RELIABLE,RELIABLE,RELIABLE,RELIABLE,STATIONARY,STATIONARY,STATIONARY,STATIONARY,STATIONARY,STATIONARY,STATIONARY,STATIONARY,STATIONARY
32041,941,1,SITTING_STILL,0.10027562,0.00059873,0.00597088,0.00407266,0.00443730,0.00352251,0.00663783,0.01109866,0.00922602,0.01236824,0.02614335,RELIABLE,RELIABLE,RELIABLE,RELIABLE,RELIABLE,RELIABLE,RELIABLE,RELIABLE,STATIONARY,STATIONARY,STATIONARY,STATIONARY,STATIONARY,STATIONARY,STATIONARY,STATIONARY,STATIONARY
32073,942,1,SITTING_STILL,0.10051004,0.00067055,0.00667143,0.00427034,0.00499988,0.00341782,0.00651759,0.01050386,0.00983085,0.01268432,0.02692715,RELIABLE,RELIABLE,RELIABLE,RELIABLE,RELIABLE,RELIABLE,RELIABLE,RELIABLE,STATIONARY,STATIONARY,STATIONARY,STATIONARY,STATIONARY,STATIONARY,STATIONARY,STATIONARY,STATIONARY
32105,943,1,SITTING_STILL,0.10043962,0.00093657,0.00932470,0.00511790,0.00597192,0.00340599,0.00719341,0.01058522,0.01167521,0.01424523,0.02686664,RELIABLE,RELIABLE,RELIABLE,RELIABLE,RELIABLE,RELIABLE,RELIABLE,RELIABLE,STATIONARY,STATIONARY,STATIONARY,STATIONARY,STATIONARY,STATIONARY,STATIONARY,STATIONARY,STATIONARY
32137,944,1,SITTING_STILL,0.10040949,0.00064966,0.00647011,0.00549955,0.00697688,0.00372685,0.00688878,0.00921977,0.01259212,0.01505192,0.02529217,RELIABLE,RELIABLE,RELIABLE,RELIABLE,RELIABLE,RELIABLE,RELIABLE,RELIABLE,STATIONARY,STATIONARY,STATIONARY,STATIONARY,STATIONARY,STATIONARY,STATIONARY,STATIONARY,STATIONARY
32181,945,1,SITTING_STILL,0.10057431,0.00107434,0.01068202,0.00640336,0.00796535,0.00502761,0.00675408,0.00920914,0.01393496,0.01574977,0.02714938,RELIABLE,RELIABLE,RELIABLE,RELIABLE,RELIABLE,RELIABLE,RELIABLE,RELIABLE,STATIONARY,STATIONARY,STATIONARY,STATIONARY,STATIONARY,STATIONARY,STATIONARY,STATIONARY,STATIONARY
32215,946,1,SITTING_STILL,0.10024453,0.00079309,0.00791158,0.00707812,0.00927496,0.00544179,0.00667349,0.00920511,0.01406211,0.01494165,0.03072034,RELIABLE,RELIABLE,RELIABLE,RELIABLE,RELIABLE,RELIABLE,RELIABLE,RELIABLE,STATIONARY,STATIONARY,STATIONARY,STATIONARY,STATIONARY,STATIONARY,STATIONARY,STATIONARY,STATIONARY
32247,947,1,SITTING_STILL,0.09987357,0.00039655,0.00397048,0.00697105,0.00926491,0.00533318,0.00627641,0.00874892,0.01359723,0.01449175,0.03276857,RELIABLE,RELIABLE,RELIABLE,RELIABLE,RELIABLE,RELIABLE,RELIABLE,RELIABLE,STATIONARY,STATIONARY,STATIONARY,STATIONARY,STATIONARY,STATIONARY,STATIONARY,STATIONARY,STATIONARY
32278,948,1,SITTING_STILL,0.10000994,0.00043701,0.00436971,0.00692136,0.00854248,0.00505384,0.00586662,0.00959487,0.01332850,0.01426783,0.03178196,RELIABLE,RELIABLE,RELIABLE,RELIABLE,RELIABLE,RELIABLE,RELIABLE,RELIABLE,STATIONARY,STATIONARY,STATIONARY,STATIONARY,STATIONARY,STATIONARY,STATIONARY,STATIONARY,STATIONARY
32309,949,1,SITTING_STILL,0.09980133,0.00036971,0.00370444,0.00663806,0.00879134,0.00475413,0.00646604,0.00934949,0.01288611,0.01322187,0.02899828,RELIABLE,RELIABLE,RELIABLE,RELIABLE,RELIABLE,RELIABLE,RELIABLE,RELIABLE,STATIONARY,STATIONARY,STATIONARY,STATIONARY,STATIONARY,STATIONARY,STATIONARY,STATIONARY,STATIONARY
32341,950,1,SITTING_STILL,0.09979951,0.00042274,0.00423593,0.00633362,0.00832994,0.00456257,0.00651682,0.00960077,0.01173690,0.01234676,0.02601309,RELIABLE,RELIABLE,RELIABLE,RELIABLE,RELIABLE,RELIABLE,RELIABLE,RELIABLE,STATIONARY,STATIONARY,STATIONARY,STATIONARY,STATIONARY,STATIONARY,STATIONARY,STATIONARY,STATIONARY
32372,951,1,SITTING_STILL,0.10021330,0.00064370,0.00642334,0.00597095,0.00886626,0.00594057,0.00780498,0.01118029,0.01190619,0.01197635,0.02845154,RELIABLE,RELIABLE,RELIABLE,RELIABLE,RELIABLE,RELIABLE,RELIABLE,RELIABLE,STATIONARY,STATIONARY,STATIONARY,STATIONARY,STATIONARY,STATIONARY,STATIONARY,STATIONARY,STATIONARY
32405,952,1,SITTING_STILL,0.10034380,0.00058723,0.00585222,0.00589371,0.00923318,0.00664781,0.00780743,0.01112431,0.01133279,0.01101154,0.03021719,RELIABLE,RELIABLE,RELIABLE,RELIABLE,RELIABLE,RELIABLE,RELIABLE,RELIABLE,STATIONARY,STATIONARY,STATIONARY,STATIONARY,STATIONARY,STATIONARY,STATIONARY,STATIONARY,STATIONARY
32436,953,1,SITTING_STILL,0.10034091,0.00051022,0.00508488,0.00519407,0.00806717,0.00567796,0.00831420,0.01289221,0.01119253,0.01145437,0.02972481,RELIABLE,RELIABLE,RELIABLE,RELIABLE,RELIABLE,RELIABLE,RELIABLE,RELIABLE,STATIONARY,STATIONARY,STATIONARY,STATIONARY,STATIONARY,STATIONARY,STATIONARY,STATIONARY,STATIONARY
32468,954,1,SITTING_STILL,0.10034357,0.00017072,0.00170139,0.00441780,0.00701990,0.00560631,0.00884517,0.01306714,0.01166805,0.01132849,0.02640596,RELIABLE,RELIABLE,RELIABLE,RELIABLE,RELIABLE,RELIABLE,RELIABLE,RELIABLE,STATIONARY,STATIONARY,STATIONARY,STATIONARY,STATIONARY,STATIONARY,STATIONARY,STATIONARY,STATIONARY
32501,955,1,SITTING_STILL,0.10092613,0.00062723,0.00621473,0.00469833,0.00804683,0.00688524,0.01038492,0.01347078,0.01288123,0.01197596,0.02575288,RELIABLE,RELIABLE,RELIABLE,RELIABLE,RELIABLE,RELIABLE,RELIABLE,RELIABLE,STATIONARY,STATIONARY,STATIONARY,STATIONARY,STATIONARY,STATIONARY,STATIONARY,STATIONARY,STATIONARY
32548,956,1,SITTING_STILL,0.10087143,0.00053772,0.00533077,0.00481846,0.00835612,0.00705616,0.01113753,0.01263141,0.01236446,0.01218708,0.02522967,RELIABLE,RELIABLE,RELIABLE,RELIABLE,RELIABLE,RELIABLE,RELIABLE,RELIABLE,STATIONARY,STATIONARY,STATIONARY,STATIONARY,STATIONARY,STATIONARY,STATIONARY,STATIONARY,STATIONARY
32580,957,1,SITTING_STILL,0.10066241,0.00065997,0.00655631,0.00517495,0.00905210,0.00741655,0.01119526,0.01326283,0.01305634,0.01280382,0.02451871,RELIABLE,RELIABLE,RELIABLE,RELIABLE,RELIABLE,RELIABLE,RELIABLE,RELIABLE,STATIONARY,STATIONARY,STATIONARY,STATIONARY,STATIONARY,STATIONARY,STATIONARY,STATIONARY,STATIONARY
32606,958,1,SITTING_STILL,0.10046928,0.00032999,0.00328446,0.00505601,0.00898468,0.00744657,0.01090044,0.01235267,0.01323398,0.01275924,0.02360939,RELIABLE,RELIABLE,RELIABLE,RELIABLE,RELIABLE,RELIABLE,RELIABLE,RELIABLE,STATIONARY,STATIONARY,STATIONARY,STATIONARY,STATIONARY,STATIONARY,STATIONARY,STATIONARY,STATIONARY
32637,959,1,SITTING_STILL,0.10056634,0.00072706,0.00722967,0.00515680,0.00781674,0.00624791,0.00979207,0.01112310,0.01284116,0.01316135,0.02096634,RELIABLE,RELIABLE,RELIABLE,RELIABLE,RELIABLE,RELIABLE,RELIABLE,RELIABLE,STATIONARY,STATIONARY,STATIONARY,STATIONARY,STATIONARY,STATIONARY,STATIONARY,STATIONARY,STATIONARY
32668,960,1,SITTING_STILL,0.10064183,0.00051930,0.00515989,0.00507026,0.00738089,0.00629438,0.01060316,0.01119486,0.01212970,0.01293476,0.01870487,RELIABLE,RELIABLE,RELIABLE,RELIABLE,RELIABLE,RELIABLE,RELIABLE,RELIABLE,STATIONARY,STATIONARY,STATIONARY,STATIONARY,STATIONARY,STATIONARY,STATIONARY,STATIONARY,STATIONARY
32709,961,1,SITTING_STILL,0.10084364,0.00052402,0.00519640,0.00508420,0.00720991,0.00597997,0.01044309,0.01010526,0.01170155,0.01175956,0.01789991,RELIABLE,RELIABLE,RELIABLE,RELIABLE,RELIABLE,RELIABLE,RELIABLE,RELIABLE,STATIONARY,STATIONARY,STATIONARY,STATIONARY,STATIONARY,STATIONARY,STATIONARY,STATIONARY,STATIONARY
32745,962,1,SITTING_STILL,0.10097893,0.00037855,0.00374882,0.00534013,0.00726608,0.00572899,0.01027862,0.00990045,0.01117333,0.01198803,0.01686560,RELIABLE,RELIABLE,RELIABLE,RELIABLE,RELIABLE,RELIABLE,RELIABLE,RELIABLE,STATIONARY,STATIONARY,STATIONARY,STATIONARY,STATIONARY,STATIONARY,STATIONARY,STATIONARY,STATIONARY
32777,963,1,SITTING_STILL,0.10100504,0.00058327,0.00577470,0.00528513,0.00597387,0.00478363,0.00916012,0.00967622,0.01059931,0.01155158,0.01643725,RELIABLE,RELIABLE,RELIABLE,RELIABLE,RELIABLE,RELIABLE,RELIABLE,RELIABLE,STATIONARY,STATIONARY,STATIONARY,STATIONARY,STATIONARY,STATIONARY,STATIONARY,STATIONARY,STATIONARY
32809,964,1,SITTING_STILL,0.10071263,0.00037429,0.00371644,0.00508334,0.00554085,0.00423657,0.00848678,0.00928877,0.01031216,0.01114832,0.01681467,RELIABLE,RELIABLE,RELIABLE,RELIABLE,RELIABLE,RELIABLE,RELIABLE,RELIABLE,STATIONARY,STATIONARY,STATIONARY,STATIONARY,STATIONARY,STATIONARY,STATIONARY,STATIONARY,STATIONARY
32841,965,1,SITTING_STILL,0.10042425,0.00028942,0.00288202,0.00462405,0.00492315,0.00428614,0.00792989,0.00890522,0.00971167,0.01060709,0.01754607,RELIABLE,RELIABLE,RELIABLE,RELIABLE,RELIABLE,RELIABLE,RELIABLE,RELIABLE,STATIONARY,STATIONARY,STATIONARY,STATIONARY,STATIONARY,STATIONARY,STATIONARY,STATIONARY,STATIONARY
32871,966,1,SITTING_STILL,0.10067728,0.00054567,0.00541997,0.00489099,0.00502864,0.00481515,0.00801759,0.00976422,0.01002749,0.01033358,0.01780280,RELIABLE,RELIABLE,RELIABLE,RELIABLE,RELIABLE,RELIABLE,RELIABLE,RELIABLE,STATIONARY,STATIONARY,STATIONARY,STATIONARY,STATIONARY,STATIONARY,STATIONARY,STATIONARY,STATIONARY
32903,967,1,SITTING_STILL,0.10065146,0.00064568,0.00641501,0.00478916,0.00507915,0.00516914,0.00778593,0.01025845,0.00882805,0.00918989,0.01683355,RELIABLE,RELIABLE,RELIABLE,RELIABLE,RELIABLE,RELIABLE,RELIABLE,RELIABLE,STATIONARY,STATIONARY,STATIONARY,STATIONARY,STATIONARY,STATIONARY,STATIONARY,STATIONARY,STATIONARY
32948,968,1,SITTING_STILL,0.10062736,0.00038201,0.00379631,0.00461871,0.00436987,0.00392520,0.00763547,0.01045590,0.00902379,0.00911651,0.01629015,RELIABLE,RELIABLE,RELIABLE,RELIABLE,RELIABLE,RELIABLE,RELIABLE,RELIABLE,STATIONARY,STATIONARY,STATIONARY,STATIONARY,STATIONARY,STATIONARY,STATIONARY,STATIONARY,STATIONARY
32981,969,1,SITTING_STILL,0.10058766,0.00027179,0.00270197,0.00430690,0.00499999,0.00392144,0.00863388,0.01037987,0.01017252,0.01072521,0.01659687,RELIABLE,RELIABLE,RELIABLE,RELIABLE,RELIABLE,RELIABLE,RELIABLE,RELIABLE,STATIONARY,STATIONARY,STATIONARY,STATIONARY,STATIONARY,STATIONARY,STATIONARY,STATIONARY,STATIONARY
33012,970,1,SITTING_STILL,0.10055458,0.00013589,0.00135143,0.00400723,0.00477694,0.00381223,0.00860428,0.00985252,0.01059364,0.01125165,0.01678270,RELIABLE,RELIABLE,RELIABLE,RELIABLE,RELIABLE,RELIABLE,RELIABLE,RELIABLE,STATIONARY,STATIONARY,STATIONARY,STATIONARY,STATIONARY,STATIONARY,STATIONARY,STATIONARY,STATIONARY
33042,971,1,SITTING_STILL,0.10052602,0.00047427,0.00471790,0.00387513,0.00464177,0.00343465,0.00987552,0.01001641,0.01179239,0.01192841,0.01557595,RELIABLE,RELIABLE,RELIABLE,RELIABLE,RELIABLE,RELIABLE,RELIABLE,RELIABLE,STATIONARY,STATIONARY,STATIONARY,STATIONARY,STATIONARY,STATIONARY,STATIONARY,STATIONARY,STATIONARY
33074,972,1,SITTING_STILL,0.10044941,0.00093277,0.00928599,0.00457132,0.00520836,0.00333117,0.01020415,0.01104443,0.01219758,0.01348132,0.01506012,RELIABLE,RELIABLE,RELIABLE,RELIABLE,RELIABLE,RELIABLE,RELIABLE,RELIABLE,STATIONARY,STATIONARY,STATIONARY,STATIONARY,STATIONARY,STATIONARY,STATIONARY,STATIONARY,STATIONARY
33108,973,1,SITTING_STILL,0.10023857,0.00016008,0.00159699,0.00441070,0.00467255,0.00315392,0.01015074,0.01122877,0.01200153,0.01429722,0.01794178,RELIABLE,RELIABLE,RELIABLE,RELIABLE,RELIABLE,RELIABLE,RELIABLE,RELIABLE,STATIONARY,STATIONARY,STATIONARY,STATIONARY,STATIONARY,STATIONARY,STATIONARY,STATIONARY,STATIONARY
33140,974,1,SITTING_STILL,0.10014860,0.00088871,0.00887390,0.00484244,0.00507449,0.00258181,0.00989531,0.01123308,0.01138445,0.01555672,0.01921275,RELIABLE,RELIABLE,RELIABLE,RELIABLE,RELIABLE,RELIABLE,RELIABLE,RELIABLE,STATIONARY,STATIONARY,STATIONARY,STATIONARY,STATIONARY,STATIONARY,STATIONARY,STATIONARY,STATIONARY
33172,975,1,SITTING_STILL,0.09981122,0.00048301,0.00483928,0.00464547,0.00480781,0.00231601,0.00904797,0.01108372,0.01217685,0.01665547,0.02403269,RELIABLE,RELIABLE,RELIABLE,RELIABLE,RELIABLE,RELIABLE,RELIABLE,RELIABLE,STATIONARY,STATIONARY,STATIONARY,STATIONARY,STATIONARY,STATIONARY,STATIONARY,STATIONARY,STATIONARY
33213,976,1,SITTING_STILL,0.09994639,0.00034003,0.00340214,0.00459620,0.00452460,0.00252928,0.00851555,0.01086555,0.01216258,0.01676662,0.02378980,RELIABLE,RELIABLE,RELIABLE,RELIABLE,RELIABLE,RELIABLE,RELIABLE,RELIABLE,STATIONARY,STATIONARY,STATIONARY,STATIONARY,STATIONARY,STATIONARY,STATIONARY,STATIONARY,STATIONARY
33244,977,1,SITTING_STILL,0.10018038,0.00054327,0.00542290,0.00493632,0.00479980,0.00289856,0.00739129,0.01089106,0.01114239,0.01527480,0.02437957,RELIABLE,RELIABLE,RELIABLE,RELIABLE,RELIABLE,RELIABLE,RELIABLE,RELIABLE,STATIONARY,STATIONARY,STATIONARY,STATIONARY,STATIONARY,STATIONARY,STATIONARY,STATIONARY,STATIONARY
33276,978,1,SITTING_STILL,0.10049848,0.00042211,0.00420017,0.00529241,0.00516447,0.00314095,0.00680553,0.01205281,0.01100380,0.01495876,0.02465755,RELIABLE,RELIABLE,RELIABLE,RELIABLE,RELIABLE,RELIABLE,RELIABLE,RELIABLE,STATIONARY,STATIONARY,STATIONARY,STATIONARY,STATIONARY,STATIONARY,STATIONARY,STATIONARY,STATIONARY
33309,979,1,SITTING_STILL,0.10073429,0.00078568,0.00779948,0.00567761,0.00552007,0.00339983,0.00534711,0.01216152,0.00940596,0.01438619,0.02510783,RELIABLE,RELIABLE,RELIABLE,RELIABLE,RELIABLE,RELIABLE,RELIABLE,RELIABLE,STATIONARY,STATIONARY,STATIONARY,STATIONARY,STATIONARY,STATIONARY,STATIONARY,STATIONARY,STATIONARY
33349,980,1,SITTING_STILL,0.10102739,0.00063262,0.00626190,0.00529959,0.00465189,0.00394564,0.00582446,0.01091140,0.00950021,0.01478515,0.02605018,RELIABLE,RELIABLE,RELIABLE,RELIABLE,RELIABLE,RELIABLE,RELIABLE,RELIABLE,STATIONARY,STATIONARY,STATIONARY,STATIONARY,STATIONARY,STATIONARY,STATIONARY,STATIONARY,STATIONARY
33388,981,1,SITTING_STILL,0.10126165,0.00031631,0.00312371,0.00549043,0.00453500,0.00400435,0.00571304,0.00997293,0.00889004,0.01434602,0.02207067,RELIABLE,RELIABLE,RELIABLE,RELIABLE,RELIABLE,RELIABLE,RELIABLE,RELIABLE,STATIONARY,STATIONARY,STATIONARY,STATIONARY,STATIONARY,STATIONARY,STATIONARY,STATIONARY,STATIONARY
33419,982,1,SITTING_STILL,0.10124674,0.00034218,0.00337968,0.00480366,0.00352497,0.00397901,0.00609881,0.00968131,0.00873141,0.01338064,0.02138832,RELIABLE,RELIABLE,RELIABLE,RELIABLE,RELIABLE,RELIABLE,RELIABLE,RELIABLE,STATIONARY,STATIONARY,STATIONARY,STATIONARY,STATIONARY,STATIONARY,STATIONARY,STATIONARY,STATIONARY
33451,983,1,SITTING_STILL,0.10123714,0.00045119,0.00445672,0.00475584,0.00368160,0.00373344,0.00664154,0.00860740,0.00738446,0.01231128,0.01720720,RELIABLE,RELIABLE,RELIABLE,RELIABLE,RELIABLE,RELIABLE,RELIABLE,RELIABLE,STATIONARY,STATIONARY,STATIONARY,STATIONARY,STATIONARY,STATIONARY,STATIONARY,STATIONARY,STATIONARY
33483,984,1,SITTING_STILL,0.10114577,0.00020605,0.00203716,0.00458522,0.00376999,0.00362577,0.00630523,0.00839838,0.00705826,0.01252318,0.01789789,RELIABLE,RELIABLE,RELIABLE,RELIABLE,RELIABLE,RELIABLE,RELIABLE,RELIABLE,STATIONARY,STATIONARY,STATIONARY,STATIONARY,STATIONARY,STATIONARY,STATIONARY,STATIONARY,STATIONARY
33514,985,1,SITTING_STILL,0.10125832,0.00036057,0.00356092,0.00435247,0.00347167,0.00353275,0.00622754,0.00916890,0.00723371,0.01286682,0.01806622,RELIABLE,RELIABLE,RELIABLE,RELIABLE,RELIABLE,RELIABLE,RELIABLE,RELIABLE,STATIONARY,STATIONARY,STATIONARY,STATIONARY,STATIONARY,STATIONARY,STATIONARY,STATIONARY,STATIONARY
33546,986,1,SITTING_STILL,0.10110909,0.00053226,0.00526420,0.00448547,0.00375802,0.00400761,0.00658347,0.00919388,0.00749412,0.01265497,0.01842271,RELIABLE,RELIABLE,RELIABLE,RELIABLE,RELIABLE,RELIABLE,RELIABLE,RELIABLE,STATIONARY,STATIONARY,STATIONARY,STATIONARY,STATIONARY,STATIONARY,STATIONARY,STATIONARY,STATIONARY
33578,987,1,SITTING_STILL,0.10073622,0.00050134,0.00497673,0.00413263,0.00411149,0.00456434,0.00702784,0.00915481,0.00750075,0.01254271,0.01837575,RELIABLE,RELIABLE,RELIABLE,RELIABLE,RELIABLE,RELIABLE,RELIABLE,RELIABLE,STATIONARY,STATIONARY,STATIONARY,STATIONARY,STATIONARY,STATIONARY,STATIONARY,STATIONARY,STATIONARY
33610,988,1,SITTING_STILL,0.10074091,0.00029033,0.00288198,0.00371014,0.00445096,0.00398372,0.00665997,0.00951163,0.00711717,0.01050028,0.01852389,RELIABLE,RELIABLE,RELIABLE,RELIABLE,RELIABLE,RELIABLE,RELIABLE,RELIABLE,STATIONARY,STATIONARY,STATIONARY,STATIONARY,STATIONARY,STATIONARY,STATIONARY,STATIONARY,STATIONARY
33642,989,1,SITTING_STILL,0.10063129,0.00024287,0.00241351,0.00362136,0.00464835,0.00391008,0.00678124,0.01078881,0.00836961,0.01120959,0.02073697,RELIABLE,RELIABLE,RELIABLE,RELIABLE,RELIABLE,RELIABLE,RELIABLE,RELIABLE,STATIONARY,STATIONARY,STATIONARY,STATIONARY,STATIONARY,STATIONARY,STATIONARY,STATIONARY,STATIONARY
33674,990,1,SITTING_STILL,0.10015945,0.00063122,0.00630214,0.00398667,0.00534115,0.00479261,0.00674651,0.01075611,0.00928637,0.01294327,0.02306463,RELIABLE,RELIABLE,RELIABLE,RELIABLE,RELIABLE,RELIABLE,RELIABLE,RELIABLE,STATIONARY,STATIONARY,STATIONARY,STATIONARY,STATIONARY,STATIONARY,STATIONARY,STATIONARY,STATIONARY
33716,991,1,SITTING_STILL,0.10037370,0.00068321,0.00680664,0.00428041,0.00598638,0.00571812,0.00646282,0.01145960,0.00943599,0.01198724,0.02278229,RELIABLE,RELIABLE,RELIABLE,RELIABLE,RELIABLE,RELIABLE,RELIABLE,RELIABLE,STATIONARY,STATIONARY,STATIONARY,STATIONARY,STATIONARY,STATIONARY,STATIONARY,STATIONARY,STATIONARY
33752,992,1,SITTING_STILL,0.10062245,0.00110102,0.01094212,0.00539353,0.00775126,0.00710000,0.00661343,0.01243554,0.00933342,0.01204010,0.02427843,RELIABLE,RELIABLE,RELIABLE,RELIABLE,RELIABLE,RELIABLE,RELIABLE,RELIABLE,STATIONARY,STATIONARY,STATIONARY,STATIONARY,STATIONARY,STATIONARY,STATIONARY,STATIONARY,STATIONARY
33783,993,1,SITTING_STILL,0.10081783,0.00055051,0.00546046,0.00563097,0.00807747,0.00722782,0.00632039,0.01133200,0.00801627,0.01144313,0.02318889,RELIABLE,RELIABLE,RELIABLE,RELIABLE,RELIABLE,RELIABLE,RELIABLE,RELIABLE,STATIONARY,STATIONARY,STATIONARY,STATIONARY,STATIONARY,STATIONARY,STATIONARY,STATIONARY,STATIONARY
33813,994,1,SITTING_STILL,0.10091605,0.00077996,0.00772879,0.00593905,0.00765434,0.00694818,0.00741648,0.01054319,0.00777680,0.01195059,0.02472108,RELIABLE,RELIABLE,RELIABLE,RELIABLE,RELIABLE,RELIABLE,RELIABLE,RELIABLE,STATIONARY,STATIONARY,STATIONARY,STATIONARY,STATIONARY,STATIONARY,STATIONARY,STATIONARY,STATIONARY
33845,995,1,SITTING_STILL,0.10072052,0.00108512,0.01077362,0.00666366,0.00830967,0.00709998,0.00735074,0.01077211,0.00845024,0.01280714,0.02579397,RELIABLE,RELIABLE,RELIABLE,RELIABLE,RELIABLE,RELIABLE,RELIABLE,RELIABLE,STATIONARY,STATIONARY,STATIONARY,STATIONARY,STATIONARY,STATIONARY,STATIONARY,STATIONARY,STATIONARY
33875,996,1,SITTING_STILL,0.10102732,0.00070749,0.00700299,0.00717878,0.00873670,0.00745264,0.00769070,0.01221110,0.00906474,0.01396040,0.02556322,RELIABLE,RELIABLE,RELIABLE,RELIABLE,RELIABLE,RELIABLE,RELIABLE,RELIABLE,STATIONARY,STATIONARY,STATIONARY,STATIONARY,STATIONARY,STATIONARY,STATIONARY,STATIONARY,STATIONARY
33908,997,1,SITTING_STILL,0.10094734,0.00077102,0.00763784,0.00783182,0.00911022,0.00767740,0.00778030,0.01333095,0.00902647,0.01311789,0.02424313,RELIABLE,RELIABLE,RELIABLE,RELIABLE,RELIABLE,RELIABLE,RELIABLE,RELIABLE,STATIONARY,STATIONARY,STATIONARY,STATIONARY,STATIONARY,STATIONARY,STATIONARY,STATIONARY,STATIONARY
33940,998,1,SITTING_STILL,0.10059137,0.00068485,0.00680820,0.00789508,0.00917494,0.00727254,0.00740051,0.01357961,0.00887847,0.01123836,0.02142946,RELIABLE,RELIABLE,RELIABLE,RELIABLE,RELIABLE,RELIABLE,RELIABLE,RELIABLE,STATIONARY,STATIONARY,STATIONARY,STATIONARY,STATIONARY,STATIONARY,STATIONARY,STATIONARY,STATIONARY
33972,999,1,SITTING_STILL,0.10010613,0.00060134,0.00600704,0.00779513,0.00832723,0.00669143,0.00745931,0.01373188,0.00933178,0.01266944,0.02316904,RELIABLE,RELIABLE,RELIABLE,RELIABLE,RELIABLE,RELIABLE,RELIABLE,RELIABLE,STATIONARY,STATIONARY,STATIONARY,STATIONARY,STATIONARY,STATIONARY,STATIONARY,STATIONARY,STATIONARY
34005,1000,1,SITTING_STILL,0.10038803,0.00088732,0.00883886,0.00753222,0.00754083,0.00635184,0.00746716,0.01272484,0.00924777,0.01181025,0.02060330,RELIABLE,RELIABLE,RELIABLE,RELIABLE,RELIABLE,RELIABLE,RELIABLE,RELIABLE,STATIONARY,STATIONARY,STATIONARY,STATIONARY,STATIONARY,STATIONARY,STATIONARY,STATIONARY,STATIONARY
34036,1001,1,SITTING_STILL,0.10069690,0.00090310,0.00896850,0.00797073,0.00772953,0.00647350,0.00787797,0.01311489,0.00979459,0.01166403,0.02097886,RELIABLE,RELIABLE,RELIABLE,RELIABLE,RELIABLE,RELIABLE,RELIABLE,RELIABLE,STATIONARY,STATIONARY,STATIONARY,STATIONARY,STATIONARY,STATIONARY,STATIONARY,STATIONARY,STATIONARY
34068,1002,1,SITTING_STILL,0.10125976,0.00064378,0.00635767,0.00779934,0.00831454,0.00676307,0.00736857,0.01357908,0.01036249,0.01153536,0.01963277,RELIABLE,RELIABLE,RELIABLE,RELIABLE,RELIABLE,RELIABLE,RELIABLE,RELIABLE,STATIONARY,STATIONARY,STATIONARY,STATIONARY,STATIONARY,STATIONARY,STATIONARY,STATIONARY,STATIONARY
34116,1003,1,SITTING_STILL,0.10107675,0.00047206,0.00467032,0.00703643,0.00772213,0.00570527,0.00792326,0.01393120,0.01216851,0.01217781,0.02051239,RELIABLE,RELIABLE,RELIABLE,RELIABLE,RELIABLE,RELIABLE,RELIABLE,RELIABLE,STATIONARY,STATIONARY,STATIONARY,STATIONARY,STATIONARY,STATIONARY,STATIONARY,STATIONARY,STATIONARY
34157,1004,1,SITTING_STILL,0.10075390,0.00023603,0.00234264,0.00645388,0.00738939,0.00518264,0.00724876,0.01235932,0.01247631,0.01179092,0.02077607,RELIABLE,RELIABLE,RELIABLE,RELIABLE,RELIABLE,RELIABLE,RELIABLE,RELIABLE,STATIONARY,STATIONARY,STATIONARY,STATIONARY,STATIONARY,STATIONARY,STATIONARY,STATIONARY,STATIONARY
34188,1005,1,SITTING_STILL,0.10079166,0.00103731,0.01029161,0.00678561,0.00700584,0.00553340,0.00757539,0.01091053,0.01279117,0.01285564,0.02162075,RELIABLE,RELIABLE,RELIABLE,RELIABLE,RELIABLE,RELIABLE,RELIABLE,RELIABLE,STATIONARY,STATIONARY,STATIONARY,STATIONARY,STATIONARY,STATIONARY,STATIONARY,STATIONARY,STATIONARY
34220,1006,1,SITTING_STILL,0.10073768,0.00063221,0.00627576,0.00671905,0.00675640,0.00570947,0.00793367,0.01078036,0.01225515,0.01321211,0.02284421,RELIABLE,RELIABLE,RELIABLE,RELIABLE,RELIABLE,RELIABLE,RELIABLE,RELIABLE,STATIONARY,STATIONARY,STATIONARY,STATIONARY,STATIONARY,STATIONARY,STATIONARY,STATIONARY,STATIONARY
34250,1007,1,SITTING_STILL,0.10103783,0.00025675,0.00254111,0.00628581,0.00746389,0.00527301,0.00911938,0.01107203,0.01474286,0.01409469,0.02596195,RELIABLE,RELIABLE,RELIABLE,RELIABLE,RELIABLE,RELIABLE,RELIABLE,RELIABLE,STATIONARY,STATIONARY,STATIONARY,STATIONARY,STATIONARY,STATIONARY,STATIONARY,STATIONARY,STATIONARY
34282,1008,1,SITTING_STILL,0.10105876,0.00070620,0.00698803,0.00605446,0.00780505,0.00622536,0.00956774,0.01125115,0.01467239,0.01527011,0.02692912,RELIABLE,RELIABLE,RELIABLE,RELIABLE,RELIABLE,RELIABLE,RELIABLE,PARTIAL,STATIONARY,STATIONARY,STATIONARY,STATIONARY,STATIONARY,STATIONARY,STATIONARY,STATIONARY,STATIONARY
34312,1009,1,SITTING_STILL,0.10133131,0.00144251,0.01423559,0.00671284,0.00875469,0.00722574,0.00994990,0.01079726,0.01522149,0.01629097,0.02570120,RELIABLE,RELIABLE,RELIABLE,RELIABLE,RELIABLE,RELIABLE,RELIABLE,RELIABLE,STATIONARY,STATIONARY,STATIONARY,STATIONARY,STATIONARY,STATIONARY,STATIONARY,STATIONARY,STATIONARY
34344,1010,1,SITTING_STILL,0.10160670,0.00052423,0.00515941,0.00656306,0.00866925,0.00719457,0.00885235,0.01060882,0.01478071,0.01700510,0.02800160,RELIABLE,RELIABLE,RELIABLE,RELIABLE,RELIABLE,RELIABLE,RELIABLE,RELIABLE,STATIONARY,STATIONARY,STATIONARY,STATIONARY,STATIONARY,STATIONARY,STATIONARY,STATIONARY,STATIONARY
34375,1011,1,SITTING_STILL,0.10181962,0.00155827,0.01530424,0.00789230,0.01022921,0.00912186,0.00812206,0.00993116,0.01328835,0.01731886,0.02911866,RELIABLE,RELIABLE,RELIABLE,RELIABLE,RELIABLE,RELIABLE,RELIABLE,PARTIAL,STATIONARY,STATIONARY,STATIONARY,STATIONARY,STATIONARY,STATIONARY,STATIONARY,STATIONARY,STATIONARY
34407,1012,1,SITTING_STILL,0.10185317,0.00050455,0.00495365,0.00821868,0.01097949,0.01008402,0.00798887,0.01001041,0.01267074,0.01799548,0.02834657,RELIABLE,RELIABLE,RELIABLE,RELIABLE,RELIABLE,RELIABLE,RELIABLE,RELIABLE,STATIONARY,STATIONARY,STATIONARY,STATIONARY,STATIONARY,STATIONARY,STATIONARY,STATIONARY,STATIONARY
34438,1013,1,SITTING_STILL,0.10169210,0.00132294,0.01300925,0.00855838,0.01183381,0.01032438,0.00836595,0.00966220,0.01138942,0.01576278,0.02919339,RELIABLE,RELIABLE,RELIABLE,RELIABLE,RELIABLE,RELIABLE,RELIABLE,RELIABLE,STATIONARY,STATIONARY,STATIONARY,STATIONARY,STATIONARY,STATIONARY,STATIONARY,STATIONARY,STATIONARY
34485,1014,1,SITTING_STILL,0.10154192,0.00076350,0.00751902,0.00871379,0.01248128,0.01118516,0.00828098,0.00883475,0.01183910,0.01603497,0.03161361,RELIABLE,RELIABLE,RELIABLE,RELIABLE,RELIABLE,RELIABLE,RELIABLE,RELIABLE,STATIONARY,STATIONARY,STATIONARY,STATIONARY,STATIONARY,STATIONARY,STATIONARY,STATIONARY,STATIONARY
34517,1015,1,SITTING_STILL,0.10155864,0.00045266,0.00445714,0.00895329,0.01243747,0.01229083,0.00699239,0.00823306,0.01041178,0.01560811,0.02964776,RELIABLE,RELIABLE,RELIABLE,RELIABLE,RELIABLE,RELIABLE,RELIABLE,RELIABLE,STATIONARY,STATIONARY,STATIONARY,STATIONARY,STATIONARY,STATIONARY,STATIONARY,STATIONARY,STATIONARY
34548,1016,1,SITTING_STILL,0.10161303,0.00022633,0.00222738,0.00835821,0.01135093,0.01073212,0.00599283,0.00751242,0.01079267,0.01493537,0.03076263,RELIABLE,RELIABLE,RELIABLE,RELIABLE,RELIABLE,RELIABLE,RELIABLE,RELIABLE,STATIONARY,STATIONARY,STATIONARY,STATIONARY,STATIONARY,STATIONARY,STATIONARY,STATIONARY,STATIONARY
34580,1017,1,SITTING_STILL,0.10159944,0.00074505,0.00733320,0.00749541,0.01035454,0.00953404,0.00577054,0.00831739,0.01125059,0.01427944,0.03233481,RELIABLE,RELIABLE,RELIABLE,RELIABLE,RELIABLE,RELIABLE,RELIABLE,PARTIAL,STATIONARY,STATIONARY,STATIONARY,STATIONARY,STATIONARY,STATIONARY,STATIONARY,STATIONARY,STATIONARY
34612,1018,1,SITTING_STILL,0.10139820,0.00055406,0.00546418,0.00753351,0.01020518,0.00882188,0.00673996,0.00745640,0.01065324,0.01229651,0.02989056,RELIABLE,RELIABLE,RELIABLE,RELIABLE,RELIABLE,RELIABLE,RELIABLE,RELIABLE,STATIONARY,STATIONARY,STATIONARY,STATIONARY,STATIONARY,STATIONARY,STATIONARY,STATIONARY,STATIONARY
34644,1019,1,SITTING_STILL,0.10088660,0.00039238,0.00388931,0.00610664,0.00812566,0.00699413,0.00721353,0.00765515,0.01024266,0.01072054,0.02806825,RELIABLE,RELIABLE,RELIABLE,RELIABLE,RELIABLE,RELIABLE,RELIABLE,RELIABLE,STATIONARY,STATIONARY,STATIONARY,STATIONARY,STATIONARY,STATIONARY,STATIONARY,STATIONARY,STATIONARY
34676,1020,1,SITTING_STILL,0.10104668,0.00075319,0.00745384,0.00641916,0.00810027,0.00794869,0.00712768,0.00789867,0.01134117,0.01129883,0.02857119,RELIABLE,RELIABLE,RELIABLE,RELIABLE,RELIABLE,RELIABLE,RELIABLE,RELIABLE,STATIONARY,STATIONARY,STATIONARY,STATIONARY,STATIONARY,STATIONARY,STATIONARY,STATIONARY,STATIONARY
34708,1021,1,SITTING_STILL,0.10125003,0.00054725,0.00540497,0.00546863,0.00780618,0.00783603,0.00658053,0.00795064,0.01218763,0.01252766,0.03076874,RELIABLE,RELIABLE,RELIABLE,RELIABLE,RELIABLE,RELIABLE,RELIABLE,RELIABLE,STATIONARY,STATIONARY,STATIONARY,STATIONARY,STATIONARY,STATIONARY,STATIONARY,STATIONARY,STATIONARY
34742,1022,1,SITTING_STILL,0.10078898,0.00023725,0.00235394,0.00482299,0.00697005,0.00659334,0.00686180,0.00846951,0.01228958,0.01263105,0.02728679,RELIABLE,RELIABLE,RELIABLE,RELIABLE,RELIABLE,RELIABLE,RELIABLE,RELIABLE,STATIONARY,STATIONARY,STATIONARY,STATIONARY,STATIONARY,STATIONARY,STATIONARY,STATIONARY,STATIONARY
34772,1023,1,SITTING_STILL,0.10100770,0.00051792,0.00512751,0.00490679,0.00660834,0.00576628,0.00710975,0.00832122,0.01118140,0.01143410,0.02418665,RELIABLE,RELIABLE,RELIABLE,RELIABLE,RELIABLE,RELIABLE,RELIABLE,RELIABLE,STATIONARY,STATIONARY,STATIONARY,STATIONARY,STATIONARY,STATIONARY,STATIONARY,STATIONARY,STATIONARY
34804,1024,1,SITTING_STILL,0.10100677,0.00026150,0.00258896,0.00495199,0.00650932,0.00548231,0.00761521,0.00897982,0.01065673,0.01078919,0.02342995,RELIABLE,RELIABLE,RELIABLE,RELIABLE,RELIABLE,RELIABLE,RELIABLE,RELIABLE,STATIONARY,STATIONARY,STATIONARY,STATIONARY,STATIONARY,STATIONARY,STATIONARY,STATIONARY,STATIONARY
34836,1025,1,SITTING_STILL,0.10093804,0.00060194,0.00596348,0.00478077,0.00647104,0.00542683,0.00736030,0.00849379,0.01024596,0.01097877,0.02573066,RELIABLE,RELIABLE,RELIABLE,RELIABLE,RELIABLE,RELIABLE,RELIABLE,RELIABLE,STATIONARY,STATIONARY,STATIONARY,STATIONARY,STATIONARY,STATIONARY,STATIONARY,STATIONARY,STATIONARY
34884,1026,1,SITTING_STILL,0.10047078,0.00029340,0.00292026,0.00446278,0.00576404,0.00568893,0.00772370,0.00944732,0.01110939,0.01226173,0.02562268,RELIABLE,RELIABLE,RELIABLE,RELIABLE,RELIABLE,RELIABLE,RELIABLE,RELIABLE,STATIONARY,STATIONARY,STATIONARY,STATIONARY,STATIONARY,STATIONARY,STATIONARY,STATIONARY,STATIONARY
34912,1027,1,SITTING_STILL,0.10002081,0.00014670,0.00146670,0.00415996,0.00523811,0.00563066,0.00727988,0.00903768,0.01060994,0.01203512,0.02373134,RELIABLE,RELIABLE,RELIABLE,RELIABLE,RELIABLE,RELIABLE,RELIABLE,RELIABLE,STATIONARY,STATIONARY,STATIONARY,STATIONARY,STATIONARY,STATIONARY,STATIONARY,STATIONARY,STATIONARY
34944,1028,1,SITTING_STILL,0.10024972,0.00057648,0.00575043,0.00394703,0.00468245,0.00418514,0.00822688,0.00928618,0.01038845,0.01156577,0.02382302,RELIABLE,RELIABLE,RELIABLE,RELIABLE,RELIABLE,RELIABLE,RELIABLE,RELIABLE,STATIONARY,STATIONARY,STATIONARY,STATIONARY,STATIONARY,STATIONARY,STATIONARY,STATIONARY,STATIONARY
34976,1029,1,SITTING_STILL,0.10078958,0.00053538,0.00531182,0.00393539,0.00480850,0.00354463,0.00879332,0.00986131,0.01031886,0.01168492,0.02094804,RELIABLE,RELIABLE,RELIABLE,RELIABLE,RELIABLE,RELIABLE,RELIABLE,RELIABLE,STATIONARY,STATIONARY,STATIONARY,STATIONARY,STATIONARY,STATIONARY,STATIONARY,STATIONARY,STATIONARY
35007,1030,1,SITTING_STILL,0.10091006,0.00052211,0.00517399,0.00428789,0.00532013,0.00375706,0.00900569,0.01086592,0.01069767,0.01187217,0.02241347,RELIABLE,RELIABLE,RELIABLE,RELIABLE,RELIABLE,RELIABLE,RELIABLE,RELIABLE,STATIONARY,STATIONARY,STATIONARY,STATIONARY,STATIONARY,STATIONARY,STATIONARY,STATIONARY,STATIONARY
35038,1031,1,SITTING_STILL,0.10087712,0.00046394,0.00459910,0.00422184,0.00542375,0.00437900,0.00892526,0.01040028,0.01088859,0.01197768,0.02410455,RELIABLE,RELIABLE,RELIABLE,RELIABLE,RELIABLE,RELIABLE,RELIABLE,RELIABLE,STATIONARY,STATIONARY,STATIONARY,STATIONARY,STATIONARY,STATIONARY,STATIONARY,STATIONARY,STATIONARY
35070,1032,1,SITTING_STILL,0.10093717,0.00057964,0.00574255,0.00461604,0.00622717,0.00529703,0.00944897,0.01065648,0.01328518,0.01382829,0.02705004,RELIABLE,RELIABLE,RELIABLE,RELIABLE,RELIABLE,RELIABLE,RELIABLE,RELIABLE,STATIONARY,STATIONARY,STATIONARY,STATIONARY,STATIONARY,STATIONARY,STATIONARY,STATIONARY,STATIONARY
35107,1033,1,SITTING_STILL,0.10113308,0.00049516,0.00489615,0.00448263,0.00612956,0.00587477,0.00966195,0.01025153,0.01366070,0.01496138,0.02473695,RELIABLE,RELIABLE,RELIABLE,RELIABLE,RELIABLE,RELIABLE,RELIABLE,RELIABLE,STATIONARY,STATIONARY,STATIONARY,STATIONARY,STATIONARY,STATIONARY,STATIONARY,STATIONARY,STATIONARY
35146,1034,1,SITTING_STILL,0.10101641,0.00055594,0.00550345,0.00480552,0.00723385,0.00653930,0.00924172,0.01063348,0.01444532,0.01538604,0.02682541,RELIABLE,RELIABLE,RELIABLE,RELIABLE,RELIABLE,RELIABLE,RELIABLE,RELIABLE,STATIONARY,STATIONARY,STATIONARY,STATIONARY,STATIONARY,STATIONARY,STATIONARY,STATIONARY,STATIONARY
35177,1035,1,SITTING_STILL,0.10081026,0.00059880,0.00593990,0.00536468,0.00816806,0.00705351,0.00935127,0.01049851,0.01502413,0.01621797,0.02819132,RELIABLE,RELIABLE,RELIABLE,RELIABLE,RELIABLE,RELIABLE,RELIABLE,RELIABLE,STATIONARY,STATIONARY,STATIONARY,STATIONARY,STATIONARY,STATIONARY,STATIONARY,STATIONARY,STATIONARY
35209,1036,1,SITTING_STILL,0.10064521,0.00071535,0.00710768,0.00553433,0.00852765,0.00761122,0.00861270,0.00982634,0.01371370,0.01577431,0.02694394,RELIABLE,RELIABLE,RELIABLE,RELIABLE,RELIABLE,RELIABLE,RELIABLE,RELIABLE,STATIONARY,STATIONARY,STATIONARY,STATIONARY,STATIONARY,STATIONARY,STATIONARY,STATIONARY,STATIONARY
35252,1037,1,SITTING_STILL,0.10050052,0.00067062,0.00667284,0.00570446,0.00854911,0.00741018,0.00791470,0.00970073,0.01330789,0.01496795,0.02842517,RELIABLE,RELIABLE,RELIABLE,RELIABLE,RELIABLE,RELIABLE,RELIABLE,RELIABLE,STATIONARY,STATIONARY,STATIONARY,STATIONARY,STATIONARY,STATIONARY,STATIONARY,STATIONARY,STATIONARY
35287,1038,1,SITTING_STILL,0.10035745,0.00044707,0.00445480,0.00561456,0.00776510,0.00701850,0.00726386,0.00846615,0.01286039,0.01426026,0.02858826,RELIABLE,RELIABLE,RELIABLE,RELIABLE,RELIABLE,RELIABLE,RELIABLE,RELIABLE,STATIONARY,STATIONARY,STATIONARY,STATIONARY,STATIONARY,STATIONARY,STATIONARY,STATIONARY,STATIONARY
35319,1039,1,SITTING_STILL,0.10025058,0.00022354,0.00222978,0.00531839,0.00707041,0.00607906,0.00688296,0.00826543,0.01219286,0.01364833,0.02726629,RELIABLE,RELIABLE,RELIABLE,RELIABLE,RELIABLE,RELIABLE,RELIABLE,RELIABLE,STATIONARY,STATIONARY,STATIONARY,STATIONARY,STATIONARY,STATIONARY,STATIONARY,STATIONARY,STATIONARY
35351,1040,1,SITTING_STILL,0.10038668,0.00054524,0.00543144,0.00527951,0.00662915,0.00570968,0.00698829,0.00793436,0.01043776,0.01231989,0.02461339,RELIABLE,RELIABLE,RELIABLE,RELIABLE,RELIABLE,RELIABLE,RELIABLE,RELIABLE,STATIONARY,STATIONARY,STATIONARY,STATIONARY,STATIONARY,STATIONARY,STATIONARY,STATIONARY,STATIONARY
35383,1041,1,SITTING_STILL,0.10027078,0.00076267,0.00760613,0.00561825,0.00651152,0.00481366,0.00664228,0.00816260,0.00893430,0.01105274,0.02491585,RELIABLE,RELIABLE,RELIABLE,RELIABLE,RELIABLE,RELIABLE,RELIABLE,RELIABLE,STATIONARY,STATIONARY,STATIONARY,STATIONARY,STATIONARY,STATIONARY,STATIONARY,STATIONARY,STATIONARY
35414,1042,1,SITTING_STILL,0.10032187,0.00070826,0.00705983,0.00581280,0.00615509,0.00411694,0.00637550,0.00741618,0.00834021,0.01082430,0.02595566,RELIABLE,RELIABLE,RELIABLE,RELIABLE,RELIABLE,RELIABLE,RELIABLE,RELIABLE,STATIONARY,STATIONARY,STATIONARY,STATIONARY,STATIONARY,STATIONARY,STATIONARY,STATIONARY,STATIONARY
35446,1043,1,SITTING_STILL,0.10063300,0.00038121,0.00378814,0.00554383,0.00542742,0.00383149,0.00745938,0.00858271,0.00894690,0.01238695,0.03053087,RELIABLE,RELIABLE,RELIABLE,RELIABLE,RELIABLE,RELIABLE,RELIABLE,PARTIAL,STATIONARY,STATIONARY,STATIONARY,STATIONARY,STATIONARY,STATIONARY,STATIONARY,STATIONARY,STATIONARY
35477,1044,1,SITTING_STILL,0.10070335,0.00036942,0.00366836,0.00511392,0.00488495,0.00304748,0.00771662,0.00905804,0.00924111,0.01175414,0.03290727,RELIABLE,RELIABLE,RELIABLE,RELIABLE,RELIABLE,RELIABLE,RELIABLE,PARTIAL,STATIONARY,STATIONARY,STATIONARY,STATIONARY,STATIONARY,STATIONARY,STATIONARY,STATIONARY,STATIONARY
35508,1045,1,SITTING_STILL,0.10061484,0.00019519,0.00193994,0.00452230,0.00425612,0.00333153,0.00774201,0.00932724,0.00856334,0.01232063,0.02908187,RELIABLE,RELIABLE,RELIABLE,RELIABLE,RELIABLE,RELIABLE,RELIABLE,RELIABLE,STATIONARY,STATIONARY,STATIONARY,STATIONARY,STATIONARY,STATIONARY,STATIONARY,STATIONARY,STATIONARY
35540,1046,1,SITTING_STILL,0.10054935,0.00076537,0.00761184,0.00491693,0.00528106,0.00423275,0.00894917,0.01020105,0.01136792,0.01506050,0.03318929,RELIABLE,RELIABLE,RELIABLE,RELIABLE,RELIABLE,RELIABLE,RELIABLE,RELIABLE,STATIONARY,STATIONARY,STATIONARY,STATIONARY,STATIONARY,STATIONARY,STATIONARY,STATIONARY,STATIONARY
35572,1047,1,SITTING_STILL,0.10073306,0.00075394,0.00748456,0.00557378,0.00579098,0.00439736,0.00981908,0.01065580,0.01152969,0.01483671,0.03302640,RELIABLE,RELIABLE,RELIABLE,RELIABLE,RELIABLE,RELIABLE,RELIABLE,RELIABLE,STATIONARY,STATIONARY,STATIONARY,STATIONARY,STATIONARY,STATIONARY,STATIONARY,STATIONARY,STATIONARY
35604,1048,1,SITTING_STILL,0.10084988,0.00085054,0.00843370,0.00594906,0.00575395,0.00475709,0.00942482,0.01140110,0.01180872,0.01534855,0.03351098,RELIABLE,RELIABLE,RELIABLE,RELIABLE,RELIABLE,RELIABLE,RELIABLE,RELIABLE,STATIONARY,STATIONARY,STATIONARY,STATIONARY,STATIONARY,STATIONARY,STATIONARY,STATIONARY,STATIONARY
35653,1049,1,SITTING_STILL,0.10070685,0.00074386,0.00738640,0.00592160,0.00560090,0.00549570,0.00962623,0.01083544,0.01276991,0.01564442,0.03560041,RELIABLE,RELIABLE,RELIABLE,RELIABLE,RELIABLE,RELIABLE,RELIABLE,RELIABLE,STATIONARY,STATIONARY,STATIONARY,STATIONARY,STATIONARY,STATIONARY,STATIONARY,STATIONARY,STATIONARY
35684,1050,1,SITTING_STILL,0.10094068,0.00037061,0.00367159,0.00549807,0.00552306,0.00533799,0.00922778,0.01061640,0.01190349,0.01503655,0.03408901,RELIABLE,RELIABLE,RELIABLE,RELIABLE,RELIABLE,RELIABLE,RELIABLE,RELIABLE,STATIONARY,STATIONARY,STATIONARY,STATIONARY,STATIONARY,STATIONARY,STATIONARY,STATIONARY,STATIONARY
35712,1051,1,SITTING_STILL,0.10121095,0.00018531,0.00183089,0.00525341,0.00564979,0.00501294,0.00748754,0.00928863,0.01037529,0.01248843,0.02928462,RELIABLE,RELIABLE,RELIABLE,RELIABLE,RELIABLE,RELIABLE,RELIABLE,RELIABLE,STATIONARY,STATIONARY,STATIONARY,STATIONARY,STATIONARY,STATIONARY,STATIONARY,STATIONARY,STATIONARY
35742,1052,1,SITTING_STILL,0.10117444,0.00035660,0.00352463,0.00523544,0.00538395,0.00476811,0.00741661,0.00963724,0.01114494,0.01321973,0.02789083,RELIABLE,RELIABLE,RELIABLE,RELIABLE,RELIABLE,RELIABLE,RELIABLE,RELIABLE,STATIONARY,STATIONARY,STATIONARY,STATIONARY,STATIONARY,STATIONARY,STATIONARY,STATIONARY,STATIONARY
35774,1053,1,SITTING_STILL,0.10083879,0.00077572,0.00769267,0.00595453,0.00560628,0.00482190,0.00813928,0.00861334,0.01183353,0.01419138,0.02896084,RELIABLE,RELIABLE,RELIABLE,RELIABLE,RELIABLE,RELIABLE,RELIABLE,RELIABLE,STATIONARY,STATIONARY,STATIONARY,STATIONARY,STATIONARY,STATIONARY,STATIONARY,STATIONARY,STATIONARY
35805,1054,1,SITTING_STILL,0.10055698,0.00061449,0.00611088,0.00576692,0.00498452,0.00396767,0.00693127,0.00734549,0.00855609,0.01232691,0.02432321,RELIABLE,RELIABLE,RELIABLE,RELIABLE,RELIABLE,RELIABLE,RELIABLE,RELIABLE,STATIONARY,STATIONARY,STATIONARY,STATIONARY,STATIONARY,STATIONARY,STATIONARY,STATIONARY,STATIONARY
35837,1055,1,SITTING_STILL,0.10044576,0.00057249,0.00569945,0.00554378,0.00505888,0.00410746,0.00664699,0.00795385,0.00823937,0.01211261,0.02495723,RELIABLE,RELIABLE,RELIABLE,RELIABLE,RELIABLE,RELIABLE,RELIABLE,RELIABLE,STATIONARY,STATIONARY,STATIONARY,STATIONARY,STATIONARY,STATIONARY,STATIONARY,STATIONARY,STATIONARY
35869,1056,1,SITTING_STILL,0.10028033,0.00055482,0.00553273,0.00518116,0.00510223,0.00361662,0.00691818,0.00748488,0.00763428,0.01104275,0.02464770,RELIABLE,RELIABLE,RELIABLE,RELIABLE,RELIABLE,RELIABLE,RELIABLE,RELIABLE,STATIONARY,STATIONARY,STATIONARY,STATIONARY,STATIONARY,STATIONARY,STATIONARY,STATIONARY,STATIONARY
35909,1057,1,SITTING_STILL,0.10010866,0.00019974,0.00199518,0.00450725,0.00451294,0.00263370,0.00719324,0.00787505,0.00767326,0.01139223,0.02238010,RELIABLE,RELIABLE,RELIABLE,RELIABLE,RELIABLE,RELIABLE,RELIABLE,RELIABLE,STATIONARY,STATIONARY,STATIONARY,STATIONARY,STATIONARY,STATIONARY,STATIONARY,STATIONARY,STATIONARY
35948,1058,1,SITTING_STILL,0.10017626,0.00083554,0.00834069,0.00509089,0.00480382,0.00387311,0.00814052,0.00842592,0.00944546,0.01274965,0.02221382,RELIABLE,RELIABLE,RELIABLE,RELIABLE,RELIABLE,RELIABLE,RELIABLE,RELIABLE,STATIONARY,STATIONARY,STATIONARY,STATIONARY,STATIONARY,STATIONARY,STATIONARY,STATIONARY,STATIONARY
35980,1059,1,SITTING_STILL,0.10011532,0.00043196,0.00431460,0.00540135,0.00489074,0.00445662,0.00952939,0.00911240,0.00980617,0.01295090,0.02082346,RELIABLE,RELIABLE,RELIABLE,RELIABLE,RELIABLE,RELIABLE,RELIABLE,RELIABLE,STATIONARY,STATIONARY,STATIONARY,STATIONARY,STATIONARY,STATIONARY,STATIONARY,STATIONARY,STATIONARY
36020,1060,1,SITTING_STILL,0.10002834,0.00072714,0.00726931,0.00586944,0.00523335,0.00455406,0.00910447,0.00881344,0.00865964,0.01213356,0.02026989,RELIABLE,RELIABLE,RELIABLE,RELIABLE,RELIABLE,RELIABLE,RELIABLE,RELIABLE,STATIONARY,STATIONARY,STATIONARY,STATIONARY,STATIONARY,STATIONARY,STATIONARY,STATIONARY,STATIONARY
36059,1061,1,SITTING_STILL,0.10021409,0.00119690,0.01194347,0.00640079,0.00581148,0.00472465,0.00905055,0.00970289,0.00930649,0.01130375,0.02205842,RELIABLE,RELIABLE,RELIABLE,RELIABLE,RELIABLE,RELIABLE,RELIABLE,RELIABLE,STATIONARY,STATIONARY,STATIONARY,STATIONARY,STATIONARY,STATIONARY,STATIONARY,STATIONARY,STATIONARY
36091,1062,1,SITTING_STILL,0.10042161,0.00059845,0.00595939,0.00638185,0.00575956,0.00476605,0.00923284,0.01002438,0.00945470,0.01019415,0.02188695,RELIABLE,RELIABLE,RELIABLE,RELIABLE,RELIABLE,RELIABLE,RELIABLE,RELIABLE,STATIONARY,STATIONARY,STATIONARY,STATIONARY,STATIONARY,STATIONARY,STATIONARY,STATIONARY,STATIONARY
36123,1063,1,SITTING_STILL,0.10056624,0.00107513,0.01069075,0.00700577,0.00652239,0.00525280,0.00953499,0.01026437,0.01095315,0.01133118,0.02114278,RELIABLE,RELIABLE,RELIABLE,RELIABLE,RELIABLE,RELIABLE,RELIABLE,RELIABLE,STATIONARY,STATIONARY,STATIONARY,STATIONARY,STATIONARY,STATIONARY,STATIONARY,STATIONARY,STATIONARY
36155,1064,1,SITTING_STILL,0.10080626,0.00047435,0.00470552,0.00690237,0.00587999,0.00478266,0.00903290,0.00995143,0.01097332,0.01154450,0.02018011,RELIABLE,RELIABLE,RELIABLE,RELIABLE,RELIABLE,RELIABLE,RELIABLE,RELIABLE,STATIONARY,STATIONARY,STATIONARY,STATIONARY,STATIONARY,STATIONARY,STATIONARY,STATIONARY,STATIONARY
36187,1065,1,SITTING_STILL,0.10091007,0.00070183,0.00695496,0.00752234,0.00680233,0.00544224,0.00885433,0.00977327,0.01037820,0.01077667,0.02118108,RELIABLE,RELIABLE,RELIABLE,RELIABLE,RELIABLE,RELIABLE,RELIABLE,RELIABLE,STATIONARY,STATIONARY,STATIONARY,STATIONARY,STATIONARY,STATIONARY,STATIONARY,STATIONARY,STATIONARY
36218,1066,1,SITTING_STILL,0.10104763,0.00085926,0.00850353,0.00754269,0.00687098,0.00451473,0.00799334,0.00971169,0.00927908,0.01041330,0.02115821,RELIABLE,RELIABLE,RELIABLE,RELIABLE,RELIABLE,RELIABLE,RELIABLE,RELIABLE,STATIONARY,STATIONARY,STATIONARY,STATIONARY,STATIONARY,STATIONARY,STATIONARY,STATIONARY,STATIONARY
36250,1067,1,SITTING_STILL,0.10116847,0.00056255,0.00556050,0.00769843,0.00730955,0.00489798,0.00810238,0.01011128,0.00971596,0.01107878,0.02433667,RELIABLE,RELIABLE,RELIABLE,RELIABLE,RELIABLE,RELIABLE,RELIABLE,RELIABLE,STATIONARY,STATIONARY,STATIONARY,STATIONARY,STATIONARY,STATIONARY,STATIONARY,STATIONARY,STATIONARY
36281,1068,1,SITTING_STILL,0.10111688,0.00073286,0.00724761,0.00769572,0.00773889,0.00537849,0.00862216,0.01061079,0.01053529,0.01134660,0.02485369,RELIABLE,RELIABLE,RELIABLE,RELIABLE,RELIABLE,RELIABLE,RELIABLE,RELIABLE,STATIONARY,STATIONARY,STATIONARY,STATIONARY,STATIONARY,STATIONARY,STATIONARY,STATIONARY,STATIONARY
36313,1069,1,SITTING_STILL,0.10092311,0.00077385,0.00766772,0.00716125,0.00791524,0.00532256,0.00778211,0.01039471,0.00946362,0.01090856,0.02348667,RELIABLE,RELIABLE,RELIABLE,RELIABLE,RELIABLE,RELIABLE,RELIABLE,RELIABLE,STATIONARY,STATIONARY,STATIONARY,STATIONARY,STATIONARY,STATIONARY,STATIONARY,STATIONARY,STATIONARY
36344,1070,1,SITTING_STILL,0.10051912,0.00106934,0.01063813,0.00774609,0.00896314,0.00628695,0.00841715,0.01169937,0.01036135,0.01154494,0.02782994,RELIABLE,RELIABLE,RELIABLE,RELIABLE,RELIABLE,RELIABLE,RELIABLE,PARTIAL,STATIONARY,STATIONARY,STATIONARY,STATIONARY,STATIONARY,STATIONARY,STATIONARY,STATIONARY,STATIONARY
36376,1071,1,SITTING_STILL,0.10058412,0.00040258,0.00400238,0.00691005,0.00810502,0.00621077,0.00800580,0.01110505,0.00896966,0.01137484,0.02940434,RELIABLE,RELIABLE,RELIABLE,RELIABLE,RELIABLE,RELIABLE,RELIABLE,RELIABLE,STATIONARY,STATIONARY,STATIONARY,STATIONARY,STATIONARY,STATIONARY,STATIONARY,STATIONARY,STATIONARY
36420,1072,1,SITTING_STILL,0.10058139,0.00097361,0.00967984,0.00753184,0.00943623,0.00649190,0.00774150,0.01084302,0.00955193,0.01242722,0.03334763,RELIABLE,RELIABLE,RELIABLE,RELIABLE,RELIABLE,RELIABLE,RELIABLE,RELIABLE,STATIONARY,STATIONARY,STATIONARY,STATIONARY,STATIONARY,STATIONARY,STATIONARY,STATIONARY,STATIONARY
36454,1073,1,SITTING_STILL,0.10121598,0.00071220,0.00703648,0.00754203,0.00921988,0.00631449,0.00898553,0.01145619,0.01004923,0.01252474,0.03117428,RELIABLE,RELIABLE,RELIABLE,RELIABLE,RELIABLE,RELIABLE,RELIABLE,RELIABLE,STATIONARY,STATIONARY,STATIONARY,STATIONARY,STATIONARY,STATIONARY,STATIONARY,STATIONARY,STATIONARY
36486,1074,1,SITTING_STILL,0.10185125,0.00035610,0.00349630,0.00691612,0.00839396,0.00604076,0.00950045,0.01079475,0.00914967,0.01123754,0.02889862,RELIABLE,RELIABLE,RELIABLE,RELIABLE,RELIABLE,RELIABLE,RELIABLE,RELIABLE,STATIONARY,STATIONARY,STATIONARY,STATIONARY,STATIONARY,STATIONARY,STATIONARY,STATIONARY,STATIONARY
36517,1075,1,SITTING_STILL,0.10202554,0.00065058,0.00637669,0.00701814,0.00826419,0.00525987,0.00927660,0.00996278,0.00847747,0.01085056,0.02914266,RELIABLE,RELIABLE,RELIABLE,RELIABLE,RELIABLE,RELIABLE,RELIABLE,RELIABLE,STATIONARY,STATIONARY,STATIONARY,STATIONARY,STATIONARY,STATIONARY,STATIONARY,STATIONARY,STATIONARY
36548,1076,1,SITTING_STILL,0.10204619,0.00030975,0.00303534,0.00649161,0.00770957,0.00478055,0.01003351,0.01003044,0.00900744,0.01197464,0.03154072,RELIABLE,RELIABLE,RELIABLE,RELIABLE,RELIABLE,RELIABLE,RELIABLE,RELIABLE,STATIONARY,STATIONARY,STATIONARY,STATIONARY,STATIONARY,STATIONARY,STATIONARY,STATIONARY,STATIONARY
36579,1077,1,SITTING_STILL,0.10190273,0.00090318,0.00886318,0.00664104,0.00769297,0.00482181,0.00968858,0.01001558,0.00912991,0.01141857,0.03130768,RELIABLE,RELIABLE,RELIABLE,RELIABLE,RELIABLE,RELIABLE,RELIABLE,RELIABLE,STATIONARY,STATIONARY,STATIONARY,STATIONARY,STATIONARY,STATIONARY,STATIONARY,STATIONARY,STATIONARY
36611,1078,1,SITTING_STILL,0.10136442,0.00037502,0.00369976,0.00577375,0.00683427,0.00420757,0.00889626,0.00871507,0.00849657,0.01123557,0.02681883,RELIABLE,RELIABLE,RELIABLE,RELIABLE,RELIABLE,RELIABLE,RELIABLE,RELIABLE,STATIONARY,STATIONARY,STATIONARY,STATIONARY,STATIONARY,STATIONARY,STATIONARY,STATIONARY,STATIONARY
36643,1079,1,SITTING_STILL,0.10146475,0.00050344,0.00496169,0.00589366,0.00654932,0.00404551,0.01047022,0.00857866,0.00964822,0.01169337,0.02509683,RELIABLE,RELIABLE,RELIABLE,RELIABLE,RELIABLE,RELIABLE,RELIABLE,RELIABLE,STATIONARY,STATIONARY,STATIONARY,STATIONARY,STATIONARY,STATIONARY,STATIONARY,STATIONARY,STATIONARY
36675,1080,1,SITTING_STILL,0.10154317,0.00069022,0.00679730,0.00553334,0.00591584,0.00495644,0.01138602,0.00942267,0.00981594,0.01161181,0.02281421,RELIABLE,RELIABLE,RELIABLE,RELIABLE,RELIABLE,RELIABLE,RELIABLE,RELIABLE,STATIONARY,STATIONARY,STATIONARY,STATIONARY,STATIONARY,STATIONARY,STATIONARY,STATIONARY,STATIONARY
36708,1081,1,SITTING_STILL,0.10162042,0.00039501,0.00388712,0.00513967,0.00541922,0.00448549,0.00986201,0.00850857,0.00964356,0.01144737,0.02290249,RELIABLE,RELIABLE,RELIABLE,RELIABLE,RELIABLE,RELIABLE,RELIABLE,RELIABLE,STATIONARY,STATIONARY,STATIONARY,STATIONARY,STATIONARY,STATIONARY,STATIONARY,STATIONARY,STATIONARY
36741,1082,1,SITTING_STILL,0.10206326,0.00127622,0.01250421,0.00626566,0.00653443,0.00545338,0.00976011,0.00950145,0.00995847,0.01168691,0.02555966,RELIABLE,RELIABLE,RELIABLE,RELIABLE,RELIABLE,RELIABLE,RELIABLE,RELIABLE,STATIONARY,STATIONARY,STATIONARY,STATIONARY,STATIONARY,STATIONARY,STATIONARY,STATIONARY,STATIONARY
36789,1083,1,SITTING_STILL,0.10225995,0.00061555,0.00601942,0.00622100,0.00613098,0.00563873,0.00897023,0.00972389,0.01053093,0.01210925,0.02563700,RELIABLE,RELIABLE,RELIABLE,RELIABLE,RELIABLE,RELIABLE,RELIABLE,RELIABLE,STATIONARY,STATIONARY,STATIONARY,STATIONARY,STATIONARY,STATIONARY,STATIONARY,STATIONARY,STATIONARY
36820,1084,1,SITTING_STILL,0.10217180,0.00055477,0.00542974,0.00652030,0.00661223,0.00611326,0.00773296,0.00876210,0.00991616,0.01144439,0.02327754,RELIABLE,RELIABLE,RELIABLE,RELIABLE,RELIABLE,RELIABLE,RELIABLE,RELIABLE,STATIONARY,STATIONARY,STATIONARY,STATIONARY,STATIONARY,STATIONARY,STATIONARY,STATIONARY,STATIONARY
36848,1085,1,SITTING_STILL,0.10203453,0.00027738,0.00271852,0.00575222,0.00581303,0.00574422,0.00753383,0.00788470,0.00966071,0.01189288,0.02223704,RELIABLE,RELIABLE,RELIABLE,RELIABLE,RELIABLE,RELIABLE,RELIABLE,RELIABLE,STATIONARY,STATIONARY,STATIONARY,STATIONARY,STATIONARY,STATIONARY,STATIONARY,STATIONARY,STATIONARY
36880,1086,1,SITTING_STILL,0.10207327,0.00086978,0.00852110,0.00635489,0.00610444,0.00529179,0.00802160,0.00799970,0.00967302,0.01130524,0.02256959,RELIABLE,RELIABLE,RELIABLE,RELIABLE,RELIABLE,RELIABLE,RELIABLE,RELIABLE,STATIONARY,STATIONARY,STATIONARY,STATIONARY,STATIONARY,STATIONARY,STATIONARY,STATIONARY,STATIONARY
36912,1087,1,SITTING_STILL,0.10187257,0.00067045,0.00658127,0.00655733,0.00645252,0.00516595,0.00664708,0.00886034,0.00990763,0.01178812,0.02451669,RELIABLE,RELIABLE,RELIABLE,RELIABLE,RELIABLE,RELIABLE,RELIABLE,RELIABLE,STATIONARY,STATIONARY,STATIONARY,STATIONARY,STATIONARY,STATIONARY,STATIONARY,STATIONARY,STATIONARY
36943,1088,1,SITTING_STILL,0.10199428,0.00038084,0.00373391,0.00617441,0.00662972,0.00435519,0.00605500,0.00910310,0.00919013,0.01107382,0.02538872,RELIABLE,RELIABLE,RELIABLE,RELIABLE,RELIABLE,RELIABLE,RELIABLE,RELIABLE,STATIONARY,STATIONARY,STATIONARY,STATIONARY,STATIONARY,STATIONARY,STATIONARY,STATIONARY,STATIONARY
36974,1089,1,SITTING_STILL,0.10207000,0.00076977,0.00754159,0.00663122,0.00719857,0.00470757,0.00637239,0.01066442,0.01062140,0.01288568,0.02858017,RELIABLE,RELIABLE,RELIABLE,RELIABLE,RELIABLE,RELIABLE,RELIABLE,RELIABLE,STATIONARY,STATIONARY,STATIONARY,STATIONARY,STATIONARY,STATIONARY,STATIONARY,STATIONARY,STATIONARY
37006,1090,1,SITTING_STILL,0.10193240,0.00051637,0.00506582,0.00570142,0.00690278,0.00381550,0.00643289,0.01013740,0.01176050,0.01447213,0.03003033,RELIABLE,RELIABLE,RELIABLE,RELIABLE,RELIABLE,RELIABLE,RELIABLE,RELIABLE,STATIONARY,STATIONARY,STATIONARY,STATIONARY,STATIONARY,STATIONARY,STATIONARY,STATIONARY,STATIONARY
37038,1091,1,SITTING_STILL,0.10173799,0.00126333,0.01241745,0.00650117,0.00829903,0.00373198,0.00708976,0.01117502,0.01181573,0.01392009,0.02673958,RELIABLE,RELIABLE,RELIABLE,RELIABLE,RELIABLE,RELIABLE,RELIABLE,RELIABLE,STATIONARY,STATIONARY,STATIONARY,STATIONARY,STATIONARY,STATIONARY,STATIONARY,STATIONARY,STATIONARY
37069,1092,1,SITTING_STILL,0.10177709,0.00048290,0.00474468,0.00641554,0.00809748,0.00365431,0.00719727,0.01141050,0.01146306,0.01343037,0.02897930,RELIABLE,RELIABLE,RELIABLE,RELIABLE,RELIABLE,RELIABLE,RELIABLE,RELIABLE,STATIONARY,STATIONARY,STATIONARY,STATIONARY,STATIONARY,STATIONARY,STATIONARY,STATIONARY,STATIONARY
37108,1093,1,SITTING_STILL,0.10227834,0.00063303,0.00618930,0.00684939,0.00829010,0.00399751,0.00882790,0.01316005,0.01380630,0.01684998,0.03449301,RELIABLE,RELIABLE,RELIABLE,RELIABLE,RELIABLE,RELIABLE,RELIABLE,RELIABLE,STATIONARY,STATIONARY,STATIONARY,STATIONARY,STATIONARY,STATIONARY,STATIONARY,STATIONARY,STATIONARY
37148,1094,1,SITTING_STILL,0.10239524,0.00111023,0.01084256,0.00713957,0.00831064,0.00431091,0.00946584,0.01374275,0.01353231,0.01710698,0.03669468,RELIABLE,RELIABLE,RELIABLE,RELIABLE,RELIABLE,RELIABLE,RELIABLE,RELIABLE,STATIONARY,STATIONARY,STATIONARY,STATIONARY,STATIONARY,STATIONARY,STATIONARY,STATIONARY,STATIONARY
37188,1095,1,SITTING_STILL,0.10271111,0.00040071,0.00390131,0.00680458,0.00829509,0.00448809,0.01090051,0.01302806,0.01365226,0.01726501,0.03658770,RELIABLE,RELIABLE,RELIABLE,RELIABLE,RELIABLE,RELIABLE,RELIABLE,RELIABLE,STATIONARY,STATIONARY,STATIONARY,STATIONARY,STATIONARY,STATIONARY,STATIONARY,STATIONARY,STATIONARY
37227,1096,1,SITTING_STILL,0.10254549,0.00057091,0.00556734,0.00703376,0.00766512,0.00442008,0.01241736,0.01331555,0.01586018,0.01922135,0.03700847,RELIABLE,RELIABLE,RELIABLE,RELIABLE,RELIABLE,RELIABLE,RELIABLE,RELIABLE,STATIONARY,STATIONARY,STATIONARY,STATIONARY,STATIONARY,STATIONARY,STATIONARY,STATIONARY,STATIONARY
37259,1097,1,SITTING_STILL,0.10230132,0.00028545,0.00279032,0.00643985,0.00691341,0.00426825,0.01267404,0.01239065,0.01482728,0.01809176,0.03461669,RELIABLE,RELIABLE,RELIABLE,RELIABLE,RELIABLE,RELIABLE,RELIABLE,RELIABLE,STATIONARY,STATIONARY,STATIONARY,STATIONARY,STATIONARY,STATIONARY,STATIONARY,STATIONARY,STATIONARY
37291,1098,1,SITTING_STILL,0.10219230,0.00068121,0.00666593,0.00663986,0.00713795,0.00501051,0.01284410,0.01200773,0.01449951,0.01759333,0.03210300,RELIABLE,RELIABLE,RELIABLE,RELIABLE,RELIABLE,RELIABLE,RELIABLE,RELIABLE,STATIONARY,STATIONARY,STATIONARY,STATIONARY,STATIONARY,STATIONARY,STATIONARY,STATIONARY,STATIONARY
37322,1099,1,SITTING_STILL,0.10153738,0.00100990,0.00994606,0.00633094,0.00715366,0.00674544,0.01298856,0.01174433,0.01535058,0.01817620,0.03667693,RELIABLE,RELIABLE,RELIABLE,RELIABLE,RELIABLE,RELIABLE,RELIABLE,RELIABLE,STATIONARY,STATIONARY,STATIONARY,STATIONARY,STATIONARY,STATIONARY,STATIONARY,STATIONARY,STATIONARY
37353,1100,1,SITTING_STILL,0.10122063,0.00051018,0.00504025,0.00636788,0.00769072,0.00682417,0.01381166,0.01169829,0.01548486,0.01855619,0.03678108,RELIABLE,RELIABLE,RELIABLE,RELIABLE,RELIABLE,RELIABLE,RELIABLE,RELIABLE,STATIONARY,STATIONARY,STATIONARY,STATIONARY,STATIONARY,STATIONARY,STATIONARY,STATIONARY,STATIONARY
37385,1101,1,SITTING_STILL,0.10134044,0.00066836,0.00659524,0.00641863,0.00826331,0.00705135,0.01453853,0.01066106,0.01508437,0.01584761,0.03465069,RELIABLE,RELIABLE,RELIABLE,RELIABLE,RELIABLE,RELIABLE,RELIABLE,RELIABLE,STATIONARY,STATIONARY,STATIONARY,STATIONARY,STATIONARY,STATIONARY,STATIONARY,STATIONARY,STATIONARY
37417,1102,1,SITTING_STILL,0.10101768,0.00043374,0.00429374,0.00560002,0.00879920,0.00761170,0.01507532,0.01153991,0.01644739,0.01694359,0.03279130,RELIABLE,RELIABLE,RELIABLE,RELIABLE,RELIABLE,RELIABLE,RELIABLE,RELIABLE,STATIONARY,STATIONARY,STATIONARY,STATIONARY,STATIONARY,STATIONARY,STATIONARY,STATIONARY,STATIONARY
37448,1103,1,SITTING_STILL,0.10078746,0.00074141,0.00735620,0.00603188,0.00880472,0.00721492,0.01437939,0.01238827,0.01658990,0.01623412,0.03189810,RELIABLE,RELIABLE,RELIABLE,RELIABLE,RELIABLE,RELIABLE,RELIABLE,RELIABLE,STATIONARY,STATIONARY,STATIONARY,STATIONARY,STATIONARY,STATIONARY,STATIONARY,STATIONARY,STATIONARY
37480,1104,1,SITTING_STILL,0.10052662,0.00033952,0.00337744,0.00575815,0.00868112,0.00711672,0.01280429,0.01114284,0.01419246,0.01550311,0.02952144,RELIABLE,RELIABLE,RELIABLE,RELIABLE,RELIABLE,RELIABLE,RELIABLE,RELIABLE,STATIONARY,STATIONARY,STATIONARY,STATIONARY,STATIONARY,STATIONARY,STATIONARY,STATIONARY,STATIONARY
37510,1105,1,SITTING_STILL,0.10004434,0.00071271,0.00712394,0.00629985,0.00998508,0.00770905,0.01302790,0.01151978,0.01390746,0.01499227,0.03135801,RELIABLE,RELIABLE,RELIABLE,RELIABLE,RELIABLE,RELIABLE,RELIABLE,RELIABLE,STATIONARY,STATIONARY,STATIONARY,STATIONARY,STATIONARY,STATIONARY,STATIONARY,STATIONARY,STATIONARY
37556,1106,1,SITTING_STILL,0.09945276,0.00041979,0.00422100,0.00599423,0.00887243,0.00691295,0.01345559,0.01295314,0.01303224,0.01415716,0.02957386,RELIABLE,RELIABLE,RELIABLE,RELIABLE,RELIABLE,RELIABLE,RELIABLE,RELIABLE,STATIONARY,STATIONARY,STATIONARY,STATIONARY,STATIONARY,STATIONARY,STATIONARY,STATIONARY,STATIONARY
37589,1107,1,SITTING_STILL,0.09931083,0.00090117,0.00907421,0.00588525,0.00813565,0.00642809,0.01366676,0.01328674,0.01410433,0.01512545,0.02658351,RELIABLE,RELIABLE,RELIABLE,RELIABLE,RELIABLE,RELIABLE,RELIABLE,RELIABLE,STATIONARY,STATIONARY,STATIONARY,STATIONARY,STATIONARY,STATIONARY,STATIONARY,STATIONARY,STATIONARY
37619,1108,1,SITTING_STILL,0.09932343,0.00045058,0.00453653,0.00582229,0.00735676,0.00659478,0.01306817,0.01326492,0.01468218,0.01517617,0.02390706,RELIABLE,RELIABLE,RELIABLE,RELIABLE,RELIABLE,RELIABLE,RELIABLE,RELIABLE,STATIONARY,STATIONARY,STATIONARY,STATIONARY,STATIONARY,STATIONARY,STATIONARY,STATIONARY,STATIONARY
37651,1109,1,SITTING_STILL,0.09920077,0.00070648,0.00712172,0.00588810,0.00705375,0.00691495,0.01206228,0.01471021,0.01441447,0.01669572,0.03158223,RELIABLE,RELIABLE,RELIABLE,RELIABLE,RELIABLE,RELIABLE,RELIABLE,RELIABLE,STATIONARY,STATIONARY,STATIONARY,STATIONARY,STATIONARY,STATIONARY,STATIONARY,STATIONARY,STATIONARY
37682,1110,1,SITTING_STILL,0.09887469,0.00073967,0.00748093,0.00628650,0.00579087,0.00632002,0.01048858,0.01463495,0.02027961,0.02217615,0.04037254,RELIABLE,RELIABLE,RELIABLE,RELIABLE,RELIABLE,RELIABLE,RELIABLE,RELIABLE,STATIONARY,STATIONARY,STATIONARY,STATIONARY,STATIONARY,STATIONARY,STATIONARY,STATIONARY,STATIONARY
37714,1111,1,SITTING_STILL,0.09844855,0.00033230,0.00337540,0.00578890,0.00581548,0.00633838,0.00928640,0.01464794,0.02126942,0.02429160,0.04433578,RELIABLE,RELIABLE,RELIABLE,RELIABLE,RELIABLE,RELIABLE,RELIABLE,RELIABLE,STATIONARY,STATIONARY,STATIONARY,STATIONARY,STATIONARY,STATIONARY,STATIONARY,STATIONARY,STATIONARY
37745,1112,1,SITTING_STILL,0.09769965,0.00080612,0.00825098,0.00639809,0.00632340,0.00726035,0.01036644,0.01681466,0.02719343,0.02802652,0.05357566,RELIABLE,RELIABLE,RELIABLE,RELIABLE,RELIABLE,RELIABLE,RELIABLE,RELIABLE,STATIONARY,STATIONARY,STATIONARY,STATIONARY,STATIONARY,STATIONARY,STATIONARY,STATIONARY,STATIONARY
37777,1113,1,SITTING_STILL,0.09760877,0.00084559,0.00866306,0.00659048,0.00571453,0.00707086,0.01062267,0.01880316,0.03195901,0.03235350,0.06240265,RELIABLE,RELIABLE,RELIABLE,RELIABLE,RELIABLE,RELIABLE,RELIABLE,RELIABLE,STATIONARY,STATIONARY,STATIONARY,STATIONARY,STATIONARY,STATIONARY,STATIONARY,STATIONARY,STATIONARY
37808,1114,1,SITTING_STILL,0.09774682,0.00063526,0.00649904,0.00687524,0.00596133,0.00744005,0.01127591,0.01876676,0.03416383,0.03378469,0.06597673,RELIABLE,RELIABLE,RELIABLE,RELIABLE,RELIABLE,RELIABLE,RELIABLE,RELIABLE,STATIONARY,STATIONARY,STATIONARY,STATIONARY,STATIONARY,STATIONARY,STATIONARY,MOVING,MOVING
37839,1115,1,SITTING_STILL,0.09684917,0.00076885,0.00793861,0.00673329,0.00571844,0.00642207,0.01190904,0.01990965,0.03702904,0.03730593,0.07583205,RELIABLE,RELIABLE,RELIABLE,RELIABLE,RELIABLE,RELIABLE,RELIABLE,RELIABLE,STATIONARY,STATIONARY,STATIONARY,STATIONARY,STATIONARY,STATIONARY,STATIONARY,MOVING,MOVING
37871,1116,1,SITTING_STILL,0.09592161,0.00043265,0.00451045,0.00673002,0.00607421,0.00633262,0.01257238,0.02154996,0.03888389,0.03916814,0.07914360,RELIABLE,RELIABLE,RELIABLE,RELIABLE,RELIABLE,RELIABLE,RELIABLE,RELIABLE,STATIONARY,STATIONARY,STATIONARY,STATIONARY,STATIONARY,MOVING,STATIONARY,MOVING,MOVING
37908,1117,1,SITTING_STILL,0.09397876,0.00214337,0.02280694,0.00869068,0.01000443,0.00902135,0.01436637,0.02632182,0.05125359,0.06162456,0.09235895,RELIABLE,RELIABLE,RELIABLE,RELIABLE,RELIABLE,RELIABLE,PARTIAL,PARTIAL,STATIONARY,STATIONARY,STATIONARY,STATIONARY,STATIONARY,MOVING,STATIONARY,MOVING,MOVING
37956,1118,1,SITTING_STILL,0.09362321,0.00067636,0.00722425,0.00865859,0.01139430,0.00955350,0.01531731,0.02639453,0.04662585,0.06010110,0.08528925,RELIABLE,RELIABLE,RELIABLE,RELIABLE,RELIABLE,RELIABLE,RELIABLE,RELIABLE,STATIONARY,STATIONARY,STATIONARY,STATIONARY,STATIONARY,MOVING,STATIONARY,MOVING,MOVING
37989,1119,1,SITTING_STILL,0.09284321,0.00105337,0.01134567,0.00965487,0.01266463,0.01053788,0.01627440,0.02755679,0.04777368,0.06083342,0.08917078,RELIABLE,RELIABLE,RELIABLE,RELIABLE,RELIABLE,RELIABLE,PARTIAL,RELIABLE,STATIONARY,STATIONARY,STATIONARY,STATIONARY,STATIONARY,MOVING,MOVING,MOVING,MOVING
38029,1120,1,SITTING_STILL,0.09215496,0.00052668,0.00571520,0.00933790,0.01285797,0.00977559,0.01516763,0.02595190,0.04328931,0.05709705,0.08432889,RELIABLE,RELIABLE,RELIABLE,RELIABLE,RELIABLE,RELIABLE,PARTIAL,RELIABLE,STATIONARY,STATIONARY,STATIONARY,STATIONARY,STATIONARY,MOVING,MOVING,MOVING,MOVING
38060,1121,1,SITTING_STILL,0.09287434,0.00136962,0.01474699,0.01009839,0.01415484,0.01102424,0.01608665,0.02845062,0.04637189,0.06101012,0.08913892,RELIABLE,RELIABLE,RELIABLE,RELIABLE,RELIABLE,RELIABLE,RELIABLE,RELIABLE,STATIONARY,STATIONARY,STATIONARY,STATIONARY,STATIONARY,MOVING,MOVING,MOVING,MOVING
38092,1122,1,SITTING_STILL,0.09400142,0.00088167,0.00937928,0.01045842,0.01532691,0.01173731,0.01461318,0.02857686,0.05006072,0.06913648,0.09620114,RELIABLE,RELIABLE,RELIABLE,RELIABLE,RELIABLE,RELIABLE,RELIABLE,RELIABLE,STATIONARY,STATIONARY,STATIONARY,STATIONARY,STATIONARY,MOVING,MOVING,MOVING,MOVING
38124,1123,1,SITTING_STILL,0.09487581,0.00083791,0.00883162,0.01057005,0.01592110,0.01253517,0.01360691,0.02851152,0.04972770,0.07119681,0.09587402,RELIABLE,RELIABLE,RELIABLE,RELIABLE,RELIABLE,RELIABLE,RELIABLE,RELIABLE,STATIONARY,STATIONARY,STATIONARY,STATIONARY,STATIONARY,MOVING,MOVING,MOVING,MOVING
38155,1124,1,SITTING_STILL,0.09565104,0.00082012,0.00857409,0.01107800,0.01561946,0.01231775,0.01283849,0.02874239,0.05154923,0.07558978,0.10108499,RELIABLE,RELIABLE,RELIABLE,RELIABLE,RELIABLE,RELIABLE,RELIABLE,RELIABLE,STATIONARY,STATIONARY,STATIONARY,STATIONARY,STATIONARY,MOVING,MOVING,MOVING,MOVING
38187,1125,1,SITTING_STILL,0.09647064,0.00043230,0.00448115,0.00878728,0.01132147,0.00907625,0.01066986,0.02333115,0.03834843,0.05378164,0.08469065,RELIABLE,RELIABLE,RELIABLE,RELIABLE,RELIABLE,RELIABLE,RELIABLE,RELIABLE,STATIONARY,STATIONARY,STATIONARY,STATIONARY,STATIONARY,MOVING,MOVING,MOVING,MOVING
38219,1126,1,SITTING_STILL,0.09665033,0.00059653,0.00617199,0.00865575,0.01059985,0.00838204,0.00947410,0.02279036,0.03852456,0.05001281,0.08433735,RELIABLE,RELIABLE,RELIABLE,RELIABLE,RELIABLE,RELIABLE,RELIABLE,RELIABLE,STATIONARY,STATIONARY,STATIONARY,STATIONARY,STATIONARY,MOVING,MOVING,MOVING,MOVING
38250,1127,1,SITTING_STILL,0.09668917,0.00043980,0.00454865,0.00780612,0.00991013,0.00797653,0.00847675,0.02166893,0.03599852,0.04860968,0.07635256,RELIABLE,RELIABLE,RELIABLE,RELIABLE,RELIABLE,RELIABLE,RELIABLE,RELIABLE,STATIONARY,STATIONARY,STATIONARY,STATIONARY,STATIONARY,MOVING,MOVING,MOVING,MOVING
38282,1128,1,SITTING_STILL,0.09538211,0.00133826,0.01403053,0.00884554,0.01232124,0.00907337,0.00997315,0.02905354,0.05065273,0.08236760,0.08599757,RELIABLE,RELIABLE,RELIABLE,RELIABLE,RELIABLE,RELIABLE,PARTIAL,PARTIAL,STATIONARY,STATIONARY,STATIONARY,STATIONARY,STATIONARY,MOVING,MOVING,MOVING,MOVING
38312,1129,1,SITTING_STILL,0.09555010,0.00068822,0.00720268,0.00790250,0.01066893,0.00828942,0.00925727,0.02829517,0.05125570,0.08778527,0.07793168,RELIABLE,RELIABLE,RELIABLE,RELIABLE,RELIABLE,RELIABLE,RELIABLE,RELIABLE,STATIONARY,STATIONARY,STATIONARY,STATIONARY,STATIONARY,MOVING,MOVING,MOVING,MOVING
38356,1130,1,SITTING_STILL,0.09574234,0.00070726,0.00738717,0.00765348,0.01045604,0.00735978,0.01007115,0.02751794,0.04980843,0.09766766,0.07858844,RELIABLE,RELIABLE,RELIABLE,RELIABLE,RELIABLE,RELIABLE,RELIABLE,RELIABLE,STATIONARY,STATIONARY,STATIONARY,STATIONARY,STATIONARY,MOVING,MOVING,MOVING,MOVING
38391,1131,1,SITTING_STILL,0.09590003,0.00035363,0.00368751,0.00701047,0.00977266,0.00614848,0.00952250,0.02518434,0.04683224,0.10335543,0.07416283,RELIABLE,RELIABLE,RELIABLE,RELIABLE,RELIABLE,RELIABLE,RELIABLE,RELIABLE,STATIONARY,STATIONARY,STATIONARY,STATIONARY,STATIONARY,MOVING,MOVING,MOVING,MOVING
38422,1132,1,SITTING_STILL,0.09535594,0.00040789,0.00427754,0.00647340,0.01003526,0.00584446,0.01005285,0.02568849,0.04917999,0.10299117,0.07216843,RELIABLE,RELIABLE,RELIABLE,RELIABLE,RELIABLE,RELIABLE,PARTIAL,RELIABLE,STATIONARY,STATIONARY,STATIONARY,STATIONARY,STATIONARY,MOVING,MOVING,MOVING,MOVING
38454,1133,1,SITTING_STILL,0.09571562,0.00056312,0.00588329,0.00664867,0.01079089,0.00604023,0.00975110,0.02563008,0.05489560,0.10663854,0.07844600,RELIABLE,RELIABLE,RELIABLE,RELIABLE,RELIABLE,RELIABLE,RELIABLE,RELIABLE,STATIONARY,STATIONARY,STATIONARY,STATIONARY,STATIONARY,MOVING,MOVING,MOVING,MOVING
38486,1134,1,SITTING_STILL,0.09592829,0.00043712,0.00455671,0.00644676,0.01061571,0.00585329,0.00960876,0.02580807,0.05508553,0.11073302,0.08409301,RELIABLE,RELIABLE,RELIABLE,RELIABLE,RELIABLE,RELIABLE,RELIABLE,RELIABLE,STATIONARY,STATIONARY,STATIONARY,STATIONARY,STATIONARY,MOVING,MOVING,MOVING,MOVING
38518,1135,1,SITTING_STILL,0.09602100,0.00032324,0.00336637,0.00629898,0.01076012,0.00575067,0.00982205,0.02667627,0.05431624,0.11035089,0.08823065,RELIABLE,RELIABLE,RELIABLE,RELIABLE,RELIABLE,RELIABLE,RELIABLE,RELIABLE,STATIONARY,STATIONARY,STATIONARY,STATIONARY,STATIONARY,MOVING,MOVING,MOVING,MOVING
38548,1136,1,SITTING_STILL,0.09480476,0.00155377,0.01638919,0.00659381,0.01104875,0.00629226,0.01005092,0.02690265,0.05659427,0.10985529,0.09316969,RELIABLE,RELIABLE,RELIABLE,RELIABLE,RELIABLE,RELIABLE,PARTIAL,RELIABLE,STATIONARY,STATIONARY,STATIONARY,STATIONARY,STATIONARY,MOVING,MOVING,MOVING,MOVING
38580,1137,1,SITTING_STILL,0.09478730,0.00086469,0.00912238,0.00683377,0.01150669,0.00581779,0.00926828,0.02533149,0.04940647,0.10318890,0.08844120,RELIABLE,RELIABLE,RELIABLE,RELIABLE,RELIABLE,RELIABLE,RELIABLE,RELIABLE,STATIONARY,STATIONARY,STATIONARY,STATIONARY,STATIONARY,MOVING,MOVING,MOVING,MOVING
38612,1138,1,SITTING_STILL,0.09362925,0.00196539,0.02099115,0.00853427,0.01304326,0.00794635,0.00874014,0.03052651,0.05449333,0.10483737,0.09043377,RELIABLE,RELIABLE,RELIABLE,RELIABLE,RELIABLE,RELIABLE,PARTIAL,RELIABLE,STATIONARY,STATIONARY,STATIONARY,STATIONARY,STATIONARY,MOVING,MOVING,MOVING,MOVING
38643,1139,1,SITTING_STILL,0.09336949,0.00122631,0.01313394,0.00971507,0.01477201,0.00914439,0.00936275,0.03535061,0.06065823,0.10680241,0.09755691,RELIABLE,RELIABLE,RELIABLE,RELIABLE,RELIABLE,RELIABLE,RELIABLE,RELIABLE,STATIONARY,STATIONARY,STATIONARY,STATIONARY,STATIONARY,MOVING,MOVING,MOVING,MOVING
38675,1140,1,SITTING_STILL,0.09376745,0.00081655,0.00870823,0.01026891,0.01462497,0.01028675,0.00973345,0.03367352,0.05482565,0.10416662,0.09348831,RELIABLE,RELIABLE,RELIABLE,RELIABLE,RELIABLE,RELIABLE,PARTIAL,RELIABLE,STATIONARY,STATIONARY,STATIONARY,STATIONARY,STATIONARY,MOVING,MOVING,MOVING,MOVING
38724,1141,1,SITTING_STILL,0.09321028,0.00048768,0.00523204,0.01018750,0.01345743,0.01006818,0.00995317,0.03376994,0.04936835,,0.08251503,RELIABLE,RELIABLE,RELIABLE,RELIABLE,RELIABLE,RELIABLE,UNRELIABLE,RELIABLE,STATIONARY,STATIONARY,STATIONARY,STATIONARY,STATIONARY,MOVING,UNCERTAIN,MOVING,MOVING
38757,1142,1,SITTING_STILL,0.09283152,0.00069164,0.00745047,0.01054922,0.01283794,0.01048555,0.01128497,0.03455147,0.05233649,,0.08609147,RELIABLE,RELIABLE,RELIABLE,RELIABLE,RELIABLE,RELIABLE,PARTIAL,RELIABLE,STATIONARY,STATIONARY,STATIONARY,STATIONARY,STATIONARY,MOVING,UNCERTAIN,MOVING,MOVING
38785,1143,1,SITTING_STILL,0.09260349,0.00034582,0.00373441,0.01059523,0.01154584,0.00995070,0.01143007,0.03302789,0.05470772,0.03404254,0.08812395,RELIABLE,RELIABLE,RELIABLE,RELIABLE,RELIABLE,RELIABLE,PARTIAL,RELIABLE,STATIONARY,STATIONARY,STATIONARY,STATIONARY,STATIONARY,MOVING,STATIONARY,MOVING,MOVING
38816,1144,1,SITTING_STILL,0.09326739,0.00098371,0.01054715,0.00986497,0.01021626,0.00888295,0.01117088,0.02858802,0.04949165,0.08897631,0.08262014,RELIABLE,RELIABLE,RELIABLE,RELIABLE,RELIABLE,RELIABLE,RELIABLE,RELIABLE,STATIONARY,STATIONARY,STATIONARY,STATIONARY,STATIONARY,MOVING,STATIONARY,MOVING,MOVING
38848,1145,1,SITTING_STILL,0.08974024,0.00230255,0.02565790,0.01193191,0.01339166,0.01173797,0.01445228,,0.07946087,0.23160879,0.13413837,RELIABLE,RELIABLE,RELIABLE,RELIABLE,UNRELIABLE,RELIABLE,PARTIAL,PARTIAL,STATIONARY,STATIONARY,STATIONARY,STATIONARY,UNCERTAIN,MOVING,STATIONARY,MOVING,MOVING
38879,1146,1,SITTING_STILL,0.08912245,0.00039789,0.00446451,0.00986608,0.01072503,0.01008091,0.01531537,,0.07676342,0.20024717,0.13879318,RELIABLE,RELIABLE,RELIABLE,RELIABLE,RELIABLE,RELIABLE,PARTIAL,RELIABLE,STATIONARY,STATIONARY,STATIONARY,STATIONARY,UNCERTAIN,MOVING,MOVING,MOVING,MOVING
38910,1147,1,SITTING_STILL,0.08357352,0.00195372,0.02337726,0.01114650,0.01271213,0.01199045,0.01904812,,0.09754643,0.26883126,,RELIABLE,RELIABLE,RELIABLE,RELIABLE,UNRELIABLE,RELIABLE,PARTIAL,UNRELIABLE,STATIONARY,STATIONARY,STATIONARY,STATIONARY,UNCERTAIN,MOVING,MOVING,UNCERTAIN,MOVING
38941,1148,1,SITTING_STILL,0.07736619,0.00153960,0.01990011,0.01254548,0.01442856,0.01273380,0.02355317,,0.11625820,0.30118375,,RELIABLE,RELIABLE,RELIABLE,RELIABLE,UNRELIABLE,RELIABLE,PARTIAL,UNRELIABLE,STATIONARY,STATIONARY,STATIONARY,STATIONARY,UNCERTAIN,MOVING,MOVING,UNCERTAIN,MOVING
38972,1149,1,SITTING_STILL,0.07922412,0.00161045,0.02032774,0.01443244,0.01827691,0.01404262,0.03004181,,0.14734275,0.32360448,,RELIABLE,RELIABLE,RELIABLE,RELIABLE,RELIABLE,RELIABLE,PARTIAL,RELIABLE,STATIONARY,STATIONARY,STATIONARY,STATIONARY,UNCERTAIN,MOVING,MOVING,UNCERTAIN,MOVING
39004,1150,1,SITTING_STILL,0.08388167,0.00228546,0.02724623,0.01690691,0.02176564,0.01607030,0.03316458,0.06863893,0.16208244,0.32816922,0.56318704,RELIABLE,RELIABLE,RELIABLE,RELIABLE,RELIABLE,RELIABLE,RELIABLE,RELIABLE,STATIONARY,STATIONARY,STATIONARY,STATIONARY,STATIONARY,MOVING,MOVING,STATIONARY,MOVING
39034,1151,1,SITTING_STILL,0.08418656,0.00127999,0.01520426,0.01834065,0.02548962,0.01804018,0.03689509,,0.18045521,,,RELIABLE,RELIABLE,RELIABLE,RELIABLE,UNRELIABLE,RELIABLE,UNRELIABLE,UNRELIABLE,STATIONARY,STATIONARY,STATIONARY,STATIONARY,UNCERTAIN,MOVING,UNCERTAIN,UNCERTAIN,MOVING
39065,1152,1,SITTING_STILL,0.08717449,0.00127819,0.01466240,0.01885505,0.02682424,0.01927976,0.03946492,,0.18688829,,,RELIABLE,RELIABLE,RELIABLE,RELIABLE,RELIABLE,RELIABLE,RELIABLE,RELIABLE,STATIONARY,STATIONARY,STATIONARY,STATIONARY,UNCERTAIN,MOVING,UNCERTAIN,UNCERTAIN,MOVING
39125,1153,1,SITTING_STILL,0.09022137,0.00126385,0.01400832,0.01739885,0.02502758,0.01742458,0.03767322,0.06812849,0.17286014,0.44824697,0.33568065,RELIABLE,RELIABLE,RELIABLE,RELIABLE,RELIABLE,RELIABLE,RELIABLE,RELIABLE,STATIONARY,STATIONARY,STATIONARY,STATIONARY,STATIONARY,MOVING,STATIONARY,STATIONARY,MOVING
39159,1154,1,SITTING_STILL,0.09257027,0.00063192,0.00682644,0.01769409,0.02574134,0.01731994,0.03698235,0.05066419,0.17411555,0.36889564,0.27374029,RELIABLE,RELIABLE,RELIABLE,RELIABLE,RELIABLE,RELIABLE,RELIABLE,RELIABLE,STATIONARY,STATIONARY,STATIONARY,STATIONARY,STATIONARY,MOVING,STATIONARY,STATIONARY,MOVING
39191,1155,1,SITTING_STILL,0.09400750,0.00075832,0.00806657,0.01578026,0.02199716,0.01475367,0.03389439,0.04122015,0.15062891,0.31516704,0.22611495,RELIABLE,RELIABLE,RELIABLE,RELIABLE,RELIABLE,RELIABLE,RELIABLE,RELIABLE,STATIONARY,STATIONARY,STATIONARY,STATIONARY,STATIONARY,MOVING,MOVING,MOVING,MOVING
39223,1156,1,SITTING_STILL,0.09464054,0.00083537,0.00882678,0.01439609,0.02108924,0.01371139,0.02964969,0.03543990,0.13386667,0.26832352,0.18357442,RELIABLE,RELIABLE,RELIABLE,RELIABLE,RELIABLE,RELIABLE,RELIABLE,RELIABLE,STATIONARY,STATIONARY,STATIONARY,STATIONARY,STATIONARY,MOVING,MOVING,MOVING,MOVING
39254,1157,1,SITTING_STILL,0.09528127,0.00038690,0.00406064,0.01236271,0.01771812,0.01185742,0.02349138,0.03108266,0.10281172,0.23296282,0.15333216,RELIABLE,RELIABLE,RELIABLE,RELIABLE,RELIABLE,RELIABLE,RELIABLE,RELIABLE,STATIONARY,STATIONARY,STATIONARY,STATIONARY,STATIONARY,MOVING,MOVING,MOVING,MOVING
39285,1158,1,SITTING_STILL,0.09497820,0.00080986,0.00852676,0.01002277,0.01514453,0.00990050,0.02070853,0.02995081,0.09066524,,0.14301114,RELIABLE,RELIABLE,RELIABLE,RELIABLE,RELIABLE,RELIABLE,UNRELIABLE,PARTIAL,STATIONARY,STATIONARY,STATIONARY,STATIONARY,STATIONARY,MOVING,UNCERTAIN,MOVING,MOVING
39317,1159,1,SITTING_STILL,0.09438187,0.00119338,0.01264419,0.00970276,0.01262829,0.00902720,0.01766966,0.03094259,0.07641566,,0.13311026,RELIABLE,RELIABLE,RELIABLE,RELIABLE,RELIABLE,RELIABLE,PARTIAL,RELIABLE,STATIONARY,STATIONARY,STATIONARY,STATIONARY,STATIONARY,MOVING,UNCERTAIN,MOVING,MOVING
39349,1160,1,SITTING_STILL,0.09330611,0.00103910,0.01113644,0.00926202,0.01147681,0.00843103,0.01447398,0.03279067,0.06292663,0.12854135,0.12578070,RELIABLE,RELIABLE,RELIABLE,RELIABLE,RELIABLE,RELIABLE,PARTIAL,RELIABLE,STATIONARY,STATIONARY,STATIONARY,STATIONARY,STATIONARY,MOVING,STATIONARY,MOVING,MOVING
39381,1161,1,SITTING_STILL,0.09239018,0.00050695,0.00548709,0.00819686,0.00923676,0.00712513,0.01346851,0.02818611,0.04833266,0.10891359,0.08836494,RELIABLE,RELIABLE,RELIABLE,RELIABLE,RELIABLE,RELIABLE,PARTIAL,RELIABLE,STATIONARY,STATIONARY,STATIONARY,STATIONARY,STATIONARY,MOVING,STATIONARY,MOVING,MOVING
39413,1162,1,SITTING_STILL,0.09265545,0.00130564,0.01409135,0.00910498,0.00946502,0.00733055,0.01361646,0.02874227,0.04514368,0.10274358,0.06669992,RELIABLE,RELIABLE,RELIABLE,RELIABLE,RELIABLE,RELIABLE,PARTIAL,RELIABLE,STATIONARY,STATIONARY,STATIONARY,STATIONARY,STATIONARY,MOVING,MOVING,MOVING,MOVING
39444,1163,1,SITTING_STILL,0.09265640,0.00103396,0.01115903,0.00949154,0.01114238,0.00814347,0.01318502,0.02741507,0.04368619,0.10696040,0.05800112,RELIABLE,RELIABLE,RELIABLE,RELIABLE,RELIABLE,RELIABLE,PARTIAL,RELIABLE,STATIONARY,STATIONARY,STATIONARY,STATIONARY,STATIONARY,MOVING,MOVING,MOVING,MOVING
39476,1164,1,SITTING_STILL,0.09278399,0.00091702,0.00988342,0.00962362,0.01174758,0.00760478,0.01308949,0.02740678,0.04716300,0.11443964,0.06070341,RELIABLE,RELIABLE,RELIABLE,RELIABLE,RELIABLE,RELIABLE,PARTIAL,RELIABLE,STATIONARY,STATIONARY,STATIONARY,STATIONARY,STATIONARY,MOVING,MOVING,MOVING,MOVING
39524,1165,1,SITTING_STILL,0.09310196,0.00076949,0.00826504,0.01014917,0.01338851,0.00901125,0.01338304,0.03008651,0.05135619,0.11325205,0.06615599,RELIABLE,RELIABLE,RELIABLE,RELIABLE,RELIABLE,RELIABLE,RELIABLE,RELIABLE,STATIONARY,STATIONARY,STATIONARY,STATIONARY,STATIONARY,MOVING,MOVING,MOVING,MOVING
39552,1166,1,SITTING_STILL,0.09340023,0.00038475,0.00411932,0.00959824,0.01340375,0.00909019,0.01223317,0.02923627,0.04487829,0.10776556,0.06058182,RELIABLE,RELIABLE,RELIABLE,RELIABLE,RELIABLE,RELIABLE,RELIABLE,RELIABLE,STATIONARY,STATIONARY,STATIONARY,STATIONARY,STATIONARY,MOVING,MOVING,MOVING,MOVING
39583,1167,1,SITTING_STILL,0.09413973,0.00074984,0.00796516,0.00901336,0.01387195,0.00915300,0.01298982,0.02975856,0.04635223,0.10707581,0.06426114,RELIABLE,RELIABLE,RELIABLE,RELIABLE,RELIABLE,RELIABLE,RELIABLE,RELIABLE,STATIONARY,STATIONARY,STATIONARY,STATIONARY,STATIONARY,MOVING,MOVING,MOVING,MOVING
39615,1168,1,SITTING_STILL,0.09477813,0.00057547,0.00607177,0.00838027,0.01179577,0.00812449,0.01266229,0.02647788,0.04460139,0.09874385,0.06227357,RELIABLE,RELIABLE,RELIABLE,RELIABLE,RELIABLE,RELIABLE,RELIABLE,RELIABLE,STATIONARY,STATIONARY,STATIONARY,STATIONARY,STATIONARY,MOVING,MOVING,MOVING,MOVING
39646,1169,1,SITTING_STILL,0.09551412,0.00053701,0.00562236,0.00839718,0.01295523,0.00834232,0.01250292,0.02408792,0.04291597,0.09273168,0.06790900,RELIABLE,RELIABLE,RELIABLE,RELIABLE,RELIABLE,RELIABLE,RELIABLE,RELIABLE,STATIONARY,STATIONARY,STATIONARY,STATIONARY,STATIONARY,MOVING,MOVING,MOVING,MOVING
39678,1170,1,SITTING_STILL,0.09576189,0.00091477,0.00955258,0.00782984,0.01407647,0.00959605,0.01162597,0.02174735,0.04351039,0.08630761,0.07254912,RELIABLE,RELIABLE,RELIABLE,RELIABLE,RELIABLE,RELIABLE,RELIABLE,RELIABLE,STATIONARY,STATIONARY,STATIONARY,STATIONARY,STATIONARY,MOVING,MOVING,MOVING,MOVING
39710,1171,1,SITTING_STILL,0.09595580,0.00055439,0.00577758,0.00715716,0.01193271,0.00861763,0.01150325,0.02284302,0.04630716,0.07882795,0.07621563,RELIABLE,RELIABLE,RELIABLE,RELIABLE,RELIABLE,RELIABLE,RELIABLE,RELIABLE,STATIONARY,STATIONARY,STATIONARY,STATIONARY,STATIONARY,MOVING,MOVING,MOVING,MOVING
39741,1172,1,SITTING_STILL,0.09606152,0.00044349,0.00461678,0.00649882,0.01002888,0.00852274,0.01131196,0.02243030,0.04265376,0.06560367,0.07626898,RELIABLE,RELIABLE,RELIABLE,RELIABLE,RELIABLE,RELIABLE,RELIABLE,RELIABLE,STATIONARY,STATIONARY,STATIONARY,STATIONARY,STATIONARY,MOVING,MOVING,MOVING,MOVING
39773,1173,1,SITTING_STILL,0.09655716,0.00021148,0.00219016,0.00573946,0.00839006,0.00735138,0.01198494,0.01982911,0.03866419,0.05626745,0.07064267,RELIABLE,RELIABLE,RELIABLE,RELIABLE,RELIABLE,RELIABLE,RELIABLE,RELIABLE,STATIONARY,STATIONARY,STATIONARY,STATIONARY,STATIONARY,MOVING,MOVING,MOVING,MOVING
39805,1174,1,SITTING_STILL,0.09703277,0.00033758,0.00347908,0.00565943,0.00736991,0.00708237,0.01159173,0.01932286,0.03696590,0.04848628,0.06909920,RELIABLE,RELIABLE,RELIABLE,RELIABLE,RELIABLE,RELIABLE,RELIABLE,RELIABLE,STATIONARY,STATIONARY,STATIONARY,STATIONARY,STATIONARY,MOVING,MOVING,MOVING,MOVING
39837,1175,1,SITTING_STILL,0.09762590,0.00028263,0.00289507,0.00502567,0.00592472,0.00575533,0.00981406,0.01533443,0.03043777,0.03954056,0.06219319,RELIABLE,RELIABLE,RELIABLE,RELIABLE,RELIABLE,RELIABLE,RELIABLE,RELIABLE,STATIONARY,STATIONARY,STATIONARY,STATIONARY,STATIONARY,MOVING,MOVING,MOVING,MOVING
39869,1176,1,SITTING_STILL,0.09769512,0.00066605,0.00681760,0.00511890,0.00702019,0.00612894,0.00904822,0.01403301,0.02748181,0.03397359,0.06042421,RELIABLE,RELIABLE,RELIABLE,RELIABLE,RELIABLE,RELIABLE,RELIABLE,RELIABLE,STATIONARY,STATIONARY,STATIONARY,STATIONARY,STATIONARY,MOVING,MOVING,MOVING,MOVING
39900,1177,1,SITTING_STILL,0.09732157,0.00058668,0.00602831,0.00516964,0.00601070,0.00617054,0.01030713,0.01424021,0.02840827,0.03223142,0.05391679,RELIABLE,RELIABLE,RELIABLE,RELIABLE,RELIABLE,RELIABLE,RELIABLE,RELIABLE,STATIONARY,STATIONARY,STATIONARY,STATIONARY,STATIONARY,MOVING,MOVING,MOVING,MOVING
39931,1178,1,SITTING_STILL,0.09092710,0.00285052,0.03134947,0.00789425,0.00977177,0.00769477,0.02168043,,0.07549658,0.15954547,,RELIABLE,RELIABLE,RELIABLE,RELIABLE,UNRELIABLE,RELIABLE,RELIABLE,UNRELIABLE,STATIONARY,STATIONARY,STATIONARY,STATIONARY,UNCERTAIN,MOVING,MOVING,UNCERTAIN,MOVING
39963,1179,1,SITTING_STILL,0.09077108,0.00128721,0.01418080,0.00894466,0.01102428,0.00852942,0.02541530,,0.09518031,0.19905692,,RELIABLE,RELIABLE,RELIABLE,RELIABLE,RELIABLE,RELIABLE,RELIABLE,RELIABLE,STATIONARY,STATIONARY,STATIONARY,STATIONARY,UNCERTAIN,MOVING,MOVING,UNCERTAIN,MOVING
39995,1180,1,SITTING_STILL,0.09187996,0.00109525,0.01192042,0.00985761,0.01401493,0.01012543,0.02596843,0.09648994,0.10676314,0.22301272,0.54375023,RELIABLE,RELIABLE,RELIABLE,RELIABLE,RELIABLE,RELIABLE,RELIABLE,RELIABLE,STATIONARY,STATIONARY,STATIONARY,STATIONARY,STATIONARY,MOVING,MOVING,STATIONARY,MOVING
40026,1181,1,SITTING_STILL,0.09358314,0.00096307,0.01029111,0.01087023,0.01422169,0.01058635,0.02546042,0.07243961,0.10647666,0.23325021,0.42773079,RELIABLE,RELIABLE,RELIABLE,RELIABLE,RELIABLE,RELIABLE,RELIABLE,RELIABLE,STATIONARY,STATIONARY,STATIONARY,STATIONARY,STATIONARY,MOVING,MOVING,STATIONARY,MOVING
40058,1182,1,SITTING_STILL,0.09485283,0.00025362,0.00267385,0.01076958,0.01460654,0.01077642,0.02599981,0.05491571,0.10775150,0.24134982,0.35391865,RELIABLE,RELIABLE,RELIABLE,RELIABLE,RELIABLE,RELIABLE,RELIABLE,RELIABLE,STATIONARY,STATIONARY,STATIONARY,STATIONARY,MOVING,MOVING,MOVING,MOVING,MOVING
40089,1183,1,SITTING_STILL,0.09562661,0.00127026,0.01328359,0.01206814,0.01543588,0.01120915,0.02710120,0.04675895,0.11298170,0.25086383,0.31777514,RELIABLE,RELIABLE,RELIABLE,RELIABLE,RELIABLE,RELIABLE,RELIABLE,RELIABLE,STATIONARY,STATIONARY,STATIONARY,STATIONARY,MOVING,MOVING,MOVING,MOVING,MOVING
40121,1184,1,SITTING_STILL,0.09630210,0.00034869,0.00362075,0.01166854,0.01431593,0.01017085,0.02800691,0.04351906,0.11250269,0.25486322,0.28237799,RELIABLE,RELIABLE,RELIABLE,RELIABLE,RELIABLE,RELIABLE,RELIABLE,RELIABLE,STATIONARY,STATIONARY,STATIONARY,STATIONARY,MOVING,MOVING,MOVING,MOVING,MOVING
40153,1185,1,SITTING_STILL,0.09649477,0.00068862,0.00713634,0.01180704,0.01468114,0.01046008,0.02637571,0.03823908,0.11162338,0.25560703,0.25311839,RELIABLE,RELIABLE,RELIABLE,RELIABLE,RELIABLE,RELIABLE,RELIABLE,RELIABLE,STATIONARY,STATIONARY,STATIONARY,STATIONARY,MOVING,MOVING,MOVING,MOVING,MOVING
40184,1186,1,SITTING_STILL,0.09659224,0.00058703,0.00607736,0.00864803,0.00953985,0.00736309,0.01516336,0.03465628,0.05904318,0.12571091,0.22798047,RELIABLE,RELIABLE,RELIABLE,RELIABLE,RELIABLE,RELIABLE,RELIABLE,RELIABLE,STATIONARY,STATIONARY,STATIONARY,STATIONARY,MOVING,MOVING,MOVING,MOVING,MOVING
40215,1187,1,SITTING_STILL,0.09676400,0.00120394,0.01244199,0.00843068,0.00920524,0.00675232,0.01073573,0.03232937,0.03357896,0.08119862,0.20605520,RELIABLE,RELIABLE,RELIABLE,RELIABLE,RELIABLE,RELIABLE,RELIABLE,RELIABLE,STATIONARY,STATIONARY,STATIONARY,STATIONARY,MOVING,MOVING,MOVING,MOVING,MOVING
40261,1188,1,SITTING_STILL,0.09662642,0.00095614,0.00989525,0.00817753,0.00721517,0.00590603,0.00979419,0.02405915,0.02442176,0.05633774,0.14573986,RELIABLE,RELIABLE,RELIABLE,RELIABLE,RELIABLE,RELIABLE,RELIABLE,RELIABLE,STATIONARY,STATIONARY,STATIONARY,STATIONARY,MOVING,MOVING,MOVING,MOVING,MOVING
40292,1189,1,SITTING_STILL,0.09635686,0.00032596,0.00338284,0.00731400,0.00717039,0.00571110,0.00865728,0.02107177,0.02846396,0.04648992,0.11885006,RELIABLE,RELIABLE,RELIABLE,RELIABLE,RELIABLE,RELIABLE,RELIABLE,RELIABLE,STATIONARY,STATIONARY,STATIONARY,STATIONARY,MOVING,MOVING,MOVING,MOVING,MOVING
40324,1190,1,SITTING_STILL,0.09630323,0.00052532,0.00545490,0.00766163,0.00691914,0.00552590,0.00847871,0.01997057,0.02990722,0.04000452,0.10903569,RELIABLE,RELIABLE,RELIABLE,RELIABLE,RELIABLE,RELIABLE,RELIABLE,RELIABLE,STATIONARY,STATIONARY,STATIONARY,STATIONARY,MOVING,MOVING,MOVING,MOVING,MOVING
40356,1191,1,SITTING_STILL,0.09593017,0.00117169,0.01221394,0.00752792,0.00773985,0.00612396,0.00753998,0.02109837,0.03437634,0.03895517,0.10116127,RELIABLE,RELIABLE,RELIABLE,RELIABLE,RELIABLE,RELIABLE,RELIABLE,RELIABLE,STATIONARY,STATIONARY,STATIONARY,STATIONARY,MOVING,MOVING,MOVING,MOVING,MOVING
40388,1192,1,SITTING_STILL,0.09578275,0.00048424,0.00505558,0.00770727,0.00779612,0.00645236,0.00729997,0.01871640,0.03724024,0.03703161,0.09402554,RELIABLE,RELIABLE,RELIABLE,RELIABLE,RELIABLE,RELIABLE,RELIABLE,RELIABLE,STATIONARY,STATIONARY,STATIONARY,STATIONARY,STATIONARY,MOVING,MOVING,MOVING,MOVING
40420,1193,1,SITTING_STILL,0.09609420,0.00131360,0.01366994,0.00852397,0.00916390,0.00792511,0.00732377,0.02067826,0.04353014,0.04016610,0.09651599,RELIABLE,RELIABLE,RELIABLE,RELIABLE,RELIABLE,RELIABLE,RELIABLE,RELIABLE,STATIONARY,STATIONARY,STATIONARY,STATIONARY,STATIONARY,MOVING,MOVING,MOVING,MOVING
40452,1194,1,SITTING_STILL,0.09594496,0.00104483,0.01088984,0.00912554,0.00872236,0.00845194,0.00828382,0.02137142,0.04588910,0.04064336,0.09387605,RELIABLE,RELIABLE,RELIABLE,RELIABLE,RELIABLE,RELIABLE,RELIABLE,RELIABLE,STATIONARY,STATIONARY,STATIONARY,STATIONARY,STATIONARY,MOVING,MOVING,MOVING,MOVING
40484,1195,1,SITTING_STILL,0.09603038,0.00022341,0.00232649,0.00786110,0.00795752,0.00776667,0.00820314,0.02117495,0.04542833,0.04060170,0.09340819,RELIABLE,RELIABLE,RELIABLE,RELIABLE,RELIABLE,RELIABLE,RELIABLE,RELIABLE,STATIONARY,STATIONARY,STATIONARY,STATIONARY,STATIONARY,MOVING,MOVING,MOVING,MOVING
40516,1196,1,SITTING_STILL,0.09578621,0.00075572,0.00788968,0.00761040,0.00811034,0.00752628,0.00893285,0.01904555,0.04709473,0.04246154,0.10500676,RELIABLE,RELIABLE,RELIABLE,RELIABLE,RELIABLE,RELIABLE,RELIABLE,PARTIAL,STATIONARY,STATIONARY,STATIONARY,STATIONARY,STATIONARY,MOVING,STATIONARY,MOVING,MOVING
40557,1197,1,SITTING_STILL,0.09591577,0.00128317,0.01337805,0.00885980,0.00843628,0.00772480,0.01001575,0.01944919,0.04945705,0.04314418,0.10607087,RELIABLE,RELIABLE,RELIABLE,RELIABLE,RELIABLE,RELIABLE,RELIABLE,RELIABLE,STATIONARY,STATIONARY,STATIONARY,STATIONARY,STATIONARY,MOVING,STATIONARY,MOVING,MOVING
40588,1198,1,SITTING_STILL,0.09581288,0.00108437,0.01131758,0.00959264,0.00980124,0.00812614,0.01038303,0.02015308,0.05435042,0.04689057,0.10746557,RELIABLE,RELIABLE,RELIABLE,RELIABLE,RELIABLE,RELIABLE,RELIABLE,PARTIAL,STATIONARY,STATIONARY,STATIONARY,STATIONARY,STATIONARY,MOVING,STATIONARY,MOVING,MOVING
40620,1199,1,SITTING_STILL,0.09590380,0.00029238,0.00304866,0.00844698,0.00859306,0.00712100,0.01076109,0.01798188,0.04360660,0.03663704,0.09287563,RELIABLE,RELIABLE,RELIABLE,RELIABLE,RELIABLE,RELIABLE,RELIABLE,RELIABLE,STATIONARY,STATIONARY,STATIONARY,STATIONARY,STATIONARY,MOVING,STATIONARY,MOVING,MOVING
40660,1200,1,SITTING_STILL,0.09626698,0.00060982,0.00633463,0.00860686,0.00899298,0.00739568,0.01048586,0.01873319,0.04155732,0.03507201,0.09061833,RELIABLE,RELIABLE,RELIABLE,RELIABLE,RELIABLE,RELIABLE,RELIABLE,RELIABLE,STATIONARY,STATIONARY,STATIONARY,STATIONARY,STATIONARY,MOVING,STATIONARY,MOVING,MOVING
40699,1201,1,SITTING_STILL,0.09397024,0.00201716,0.02146599,0.00958136,0.01065112,0.00823589,0.01171690,,0.05733390,0.07556260,0.10330999,RELIABLE,RELIABLE,RELIABLE,RELIABLE,UNRELIABLE,RELIABLE,PARTIAL,PARTIAL,STATIONARY,STATIONARY,STATIONARY,STATIONARY,UNCERTAIN,MOVING,STATIONARY,MOVING,MOVING
40730,1202,1,SITTING_STILL,0.09407134,0.00101652,0.01080583,0.00957086,0.01194076,0.00830416,0.01048006,,0.06542557,0.09095186,0.11031309,RELIABLE,RELIABLE,RELIABLE,RELIABLE,RELIABLE,RELIABLE,RELIABLE,RELIABLE,STATIONARY,STATIONARY,STATIONARY,STATIONARY,UNCERTAIN,MOVING,STATIONARY,MOVING,MOVING
40762,1203,1,SITTING_STILL,0.09473713,0.00051006,0.00538399,0.00995305,0.01204107,0.00845443,0.01199268,0.04527352,0.07305444,0.12248434,0.12453131,RELIABLE,RELIABLE,RELIABLE,RELIABLE,RELIABLE,RELIABLE,RELIABLE,PARTIAL,STATIONARY,STATIONARY,STATIONARY,STATIONARY,STATIONARY,MOVING,MOVING,MOVING,MOVING
40794,1204,1,SITTING_STILL,0.09545577,0.00034787,0.00364434,0.00942238,0.01135532,0.00845599,0.01141762,0.03559083,0.06810342,0.13826450,0.12180786,RELIABLE,RELIABLE,RELIABLE,RELIABLE,RELIABLE,RELIABLE,RELIABLE,PARTIAL,STATIONARY,STATIONARY,STATIONARY,STATIONARY,STATIONARY,MOVING,MOVING,MOVING,MOVING
40824,1205,1,SITTING_STILL,0.09623636,0.00065143,0.00676905,0.00859626,0.01121326,0.00869108,0.01127651,0.03441278,0.06348852,0.14918186,0.11965627,RELIABLE,RELIABLE,RELIABLE,RELIABLE,RELIABLE,RELIABLE,RELIABLE,RELIABLE,STATIONARY,STATIONARY,STATIONARY,STATIONARY,STATIONARY,MOVING,MOVING,MOVING,MOVING
40856,1206,1,SITTING_STILL,0.09660588,0.00032692,0.00338403,0.00760456,0.00991671,0.00799057,0.01056709,0.02825719,0.05646179,0.15280523,0.10869983,RELIABLE,RELIABLE,RELIABLE,RELIABLE,RELIABLE,RELIABLE,RELIABLE,RELIABLE,STATIONARY,STATIONARY,STATIONARY,STATIONARY,STATIONARY,MOVING,MOVING,MOVING,MOVING
40887,1207,1,SITTING_STILL,0.09631185,0.00086962,0.00902920,0.00835213,0.00998980,0.00832117,0.01153032,0.02593465,0.05908129,0.15812615,0.11074781,RELIABLE,RELIABLE,RELIABLE,RELIABLE,RELIABLE,RELIABLE,RELIABLE,PARTIAL,STATIONARY,STATIONARY,STATIONARY,STATIONARY,STATIONARY,MOVING,MOVING,MOVING,MOVING
40919,1208,1,SITTING_STILL,0.09679343,0.00066169,0.00683607,0.00841481,0.01031016,0.00883126,0.01263949,0.02470954,0.06015130,0.16492620,0.10972190,RELIABLE,RELIABLE,RELIABLE,RELIABLE,RELIABLE,RELIABLE,RELIABLE,RELIABLE,STATIONARY,STATIONARY,STATIONARY,STATIONARY,STATIONARY,MOVING,MOVING,MOVING,MOVING
40949,1209,1,SITTING_STILL,0.09711996,0.00036310,0.00373864,0.00619889,0.00725974,0.00626158,0.01159007,0.02330378,0.03712981,0.12210834,0.08437759,RELIABLE,RELIABLE,RELIABLE,RELIABLE,RELIABLE,RELIABLE,RELIABLE,RELIABLE,STATIONARY,STATIONARY,STATIONARY,STATIONARY,STATIONARY,MOVING,MOVING,MOVING,MOVING
40981,1210,1,SITTING_STILL,0.09735294,0.00041839,0.00429770,0.00538538,0.00569822,0.00545065,0.01356806,0.02305535,0.02683955,0.10765280,0.08097959,RELIABLE,RELIABLE,RELIABLE,RELIABLE,RELIABLE,RELIABLE,RELIABLE,RELIABLE,STATIONARY,STATIONARY,STATIONARY,STATIONARY,STATIONARY,MOVING,MOVING,MOVING,MOVING
41029,1211,1,SITTING_STILL,0.09760670,0.00086427,0.00885464,0.00581921,0.00670527,0.00690986,0.01273884,0.01895416,0.02207598,0.07854085,0.07715911,RELIABLE,RELIABLE,RELIABLE,RELIABLE,RELIABLE,RELIABLE,RELIABLE,RELIABLE,STATIONARY,STATIONARY,STATIONARY,STATIONARY,STATIONARY,MOVING,MOVING,MOVING,MOVING
41060,1212,1,SITTING_STILL,0.09744121,0.00088493,0.00908172,0.00649888,0.00774699,0.00800230,0.01217162,0.01664935,0.02305979,0.05955538,0.06983283,RELIABLE,RELIABLE,RELIABLE,RELIABLE,RELIABLE,RELIABLE,RELIABLE,RELIABLE,STATIONARY,STATIONARY,STATIONARY,STATIONARY,STATIONARY,MOVING,MOVING,MOVING,MOVING
41092,1213,1,SITTING_STILL,0.09750417,0.00065189,0.00668573,0.00648847,0.00817833,0.00804930,0.01218344,0.01522083,0.02194106,0.04564513,0.06559328,RELIABLE,RELIABLE,RELIABLE,RELIABLE,RELIABLE,RELIABLE,RELIABLE,RELIABLE,STATIONARY,STATIONARY,STATIONARY,STATIONARY,STATIONARY,MOVING,MOVING,MOVING,MOVING
41124,1214,1,SITTING_STILL,0.09783767,0.00058361,0.00596510,0.00681110,0.00896816,0.00872826,0.01360191,0.01579589,0.02343105,0.03806395,0.06572602,RELIABLE,RELIABLE,RELIABLE,RELIABLE,RELIABLE,RELIABLE,RELIABLE,RELIABLE,STATIONARY,STATIONARY,STATIONARY,STATIONARY,STATIONARY,MOVING,MOVING,MOVING,MOVING
41157,1215,1,SITTING_STILL,0.09760944,0.00040031,0.00410113,0.00619509,0.00885134,0.00864888,0.01267255,0.01542411,0.02073257,0.03214635,0.07159607,RELIABLE,RELIABLE,RELIABLE,RELIABLE,RELIABLE,RELIABLE,RELIABLE,RELIABLE,STATIONARY,STATIONARY,STATIONARY,STATIONARY,STATIONARY,MOVING,MOVING,MOVING,MOVING
41189,1216,1,SITTING_STILL,0.09757492,0.00061264,0.00627869,0.00612542,0.00829279,0.00779105,0.01230402,0.01413789,0.01893400,0.02456121,0.06799547,RELIABLE,RELIABLE,RELIABLE,RELIABLE,RELIABLE,RELIABLE,RELIABLE,RELIABLE,STATIONARY,STATIONARY,STATIONARY,STATIONARY,STATIONARY,MOVING,MOVING,MOVING,MOVING
41221,1217,1,SITTING_STILL,0.09749913,0.00053880,0.00552625,0.00634887,0.00883222,0.00758895,0.01250745,0.01295669,0.01989261,0.02156085,0.07008689,RELIABLE,RELIABLE,RELIABLE,RELIABLE,RELIABLE,RELIABLE,RELIABLE,RELIABLE,STATIONARY,STATIONARY,STATIONARY,STATIONARY,STATIONARY,STATIONARY,MOVING,MOVING,MOVING
41252,1218,1,SITTING_STILL,0.09729927,0.00027673,0.00284411,0.00616717,0.00865643,0.00718420,0.01114059,0.01277718,0.01986041,0.01932277,0.06929310,RELIABLE,RELIABLE,RELIABLE,RELIABLE,RELIABLE,RELIABLE,RELIABLE,RELIABLE,STATIONARY,STATIONARY,STATIONARY,STATIONARY,STATIONARY,STATIONARY,MOVING,MOVING,MOVING
41285,1219,1,SITTING_STILL,0.09735492,0.00076752,0.00788370,0.00604580,0.00851593,0.00623892,0.01076431,0.01278477,0.01818071,0.01655335,0.05838437,RELIABLE,RELIABLE,RELIABLE,RELIABLE,RELIABLE,RELIABLE,RELIABLE,RELIABLE,STATIONARY,STATIONARY,STATIONARY,STATIONARY,STATIONARY,STATIONARY,MOVING,MOVING,MOVING
41316,1220,1,SITTING_STILL,0.09718657,0.00022350,0.00229972,0.00519805,0.00757325,0.00468798,0.01069607,0.01284584,0.01647981,0.01617144,0.05707610,RELIABLE,RELIABLE,RELIABLE,RELIABLE,RELIABLE,RELIABLE,RELIABLE,RELIABLE,STATIONARY,STATIONARY,STATIONARY,STATIONARY,STATIONARY,STATIONARY,STATIONARY,MOVING,MOVING
41348,1221,1,SITTING_STILL,0.09704257,0.00031811,0.00327803,0.00477209,0.00679515,0.00418241,0.01039468,0.01105269,0.01507780,0.01549179,0.05671034,RELIABLE,RELIABLE,RELIABLE,RELIABLE,RELIABLE,RELIABLE,RELIABLE,RELIABLE,STATIONARY,STATIONARY,STATIONARY,STATIONARY,STATIONARY,STATIONARY,STATIONARY,MOVING,MOVING
41380,1222,1,SITTING_STILL,0.09767942,0.00031491,0.00322396,0.00442945,0.00599136,0.00359154,0.01032329,0.01149055,0.01416572,0.01459845,0.05808431,RELIABLE,RELIABLE,RELIABLE,RELIABLE,RELIABLE,RELIABLE,RELIABLE,RELIABLE,STATIONARY,STATIONARY,STATIONARY,STATIONARY,STATIONARY,STATIONARY,STATIONARY,MOVING,MOVING
41428,1223,1,SITTING_STILL,0.09777325,0.00060787,0.00621709,0.00469394,0.00571416,0.00416931,0.01038376,0.01109445,0.01477181,0.01510693,0.05240068,RELIABLE,RELIABLE,RELIABLE,RELIABLE,RELIABLE,RELIABLE,RELIABLE,RELIABLE,STATIONARY,STATIONARY,STATIONARY,STATIONARY,STATIONARY,STATIONARY,STATIONARY,MOVING,MOVING
41468,1224,1,SITTING_STILL,0.09792892,0.00070011,0.00714912,0.00480275,0.00586035,0.00442467,0.00983748,0.01157561,0.01477813,0.01450062,0.06126402,RELIABLE,RELIABLE,RELIABLE,RELIABLE,RELIABLE,RELIABLE,RELIABLE,RELIABLE,STATIONARY,STATIONARY,STATIONARY,STATIONARY,STATIONARY,STATIONARY,STATIONARY,MOVING,MOVING
41500,1225,1,SITTING_STILL,0.09783844,0.00093978,0.00960545,0.00531265,0.00623538,0.00528978,0.01055772,0.01238336,0.01537117,0.01439623,0.06520827,RELIABLE,RELIABLE,RELIABLE,RELIABLE,RELIABLE,RELIABLE,RELIABLE,RELIABLE,STATIONARY,STATIONARY,STATIONARY,STATIONARY,STATIONARY,STATIONARY,STATIONARY,MOVING,MOVING
41531,1226,1,SITTING_STILL,0.09780460,0.00038853,0.00397249,0.00545369,0.00648235,0.00573031,0.01018551,0.01110939,0.01784464,0.01609508,0.06679643,RELIABLE,RELIABLE,RELIABLE,RELIABLE,RELIABLE,RELIABLE,RELIABLE,RELIABLE,STATIONARY,STATIONARY,STATIONARY,STATIONARY,STATIONARY,STATIONARY,STATIONARY,MOVING,MOVING
41562,1227,1,SITTING_STILL,0.09776614,0.00043993,0.00449984,0.00503071,0.00558801,0.00512143,0.00991084,0.01134554,0.01635154,0.01578770,0.06952197,RELIABLE,RELIABLE,RELIABLE,RELIABLE,RELIABLE,RELIABLE,RELIABLE,RELIABLE,STATIONARY,STATIONARY,STATIONARY,STATIONARY,STATIONARY,STATIONARY,STATIONARY,MOVING,MOVING
41594,1228,1,SITTING_STILL,0.09786032,0.00088091,0.00900171,0.00586846,0.00521075,0.00491217,0.01142617,0.01206712,0.01786314,0.01786338,0.06952363,RELIABLE,RELIABLE,RELIABLE,RELIABLE,RELIABLE,RELIABLE,RELIABLE,RELIABLE,STATIONARY,STATIONARY,STATIONARY,STATIONARY,STATIONARY,STATIONARY,STATIONARY,MOVING,MOVING
41626,1229,1,SITTING_STILL,0.09790168,0.00087384,0.00892566,0.00657441,0.00549989,0.00469579,0.01120940,0.01342578,0.01982598,0.01959670,0.06982560,RELIABLE,RELIABLE,RELIABLE,RELIABLE,RELIABLE,RELIABLE,RELIABLE,RELIABLE,STATIONARY,STATIONARY,STATIONARY,STATIONARY,STATIONARY,STATIONARY,STATIONARY,MOVING,MOVING
41658,1230,1,SITTING_STILL,0.09795834,0.00090957,0.00928531,0.00733208,0.00611375,0.00588727,0.01065429,0.01326241,0.01869770,0.01966854,0.06586035,RELIABLE,RELIABLE,RELIABLE,RELIABLE,RELIABLE,RELIABLE,RELIABLE,RELIABLE,STATIONARY,STATIONARY,STATIONARY,STATIONARY,STATIONARY,STATIONARY,STATIONARY,MOVING,MOVING
41690,1231,1,SITTING_STILL,0.09803427,0.00110860,0.01130826,0.00796848,0.00674826,0.00616454,0.01040007,0.01415609,0.01874460,0.01974023,0.06785474,RELIABLE,RELIABLE,RELIABLE,RELIABLE,RELIABLE,RELIABLE,RELIABLE,RELIABLE,STATIONARY,STATIONARY,STATIONARY,STATIONARY,STATIONARY,STATIONARY,STATIONARY,MOVING,MOVING
41722,1232,1,SITTING_STILL,0.09806985,0.00079744,0.00813133,0.00809125,0.00698570,0.00689484,0.01098141,0.01465691,0.01964930,0.02131359,0.06316318,RELIABLE,RELIABLE,RELIABLE,RELIABLE,RELIABLE,RELIABLE,RELIABLE,RELIABLE,STATIONARY,STATIONARY,STATIONARY,STATIONARY,STATIONARY,STATIONARY,STATIONARY,MOVING,MOVING
41753,1233,1,SITTING_STILL,0.09818750,0.00056625,0.00576704,0.00761145,0.00642627,0.00622813,0.01038993,0.01706256,0.01937204,0.02253534,0.06077570,RELIABLE,RELIABLE,RELIABLE,RELIABLE,RELIABLE,RELIABLE,RELIABLE,RELIABLE,STATIONARY,STATIONARY,STATIONARY,STATIONARY,STATIONARY,STATIONARY,STATIONARY,MOVING,MOVING
41796,1234,1,SITTING_STILL,0.09802360,0.00028177,0.00287449,0.00747420,0.00708842,0.00639626,0.01075684,0.01745453,0.01834255,0.02193452,0.05625144,RELIABLE,RELIABLE,RELIABLE,RELIABLE,RELIABLE,RELIABLE,RELIABLE,RELIABLE,STATIONARY,STATIONARY,STATIONARY,STATIONARY,STATIONARY,STATIONARY,STATIONARY,MOVING,MOVING
41831,1235,1,SITTING_STILL,0.09826120,0.00027115,0.00275949,0.00725666,0.00668089,0.00632331,0.01168388,0.01641182,0.02005432,0.02282702,0.05331552,RELIABLE,RELIABLE,RELIABLE,RELIABLE,RELIABLE,RELIABLE,RELIABLE,RELIABLE,STATIONARY,STATIONARY,STATIONARY,STATIONARY,STATIONARY,STATIONARY,STATIONARY,MOVING,MOVING
41862,1236,1,SITTING_STILL,0.09809417,0.00109747,0.01118790,0.00752993,0.00762793,0.00688243,0.01045710,0.01561540,0.01768591,0.02094057,0.05220279,RELIABLE,RELIABLE,RELIABLE,RELIABLE,RELIABLE,RELIABLE,RELIABLE,RELIABLE,STATIONARY,STATIONARY,STATIONARY,STATIONARY,STATIONARY,STATIONARY,STATIONARY,MOVING,MOVING
41893,1237,1,SITTING_STILL,0.09815526,0.00072774,0.00741414,0.00734100,0.00755083,0.00750434,0.01031649,0.01624199,0.01679688,0.01915354,0.04994094,RELIABLE,RELIABLE,RELIABLE,RELIABLE,RELIABLE,RELIABLE,RELIABLE,RELIABLE,STATIONARY,STATIONARY,STATIONARY,STATIONARY,STATIONARY,STATIONARY,STATIONARY,MOVING,MOVING
41925,1238,1,SITTING_STILL,0.09807845,0.00100300,0.01022647,0.00745864,0.00699438,0.00696234,0.01027834,0.01607914,0.01966270,0.02076268,0.05252407,RELIABLE,RELIABLE,RELIABLE,RELIABLE,RELIABLE,RELIABLE,RELIABLE,RELIABLE,STATIONARY,STATIONARY,STATIONARY,STATIONARY,STATIONARY,STATIONARY,STATIONARY,MOVING,MOVING
41955,1239,1,SITTING_STILL,0.09837335,0.00113720,0.01156009,0.00749012,0.00645373,0.00709072,0.01018140,0.01568198,0.02002580,0.02170538,0.05547375,RELIABLE,RELIABLE,RELIABLE,RELIABLE,RELIABLE,RELIABLE,RELIABLE,RELIABLE,STATIONARY,STATIONARY,STATIONARY,STATIONARY,STATIONARY,STATIONARY,STATIONARY,MOVING,MOVING
41988,1240,1,SITTING_STILL,0.09851628,0.00065269,0.00662523,0.00730186,0.00608092,0.00642470,0.00977660,0.01508626,0.02042363,0.02166981,0.05496289,RELIABLE,RELIABLE,RELIABLE,RELIABLE,RELIABLE,RELIABLE,RELIABLE,RELIABLE,STATIONARY,STATIONARY,STATIONARY,STATIONARY,STATIONARY,STATIONARY,STATIONARY,MOVING,MOVING
42020,1241,1,SITTING_STILL,0.09846287,0.00043329,0.00440055,0.00713104,0.00572570,0.00631673,0.00903204,0.01238427,0.01960725,0.02083051,0.05299471,RELIABLE,RELIABLE,RELIABLE,RELIABLE,RELIABLE,RELIABLE,RELIABLE,RELIABLE,STATIONARY,STATIONARY,STATIONARY,STATIONARY,STATIONARY,STATIONARY,STATIONARY,MOVING,MOVING
42052,1242,1,SITTING_STILL,0.09830289,0.00080404,0.00817920,0.00779413,0.00617908,0.00670790,0.00902031,0.01241536,0.01808650,0.01997025,0.04893328,RELIABLE,RELIABLE,RELIABLE,RELIABLE,RELIABLE,RELIABLE,RELIABLE,RELIABLE,STATIONARY,STATIONARY,STATIONARY,STATIONARY,STATIONARY,STATIONARY,STATIONARY,MOVING,MOVING
42084,1243,1,SITTING_STILL,0.09814741,0.00037483,0.00381909,0.00792658,0.00661076,0.00703680,0.00867036,0.01387701,0.01656776,0.01878186,0.05304756,RELIABLE,RELIABLE,RELIABLE,RELIABLE,RELIABLE,RELIABLE,RELIABLE,RELIABLE,STATIONARY,STATIONARY,STATIONARY,STATIONARY,STATIONARY,STATIONARY,STATIONARY,MOVING,MOVING
42116,1244,1,SITTING_STILL,0.09820529,0.00057236,0.00582818,0.00725662,0.00616764,0.00690585,0.00890765,0.01457480,0.02064877,0.02148852,0.05780839,RELIABLE,RELIABLE,RELIABLE,RELIABLE,RELIABLE,RELIABLE,RELIABLE,RELIABLE,STATIONARY,STATIONARY,STATIONARY,STATIONARY,STATIONARY,STATIONARY,STATIONARY,MOVING,MOVING
42148,1245,1,SITTING_STILL,0.09824621,0.00052813,0.00537554,0.00700179,0.00604977,0.00659256,0.00854766,0.01310777,0.02172712,0.02215619,0.06172374,RELIABLE,RELIABLE,RELIABLE,RELIABLE,RELIABLE,RELIABLE,RELIABLE,RELIABLE,STATIONARY,STATIONARY,STATIONARY,STATIONARY,STATIONARY,STATIONARY,STATIONARY,MOVING,MOVING
42196,1246,1,SITTING_STILL,0.09854035,0.00063184,0.00641195,0.00652498,0.00663989,0.00585871,0.00894891,0.01448613,0.01875507,0.01944511,0.05914462,RELIABLE,RELIABLE,RELIABLE,RELIABLE,RELIABLE,RELIABLE,RELIABLE,RELIABLE,STATIONARY,STATIONARY,STATIONARY,STATIONARY,STATIONARY,STATIONARY,STATIONARY,MOVING,MOVING
42228,1247,1,SITTING_STILL,0.09882442,0.00041041,0.00415290,0.00559908,0.00664052,0.00506014,0.00864975,0.01463918,0.01881461,0.01853223,0.05576894,RELIABLE,RELIABLE,RELIABLE,RELIABLE,RELIABLE,RELIABLE,RELIABLE,RELIABLE,STATIONARY,STATIONARY,STATIONARY,STATIONARY,STATIONARY,STATIONARY,STATIONARY,MOVING,MOVING
42269,1248,1,SITTING_STILL,0.09860127,0.00071587,0.00726029,0.00567846,0.00660918,0.00476383,0.00818552,0.01593171,0.01884062,0.01828222,0.05523639,RELIABLE,RELIABLE,RELIABLE,RELIABLE,RELIABLE,RELIABLE,RELIABLE,RELIABLE,STATIONARY,STATIONARY,STATIONARY,STATIONARY,STATIONARY,STATIONARY,STATIONARY,MOVING,MOVING
42301,1249,1,SITTING_STILL,0.09845465,0.00116887,0.01187216,0.00661241,0.00671306,0.00482901,0.00812786,0.01582120,0.02002824,0.01851129,0.05673012,RELIABLE,RELIABLE,RELIABLE,RELIABLE,RELIABLE,RELIABLE,RELIABLE,RELIABLE,STATIONARY,STATIONARY,STATIONARY,STATIONARY,STATIONARY,STATIONARY,STATIONARY,MOVING,MOVING
42332,1250,1,SITTING_STILL,0.09824607,0.00045498,0.00463099,0.00616889,0.00538413,0.00388041,0.00784983,0.01591556,0.02188412,0.01997964,0.05838522,RELIABLE,RELIABLE,RELIABLE,RELIABLE,RELIABLE,RELIABLE,RELIABLE,RELIABLE,STATIONARY,STATIONARY,STATIONARY,STATIONARY,STATIONARY,STATIONARY,STATIONARY,MOVING,MOVING
42363,1251,1,SITTING_STILL,0.09853015,0.00073386,0.00744809,0.00662251,0.00600798,0.00424694,0.00705904,0.01514908,0.02142748,0.01898386,0.04931227,RELIABLE,RELIABLE,RELIABLE,RELIABLE,RELIABLE,RELIABLE,RELIABLE,RELIABLE,STATIONARY,STATIONARY,STATIONARY,STATIONARY,STATIONARY,STATIONARY,STATIONARY,MOVING,MOVING
42394,1252,1,SITTING_STILL,0.09875836,0.00065576,0.00664000,0.00672399,0.00674574,0.00415565,0.00760692,0.01618648,0.01955795,0.01677811,0.04118576,RELIABLE,RELIABLE,RELIABLE,RELIABLE,RELIABLE,RELIABLE,RELIABLE,RELIABLE,STATIONARY,STATIONARY,STATIONARY,STATIONARY,STATIONARY,STATIONARY,STATIONARY,MOVING,MOVING
42425,1253,1,SITTING_STILL,0.09839606,0.00062035,0.00630462,0.00684012,0.00696288,0.00419026,0.00755334,0.01690772,0.01849976,0.01724022,0.03617921,RELIABLE,RELIABLE,RELIABLE,RELIABLE,RELIABLE,RELIABLE,RELIABLE,RELIABLE,STATIONARY,STATIONARY,STATIONARY,STATIONARY,STATIONARY,STATIONARY,STATIONARY,MOVING,MOVING
42457,1254,1,SITTING_STILL,0.09833131,0.00032269,0.00328168,0.00644884,0.00657234,0.00466654,0.00707206,0.01563113,0.01978748,0.01777749,0.03746204,RELIABLE,RELIABLE,RELIABLE,RELIABLE,RELIABLE,RELIABLE,RELIABLE,RELIABLE,STATIONARY,STATIONARY,STATIONARY,STATIONARY,STATIONARY,STATIONARY,STATIONARY,MOVING,MOVING
42487,1255,1,SITTING_STILL,0.09820317,0.00057944,0.00590037,0.00666728,0.00662526,0.00416440,0.00719694,0.01454331,0.01793641,0.01744477,0.03733521,RELIABLE,RELIABLE,RELIABLE,RELIABLE,RELIABLE,RELIABLE,RELIABLE,PARTIAL,STATIONARY,STATIONARY,STATIONARY,STATIONARY,STATIONARY,STATIONARY,STATIONARY,MOVING,MOVING
42519,1256,1,SITTING_STILL,0.09814303,0.00086038,0.00876663,0.00685557,0.00645855,0.00422806,0.00732891,0.01301860,0.01813816,0.01801327,0.03797873,RELIABLE,RELIABLE,RELIABLE,RELIABLE,RELIABLE,RELIABLE,RELIABLE,RELIABLE,STATIONARY,STATIONARY,STATIONARY,STATIONARY,STATIONARY,STATIONARY,STATIONARY,MOVING,MOVING
42565,1257,1,SITTING_STILL,0.09818256,0.00059617,0.00607202,0.00613055,0.00673512,0.00423580,0.00765998,0.01411066,0.01689921,0.01698119,0.03526954,RELIABLE,RELIABLE,RELIABLE,RELIABLE,RELIABLE,RELIABLE,RELIABLE,RELIABLE,STATIONARY,STATIONARY,STATIONARY,STATIONARY,STATIONARY,STATIONARY,STATIONARY,MOVING,MOVING
42598,1258,1,SITTING_STILL,0.09856331,0.00067378,0.00683603,0.00640618,0.00669366,0.00444542,0.00891126,0.01688106,0.01698329,0.01655363,0.03762209,RELIABLE,RELIABLE,RELIABLE,RELIABLE,RELIABLE,RELIABLE,RELIABLE,RELIABLE,STATIONARY,STATIONARY,STATIONARY,STATIONARY,STATIONARY,STATIONARY,STATIONARY,MOVING,MOVING
42629,1259,1,SITTING_STILL,0.09868623,0.00046754,0.00473767,0.00606738,0.00600390,0.00393598,0.00882282,0.01635885,0.01757512,0.01705128,0.04048010,RELIABLE,RELIABLE,RELIABLE,RELIABLE,RELIABLE,RELIABLE,RELIABLE,RELIABLE,STATIONARY,STATIONARY,STATIONARY,STATIONARY,STATIONARY,STATIONARY,STATIONARY,STATIONARY,STATIONARY
42661,1260,1,SITTING_STILL,0.09879750,0.00061043,0.00617863,0.00600971,0.00489081,0.00373641,0.00917451,0.01507629,0.01707563,0.01670712,0.04217150,RELIABLE,RELIABLE,RELIABLE,RELIABLE,RELIABLE,RELIABLE,RELIABLE,RELIABLE,STATIONARY,STATIONARY,STATIONARY,STATIONARY,STATIONARY,STATIONARY,STATIONARY,STATIONARY,STATIONARY
42693,1261,1,SITTING_STILL,0.09864035,0.00063986,0.00648682,0.00603248,0.00489307,0.00385337,0.01009442,0.01568809,0.01783098,0.01806942,0.04231663,RELIABLE,RELIABLE,RELIABLE,RELIABLE,RELIABLE,RELIABLE,RELIABLE,RELIABLE,STATIONARY,STATIONARY,STATIONARY,STATIONARY,STATIONARY,STATIONARY,STATIONARY,STATIONARY,STATIONARY
42725,1262,1,SITTING_STILL,0.09863779,0.00043085,0.00436800,0.00616827,0.00457942,0.00350603,0.00998042,0.01525271,0.01677066,0.01805456,0.04096071,RELIABLE,RELIABLE,RELIABLE,RELIABLE,RELIABLE,RELIABLE,RELIABLE,RELIABLE,STATIONARY,STATIONARY,STATIONARY,STATIONARY,STATIONARY,STATIONARY,STATIONARY,STATIONARY,STATIONARY
42756,1263,1,SITTING_STILL,0.09880915,0.00081011,0.00819874,0.00645557,0.00525448,0.00476703,0.01100279,0.01570888,0.01969987,0.01994213,0.04142335,RELIABLE,RELIABLE,RELIABLE,RELIABLE,RELIABLE,RELIABLE,RELIABLE,RELIABLE,STATIONARY,STATIONARY,STATIONARY,STATIONARY,STATIONARY,STATIONARY,STATIONARY,STATIONARY,STATIONARY
42788,1264,1,SITTING_STILL,0.09891535,0.00035555,0.00359447,0.00580905,0.00511612,0.00465775,0.01079444,0.01706676,0.01805250,0.01849918,0.03921942,RELIABLE,RELIABLE,RELIABLE,RELIABLE,RELIABLE,RELIABLE,RELIABLE,RELIABLE,STATIONARY,STATIONARY,STATIONARY,STATIONARY,STATIONARY,STATIONARY,STATIONARY,STATIONARY,STATIONARY
42819,1265,1,SITTING_STILL,0.09916911,0.00066920,0.00674806,0.00589355,0.00498865,0.00434105,0.01094262,0.01615518,0.01788024,0.01925239,0.03955380,RELIABLE,RELIABLE,RELIABLE,RELIABLE,RELIABLE,RELIABLE,RELIABLE,RELIABLE,STATIONARY,STATIONARY,STATIONARY,STATIONARY,STATIONARY,STATIONARY,STATIONARY,STATIONARY,STATIONARY
42851,1266,1,SITTING_STILL,0.09938174,0.00079076,0.00795678,0.00603365,0.00555657,0.00423193,0.01010950,0.01494326,0.01726706,0.01869594,0.03666371,RELIABLE,RELIABLE,RELIABLE,RELIABLE,RELIABLE,RELIABLE,RELIABLE,RELIABLE,STATIONARY,STATIONARY,STATIONARY,STATIONARY,STATIONARY,STATIONARY,STATIONARY,STATIONARY,STATIONARY
42884,1267,1,SITTING_STILL,0.09904494,0.00093213,0.00941123,0.00661784,0.00562099,0.00475102,0.01133156,0.01636128,0.01889757,0.02022720,0.04126294,RELIABLE,RELIABLE,RELIABLE,RELIABLE,RELIABLE,RELIABLE,RELIABLE,RELIABLE,STATIONARY,STATIONARY,STATIONARY,STATIONARY,STATIONARY,STATIONARY,STATIONARY,STATIONARY,STATIONARY
42916,1268,1,SITTING_STILL,0.09869797,0.00103134,0.01044949,0.00715170,0.00616680,0.00472071,0.01107206,0.01636973,0.02064306,0.02109892,0.05869657,RELIABLE,RELIABLE,RELIABLE,RELIABLE,RELIABLE,RELIABLE,RELIABLE,PARTIAL,STATIONARY,STATIONARY,STATIONARY,STATIONARY,STATIONARY,STATIONARY,STATIONARY,STATIONARY,STATIONARY
42964,1269,1,SITTING_STILL,0.09861649,0.00039864,0.00404233,0.00684614,0.00582067,0.00420358,0.01104919,0.01485144,0.02053320,0.02146934,0.06443157,RELIABLE,RELIABLE,RELIABLE,RELIABLE,RELIABLE,RELIABLE,RELIABLE,PARTIAL,STATIONARY,STATIONARY,STATIONARY,STATIONARY,STATIONARY,STATIONARY,STATIONARY,STATIONARY,STATIONARY
42996,1270,1,SITTING_STILL,0.09865018,0.00055360,0.00561180,0.00700161,0.00623354,0.00411127,0.01086079,0.01469426,0.02055459,0.02179985,0.06702401,RELIABLE,RELIABLE,RELIABLE,RELIABLE,RELIABLE,RELIABLE,RELIABLE,RELIABLE,STATIONARY,STATIONARY,STATIONARY,STATIONARY,STATIONARY,STATIONARY,STATIONARY,MOVING,MOVING
43028,1271,1,SITTING_STILL,0.09894624,0.00040493,0.00409243,0.00648832,0.00535356,0.00301208,0.01090430,0.01509135,0.01935130,0.02087117,0.06891903,RELIABLE,RELIABLE,RELIABLE,RELIABLE,RELIABLE,RELIABLE,RELIABLE,RELIABLE,STATIONARY,STATIONARY,STATIONARY,STATIONARY,STATIONARY,STATIONARY,STATIONARY,MOVING,MOVING
43061,1272,1,SITTING_STILL,0.09945975,0.00131901,0.01326173,0.00769673,0.00533555,0.00422659,0.01201940,0.01537456,0.02204541,0.02166708,0.07374970,RELIABLE,RELIABLE,RELIABLE,RELIABLE,RELIABLE,RELIABLE,RELIABLE,RELIABLE,STATIONARY,STATIONARY,STATIONARY,STATIONARY,STATIONARY,STATIONARY,STATIONARY,MOVING,MOVING
43101,1273,1,SITTING_STILL,0.09932480,0.00078151,0.00786819,0.00783675,0.00567558,0.00473317,0.01283415,0.01553057,0.02356417,0.02169650,0.07696578,RELIABLE,RELIABLE,RELIABLE,RELIABLE,RELIABLE,RELIABLE,RELIABLE,RELIABLE,STATIONARY,STATIONARY,STATIONARY,STATIONARY,STATIONARY,STATIONARY,STATIONARY,MOVING,MOVING
43132,1274,1,SITTING_STILL,0.09915464,0.00116652,0.01176464,0.00831273,0.00604208,0.00492077,0.01277826,0.01374591,0.02475771,0.02325228,0.07835755,RELIABLE,RELIABLE,RELIABLE,RELIABLE,RELIABLE,RELIABLE,RELIABLE,RELIABLE,STATIONARY,STATIONARY,STATIONARY,STATIONARY,STATIONARY,STATIONARY,STATIONARY,MOVING,MOVING
43163,1275,1,SITTING_STILL,0.09906249,0.00098151,0.00990801,0.00837483,0.00650010,0.00428367,0.01159533,0.01427831,0.02403073,0.02318178,0.08200896,RELIABLE,RELIABLE,RELIABLE,RELIABLE,RELIABLE,RELIABLE,RELIABLE,RELIABLE,STATIONARY,STATIONARY,STATIONARY,STATIONARY,STATIONARY,STATIONARY,STATIONARY,MOVING,MOVING
43195,1276,1,SITTING_STILL,0.09889153,0.00115898,0.01171974,0.00853361,0.00653038,0.00426590,0.01090527,0.01488687,0.02185147,0.02161656,0.06389068,RELIABLE,RELIABLE,RELIABLE,RELIABLE,RELIABLE,RELIABLE,RELIABLE,PARTIAL,STATIONARY,STATIONARY,STATIONARY,STATIONARY,STATIONARY,STATIONARY,STATIONARY,MOVING,MOVING
43227,1277,1,SITTING_STILL,0.09875354,0.00064477,0.00652909,0.00884445,0.00673533,0.00474079,0.01004768,0.01541491,0.02011974,0.01977064,0.05951419,RELIABLE,RELIABLE,RELIABLE,RELIABLE,RELIABLE,RELIABLE,RELIABLE,PARTIAL,STATIONARY,STATIONARY,STATIONARY,STATIONARY,STATIONARY,STATIONARY,STATIONARY,MOVING,MOVING
43258,1278,1,SITTING_STILL,0.09891342,0.00108951,0.01101475,0.00951982,0.00629669,0.00569376,0.01033499,0.01538553,0.02288874,0.02127814,0.06264551,RELIABLE,RELIABLE,RELIABLE,RELIABLE,RELIABLE,RELIABLE,RELIABLE,RELIABLE,STATIONARY,STATIONARY,STATIONARY,STATIONARY,STATIONARY,STATIONARY,STATIONARY,MOVING,MOVING
43289,1279,1,SITTING_STILL,0.09868017,0.00070148,0.00710862,0.00989685,0.00738029,0.00668061,0.00944825,0.01529578,0.02324613,0.02137352,0.05720617,RELIABLE,RELIABLE,RELIABLE,RELIABLE,RELIABLE,RELIABLE,RELIABLE,RELIABLE,STATIONARY,STATIONARY,STATIONARY,STATIONARY,STATIONARY,STATIONARY,STATIONARY,MOVING,MOVING
43332,1280,1,SITTING_STILL,0.09873982,0.00062715,0.00635151,0.00903307,0.00774250,0.00621983,0.00953326,0.01494915,0.02103316,0.02153113,0.05379527,RELIABLE,RELIABLE,RELIABLE,RELIABLE,RELIABLE,RELIABLE,RELIABLE,RELIABLE,STATIONARY,STATIONARY,STATIONARY,STATIONARY,STATIONARY,STATIONARY,STATIONARY,MOVING,MOVING
43368,1281,1,SITTING_STILL,0.09878229,0.00032565,0.00329667,0.00846163,0.00704169,0.00559150,0.00835161,0.01518283,0.01964792,0.02070877,0.05280050,RELIABLE,RELIABLE,RELIABLE,RELIABLE,RELIABLE,RELIABLE,RELIABLE,PARTIAL,STATIONARY,STATIONARY,STATIONARY,STATIONARY,STATIONARY,STATIONARY,STATIONARY,MOVING,MOVING
43400,1282,1,SITTING_STILL,0.09897995,0.00055121,0.00556888,0.00768716,0.00690704,0.00592528,0.00795001,0.01519841,0.01726974,0.01804560,0.04861969,RELIABLE,RELIABLE,RELIABLE,RELIABLE,RELIABLE,RELIABLE,RELIABLE,RELIABLE,STATIONARY,STATIONARY,STATIONARY,STATIONARY,STATIONARY,STATIONARY,STATIONARY,MOVING,MOVING
43431,1283,1,SITTING_STILL,0.09878410,0.00058043,0.00587572,0.00718312,0.00718181,0.00614221,0.00838262,0.01360416,0.01579450,0.01699221,0.04304740,RELIABLE,RELIABLE,RELIABLE,RELIABLE,RELIABLE,RELIABLE,RELIABLE,PARTIAL,STATIONARY,STATIONARY,STATIONARY,STATIONARY,STATIONARY,STATIONARY,STATIONARY,MOVING,MOVING
43463,1284,1,SITTING_STILL,0.09853698,0.00063752,0.00646982,0.00652688,0.00650922,0.00635657,0.00801412,0.01265424,0.01456839,0.01620775,0.04186517,RELIABLE,RELIABLE,RELIABLE,RELIABLE,RELIABLE,RELIABLE,RELIABLE,RELIABLE,STATIONARY,STATIONARY,STATIONARY,STATIONARY,STATIONARY,STATIONARY,STATIONARY,MOVING,MOVING
43495,1285,1,SITTING_STILL,0.09848563,0.00029437,0.00298892,0.00608436,0.00598354,0.00605887,0.00823352,0.01216474,0.01604184,0.01617747,0.04838088,RELIABLE,RELIABLE,RELIABLE,RELIABLE,RELIABLE,RELIABLE,RELIABLE,RELIABLE,STATIONARY,STATIONARY,STATIONARY,STATIONARY,STATIONARY,STATIONARY,STATIONARY,MOVING,MOVING
43526,1286,1,SITTING_STILL,0.09865051,0.00050654,0.00513473,0.00534936,0.00646750,0.00525886,0.00878109,0.01209237,0.01301151,0.01395343,0.04838938,RELIABLE,RELIABLE,RELIABLE,RELIABLE,RELIABLE,RELIABLE,RELIABLE,RELIABLE,STATIONARY,STATIONARY,STATIONARY,STATIONARY,STATIONARY,STATIONARY,STATIONARY,MOVING,MOVING
43557,1287,1,SITTING_STILL,0.09851075,0.00051772,0.00525550,0.00511772,0.00570841,0.00481287,0.00874746,0.01208869,0.01141446,0.01318088,0.04766752,RELIABLE,RELIABLE,RELIABLE,RELIABLE,RELIABLE,RELIABLE,RELIABLE,RELIABLE,STATIONARY,STATIONARY,STATIONARY,STATIONARY,STATIONARY,STATIONARY,STATIONARY,MOVING,MOVING
43589,1288,1,SITTING_STILL,0.09814123,0.00020657,0.00210479,0.00458688,0.00523593,0.00391948,0.00768956,0.01049900,0.01040465,0.01142771,0.04608489,RELIABLE,RELIABLE,RELIABLE,RELIABLE,RELIABLE,RELIABLE,RELIABLE,RELIABLE,STATIONARY,STATIONARY,STATIONARY,STATIONARY,STATIONARY,STATIONARY,STATIONARY,MOVING,MOVING
43621,1289,1,SITTING_STILL,0.09818909,0.00032789,0.00333935,0.00459221,0.00491767,0.00381972,0.00811310,0.01190176,0.01106603,0.01223962,0.04157906,RELIABLE,RELIABLE,RELIABLE,RELIABLE,RELIABLE,RELIABLE,RELIABLE,RELIABLE,STATIONARY,STATIONARY,STATIONARY,STATIONARY,STATIONARY,STATIONARY,STATIONARY,MOVING,MOVING
43655,1290,1,SITTING_STILL,0.09865870,0.00081327,0.00824327,0.00492651,0.00467775,0.00394297,0.01040191,0.01262213,0.01302461,0.01373794,0.04703822,RELIABLE,RELIABLE,RELIABLE,RELIABLE,RELIABLE,RELIABLE,RELIABLE,RELIABLE,STATIONARY,STATIONARY,STATIONARY,STATIONARY,STATIONARY,STATIONARY,STATIONARY,MOVING,MOVING
43685,1291,1,SITTING_STILL,0.09859403,0.00064816,0.00657403,0.00501380,0.00376744,0.00400545,0.01015819,0.01482562,0.01461013,0.01473755,0.04712306,RELIABLE,RELIABLE,RELIABLE,RELIABLE,RELIABLE,RELIABLE,RELIABLE,RELIABLE,STATIONARY,STATIONARY,STATIONARY,STATIONARY,STATIONARY,STATIONARY,STATIONARY,MOVING,MOVING
43732,1292,1,SITTING_STILL,0.09839839,0.00074217,0.00754245,0.00514788,0.00391419,0.00435561,0.01182760,0.01630886,0.01647034,0.01646482,0.04753155,RELIABLE,RELIABLE,RELIABLE,RELIABLE,RELIABLE,RELIABLE,RELIABLE,PARTIAL,STATIONARY,STATIONARY,STATIONARY,STATIONARY,STATIONARY,STATIONARY,STATIONARY,MOVING,MOVING
43764,1293,1,SITTING_STILL,0.09833610,0.00108316,0.01101485,0.00615112,0.00462780,0.00415413,0.01340161,0.01676998,0.01902801,0.01810513,0.04555049,RELIABLE,RELIABLE,RELIABLE,RELIABLE,RELIABLE,RELIABLE,RELIABLE,RELIABLE,STATIONARY,STATIONARY,STATIONARY,STATIONARY,STATIONARY,STATIONARY,STATIONARY,MOVING,MOVING
43796,1294,1,SITTING_STILL,0.09839030,0.00053984,0.00548675,0.00619513,0.00520567,0.00472599,0.01296267,0.01710053,0.02015324,0.01892416,0.04053032,RELIABLE,RELIABLE,RELIABLE,RELIABLE,RELIABLE,RELIABLE,RELIABLE,RELIABLE,STATIONARY,STATIONARY,STATIONARY,STATIONARY,STATIONARY,STATIONARY,STATIONARY,MOVING,MOVING
43829,1295,1,SITTING_STILL,0.09849135,0.00039438,0.00400416,0.00603871,0.00500943,0.00441046,0.01314343,0.01656093,0.01989973,0.01777604,0.04159857,RELIABLE,RELIABLE,RELIABLE,RELIABLE,RELIABLE,RELIABLE,RELIABLE,RELIABLE,STATIONARY,STATIONARY,STATIONARY,STATIONARY,STATIONARY,STATIONARY,STATIONARY,MOVING,MOVING
43860,1296,1,SITTING_STILL,0.09874217,0.00103954,0.01052784,0.00709159,0.00567140,0.00438373,0.01339310,0.01755930,0.02138631,0.01905944,0.04082018,RELIABLE,RELIABLE,RELIABLE,RELIABLE,RELIABLE,RELIABLE,RELIABLE,RELIABLE,STATIONARY,STATIONARY,STATIONARY,STATIONARY,STATIONARY,STATIONARY,STATIONARY,MOVING,MOVING
43891,1297,1,SITTING_STILL,0.09867025,0.00081301,0.00823970,0.00770413,0.00626773,0.00485160,0.01328224,0.01583647,0.02018186,0.01759194,0.04347209,RELIABLE,RELIABLE,RELIABLE,RELIABLE,RELIABLE,RELIABLE,RELIABLE,RELIABLE,STATIONARY,STATIONARY,STATIONARY,STATIONARY,STATIONARY,STATIONARY,STATIONARY,MOVING,MOVING
43923,1298,1,SITTING_STILL,0.09889407,0.00124170,0.01255583,0.00824320,0.00690698,0.00465127,0.01164276,0.01549160,0.01943597,0.01710655,0.04081260,RELIABLE,RELIABLE,RELIABLE,RELIABLE,RELIABLE,RELIABLE,RELIABLE,RELIABLE,STATIONARY,STATIONARY,STATIONARY,STATIONARY,STATIONARY,STATIONARY,STATIONARY,MOVING,MOVING
43957,1299,1,SITTING_STILL,0.09875924,0.00057996,0.00587248,0.00815551,0.00682008,0.00457669,0.01160208,0.01302256,0.01835524,0.01614601,0.03840989,RELIABLE,RELIABLE,RELIABLE,RELIABLE,RELIABLE,RELIABLE,RELIABLE,RELIABLE,STATIONARY,STATIONARY,STATIONARY,STATIONARY,STATIONARY,STATIONARY,STATIONARY,MOVING,MOVING
43988,1300,1,SITTING_STILL,0.09848522,0.00053930,0.00547591,0.00789719,0.00674192,0.00419872,0.00995522,0.01145165,0.01727309,0.01505473,0.04053220,RELIABLE,RELIABLE,RELIABLE,RELIABLE,RELIABLE,RELIABLE,RELIABLE,PARTIAL,STATIONARY,STATIONARY,STATIONARY,STATIONARY,STATIONARY,STATIONARY,STATIONARY,STATIONARY,STATIONARY
44020,1301,1,SITTING_STILL,0.09874587,0.00070621,0.00715179,0.00741431,0.00609218,0.00468025,0.00968190,0.01159144,0.01534789,0.01347185,0.03655866,RELIABLE,RELIABLE,RELIABLE,RELIABLE,RELIABLE,RELIABLE,RELIABLE,RELIABLE,STATIONARY,STATIONARY,STATIONARY,STATIONARY,STATIONARY,STATIONARY,STATIONARY,STATIONARY,STATIONARY
44052,1302,1,SITTING_STILL,0.09909235,0.00049357,0.00498088,0.00735107,0.00545931,0.00419645,0.00970105,0.01175471,0.01562373,0.01362814,0.03983202,RELIABLE,RELIABLE,RELIABLE,RELIABLE,RELIABLE,RELIABLE,RELIABLE,RELIABLE,STATIONARY,STATIONARY,STATIONARY,STATIONARY,STATIONARY,STATIONARY,STATIONARY,STATIONARY,STATIONARY
44084,1303,1,SITTING_STILL,0.09925993,0.00074492,0.00750470,0.00778864,0.00618361,0.00431089,0.01016292,0.01262214,0.01732740,0.01488713,0.04224602,RELIABLE,RELIABLE,RELIABLE,RELIABLE,RELIABLE,RELIABLE,RELIABLE,RELIABLE,STATIONARY,STATIONARY,STATIONARY,STATIONARY,STATIONARY,STATIONARY,STATIONARY,STATIONARY,STATIONARY
44132,1304,1,SITTING_STILL,0.09937028,0.00082771,0.00832954,0.00751385,0.00572238,0.00451190,0.00966600,0.01215661,0.01803894,0.01541504,0.04465498,RELIABLE,RELIABLE,RELIABLE,RELIABLE,RELIABLE,RELIABLE,RELIABLE,RELIABLE,STATIONARY,STATIONARY,STATIONARY,STATIONARY,STATIONARY,STATIONARY,STATIONARY,STATIONARY,STATIONARY
44172,1305,1,SITTING_STILL,0.09958244,0.00038356,0.00385168,0.00696535,0.00549837,0.00410153,0.01001469,0.01300036,0.01823957,0.01674497,0.04222349,RELIABLE,RELIABLE,RELIABLE,RELIABLE,RELIABLE,RELIABLE,RELIABLE,RELIABLE,STATIONARY,STATIONARY,STATIONARY,STATIONARY,STATIONARY,STATIONARY,STATIONARY,STATIONARY,STATIONARY
44204,1306,1,SITTING_STILL,0.09965208,0.00129459,0.01299107,0.00701975,0.00459264,0.00500068,0.00975092,0.01304798,0.01748417,0.01767573,0.04445588,RELIABLE,RELIABLE,RELIABLE,RELIABLE,RELIABLE,RELIABLE,RELIABLE,RELIABLE,STATIONARY,STATIONARY,STATIONARY,STATIONARY,STATIONARY,STATIONARY,STATIONARY,STATIONARY,STATIONARY
44235,1307,1,SITTING_STILL,0.09982243,0.00065403,0.00655198,0.00710469,0.00471136,0.00566681,0.01087084,0.01320683,0.01847841,0.01796891,0.04451989,RELIABLE,RELIABLE,RELIABLE,RELIABLE,RELIABLE,RELIABLE,RELIABLE,RELIABLE,STATIONARY,STATIONARY,STATIONARY,STATIONARY,STATIONARY,STATIONARY,STATIONARY,STATIONARY,STATIONARY
44267,1308,1,SITTING_STILL,0.10001806,0.00071607,0.00715942,0.00731513,0.00506133,0.00565268,0.01086611,0.01334407,0.01699013,0.01666488,0.04223024,RELIABLE,RELIABLE,RELIABLE,RELIABLE,RELIABLE,RELIABLE,RELIABLE,RELIABLE,STATIONARY,STATIONARY,STATIONARY,STATIONARY,STATIONARY,STATIONARY,STATIONARY,STATIONARY,STATIONARY
44298,1309,1,SITTING_STILL,0.09997317,0.00077370,0.00773912,0.00738855,0.00565863,0.00548260,0.00968280,0.01215691,0.01610289,0.01582242,0.04038631,RELIABLE,RELIABLE,RELIABLE,RELIABLE,RELIABLE,RELIABLE,RELIABLE,RELIABLE,STATIONARY,STATIONARY,STATIONARY,STATIONARY,STATIONARY,STATIONARY,STATIONARY,STATIONARY,STATIONARY
44330,1310,1,SITTING_STILL,0.09954347,0.00065959,0.00662610,0.00759420,0.00598151,0.00566901,0.00973418,0.01176231,0.01458112,0.01551016,0.03612217,RELIABLE,RELIABLE,RELIABLE,RELIABLE,RELIABLE,RELIABLE,RELIABLE,RELIABLE,STATIONARY,STATIONARY,STATIONARY,STATIONARY,STATIONARY,STATIONARY,STATIONARY,STATIONARY,STATIONARY
44362,1311,1,SITTING_STILL,0.09982698,0.00106028,0.01062118,0.00798376,0.00494313,0.00599968,0.01004332,0.01318622,0.01704382,0.01790623,0.03548814,RELIABLE,RELIABLE,RELIABLE,RELIABLE,RELIABLE,RELIABLE,RELIABLE,RELIABLE,STATIONARY,STATIONARY,STATIONARY,STATIONARY,STATIONARY,STATIONARY,STATIONARY,STATIONARY,STATIONARY
44393,1312,1,SITTING_STILL,0.09991185,0.00099824,0.00999119,0.00819147,0.00491169,0.00609936,0.01137319,0.01471486,0.01926065,0.01878453,0.03494572,RELIABLE,RELIABLE,RELIABLE,RELIABLE,RELIABLE,RELIABLE,RELIABLE,RELIABLE,STATIONARY,STATIONARY,STATIONARY,STATIONARY,STATIONARY,STATIONARY,STATIONARY,STATIONARY,STATIONARY
44424,1313,1,SITTING_STILL,0.10012731,0.00055786,0.00557150,0.00840645,0.00557433,0.00655819,0.01094443,0.01332686,0.02042789,0.01842244,0.03667772,RELIABLE,RELIABLE,RELIABLE,RELIABLE,RELIABLE,RELIABLE,RELIABLE,RELIABLE,STATIONARY,STATIONARY,STATIONARY,STATIONARY,STATIONARY,STATIONARY,STATIONARY,STATIONARY,STATIONARY
44456,1314,1,SITTING_STILL,0.10046681,0.00135174,0.01345464,0.00846439,0.00672395,0.00575391,0.01045529,0.01256006,0.02003379,0.01643488,0.03281919,RELIABLE,RELIABLE,RELIABLE,RELIABLE,RELIABLE,RELIABLE,RELIABLE,RELIABLE,STATIONARY,STATIONARY,STATIONARY,STATIONARY,STATIONARY,STATIONARY,STATIONARY,STATIONARY,STATIONARY
44500,1315,1,SITTING_STILL,0.10075379,0.00102638,0.01018699,0.00891877,0.00749036,0.00566956,0.01028645,0.01298007,0.02090559,0.01847802,0.03579556,RELIABLE,RELIABLE,RELIABLE,RELIABLE,RELIABLE,RELIABLE,RELIABLE,RELIABLE,STATIONARY,STATIONARY,STATIONARY,STATIONARY,STATIONARY,STATIONARY,STATIONARY,STATIONARY,STATIONARY
44533,1316,1,SITTING_STILL,0.10075163,0.00047598,0.00472431,0.00861438,0.00690755,0.00519973,0.01151226,0.01360390,0.02321247,0.01972439,0.03646306,RELIABLE,RELIABLE,RELIABLE,RELIABLE,RELIABLE,RELIABLE,RELIABLE,RELIABLE,STATIONARY,STATIONARY,STATIONARY,STATIONARY,STATIONARY,STATIONARY,STATIONARY,STATIONARY,STATIONARY
44565,1317,1,SITTING_STILL,0.10083537,0.00098760,0.00979420,0.00887126,0.00647114,0.00523119,0.01236810,0.01492142,0.02373540,0.02098975,0.03908812,RELIABLE,RELIABLE,RELIABLE,RELIABLE,RELIABLE,RELIABLE,RELIABLE,RELIABLE,STATIONARY,STATIONARY,STATIONARY,STATIONARY,STATIONARY,STATIONARY,STATIONARY,STATIONARY,STATIONARY
44597,1318,1,SITTING_STILL,0.10081792,0.00083541,0.00828636,0.00907880,0.00629087,0.00562367,0.01218023,0.01663879,0.02649279,0.02174072,0.04095030,RELIABLE,RELIABLE,RELIABLE,RELIABLE,RELIABLE,RELIABLE,RELIABLE,RELIABLE,STATIONARY,STATIONARY,STATIONARY,STATIONARY,STATIONARY,STATIONARY,STATIONARY,STATIONARY,STATIONARY
44628,1319,1,SITTING_STILL,0.10072656,0.00095397,0.00947087,0.00893501,0.00778085,0.00626558,0.01170153,0.01435219,0.02262813,0.01827798,0.03805136,RELIABLE,RELIABLE,RELIABLE,RELIABLE,RELIABLE,RELIABLE,RELIABLE,RELIABLE,STATIONARY,STATIONARY,STATIONARY,STATIONARY,STATIONARY,STATIONARY,STATIONARY,STATIONARY,STATIONARY
44660,1320,1,SITTING_STILL,0.10081127,0.00065802,0.00652729,0.00850202,0.00839582,0.00647030,0.01154852,0.01378406,0.02048426,0.01736419,0.03919920,RELIABLE,RELIABLE,RELIABLE,RELIABLE,RELIABLE,RELIABLE,RELIABLE,RELIABLE,STATIONARY,STATIONARY,STATIONARY,STATIONARY,STATIONARY,STATIONARY,STATIONARY,STATIONARY,STATIONARY
44692,1321,1,SITTING_STILL,0.10111105,0.00066612,0.00658797,0.00862908,0.00790113,0.00717026,0.01100528,0.01473643,0.01851987,0.01646178,0.03772051,RELIABLE,RELIABLE,RELIABLE,RELIABLE,RELIABLE,RELIABLE,RELIABLE,RELIABLE,STATIONARY,STATIONARY,STATIONARY,STATIONARY,STATIONARY,STATIONARY,STATIONARY,STATIONARY,STATIONARY
44724,1322,1,SITTING_STILL,0.10100103,0.00053307,0.00527791,0.00760699,0.00735715,0.00709337,0.01139499,0.01520970,0.01917157,0.01783799,0.03925812,RELIABLE,RELIABLE,RELIABLE,RELIABLE,RELIABLE,RELIABLE,RELIABLE,RELIABLE,STATIONARY,STATIONARY,STATIONARY,STATIONARY,STATIONARY,STATIONARY,STATIONARY,STATIONARY,STATIONARY
44757,1323,1,SITTING_STILL,0.10109115,0.00028484,0.00281762,0.00668582,0.00659728,0.00624419,0.01043914,0.01454131,0.01689051,0.01520874,0.03466658,RELIABLE,RELIABLE,RELIABLE,RELIABLE,RELIABLE,RELIABLE,RELIABLE,RELIABLE,STATIONARY,STATIONARY,STATIONARY,STATIONARY,STATIONARY,STATIONARY,STATIONARY,STATIONARY,STATIONARY
44788,1324,1,SITTING_STILL,0.10102574,0.00092019,0.00910849,0.00723384,0.00739570,0.00747431,0.00978641,0.01481331,0.01606083,0.01552234,0.03357379,RELIABLE,RELIABLE,RELIABLE,RELIABLE,RELIABLE,RELIABLE,RELIABLE,RELIABLE,STATIONARY,STATIONARY,STATIONARY,STATIONARY,STATIONARY,STATIONARY,STATIONARY,STATIONARY,STATIONARY
44820,1325,1,SITTING_STILL,0.10070375,0.00041649,0.00413584,0.00652654,0.00735082,0.00742918,0.00891156,0.01420301,0.01455440,0.01434869,0.03180218,RELIABLE,RELIABLE,RELIABLE,RELIABLE,RELIABLE,RELIABLE,RELIABLE,RELIABLE,STATIONARY,STATIONARY,STATIONARY,STATIONARY,STATIONARY,STATIONARY,STATIONARY,STATIONARY,STATIONARY
44852,1326,1,SITTING_STILL,0.10030783,0.00084913,0.00846524,0.00654890,0.00774590,0.00781449,0.00892858,0.01340536,0.01255781,0.01426639,0.02973900,RELIABLE,RELIABLE,RELIABLE,RELIABLE,RELIABLE,RELIABLE,RELIABLE,RELIABLE,STATIONARY,STATIONARY,STATIONARY,STATIONARY,STATIONARY,STATIONARY,STATIONARY,STATIONARY,STATIONARY
44900,1327,1,SITTING_STILL,0.09996107,0.00059423,0.00594465,0.00610813,0.00696497,0.00674612,0.00933345,0.01331184,0.01265142,0.01444919,0.03016434,RELIABLE,RELIABLE,RELIABLE,RELIABLE,RELIABLE,RELIABLE,RELIABLE,RELIABLE,STATIONARY,STATIONARY,STATIONARY,STATIONARY,STATIONARY,STATIONARY,STATIONARY,STATIONARY,STATIONARY
44932,1328,1,SITTING_STILL,0.09960588,0.00053678,0.00538902,0.00596584,0.00621218,0.00642562,0.00864714,0.01316520,0.01092049,0.01374427,0.02764534,RELIABLE,RELIABLE,RELIABLE,RELIABLE,RELIABLE,RELIABLE,RELIABLE,RELIABLE,STATIONARY,STATIONARY,STATIONARY,STATIONARY,STATIONARY,STATIONARY,STATIONARY,STATIONARY,STATIONARY
44964,1329,1,SITTING_STILL,0.09954446,0.00061461,0.00617424,0.00591413,0.00582864,0.00533107,0.00963501,0.01345809,0.01138195,0.01463222,0.03011684,RELIABLE,RELIABLE,RELIABLE,RELIABLE,RELIABLE,RELIABLE,RELIABLE,RELIABLE,STATIONARY,STATIONARY,STATIONARY,STATIONARY,STATIONARY,STATIONARY,STATIONARY,STATIONARY,STATIONARY
44996,1330,1,SITTING_STILL,0.09922374,0.00077601,0.00782085,0.00623199,0.00522135,0.00571256,0.01078368,0.01320588,0.01097380,0.01337143,0.02944777,RELIABLE,RELIABLE,RELIABLE,RELIABLE,RELIABLE,RELIABLE,RELIABLE,PARTIAL,STATIONARY,STATIONARY,STATIONARY,STATIONARY,STATIONARY,STATIONARY,STATIONARY,STATIONARY,STATIONARY
45028,1331,1,SITTING_STILL,0.09953010,0.00110139,0.01106592,0.00726303,0.00636334,0.00591149,0.01270504,0.01409874,0.01361503,0.01681238,0.03162600,RELIABLE,RELIABLE,RELIABLE,RELIABLE,RELIABLE,RELIABLE,RELIABLE,RELIABLE,STATIONARY,STATIONARY,STATIONARY,STATIONARY,STATIONARY,STATIONARY,STATIONARY,STATIONARY,STATIONARY
45069,1332,1,SITTING_STILL,0.09923929,0.00119757,0.01206755,0.00763291,0.00635354,0.00550027,0.01251375,0.01418987,0.01450368,0.01814822,0.03543214,RELIABLE,RELIABLE,RELIABLE,RELIABLE,RELIABLE,RELIABLE,RELIABLE,RELIABLE,STATIONARY,STATIONARY,STATIONARY,STATIONARY,STATIONARY,STATIONARY,STATIONARY,STATIONARY,STATIONARY
45101,1333,1,SITTING_STILL,0.09920093,0.00079345,0.00799839,0.00811573,0.00680039,0.00562031,0.01247879,0.01493341,0.01429480,0.01792284,0.03541052,RELIABLE,RELIABLE,RELIABLE,RELIABLE,RELIABLE,RELIABLE,RELIABLE,RELIABLE,STATIONARY,STATIONARY,STATIONARY,STATIONARY,STATIONARY,STATIONARY,STATIONARY,STATIONARY,STATIONARY
45133,1334,1,SITTING_STILL,0.09927227,0.00121902,0.01227959,0.00859253,0.00735778,0.00612610,0.01362175,0.01470827,0.01418907,0.01711227,0.03784180,RELIABLE,RELIABLE,RELIABLE,RELIABLE,RELIABLE,RELIABLE,RELIABLE,RELIABLE,STATIONARY,STATIONARY,STATIONARY,STATIONARY,STATIONARY,STATIONARY,STATIONARY,STATIONARY,STATIONARY
45165,1335,1,SITTING_STILL,0.09768231,0.00217667,0.02228317,0.01063484,0.01134559,0.00858340,0.01646381,0.02715331,0.04189486,0.07990821,,RELIABLE,RELIABLE,RELIABLE,RELIABLE,RELIABLE,RELIABLE,PARTIAL,UNRELIABLE,STATIONARY,STATIONARY,STATIONARY,STATIONARY,STATIONARY,STATIONARY,STATIONARY,UNCERTAIN,STATIONARY
45197,1336,1,SITTING_STILL,0.09143257,0.00265608,0.02904958,0.01359241,0.01384633,0.01223606,0.01858172,,0.06125309,0.11893041,,RELIABLE,RELIABLE,RELIABLE,RELIABLE,UNRELIABLE,RELIABLE,PARTIAL,UNRELIABLE,STATIONARY,STATIONARY,STATIONARY,STATIONARY,UNCERTAIN,STATIONARY,STATIONARY,UNCERTAIN,STATIONARY
45228,1337,1,SITTING_STILL,0.09125617,0.00145951,0.01599350,0.01481982,0.01640673,0.01520342,0.02022083,,0.08100695,0.15469268,,RELIABLE,RELIABLE,RELIABLE,RELIABLE,RELIABLE,RELIABLE,RELIABLE,RELIABLE,STATIONARY,STATIONARY,STATIONARY,STATIONARY,UNCERTAIN,MOVING,MOVING,UNCERTAIN,MOVING
45268,1338,1,SITTING_STILL,0.09386618,0.00149285,0.01590398,0.01583021,0.01847962,0.01755745,0.02159471,0.19170680,0.09778195,0.20138351,0.33160084,RELIABLE,RELIABLE,RELIABLE,RELIABLE,RELIABLE,RELIABLE,RELIABLE,PARTIAL,STATIONARY,STATIONARY,STATIONARY,STATIONARY,STATIONARY,MOVING,MOVING,STATIONARY,MOVING
45306,1339,1,SITTING_STILL,0.09621777,0.00115453,0.01199911,0.01594686,0.01804955,0.01811254,0.02025865,0.12832722,0.10020633,0.22554832,0.22235060,RELIABLE,RELIABLE,RELIABLE,RELIABLE,RELIABLE,RELIABLE,RELIABLE,RELIABLE,STATIONARY,STATIONARY,STATIONARY,STATIONARY,STATIONARY,MOVING,MOVING,STATIONARY,MOVING
45338,1340,1,SITTING_STILL,0.09823667,0.00049066,0.00499465,0.01506275,0.01786547,0.01826375,0.02034312,0.10357159,0.09926962,0.24151647,0.16436070,RELIABLE,RELIABLE,RELIABLE,RELIABLE,RELIABLE,RELIABLE,RELIABLE,RELIABLE,STATIONARY,STATIONARY,STATIONARY,STATIONARY,MOVING,MOVING,MOVING,MOVING,MOVING
45369,1341,1,SITTING_STILL,0.10020753,0.00097676,0.00974736,0.01528137,0.01795518,0.01821302,0.02175184,0.09575351,0.10274121,0.24887995,0.13398100,RELIABLE,RELIABLE,RELIABLE,RELIABLE,RELIABLE,RELIABLE,PARTIAL,RELIABLE,STATIONARY,STATIONARY,STATIONARY,STATIONARY,MOVING,MOVING,MOVING,MOVING,MOVING
45401,1342,1,SITTING_STILL,0.10188810,0.00090377,0.00887024,0.01485520,0.01760122,0.01789794,0.02093287,0.09338769,0.10420441,0.25209247,0.12067351,RELIABLE,RELIABLE,RELIABLE,RELIABLE,RELIABLE,RELIABLE,RELIABLE,RELIABLE,STATIONARY,STATIONARY,STATIONARY,STATIONARY,MOVING,MOVING,MOVING,MOVING,MOVING
45431,1343,1,SITTING_STILL,0.10285510,0.00084881,0.00825248,0.01310136,0.01330545,0.01554281,0.01803696,0.08466978,0.07899709,0.19239040,0.10642057,RELIABLE,RELIABLE,RELIABLE,RELIABLE,RELIABLE,RELIABLE,RELIABLE,RELIABLE,STATIONARY,STATIONARY,STATIONARY,STATIONARY,MOVING,MOVING,MOVING,MOVING,MOVING
45463,1344,1,SITTING_STILL,0.10401390,0.00127671,0.01227443,0.01100447,0.01199044,0.01420544,0.01594174,0.07687190,0.06087669,0.15478390,0.09404854,RELIABLE,RELIABLE,RELIABLE,RELIABLE,RELIABLE,RELIABLE,RELIABLE,RELIABLE,STATIONARY,STATIONARY,STATIONARY,STATIONARY,MOVING,MOVING,MOVING,MOVING,MOVING
45495,1345,1,SITTING_STILL,0.10496232,0.00048954,0.00466396,0.00958828,0.00991151,0.01143994,0.01340820,0.07109951,0.04187858,0.11897425,0.08816055,RELIABLE,RELIABLE,RELIABLE,RELIABLE,RELIABLE,RELIABLE,RELIABLE,PARTIAL,STATIONARY,STATIONARY,STATIONARY,STATIONARY,MOVING,MOVING,MOVING,MOVING,MOVING
45527,1346,1,SITTING_STILL,0.10524939,0.00037863,0.00359741,0.00804996,0.00837942,0.00853942,0.01074628,0.05074417,0.02566257,0.07461901,0.04965677,RELIABLE,RELIABLE,RELIABLE,RELIABLE,RELIABLE,RELIABLE,RELIABLE,PARTIAL,STATIONARY,STATIONARY,STATIONARY,STATIONARY,MOVING,MOVING,MOVING,MOVING,MOVING
45559,1347,1,SITTING_STILL,0.10479473,0.00102404,0.00977187,0.00777155,0.00781795,0.00892790,0.01263218,0.05421574,0.02629541,0.05355179,0.04274915,RELIABLE,RELIABLE,RELIABLE,RELIABLE,RELIABLE,RELIABLE,PARTIAL,RELIABLE,STATIONARY,STATIONARY,STATIONARY,STATIONARY,MOVING,MOVING,MOVING,MOVING,MOVING
45590,1348,1,SITTING_STILL,0.10499748,0.00157685,0.01501801,0.00902447,0.00849699,0.01059594,0.01285245,0.05274952,0.02598284,0.03528602,0.03978688,RELIABLE,RELIABLE,RELIABLE,RELIABLE,RELIABLE,RELIABLE,PARTIAL,RELIABLE,STATIONARY,STATIONARY,STATIONARY,STATIONARY,MOVING,MOVING,MOVING,MOVING,MOVING
45622,1349,1,SITTING_STILL,0.10500501,0.00055054,0.00524299,0.00846142,0.00763901,0.01042240,0.01249790,0.05052258,0.02394883,0.02768416,0.04200607,RELIABLE,RELIABLE,RELIABLE,RELIABLE,RELIABLE,RELIABLE,RELIABLE,PARTIAL,STATIONARY,STATIONARY,STATIONARY,STATIONARY,MOVING,MOVING,MOVING,MOVING,MOVING
45668,1350,1,SITTING_STILL,0.10455449,0.00060558,0.00579203,0.00807665,0.00700388,0.00948431,0.01264415,0.04419951,0.02318670,0.02552337,0.03700973,RELIABLE,RELIABLE,RELIABLE,RELIABLE,RELIABLE,RELIABLE,RELIABLE,PARTIAL,STATIONARY,STATIONARY,STATIONARY,STATIONARY,MOVING,MOVING,MOVING,MOVING,MOVING
45701,1351,1,SITTING_STILL,0.10401942,0.00105601,0.01015201,0.00831409,0.00736240,0.01055736,0.01218609,0.04215289,0.02071183,0.02337277,0.03499669,RELIABLE,RELIABLE,RELIABLE,RELIABLE,RELIABLE,RELIABLE,RELIABLE,PARTIAL,STATIONARY,STATIONARY,STATIONARY,STATIONARY,MOVING,MOVING,MOVING,MOVING,MOVING
56138,1664,1,STILL,0.12222382,0.00106428,0.00870766,0.01132504,0.01567312,0.01682538,0.00955132,0.01405097,0.00895027,0.01668494,0.01951670,RELIABLE,RELIABLE,RELIABLE,RELIABLE,RELIABLE,RELIABLE,RELIABLE,RELIABLE,STATIONARY,STATIONARY,STATIONARY,STATIONARY,STATIONARY,STATIONARY,STATIONARY,STATIONARY,STATIONARY
56176,1665,1,STILL,0.12244419,0.00075500,0.00616607,0.00991760,0.01186038,0.01276064,0.00971808,0.01157959,0.00907060,0.01764379,0.02087863,RELIABLE,RELIABLE,RELIABLE,RELIABLE,RELIABLE,RELIABLE,RELIABLE,RELIABLE,STATIONARY,STATIONARY,STATIONARY,STATIONARY,STATIONARY,STATIONARY,STATIONARY,STATIONARY,STATIONARY
56208,1666,1,STILL,0.12222781,0.00101270,0.00828534,0.00972972,0.01121753,0.01190284,0.00915616,0.01191264,0.00863678,0.01937170,0.02002278,RELIABLE,RELIABLE,RELIABLE,RELIABLE,RELIABLE,RELIABLE,RELIABLE,RELIABLE,STATIONARY,STATIONARY,STATIONARY,STATIONARY,STATIONARY,STATIONARY,STATIONARY,STATIONARY,STATIONARY
56240,1667,1,STILL,0.12191344,0.00087201,0.00715267,0.00881371,0.01026650,0.01008486,0.00867672,0.01183888,0.00816752,0.01977216,0.01992562,RELIABLE,RELIABLE,RELIABLE,RELIABLE,RELIABLE,RELIABLE,RELIABLE,RELIABLE,STATIONARY,STATIONARY,STATIONARY,STATIONARY,STATIONARY,STATIONARY,STATIONARY,STATIONARY,STATIONARY
56271,1668,1,STILL,0.12253109,0.00076792,0.00626711,0.00797661,0.00917546,0.00809557,0.00896491,0.01248527,0.00896394,0.02005929,0.02175734,RELIABLE,RELIABLE,RELIABLE,RELIABLE,RELIABLE,RELIABLE,RELIABLE,RELIABLE,STATIONARY,STATIONARY,STATIONARY,STATIONARY,STATIONARY,STATIONARY,STATIONARY,STATIONARY,STATIONARY
56308,1669,1,STILL,0.12320954,0.00144444,0.01172344,0.00767053,0.01132409,0.00896466,0.00955312,0.01168085,0.00967929,0.02062825,0.02082989,RELIABLE,RELIABLE,RELIABLE,RELIABLE,RELIABLE,RELIABLE,RELIABLE,RELIABLE,STATIONARY,STATIONARY,STATIONARY,STATIONARY,STATIONARY,STATIONARY,STATIONARY,STATIONARY,STATIONARY
56340,1670,1,STILL,0.12335077,0.00163897,0.01328705,0.00824243,0.01145983,0.01023174,0.01013481,0.01197829,0.01058825,0.01799695,0.01828086,RELIABLE,RELIABLE,RELIABLE,RELIABLE,RELIABLE,RELIABLE,RELIABLE,RELIABLE,STATIONARY,STATIONARY,STATIONARY,STATIONARY,STATIONARY,STATIONARY,STATIONARY,STATIONARY,STATIONARY
56381,1671,1,STILL,0.12259982,0.00184422,0.01504261,0.00957899,0.01357885,0.01272596,0.01064053,0.01293345,0.01171151,0.01610058,0.01962978,RELIABLE,RELIABLE,RELIABLE,RELIABLE,RELIABLE,RELIABLE,RELIABLE,RELIABLE,STATIONARY,STATIONARY,STATIONARY,STATIONARY,STATIONARY,STATIONARY,STATIONARY,STATIONARY,STATIONARY
56412,1672,1,STILL,0.12274177,0.00151764,0.01236446,0.01003609,0.01394684,0.01399412,0.01085614,0.01250984,0.01103422,0.01688832,0.01872614,RELIABLE,RELIABLE,RELIABLE,RELIABLE,RELIABLE,RELIABLE,RELIABLE,RELIABLE,STATIONARY,STATIONARY,STATIONARY,STATIONARY,STATIONARY,STATIONARY,STATIONARY,STATIONARY,STATIONARY
56452,1673,1,STILL,0.12286490,0.00190827,0.01553144,0.01120677,0.01742345,0.01795560,0.01057344,0.01339785,0.01132457,0.01498482,0.01720819,RELIABLE,RELIABLE,RELIABLE,RELIABLE,RELIABLE,RELIABLE,RELIABLE,RELIABLE,STATIONARY,STATIONARY,STATIONARY,STATIONARY,STATIONARY,STATIONARY,STATIONARY,STATIONARY,STATIONARY
56490,1674,1,STILL,0.12295581,0.00095413,0.00775998,0.01114109,0.01861985,0.01919988,0.01002256,0.01255546,0.01101229,0.01264176,0.01776022,RELIABLE,RELIABLE,RELIABLE,RELIABLE,RELIABLE,RELIABLE,RELIABLE,RELIABLE,STATIONARY,STATIONARY,STATIONARY,STATIONARY,STATIONARY,STATIONARY,STATIONARY,STATIONARY,STATIONARY
56522,1675,1,STILL,0.12265821,0.00099072,0.00807708,0.01125665,0.01912804,0.02046524,0.01019384,0.01513713,0.01176769,0.01173584,0.01795591,RELIABLE,RELIABLE,RELIABLE,RELIABLE,RELIABLE,RELIABLE,RELIABLE,RELIABLE,STATIONARY,STATIONARY,STATIONARY,STATIONARY,STATIONARY,STATIONARY,STATIONARY,STATIONARY,STATIONARY
56553,1676,1,STILL,0.12289970,0.00192642,0.01567471,0.01243260,0.02300302,0.02440355,0.01120597,0.01654763,0.01182272,0.01318311,0.01654005,RELIABLE,RELIABLE,RELIABLE,RELIABLE,RELIABLE,RELIABLE,RELIABLE,RELIABLE,STATIONARY,STATIONARY,STATIONARY,STATIONARY,STATIONARY,STATIONARY,STATIONARY,STATIONARY,STATIONARY
56583,1677,1,STILL,0.12305507,0.00251015,0.02039857,0.01351699,0.02567640,0.02740578,0.01143467,0.01938005,0.01212457,0.01297776,0.01723448,RELIABLE,RELIABLE,RELIABLE,RELIABLE,RELIABLE,RELIABLE,RELIABLE,RELIABLE,STATIONARY,STATIONARY,STATIONARY,STATIONARY,STATIONARY,STATIONARY,STATIONARY,STATIONARY,STATIONARY
56614,1678,1,STILL,0.12358006,0.00240011,0.01942148,0.01428379,0.03120907,0.03209479,0.01266549,0.02125332,0.01290229,0.01468274,0.02054071,RELIABLE,RELIABLE,RELIABLE,RELIABLE,RELIABLE,RELIABLE,RELIABLE,RELIABLE,STATIONARY,STATIONARY,STATIONARY,STATIONARY,STATIONARY,STATIONARY,STATIONARY,STATIONARY,STATIONARY
56646,1679,1,STILL,0.12406316,0.00302111,0.02435142,0.01544739,0.03660716,0.03653234,0.01441927,0.02417039,0.01349750,0.01666928,0.02014784,RELIABLE,RELIABLE,RELIABLE,RELIABLE,RELIABLE,RELIABLE,RELIABLE,RELIABLE,STATIONARY,STATIONARY,STATIONARY,STATIONARY,STATIONARY,STATIONARY,STATIONARY,STATIONARY,STATIONARY
56676,1680,1,STILL,0.12466245,0.00290375,0.02329287,0.01681344,0.04210935,0.04038314,0.01626874,0.02847646,0.01577745,0.01675692,0.02403773,RELIABLE,RELIABLE,RELIABLE,RELIABLE,RELIABLE,RELIABLE,RELIABLE,RELIABLE,STATIONARY,STATIONARY,STATIONARY,STATIONARY,STATIONARY,STATIONARY,STATIONARY,STATIONARY,STATIONARY
56708,1681,1,STILL,0.12493130,0.00386662,0.03094995,0.01874076,0.04789091,0.04596214,0.02091682,0.03380799,0.01759707,0.01656621,0.02142570,RELIABLE,RELIABLE,RELIABLE,RELIABLE,RELIABLE,RELIABLE,RELIABLE,RELIABLE,STATIONARY,STATIONARY,STATIONARY,STATIONARY,STATIONARY,STATIONARY,STATIONARY,STATIONARY,STATIONARY
56740,1682,1,STILL,0.12446762,0.00362882,0.02915474,0.02141510,0.05425245,0.05247112,0.02317526,0.03985127,0.02015313,0.01955018,0.02133483,RELIABLE,RELIABLE,RELIABLE,RELIABLE,RELIABLE,RELIABLE,RELIABLE,RELIABLE,STATIONARY,STATIONARY,STATIONARY,STATIONARY,STATIONARY,STATIONARY,STATIONARY,STATIONARY,STATIONARY
56772,1683,1,STILL,0.12336878,0.00239470,0.01941088,0.02283183,0.05843582,0.05616107,0.02485998,0.04138758,0.02121256,0.02117057,0.02284308,RELIABLE,RELIABLE,RELIABLE,RELIABLE,RELIABLE,RELIABLE,RELIABLE,RELIABLE,STATIONARY,STATIONARY,STATIONARY,STATIONARY,STATIONARY,STATIONARY,STATIONARY,STATIONARY,STATIONARY
56820,1684,1,STILL,0.12283057,0.00294907,0.02400922,0.02387364,0.05972123,0.05734670,0.02521138,0.04264012,0.02209588,0.01961314,0.02262082,RELIABLE,RELIABLE,RELIABLE,RELIABLE,RELIABLE,RELIABLE,RELIABLE,RELIABLE,STATIONARY,STATIONARY,STATIONARY,STATIONARY,STATIONARY,STATIONARY,STATIONARY,STATIONARY,STATIONARY
56852,1685,1,STILL,0.12193919,0.00201410,0.01651727,0.02338848,0.05844451,0.05637185,0.02511580,0.04405643,0.02311746,0.01990518,0.02287254,RELIABLE,RELIABLE,RELIABLE,RELIABLE,RELIABLE,RELIABLE,RELIABLE,RELIABLE,STATIONARY,STATIONARY,STATIONARY,STATIONARY,STATIONARY,STATIONARY,STATIONARY,STATIONARY,STATIONARY
56880,1686,1,STILL,0.12120637,0.00100705,0.00830857,0.02199936,0.05423186,0.05239806,0.02305121,0.04255998,0.02199804,0.01793932,0.02028732,RELIABLE,RELIABLE,RELIABLE,RELIABLE,RELIABLE,RELIABLE,RELIABLE,RELIABLE,STATIONARY,STATIONARY,STATIONARY,STATIONARY,STATIONARY,STATIONARY,STATIONARY,STATIONARY,STATIONARY
56912,1687,1,STILL,0.12083375,0.00117651,0.00973659,0.02017251,0.04844645,0.04797331,0.02212277,0.04280948,0.02160122,0.01670239,0.01878371,RELIABLE,RELIABLE,RELIABLE,RELIABLE,RELIABLE,RELIABLE,RELIABLE,RELIABLE,STATIONARY,STATIONARY,STATIONARY,STATIONARY,STATIONARY,STATIONARY,STATIONARY,STATIONARY,STATIONARY
56943,1688,1,STILL,0.12074183,0.00162381,0.01344857,0.01894197,0.04422691,0.04490807,0.02165399,0.04121193,0.02042402,0.01464789,0.01493445,RELIABLE,RELIABLE,RELIABLE,RELIABLE,RELIABLE,RELIABLE,RELIABLE,RELIABLE,STATIONARY,STATIONARY,STATIONARY,STATIONARY,STATIONARY,STATIONARY,STATIONARY,STATIONARY,STATIONARY
56974,1689,1,STILL,0.12064579,0.00164474,0.01363284,0.01677733,0.03793615,0.03849479,0.01781484,0.03731761,0.01968475,0.01556798,0.01605585,RELIABLE,RELIABLE,RELIABLE,RELIABLE,RELIABLE,RELIABLE,RELIABLE,RELIABLE,STATIONARY,STATIONARY,STATIONARY,STATIONARY,STATIONARY,STATIONARY,STATIONARY,STATIONARY,STATIONARY
57006,1690,1,STILL,0.12078080,0.00162313,0.01343865,0.01481282,0.03303133,0.03316110,0.01726958,0.03294010,0.01869883,0.01423992,0.01573287,RELIABLE,RELIABLE,RELIABLE,RELIABLE,RELIABLE,RELIABLE,RELIABLE,RELIABLE,STATIONARY,STATIONARY,STATIONARY,STATIONARY,STATIONARY,STATIONARY,STATIONARY,STATIONARY,STATIONARY
57037,1691,1,STILL,0.12091967,0.00150603,0.01245481,0.01394331,0.03014028,0.03044581,0.01653392,0.03007408,0.01814508,0.01403268,0.01458805,RELIABLE,RELIABLE,RELIABLE,RELIABLE,RELIABLE,RELIABLE,RELIABLE,RELIABLE,STATIONARY,STATIONARY,STATIONARY,STATIONARY,STATIONARY,STATIONARY,STATIONARY,STATIONARY,STATIONARY
57068,1692,1,STILL,0.12078096,0.00150897,0.01249348,0.01250385,0.02685794,0.02748247,0.01569772,0.02833700,0.01771202,0.01418446,0.01501478,RELIABLE,RELIABLE,RELIABLE,RELIABLE,RELIABLE,RELIABLE,RELIABLE,RELIABLE,STATIONARY,STATIONARY,STATIONARY,STATIONARY,STATIONARY,STATIONARY,STATIONARY,STATIONARY,STATIONARY
57108,1693,1,STILL,0.11990733,0.00186096,0.01552002,0.01237919,0.02651621,0.02686264,0.01570532,0.02603369,0.01641448,0.01403279,0.01321606,RELIABLE,RELIABLE,RELIABLE,RELIABLE,RELIABLE,RELIABLE,RELIABLE,RELIABLE,STATIONARY,STATIONARY,STATIONARY,STATIONARY,STATIONARY,STATIONARY,STATIONARY,STATIONARY,STATIONARY
57147,1694,1,STILL,0.11895565,0.00155466,0.01306923,0.01297427,0.02814335,0.02821200,0.01644906,0.02597848,0.01723609,0.01461934,0.01409397,RELIABLE,RELIABLE,RELIABLE,RELIABLE,RELIABLE,RELIABLE,RELIABLE,RELIABLE,STATIONARY,STATIONARY,STATIONARY,STATIONARY,STATIONARY,STATIONARY,STATIONARY,STATIONARY,STATIONARY
57178,1695,1,STILL,0.11795640,0.00100899,0.00855388,0.01282644,0.02855057,0.02831531,0.01600894,0.02423716,0.01749102,0.01494870,0.01493859,RELIABLE,RELIABLE,RELIABLE,RELIABLE,RELIABLE,RELIABLE,RELIABLE,RELIABLE,STATIONARY,STATIONARY,STATIONARY,STATIONARY,STATIONARY,STATIONARY,STATIONARY,STATIONARY,STATIONARY
57220,1696,1,STILL,0.11704756,0.00146420,0.01250943,0.01270904,0.02787597,0.02707363,0.01606761,0.02317147,0.01702339,0.01467365,0.01494977,RELIABLE,RELIABLE,RELIABLE,RELIABLE,RELIABLE,RELIABLE,RELIABLE,RELIABLE,STATIONARY,STATIONARY,STATIONARY,STATIONARY,STATIONARY,STATIONARY,STATIONARY,STATIONARY,STATIONARY
57256,1697,1,STILL,0.11599262,0.00185002,0.01594945,0.01299862,0.02840609,0.02770487,0.01500252,0.02344294,0.01761775,0.01597800,0.01563770,RELIABLE,RELIABLE,RELIABLE,RELIABLE,RELIABLE,RELIABLE,RELIABLE,RELIABLE,STATIONARY,STATIONARY,STATIONARY,STATIONARY,STATIONARY,STATIONARY,STATIONARY,STATIONARY,STATIONARY
57288,1698,1,STILL,0.11516496,0.00092501,0.00803204,0.01232279,0.02697720,0.02644534,0.01316528,0.02264475,0.01689760,0.01547456,0.01533981,RELIABLE,RELIABLE,RELIABLE,RELIABLE,RELIABLE,RELIABLE,RELIABLE,RELIABLE,STATIONARY,STATIONARY,STATIONARY,STATIONARY,STATIONARY,STATIONARY,STATIONARY,STATIONARY,STATIONARY
57319,1699,1,STILL,0.11483928,0.00073361,0.00638813,0.01156446,0.02419584,0.02370576,0.01289011,0.02119971,0.01613541,0.01561210,0.01543607,RELIABLE,RELIABLE,RELIABLE,RELIABLE,RELIABLE,RELIABLE,RELIABLE,RELIABLE,STATIONARY,STATIONARY,STATIONARY,STATIONARY,STATIONARY,STATIONARY,STATIONARY,STATIONARY,STATIONARY
57350,1700,1,STILL,0.11518141,0.00063326,0.00549795,0.01069002,0.02111435,0.02097886,0.01461843,0.02075062,0.01569486,0.01501680,0.01446112,RELIABLE,RELIABLE,RELIABLE,RELIABLE,RELIABLE,RELIABLE,RELIABLE,RELIABLE,STATIONARY,STATIONARY,STATIONARY,STATIONARY,STATIONARY,STATIONARY,STATIONARY,STATIONARY,STATIONARY
57382,1701,1,STILL,0.11551171,0.00084974,0.00735629,0.00966955,0.01885159,0.01867542,0.01508637,0.01935399,0.01638539,0.01586083,0.01521376,RELIABLE,RELIABLE,RELIABLE,RELIABLE,RELIABLE,RELIABLE,RELIABLE,RELIABLE,STATIONARY,STATIONARY,STATIONARY,STATIONARY,STATIONARY,STATIONARY,STATIONARY,STATIONARY,STATIONARY
57414,1702,1,STILL,0.11581501,0.00098384,0.00849488,0.00909776,0.01620728,0.01630346,0.01571594,0.01933648,0.01594159,0.01594470,0.01612142,RELIABLE,RELIABLE,RELIABLE,RELIABLE,RELIABLE,RELIABLE,RELIABLE,RELIABLE,STATIONARY,STATIONARY,STATIONARY,STATIONARY,STATIONARY,STATIONARY,STATIONARY,STATIONARY,STATIONARY
57446,1703,1,STILL,0.11588815,0.00071207,0.00614447,0.00879658,0.01433804,0.01431524,0.01594153,0.01744394,0.01596036,0.01794914,0.01637582,RELIABLE,RELIABLE,RELIABLE,RELIABLE,RELIABLE,RELIABLE,RELIABLE,RELIABLE,STATIONARY,STATIONARY,STATIONARY,STATIONARY,STATIONARY,STATIONARY,STATIONARY,STATIONARY,STATIONARY
57478,1704,1,STILL,0.11570710,0.00140026,0.01210174,0.00874562,0.01430234,0.01429506,0.01510416,0.01606538,0.01604570,0.01867405,0.01893649,RELIABLE,RELIABLE,RELIABLE,RELIABLE,RELIABLE,RELIABLE,RELIABLE,RELIABLE,STATIONARY,STATIONARY,STATIONARY,STATIONARY,STATIONARY,STATIONARY,STATIONARY,STATIONARY,STATIONARY
57510,1705,1,STILL,0.11553075,0.00076376,0.00661087,0.00757830,0.01185911,0.01169153,0.01594760,0.01583134,0.01519397,0.01773988,0.01975127,RELIABLE,RELIABLE,RELIABLE,RELIABLE,RELIABLE,RELIABLE,RELIABLE,RELIABLE,STATIONARY,STATIONARY,STATIONARY,STATIONARY,STATIONARY,STATIONARY,STATIONARY,STATIONARY,STATIONARY
57541,1706,1,STILL,0.11504599,0.00191264,0.01662503,0.00865242,0.01300047,0.01203622,0.01690019,0.01630783,0.01480510,0.01709336,0.02058927,RELIABLE,RELIABLE,RELIABLE,RELIABLE,RELIABLE,RELIABLE,RELIABLE,RELIABLE,STATIONARY,STATIONARY,STATIONARY,STATIONARY,STATIONARY,STATIONARY,STATIONARY,STATIONARY,STATIONARY
57588,1707,1,STILL,0.11466906,0.00094559,0.00824623,0.00888468,0.01305026,0.01227909,0.01596956,0.01757741,0.01521706,0.01656644,0.02099816,RELIABLE,RELIABLE,RELIABLE,RELIABLE,RELIABLE,RELIABLE,RELIABLE,RELIABLE,STATIONARY,STATIONARY,STATIONARY,STATIONARY,STATIONARY,STATIONARY,STATIONARY,STATIONARY,STATIONARY
57621,1708,1,STILL,0.11451516,0.00088780,0.00775272,0.00916653,0.01398561,0.01268540,0.01409160,0.01726971,0.01569031,0.01765760,0.02341701,RELIABLE,RELIABLE,RELIABLE,RELIABLE,RELIABLE,RELIABLE,RELIABLE,RELIABLE,STATIONARY,STATIONARY,STATIONARY,STATIONARY,STATIONARY,STATIONARY,STATIONARY,STATIONARY,STATIONARY
57651,1709,1,STILL,0.11445695,0.00044390,0.00387833,0.00873178,0.01256213,0.01130745,0.01253713,0.01692057,0.01446196,0.01666173,0.02382763,RELIABLE,RELIABLE,RELIABLE,RELIABLE,RELIABLE,RELIABLE,RELIABLE,RELIABLE,STATIONARY,STATIONARY,STATIONARY,STATIONARY,STATIONARY,STATIONARY,STATIONARY,STATIONARY,STATIONARY
57683,1710,1,STILL,0.11396439,0.00104891,0.00920386,0.00882040,0.01142207,0.01113645,0.01105284,0.01640111,0.01452500,0.01660510,0.02201697,RELIABLE,RELIABLE,RELIABLE,RELIABLE,RELIABLE,RELIABLE,RELIABLE,RELIABLE,STATIONARY,STATIONARY,STATIONARY,STATIONARY,STATIONARY,STATIONARY,STATIONARY,STATIONARY,STATIONARY
57715,1711,1,STILL,0.11361954,0.00085959,0.00756547,0.00899803,0.01134126,0.01113573,0.01057226,0.01771436,0.01376257,0.01456084,0.02093231,RELIABLE,RELIABLE,RELIABLE,RELIABLE,RELIABLE,RELIABLE,RELIABLE,RELIABLE,STATIONARY,STATIONARY,STATIONARY,STATIONARY,STATIONARY,STATIONARY,STATIONARY,STATIONARY,STATIONARY
57747,1712,1,STILL,0.11358981,0.00041774,0.00367763,0.00794502,0.00883095,0.00927800,0.00915845,0.01856642,0.01301741,0.01385510,0.01806764,RELIABLE,RELIABLE,RELIABLE,RELIABLE,RELIABLE,RELIABLE,RELIABLE,RELIABLE,STATIONARY,STATIONARY,STATIONARY,STATIONARY,STATIONARY,STATIONARY,STATIONARY,STATIONARY,STATIONARY
57778,1713,1,STILL,0.11322926,0.00051786,0.00457359,0.00769036,0.00758661,0.00797523,0.00826593,0.01747321,0.01139471,0.01361210,0.01658081,RELIABLE,RELIABLE,RELIABLE,RELIABLE,RELIABLE,RELIABLE,RELIABLE,RELIABLE,STATIONARY,STATIONARY,STATIONARY,STATIONARY,STATIONARY,STATIONARY,STATIONARY,STATIONARY,STATIONARY
57810,1714,1,STILL,0.11299485,0.00092608,0.00819577,0.00663670,0.00569174,0.00722558,0.00780965,0.01739400,0.01091019,0.01362800,0.01660324,RELIABLE,RELIABLE,RELIABLE,RELIABLE,RELIABLE,RELIABLE,RELIABLE,RELIABLE,STATIONARY,STATIONARY,STATIONARY,STATIONARY,STATIONARY,STATIONARY,STATIONARY,STATIONARY,STATIONARY
57841,1715,1,STILL,0.11307005,0.00109595,0.00969266,0.00681750,0.00717128,0.00798650,0.00796563,0.01612407,0.01041607,0.01441997,0.01761999,RELIABLE,RELIABLE,RELIABLE,RELIABLE,RELIABLE,RELIABLE,RELIABLE,RELIABLE,STATIONARY,STATIONARY,STATIONARY,STATIONARY,STATIONARY,STATIONARY,STATIONARY,STATIONARY,STATIONARY
57872,1716,1,STILL,0.11267112,0.00092951,0.00824977,0.00687964,0.00744842,0.00854837,0.00778359,0.01509004,0.00923839,0.01355555,0.01529122,RELIABLE,RELIABLE,RELIABLE,RELIABLE,RELIABLE,RELIABLE,RELIABLE,RELIABLE,STATIONARY,STATIONARY,STATIONARY,STATIONARY,STATIONARY,STATIONARY,STATIONARY,STATIONARY,STATIONARY
57908,1717,1,STILL,0.11260168,0.00068539,0.00608682,0.00715570,0.00767342,0.00909513,0.00757787,0.01519821,0.00972978,0.01451700,0.01504217,RELIABLE,RELIABLE,RELIABLE,RELIABLE,RELIABLE,RELIABLE,RELIABLE,RELIABLE,STATIONARY,STATIONARY,STATIONARY,STATIONARY,STATIONARY,STATIONARY,STATIONARY,STATIONARY,STATIONARY
57940,1718,1,STILL,0.11242304,0.00080517,0.00716201,0.00690047,0.00862882,0.00937798,0.00941325,0.01482348,0.00913672,0.01572551,0.01466766,RELIABLE,RELIABLE,RELIABLE,RELIABLE,RELIABLE,RELIABLE,RELIABLE,RELIABLE,STATIONARY,STATIONARY,STATIONARY,STATIONARY,STATIONARY,STATIONARY,STATIONARY,STATIONARY,STATIONARY
57988,1719,1,STILL,0.11283276,0.00068217,0.00604587,0.00671052,0.00889564,0.00982238,0.00923478,0.01353196,0.00890992,0.01595856,0.01568069,RELIABLE,RELIABLE,RELIABLE,RELIABLE,RELIABLE,RELIABLE,RELIABLE,RELIABLE,STATIONARY,STATIONARY,STATIONARY,STATIONARY,STATIONARY,STATIONARY,STATIONARY,STATIONARY,STATIONARY
58028,1720,1,STILL,0.11278723,0.00095220,0.00844247,0.00730612,0.00931590,0.01071311,0.01081148,0.01220572,0.00875888,0.01513625,0.01565333,RELIABLE,RELIABLE,RELIABLE,RELIABLE,RELIABLE,RELIABLE,RELIABLE,RELIABLE,STATIONARY,STATIONARY,STATIONARY,STATIONARY,STATIONARY,STATIONARY,STATIONARY,STATIONARY,STATIONARY
58059,1721,1,STILL,0.11264074,0.00047610,0.00422673,0.00726276,0.00904350,0.01105157,0.01084260,0.01042818,0.00831902,0.01344167,0.01446064,RELIABLE,RELIABLE,RELIABLE,RELIABLE,RELIABLE,RELIABLE,RELIABLE,RELIABLE,STATIONARY,STATIONARY,STATIONARY,STATIONARY,STATIONARY,STATIONARY,STATIONARY,STATIONARY,STATIONARY
58091,1722,1,STILL,0.11265792,0.00118213,0.01049311,0.00754993,0.00802498,0.01001553,0.01035553,0.00887357,0.00938370,0.01461613,0.01413771,RELIABLE,RELIABLE,RELIABLE,RELIABLE,RELIABLE,RELIABLE,RELIABLE,RELIABLE,STATIONARY,STATIONARY,STATIONARY,STATIONARY,STATIONARY,STATIONARY,STATIONARY,STATIONARY,STATIONARY
58122,1723,1,STILL,0.11279444,0.00053051,0.00470337,0.00692627,0.00687620,0.00907700,0.00992195,0.00899239,0.00875697,0.01257274,0.01313678,RELIABLE,RELIABLE,RELIABLE,RELIABLE,RELIABLE,RELIABLE,RELIABLE,RELIABLE,STATIONARY,STATIONARY,STATIONARY,STATIONARY,STATIONARY,STATIONARY,STATIONARY,STATIONARY,STATIONARY
58154,1724,1,STILL,0.11274936,0.00059673,0.00529249,0.00655661,0.00609683,0.00859758,0.01006840,0.00963683,0.00949591,0.01323438,0.01435951,RELIABLE,RELIABLE,RELIABLE,RELIABLE,RELIABLE,RELIABLE,RELIABLE,RELIABLE,STATIONARY,STATIONARY,STATIONARY,STATIONARY,STATIONARY,STATIONARY,STATIONARY,STATIONARY,STATIONARY
58185,1725,1,STILL,0.11233311,0.00069651,0.00620041,0.00657081,0.00607909,0.00872237,0.01052642,0.00965185,0.00971872,0.01281220,0.01420448,RELIABLE,RELIABLE,RELIABLE,RELIABLE,RELIABLE,RELIABLE,RELIABLE,RELIABLE,STATIONARY,STATIONARY,STATIONARY,STATIONARY,STATIONARY,STATIONARY,STATIONARY,STATIONARY,STATIONARY
58216,1726,1,STILL,0.11238267,0.00098750,0.00878694,0.00677392,0.00613326,0.00786999,0.00854805,0.00920988,0.00932430,0.01166863,0.01417532,RELIABLE,RELIABLE,RELIABLE,RELIABLE,RELIABLE,RELIABLE,RELIABLE,RELIABLE,STATIONARY,STATIONARY,STATIONARY,STATIONARY,STATIONARY,STATIONARY,STATIONARY,STATIONARY,STATIONARY
58247,1727,1,STILL,0.11238110,0.00077873,0.00692941,0.00688437,0.00631108,0.00782122,0.00852806,0.00856555,0.00945611,0.01280339,0.01365003,RELIABLE,RELIABLE,RELIABLE,RELIABLE,RELIABLE,RELIABLE,RELIABLE,RELIABLE,STATIONARY,STATIONARY,STATIONARY,STATIONARY,STATIONARY,STATIONARY,STATIONARY,STATIONARY,STATIONARY
58278,1728,1,STILL,0.11268380,0.00104443,0.00926870,0.00698764,0.00717703,0.00741643,0.00804743,0.00882636,0.00956644,0.01295550,0.01367390,RELIABLE,RELIABLE,RELIABLE,RELIABLE,RELIABLE,RELIABLE,RELIABLE,RELIABLE,STATIONARY,STATIONARY,STATIONARY,STATIONARY,STATIONARY,STATIONARY,STATIONARY,STATIONARY,STATIONARY
58309,1729,1,STILL,0.11310699,0.00081196,0.00717873,0.00735664,0.00792585,0.00742792,0.00789001,0.00933157,0.00975388,0.01400293,0.01545630,RELIABLE,RELIABLE,RELIABLE,RELIABLE,RELIABLE,RELIABLE,RELIABLE,RELIABLE,STATIONARY,STATIONARY,STATIONARY,STATIONARY,STATIONARY,STATIONARY,STATIONARY,STATIONARY,STATIONARY
58356,1730,1,STILL,0.11321669,0.00093692,0.00827546,0.00707944,0.00802185,0.00732500,0.00850794,0.00973842,0.00952801,0.01329520,0.01487188,RELIABLE,RELIABLE,RELIABLE,RELIABLE,RELIABLE,RELIABLE,RELIABLE,RELIABLE,STATIONARY,STATIONARY,STATIONARY,STATIONARY,STATIONARY,STATIONARY,STATIONARY,STATIONARY,STATIONARY
58389,1731,1,STILL,0.11278292,0.00085221,0.00755623,0.00743605,0.00894362,0.00775740,0.00879256,0.00982542,0.01017590,0.01435423,0.01458518,RELIABLE,RELIABLE,RELIABLE,RELIABLE,RELIABLE,RELIABLE,RELIABLE,RELIABLE,STATIONARY,STATIONARY,STATIONARY,STATIONARY,STATIONARY,STATIONARY,STATIONARY,STATIONARY,STATIONARY
58418,1732,1,STILL,0.11232211,0.00042611,0.00379362,0.00724869,0.00889135,0.00705135,0.00784357,0.00869138,0.00917447,0.01357989,0.01349669,RELIABLE,RELIABLE,RELIABLE,RELIABLE,RELIABLE,RELIABLE,RELIABLE,RELIABLE,STATIONARY,STATIONARY,STATIONARY,STATIONARY,STATIONARY,STATIONARY,STATIONARY,STATIONARY,STATIONARY
58449,1733,1,STILL,0.11259087,0.00109236,0.00970201,0.00768639,0.00918145,0.00629897,0.00874810,0.00810189,0.00908079,0.01468812,0.01364190,RELIABLE,RELIABLE,RELIABLE,RELIABLE,RELIABLE,RELIABLE,RELIABLE,RELIABLE,STATIONARY,STATIONARY,STATIONARY,STATIONARY,STATIONARY,STATIONARY,STATIONARY,STATIONARY,STATIONARY
58480,1734,1,STILL,0.11254434,0.00045418,0.00403557,0.00709247,0.00854527,0.00585817,0.00907427,0.00802272,0.00913504,0.01382868,0.01403074,RELIABLE,RELIABLE,RELIABLE,RELIABLE,RELIABLE,RELIABLE,RELIABLE,RELIABLE,STATIONARY,STATIONARY,STATIONARY,STATIONARY,STATIONARY,STATIONARY,STATIONARY,STATIONARY,STATIONARY
58512,1735,1,STILL,0.11201893,0.00094277,0.00841621,0.00727832,0.00883310,0.00591145,0.00908709,0.00829180,0.00888974,0.01311626,0.01294111,RELIABLE,RELIABLE,RELIABLE,RELIABLE,RELIABLE,RELIABLE,RELIABLE,RELIABLE,STATIONARY,STATIONARY,STATIONARY,STATIONARY,STATIONARY,STATIONARY,STATIONARY,STATIONARY,STATIONARY
58543,1736,1,STILL,0.11212990,0.00088073,0.00785454,0.00710155,0.00819172,0.00578921,0.00804810,0.00881233,0.00899091,0.01384545,0.01375360,RELIABLE,RELIABLE,RELIABLE,RELIABLE,RELIABLE,RELIABLE,RELIABLE,RELIABLE,STATIONARY,STATIONARY,STATIONARY,STATIONARY,STATIONARY,STATIONARY,STATIONARY,STATIONARY,STATIONARY
58574,1737,1,STILL,0.11235301,0.00028407,0.00252835,0.00652025,0.00759603,0.00568060,0.00822668,0.00870207,0.00940813,0.01291719,0.01414290,RELIABLE,RELIABLE,RELIABLE,RELIABLE,RELIABLE,RELIABLE,RELIABLE,RELIABLE,STATIONARY,STATIONARY,STATIONARY,STATIONARY,STATIONARY,STATIONARY,STATIONARY,STATIONARY,STATIONARY
58606,1738,1,STILL,0.11234752,0.00073665,0.00655689,0.00630543,0.00842779,0.00590325,0.00758774,0.00853809,0.00818568,0.01255973,0.01393057,RELIABLE,RELIABLE,RELIABLE,RELIABLE,RELIABLE,RELIABLE,RELIABLE,RELIABLE,STATIONARY,STATIONARY,STATIONARY,STATIONARY,STATIONARY,STATIONARY,STATIONARY,STATIONARY,STATIONARY
58638,1739,1,STILL,0.11237138,0.00064241,0.00571687,0.00607551,0.00743079,0.00532268,0.00754671,0.00784634,0.00768111,0.01258883,0.01325154,RELIABLE,RELIABLE,RELIABLE,RELIABLE,RELIABLE,RELIABLE,RELIABLE,RELIABLE,STATIONARY,STATIONARY,STATIONARY,STATIONARY,STATIONARY,STATIONARY,STATIONARY,STATIONARY,STATIONARY
58669,1740,1,STILL,0.11248852,0.00112940,0.01004018,0.00685633,0.00828997,0.00606442,0.00869311,0.00793266,0.00826418,0.01262470,0.01550995,RELIABLE,RELIABLE,RELIABLE,RELIABLE,RELIABLE,RELIABLE,RELIABLE,RELIABLE,STATIONARY,STATIONARY,STATIONARY,STATIONARY,STATIONARY,STATIONARY,STATIONARY,STATIONARY,STATIONARY
58708,1741,1,STILL,0.11267733,0.00081552,0.00723763,0.00654828,0.00815854,0.00600929,0.00787850,0.00771856,0.00717293,0.01067998,0.01481427,RELIABLE,RELIABLE,RELIABLE,RELIABLE,RELIABLE,RELIABLE,RELIABLE,RELIABLE,STATIONARY,STATIONARY,STATIONARY,STATIONARY,STATIONARY,STATIONARY,STATIONARY,STATIONARY,STATIONARY
58756,1742,1,STILL,0.11302453,0.00055772,0.00493451,0.00666065,0.00884438,0.00627732,0.00769910,0.00769015,0.00689877,0.01124561,0.01354594,RELIABLE,RELIABLE,RELIABLE,RELIABLE,RELIABLE,RELIABLE,RELIABLE,RELIABLE,STATIONARY,STATIONARY,STATIONARY,STATIONARY,STATIONARY,STATIONARY,STATIONARY,STATIONARY,STATIONARY
58797,1743,1,STILL,0.11314093,0.00034572,0.00305566,0.00599058,0.00801700,0.00538104,0.00699859,0.00705302,0.00674899,0.01021662,0.01287259,RELIABLE,RELIABLE,RELIABLE,RELIABLE,RELIABLE,RELIABLE,RELIABLE,RELIABLE,STATIONARY,STATIONARY,STATIONARY,STATIONARY,STATIONARY,STATIONARY,STATIONARY,STATIONARY,STATIONARY
58829,1744,1,STILL,0.11317168,0.00017286,0.00152741,0.00519969,0.00721660,0.00456899,0.00674522,0.00572032,0.00607351,0.00944899,0.01127964,RELIABLE,RELIABLE,RELIABLE,RELIABLE,RELIABLE,RELIABLE,RELIABLE,RELIABLE,STATIONARY,STATIONARY,STATIONARY,STATIONARY,STATIONARY,STATIONARY,STATIONARY,STATIONARY,STATIONARY
58860,1745,1,STILL,0.11303953,0.00035838,0.00317041,0.00527994,0.00702081,0.00403817,0.00662451,0.00577498,0.00632061,0.01078620,0.00966572,RELIABLE,RELIABLE,RELIABLE,RELIABLE,RELIABLE,RELIABLE,RELIABLE,RELIABLE,STATIONARY,STATIONARY,STATIONARY,STATIONARY,STATIONARY,STATIONARY,STATIONARY,STATIONARY,STATIONARY
58891,1746,1,STILL,0.11315973,0.00119521,0.01056215,0.00578060,0.00787199,0.00397597,0.00765651,0.00560536,0.00773885,0.01151368,0.01036527,RELIABLE,RELIABLE,RELIABLE,RELIABLE,RELIABLE,RELIABLE,RELIABLE,RELIABLE,STATIONARY,STATIONARY,STATIONARY,STATIONARY,STATIONARY,STATIONARY,STATIONARY,STATIONARY,STATIONARY
58922,1747,1,STILL,0.11312706,0.00055041,0.00486544,0.00567417,0.00812135,0.00395833,0.00708909,0.00600116,0.00831316,0.01226339,0.01216248,RELIABLE,RELIABLE,RELIABLE,RELIABLE,RELIABLE,RELIABLE,RELIABLE,RELIABLE,STATIONARY,STATIONARY,STATIONARY,STATIONARY,STATIONARY,STATIONARY,STATIONARY,STATIONARY,STATIONARY
58954,1748,1,STILL,0.11337024,0.00110529,0.00974935,0.00563782,0.00816712,0.00342902,0.00606778,0.00610686,0.00816948,0.01280938,0.01140067,RELIABLE,RELIABLE,RELIABLE,RELIABLE,RELIABLE,RELIABLE,RELIABLE,RELIABLE,STATIONARY,STATIONARY,STATIONARY,STATIONARY,STATIONARY,STATIONARY,STATIONARY,STATIONARY,STATIONARY
58986,1749,1,STILL,0.11321000,0.00115776,0.01022667,0.00601145,0.00920306,0.00439430,0.00581189,0.00631667,0.00864362,0.01413910,0.01305798,RELIABLE,RELIABLE,RELIABLE,RELIABLE,RELIABLE,RELIABLE,RELIABLE,RELIABLE,STATIONARY,STATIONARY,STATIONARY,STATIONARY,STATIONARY,STATIONARY,STATIONARY,STATIONARY,STATIONARY
59017,1750,1,STILL,0.11315147,0.00059856,0.00528994,0.00605588,0.00890530,0.00431393,0.00588909,0.00608110,0.00871532,0.01413522,0.01430835,RELIABLE,RELIABLE,RELIABLE,RELIABLE,RELIABLE,RELIABLE,RELIABLE,RELIABLE,STATIONARY,STATIONARY,STATIONARY,STATIONARY,STATIONARY,STATIONARY,STATIONARY,STATIONARY,STATIONARY
59047,1751,1,STILL,0.11330697,0.00035522,0.00313504,0.00606580,0.00845959,0.00450529,0.00629296,0.00630116,0.00858389,0.01349127,0.01445319,RELIABLE,RELIABLE,RELIABLE,RELIABLE,RELIABLE,RELIABLE,RELIABLE,RELIABLE,STATIONARY,STATIONARY,STATIONARY,STATIONARY,STATIONARY,STATIONARY,STATIONARY,STATIONARY,STATIONARY
59079,1752,1,STILL,0.11357273,0.00046273,0.00407429,0.00638416,0.00924860,0.00444271,0.00654488,0.00697805,0.00923955,0.01444819,0.01501871,RELIABLE,RELIABLE,RELIABLE,RELIABLE,RELIABLE,RELIABLE,RELIABLE,RELIABLE,STATIONARY,STATIONARY,STATIONARY,STATIONARY,STATIONARY,STATIONARY,STATIONARY,STATIONARY,STATIONARY
59110,1753,1,STILL,0.11369668,0.00065512,0.00576203,0.00670811,0.00986632,0.00499857,0.00616634,0.00689067,0.00900347,0.01441992,0.01534080,RELIABLE,RELIABLE,RELIABLE,RELIABLE,RELIABLE,RELIABLE,RELIABLE,RELIABLE,STATIONARY,STATIONARY,STATIONARY,STATIONARY,STATIONARY,STATIONARY,STATIONARY,STATIONARY,STATIONARY
59156,1754,1,STILL,0.11351231,0.00129730,0.01142870,0.00681643,0.01040296,0.00528350,0.00557857,0.00690497,0.00779564,0.01408326,0.01416481,RELIABLE,RELIABLE,RELIABLE,RELIABLE,RELIABLE,RELIABLE,RELIABLE,RELIABLE,STATIONARY,STATIONARY,STATIONARY,STATIONARY,STATIONARY,STATIONARY,STATIONARY,STATIONARY,STATIONARY
59188,1755,1,STILL,0.11329724,0.00064865,0.00572520,0.00692390,0.01099466,0.00551619,0.00552179,0.00595148,0.00667096,0.01301563,0.01184463,RELIABLE,RELIABLE,RELIABLE,RELIABLE,RELIABLE,RELIABLE,RELIABLE,RELIABLE,STATIONARY,STATIONARY,STATIONARY,STATIONARY,STATIONARY,STATIONARY,STATIONARY,STATIONARY,STATIONARY
59219,1756,1,STILL,0.11331553,0.00061915,0.00546392,0.00638822,0.01033398,0.00585399,0.00561142,0.00587739,0.00650080,0.01324833,0.01041870,RELIABLE,RELIABLE,RELIABLE,RELIABLE,RELIABLE,RELIABLE,RELIABLE,RELIABLE,STATIONARY,STATIONARY,STATIONARY,STATIONARY,STATIONARY,STATIONARY,STATIONARY,STATIONARY,STATIONARY
59250,1757,1,STILL,0.11286869,0.00108778,0.00963759,0.00631459,0.01030357,0.00523177,0.00636608,0.00656057,0.00676792,0.01312536,0.00945858,RELIABLE,RELIABLE,RELIABLE,RELIABLE,RELIABLE,RELIABLE,RELIABLE,RELIABLE,STATIONARY,STATIONARY,STATIONARY,STATIONARY,STATIONARY,STATIONARY,STATIONARY,STATIONARY,STATIONARY
59281,1758,1,STILL,0.11276949,0.00066898,0.00593228,0.00639488,0.00995229,0.00573694,0.00645415,0.00670721,0.00691507,0.01314962,0.01070428,RELIABLE,RELIABLE,RELIABLE,RELIABLE,RELIABLE,RELIABLE,RELIABLE,RELIABLE,STATIONARY,STATIONARY,STATIONARY,STATIONARY,STATIONARY,STATIONARY,STATIONARY,STATIONARY,STATIONARY
59313,1759,1,STILL,0.11262643,0.00098032,0.00870416,0.00709102,0.01174055,0.00621251,0.00686054,0.00742480,0.00739429,0.01360575,0.01216294,RELIABLE,RELIABLE,RELIABLE,RELIABLE,RELIABLE,RELIABLE,RELIABLE,RELIABLE,STATIONARY,STATIONARY,STATIONARY,STATIONARY,STATIONARY,STATIONARY,STATIONARY,STATIONARY,STATIONARY
59345,1760,1,STILL,0.11297902,0.00022722,0.00201119,0.00683313,0.01086003,0.00630921,0.00722107,0.00678926,0.00763164,0.01337069,0.01345322,RELIABLE,RELIABLE,RELIABLE,RELIABLE,RELIABLE,RELIABLE,RELIABLE,RELIABLE,STATIONARY,STATIONARY,STATIONARY,STATIONARY,STATIONARY,STATIONARY,STATIONARY,STATIONARY,STATIONARY
59376,1761,1,STILL,0.11301812,0.00106230,0.00939939,0.00728780,0.01169640,0.00632109,0.00754437,0.00694636,0.00781453,0.01252093,0.01302826,RELIABLE,RELIABLE,RELIABLE,RELIABLE,RELIABLE,RELIABLE,RELIABLE,RELIABLE,STATIONARY,STATIONARY,STATIONARY,STATIONARY,STATIONARY,STATIONARY,STATIONARY,STATIONARY,STATIONARY
59408,1762,1,STILL,0.11330076,0.00083969,0.00741118,0.00678561,0.01028491,0.00579621,0.00724588,0.00692048,0.00759793,0.01198789,0.01369807,RELIABLE,RELIABLE,RELIABLE,RELIABLE,RELIABLE,RELIABLE,RELIABLE,RELIABLE,STATIONARY,STATIONARY,STATIONARY,STATIONARY,STATIONARY,STATIONARY,STATIONARY,STATIONARY,STATIONARY
59438,1763,1,STILL,0.11345797,0.00131092,0.01155422,0.00751424,0.01197884,0.00703384,0.00806584,0.00772027,0.00801585,0.01269025,0.01518009,RELIABLE,RELIABLE,RELIABLE,RELIABLE,RELIABLE,RELIABLE,RELIABLE,RELIABLE,STATIONARY,STATIONARY,STATIONARY,STATIONARY,STATIONARY,STATIONARY,STATIONARY,STATIONARY,STATIONARY
59469,1764,1,STILL,0.11356380,0.00024513,0.00215856,0.00710107,0.01148631,0.00645599,0.00775843,0.00757061,0.00765320,0.01178298,0.01568147,RELIABLE,RELIABLE,RELIABLE,RELIABLE,RELIABLE,RELIABLE,RELIABLE,RELIABLE,STATIONARY,STATIONARY,STATIONARY,STATIONARY,STATIONARY,STATIONARY,STATIONARY,STATIONARY,STATIONARY
59525,1765,1,STILL,0.11357919,0.00057836,0.00509212,0.00653289,0.01031693,0.00606414,0.00667363,0.00705803,0.00665278,0.01019906,0.01532215,RELIABLE,RELIABLE,RELIABLE,RELIABLE,RELIABLE,RELIABLE,RELIABLE,RELIABLE,STATIONARY,STATIONARY,STATIONARY,STATIONARY,STATIONARY,STATIONARY,STATIONARY,STATIONARY,STATIONARY
59565,1766,1,STILL,0.11335813,0.00058128,0.00512783,0.00643233,0.01051118,0.00576174,0.00663668,0.00644951,0.00616490,0.01105263,0.01415667,RELIABLE,RELIABLE,RELIABLE,RELIABLE,RELIABLE,RELIABLE,RELIABLE,RELIABLE,STATIONARY,STATIONARY,STATIONARY,STATIONARY,STATIONARY,STATIONARY,STATIONARY,STATIONARY,STATIONARY
59596,1767,1,STILL,0.11313328,0.00029064,0.00256901,0.00566544,0.00902756,0.00500613,0.00596290,0.00524652,0.00524113,0.01138957,0.01314318,RELIABLE,RELIABLE,RELIABLE,RELIABLE,RELIABLE,RELIABLE,RELIABLE,RELIABLE,STATIONARY,STATIONARY,STATIONARY,STATIONARY,STATIONARY,STATIONARY,STATIONARY,STATIONARY,STATIONARY
59627,1768,1,STILL,0.11325843,0.00064562,0.00570044,0.00612660,0.00965832,0.00537148,0.00640756,0.00592645,0.00477200,0.01160813,0.01331905,RELIABLE,RELIABLE,RELIABLE,RELIABLE,RELIABLE,RELIABLE,RELIABLE,RELIABLE,STATIONARY,STATIONARY,STATIONARY,STATIONARY,STATIONARY,STATIONARY,STATIONARY,STATIONARY,STATIONARY
59658,1769,1,STILL,0.11297785,0.00107809,0.00954247,0.00614448,0.00983835,0.00632948,0.00679363,0.00714334,0.00476523,0.01325014,0.01354891,RELIABLE,RELIABLE,RELIABLE,RELIABLE,RELIABLE,RELIABLE,RELIABLE,RELIABLE,STATIONARY,STATIONARY,STATIONARY,STATIONARY,STATIONARY,STATIONARY,STATIONARY,STATIONARY,STATIONARY
59690,1770,1,STILL,0.11272792,0.00084587,0.00750364,0.00615604,0.00900309,0.00605411,0.00666599,0.00782066,0.00524100,0.01367367,0.01391048,RELIABLE,RELIABLE,RELIABLE,RELIABLE,RELIABLE,RELIABLE,RELIABLE,RELIABLE,STATIONARY,STATIONARY,STATIONARY,STATIONARY,STATIONARY,STATIONARY,STATIONARY,STATIONARY,STATIONARY
59722,1771,1,STILL,0.11271908,0.00069905,0.00620169,0.00548697,0.00663430,0.00467684,0.00610980,0.00818694,0.00525487,0.01301266,0.01357742,RELIABLE,RELIABLE,RELIABLE,RELIABLE,RELIABLE,RELIABLE,RELIABLE,RELIABLE,STATIONARY,STATIONARY,STATIONARY,STATIONARY,STATIONARY,STATIONARY,STATIONARY,STATIONARY,STATIONARY
59753,1772,1,STILL,0.11262972,0.00033007,0.00293060,0.00558348,0.00640809,0.00446167,0.00625458,0.00826587,0.00537091,0.01309576,0.01279520,RELIABLE,RELIABLE,RELIABLE,RELIABLE,RELIABLE,RELIABLE,RELIABLE,RELIABLE,STATIONARY,STATIONARY,STATIONARY,STATIONARY,STATIONARY,STATIONARY,STATIONARY,STATIONARY,STATIONARY
59785,1773,1,STILL,0.11240471,0.00093975,0.00836045,0.00599202,0.00597521,0.00477242,0.00644630,0.00860782,0.00578088,0.01347943,0.01327330,RELIABLE,RELIABLE,RELIABLE,RELIABLE,RELIABLE,RELIABLE,RELIABLE,RELIABLE,STATIONARY,STATIONARY,STATIONARY,STATIONARY,STATIONARY,STATIONARY,STATIONARY,STATIONARY,STATIONARY
59817,1774,1,STILL,0.11219193,0.00072827,0.00649125,0.00616244,0.00594400,0.00470971,0.00682839,0.00885925,0.00640090,0.01242859,0.01210098,RELIABLE,RELIABLE,RELIABLE,RELIABLE,RELIABLE,RELIABLE,RELIABLE,RELIABLE,STATIONARY,STATIONARY,STATIONARY,STATIONARY,STATIONARY,STATIONARY,STATIONARY,STATIONARY,STATIONARY
59848,1775,1,STILL,0.11243924,0.00009525,0.00084716,0.00594721,0.00560231,0.00471040,0.00697786,0.00962546,0.00709894,0.01243851,0.01273360,RELIABLE,RELIABLE,RELIABLE,RELIABLE,RELIABLE,RELIABLE,RELIABLE,RELIABLE,STATIONARY,STATIONARY,STATIONARY,STATIONARY,STATIONARY,STATIONARY,STATIONARY,STATIONARY,STATIONARY
59879,1776,1,STILL,0.11231769,0.00053926,0.00480122,0.00583481,0.00564222,0.00537484,0.00614568,0.00983427,0.00726655,0.01259227,0.01281793,RELIABLE,RELIABLE,RELIABLE,RELIABLE,RELIABLE,RELIABLE,RELIABLE,RELIABLE,STATIONARY,STATIONARY,STATIONARY,STATIONARY,STATIONARY,STATIONARY,STATIONARY,STATIONARY,STATIONARY
59924,1777,1,STILL,0.11255153,0.00118331,0.01051352,0.00595619,0.00578953,0.00471434,0.00578882,0.00908578,0.00711293,0.01314478,0.01288063,RELIABLE,RELIABLE,RELIABLE,RELIABLE,RELIABLE,RELIABLE,RELIABLE,RELIABLE,STATIONARY,STATIONARY,STATIONARY,STATIONARY,STATIONARY,STATIONARY,STATIONARY,STATIONARY,STATIONARY
59957,1778,1,STILL,0.11281612,0.00059166,0.00524443,0.00567379,0.00636384,0.00493108,0.00570616,0.00843140,0.00674908,0.01356737,0.01200778,RELIABLE,RELIABLE,RELIABLE,RELIABLE,RELIABLE,RELIABLE,RELIABLE,RELIABLE,STATIONARY,STATIONARY,STATIONARY,STATIONARY,STATIONARY,STATIONARY,STATIONARY,STATIONARY,STATIONARY
59989,1779,1,STILL,0.11277377,0.00088444,0.00784258,0.00587890,0.00622248,0.00538185,0.00631390,0.00762609,0.00647543,0.01407115,0.01160687,RELIABLE,RELIABLE,RELIABLE,RELIABLE,RELIABLE,RELIABLE,RELIABLE,RELIABLE,STATIONARY,STATIONARY,STATIONARY,STATIONARY,STATIONARY,STATIONARY,STATIONARY,STATIONARY,STATIONARY
60021,1780,1,STILL,0.11289027,0.00068846,0.00609850,0.00627489,0.00662388,0.00561327,0.00676119,0.00784263,0.00653326,0.01541250,0.01231193,RELIABLE,RELIABLE,RELIABLE,RELIABLE,RELIABLE,RELIABLE,RELIABLE,RELIABLE,STATIONARY,STATIONARY,STATIONARY,STATIONARY,STATIONARY,STATIONARY,STATIONARY,STATIONARY,STATIONARY
60054,1781,1,STILL,0.11303895,0.00076975,0.00680958,0.00608103,0.00650550,0.00569325,0.00683343,0.00885969,0.00767355,0.01804739,0.01449283,RELIABLE,RELIABLE,RELIABLE,RELIABLE,RELIABLE,RELIABLE,RELIABLE,RELIABLE,STATIONARY,STATIONARY,STATIONARY,STATIONARY,STATIONARY,STATIONARY,STATIONARY,STATIONARY,STATIONARY
60086,1782,1,STILL,0.11285572,0.00050618,0.00448520,0.00583027,0.00660901,0.00574248,0.00600897,0.00936634,0.00713008,0.01796796,0.01420716,RELIABLE,RELIABLE,RELIABLE,RELIABLE,RELIABLE,RELIABLE,RELIABLE,RELIABLE,STATIONARY,STATIONARY,STATIONARY,STATIONARY,STATIONARY,STATIONARY,STATIONARY,STATIONARY,STATIONARY
60117,1783,1,STILL,0.11279391,0.00042057,0.00372869,0.00619046,0.00760679,0.00603687,0.00574265,0.00911890,0.00700939,0.01817666,0.01411581,RELIABLE,RELIABLE,RELIABLE,RELIABLE,RELIABLE,RELIABLE,RELIABLE,RELIABLE,STATIONARY,STATIONARY,STATIONARY,STATIONARY,STATIONARY,STATIONARY,STATIONARY,STATIONARY,STATIONARY
60149,1784,1,STILL,0.11303138,0.00083193,0.00736014,0.00651033,0.00870066,0.00598020,0.00627659,0.00929709,0.00674826,0.01935934,0.01335981,RELIABLE,RELIABLE,RELIABLE,RELIABLE,RELIABLE,RELIABLE,RELIABLE,RELIABLE,STATIONARY,STATIONARY,STATIONARY,STATIONARY,STATIONARY,STATIONARY,STATIONARY,STATIONARY,STATIONARY
60181,1785,1,STILL,0.11271628,0.00145121,0.01287493,0.00680550,0.00880078,0.00595945,0.00641107,0.01001192,0.00717547,0.02096039,0.01482766,RELIABLE,RELIABLE,RELIABLE,RELIABLE,RELIABLE,RELIABLE,RELIABLE,RELIABLE,STATIONARY,STATIONARY,STATIONARY,STATIONARY,STATIONARY,STATIONARY,STATIONARY,STATIONARY,STATIONARY
60212,1786,1,STILL,0.11270991,0.00056371,0.00500139,0.00677513,0.00854788,0.00589878,0.00682839,0.00999341,0.00733346,0.02101447,0.01669706,RELIABLE,RELIABLE,RELIABLE,RELIABLE,RELIABLE,RELIABLE,RELIABLE,RELIABLE,STATIONARY,STATIONARY,STATIONARY,STATIONARY,STATIONARY,STATIONARY,STATIONARY,STATIONARY,STATIONARY
60244,1787,1,STILL,0.11282656,0.00127090,0.01126418,0.00720283,0.01011628,0.00601328,0.00640986,0.01013987,0.00765996,0.02066091,0.01717962,RELIABLE,RELIABLE,RELIABLE,RELIABLE,RELIABLE,RELIABLE,RELIABLE,RELIABLE,STATIONARY,STATIONARY,STATIONARY,STATIONARY,STATIONARY,STATIONARY,STATIONARY,STATIONARY,STATIONARY
60275,1788,1,STILL,0.11315084,0.00100539,0.00888536,0.00755118,0.01174100,0.00694430,0.00609118,0.00996062,0.00781852,0.01986193,0.01786521,RELIABLE,RELIABLE,RELIABLE,RELIABLE,RELIABLE,RELIABLE,RELIABLE,RELIABLE,STATIONARY,STATIONARY,STATIONARY,STATIONARY,STATIONARY,STATIONARY,STATIONARY,STATIONARY,STATIONARY
60324,1789,1,STILL,0.11326514,0.00076537,0.00675737,0.00754466,0.01286740,0.00687165,0.00572925,0.00818545,0.00664861,0.01884452,0.01560442,RELIABLE,RELIABLE,RELIABLE,RELIABLE,RELIABLE,RELIABLE,RELIABLE,RELIABLE,STATIONARY,STATIONARY,STATIONARY,STATIONARY,STATIONARY,STATIONARY,STATIONARY,STATIONARY,STATIONARY
60354,1790,1,STILL,0.11329839,0.00038269,0.00337769,0.00740622,0.01270813,0.00659994,0.00543444,0.00724284,0.00650629,0.01944448,0.01650489,RELIABLE,RELIABLE,RELIABLE,RELIABLE,RELIABLE,RELIABLE,RELIABLE,RELIABLE,STATIONARY,STATIONARY,STATIONARY,STATIONARY,STATIONARY,STATIONARY,STATIONARY,STATIONARY,STATIONARY
60386,1791,1,STILL,0.11324141,0.00082252,0.00726345,0.00784806,0.01206411,0.00635736,0.00573392,0.00726859,0.00708496,0.01993268,0.01740848,RELIABLE,RELIABLE,RELIABLE,RELIABLE,RELIABLE,RELIABLE,RELIABLE,RELIABLE,STATIONARY,STATIONARY,STATIONARY,STATIONARY,STATIONARY,STATIONARY,STATIONARY,STATIONARY,STATIONARY
60418,1792,1,STILL,0.11331336,0.00054199,0.00478314,0.00752594,0.01066045,0.00547197,0.00543119,0.00761507,0.00700042,0.01748592,0.01744028,RELIABLE,RELIABLE,RELIABLE,RELIABLE,RELIABLE,RELIABLE,RELIABLE,RELIABLE,STATIONARY,STATIONARY,STATIONARY,STATIONARY,STATIONARY,STATIONARY,STATIONARY,STATIONARY,STATIONARY
60449,1793,1,STILL,0.11312860,0.00044833,0.00396298,0.00641195,0.00901024,0.00496767,0.00531779,0.00614551,0.00601914,0.01334274,0.01526572,RELIABLE,RELIABLE,RELIABLE,RELIABLE,RELIABLE,RELIABLE,RELIABLE,RELIABLE,STATIONARY,STATIONARY,STATIONARY,STATIONARY,STATIONARY,STATIONARY,STATIONARY,STATIONARY,STATIONARY
60480,1794,1,STILL,0.11300148,0.00045207,0.00400056,0.00628684,0.00914054,0.00525519,0.00492434,0.00645249,0.00569489,0.01164475,0.01305105,RELIABLE,RELIABLE,RELIABLE,RELIABLE,RELIABLE,RELIABLE,RELIABLE,RELIABLE,STATIONARY,STATIONARY,STATIONARY,STATIONARY,STATIONARY,STATIONARY,STATIONARY,STATIONARY,STATIONARY
60511,1795,1,STILL,0.11281517,0.00028442,0.00252110,0.00519395,0.00757884,0.00471755,0.00484431,0.00589680,0.00534094,0.01176992,0.01235857,RELIABLE,RELIABLE,RELIABLE,RELIABLE,RELIABLE,RELIABLE,RELIABLE,RELIABLE,STATIONARY,STATIONARY,STATIONARY,STATIONARY,STATIONARY,STATIONARY,STATIONARY,STATIONARY,STATIONARY
60542,1796,1,STILL,0.11276583,0.00097059,0.00860715,0.00515918,0.00699935,0.00405386,0.00468786,0.00591205,0.00505508,0.01175288,0.01138084,RELIABLE,RELIABLE,RELIABLE,RELIABLE,RELIABLE,RELIABLE,RELIABLE,RELIABLE,STATIONARY,STATIONARY,STATIONARY,STATIONARY,STATIONARY,STATIONARY,STATIONARY,STATIONARY,STATIONARY
60574,1797,1,STILL,0.11257500,0.00062597,0.00556051,0.00500957,0.00649877,0.00417675,0.00495810,0.00584942,0.00475850,0.01093924,0.01070158,RELIABLE,RELIABLE,RELIABLE,RELIABLE,RELIABLE,RELIABLE,RELIABLE,RELIABLE,STATIONARY,STATIONARY,STATIONARY,STATIONARY,STATIONARY,STATIONARY,STATIONARY,STATIONARY,STATIONARY
60606,1798,1,STILL,0.11263973,0.00090366,0.00802253,0.00559018,0.00751087,0.00473908,0.00572329,0.00619963,0.00514928,0.01034765,0.01087787,RELIABLE,RELIABLE,RELIABLE,RELIABLE,RELIABLE,RELIABLE,RELIABLE,RELIABLE,STATIONARY,STATIONARY,STATIONARY,STATIONARY,STATIONARY,STATIONARY,STATIONARY,STATIONARY,STATIONARY
60637,1799,1,STILL,0.11281334,0.00067677,0.00599898,0.00543212,0.00764553,0.00505908,0.00618892,0.00621980,0.00459056,0.00924594,0.00897723,RELIABLE,RELIABLE,RELIABLE,RELIABLE,RELIABLE,RELIABLE,RELIABLE,RELIABLE,STATIONARY,STATIONARY,STATIONARY,STATIONARY,STATIONARY,STATIONARY,STATIONARY,STATIONARY,STATIONARY
60668,1800,1,STILL,0.11304873,0.00045454,0.00402071,0.00533681,0.00811616,0.00558950,0.00681396,0.00548477,0.00492132,0.01028984,0.00953078,RELIABLE,RELIABLE,RELIABLE,RELIABLE,RELIABLE,RELIABLE,RELIABLE,RELIABLE,STATIONARY,STATIONARY,STATIONARY,STATIONARY,STATIONARY,STATIONARY,STATIONARY,STATIONARY,STATIONARY
60699,1801,1,STILL,0.11332913,0.00127291,0.01123199,0.00624544,0.00965828,0.00611587,0.00689390,0.00542193,0.00514041,0.01065132,0.01068693,RELIABLE,RELIABLE,RELIABLE,RELIABLE,RELIABLE,RELIABLE,RELIABLE,RELIABLE,STATIONARY,STATIONARY,STATIONARY,STATIONARY,STATIONARY,STATIONARY,STATIONARY,STATIONARY,STATIONARY
60730,1802,1,STILL,0.11340225,0.00075736,0.00667854,0.00658019,0.00983830,0.00607545,0.00702586,0.00535991,0.00542622,0.01221536,0.01084475,RELIABLE,RELIABLE,RELIABLE,RELIABLE,RELIABLE,RELIABLE,RELIABLE,RELIABLE,STATIONARY,STATIONARY,STATIONARY,STATIONARY,STATIONARY,STATIONARY,STATIONARY,STATIONARY,STATIONARY
60762,1803,1,STILL,0.11321471,0.00055543,0.00490595,0.00687830,0.01043135,0.00623432,0.00736052,0.00689996,0.00602812,0.01248985,0.01213027,RELIABLE,RELIABLE,RELIABLE,RELIABLE,RELIABLE,RELIABLE,RELIABLE,RELIABLE,STATIONARY,STATIONARY,STATIONARY,STATIONARY,STATIONARY,STATIONARY,STATIONARY,STATIONARY,STATIONARY
60794,1804,1,STILL,0.11322648,0.00051391,0.00453875,0.00636975,0.00981247,0.00595072,0.00749299,0.00716114,0.00626222,0.01234366,0.01231307,RELIABLE,RELIABLE,RELIABLE,RELIABLE,RELIABLE,RELIABLE,RELIABLE,RELIABLE,STATIONARY,STATIONARY,STATIONARY,STATIONARY,STATIONARY,STATIONARY,STATIONARY,STATIONARY,STATIONARY
60826,1805,1,STILL,0.11305336,0.00039750,0.00351600,0.00611418,0.00926698,0.00565287,0.00787146,0.00722972,0.00631410,0.01280173,0.01388835,RELIABLE,RELIABLE,RELIABLE,RELIABLE,RELIABLE,RELIABLE,RELIABLE,RELIABLE,STATIONARY,STATIONARY,STATIONARY,STATIONARY,STATIONARY,STATIONARY,STATIONARY,STATIONARY,STATIONARY
60857,1806,1,STILL,0.11330343,0.00054999,0.00485416,0.00571814,0.00849756,0.00574771,0.00812259,0.00766861,0.00704919,0.01377642,0.01436863,RELIABLE,RELIABLE,RELIABLE,RELIABLE,RELIABLE,RELIABLE,RELIABLE,RELIABLE,STATIONARY,STATIONARY,STATIONARY,STATIONARY,STATIONARY,STATIONARY,STATIONARY,STATIONARY,STATIONARY
60889,1807,1,STILL,0.11303670,0.00064976,0.00574821,0.00568679,0.00895400,0.00620812,0.00795463,0.00848049,0.00730732,0.01435687,0.01496057,RELIABLE,RELIABLE,RELIABLE,RELIABLE,RELIABLE,RELIABLE,RELIABLE,RELIABLE,STATIONARY,STATIONARY,STATIONARY,STATIONARY,STATIONARY,STATIONARY,STATIONARY,STATIONARY,STATIONARY
60920,1808,1,STILL,0.11295608,0.00029154,0.00258101,0.00550683,0.00832738,0.00556183,0.00785024,0.00829667,0.00718845,0.01436470,0.01482630,RELIABLE,RELIABLE,RELIABLE,RELIABLE,RELIABLE,RELIABLE,RELIABLE,RELIABLE,STATIONARY,STATIONARY,STATIONARY,STATIONARY,STATIONARY,STATIONARY,STATIONARY,STATIONARY,STATIONARY
60950,1809,1,STILL,0.11269287,0.00058800,0.00521775,0.00475505,0.00729297,0.00539479,0.00837929,0.00916065,0.00847570,0.01534745,0.01538370,RELIABLE,RELIABLE,RELIABLE,RELIABLE,RELIABLE,RELIABLE,RELIABLE,RELIABLE,STATIONARY,STATIONARY,STATIONARY,STATIONARY,STATIONARY,STATIONARY,STATIONARY,STATIONARY,STATIONARY
60981,1810,1,STILL,0.11269513,0.00039770,0.00352895,0.00436135,0.00680816,0.00508409,0.00854538,0.01010981,0.00888644,0.01611128,0.01690974,RELIABLE,RELIABLE,RELIABLE,RELIABLE,RELIABLE,RELIABLE,RELIABLE,RELIABLE,STATIONARY,STATIONARY,STATIONARY,STATIONARY,STATIONARY,STATIONARY,STATIONARY,STATIONARY,STATIONARY
61011,1811,1,STILL,0.11275340,0.00075157,0.00666559,0.00458130,0.00665975,0.00510726,0.00800305,0.00909656,0.00883023,0.01558767,0.01560765,RELIABLE,RELIABLE,RELIABLE,RELIABLE,RELIABLE,RELIABLE,RELIABLE,RELIABLE,STATIONARY,STATIONARY,STATIONARY,STATIONARY,STATIONARY,STATIONARY,STATIONARY,STATIONARY,STATIONARY
61060,1812,1,STILL,0.11293188,0.00065852,0.00583115,0.00474285,0.00673997,0.00574428,0.00908666,0.00901131,0.00868753,0.01636829,0.01535916,RELIABLE,RELIABLE,RELIABLE,RELIABLE,RELIABLE,RELIABLE,RELIABLE,RELIABLE,STATIONARY,STATIONARY,STATIONARY,STATIONARY,STATIONARY,STATIONARY,STATIONARY,STATIONARY,STATIONARY
61092,1813,1,STILL,0.11281540,0.00038655,0.00342641,0.00473165,0.00656885,0.00544109,0.00881545,0.00892277,0.00896032,0.01516397,0.01387250,RELIABLE,RELIABLE,RELIABLE,RELIABLE,RELIABLE,RELIABLE,RELIABLE,RELIABLE,STATIONARY,STATIONARY,STATIONARY,STATIONARY,STATIONARY,STATIONARY,STATIONARY,STATIONARY,STATIONARY
61124,1814,1,STILL,0.11309312,0.00059193,0.00523399,0.00477913,0.00676046,0.00514088,0.00819634,0.00892132,0.00845717,0.01547790,0.01437815,RELIABLE,RELIABLE,RELIABLE,RELIABLE,RELIABLE,RELIABLE,RELIABLE,RELIABLE,STATIONARY,STATIONARY,STATIONARY,STATIONARY,STATIONARY,STATIONARY,STATIONARY,STATIONARY,STATIONARY
61156,1815,1,STILL,0.11308296,0.00042756,0.00378096,0.00453323,0.00605691,0.00428131,0.00799001,0.00776014,0.00842189,0.01534241,0.01412054,RELIABLE,RELIABLE,RELIABLE,RELIABLE,RELIABLE,RELIABLE,RELIABLE,RELIABLE,STATIONARY,STATIONARY,STATIONARY,STATIONARY,STATIONARY,STATIONARY,STATIONARY,STATIONARY,STATIONARY
61188,1816,1,STILL,0.11310726,0.00026138,0.00231086,0.00449946,0.00578920,0.00428768,0.00786327,0.00773898,0.00818718,0.01501295,0.01334276,RELIABLE,RELIABLE,RELIABLE,RELIABLE,RELIABLE,RELIABLE,RELIABLE,RELIABLE,STATIONARY,STATIONARY,STATIONARY,STATIONARY,STATIONARY,STATIONARY,STATIONARY,STATIONARY,STATIONARY
61220,1817,1,STILL,0.11302548,0.00060795,0.00537884,0.00451959,0.00576406,0.00433342,0.00723657,0.00757238,0.00713419,0.01430578,0.01245023,RELIABLE,RELIABLE,RELIABLE,RELIABLE,RELIABLE,RELIABLE,RELIABLE,RELIABLE,STATIONARY,STATIONARY,STATIONARY,STATIONARY,STATIONARY,STATIONARY,STATIONARY,STATIONARY,STATIONARY
61252,1818,1,STILL,0.11314473,0.00050199,0.00443672,0.00463306,0.00546532,0.00440195,0.00775904,0.00642784,0.00656000,0.01265091,0.01078005,RELIABLE,RELIABLE,RELIABLE,RELIABLE,RELIABLE,RELIABLE,RELIABLE,RELIABLE,STATIONARY,STATIONARY,STATIONARY,STATIONARY,STATIONARY,STATIONARY,STATIONARY,STATIONARY,STATIONARY
61284,1819,1,STILL,0.11293250,0.00030087,0.00266419,0.00413289,0.00479196,0.00406635,0.00839092,0.00641793,0.00649657,0.01370457,0.01065109,RELIABLE,RELIABLE,RELIABLE,RELIABLE,RELIABLE,RELIABLE,RELIABLE,RELIABLE,STATIONARY,STATIONARY,STATIONARY,STATIONARY,STATIONARY,STATIONARY,STATIONARY,STATIONARY,STATIONARY
61316,1820,1,STILL,0.11319828,0.00043130,0.00381011,0.00388026,0.00410138,0.00333578,0.00794316,0.00658212,0.00641424,0.01221771,0.01081717,RELIABLE,RELIABLE,RELIABLE,RELIABLE,RELIABLE,RELIABLE,RELIABLE,RELIABLE,STATIONARY,STATIONARY,STATIONARY,STATIONARY,STATIONARY,STATIONARY,STATIONARY,STATIONARY,STATIONARY
61348,1821,1,STILL,0.11324076,0.00078547,0.00693627,0.00431899,0.00527326,0.00400980,0.00777302,0.00730673,0.00615025,0.01224974,0.01015642,RELIABLE,RELIABLE,RELIABLE,RELIABLE,RELIABLE,RELIABLE,RELIABLE,RELIABLE,STATIONARY,STATIONARY,STATIONARY,STATIONARY,STATIONARY,STATIONARY,STATIONARY,STATIONARY,STATIONARY
61379,1822,1,STILL,0.11303684,0.00091841,0.00812490,0.00468036,0.00631960,0.00467293,0.00782434,0.00792025,0.00556367,0.01220736,0.01012470,RELIABLE,RELIABLE,RELIABLE,RELIABLE,RELIABLE,RELIABLE,RELIABLE,RELIABLE,STATIONARY,STATIONARY,STATIONARY,STATIONARY,STATIONARY,STATIONARY,STATIONARY,STATIONARY,STATIONARY
61412,1823,1,STILL,0.11291588,0.00050380,0.00446171,0.00476545,0.00654814,0.00516327,0.00752082,0.00851847,0.00478358,0.01126427,0.01023034,RELIABLE,RELIABLE,RELIABLE,RELIABLE,RELIABLE,RELIABLE,RELIABLE,RELIABLE,STATIONARY,STATIONARY,STATIONARY,STATIONARY,STATIONARY,STATIONARY,STATIONARY,STATIONARY,STATIONARY
61460,1824,1,STILL,0.11263752,0.00048042,0.00426516,0.00500974,0.00700142,0.00602369,0.00715053,0.00850366,0.00477840,0.01090879,0.01039711,RELIABLE,RELIABLE,RELIABLE,RELIABLE,RELIABLE,RELIABLE,RELIABLE,RELIABLE,STATIONARY,STATIONARY,STATIONARY,STATIONARY,STATIONARY,STATIONARY,STATIONARY,STATIONARY,STATIONARY
61501,1825,1,STILL,0.11250752,0.00064043,0.00569233,0.00504892,0.00690253,0.00542944,0.00820039,0.00841477,0.00454666,0.01059169,0.00947303,RELIABLE,RELIABLE,RELIABLE,RELIABLE,RELIABLE,RELIABLE,RELIABLE,RELIABLE,STATIONARY,STATIONARY,STATIONARY,STATIONARY,STATIONARY,STATIONARY,STATIONARY,STATIONARY,STATIONARY
61531,1826,1,STILL,0.11249510,0.00038356,0.00340961,0.00492054,0.00726994,0.00579446,0.00811657,0.00821941,0.00469834,0.01061230,0.01011566,RELIABLE,RELIABLE,RELIABLE,RELIABLE,RELIABLE,RELIABLE,RELIABLE,RELIABLE,STATIONARY,STATIONARY,STATIONARY,STATIONARY,STATIONARY,STATIONARY,STATIONARY,STATIONARY,STATIONARY
61563,1827,1,STILL,0.11276836,0.00136326,0.01208899,0.00609863,0.00924311,0.00729183,0.00744806,0.00802801,0.00453191,0.01056469,0.01144559,RELIABLE,RELIABLE,RELIABLE,RELIABLE,RELIABLE,RELIABLE,RELIABLE,RELIABLE,STATIONARY,STATIONARY,STATIONARY,STATIONARY,STATIONARY,STATIONARY,STATIONARY,STATIONARY,STATIONARY
61595,1828,1,STILL,0.11275461,0.00098304,0.00871842,0.00671217,0.00983278,0.00798121,0.00724101,0.00701629,0.00459391,0.01162314,0.01092569,RELIABLE,RELIABLE,RELIABLE,RELIABLE,RELIABLE,RELIABLE,RELIABLE,RELIABLE,STATIONARY,STATIONARY,STATIONARY,STATIONARY,STATIONARY,STATIONARY,STATIONARY,STATIONARY,STATIONARY
61627,1829,1,STILL,0.11291979,0.00109996,0.00974107,0.00706277,0.01085776,0.00833779,0.00717752,0.00699116,0.00461771,0.01112512,0.01096727,RELIABLE,RELIABLE,RELIABLE,RELIABLE,RELIABLE,RELIABLE,RELIABLE,RELIABLE,STATIONARY,STATIONARY,STATIONARY,STATIONARY,STATIONARY,STATIONARY,STATIONARY,STATIONARY,STATIONARY
61658,1830,1,STILL,0.11294849,0.00119100,0.01054461,0.00736524,0.01132237,0.00889401,0.00755344,0.00745967,0.00562815,0.01238568,0.01249511,RELIABLE,RELIABLE,RELIABLE,RELIABLE,RELIABLE,RELIABLE,RELIABLE,RELIABLE,STATIONARY,STATIONARY,STATIONARY,STATIONARY,STATIONARY,STATIONARY,STATIONARY,STATIONARY,STATIONARY
61689,1831,1,STILL,0.11304813,0.00127095,0.01124258,0.00821285,0.01341896,0.00989875,0.00929319,0.00784084,0.00614181,0.01334682,0.01270810,RELIABLE,RELIABLE,RELIABLE,RELIABLE,RELIABLE,RELIABLE,RELIABLE,RELIABLE,STATIONARY,STATIONARY,STATIONARY,STATIONARY,STATIONARY,STATIONARY,STATIONARY,STATIONARY,STATIONARY
61721,1832,1,STILL,0.11342351,0.00135070,0.01190849,0.00916826,0.01523800,0.01057582,0.00983579,0.00793904,0.00663448,0.01382902,0.01217672,RELIABLE,RELIABLE,RELIABLE,RELIABLE,RELIABLE,RELIABLE,RELIABLE,RELIABLE,STATIONARY,STATIONARY,STATIONARY,STATIONARY,STATIONARY,STATIONARY,STATIONARY,STATIONARY,STATIONARY
61752,1833,1,STILL,0.11380853,0.00192350,0.01690121,0.01056937,0.01809574,0.01302801,0.00945840,0.00756680,0.00694600,0.01405123,0.01244781,RELIABLE,RELIABLE,RELIABLE,RELIABLE,RELIABLE,RELIABLE,RELIABLE,RELIABLE,STATIONARY,STATIONARY,STATIONARY,STATIONARY,STATIONARY,STATIONARY,STATIONARY,STATIONARY,STATIONARY
61783,1834,1,STILL,0.11338946,0.00140964,0.01243188,0.01169716,0.02010533,0.01495091,0.00910774,0.00817305,0.00712721,0.01411746,0.01250814,RELIABLE,RELIABLE,RELIABLE,RELIABLE,RELIABLE,RELIABLE,RELIABLE,RELIABLE,STATIONARY,STATIONARY,STATIONARY,STATIONARY,STATIONARY,STATIONARY,STATIONARY,STATIONARY,STATIONARY
61828,1835,1,STILL,0.11374209,0.00209942,0.01845771,0.01249325,0.02192320,0.01755406,0.00974335,0.00951046,0.00813082,0.01373036,0.01251384,RELIABLE,RELIABLE,RELIABLE,RELIABLE,RELIABLE,RELIABLE,RELIABLE,RELIABLE,STATIONARY,STATIONARY,STATIONARY,STATIONARY,STATIONARY,STATIONARY,STATIONARY,STATIONARY,STATIONARY
61862,1836,1,STILL,0.11433830,0.00184319,0.01612053,0.01341851,0.02402092,0.01923637,0.00935244,0.01073823,0.00832160,0.01335242,0.01234381,RELIABLE,RELIABLE,RELIABLE,RELIABLE,RELIABLE,RELIABLE,RELIABLE,RELIABLE,STATIONARY,STATIONARY,STATIONARY,STATIONARY,STATIONARY,STATIONARY,STATIONARY,STATIONARY,STATIONARY
61892,1837,1,STILL,0.11465150,0.00140774,0.01227845,0.01373568,0.02468308,0.02096799,0.01015916,0.01164558,0.00847579,0.01495612,0.01336425,RELIABLE,RELIABLE,RELIABLE,RELIABLE,RELIABLE,RELIABLE,RELIABLE,RELIABLE,STATIONARY,STATIONARY,STATIONARY,STATIONARY,STATIONARY,STATIONARY,STATIONARY,STATIONARY,STATIONARY
61924,1838,1,STILL,0.11491972,0.00218237,0.01899037,0.01479140,0.02565007,0.02299730,0.00997609,0.01059918,0.00793445,0.01239412,0.01057489,RELIABLE,RELIABLE,RELIABLE,RELIABLE,RELIABLE,RELIABLE,RELIABLE,RELIABLE,STATIONARY,STATIONARY,STATIONARY,STATIONARY,STATIONARY,STATIONARY,STATIONARY,STATIONARY,STATIONARY
61956,1839,1,STILL,0.11516082,0.00168329,0.01461688,0.01521319,0.02590467,0.02416439,0.00981767,0.00991603,0.00854663,0.01405493,0.01135072,RELIABLE,RELIABLE,RELIABLE,RELIABLE,RELIABLE,RELIABLE,RELIABLE,RELIABLE,STATIONARY,STATIONARY,STATIONARY,STATIONARY,STATIONARY,STATIONARY,STATIONARY,STATIONARY,STATIONARY
61988,1840,1,STILL,0.11568892,0.00151159,0.01306597,0.01535787,0.02587991,0.02507283,0.01095520,0.00995116,0.00821584,0.01358516,0.01099473,RELIABLE,RELIABLE,RELIABLE,RELIABLE,RELIABLE,RELIABLE,RELIABLE,RELIABLE,STATIONARY,STATIONARY,STATIONARY,STATIONARY,STATIONARY,STATIONARY,STATIONARY,STATIONARY,STATIONARY
62019,1841,1,STILL,0.11624175,0.00085806,0.00738168,0.01416793,0.02262458,0.02355974,0.01093545,0.01039846,0.00844955,0.01404018,0.01205668,RELIABLE,RELIABLE,RELIABLE,RELIABLE,RELIABLE,RELIABLE,RELIABLE,RELIABLE,STATIONARY,STATIONARY,STATIONARY,STATIONARY,STATIONARY,STATIONARY,STATIONARY,STATIONARY,STATIONARY
62052,1842,1,STILL,0.11688147,0.00139613,0.01194487,0.01410706,0.02243674,0.02340453,0.01102441,0.01090683,0.00896181,0.01425520,0.01304099,RELIABLE,RELIABLE,RELIABLE,RELIABLE,RELIABLE,RELIABLE,RELIABLE,RELIABLE,STATIONARY,STATIONARY,STATIONARY,STATIONARY,STATIONARY,STATIONARY,STATIONARY,STATIONARY,STATIONARY
62084,1843,1,STILL,0.11726771,0.00096718,0.00824762,0.01283080,0.01986840,0.01985181,0.01170562,0.00982879,0.00805218,0.01461522,0.01275700,RELIABLE,RELIABLE,RELIABLE,RELIABLE,RELIABLE,RELIABLE,RELIABLE,RELIABLE,STATIONARY,STATIONARY,STATIONARY,STATIONARY,STATIONARY,STATIONARY,STATIONARY,STATIONARY,STATIONARY
62116,1844,1,STILL,0.11733024,0.00067565,0.00575854,0.01153555,0.01785455,0.01787955,0.01176821,0.00912194,0.00803572,0.01547897,0.01412032,RELIABLE,RELIABLE,RELIABLE,RELIABLE,RELIABLE,RELIABLE,RELIABLE,RELIABLE,STATIONARY,STATIONARY,STATIONARY,STATIONARY,STATIONARY,STATIONARY,STATIONARY,STATIONARY,STATIONARY
62157,1845,1,STILL,0.11741376,0.00113396,0.00965780,0.01120797,0.01575069,0.01614479,0.01119186,0.00806729,0.00975462,0.01994165,0.01669183,RELIABLE,RELIABLE,RELIABLE,RELIABLE,RELIABLE,RELIABLE,RELIABLE,RELIABLE,STATIONARY,STATIONARY,STATIONARY,STATIONARY,STATIONARY,STATIONARY,STATIONARY,STATIONARY,STATIONARY
62188,1846,1,STILL,0.11784221,0.00067480,0.00572634,0.00954996,0.01231134,0.01281846,0.01144025,0.00868707,0.00994289,0.01970042,0.01834237,RELIABLE,RELIABLE,RELIABLE,RELIABLE,RELIABLE,RELIABLE,RELIABLE,RELIABLE,STATIONARY,STATIONARY,STATIONARY,STATIONARY,STATIONARY,STATIONARY,STATIONARY,STATIONARY,STATIONARY
62228,1847,1,STILL,0.11708266,0.00233737,0.01996342,0.01021828,0.01043039,0.01159016,0.01106715,0.00915009,0.01028630,0.02028569,0.02008563,RELIABLE,RELIABLE,RELIABLE,RELIABLE,RELIABLE,RELIABLE,RELIABLE,RELIABLE,STATIONARY,STATIONARY,STATIONARY,STATIONARY,STATIONARY,STATIONARY,STATIONARY,STATIONARY,STATIONARY
62266,1848,1,STILL,0.11682282,0.00140313,0.01201073,0.01008638,0.01051478,0.01184470,0.00970026,0.00975603,0.01094032,0.02242427,0.02175519,RELIABLE,RELIABLE,RELIABLE,RELIABLE,RELIABLE,RELIABLE,RELIABLE,RELIABLE,STATIONARY,STATIONARY,STATIONARY,STATIONARY,STATIONARY,STATIONARY,STATIONARY,STATIONARY,STATIONARY
62297,1849,1,STILL,0.11637957,0.00101412,0.00871394,0.01025291,0.01203593,0.01197167,0.00930269,0.00883695,0.01026499,0.02159511,0.02108204,RELIABLE,RELIABLE,RELIABLE,RELIABLE,RELIABLE,RELIABLE,RELIABLE,RELIABLE,STATIONARY,STATIONARY,STATIONARY,STATIONARY,STATIONARY,STATIONARY,STATIONARY,STATIONARY,STATIONARY
62329,1850,1,STILL,0.11649525,0.00109951,0.00943825,0.00993958,0.01073866,0.01101864,0.00942985,0.00905702,0.01021630,0.02129213,0.02077880,RELIABLE,RELIABLE,RELIABLE,RELIABLE,RELIABLE,RELIABLE,RELIABLE,RELIABLE,STATIONARY,STATIONARY,STATIONARY,STATIONARY,STATIONARY,STATIONARY,STATIONARY,STATIONARY,STATIONARY
62360,1851,1,STILL,0.11666815,0.00118460,0.01015362,0.01017783,0.01139505,0.01290577,0.00869913,0.00915560,0.01021547,0.01938948,0.02032791,RELIABLE,RELIABLE,RELIABLE,RELIABLE,RELIABLE,RELIABLE,RELIABLE,RELIABLE,STATIONARY,STATIONARY,STATIONARY,STATIONARY,STATIONARY,STATIONARY,STATIONARY,STATIONARY,STATIONARY
62392,1852,1,STILL,0.11609496,0.00168315,0.01449805,0.01127027,0.01149574,0.01369341,0.01068019,0.00940109,0.01091105,0.01899017,0.02013550,RELIABLE,RELIABLE,RELIABLE,RELIABLE,RELIABLE,RELIABLE,RELIABLE,RELIABLE,STATIONARY,STATIONARY,STATIONARY,STATIONARY,STATIONARY,STATIONARY,STATIONARY,STATIONARY,STATIONARY
62424,1853,1,STILL,0.11620343,0.00173469,0.01492808,0.01192905,0.01269004,0.01585170,0.01169238,0.00997107,0.00949766,0.01400802,0.01758500,RELIABLE,RELIABLE,RELIABLE,RELIABLE,RELIABLE,RELIABLE,RELIABLE,RELIABLE,STATIONARY,STATIONARY,STATIONARY,STATIONARY,STATIONARY,STATIONARY,STATIONARY,STATIONARY,STATIONARY
62456,1854,1,STILL,0.11622168,0.00139039,0.01196328,0.01270867,0.01503511,0.01811389,0.01205453,0.00905496,0.01019778,0.01585707,0.02023005,RELIABLE,RELIABLE,RELIABLE,RELIABLE,RELIABLE,RELIABLE,RELIABLE,RELIABLE,STATIONARY,STATIONARY,STATIONARY,STATIONARY,STATIONARY,STATIONARY,STATIONARY,STATIONARY,STATIONARY
62487,1855,1,STILL,0.11608847,0.00081331,0.00700594,0.01108899,0.01472937,0.01769870,0.01248653,0.00898026,0.01022698,0.01436798,0.01906856,RELIABLE,RELIABLE,RELIABLE,RELIABLE,RELIABLE,RELIABLE,RELIABLE,RELIABLE,STATIONARY,STATIONARY,STATIONARY,STATIONARY,STATIONARY,STATIONARY,STATIONARY,STATIONARY,STATIONARY
62520,1856,1,STILL,0.11613608,0.00154020,0.01326199,0.01124539,0.01521947,0.01730286,0.01312090,0.00856776,0.00962184,0.01244805,0.01786595,RELIABLE,RELIABLE,RELIABLE,RELIABLE,RELIABLE,RELIABLE,RELIABLE,RELIABLE,STATIONARY,STATIONARY,STATIONARY,STATIONARY,STATIONARY,STATIONARY,STATIONARY,STATIONARY,STATIONARY
62550,1857,1,STILL,0.11649251,0.00138624,0.01189980,0.01164363,0.01520128,0.01837353,0.01316313,0.00971266,0.01043767,0.01337090,0.01888590,RELIABLE,RELIABLE,RELIABLE,RELIABLE,RELIABLE,RELIABLE,RELIABLE,RELIABLE,STATIONARY,STATIONARY,STATIONARY,STATIONARY,STATIONARY,STATIONARY,STATIONARY,STATIONARY,STATIONARY
62596,1858,1,STILL,0.11622210,0.00130222,0.01120461,0.01186442,0.01636752,0.01894175,0.01418503,0.00860752,0.01034657,0.01313214,0.01845112,RELIABLE,RELIABLE,RELIABLE,RELIABLE,RELIABLE,RELIABLE,RELIABLE,RELIABLE,STATIONARY,STATIONARY,STATIONARY,STATIONARY,STATIONARY,STATIONARY,STATIONARY,STATIONARY,STATIONARY
62630,1859,1,STILL,0.11557126,0.00189726,0.01641638,0.01264727,0.01739575,0.01874050,0.01420387,0.00805256,0.01217509,0.01764596,0.02145381,RELIABLE,RELIABLE,RELIABLE,RELIABLE,RELIABLE,RELIABLE,RELIABLE,RELIABLE,STATIONARY,STATIONARY,STATIONARY,STATIONARY,STATIONARY,STATIONARY,STATIONARY,STATIONARY,STATIONARY
62662,1860,1,STILL,0.11510758,0.00106491,0.00925144,0.01199144,0.01842553,0.01918627,0.01345645,0.00806129,0.01267324,0.01703258,0.02289508,RELIABLE,RELIABLE,RELIABLE,RELIABLE,RELIABLE,RELIABLE,RELIABLE,RELIABLE,STATIONARY,STATIONARY,STATIONARY,STATIONARY,STATIONARY,STATIONARY,STATIONARY,STATIONARY,STATIONARY
62694,1861,1,STILL,0.11473481,0.00090020,0.00784591,0.01110617,0.01737144,0.01709569,0.01294611,0.00787924,0.01369449,0.01889048,0.02410959,RELIABLE,RELIABLE,RELIABLE,RELIABLE,RELIABLE,RELIABLE,RELIABLE,RELIABLE,STATIONARY,STATIONARY,STATIONARY,STATIONARY,STATIONARY,STATIONARY,STATIONARY,STATIONARY,STATIONARY
62726,1862,1,STILL,0.11468432,0.00086854,0.00757334,0.01055743,0.01713772,0.01668572,0.01323676,0.00890331,0.01337778,0.01744555,0.02012972,RELIABLE,RELIABLE,RELIABLE,RELIABLE,RELIABLE,RELIABLE,RELIABLE,RELIABLE,STATIONARY,STATIONARY,STATIONARY,STATIONARY,STATIONARY,STATIONARY,STATIONARY,STATIONARY,STATIONARY
62757,1863,1,STILL,0.11441555,0.00187725,0.01640730,0.01173260,0.01968731,0.01795697,0.01253249,0.00966907,0.01291138,0.01647416,0.01844583,RELIABLE,RELIABLE,RELIABLE,RELIABLE,RELIABLE,RELIABLE,RELIABLE,RELIABLE,STATIONARY,STATIONARY,STATIONARY,STATIONARY,STATIONARY,STATIONARY,STATIONARY,STATIONARY,STATIONARY
62789,1864,1,STILL,0.11471667,0.00127583,0.01112161,0.01146505,0.01934239,0.01817134,0.01247171,0.01122967,0.01415434,0.01803122,0.01883112,RELIABLE,RELIABLE,RELIABLE,RELIABLE,RELIABLE,RELIABLE,RELIABLE,RELIABLE,STATIONARY,STATIONARY,STATIONARY,STATIONARY,STATIONARY,STATIONARY,STATIONARY,STATIONARY,STATIONARY
62821,1865,1,STILL,0.11506666,0.00113038,0.00982369,0.01120554,0.01977338,0.01866019,0.01437192,0.01222751,0.01525223,0.01791939,0.01927567,RELIABLE,RELIABLE,RELIABLE,RELIABLE,RELIABLE,RELIABLE,RELIABLE,RELIABLE,STATIONARY,STATIONARY,STATIONARY,STATIONARY,STATIONARY,STATIONARY,STATIONARY,STATIONARY,STATIONARY
62853,1866,1,STILL,0.11581089,0.00138330,0.01194445,0.01129801,0.02029943,0.01944308,0.01457717,0.01431872,0.01644318,0.01979570,0.02079269,RELIABLE,RELIABLE,RELIABLE,RELIABLE,RELIABLE,RELIABLE,RELIABLE,RELIABLE,STATIONARY,STATIONARY,STATIONARY,STATIONARY,STATIONARY,STATIONARY,STATIONARY,STATIONARY,STATIONARY
62885,1867,1,STILL,0.11619219,0.00129346,0.01113209,0.01063748,0.02016011,0.02013198,0.01592149,0.01668510,0.01600423,0.01698820,0.02067380,RELIABLE,RELIABLE,RELIABLE,RELIABLE,RELIABLE,RELIABLE,RELIABLE,RELIABLE,STATIONARY,STATIONARY,STATIONARY,STATIONARY,STATIONARY,STATIONARY,STATIONARY,STATIONARY,STATIONARY
62916,1868,1,STILL,0.11630499,0.00162808,0.01399841,0.01123085,0.02198100,0.02198464,0.01767594,0.01888511,0.01571166,0.01695001,0.01807251,RELIABLE,RELIABLE,RELIABLE,RELIABLE,RELIABLE,RELIABLE,RELIABLE,RELIABLE,STATIONARY,STATIONARY,STATIONARY,STATIONARY,STATIONARY,STATIONARY,STATIONARY,STATIONARY,STATIONARY
62948,1869,1,STILL,0.11613545,0.00129175,0.01112278,0.01164046,0.02410810,0.02402818,0.01937718,0.02160348,0.01691902,0.01619910,0.01726915,RELIABLE,RELIABLE,RELIABLE,RELIABLE,RELIABLE,RELIABLE,RELIABLE,RELIABLE,STATIONARY,STATIONARY,STATIONARY,STATIONARY,STATIONARY,STATIONARY,STATIONARY,STATIONARY,STATIONARY
62996,1870,1,STILL,0.11645944,0.00180828,0.01552711,0.01263468,0.02643655,0.02600837,0.01983564,0.02346532,0.01680319,0.01648041,0.01753695,RELIABLE,RELIABLE,RELIABLE,RELIABLE,RELIABLE,RELIABLE,RELIABLE,RELIABLE,STATIONARY,STATIONARY,STATIONARY,STATIONARY,STATIONARY,STATIONARY,STATIONARY,STATIONARY,STATIONARY
63028,1871,1,STILL,0.11727050,0.00139446,0.01189094,0.01207014,0.02683327,0.02714562,0.02126984,0.02776980,0.01799402,0.01640639,0.01831681,RELIABLE,RELIABLE,RELIABLE,RELIABLE,RELIABLE,RELIABLE,RELIABLE,RELIABLE,STATIONARY,STATIONARY,STATIONARY,STATIONARY,STATIONARY,STATIONARY,STATIONARY,STATIONARY,STATIONARY
63060,1872,1,STILL,0.11680641,0.00183848,0.01573953,0.01264737,0.02867914,0.02896394,0.02346071,0.02825705,0.01898339,0.01716248,0.02068427,RELIABLE,RELIABLE,RELIABLE,RELIABLE,RELIABLE,RELIABLE,RELIABLE,RELIABLE,STATIONARY,STATIONARY,STATIONARY,STATIONARY,STATIONARY,STATIONARY,STATIONARY,STATIONARY,STATIONARY
63092,1873,1,STILL,0.11609762,0.00197803,0.01703760,0.01354911,0.03141786,0.03065510,0.02297299,0.02925110,0.01959122,0.01980619,0.02175659,RELIABLE,RELIABLE,RELIABLE,RELIABLE,RELIABLE,RELIABLE,RELIABLE,RELIABLE,STATIONARY,STATIONARY,STATIONARY,STATIONARY,STATIONARY,STATIONARY,STATIONARY,STATIONARY,STATIONARY
63124,1874,1,STILL,0.11536380,0.00209644,0.01817243,0.01432761,0.03416427,0.03294439,0.02349309,0.03060089,0.01971652,0.02120728,0.01973140,RELIABLE,RELIABLE,RELIABLE,RELIABLE,RELIABLE,RELIABLE,RELIABLE,RELIABLE,STATIONARY,STATIONARY,STATIONARY,STATIONARY,STATIONARY,STATIONARY,STATIONARY,STATIONARY,STATIONARY
63156,1875,1,STILL,0.11513694,0.00185422,0.01610451,0.01494916,0.03643586,0.03481362,0.02322884,0.03290578,0.02078394,0.02045086,0.01833607,RELIABLE,RELIABLE,RELIABLE,RELIABLE,RELIABLE,RELIABLE,RELIABLE,RELIABLE,STATIONARY,STATIONARY,STATIONARY,STATIONARY,STATIONARY,STATIONARY,STATIONARY,STATIONARY,STATIONARY
63188,1876,1,STILL,0.11558775,0.00220730,0.01909633,0.01558640,0.03655385,0.03618484,0.02200125,0.03521536,0.02171742,0.02081752,0.01938527,RELIABLE,RELIABLE,RELIABLE,RELIABLE,RELIABLE,RELIABLE,RELIABLE,RELIABLE,STATIONARY,STATIONARY,STATIONARY,STATIONARY,STATIONARY,STATIONARY,STATIONARY,STATIONARY,STATIONARY
63220,1877,1,STILL,0.11627679,0.00232302,0.01997835,0.01669335,0.03936224,0.03845857,0.02127060,0.03620190,0.02137579,0.02080279,0.01859901,RELIABLE,RELIABLE,RELIABLE,RELIABLE,RELIABLE,RELIABLE,RELIABLE,RELIABLE,STATIONARY,STATIONARY,STATIONARY,STATIONARY,STATIONARY,STATIONARY,STATIONARY,STATIONARY,STATIONARY
63252,1878,1,STILL,0.11652391,0.00348076,0.02987162,0.01848641,0.04339705,0.04194101,0.02205903,0.03625851,0.02299384,0.02101233,0.01914487,RELIABLE,RELIABLE,RELIABLE,RELIABLE,RELIABLE,RELIABLE,RELIABLE,RELIABLE,STATIONARY,STATIONARY,STATIONARY,STATIONARY,STATIONARY,STATIONARY,STATIONARY,STATIONARY,STATIONARY
63285,1879,1,STILL,0.11677116,0.00233670,0.02001094,0.01950141,0.04568927,0.04449183,0.02157660,0.03324646,0.02268851,0.02148666,0.01828435,RELIABLE,RELIABLE,RELIABLE,RELIABLE,RELIABLE,RELIABLE,PARTIAL,RELIABLE,STATIONARY,STATIONARY,STATIONARY,STATIONARY,STATIONARY,STATIONARY,STATIONARY,STATIONARY,STATIONARY
63323,1880,1,STILL,0.11707357,0.00272772,0.02329918,0.02044637,0.04799078,0.04667648,0.02061162,0.03335079,0.02233841,0.01943544,0.01644070,RELIABLE,RELIABLE,RELIABLE,RELIABLE,RELIABLE,RELIABLE,RELIABLE,RELIABLE,STATIONARY,STATIONARY,STATIONARY,STATIONARY,STATIONARY,STATIONARY,STATIONARY,STATIONARY,STATIONARY
63365,1881,1,STILL,0.11739951,0.00312031,0.02657857,0.02163899,0.05050756,0.04903466,0.01988356,0.03445144,0.02163547,0.01612118,0.01435110,RELIABLE,RELIABLE,RELIABLE,RELIABLE,RELIABLE,RELIABLE,PARTIAL,RELIABLE,STATIONARY,STATIONARY,STATIONARY,STATIONARY,STATIONARY,STATIONARY,STATIONARY,STATIONARY,STATIONARY
63400,1882,1,STILL,0.11721313,0.00223599,0.01907625,0.02175197,0.05136944,0.05014470,0.01962569,0.03340838,0.02185680,0.01476821,0.01602613,RELIABLE,RELIABLE,RELIABLE,RELIABLE,RELIABLE,RELIABLE,PARTIAL,RELIABLE,STATIONARY,STATIONARY,STATIONARY,STATIONARY,STATIONARY,STATIONARY,STATIONARY,STATIONARY,STATIONARY
63430,1883,1,STILL,0.11766703,0.00293406,0.02493528,0.02285582,0.05186093,0.05209275,0.02068473,0.03321784,0.02325277,0.01845599,0.01873625,RELIABLE,RELIABLE,RELIABLE,RELIABLE,RELIABLE,RELIABLE,PARTIAL,RELIABLE,STATIONARY,STATIONARY,STATIONARY,STATIONARY,STATIONARY,STATIONARY,STATIONARY,STATIONARY,STATIONARY
63461,1884,1,STILL,0.11779489,0.00282743,0.02400301,0.02346915,0.05404298,0.05210521,0.01988767,0.03092022,0.02301254,0.01888979,,RELIABLE,RELIABLE,RELIABLE,RELIABLE,RELIABLE,RELIABLE,PARTIAL,UNRELIABLE,STATIONARY,STATIONARY,STATIONARY,STATIONARY,STATIONARY,STATIONARY,STATIONARY,UNCERTAIN,STATIONARY
63492,1885,1,STILL,0.11822427,0.00236508,0.02000504,0.02347249,0.05379591,0.05245003,0.01857726,0.02913598,0.02172646,0.01725080,,RELIABLE,RELIABLE,RELIABLE,RELIABLE,RELIABLE,RELIABLE,PARTIAL,UNRELIABLE,STATIONARY,STATIONARY,STATIONARY,STATIONARY,STATIONARY,STATIONARY,STATIONARY,UNCERTAIN,STATIONARY
63524,1886,1,STILL,0.11845374,0.00236500,0.01996556,0.02223423,0.04997849,0.04854078,0.01795518,0.02764960,0.02078759,0.01740850,,RELIABLE,RELIABLE,RELIABLE,RELIABLE,RELIABLE,RELIABLE,RELIABLE,RELIABLE,STATIONARY,STATIONARY,STATIONARY,STATIONARY,STATIONARY,STATIONARY,STATIONARY,UNCERTAIN,STATIONARY
63556,1887,1,STILL,0.11874436,0.00197903,0.01666632,0.02181615,0.04945244,0.04770383,0.01715296,0.02648364,0.02043076,0.01949709,0.01451754,RELIABLE,RELIABLE,RELIABLE,RELIABLE,RELIABLE,RELIABLE,RELIABLE,RELIABLE,STATIONARY,STATIONARY,STATIONARY,STATIONARY,STATIONARY,STATIONARY,STATIONARY,STATIONARY,STATIONARY
63588,1888,1,STILL,0.11910399,0.00257086,0.02158498,0.02160188,0.04731647,0.04537398,0.01533769,0.02617591,0.02047360,0.02060978,0.01550406,RELIABLE,RELIABLE,RELIABLE,RELIABLE,RELIABLE,RELIABLE,RELIABLE,RELIABLE,STATIONARY,STATIONARY,STATIONARY,STATIONARY,STATIONARY,STATIONARY,STATIONARY,STATIONARY,STATIONARY
66900,1987,1,HEAD,0.12068592,0.00245990,0.02038268,0.01603701,0.02136197,0.01985201,0.00917876,0.01625946,0.01515194,0.02681464,0.02190033,RELIABLE,RELIABLE,RELIABLE,RELIABLE,RELIABLE,RELIABLE,RELIABLE,RELIABLE,STATIONARY,STATIONARY,STATIONARY,STATIONARY,STATIONARY,STATIONARY,STATIONARY,STATIONARY,STATIONARY
66937,1988,1,HEAD,0.12027114,0.00201426,0.01674769,0.01428977,0.01868032,0.01863511,0.00961631,0.01537280,0.01365680,0.02263328,0.01911129,RELIABLE,RELIABLE,RELIABLE,RELIABLE,RELIABLE,RELIABLE,PARTIAL,RELIABLE,STATIONARY,STATIONARY,STATIONARY,STATIONARY,STATIONARY,STATIONARY,STATIONARY,STATIONARY,STATIONARY
66968,1989,1,HEAD,0.12057312,0.00218908,0.01815564,0.01541289,0.02184335,0.02110065,0.01066424,0.01513627,0.01393674,0.02099718,0.01698251,RELIABLE,RELIABLE,RELIABLE,RELIABLE,RELIABLE,RELIABLE,RELIABLE,RELIABLE,STATIONARY,STATIONARY,STATIONARY,STATIONARY,STATIONARY,STATIONARY,STATIONARY,STATIONARY,STATIONARY
67000,1990,1,HEAD,0.12099635,0.00190602,0.01575271,0.01634593,0.02491772,0.02468474,0.01020075,0.01490642,0.01304855,0.01861764,0.01691228,RELIABLE,RELIABLE,RELIABLE,RELIABLE,RELIABLE,RELIABLE,RELIABLE,RELIABLE,STATIONARY,STATIONARY,STATIONARY,STATIONARY,STATIONARY,STATIONARY,STATIONARY,STATIONARY,STATIONARY
67030,1991,1,HEAD,0.12080296,0.00176966,0.01464918,0.01676055,0.02702026,0.02648931,0.01148581,0.01474517,0.01338601,0.01858215,0.01669583,RELIABLE,RELIABLE,RELIABLE,RELIABLE,RELIABLE,RELIABLE,RELIABLE,RELIABLE,STATIONARY,STATIONARY,STATIONARY,STATIONARY,STATIONARY,STATIONARY,STATIONARY,STATIONARY,STATIONARY
67062,1992,1,HEAD,0.12089989,0.00320435,0.02650414,0.01822794,0.03068554,0.03020903,0.01377345,0.01560468,0.01537918,0.02097431,0.01811099,RELIABLE,RELIABLE,RELIABLE,RELIABLE,RELIABLE,RELIABLE,RELIABLE,RELIABLE,STATIONARY,STATIONARY,STATIONARY,STATIONARY,STATIONARY,STATIONARY,STATIONARY,STATIONARY,STATIONARY
67094,1993,1,HEAD,0.12073340,0.00191986,0.01590162,0.01783199,0.02896178,0.03095013,0.01594383,0.01795201,0.01756956,0.02154283,0.01708237,RELIABLE,RELIABLE,RELIABLE,RELIABLE,RELIABLE,RELIABLE,RELIABLE,RELIABLE,STATIONARY,STATIONARY,STATIONARY,STATIONARY,STATIONARY,STATIONARY,STATIONARY,STATIONARY,STATIONARY
67125,1994,1,HEAD,0.12072055,0.00322866,0.02674494,0.01935482,0.03031059,0.03409278,0.01756913,0.01971591,0.01922442,0.02314812,0.01920113,RELIABLE,RELIABLE,RELIABLE,RELIABLE,RELIABLE,RELIABLE,PARTIAL,RELIABLE,STATIONARY,STATIONARY,STATIONARY,STATIONARY,STATIONARY,STATIONARY,STATIONARY,STATIONARY,STATIONARY
67156,1995,1,HEAD,0.12086216,0.00492617,0.04075856,0.02190181,0.03875538,0.04060532,0.01891868,0.01995221,0.02031709,0.02128754,0.01882453,RELIABLE,RELIABLE,RELIABLE,RELIABLE,RELIABLE,RELIABLE,PARTIAL,RELIABLE,STATIONARY,STATIONARY,STATIONARY,STATIONARY,STATIONARY,STATIONARY,STATIONARY,STATIONARY,STATIONARY
67188,1996,1,HEAD,0.12089092,0.00347526,0.02874704,0.02340173,0.04480370,0.04750784,0.02137276,0.02305544,0.02466812,0.02682004,0.02362392,RELIABLE,RELIABLE,RELIABLE,RELIABLE,RELIABLE,RELIABLE,RELIABLE,RELIABLE,STATIONARY,STATIONARY,STATIONARY,STATIONARY,STATIONARY,STATIONARY,STATIONARY,STATIONARY,STATIONARY
67236,1997,1,HEAD,0.12061241,0.00453563,0.03760497,0.02583289,0.05103629,0.05502423,0.02366391,0.02648397,0.02622226,0.03071203,0.02481599,RELIABLE,RELIABLE,RELIABLE,RELIABLE,RELIABLE,RELIABLE,RELIABLE,RELIABLE,STATIONARY,STATIONARY,STATIONARY,STATIONARY,STATIONARY,STATIONARY,STATIONARY,STATIONARY,STATIONARY
67268,1998,1,HEAD,0.12060838,0.00495681,0.04109836,0.02900110,0.05907187,0.06340598,0.02612398,0.03023102,0.02792194,0.03462940,0.02738883,RELIABLE,RELIABLE,RELIABLE,RELIABLE,RELIABLE,RELIABLE,RELIABLE,RELIABLE,STATIONARY,STATIONARY,STATIONARY,STATIONARY,STATIONARY,STATIONARY,STATIONARY,STATIONARY,STATIONARY
67300,1999,1,HEAD,0.11992387,0.00451461,0.03764566,0.03187566,0.06679520,0.07139367,0.02873613,0.03682046,0.03010324,0.03715021,0.02836760,RELIABLE,RELIABLE,RELIABLE,RELIABLE,RELIABLE,RELIABLE,RELIABLE,RELIABLE,STATIONARY,STATIONARY,STATIONARY,STATIONARY,STATIONARY,STATIONARY,STATIONARY,STATIONARY,STATIONARY
67332,2000,1,HEAD,0.11943044,0.00532277,0.04456796,0.03413364,0.07363321,0.07851054,0.03046722,0.04038754,0.03091467,0.03700203,0.02949669,RELIABLE,RELIABLE,RELIABLE,RELIABLE,RELIABLE,RELIABLE,RELIABLE,RELIABLE,MOVING,STATIONARY,STATIONARY,STATIONARY,STATIONARY,STATIONARY,STATIONARY,STATIONARY,MOVING
67365,2001,1,HEAD,0.11977057,0.00463468,0.03869631,0.03698297,0.08226351,0.08591042,0.03132271,0.04430385,0.03096158,0.03753391,0.02953896,RELIABLE,RELIABLE,RELIABLE,RELIABLE,RELIABLE,RELIABLE,RELIABLE,RELIABLE,MOVING,STATIONARY,STATIONARY,STATIONARY,STATIONARY,STATIONARY,STATIONARY,STATIONARY,MOVING
67396,2002,1,HEAD,0.12036106,0.00434329,0.03608554,0.03815055,0.08820732,0.09000748,0.03327009,0.04907516,0.03175150,0.03613007,0.02681030,RELIABLE,RELIABLE,RELIABLE,RELIABLE,RELIABLE,RELIABLE,RELIABLE,RELIABLE,MOVING,STATIONARY,MOVING,STATIONARY,STATIONARY,STATIONARY,STATIONARY,STATIONARY,MOVING
67429,2003,1,HEAD,0.12142357,0.00492646,0.04057248,0.03812729,0.09043345,0.09114706,0.03598262,0.05293236,0.03389090,0.03849792,0.02883451,RELIABLE,RELIABLE,RELIABLE,RELIABLE,RELIABLE,RELIABLE,RELIABLE,RELIABLE,MOVING,MOVING,MOVING,STATIONARY,STATIONARY,STATIONARY,STATIONARY,STATIONARY,MOVING
67470,2004,1,HEAD,0.12117028,0.00400440,0.03304774,0.03866488,0.09220580,0.09167283,0.03623973,0.05624751,0.03182993,0.03305380,0.02440794,RELIABLE,RELIABLE,RELIABLE,RELIABLE,RELIABLE,RELIABLE,RELIABLE,RELIABLE,MOVING,MOVING,MOVING,STATIONARY,MOVING,STATIONARY,STATIONARY,STATIONARY,MOVING
67501,2005,1,HEAD,0.12109260,0.00302671,0.02499499,0.03708863,0.08784255,0.08701332,0.03704219,0.05601940,0.03359149,0.03376981,0.02668378,RELIABLE,RELIABLE,RELIABLE,RELIABLE,RELIABLE,RELIABLE,RELIABLE,RELIABLE,MOVING,MOVING,MOVING,STATIONARY,MOVING,STATIONARY,STATIONARY,STATIONARY,MOVING
67533,2006,1,HEAD,0.12040292,0.00341251,0.02834244,0.03549414,0.08450417,0.08216966,0.03653421,0.05596934,0.03297905,0.02998093,0.02429091,RELIABLE,RELIABLE,RELIABLE,RELIABLE,RELIABLE,RELIABLE,RELIABLE,RELIABLE,MOVING,MOVING,MOVING,STATIONARY,MOVING,STATIONARY,STATIONARY,STATIONARY,MOVING
67565,2007,1,HEAD,0.11982648,0.00278143,0.02321219,0.03368996,0.07898888,0.07674448,0.03549642,0.05187638,0.03236626,0.03067516,0.02460828,RELIABLE,RELIABLE,RELIABLE,RELIABLE,RELIABLE,RELIABLE,RELIABLE,RELIABLE,MOVING,MOVING,MOVING,STATIONARY,MOVING,STATIONARY,STATIONARY,STATIONARY,MOVING
67605,2008,1,HEAD,0.11903886,0.00214646,0.01803157,0.03037291,0.07258036,0.06910189,0.03445893,0.05088983,0.03161216,0.02756310,0.02245081,RELIABLE,RELIABLE,RELIABLE,RELIABLE,RELIABLE,RELIABLE,RELIABLE,RELIABLE,MOVING,MOVING,MOVING,STATIONARY,MOVING,STATIONARY,STATIONARY,STATIONARY,MOVING
67644,2009,1,HEAD,0.11923880,0.00286372,0.02401668,0.02853795,0.06741673,0.06372387,0.03341694,0.04731682,0.03005023,0.02696410,0.02282966,RELIABLE,RELIABLE,RELIABLE,RELIABLE,RELIABLE,RELIABLE,RELIABLE,RELIABLE,MOVING,MOVING,MOVING,STATIONARY,MOVING,STATIONARY,STATIONARY,STATIONARY,MOVING
67676,2010,1,HEAD,0.11926515,0.00172290,0.01444598,0.02583301,0.05939060,0.05720614,0.03147683,0.04298191,0.02907288,0.02745199,0.02290153,RELIABLE,RELIABLE,RELIABLE,RELIABLE,RELIABLE,RELIABLE,RELIABLE,RELIABLE,MOVING,MOVING,MOVING,STATIONARY,MOVING,STATIONARY,STATIONARY,STATIONARY,MOVING
67708,2011,1,HEAD,0.11948011,0.00224930,0.01882569,0.02311466,0.05282658,0.05027229,0.02846078,0.04124063,0.02621359,0.02851171,0.02380049,RELIABLE,RELIABLE,RELIABLE,RELIABLE,RELIABLE,RELIABLE,RELIABLE,RELIABLE,MOVING,MOVING,MOVING,STATIONARY,MOVING,STATIONARY,STATIONARY,STATIONARY,MOVING
67739,2012,1,HEAD,0.11941125,0.00208597,0.01746881,0.02116729,0.04724732,0.04471988,0.02669808,0.03659090,0.02397279,0.02822224,0.02467107,RELIABLE,RELIABLE,RELIABLE,RELIABLE,RELIABLE,RELIABLE,RELIABLE,RELIABLE,MOVING,MOVING,MOVING,STATIONARY,MOVING,STATIONARY,STATIONARY,STATIONARY,MOVING
67771,2013,1,HEAD,0.11906086,0.00121321,0.01018980,0.01931664,0.04316763,0.04043695,0.02362017,0.03355921,0.02097289,0.02704923,0.02350189,RELIABLE,RELIABLE,RELIABLE,RELIABLE,RELIABLE,RELIABLE,RELIABLE,RELIABLE,MOVING,MOVING,MOVING,STATIONARY,MOVING,STATIONARY,STATIONARY,STATIONARY,MOVING
67803,2014,1,HEAD,0.11854533,0.00176956,0.01492726,0.01763975,0.03871166,0.03567603,0.02167173,0.03170390,0.02079048,0.02649795,0.02535681,RELIABLE,RELIABLE,RELIABLE,RELIABLE,RELIABLE,RELIABLE,RELIABLE,RELIABLE,MOVING,MOVING,MOVING,STATIONARY,MOVING,STATIONARY,STATIONARY,STATIONARY,MOVING
67835,2015,1,HEAD,0.11809753,0.00127715,0.01081439,0.01609002,0.03458033,0.03122600,0.01946822,0.02941565,0.02044814,0.02380449,0.02396690,RELIABLE,RELIABLE,RELIABLE,RELIABLE,RELIABLE,RELIABLE,RELIABLE,RELIABLE,MOVING,MOVING,STATIONARY,STATIONARY,MOVING,STATIONARY,STATIONARY,STATIONARY,MOVING
67867,2016,1,HEAD,0.11757017,0.00067170,0.00571320,0.01455023,0.03078234,0.02778214,0.01853798,0.02639157,0.01919250,0.02384765,0.02402232,RELIABLE,RELIABLE,RELIABLE,RELIABLE,RELIABLE,RELIABLE,RELIABLE,RELIABLE,MOVING,STATIONARY,STATIONARY,STATIONARY,MOVING,STATIONARY,STATIONARY,STATIONARY,MOVING
67898,2017,1,HEAD,0.11685531,0.00085474,0.00731455,0.01246246,0.02609539,0.02328640,0.01621309,0.02361828,0.01833179,0.02326634,0.02319251,RELIABLE,RELIABLE,RELIABLE,RELIABLE,RELIABLE,RELIABLE,RELIABLE,RELIABLE,STATIONARY,STATIONARY,STATIONARY,STATIONARY,STATIONARY,STATIONARY,STATIONARY,STATIONARY,STATIONARY
67929,2018,1,HEAD,0.11632440,0.00082247,0.00707050,0.01154052,0.02418994,0.02072796,0.01420334,0.02198102,0.01679628,0.02369233,0.02279525,RELIABLE,RELIABLE,RELIABLE,RELIABLE,RELIABLE,RELIABLE,RELIABLE,RELIABLE,STATIONARY,STATIONARY,STATIONARY,STATIONARY,STATIONARY,STATIONARY,STATIONARY,STATIONARY,STATIONARY
67961,2019,1,HEAD,0.11614727,0.00077593,0.00668054,0.01002238,0.01980616,0.01729984,0.01440300,0.01838872,0.01598993,0.01983436,0.02116140,RELIABLE,RELIABLE,RELIABLE,RELIABLE,RELIABLE,RELIABLE,RELIABLE,RELIABLE,STATIONARY,STATIONARY,STATIONARY,STATIONARY,STATIONARY,STATIONARY,STATIONARY,STATIONARY,STATIONARY
68004,2020,1,HEAD,0.11602843,0.00045980,0.00396280,0.00833413,0.01537101,0.01372325,0.01302296,0.01612498,0.01509872,0.02016057,0.01970806,RELIABLE,RELIABLE,RELIABLE,RELIABLE,RELIABLE,RELIABLE,RELIABLE,RELIABLE,STATIONARY,STATIONARY,STATIONARY,STATIONARY,STATIONARY,STATIONARY,STATIONARY,STATIONARY,STATIONARY
68040,2021,1,HEAD,0.11651776,0.00059790,0.00513145,0.00770184,0.01298470,0.01100824,0.01252134,0.01408337,0.01439450,0.01723579,0.01676922,RELIABLE,RELIABLE,RELIABLE,RELIABLE,RELIABLE,RELIABLE,RELIABLE,RELIABLE,STATIONARY,STATIONARY,STATIONARY,STATIONARY,STATIONARY,STATIONARY,STATIONARY,STATIONARY,STATIONARY
68072,2022,1,HEAD,0.11622223,0.00062612,0.00538729,0.00650934,0.01000393,0.00882393,0.01254504,0.01311167,0.01282770,0.01755773,0.01471625,RELIABLE,RELIABLE,RELIABLE,RELIABLE,RELIABLE,RELIABLE,RELIABLE,RELIABLE,STATIONARY,STATIONARY,STATIONARY,STATIONARY,STATIONARY,STATIONARY,STATIONARY,STATIONARY,STATIONARY
68103,2023,1,HEAD,0.11584051,0.00202620,0.01749132,0.00734396,0.01055902,0.00824590,0.01179846,0.01263791,0.01049673,0.01620222,0.01445123,RELIABLE,RELIABLE,RELIABLE,RELIABLE,RELIABLE,RELIABLE,RELIABLE,RELIABLE,STATIONARY,STATIONARY,STATIONARY,STATIONARY,STATIONARY,STATIONARY,STATIONARY,STATIONARY,STATIONARY
68135,2024,1,HEAD,0.11570531,0.00061280,0.00529619,0.00729183,0.00965319,0.00692750,0.01057962,0.01170101,0.01052376,0.01643829,0.01405990,RELIABLE,RELIABLE,RELIABLE,RELIABLE,RELIABLE,RELIABLE,RELIABLE,RELIABLE,STATIONARY,STATIONARY,STATIONARY,STATIONARY,STATIONARY,STATIONARY,STATIONARY,STATIONARY,STATIONARY
68165,2025,1,HEAD,0.11600873,0.00070428,0.00607090,0.00713637,0.00866084,0.00616688,0.01062339,0.01180662,0.01318277,0.01622301,0.01615240,RELIABLE,RELIABLE,RELIABLE,RELIABLE,RELIABLE,RELIABLE,RELIABLE,RELIABLE,STATIONARY,STATIONARY,STATIONARY,STATIONARY,STATIONARY,STATIONARY,STATIONARY,STATIONARY,STATIONARY
68197,2026,1,HEAD,0.11571279,0.00050430,0.00435816,0.00679733,0.00819086,0.00514778,0.01102910,0.01066170,0.01304450,0.01721305,0.02052437,RELIABLE,RELIABLE,RELIABLE,RELIABLE,RELIABLE,RELIABLE,RELIABLE,RELIABLE,STATIONARY,STATIONARY,STATIONARY,STATIONARY,STATIONARY,STATIONARY,STATIONARY,STATIONARY,STATIONARY
68229,2027,1,HEAD,0.11572949,0.00116557,0.01007151,0.00722120,0.00995750,0.00676687,0.00982951,0.01030188,0.01254191,0.01655687,0.01961199,RELIABLE,RELIABLE,RELIABLE,RELIABLE,RELIABLE,RELIABLE,RELIABLE,RELIABLE,STATIONARY,STATIONARY,STATIONARY,STATIONARY,STATIONARY,STATIONARY,STATIONARY,STATIONARY,STATIONARY
68260,2028,1,HEAD,0.11549260,0.00079644,0.00689601,0.00758785,0.01070268,0.00706853,0.01036118,0.01012059,0.01252351,0.01614292,0.01816895,RELIABLE,RELIABLE,RELIABLE,RELIABLE,RELIABLE,RELIABLE,RELIABLE,RELIABLE,STATIONARY,STATIONARY,STATIONARY,STATIONARY,STATIONARY,STATIONARY,STATIONARY,STATIONARY,STATIONARY
68292,2029,1,HEAD,0.11504673,0.00060153,0.00522856,0.00759999,0.01111195,0.00794613,0.00974728,0.00988033,0.01251883,0.01581441,0.01930500,RELIABLE,RELIABLE,RELIABLE,RELIABLE,RELIABLE,RELIABLE,RELIABLE,RELIABLE,STATIONARY,STATIONARY,STATIONARY,STATIONARY,STATIONARY,STATIONARY,STATIONARY,STATIONARY,STATIONARY
68324,2030,1,HEAD,0.11487659,0.00057066,0.00496756,0.00754753,0.01159045,0.00875807,0.00879442,0.00803122,0.01205814,0.01478481,0.01940383,RELIABLE,RELIABLE,RELIABLE,RELIABLE,RELIABLE,RELIABLE,RELIABLE,RELIABLE,STATIONARY,STATIONARY,STATIONARY,STATIONARY,STATIONARY,STATIONARY,STATIONARY,STATIONARY,STATIONARY
68373,2031,1,HEAD,0.11473686,0.00116681,0.01016945,0.00663229,0.01024980,0.00923443,0.00919988,0.00686165,0.01164871,0.01469224,0.02024559,RELIABLE,RELIABLE,RELIABLE,RELIABLE,RELIABLE,RELIABLE,RELIABLE,RELIABLE,STATIONARY,STATIONARY,STATIONARY,STATIONARY,STATIONARY,STATIONARY,STATIONARY,STATIONARY,STATIONARY
68404,2032,1,HEAD,0.11447382,0.00127792,0.01116339,0.00736569,0.01118434,0.01126839,0.00887446,0.00757463,0.01110950,0.01496737,0.01975355,RELIABLE,RELIABLE,RELIABLE,RELIABLE,RELIABLE,RELIABLE,RELIABLE,RELIABLE,STATIONARY,STATIONARY,STATIONARY,STATIONARY,STATIONARY,STATIONARY,STATIONARY,STATIONARY,STATIONARY
68436,2033,1,HEAD,0.11420118,0.00067758,0.00593322,0.00734848,0.01092455,0.01099449,0.00831519,0.00733926,0.00959114,0.01620493,0.01836839,RELIABLE,RELIABLE,RELIABLE,RELIABLE,RELIABLE,RELIABLE,RELIABLE,RELIABLE,STATIONARY,STATIONARY,STATIONARY,STATIONARY,STATIONARY,STATIONARY,STATIONARY,STATIONARY,STATIONARY
68468,2034,1,HEAD,0.11357606,0.00098407,0.00866443,0.00788677,0.01136660,0.01167107,0.00789877,0.00825200,0.00966778,0.01685613,0.01642025,RELIABLE,RELIABLE,RELIABLE,RELIABLE,RELIABLE,RELIABLE,RELIABLE,RELIABLE,STATIONARY,STATIONARY,STATIONARY,STATIONARY,STATIONARY,STATIONARY,STATIONARY,STATIONARY,STATIONARY
68500,2035,1,HEAD,0.11331549,0.00068429,0.00603881,0.00738268,0.01054887,0.00981606,0.00752280,0.00865764,0.00934404,0.01607410,0.01665954,RELIABLE,RELIABLE,RELIABLE,RELIABLE,RELIABLE,RELIABLE,RELIABLE,RELIABLE,STATIONARY,STATIONARY,STATIONARY,STATIONARY,STATIONARY,STATIONARY,STATIONARY,STATIONARY,STATIONARY
68532,2036,1,HEAD,0.11330154,0.00122641,0.01082433,0.00787372,0.01084694,0.01009678,0.00693212,0.00840360,0.00951816,0.01736081,0.01810357,RELIABLE,RELIABLE,RELIABLE,RELIABLE,RELIABLE,RELIABLE,RELIABLE,RELIABLE,STATIONARY,STATIONARY,STATIONARY,STATIONARY,STATIONARY,STATIONARY,STATIONARY,STATIONARY,STATIONARY
68564,2037,1,HEAD,0.11299887,0.00116368,0.01029817,0.00850742,0.01233369,0.01074133,0.00761085,0.00929956,0.00934802,0.01705599,0.01842185,RELIABLE,RELIABLE,RELIABLE,RELIABLE,RELIABLE,RELIABLE,RELIABLE,RELIABLE,STATIONARY,STATIONARY,STATIONARY,STATIONARY,STATIONARY,STATIONARY,STATIONARY,STATIONARY,STATIONARY
68604,2038,1,HEAD,0.11316390,0.00108517,0.00958938,0.00908515,0.01233026,0.00987837,0.00730183,0.01002222,0.00948356,0.01689330,0.01795404,RELIABLE,RELIABLE,RELIABLE,RELIABLE,RELIABLE,RELIABLE,RELIABLE,RELIABLE,STATIONARY,STATIONARY,STATIONARY,STATIONARY,STATIONARY,STATIONARY,STATIONARY,STATIONARY,STATIONARY
68636,2039,1,HEAD,0.11366818,0.00219450,0.01930618,0.01022724,0.01458539,0.01046811,0.00719595,0.01029878,0.01071057,0.01763263,0.01681649,RELIABLE,RELIABLE,RELIABLE,RELIABLE,RELIABLE,RELIABLE,RELIABLE,RELIABLE,STATIONARY,STATIONARY,STATIONARY,STATIONARY,STATIONARY,STATIONARY,STATIONARY,STATIONARY,STATIONARY
68668,2040,1,HEAD,0.11380240,0.00193567,0.01700900,0.01095794,0.01601313,0.01114263,0.00879557,0.01130397,0.01171131,0.01719268,0.01811850,RELIABLE,RELIABLE,RELIABLE,RELIABLE,RELIABLE,RELIABLE,RELIABLE,RELIABLE,STATIONARY,STATIONARY,STATIONARY,STATIONARY,STATIONARY,STATIONARY,STATIONARY,STATIONARY,STATIONARY
68699,2041,1,HEAD,0.11395010,0.00232808,0.02043069,0.01277013,0.02005926,0.01413664,0.01064415,0.01178188,0.01106400,0.01563654,0.01969102,RELIABLE,RELIABLE,RELIABLE,RELIABLE,RELIABLE,RELIABLE,RELIABLE,RELIABLE,STATIONARY,STATIONARY,STATIONARY,STATIONARY,STATIONARY,STATIONARY,STATIONARY,STATIONARY,STATIONARY
68730,2042,1,HEAD,0.11443422,0.00275604,0.02408403,0.01469758,0.02429970,0.01837053,0.01329250,0.01179553,0.01200387,0.01367154,0.01965553,RELIABLE,RELIABLE,RELIABLE,RELIABLE,RELIABLE,RELIABLE,RELIABLE,RELIABLE,STATIONARY,STATIONARY,STATIONARY,STATIONARY,STATIONARY,STATIONARY,STATIONARY,STATIONARY,STATIONARY
68772,2043,1,HEAD,0.11458001,0.00336625,0.02937904,0.01761510,0.02832936,0.02317214,0.01417714,0.01419668,0.01333408,0.01427320,0.01971023,RELIABLE,RELIABLE,RELIABLE,RELIABLE,RELIABLE,RELIABLE,RELIABLE,RELIABLE,STATIONARY,STATIONARY,STATIONARY,STATIONARY,STATIONARY,STATIONARY,STATIONARY,STATIONARY,STATIONARY
68807,2044,1,HEAD,0.11505836,0.00329933,0.02867524,0.01984647,0.03354423,0.02795059,0.01523051,0.01736976,0.01366307,0.01439760,0.01909452,RELIABLE,RELIABLE,RELIABLE,RELIABLE,RELIABLE,RELIABLE,RELIABLE,RELIABLE,STATIONARY,STATIONARY,STATIONARY,STATIONARY,STATIONARY,STATIONARY,STATIONARY,STATIONARY,STATIONARY
68839,2045,1,HEAD,0.11542941,0.00311417,0.02697900,0.02193157,0.03770912,0.03171598,0.01778449,0.01717453,0.01591347,0.01966899,0.02369172,RELIABLE,RELIABLE,RELIABLE,RELIABLE,RELIABLE,RELIABLE,RELIABLE,RELIABLE,STATIONARY,STATIONARY,STATIONARY,STATIONARY,STATIONARY,STATIONARY,STATIONARY,STATIONARY,STATIONARY
68870,2046,1,HEAD,0.11569327,0.00381136,0.03294364,0.02485085,0.04414022,0.03707797,0.01991288,0.01730034,0.01647905,0.02392033,0.02764857,RELIABLE,RELIABLE,RELIABLE,RELIABLE,RELIABLE,RELIABLE,RELIABLE,RELIABLE,STATIONARY,STATIONARY,STATIONARY,STATIONARY,STATIONARY,STATIONARY,STATIONARY,STATIONARY,STATIONARY
68903,2047,1,HEAD,0.11600752,0.00258444,0.02227824,0.02522236,0.04501143,0.04000408,0.02122247,0.01939590,0.01547967,0.02355295,0.02756352,RELIABLE,RELIABLE,RELIABLE,RELIABLE,RELIABLE,RELIABLE,RELIABLE,RELIABLE,STATIONARY,STATIONARY,STATIONARY,STATIONARY,STATIONARY,STATIONARY,STATIONARY,STATIONARY,STATIONARY
68932,2048,1,HEAD,0.11730491,0.00205850,0.01754828,0.02528977,0.04555178,0.04062674,0.02052016,0.01993122,0.01463720,0.02346105,0.02713878,RELIABLE,RELIABLE,RELIABLE,RELIABLE,RELIABLE,RELIABLE,RELIABLE,RELIABLE,STATIONARY,STATIONARY,STATIONARY,STATIONARY,STATIONARY,STATIONARY,STATIONARY,STATIONARY,STATIONARY
68964,2049,1,HEAD,0.11730030,0.00122224,0.01041974,0.02403840,0.04298030,0.03942760,0.01998763,0.02051995,0.01491770,0.02310182,0.02639463,RELIABLE,RELIABLE,RELIABLE,RELIABLE,RELIABLE,RELIABLE,RELIABLE,RELIABLE,STATIONARY,STATIONARY,STATIONARY,STATIONARY,STATIONARY,STATIONARY,STATIONARY,STATIONARY,STATIONARY
68996,2050,1,HEAD,0.11764129,0.00056274,0.00478349,0.02162583,0.03806582,0.03555804,0.01770386,0.02081059,0.01349476,0.02239413,0.02395927,RELIABLE,RELIABLE,RELIABLE,RELIABLE,RELIABLE,RELIABLE,RELIABLE,RELIABLE,STATIONARY,STATIONARY,STATIONARY,STATIONARY,STATIONARY,STATIONARY,STATIONARY,STATIONARY,STATIONARY
69028,2051,1,HEAD,0.11793323,0.00065207,0.00552914,0.01864460,0.03303972,0.03093427,0.01695586,0.01852820,0.01252716,0.02277583,0.02422164,RELIABLE,RELIABLE,RELIABLE,RELIABLE,RELIABLE,RELIABLE,RELIABLE,RELIABLE,STATIONARY,STATIONARY,STATIONARY,STATIONARY,STATIONARY,STATIONARY,STATIONARY,STATIONARY,STATIONARY
69060,2052,1,HEAD,0.11867064,0.00089755,0.00756339,0.01600562,0.02807085,0.02677635,0.01667331,0.01626565,0.01255347,0.02433730,0.02466272,RELIABLE,RELIABLE,RELIABLE,RELIABLE,RELIABLE,RELIABLE,RELIABLE,RELIABLE,STATIONARY,STATIONARY,STATIONARY,STATIONARY,STATIONARY,STATIONARY,STATIONARY,STATIONARY,STATIONARY
69093,2053,1,HEAD,0.11879480,0.00092434,0.00778096,0.01360586,0.02270183,0.02381615,0.01413891,0.01693957,0.01145871,0.02060949,0.01877107,RELIABLE,RELIABLE,RELIABLE,RELIABLE,RELIABLE,RELIABLE,RELIABLE,PARTIAL,STATIONARY,STATIONARY,STATIONARY,STATIONARY,STATIONARY,STATIONARY,STATIONARY,STATIONARY,STATIONARY
69140,2054,1,HEAD,0.11841737,0.00180390,0.01523343,0.01139208,0.01881611,0.02124127,0.01344193,0.01622269,0.01056635,0.01645573,0.01479432,RELIABLE,RELIABLE,RELIABLE,RELIABLE,RELIABLE,RELIABLE,RELIABLE,RELIABLE,STATIONARY,STATIONARY,STATIONARY,STATIONARY,STATIONARY,STATIONARY,STATIONARY,STATIONARY,STATIONARY
69172,2055,1,HEAD,0.11837770,0.00278624,0.02353685,0.01154941,0.01920424,0.02016805,0.01331144,0.01592380,0.01176183,0.01721907,0.01708542,RELIABLE,RELIABLE,RELIABLE,RELIABLE,RELIABLE,RELIABLE,RELIABLE,RELIABLE,STATIONARY,STATIONARY,STATIONARY,STATIONARY,STATIONARY,STATIONARY,STATIONARY,STATIONARY,STATIONARY
69205,2056,1,HEAD,0.11805965,0.00274746,0.02327182,0.01226485,0.02062548,0.02141061,0.01286401,0.01453562,0.01228986,0.01808249,0.01694984,RELIABLE,RELIABLE,RELIABLE,RELIABLE,RELIABLE,RELIABLE,RELIABLE,RELIABLE,STATIONARY,STATIONARY,STATIONARY,STATIONARY,STATIONARY,STATIONARY,STATIONARY,STATIONARY,STATIONARY
69236,2057,1,HEAD,0.11678258,0.00328632,0.02814052,0.01447995,0.02557902,0.02627182,0.01420897,0.01412651,0.01306758,0.01820621,0.01691946,RELIABLE,RELIABLE,RELIABLE,RELIABLE,RELIABLE,RELIABLE,RELIABLE,RELIABLE,STATIONARY,STATIONARY,STATIONARY,STATIONARY,STATIONARY,STATIONARY,STATIONARY,STATIONARY,STATIONARY
69268,2058,1,HEAD,0.11541950,0.00405877,0.03516535,0.01827768,0.03263026,0.03288543,0.01520394,0.01510213,0.01443991,0.02004178,0.01836766,RELIABLE,RELIABLE,RELIABLE,RELIABLE,RELIABLE,RELIABLE,RELIABLE,RELIABLE,STATIONARY,STATIONARY,STATIONARY,STATIONARY,STATIONARY,STATIONARY,STATIONARY,STATIONARY,STATIONARY
69300,2059,1,HEAD,0.11418623,0.00473132,0.04143508,0.02276592,0.04153873,0.04082321,0.01729435,0.01758235,0.01685096,0.02165308,0.01996070,RELIABLE,RELIABLE,RELIABLE,RELIABLE,RELIABLE,RELIABLE,RELIABLE,RELIABLE,STATIONARY,STATIONARY,STATIONARY,STATIONARY,STATIONARY,STATIONARY,STATIONARY,STATIONARY,STATIONARY
69332,2060,1,HEAD,0.11395012,0.00554037,0.04862101,0.02789813,0.05111587,0.04866964,0.01928523,0.02288014,0.01909128,0.02004290,0.02183674,RELIABLE,RELIABLE,RELIABLE,RELIABLE,RELIABLE,RELIABLE,RELIABLE,RELIABLE,STATIONARY,STATIONARY,STATIONARY,STATIONARY,STATIONARY,STATIONARY,STATIONARY,STATIONARY,STATIONARY
69364,2061,1,HEAD,0.11405995,0.00503572,0.04414979,0.03244423,0.05964799,0.05536710,0.02175064,0.02477943,0.02004050,0.02070259,0.02394756,RELIABLE,RELIABLE,RELIABLE,RELIABLE,RELIABLE,RELIABLE,RELIABLE,RELIABLE,STATIONARY,STATIONARY,STATIONARY,STATIONARY,STATIONARY,STATIONARY,STATIONARY,STATIONARY,STATIONARY
69397,2062,1,HEAD,0.11439275,0.00562210,0.04914733,0.03668347,0.06662094,0.06118278,0.02353638,0.02803218,0.02169715,0.02235057,0.02545339,RELIABLE,RELIABLE,RELIABLE,RELIABLE,RELIABLE,RELIABLE,RELIABLE,RELIABLE,MOVING,STATIONARY,STATIONARY,STATIONARY,STATIONARY,STATIONARY,STATIONARY,STATIONARY,MOVING
69439,2063,1,HEAD,0.11443049,0.00573759,0.05014039,0.04000891,0.07144714,0.06585592,0.02527377,0.02836335,0.02155484,0.02359763,0.02296732,RELIABLE,RELIABLE,RELIABLE,RELIABLE,RELIABLE,RELIABLE,RELIABLE,RELIABLE,MOVING,STATIONARY,STATIONARY,STATIONARY,STATIONARY,STATIONARY,STATIONARY,STATIONARY,MOVING
69470,2064,1,HEAD,0.11408262,0.00438446,0.03843231,0.04190397,0.07569398,0.06921757,0.03021220,0.03144890,0.02282690,0.02385874,0.02219282,RELIABLE,RELIABLE,RELIABLE,RELIABLE,RELIABLE,RELIABLE,RELIABLE,RELIABLE,MOVING,STATIONARY,STATIONARY,STATIONARY,STATIONARY,STATIONARY,STATIONARY,STATIONARY,MOVING
69501,2065,1,HEAD,0.11389051,0.00365370,0.03208082,0.04239651,0.07634608,0.06968126,0.03240524,0.03454007,0.02293713,0.02555985,0.02230419,RELIABLE,RELIABLE,RELIABLE,RELIABLE,RELIABLE,RELIABLE,RELIABLE,RELIABLE,MOVING,STATIONARY,STATIONARY,STATIONARY,STATIONARY,STATIONARY,STATIONARY,STATIONARY,MOVING
69540,2066,1,HEAD,0.11423593,0.00327728,0.02868872,0.04158693,0.07489809,0.06885259,0.03326381,0.03440616,0.02273785,0.02338394,0.02240590,RELIABLE,RELIABLE,RELIABLE,RELIABLE,RELIABLE,RELIABLE,RELIABLE,RELIABLE,MOVING,MOVING,STATIONARY,STATIONARY,STATIONARY,STATIONARY,STATIONARY,STATIONARY,MOVING
69580,2067,1,HEAD,0.11448872,0.00299738,0.02618061,0.03968012,0.07146121,0.06579080,0.03295590,0.03337178,0.02151675,0.02346925,0.02173892,RELIABLE,RELIABLE,RELIABLE,RELIABLE,RELIABLE,RELIABLE,RELIABLE,RELIABLE,MOVING,MOVING,STATIONARY,STATIONARY,STATIONARY,STATIONARY,STATIONARY,STATIONARY,MOVING
69611,2068,1,HEAD,0.11546681,0.00300165,0.02599581,0.03685197,0.06620834,0.06100394,0.03095550,0.02933245,0.01960351,0.02241535,0.02026963,RELIABLE,RELIABLE,RELIABLE,RELIABLE,RELIABLE,RELIABLE,RELIABLE,RELIABLE,MOVING,MOVING,STATIONARY,STATIONARY,STATIONARY,STATIONARY,STATIONARY,STATIONARY,MOVING
69643,2069,1,HEAD,0.11627492,0.00103905,0.00893616,0.03245027,0.05871645,0.05345442,0.02897178,0.02666592,0.01814018,0.02089597,0.01938524,RELIABLE,RELIABLE,RELIABLE,RELIABLE,RELIABLE,RELIABLE,RELIABLE,RELIABLE,MOVING,MOVING,STATIONARY,STATIONARY,STATIONARY,STATIONARY,STATIONARY,STATIONARY,MOVING
69674,2070,1,HEAD,0.11692686,0.00085289,0.00729421,0.02721863,0.04933238,0.04532215,0.02597236,0.02343237,0.01716253,0.01914531,0.01864436,RELIABLE,RELIABLE,RELIABLE,RELIABLE,RELIABLE,RELIABLE,RELIABLE,RELIABLE,MOVING,MOVING,STATIONARY,STATIONARY,STATIONARY,STATIONARY,STATIONARY,STATIONARY,MOVING
69706,2071,1,HEAD,0.11681243,0.00127092,0.01087999,0.02231108,0.04002544,0.03615639,0.02413704,0.02159980,0.01647435,0.01705364,0.02017679,RELIABLE,RELIABLE,RELIABLE,RELIABLE,RELIABLE,RELIABLE,RELIABLE,RELIABLE,MOVING,MOVING,STATIONARY,STATIONARY,STATIONARY,STATIONARY,STATIONARY,STATIONARY,MOVING
69738,2072,1,HEAD,0.11625655,0.00111975,0.00963175,0.01871101,0.03138611,0.02814687,0.01850244,0.01800657,0.01482858,0.01768443,0.02249669,RELIABLE,RELIABLE,RELIABLE,RELIABLE,RELIABLE,RELIABLE,RELIABLE,RELIABLE,MOVING,MOVING,STATIONARY,STATIONARY,STATIONARY,STATIONARY,STATIONARY,STATIONARY,MOVING
69770,2073,1,HEAD,0.11637069,0.00218975,0.01881700,0.01705303,0.02790121,0.02457454,0.01568311,0.01450361,0.01494747,0.01789245,0.02330329,RELIABLE,RELIABLE,RELIABLE,RELIABLE,RELIABLE,RELIABLE,RELIABLE,RELIABLE,MOVING,MOVING,STATIONARY,STATIONARY,STATIONARY,STATIONARY,STATIONARY,STATIONARY,MOVING
69801,2074,1,HEAD,0.11609200,0.00189309,0.01630680,0.01550529,0.02381827,0.02008676,0.01339456,0.01427753,0.01467528,0.01797207,0.02265369,RELIABLE,RELIABLE,RELIABLE,RELIABLE,RELIABLE,RELIABLE,RELIABLE,RELIABLE,MOVING,MOVING,STATIONARY,STATIONARY,STATIONARY,STATIONARY,STATIONARY,STATIONARY,MOVING
69833,2075,1,HEAD,0.11566829,0.00209191,0.01808538,0.01449339,0.02277548,0.01831614,0.01360345,0.01386269,0.01417353,0.01665440,0.02108687,RELIABLE,RELIABLE,RELIABLE,RELIABLE,RELIABLE,RELIABLE,RELIABLE,RELIABLE,MOVING,STATIONARY,STATIONARY,STATIONARY,STATIONARY,STATIONARY,STATIONARY,STATIONARY,MOVING
69864,2076,1,HEAD,0.11531952,0.00232157,0.02013162,0.01376037,0.02308640,0.01934977,0.01537540,0.01363063,0.01449956,0.01721876,0.02048526,RELIABLE,RELIABLE,RELIABLE,RELIABLE,RELIABLE,RELIABLE,RELIABLE,RELIABLE,MOVING,STATIONARY,STATIONARY,STATIONARY,STATIONARY,STATIONARY,STATIONARY,STATIONARY,MOVING
69908,2077,1,HEAD,0.11480897,0.00283419,0.02468616,0.01572912,0.02788931,0.02414131,0.01746906,0.01460218,0.01547855,0.01763145,0.02002798,RELIABLE,RELIABLE,RELIABLE,RELIABLE,RELIABLE,RELIABLE,RELIABLE,RELIABLE,MOVING,STATIONARY,STATIONARY,STATIONARY,STATIONARY,STATIONARY,STATIONARY,STATIONARY,MOVING
69942,2078,1,HEAD,0.11426165,0.00311257,0.02724073,0.01822243,0.03258956,0.02945533,0.01967092,0.01714328,0.01609284,0.01786835,0.01929019,RELIABLE,RELIABLE,RELIABLE,RELIABLE,RELIABLE,RELIABLE,RELIABLE,RELIABLE,STATIONARY,STATIONARY,STATIONARY,STATIONARY,STATIONARY,STATIONARY,STATIONARY,STATIONARY,STATIONARY
69973,2079,1,HEAD,0.11409903,0.00346439,0.03036300,0.02065781,0.03969707,0.03613536,0.02275325,0.01960850,0.01833175,0.01919448,0.01974763,RELIABLE,RELIABLE,RELIABLE,RELIABLE,RELIABLE,RELIABLE,RELIABLE,RELIABLE,STATIONARY,STATIONARY,STATIONARY,STATIONARY,STATIONARY,STATIONARY,STATIONARY,STATIONARY,STATIONARY
70004,2080,1,HEAD,0.11431249,0.00364998,0.03192981,0.02344506,0.04710158,0.04267008,0.02771831,0.02131338,0.01967216,0.01844658,0.01805792,RELIABLE,RELIABLE,RELIABLE,RELIABLE,RELIABLE,RELIABLE,RELIABLE,RELIABLE,STATIONARY,STATIONARY,STATIONARY,STATIONARY,STATIONARY,STATIONARY,STATIONARY,STATIONARY,STATIONARY
70036,2081,1,HEAD,0.11488734,0.00532578,0.04635656,0.02688751,0.05268026,0.04896602,0.03003456,0.02244431,0.01979043,0.01782638,0.01673578,RELIABLE,RELIABLE,RELIABLE,RELIABLE,RELIABLE,RELIABLE,RELIABLE,RELIABLE,STATIONARY,STATIONARY,STATIONARY,STATIONARY,STATIONARY,STATIONARY,STATIONARY,STATIONARY,STATIONARY
70068,2082,1,HEAD,0.11453064,0.00502310,0.04385815,0.03033143,0.06017901,0.05587061,0.03293344,0.02298894,0.02083398,0.01870949,0.01686805,RELIABLE,RELIABLE,RELIABLE,RELIABLE,RELIABLE,RELIABLE,RELIABLE,RELIABLE,STATIONARY,STATIONARY,STATIONARY,STATIONARY,STATIONARY,STATIONARY,STATIONARY,STATIONARY,STATIONARY
70100,2083,1,HEAD,0.11464352,0.00456606,0.03982836,0.03304930,0.06427493,0.06033670,0.03362217,0.02537687,0.02221933,0.01987626,0.02114783,RELIABLE,RELIABLE,RELIABLE,RELIABLE,RELIABLE,RELIABLE,RELIABLE,RELIABLE,STATIONARY,STATIONARY,STATIONARY,STATIONARY,STATIONARY,STATIONARY,STATIONARY,STATIONARY,STATIONARY
70132,2084,1,HEAD,0.11426059,0.00492165,0.04307389,0.03591708,0.06837358,0.06316437,0.03231759,0.02592284,0.02222172,0.01942656,0.02193046,RELIABLE,RELIABLE,RELIABLE,RELIABLE,RELIABLE,RELIABLE,RELIABLE,RELIABLE,MOVING,STATIONARY,STATIONARY,STATIONARY,STATIONARY,STATIONARY,STATIONARY,STATIONARY,MOVING
70164,2085,1,HEAD,0.11435392,0.00560477,0.04901252,0.03895788,0.07176344,0.06578327,0.03068192,0.02573363,0.02191027,0.01962689,0.02269069,RELIABLE,RELIABLE,RELIABLE,RELIABLE,RELIABLE,RELIABLE,RELIABLE,RELIABLE,MOVING,STATIONARY,STATIONARY,STATIONARY,STATIONARY,STATIONARY,STATIONARY,STATIONARY,MOVING
70197,2086,1,HEAD,0.11442913,0.00496742,0.04341047,0.04097909,0.07592688,0.06811094,0.03040473,0.02677186,0.02163233,0.02133866,0.02471522,RELIABLE,RELIABLE,RELIABLE,RELIABLE,RELIABLE,RELIABLE,RELIABLE,RELIABLE,MOVING,STATIONARY,STATIONARY,STATIONARY,STATIONARY,STATIONARY,STATIONARY,STATIONARY,MOVING
70228,2087,1,HEAD,0.11464687,0.00397129,0.03463933,0.04151364,0.07576724,0.06885466,0.02773004,0.02651959,0.02040009,0.02056532,0.02283405,RELIABLE,RELIABLE,RELIABLE,RELIABLE,RELIABLE,RELIABLE,RELIABLE,RELIABLE,MOVING,STATIONARY,STATIONARY,STATIONARY,STATIONARY,STATIONARY,STATIONARY,STATIONARY,MOVING
70261,2088,1,HEAD,0.11578369,0.00279689,0.02415620,0.04054193,0.07307288,0.06698323,0.02531646,0.02538131,0.01923510,0.02126646,0.02202734,RELIABLE,RELIABLE,RELIABLE,RELIABLE,RELIABLE,RELIABLE,RELIABLE,RELIABLE,MOVING,STATIONARY,STATIONARY,STATIONARY,STATIONARY,STATIONARY,STATIONARY,STATIONARY,MOVING
70309,2089,1,HEAD,0.11649955,0.00198386,0.01702892,0.03687598,0.06778510,0.06127111,0.02224593,0.02608433,0.01763524,0.02000798,0.02074141,RELIABLE,RELIABLE,RELIABLE,RELIABLE,RELIABLE,RELIABLE,RELIABLE,RELIABLE,MOVING,STATIONARY,STATIONARY,STATIONARY,STATIONARY,STATIONARY,STATIONARY,STATIONARY,MOVING
70341,2090,1,HEAD,0.11658968,0.00195967,0.01680831,0.03349475,0.06183610,0.05530508,0.01970013,0.02454988,0.01570572,0.01964099,0.01954724,RELIABLE,RELIABLE,RELIABLE,RELIABLE,RELIABLE,RELIABLE,RELIABLE,RELIABLE,MOVING,STATIONARY,STATIONARY,STATIONARY,STATIONARY,STATIONARY,STATIONARY,STATIONARY,MOVING
70373,2091,1,HEAD,0.11679847,0.00027802,0.00238035,0.02881375,0.05308116,0.04740993,0.01672068,0.02132041,0.01360735,0.01780804,0.01572689,RELIABLE,RELIABLE,RELIABLE,RELIABLE,RELIABLE,RELIABLE,RELIABLE,RELIABLE,MOVING,STATIONARY,STATIONARY,STATIONARY,STATIONARY,STATIONARY,STATIONARY,STATIONARY,MOVING
70404,2092,1,HEAD,0.11689097,0.00042586,0.00364319,0.02388491,0.04355999,0.03950560,0.01542432,0.01957232,0.01219091,0.01727758,0.01455495,RELIABLE,RELIABLE,RELIABLE,RELIABLE,RELIABLE,RELIABLE,RELIABLE,RELIABLE,MOVING,STATIONARY,STATIONARY,STATIONARY,STATIONARY,STATIONARY,STATIONARY,STATIONARY,MOVING
70444,2093,1,HEAD,0.11701553,0.00131818,0.01126499,0.01916647,0.03529212,0.03301025,0.01413638,0.01829513,0.01130710,0.01670147,0.01278245,RELIABLE,RELIABLE,RELIABLE,RELIABLE,RELIABLE,RELIABLE,RELIABLE,RELIABLE,MOVING,STATIONARY,STATIONARY,STATIONARY,STATIONARY,STATIONARY,STATIONARY,STATIONARY,MOVING
70476,2094,1,HEAD,0.11733654,0.00099709,0.00849768,0.01480237,0.02751830,0.02689390,0.01249331,0.01666174,0.01078859,0.01518295,0.01200689,RELIABLE,RELIABLE,RELIABLE,RELIABLE,RELIABLE,RELIABLE,RELIABLE,RELIABLE,MOVING,STATIONARY,STATIONARY,STATIONARY,STATIONARY,STATIONARY,STATIONARY,STATIONARY,MOVING
70507,2095,1,HEAD,0.11738071,0.00109028,0.00928841,0.01163350,0.02218331,0.02145456,0.01150366,0.01518323,0.01072874,0.01643676,0.01339758,RELIABLE,RELIABLE,RELIABLE,RELIABLE,RELIABLE,RELIABLE,RELIABLE,RELIABLE,MOVING,STATIONARY,STATIONARY,STATIONARY,STATIONARY,STATIONARY,STATIONARY,STATIONARY,MOVING
70538,2096,1,HEAD,0.11686595,0.00164026,0.01403539,0.01036840,0.02001390,0.02058425,0.00963356,0.01606194,0.01087076,0.01549371,0.01419554,RELIABLE,RELIABLE,RELIABLE,RELIABLE,RELIABLE,RELIABLE,RELIABLE,RELIABLE,MOVING,STATIONARY,STATIONARY,STATIONARY,STATIONARY,STATIONARY,STATIONARY,STATIONARY,MOVING
70570,2097,1,HEAD,0.11653930,0.00231438,0.01985925,0.01072219,0.02020659,0.02094985,0.01058563,0.01527889,0.01196396,0.01603806,0.01426796,RELIABLE,RELIABLE,RELIABLE,RELIABLE,RELIABLE,RELIABLE,RELIABLE,RELIABLE,MOVING,STATIONARY,STATIONARY,STATIONARY,STATIONARY,STATIONARY,STATIONARY,STATIONARY,MOVING
70601,2098,1,HEAD,0.11556685,0.00194650,0.01684309,0.01072654,0.02079295,0.02265852,0.01203438,0.01569691,0.01347623,0.01615188,0.01510837,RELIABLE,RELIABLE,RELIABLE,RELIABLE,RELIABLE,RELIABLE,RELIABLE,RELIABLE,MOVING,STATIONARY,STATIONARY,STATIONARY,STATIONARY,STATIONARY,STATIONARY,STATIONARY,MOVING
70632,2099,1,HEAD,0.11471654,0.00269542,0.02349631,0.01336604,0.02585750,0.02809970,0.01413811,0.01861077,0.01456977,0.01634006,0.01587581,RELIABLE,RELIABLE,RELIABLE,RELIABLE,RELIABLE,RELIABLE,RELIABLE,RELIABLE,STATIONARY,STATIONARY,STATIONARY,STATIONARY,STATIONARY,STATIONARY,STATIONARY,STATIONARY,STATIONARY
70663,2100,1,HEAD,0.11398932,0.00327910,0.02876675,0.01650648,0.03206846,0.03393708,0.01779264,0.01986447,0.01719485,0.01708992,0.01781489,RELIABLE,RELIABLE,RELIABLE,RELIABLE,RELIABLE,RELIABLE,RELIABLE,RELIABLE,STATIONARY,STATIONARY,STATIONARY,STATIONARY,STATIONARY,STATIONARY,STATIONARY,STATIONARY,STATIONARY
70709,2101,1,HEAD,0.11315719,0.00397643,0.03514081,0.01949096,0.03727773,0.03929278,0.02092976,0.02241121,0.01851706,0.02001232,0.02026812,RELIABLE,RELIABLE,RELIABLE,RELIABLE,RELIABLE,RELIABLE,RELIABLE,RELIABLE,STATIONARY,STATIONARY,STATIONARY,STATIONARY,STATIONARY,STATIONARY,STATIONARY,STATIONARY,STATIONARY
70740,2102,1,HEAD,0.11301404,0.00385837,0.03414061,0.02269633,0.04287850,0.04426221,0.02286720,0.02209332,0.01891741,0.02037155,0.01957009,RELIABLE,RELIABLE,RELIABLE,RELIABLE,RELIABLE,RELIABLE,RELIABLE,RELIABLE,STATIONARY,STATIONARY,STATIONARY,STATIONARY,STATIONARY,STATIONARY,STATIONARY,STATIONARY,STATIONARY
70773,2103,1,HEAD,0.11292547,0.00513442,0.04546733,0.02721869,0.05075867,0.05088468,0.02367446,0.02564296,0.01918088,0.01906420,0.01863042,RELIABLE,RELIABLE,RELIABLE,RELIABLE,RELIABLE,RELIABLE,RELIABLE,RELIABLE,STATIONARY,STATIONARY,STATIONARY,STATIONARY,STATIONARY,STATIONARY,STATIONARY,STATIONARY,STATIONARY
70804,2104,1,HEAD,0.11213536,0.00530512,0.04730995,0.03137801,0.05822955,0.05619966,0.02665706,0.02701482,0.02030370,0.01943229,0.01932965,RELIABLE,RELIABLE,RELIABLE,RELIABLE,RELIABLE,RELIABLE,RELIABLE,RELIABLE,STATIONARY,STATIONARY,STATIONARY,STATIONARY,STATIONARY,STATIONARY,STATIONARY,STATIONARY,STATIONARY
70836,2105,1,HEAD,0.11212100,0.00461051,0.04112080,0.03403571,0.06281723,0.05953658,0.02619494,0.02898215,0.02066440,0.01978462,0.02052882,RELIABLE,RELIABLE,RELIABLE,RELIABLE,RELIABLE,RELIABLE,RELIABLE,RELIABLE,STATIONARY,STATIONARY,STATIONARY,STATIONARY,STATIONARY,STATIONARY,STATIONARY,STATIONARY,STATIONARY
70868,2106,1,HEAD,0.11221621,0.00421199,0.03753461,0.03662215,0.06659395,0.06226839,0.02606589,0.02967894,0.02110935,0.02207677,0.02243982,RELIABLE,RELIABLE,RELIABLE,RELIABLE,RELIABLE,RELIABLE,RELIABLE,RELIABLE,MOVING,STATIONARY,STATIONARY,STATIONARY,STATIONARY,STATIONARY,STATIONARY,STATIONARY,MOVING
70900,2107,1,HEAD,0.11254172,0.00379711,0.03373957,0.03790255,0.06935508,0.06377262,0.02538744,0.02781457,0.02068199,0.02276481,0.02118615,RELIABLE,RELIABLE,RELIABLE,RELIABLE,RELIABLE,RELIABLE,RELIABLE,RELIABLE,MOVING,STATIONARY,STATIONARY,STATIONARY,STATIONARY,STATIONARY,STATIONARY,STATIONARY,MOVING
70932,2108,1,HEAD,0.11265426,0.00309951,0.02751348,0.03774589,0.06887934,0.06215436,0.02281533,0.02704388,0.01916043,0.02289086,0.02063965,RELIABLE,RELIABLE,RELIABLE,RELIABLE,RELIABLE,RELIABLE,RELIABLE,RELIABLE,MOVING,STATIONARY,STATIONARY,STATIONARY,STATIONARY,STATIONARY,STATIONARY,STATIONARY,MOVING
70964,2109,1,HEAD,0.11262453,0.00216719,0.01924263,0.03575862,0.06649552,0.05877306,0.02088769,0.02497394,0.01836549,0.02106631,0.02030723,RELIABLE,RELIABLE,RELIABLE,RELIABLE,RELIABLE,RELIABLE,RELIABLE,RELIABLE,MOVING,STATIONARY,STATIONARY,STATIONARY,STATIONARY,STATIONARY,STATIONARY,STATIONARY,MOVING
70996,2110,1,HEAD,0.11245947,0.00080234,0.00713448,0.03238286,0.05972162,0.05256112,0.01932938,0.02387090,0.01833397,0.02068375,0.02005462,RELIABLE,RELIABLE,RELIABLE,RELIABLE,RELIABLE,RELIABLE,RELIABLE,RELIABLE,MOVING,STATIONARY,STATIONARY,STATIONARY,STATIONARY,STATIONARY,STATIONARY,STATIONARY,MOVING
71028,2111,1,HEAD,0.11276851,0.00062726,0.00556241,0.02739474,0.05057797,0.04455388,0.01782324,0.01984241,0.01786581,0.02237824,0.02146873,RELIABLE,RELIABLE,RELIABLE,RELIABLE,RELIABLE,RELIABLE,RELIABLE,RELIABLE,MOVING,STATIONARY,STATIONARY,STATIONARY,STATIONARY,STATIONARY,STATIONARY,STATIONARY,MOVING
71076,2112,1,HEAD,0.11291670,0.00099918,0.00884880,0.02258710,0.04098444,0.03569872,0.01451344,0.01691806,0.01558041,0.02077145,0.02024033,RELIABLE,RELIABLE,RELIABLE,RELIABLE,RELIABLE,RELIABLE,RELIABLE,RELIABLE,MOVING,STATIONARY,STATIONARY,STATIONARY,STATIONARY,STATIONARY,STATIONARY,STATIONARY,MOVING
71115,2113,1,HEAD,0.11299886,0.00053289,0.00471588,0.01803648,0.03284200,0.02863718,0.01310393,0.01424412,0.01347267,0.01910837,0.01972054,RELIABLE,RELIABLE,RELIABLE,RELIABLE,RELIABLE,RELIABLE,RELIABLE,RELIABLE,MOVING,STATIONARY,STATIONARY,STATIONARY,STATIONARY,STATIONARY,STATIONARY,STATIONARY,MOVING
71148,2114,1,HEAD,0.11289479,0.00093297,0.00826411,0.01437767,0.02580021,0.02213676,0.01214507,0.01389836,0.01286690,0.01651441,0.01817622,RELIABLE,RELIABLE,RELIABLE,RELIABLE,RELIABLE,RELIABLE,RELIABLE,RELIABLE,MOVING,STATIONARY,STATIONARY,STATIONARY,STATIONARY,STATIONARY,STATIONARY,STATIONARY,MOVING
71180,2115,1,HEAD,0.11246199,0.00196566,0.01747847,0.01234503,0.02135296,0.01731949,0.01212688,0.01370165,0.01250706,0.01632917,0.01857446,RELIABLE,RELIABLE,RELIABLE,RELIABLE,RELIABLE,RELIABLE,RELIABLE,RELIABLE,MOVING,STATIONARY,STATIONARY,STATIONARY,STATIONARY,STATIONARY,STATIONARY,STATIONARY,MOVING
71212,2116,1,HEAD,0.11212784,0.00151539,0.01351481,0.01059520,0.01697102,0.01516523,0.01273402,0.01451835,0.01293702,0.01539217,0.01694077,RELIABLE,RELIABLE,RELIABLE,RELIABLE,RELIABLE,RELIABLE,RELIABLE,RELIABLE,MOVING,STATIONARY,STATIONARY,STATIONARY,STATIONARY,STATIONARY,STATIONARY,STATIONARY,MOVING
71243,2117,1,HEAD,0.11192200,0.00211548,0.01890137,0.01055254,0.01676048,0.01475500,0.01234934,0.01535907,0.01207869,0.01426347,0.01537883,RELIABLE,RELIABLE,RELIABLE,RELIABLE,RELIABLE,RELIABLE,RELIABLE,RELIABLE,MOVING,STATIONARY,STATIONARY,STATIONARY,STATIONARY,STATIONARY,STATIONARY,STATIONARY,MOVING
71275,2118,1,HEAD,0.11156578,0.00251652,0.02255635,0.01248028,0.02082509,0.01716956,0.01333592,0.01596842,0.01165658,0.01360259,0.01546464,RELIABLE,RELIABLE,RELIABLE,RELIABLE,RELIABLE,RELIABLE,RELIABLE,RELIABLE,MOVING,STATIONARY,STATIONARY,STATIONARY,STATIONARY,STATIONARY,STATIONARY,STATIONARY,MOVING
71307,2119,1,HEAD,0.11128446,0.00213992,0.01922927,0.01418863,0.02513091,0.02146785,0.01423327,0.01694373,0.01219900,0.01091035,0.01524334,RELIABLE,RELIABLE,RELIABLE,RELIABLE,RELIABLE,RELIABLE,RELIABLE,RELIABLE,STATIONARY,STATIONARY,STATIONARY,STATIONARY,STATIONARY,STATIONARY,STATIONARY,STATIONARY,STATIONARY
71339,2120,1,HEAD,0.11134464,0.00291772,0.02620442,0.01635808,0.02987891,0.02682715,0.01631025,0.01760268,0.01340663,0.01115546,0.01507894,RELIABLE,RELIABLE,RELIABLE,RELIABLE,RELIABLE,RELIABLE,RELIABLE,RELIABLE,STATIONARY,STATIONARY,STATIONARY,STATIONARY,STATIONARY,STATIONARY,STATIONARY,STATIONARY,STATIONARY
71371,2121,1,HEAD,0.11156518,0.00311226,0.02789630,0.01925564,0.03532391,0.03180287,0.01865362,0.01786465,0.01492457,0.01279297,0.01505221,RELIABLE,RELIABLE,RELIABLE,RELIABLE,RELIABLE,RELIABLE,RELIABLE,RELIABLE,STATIONARY,STATIONARY,STATIONARY,STATIONARY,STATIONARY,STATIONARY,STATIONARY,STATIONARY,STATIONARY
71403,2122,1,HEAD,0.11183396,0.00453156,0.04052044,0.02328768,0.04339284,0.03797273,0.01991417,0.01712769,0.01504331,0.01418350,0.01509450,RELIABLE,RELIABLE,RELIABLE,RELIABLE,RELIABLE,RELIABLE,RELIABLE,RELIABLE,STATIONARY,STATIONARY,STATIONARY,STATIONARY,STATIONARY,STATIONARY,STATIONARY,STATIONARY,STATIONARY
71434,2123,1,HEAD,0.11196645,0.00467314,0.04173693,0.02631999,0.04910644,0.04464203,0.02040753,0.01805851,0.01524623,0.01415075,0.01502473,RELIABLE,RELIABLE,RELIABLE,RELIABLE,RELIABLE,RELIABLE,RELIABLE,RELIABLE,STATIONARY,STATIONARY,STATIONARY,STATIONARY,STATIONARY,STATIONARY,STATIONARY,STATIONARY,STATIONARY
71476,2124,1,HEAD,0.11230464,0.00540897,0.04816341,0.03065106,0.05583607,0.05187100,0.02006290,0.01665279,0.01475940,0.01455941,0.01572422,RELIABLE,RELIABLE,RELIABLE,RELIABLE,RELIABLE,RELIABLE,RELIABLE,RELIABLE,STATIONARY,STATIONARY,STATIONARY,STATIONARY,STATIONARY,STATIONARY,STATIONARY,STATIONARY,STATIONARY
71513,2125,1,HEAD,0.11248854,0.00565155,0.05024108,0.03456852,0.06198582,0.05751735,0.02083981,0.01708100,0.01520599,0.01407595,0.01546687,RELIABLE,RELIABLE,RELIABLE,RELIABLE,RELIABLE,RELIABLE,RELIABLE,RELIABLE,STATIONARY,STATIONARY,STATIONARY,STATIONARY,STATIONARY,STATIONARY,STATIONARY,STATIONARY,STATIONARY
71544,2126,1,HEAD,0.11258127,0.00584957,0.05195864,0.03824381,0.06798510,0.06452086,0.02168089,0.01786077,0.01565139,0.01744167,0.01607159,RELIABLE,RELIABLE,RELIABLE,RELIABLE,RELIABLE,RELIABLE,RELIABLE,RELIABLE,MOVING,STATIONARY,STATIONARY,STATIONARY,STATIONARY,STATIONARY,STATIONARY,STATIONARY,MOVING
71575,2127,1,HEAD,0.11267837,0.00518741,0.04603730,0.04159481,0.07221400,0.06887055,0.02178511,0.01914219,0.01608154,0.01861830,0.01603813,RELIABLE,RELIABLE,RELIABLE,RELIABLE,RELIABLE,RELIABLE,RELIABLE,RELIABLE,MOVING,STATIONARY,STATIONARY,STATIONARY,STATIONARY,STATIONARY,STATIONARY,STATIONARY,MOVING
71607,2128,1,HEAD,0.11323469,0.00402822,0.03557405,0.04276602,0.07407744,0.07055913,0.02111957,0.02045543,0.01671516,0.01930629,0.01685115,RELIABLE,RELIABLE,RELIABLE,RELIABLE,RELIABLE,RELIABLE,RELIABLE,RELIABLE,MOVING,STATIONARY,STATIONARY,STATIONARY,STATIONARY,STATIONARY,STATIONARY,STATIONARY,MOVING
71638,2129,1,HEAD,0.11387127,0.00268274,0.02355943,0.04222391,0.07327270,0.07059530,0.02098260,0.02082938,0.01694393,0.01774434,0.01797839,RELIABLE,RELIABLE,RELIABLE,RELIABLE,RELIABLE,RELIABLE,RELIABLE,RELIABLE,MOVING,STATIONARY,STATIONARY,STATIONARY,STATIONARY,STATIONARY,STATIONARY,STATIONARY,MOVING
71669,2130,1,HEAD,0.11481871,0.00226065,0.01968888,0.03961996,0.06868452,0.06818514,0.01978322,0.02037590,0.01679568,0.01682344,0.01755800,RELIABLE,RELIABLE,RELIABLE,RELIABLE,RELIABLE,RELIABLE,RELIABLE,RELIABLE,MOVING,STATIONARY,STATIONARY,STATIONARY,STATIONARY,STATIONARY,STATIONARY,STATIONARY,MOVING
71700,2131,1,HEAD,0.11525831,0.00137314,0.01191362,0.03589205,0.06273544,0.06214036,0.01894746,0.01875696,0.01678770,0.01669608,0.01809020,RELIABLE,RELIABLE,RELIABLE,RELIABLE,RELIABLE,RELIABLE,RELIABLE,RELIABLE,MOVING,STATIONARY,STATIONARY,STATIONARY,STATIONARY,STATIONARY,STATIONARY,STATIONARY,MOVING
71732,2132,1,HEAD,0.11580074,0.00098263,0.00848549,0.03093231,0.05545585,0.05389406,0.01800020,0.01839356,0.01702160,0.01865889,0.01891928,RELIABLE,RELIABLE,RELIABLE,RELIABLE,RELIABLE,RELIABLE,RELIABLE,RELIABLE,MOVING,STATIONARY,STATIONARY,STATIONARY,STATIONARY,STATIONARY,STATIONARY,STATIONARY,MOVING
71763,2133,1,HEAD,0.11632294,0.00047063,0.00404586,0.02515791,0.04486102,0.04477955,0.01597813,0.01638821,0.01599359,0.02009109,0.01805702,RELIABLE,RELIABLE,RELIABLE,RELIABLE,RELIABLE,RELIABLE,RELIABLE,RELIABLE,MOVING,STATIONARY,STATIONARY,STATIONARY,STATIONARY,STATIONARY,STATIONARY,STATIONARY,MOVING
71796,2134,1,HEAD,0.11679851,0.00019854,0.00169989,0.01887556,0.03398720,0.03457689,0.01326192,0.01459369,0.01452822,0.01839871,0.01795612,RELIABLE,RELIABLE,RELIABLE,RELIABLE,RELIABLE,RELIABLE,RELIABLE,RELIABLE,MOVING,STATIONARY,STATIONARY,STATIONARY,STATIONARY,STATIONARY,STATIONARY,STATIONARY,MOVING
71844,2135,1,HEAD,0.11660225,0.00079238,0.00679556,0.01397035,0.02622302,0.02713116,0.01224388,0.01213961,0.01442121,0.02067343,0.01770734,RELIABLE,RELIABLE,RELIABLE,RELIABLE,RELIABLE,RELIABLE,RELIABLE,RELIABLE,MOVING,STATIONARY,STATIONARY,STATIONARY,STATIONARY,STATIONARY,STATIONARY,STATIONARY,MOVING
71876,2136,1,HEAD,0.11612948,0.00152201,0.01310615,0.01116186,0.02116699,0.02280507,0.01095534,0.01064753,0.01404048,0.02056601,0.01661905,RELIABLE,RELIABLE,RELIABLE,RELIABLE,RELIABLE,RELIABLE,RELIABLE,RELIABLE,MOVING,STATIONARY,STATIONARY,STATIONARY,STATIONARY,STATIONARY,STATIONARY,STATIONARY,MOVING
71908,2137,1,HEAD,0.11535368,0.00134224,0.01163587,0.00967141,0.01831262,0.01936008,0.00982873,0.01038353,0.01287711,0.02055079,0.01580047,RELIABLE,RELIABLE,RELIABLE,RELIABLE,RELIABLE,RELIABLE,RELIABLE,RELIABLE,MOVING,STATIONARY,STATIONARY,STATIONARY,STATIONARY,STATIONARY,STATIONARY,STATIONARY,MOVING
71940,2138,1,HEAD,0.11534570,0.00192775,0.01671276,0.00929940,0.01697302,0.01745642,0.01081254,0.01182313,0.01278223,0.02046277,0.01514640,RELIABLE,RELIABLE,RELIABLE,RELIABLE,RELIABLE,RELIABLE,RELIABLE,RELIABLE,MOVING,STATIONARY,STATIONARY,STATIONARY,STATIONARY,STATIONARY,STATIONARY,STATIONARY,MOVING
71973,2139,1,HEAD,0.11481545,0.00269534,0.02347540,0.01074462,0.01902699,0.01976672,0.01105213,0.01240583,0.01347347,0.01948414,0.01427137,RELIABLE,RELIABLE,RELIABLE,RELIABLE,RELIABLE,RELIABLE,RELIABLE,RELIABLE,MOVING,STATIONARY,STATIONARY,STATIONARY,STATIONARY,STATIONARY,STATIONARY,STATIONARY,MOVING
72004,2140,1,HEAD,0.11363486,0.00320054,0.02816514,0.01320458,0.02377254,0.02534830,0.01391378,0.01387278,0.01416167,0.01713015,0.01275126,RELIABLE,RELIABLE,RELIABLE,RELIABLE,RELIABLE,RELIABLE,RELIABLE,RELIABLE,STATIONARY,STATIONARY,STATIONARY,STATIONARY,STATIONARY,STATIONARY,STATIONARY,STATIONARY,STATIONARY
72036,2141,1,HEAD,0.11291935,0.00425989,0.03772506,0.01741448,0.03153732,0.03312463,0.01647042,0.01589803,0.01714834,0.01683029,0.01456746,RELIABLE,RELIABLE,RELIABLE,RELIABLE,RELIABLE,RELIABLE,RELIABLE,RELIABLE,STATIONARY,STATIONARY,STATIONARY,STATIONARY,STATIONARY,STATIONARY,STATIONARY,STATIONARY,STATIONARY
72068,2142,1,HEAD,0.11260479,0.00535387,0.04754566,0.02314520,0.04156152,0.04197461,0.01957450,0.01910257,0.01959602,0.01620793,0.01475350,RELIABLE,RELIABLE,RELIABLE,RELIABLE,RELIABLE,RELIABLE,RELIABLE,RELIABLE,STATIONARY,STATIONARY,STATIONARY,STATIONARY,STATIONARY,STATIONARY,STATIONARY,STATIONARY,STATIONARY
72100,2143,1,HEAD,0.11220044,0.00555730,0.04953015,0.02848702,0.05097102,0.04992641,0.02201681,0.02117763,0.01900147,0.01361979,0.01331289,RELIABLE,RELIABLE,RELIABLE,RELIABLE,RELIABLE,RELIABLE,RELIABLE,RELIABLE,STATIONARY,STATIONARY,STATIONARY,STATIONARY,STATIONARY,STATIONARY,STATIONARY,STATIONARY,STATIONARY
72141,2144,1,HEAD,0.11154980,0.00562298,0.05040777,0.03314973,0.05896785,0.05607482,0.02453628,0.02143988,0.01933579,0.01294647,0.01542009,RELIABLE,RELIABLE,RELIABLE,RELIABLE,RELIABLE,RELIABLE,RELIABLE,RELIABLE,STATIONARY,STATIONARY,STATIONARY,STATIONARY,STATIONARY,STATIONARY,STATIONARY,STATIONARY,STATIONARY
72173,2145,1,HEAD,0.11184476,0.00573473,0.05127400,0.03810449,0.06743893,0.06402049,0.02523502,0.02354414,0.02053087,0.01365130,0.01670809,RELIABLE,RELIABLE,RELIABLE,RELIABLE,RELIABLE,RELIABLE,RELIABLE,RELIABLE,MOVING,STATIONARY,STATIONARY,STATIONARY,STATIONARY,STATIONARY,STATIONARY,STATIONARY,MOVING
72204,2146,1,HEAD,0.11217490,0.00505427,0.04505701,0.04164752,0.07429516,0.07057826,0.02549226,0.02304140,0.02020066,0.01288543,0.01764071,RELIABLE,RELIABLE,RELIABLE,RELIABLE,RELIABLE,RELIABLE,RELIABLE,RELIABLE,MOVING,STATIONARY,STATIONARY,STATIONARY,STATIONARY,STATIONARY,STATIONARY,STATIONARY,MOVING
72244,2147,1,HEAD,0.11194121,0.00459432,0.04104223,0.04384338,0.07807069,0.07434394,0.02754331,0.02382753,0.02108042,0.01624129,0.01776569,RELIABLE,RELIABLE,RELIABLE,RELIABLE,RELIABLE,RELIABLE,RELIABLE,RELIABLE,MOVING,STATIONARY,STATIONARY,STATIONARY,STATIONARY,STATIONARY,STATIONARY,STATIONARY,MOVING
72282,2148,1,HEAD,0.11167364,0.00229716,0.02057028,0.04289402,0.07638947,0.07158823,0.02541214,0.02271924,0.02004560,0.01775850,0.01755758,RELIABLE,RELIABLE,RELIABLE,RELIABLE,RELIABLE,RELIABLE,RELIABLE,RELIABLE,MOVING,STATIONARY,STATIONARY,STATIONARY,STATIONARY,STATIONARY,STATIONARY,STATIONARY,MOVING
72313,2149,1,HEAD,0.11170476,0.00419753,0.03757702,0.04287552,0.07678319,0.07178021,0.02654797,0.02452291,0.01894612,0.01674149,0.01870718,RELIABLE,RELIABLE,RELIABLE,RELIABLE,RELIABLE,RELIABLE,RELIABLE,RELIABLE,MOVING,MOVING,STATIONARY,STATIONARY,STATIONARY,STATIONARY,STATIONARY,STATIONARY,MOVING
72345,2150,1,HEAD,0.11189679,0.00242402,0.02166297,0.03964018,0.07167900,0.06778988,0.02419766,0.02142365,0.01699054,0.01586887,0.01733250,RELIABLE,RELIABLE,RELIABLE,RELIABLE,RELIABLE,RELIABLE,RELIABLE,RELIABLE,MOVING,MOVING,STATIONARY,STATIONARY,STATIONARY,STATIONARY,STATIONARY,STATIONARY,MOVING
72376,2151,1,HEAD,0.11189071,0.00204349,0.01826323,0.03573181,0.06383919,0.06080241,0.02339098,0.01989298,0.01561480,0.01552226,0.01735048,RELIABLE,RELIABLE,RELIABLE,RELIABLE,RELIABLE,RELIABLE,RELIABLE,RELIABLE,MOVING,MOVING,STATIONARY,STATIONARY,STATIONARY,STATIONARY,STATIONARY,STATIONARY,MOVING
72408,2152,1,HEAD,0.11196540,0.00073566,0.00657043,0.03025215,0.05406460,0.05222461,0.02145873,0.01899873,0.01418742,0.01523243,0.01560153,RELIABLE,RELIABLE,RELIABLE,RELIABLE,RELIABLE,RELIABLE,RELIABLE,RELIABLE,MOVING,MOVING,STATIONARY,STATIONARY,STATIONARY,STATIONARY,STATIONARY,STATIONARY,MOVING
72438,2153,1,HEAD,0.11224289,0.00072525,0.00646140,0.02465057,0.04324241,0.04193683,0.01930123,0.01575795,0.01233719,0.01454116,0.01385613,RELIABLE,RELIABLE,RELIABLE,RELIABLE,RELIABLE,RELIABLE,RELIABLE,RELIABLE,MOVING,MOVING,STATIONARY,STATIONARY,STATIONARY,STATIONARY,STATIONARY,STATIONARY,MOVING
72470,2154,1,HEAD,0.11210752,0.00065138,0.00581029,0.01974473,0.03348293,0.03280304,0.01711763,0.01496525,0.01134202,0.01550755,0.01405417,RELIABLE,RELIABLE,RELIABLE,RELIABLE,RELIABLE,RELIABLE,RELIABLE,RELIABLE,MOVING,MOVING,STATIONARY,STATIONARY,STATIONARY,STATIONARY,STATIONARY,STATIONARY,MOVING
72501,2155,1,HEAD,0.11202249,0.00109026,0.00973251,0.01583102,0.02658004,0.02583987,0.01532783,0.01360535,0.00986270,0.01284075,0.01425008,RELIABLE,RELIABLE,RELIABLE,RELIABLE,RELIABLE,RELIABLE,RELIABLE,RELIABLE,MOVING,MOVING,STATIONARY,STATIONARY,STATIONARY,STATIONARY,STATIONARY,STATIONARY,MOVING
72532,2156,1,HEAD,0.11218278,0.00097023,0.00864870,0.01434082,0.02422585,0.02351934,0.01448199,0.01334781,0.01056072,0.01367363,0.01679243,RELIABLE,RELIABLE,RELIABLE,RELIABLE,RELIABLE,RELIABLE,RELIABLE,RELIABLE,MOVING,MOVING,STATIONARY,STATIONARY,STATIONARY,STATIONARY,STATIONARY,STATIONARY,MOVING
72564,2157,1,HEAD,0.11227268,0.00222479,0.01981591,0.01212068,0.01954260,0.01924005,0.01386622,0.00986901,0.01024460,0.01558674,0.01584054,RELIABLE,RELIABLE,RELIABLE,RELIABLE,RELIABLE,RELIABLE,RELIABLE,RELIABLE,MOVING,MOVING,STATIONARY,STATIONARY,STATIONARY,STATIONARY,STATIONARY,STATIONARY,MOVING
72613,2158,1,HEAD,0.11175089,0.00218086,0.01951537,0.01185223,0.01930755,0.01871183,0.01426148,0.01195220,0.01129473,0.01529921,0.01630157,RELIABLE,RELIABLE,RELIABLE,RELIABLE,RELIABLE,RELIABLE,RELIABLE,RELIABLE,MOVING,STATIONARY,STATIONARY,STATIONARY,STATIONARY,STATIONARY,STATIONARY,STATIONARY,MOVING
72645,2159,1,HEAD,0.11161731,0.00175641,0.01573598,0.01153632,0.02058632,0.02003665,0.01553159,0.01201432,0.01416578,0.01750911,0.02001299,RELIABLE,RELIABLE,RELIABLE,RELIABLE,RELIABLE,RELIABLE,RELIABLE,RELIABLE,MOVING,STATIONARY,STATIONARY,STATIONARY,STATIONARY,STATIONARY,STATIONARY,STATIONARY,MOVING
72675,2160,1,HEAD,0.11163057,0.00087820,0.00786706,0.01169840,0.02194781,0.02130670,0.01555003,0.01176629,0.01476473,0.01867503,0.02176521,RELIABLE,RELIABLE,RELIABLE,RELIABLE,RELIABLE,RELIABLE,RELIABLE,RELIABLE,STATIONARY,STATIONARY,STATIONARY,STATIONARY,STATIONARY,STATIONARY,STATIONARY,STATIONARY,STATIONARY
72708,2161,1,HEAD,0.11186526,0.00457711,0.04091628,0.01600526,0.03036806,0.02888829,0.01960394,0.01459948,0.01694473,0.02001254,0.02272918,RELIABLE,RELIABLE,RELIABLE,RELIABLE,RELIABLE,RELIABLE,RELIABLE,RELIABLE,STATIONARY,STATIONARY,STATIONARY,STATIONARY,STATIONARY,STATIONARY,STATIONARY,STATIONARY,STATIONARY
72740,2162,1,HEAD,0.11188302,0.00394964,0.03530149,0.01969166,0.03841423,0.03605516,0.02224497,0.01554309,0.01817506,0.01917050,0.02284437,RELIABLE,RELIABLE,RELIABLE,RELIABLE,RELIABLE,RELIABLE,RELIABLE,RELIABLE,STATIONARY,STATIONARY,STATIONARY,STATIONARY,STATIONARY,STATIONARY,STATIONARY,STATIONARY,STATIONARY
72772,2163,1,HEAD,0.11188516,0.00392333,0.03506572,0.02285831,0.04361743,0.04183614,0.02351296,0.01923345,0.02033893,0.02132967,0.02478906,RELIABLE,RELIABLE,RELIABLE,RELIABLE,RELIABLE,RELIABLE,RELIABLE,RELIABLE,STATIONARY,STATIONARY,STATIONARY,STATIONARY,STATIONARY,STATIONARY,STATIONARY,STATIONARY,STATIONARY
72804,2164,1,HEAD,0.11234563,0.00424877,0.03781872,0.02650457,0.05025590,0.04850681,0.02393815,0.02105202,0.02136962,0.02114182,0.02731583,RELIABLE,RELIABLE,RELIABLE,RELIABLE,RELIABLE,RELIABLE,RELIABLE,RELIABLE,STATIONARY,STATIONARY,STATIONARY,STATIONARY,STATIONARY,STATIONARY,STATIONARY,STATIONARY,STATIONARY
72836,2165,1,HEAD,0.11281355,0.00475641,0.04216171,0.02929779,0.05484800,0.05289044,0.02373698,0.02349753,0.02113673,0.01992218,0.02713121,RELIABLE,RELIABLE,RELIABLE,RELIABLE,RELIABLE,RELIABLE,RELIABLE,RELIABLE,STATIONARY,STATIONARY,STATIONARY,STATIONARY,STATIONARY,STATIONARY,STATIONARY,STATIONARY,STATIONARY
72868,2166,1,HEAD,0.11314874,0.00454012,0.04012524,0.03187402,0.05908156,0.05698360,0.02453681,0.02392879,0.02139922,0.02237119,0.02759239,RELIABLE,RELIABLE,RELIABLE,RELIABLE,RELIABLE,RELIABLE,RELIABLE,RELIABLE,STATIONARY,STATIONARY,STATIONARY,STATIONARY,STATIONARY,STATIONARY,STATIONARY,STATIONARY,STATIONARY
72900,2167,1,HEAD,0.11338998,0.00398291,0.03512577,0.03429775,0.06283406,0.06040740,0.02446369,0.02596494,0.01989010,0.02102506,0.02355054,RELIABLE,RELIABLE,RELIABLE,RELIABLE,RELIABLE,RELIABLE,RELIABLE,RELIABLE,MOVING,STATIONARY,STATIONARY,STATIONARY,STATIONARY,STATIONARY,STATIONARY,STATIONARY,MOVING
72933,2168,1,HEAD,0.11364036,0.00313772,0.02761098,0.03676574,0.06718934,0.06490388,0.02557635,0.02820052,0.02064861,0.02114007,0.02265129,RELIABLE,RELIABLE,RELIABLE,RELIABLE,RELIABLE,RELIABLE,RELIABLE,RELIABLE,MOVING,STATIONARY,STATIONARY,STATIONARY,STATIONARY,STATIONARY,STATIONARY,STATIONARY,MOVING
72964,2169,1,HEAD,0.11403683,0.00256152,0.02246220,0.03445898,0.06332876,0.06214661,0.02269760,0.02747130,0.02000139,0.02076958,0.02136280,RELIABLE,RELIABLE,RELIABLE,RELIABLE,RELIABLE,RELIABLE,RELIABLE,RELIABLE,MOVING,STATIONARY,STATIONARY,STATIONARY,STATIONARY,STATIONARY,STATIONARY,STATIONARY,MOVING
73013,2170,1,HEAD,0.11430327,0.00208086,0.01820471,0.03232188,0.05961729,0.05855623,0.02206443,0.02713958,0.01986518,0.02116839,0.02016782,RELIABLE,RELIABLE,RELIABLE,RELIABLE,RELIABLE,RELIABLE,RELIABLE,RELIABLE,MOVING,STATIONARY,STATIONARY,STATIONARY,STATIONARY,STATIONARY,STATIONARY,STATIONARY,MOVING
73039,2171,1,HEAD,0.11448633,0.00104043,0.00908780,0.02907464,0.05429552,0.05263154,0.01993777,0.02286821,0.01711118,0.01855765,0.01749597,RELIABLE,RELIABLE,RELIABLE,RELIABLE,RELIABLE,RELIABLE,RELIABLE,RELIABLE,MOVING,STATIONARY,STATIONARY,STATIONARY,STATIONARY,STATIONARY,STATIONARY,STATIONARY,MOVING
73070,2172,1,HEAD,0.11486683,0.00120424,0.01048378,0.02565777,0.04842305,0.04696855,0.01995715,0.02090984,0.01545727,0.01694792,0.01334582,RELIABLE,RELIABLE,RELIABLE,RELIABLE,RELIABLE,RELIABLE,RELIABLE,RELIABLE,MOVING,STATIONARY,STATIONARY,STATIONARY,STATIONARY,STATIONARY,STATIONARY,STATIONARY,MOVING
73108,2173,1,HEAD,0.11481909,0.00115523,0.01006128,0.02164522,0.04200451,0.04069998,0.01804693,0.01971838,0.01645712,0.01731452,0.01433573,RELIABLE,RELIABLE,RELIABLE,RELIABLE,RELIABLE,RELIABLE,PARTIAL,PARTIAL,MOVING,STATIONARY,STATIONARY,STATIONARY,STATIONARY,STATIONARY,STATIONARY,STATIONARY,MOVING
73147,2174,1,HEAD,0.11440269,0.00039346,0.00343928,0.01705947,0.03305555,0.03230179,0.01658326,0.01790790,0.01507030,0.01493470,0.01407047,RELIABLE,RELIABLE,RELIABLE,RELIABLE,RELIABLE,RELIABLE,RELIABLE,RELIABLE,MOVING,STATIONARY,STATIONARY,STATIONARY,STATIONARY,STATIONARY,STATIONARY,STATIONARY,MOVING
73179,2175,1,HEAD,0.11419116,0.00108174,0.00947303,0.01385288,0.02613069,0.02520003,0.01430269,0.01586901,0.01383720,0.01431830,0.01455715,RELIABLE,RELIABLE,RELIABLE,RELIABLE,RELIABLE,RELIABLE,RELIABLE,RELIABLE,MOVING,STATIONARY,STATIONARY,STATIONARY,STATIONARY,STATIONARY,STATIONARY,STATIONARY,MOVING
73210,2176,1,HEAD,0.11366631,0.00095452,0.00839753,0.01145120,0.02027858,0.01984161,0.01307163,0.01501044,0.01257761,0.01540741,0.01492975,RELIABLE,RELIABLE,RELIABLE,RELIABLE,RELIABLE,RELIABLE,RELIABLE,RELIABLE,MOVING,STATIONARY,STATIONARY,STATIONARY,STATIONARY,STATIONARY,STATIONARY,STATIONARY,MOVING
73242,2177,1,HEAD,0.11320780,0.00174303,0.01539672,0.01056801,0.01855922,0.01718415,0.01392132,0.01389553,0.01237868,0.01539423,0.01537112,RELIABLE,RELIABLE,RELIABLE,RELIABLE,RELIABLE,RELIABLE,RELIABLE,RELIABLE,MOVING,STATIONARY,STATIONARY,STATIONARY,STATIONARY,STATIONARY,STATIONARY,STATIONARY,MOVING
73273,2178,1,HEAD,0.11242613,0.00186749,0.01661084,0.01036878,0.01705613,0.01592441,0.01375554,0.01506255,0.01262951,0.01514954,0.01621936,RELIABLE,RELIABLE,RELIABLE,RELIABLE,RELIABLE,RELIABLE,RELIABLE,RELIABLE,MOVING,STATIONARY,STATIONARY,STATIONARY,STATIONARY,STATIONARY,STATIONARY,STATIONARY,MOVING
73304,2179,1,HEAD,0.11218145,0.00218326,0.01946189,0.01166554,0.01917393,0.01851254,0.01347626,0.01954943,0.01425052,0.01708773,0.01810648,RELIABLE,RELIABLE,RELIABLE,RELIABLE,RELIABLE,RELIABLE,RELIABLE,RELIABLE,STATIONARY,STATIONARY,STATIONARY,STATIONARY,STATIONARY,STATIONARY,STATIONARY,STATIONARY,STATIONARY
73335,2180,1,HEAD,0.11150841,0.00235096,0.02108328,0.01299048,0.02061564,0.01997632,0.01445302,0.02211376,0.01527795,0.01869389,0.01908497,RELIABLE,RELIABLE,RELIABLE,RELIABLE,RELIABLE,RELIABLE,RELIABLE,RELIABLE,STATIONARY,STATIONARY,STATIONARY,STATIONARY,STATIONARY,STATIONARY,STATIONARY,STATIONARY,STATIONARY
73380,2181,1,HEAD,0.11120799,0.00238956,0.02148726,0.01441873,0.02427690,0.02315072,0.01558058,0.02234278,0.01439991,0.01941806,0.01915455,RELIABLE,RELIABLE,RELIABLE,RELIABLE,RELIABLE,RELIABLE,RELIABLE,RELIABLE,STATIONARY,STATIONARY,STATIONARY,STATIONARY,STATIONARY,STATIONARY,STATIONARY,STATIONARY,STATIONARY
73413,2182,1,HEAD,0.11096173,0.00282700,0.02547728,0.01717348,0.02970543,0.02848396,0.01750802,0.02377595,0.01727790,0.02125786,0.01996870,RELIABLE,RELIABLE,RELIABLE,RELIABLE,RELIABLE,RELIABLE,RELIABLE,RELIABLE,STATIONARY,STATIONARY,STATIONARY,STATIONARY,STATIONARY,STATIONARY,STATIONARY,STATIONARY,STATIONARY
73445,2183,1,HEAD,0.11080921,0.00141350,0.01275617,0.01758387,0.03101920,0.03062446,0.01774362,0.02376520,0.01838018,0.02138514,0.02023676,RELIABLE,RELIABLE,RELIABLE,RELIABLE,RELIABLE,RELIABLE,RELIABLE,RELIABLE,STATIONARY,STATIONARY,STATIONARY,STATIONARY,STATIONARY,STATIONARY,STATIONARY,STATIONARY,STATIONARY
73475,2184,1,HEAD,0.11091809,0.00272954,0.02460859,0.01961025,0.03542697,0.03480123,0.01792596,0.02516111,0.01886433,0.01950264,0.01879081,RELIABLE,RELIABLE,RELIABLE,RELIABLE,RELIABLE,RELIABLE,RELIABLE,RELIABLE,STATIONARY,STATIONARY,STATIONARY,STATIONARY,STATIONARY,STATIONARY,STATIONARY,STATIONARY,STATIONARY
73508,2185,1,HEAD,0.11080096,0.00559615,0.05050635,0.02399896,0.04251526,0.04228022,0.02043400,0.02556093,0.02034278,0.02118499,0.01907438,RELIABLE,RELIABLE,RELIABLE,RELIABLE,RELIABLE,RELIABLE,RELIABLE,RELIABLE,STATIONARY,STATIONARY,STATIONARY,STATIONARY,STATIONARY,STATIONARY,STATIONARY,STATIONARY,STATIONARY
73540,2186,1,HEAD,0.11104971,0.00399853,0.03600665,0.02642343,0.04781716,0.04746019,0.02102501,0.02470291,0.02112686,0.02428812,0.01970186,RELIABLE,RELIABLE,RELIABLE,RELIABLE,RELIABLE,RELIABLE,RELIABLE,RELIABLE,STATIONARY,STATIONARY,STATIONARY,STATIONARY,STATIONARY,STATIONARY,STATIONARY,STATIONARY,STATIONARY
73572,2187,1,HEAD,0.11159216,0.00339001,0.03037859,0.02778802,0.05079744,0.05007621,0.02242429,0.02422751,0.02201986,0.02348999,0.02020188,RELIABLE,RELIABLE,RELIABLE,RELIABLE,RELIABLE,RELIABLE,RELIABLE,RELIABLE,STATIONARY,STATIONARY,STATIONARY,STATIONARY,STATIONARY,STATIONARY,STATIONARY,STATIONARY,STATIONARY
73604,2188,1,HEAD,0.11218371,0.00256489,0.02286330,0.02801052,0.05227024,0.05029184,0.02171887,0.02342524,0.02207957,0.02218342,0.01946006,RELIABLE,RELIABLE,RELIABLE,RELIABLE,RELIABLE,RELIABLE,RELIABLE,RELIABLE,STATIONARY,STATIONARY,STATIONARY,STATIONARY,STATIONARY,STATIONARY,STATIONARY,STATIONARY,STATIONARY
73636,2189,1,HEAD,0.11236156,0.00248336,0.02210149,0.02808730,0.05149364,0.04901562,0.02169838,0.02255070,0.02220362,0.02187053,0.01804134,RELIABLE,RELIABLE,RELIABLE,RELIABLE,RELIABLE,RELIABLE,RELIABLE,RELIABLE,MOVING,STATIONARY,STATIONARY,STATIONARY,STATIONARY,STATIONARY,STATIONARY,STATIONARY,MOVING
73668,2190,1,HEAD,0.11259724,0.00149579,0.01328444,0.02656320,0.04870370,0.04657885,0.02081131,0.02139966,0.02049106,0.02126344,0.01591489,RELIABLE,RELIABLE,RELIABLE,RELIABLE,RELIABLE,RELIABLE,RELIABLE,RELIABLE,MOVING,STATIONARY,STATIONARY,STATIONARY,STATIONARY,STATIONARY,STATIONARY,STATIONARY,MOVING
73700,2191,1,HEAD,0.11293644,0.00136984,0.01212934,0.02648484,0.04894324,0.04631399,0.02210672,0.02264604,0.02065533,0.02159308,0.01582941,RELIABLE,RELIABLE,RELIABLE,RELIABLE,RELIABLE,RELIABLE,RELIABLE,RELIABLE,MOVING,STATIONARY,STATIONARY,STATIONARY,STATIONARY,STATIONARY,STATIONARY,STATIONARY,MOVING
73732,2192,1,HEAD,0.11323743,0.00168343,0.01486635,0.02526706,0.04633288,0.04374432,0.02255010,0.02289663,0.02149934,0.02341989,0.01653678,RELIABLE,RELIABLE,RELIABLE,RELIABLE,RELIABLE,RELIABLE,RELIABLE,RELIABLE,MOVING,STATIONARY,STATIONARY,STATIONARY,STATIONARY,STATIONARY,STATIONARY,STATIONARY,MOVING
73780,2193,1,HEAD,0.11308810,0.00090230,0.00797876,0.01995112,0.03766486,0.03567840,0.02016385,0.02244887,0.01957836,0.02129579,0.01561805,RELIABLE,RELIABLE,RELIABLE,RELIABLE,RELIABLE,RELIABLE,RELIABLE,RELIABLE,MOVING,STATIONARY,STATIONARY,STATIONARY,STATIONARY,STATIONARY,STATIONARY,STATIONARY,MOVING
73820,2194,1,HEAD,0.11302151,0.00121825,0.01077894,0.01679765,0.03073557,0.02916345,0.01922126,0.02191455,0.01906701,0.01907512,0.01705066,RELIABLE,RELIABLE,RELIABLE,RELIABLE,RELIABLE,RELIABLE,RELIABLE,RELIABLE,MOVING,STATIONARY,STATIONARY,STATIONARY,STATIONARY,STATIONARY,STATIONARY,STATIONARY,MOVING
73852,2195,1,HEAD,0.11299512,0.00060913,0.00539073,0.01367417,0.02407618,0.02266553,0.01784506,0.01779210,0.01681659,0.01829518,0.01652682,RELIABLE,RELIABLE,RELIABLE,RELIABLE,RELIABLE,RELIABLE,RELIABLE,RELIABLE,MOVING,STATIONARY,STATIONARY,STATIONARY,STATIONARY,STATIONARY,STATIONARY,STATIONARY,MOVING
73884,2196,1,HEAD,0.11298707,0.00157567,0.01394557,0.01255945,0.02111848,0.01932237,0.01864884,0.01814916,0.01612602,0.01764351,0.01692244,RELIABLE,RELIABLE,RELIABLE,RELIABLE,RELIABLE,RELIABLE,RELIABLE,RELIABLE,MOVING,STATIONARY,STATIONARY,STATIONARY,STATIONARY,STATIONARY,STATIONARY,STATIONARY,MOVING
73915,2197,1,HEAD,0.11271580,0.00418200,0.03710218,0.01443454,0.02384806,0.01986059,0.01995740,0.01877590,0.01606257,0.01685091,0.01816944,RELIABLE,RELIABLE,RELIABLE,RELIABLE,RELIABLE,RELIABLE,RELIABLE,RELIABLE,MOVING,STATIONARY,STATIONARY,STATIONARY,STATIONARY,STATIONARY,STATIONARY,STATIONARY,MOVING
73947,2198,1,HEAD,0.11292083,0.00415149,0.03676463,0.01736956,0.02895092,0.02256233,0.02164394,0.01920505,0.01655353,0.01699398,0.02064280,RELIABLE,RELIABLE,RELIABLE,RELIABLE,RELIABLE,RELIABLE,RELIABLE,RELIABLE,MOVING,STATIONARY,STATIONARY,STATIONARY,STATIONARY,STATIONARY,STATIONARY,STATIONARY,MOVING
73978,2199,1,HEAD,0.11329198,0.00347285,0.03065400,0.01968515,0.03292802,0.02536852,0.02147622,0.01885652,0.01719070,0.01932216,0.02188741,RELIABLE,RELIABLE,RELIABLE,RELIABLE,RELIABLE,RELIABLE,RELIABLE,RELIABLE,STATIONARY,STATIONARY,STATIONARY,STATIONARY,STATIONARY,STATIONARY,STATIONARY,STATIONARY,STATIONARY
74010,2200,1,HEAD,0.11354727,0.00327366,0.02883083,0.02143071,0.03612648,0.02804945,0.02191638,0.01659390,0.01640684,0.02054039,0.02341005,RELIABLE,RELIABLE,RELIABLE,RELIABLE,RELIABLE,RELIABLE,RELIABLE,RELIABLE,STATIONARY,STATIONARY,STATIONARY,STATIONARY,STATIONARY,STATIONARY,STATIONARY,STATIONARY,STATIONARY
74042,2201,1,HEAD,0.11347359,0.00284501,0.02507201,0.02356736,0.03933628,0.03154478,0.02241159,0.01621395,0.01737247,0.02436560,0.02732289,RELIABLE,RELIABLE,RELIABLE,RELIABLE,RELIABLE,RELIABLE,RELIABLE,RELIABLE,STATIONARY,STATIONARY,STATIONARY,STATIONARY,STATIONARY,STATIONARY,STATIONARY,STATIONARY,STATIONARY
74074,2202,1,HEAD,0.11348645,0.00279745,0.02465007,0.02530125,0.04294920,0.03548691,0.02280038,0.01767093,0.01820429,0.02558874,0.02623308,RELIABLE,RELIABLE,RELIABLE,RELIABLE,RELIABLE,RELIABLE,RELIABLE,RELIABLE,STATIONARY,STATIONARY,STATIONARY,STATIONARY,STATIONARY,STATIONARY,STATIONARY,STATIONARY,STATIONARY
74104,2203,1,HEAD,0.11387408,0.00278666,0.02447140,0.02768634,0.04734706,0.03889314,0.02366373,0.01842037,0.01881111,0.02588713,0.02545205,RELIABLE,RELIABLE,RELIABLE,RELIABLE,RELIABLE,RELIABLE,RELIABLE,RELIABLE,STATIONARY,STATIONARY,STATIONARY,STATIONARY,STATIONARY,STATIONARY,STATIONARY,STATIONARY,STATIONARY
74147,2204,1,HEAD,0.11355510,0.00295010,0.02597946,0.02919057,0.05076615,0.04458758,0.02340982,0.01718356,0.01928227,0.02646211,0.02486329,RELIABLE,RELIABLE,RELIABLE,RELIABLE,RELIABLE,RELIABLE,RELIABLE,RELIABLE,STATIONARY,STATIONARY,STATIONARY,STATIONARY,STATIONARY,STATIONARY,STATIONARY,STATIONARY,STATIONARY
74184,2205,1,HEAD,0.11345737,0.00086515,0.00762536,0.02550597,0.04407176,0.04143856,0.02043584,0.01539747,0.01906102,0.02683961,0.02629763,RELIABLE,RELIABLE,RELIABLE,RELIABLE,RELIABLE,RELIABLE,RELIABLE,RELIABLE,STATIONARY,STATIONARY,STATIONARY,STATIONARY,STATIONARY,STATIONARY,STATIONARY,STATIONARY,STATIONARY
74216,2206,1,HEAD,0.11343996,0.00043258,0.00381327,0.02138705,0.03646909,0.03624616,0.01708213,0.01313972,0.01731717,0.02588267,0.02620026,RELIABLE,RELIABLE,RELIABLE,RELIABLE,RELIABLE,RELIABLE,RELIABLE,RELIABLE,STATIONARY,STATIONARY,STATIONARY,STATIONARY,STATIONARY,STATIONARY,STATIONARY,STATIONARY,STATIONARY
74248,2207,1,HEAD,0.11376508,0.00087052,0.00765195,0.01851179,0.03028115,0.03153467,0.01552717,0.01266978,0.01681948,0.02446004,0.02908194,RELIABLE,RELIABLE,RELIABLE,RELIABLE,RELIABLE,RELIABLE,RELIABLE,RELIABLE,STATIONARY,STATIONARY,STATIONARY,STATIONARY,STATIONARY,STATIONARY,STATIONARY,STATIONARY,STATIONARY
74279,2208,1,HEAD,0.11399618,0.00129243,0.01133745,0.01632512,0.02544074,0.02737691,0.01458593,0.01172619,0.01682603,0.02234350,0.02970798,RELIABLE,RELIABLE,RELIABLE,RELIABLE,RELIABLE,RELIABLE,RELIABLE,RELIABLE,STATIONARY,STATIONARY,STATIONARY,STATIONARY,STATIONARY,STATIONARY,STATIONARY,STATIONARY,STATIONARY
74311,2209,1,HEAD,0.11387364,0.00330769,0.02904698,0.01682199,0.02695518,0.02830643,0.01286233,0.01315600,0.01577852,0.01839920,0.02595615,RELIABLE,RELIABLE,RELIABLE,RELIABLE,RELIABLE,RELIABLE,RELIABLE,RELIABLE,STATIONARY,STATIONARY,STATIONARY,STATIONARY,STATIONARY,STATIONARY,STATIONARY,STATIONARY,STATIONARY
74343,2210,1,HEAD,0.11451404,0.00264293,0.02307954,0.01662568,0.02737481,0.02794403,0.01168152,0.01189176,0.01434170,0.01652454,0.02589587,RELIABLE,RELIABLE,RELIABLE,RELIABLE,RELIABLE,RELIABLE,RELIABLE,RELIABLE,STATIONARY,STATIONARY,STATIONARY,STATIONARY,STATIONARY,STATIONARY,STATIONARY,STATIONARY,STATIONARY
74374,2211,1,HEAD,0.11481873,0.00214671,0.01869651,0.01590382,0.02597036,0.02769855,0.01122378,0.01201194,0.01390438,0.01678451,0.02575242,RELIABLE,RELIABLE,RELIABLE,RELIABLE,RELIABLE,RELIABLE,RELIABLE,RELIABLE,STATIONARY,STATIONARY,STATIONARY,STATIONARY,STATIONARY,STATIONARY,STATIONARY,STATIONARY,STATIONARY
74406,2212,1,HEAD,0.11463880,0.00306149,0.02670554,0.01599458,0.02481045,0.02554039,0.00958839,0.01161753,0.01265428,0.01631614,0.02549608,RELIABLE,RELIABLE,RELIABLE,RELIABLE,RELIABLE,RELIABLE,RELIABLE,RELIABLE,STATIONARY,STATIONARY,STATIONARY,STATIONARY,STATIONARY,STATIONARY,STATIONARY,STATIONARY,STATIONARY
74437,2213,1,HEAD,0.11428139,0.00240436,0.02103891,0.01767127,0.02755628,0.02742963,0.00958138,0.01265143,0.01216974,0.01654068,0.02235448,RELIABLE,RELIABLE,RELIABLE,RELIABLE,RELIABLE,RELIABLE,RELIABLE,RELIABLE,STATIONARY,STATIONARY,STATIONARY,STATIONARY,STATIONARY,STATIONARY,STATIONARY,STATIONARY,STATIONARY
74468,2214,1,HEAD,0.11396556,0.00236409,0.02074386,0.01978759,0.03136010,0.03074253,0.01066343,0.01383864,0.01348306,0.01889838,0.02189604,RELIABLE,RELIABLE,RELIABLE,RELIABLE,RELIABLE,RELIABLE,RELIABLE,RELIABLE,STATIONARY,STATIONARY,STATIONARY,STATIONARY,STATIONARY,STATIONARY,STATIONARY,STATIONARY,STATIONARY
74500,2215,1,HEAD,0.11328969,0.00188575,0.01664539,0.02091177,0.03387669,0.03192614,0.01031314,0.01304716,0.01230782,0.01855802,0.01862128,RELIABLE,RELIABLE,RELIABLE,RELIABLE,RELIABLE,RELIABLE,RELIABLE,RELIABLE,STATIONARY,STATIONARY,STATIONARY,STATIONARY,STATIONARY,STATIONARY,STATIONARY,STATIONARY,STATIONARY
74548,2216,1,HEAD,0.11255194,0.00114930,0.01021127,0.02077100,0.03474358,0.03148893,0.00998343,0.01403709,0.01228147,0.02031738,0.01817829,RELIABLE,RELIABLE,RELIABLE,RELIABLE,RELIABLE,RELIABLE,RELIABLE,RELIABLE,STATIONARY,STATIONARY,STATIONARY,STATIONARY,STATIONARY,STATIONARY,STATIONARY,STATIONARY,STATIONARY
74580,2217,1,HEAD,0.11190869,0.00076186,0.00680787,0.01799111,0.02934245,0.02581250,0.01071459,0.01282383,0.01246210,0.02005980,0.01868863,RELIABLE,RELIABLE,RELIABLE,RELIABLE,RELIABLE,RELIABLE,RELIABLE,RELIABLE,STATIONARY,STATIONARY,STATIONARY,STATIONARY,STATIONARY,STATIONARY,STATIONARY,STATIONARY,STATIONARY
74607,2218,1,HEAD,0.11145561,0.00038093,0.00341777,0.01553339,0.02427996,0.02096329,0.01031392,0.01180840,0.01143069,0.01894413,0.01683824,RELIABLE,RELIABLE,RELIABLE,RELIABLE,RELIABLE,RELIABLE,RELIABLE,RELIABLE,STATIONARY,STATIONARY,STATIONARY,STATIONARY,STATIONARY,STATIONARY,STATIONARY,STATIONARY,STATIONARY
74639,2219,1,HEAD,0.11128096,0.00086893,0.00780843,0.01417238,0.02097225,0.01784862,0.01007234,0.01154579,0.01132499,0.01964814,0.01646870,RELIABLE,RELIABLE,RELIABLE,RELIABLE,RELIABLE,RELIABLE,RELIABLE,RELIABLE,STATIONARY,STATIONARY,STATIONARY,STATIONARY,STATIONARY,STATIONARY,STATIONARY,STATIONARY,STATIONARY
74671,2220,1,HEAD,0.11103334,0.00090345,0.00813679,0.01185128,0.01722531,0.01398613,0.01137016,0.01154239,0.01272465,0.02111103,0.01839346,RELIABLE,RELIABLE,RELIABLE,RELIABLE,RELIABLE,RELIABLE,RELIABLE,RELIABLE,STATIONARY,STATIONARY,STATIONARY,STATIONARY,STATIONARY,STATIONARY,STATIONARY,STATIONARY,STATIONARY
74708,2221,1,HEAD,0.11079998,0.00153774,0.01387852,0.01095624,0.01432967,0.01171216,0.01394645,0.01347060,0.01531201,0.02226811,0.02027676,RELIABLE,RELIABLE,RELIABLE,RELIABLE,RELIABLE,RELIABLE,RELIABLE,RELIABLE,STATIONARY,STATIONARY,STATIONARY,STATIONARY,STATIONARY,STATIONARY,STATIONARY,STATIONARY,STATIONARY
74749,2222,1,HEAD,0.11052854,0.00202009,0.01827661,0.01064783,0.01398032,0.01127969,0.01386421,0.01412397,0.01545766,0.02135555,0.02106720,RELIABLE,RELIABLE,RELIABLE,RELIABLE,RELIABLE,RELIABLE,RELIABLE,RELIABLE,STATIONARY,STATIONARY,STATIONARY,STATIONARY,STATIONARY,STATIONARY,STATIONARY,STATIONARY,STATIONARY
74781,2223,1,HEAD,0.10978224,0.00145897,0.01328968,0.01022837,0.01313505,0.01232680,0.01538744,0.01574384,0.01759770,0.02092819,0.02073407,RELIABLE,RELIABLE,RELIABLE,RELIABLE,RELIABLE,RELIABLE,RELIABLE,RELIABLE,STATIONARY,STATIONARY,STATIONARY,STATIONARY,STATIONARY,STATIONARY,STATIONARY,STATIONARY,STATIONARY
74813,2224,1,HEAD,0.10983952,0.00087512,0.00796724,0.00994786,0.01325409,0.01347878,0.01670170,0.01571785,0.01816274,0.01996724,0.01947550,RELIABLE,RELIABLE,RELIABLE,RELIABLE,RELIABLE,RELIABLE,RELIABLE,RELIABLE,STATIONARY,STATIONARY,STATIONARY,STATIONARY,STATIONARY,STATIONARY,STATIONARY,STATIONARY,STATIONARY
74845,2225,1,HEAD,0.10971221,0.00097772,0.00891165,0.01021084,0.01385045,0.01464866,0.01699957,0.01735046,0.01960004,0.02123345,0.02095164,RELIABLE,RELIABLE,RELIABLE,RELIABLE,RELIABLE,RELIABLE,RELIABLE,RELIABLE,STATIONARY,STATIONARY,STATIONARY,STATIONARY,STATIONARY,STATIONARY,STATIONARY,STATIONARY,STATIONARY
74876,2226,1,HEAD,0.10956058,0.00109693,0.01001213,0.01103513,0.01508592,0.01695238,0.01937544,0.02044865,0.02125675,0.02327258,0.02242460,RELIABLE,RELIABLE,RELIABLE,RELIABLE,RELIABLE,RELIABLE,RELIABLE,RELIABLE,STATIONARY,STATIONARY,STATIONARY,STATIONARY,STATIONARY,STATIONARY,STATIONARY,STATIONARY,STATIONARY
74916,2227,1,HEAD,0.10939920,0.00119017,0.01087917,0.01141897,0.01551421,0.01784186,0.02046533,0.02193393,0.02308555,0.02471603,0.02584697,RELIABLE,RELIABLE,RELIABLE,RELIABLE,RELIABLE,RELIABLE,RELIABLE,RELIABLE,STATIONARY,STATIONARY,STATIONARY,STATIONARY,STATIONARY,STATIONARY,STATIONARY,STATIONARY,STATIONARY
74955,2228,1,HEAD,0.10913673,0.00139243,0.01275862,0.01199670,0.01601169,0.01901772,0.02083806,0.02277837,0.02256463,0.02323906,0.02352448,RELIABLE,RELIABLE,RELIABLE,RELIABLE,RELIABLE,RELIABLE,RELIABLE,RELIABLE,STATIONARY,STATIONARY,STATIONARY,STATIONARY,STATIONARY,STATIONARY,STATIONARY,STATIONARY,STATIONARY
74987,2229,1,HEAD,0.10891481,0.00069622,0.00639231,0.01106093,0.01608819,0.01894401,0.01850587,0.02037412,0.01966605,0.02042370,0.02095291,RELIABLE,RELIABLE,RELIABLE,RELIABLE,RELIABLE,RELIABLE,RELIABLE,RELIABLE,STATIONARY,STATIONARY,STATIONARY,STATIONARY,STATIONARY,STATIONARY,STATIONARY,STATIONARY,STATIONARY
75017,2230,1,HEAD,0.10848681,0.00088077,0.00811866,0.00979118,0.01257435,0.01669818,0.01859831,0.02113386,0.01929702,0.01978797,0.02116648,RELIABLE,RELIABLE,RELIABLE,RELIABLE,RELIABLE,RELIABLE,RELIABLE,RELIABLE,STATIONARY,STATIONARY,STATIONARY,STATIONARY,STATIONARY,STATIONARY,STATIONARY,STATIONARY,STATIONARY
75048,2231,1,HEAD,0.10835373,0.00084970,0.00784195,0.00911022,0.01182774,0.01567823,0.01800336,0.01998088,0.01854520,0.01994159,0.02214653,RELIABLE,RELIABLE,RELIABLE,RELIABLE,RELIABLE,RELIABLE,RELIABLE,RELIABLE,STATIONARY,STATIONARY,STATIONARY,STATIONARY,STATIONARY,STATIONARY,STATIONARY,STATIONARY,STATIONARY
75080,2232,1,HEAD,0.10827377,0.00093206,0.00860836,0.00919035,0.01199552,0.01530651,0.01702457,0.01941821,0.01846113,0.02062063,0.02351677,RELIABLE,RELIABLE,RELIABLE,RELIABLE,RELIABLE,RELIABLE,RELIABLE,RELIABLE,STATIONARY,STATIONARY,STATIONARY,STATIONARY,STATIONARY,STATIONARY,STATIONARY,STATIONARY,STATIONARY
75112,2233,1,HEAD,0.10802625,0.00132987,0.01231065,0.00961523,0.01328221,0.01586216,0.01651681,0.01763919,0.01832809,0.02114017,0.02434626,RELIABLE,RELIABLE,RELIABLE,RELIABLE,RELIABLE,RELIABLE,RELIABLE,RELIABLE,STATIONARY,STATIONARY,STATIONARY,STATIONARY,STATIONARY,STATIONARY,STATIONARY,STATIONARY,STATIONARY
75142,2234,1,HEAD,0.10831815,0.00045481,0.00419885,0.00888857,0.01258549,0.01394205,0.01523307,0.01430171,0.01694103,0.02052323,0.02714637,RELIABLE,RELIABLE,RELIABLE,RELIABLE,RELIABLE,RELIABLE,RELIABLE,RELIABLE,STATIONARY,STATIONARY,STATIONARY,STATIONARY,STATIONARY,STATIONARY,STATIONARY,STATIONARY,STATIONARY
75174,2235,1,HEAD,0.10833033,0.00067842,0.00626254,0.00831149,0.01235337,0.01317454,0.01406013,0.01253222,0.01460995,0.01893805,0.02808002,RELIABLE,RELIABLE,RELIABLE,RELIABLE,RELIABLE,RELIABLE,RELIABLE,RELIABLE,STATIONARY,STATIONARY,STATIONARY,STATIONARY,STATIONARY,STATIONARY,STATIONARY,STATIONARY,STATIONARY
75206,2236,1,HEAD,0.10841663,0.00072575,0.00669412,0.00755343,0.01172177,0.01169421,0.01261123,0.01156995,0.01503895,0.02112585,0.03211304,RELIABLE,RELIABLE,RELIABLE,RELIABLE,RELIABLE,RELIABLE,RELIABLE,RELIABLE,STATIONARY,STATIONARY,STATIONARY,STATIONARY,STATIONARY,STATIONARY,STATIONARY,STATIONARY,STATIONARY
75238,2237,1,HEAD,0.10866746,0.00141328,0.01300550,0.00838008,0.01210292,0.01149405,0.01209594,0.01224567,0.01611746,0.02553419,0.03764372,RELIABLE,RELIABLE,RELIABLE,RELIABLE,RELIABLE,RELIABLE,RELIABLE,RELIABLE,STATIONARY,STATIONARY,STATIONARY,STATIONARY,STATIONARY,STATIONARY,STATIONARY,STATIONARY,STATIONARY
75270,2238,1,HEAD,0.10869338,0.00158029,0.01453894,0.00918261,0.01448161,0.01297334,0.01267658,0.01102827,0.01524602,0.02518230,0.03589914,RELIABLE,RELIABLE,RELIABLE,RELIABLE,RELIABLE,RELIABLE,RELIABLE,RELIABLE,STATIONARY,STATIONARY,STATIONARY,STATIONARY,STATIONARY,STATIONARY,STATIONARY,STATIONARY,STATIONARY
75316,2239,1,HEAD,0.10858128,0.00113244,0.01042939,0.00950604,0.01464360,0.01242768,0.01274895,0.01123083,0.01471412,0.02543615,0.03613155,RELIABLE,RELIABLE,RELIABLE,RELIABLE,RELIABLE,RELIABLE,RELIABLE,RELIABLE,STATIONARY,STATIONARY,STATIONARY,STATIONARY,STATIONARY,STATIONARY,STATIONARY,STATIONARY,STATIONARY
75349,2240,1,HEAD,0.10823818,0.00121417,0.01121760,0.00983220,0.01503348,0.01235026,0.01223426,0.01233138,0.01386070,0.02401546,0.03627899,RELIABLE,RELIABLE,RELIABLE,RELIABLE,RELIABLE,RELIABLE,RELIABLE,RELIABLE,STATIONARY,STATIONARY,STATIONARY,STATIONARY,STATIONARY,STATIONARY,STATIONARY,STATIONARY,STATIONARY
75381,2241,1,HEAD,0.10792531,0.00060709,0.00562506,0.00899650,0.01339861,0.01077770,0.01100904,0.01190220,0.01170702,0.02276766,0.03450005,RELIABLE,RELIABLE,RELIABLE,RELIABLE,RELIABLE,RELIABLE,RELIABLE,RELIABLE,STATIONARY,STATIONARY,STATIONARY,STATIONARY,STATIONARY,STATIONARY,STATIONARY,STATIONARY,STATIONARY
75413,2242,1,HEAD,0.10818675,0.00179168,0.01656098,0.01054177,0.01593028,0.01295303,0.01028243,0.01323202,0.01467105,0.02489697,0.03669559,RELIABLE,RELIABLE,RELIABLE,RELIABLE,RELIABLE,RELIABLE,RELIABLE,RELIABLE,STATIONARY,STATIONARY,STATIONARY,STATIONARY,STATIONARY,STATIONARY,STATIONARY,STATIONARY,STATIONARY
75444,2243,1,HEAD,0.10811486,0.00151338,0.01399792,0.01150869,0.01853423,0.01480100,0.01169862,0.01449136,0.01569481,0.02388017,0.03441984,RELIABLE,RELIABLE,RELIABLE,RELIABLE,RELIABLE,RELIABLE,RELIABLE,RELIABLE,STATIONARY,STATIONARY,STATIONARY,STATIONARY,STATIONARY,STATIONARY,STATIONARY,STATIONARY,STATIONARY
75476,2244,1,HEAD,0.10826023,0.00110681,0.01022360,0.01194987,0.01983961,0.01671623,0.01408461,0.01645362,0.01614247,0.02205254,0.03231276,RELIABLE,RELIABLE,RELIABLE,RELIABLE,RELIABLE,RELIABLE,RELIABLE,RELIABLE,STATIONARY,STATIONARY,STATIONARY,STATIONARY,STATIONARY,STATIONARY,STATIONARY,STATIONARY,STATIONARY
75509,2245,1,HEAD,0.10818165,0.00238423,0.02203909,0.01307907,0.02540795,0.02185819,0.01868590,0.02085107,0.01832281,0.02034213,0.03088689,RELIABLE,RELIABLE,RELIABLE,RELIABLE,RELIABLE,RELIABLE,RELIABLE,RELIABLE,STATIONARY,STATIONARY,STATIONARY,STATIONARY,STATIONARY,STATIONARY,STATIONARY,STATIONARY,STATIONARY
75540,2246,1,HEAD,0.10825548,0.00210996,0.01949060,0.01369803,0.02861201,0.02497900,0.02137553,0.02597462,0.02158199,0.02068687,0.03481971,RELIABLE,RELIABLE,RELIABLE,RELIABLE,RELIABLE,RELIABLE,RELIABLE,RELIABLE,STATIONARY,STATIONARY,STATIONARY,STATIONARY,STATIONARY,STATIONARY,STATIONARY,STATIONARY,STATIONARY
75572,2247,1,HEAD,0.10873788,0.00208392,0.01916460,0.01478993,0.03283135,0.03013683,0.02497864,0.03269114,0.02447061,0.02091613,0.03857848,RELIABLE,RELIABLE,RELIABLE,RELIABLE,RELIABLE,RELIABLE,RELIABLE,RELIABLE,STATIONARY,STATIONARY,STATIONARY,STATIONARY,STATIONARY,STATIONARY,STATIONARY,STATIONARY,STATIONARY
75604,2248,1,HEAD,0.10884113,0.00222478,0.02044063,0.01594281,0.03706470,0.03521203,0.02964591,0.03815516,0.02837296,0.02194635,0.03918196,RELIABLE,RELIABLE,RELIABLE,RELIABLE,RELIABLE,RELIABLE,RELIABLE,PARTIAL,STATIONARY,STATIONARY,STATIONARY,STATIONARY,STATIONARY,STATIONARY,STATIONARY,STATIONARY,STATIONARY
75635,2249,1,HEAD,0.10904923,0.00279896,0.02566696,0.01844805,0.04366744,0.04237469,0.03480642,0.04628897,0.03369152,0.02381158,0.04190213,RELIABLE,RELIABLE,RELIABLE,RELIABLE,RELIABLE,RELIABLE,RELIABLE,RELIABLE,STATIONARY,STATIONARY,STATIONARY,STATIONARY,STATIONARY,STATIONARY,STATIONARY,STATIONARY,STATIONARY
75684,2250,1,HEAD,0.10955630,0.00283832,0.02590745,0.01961636,0.04891274,0.04833429,0.03942725,0.05280083,0.03608100,0.02252849,0.04135029,RELIABLE,RELIABLE,RELIABLE,RELIABLE,RELIABLE,RELIABLE,RELIABLE,RELIABLE,STATIONARY,STATIONARY,STATIONARY,STATIONARY,STATIONARY,STATIONARY,STATIONARY,STATIONARY,STATIONARY
75716,2251,1,HEAD,0.10995812,0.00373654,0.03398147,0.02211430,0.05715981,0.05608274,0.04353646,0.05851541,0.04049216,0.02437422,0.04324413,RELIABLE,RELIABLE,RELIABLE,RELIABLE,RELIABLE,RELIABLE,RELIABLE,RELIABLE,STATIONARY,STATIONARY,STATIONARY,STATIONARY,MOVING,MOVING,STATIONARY,STATIONARY,MOVING
75756,2252,1,HEAD,0.11024066,0.00186827,0.01694719,0.02295475,0.06015678,0.05843210,0.04348165,0.05919239,0.04062801,0.02470776,0.04356135,RELIABLE,RELIABLE,RELIABLE,RELIABLE,RELIABLE,RELIABLE,RELIABLE,RELIABLE,STATIONARY,STATIONARY,STATIONARY,STATIONARY,MOVING,MOVING,STATIONARY,STATIONARY,MOVING
75788,2253,1,HEAD,0.10984646,0.00360908,0.03285570,0.02430682,0.06297892,0.06059908,0.04360276,0.06019775,0.04119655,0.02511621,0.04045941,RELIABLE,RELIABLE,RELIABLE,RELIABLE,RELIABLE,RELIABLE,PARTIAL,RELIABLE,STATIONARY,STATIONARY,STATIONARY,STATIONARY,MOVING,MOVING,STATIONARY,STATIONARY,MOVING
75819,2254,1,HEAD,0.10925411,0.00368146,0.03369627,0.02608253,0.06832086,0.06548489,0.04648386,0.06184881,0.04386767,0.02906689,0.04223295,RELIABLE,RELIABLE,RELIABLE,RELIABLE,RELIABLE,RELIABLE,PARTIAL,RELIABLE,STATIONARY,STATIONARY,STATIONARY,STATIONARY,MOVING,MOVING,STATIONARY,STATIONARY,MOVING
75850,2255,1,HEAD,0.10913041,0.00453049,0.04151447,0.02887627,0.07464766,0.07206285,0.04899784,0.06387605,0.04679134,0.03212625,0.04009904,RELIABLE,RELIABLE,RELIABLE,RELIABLE,RELIABLE,RELIABLE,PARTIAL,PARTIAL,STATIONARY,STATIONARY,STATIONARY,STATIONARY,MOVING,MOVING,STATIONARY,STATIONARY,MOVING
75881,2256,1,HEAD,0.10940765,0.00531027,0.04853655,0.03238826,0.08310884,0.07964839,0.05158517,0.06680921,0.04932832,,,RELIABLE,RELIABLE,RELIABLE,RELIABLE,RELIABLE,RELIABLE,UNRELIABLE,UNRELIABLE,STATIONARY,STATIONARY,STATIONARY,STATIONARY,MOVING,MOVING,UNCERTAIN,UNCERTAIN,MOVING
75913,2257,1,HEAD,0.11035565,0.00700741,0.06349838,0.03711718,0.09726775,0.09349358,0.05809524,0.07693025,0.05686318,,,RELIABLE,RELIABLE,RELIABLE,RELIABLE,PARTIAL,RELIABLE,PARTIAL,PARTIAL,MOVING,MOVING,STATIONARY,STATIONARY,MOVING,MOVING,UNCERTAIN,UNCERTAIN,MOVING
75945,2258,1,HEAD,0.11175836,0.00625821,0.05599765,0.04087846,0.10561864,0.10289732,0.06173146,0.08423797,0.06149871,0.05905257,0.06311484,RELIABLE,RELIABLE,RELIABLE,RELIABLE,PARTIAL,RELIABLE,PARTIAL,RELIABLE,MOVING,MOVING,MOVING,MOVING,MOVING,MOVING,STATIONARY,STATIONARY,MOVING
75976,2259,1,HEAD,0.11356450,0.00482478,0.04248496,0.04194140,0.10847780,0.10621773,0.06377011,0.09196647,0.06507878,0.05542113,0.06036376,RELIABLE,RELIABLE,RELIABLE,RELIABLE,PARTIAL,RELIABLE,PARTIAL,PARTIAL,MOVING,MOVING,MOVING,MOVING,MOVING,MOVING,STATIONARY,STATIONARY,MOVING
76008,2260,1,HEAD,0.11504414,0.00464884,0.04040915,0.04487414,0.11465322,0.11372883,0.06728884,0.09769674,0.07073008,,,RELIABLE,RELIABLE,RELIABLE,RELIABLE,PARTIAL,RELIABLE,UNRELIABLE,UNRELIABLE,MOVING,MOVING,MOVING,MOVING,MOVING,MOVING,UNCERTAIN,UNCERTAIN,MOVING
76038,2261,1,HEAD,0.11650440,0.00389636,0.03344389,0.04494766,0.11698452,0.11718541,0.06739896,0.09762960,0.07259233,,,RELIABLE,RELIABLE,RELIABLE,RELIABLE,PARTIAL,RELIABLE,RELIABLE,PARTIAL,MOVING,MOVING,MOVING,MOVING,MOVING,MOVING,UNCERTAIN,UNCERTAIN,MOVING
76084,2262,1,HEAD,0.11854995,0.00399417,0.03369184,0.04494711,0.11634172,0.11662249,0.06512284,0.10017732,0.07250679,0.03177412,0.02699395,RELIABLE,RELIABLE,RELIABLE,RELIABLE,PARTIAL,RELIABLE,RELIABLE,PARTIAL,MOVING,MOVING,MOVING,MOVING,MOVING,MOVING,STATIONARY,STATIONARY,MOVING
