timestamp_ms,frame_number,track_id,trial,body_scale,HEAD_raw_motion,HEAD_normalized_motion,HEAD_motion,LEFT_EYE_motion,RIGHT_EYE_motion,LEFT_ARM_motion,RIGHT_ARM_motion,TORSO_motion,LEFT_LEG_motion,RIGHT_LEG_motion,HEAD_observability,LEFT_EYE_observability,RIGHT_EYE_observability,LEFT_ARM_observability,RIGHT_ARM_observability,TORSO_observability,LEFT_LEG_observability,RIGHT_LEG_observability,HEAD_state,LEFT_EYE_state,RIGHT_EYE_state,LEFT_ARM_state,RIGHT_ARM_state,TORSO_state,LEFT_LEG_state,RIGHT_LEG_state,OVERALL_state
13862,396,1,STILL,0.14145580,0.00105308,0.00744459,0.01092689,0.01696182,0.01607576,0.00984148,0.00967045,0.00870539,0.02316804,0.01580342,RELIABLE,RELIABLE,RELIABLE,RELIABLE,RELIABLE,RELIABLE,RELIABLE,RELIABLE,MOVING,MOVING,MOVING,MOVING,MOVING,MOVING,MOVING,MOVING,MOVING
13894,397,1,STILL,0.14171857,0.00200272,0.01413165,0.01184911,0.01769570,0.01621998,0.00975419,0.00834760,0.00935133,0.02031696,0.01862711,RELIABLE,RELIABLE,RELIABLE,RELIABLE,RELIABLE,RELIABLE,RELIABLE,RELIABLE,MOVING,MOVING,MOVING,MOVING,MOVING,MOVING,MOVING,MOVING,MOVING
13926,398,1,STILL,0.14129143,0.00173965,0.01231249,0.01106860,0.01558501,0.01408825,0.01071330,0.00983392,0.00996464,0.01962659,0.01993919,RELIABLE,RELIABLE,RELIABLE,RELIABLE,RELIABLE,RELIABLE,RELIABLE,RELIABLE,MOVING,MOVING,MOVING,MOVING,MOVING,MOVING,MOVING,MOVING,MOVING
13966,399,1,STILL,0.14019597,0.00170660,0.01217297,0.01143511,0.01664406,0.01568720,0.01191138,0.01084307,0.01192290,0.02209358,0.02124631,RELIABLE,RELIABLE,RELIABLE,RELIABLE,RELIABLE,RELIABLE,RELIABLE,RELIABLE,MOVING,MOVING,MOVING,MOVING,MOVING,MOVING,MOVING,MOVING,MOVING
14006,400,1,STILL,0.13858880,0.00123478,0.00890970,0.01093083,0.01504661,0.01518556,0.01354504,0.01160851,0.01273450,0.02076938,0.02080287,RELIABLE,RELIABLE,RELIABLE,RELIABLE,RELIABLE,RELIABLE,RELIABLE,RELIABLE,MOVING,MOVING,MOVING,MOVING,MOVING,MOVING,MOVING,MOVING,MOVING
14047,401,1,STILL,0.13716280,0.00172175,0.01255263,0.01147312,0.01647764,0.01688801,0.01439526,0.01276385,0.01343268,0.01814833,0.02111939,RELIABLE,RELIABLE,RELIABLE,RELIABLE,RELIABLE,RELIABLE,RELIABLE,RELIABLE,MOVING,MOVING,MOVING,MOVING,MOVING,MOVING,MOVING,MOVING,MOVING
14085,402,1,STILL,0.13645014,0.00086088,0.00630910,0.01109244,0.01726905,0.01708601,0.01414417,0.01187252,0.01278821,0.01766313,0.01872368,RELIABLE,RELIABLE,RELIABLE,RELIABLE,RELIABLE,RELIABLE,RELIABLE,RELIABLE,MOVING,MOVING,MOVING,MOVING,MOVING,MOVING,MOVING,MOVING,MOVING
14117,403,1,STILL,0.13657300,0.00144958,0.01061395,0.01055589,0.01697353,0.01692194,0.01567303,0.01361714,0.01416283,0.01815486,0.01863528,RELIABLE,RELIABLE,RELIABLE,RELIABLE,RELIABLE,RELIABLE,RELIABLE,RELIABLE,MOVING,MOVING,MOVING,MOVING,MOVING,MOVING,MOVING,MOVING,MOVING
14149,404,1,STILL,0.13592070,0.00196711,0.01447251,0.01143437,0.01969763,0.01984300,0.01774781,0.01694754,0.01659595,0.02402165,0.02181389,RELIABLE,RELIABLE,RELIABLE,RELIABLE,RELIABLE,RELIABLE,RELIABLE,RELIABLE,MOVING,MOVING,MOVING,MOVING,MOVING,MOVING,MOVING,MOVING,MOVING
14180,405,1,STILL,0.13635548,0.00240092,0.01760781,0.01186890,0.02184030,0.02220716,0.02123420,0.01913211,0.01858564,0.02600543,0.02257110,RELIABLE,RELIABLE,RELIABLE,RELIABLE,RELIABLE,RELIABLE,RELIABLE,RELIABLE,MOVING,MOVING,MOVING,MOVING,MOVING,MOVING,MOVING,MOVING,MOVING
14212,406,1,STILL,0.13657869,0.00120046,0.00878952,0.01142852,0.02170267,0.02339775,0.02173875,0.01882443,0.01887583,0.02686289,0.02222817,RELIABLE,RELIABLE,RELIABLE,RELIABLE,RELIABLE,RELIABLE,RELIABLE,RELIABLE,MOVING,MOVING,MOVING,MOVING,MOVING,MOVING,MOVING,MOVING,MOVING
14243,407,1,STILL,0.13565067,0.00302386,0.02229152,0.01269334,0.02235236,0.02464674,0.02542104,0.02414304,0.01954957,0.02750319,0.02223954,RELIABLE,RELIABLE,RELIABLE,RELIABLE,RELIABLE,RELIABLE,RELIABLE,RELIABLE,MOVING,MOVING,MOVING,MOVING,MOVING,MOVING,MOVING,MOVING,MOVING
14275,408,1,STILL,0.13555787,0.00387092,0.02855548,0.01514906,0.02993805,0.02941578,0.02902318,0.02913819,0.02219736,0.03378477,0.02543975,RELIABLE,RELIABLE,RELIABLE,RELIABLE,RELIABLE,RELIABLE,RELIABLE,RELIABLE,MOVING,MOVING,MOVING,MOVING,MOVING,MOVING,MOVING,MOVING,MOVING
14306,409,1,STILL,0.13526385,0.00481950,0.03563036,0.01803378,0.03552219,0.03328905,0.03464386,0.03441540,0.02557766,0.03855278,0.02863337,RELIABLE,RELIABLE,RELIABLE,RELIABLE,RELIABLE,RELIABLE,RELIABLE,RELIABLE,MOVING,MOVING,MOVING,MOVING,MOVING,MOVING,MOVING,MOVING,MOVING
14336,410,1,STILL,0.13412607,0.00498341,0.03715468,0.02188948,0.04355249,0.04116106,0.04010926,0.04177237,0.03009272,0.04107932,0.03038063,RELIABLE,RELIABLE,RELIABLE,RELIABLE,RELIABLE,RELIABLE,RELIABLE,RELIABLE,MOVING,MOVING,MOVING,MOVING,MOVING,MOVING,MOVING,MOVING,MOVING
14382,411,1,STILL,0.13191019,0.00451607,0.03423593,0.02484223,0.05054797,0.04797470,0.04264228,0.04758352,0.03279578,0.04186196,0.03035530,RELIABLE,RELIABLE,RELIABLE,RELIABLE,RELIABLE,RELIABLE,RELIABLE,RELIABLE,MOVING,MOVING,MOVING,MOVING,MOVING,MOVING,MOVING,MOVING,MOVING
14416,412,1,STILL,0.13081408,0.00225803,0.01726140,0.02519084,0.05121618,0.04842096,0.04262410,0.04806715,0.03242512,0.03664969,0.02713651,RELIABLE,RELIABLE,RELIABLE,RELIABLE,RELIABLE,RELIABLE,RELIABLE,RELIABLE,MOVING,MOVING,MOVING,MOVING,MOVING,MOVING,MOVING,MOVING,MOVING
14447,413,1,STILL,0.12995333,0.00371526,0.02858919,0.02656351,0.05551483,0.05171797,0.04203716,0.04928053,0.03157695,0.03238435,0.02504768,RELIABLE,RELIABLE,RELIABLE,RELIABLE,RELIABLE,RELIABLE,RELIABLE,RELIABLE,MOVING,MOVING,MOVING,MOVING,MOVING,MOVING,MOVING,MOVING,MOVING
14478,414,1,STILL,0.12910110,0.00387673,0.03002863,0.02921840,0.05970996,0.05714013,0.04417095,0.05195466,0.03288977,0.03741322,0.02576027,RELIABLE,RELIABLE,RELIABLE,RELIABLE,RELIABLE,RELIABLE,RELIABLE,RELIABLE,MOVING,MOVING,MOVING,MOVING,MOVING,MOVING,MOVING,MOVING,MOVING
14509,415,1,STILL,0.12874898,0.00346287,0.02689627,0.02979399,0.06306276,0.05931839,0.04230007,0.04967411,0.03329968,0.03571364,0.02770738,RELIABLE,RELIABLE,RELIABLE,RELIABLE,RELIABLE,RELIABLE,RELIABLE,RELIABLE,MOVING,MOVING,MOVING,MOVING,MOVING,MOVING,MOVING,MOVING,MOVING
14543,416,1,STILL,0.12847494,0.00270360,0.02104379,0.02885503,0.05967567,0.05774672,0.04051935,0.04653482,0.03174332,0.03034203,0.02727471,RELIABLE,RELIABLE,RELIABLE,RELIABLE,RELIABLE,RELIABLE,RELIABLE,RELIABLE,MOVING,MOVING,MOVING,MOVING,MOVING,MOVING,MOVING,MOVING,MOVING
14573,417,1,STILL,0.12837633,0.00135180,0.01052998,0.02571748,0.05296304,0.05315873,0.03513476,0.04132403,0.02821811,0.02510222,0.02424302,RELIABLE,RELIABLE,RELIABLE,RELIABLE,RELIABLE,RELIABLE,RELIABLE,RELIABLE,MOVING,MOVING,MOVING,MOVING,MOVING,MOVING,MOVING,MOVING,MOVING
14604,418,1,STILL,0.12869097,0.00180517,0.01402714,0.02282654,0.04675054,0.04763431,0.03062491,0.03517712,0.02447582,0.02970314,0.02357017,RELIABLE,RELIABLE,RELIABLE,RELIABLE,RELIABLE,RELIABLE,RELIABLE,RELIABLE,MOVING,MOVING,MOVING,MOVING,MOVING,MOVING,MOVING,MOVING,MOVING
14635,419,1,STILL,0.12918711,0.00140947,0.01091031,0.01991084,0.03982947,0.04076912,0.02629287,0.02867175,0.02062119,0.02899667,0.02225581,RELIABLE,RELIABLE,RELIABLE,RELIABLE,RELIABLE,RELIABLE,RELIABLE,RELIABLE,MOVING,MOVING,MOVING,MOVING,MOVING,MOVING,MOVING,MOVING,MOVING
14670,420,1,STILL,0.12951613,0.00218217,0.01684864,0.01985924,0.03898262,0.03903522,0.02508165,0.02617445,0.01939427,0.02946179,0.02469710,RELIABLE,RELIABLE,RELIABLE,RELIABLE,RELIABLE,RELIABLE,RELIABLE,RELIABLE,MOVING,MOVING,MOVING,MOVING,MOVING,MOVING,MOVING,MOVING,MOVING
14702,421,1,STILL,0.12971396,0.00183318,0.01413247,0.01805215,0.03354168,0.03399187,0.02247029,0.02286127,0.01735305,0.03205261,0.02548190,RELIABLE,RELIABLE,RELIABLE,RELIABLE,RELIABLE,RELIABLE,RELIABLE,RELIABLE,MOVING,MOVING,MOVING,MOVING,MOVING,MOVING,MOVING,MOVING,MOVING
14751,422,1,STILL,0.13003526,0.00142205,0.01093585,0.01566556,0.03030893,0.02865285,0.02042549,0.02085316,0.01721895,0.02913429,0.02744256,RELIABLE,RELIABLE,RELIABLE,RELIABLE,RELIABLE,RELIABLE,RELIABLE,RELIABLE,MOVING,MOVING,MOVING,MOVING,MOVING,MOVING,MOVING,MOVING,MOVING
14789,423,1,STILL,0.13021495,0.00071102,0.00546038,0.01298607,0.02461056,0.02320214,0.01819276,0.01772807,0.01521812,0.02886724,0.02599761,RELIABLE,RELIABLE,RELIABLE,RELIABLE,RELIABLE,RELIABLE,RELIABLE,RELIABLE,MOVING,MOVING,MOVING,MOVING,MOVING,MOVING,MOVING,MOVING,MOVING
14820,424,1,STILL,0.12871973,0.00121842,0.00946570,0.01153881,0.02102325,0.01925244,0.01683808,0.01527264,0.01564688,0.03122257,0.02752031,RELIABLE,RELIABLE,RELIABLE,RELIABLE,RELIABLE,RELIABLE,RELIABLE,RELIABLE,MOVING,MOVING,MOVING,MOVING,MOVING,MOVING,MOVING,MOVING,MOVING
14852,425,1,STILL,0.12855364,0.00176463,0.01372678,0.01193841,0.01962975,0.01713111,0.01631178,0.01652000,0.01532118,0.03479824,0.02910998,RELIABLE,RELIABLE,RELIABLE,RELIABLE,RELIABLE,RELIABLE,RELIABLE,RELIABLE,MOVING,MOVING,MOVING,MOVING,MOVING,MOVING,MOVING,MOVING,MOVING
14884,426,1,STILL,0.12738850,0.00112277,0.00881378,0.01128674,0.01784735,0.01535875,0.01776821,0.01867380,0.01545976,0.02965472,0.02927672,RELIABLE,RELIABLE,RELIABLE,RELIABLE,RELIABLE,RELIABLE,RELIABLE,RELIABLE,MOVING,MOVING,MOVING,MOVING,MOVING,MOVING,MOVING,MOVING,MOVING
14915,427,1,STILL,0.12681281,0.00056139,0.00442690,0.01047631,0.01603728,0.01361614,0.01795328,0.01884599,0.01475750,0.02804496,0.02821486,RELIABLE,RELIABLE,RELIABLE,RELIABLE,RELIABLE,RELIABLE,RELIABLE,RELIABLE,MOVING,MOVING,MOVING,MOVING,MOVING,MOVING,MOVING,MOVING,MOVING
14947,428,1,STILL,0.12597818,0.00195488,0.01551758,0.01030993,0.01554141,0.01331919,0.01809027,0.01917828,0.01445299,0.02697164,0.02623205,RELIABLE,RELIABLE,RELIABLE,RELIABLE,RELIABLE,RELIABLE,RELIABLE,RELIABLE,MOVING,MOVING,MOVING,MOVING,MOVING,MOVING,MOVING,MOVING,MOVING
14979,429,1,STILL,0.12486490,0.00128250,0.01027108,0.00982726,0.01566996,0.01423209,0.01804526,0.01960165,0.01504033,0.02459563,0.02394654,RELIABLE,RELIABLE,RELIABLE,RELIABLE,RELIABLE,RELIABLE,RELIABLE,RELIABLE,MOVING,MOVING,MOVING,MOVING,MOVING,MOVING,MOVING,MOVING,MOVING
15011,430,1,STILL,0.12439490,0.00100315,0.00806424,0.00946830,0.01503458,0.01355505,0.01683228,0.01906029,0.01414170,0.02415986,0.02090366,RELIABLE,RELIABLE,RELIABLE,RELIABLE,RELIABLE,RELIABLE,RELIABLE,RELIABLE,MOVING,MOVING,MOVING,MOVING,MOVING,MOVING,MOVING,MOVING,MOVING
15042,431,1,STILL,0.12416000,0.00050158,0.00403975,0.00929073,0.01472067,0.01321933,0.01622904,0.01879347,0.01369669,0.02394949,0.01938773,RELIABLE,RELIABLE,RELIABLE,RELIABLE,RELIABLE,RELIABLE,RELIABLE,RELIABLE,MOVING,MOVING,MOVING,MOVING,MOVING,MOVING,MOVING,MOVING,MOVING
15073,432,1,STILL,0.12428933,0.00110521,0.00889222,0.00921904,0.01369258,0.01321963,0.01463894,0.02038044,0.01180914,0.02074571,0.01558648,RELIABLE,RELIABLE,RELIABLE,RELIABLE,RELIABLE,RELIABLE,RELIABLE,RELIABLE,MOVING,MOVING,MOVING,MOVING,MOVING,MOVING,MOVING,MOVING,MOVING
15104,433,1,STILL,0.12404841,0.00211886,0.01708094,0.00963831,0.01642008,0.01650082,0.01523683,0.01960633,0.01289230,0.01905536,0.01421383,RELIABLE,RELIABLE,RELIABLE,RELIABLE,RELIABLE,RELIABLE,RELIABLE,RELIABLE,MOVING,MOVING,MOVING,MOVING,MOVING,MOVING,MOVING,MOVING,MOVING
15135,434,1,STILL,0.12299750,0.00087975,0.00715262,0.00943066,0.01681260,0.01657034,0.01322728,0.01743369,0.01255345,0.02289543,0.01505346,RELIABLE,RELIABLE,RELIABLE,RELIABLE,RELIABLE,RELIABLE,RELIABLE,RELIABLE,MOVING,MOVING,MOVING,MOVING,MOVING,MOVING,MOVING,MOVING,MOVING
15167,435,1,STILL,0.12300504,0.00109589,0.00890930,0.00999097,0.01763625,0.01684241,0.01307833,0.01680346,0.01318284,0.02337958,0.01686732,RELIABLE,RELIABLE,RELIABLE,RELIABLE,RELIABLE,RELIABLE,RELIABLE,RELIABLE,MOVING,MOVING,MOVING,MOVING,MOVING,MOVING,MOVING,MOVING,MOVING
15214,436,1,STILL,0.12273015,0.00144430,0.01176808,0.00952228,0.01603293,0.01561241,0.01263284,0.01611034,0.01427870,0.02518811,0.01753955,RELIABLE,RELIABLE,RELIABLE,RELIABLE,RELIABLE,RELIABLE,RELIABLE,RELIABLE,MOVING,MOVING,MOVING,MOVING,MOVING,MOVING,MOVING,MOVING,MOVING
15246,437,1,STILL,0.12259948,0.00072215,0.00589031,0.00897468,0.01457362,0.01321795,0.01139445,0.01447169,0.01379102,0.02530339,0.01765511,RELIABLE,RELIABLE,RELIABLE,RELIABLE,RELIABLE,RELIABLE,RELIABLE,RELIABLE,MOVING,MOVING,MOVING,MOVING,MOVING,MOVING,MOVING,MOVING,MOVING
15277,438,1,STILL,0.12247142,0.00147436,0.01203837,0.00947145,0.01560097,0.01446744,0.01170420,0.01408025,0.01310532,0.02492870,0.01845018,RELIABLE,RELIABLE,RELIABLE,RELIABLE,RELIABLE,RELIABLE,RELIABLE,RELIABLE,MOVING,MOVING,MOVING,MOVING,MOVING,MOVING,MOVING,MOVING,MOVING
15309,439,1,STILL,0.12309455,0.00098356,0.00799026,0.00996526,0.01639605,0.01526095,0.01198000,0.01423301,0.01317673,0.02775981,0.02090533,RELIABLE,RELIABLE,RELIABLE,RELIABLE,RELIABLE,RELIABLE,RELIABLE,RELIABLE,MOVING,MOVING,MOVING,MOVING,MOVING,MOVING,MOVING,MOVING,MOVING
15341,440,1,STILL,0.12245969,0.00059276,0.00484048,0.00945879,0.01665336,0.01479679,0.01178437,0.01210598,0.01333431,0.02895466,0.02092499,RELIABLE,RELIABLE,RELIABLE,RELIABLE,RELIABLE,RELIABLE,RELIABLE,RELIABLE,MOVING,MOVING,MOVING,MOVING,MOVING,MOVING,MOVING,MOVING,MOVING
15375,441,1,STILL,0.12260732,0.00094473,0.00770535,0.00828685,0.01422167,0.01308546,0.00987004,0.01076223,0.01164039,0.02666690,0.01943653,RELIABLE,RELIABLE,RELIABLE,RELIABLE,RELIABLE,RELIABLE,RELIABLE,RELIABLE,MOVING,MOVING,MOVING,MOVING,MOVING,MOVING,MOVING,MOVING,MOVING
15403,442,1,STILL,0.12268250,0.00047237,0.00385031,0.00787406,0.01267046,0.01179843,0.00865877,0.00916370,0.01052255,0.02040055,0.01679570,RELIABLE,RELIABLE,RELIABLE,RELIABLE,RELIABLE,RELIABLE,RELIABLE,RELIABLE,MOVING,MOVING,MOVING,MOVING,MOVING,MOVING,MOVING,MOVING,MOVING
15435,443,1,STILL,0.12334511,0.00024945,0.00202239,0.00701319,0.01122211,0.01059714,0.00766963,0.00938913,0.00991807,0.02019757,0.01575715,RELIABLE,RELIABLE,RELIABLE,RELIABLE,RELIABLE,RELIABLE,RELIABLE,RELIABLE,MOVING,MOVING,MOVING,MOVING,MOVING,MOVING,MOVING,MOVING,MOVING
15467,444,1,STILL,0.12346667,0.00090632,0.00734062,0.00645976,0.01027781,0.00950537,0.00674750,0.00973137,0.00861634,0.01804511,0.01412764,RELIABLE,RELIABLE,RELIABLE,RELIABLE,RELIABLE,RELIABLE,RELIABLE,RELIABLE,MOVING,MOVING,MOVING,MOVING,MOVING,MOVING,MOVING,MOVING,MOVING
15502,445,1,STILL,0.12393993,0.00172458,0.01391466,0.00746281,0.01211644,0.01150321,0.00730298,0.01134376,0.00806201,0.02285355,0.01587090,RELIABLE,RELIABLE,RELIABLE,RELIABLE,RELIABLE,RELIABLE,RELIABLE,RELIABLE,MOVING,MOVING,MOVING,MOVING,MOVING,MOVING,MOVING,MOVING,MOVING
15534,446,1,STILL,0.12358631,0.00048530,0.00392683,0.00644886,0.00968156,0.00980397,0.00644983,0.01105063,0.00738323,0.02114119,0.01476629,RELIABLE,RELIABLE,RELIABLE,RELIABLE,RELIABLE,RELIABLE,RELIABLE,RELIABLE,MOVING,MOVING,MOVING,MOVING,MOVING,MOVING,MOVING,MOVING,MOVING
15582,447,1,STILL,0.12317820,0.00148406,0.01204809,0.00695609,0.00999993,0.01043700,0.00664711,0.01051159,0.00667646,0.01875941,0.01194372,RELIABLE,RELIABLE,RELIABLE,RELIABLE,RELIABLE,RELIABLE,RELIABLE,RELIABLE,MOVING,MOVING,MOVING,MOVING,MOVING,MOVING,MOVING,MOVING,MOVING
15623,448,1,STILL,0.12297674,0.00074203,0.00603391,0.00710527,0.01023657,0.01078360,0.00581402,0.00995222,0.00509373,0.01691929,0.01036002,RELIABLE,RELIABLE,RELIABLE,RELIABLE,RELIABLE,RELIABLE,RELIABLE,RELIABLE,MOVING,MOVING,MOVING,MOVING,MOVING,MOVING,MOVING,MOVING,MOVING
15655,449,1,STILL,0.12281723,0.00135671,0.01104661,0.00752293,0.01053762,0.01133992,0.00638616,0.01080955,0.00610494,0.02041248,0.01536723,RELIABLE,RELIABLE,RELIABLE,RELIABLE,RELIABLE,RELIABLE,RELIABLE,RELIABLE,MOVING,MOVING,MOVING,MOVING,MOVING,MOVING,MOVING,MOVING,MOVING
15687,450,1,STILL,0.12327637,0.00073476,0.00596026,0.00778667,0.01071545,0.01059891,0.00730288,0.01116929,0.00693871,0.02256805,0.01781688,RELIABLE,RELIABLE,RELIABLE,RELIABLE,RELIABLE,RELIABLE,RELIABLE,RELIABLE,MOVING,MOVING,MOVING,MOVING,MOVING,MOVING,MOVING,MOVING,MOVING
15717,451,1,STILL,0.12338786,0.00108865,0.00882302,0.00863675,0.01187169,0.01116406,0.00733441,0.01088893,0.00745247,0.02775234,0.02059589,RELIABLE,RELIABLE,RELIABLE,RELIABLE,RELIABLE,RELIABLE,RELIABLE,RELIABLE,MOVING,MOVING,MOVING,MOVING,MOVING,MOVING,MOVING,MOVING,MOVING
15748,452,1,STILL,0.12344667,0.00054433,0.00440941,0.00827035,0.01162129,0.01098983,0.00712473,0.00985969,0.00715751,0.03026155,0.02166801,RELIABLE,RELIABLE,RELIABLE,RELIABLE,RELIABLE,RELIABLE,RELIABLE,RELIABLE,MOVING,MOVING,MOVING,MOVING,MOVING,MOVING,MOVING,MOVING,MOVING
15780,453,1,STILL,0.12325201,0.00101415,0.00822824,0.00755955,0.01002062,0.00924297,0.00687747,0.00941295,0.00735331,0.02737427,0.02071408,RELIABLE,RELIABLE,RELIABLE,RELIABLE,RELIABLE,RELIABLE,RELIABLE,RELIABLE,MOVING,MOVING,MOVING,MOVING,MOVING,MOVING,MOVING,MOVING,MOVING
15811,454,1,STILL,0.12304219,0.00061652,0.00501067,0.00769503,0.01028687,0.00876347,0.00643642,0.00947635,0.00697008,0.02580487,0.02071094,RELIABLE,RELIABLE,RELIABLE,RELIABLE,RELIABLE,RELIABLE,RELIABLE,RELIABLE,MOVING,MOVING,MOVING,MOVING,MOVING,MOVING,MOVING,MOVING,MOVING
15843,455,1,STILL,0.12239064,0.00154907,0.01265677,0.00777111,0.01024197,0.00804028,0.00664399,0.00997914,0.00738104,0.02446826,0.02263499,RELIABLE,RELIABLE,RELIABLE,RELIABLE,RELIABLE,RELIABLE,RELIABLE,RELIABLE,MOVING,MOVING,MOVING,MOVING,MOVING,MOVING,MOVING,MOVING,MOVING
15874,456,1,STILL,0.12269296,0.00047423,0.00386519,0.00750002,0.00976148,0.00757086,0.00665331,0.01069135,0.00807845,0.02468825,0.02329146,RELIABLE,RELIABLE,RELIABLE,RELIABLE,RELIABLE,RELIABLE,RELIABLE,RELIABLE,MOVING,MOVING,MOVING,MOVING,MOVING,MOVING,MOVING,MOVING,MOVING
15918,457,1,STILL,0.12251171,0.00147215,0.01201637,0.00762124,0.01035684,0.00669453,0.00665836,0.01042864,0.00810215,0.02256294,0.02110691,RELIABLE,RELIABLE,RELIABLE,RELIABLE,RELIABLE,RELIABLE,RELIABLE,RELIABLE,MOVING,MOVING,MOVING,MOVING,MOVING,MOVING,MOVING,MOVING,MOVING
15952,458,1,STILL,0.12242533,0.00073607,0.00601243,0.00762776,0.01062851,0.00727676,0.00603074,0.01036713,0.00778659,0.02109247,0.02007013,RELIABLE,RELIABLE,RELIABLE,RELIABLE,RELIABLE,RELIABLE,RELIABLE,RELIABLE,MOVING,MOVING,MOVING,MOVING,MOVING,MOVING,MOVING,MOVING,MOVING
15984,459,1,STILL,0.12236210,0.00051464,0.00420589,0.00705062,0.00951992,0.00702714,0.00628243,0.01001743,0.00771581,0.01710547,0.01741009,RELIABLE,RELIABLE,RELIABLE,RELIABLE,RELIABLE,RELIABLE,RELIABLE,RELIABLE,MOVING,MOVING,MOVING,MOVING,MOVING,MOVING,MOVING,MOVING,MOVING
16016,460,1,STILL,0.12255047,0.00125439,0.01023569,0.00777891,0.01025712,0.00736120,0.00643705,0.01093751,0.00838194,0.01589307,0.01847083,RELIABLE,RELIABLE,RELIABLE,RELIABLE,RELIABLE,RELIABLE,RELIABLE,RELIABLE,MOVING,MOVING,MOVING,MOVING,MOVING,MOVING,MOVING,MOVING,MOVING
16048,461,1,STILL,0.12209152,0.00084272,0.00690239,0.00761317,0.00980967,0.00728009,0.00630744,0.01067522,0.00867741,0.01889417,0.01729256,RELIABLE,RELIABLE,RELIABLE,RELIABLE,RELIABLE,RELIABLE,RELIABLE,RELIABLE,MOVING,MOVING,MOVING,MOVING,MOVING,MOVING,MOVING,MOVING,MOVING
16080,462,1,STILL,0.12287914,0.00064458,0.00524568,0.00764255,0.00972298,0.00712288,0.00700294,0.01015605,0.01012521,0.02346936,0.01985971,RELIABLE,RELIABLE,RELIABLE,RELIABLE,RELIABLE,RELIABLE,RELIABLE,RELIABLE,MOVING,MOVING,MOVING,MOVING,MOVING,MOVING,MOVING,MOVING,MOVING
16111,463,1,STILL,0.12327297,0.00032229,0.00261446,0.00638726,0.00803721,0.00587440,0.00617452,0.00946574,0.01019442,0.02480333,0.01942143,RELIABLE,RELIABLE,RELIABLE,RELIABLE,RELIABLE,RELIABLE,RELIABLE,RELIABLE,MOVING,MOVING,MOVING,MOVING,MOVING,MOVING,MOVING,MOVING,MOVING
16141,464,1,STILL,0.12284972,0.00065262,0.00531231,0.00656815,0.00820042,0.00619817,0.00606767,0.00957337,0.00979460,0.02802896,0.02012963,RELIABLE,RELIABLE,RELIABLE,RELIABLE,RELIABLE,RELIABLE,RELIABLE,RELIABLE,MOVING,MOVING,MOVING,MOVING,MOVING,MOVING,MOVING,MOVING,MOVING
16172,465,1,STILL,0.12280558,0.00121258,0.00987394,0.00630035,0.00656903,0.00545523,0.00591490,0.00878660,0.00993467,0.02803750,0.01897635,RELIABLE,RELIABLE,RELIABLE,RELIABLE,RELIABLE,RELIABLE,RELIABLE,RELIABLE,MOVING,MOVING,MOVING,MOVING,MOVING,MOVING,MOVING,MOVING,MOVING
16206,466,1,STILL,0.12304078,0.00117111,0.00951806,0.00673855,0.00707184,0.00575215,0.00642724,0.00922587,0.01146883,0.03148738,0.02166767,RELIABLE,RELIABLE,RELIABLE,RELIABLE,RELIABLE,RELIABLE,RELIABLE,RELIABLE,MOVING,MOVING,MOVING,MOVING,MOVING,MOVING,MOVING,MOVING,MOVING
16236,467,1,STILL,0.12316163,0.00058555,0.00475436,0.00680711,0.00754053,0.00582054,0.00606411,0.00873349,0.01129362,0.03085433,0.02191764,RELIABLE,RELIABLE,RELIABLE,RELIABLE,RELIABLE,RELIABLE,RELIABLE,RELIABLE,MOVING,MOVING,MOVING,MOVING,MOVING,MOVING,MOVING,MOVING,MOVING
16267,468,1,STILL,0.12306510,0.00060111,0.00488447,0.00613821,0.00753897,0.00648383,0.00694515,0.00823845,0.01098089,0.03124577,0.02111041,RELIABLE,RELIABLE,RELIABLE,RELIABLE,RELIABLE,RELIABLE,RELIABLE,RELIABLE,MOVING,MOVING,MOVING,MOVING,MOVING,MOVING,MOVING,MOVING,MOVING
16298,469,1,STILL,0.12349039,0.00076525,0.00619683,0.00605001,0.00766917,0.00619561,0.00710851,0.00801476,0.01191398,0.02907398,0.02454275,RELIABLE,RELIABLE,RELIABLE,RELIABLE,RELIABLE,RELIABLE,RELIABLE,RELIABLE,MOVING,MOVING,MOVING,MOVING,MOVING,MOVING,MOVING,MOVING,MOVING
16334,470,1,STILL,0.12310473,0.00029811,0.00242156,0.00569700,0.00712704,0.00603811,0.00664708,0.00800610,0.01064923,0.02615791,0.02250591,RELIABLE,RELIABLE,RELIABLE,RELIABLE,RELIABLE,RELIABLE,RELIABLE,RELIABLE,MOVING,MOVING,MOVING,MOVING,MOVING,MOVING,MOVING,MOVING,MOVING
16366,471,1,STILL,0.12381775,0.00057945,0.00467986,0.00595517,0.00703824,0.00611637,0.00716061,0.00990855,0.01084907,0.02665640,0.02241345,RELIABLE,RELIABLE,RELIABLE,RELIABLE,RELIABLE,RELIABLE,RELIABLE,RELIABLE,MOVING,MOVING,MOVING,MOVING,MOVING,MOVING,MOVING,MOVING,MOVING
16414,472,1,STILL,0.12361111,0.00087995,0.00711867,0.00618097,0.00732987,0.00627039,0.00764655,0.00958473,0.01129886,0.02444936,0.02330514,RELIABLE,RELIABLE,RELIABLE,RELIABLE,RELIABLE,RELIABLE,RELIABLE,RELIABLE,MOVING,MOVING,MOVING,MOVING,MOVING,MOVING,MOVING,MOVING,MOVING
16455,473,1,STILL,0.12352017,0.00043997,0.00356195,0.00539197,0.00708740,0.00585393,0.00727095,0.00911679,0.00999127,0.02334766,0.02211344,RELIABLE,RELIABLE,RELIABLE,RELIABLE,RELIABLE,RELIABLE,RELIABLE,RELIABLE,MOVING,MOVING,MOVING,MOVING,MOVING,MOVING,MOVING,MOVING,MOVING
16487,474,1,STILL,0.12302753,0.00055004,0.00447089,0.00476107,0.00569653,0.00514060,0.00727705,0.00922119,0.00853413,0.02204736,0.01956306,RELIABLE,RELIABLE,RELIABLE,RELIABLE,RELIABLE,RELIABLE,RELIABLE,RELIABLE,MOVING,MOVING,MOVING,MOVING,MOVING,MOVING,MOVING,MOVING,MOVING
16519,475,1,STILL,0.12304129,0.00072795,0.00591633,0.00490632,0.00599503,0.00544629,0.00825999,0.00955619,0.00804836,0.02320363,0.01841957,RELIABLE,RELIABLE,RELIABLE,RELIABLE,RELIABLE,RELIABLE,RELIABLE,RELIABLE,MOVING,MOVING,MOVING,MOVING,MOVING,MOVING,MOVING,MOVING,MOVING
16550,476,1,STILL,0.12324818,0.00052507,0.00426028,0.00482830,0.00505416,0.00467280,0.00760659,0.00906134,0.00774965,0.02520127,0.01904113,RELIABLE,RELIABLE,RELIABLE,RELIABLE,RELIABLE,RELIABLE,RELIABLE,RELIABLE,MOVING,MOVING,MOVING,MOVING,MOVING,MOVING,MOVING,MOVING,MOVING
16582,477,1,STILL,0.12335178,0.00026254,0.00212835,0.00431974,0.00443221,0.00426896,0.00688879,0.00800224,0.00610706,0.02321392,0.01615368,RELIABLE,RELIABLE,RELIABLE,RELIABLE,RELIABLE,RELIABLE,RELIABLE,RELIABLE,MOVING,MOVING,MOVING,MOVING,MOVING,MOVING,MOVING,MOVING,MOVING
16614,478,1,STILL,0.12330077,0.00070805,0.00574250,0.00473485,0.00432215,0.00443417,0.00689282,0.00790299,0.00688625,0.02472954,0.01655140,RELIABLE,RELIABLE,RELIABLE,RELIABLE,RELIABLE,RELIABLE,RELIABLE,RELIABLE,MOVING,MOVING,MOVING,MOVING,MOVING,MOVING,MOVING,MOVING,MOVING
16645,479,1,STILL,0.12366939,0.00065030,0.00525838,0.00480717,0.00484106,0.00489109,0.00689339,0.00780541,0.00713592,0.02496660,0.01815932,RELIABLE,RELIABLE,RELIABLE,RELIABLE,RELIABLE,RELIABLE,RELIABLE,RELIABLE,MOVING,MOVING,MOVING,MOVING,MOVING,MOVING,MOVING,MOVING,MOVING
16676,480,1,STILL,0.12282478,0.00055305,0.00450279,0.00448018,0.00459000,0.00459251,0.00647066,0.00793490,0.00694563,0.02373013,0.01631909,RELIABLE,RELIABLE,RELIABLE,RELIABLE,RELIABLE,RELIABLE,RELIABLE,RELIABLE,STATIONARY,MOVING,STATIONARY,MOVING,MOVING,MOVING,MOVING,MOVING,MOVING
16707,481,1,STILL,0.12393150,0.00045818,0.00369707,0.00449707,0.00469130,0.00436070,0.00640454,0.00878845,0.00720837,0.02348044,0.01633558,RELIABLE,RELIABLE,RELIABLE,RELIABLE,RELIABLE,RELIABLE,RELIABLE,RELIABLE,STATIONARY,STATIONARY,STATIONARY,MOVING,MOVING,MOVING,MOVING,MOVING,MOVING
16749,482,1,STILL,0.12432356,0.00066903,0.00538139,0.00461088,0.00521489,0.00441799,0.00611093,0.00806675,0.00679291,0.02233699,0.01596931,RELIABLE,RELIABLE,RELIABLE,RELIABLE,RELIABLE,RELIABLE,RELIABLE,RELIABLE,STATIONARY,STATIONARY,STATIONARY,MOVING,MOVING,MOVING,MOVING,MOVING,MOVING
16787,483,1,STILL,0.12387425,0.00022844,0.00184414,0.00410186,0.00452508,0.00382855,0.00528874,0.00783757,0.00660448,0.02277919,0.01651596,RELIABLE,RELIABLE,RELIABLE,RELIABLE,RELIABLE,RELIABLE,RELIABLE,RELIABLE,STATIONARY,STATIONARY,STATIONARY,MOVING,MOVING,MOVING,MOVING,MOVING,MOVING
16818,484,1,STILL,0.12365289,0.00011422,0.00092372,0.00368479,0.00421548,0.00337261,0.00493188,0.00754026,0.00609049,0.02009686,0.01414004,RELIABLE,RELIABLE,RELIABLE,RELIABLE,RELIABLE,RELIABLE,RELIABLE,RELIABLE,STATIONARY,STATIONARY,STATIONARY,MOVING,MOVING,MOVING,MOVING,MOVING,MOVING
16850,485,1,STILL,0.12381073,0.00069085,0.00557988,0.00411623,0.00426563,0.00355242,0.00519471,0.00743814,0.00654754,0.02444954,0.01471438,RELIABLE,RELIABLE,RELIABLE,RELIABLE,RELIABLE,RELIABLE,RELIABLE,RELIABLE,STATIONARY,STATIONARY,STATIONARY,MOVING,MOVING,MOVING,MOVING,MOVING,MOVING
16881,486,1,STILL,0.12304248,0.00104831,0.00851990,0.00446341,0.00541829,0.00411606,0.00527721,0.00760805,0.00630571,0.02283047,0.01419422,RELIABLE,RELIABLE,RELIABLE,RELIABLE,RELIABLE,RELIABLE,RELIABLE,RELIABLE,STATIONARY,STATIONARY,STATIONARY,MOVING,MOVING,MOVING,MOVING,MOVING,MOVING
16912,487,1,STILL,0.12312016,0.00041765,0.00339223,0.00423014,0.00498447,0.00349076,0.00512148,0.00648503,0.00589915,0.02277809,0.01593144,RELIABLE,RELIABLE,RELIABLE,RELIABLE,RELIABLE,RELIABLE,RELIABLE,RELIABLE,STATIONARY,STATIONARY,STATIONARY,MOVING,MOVING,MOVING,MOVING,MOVING,MOVING
16943,488,1,STILL,0.12317419,0.00020883,0.00169537,0.00387921,0.00439216,0.00274830,0.00502335,0.00610586,0.00560298,0.02311332,0.01788280,RELIABLE,RELIABLE,RELIABLE,RELIABLE,RELIABLE,RELIABLE,RELIABLE,RELIABLE,STATIONARY,STATIONARY,STATIONARY,MOVING,MOVING,MOVING,MOVING,MOVING,MOVING
16974,489,1,STILL,0.12315712,0.00077439,0.00628786,0.00420306,0.00494423,0.00368041,0.00582320,0.00708509,0.00567503,0.02641320,0.01769265,RELIABLE,RELIABLE,RELIABLE,RELIABLE,RELIABLE,RELIABLE,RELIABLE,RELIABLE,STATIONARY,STATIONARY,STATIONARY,MOVING,MOVING,MOVING,MOVING,MOVING,MOVING
17006,490,1,STILL,0.12338801,0.00064135,0.00519781,0.00418011,0.00497801,0.00376530,0.00550539,0.00787573,0.00588681,0.02525517,0.01872741,RELIABLE,RELIABLE,RELIABLE,RELIABLE,RELIABLE,RELIABLE,RELIABLE,RELIABLE,STATIONARY,STATIONARY,STATIONARY,STATIONARY,MOVING,MOVING,MOVING,MOVING,MOVING
17038,491,1,STILL,0.12358948,0.00059201,0.00479017,0.00454837,0.00500808,0.00380831,0.00532820,0.00775883,0.00596001,0.02487207,0.01864968,RELIABLE,RELIABLE,RELIABLE,RELIABLE,RELIABLE,RELIABLE,RELIABLE,RELIABLE,STATIONARY,STATIONARY,STATIONARY,STATIONARY,MOVING,MOVING,MOVING,MOVING,MOVING
17069,492,1,STILL,0.12369040,0.00029601,0.00239313,0.00473204,0.00502251,0.00382942,0.00523880,0.00769946,0.00599592,0.02467558,0.01860869,RELIABLE,RELIABLE,RELIABLE,RELIABLE,RELIABLE,RELIABLE,RELIABLE,RELIABLE,STATIONARY,STATIONARY,STATIONARY,STATIONARY,MOVING,MOVING,MOVING,MOVING,MOVING
17118,493,1,STILL,0.12333810,0.00109971,0.00891626,0.00514909,0.00630674,0.00442010,0.00527525,0.00851380,0.00662211,0.02137310,0.01955641,RELIABLE,RELIABLE,RELIABLE,RELIABLE,RELIABLE,RELIABLE,RELIABLE,RELIABLE,STATIONARY,STATIONARY,STATIONARY,STATIONARY,MOVING,MOVING,MOVING,MOVING,MOVING
17146,494,1,STILL,0.12316418,0.00054986,0.00446442,0.00464216,0.00579123,0.00404336,0.00478866,0.00798038,0.00613407,0.02074497,0.01893908,RELIABLE,RELIABLE,RELIABLE,RELIABLE,RELIABLE,RELIABLE,RELIABLE,RELIABLE,STATIONARY,STATIONARY,STATIONARY,STATIONARY,MOVING,MOVING,MOVING,MOVING,MOVING
17178,495,1,STILL,0.12269884,0.00084588,0.00689395,0.00507987,0.00702841,0.00584409,0.00432354,0.00803113,0.00587262,0.01874597,0.01714243,RELIABLE,RELIABLE,RELIABLE,RELIABLE,RELIABLE,RELIABLE,RELIABLE,RELIABLE,STATIONARY,STATIONARY,STATIONARY,STATIONARY,MOVING,MOVING,MOVING,MOVING,MOVING
17209,496,1,STILL,0.12331383,0.00056756,0.00460259,0.00544327,0.00726532,0.00639130,0.00432701,0.00865987,0.00584376,0.01814763,0.01777777,RELIABLE,RELIABLE,RELIABLE,RELIABLE,RELIABLE,RELIABLE,RELIABLE,RELIABLE,STATIONARY,STATIONARY,STATIONARY,STATIONARY,MOVING,MOVING,MOVING,MOVING,MOVING
17246,497,1,STILL,0.12270901,0.00111273,0.00906800,0.00579079,0.00762735,0.00608720,0.00417077,0.00740620,0.00612045,0.01541277,0.01855857,RELIABLE,RELIABLE,RELIABLE,RELIABLE,RELIABLE,RELIABLE,RELIABLE,RELIABLE,STATIONARY,STATIONARY,STATIONARY,STATIONARY,MOVING,MOVING,MOVING,MOVING,MOVING
17273,498,1,STILL,0.12240875,0.00055636,0.00454512,0.00570921,0.00752982,0.00598037,0.00428927,0.00645641,0.00596984,0.01517687,0.01688128,RELIABLE,RELIABLE,RELIABLE,RELIABLE,RELIABLE,RELIABLE,RELIABLE,RELIABLE,STATIONARY,STATIONARY,STATIONARY,STATIONARY,MOVING,MOVING,MOVING,MOVING,MOVING
17305,499,1,STILL,0.12234549,0.00158388,0.01294599,0.00672868,0.00936153,0.00718947,0.00470170,0.00655349,0.00672691,0.01419862,0.01829614,RELIABLE,RELIABLE,RELIABLE,RELIABLE,RELIABLE,RELIABLE,RELIABLE,RELIABLE,STATIONARY,STATIONARY,STATIONARY,STATIONARY,MOVING,MOVING,MOVING,MOVING,MOVING
17337,500,1,STILL,0.12239492,0.00036927,0.00301707,0.00680668,0.00931525,0.00714937,0.00555289,0.00712085,0.00853899,0.01947255,0.02220418,RELIABLE,RELIABLE,RELIABLE,RELIABLE,RELIABLE,RELIABLE,RELIABLE,RELIABLE,STATIONARY,STATIONARY,STATIONARY,STATIONARY,MOVING,MOVING,MOVING,MOVING,MOVING
17368,501,1,STILL,0.12180650,0.00066498,0.00545932,0.00637456,0.00903031,0.00790178,0.00635458,0.00745772,0.00797832,0.02004449,0.02057856,RELIABLE,RELIABLE,RELIABLE,RELIABLE,RELIABLE,RELIABLE,RELIABLE,RELIABLE,STATIONARY,STATIONARY,STATIONARY,STATIONARY,MOVING,MOVING,MOVING,MOVING,MOVING
17406,502,1,STILL,0.12165054,0.00121593,0.00999526,0.00706591,0.00962213,0.00789050,0.00676723,0.00831179,0.00806736,0.01898400,0.02247495,RELIABLE,RELIABLE,RELIABLE,RELIABLE,RELIABLE,RELIABLE,RELIABLE,RELIABLE,STATIONARY,STATIONARY,STATIONARY,STATIONARY,MOVING,MOVING,MOVING,MOVING,MOVING
17447,503,1,STILL,0.12157510,0.00060796,0.00500073,0.00682926,0.00867880,0.00627226,0.00665170,0.00777253,0.00772604,0.01795449,0.02058680,RELIABLE,RELIABLE,RELIABLE,RELIABLE,RELIABLE,RELIABLE,RELIABLE,RELIABLE,STATIONARY,STATIONARY,STATIONARY,STATIONARY,MOVING,MOVING,MOVING,MOVING,MOVING
17479,504,1,STILL,0.12299949,0.00107816,0.00876554,0.00734963,0.01033658,0.00796614,0.00683058,0.00838522,0.00873470,0.02473015,0.02006863,RELIABLE,RELIABLE,RELIABLE,RELIABLE,RELIABLE,RELIABLE,RELIABLE,RELIABLE,STATIONARY,STATIONARY,STATIONARY,STATIONARY,MOVING,MOVING,MOVING,MOVING,MOVING
17511,505,1,STILL,0.12242122,0.00106665,0.00871294,0.00730524,0.01061203,0.00877977,0.00636141,0.00907904,0.00831908,0.02630902,0.02042381,RELIABLE,RELIABLE,RELIABLE,RELIABLE,RELIABLE,RELIABLE,RELIABLE,RELIABLE,STATIONARY,STATIONARY,STATIONARY,STATIONARY,MOVING,MOVING,MOVING,MOVING,MOVING
17543,506,1,STILL,0.12191039,0.00032543,0.00266941,0.00707078,0.00998217,0.00857464,0.00647756,0.00946283,0.00933017,0.03060702,0.02335352,RELIABLE,RELIABLE,RELIABLE,RELIABLE,RELIABLE,RELIABLE,RELIABLE,RELIABLE,STATIONARY,STATIONARY,STATIONARY,STATIONARY,MOVING,MOVING,MOVING,MOVING,MOVING
17574,507,1,STILL,0.12194087,0.00095774,0.00785411,0.00643430,0.00863545,0.00832798,0.00615682,0.00973288,0.00853885,0.02901190,0.02216390,RELIABLE,RELIABLE,RELIABLE,RELIABLE,RELIABLE,RELIABLE,RELIABLE,RELIABLE,STATIONARY,STATIONARY,STATIONARY,STATIONARY,MOVING,MOVING,MOVING,MOVING,MOVING
17614,508,1,STILL,0.12161348,0.00063126,0.00519072,0.00670600,0.00943624,0.00931492,0.00575628,0.01012224,0.00733253,0.02479896,0.01981650,RELIABLE,RELIABLE,RELIABLE,RELIABLE,RELIABLE,RELIABLE,RELIABLE,RELIABLE,STATIONARY,STATIONARY,STATIONARY,STATIONARY,MOVING,MOVING,MOVING,MOVING,MOVING
17652,509,1,STILL,0.12145007,0.00031563,0.00259885,0.00634844,0.00861736,0.00804904,0.00465827,0.00937430,0.00687472,0.02227176,0.01949485,RELIABLE,RELIABLE,RELIABLE,RELIABLE,RELIABLE,RELIABLE,RELIABLE,RELIABLE,STATIONARY,STATIONARY,STATIONARY,STATIONARY,MOVING,MOVING,MOVING,MOVING,MOVING
17683,510,1,STILL,0.12121949,0.00057201,0.00471879,0.00568889,0.00789944,0.00880506,0.00488980,0.00898873,0.00713644,0.02303610,0.01888954,RELIABLE,RELIABLE,RELIABLE,RELIABLE,RELIABLE,RELIABLE,RELIABLE,RELIABLE,STATIONARY,STATIONARY,STATIONARY,STATIONARY,MOVING,MOVING,MOVING,MOVING,MOVING
17715,511,1,STILL,0.12176525,0.00101455,0.00833203,0.00610530,0.00835440,0.00975055,0.00537262,0.00953939,0.00792683,0.02439828,0.01866757,RELIABLE,RELIABLE,RELIABLE,RELIABLE,RELIABLE,RELIABLE,RELIABLE,RELIABLE,STATIONARY,STATIONARY,STATIONARY,STATIONARY,MOVING,MOVING,MOVING,MOVING,MOVING
17746,512,1,STILL,0.12131822,0.00071958,0.00593137,0.00575103,0.00718569,0.00830867,0.00521374,0.00847521,0.00718292,0.01789659,0.01925255,RELIABLE,RELIABLE,RELIABLE,RELIABLE,RELIABLE,RELIABLE,RELIABLE,RELIABLE,STATIONARY,STATIONARY,STATIONARY,STATIONARY,MOVING,MOVING,MOVING,MOVING,MOVING
17777,513,1,STILL,0.12109480,0.00035979,0.00297116,0.00503331,0.00583662,0.00697831,0.00485681,0.00716647,0.00686209,0.01538990,0.01869905,RELIABLE,RELIABLE,RELIABLE,RELIABLE,RELIABLE,RELIABLE,RELIABLE,RELIABLE,STATIONARY,STATIONARY,STATIONARY,STATIONARY,MOVING,MOVING,MOVING,MOVING,MOVING
17809,514,1,STILL,0.12080882,0.00046245,0.00382792,0.00517812,0.00620664,0.00748318,0.00481517,0.00688300,0.00588733,0.01236963,0.01668559,RELIABLE,RELIABLE,RELIABLE,RELIABLE,RELIABLE,RELIABLE,RELIABLE,RELIABLE,STATIONARY,STATIONARY,STATIONARY,STATIONARY,MOVING,MOVING,MOVING,MOVING,MOVING
17840,515,1,STILL,0.12082452,0.00083113,0.00687883,0.00505621,0.00651000,0.00769326,0.00457490,0.00702026,0.00664705,0.01370311,0.01828615,RELIABLE,RELIABLE,RELIABLE,RELIABLE,RELIABLE,RELIABLE,RELIABLE,RELIABLE,STATIONARY,STATIONARY,STATIONARY,STATIONARY,MOVING,MOVING,MOVING,MOVING,MOVING
17872,516,1,STILL,0.12090622,0.00059343,0.00490822,0.00502090,0.00583517,0.00700846,0.00453471,0.00638493,0.00623084,0.01271867,0.01769986,RELIABLE,RELIABLE,RELIABLE,RELIABLE,RELIABLE,RELIABLE,RELIABLE,RELIABLE,STATIONARY,STATIONARY,STATIONARY,STATIONARY,MOVING,MOVING,MOVING,MOVING,MOVING
17903,517,1,STILL,0.12107972,0.00043166,0.00356509,0.00514167,0.00563452,0.00711910,0.00503406,0.00611620,0.00685351,0.01311507,0.01867745,RELIABLE,RELIABLE,RELIABLE,RELIABLE,RELIABLE,RELIABLE,RELIABLE,RELIABLE,STATIONARY,STATIONARY,STATIONARY,STATIONARY,MOVING,MOVING,MOVING,MOVING,MOVING
17950,518,1,STILL,0.12135263,0.00067079,0.00552759,0.00524278,0.00609522,0.00706530,0.00429014,0.00599768,0.00616977,0.01341960,0.01869597,RELIABLE,RELIABLE,RELIABLE,RELIABLE,RELIABLE,RELIABLE,RELIABLE,RELIABLE,STATIONARY,STATIONARY,STATIONARY,STATIONARY,MOVING,MOVING,MOVING,MOVING,MOVING
17982,519,1,STILL,0.12149015,0.00033539,0.00276067,0.00454636,0.00551056,0.00647007,0.00355078,0.00519405,0.00516789,0.01259069,0.01862184,RELIABLE,RELIABLE,RELIABLE,RELIABLE,RELIABLE,RELIABLE,RELIABLE,RELIABLE,STATIONARY,STATIONARY,STATIONARY,STATIONARY,MOVING,MOVING,MOVING,MOVING,MOVING
18014,520,1,STILL,0.12200702,0.00044187,0.00362166,0.00425764,0.00540181,0.00606123,0.00431462,0.00617528,0.00530987,0.01363280,0.01675828,RELIABLE,RELIABLE,RELIABLE,RELIABLE,RELIABLE,RELIABLE,RELIABLE,RELIABLE,STATIONARY,STATIONARY,STATIONARY,STATIONARY,MOVING,MOVING,MOVING,MOVING,MOVING
18046,521,1,STILL,0.12169735,0.00094060,0.00772905,0.00485238,0.00629767,0.00684763,0.00457769,0.00734251,0.00560559,0.01564717,0.01730836,RELIABLE,RELIABLE,RELIABLE,RELIABLE,RELIABLE,RELIABLE,RELIABLE,RELIABLE,STATIONARY,STATIONARY,STATIONARY,STATIONARY,MOVING,MOVING,MOVING,MOVING,MOVING
18078,522,1,STILL,0.12130465,0.00033779,0.00278461,0.00472196,0.00634914,0.00677894,0.00455317,0.00860917,0.00549107,0.01645531,0.01730261,RELIABLE,RELIABLE,RELIABLE,RELIABLE,RELIABLE,RELIABLE,RELIABLE,RELIABLE,STATIONARY,STATIONARY,STATIONARY,STATIONARY,MOVING,MOVING,MOVING,MOVING,MOVING
18110,523,1,STILL,0.12218656,0.00087716,0.00717884,0.00475947,0.00644174,0.00655097,0.00542846,0.00815518,0.00541427,0.01796033,0.01708557,RELIABLE,RELIABLE,RELIABLE,RELIABLE,RELIABLE,RELIABLE,RELIABLE,RELIABLE,STATIONARY,STATIONARY,STATIONARY,STATIONARY,MOVING,MOVING,MOVING,MOVING,MOVING
18140,524,1,STILL,0.12263346,0.00043858,0.00357634,0.00459298,0.00680025,0.00675901,0.00537934,0.00785800,0.00554705,0.01801087,0.01691046,RELIABLE,RELIABLE,RELIABLE,RELIABLE,RELIABLE,RELIABLE,RELIABLE,RELIABLE,STATIONARY,STATIONARY,STATIONARY,STATIONARY,MOVING,MOVING,MOVING,MOVING,MOVING
18172,525,1,STILL,0.12196923,0.00111073,0.00910664,0.00528568,0.00867526,0.00798961,0.00521806,0.00804817,0.00615783,0.01873894,0.01829839,RELIABLE,RELIABLE,RELIABLE,RELIABLE,RELIABLE,RELIABLE,RELIABLE,RELIABLE,STATIONARY,STATIONARY,STATIONARY,STATIONARY,MOVING,MOVING,MOVING,MOVING,MOVING
18205,526,1,STILL,0.12105510,0.00076741,0.00633937,0.00538715,0.00935688,0.00894402,0.00619205,0.00815411,0.00681400,0.01910729,0.01787362,RELIABLE,RELIABLE,RELIABLE,RELIABLE,RELIABLE,RELIABLE,RELIABLE,RELIABLE,STATIONARY,STATIONARY,STATIONARY,STATIONARY,MOVING,MOVING,MOVING,MOVING,MOVING
18238,527,1,STILL,0.12123781,0.00057489,0.00474188,0.00563480,0.00969661,0.00928419,0.00685309,0.00908868,0.00796791,0.02498976,0.02001113,RELIABLE,RELIABLE,RELIABLE,RELIABLE,RELIABLE,RELIABLE,RELIABLE,RELIABLE,STATIONARY,STATIONARY,STATIONARY,STATIONARY,MOVING,MOVING,MOVING,MOVING,MOVING
18267,528,1,STILL,0.12132935,0.00028745,0.00236915,0.00547823,0.00933107,0.00932993,0.00597761,0.00802651,0.00775957,0.02596382,0.02025068,RELIABLE,RELIABLE,RELIABLE,RELIABLE,RELIABLE,RELIABLE,RELIABLE,RELIABLE,STATIONARY,STATIONARY,STATIONARY,STATIONARY,MOVING,MOVING,MOVING,MOVING,MOVING
18318,529,1,STILL,0.12161307,0.00082422,0.00677742,0.00535928,0.00899950,0.00946047,0.00593997,0.00705675,0.00798394,0.02604606,0.02143722,RELIABLE,RELIABLE,RELIABLE,RELIABLE,RELIABLE,RELIABLE,RELIABLE,RELIABLE,STATIONARY,STATIONARY,STATIONARY,STATIONARY,MOVING,MOVING,MOVING,MOVING,MOVING
18347,530,1,STILL,0.12175543,0.00041211,0.00338475,0.00543430,0.00895073,0.00942758,0.00558804,0.00547949,0.00795206,0.02454100,0.02129152,RELIABLE,RELIABLE,RELIABLE,RELIABLE,RELIABLE,RELIABLE,RELIABLE,RELIABLE,STATIONARY,STATIONARY,STATIONARY,STATIONARY,MOVING,MOVING,MOVING,MOVING,MOVING
18377,531,1,STILL,0.12137046,0.00076081,0.00626851,0.00532051,0.00826151,0.00859587,0.00525348,0.00571046,0.00825765,0.03079614,0.01997756,RELIABLE,RELIABLE,RELIABLE,RELIABLE,RELIABLE,RELIABLE,RELIABLE,RELIABLE,STATIONARY,STATIONARY,STATIONARY,STATIONARY,MOVING,MOVING,MOVING,MOVING,MOVING
18409,532,1,STILL,0.12149040,0.00058829,0.00484229,0.00547875,0.00835048,0.00856123,0.00549209,0.00666259,0.00926863,0.03336410,0.02085400,RELIABLE,RELIABLE,RELIABLE,RELIABLE,RELIABLE,RELIABLE,RELIABLE,RELIABLE,STATIONARY,STATIONARY,STATIONARY,STATIONARY,MOVING,MOVING,MOVING,MOVING,MOVING
18446,533,1,STILL,0.12040168,0.00068389,0.00568011,0.00505044,0.00704289,0.00780829,0.00557760,0.00693186,0.00862590,0.03285476,0.01828266,RELIABLE,RELIABLE,RELIABLE,RELIABLE,RELIABLE,RELIABLE,RELIABLE,RELIABLE,STATIONARY,STATIONARY,STATIONARY,STATIONARY,MOVING,MOVING,MOVING,MOVING,MOVING
18487,534,1,STILL,0.11985748,0.00034195,0.00285295,0.00461463,0.00565900,0.00620218,0.00476828,0.00636692,0.00809015,0.03181021,0.01632129,RELIABLE,RELIABLE,RELIABLE,RELIABLE,RELIABLE,RELIABLE,RELIABLE,RELIABLE,STATIONARY,STATIONARY,STATIONARY,STATIONARY,MOVING,MOVING,MOVING,MOVING,MOVING
18519,535,1,STILL,0.12003372,0.00043019,0.00358392,0.00446989,0.00521272,0.00565437,0.00502419,0.00567880,0.00727865,0.02694838,0.01397998,RELIABLE,RELIABLE,RELIABLE,RELIABLE,RELIABLE,RELIABLE,RELIABLE,RELIABLE,STATIONARY,STATIONARY,STATIONARY,STATIONARY,MOVING,MOVING,MOVING,MOVING,MOVING
18550,536,1,STILL,0.12055415,0.00083534,0.00692914,0.00503989,0.00663463,0.00664411,0.00593603,0.00634023,0.00726982,0.02695940,0.01438492,RELIABLE,RELIABLE,RELIABLE,RELIABLE,RELIABLE,RELIABLE,RELIABLE,RELIABLE,STATIONARY,STATIONARY,STATIONARY,STATIONARY,MOVING,MOVING,MOVING,MOVING,MOVING
18582,537,1,STILL,0.12088708,0.00055583,0.00459790,0.00476745,0.00692651,0.00673422,0.00628460,0.00668608,0.00721306,0.02838566,0.01275414,RELIABLE,RELIABLE,RELIABLE,RELIABLE,RELIABLE,RELIABLE,RELIABLE,RELIABLE,STATIONARY,STATIONARY,STATIONARY,STATIONARY,MOVING,MOVING,MOVING,MOVING,MOVING
18613,538,1,STILL,0.12105560,0.00027791,0.00229575,0.00463132,0.00707213,0.00677906,0.00645859,0.00685869,0.00718463,0.02909749,0.01193950,RELIABLE,RELIABLE,RELIABLE,RELIABLE,RELIABLE,RELIABLE,RELIABLE,RELIABLE,STATIONARY,STATIONARY,STATIONARY,STATIONARY,MOVING,MOVING,MOVING,MOVING,MOVING
18645,539,1,STILL,0.12056091,0.00066257,0.00549575,0.00453473,0.00711828,0.00789508,0.00599499,0.00730646,0.00882607,0.02462976,0.01354160,RELIABLE,RELIABLE,RELIABLE,RELIABLE,RELIABLE,RELIABLE,RELIABLE,RELIABLE,STATIONARY,STATIONARY,STATIONARY,STATIONARY,MOVING,MOVING,MOVING,MOVING,MOVING
18676,540,1,STILL,0.12082507,0.00052967,0.00438374,0.00447741,0.00703175,0.00782998,0.00649192,0.00677599,0.00856483,0.02445016,0.01293962,RELIABLE,RELIABLE,RELIABLE,RELIABLE,RELIABLE,RELIABLE,RELIABLE,RELIABLE,STATIONARY,STATIONARY,STATIONARY,STATIONARY,MOVING,MOVING,MOVING,MOVING,MOVING
18708,541,1,STILL,0.12003355,0.00134559,0.01121013,0.00516866,0.00866622,0.00934480,0.00705029,0.00711481,0.00991076,0.03155120,0.01381814,RELIABLE,RELIABLE,RELIABLE,RELIABLE,RELIABLE,RELIABLE,RELIABLE,RELIABLE,STATIONARY,STATIONARY,STATIONARY,STATIONARY,MOVING,MOVING,MOVING,MOVING,MOVING
18739,542,1,STILL,0.12142636,0.00070323,0.00579138,0.00553596,0.00934624,0.00912750,0.00745642,0.00760719,0.01029869,0.03320108,0.01567895,RELIABLE,RELIABLE,RELIABLE,RELIABLE,RELIABLE,RELIABLE,RELIABLE,RELIABLE,STATIONARY,STATIONARY,STATIONARY,STATIONARY,MOVING,MOVING,MOVING,MOVING,MOVING
18782,543,1,STILL,0.12155729,0.00074468,0.00612619,0.00585375,0.00995234,0.00933246,0.00719382,0.00781378,0.01027910,0.03281947,0.01654496,RELIABLE,RELIABLE,RELIABLE,RELIABLE,RELIABLE,RELIABLE,RELIABLE,RELIABLE,STATIONARY,STATIONARY,STATIONARY,STATIONARY,MOVING,MOVING,MOVING,MOVING,MOVING
18816,544,1,STILL,0.12162410,0.00037234,0.00306141,0.00537028,0.00861039,0.00817148,0.00627871,0.00691186,0.00987275,0.03018887,0.01540314,RELIABLE,RELIABLE,RELIABLE,RELIABLE,RELIABLE,RELIABLE,RELIABLE,RELIABLE,STATIONARY,STATIONARY,STATIONARY,STATIONARY,MOVING,MOVING,MOVING,MOVING,MOVING
18847,545,1,STILL,0.12112167,0.00059031,0.00487369,0.00540476,0.00888354,0.00846102,0.00641896,0.00735007,0.01044341,0.02864234,0.01719870,RELIABLE,RELIABLE,RELIABLE,RELIABLE,RELIABLE,RELIABLE,RELIABLE,RELIABLE,STATIONARY,STATIONARY,STATIONARY,STATIONARY,MOVING,MOVING,MOVING,MOVING,MOVING
18877,546,1,STILL,0.12062669,0.00041165,0.00341263,0.00554437,0.00874810,0.00790756,0.00655347,0.00811936,0.01174122,0.03100186,0.01892649,RELIABLE,RELIABLE,RELIABLE,RELIABLE,RELIABLE,RELIABLE,RELIABLE,RELIABLE,STATIONARY,STATIONARY,STATIONARY,STATIONARY,MOVING,MOVING,MOVING,MOVING,MOVING
18908,547,1,STILL,0.12144988,0.00089102,0.00733656,0.00577447,0.00944101,0.00755113,0.00750308,0.00824296,0.01094273,0.03240450,0.01747670,RELIABLE,RELIABLE,RELIABLE,RELIABLE,RELIABLE,RELIABLE,RELIABLE,RELIABLE,STATIONARY,STATIONARY,STATIONARY,STATIONARY,MOVING,MOVING,MOVING,MOVING,MOVING
18942,548,1,STILL,0.12179649,0.00054547,0.00447852,0.00578631,0.00919100,0.00756509,0.00666479,0.00789113,0.01055525,0.03092740,0.01870320,RELIABLE,RELIABLE,RELIABLE,RELIABLE,RELIABLE,RELIABLE,RELIABLE,RELIABLE,STATIONARY,STATIONARY,STATIONARY,STATIONARY,MOVING,MOVING,MOVING,MOVING,MOVING
18972,549,1,STILL,0.12197208,0.00027273,0.00223603,0.00466455,0.00690681,0.00517957,0.00558594,0.00692909,0.00865672,0.02319599,0.01839645,RELIABLE,RELIABLE,RELIABLE,RELIABLE,RELIABLE,RELIABLE,RELIABLE,RELIABLE,STATIONARY,STATIONARY,STATIONARY,STATIONARY,MOVING,MOVING,MOVING,MOVING,MOVING
19003,550,1,STILL,0.12204064,0.00103273,0.00846216,0.00499840,0.00735386,0.00649387,0.00630974,0.00660390,0.00904083,0.02213310,0.01926339,RELIABLE,RELIABLE,RELIABLE,RELIABLE,RELIABLE,RELIABLE,RELIABLE,RELIABLE,STATIONARY,STATIONARY,STATIONARY,STATIONARY,MOVING,MOVING,MOVING,MOVING,MOVING
19035,551,1,STILL,0.12130234,0.00053049,0.00437330,0.00477929,0.00758737,0.00707754,0.00627332,0.00706533,0.00896524,0.02366460,0.01847897,RELIABLE,RELIABLE,RELIABLE,RELIABLE,RELIABLE,RELIABLE,RELIABLE,RELIABLE,STATIONARY,STATIONARY,STATIONARY,STATIONARY,MOVING,MOVING,MOVING,MOVING,MOVING
19070,552,1,STILL,0.12130130,0.00108132,0.00891437,0.00551091,0.00888437,0.00883017,0.00677961,0.00773222,0.00960030,0.02601335,0.02206908,RELIABLE,RELIABLE,RELIABLE,RELIABLE,RELIABLE,RELIABLE,RELIABLE,RELIABLE,STATIONARY,STATIONARY,STATIONARY,STATIONARY,MOVING,MOVING,MOVING,MOVING,MOVING
19101,553,1,STILL,0.12104564,0.00086641,0.00715771,0.00579641,0.00845176,0.00818903,0.00668014,0.00740036,0.00871119,0.02844031,0.02158582,RELIABLE,RELIABLE,RELIABLE,RELIABLE,RELIABLE,RELIABLE,RELIABLE,RELIABLE,STATIONARY,STATIONARY,STATIONARY,STATIONARY,MOVING,MOVING,MOVING,MOVING,MOVING
19149,554,1,STILL,0.12171632,0.00075403,0.00619495,0.00614420,0.00880590,0.00856594,0.00702840,0.00713165,0.00802939,0.02584585,0.02120086,RELIABLE,RELIABLE,RELIABLE,RELIABLE,RELIABLE,RELIABLE,RELIABLE,RELIABLE,STATIONARY,STATIONARY,STATIONARY,STATIONARY,MOVING,MOVING,MOVING,MOVING,MOVING
19179,555,1,STILL,0.12205970,0.00037701,0.00308876,0.00561323,0.00782404,0.00762831,0.00609991,0.00613251,0.00616592,0.01978496,0.02029426,RELIABLE,RELIABLE,RELIABLE,RELIABLE,RELIABLE,RELIABLE,RELIABLE,RELIABLE,STATIONARY,STATIONARY,STATIONARY,STATIONARY,MOVING,MOVING,MOVING,MOVING,MOVING
19210,556,1,STILL,0.12205809,0.00060671,0.00497063,0.00567474,0.00806614,0.00814361,0.00610429,0.00716410,0.00608089,0.01958994,0.01969201,RELIABLE,RELIABLE,RELIABLE,RELIABLE,RELIABLE,RELIABLE,RELIABLE,RELIABLE,STATIONARY,STATIONARY,STATIONARY,STATIONARY,MOVING,MOVING,MOVING,MOVING,MOVING
19242,557,1,STILL,0.12099860,0.00051850,0.00428514,0.00593088,0.00862614,0.00848690,0.00682713,0.00779277,0.00670578,0.02040281,0.02088161,RELIABLE,RELIABLE,RELIABLE,RELIABLE,RELIABLE,RELIABLE,RELIABLE,RELIABLE,STATIONARY,STATIONARY,STATIONARY,STATIONARY,MOVING,MOVING,MOVING,MOVING,MOVING
19278,558,1,STILL,0.12102759,0.00092346,0.00763012,0.00582687,0.00826477,0.00759739,0.00599577,0.00919396,0.00661936,0.02060805,0.01917461,RELIABLE,RELIABLE,RELIABLE,RELIABLE,RELIABLE,RELIABLE,RELIABLE,RELIABLE,STATIONARY,STATIONARY,STATIONARY,STATIONARY,MOVING,MOVING,MOVING,MOVING,MOVING
19305,559,1,STILL,0.12104606,0.00046173,0.00381448,0.00575702,0.00756396,0.00679494,0.00560953,0.00883451,0.00677529,0.01849635,0.01861564,RELIABLE,RELIABLE,RELIABLE,RELIABLE,RELIABLE,RELIABLE,RELIABLE,RELIABLE,STATIONARY,STATIONARY,STATIONARY,STATIONARY,MOVING,MOVING,MOVING,MOVING,MOVING
19336,560,1,STILL,0.12073881,0.00082882,0.00686459,0.00550080,0.00747761,0.00627948,0.00581753,0.00886706,0.00719131,0.01769120,0.01627275,RELIABLE,RELIABLE,RELIABLE,RELIABLE,RELIABLE,RELIABLE,RELIABLE,RELIABLE,STATIONARY,STATIONARY,STATIONARY,STATIONARY,MOVING,MOVING,MOVING,MOVING,MOVING
19368,561,1,STILL,0.12095453,0.00089079,0.00736463,0.00552666,0.00729724,0.00632597,0.00588562,0.00832527,0.00761853,0.01574448,0.01405720,RELIABLE,RELIABLE,RELIABLE,RELIABLE,RELIABLE,RELIABLE,RELIABLE,RELIABLE,STATIONARY,STATIONARY,STATIONARY,STATIONARY,MOVING,MOVING,MOVING,MOVING,MOVING
19406,562,1,STILL,0.12096512,0.00089831,0.00742622,0.00568057,0.00777992,0.00746066,0.00609041,0.00834063,0.00764049,0.01509682,0.01280748,RELIABLE,RELIABLE,RELIABLE,RELIABLE,RELIABLE,RELIABLE,RELIABLE,RELIABLE,STATIONARY,STATIONARY,STATIONARY,STATIONARY,MOVING,MOVING,MOVING,MOVING,MOVING
19446,563,1,STILL,0.12064066,0.00081239,0.00673399,0.00613622,0.00842567,0.00869654,0.00659045,0.00939466,0.00891695,0.01849103,0.01462638,RELIABLE,RELIABLE,RELIABLE,RELIABLE,RELIABLE,RELIABLE,RELIABLE,RELIABLE,STATIONARY,STATIONARY,STATIONARY,STATIONARY,MOVING,MOVING,MOVING,MOVING,MOVING
19478,564,1,STILL,0.12048003,0.00040620,0.00337148,0.00593633,0.00829122,0.00838341,0.00655319,0.00872413,0.00892392,0.01804629,0.01361079,RELIABLE,RELIABLE,RELIABLE,RELIABLE,RELIABLE,RELIABLE,RELIABLE,RELIABLE,STATIONARY,STATIONARY,STATIONARY,STATIONARY,MOVING,MOVING,MOVING,MOVING,MOVING
19508,565,1,STILL,0.12092337,0.00061383,0.00507619,0.00603521,0.00805390,0.00861698,0.00695641,0.00935817,0.00968409,0.02103265,0.01391688,RELIABLE,RELIABLE,RELIABLE,RELIABLE,RELIABLE,RELIABLE,RELIABLE,RELIABLE,STATIONARY,STATIONARY,STATIONARY,STATIONARY,MOVING,MOVING,MOVING,MOVING,MOVING
19540,566,1,STILL,0.12132534,0.00063514,0.00523504,0.00573583,0.00789109,0.00903077,0.00744754,0.00881310,0.01015489,0.02304683,0.01538573,RELIABLE,RELIABLE,RELIABLE,RELIABLE,RELIABLE,RELIABLE,RELIABLE,RELIABLE,STATIONARY,STATIONARY,STATIONARY,STATIONARY,MOVING,MOVING,MOVING,MOVING,MOVING
19571,567,1,STILL,0.12214080,0.00064987,0.00532067,0.00592410,0.00810637,0.00982893,0.00818666,0.00860265,0.01211241,0.02678732,0.01871764,RELIABLE,RELIABLE,RELIABLE,RELIABLE,RELIABLE,RELIABLE,RELIABLE,RELIABLE,STATIONARY,STATIONARY,STATIONARY,STATIONARY,MOVING,MOVING,MOVING,MOVING,MOVING
19614,568,1,STILL,0.12178558,0.00063319,0.00519924,0.00571593,0.00683770,0.00852119,0.00785118,0.00907272,0.01173546,0.02650084,0.01779386,RELIABLE,RELIABLE,RELIABLE,RELIABLE,RELIABLE,RELIABLE,RELIABLE,RELIABLE,STATIONARY,STATIONARY,STATIONARY,STATIONARY,MOVING,MOVING,MOVING,MOVING,MOVING
19651,569,1,STILL,0.12114467,0.00062592,0.00516672,0.00544119,0.00622800,0.00799190,0.00797089,0.00980173,0.01287114,0.02761206,0.02181443,RELIABLE,RELIABLE,RELIABLE,RELIABLE,RELIABLE,RELIABLE,RELIABLE,RELIABLE,STATIONARY,STATIONARY,STATIONARY,STATIONARY,MOVING,MOVING,MOVING,MOVING,MOVING
19682,570,1,STILL,0.12082956,0.00031296,0.00259010,0.00483668,0.00505325,0.00661831,0.00739957,0.00943481,0.01285869,0.02852559,0.02328768,RELIABLE,RELIABLE,RELIABLE,RELIABLE,RELIABLE,RELIABLE,RELIABLE,RELIABLE,STATIONARY,STATIONARY,STATIONARY,STATIONARY,MOVING,MOVING,MOVING,MOVING,MOVING
19712,571,1,STILL,0.12039940,0.00054762,0.00454834,0.00456347,0.00481556,0.00580776,0.00728137,0.00864387,0.01229148,0.02822281,0.02475170,RELIABLE,RELIABLE,RELIABLE,RELIABLE,RELIABLE,RELIABLE,RELIABLE,RELIABLE,STATIONARY,STATIONARY,STATIONARY,STATIONARY,MOVING,MOVING,MOVING,MOVING,MOVING
19745,572,1,STILL,0.12119489,0.00051598,0.00425746,0.00467422,0.00498462,0.00583480,0.00754769,0.00897318,0.01217116,0.02702348,0.02449705,RELIABLE,RELIABLE,RELIABLE,RELIABLE,RELIABLE,RELIABLE,RELIABLE,RELIABLE,STATIONARY,STATIONARY,STATIONARY,STATIONARY,MOVING,MOVING,MOVING,MOVING,MOVING
19777,573,1,STILL,0.12122767,0.00092319,0.00761537,0.00499162,0.00598548,0.00671818,0.00752236,0.00848698,0.01103838,0.02437897,0.02302552,RELIABLE,RELIABLE,RELIABLE,RELIABLE,RELIABLE,RELIABLE,RELIABLE,RELIABLE,STATIONARY,STATIONARY,STATIONARY,STATIONARY,MOVING,MOVING,MOVING,MOVING,MOVING
19808,574,1,STILL,0.12124418,0.00046160,0.00380717,0.00481313,0.00571745,0.00638895,0.00702094,0.00753839,0.00972939,0.02182994,0.02083158,RELIABLE,RELIABLE,RELIABLE,RELIABLE,RELIABLE,RELIABLE,RELIABLE,RELIABLE,STATIONARY,STATIONARY,STATIONARY,STATIONARY,MOVING,MOVING,MOVING,MOVING,MOVING
19840,575,1,STILL,0.12139182,0.00072018,0.00593265,0.00488963,0.00579524,0.00577615,0.00657799,0.00756228,0.00820528,0.02204800,0.01913838,RELIABLE,RELIABLE,RELIABLE,RELIABLE,RELIABLE,RELIABLE,RELIABLE,RELIABLE,STATIONARY,STATIONARY,STATIONARY,STATIONARY,MOVING,MOVING,MOVING,MOVING,MOVING
19871,576,1,STILL,0.12116315,0.00029624,0.00244495,0.00454535,0.00547534,0.00572985,0.00690633,0.00675601,0.00797479,0.02232958,0.01933943,RELIABLE,RELIABLE,RELIABLE,RELIABLE,RELIABLE,RELIABLE,RELIABLE,RELIABLE,STATIONARY,STATIONARY,STATIONARY,STATIONARY,MOVING,MOVING,MOVING,MOVING,MOVING
19902,577,1,STILL,0.12154021,0.00087468,0.00719660,0.00479908,0.00602041,0.00617314,0.00628218,0.00630936,0.00684982,0.02127488,0.01557342,RELIABLE,RELIABLE,RELIABLE,RELIABLE,RELIABLE,RELIABLE,RELIABLE,RELIABLE,STATIONARY,STATIONARY,STATIONARY,STATIONARY,MOVING,MOVING,MOVING,MOVING,MOVING
19934,578,1,STILL,0.12140917,0.00047049,0.00387527,0.00495973,0.00635418,0.00653757,0.00638421,0.00737902,0.00726198,0.02483145,0.01628633,RELIABLE,RELIABLE,RELIABLE,RELIABLE,RELIABLE,RELIABLE,RELIABLE,RELIABLE,STATIONARY,STATIONARY,STATIONARY,STATIONARY,MOVING,MOVING,MOVING,MOVING,MOVING
19983,579,1,STILL,0.12199132,0.00018953,0.00155363,0.00458539,0.00564989,0.00609940,0.00653580,0.00730650,0.00695858,0.02449666,0.01361790,RELIABLE,RELIABLE,RELIABLE,RELIABLE,RELIABLE,RELIABLE,RELIABLE,RELIABLE,STATIONARY,STATIONARY,STATIONARY,STATIONARY,MOVING,MOVING,MOVING,MOVING,MOVING
20012,580,1,STILL,0.12228256,0.00009476,0.00077496,0.00415008,0.00500895,0.00544669,0.00628436,0.00654364,0.00664131,0.02536993,0.01326631,RELIABLE,RELIABLE,RELIABLE,RELIABLE,RELIABLE,RELIABLE,RELIABLE,RELIABLE,STATIONARY,STATIONARY,STATIONARY,STATIONARY,MOVING,MOVING,MOVING,MOVING,MOVING
20044,581,1,STILL,0.12187491,0.00077283,0.00634119,0.00399080,0.00440478,0.00477923,0.00549425,0.00698454,0.00657856,0.02461020,0.01278184,RELIABLE,RELIABLE,RELIABLE,RELIABLE,RELIABLE,RELIABLE,RELIABLE,RELIABLE,STATIONARY,STATIONARY,STATIONARY,STATIONARY,MOVING,MOVING,MOVING,MOVING,MOVING
20076,582,1,STILL,0.12256775,0.00086994,0.00709764,0.00440211,0.00455881,0.00456346,0.00581737,0.00745943,0.00670888,0.02547776,0.01564817,RELIABLE,RELIABLE,RELIABLE,RELIABLE,RELIABLE,RELIABLE,RELIABLE,RELIABLE,STATIONARY,STATIONARY,STATIONARY,STATIONARY,MOVING,MOVING,MOVING,MOVING,MOVING
20110,583,1,STILL,0.12253054,0.00133694,0.01091111,0.00502442,0.00529195,0.00491603,0.00576850,0.00713705,0.00598973,0.02125102,0.01550815,RELIABLE,RELIABLE,RELIABLE,RELIABLE,RELIABLE,RELIABLE,RELIABLE,RELIABLE,STATIONARY,STATIONARY,STATIONARY,STATIONARY,MOVING,MOVING,MOVING,MOVING,MOVING
20139,584,1,STILL,0.12251196,0.00066847,0.00545638,0.00540085,0.00594974,0.00519270,0.00497392,0.00657061,0.00544354,0.01928858,0.01506206,RELIABLE,RELIABLE,RELIABLE,RELIABLE,RELIABLE,RELIABLE,RELIABLE,RELIABLE,STATIONARY,STATIONARY,STATIONARY,STATIONARY,MOVING,MOVING,MOVING,MOVING,MOVING
20170,585,1,STILL,0.12204265,0.00158240,0.01296597,0.00612202,0.00711833,0.00634412,0.00532158,0.00694357,0.00656036,0.02124039,0.01620748,RELIABLE,RELIABLE,RELIABLE,RELIABLE,RELIABLE,RELIABLE,RELIABLE,RELIABLE,STATIONARY,STATIONARY,STATIONARY,STATIONARY,MOVING,MOVING,MOVING,MOVING,MOVING
20202,586,1,STILL,0.12143248,0.00070683,0.00582080,0.00636521,0.00751673,0.00619893,0.00534756,0.00606576,0.00658035,0.01894584,0.01574303,RELIABLE,RELIABLE,RELIABLE,RELIABLE,RELIABLE,RELIABLE,RELIABLE,RELIABLE,STATIONARY,STATIONARY,STATIONARY,STATIONARY,MOVING,MOVING,MOVING,MOVING,MOVING
20233,587,1,STILL,0.12096434,0.00142831,0.01180768,0.00764697,0.00925085,0.00741976,0.00518871,0.00606461,0.00648974,0.01829673,0.01528747,RELIABLE,RELIABLE,RELIABLE,RELIABLE,RELIABLE,RELIABLE,RELIABLE,RELIABLE,STATIONARY,STATIONARY,STATIONARY,STATIONARY,MOVING,MOVING,MOVING,MOVING,MOVING
20270,588,1,STILL,0.12071472,0.00058485,0.00484491,0.00815571,0.01000124,0.00791081,0.00572245,0.00633535,0.00700916,0.01785889,0.01636647,RELIABLE,RELIABLE,RELIABLE,RELIABLE,RELIABLE,RELIABLE,RELIABLE,RELIABLE,STATIONARY,STATIONARY,STATIONARY,STATIONARY,MOVING,MOVING,MOVING,MOVING,MOVING
20318,589,1,STILL,0.12079571,0.00042669,0.00353229,0.00780460,0.00974161,0.00747257,0.00559295,0.00566297,0.00689227,0.01685279,0.01616435,RELIABLE,RELIABLE,RELIABLE,RELIABLE,RELIABLE,RELIABLE,RELIABLE,RELIABLE,STATIONARY,STATIONARY,STATIONARY,STATIONARY,MOVING,MOVING,MOVING,MOVING,MOVING
20359,590,1,STILL,0.12083677,0.00021334,0.00176555,0.00713809,0.00915567,0.00713551,0.00481004,0.00507227,0.00667210,0.01510235,0.01295469,RELIABLE,RELIABLE,RELIABLE,RELIABLE,RELIABLE,RELIABLE,RELIABLE,RELIABLE,STATIONARY,STATIONARY,STATIONARY,STATIONARY,MOVING,MOVING,MOVING,MOVING,MOVING
20390,591,1,STILL,0.12187470,0.00054987,0.00451176,0.00633817,0.00829031,0.00670314,0.00492883,0.00677252,0.00811345,0.01666429,0.01318099,RELIABLE,RELIABLE,RELIABLE,RELIABLE,RELIABLE,RELIABLE,RELIABLE,RELIABLE,STATIONARY,STATIONARY,STATIONARY,STATIONARY,MOVING,MOVING,MOVING,MOVING,MOVING
20422,592,1,STILL,0.12162965,0.00090820,0.00746690,0.00658948,0.00897660,0.00780999,0.00497838,0.00735122,0.00956449,0.01908655,0.01536692,RELIABLE,RELIABLE,RELIABLE,RELIABLE,RELIABLE,RELIABLE,RELIABLE,RELIABLE,STATIONARY,STATIONARY,STATIONARY,STATIONARY,MOVING,MOVING,MOVING,MOVING,MOVING
20453,593,1,STILL,0.12198419,0.00063089,0.00517190,0.00561523,0.00742417,0.00623869,0.00546480,0.00718191,0.00842002,0.01483749,0.01504934,RELIABLE,RELIABLE,RELIABLE,RELIABLE,RELIABLE,RELIABLE,RELIABLE,RELIABLE,STATIONARY,STATIONARY,STATIONARY,STATIONARY,MOVING,MOVING,MOVING,MOVING,MOVING
20485,594,1,STILL,0.12120039,0.00116234,0.00959026,0.00608641,0.00774383,0.00676926,0.00598338,0.00711991,0.00739834,0.01222066,0.01336734,RELIABLE,RELIABLE,RELIABLE,RELIABLE,RELIABLE,RELIABLE,RELIABLE,RELIABLE,STATIONARY,STATIONARY,STATIONARY,STATIONARY,MOVING,MOVING,MOVING,MOVING,MOVING
20516,595,1,STILL,0.12080901,0.00058117,0.00481066,0.00521178,0.00648908,0.00581919,0.00575199,0.00682219,0.00679526,0.00957253,0.01260823,RELIABLE,RELIABLE,RELIABLE,RELIABLE,RELIABLE,RELIABLE,RELIABLE,RELIABLE,STATIONARY,STATIONARY,STATIONARY,STATIONARY,MOVING,MOVING,MOVING,MOVING,MOVING
20548,596,1,STILL,0.12135745,0.00099050,0.00816184,0.00562640,0.00686601,0.00659399,0.00580995,0.00734560,0.00666054,0.00968597,0.01440671,RELIABLE,RELIABLE,RELIABLE,RELIABLE,RELIABLE,RELIABLE,RELIABLE,RELIABLE,STATIONARY,STATIONARY,STATIONARY,STATIONARY,MOVING,MOVING,MOVING,MOVING,MOVING
20579,597,1,STILL,0.12059186,0.00125277,0.01038850,0.00648342,0.00799573,0.00738360,0.00607558,0.00742973,0.00665619,0.00936025,0.01480759,RELIABLE,RELIABLE,RELIABLE,RELIABLE,RELIABLE,RELIABLE,RELIABLE,RELIABLE,STATIONARY,STATIONARY,STATIONARY,STATIONARY,MOVING,MOVING,MOVING,MOVING,MOVING
20611,598,1,STILL,0.12082973,0.00080782,0.00668563,0.00709843,0.00827846,0.00828288,0.00689571,0.00761155,0.00688503,0.01104691,0.01901537,RELIABLE,RELIABLE,RELIABLE,RELIABLE,RELIABLE,RELIABLE,RELIABLE,RELIABLE,STATIONARY,STATIONARY,STATIONARY,STATIONARY,MOVING,MOVING,MOVING,MOVING,MOVING
20643,599,1,STILL,0.12094947,0.00040391,0.00333950,0.00695190,0.00782739,0.00839228,0.00670419,0.00570631,0.00537965,0.00988676,0.01885787,RELIABLE,RELIABLE,RELIABLE,RELIABLE,RELIABLE,RELIABLE,RELIABLE,RELIABLE,STATIONARY,STATIONARY,STATIONARY,STATIONARY,MOVING,MOVING,MOVING,MOVING,MOVING
20675,600,1,STILL,0.12171457,0.00066077,0.00542885,0.00669714,0.00714842,0.00725965,0.00721789,0.00532249,0.00517155,0.01031069,0.02153647,RELIABLE,RELIABLE,RELIABLE,RELIABLE,RELIABLE,RELIABLE,RELIABLE,RELIABLE,STATIONARY,STATIONARY,STATIONARY,STATIONARY,MOVING,MOVING,MOVING,MOVING,MOVING
20705,601,1,STILL,0.12215901,0.00038224,0.00312905,0.00644179,0.00744204,0.00719499,0.00706028,0.00527751,0.00530367,0.01089970,0.02188312,RELIABLE,RELIABLE,RELIABLE,RELIABLE,RELIABLE,RELIABLE,RELIABLE,RELIABLE,STATIONARY,STATIONARY,STATIONARY,STATIONARY,MOVING,MOVING,MOVING,MOVING,MOVING
20737,602,1,STILL,0.12133275,0.00071279,0.00587469,0.00597734,0.00681966,0.00721767,0.00715463,0.00512270,0.00622498,0.01389772,0.02347598,RELIABLE,RELIABLE,RELIABLE,RELIABLE,RELIABLE,RELIABLE,RELIABLE,RELIABLE,STATIONARY,STATIONARY,STATIONARY,STATIONARY,MOVING,MOVING,MOVING,MOVING,MOVING
20769,603,1,STILL,0.12127260,0.00011437,0.00094312,0.00549390,0.00632079,0.00675986,0.00706509,0.00589738,0.00687016,0.01418589,0.02399831,RELIABLE,RELIABLE,RELIABLE,RELIABLE,RELIABLE,RELIABLE,RELIABLE,RELIABLE,STATIONARY,STATIONARY,STATIONARY,STATIONARY,MOVING,MOVING,MOVING,MOVING,MOVING
20814,604,1,STILL,0.12171885,0.00112676,0.00925710,0.00563080,0.00675156,0.00687225,0.00674421,0.00713621,0.00728064,0.01389029,0.02196339,RELIABLE,RELIABLE,RELIABLE,RELIABLE,RELIABLE,RELIABLE,RELIABLE,RELIABLE,STATIONARY,STATIONARY,STATIONARY,STATIONARY,MOVING,MOVING,MOVING,MOVING,MOVING
20847,605,1,STILL,0.12194198,0.00056338,0.00462008,0.00490975,0.00575784,0.00620448,0.00642356,0.00748541,0.00735167,0.01403511,0.02153484,RELIABLE,RELIABLE,RELIABLE,RELIABLE,RELIABLE,RELIABLE,RELIABLE,RELIABLE,STATIONARY,STATIONARY,STATIONARY,STATIONARY,MOVING,MOVING,MOVING,MOVING,MOVING
20878,606,1,STILL,0.12136483,0.00164820,0.01358054,0.00577162,0.00672096,0.00755891,0.00575540,0.00857521,0.00788865,0.01537274,0.01899689,RELIABLE,RELIABLE,RELIABLE,RELIABLE,RELIABLE,RELIABLE,RELIABLE,RELIABLE,STATIONARY,STATIONARY,STATIONARY,STATIONARY,MOVING,MOVING,MOVING,MOVING,MOVING
20909,607,1,STILL,0.12104554,0.00085139,0.00703365,0.00623338,0.00654065,0.00768088,0.00659350,0.01032421,0.00858872,0.01713910,0.01783166,RELIABLE,RELIABLE,RELIABLE,RELIABLE,RELIABLE,RELIABLE,RELIABLE,RELIABLE,STATIONARY,STATIONARY,STATIONARY,STATIONARY,MOVING,MOVING,MOVING,MOVING,MOVING
20942,608,1,STILL,0.12135618,0.00081901,0.00674884,0.00639838,0.00695203,0.00828153,0.00631387,0.01066559,0.00757483,0.01498471,0.01378062,RELIABLE,RELIABLE,RELIABLE,RELIABLE,RELIABLE,RELIABLE,RELIABLE,RELIABLE,STATIONARY,STATIONARY,STATIONARY,STATIONARY,MOVING,MOVING,MOVING,MOVING,MOVING
20974,609,1,STILL,0.12068478,0.00071972,0.00596362,0.00675271,0.00712269,0.00878120,0.00579550,0.01219738,0.00835196,0.01774357,0.01397541,RELIABLE,RELIABLE,RELIABLE,RELIABLE,RELIABLE,RELIABLE,RELIABLE,RELIABLE,STATIONARY,STATIONARY,STATIONARY,STATIONARY,MOVING,MOVING,MOVING,MOVING,MOVING
21003,610,1,STILL,0.12034909,0.00035986,0.00299013,0.00639214,0.00700691,0.00823861,0.00482100,0.01284610,0.00789833,0.01609868,0.01261482,RELIABLE,RELIABLE,RELIABLE,RELIABLE,RELIABLE,RELIABLE,RELIABLE,RELIABLE,STATIONARY,STATIONARY,STATIONARY,STATIONARY,MOVING,MOVING,MOVING,MOVING,MOVING
21035,611,1,STILL,0.12042081,0.00109897,0.00912604,0.00741500,0.00854247,0.00981927,0.00501930,0.01227642,0.00864345,0.02141564,0.01432079,RELIABLE,RELIABLE,RELIABLE,RELIABLE,RELIABLE,RELIABLE,RELIABLE,RELIABLE,STATIONARY,STATIONARY,STATIONARY,STATIONARY,MOVING,MOVING,MOVING,MOVING,MOVING
21067,612,1,STILL,0.12095669,0.00022418,0.00185338,0.00648954,0.00700635,0.00871470,0.00472200,0.01172747,0.00783028,0.02122145,0.01581574,RELIABLE,RELIABLE,RELIABLE,RELIABLE,RELIABLE,RELIABLE,RELIABLE,RELIABLE,STATIONARY,STATIONARY,STATIONARY,STATIONARY,MOVING,MOVING,MOVING,MOVING,MOVING
21102,613,1,STILL,0.12090506,0.00089740,0.00742232,0.00683982,0.00737244,0.00885007,0.00563367,0.01134935,0.00823925,0.02383896,0.01694541,RELIABLE,RELIABLE,RELIABLE,RELIABLE,RELIABLE,RELIABLE,RELIABLE,RELIABLE,STATIONARY,STATIONARY,STATIONARY,STATIONARY,MOVING,MOVING,MOVING,MOVING,MOVING
21133,614,1,STILL,0.12117091,0.00053670,0.00442932,0.00569591,0.00678432,0.00750977,0.00571880,0.01145276,0.00889444,0.02255850,0.01774986,RELIABLE,RELIABLE,RELIABLE,RELIABLE,RELIABLE,RELIABLE,RELIABLE,RELIABLE,STATIONARY,STATIONARY,STATIONARY,STATIONARY,MOVING,MOVING,MOVING,MOVING,MOVING
21183,615,1,STILL,0.12081230,0.00029095,0.00240828,0.00511774,0.00684918,0.00688284,0.00529723,0.00997359,0.00826265,0.02093856,0.01792067,RELIABLE,RELIABLE,RELIABLE,RELIABLE,RELIABLE,RELIABLE,RELIABLE,RELIABLE,STATIONARY,STATIONARY,STATIONARY,STATIONARY,MOVING,MOVING,MOVING,MOVING,MOVING
21209,616,1,STILL,0.12063424,0.00014547,0.00120592,0.00442488,0.00571456,0.00589402,0.00518615,0.00947010,0.00803594,0.02052168,0.01664517,RELIABLE,RELIABLE,RELIABLE,RELIABLE,RELIABLE,RELIABLE,RELIABLE,RELIABLE,STATIONARY,STATIONARY,STATIONARY,STATIONARY,MOVING,MOVING,MOVING,MOVING,MOVING
21241,617,1,STILL,0.12151658,0.00038569,0.00317400,0.00407617,0.00532230,0.00561122,0.00636347,0.00794538,0.00709744,0.02031700,0.01623796,RELIABLE,RELIABLE,RELIABLE,RELIABLE,RELIABLE,RELIABLE,RELIABLE,RELIABLE,STATIONARY,STATIONARY,STATIONARY,STATIONARY,MOVING,MOVING,MOVING,MOVING,MOVING
21272,618,1,STILL,0.12068393,0.00025213,0.00208917,0.00396355,0.00495304,0.00534911,0.00679672,0.00763806,0.00701235,0.02071000,0.01623878,RELIABLE,RELIABLE,RELIABLE,RELIABLE,RELIABLE,RELIABLE,RELIABLE,RELIABLE,STATIONARY,STATIONARY,STATIONARY,STATIONARY,MOVING,MOVING,MOVING,MOVING,MOVING
21310,619,1,STILL,0.12118286,0.00094433,0.00779263,0.00379688,0.00476163,0.00486617,0.00685621,0.00737501,0.00572439,0.01522724,0.01408539,RELIABLE,RELIABLE,RELIABLE,RELIABLE,RELIABLE,RELIABLE,RELIABLE,RELIABLE,STATIONARY,STATIONARY,STATIONARY,STATIONARY,MOVING,MOVING,MOVING,MOVING,MOVING
21349,620,1,STILL,0.12143273,0.00047217,0.00388830,0.00405124,0.00540063,0.00504695,0.00677210,0.00571299,0.00544746,0.01445785,0.01117946,RELIABLE,RELIABLE,RELIABLE,RELIABLE,RELIABLE,RELIABLE,RELIABLE,RELIABLE,STATIONARY,STATIONARY,STATIONARY,STATIONARY,MOVING,MOVING,MOVING,MOVING,MOVING
21380,621,1,STILL,0.12097205,0.00114114,0.00943312,0.00430259,0.00576387,0.00529510,0.00639502,0.00556629,0.00546540,0.01513669,0.01106648,RELIABLE,RELIABLE,RELIABLE,RELIABLE,RELIABLE,RELIABLE,RELIABLE,RELIABLE,STATIONARY,STATIONARY,STATIONARY,STATIONARY,MOVING,MOVING,MOVING,MOVING,MOVING
21411,622,1,STILL,0.12082384,0.00044875,0.00371406,0.00421318,0.00535641,0.00471309,0.00700363,0.00467047,0.00443597,0.01470580,0.01041531,RELIABLE,RELIABLE,RELIABLE,RELIABLE,RELIABLE,RELIABLE,RELIABLE,RELIABLE,STATIONARY,STATIONARY,STATIONARY,STATIONARY,MOVING,MOVING,MOVING,MOVING,MOVING
21443,623,1,STILL,0.12103789,0.00061065,0.00504514,0.00454279,0.00616696,0.00532356,0.00672499,0.00462057,0.00483303,0.01448627,0.01109254,RELIABLE,RELIABLE,RELIABLE,RELIABLE,RELIABLE,RELIABLE,RELIABLE,RELIABLE,STATIONARY,STATIONARY,STATIONARY,STATIONARY,MOVING,MOVING,MOVING,MOVING,MOVING
21474,624,1,STILL,0.12114547,0.00030533,0.00252033,0.00470709,0.00657164,0.00562841,0.00658468,0.00459500,0.00503100,0.01437520,0.01142929,RELIABLE,RELIABLE,RELIABLE,RELIABLE,RELIABLE,RELIABLE,RELIABLE,RELIABLE,STATIONARY,STATIONARY,STATIONARY,STATIONARY,MOVING,MOVING,MOVING,MOVING,MOVING
21518,625,1,STILL,0.12135887,0.00148414,0.01222932,0.00583901,0.00853381,0.00723982,0.00560359,0.00480179,0.00580380,0.01345629,0.01281262,RELIABLE,RELIABLE,RELIABLE,RELIABLE,RELIABLE,RELIABLE,RELIABLE,RELIABLE,STATIONARY,STATIONARY,STATIONARY,STATIONARY,MOVING,MOVING,MOVING,MOVING,MOVING
21553,626,1,STILL,0.12146720,0.00074207,0.00610921,0.00634151,0.00968549,0.00816372,0.00526729,0.00444618,0.00580273,0.01249419,0.01329477,RELIABLE,RELIABLE,RELIABLE,RELIABLE,RELIABLE,RELIABLE,RELIABLE,RELIABLE,STATIONARY,STATIONARY,STATIONARY,STATIONARY,MOVING,STATIONARY,MOVING,MOVING,MOVING
21584,627,1,STILL,0.12229978,0.00059103,0.00483264,0.00597151,0.00903151,0.00785665,0.00605799,0.00452115,0.00701993,0.01740265,0.01654060,RELIABLE,RELIABLE,RELIABLE,RELIABLE,RELIABLE,RELIABLE,RELIABLE,RELIABLE,STATIONARY,STATIONARY,STATIONARY,STATIONARY,STATIONARY,STATIONARY,MOVING,MOVING,MOVING
21616,628,1,STILL,0.12302823,0.00107311,0.00872245,0.00657578,0.00973283,0.00835127,0.00635377,0.00567689,0.00755490,0.01957809,0.01791242,RELIABLE,RELIABLE,RELIABLE,RELIABLE,RELIABLE,RELIABLE,RELIABLE,RELIABLE,STATIONARY,STATIONARY,STATIONARY,STATIONARY,STATIONARY,STATIONARY,MOVING,MOVING,MOVING
21648,629,1,STILL,0.12292831,0.00023689,0.00192704,0.00563752,0.00856782,0.00756822,0.00636942,0.00642625,0.00724057,0.01896653,0.01785970,RELIABLE,RELIABLE,RELIABLE,RELIABLE,RELIABLE,RELIABLE,RELIABLE,RELIABLE,STATIONARY,STATIONARY,STATIONARY,STATIONARY,STATIONARY,STATIONARY,MOVING,MOVING,MOVING
21679,630,1,STILL,0.12287954,0.00011844,0.00096390,0.00529375,0.00816789,0.00709816,0.00577159,0.00627636,0.00693886,0.01890633,0.01650527,RELIABLE,RELIABLE,RELIABLE,RELIABLE,RELIABLE,RELIABLE,RELIABLE,RELIABLE,STATIONARY,STATIONARY,STATIONARY,STATIONARY,STATIONARY,STATIONARY,MOVING,MOVING,MOVING
21713,631,1,STILL,0.12291481,0.00041003,0.00333589,0.00508010,0.00774130,0.00685805,0.00643691,0.00645187,0.00736674,0.02287761,0.01648924,RELIABLE,RELIABLE,RELIABLE,RELIABLE,RELIABLE,RELIABLE,RELIABLE,RELIABLE,STATIONARY,STATIONARY,STATIONARY,STATIONARY,STATIONARY,STATIONARY,MOVING,MOVING,MOVING
21743,632,1,STILL,0.12219298,0.00026678,0.00218326,0.00503796,0.00763851,0.00702483,0.00825071,0.00658681,0.00809311,0.02550098,0.01789334,RELIABLE,RELIABLE,RELIABLE,RELIABLE,RELIABLE,RELIABLE,RELIABLE,RELIABLE,STATIONARY,STATIONARY,STATIONARY,STATIONARY,STATIONARY,STATIONARY,MOVING,MOVING,MOVING
21775,633,1,STILL,0.12240630,0.00031874,0.00260395,0.00383479,0.00569248,0.00501467,0.00867681,0.00701447,0.00724848,0.02511753,0.01475965,RELIABLE,RELIABLE,RELIABLE,RELIABLE,RELIABLE,RELIABLE,RELIABLE,RELIABLE,STATIONARY,STATIONARY,STATIONARY,STATIONARY,STATIONARY,STATIONARY,MOVING,MOVING,MOVING
21807,634,1,STILL,0.12226922,0.00023196,0.00189713,0.00330828,0.00465740,0.00413082,0.00920628,0.00717739,0.00695161,0.02530304,0.01449190,RELIABLE,RELIABLE,RELIABLE,RELIABLE,RELIABLE,RELIABLE,RELIABLE,RELIABLE,STATIONARY,STATIONARY,STATIONARY,STATIONARY,STATIONARY,STATIONARY,MOVING,MOVING,MOVING
21839,635,1,STILL,0.12220367,0.00011598,0.00094907,0.00282284,0.00396875,0.00342537,0.00811880,0.00715642,0.00567380,0.02075621,0.01139361,RELIABLE,RELIABLE,RELIABLE,RELIABLE,RELIABLE,RELIABLE,RELIABLE,RELIABLE,STATIONARY,STATIONARY,STATIONARY,STATIONARY,STATIONARY,STATIONARY,MOVING,MOVING,MOVING
21871,636,1,STILL,0.12205393,0.00060348,0.00494439,0.00235058,0.00335523,0.00328138,0.00875720,0.00692697,0.00686041,0.02060804,0.01073734,RELIABLE,RELIABLE,RELIABLE,RELIABLE,RELIABLE,RELIABLE,RELIABLE,RELIABLE,STATIONARY,STATIONARY,STATIONARY,STATIONARY,STATIONARY,STATIONARY,MOVING,MOVING,MOVING
21903,637,1,STILL,0.12271827,0.00100550,0.00819358,0.00313390,0.00469305,0.00434988,0.00886052,0.00632362,0.00761323,0.02097094,0.01078470,RELIABLE,RELIABLE,RELIABLE,RELIABLE,RELIABLE,RELIABLE,RELIABLE,RELIABLE,STATIONARY,STATIONARY,STATIONARY,STATIONARY,STATIONARY,STATIONARY,MOVING,MOVING,MOVING
21934,638,1,STILL,0.12263535,0.00057159,0.00466092,0.00359602,0.00546120,0.00506932,0.00930273,0.00639605,0.00791320,0.02026767,0.01122874,RELIABLE,RELIABLE,RELIABLE,RELIABLE,RELIABLE,RELIABLE,RELIABLE,RELIABLE,STATIONARY,STATIONARY,STATIONARY,STATIONARY,STATIONARY,STATIONARY,MOVING,MOVING,MOVING
21966,639,1,STILL,0.12253262,0.00060143,0.00490832,0.00379258,0.00616740,0.00575049,0.00906947,0.00765512,0.00793333,0.01617746,0.01166292,RELIABLE,RELIABLE,RELIABLE,RELIABLE,RELIABLE,RELIABLE,RELIABLE,RELIABLE,STATIONARY,STATIONARY,STATIONARY,STATIONARY,STATIONARY,STATIONARY,MOVING,MOVING,MOVING
22014,640,1,STILL,0.12271126,0.00063424,0.00516853,0.00416574,0.00630138,0.00620967,0.00791338,0.00875820,0.00758491,0.01526776,0.01138759,RELIABLE,RELIABLE,RELIABLE,RELIABLE,RELIABLE,RELIABLE,RELIABLE,RELIABLE,STATIONARY,STATIONARY,STATIONARY,STATIONARY,STATIONARY,STATIONARY,MOVING,MOVING,MOVING
22043,641,1,STILL,0.12280070,0.00031712,0.00258238,0.00416304,0.00594703,0.00633020,0.00719749,0.00792682,0.00712698,0.01363423,0.01207531,RELIABLE,RELIABLE,RELIABLE,RELIABLE,RELIABLE,RELIABLE,RELIABLE,RELIABLE,STATIONARY,STATIONARY,STATIONARY,STATIONARY,STATIONARY,STATIONARY,MOVING,MOVING,MOVING
22075,642,1,STILL,0.12242138,0.00161858,0.01322141,0.00557858,0.00809504,0.00829425,0.00730903,0.00796441,0.00756839,0.01661923,0.01295242,RELIABLE,RELIABLE,RELIABLE,RELIABLE,RELIABLE,RELIABLE,RELIABLE,RELIABLE,STATIONARY,STATIONARY,STATIONARY,STATIONARY,STATIONARY,STATIONARY,MOVING,MOVING,MOVING
22106,643,1,STILL,0.12251363,0.00059935,0.00489210,0.00607145,0.00888234,0.00968900,0.00795663,0.00838952,0.00870738,0.02054211,0.01428245,RELIABLE,RELIABLE,RELIABLE,RELIABLE,RELIABLE,RELIABLE,RELIABLE,RELIABLE,STATIONARY,STATIONARY,STATIONARY,STATIONARY,STATIONARY,STATIONARY,MOVING,MOVING,MOVING
22142,644,1,STILL,0.12278879,0.00048857,0.00397894,0.00595077,0.00869039,0.00931206,0.00707008,0.00800238,0.00761985,0.02052884,0.01507003,RELIABLE,RELIABLE,RELIABLE,RELIABLE,RELIABLE,RELIABLE,RELIABLE,RELIABLE,STATIONARY,STATIONARY,STATIONARY,STATIONARY,STATIONARY,STATIONARY,MOVING,MOVING,MOVING
22169,645,1,STILL,0.12292861,0.00024428,0.00198721,0.00517498,0.00728876,0.00816910,0.00625007,0.00754706,0.00652714,0.01800618,0.01410529,RELIABLE,RELIABLE,RELIABLE,RELIABLE,RELIABLE,RELIABLE,RELIABLE,RELIABLE,STATIONARY,STATIONARY,STATIONARY,STATIONARY,STATIONARY,STATIONARY,MOVING,MOVING,MOVING
22200,646,1,STILL,0.12255413,0.00050525,0.00412263,0.00510769,0.00693615,0.00832857,0.00607466,0.00737722,0.00630905,0.01995659,0.01461048,RELIABLE,RELIABLE,RELIABLE,RELIABLE,RELIABLE,RELIABLE,RELIABLE,RELIABLE,STATIONARY,STATIONARY,STATIONARY,STATIONARY,STATIONARY,STATIONARY,MOVING,MOVING,MOVING
22232,647,1,STILL,0.12234846,0.00037193,0.00303995,0.00487414,0.00623783,0.00777869,0.00549682,0.00612302,0.00581089,0.02176455,0.01411803,RELIABLE,RELIABLE,RELIABLE,RELIABLE,RELIABLE,RELIABLE,RELIABLE,RELIABLE,STATIONARY,STATIONARY,STATIONARY,STATIONARY,STATIONARY,STATIONARY,MOVING,MOVING,MOVING
22264,648,1,STILL,0.12229666,0.00082607,0.00675465,0.00507241,0.00699412,0.00884799,0.00543595,0.00600003,0.00547307,0.02173951,0.01287011,RELIABLE,RELIABLE,RELIABLE,RELIABLE,RELIABLE,RELIABLE,RELIABLE,RELIABLE,STATIONARY,STATIONARY,STATIONARY,STATIONARY,STATIONARY,STATIONARY,MOVING,MOVING,MOVING
22302,649,1,STILL,0.12241151,0.00062714,0.00512321,0.00539001,0.00764395,0.00930113,0.00606278,0.00593779,0.00631129,0.02371006,0.01406823,RELIABLE,RELIABLE,RELIABLE,RELIABLE,RELIABLE,RELIABLE,RELIABLE,RELIABLE,STATIONARY,STATIONARY,STATIONARY,STATIONARY,STATIONARY,STATIONARY,MOVING,MOVING,MOVING
22350,650,1,STILL,0.12194890,0.00115944,0.00950761,0.00492579,0.00759880,0.00876634,0.00543146,0.00613911,0.00600884,0.02095333,0.01450152,RELIABLE,RELIABLE,RELIABLE,RELIABLE,RELIABLE,RELIABLE,RELIABLE,RELIABLE,STATIONARY,STATIONARY,STATIONARY,STATIONARY,STATIONARY,STATIONARY,MOVING,MOVING,MOVING
22391,651,1,STILL,0.12171845,0.00057972,0.00476280,0.00490962,0.00786509,0.00808777,0.00452411,0.00583418,0.00493982,0.01714599,0.01382893,RELIABLE,RELIABLE,RELIABLE,RELIABLE,RELIABLE,RELIABLE,RELIABLE,RELIABLE,STATIONARY,STATIONARY,STATIONARY,STATIONARY,STATIONARY,STATIONARY,MOVING,MOVING,MOVING
22422,652,1,STILL,0.12202886,0.00032621,0.00267320,0.00474641,0.00803235,0.00856305,0.00441736,0.00603739,0.00468685,0.01637443,0.01418758,RELIABLE,RELIABLE,RELIABLE,RELIABLE,RELIABLE,RELIABLE,RELIABLE,RELIABLE,STATIONARY,STATIONARY,STATIONARY,STATIONARY,STATIONARY,STATIONARY,MOVING,MOVING,MOVING
22454,653,1,STILL,0.12174543,0.00060348,0.00495688,0.00511762,0.00863707,0.00893275,0.00531438,0.00746456,0.00471872,0.01830029,0.01521990,RELIABLE,RELIABLE,RELIABLE,RELIABLE,RELIABLE,RELIABLE,RELIABLE,RELIABLE,STATIONARY,STATIONARY,STATIONARY,STATIONARY,STATIONARY,STATIONARY,MOVING,MOVING,MOVING
22485,654,1,STILL,0.12219763,0.00106106,0.00868317,0.00568769,0.00960607,0.00883014,0.00510378,0.00804685,0.00488242,0.01695240,0.01495524,RELIABLE,RELIABLE,RELIABLE,RELIABLE,RELIABLE,RELIABLE,RELIABLE,RELIABLE,STATIONARY,STATIONARY,STATIONARY,STATIONARY,STATIONARY,STATIONARY,MOVING,MOVING,MOVING
22516,655,1,STILL,0.12215330,0.00054408,0.00445408,0.00586445,0.00915550,0.00858515,0.00551953,0.00807584,0.00485750,0.01586966,0.01370189,RELIABLE,RELIABLE,RELIABLE,RELIABLE,RELIABLE,RELIABLE,RELIABLE,RELIABLE,STATIONARY,STATIONARY,STATIONARY,STATIONARY,STATIONARY,STATIONARY,MOVING,MOVING,MOVING
22548,656,1,STILL,0.12213247,0.00027204,0.00222742,0.00529855,0.00793384,0.00671335,0.00505805,0.00706576,0.00478022,0.01448474,0.01315818,RELIABLE,RELIABLE,RELIABLE,RELIABLE,RELIABLE,RELIABLE,RELIABLE,RELIABLE,STATIONARY,STATIONARY,STATIONARY,STATIONARY,STATIONARY,STATIONARY,MOVING,MOVING,MOVING
22579,657,1,STILL,0.12208240,0.00092006,0.00753638,0.00560019,0.00823386,0.00707417,0.00477905,0.00764389,0.00434702,0.01507604,0.01401409,RELIABLE,RELIABLE,RELIABLE,RELIABLE,RELIABLE,RELIABLE,RELIABLE,RELIABLE,STATIONARY,STATIONARY,STATIONARY,STATIONARY,STATIONARY,STATIONARY,MOVING,MOVING,MOVING
22610,658,1,STILL,0.12256314,0.00092614,0.00755646,0.00535630,0.00751280,0.00747015,0.00532934,0.00775973,0.00553502,0.01983574,0.01323170,RELIABLE,RELIABLE,RELIABLE,RELIABLE,RELIABLE,RELIABLE,RELIABLE,RELIABLE,STATIONARY,STATIONARY,STATIONARY,STATIONARY,STATIONARY,STATIONARY,MOVING,MOVING,MOVING
22642,659,1,STILL,0.12289730,0.00074958,0.00609923,0.00552335,0.00755180,0.00746468,0.00578272,0.00850454,0.00588668,0.02016931,0.01328831,RELIABLE,RELIABLE,RELIABLE,RELIABLE,RELIABLE,RELIABLE,RELIABLE,RELIABLE,STATIONARY,STATIONARY,STATIONARY,STATIONARY,STATIONARY,STATIONARY,MOVING,MOVING,MOVING
22673,660,1,STILL,0.12306442,0.00037479,0.00304547,0.00556989,0.00736435,0.00686542,0.00579059,0.00822117,0.00568597,0.01933186,0.01185697,RELIABLE,RELIABLE,RELIABLE,RELIABLE,RELIABLE,RELIABLE,RELIABLE,RELIABLE,STATIONARY,STATIONARY,STATIONARY,STATIONARY,STATIONARY,STATIONARY,MOVING,MOVING,MOVING
22719,661,1,STILL,0.12266157,0.00113412,0.00924591,0.00610601,0.00827054,0.00800722,0.00668217,0.00846824,0.00730182,0.02017257,0.01289517,RELIABLE,RELIABLE,RELIABLE,RELIABLE,RELIABLE,RELIABLE,RELIABLE,RELIABLE,STATIONARY,STATIONARY,STATIONARY,STATIONARY,STATIONARY,STATIONARY,MOVING,MOVING,MOVING
22750,662,1,STILL,0.12246442,0.00056706,0.00463040,0.00559942,0.00761095,0.00795081,0.00716336,0.00829249,0.00771166,0.02057921,0.01278920,RELIABLE,RELIABLE,RELIABLE,RELIABLE,RELIABLE,RELIABLE,RELIABLE,RELIABLE,STATIONARY,STATIONARY,STATIONARY,STATIONARY,STATIONARY,STATIONARY,MOVING,MOVING,MOVING
22780,663,1,STILL,0.12164565,0.00044521,0.00365991,0.00550015,0.00802454,0.00886888,0.00688488,0.00863686,0.00844327,0.02258802,0.01745216,RELIABLE,RELIABLE,RELIABLE,RELIABLE,RELIABLE,RELIABLE,RELIABLE,RELIABLE,STATIONARY,STATIONARY,STATIONARY,STATIONARY,STATIONARY,STATIONARY,MOVING,MOVING,MOVING
22812,664,1,STILL,0.12213456,0.00067622,0.00553672,0.00591381,0.00946117,0.00982238,0.00758987,0.00892127,0.00963315,0.02344059,0.02147925,RELIABLE,RELIABLE,RELIABLE,RELIABLE,RELIABLE,RELIABLE,RELIABLE,RELIABLE,STATIONARY,STATIONARY,STATIONARY,STATIONARY,STATIONARY,STATIONARY,MOVING,MOVING,MOVING
22846,665,1,STILL,0.12283022,0.00154115,0.01254700,0.00654014,0.01083400,0.01095154,0.00757896,0.00924264,0.01103669,0.02883845,0.02320347,RELIABLE,RELIABLE,RELIABLE,RELIABLE,RELIABLE,RELIABLE,RELIABLE,RELIABLE,STATIONARY,STATIONARY,STATIONARY,STATIONARY,STATIONARY,STATIONARY,MOVING,MOVING,MOVING
22875,666,1,STILL,0.12317826,0.00077058,0.00625577,0.00637755,0.01049592,0.01003454,0.00704172,0.00894001,0.01025728,0.02662493,0.02360407,RELIABLE,RELIABLE,RELIABLE,RELIABLE,RELIABLE,RELIABLE,RELIABLE,RELIABLE,STATIONARY,STATIONARY,STATIONARY,STATIONARY,STATIONARY,STATIONARY,MOVING,MOVING,MOVING
22907,667,1,STILL,0.12275185,0.00100540,0.00819050,0.00663896,0.01086376,0.01036371,0.00675298,0.00950202,0.01030945,0.02874537,0.02599138,RELIABLE,RELIABLE,RELIABLE,RELIABLE,RELIABLE,RELIABLE,RELIABLE,RELIABLE,STATIONARY,STATIONARY,STATIONARY,STATIONARY,STATIONARY,STATIONARY,MOVING,MOVING,MOVING
22939,668,1,STILL,0.12269015,0.00054736,0.00446128,0.00681594,0.01097618,0.01064945,0.00712440,0.00990983,0.01102478,0.03166043,0.02767951,RELIABLE,RELIABLE,RELIABLE,RELIABLE,RELIABLE,RELIABLE,RELIABLE,RELIABLE,STATIONARY,STATIONARY,STATIONARY,STATIONARY,STATIONARY,STATIONARY,MOVING,MOVING,MOVING
22974,669,1,STILL,0.12196039,0.00087720,0.00719247,0.00655926,0.01127440,0.01025523,0.00595680,0.00963933,0.00985272,0.02898164,0.02793927,RELIABLE,RELIABLE,RELIABLE,RELIABLE,RELIABLE,RELIABLE,RELIABLE,RELIABLE,STATIONARY,STATIONARY,STATIONARY,STATIONARY,STATIONARY,STATIONARY,MOVING,MOVING,MOVING
23018,670,1,STILL,0.12159612,0.00043860,0.00360701,0.00643133,0.01142523,0.01005877,0.00537263,0.00950507,0.00926636,0.02764093,0.02807160,RELIABLE,RELIABLE,RELIABLE,RELIABLE,RELIABLE,RELIABLE,RELIABLE,RELIABLE,STATIONARY,STATIONARY,STATIONARY,STATIONARY,STATIONARY,STATIONARY,MOVING,MOVING,MOVING
23050,671,1,STILL,0.12152578,0.00040111,0.00330063,0.00638642,0.01146169,0.00959146,0.00571006,0.00982719,0.00868824,0.02615766,0.02579663,RELIABLE,RELIABLE,RELIABLE,RELIABLE,RELIABLE,RELIABLE,RELIABLE,RELIABLE,STATIONARY,STATIONARY,STATIONARY,STATIONARY,STATIONARY,STATIONARY,MOVING,MOVING,MOVING
23082,672,1,STILL,0.12157216,0.00051427,0.00423015,0.00622310,0.01027662,0.00865881,0.00539522,0.01011437,0.00773327,0.02734794,0.02290891,RELIABLE,RELIABLE,RELIABLE,RELIABLE,RELIABLE,RELIABLE,RELIABLE,RELIABLE,STATIONARY,STATIONARY,STATIONARY,STATIONARY,STATIONARY,STATIONARY,MOVING,MOVING,MOVING
23113,673,1,STILL,0.12194833,0.00090165,0.00739371,0.00557894,0.00897961,0.00748864,0.00487738,0.00916246,0.00648411,0.02104481,0.02216701,RELIABLE,RELIABLE,RELIABLE,RELIABLE,RELIABLE,RELIABLE,RELIABLE,RELIABLE,STATIONARY,STATIONARY,STATIONARY,STATIONARY,STATIONARY,STATIONARY,MOVING,MOVING,MOVING
23145,674,1,STILL,0.12277848,0.00028143,0.00229218,0.00508349,0.00817670,0.00672886,0.00600305,0.00991581,0.00640541,0.01809879,0.02165852,RELIABLE,RELIABLE,RELIABLE,RELIABLE,RELIABLE,RELIABLE,RELIABLE,RELIABLE,STATIONARY,STATIONARY,STATIONARY,STATIONARY,STATIONARY,STATIONARY,MOVING,MOVING,MOVING
23182,675,1,STILL,0.12300725,0.00080217,0.00652134,0.00487485,0.00811200,0.00662586,0.00613941,0.00947996,0.00750342,0.01799644,0.02294682,RELIABLE,RELIABLE,RELIABLE,RELIABLE,RELIABLE,RELIABLE,RELIABLE,RELIABLE,STATIONARY,STATIONARY,STATIONARY,STATIONARY,STATIONARY,STATIONARY,MOVING,MOVING,MOVING
23214,676,1,STILL,0.12248442,0.00079466,0.00648785,0.00512817,0.00868884,0.00681133,0.00670517,0.00922228,0.00824975,0.01817669,0.02425119,RELIABLE,RELIABLE,RELIABLE,RELIABLE,RELIABLE,RELIABLE,RELIABLE,RELIABLE,STATIONARY,STATIONARY,STATIONARY,STATIONARY,STATIONARY,STATIONARY,MOVING,MOVING,MOVING
23256,677,1,STILL,0.12222362,0.00039733,0.00325085,0.00463546,0.00721598,0.00586893,0.00650492,0.00785474,0.00828046,0.01883735,0.02288580,RELIABLE,RELIABLE,RELIABLE,RELIABLE,RELIABLE,RELIABLE,RELIABLE,RELIABLE,STATIONARY,STATIONARY,STATIONARY,STATIONARY,STATIONARY,STATIONARY,MOVING,MOVING,MOVING
23286,678,1,STILL,0.12206346,0.00072972,0.00597821,0.00493186,0.00747567,0.00581269,0.00695831,0.00879924,0.00919321,0.02136958,0.02409282,RELIABLE,RELIABLE,RELIABLE,RELIABLE,RELIABLE,RELIABLE,RELIABLE,RELIABLE,STATIONARY,STATIONARY,STATIONARY,STATIONARY,STATIONARY,STATIONARY,MOVING,MOVING,MOVING
23317,679,1,STILL,0.12214654,0.00084651,0.00693027,0.00538557,0.00859919,0.00696782,0.00674950,0.00920105,0.00989589,0.02309898,0.02268659,RELIABLE,RELIABLE,RELIABLE,RELIABLE,RELIABLE,RELIABLE,RELIABLE,RELIABLE,STATIONARY,STATIONARY,STATIONARY,STATIONARY,STATIONARY,STATIONARY,MOVING,MOVING,MOVING
23348,680,1,STILL,0.12145075,0.00078413,0.00645634,0.00566384,0.00977763,0.00821704,0.00791984,0.00925115,0.01159453,0.02416628,0.02402553,RELIABLE,RELIABLE,RELIABLE,RELIABLE,RELIABLE,RELIABLE,RELIABLE,RELIABLE,STATIONARY,STATIONARY,STATIONARY,STATIONARY,STATIONARY,STATIONARY,MOVING,MOVING,MOVING
23380,681,1,STILL,0.12110447,0.00039206,0.00323740,0.00514431,0.00923660,0.00768029,0.00862307,0.00911204,0.01179786,0.02336617,0.02133733,RELIABLE,RELIABLE,RELIABLE,RELIABLE,RELIABLE,RELIABLE,RELIABLE,RELIABLE,STATIONARY,STATIONARY,STATIONARY,STATIONARY,STATIONARY,STATIONARY,MOVING,MOVING,MOVING
23412,682,1,STILL,0.12075540,0.00144829,0.01199357,0.00635698,0.01138024,0.01028755,0.00888530,0.00951929,0.01268567,0.02556828,0.02221500,RELIABLE,RELIABLE,RELIABLE,RELIABLE,RELIABLE,RELIABLE,RELIABLE,RELIABLE,STATIONARY,STATIONARY,STATIONARY,STATIONARY,STATIONARY,STATIONARY,MOVING,MOVING,MOVING
23443,683,1,STILL,0.12141253,0.00049829,0.00410413,0.00605483,0.01037834,0.00991527,0.00974185,0.00879615,0.01309336,0.02594023,0.02052027,RELIABLE,RELIABLE,RELIABLE,RELIABLE,RELIABLE,RELIABLE,RELIABLE,RELIABLE,STATIONARY,STATIONARY,STATIONARY,STATIONARY,STATIONARY,STATIONARY,MOVING,MOVING,MOVING
23474,684,1,STILL,0.12173746,0.00109810,0.00902026,0.00637138,0.01108355,0.01016129,0.00891076,0.00918356,0.01239126,0.02640432,0.01898755,RELIABLE,RELIABLE,RELIABLE,RELIABLE,RELIABLE,RELIABLE,RELIABLE,RELIABLE,STATIONARY,STATIONARY,STATIONARY,STATIONARY,STATIONARY,MOVING,MOVING,MOVING,MOVING
23505,685,1,STILL,0.12231588,0.00122079,0.00998065,0.00721260,0.01275259,0.01164196,0.00893063,0.00973826,0.01285733,0.02602454,0.01894843,RELIABLE,RELIABLE,RELIABLE,RELIABLE,RELIABLE,RELIABLE,RELIABLE,RELIABLE,STATIONARY,STATIONARY,STATIONARY,STATIONARY,STATIONARY,MOVING,MOVING,MOVING,MOVING
23550,686,1,STILL,0.12165437,0.00031444,0.00258469,0.00678842,0.01187160,0.01176947,0.00865595,0.00877038,0.01198069,0.02492014,0.01722657,RELIABLE,RELIABLE,RELIABLE,RELIABLE,RELIABLE,RELIABLE,RELIABLE,RELIABLE,STATIONARY,STATIONARY,STATIONARY,STATIONARY,STATIONARY,MOVING,MOVING,MOVING,MOVING
23584,687,1,STILL,0.12132365,0.00015722,0.00129587,0.00608411,0.01038415,0.01019190,0.00817912,0.00742376,0.01071824,0.02211538,0.01612192,RELIABLE,RELIABLE,RELIABLE,RELIABLE,RELIABLE,RELIABLE,RELIABLE,RELIABLE,STATIONARY,STATIONARY,STATIONARY,STATIONARY,STATIONARY,MOVING,MOVING,MOVING,MOVING
23616,688,1,STILL,0.12097413,0.00095628,0.00790485,0.00626518,0.01023424,0.00957820,0.00708878,0.00791674,0.00916322,0.02020238,0.01452246,RELIABLE,RELIABLE,RELIABLE,RELIABLE,RELIABLE,RELIABLE,RELIABLE,RELIABLE,STATIONARY,STATIONARY,STATIONARY,STATIONARY,STATIONARY,MOVING,MOVING,MOVING,MOVING
23648,689,1,STILL,0.12145690,0.00060838,0.00500903,0.00648663,0.01035415,0.00963369,0.00691572,0.00865282,0.01020938,0.02322115,0.01590738,RELIABLE,RELIABLE,RELIABLE,RELIABLE,RELIABLE,RELIABLE,RELIABLE,RELIABLE,STATIONARY,STATIONARY,STATIONARY,STATIONARY,STATIONARY,MOVING,MOVING,MOVING,MOVING
23679,690,1,STILL,0.12175597,0.00075974,0.00623986,0.00576742,0.00878511,0.00803525,0.00610733,0.00758050,0.00959905,0.02313360,0.01488272,RELIABLE,RELIABLE,RELIABLE,RELIABLE,RELIABLE,RELIABLE,RELIABLE,RELIABLE,STATIONARY,STATIONARY,STATIONARY,STATIONARY,STATIONARY,MOVING,MOVING,MOVING,MOVING
23711,691,1,STILL,0.12190712,0.00037987,0.00311606,0.00564391,0.00879824,0.00804829,0.00524508,0.00738194,0.00799178,0.02126319,0.01232287,RELIABLE,RELIABLE,RELIABLE,RELIABLE,RELIABLE,RELIABLE,RELIABLE,RELIABLE,STATIONARY,STATIONARY,STATIONARY,STATIONARY,STATIONARY,MOVING,MOVING,MOVING,MOVING
23742,692,1,STILL,0.12169822,0.00047270,0.00388416,0.00500190,0.00736965,0.00706112,0.00592676,0.00754757,0.00812344,0.01878511,0.01205624,RELIABLE,RELIABLE,RELIABLE,RELIABLE,RELIABLE,RELIABLE,RELIABLE,RELIABLE,STATIONARY,STATIONARY,STATIONARY,STATIONARY,STATIONARY,MOVING,MOVING,MOVING,MOVING
23774,693,1,STILL,0.12100780,0.00139326,0.01151377,0.00519354,0.00698241,0.00727831,0.00642088,0.00780607,0.00902417,0.02186741,0.01184244,RELIABLE,RELIABLE,RELIABLE,RELIABLE,RELIABLE,RELIABLE,RELIABLE,RELIABLE,STATIONARY,STATIONARY,STATIONARY,STATIONARY,STATIONARY,MOVING,MOVING,MOVING,MOVING
23805,694,1,STILL,0.12134649,0.00089272,0.00735680,0.00579005,0.00767942,0.00770502,0.00630627,0.00885777,0.01103043,0.02523198,0.01337894,RELIABLE,RELIABLE,RELIABLE,RELIABLE,RELIABLE,RELIABLE,RELIABLE,RELIABLE,STATIONARY,STATIONARY,STATIONARY,STATIONARY,STATIONARY,MOVING,MOVING,MOVING,MOVING
23838,695,1,STILL,0.12104863,0.00077814,0.00642832,0.00643161,0.00837773,0.00811560,0.00714557,0.00919929,0.01289790,0.02787344,0.01658905,RELIABLE,RELIABLE,RELIABLE,RELIABLE,RELIABLE,RELIABLE,RELIABLE,RELIABLE,STATIONARY,STATIONARY,STATIONARY,STATIONARY,STATIONARY,MOVING,MOVING,MOVING,MOVING
23868,696,1,STILL,0.12089985,0.00038907,0.00321811,0.00584577,0.00749043,0.00767913,0.00678235,0.00811662,0.01325121,0.02772423,0.01725608,RELIABLE,RELIABLE,RELIABLE,RELIABLE,RELIABLE,RELIABLE,RELIABLE,RELIABLE,STATIONARY,STATIONARY,STATIONARY,STATIONARY,STATIONARY,MOVING,MOVING,MOVING,MOVING
23899,697,1,STILL,0.12083587,0.00069874,0.00578252,0.00594245,0.00741672,0.00793307,0.00711500,0.00783464,0.01207439,0.02677841,0.01613486,RELIABLE,RELIABLE,RELIABLE,RELIABLE,RELIABLE,RELIABLE,RELIABLE,RELIABLE,STATIONARY,STATIONARY,STATIONARY,STATIONARY,STATIONARY,MOVING,MOVING,MOVING,MOVING
23930,698,1,STILL,0.12095529,0.00097823,0.00808756,0.00617341,0.00787558,0.00765829,0.00660357,0.00817937,0.01200552,0.02527465,0.01631059,RELIABLE,RELIABLE,RELIABLE,RELIABLE,RELIABLE,RELIABLE,RELIABLE,RELIABLE,STATIONARY,STATIONARY,STATIONARY,STATIONARY,STATIONARY,MOVING,MOVING,MOVING,MOVING
23966,699,1,STILL,0.12121067,0.00089422,0.00737741,0.00670608,0.00860368,0.00825451,0.00698813,0.00864746,0.01239046,0.02534342,0.01768277,RELIABLE,RELIABLE,RELIABLE,RELIABLE,RELIABLE,RELIABLE,RELIABLE,RELIABLE,STATIONARY,STATIONARY,STATIONARY,STATIONARY,STATIONARY,MOVING,MOVING,MOVING,MOVING
23998,700,1,STILL,0.12056046,0.00086162,0.00714679,0.00711391,0.00941935,0.00900949,0.00770357,0.00858556,0.01245005,0.02837838,0.01834919,RELIABLE,RELIABLE,RELIABLE,RELIABLE,RELIABLE,RELIABLE,RELIABLE,RELIABLE,STATIONARY,STATIONARY,STATIONARY,STATIONARY,STATIONARY,MOVING,MOVING,MOVING,MOVING
24047,701,1,STILL,0.12109835,0.00072968,0.00602548,0.00642788,0.00916337,0.00799673,0.00865286,0.00822290,0.01155064,0.02821035,0.01906193,RELIABLE,RELIABLE,RELIABLE,RELIABLE,RELIABLE,RELIABLE,RELIABLE,RELIABLE,STATIONARY,STATIONARY,STATIONARY,STATIONARY,STATIONARY,MOVING,MOVING,MOVING,MOVING
24086,702,1,STILL,0.12136864,0.00036484,0.00300603,0.00588403,0.00885908,0.00736674,0.00921671,0.00673251,0.00975449,0.02500879,0.01758007,RELIABLE,RELIABLE,RELIABLE,RELIABLE,RELIABLE,RELIABLE,RELIABLE,RELIABLE,STATIONARY,STATIONARY,STATIONARY,STATIONARY,STATIONARY,MOVING,MOVING,MOVING,MOVING
24118,703,1,STILL,0.12120649,0.00060521,0.00499325,0.00570465,0.00894558,0.00772753,0.00890910,0.00714411,0.00830466,0.02279516,0.01533862,RELIABLE,RELIABLE,RELIABLE,RELIABLE,RELIABLE,RELIABLE,RELIABLE,RELIABLE,STATIONARY,STATIONARY,STATIONARY,STATIONARY,STATIONARY,MOVING,MOVING,MOVING,MOVING
24149,704,1,STILL,0.12145696,0.00034268,0.00282145,0.00565506,0.00895840,0.00761541,0.00892770,0.00773213,0.00778567,0.02306933,0.01556437,RELIABLE,RELIABLE,RELIABLE,RELIABLE,RELIABLE,RELIABLE,RELIABLE,RELIABLE,STATIONARY,STATIONARY,STATIONARY,STATIONARY,STATIONARY,MOVING,MOVING,MOVING,MOVING
24180,705,1,STILL,0.12034206,0.00112726,0.00936716,0.00610314,0.00996701,0.00766120,0.00907890,0.00785142,0.00803177,0.02139558,0.01548815,RELIABLE,RELIABLE,RELIABLE,RELIABLE,RELIABLE,RELIABLE,RELIABLE,RELIABLE,STATIONARY,STATIONARY,STATIONARY,STATIONARY,STATIONARY,MOVING,MOVING,MOVING,MOVING
24211,706,1,STILL,0.11978661,0.00056363,0.00470530,0.00568036,0.00935269,0.00701704,0.00926314,0.00716429,0.00744263,0.02039704,0.01435713,RELIABLE,RELIABLE,RELIABLE,RELIABLE,RELIABLE,RELIABLE,RELIABLE,RELIABLE,STATIONARY,STATIONARY,STATIONARY,STATIONARY,STATIONARY,MOVING,MOVING,MOVING,MOVING
24243,707,1,STILL,0.12058006,0.00129810,0.01076546,0.00610387,0.00966616,0.00771596,0.00905788,0.00730515,0.00722604,0.02082625,0.01424046,RELIABLE,RELIABLE,RELIABLE,RELIABLE,RELIABLE,RELIABLE,RELIABLE,RELIABLE,STATIONARY,STATIONARY,STATIONARY,STATIONARY,STATIONARY,MOVING,MOVING,MOVING,MOVING
24275,708,1,STILL,0.12084784,0.00060976,0.00504571,0.00584123,0.00893071,0.00713018,0.00865355,0.00754015,0.00715486,0.01843699,0.01298593,RELIABLE,RELIABLE,RELIABLE,RELIABLE,RELIABLE,RELIABLE,RELIABLE,RELIABLE,STATIONARY,STATIONARY,STATIONARY,STATIONARY,STATIONARY,MOVING,MOVING,MOVING,MOVING
24306,709,1,STILL,0.12074051,0.00023030,0.00190737,0.00532647,0.00729788,0.00606911,0.00735542,0.00802348,0.00627604,0.01547183,0.01311331,RELIABLE,RELIABLE,RELIABLE,RELIABLE,RELIABLE,RELIABLE,RELIABLE,RELIABLE,STATIONARY,STATIONARY,STATIONARY,STATIONARY,STATIONARY,MOVING,MOVING,MOVING,MOVING
24337,710,1,STILL,0.12147009,0.00138425,0.01139583,0.00637519,0.00866784,0.00723657,0.00685130,0.00836546,0.00714737,0.01778973,0.01445191,RELIABLE,RELIABLE,RELIABLE,RELIABLE,RELIABLE,RELIABLE,RELIABLE,RELIABLE,STATIONARY,STATIONARY,STATIONARY,STATIONARY,STATIONARY,MOVING,MOVING,MOVING,MOVING
24382,711,1,STILL,0.12185954,0.00146501,0.01202208,0.00725379,0.01071694,0.00859179,0.00673682,0.00823558,0.00812343,0.01839833,0.01600550,RELIABLE,RELIABLE,RELIABLE,RELIABLE,RELIABLE,RELIABLE,RELIABLE,RELIABLE,STATIONARY,STATIONARY,STATIONARY,STATIONARY,STATIONARY,MOVING,MOVING,MOVING,MOVING
24417,712,1,STILL,0.12205563,0.00073250,0.00600138,0.00765129,0.01176889,0.00955941,0.00650589,0.00778709,0.00840291,0.01731774,0.01543103,RELIABLE,RELIABLE,RELIABLE,RELIABLE,RELIABLE,RELIABLE,RELIABLE,RELIABLE,STATIONARY,STATIONARY,STATIONARY,STATIONARY,STATIONARY,MOVING,MOVING,MOVING,MOVING
24449,713,1,STILL,0.12152605,0.00025565,0.00210363,0.00674335,0.01031275,0.00871754,0.00617844,0.00844805,0.00807132,0.01843358,0.01582455,RELIABLE,RELIABLE,RELIABLE,RELIABLE,RELIABLE,RELIABLE,RELIABLE,RELIABLE,STATIONARY,STATIONARY,STATIONARY,STATIONARY,STATIONARY,MOVING,MOVING,MOVING,MOVING
24481,714,1,STILL,0.12143760,0.00090381,0.00744260,0.00708551,0.01117781,0.00963210,0.00617000,0.00894090,0.00974125,0.02211070,0.02041811,RELIABLE,RELIABLE,RELIABLE,RELIABLE,RELIABLE,RELIABLE,RELIABLE,RELIABLE,STATIONARY,STATIONARY,STATIONARY,STATIONARY,STATIONARY,MOVING,MOVING,MOVING,MOVING
24513,715,1,STILL,0.12155707,0.00036171,0.00297565,0.00611178,0.01028126,0.00807176,0.00594277,0.00948871,0.01010447,0.02154644,0.02009211,RELIABLE,RELIABLE,RELIABLE,RELIABLE,RELIABLE,RELIABLE,RELIABLE,RELIABLE,STATIONARY,STATIONARY,STATIONARY,STATIONARY,STATIONARY,MOVING,MOVING,MOVING,MOVING
24543,716,1,STILL,0.12196615,0.00043988,0.00360659,0.00593189,0.01037445,0.00840020,0.00514405,0.00909121,0.01017006,0.02549985,0.02073473,RELIABLE,RELIABLE,RELIABLE,RELIABLE,RELIABLE,RELIABLE,RELIABLE,RELIABLE,STATIONARY,STATIONARY,STATIONARY,STATIONARY,STATIONARY,MOVING,MOVING,MOVING,MOVING
24574,717,1,STILL,0.12217069,0.00021994,0.00180027,0.00591851,0.01070447,0.00865291,0.00465851,0.00831992,0.01032025,0.02721377,0.01926948,RELIABLE,RELIABLE,RELIABLE,RELIABLE,RELIABLE,RELIABLE,RELIABLE,RELIABLE,STATIONARY,STATIONARY,STATIONARY,STATIONARY,STATIONARY,MOVING,MOVING,MOVING,MOVING
24606,718,1,STILL,0.12202137,0.00075665,0.00620098,0.00526915,0.00962573,0.00796846,0.00576050,0.00920588,0.01089550,0.03245519,0.01874406,RELIABLE,RELIABLE,RELIABLE,RELIABLE,RELIABLE,RELIABLE,RELIABLE,RELIABLE,STATIONARY,STATIONARY,STATIONARY,STATIONARY,STATIONARY,MOVING,MOVING,MOVING,MOVING
24638,719,1,STILL,0.12136054,0.00071487,0.00589051,0.00450270,0.00751385,0.00613931,0.00588947,0.00923576,0.01033854,0.03231928,0.02014585,RELIABLE,RELIABLE,RELIABLE,RELIABLE,RELIABLE,RELIABLE,RELIABLE,RELIABLE,STATIONARY,STATIONARY,STATIONARY,STATIONARY,STATIONARY,MOVING,MOVING,MOVING,MOVING
24670,720,1,STILL,0.12165527,0.00024118,0.00198251,0.00400034,0.00636331,0.00516485,0.00599633,0.00940958,0.01038336,0.03239443,0.02060984,RELIABLE,RELIABLE,RELIABLE,RELIABLE,RELIABLE,RELIABLE,RELIABLE,RELIABLE,STATIONARY,STATIONARY,STATIONARY,STATIONARY,STATIONARY,MOVING,MOVING,MOVING,MOVING
24718,721,1,STILL,0.12140393,0.00114917,0.00946571,0.00492060,0.00858907,0.00721170,0.00566752,0.00810873,0.01031086,0.02987782,0.02005017,RELIABLE,RELIABLE,RELIABLE,RELIABLE,RELIABLE,RELIABLE,RELIABLE,RELIABLE,STATIONARY,STATIONARY,STATIONARY,STATIONARY,STATIONARY,MOVING,MOVING,MOVING,MOVING
24751,722,1,STILL,0.12132481,0.00089169,0.00734963,0.00490898,0.00779722,0.00714317,0.00595917,0.00831917,0.00889836,0.02671554,0.01609423,RELIABLE,RELIABLE,RELIABLE,RELIABLE,RELIABLE,RELIABLE,RELIABLE,RELIABLE,STATIONARY,STATIONARY,STATIONARY,STATIONARY,STATIONARY,MOVING,MOVING,MOVING,MOVING
24778,723,1,STILL,0.12128681,0.00044585,0.00367597,0.00499652,0.00761191,0.00737304,0.00598588,0.00734357,0.00816744,0.02579063,0.01500720,RELIABLE,RELIABLE,RELIABLE,RELIABLE,RELIABLE,RELIABLE,RELIABLE,RELIABLE,STATIONARY,STATIONARY,STATIONARY,STATIONARY,STATIONARY,MOVING,MOVING,MOVING,MOVING
24810,724,1,STILL,0.12136132,0.00084303,0.00694649,0.00541401,0.00731229,0.00793173,0.00707268,0.00709725,0.00749147,0.01993160,0.01439357,RELIABLE,RELIABLE,RELIABLE,RELIABLE,RELIABLE,RELIABLE,RELIABLE,RELIABLE,STATIONARY,STATIONARY,STATIONARY,STATIONARY,STATIONARY,MOVING,MOVING,MOVING,MOVING
24842,725,1,STILL,0.12147974,0.00088379,0.00727521,0.00609838,0.00795348,0.00894648,0.00746480,0.00706369,0.00734430,0.01986409,0.01506069,RELIABLE,RELIABLE,RELIABLE,RELIABLE,RELIABLE,RELIABLE,RELIABLE,RELIABLE,STATIONARY,STATIONARY,STATIONARY,STATIONARY,STATIONARY,MOVING,MOVING,MOVING,MOVING
24878,726,1,STILL,0.12174684,0.00041492,0.00340810,0.00574926,0.00782722,0.00887838,0.00645461,0.00641009,0.00618964,0.01184608,0.01452320,RELIABLE,RELIABLE,RELIABLE,RELIABLE,RELIABLE,RELIABLE,RELIABLE,RELIABLE,STATIONARY,STATIONARY,STATIONARY,STATIONARY,STATIONARY,MOVING,MOVING,MOVING,MOVING
24905,727,1,STILL,0.12188404,0.00020746,0.00170213,0.00522572,0.00738287,0.00868516,0.00592573,0.00582308,0.00560271,0.01079394,0.01076200,RELIABLE,RELIABLE,RELIABLE,RELIABLE,RELIABLE,RELIABLE,RELIABLE,RELIABLE,STATIONARY,STATIONARY,STATIONARY,STATIONARY,STATIONARY,MOVING,MOVING,MOVING,MOVING
24937,728,1,STILL,0.12204889,0.00082963,0.00679755,0.00582760,0.00786402,0.00934961,0.00628141,0.00761509,0.00675769,0.01660347,0.01209750,RELIABLE,RELIABLE,RELIABLE,RELIABLE,RELIABLE,RELIABLE,RELIABLE,RELIABLE,STATIONARY,STATIONARY,STATIONARY,STATIONARY,STATIONARY,MOVING,MOVING,MOVING,MOVING
24968,729,1,STILL,0.12136365,0.00093616,0.00771367,0.00560859,0.00704698,0.00880471,0.00668307,0.00851852,0.00698032,0.01801604,0.01274201,RELIABLE,RELIABLE,RELIABLE,RELIABLE,RELIABLE,RELIABLE,RELIABLE,RELIABLE,STATIONARY,STATIONARY,STATIONARY,STATIONARY,STATIONARY,MOVING,MOVING,MOVING,MOVING
25006,730,1,STILL,0.12170538,0.00118049,0.00969957,0.00590234,0.00745475,0.00870116,0.00658827,0.00889190,0.00787391,0.01965221,0.01403315,RELIABLE,RELIABLE,RELIABLE,RELIABLE,RELIABLE,RELIABLE,RELIABLE,RELIABLE,STATIONARY,STATIONARY,STATIONARY,STATIONARY,STATIONARY,MOVING,MOVING,MOVING,MOVING
25047,731,1,STILL,0.12187658,0.00059025,0.00484297,0.00604821,0.00765751,0.00864826,0.00654012,0.00907726,0.00831931,0.02046769,0.01467657,RELIABLE,RELIABLE,RELIABLE,RELIABLE,RELIABLE,RELIABLE,RELIABLE,RELIABLE,STATIONARY,STATIONARY,STATIONARY,STATIONARY,STATIONARY,MOVING,MOVING,MOVING,MOVING
25078,732,1,STILL,0.12156497,0.00063266,0.00520426,0.00583043,0.00814909,0.00802872,0.00597390,0.00883035,0.00872273,0.02318175,0.01456287,RELIABLE,RELIABLE,RELIABLE,RELIABLE,RELIABLE,RELIABLE,RELIABLE,RELIABLE,STATIONARY,STATIONARY,STATIONARY,STATIONARY,STATIONARY,MOVING,MOVING,MOVING,MOVING
25109,733,1,STILL,0.12148165,0.00076916,0.00633151,0.00571247,0.00863654,0.00820180,0.00593337,0.01020159,0.00914043,0.02177862,0.01493009,RELIABLE,RELIABLE,RELIABLE,RELIABLE,RELIABLE,RELIABLE,RELIABLE,RELIABLE,STATIONARY,STATIONARY,STATIONARY,STATIONARY,STATIONARY,MOVING,MOVING,MOVING,MOVING
25141,734,1,STILL,0.12198971,0.00035702,0.00292665,0.00565229,0.00809440,0.00782197,0.00616419,0.01102099,0.00871753,0.02127788,0.01458017,RELIABLE,RELIABLE,RELIABLE,RELIABLE,RELIABLE,RELIABLE,RELIABLE,RELIABLE,STATIONARY,STATIONARY,STATIONARY,STATIONARY,STATIONARY,MOVING,MOVING,MOVING,MOVING
25173,735,1,STILL,0.12188292,0.00059854,0.00491081,0.00605337,0.00796652,0.00814310,0.00726096,0.01244304,0.00916398,0.02329632,0.01768985,RELIABLE,RELIABLE,RELIABLE,RELIABLE,RELIABLE,RELIABLE,RELIABLE,RELIABLE,STATIONARY,STATIONARY,STATIONARY,STATIONARY,STATIONARY,MOVING,MOVING,MOVING,MOVING
25214,736,1,STILL,0.12217468,0.00094662,0.00774809,0.00617219,0.00828316,0.00808819,0.00703420,0.01079414,0.00840335,0.01825913,0.01792657,RELIABLE,RELIABLE,RELIABLE,RELIABLE,RELIABLE,RELIABLE,RELIABLE,RELIABLE,STATIONARY,STATIONARY,STATIONARY,STATIONARY,STATIONARY,MOVING,MOVING,MOVING,MOVING
25253,737,1,STILL,0.12232084,0.00047331,0.00386942,0.00569166,0.00711033,0.00679047,0.00625972,0.00988871,0.00796438,0.01683086,0.01763209,RELIABLE,RELIABLE,RELIABLE,RELIABLE,RELIABLE,RELIABLE,RELIABLE,RELIABLE,STATIONARY,STATIONARY,STATIONARY,STATIONARY,STATIONARY,MOVING,MOVING,MOVING,MOVING
25284,738,1,STILL,0.12202868,0.00074963,0.00614302,0.00524709,0.00661492,0.00657672,0.00613130,0.00890363,0.00710412,0.01432689,0.01765441,RELIABLE,RELIABLE,RELIABLE,RELIABLE,RELIABLE,RELIABLE,RELIABLE,RELIABLE,STATIONARY,STATIONARY,STATIONARY,STATIONARY,STATIONARY,MOVING,MOVING,MOVING,MOVING
25316,739,1,STILL,0.12227725,0.00141761,0.01159340,0.00609089,0.00829527,0.00756304,0.00658063,0.00936184,0.00670819,0.01586867,0.01957881,RELIABLE,RELIABLE,RELIABLE,RELIABLE,RELIABLE,RELIABLE,RELIABLE,RELIABLE,STATIONARY,STATIONARY,STATIONARY,STATIONARY,STATIONARY,MOVING,MOVING,MOVING,MOVING
25347,740,1,STILL,0.12221980,0.00029672,0.00242777,0.00574383,0.00782151,0.00744192,0.00625483,0.00956723,0.00611337,0.01449764,0.01899222,RELIABLE,RELIABLE,RELIABLE,RELIABLE,RELIABLE,RELIABLE,RELIABLE,RELIABLE,STATIONARY,STATIONARY,STATIONARY,STATIONARY,STATIONARY,MOVING,MOVING,MOVING,MOVING
25379,741,1,STILL,0.12166758,0.00047526,0.00390621,0.00544067,0.00653640,0.00659392,0.00641239,0.00812060,0.00622985,0.01416014,0.01840302,RELIABLE,RELIABLE,RELIABLE,RELIABLE,RELIABLE,RELIABLE,RELIABLE,RELIABLE,STATIONARY,STATIONARY,STATIONARY,STATIONARY,STATIONARY,MOVING,MOVING,MOVING,MOVING
25410,742,1,STILL,0.12139233,0.00023763,0.00195753,0.00531953,0.00618607,0.00632660,0.00595988,0.00652984,0.00619271,0.01359633,0.01803512,RELIABLE,RELIABLE,RELIABLE,RELIABLE,RELIABLE,RELIABLE,RELIABLE,RELIABLE,STATIONARY,STATIONARY,STATIONARY,STATIONARY,STATIONARY,MOVING,MOVING,MOVING,MOVING
25442,743,1,STILL,0.12067724,0.00127373,0.01055486,0.00602504,0.00724994,0.00692629,0.00529571,0.00559394,0.00589439,0.01209242,0.01542045,RELIABLE,RELIABLE,RELIABLE,RELIABLE,RELIABLE,RELIABLE,RELIABLE,RELIABLE,STATIONARY,STATIONARY,STATIONARY,STATIONARY,STATIONARY,MOVING,MOVING,MOVING,MOVING
25472,744,1,STILL,0.12181428,0.00091806,0.00753655,0.00599859,0.00736126,0.00733068,0.00539942,0.00612303,0.00555739,0.01210370,0.01317586,RELIABLE,RELIABLE,RELIABLE,RELIABLE,RELIABLE,RELIABLE,RELIABLE,RELIABLE,STATIONARY,STATIONARY,STATIONARY,STATIONARY,STATIONARY,MOVING,MOVING,MOVING,MOVING
25503,745,1,STILL,0.12190518,0.00090320,0.00740904,0.00644105,0.00776837,0.00839262,0.00668516,0.00738374,0.00653331,0.01418989,0.01392334,RELIABLE,RELIABLE,RELIABLE,RELIABLE,RELIABLE,RELIABLE,RELIABLE,RELIABLE,STATIONARY,STATIONARY,STATIONARY,STATIONARY,STATIONARY,MOVING,MOVING,MOVING,MOVING
25537,746,1,STILL,0.12190660,0.00062020,0.00508754,0.00630911,0.00739615,0.00764577,0.00710444,0.00863237,0.00674138,0.01654994,0.01287722,RELIABLE,RELIABLE,RELIABLE,RELIABLE,RELIABLE,RELIABLE,RELIABLE,RELIABLE,STATIONARY,STATIONARY,STATIONARY,STATIONARY,STATIONARY,MOVING,MOVING,MOVING,MOVING
25582,747,1,STILL,0.12174826,0.00060549,0.00497334,0.00548160,0.00558732,0.00661438,0.00696255,0.00811017,0.00692465,0.01652176,0.01036045,RELIABLE,RELIABLE,RELIABLE,RELIABLE,RELIABLE,RELIABLE,RELIABLE,RELIABLE,STATIONARY,STATIONARY,STATIONARY,STATIONARY,STATIONARY,MOVING,MOVING,MOVING,MOVING
25614,748,1,STILL,0.12167052,0.00030275,0.00248826,0.00548917,0.00540501,0.00643626,0.00650827,0.00767383,0.00683948,0.01628801,0.01008525,RELIABLE,RELIABLE,RELIABLE,RELIABLE,RELIABLE,RELIABLE,RELIABLE,RELIABLE,STATIONARY,STATIONARY,STATIONARY,STATIONARY,STATIONARY,MOVING,MOVING,MOVING,MOVING
25646,749,1,STILL,0.12197065,0.00065396,0.00536165,0.00567110,0.00619610,0.00676273,0.00604605,0.00882259,0.00668409,0.01579128,0.01039787,RELIABLE,RELIABLE,RELIABLE,RELIABLE,RELIABLE,RELIABLE,RELIABLE,RELIABLE,STATIONARY,STATIONARY,STATIONARY,STATIONARY,STATIONARY,MOVING,MOVING,MOVING,MOVING
25677,750,1,STILL,0.12168003,0.00028491,0.00234149,0.00571909,0.00632421,0.00679497,0.00651666,0.00965794,0.00658126,0.01599168,0.01068949,RELIABLE,RELIABLE,RELIABLE,RELIABLE,RELIABLE,RELIABLE,RELIABLE,RELIABLE,STATIONARY,STATIONARY,STATIONARY,STATIONARY,STATIONARY,MOVING,MOVING,MOVING,MOVING
25710,751,1,STILL,0.12144301,0.00203213,0.01673322,0.00649138,0.00804775,0.00887097,0.00717655,0.00945529,0.00635709,0.01653444,0.01062793,RELIABLE,RELIABLE,RELIABLE,RELIABLE,RELIABLE,RELIABLE,RELIABLE,RELIABLE,STATIONARY,STATIONARY,STATIONARY,STATIONARY,STATIONARY,MOVING,MOVING,MOVING,MOVING
25740,752,1,STILL,0.12132478,0.00101607,0.00837476,0.00659616,0.00834483,0.00932244,0.00718461,0.00847367,0.00564646,0.01561288,0.00987637,RELIABLE,RELIABLE,RELIABLE,RELIABLE,RELIABLE,RELIABLE,RELIABLE,RELIABLE,STATIONARY,STATIONARY,STATIONARY,STATIONARY,STATIONARY,MOVING,MOVING,MOVING,MOVING
25772,753,1,STILL,0.12144046,0.00122444,0.01008266,0.00693037,0.00929136,0.00994893,0.00659403,0.00800837,0.00487015,0.01582459,0.00895878,RELIABLE,RELIABLE,RELIABLE,RELIABLE,RELIABLE,RELIABLE,RELIABLE,RELIABLE,STATIONARY,STATIONARY,STATIONARY,STATIONARY,STATIONARY,MOVING,MOVING,MOVING,MOVING
25803,754,1,STILL,0.12139837,0.00065486,0.00539432,0.00696871,0.00963631,0.01048878,0.00599188,0.00680043,0.00418064,0.01365253,0.00844456,RELIABLE,RELIABLE,RELIABLE,RELIABLE,RELIABLE,RELIABLE,RELIABLE,RELIABLE,STATIONARY,STATIONARY,STATIONARY,STATIONARY,STATIONARY,MOVING,MOVING,MOVING,MOVING
25837,755,1,STILL,0.12169173,0.00046983,0.00386085,0.00682965,0.00976841,0.01068887,0.00615860,0.00736403,0.00441876,0.01245740,0.00956577,RELIABLE,RELIABLE,RELIABLE,RELIABLE,RELIABLE,RELIABLE,RELIABLE,RELIABLE,STATIONARY,STATIONARY,STATIONARY,STATIONARY,STATIONARY,MOVING,MOVING,MOVING,MOVING
25869,756,1,STILL,0.12155315,0.00069065,0.00568187,0.00722885,0.01063947,0.01181145,0.00654430,0.00814518,0.00598516,0.01459840,0.01299519,RELIABLE,RELIABLE,RELIABLE,RELIABLE,RELIABLE,RELIABLE,RELIABLE,RELIABLE,STATIONARY,STATIONARY,STATIONARY,STATIONARY,STATIONARY,MOVING,MOVING,MOVING,MOVING
25918,757,1,STILL,0.12199589,0.00061617,0.00505071,0.00718999,0.01088812,0.01198936,0.00715542,0.00735033,0.00586289,0.01561842,0.01286689,RELIABLE,RELIABLE,RELIABLE,RELIABLE,RELIABLE,RELIABLE,RELIABLE,RELIABLE,STATIONARY,STATIONARY,STATIONARY,STATIONARY,STATIONARY,MOVING,MOVING,MOVING,MOVING
25959,758,1,STILL,0.12221856,0.00030808,0.00252075,0.00721240,0.01127849,0.01220750,0.00675744,0.00669071,0.00582503,0.01567642,0.01266433,RELIABLE,RELIABLE,RELIABLE,RELIABLE,RELIABLE,RELIABLE,RELIABLE,RELIABLE,STATIONARY,STATIONARY,STATIONARY,STATIONARY,STATIONARY,MOVING,MOVING,MOVING,MOVING
25991,759,1,STILL,0.12149711,0.00054150,0.00445692,0.00567786,0.00871717,0.00885432,0.00584740,0.00723092,0.00624507,0.01546250,0.01492248,RELIABLE,RELIABLE,RELIABLE,RELIABLE,RELIABLE,RELIABLE,RELIABLE,RELIABLE,STATIONARY,STATIONARY,STATIONARY,STATIONARY,STATIONARY,MOVING,MOVING,MOVING,MOVING
26022,760,1,STILL,0.12208646,0.00135943,0.01113499,0.00602289,0.00913345,0.00897142,0.00590792,0.00873674,0.00738091,0.01683666,0.01689302,RELIABLE,RELIABLE,RELIABLE,RELIABLE,RELIABLE,RELIABLE,RELIABLE,RELIABLE,STATIONARY,STATIONARY,STATIONARY,STATIONARY,STATIONARY,MOVING,MOVING,MOVING,MOVING
26052,761,1,STILL,0.12262135,0.00083770,0.00683158,0.00561650,0.00844398,0.00832368,0.00543500,0.00841970,0.00720549,0.01460614,0.01682194,RELIABLE,RELIABLE,RELIABLE,RELIABLE,RELIABLE,RELIABLE,RELIABLE,RELIABLE,STATIONARY,STATIONARY,STATIONARY,STATIONARY,STATIONARY,MOVING,MOVING,MOVING,MOVING
26084,762,1,STILL,0.12288852,0.00076786,0.00624839,0.00572326,0.00874153,0.00883965,0.00551563,0.00855896,0.00738732,0.01522182,0.01885059,RELIABLE,RELIABLE,RELIABLE,RELIABLE,RELIABLE,RELIABLE,RELIABLE,RELIABLE,STATIONARY,STATIONARY,STATIONARY,STATIONARY,STATIONARY,MOVING,MOVING,MOVING,MOVING
26116,763,1,STILL,0.12302222,0.00038393,0.00312080,0.00563075,0.00862570,0.00873239,0.00492638,0.00765749,0.00678283,0.01405465,0.01856723,RELIABLE,RELIABLE,RELIABLE,RELIABLE,RELIABLE,RELIABLE,RELIABLE,RELIABLE,STATIONARY,STATIONARY,STATIONARY,STATIONARY,STATIONARY,MOVING,MOVING,MOVING,MOVING
26148,764,1,STILL,0.12298576,0.00032559,0.00264735,0.00525144,0.00783277,0.00761046,0.00557720,0.00793052,0.00633036,0.01418920,0.01720330,RELIABLE,RELIABLE,RELIABLE,RELIABLE,RELIABLE,RELIABLE,RELIABLE,RELIABLE,STATIONARY,STATIONARY,STATIONARY,STATIONARY,STATIONARY,MOVING,MOVING,MOVING,MOVING
26179,765,1,STILL,0.12330127,0.00073970,0.00599909,0.00536998,0.00723220,0.00686813,0.00616342,0.00904380,0.00714849,0.01494428,0.02103772,RELIABLE,RELIABLE,RELIABLE,RELIABLE,RELIABLE,RELIABLE,RELIABLE,RELIABLE,STATIONARY,STATIONARY,STATIONARY,STATIONARY,STATIONARY,MOVING,MOVING,MOVING,MOVING
26210,766,1,STILL,0.12330504,0.00091642,0.00743213,0.00598391,0.00712613,0.00748595,0.00632225,0.01072578,0.00793858,0.01766727,0.02269840,RELIABLE,RELIABLE,RELIABLE,RELIABLE,RELIABLE,RELIABLE,RELIABLE,RELIABLE,STATIONARY,STATIONARY,STATIONARY,STATIONARY,STATIONARY,MOVING,MOVING,MOVING,MOVING
26242,767,1,STILL,0.12331447,0.00045821,0.00371578,0.00589127,0.00678844,0.00795333,0.00614501,0.01044574,0.00768978,0.01778317,0.02052348,RELIABLE,RELIABLE,RELIABLE,RELIABLE,RELIABLE,RELIABLE,RELIABLE,RELIABLE,STATIONARY,STATIONARY,STATIONARY,STATIONARY,STATIONARY,MOVING,MOVING,MOVING,MOVING
26274,768,1,STILL,0.12266076,0.00089164,0.00726915,0.00540804,0.00586260,0.00726317,0.00654505,0.01038428,0.00731817,0.02048193,0.02073696,RELIABLE,RELIABLE,RELIABLE,RELIABLE,RELIABLE,RELIABLE,RELIABLE,RELIABLE,STATIONARY,STATIONARY,STATIONARY,STATIONARY,STATIONARY,MOVING,MOVING,MOVING,MOVING
26304,769,1,STILL,0.12248993,0.00064399,0.00525746,0.00521127,0.00499749,0.00680654,0.00684820,0.01036472,0.00713398,0.02137135,0.01946627,RELIABLE,RELIABLE,RELIABLE,RELIABLE,RELIABLE,RELIABLE,RELIABLE,RELIABLE,STATIONARY,STATIONARY,STATIONARY,STATIONARY,STATIONARY,MOVING,MOVING,MOVING,MOVING
26335,770,1,STILL,0.12217925,0.00080280,0.00657070,0.00525156,0.00534704,0.00677668,0.00711041,0.01085193,0.00740582,0.02291246,0.01882941,RELIABLE,RELIABLE,RELIABLE,RELIABLE,RELIABLE,RELIABLE,RELIABLE,RELIABLE,STATIONARY,STATIONARY,STATIONARY,STATIONARY,STATIONARY,MOVING,MOVING,MOVING,MOVING
26367,771,1,STILL,0.12225433,0.00047198,0.00386065,0.00534404,0.00519453,0.00668982,0.00734449,0.01182514,0.00773793,0.02501900,0.01895973,RELIABLE,RELIABLE,RELIABLE,RELIABLE,RELIABLE,RELIABLE,RELIABLE,RELIABLE,STATIONARY,STATIONARY,STATIONARY,STATIONARY,STATIONARY,MOVING,MOVING,MOVING,MOVING
26414,772,1,STILL,0.12220651,0.00076798,0.00628428,0.00579866,0.00600122,0.00750425,0.00659317,0.01178090,0.00818520,0.02415227,0.01991890,RELIABLE,RELIABLE,RELIABLE,RELIABLE,RELIABLE,RELIABLE,RELIABLE,RELIABLE,STATIONARY,STATIONARY,STATIONARY,STATIONARY,STATIONARY,MOVING,MOVING,MOVING,MOVING
26446,773,1,STILL,0.12218700,0.00038399,0.00314264,0.00544160,0.00592959,0.00763050,0.00536234,0.01056658,0.00756329,0.02301713,0.01617471,RELIABLE,RELIABLE,RELIABLE,RELIABLE,RELIABLE,RELIABLE,RELIABLE,RELIABLE,STATIONARY,STATIONARY,STATIONARY,STATIONARY,STATIONARY,MOVING,MOVING,MOVING,MOVING
26478,774,1,STILL,0.12184891,0.00045730,0.00375303,0.00498171,0.00630722,0.00727024,0.00527326,0.00923795,0.00820438,0.02169908,0.01641846,RELIABLE,RELIABLE,RELIABLE,RELIABLE,RELIABLE,RELIABLE,RELIABLE,RELIABLE,STATIONARY,STATIONARY,STATIONARY,STATIONARY,STATIONARY,MOVING,MOVING,MOVING,MOVING
26509,775,1,STILL,0.12311002,0.00086045,0.00698925,0.00539089,0.00718051,0.00775797,0.00621847,0.00888924,0.00822912,0.02120659,0.01693443,RELIABLE,RELIABLE,RELIABLE,RELIABLE,RELIABLE,RELIABLE,RELIABLE,RELIABLE,STATIONARY,STATIONARY,STATIONARY,STATIONARY,STATIONARY,MOVING,MOVING,MOVING,MOVING
26542,776,1,STILL,0.12253977,0.00046404,0.00378688,0.00495561,0.00703990,0.00712080,0.00592051,0.00962526,0.00803866,0.01991641,0.01674958,RELIABLE,RELIABLE,RELIABLE,RELIABLE,RELIABLE,RELIABLE,RELIABLE,RELIABLE,STATIONARY,STATIONARY,STATIONARY,STATIONARY,STATIONARY,MOVING,MOVING,MOVING,MOVING
26571,777,1,STILL,0.12225484,0.00023202,0.00189785,0.00453566,0.00712173,0.00636073,0.00553366,0.01003389,0.00796337,0.01990133,0.01776811,RELIABLE,RELIABLE,RELIABLE,RELIABLE,RELIABLE,RELIABLE,RELIABLE,RELIABLE,STATIONARY,STATIONARY,STATIONARY,STATIONARY,STATIONARY,MOVING,MOVING,MOVING,MOVING
26603,778,1,STILL,0.12270750,0.00041738,0.00340140,0.00413950,0.00638407,0.00548062,0.00554091,0.01077889,0.00839583,0.01812779,0.01748534,RELIABLE,RELIABLE,RELIABLE,RELIABLE,RELIABLE,RELIABLE,RELIABLE,RELIABLE,STATIONARY,STATIONARY,STATIONARY,STATIONARY,STATIONARY,MOVING,MOVING,MOVING,MOVING
26634,779,1,STILL,0.12303719,0.00149208,0.01212708,0.00517280,0.00845624,0.00647903,0.00587164,0.01133342,0.00889978,0.02212940,0.02094262,RELIABLE,RELIABLE,RELIABLE,RELIABLE,RELIABLE,RELIABLE,RELIABLE,RELIABLE,STATIONARY,STATIONARY,STATIONARY,STATIONARY,STATIONARY,MOVING,MOVING,MOVING,MOVING
26667,780,1,STILL,0.12258655,0.00045101,0.00367915,0.00484716,0.00785986,0.00578243,0.00614741,0.01055626,0.00770174,0.02237256,0.01941492,RELIABLE,RELIABLE,RELIABLE,RELIABLE,RELIABLE,RELIABLE,RELIABLE,RELIABLE,STATIONARY,STATIONARY,STATIONARY,STATIONARY,STATIONARY,MOVING,MOVING,MOVING,MOVING
26702,781,1,STILL,0.12253783,0.00082164,0.00670524,0.00529248,0.00800049,0.00592038,0.00671609,0.01053022,0.00708979,0.02453908,0.01814024,RELIABLE,RELIABLE,RELIABLE,RELIABLE,RELIABLE,RELIABLE,RELIABLE,RELIABLE,STATIONARY,STATIONARY,STATIONARY,STATIONARY,STATIONARY,MOVING,MOVING,MOVING,MOVING
26750,782,1,STILL,0.12252237,0.00080912,0.00660388,0.00564884,0.00896589,0.00697806,0.00664191,0.01062267,0.00553323,0.02295265,0.01851033,RELIABLE,RELIABLE,RELIABLE,RELIABLE,RELIABLE,RELIABLE,RELIABLE,RELIABLE,STATIONARY,STATIONARY,STATIONARY,STATIONARY,STATIONARY,MOVING,MOVING,MOVING,MOVING
26777,783,1,STILL,0.12251467,0.00040456,0.00330215,0.00518795,0.00876418,0.00683914,0.00561511,0.01035339,0.00505081,0.02199306,0.01830147,RELIABLE,RELIABLE,RELIABLE,RELIABLE,RELIABLE,RELIABLE,RELIABLE,RELIABLE,STATIONARY,STATIONARY,STATIONARY,STATIONARY,STATIONARY,MOVING,MOVING,MOVING,MOVING
26809,784,1,STILL,0.12295965,0.00042355,0.00344463,0.00514517,0.00804688,0.00690677,0.00536024,0.00883090,0.00486648,0.01973955,0.01823866,RELIABLE,RELIABLE,RELIABLE,RELIABLE,RELIABLE,RELIABLE,RELIABLE,RELIABLE,STATIONARY,STATIONARY,STATIONARY,STATIONARY,STATIONARY,MOVING,MOVING,MOVING,MOVING
26840,785,1,STILL,0.12268989,0.00032541,0.00265227,0.00523947,0.00777891,0.00723342,0.00610513,0.00911842,0.00597468,0.02026154,0.02009934,RELIABLE,RELIABLE,RELIABLE,RELIABLE,RELIABLE,RELIABLE,RELIABLE,RELIABLE,STATIONARY,STATIONARY,STATIONARY,STATIONARY,STATIONARY,MOVING,MOVING,MOVING,MOVING
26870,786,1,STILL,0.12263022,0.00044902,0.00366160,0.00527200,0.00738363,0.00740471,0.00584860,0.00821096,0.00527134,0.02257951,0.01907909,RELIABLE,RELIABLE,RELIABLE,RELIABLE,RELIABLE,RELIABLE,RELIABLE,RELIABLE,STATIONARY,STATIONARY,STATIONARY,STATIONARY,STATIONARY,MOVING,MOVING,MOVING,MOVING
26910,787,1,STILL,0.12335226,0.00130730,0.01059808,0.00508087,0.00726330,0.00770471,0.00565398,0.00755713,0.00552837,0.02111198,0.01535813,RELIABLE,RELIABLE,RELIABLE,RELIABLE,RELIABLE,RELIABLE,RELIABLE,RELIABLE,STATIONARY,STATIONARY,STATIONARY,STATIONARY,STATIONARY,MOVING,MOVING,MOVING,MOVING
26949,788,1,STILL,0.12371632,0.00065365,0.00528345,0.00528141,0.00787897,0.00823543,0.00506561,0.00759025,0.00552630,0.02059011,0.01421100,RELIABLE,RELIABLE,RELIABLE,RELIABLE,RELIABLE,RELIABLE,RELIABLE,RELIABLE,STATIONARY,STATIONARY,STATIONARY,STATIONARY,STATIONARY,MOVING,MOVING,MOVING,MOVING
26981,789,1,STILL,0.12260865,0.00102457,0.00835639,0.00548781,0.00903927,0.00957715,0.00454727,0.00848048,0.00599950,0.01860467,0.01531349,RELIABLE,RELIABLE,RELIABLE,RELIABLE,RELIABLE,RELIABLE,RELIABLE,RELIABLE,STATIONARY,STATIONARY,STATIONARY,STATIONARY,STATIONARY,STATIONARY,MOVING,MOVING,MOVING
27013,790,1,STILL,0.12264853,0.00105888,0.00863348,0.00574151,0.00937255,0.00971928,0.00499320,0.00842118,0.00673382,0.02233120,0.01450241,RELIABLE,RELIABLE,RELIABLE,RELIABLE,RELIABLE,RELIABLE,RELIABLE,RELIABLE,STATIONARY,STATIONARY,STATIONARY,STATIONARY,STATIONARY,STATIONARY,MOVING,MOVING,MOVING
27044,791,1,STILL,0.12272491,0.00025471,0.00207547,0.00558817,0.00912366,0.00962004,0.00547294,0.00836634,0.00785342,0.02349199,0.01521710,RELIABLE,RELIABLE,RELIABLE,RELIABLE,RELIABLE,RELIABLE,RELIABLE,RELIABLE,STATIONARY,STATIONARY,STATIONARY,STATIONARY,STATIONARY,STATIONARY,MOVING,MOVING,MOVING
27076,792,1,STILL,0.12276339,0.00012736,0.00103741,0.00528727,0.00925135,0.00944269,0.00521985,0.00750169,0.00788016,0.02276692,0.01383233,RELIABLE,RELIABLE,RELIABLE,RELIABLE,RELIABLE,RELIABLE,RELIABLE,RELIABLE,STATIONARY,STATIONARY,STATIONARY,STATIONARY,STATIONARY,STATIONARY,MOVING,MOVING,MOVING
27117,793,1,STILL,0.12304897,0.00073280,0.00595536,0.00570016,0.00940641,0.00936414,0.00513549,0.00691273,0.00722706,0.02194743,0.01163381,RELIABLE,RELIABLE,RELIABLE,RELIABLE,RELIABLE,RELIABLE,RELIABLE,RELIABLE,STATIONARY,STATIONARY,STATIONARY,STATIONARY,STATIONARY,STATIONARY,MOVING,MOVING,MOVING
27154,794,1,STILL,0.12319194,0.00036640,0.00297422,0.00561423,0.00920341,0.00897952,0.00504612,0.00627546,0.00703126,0.01901867,0.01082639,RELIABLE,RELIABLE,RELIABLE,RELIABLE,RELIABLE,RELIABLE,RELIABLE,RELIABLE,STATIONARY,STATIONARY,STATIONARY,STATIONARY,STATIONARY,STATIONARY,MOVING,MOVING,MOVING
27185,795,1,STILL,0.12226965,0.00092566,0.00757061,0.00523580,0.00815757,0.00864921,0.00505760,0.00559213,0.00643565,0.01543914,0.01038207,RELIABLE,RELIABLE,RELIABLE,RELIABLE,RELIABLE,RELIABLE,RELIABLE,RELIABLE,STATIONARY,STATIONARY,STATIONARY,STATIONARY,STATIONARY,STATIONARY,MOVING,MOVING,MOVING
27217,796,1,STILL,0.12149269,0.00070416,0.00579595,0.00529986,0.00782091,0.00907436,0.00561732,0.00581847,0.00609584,0.01585499,0.01194204,RELIABLE,RELIABLE,RELIABLE,RELIABLE,RELIABLE,RELIABLE,RELIABLE,RELIABLE,STATIONARY,STATIONARY,STATIONARY,STATIONARY,STATIONARY,STATIONARY,MOVING,MOVING,MOVING
27248,797,1,STILL,0.12172019,0.00064128,0.00526844,0.00491387,0.00682452,0.00740820,0.00595379,0.00476217,0.00580543,0.01572774,0.01137549,RELIABLE,RELIABLE,RELIABLE,RELIABLE,RELIABLE,RELIABLE,RELIABLE,RELIABLE,STATIONARY,STATIONARY,STATIONARY,STATIONARY,STATIONARY,STATIONARY,MOVING,MOVING,MOVING
27279,798,1,STILL,0.12183395,0.00032064,0.00263176,0.00416365,0.00507119,0.00555042,0.00538394,0.00422959,0.00508048,0.01202058,0.00958882,RELIABLE,RELIABLE,RELIABLE,RELIABLE,RELIABLE,RELIABLE,RELIABLE,RELIABLE,STATIONARY,STATIONARY,STATIONARY,STATIONARY,STATIONARY,STATIONARY,MOVING,MOVING,MOVING
27310,799,1,STILL,0.12172186,0.00123580,0.01015263,0.00517330,0.00601250,0.00564201,0.00519358,0.00504072,0.00483011,0.01506471,0.00951009,RELIABLE,RELIABLE,RELIABLE,RELIABLE,RELIABLE,RELIABLE,RELIABLE,RELIABLE,STATIONARY,STATIONARY,STATIONARY,STATIONARY,STATIONARY,STATIONARY,MOVING,MOVING,MOVING
27342,800,1,STILL,0.12208037,0.00061213,0.00501412,0.00567038,0.00647334,0.00644778,0.00519269,0.00569026,0.00494027,0.01635398,0.01016527,RELIABLE,RELIABLE,RELIABLE,RELIABLE,RELIABLE,RELIABLE,RELIABLE,RELIABLE,STATIONARY,STATIONARY,STATIONARY,STATIONARY,STATIONARY,STATIONARY,MOVING,MOVING,MOVING
27374,801,1,STILL,0.12230160,0.00092360,0.00755182,0.00586994,0.00715965,0.00735422,0.00463926,0.00549420,0.00483504,0.01844263,0.01076275,RELIABLE,RELIABLE,RELIABLE,RELIABLE,RELIABLE,RELIABLE,RELIABLE,RELIABLE,STATIONARY,STATIONARY,STATIONARY,STATIONARY,STATIONARY,STATIONARY,MOVING,MOVING,MOVING
27406,802,1,STILL,0.12223245,0.00091059,0.00744969,0.00642938,0.00848045,0.00781921,0.00472586,0.00586811,0.00502131,0.01994693,0.01192164,RELIABLE,RELIABLE,RELIABLE,RELIABLE,RELIABLE,RELIABLE,RELIABLE,RELIABLE,STATIONARY,STATIONARY,STATIONARY,STATIONARY,STATIONARY,STATIONARY,MOVING,MOVING,MOVING
27437,803,1,STILL,0.12219920,0.00045530,0.00372586,0.00594878,0.00789500,0.00660968,0.00434969,0.00570877,0.00451998,0.01921758,0.01170707,RELIABLE,RELIABLE,RELIABLE,RELIABLE,RELIABLE,RELIABLE,RELIABLE,RELIABLE,STATIONARY,STATIONARY,STATIONARY,STATIONARY,STATIONARY,STATIONARY,MOVING,MOVING,MOVING
27469,804,1,STILL,0.12215773,0.00077992,0.00638455,0.00602236,0.00823557,0.00646041,0.00427642,0.00598446,0.00544912,0.02040296,0.01406847,RELIABLE,RELIABLE,RELIABLE,RELIABLE,RELIABLE,RELIABLE,RELIABLE,RELIABLE,STATIONARY,STATIONARY,STATIONARY,STATIONARY,STATIONARY,STATIONARY,MOVING,MOVING,MOVING
27499,805,1,STILL,0.12150101,0.00061768,0.00508370,0.00599927,0.00809271,0.00695674,0.00450281,0.00654846,0.00612760,0.02554754,0.01838887,RELIABLE,RELIABLE,RELIABLE,RELIABLE,RELIABLE,RELIABLE,RELIABLE,RELIABLE,STATIONARY,STATIONARY,STATIONARY,STATIONARY,STATIONARY,STATIONARY,MOVING,MOVING,MOVING
27535,806,1,STILL,0.12186294,0.00111235,0.00912785,0.00681128,0.00951813,0.00911354,0.00500101,0.00673177,0.00661421,0.02885878,0.02010780,RELIABLE,RELIABLE,RELIABLE,RELIABLE,RELIABLE,RELIABLE,RELIABLE,RELIABLE,STATIONARY,STATIONARY,STATIONARY,STATIONARY,STATIONARY,STATIONARY,MOVING,MOVING,MOVING
27577,807,1,STILL,0.12208953,0.00054302,0.00444770,0.00609816,0.00848974,0.00887202,0.00516934,0.00652713,0.00626462,0.02762722,0.02056627,RELIABLE,RELIABLE,RELIABLE,RELIABLE,RELIABLE,RELIABLE,RELIABLE,RELIABLE,STATIONARY,STATIONARY,STATIONARY,STATIONARY,STATIONARY,STATIONARY,MOVING,MOVING,MOVING
27614,808,1,STILL,0.12298129,0.00063970,0.00520162,0.00612160,0.00809809,0.00832231,0.00576573,0.00678478,0.00720706,0.02803023,0.02202892,RELIABLE,RELIABLE,RELIABLE,RELIABLE,RELIABLE,RELIABLE,RELIABLE,RELIABLE,STATIONARY,STATIONARY,STATIONARY,STATIONARY,STATIONARY,STATIONARY,MOVING,MOVING,MOVING
27655,809,1,STILL,0.12342777,0.00031985,0.00259140,0.00550155,0.00726264,0.00723908,0.00569966,0.00653734,0.00730077,0.02558713,0.02209554,RELIABLE,RELIABLE,RELIABLE,RELIABLE,RELIABLE,RELIABLE,RELIABLE,RELIABLE,STATIONARY,STATIONARY,STATIONARY,STATIONARY,STATIONARY,STATIONARY,MOVING,MOVING,MOVING
27687,810,1,STILL,0.12265407,0.00074987,0.00611372,0.00533455,0.00677747,0.00753112,0.00673587,0.00688341,0.00778201,0.02446126,0.02194861,RELIABLE,RELIABLE,RELIABLE,RELIABLE,RELIABLE,RELIABLE,RELIABLE,RELIABLE,STATIONARY,STATIONARY,STATIONARY,STATIONARY,STATIONARY,STATIONARY,MOVING,MOVING,MOVING
27718,811,1,STILL,0.12244434,0.00072731,0.00593996,0.00561131,0.00719874,0.00806592,0.00748123,0.00667123,0.00817404,0.02682311,0.02261699,RELIABLE,RELIABLE,RELIABLE,RELIABLE,RELIABLE,RELIABLE,RELIABLE,RELIABLE,STATIONARY,STATIONARY,STATIONARY,STATIONARY,STATIONARY,STATIONARY,MOVING,MOVING,MOVING
27750,812,1,STILL,0.12249567,0.00085651,0.00699219,0.00568727,0.00723658,0.00820545,0.00743868,0.00619723,0.00812373,0.02530333,0.01982778,RELIABLE,RELIABLE,RELIABLE,RELIABLE,RELIABLE,RELIABLE,RELIABLE,RELIABLE,STATIONARY,STATIONARY,STATIONARY,STATIONARY,STATIONARY,STATIONARY,MOVING,MOVING,MOVING
27782,813,1,STILL,0.12252258,0.00042826,0.00349533,0.00548872,0.00710519,0.00802014,0.00689100,0.00546714,0.00754357,0.02000574,0.01547432,RELIABLE,RELIABLE,RELIABLE,RELIABLE,RELIABLE,RELIABLE,RELIABLE,RELIABLE,STATIONARY,STATIONARY,STATIONARY,STATIONARY,STATIONARY,STATIONARY,MOVING,MOVING,MOVING
27813,814,1,STILL,0.12181713,0.00159643,0.01310517,0.00598589,0.00800719,0.00824573,0.00696562,0.00581921,0.00883088,0.01857956,0.01556149,RELIABLE,RELIABLE,RELIABLE,RELIABLE,RELIABLE,RELIABLE,RELIABLE,RELIABLE,STATIONARY,STATIONARY,STATIONARY,STATIONARY,STATIONARY,STATIONARY,MOVING,MOVING,MOVING
27845,815,1,STILL,0.12237630,0.00108001,0.00882533,0.00653309,0.00935503,0.00914418,0.00700696,0.00582407,0.00893941,0.01747266,0.01475723,RELIABLE,RELIABLE,RELIABLE,RELIABLE,RELIABLE,RELIABLE,RELIABLE,RELIABLE,STATIONARY,STATIONARY,STATIONARY,STATIONARY,STATIONARY,STATIONARY,MOVING,MOVING,MOVING
27875,816,1,STILL,0.12187165,0.00092810,0.00761541,0.00683482,0.01036332,0.00987716,0.00664195,0.00641445,0.00861121,0.01771823,0.01487436,RELIABLE,RELIABLE,RELIABLE,RELIABLE,RELIABLE,RELIABLE,RELIABLE,RELIABLE,STATIONARY,STATIONARY,STATIONARY,STATIONARY,STATIONARY,STATIONARY,MOVING,MOVING,MOVING
27906,817,1,STILL,0.12203097,0.00045619,0.00373832,0.00697818,0.01084436,0.01033872,0.00665914,0.00752748,0.00859548,0.01880908,0.01454007,RELIABLE,RELIABLE,RELIABLE,RELIABLE,RELIABLE,RELIABLE,RELIABLE,RELIABLE,STATIONARY,STATIONARY,STATIONARY,STATIONARY,STATIONARY,STATIONARY,MOVING,MOVING,MOVING
27950,818,1,STILL,0.12170232,0.00045352,0.00372646,0.00667977,0.01072891,0.01037801,0.00582868,0.00697028,0.00811862,0.01899652,0.01422897,RELIABLE,RELIABLE,RELIABLE,RELIABLE,RELIABLE,RELIABLE,RELIABLE,RELIABLE,STATIONARY,STATIONARY,STATIONARY,STATIONARY,STATIONARY,STATIONARY,MOVING,MOVING,MOVING
27986,819,1,STILL,0.12154135,0.00022676,0.00186570,0.00617049,0.01000773,0.01000948,0.00518667,0.00707721,0.00772910,0.01616605,0.01333214,RELIABLE,RELIABLE,RELIABLE,RELIABLE,RELIABLE,RELIABLE,RELIABLE,RELIABLE,STATIONARY,STATIONARY,STATIONARY,STATIONARY,STATIONARY,STATIONARY,MOVING,MOVING,MOVING
28018,820,1,STILL,0.12128905,0.00056253,0.00463794,0.00587621,0.00962038,0.00981249,0.00553390,0.00818989,0.00795627,0.01705377,0.01310623,RELIABLE,RELIABLE,RELIABLE,RELIABLE,RELIABLE,RELIABLE,RELIABLE,RELIABLE,STATIONARY,STATIONARY,STATIONARY,STATIONARY,STATIONARY,STATIONARY,MOVING,MOVING,MOVING
28050,821,1,STILL,0.12204541,0.00050752,0.00415847,0.00595910,0.00986679,0.00992097,0.00637531,0.00949920,0.00813776,0.01837936,0.01466842,RELIABLE,RELIABLE,RELIABLE,RELIABLE,RELIABLE,RELIABLE,RELIABLE,RELIABLE,STATIONARY,STATIONARY,STATIONARY,STATIONARY,STATIONARY,STATIONARY,MOVING,MOVING,MOVING
28083,822,1,STILL,0.12183671,0.00022474,0.00184463,0.00455153,0.00725361,0.00768128,0.00627482,0.00983925,0.00706469,0.02018341,0.01440542,RELIABLE,RELIABLE,RELIABLE,RELIABLE,RELIABLE,RELIABLE,RELIABLE,RELIABLE,STATIONARY,STATIONARY,STATIONARY,STATIONARY,STATIONARY,STATIONARY,MOVING,MOVING,MOVING
28113,823,1,STILL,0.12173238,0.00011237,0.00092310,0.00356375,0.00538883,0.00624562,0.00595033,0.00942496,0.00679203,0.02017306,0.01358870,RELIABLE,RELIABLE,RELIABLE,RELIABLE,RELIABLE,RELIABLE,RELIABLE,RELIABLE,STATIONARY,STATIONARY,STATIONARY,STATIONARY,STATIONARY,STATIONARY,MOVING,MOVING,MOVING
28144,824,1,STILL,0.12200382,0.00102708,0.00841840,0.00366413,0.00594393,0.00699360,0.00590645,0.00882120,0.00587905,0.02093582,0.01263288,RELIABLE,RELIABLE,RELIABLE,RELIABLE,RELIABLE,RELIABLE,RELIABLE,RELIABLE,STATIONARY,STATIONARY,STATIONARY,STATIONARY,STATIONARY,STATIONARY,MOVING,MOVING,MOVING
28176,825,1,STILL,0.12225180,0.00048826,0.00399393,0.00369608,0.00572737,0.00706543,0.00617636,0.00867938,0.00687893,0.02531713,0.01381781,RELIABLE,RELIABLE,RELIABLE,RELIABLE,RELIABLE,RELIABLE,RELIABLE,RELIABLE,STATIONARY,STATIONARY,STATIONARY,STATIONARY,STATIONARY,STATIONARY,MOVING,MOVING,MOVING
28207,826,1,STILL,0.12218647,0.00059548,0.00487352,0.00383946,0.00559954,0.00652403,0.00589971,0.01000122,0.00658739,0.02789373,0.01375160,RELIABLE,RELIABLE,RELIABLE,RELIABLE,RELIABLE,RELIABLE,RELIABLE,RELIABLE,STATIONARY,STATIONARY,STATIONARY,STATIONARY,STATIONARY,STATIONARY,MOVING,MOVING,MOVING
28239,827,1,STILL,0.12263073,0.00032253,0.00263006,0.00393501,0.00565908,0.00656844,0.00600630,0.01121994,0.00718631,0.02965693,0.01460638,RELIABLE,RELIABLE,RELIABLE,RELIABLE,RELIABLE,RELIABLE,RELIABLE,RELIABLE,STATIONARY,STATIONARY,STATIONARY,STATIONARY,STATIONARY,STATIONARY,MOVING,MOVING,MOVING
28270,828,1,STILL,0.12285407,0.00016126,0.00131264,0.00351934,0.00507189,0.00568772,0.00513832,0.01021511,0.00617361,0.02718640,0.01368469,RELIABLE,RELIABLE,RELIABLE,RELIABLE,RELIABLE,RELIABLE,RELIABLE,RELIABLE,STATIONARY,STATIONARY,STATIONARY,STATIONARY,STATIONARY,STATIONARY,MOVING,MOVING,MOVING
28302,829,1,STILL,0.12266087,0.00075853,0.00618394,0.00377253,0.00490405,0.00559807,0.00509639,0.00923476,0.00655017,0.02675519,0.01369364,RELIABLE,RELIABLE,RELIABLE,RELIABLE,RELIABLE,RELIABLE,RELIABLE,RELIABLE,STATIONARY,STATIONARY,STATIONARY,STATIONARY,STATIONARY,STATIONARY,MOVING,MOVING,MOVING
28334,830,1,STILL,0.12218580,0.00033135,0.00271184,0.00388093,0.00511001,0.00555762,0.00556332,0.00965836,0.00598446,0.02436826,0.01290815,RELIABLE,RELIABLE,RELIABLE,RELIABLE,RELIABLE,RELIABLE,RELIABLE,RELIABLE,STATIONARY,STATIONARY,STATIONARY,STATIONARY,STATIONARY,STATIONARY,MOVING,MOVING,MOVING
28366,831,1,STILL,0.12208856,0.00077773,0.00637021,0.00456182,0.00619426,0.00640856,0.00549092,0.00993516,0.00672540,0.02511515,0.01412691,RELIABLE,RELIABLE,RELIABLE,RELIABLE,RELIABLE,RELIABLE,RELIABLE,RELIABLE,STATIONARY,STATIONARY,STATIONARY,STATIONARY,STATIONARY,STATIONARY,MOVING,MOVING,MOVING
28397,832,1,STILL,0.12239794,0.00020697,0.00169093,0.00372088,0.00447799,0.00442476,0.00557909,0.01012017,0.00690156,0.02270772,0.01314348,RELIABLE,RELIABLE,RELIABLE,RELIABLE,RELIABLE,RELIABLE,RELIABLE,RELIABLE,STATIONARY,STATIONARY,STATIONARY,STATIONARY,STATIONARY,STATIONARY,MOVING,MOVING,MOVING
28446,833,1,STILL,0.12167304,0.00062975,0.00517579,0.00386862,0.00459714,0.00438879,0.00551225,0.00923275,0.00543752,0.01773708,0.01138251,RELIABLE,RELIABLE,RELIABLE,RELIABLE,RELIABLE,RELIABLE,RELIABLE,RELIABLE,STATIONARY,STATIONARY,STATIONARY,STATIONARY,STATIONARY,STATIONARY,MOVING,MOVING,MOVING
28473,834,1,STILL,0.12131105,0.00031488,0.00259562,0.00358388,0.00412311,0.00429571,0.00529859,0.00756977,0.00529372,0.01467164,0.01062635,RELIABLE,RELIABLE,RELIABLE,RELIABLE,RELIABLE,RELIABLE,RELIABLE,RELIABLE,STATIONARY,STATIONARY,STATIONARY,STATIONARY,STATIONARY,STATIONARY,MOVING,MOVING,MOVING
28505,835,1,STILL,0.12121217,0.00066953,0.00552359,0.00394557,0.00452084,0.00428877,0.00577630,0.00714134,0.00494981,0.01668594,0.00956873,RELIABLE,RELIABLE,RELIABLE,RELIABLE,RELIABLE,RELIABLE,RELIABLE,RELIABLE,STATIONARY,STATIONARY,STATIONARY,STATIONARY,STATIONARY,STATIONARY,MOVING,MOVING,MOVING
28536,836,1,STILL,0.12122619,0.00078074,0.00644035,0.00458653,0.00531729,0.00485605,0.00617032,0.00738958,0.00512214,0.01862280,0.01083431,RELIABLE,RELIABLE,RELIABLE,RELIABLE,RELIABLE,RELIABLE,RELIABLE,RELIABLE,STATIONARY,STATIONARY,STATIONARY,STATIONARY,STATIONARY,STATIONARY,MOVING,MOVING,MOVING
28575,837,1,STILL,0.12147203,0.00051523,0.00424157,0.00434374,0.00533897,0.00459927,0.00565713,0.00957237,0.00454725,0.01796753,0.00920158,RELIABLE,RELIABLE,RELIABLE,RELIABLE,RELIABLE,RELIABLE,RELIABLE,RELIABLE,STATIONARY,STATIONARY,STATIONARY,STATIONARY,STATIONARY,STATIONARY,MOVING,MOVING,MOVING
28613,838,1,STILL,0.12159529,0.00025762,0.00211863,0.00426959,0.00533180,0.00453349,0.00470036,0.00944496,0.00445278,0.01670832,0.00839663,RELIABLE,RELIABLE,RELIABLE,RELIABLE,RELIABLE,RELIABLE,RELIABLE,RELIABLE,STATIONARY,STATIONARY,STATIONARY,STATIONARY,STATIONARY,STATIONARY,MOVING,MOVING,MOVING
28645,839,1,STILL,0.12189656,0.00076652,0.00628826,0.00425934,0.00510089,0.00441232,0.00495837,0.01023828,0.00418477,0.01697617,0.00769084,RELIABLE,RELIABLE,RELIABLE,RELIABLE,RELIABLE,RELIABLE,RELIABLE,RELIABLE,STATIONARY,STATIONARY,STATIONARY,STATIONARY,STATIONARY,STATIONARY,MOVING,MOVING,MOVING
28676,840,1,STILL,0.12123174,0.00033116,0.00273160,0.00438943,0.00530274,0.00441082,0.00569764,0.01036142,0.00433978,0.01705853,0.00766213,RELIABLE,RELIABLE,RELIABLE,RELIABLE,RELIABLE,RELIABLE,RELIABLE,RELIABLE,STATIONARY,STATIONARY,STATIONARY,STATIONARY,STATIONARY,STATIONARY,MOVING,MOVING,MOVING
28707,841,1,STILL,0.12105581,0.00055234,0.00456269,0.00431279,0.00572593,0.00440739,0.00549321,0.01126385,0.00473297,0.01892954,0.00788795,RELIABLE,RELIABLE,RELIABLE,RELIABLE,RELIABLE,RELIABLE,RELIABLE,RELIABLE,STATIONARY,STATIONARY,STATIONARY,STATIONARY,STATIONARY,STATIONARY,MOVING,MOVING,MOVING
28739,842,1,STILL,0.12108495,0.00070555,0.00582692,0.00471670,0.00648267,0.00533582,0.00604448,0.01213681,0.00528467,0.01919854,0.00859151,RELIABLE,RELIABLE,RELIABLE,RELIABLE,RELIABLE,RELIABLE,RELIABLE,RELIABLE,STATIONARY,STATIONARY,STATIONARY,STATIONARY,STATIONARY,STATIONARY,MOVING,MOVING,MOVING
28782,843,1,STILL,0.12132552,0.00069242,0.00570713,0.00473964,0.00620401,0.00557315,0.00549878,0.01145153,0.00525072,0.01712094,0.01096853,RELIABLE,RELIABLE,RELIABLE,RELIABLE,RELIABLE,RELIABLE,RELIABLE,RELIABLE,STATIONARY,STATIONARY,STATIONARY,STATIONARY,STATIONARY,STATIONARY,MOVING,MOVING,MOVING
28817,844,1,STILL,0.12144580,0.00034621,0.00285074,0.00429094,0.00546725,0.00512120,0.00507101,0.01064763,0.00489002,0.01515347,0.01036259,RELIABLE,RELIABLE,RELIABLE,RELIABLE,RELIABLE,RELIABLE,RELIABLE,RELIABLE,STATIONARY,STATIONARY,STATIONARY,STATIONARY,STATIONARY,STATIONARY,MOVING,MOVING,MOVING
28848,845,1,STILL,0.12188021,0.00069259,0.00568252,0.00447106,0.00598485,0.00564479,0.00563892,0.00943607,0.00535438,0.01603960,0.01162617,RELIABLE,RELIABLE,RELIABLE,RELIABLE,RELIABLE,RELIABLE,RELIABLE,RELIABLE,STATIONARY,STATIONARY,STATIONARY,STATIONARY,STATIONARY,STATIONARY,MOVING,MOVING,MOVING
28880,846,1,STILL,0.12156776,0.00097932,0.00805572,0.00521320,0.00656442,0.00673563,0.00592202,0.00921000,0.00632753,0.01757872,0.01331473,RELIABLE,RELIABLE,RELIABLE,RELIABLE,RELIABLE,RELIABLE,RELIABLE,RELIABLE,STATIONARY,STATIONARY,STATIONARY,STATIONARY,STATIONARY,STATIONARY,MOVING,MOVING,MOVING
28911,847,1,STILL,0.12137838,0.00027447,0.00226128,0.00470982,0.00589827,0.00598859,0.00622920,0.00878872,0.00595698,0.01857444,0.01417996,RELIABLE,RELIABLE,RELIABLE,RELIABLE,RELIABLE,RELIABLE,RELIABLE,RELIABLE,STATIONARY,STATIONARY,STATIONARY,STATIONARY,STATIONARY,STATIONARY,MOVING,MOVING,MOVING
28942,848,1,STILL,0.12212425,0.00090667,0.00742415,0.00529639,0.00653992,0.00668925,0.00611814,0.00833890,0.00611717,0.01886410,0.01615880,RELIABLE,RELIABLE,RELIABLE,RELIABLE,RELIABLE,RELIABLE,RELIABLE,RELIABLE,STATIONARY,STATIONARY,STATIONARY,STATIONARY,STATIONARY,STATIONARY,MOVING,MOVING,MOVING
28973,849,1,STILL,0.12249905,0.00045333,0.00370072,0.00518865,0.00607748,0.00629330,0.00625586,0.00727571,0.00583058,0.01598028,0.01690804,RELIABLE,RELIABLE,RELIABLE,RELIABLE,RELIABLE,RELIABLE,RELIABLE,RELIABLE,STATIONARY,STATIONARY,STATIONARY,STATIONARY,STATIONARY,STATIONARY,MOVING,MOVING,MOVING
29005,850,1,STILL,0.12264210,0.00086118,0.00702193,0.00533802,0.00604442,0.00611670,0.00626097,0.00784072,0.00608744,0.01603765,0.01877384,RELIABLE,RELIABLE,RELIABLE,RELIABLE,RELIABLE,RELIABLE,RELIABLE,RELIABLE,STATIONARY,STATIONARY,STATIONARY,STATIONARY,STATIONARY,STATIONARY,MOVING,MOVING,MOVING
29035,851,1,STILL,0.12222927,0.00053526,0.00437914,0.00517202,0.00579040,0.00551429,0.00631542,0.00865339,0.00656608,0.01558108,0.01807069,RELIABLE,RELIABLE,RELIABLE,RELIABLE,RELIABLE,RELIABLE,RELIABLE,RELIABLE,STATIONARY,STATIONARY,STATIONARY,STATIONARY,STATIONARY,STATIONARY,MOVING,MOVING,MOVING
29070,852,1,STILL,0.12200712,0.00063305,0.00518864,0.00546426,0.00639678,0.00591636,0.00694929,0.00919798,0.00798651,0.02103576,0.01903979,RELIABLE,RELIABLE,RELIABLE,RELIABLE,RELIABLE,RELIABLE,RELIABLE,RELIABLE,STATIONARY,STATIONARY,STATIONARY,STATIONARY,STATIONARY,STATIONARY,MOVING,MOVING,MOVING
29102,853,1,STILL,0.12168746,0.00046796,0.00384559,0.00523465,0.00602157,0.00565178,0.00699972,0.00829651,0.00823363,0.02158712,0.01968193,RELIABLE,RELIABLE,RELIABLE,RELIABLE,RELIABLE,RELIABLE,RELIABLE,RELIABLE,STATIONARY,STATIONARY,STATIONARY,STATIONARY,STATIONARY,STATIONARY,MOVING,MOVING,MOVING
29151,854,1,STILL,0.12167708,0.00052339,0.00430145,0.00476536,0.00619512,0.00537362,0.00696074,0.00752249,0.00826689,0.02197953,0.02092661,RELIABLE,RELIABLE,RELIABLE,RELIABLE,RELIABLE,RELIABLE,RELIABLE,RELIABLE,STATIONARY,STATIONARY,STATIONARY,STATIONARY,STATIONARY,STATIONARY,MOVING,MOVING,MOVING
29190,855,1,STILL,0.12167208,0.00026169,0.00215081,0.00475155,0.00648384,0.00574400,0.00634474,0.00652123,0.00833724,0.01910989,0.02021902,RELIABLE,RELIABLE,RELIABLE,RELIABLE,RELIABLE,RELIABLE,RELIABLE,RELIABLE,STATIONARY,STATIONARY,STATIONARY,STATIONARY,STATIONARY,STATIONARY,MOVING,MOVING,MOVING
29222,856,1,STILL,0.12149087,0.00043626,0.00359092,0.00427240,0.00617889,0.00540982,0.00646825,0.00689154,0.00827788,0.01905096,0.02005468,RELIABLE,RELIABLE,RELIABLE,RELIABLE,RELIABLE,RELIABLE,RELIABLE,RELIABLE,STATIONARY,STATIONARY,STATIONARY,STATIONARY,STATIONARY,STATIONARY,MOVING,MOVING,MOVING
29254,857,1,STILL,0.12126294,0.00091720,0.00756372,0.00475528,0.00690137,0.00560085,0.00616699,0.00689796,0.00919394,0.02340719,0.02285291,RELIABLE,RELIABLE,RELIABLE,RELIABLE,RELIABLE,RELIABLE,RELIABLE,RELIABLE,STATIONARY,STATIONARY,STATIONARY,STATIONARY,STATIONARY,STATIONARY,MOVING,MOVING,MOVING
29286,858,1,STILL,0.12157281,0.00072416,0.00595661,0.00462211,0.00731826,0.00512693,0.00630657,0.00600360,0.00866021,0.02651982,0.02201913,RELIABLE,RELIABLE,RELIABLE,RELIABLE,RELIABLE,RELIABLE,RELIABLE,RELIABLE,STATIONARY,STATIONARY,STATIONARY,STATIONARY,STATIONARY,STATIONARY,MOVING,MOVING,MOVING
29318,859,1,STILL,0.12172783,0.00036208,0.00297451,0.00444653,0.00766150,0.00527513,0.00631514,0.00518618,0.00787956,0.02674793,0.02100260,RELIABLE,RELIABLE,RELIABLE,RELIABLE,RELIABLE,RELIABLE,RELIABLE,RELIABLE,STATIONARY,STATIONARY,STATIONARY,STATIONARY,STATIONARY,STATIONARY,MOVING,MOVING,MOVING
29350,860,1,STILL,0.12265206,0.00070430,0.00574222,0.00451573,0.00756020,0.00476164,0.00670814,0.00484761,0.00743703,0.02780054,0.02182576,RELIABLE,RELIABLE,RELIABLE,RELIABLE,RELIABLE,RELIABLE,RELIABLE,RELIABLE,STATIONARY,STATIONARY,STATIONARY,STATIONARY,STATIONARY,STATIONARY,MOVING,MOVING,MOVING
29381,861,1,STILL,0.12271535,0.00087869,0.00716040,0.00493008,0.00811276,0.00552588,0.00663878,0.00544139,0.00701940,0.02691002,0.02005777,RELIABLE,RELIABLE,RELIABLE,RELIABLE,RELIABLE,RELIABLE,RELIABLE,RELIABLE,STATIONARY,STATIONARY,STATIONARY,STATIONARY,STATIONARY,STATIONARY,MOVING,MOVING,MOVING
29413,862,1,STILL,0.12274162,0.00121426,0.00989283,0.00562900,0.00881751,0.00673127,0.00664229,0.00654172,0.00650640,0.02663987,0.01829044,RELIABLE,RELIABLE,RELIABLE,RELIABLE,RELIABLE,RELIABLE,RELIABLE,RELIABLE,STATIONARY,STATIONARY,STATIONARY,STATIONARY,STATIONARY,STATIONARY,MOVING,MOVING,MOVING
29443,863,1,STILL,0.12276935,0.00060713,0.00494530,0.00597831,0.00916966,0.00733369,0.00664396,0.00709170,0.00624978,0.02650446,0.01740652,RELIABLE,RELIABLE,RELIABLE,RELIABLE,RELIABLE,RELIABLE,RELIABLE,RELIABLE,STATIONARY,STATIONARY,STATIONARY,STATIONARY,STATIONARY,STATIONARY,MOVING,MOVING,MOVING
29474,864,1,STILL,0.12135720,0.00133724,0.01101901,0.00690682,0.00989099,0.00799752,0.00612683,0.00702659,0.00642799,0.02613074,0.01568412,RELIABLE,RELIABLE,RELIABLE,RELIABLE,RELIABLE,RELIABLE,RELIABLE,RELIABLE,STATIONARY,STATIONARY,STATIONARY,STATIONARY,STATIONARY,STATIONARY,MOVING,MOVING,MOVING
29504,865,1,STILL,0.12049918,0.00088082,0.00730977,0.00687508,0.00971167,0.00870137,0.00700122,0.00739846,0.00628989,0.02235301,0.01328858,RELIABLE,RELIABLE,RELIABLE,RELIABLE,RELIABLE,RELIABLE,RELIABLE,RELIABLE,STATIONARY,STATIONARY,STATIONARY,STATIONARY,STATIONARY,STATIONARY,MOVING,MOVING,MOVING
29534,866,1,STILL,0.12081240,0.00142774,0.01181786,0.00760774,0.01016282,0.01006917,0.00667022,0.00781161,0.00657595,0.02042178,0.01360796,RELIABLE,RELIABLE,RELIABLE,RELIABLE,RELIABLE,RELIABLE,RELIABLE,RELIABLE,STATIONARY,STATIONARY,STATIONARY,STATIONARY,STATIONARY,STATIONARY,MOVING,MOVING,MOVING
29565,867,1,STILL,0.11993663,0.00094036,0.00784049,0.00821599,0.01073276,0.01167457,0.00688916,0.00803062,0.00738017,0.02052367,0.01396670,RELIABLE,RELIABLE,RELIABLE,RELIABLE,RELIABLE,RELIABLE,RELIABLE,RELIABLE,STATIONARY,STATIONARY,STATIONARY,STATIONARY,STATIONARY,STATIONARY,MOVING,MOVING,MOVING
29614,868,1,STILL,0.12075323,0.00032434,0.00268595,0.00783395,0.01046270,0.01202896,0.00623885,0.00806040,0.00729430,0.01513697,0.01436882,RELIABLE,RELIABLE,RELIABLE,RELIABLE,RELIABLE,RELIABLE,RELIABLE,RELIABLE,STATIONARY,STATIONARY,STATIONARY,STATIONARY,STATIONARY,STATIONARY,MOVING,MOVING,MOVING
29643,869,1,STILL,0.12116156,0.00016217,0.00133845,0.00710621,0.00932683,0.01088303,0.00531366,0.00696119,0.00697457,0.01410089,0.01514010,RELIABLE,RELIABLE,RELIABLE,RELIABLE,RELIABLE,RELIABLE,RELIABLE,RELIABLE,STATIONARY,STATIONARY,STATIONARY,STATIONARY,STATIONARY,STATIONARY,MOVING,MOVING,MOVING
29675,870,1,STILL,0.12164079,0.00060709,0.00499087,0.00649346,0.00843173,0.00949977,0.00564307,0.00712737,0.00659193,0.01484545,0.01592769,RELIABLE,RELIABLE,RELIABLE,RELIABLE,RELIABLE,RELIABLE,RELIABLE,RELIABLE,STATIONARY,STATIONARY,STATIONARY,STATIONARY,STATIONARY,STATIONARY,MOVING,MOVING,MOVING
29706,871,1,STILL,0.12140063,0.00064500,0.00531303,0.00653943,0.00777741,0.00894998,0.00612438,0.00700876,0.00749465,0.01671794,0.01848745,RELIABLE,RELIABLE,RELIABLE,RELIABLE,RELIABLE,RELIABLE,RELIABLE,RELIABLE,STATIONARY,STATIONARY,STATIONARY,STATIONARY,STATIONARY,STATIONARY,MOVING,MOVING,MOVING
29738,872,1,STILL,0.12113496,0.00068061,0.00561865,0.00586438,0.00717389,0.00840576,0.00688821,0.00662307,0.00769673,0.01924987,0.01945651,RELIABLE,RELIABLE,RELIABLE,RELIABLE,RELIABLE,RELIABLE,RELIABLE,RELIABLE,STATIONARY,STATIONARY,STATIONARY,STATIONARY,STATIONARY,STATIONARY,MOVING,MOVING,MOVING
29774,873,1,STILL,0.12059303,0.00030721,0.00254746,0.00526910,0.00666174,0.00749680,0.00652397,0.00669536,0.00742820,0.02071454,0.01978104,RELIABLE,RELIABLE,RELIABLE,RELIABLE,RELIABLE,RELIABLE,RELIABLE,RELIABLE,STATIONARY,STATIONARY,STATIONARY,STATIONARY,STATIONARY,STATIONARY,MOVING,MOVING,MOVING
29801,874,1,STILL,0.12032384,0.00015360,0.00127658,0.00395144,0.00506568,0.00564357,0.00622999,0.00588363,0.00717590,0.01972245,0.01857885,RELIABLE,RELIABLE,RELIABLE,RELIABLE,RELIABLE,RELIABLE,RELIABLE,RELIABLE,STATIONARY,STATIONARY,STATIONARY,STATIONARY,STATIONARY,STATIONARY,MOVING,MOVING,MOVING
29832,875,1,STILL,0.12105929,0.00053738,0.00443896,0.00352624,0.00387836,0.00405794,0.00672401,0.00679336,0.00746241,0.01980130,0.01842593,RELIABLE,RELIABLE,RELIABLE,RELIABLE,RELIABLE,RELIABLE,RELIABLE,RELIABLE,STATIONARY,STATIONARY,STATIONARY,STATIONARY,STATIONARY,STATIONARY,MOVING,MOVING,MOVING
29864,876,1,STILL,0.12053359,0.00073156,0.00606933,0.00394917,0.00434018,0.00434058,0.00759436,0.00796911,0.00888059,0.02087542,0.01765237,RELIABLE,RELIABLE,RELIABLE,RELIABLE,RELIABLE,RELIABLE,RELIABLE,RELIABLE,STATIONARY,STATIONARY,STATIONARY,STATIONARY,STATIONARY,STATIONARY,MOVING,MOVING,MOVING
29902,877,1,STILL,0.12061123,0.00058829,0.00487758,0.00439156,0.00498888,0.00525252,0.00790676,0.00847706,0.00930717,0.02848609,0.01794430,RELIABLE,RELIABLE,RELIABLE,RELIABLE,RELIABLE,RELIABLE,RELIABLE,RELIABLE,STATIONARY,STATIONARY,STATIONARY,STATIONARY,STATIONARY,STATIONARY,MOVING,MOVING,MOVING
29942,878,1,STILL,0.11995171,0.00118302,0.00986249,0.00500051,0.00553809,0.00562471,0.00805511,0.00758149,0.00985704,0.02758034,0.01713088,RELIABLE,RELIABLE,RELIABLE,RELIABLE,RELIABLE,RELIABLE,RELIABLE,RELIABLE,STATIONARY,STATIONARY,STATIONARY,STATIONARY,STATIONARY,STATIONARY,MOVING,MOVING,MOVING
29983,879,1,STILL,0.12064579,0.00116612,0.00966569,0.00554459,0.00681002,0.00663953,0.00898913,0.00821818,0.00979507,0.03017741,0.01754768,RELIABLE,RELIABLE,RELIABLE,RELIABLE,RELIABLE,RELIABLE,RELIABLE,RELIABLE,STATIONARY,STATIONARY,STATIONARY,STATIONARY,STATIONARY,STATIONARY,MOVING,MOVING,MOVING
30021,880,1,STILL,0.12099283,0.00058306,0.00481898,0.00544463,0.00665613,0.00676632,0.00820790,0.00800111,0.00916616,0.02949013,0.01697545,RELIABLE,RELIABLE,RELIABLE,RELIABLE,RELIABLE,RELIABLE,RELIABLE,RELIABLE,STATIONARY,STATIONARY,STATIONARY,STATIONARY,STATIONARY,STATIONARY,MOVING,MOVING,MOVING
30053,881,1,STILL,0.12092284,0.00058625,0.00484816,0.00573222,0.00723329,0.00785714,0.00786100,0.00779750,0.00874793,0.02859388,0.01636391,RELIABLE,RELIABLE,RELIABLE,RELIABLE,RELIABLE,RELIABLE,RELIABLE,RELIABLE,STATIONARY,STATIONARY,STATIONARY,STATIONARY,STATIONARY,STATIONARY,MOVING,MOVING,MOVING
30085,882,1,STILL,0.12068569,0.00156166,0.01293987,0.00719013,0.00877639,0.00901968,0.00844010,0.00807180,0.01003234,0.03223327,0.01812631,RELIABLE,RELIABLE,RELIABLE,RELIABLE,RELIABLE,RELIABLE,RELIABLE,RELIABLE,STATIONARY,STATIONARY,STATIONARY,STATIONARY,STATIONARY,STATIONARY,MOVING,MOVING,MOVING
30116,883,1,STILL,0.12111892,0.00070000,0.00577943,0.00735769,0.00976065,0.00961879,0.00831438,0.00762608,0.00997428,0.03203694,0.02038453,RELIABLE,RELIABLE,RELIABLE,RELIABLE,RELIABLE,RELIABLE,RELIABLE,RELIABLE,STATIONARY,STATIONARY,STATIONARY,STATIONARY,STATIONARY,STATIONARY,MOVING,MOVING,MOVING
30146,884,1,STILL,0.12133560,0.00035000,0.00288455,0.00695959,0.00929120,0.00917502,0.00739182,0.00655290,0.00802852,0.02971948,0.01933412,RELIABLE,RELIABLE,RELIABLE,RELIABLE,RELIABLE,RELIABLE,RELIABLE,RELIABLE,STATIONARY,STATIONARY,STATIONARY,STATIONARY,STATIONARY,STATIONARY,MOVING,MOVING,MOVING
30178,885,1,STILL,0.12154669,0.00158937,0.01307624,0.00798443,0.01063293,0.01027259,0.00869422,0.00659268,0.00885817,0.02890653,0.02014737,RELIABLE,RELIABLE,RELIABLE,RELIABLE,RELIABLE,RELIABLE,RELIABLE,RELIABLE,STATIONARY,STATIONARY,STATIONARY,STATIONARY,STATIONARY,STATIONARY,MOVING,MOVING,MOVING
30210,886,1,STILL,0.12104523,0.00062859,0.00519301,0.00740074,0.00940668,0.00948057,0.00840727,0.00711395,0.00953122,0.03030925,0.02100477,RELIABLE,RELIABLE,RELIABLE,RELIABLE,RELIABLE,RELIABLE,RELIABLE,RELIABLE,STATIONARY,STATIONARY,STATIONARY,STATIONARY,STATIONARY,STATIONARY,MOVING,MOVING,MOVING
30242,887,1,STILL,0.12142664,0.00063110,0.00519736,0.00684220,0.00888492,0.00894053,0.00755506,0.00613804,0.00911783,0.02581681,0.01912636,RELIABLE,RELIABLE,RELIABLE,RELIABLE,RELIABLE,RELIABLE,RELIABLE,RELIABLE,STATIONARY,STATIONARY,STATIONARY,STATIONARY,STATIONARY,STATIONARY,MOVING,MOVING,MOVING
30274,888,1,STILL,0.12169355,0.00107058,0.00879732,0.00733949,0.00976886,0.00933938,0.00781488,0.00738433,0.00934927,0.02561568,0.01883111,RELIABLE,RELIABLE,RELIABLE,RELIABLE,RELIABLE,RELIABLE,RELIABLE,RELIABLE,STATIONARY,STATIONARY,STATIONARY,STATIONARY,STATIONARY,STATIONARY,MOVING,MOVING,MOVING
30318,889,1,STILL,0.12164868,0.00087668,0.00720663,0.00763430,0.01051129,0.00948241,0.00843209,0.00773632,0.00933831,0.02580195,0.01891358,RELIABLE,RELIABLE,RELIABLE,RELIABLE,RELIABLE,RELIABLE,RELIABLE,RELIABLE,STATIONARY,STATIONARY,STATIONARY,STATIONARY,STATIONARY,STATIONARY,MOVING,MOVING,MOVING
30352,890,1,STILL,0.12162782,0.00043834,0.00360393,0.00646731,0.00962750,0.00893647,0.00798729,0.00753527,0.00783828,0.02180467,0.01688412,RELIABLE,RELIABLE,RELIABLE,RELIABLE,RELIABLE,RELIABLE,RELIABLE,RELIABLE,STATIONARY,STATIONARY,STATIONARY,STATIONARY,STATIONARY,STATIONARY,MOVING,MOVING,MOVING
30383,891,1,STILL,0.12063045,0.00138175,0.01145441,0.00717668,0.01089060,0.01016773,0.00792885,0.00756315,0.00832475,0.02176454,0.01535675,RELIABLE,RELIABLE,RELIABLE,RELIABLE,RELIABLE,RELIABLE,RELIABLE,RELIABLE,STATIONARY,STATIONARY,STATIONARY,STATIONARY,STATIONARY,STATIONARY,MOVING,MOVING,MOVING
30413,892,1,STILL,0.12046548,0.00140423,0.01165670,0.00827320,0.01192738,0.01089845,0.00785780,0.00872695,0.00924144,0.02363732,0.01578709,RELIABLE,RELIABLE,RELIABLE,RELIABLE,RELIABLE,RELIABLE,RELIABLE,RELIABLE,STATIONARY,STATIONARY,STATIONARY,STATIONARY,STATIONARY,STATIONARY,MOVING,MOVING,MOVING
30445,893,1,STILL,0.12056047,0.00100989,0.00837663,0.00768575,0.01152425,0.01035398,0.00650218,0.00916473,0.00843025,0.02127095,0.01412744,RELIABLE,RELIABLE,RELIABLE,RELIABLE,RELIABLE,RELIABLE,RELIABLE,RELIABLE,STATIONARY,STATIONARY,STATIONARY,STATIONARY,STATIONARY,STATIONARY,MOVING,MOVING,MOVING
30478,894,1,STILL,0.12134233,0.00061759,0.00508967,0.00767283,0.01189650,0.01032791,0.00743486,0.00918840,0.00766037,0.01942838,0.01289071,RELIABLE,RELIABLE,RELIABLE,RELIABLE,RELIABLE,RELIABLE,RELIABLE,RELIABLE,STATIONARY,STATIONARY,STATIONARY,STATIONARY,STATIONARY,STATIONARY,MOVING,MOVING,MOVING
30509,895,1,STILL,0.12173571,0.00030880,0.00253661,0.00734024,0.01119990,0.00948794,0.00743080,0.00955200,0.00726689,0.01914798,0.01158823,RELIABLE,RELIABLE,RELIABLE,RELIABLE,RELIABLE,RELIABLE,RELIABLE,RELIABLE,STATIONARY,STATIONARY,STATIONARY,STATIONARY,STATIONARY,STATIONARY,MOVING,MOVING,MOVING
30540,896,1,STILL,0.12190033,0.00073217,0.00600632,0.00699136,0.01052205,0.00960879,0.00726953,0.00837162,0.00796134,0.01788239,0.01392174,RELIABLE,RELIABLE,RELIABLE,RELIABLE,RELIABLE,RELIABLE,RELIABLE,RELIABLE,STATIONARY,STATIONARY,STATIONARY,STATIONARY,STATIONARY,STATIONARY,MOVING,MOVING,MOVING
30572,897,1,STILL,0.12120242,0.00061431,0.00506849,0.00672410,0.00974681,0.00915109,0.00689676,0.00889269,0.00861030,0.02093326,0.01286865,RELIABLE,RELIABLE,RELIABLE,RELIABLE,RELIABLE,RELIABLE,RELIABLE,RELIABLE,STATIONARY,STATIONARY,STATIONARY,STATIONARY,STATIONARY,STATIONARY,MOVING,MOVING,MOVING
30606,898,1,STILL,0.12153524,0.00094306,0.00775958,0.00724355,0.01049103,0.01008146,0.00753091,0.00902197,0.00976317,0.02215438,0.02078033,RELIABLE,RELIABLE,RELIABLE,RELIABLE,RELIABLE,RELIABLE,RELIABLE,RELIABLE,STATIONARY,STATIONARY,STATIONARY,STATIONARY,STATIONARY,STATIONARY,MOVING,MOVING,MOVING
30636,899,1,STILL,0.12170166,0.00047153,0.00387448,0.00629606,0.00899012,0.00876133,0.00707372,0.00821314,0.00872882,0.02118125,0.02321984,RELIABLE,RELIABLE,RELIABLE,RELIABLE,RELIABLE,RELIABLE,RELIABLE,RELIABLE,STATIONARY,STATIONARY,STATIONARY,STATIONARY,STATIONARY,STATIONARY,MOVING,MOVING,MOVING
30667,900,1,STILL,0.12122811,0.00084543,0.00697391,0.00571071,0.00892199,0.00921666,0.00763980,0.00764307,0.00774925,0.02232143,0.02362567,RELIABLE,RELIABLE,RELIABLE,RELIABLE,RELIABLE,RELIABLE,RELIABLE,RELIABLE,STATIONARY,STATIONARY,STATIONARY,STATIONARY,STATIONARY,STATIONARY,MOVING,MOVING,MOVING
30698,901,1,STILL,0.12077344,0.00071123,0.00588900,0.00539976,0.00812560,0.00857583,0.00746977,0.00755078,0.00969869,0.02888087,0.02918913,RELIABLE,RELIABLE,RELIABLE,RELIABLE,RELIABLE,RELIABLE,RELIABLE,RELIABLE,STATIONARY,STATIONARY,STATIONARY,STATIONARY,STATIONARY,STATIONARY,MOVING,MOVING,MOVING
30734,902,1,STILL,0.12062400,0.00123954,0.01027609,0.00604806,0.00931882,0.01028702,0.00624780,0.00677268,0.01007229,0.02944630,0.03029370,RELIABLE,RELIABLE,RELIABLE,RELIABLE,RELIABLE,RELIABLE,RELIABLE,RELIABLE,STATIONARY,STATIONARY,STATIONARY,STATIONARY,STATIONARY,STATIONARY,MOVING,MOVING,MOVING
30777,903,1,STILL,0.12060951,0.00075417,0.00625295,0.00651260,0.00952501,0.01137549,0.00594495,0.00706671,0.01017237,0.03016784,0.03028587,RELIABLE,RELIABLE,RELIABLE,RELIABLE,RELIABLE,RELIABLE,RELIABLE,RELIABLE,STATIONARY,STATIONARY,STATIONARY,STATIONARY,STATIONARY,STATIONARY,MOVING,MOVING,MOVING
30814,904,1,STILL,0.12108265,0.00053953,0.00445589,0.00631880,0.00922537,0.01049591,0.00575508,0.00870972,0.00940132,0.03168391,0.02969748,RELIABLE,RELIABLE,RELIABLE,RELIABLE,RELIABLE,RELIABLE,RELIABLE,RELIABLE,STATIONARY,STATIONARY,STATIONARY,STATIONARY,STATIONARY,STATIONARY,MOVING,MOVING,MOVING
30855,905,1,STILL,0.12131948,0.00026977,0.00222360,0.00596319,0.00843374,0.00951095,0.00539867,0.00829448,0.00859620,0.02802988,0.03053431,RELIABLE,RELIABLE,RELIABLE,RELIABLE,RELIABLE,RELIABLE,RELIABLE,RELIABLE,STATIONARY,STATIONARY,STATIONARY,STATIONARY,STATIONARY,STATIONARY,MOVING,MOVING,MOVING
30886,906,1,STILL,0.12143830,0.00096762,0.00796801,0.00598924,0.00715468,0.00832904,0.00513787,0.00888579,0.00896235,0.02790682,0.02543148,RELIABLE,RELIABLE,RELIABLE,RELIABLE,RELIABLE,RELIABLE,RELIABLE,RELIABLE,STATIONARY,STATIONARY,STATIONARY,STATIONARY,STATIONARY,STATIONARY,MOVING,MOVING,MOVING
30918,907,1,STILL,0.12166812,0.00116782,0.00959841,0.00670473,0.00803851,0.00887746,0.00528219,0.00942977,0.00928845,0.02778885,0.02286523,RELIABLE,RELIABLE,RELIABLE,RELIABLE,RELIABLE,RELIABLE,RELIABLE,RELIABLE,STATIONARY,STATIONARY,STATIONARY,STATIONARY,STATIONARY,STATIONARY,MOVING,MOVING,MOVING
30949,908,1,STILL,0.12139752,0.00143631,0.01183143,0.00731192,0.00829792,0.00874932,0.00567191,0.00938525,0.01061554,0.02601059,0.02465916,RELIABLE,RELIABLE,RELIABLE,RELIABLE,RELIABLE,RELIABLE,RELIABLE,RELIABLE,STATIONARY,STATIONARY,STATIONARY,STATIONARY,STATIONARY,STATIONARY,MOVING,MOVING,MOVING
30980,909,1,STILL,0.12047842,0.00075859,0.00629645,0.00736285,0.00807907,0.00824957,0.00621544,0.01099679,0.00918989,0.01750913,0.02021805,RELIABLE,RELIABLE,RELIABLE,RELIABLE,RELIABLE,RELIABLE,RELIABLE,RELIABLE,STATIONARY,STATIONARY,STATIONARY,STATIONARY,STATIONARY,STATIONARY,MOVING,MOVING,MOVING
31011,910,1,STILL,0.12002411,0.00037929,0.00316014,0.00647336,0.00669539,0.00645180,0.00619664,0.01180886,0.00872719,0.01689120,0.01909606,RELIABLE,RELIABLE,RELIABLE,RELIABLE,RELIABLE,RELIABLE,RELIABLE,RELIABLE,STATIONARY,STATIONARY,STATIONARY,STATIONARY,STATIONARY,STATIONARY,MOVING,MOVING,MOVING
31043,911,1,STILL,0.11992343,0.00085596,0.00713757,0.00658394,0.00750319,0.00612725,0.00706261,0.01236555,0.00953929,0.01778201,0.02157848,RELIABLE,RELIABLE,RELIABLE,RELIABLE,RELIABLE,RELIABLE,RELIABLE,RELIABLE,STATIONARY,STATIONARY,STATIONARY,STATIONARY,STATIONARY,STATIONARY,MOVING,MOVING,MOVING
31074,912,1,STILL,0.12042489,0.00048700,0.00404398,0.00653245,0.00782973,0.00649127,0.00692811,0.01113397,0.01020012,0.01628965,0.02109916,RELIABLE,RELIABLE,RELIABLE,RELIABLE,RELIABLE,RELIABLE,RELIABLE,RELIABLE,STATIONARY,STATIONARY,STATIONARY,STATIONARY,STATIONARY,STATIONARY,MOVING,MOVING,MOVING
31106,913,1,STILL,0.12073980,0.00139197,0.01152871,0.00769559,0.00972098,0.00832305,0.00692362,0.01110229,0.01118548,0.01656981,0.02173107,RELIABLE,RELIABLE,RELIABLE,RELIABLE,RELIABLE,RELIABLE,RELIABLE,RELIABLE,STATIONARY,STATIONARY,STATIONARY,STATIONARY,STATIONARY,STATIONARY,MOVING,MOVING,MOVING
31150,914,1,STILL,0.12132623,0.00100067,0.00824779,0.00773056,0.01068379,0.00913708,0.00680006,0.01062240,0.01031208,0.01647810,0.01952731,RELIABLE,RELIABLE,RELIABLE,RELIABLE,RELIABLE,RELIABLE,RELIABLE,RELIABLE,STATIONARY,STATIONARY,STATIONARY,STATIONARY,STATIONARY,STATIONARY,MOVING,MOVING,MOVING
31183,915,1,STILL,0.12025658,0.00060046,0.00499314,0.00715490,0.01033166,0.00864201,0.00722633,0.01111464,0.01130826,0.01895636,0.02281870,RELIABLE,RELIABLE,RELIABLE,RELIABLE,RELIABLE,RELIABLE,RELIABLE,RELIABLE,STATIONARY,STATIONARY,STATIONARY,STATIONARY,STATIONARY,STATIONARY,MOVING,MOVING,MOVING
31213,916,1,STILL,0.11972235,0.00030023,0.00250771,0.00598944,0.00925459,0.00756927,0.00637264,0.01069710,0.01043692,0.01840487,0.02102185,RELIABLE,RELIABLE,RELIABLE,RELIABLE,RELIABLE,RELIABLE,RELIABLE,RELIABLE,STATIONARY,STATIONARY,STATIONARY,STATIONARY,STATIONARY,STATIONARY,MOVING,MOVING,MOVING
31245,917,1,STILL,0.12067296,0.00133712,0.01108052,0.00658745,0.01015842,0.00870884,0.00758634,0.00907711,0.01000626,0.02138702,0.02120453,RELIABLE,RELIABLE,RELIABLE,RELIABLE,RELIABLE,RELIABLE,RELIABLE,RELIABLE,STATIONARY,STATIONARY,STATIONARY,STATIONARY,STATIONARY,STATIONARY,MOVING,MOVING,MOVING
31277,918,1,STILL,0.12112186,0.00117519,0.00970257,0.00740525,0.01201289,0.00976426,0.00829988,0.00978864,0.01233981,0.02444072,0.02590857,RELIABLE,RELIABLE,RELIABLE,RELIABLE,RELIABLE,RELIABLE,RELIABLE,RELIABLE,STATIONARY,STATIONARY,STATIONARY,STATIONARY,STATIONARY,STATIONARY,MOVING,MOVING,MOVING
31310,919,1,STILL,0.12069121,0.00124568,0.01032122,0.00780321,0.01309469,0.01097965,0.00791037,0.00888188,0.01186497,0.02357444,0.02564319,RELIABLE,RELIABLE,RELIABLE,RELIABLE,RELIABLE,RELIABLE,RELIABLE,RELIABLE,STATIONARY,STATIONARY,STATIONARY,STATIONARY,STATIONARY,STATIONARY,MOVING,MOVING,MOVING
31341,920,1,STILL,0.12047600,0.00062284,0.00516983,0.00794394,0.01330474,0.01127938,0.00779822,0.00807276,0.01086709,0.02301377,0.02419472,RELIABLE,RELIABLE,RELIABLE,RELIABLE,RELIABLE,RELIABLE,RELIABLE,RELIABLE,STATIONARY,MOVING,STATIONARY,STATIONARY,STATIONARY,STATIONARY,MOVING,MOVING,MOVING
31372,921,1,STILL,0.12000333,0.00056660,0.00472151,0.00709304,0.01192294,0.01045497,0.00842007,0.00818609,0.01039684,0.02425983,0.02401587,RELIABLE,RELIABLE,RELIABLE,RELIABLE,RELIABLE,RELIABLE,RELIABLE,RELIABLE,STATIONARY,MOVING,STATIONARY,STATIONARY,STATIONARY,STATIONARY,MOVING,MOVING,MOVING
31404,922,1,STILL,0.12025322,0.00039784,0.00330835,0.00647561,0.01072821,0.00923239,0.00834801,0.00828824,0.01025531,0.02303204,0.02432492,RELIABLE,RELIABLE,RELIABLE,RELIABLE,RELIABLE,RELIABLE,RELIABLE,RELIABLE,STATIONARY,MOVING,STATIONARY,STATIONARY,STATIONARY,STATIONARY,MOVING,MOVING,MOVING
31438,923,1,STILL,0.12022976,0.00067923,0.00564942,0.00655764,0.01008305,0.00927768,0.00766208,0.00804566,0.00865187,0.02159879,0.02199032,RELIABLE,RELIABLE,RELIABLE,RELIABLE,RELIABLE,RELIABLE,RELIABLE,RELIABLE,STATIONARY,MOVING,STATIONARY,STATIONARY,STATIONARY,STATIONARY,MOVING,MOVING,MOVING
31466,924,1,STILL,0.12021804,0.00033961,0.00282498,0.00659730,0.00975744,0.00929829,0.00731655,0.00792138,0.00784564,0.02087451,0.02081167,RELIABLE,RELIABLE,RELIABLE,RELIABLE,RELIABLE,RELIABLE,RELIABLE,RELIABLE,STATIONARY,MOVING,STATIONARY,STATIONARY,STATIONARY,STATIONARY,MOVING,MOVING,MOVING
31519,925,1,STILL,0.12033453,0.00042568,0.00353749,0.00565442,0.00878847,0.00834262,0.00595462,0.00802194,0.00740873,0.01665285,0.01907798,RELIABLE,RELIABLE,RELIABLE,RELIABLE,RELIABLE,RELIABLE,RELIABLE,RELIABLE,STATIONARY,MOVING,STATIONARY,STATIONARY,STATIONARY,STATIONARY,MOVING,MOVING,MOVING
31561,926,1,STILL,0.12039346,0.00021284,0.00176788,0.00466258,0.00689964,0.00737772,0.00516500,0.00654524,0.00463830,0.01297191,0.01359378,RELIABLE,RELIABLE,RELIABLE,RELIABLE,RELIABLE,RELIABLE,RELIABLE,RELIABLE,STATIONARY,MOVING,STATIONARY,STATIONARY,STATIONARY,STATIONARY,MOVING,MOVING,MOVING
31592,927,1,STILL,0.12071229,0.00035579,0.00294744,0.00374086,0.00553266,0.00623874,0.00548056,0.00702819,0.00450500,0.01292892,0.01229997,RELIABLE,RELIABLE,RELIABLE,RELIABLE,RELIABLE,RELIABLE,RELIABLE,RELIABLE,STATIONARY,MOVING,STATIONARY,STATIONARY,STATIONARY,STATIONARY,MOVING,MOVING,MOVING
31624,928,1,STILL,0.12057795,0.00067469,0.00559546,0.00379406,0.00572077,0.00639542,0.00619092,0.00729969,0.00454727,0.01472335,0.01257387,RELIABLE,RELIABLE,RELIABLE,RELIABLE,RELIABLE,RELIABLE,RELIABLE,RELIABLE,STATIONARY,MOVING,STATIONARY,STATIONARY,STATIONARY,STATIONARY,MOVING,MOVING,MOVING
31656,929,1,STILL,0.12037274,0.00080865,0.00671785,0.00404361,0.00609807,0.00630230,0.00612679,0.00698471,0.00510742,0.01611909,0.01263071,RELIABLE,RELIABLE,RELIABLE,RELIABLE,RELIABLE,RELIABLE,RELIABLE,RELIABLE,STATIONARY,MOVING,STATIONARY,STATIONARY,STATIONARY,STATIONARY,MOVING,MOVING,MOVING
31686,930,1,STILL,0.12027337,0.00040432,0.00336170,0.00405028,0.00652510,0.00669852,0.00586139,0.00657839,0.00506345,0.01750158,0.01186413,RELIABLE,RELIABLE,RELIABLE,RELIABLE,RELIABLE,RELIABLE,RELIABLE,RELIABLE,STATIONARY,MOVING,STATIONARY,STATIONARY,STATIONARY,STATIONARY,MOVING,MOVING,MOVING
31717,931,1,STILL,0.12013728,0.00061656,0.00513213,0.00398562,0.00657524,0.00628267,0.00596186,0.00661375,0.00609194,0.01883657,0.01016932,RELIABLE,RELIABLE,RELIABLE,RELIABLE,RELIABLE,RELIABLE,RELIABLE,RELIABLE,STATIONARY,MOVING,STATIONARY,STATIONARY,STATIONARY,STATIONARY,MOVING,MOVING,MOVING
31748,932,1,STILL,0.12091999,0.00107334,0.00887643,0.00474205,0.00742482,0.00634870,0.00656826,0.00703473,0.00644957,0.02329625,0.01010818,RELIABLE,RELIABLE,RELIABLE,RELIABLE,RELIABLE,RELIABLE,RELIABLE,RELIABLE,STATIONARY,MOVING,STATIONARY,STATIONARY,STATIONARY,STATIONARY,MOVING,MOVING,MOVING
31780,933,1,STILL,0.12097333,0.00056592,0.00467808,0.00488462,0.00717717,0.00612840,0.00711940,0.00671395,0.00804251,0.02477058,0.01241164,RELIABLE,RELIABLE,RELIABLE,RELIABLE,RELIABLE,RELIABLE,RELIABLE,RELIABLE,STATIONARY,MOVING,STATIONARY,STATIONARY,STATIONARY,STATIONARY,MOVING,MOVING,MOVING
31812,934,1,STILL,0.12056539,0.00051500,0.00427151,0.00519757,0.00740872,0.00657722,0.00794959,0.00785764,0.00890719,0.02534678,0.01432996,RELIABLE,RELIABLE,RELIABLE,RELIABLE,RELIABLE,RELIABLE,RELIABLE,RELIABLE,STATIONARY,MOVING,STATIONARY,STATIONARY,STATIONARY,STATIONARY,MOVING,MOVING,MOVING
31843,935,1,STILL,0.12036196,0.00025750,0.00213936,0.00509656,0.00668480,0.00596465,0.00722089,0.00764061,0.00877491,0.02459648,0.01397881,RELIABLE,RELIABLE,RELIABLE,RELIABLE,RELIABLE,RELIABLE,RELIABLE,RELIABLE,STATIONARY,MOVING,STATIONARY,STATIONARY,STATIONARY,STATIONARY,MOVING,MOVING,MOVING
31874,936,1,STILL,0.12029837,0.00174124,0.01447435,0.00620643,0.00785834,0.00619520,0.00708679,0.00852303,0.00903039,0.02372546,0.01408479,RELIABLE,RELIABLE,RELIABLE,RELIABLE,RELIABLE,RELIABLE,RELIABLE,RELIABLE,STATIONARY,MOVING,STATIONARY,STATIONARY,STATIONARY,STATIONARY,MOVING,MOVING,MOVING
31906,937,1,STILL,0.12034133,0.00074531,0.00619326,0.00614085,0.00800558,0.00559169,0.00778045,0.00872035,0.00840462,0.02478046,0.01455884,RELIABLE,RELIABLE,RELIABLE,RELIABLE,RELIABLE,RELIABLE,RELIABLE,RELIABLE,STATIONARY,MOVING,STATIONARY,STATIONARY,STATIONARY,STATIONARY,MOVING,MOVING,MOVING
31936,938,1,STILL,0.12078214,0.00068534,0.00567422,0.00642992,0.00829940,0.00551097,0.00800047,0.00938978,0.00818927,0.02438234,0.01555987,RELIABLE,RELIABLE,RELIABLE,RELIABLE,RELIABLE,RELIABLE,RELIABLE,RELIABLE,STATIONARY,MOVING,STATIONARY,STATIONARY,STATIONARY,STATIONARY,MOVING,MOVING,MOVING
31968,939,1,STILL,0.12036660,0.00051896,0.00431146,0.00632733,0.00844688,0.00613184,0.00836058,0.00955942,0.00726890,0.02247690,0.01649954,RELIABLE,RELIABLE,RELIABLE,RELIABLE,RELIABLE,RELIABLE,RELIABLE,RELIABLE,STATIONARY,MOVING,STATIONARY,STATIONARY,STATIONARY,STATIONARY,MOVING,MOVING,MOVING
32015,940,1,STILL,0.12098909,0.00064093,0.00529744,0.00587996,0.00803228,0.00641718,0.00827016,0.00914810,0.00753891,0.01893873,0.01689848,RELIABLE,RELIABLE,RELIABLE,RELIABLE,RELIABLE,RELIABLE,RELIABLE,RELIABLE,STATIONARY,MOVING,STATIONARY,STATIONARY,STATIONARY,STATIONARY,MOVING,MOVING,MOVING
32048,941,1,STILL,0.12130858,0.00032047,0.00264175,0.00562542,0.00789924,0.00622712,0.00730926,0.00854338,0.00568889,0.01603445,0.01466609,RELIABLE,RELIABLE,RELIABLE,RELIABLE,RELIABLE,RELIABLE,RELIABLE,RELIABLE,STATIONARY,MOVING,STATIONARY,STATIONARY,STATIONARY,STATIONARY,MOVING,MOVING,MOVING
32080,942,1,STILL,0.12129320,0.00044383,0.00365912,0.00554887,0.00768723,0.00606796,0.00736860,0.00798998,0.00546994,0.01593088,0.01339085,RELIABLE,RELIABLE,RELIABLE,RELIABLE,RELIABLE,RELIABLE,RELIABLE,RELIABLE,STATIONARY,MOVING,STATIONARY,STATIONARY,STATIONARY,STATIONARY,MOVING,MOVING,MOVING
32112,943,1,STILL,0.12155065,0.00059461,0.00489184,0.00589293,0.00810214,0.00637943,0.00740382,0.00759821,0.00574264,0.01791455,0.01369602,RELIABLE,RELIABLE,RELIABLE,RELIABLE,RELIABLE,RELIABLE,RELIABLE,RELIABLE,STATIONARY,MOVING,STATIONARY,STATIONARY,STATIONARY,STATIONARY,MOVING,MOVING,MOVING
32144,944,1,STILL,0.12107872,0.00035433,0.00292647,0.00444945,0.00581440,0.00532025,0.00722851,0.00728666,0.00585716,0.01808583,0.01548837,RELIABLE,RELIABLE,RELIABLE,RELIABLE,RELIABLE,RELIABLE,RELIABLE,RELIABLE,STATIONARY,MOVING,STATIONARY,STATIONARY,STATIONARY,STATIONARY,MOVING,MOVING,MOVING
32175,945,1,STILL,0.12084369,0.00017717,0.00146608,0.00385855,0.00458659,0.00500621,0.00606042,0.00672692,0.00544685,0.01363440,0.01463336,RELIABLE,RELIABLE,RELIABLE,RELIABLE,RELIABLE,RELIABLE,RELIABLE,RELIABLE,STATIONARY,MOVING,STATIONARY,STATIONARY,STATIONARY,STATIONARY,MOVING,MOVING,MOVING
32206,946,1,STILL,0.12165150,0.00074091,0.00609044,0.00391058,0.00474603,0.00550346,0.00618872,0.00679253,0.00615607,0.01389962,0.01477791,RELIABLE,RELIABLE,RELIABLE,RELIABLE,RELIABLE,RELIABLE,RELIABLE,RELIABLE,STATIONARY,MOVING,STATIONARY,STATIONARY,STATIONARY,STATIONARY,MOVING,MOVING,MOVING
32238,947,1,STILL,0.12183894,0.00050669,0.00415866,0.00389148,0.00512095,0.00531151,0.00659927,0.00607881,0.00662359,0.01431077,0.01398211,RELIABLE,RELIABLE,RELIABLE,RELIABLE,RELIABLE,RELIABLE,RELIABLE,RELIABLE,STATIONARY,MOVING,STATIONARY,STATIONARY,STATIONARY,STATIONARY,MOVING,MOVING,MOVING
32270,948,1,STILL,0.12125265,0.00070915,0.00584849,0.00396036,0.00541375,0.00495434,0.00682050,0.00609148,0.00659088,0.01544539,0.01361078,RELIABLE,RELIABLE,RELIABLE,RELIABLE,RELIABLE,RELIABLE,RELIABLE,RELIABLE,STATIONARY,MOVING,STATIONARY,STATIONARY,STATIONARY,STATIONARY,MOVING,MOVING,MOVING
32303,949,1,STILL,0.12133839,0.00085711,0.00706378,0.00451311,0.00693965,0.00717739,0.00748739,0.00715829,0.00803895,0.01928668,0.01545998,RELIABLE,RELIABLE,RELIABLE,RELIABLE,RELIABLE,RELIABLE,RELIABLE,RELIABLE,STATIONARY,MOVING,STATIONARY,STATIONARY,STATIONARY,STATIONARY,MOVING,MOVING,MOVING
32350,950,1,STILL,0.12245996,0.00085826,0.00700851,0.00493178,0.00808444,0.00860939,0.00715897,0.00812777,0.00778692,0.02000968,0.01660772,RELIABLE,RELIABLE,RELIABLE,RELIABLE,RELIABLE,RELIABLE,RELIABLE,RELIABLE,STATIONARY,MOVING,STATIONARY,STATIONARY,STATIONARY,STATIONARY,MOVING,MOVING,MOVING
32379,951,1,STILL,0.12302075,0.00042913,0.00348828,0.00475634,0.00813185,0.00892874,0.00698601,0.00872116,0.00727605,0.01832876,0.01623184,RELIABLE,RELIABLE,RELIABLE,RELIABLE,RELIABLE,RELIABLE,RELIABLE,RELIABLE,STATIONARY,MOVING,STATIONARY,STATIONARY,STATIONARY,STATIONARY,MOVING,MOVING,MOVING
32410,952,1,STILL,0.12293014,0.00070457,0.00573149,0.00510697,0.00883514,0.01000789,0.00692109,0.00898044,0.00767278,0.02217157,0.01474200,RELIABLE,RELIABLE,RELIABLE,RELIABLE,RELIABLE,RELIABLE,RELIABLE,RELIABLE,STATIONARY,MOVING,STATIONARY,STATIONARY,STATIONARY,STATIONARY,MOVING,MOVING,MOVING
32442,953,1,STILL,0.12186067,0.00089951,0.00738144,0.00584639,0.01120527,0.01233100,0.00885994,0.01031169,0.00817412,0.02299790,0.01417014,RELIABLE,RELIABLE,RELIABLE,RELIABLE,RELIABLE,RELIABLE,RELIABLE,RELIABLE,STATIONARY,MOVING,STATIONARY,STATIONARY,STATIONARY,STATIONARY,MOVING,MOVING,MOVING
32478,954,1,STILL,0.12245356,0.00052830,0.00431425,0.00562436,0.01029443,0.01170827,0.01025968,0.01085296,0.00925973,0.02361050,0.01560089,RELIABLE,RELIABLE,RELIABLE,RELIABLE,RELIABLE,RELIABLE,RELIABLE,RELIABLE,STATIONARY,MOVING,STATIONARY,STATIONARY,STATIONARY,STATIONARY,MOVING,MOVING,MOVING
32519,955,1,STILL,0.12294530,0.00121277,0.00986434,0.00633757,0.01154418,0.01280337,0.01025083,0.01097325,0.00936865,0.02402742,0.01623756,RELIABLE,RELIABLE,RELIABLE,RELIABLE,RELIABLE,RELIABLE,RELIABLE,RELIABLE,STATIONARY,MOVING,STATIONARY,STATIONARY,STATIONARY,STATIONARY,MOVING,MOVING,MOVING
32551,956,1,STILL,0.12319511,0.00060639,0.00492217,0.00622178,0.01172491,0.01336110,0.00994338,0.01075589,0.00911485,0.02209767,0.01581189,RELIABLE,RELIABLE,RELIABLE,RELIABLE,RELIABLE,RELIABLE,RELIABLE,RELIABLE,STATIONARY,MOVING,STATIONARY,STATIONARY,STATIONARY,STATIONARY,MOVING,MOVING,MOVING
32582,957,1,STILL,0.12381723,0.00085029,0.00686727,0.00619722,0.01107597,0.01255783,0.01030698,0.01020432,0.00848195,0.02483304,0.01520186,RELIABLE,RELIABLE,RELIABLE,RELIABLE,RELIABLE,RELIABLE,RELIABLE,RELIABLE,STATIONARY,MOVING,MOVING,STATIONARY,STATIONARY,STATIONARY,MOVING,MOVING,MOVING
32614,958,1,STILL,0.12437767,0.00191020,0.01535804,0.00724091,0.01405561,0.01561075,0.01181622,0.00963589,0.00956504,0.02674857,0.01568675,RELIABLE,RELIABLE,RELIABLE,RELIABLE,RELIABLE,RELIABLE,RELIABLE,RELIABLE,STATIONARY,MOVING,MOVING,STATIONARY,STATIONARY,STATIONARY,MOVING,MOVING,MOVING
32645,959,1,STILL,0.12546790,0.00131025,0.01044290,0.00811024,0.01617937,0.01734911,0.01380675,0.01013071,0.01199440,0.02956514,0.01885112,RELIABLE,RELIABLE,RELIABLE,RELIABLE,RELIABLE,RELIABLE,RELIABLE,RELIABLE,STATIONARY,MOVING,MOVING,STATIONARY,STATIONARY,STATIONARY,MOVING,MOVING,MOVING
32676,960,1,STILL,0.12601482,0.00065512,0.00519879,0.00804365,0.01664133,0.01724272,0.01418427,0.00950627,0.01214137,0.02578045,0.01888135,RELIABLE,RELIABLE,RELIABLE,RELIABLE,RELIABLE,RELIABLE,RELIABLE,RELIABLE,STATIONARY,MOVING,MOVING,STATIONARY,STATIONARY,STATIONARY,MOVING,MOVING,MOVING
32718,961,1,STILL,0.12626242,0.00251314,0.01990413,0.00960899,0.01876217,0.01924072,0.01609580,0.00966444,0.01295920,0.02470002,0.01970519,RELIABLE,RELIABLE,RELIABLE,RELIABLE,RELIABLE,RELIABLE,RELIABLE,RELIABLE,STATIONARY,MOVING,MOVING,MOVING,STATIONARY,STATIONARY,MOVING,MOVING,MOVING
32756,962,1,STILL,0.12641232,0.00125657,0.00994027,0.01031224,0.02092170,0.02114555,0.01603278,0.00895002,0.01151964,0.02239280,0.01706228,RELIABLE,RELIABLE,RELIABLE,RELIABLE,RELIABLE,RELIABLE,RELIABLE,RELIABLE,STATIONARY,MOVING,MOVING,MOVING,STATIONARY,STATIONARY,MOVING,MOVING,MOVING
32788,963,1,STILL,0.12750636,0.00216261,0.01696077,0.01119929,0.02125932,0.02222753,0.01879655,0.01061771,0.01378090,0.02378274,0.02003065,RELIABLE,RELIABLE,RELIABLE,RELIABLE,RELIABLE,RELIABLE,RELIABLE,RELIABLE,STATIONARY,MOVING,MOVING,MOVING,STATIONARY,STATIONARY,MOVING,MOVING,MOVING
32819,964,1,STILL,0.12728664,0.00158703,0.01246815,0.01214254,0.02234633,0.02377016,0.02068515,0.01147769,0.01432757,0.02467365,0.02121498,RELIABLE,RELIABLE,RELIABLE,RELIABLE,RELIABLE,RELIABLE,RELIABLE,RELIABLE,STATIONARY,MOVING,MOVING,MOVING,STATIONARY,STATIONARY,MOVING,MOVING,MOVING
32851,965,1,STILL,0.12945984,0.00247025,0.01908123,0.01366929,0.02491732,0.02619414,0.02584651,0.01504079,0.01728171,0.02193229,0.02270689,RELIABLE,RELIABLE,RELIABLE,RELIABLE,RELIABLE,RELIABLE,RELIABLE,RELIABLE,STATIONARY,MOVING,MOVING,MOVING,STATIONARY,MOVING,MOVING,MOVING,MOVING
32883,966,1,STILL,0.13054657,0.00123513,0.00946120,0.01293218,0.02229115,0.02311871,0.02664005,0.01560802,0.01754375,0.02000440,0.02181750,RELIABLE,RELIABLE,RELIABLE,RELIABLE,RELIABLE,RELIABLE,RELIABLE,RELIABLE,MOVING,MOVING,MOVING,MOVING,STATIONARY,MOVING,MOVING,MOVING,MOVING
32913,967,1,STILL,0.13060587,0.00454800,0.03482229,0.01597960,0.02749138,0.02820257,0.02907151,0.01610699,0.01680826,0.01739434,0.02139914,RELIABLE,RELIABLE,RELIABLE,RELIABLE,RELIABLE,RELIABLE,RELIABLE,RELIABLE,MOVING,MOVING,MOVING,MOVING,MOVING,MOVING,MOVING,MOVING,MOVING
32945,968,1,STILL,0.13087446,0.00374878,0.02864412,0.01891027,0.03320733,0.03270027,0.03323163,0.01968225,0.01787356,0.01695811,0.02093006,RELIABLE,RELIABLE,RELIABLE,RELIABLE,RELIABLE,RELIABLE,RELIABLE,RELIABLE,MOVING,MOVING,MOVING,MOVING,MOVING,MOVING,MOVING,MOVING,MOVING
32975,969,1,STILL,0.12972595,0.00381794,0.02943084,0.02010111,0.03712910,0.03691983,0.03567557,0.02390319,0.01934781,0.01909268,0.02268875,RELIABLE,RELIABLE,RELIABLE,RELIABLE,RELIABLE,RELIABLE,RELIABLE,RELIABLE,MOVING,MOVING,MOVING,MOVING,MOVING,MOVING,MOVING,MOVING,MOVING
33006,970,1,STILL,0.12915315,0.00190897,0.01478069,0.02070616,0.03911169,0.03905171,0.03691507,0.02602883,0.02009311,0.02016671,0.02357775,RELIABLE,RELIABLE,RELIABLE,RELIABLE,RELIABLE,RELIABLE,RELIABLE,RELIABLE,MOVING,MOVING,MOVING,MOVING,MOVING,MOVING,MOVING,MOVING,MOVING
33038,971,1,STILL,0.13090478,0.00265542,0.02028515,0.02112171,0.04200538,0.04168192,0.03711768,0.02798876,0.02018335,0.01931975,0.02123250,RELIABLE,RELIABLE,RELIABLE,RELIABLE,RELIABLE,RELIABLE,RELIABLE,RELIABLE,MOVING,MOVING,MOVING,MOVING,MOVING,MOVING,MOVING,MOVING,MOVING
33070,972,1,STILL,0.13144706,0.00537262,0.04087290,0.02467230,0.05055445,0.04953176,0.03856533,0.03191193,0.02215202,0.01842115,0.02090951,RELIABLE,RELIABLE,RELIABLE,RELIABLE,RELIABLE,RELIABLE,RELIABLE,RELIABLE,MOVING,MOVING,MOVING,MOVING,MOVING,MOVING,MOVING,MOVING,MOVING
33102,973,1,STILL,0.13166414,0.00600543,0.04561176,0.02798862,0.06122567,0.05968201,0.03729982,0.03498810,0.02294564,0.01801057,0.02005194,RELIABLE,RELIABLE,RELIABLE,RELIABLE,RELIABLE,RELIABLE,RELIABLE,RELIABLE,MOVING,MOVING,MOVING,MOVING,MOVING,MOVING,MOVING,MOVING,MOVING
33134,974,1,STILL,0.13164094,0.00619347,0.04704824,0.03268700,0.07387512,0.07214174,0.04045719,0.03810296,0.02402918,0.01887461,0.02183173,RELIABLE,RELIABLE,RELIABLE,RELIABLE,RELIABLE,RELIABLE,RELIABLE,RELIABLE,MOVING,MOVING,MOVING,MOVING,MOVING,MOVING,MOVING,MOVING,MOVING
33184,975,1,STILL,0.13195315,0.00570441,0.04323057,0.03373803,0.07910118,0.07806283,0.04128224,0.04269766,0.02557735,0.02017900,0.01889142,RELIABLE,RELIABLE,RELIABLE,RELIABLE,RELIABLE,RELIABLE,RELIABLE,RELIABLE,MOVING,MOVING,MOVING,MOVING,MOVING,MOVING,MOVING,MOVING,MOVING
33212,976,1,STILL,0.13213521,0.00285221,0.02158550,0.03285571,0.07859549,0.07906417,0.03875179,0.04166806,0.02492196,0.01996923,0.01768978,RELIABLE,RELIABLE,RELIABLE,RELIABLE,RELIABLE,RELIABLE,RELIABLE,RELIABLE,MOVING,MOVING,MOVING,MOVING,MOVING,MOVING,MOVING,MOVING,MOVING
33244,977,1,STILL,0.13216094,0.00328169,0.02483102,0.03228073,0.07775882,0.07815618,0.03663545,0.03763110,0.02403943,0.01816737,0.01496607,RELIABLE,RELIABLE,RELIABLE,RELIABLE,RELIABLE,RELIABLE,RELIABLE,RELIABLE,MOVING,MOVING,MOVING,MOVING,MOVING,MOVING,MOVING,MOVING,MOVING
33276,978,1,STILL,0.13104745,0.00350678,0.02675958,0.03377809,0.08133527,0.08035207,0.03757982,0.03723904,0.02488168,0.01941304,0.01477148,RELIABLE,RELIABLE,RELIABLE,RELIABLE,RELIABLE,RELIABLE,RELIABLE,RELIABLE,MOVING,MOVING,MOVING,MOVING,MOVING,MOVING,MOVING,MOVING,MOVING
33308,979,1,STILL,0.13035538,0.00353026,0.02708184,0.03462768,0.08287698,0.08230718,0.03868857,0.03917755,0.02382362,0.01748969,0.01413383,RELIABLE,RELIABLE,RELIABLE,RELIABLE,RELIABLE,RELIABLE,RELIABLE,RELIABLE,MOVING,MOVING,MOVING,MOVING,MOVING,MOVING,MOVING,MOVING,MOVING
33342,980,1,STILL,0.12863231,0.00320810,0.02494008,0.03263607,0.07914211,0.07804944,0.04042215,0.03740663,0.02399726,0.01882652,0.01533159,RELIABLE,RELIABLE,RELIABLE,RELIABLE,RELIABLE,RELIABLE,RELIABLE,RELIABLE,MOVING,MOVING,MOVING,MOVING,MOVING,MOVING,MOVING,MOVING,MOVING
33372,981,1,STILL,0.12779029,0.00160405,0.01255221,0.02850363,0.06823500,0.06674454,0.03800753,0.03166777,0.02064737,0.01567954,0.01410131,RELIABLE,RELIABLE,RELIABLE,RELIABLE,RELIABLE,RELIABLE,RELIABLE,RELIABLE,MOVING,MOVING,MOVING,MOVING,MOVING,MOVING,MOVING,MOVING,MOVING
33403,982,1,STILL,0.12543182,0.00278718,0.02222071,0.02540019,0.05949900,0.05720479,0.03367247,0.02742643,0.01902259,0.01487820,0.01251756,RELIABLE,RELIABLE,RELIABLE,RELIABLE,RELIABLE,RELIABLE,RELIABLE,RELIABLE,MOVING,MOVING,MOVING,MOVING,MOVING,MOVING,MOVING,MOVING,MOVING
33435,983,1,STILL,0.12493816,0.00194004,0.01552803,0.02193737,0.05082727,0.04838532,0.03034862,0.02287314,0.01817211,0.01493779,0.01399235,RELIABLE,RELIABLE,RELIABLE,RELIABLE,RELIABLE,RELIABLE,RELIABLE,RELIABLE,MOVING,MOVING,MOVING,MOVING,MOVING,MOVING,MOVING,MOVING,MOVING
33470,984,1,STILL,0.12364287,0.00211543,0.01710918,0.02137783,0.04939772,0.04599130,0.02954158,0.02237065,0.01863147,0.01578885,0.01589362,RELIABLE,RELIABLE,RELIABLE,RELIABLE,RELIABLE,RELIABLE,RELIABLE,RELIABLE,MOVING,MOVING,MOVING,MOVING,MOVING,MOVING,MOVING,MOVING,MOVING
33501,985,1,STILL,0.12326054,0.00245820,0.01994308,0.02076684,0.04665968,0.04294239,0.02622145,0.02275169,0.01820666,0.01641282,0.01621039,RELIABLE,RELIABLE,RELIABLE,RELIABLE,RELIABLE,RELIABLE,RELIABLE,RELIABLE,MOVING,MOVING,MOVING,MOVING,MOVING,MOVING,MOVING,MOVING,MOVING
33550,986,1,STILL,0.12326832,0.00288629,0.02341470,0.02034873,0.04478489,0.04297833,0.02341623,0.02306029,0.01772567,0.01695651,0.01792337,RELIABLE,RELIABLE,RELIABLE,RELIABLE,RELIABLE,RELIABLE,RELIABLE,RELIABLE,MOVING,MOVING,MOVING,MOVING,MOVING,MOVING,MOVING,MOVING,MOVING
37002,1090,1,RIGHT_ARM,0.12479184,0.00273797,0.02194033,0.01331985,0.02258301,0.02002700,0.01034184,0.01155103,0.01179672,0.02059709,0.01645090,RELIABLE,RELIABLE,RELIABLE,RELIABLE,RELIABLE,RELIABLE,RELIABLE,RELIABLE,STATIONARY,MOVING,MOVING,MOVING,MOVING,MOVING,MOVING,MOVING,MOVING
37038,1091,1,RIGHT_ARM,0.12377502,0.00179554,0.01450645,0.01439524,0.02484554,0.02214600,0.01068801,0.01401989,0.01269944,0.02254740,0.01796131,RELIABLE,RELIABLE,RELIABLE,RELIABLE,RELIABLE,RELIABLE,RELIABLE,RELIABLE,MOVING,MOVING,MOVING,MOVING,MOVING,MOVING,MOVING,MOVING,MOVING
37070,1092,1,RIGHT_ARM,0.12328114,0.00089777,0.00728229,0.01347386,0.02369039,0.02197491,0.01003827,0.01394885,0.01276434,0.02149790,0.01696954,RELIABLE,RELIABLE,RELIABLE,RELIABLE,RELIABLE,RELIABLE,RELIABLE,RELIABLE,MOVING,MOVING,MOVING,MOVING,MOVING,MOVING,MOVING,MOVING,MOVING
37118,1093,1,RIGHT_ARM,0.12294168,0.00179548,0.01460429,0.01416842,0.02614252,0.02410564,0.00944729,0.01502355,0.01257889,0.01906987,0.01535831,RELIABLE,RELIABLE,RELIABLE,RELIABLE,RELIABLE,RELIABLE,RELIABLE,RELIABLE,MOVING,MOVING,MOVING,MOVING,MOVING,MOVING,MOVING,MOVING,MOVING
37150,1094,1,RIGHT_ARM,0.12280082,0.00089774,0.00731052,0.01263221,0.02466079,0.02147873,0.00914578,0.01284220,0.01085021,0.01693253,0.01433578,RELIABLE,RELIABLE,RELIABLE,RELIABLE,RELIABLE,RELIABLE,RELIABLE,RELIABLE,MOVING,MOVING,MOVING,MOVING,MOVING,MOVING,MOVING,MOVING,MOVING
37181,1095,1,RIGHT_ARM,0.12263862,0.00175453,0.01430652,0.01300392,0.02483993,0.02249892,0.00907187,0.01243304,0.01103870,0.01660106,0.01461754,RELIABLE,RELIABLE,RELIABLE,RELIABLE,RELIABLE,RELIABLE,RELIABLE,RELIABLE,MOVING,MOVING,MOVING,MOVING,MOVING,MOVING,MOVING,MOVING,MOVING
37213,1096,1,RIGHT_ARM,0.12363830,0.00204130,0.01651024,0.01436248,0.02791481,0.02528980,0.01139383,0.01452342,0.01232138,0.01694209,0.01686906,RELIABLE,RELIABLE,RELIABLE,RELIABLE,RELIABLE,RELIABLE,RELIABLE,RELIABLE,MOVING,MOVING,MOVING,MOVING,MOVING,MOVING,MOVING,MOVING,MOVING
37246,1097,1,RIGHT_ARM,0.12649771,0.00255074,0.02016428,0.01457811,0.02947970,0.02720145,0.01606739,0.01713783,0.01365723,0.01627367,0.01832338,RELIABLE,RELIABLE,RELIABLE,RELIABLE,RELIABLE,RELIABLE,RELIABLE,RELIABLE,MOVING,MOVING,MOVING,MOVING,MOVING,MOVING,MOVING,MOVING,MOVING
37276,1098,1,RIGHT_ARM,0.12794351,0.00127537,0.00996821,0.01308160,0.02754414,0.02623271,0.01784554,0.01820149,0.01430360,0.01477810,0.01845725,RELIABLE,RELIABLE,RELIABLE,RELIABLE,RELIABLE,RELIABLE,RELIABLE,RELIABLE,MOVING,MOVING,MOVING,MOVING,MOVING,MOVING,MOVING,MOVING,MOVING
37308,1099,1,RIGHT_ARM,0.12875415,0.00275703,0.02141317,0.01394494,0.03096496,0.02889494,0.01798048,0.02134277,0.01496323,0.01425584,0.01971010,RELIABLE,RELIABLE,RELIABLE,RELIABLE,RELIABLE,RELIABLE,RELIABLE,RELIABLE,MOVING,MOVING,MOVING,MOVING,MOVING,MOVING,MOVING,MOVING,MOVING
37339,1100,1,RIGHT_ARM,0.12783232,0.00446171,0.03490284,0.01739751,0.03805841,0.03634016,0.02087616,0.02727969,0.01834804,0.01614515,0.02540950,RELIABLE,RELIABLE,RELIABLE,RELIABLE,RELIABLE,RELIABLE,RELIABLE,RELIABLE,MOVING,MOVING,MOVING,MOVING,MOVING,MOVING,MOVING,MOVING,MOVING
37374,1101,1,RIGHT_ARM,0.12739981,0.00550606,0.04321878,0.02097432,0.04718765,0.04534079,0.02382558,0.03240353,0.02004644,0.01615079,0.02447366,RELIABLE,RELIABLE,RELIABLE,RELIABLE,RELIABLE,RELIABLE,RELIABLE,RELIABLE,MOVING,MOVING,MOVING,MOVING,MOVING,MOVING,MOVING,MOVING,MOVING
37401,1102,1,RIGHT_ARM,0.12718400,0.00275303,0.02164606,0.02276626,0.05176114,0.04984991,0.02530331,0.03497034,0.02089762,0.01615411,0.02400573,RELIABLE,RELIABLE,RELIABLE,RELIABLE,RELIABLE,RELIABLE,RELIABLE,RELIABLE,MOVING,MOVING,MOVING,MOVING,MOVING,MOVING,MOVING,MOVING,MOVING
37432,1103,1,RIGHT_ARM,0.12760221,0.00391143,0.03065335,0.02480961,0.05670544,0.05371469,0.03248502,0.03788244,0.02255449,0.01601471,0.02308350,RELIABLE,RELIABLE,RELIABLE,RELIABLE,RELIABLE,RELIABLE,RELIABLE,RELIABLE,MOVING,MOVING,MOVING,MOVING,MOVING,MOVING,MOVING,MOVING,MOVING
37464,1104,1,RIGHT_ARM,0.12802112,0.00489219,0.03821391,0.02752257,0.06457628,0.06226018,0.03700393,0.04066809,0.02384271,0.01685397,0.02208842,RELIABLE,RELIABLE,RELIABLE,RELIABLE,RELIABLE,RELIABLE,RELIABLE,RELIABLE,MOVING,MOVING,MOVING,MOVING,MOVING,MOVING,MOVING,MOVING,MOVING
37495,1105,1,RIGHT_ARM,0.12901291,0.00518139,0.04016180,0.03002226,0.06970690,0.06854012,0.04055655,0.04298470,0.02477577,0.01787722,0.01969951,RELIABLE,RELIABLE,RELIABLE,RELIABLE,RELIABLE,RELIABLE,RELIABLE,RELIABLE,MOVING,MOVING,MOVING,MOVING,MOVING,MOVING,MOVING,MOVING,MOVING
37534,1106,1,RIGHT_ARM,0.12781588,0.00520007,0.04068410,0.03386175,0.07837155,0.07781243,0.04681873,0.04993700,0.02848464,0.01888940,0.02049330,RELIABLE,RELIABLE,RELIABLE,RELIABLE,RELIABLE,RELIABLE,RELIABLE,RELIABLE,MOVING,MOVING,MOVING,MOVING,MOVING,MOVING,MOVING,MOVING,MOVING
37582,1107,1,RIGHT_ARM,0.12827031,0.00470408,0.03667321,0.03576926,0.08271766,0.08228276,0.05244367,0.04978138,0.02952805,0.02022123,0.01851206,RELIABLE,RELIABLE,RELIABLE,RELIABLE,RELIABLE,RELIABLE,RELIABLE,RELIABLE,MOVING,MOVING,MOVING,MOVING,MOVING,MOVING,MOVING,MOVING,MOVING
37620,1108,1,RIGHT_ARM,0.12883913,0.00512111,0.03974807,0.03637491,0.08485085,0.08367439,0.05632311,0.04960088,0.02816088,0.01864518,0.01276942,RELIABLE,RELIABLE,RELIABLE,RELIABLE,RELIABLE,RELIABLE,RELIABLE,RELIABLE,MOVING,MOVING,MOVING,MOVING,MOVING,MOVING,MOVING,MOVING,MOVING
37652,1109,1,RIGHT_ARM,0.12912355,0.00256055,0.01983026,0.03345134,0.07709049,0.07563040,0.05509955,0.04610997,0.02598663,0.01779326,0.01146241,RELIABLE,RELIABLE,RELIABLE,RELIABLE,RELIABLE,RELIABLE,RELIABLE,RELIABLE,MOVING,MOVING,MOVING,MOVING,MOVING,MOVING,MOVING,MOVING,MOVING
37683,1110,1,RIGHT_ARM,0.12890494,0.00217763,0.01689333,0.03285725,0.07639950,0.07441255,0.05839775,0.04688511,0.02703534,0.01935642,0.01191231,RELIABLE,RELIABLE,RELIABLE,RELIABLE,RELIABLE,RELIABLE,RELIABLE,RELIABLE,MOVING,MOVING,MOVING,MOVING,MOVING,MOVING,MOVING,MOVING,MOVING
37715,1111,1,RIGHT_ARM,0.12799956,0.00245870,0.01920869,0.03142667,0.07394681,0.07244162,0.05389498,0.04518801,0.02555363,0.01885367,0.01249003,RELIABLE,RELIABLE,RELIABLE,RELIABLE,RELIABLE,RELIABLE,RELIABLE,RELIABLE,MOVING,MOVING,MOVING,MOVING,MOVING,MOVING,MOVING,MOVING,MOVING
37747,1112,1,RIGHT_ARM,0.12702813,0.00240297,0.01891685,0.02901454,0.06622650,0.06508378,0.05083949,0.04244212,0.02525077,0.01893344,0.01413352,RELIABLE,RELIABLE,RELIABLE,RELIABLE,RELIABLE,RELIABLE,RELIABLE,RELIABLE,MOVING,MOVING,MOVING,MOVING,MOVING,MOVING,MOVING,MOVING,MOVING
37778,1113,1,RIGHT_ARM,0.12654405,0.00120149,0.00949461,0.02518114,0.05720308,0.05563045,0.04333191,0.03781244,0.02283153,0.01647644,0.01446674,RELIABLE,RELIABLE,RELIABLE,RELIABLE,RELIABLE,RELIABLE,RELIABLE,RELIABLE,MOVING,MOVING,MOVING,MOVING,MOVING,MOVING,MOVING,MOVING,MOVING
37810,1114,1,RIGHT_ARM,0.12624380,0.00130669,0.01035055,0.02138945,0.04697779,0.04428122,0.03666117,0.03098799,0.01939662,0.01889961,0.01434199,RELIABLE,RELIABLE,RELIABLE,RELIABLE,RELIABLE,RELIABLE,RELIABLE,RELIABLE,MOVING,MOVING,MOVING,MOVING,MOVING,MOVING,MOVING,MOVING,MOVING
37842,1115,1,RIGHT_ARM,0.12651358,0.00204212,0.01614152,0.01882299,0.03918566,0.03646697,0.03201465,0.02836583,0.01700819,0.01726376,0.01504417,RELIABLE,RELIABLE,RELIABLE,RELIABLE,RELIABLE,RELIABLE,RELIABLE,RELIABLE,MOVING,MOVING,MOVING,MOVING,MOVING,MOVING,MOVING,MOVING,MOVING
37874,1116,1,RIGHT_ARM,0.12609341,0.00124531,0.00987609,0.01508899,0.03068257,0.02830697,0.02730680,0.02374599,0.01440101,0.01851982,0.01537964,RELIABLE,RELIABLE,RELIABLE,RELIABLE,RELIABLE,RELIABLE,RELIABLE,RELIABLE,MOVING,MOVING,MOVING,MOVING,MOVING,MOVING,MOVING,MOVING,MOVING
37904,1117,1,RIGHT_ARM,0.12616355,0.00095082,0.00753644,0.01355226,0.02668220,0.02346196,0.02515264,0.02224834,0.01388417,0.02151103,0.01857092,RELIABLE,RELIABLE,RELIABLE,RELIABLE,RELIABLE,RELIABLE,RELIABLE,RELIABLE,MOVING,MOVING,MOVING,MOVING,MOVING,MOVING,MOVING,MOVING,MOVING
37950,1118,1,RIGHT_ARM,0.12638215,0.00143094,0.01132232,0.01285588,0.02292460,0.01945057,0.02090238,0.02026742,0.01268812,0.02240963,0.02182424,RELIABLE,RELIABLE,RELIABLE,RELIABLE,RELIABLE,RELIABLE,RELIABLE,RELIABLE,MOVING,MOVING,MOVING,MOVING,MOVING,MOVING,MOVING,MOVING,MOVING
37981,1119,1,RIGHT_ARM,0.12649192,0.00071547,0.00565625,0.01116183,0.01861275,0.01528798,0.01773149,0.01837031,0.01165765,0.02283532,0.02280156,RELIABLE,RELIABLE,RELIABLE,RELIABLE,RELIABLE,RELIABLE,RELIABLE,RELIABLE,MOVING,MOVING,MOVING,MOVING,MOVING,MOVING,MOVING,MOVING,MOVING
38012,1120,1,RIGHT_ARM,0.12518300,0.00117373,0.00937608,0.00996923,0.01554539,0.01314790,0.01502570,0.01761366,0.00954069,0.02193039,0.02105119,RELIABLE,RELIABLE,RELIABLE,RELIABLE,RELIABLE,RELIABLE,RELIABLE,RELIABLE,MOVING,MOVING,MOVING,MOVING,MOVING,MOVING,MOVING,MOVING,MOVING
38043,1121,1,RIGHT_ARM,0.12563162,0.00139497,0.01110363,0.01017036,0.01449435,0.01173169,0.01463135,0.01781626,0.01025417,0.02599125,0.02232692,RELIABLE,RELIABLE,RELIABLE,RELIABLE,RELIABLE,RELIABLE,RELIABLE,RELIABLE,MOVING,MOVING,MOVING,MOVING,MOVING,MOVING,MOVING,MOVING,MOVING
38078,1122,1,RIGHT_ARM,0.12652316,0.00147074,0.01162430,0.01032958,0.01546332,0.01316647,0.01284360,0.01783775,0.00969422,0.02309391,0.02248277,RELIABLE,RELIABLE,RELIABLE,RELIABLE,RELIABLE,RELIABLE,RELIABLE,RELIABLE,MOVING,MOVING,MOVING,MOVING,MOVING,MOVING,MOVING,MOVING,MOVING
38106,1123,1,RIGHT_ARM,0.12697041,0.00073537,0.00579168,0.00903585,0.01346055,0.01179525,0.01113508,0.01565720,0.00892856,0.02163758,0.02136980,RELIABLE,RELIABLE,RELIABLE,RELIABLE,RELIABLE,RELIABLE,RELIABLE,RELIABLE,MOVING,MOVING,MOVING,MOVING,MOVING,MOVING,MOVING,MOVING,MOVING
38138,1124,1,RIGHT_ARM,0.12584308,0.00057711,0.00458594,0.00837458,0.01171133,0.01038599,0.00949357,0.01527889,0.00939294,0.02237309,0.02163036,RELIABLE,RELIABLE,RELIABLE,RELIABLE,RELIABLE,RELIABLE,RELIABLE,RELIABLE,MOVING,MOVING,MOVING,MOVING,MOVING,MOVING,MOVING,MOVING,MOVING
38170,1125,1,RIGHT_ARM,0.12506638,0.00099095,0.00792340,0.00842295,0.01059073,0.01058625,0.00900257,0.01595997,0.00956773,0.02073576,0.02032265,RELIABLE,RELIABLE,RELIABLE,RELIABLE,RELIABLE,RELIABLE,RELIABLE,RELIABLE,MOVING,MOVING,MOVING,MOVING,MOVING,MOVING,MOVING,MOVING,MOVING
38201,1126,1,RIGHT_ARM,0.12490700,0.00083903,0.00671728,0.00784732,0.00930852,0.00987161,0.00851741,0.01519398,0.01029966,0.02368983,0.02280409,RELIABLE,RELIABLE,RELIABLE,RELIABLE,RELIABLE,RELIABLE,RELIABLE,RELIABLE,MOVING,MOVING,MOVING,MOVING,MOVING,MOVING,MOVING,MOVING,MOVING
38239,1127,1,RIGHT_ARM,0.12484612,0.00063563,0.00509128,0.00777670,0.00933165,0.00970591,0.00910958,0.01506998,0.00981781,0.02551309,0.02221146,RELIABLE,RELIABLE,RELIABLE,RELIABLE,RELIABLE,RELIABLE,RELIABLE,RELIABLE,MOVING,MOVING,MOVING,MOVING,MOVING,MOVING,MOVING,MOVING,MOVING
38281,1128,1,RIGHT_ARM,0.12481642,0.00031781,0.00254624,0.00692297,0.00837065,0.00716466,0.00804614,0.01309390,0.00909574,0.02580090,0.02122618,RELIABLE,RELIABLE,RELIABLE,RELIABLE,RELIABLE,RELIABLE,RELIABLE,RELIABLE,MOVING,MOVING,MOVING,MOVING,MOVING,MOVING,MOVING,MOVING,MOVING
38311,1129,1,RIGHT_ARM,0.12426507,0.00151507,0.01219222,0.00705904,0.00936783,0.00776577,0.00738422,0.01237335,0.00804570,0.02208813,0.01953076,RELIABLE,RELIABLE,RELIABLE,RELIABLE,RELIABLE,RELIABLE,RELIABLE,RELIABLE,MOVING,MOVING,MOVING,MOVING,MOVING,MOVING,MOVING,MOVING,MOVING
38343,1130,1,RIGHT_ARM,0.12378709,0.00056496,0.00456398,0.00617650,0.00791476,0.00701023,0.00734640,0.01133595,0.00821643,0.02166499,0.01843627,RELIABLE,RELIABLE,RELIABLE,RELIABLE,RELIABLE,RELIABLE,RELIABLE,RELIABLE,MOVING,MOVING,MOVING,MOVING,MOVING,MOVING,MOVING,MOVING,MOVING
38374,1131,1,RIGHT_ARM,0.12362765,0.00115210,0.00931913,0.00661743,0.00800551,0.00635051,0.00715251,0.01085185,0.00876732,0.02363915,0.01861283,RELIABLE,RELIABLE,RELIABLE,RELIABLE,RELIABLE,RELIABLE,RELIABLE,RELIABLE,MOVING,MOVING,MOVING,MOVING,MOVING,MOVING,MOVING,MOVING,MOVING
38405,1132,1,RIGHT_ARM,0.12337870,0.00077347,0.00626911,0.00682783,0.00824024,0.00566287,0.00708155,0.00897744,0.01015610,0.02256524,0.01972702,RELIABLE,RELIABLE,RELIABLE,RELIABLE,RELIABLE,RELIABLE,RELIABLE,RELIABLE,MOVING,MOVING,MOVING,MOVING,MOVING,MOVING,MOVING,MOVING,MOVING
38446,1133,1,RIGHT_ARM,0.12391439,0.00053947,0.00435357,0.00638160,0.00883264,0.00571309,0.00652485,0.00783807,0.01036033,0.02234596,0.02131295,RELIABLE,RELIABLE,RELIABLE,RELIABLE,RELIABLE,RELIABLE,RELIABLE,RELIABLE,MOVING,MOVING,MOVING,MOVING,MOVING,MOVING,MOVING,MOVING,MOVING
38484,1134,1,RIGHT_ARM,0.12418893,0.00026973,0.00217197,0.00581344,0.00840682,0.00532582,0.00574474,0.00707862,0.00861504,0.01706761,0.01620342,RELIABLE,RELIABLE,RELIABLE,RELIABLE,RELIABLE,RELIABLE,RELIABLE,RELIABLE,MOVING,MOVING,MOVING,MOVING,MOVING,MOVING,MOVING,MOVING,MOVING
38516,1135,1,RIGHT_ARM,0.12451636,0.00075386,0.00605429,0.00593382,0.00783616,0.00585459,0.00615502,0.00643496,0.00969839,0.01583631,0.01626335,RELIABLE,RELIABLE,RELIABLE,RELIABLE,RELIABLE,RELIABLE,RELIABLE,RELIABLE,MOVING,MOVING,MOVING,MOVING,MOVING,MOVING,MOVING,MOVING,MOVING
38548,1136,1,RIGHT_ARM,0.12382583,0.00063258,0.00510866,0.00625412,0.00817405,0.00643381,0.00652678,0.00756238,0.01076485,0.01578421,0.01887086,RELIABLE,RELIABLE,RELIABLE,RELIABLE,RELIABLE,RELIABLE,RELIABLE,RELIABLE,MOVING,MOVING,MOVING,MOVING,MOVING,MOVING,MOVING,MOVING,MOVING
38580,1137,1,RIGHT_ARM,0.12376494,0.00058954,0.00476335,0.00532551,0.00640224,0.00564997,0.00605189,0.00740261,0.01015223,0.01630910,0.01882513,RELIABLE,RELIABLE,RELIABLE,RELIABLE,RELIABLE,RELIABLE,RELIABLE,RELIABLE,MOVING,MOVING,MOVING,MOVING,MOVING,MOVING,MOVING,MOVING,MOVING
38611,1138,1,RIGHT_ARM,0.12373561,0.00029477,0.00238224,0.00505279,0.00562278,0.00469355,0.00557796,0.00681769,0.00906686,0.01592891,0.01785620,RELIABLE,RELIABLE,RELIABLE,RELIABLE,RELIABLE,RELIABLE,RELIABLE,RELIABLE,MOVING,MOVING,MOVING,MOVING,MOVING,MOVING,MOVING,MOVING,MOVING
38643,1139,1,RIGHT_ARM,0.12464893,0.00073751,0.00591670,0.00462749,0.00503582,0.00545660,0.00607670,0.00779496,0.00923841,0.01506187,0.01890167,RELIABLE,RELIABLE,RELIABLE,RELIABLE,RELIABLE,RELIABLE,RELIABLE,RELIABLE,MOVING,MOVING,MOVING,MOVING,MOVING,MOVING,MOVING,MOVING,MOVING
38674,1140,1,RIGHT_ARM,0.12552295,0.00055804,0.00444573,0.00439956,0.00484661,0.00607731,0.00555992,0.00878113,0.00884131,0.01752026,0.01947869,RELIABLE,RELIABLE,RELIABLE,RELIABLE,RELIABLE,RELIABLE,RELIABLE,RELIABLE,MOVING,MOVING,MOVING,MOVING,MOVING,MOVING,MOVING,MOVING,MOVING
38706,1141,1,RIGHT_ARM,0.12511351,0.00048775,0.00389844,0.00434267,0.00428862,0.00572957,0.00639416,0.00892147,0.00950663,0.02139707,0.01928627,RELIABLE,RELIABLE,RELIABLE,RELIABLE,RELIABLE,RELIABLE,RELIABLE,RELIABLE,MOVING,MOVING,MOVING,MOVING,MOVING,MOVING,MOVING,MOVING,MOVING
38736,1142,1,RIGHT_ARM,0.12482375,0.00051030,0.00408817,0.00458220,0.00447144,0.00594868,0.00775455,0.00895816,0.01017223,0.02878269,0.02006252,RELIABLE,RELIABLE,RELIABLE,RELIABLE,RELIABLE,RELIABLE,RELIABLE,RELIABLE,MOVING,MOVING,MOVING,MOVING,MOVING,MOVING,MOVING,MOVING,MOVING
38782,1143,1,RIGHT_ARM,0.12474963,0.00089290,0.00715755,0.00472010,0.00480495,0.00642578,0.00676305,0.00914028,0.00937782,0.02784311,0.02002891,RELIABLE,RELIABLE,RELIABLE,RELIABLE,RELIABLE,RELIABLE,RELIABLE,RELIABLE,MOVING,MOVING,MOVING,MOVING,MOVING,MOVING,MOVING,MOVING,MOVING
38816,1144,1,RIGHT_ARM,0.12471766,0.00044645,0.00357969,0.00452898,0.00434847,0.00634962,0.00610062,0.00778203,0.00845586,0.02680952,0.01743460,RELIABLE,RELIABLE,RELIABLE,RELIABLE,RELIABLE,RELIABLE,RELIABLE,RELIABLE,STATIONARY,MOVING,MOVING,MOVING,MOVING,MOVING,MOVING,MOVING,MOVING
38847,1145,1,RIGHT_ARM,0.12432080,0.00086725,0.00697587,0.00480555,0.00497020,0.00689580,0.00642985,0.00748190,0.00915379,0.02657152,0.01852133,RELIABLE,RELIABLE,RELIABLE,RELIABLE,RELIABLE,RELIABLE,RELIABLE,RELIABLE,STATIONARY,STATIONARY,MOVING,MOVING,MOVING,MOVING,MOVING,MOVING,MOVING
38878,1146,1,RIGHT_ARM,0.12464093,0.00039722,0.00318689,0.00490613,0.00513006,0.00703070,0.00692566,0.00771604,0.00933849,0.02768059,0.02042710,RELIABLE,RELIABLE,RELIABLE,RELIABLE,RELIABLE,RELIABLE,RELIABLE,RELIABLE,STATIONARY,STATIONARY,MOVING,MOVING,MOVING,MOVING,MOVING,MOVING,MOVING
38910,1147,1,RIGHT_ARM,0.12542432,0.00072350,0.00576839,0.00488759,0.00492773,0.00699832,0.00795383,0.00700096,0.00879711,0.02841405,0.01959969,RELIABLE,RELIABLE,RELIABLE,RELIABLE,RELIABLE,RELIABLE,RELIABLE,RELIABLE,STATIONARY,STATIONARY,MOVING,MOVING,MOVING,MOVING,MOVING,MOVING,MOVING
38942,1148,1,RIGHT_ARM,0.12443116,0.00087661,0.00704491,0.00521249,0.00545478,0.00713177,0.00862436,0.00661708,0.00793024,0.02854398,0.01780119,RELIABLE,RELIABLE,RELIABLE,RELIABLE,RELIABLE,RELIABLE,RELIABLE,RELIABLE,STATIONARY,STATIONARY,MOVING,MOVING,MOVING,MOVING,MOVING,MOVING,MOVING
38973,1149,1,RIGHT_ARM,0.12393844,0.00043830,0.00353646,0.00516724,0.00571578,0.00733592,0.00786879,0.00530729,0.00639916,0.02529845,0.01477319,RELIABLE,RELIABLE,RELIABLE,RELIABLE,RELIABLE,RELIABLE,RELIABLE,RELIABLE,STATIONARY,STATIONARY,MOVING,MOVING,MOVING,MOVING,MOVING,MOVING,MOVING
39005,1150,1,RIGHT_ARM,0.12385283,0.00121438,0.00980500,0.00588184,0.00712512,0.00806780,0.00795191,0.00500336,0.00584031,0.02406759,0.01354438,RELIABLE,RELIABLE,RELIABLE,RELIABLE,RELIABLE,RELIABLE,RELIABLE,RELIABLE,STATIONARY,STATIONARY,MOVING,MOVING,MOVING,MOVING,MOVING,MOVING,MOVING
39036,1151,1,RIGHT_ARM,0.12446032,0.00057670,0.00463362,0.00556635,0.00685672,0.00726834,0.00785641,0.00514121,0.00612083,0.02490027,0.01319389,RELIABLE,RELIABLE,RELIABLE,RELIABLE,RELIABLE,RELIABLE,RELIABLE,RELIABLE,STATIONARY,STATIONARY,MOVING,MOVING,MOVING,MOVING,MOVING,MOVING,MOVING
39070,1152,1,RIGHT_ARM,0.12369436,0.00057607,0.00465717,0.00570104,0.00761702,0.00708441,0.00821382,0.00582823,0.00641459,0.02650253,0.01365131,RELIABLE,RELIABLE,RELIABLE,RELIABLE,RELIABLE,RELIABLE,RELIABLE,RELIABLE,STATIONARY,STATIONARY,MOVING,MOVING,MOVING,MOVING,MOVING,MOVING,MOVING
39118,1153,1,RIGHT_ARM,0.12405002,0.00044979,0.00362590,0.00528229,0.00702209,0.00620002,0.00794076,0.00563923,0.00570153,0.02612012,0.01293437,RELIABLE,RELIABLE,RELIABLE,RELIABLE,RELIABLE,RELIABLE,RELIABLE,RELIABLE,STATIONARY,STATIONARY,MOVING,MOVING,MOVING,MOVING,MOVING,MOVING,MOVING
39151,1154,1,RIGHT_ARM,0.12311177,0.00087010,0.00706757,0.00576738,0.00751168,0.00582960,0.00843920,0.00605999,0.00656212,0.02727307,0.01475445,RELIABLE,RELIABLE,RELIABLE,RELIABLE,RELIABLE,RELIABLE,RELIABLE,RELIABLE,STATIONARY,STATIONARY,MOVING,MOVING,MOVING,MOVING,MOVING,MOVING,MOVING
39177,1155,1,RIGHT_ARM,0.12264381,0.00043505,0.00354727,0.00548974,0.00742473,0.00478910,0.00735152,0.00580406,0.00645104,0.02617133,0.01520425,RELIABLE,RELIABLE,RELIABLE,RELIABLE,RELIABLE,RELIABLE,RELIABLE,RELIABLE,STATIONARY,STATIONARY,MOVING,MOVING,MOVING,MOVING,MOVING,MOVING,MOVING
39208,1156,1,RIGHT_ARM,0.12367109,0.00117501,0.00950111,0.00579676,0.00791274,0.00494808,0.00704931,0.00606050,0.00673964,0.02452267,0.01885457,RELIABLE,RELIABLE,RELIABLE,RELIABLE,RELIABLE,RELIABLE,RELIABLE,RELIABLE,STATIONARY,STATIONARY,MOVING,MOVING,MOVING,MOVING,MOVING,MOVING,MOVING
39239,1157,1,RIGHT_ARM,0.12362087,0.00067798,0.00548439,0.00604025,0.00809434,0.00561252,0.00737569,0.00661074,0.00761441,0.02406632,0.01920551,RELIABLE,RELIABLE,RELIABLE,RELIABLE,RELIABLE,RELIABLE,RELIABLE,RELIABLE,STATIONARY,STATIONARY,MOVING,MOVING,MOVING,MOVING,MOVING,MOVING,MOVING
39278,1158,1,RIGHT_ARM,0.12465404,0.00074112,0.00594543,0.00555781,0.00677925,0.00532486,0.00678137,0.00683539,0.00733059,0.01870968,0.01837537,RELIABLE,RELIABLE,RELIABLE,RELIABLE,RELIABLE,RELIABLE,RELIABLE,RELIABLE,STATIONARY,STATIONARY,MOVING,MOVING,MOVING,MOVING,MOVING,MOVING,MOVING
39318,1159,1,RIGHT_ARM,0.12517250,0.00037056,0.00296040,0.00534865,0.00654563,0.00506348,0.00665631,0.00649848,0.00664746,0.01745920,0.01733723,RELIABLE,RELIABLE,RELIABLE,RELIABLE,RELIABLE,RELIABLE,RELIABLE,RELIABLE,STATIONARY,STATIONARY,MOVING,MOVING,MOVING,MOVING,MOVING,MOVING,MOVING
39349,1160,1,RIGHT_ARM,0.12440719,0.00089170,0.00716758,0.00566246,0.00639944,0.00581439,0.00698390,0.00603403,0.00703087,0.01821248,0.01770870,RELIABLE,RELIABLE,RELIABLE,RELIABLE,RELIABLE,RELIABLE,RELIABLE,RELIABLE,STATIONARY,STATIONARY,MOVING,MOVING,MOVING,MOVING,MOVING,MOVING,MOVING
39381,1161,1,RIGHT_ARM,0.12444724,0.00056761,0.00456102,0.00577935,0.00665650,0.00600860,0.00727039,0.00649409,0.00760302,0.02006665,0.01735168,RELIABLE,RELIABLE,RELIABLE,RELIABLE,RELIABLE,RELIABLE,RELIABLE,RELIABLE,STATIONARY,STATIONARY,MOVING,MOVING,MOVING,MOVING,MOVING,MOVING,MOVING
39412,1162,1,RIGHT_ARM,0.12411113,0.00032674,0.00263261,0.00522497,0.00637111,0.00634880,0.00688075,0.00682519,0.00746248,0.02045361,0.01524492,RELIABLE,RELIABLE,RELIABLE,RELIABLE,RELIABLE,RELIABLE,RELIABLE,RELIABLE,STATIONARY,STATIONARY,MOVING,MOVING,MOVING,MOVING,MOVING,MOVING,MOVING
39444,1163,1,RIGHT_ARM,0.12394558,0.00016337,0.00131806,0.00494632,0.00622712,0.00651887,0.00668401,0.00698956,0.00739047,0.02064326,0.01418467,RELIABLE,RELIABLE,RELIABLE,RELIABLE,RELIABLE,RELIABLE,RELIABLE,RELIABLE,STATIONARY,STATIONARY,MOVING,MOVING,MOVING,MOVING,MOVING,MOVING,MOVING
39476,1164,1,RIGHT_ARM,0.12457804,0.00046066,0.00369775,0.00422090,0.00522728,0.00591645,0.00691742,0.00725666,0.00704111,0.02420435,0.01199821,RELIABLE,RELIABLE,RELIABLE,RELIABLE,RELIABLE,RELIABLE,RELIABLE,RELIABLE,STATIONARY,STATIONARY,MOVING,MOVING,MOVING,MOVING,MOVING,MOVING,MOVING
39508,1165,1,RIGHT_ARM,0.12468224,0.00057305,0.00459612,0.00410987,0.00486667,0.00544204,0.00654357,0.00728997,0.00722926,0.02618734,0.01295653,RELIABLE,RELIABLE,RELIABLE,RELIABLE,RELIABLE,RELIABLE,RELIABLE,RELIABLE,STATIONARY,STATIONARY,MOVING,MOVING,MOVING,MOVING,MOVING,MOVING,MOVING
39540,1166,1,RIGHT_ARM,0.12413208,0.00062259,0.00501558,0.00399364,0.00513241,0.00533185,0.00618456,0.00734988,0.00803944,0.03037536,0.01606014,RELIABLE,RELIABLE,RELIABLE,RELIABLE,RELIABLE,RELIABLE,RELIABLE,RELIABLE,STATIONARY,STATIONARY,MOVING,MOVING,MOVING,MOVING,MOVING,MOVING,MOVING
39571,1167,1,RIGHT_ARM,0.12455443,0.00067224,0.00539716,0.00429823,0.00555808,0.00553154,0.00667458,0.00800936,0.00911507,0.03533937,0.01760156,RELIABLE,RELIABLE,RELIABLE,RELIABLE,RELIABLE,RELIABLE,RELIABLE,RELIABLE,STATIONARY,STATIONARY,MOVING,MOVING,MOVING,MOVING,MOVING,MOVING,MOVING
39614,1168,1,RIGHT_ARM,0.12476951,0.00039693,0.00318132,0.00379995,0.00527564,0.00509329,0.00629624,0.00840893,0.00883312,0.03552418,0.01858031,RELIABLE,RELIABLE,RELIABLE,RELIABLE,RELIABLE,RELIABLE,RELIABLE,RELIABLE,STATIONARY,STATIONARY,MOVING,MOVING,MOVING,MOVING,MOVING,MOVING,MOVING
39650,1169,1,RIGHT_ARM,0.12487709,0.00019847,0.00158929,0.00342849,0.00490072,0.00480162,0.00559934,0.00793841,0.00806954,0.03383028,0.01856747,RELIABLE,RELIABLE,RELIABLE,RELIABLE,RELIABLE,RELIABLE,RELIABLE,RELIABLE,STATIONARY,STATIONARY,MOVING,MOVING,MOVING,MOVING,MOVING,MOVING,MOVING
39681,1170,1,RIGHT_ARM,0.12392570,0.00036045,0.00290861,0.00346299,0.00475746,0.00451802,0.00634203,0.00767879,0.00824590,0.03503124,0.02004675,RELIABLE,RELIABLE,RELIABLE,RELIABLE,RELIABLE,RELIABLE,RELIABLE,RELIABLE,STATIONARY,STATIONARY,MOVING,MOVING,MOVING,MOVING,MOVING,MOVING,MOVING
39712,1171,1,RIGHT_ARM,0.12454559,0.00046569,0.00373908,0.00376561,0.00498082,0.00444233,0.00682945,0.00781960,0.00842609,0.03499036,0.02095397,RELIABLE,RELIABLE,RELIABLE,RELIABLE,RELIABLE,RELIABLE,RELIABLE,RELIABLE,STATIONARY,STATIONARY,STATIONARY,MOVING,MOVING,MOVING,MOVING,MOVING,MOVING
39743,1172,1,RIGHT_ARM,0.12441481,0.00073496,0.00590734,0.00404181,0.00548155,0.00532157,0.00669451,0.00692889,0.00813524,0.02998312,0.01899219,RELIABLE,RELIABLE,RELIABLE,RELIABLE,RELIABLE,RELIABLE,RELIABLE,RELIABLE,STATIONARY,STATIONARY,STATIONARY,MOVING,MOVING,MOVING,MOVING,MOVING,MOVING
39775,1173,1,RIGHT_ARM,0.12433872,0.00058516,0.00470621,0.00405557,0.00585218,0.00547614,0.00698596,0.00666441,0.00734815,0.02686429,0.01827439,RELIABLE,RELIABLE,RELIABLE,RELIABLE,RELIABLE,RELIABLE,RELIABLE,RELIABLE,STATIONARY,STATIONARY,STATIONARY,MOVING,MOVING,MOVING,MOVING,MOVING,MOVING
39805,1174,1,RIGHT_ARM,0.12430079,0.00029258,0.00235382,0.00372285,0.00525778,0.00502428,0.00665768,0.00622381,0.00642170,0.02140016,0.01514372,RELIABLE,RELIABLE,RELIABLE,RELIABLE,RELIABLE,RELIABLE,RELIABLE,RELIABLE,STATIONARY,STATIONARY,STATIONARY,MOVING,MOVING,MOVING,MOVING,MOVING,MOVING
39836,1175,1,RIGHT_ARM,0.12449540,0.00045177,0.00362882,0.00350181,0.00466658,0.00463581,0.00746705,0.00652581,0.00566845,0.01846179,0.01478045,RELIABLE,RELIABLE,RELIABLE,RELIABLE,RELIABLE,RELIABLE,RELIABLE,RELIABLE,STATIONARY,STATIONARY,STATIONARY,MOVING,MOVING,MOVING,MOVING,MOVING,MOVING
39868,1176,1,RIGHT_ARM,0.12346182,0.00057081,0.00462341,0.00368207,0.00438209,0.00438167,0.00764579,0.00674436,0.00615537,0.01772242,0.01300467,RELIABLE,RELIABLE,RELIABLE,RELIABLE,RELIABLE,RELIABLE,RELIABLE,RELIABLE,STATIONARY,STATIONARY,STATIONARY,MOVING,MOVING,MOVING,MOVING,MOVING,MOVING
39902,1177,1,RIGHT_ARM,0.12373062,0.00063655,0.00514466,0.00412649,0.00483370,0.00459756,0.00817751,0.00713719,0.00628358,0.01672032,0.01259228,RELIABLE,RELIABLE,RELIABLE,RELIABLE,RELIABLE,RELIABLE,RELIABLE,RELIABLE,STATIONARY,STATIONARY,STATIONARY,MOVING,MOVING,MOVING,MOVING,MOVING,MOVING
39935,1178,1,RIGHT_ARM,0.12449174,0.00067598,0.00542993,0.00444166,0.00524717,0.00504817,0.00732685,0.00695189,0.00658834,0.01450259,0.00961056,RELIABLE,RELIABLE,RELIABLE,RELIABLE,RELIABLE,RELIABLE,RELIABLE,RELIABLE,STATIONARY,STATIONARY,STATIONARY,MOVING,MOVING,MOVING,MOVING,MOVING,MOVING
39982,1179,1,RIGHT_ARM,0.12432123,0.00064171,0.00516170,0.00461949,0.00544999,0.00552212,0.00686476,0.00636526,0.00644337,0.01475298,0.00936291,RELIABLE,RELIABLE,RELIABLE,RELIABLE,RELIABLE,RELIABLE,RELIABLE,RELIABLE,STATIONARY,STATIONARY,STATIONARY,MOVING,MOVING,MOVING,MOVING,MOVING,MOVING
40010,1180,1,RIGHT_ARM,0.12423636,0.00032085,0.00258262,0.00420390,0.00464229,0.00451913,0.00629745,0.00595249,0.00608249,0.01345057,0.00906324,RELIABLE,RELIABLE,RELIABLE,RELIABLE,RELIABLE,RELIABLE,RELIABLE,RELIABLE,STATIONARY,STATIONARY,STATIONARY,MOVING,MOVING,MOVING,MOVING,MOVING,MOVING
40042,1181,1,RIGHT_ARM,0.12456725,0.00018810,0.00151003,0.00380437,0.00430962,0.00388663,0.00639969,0.00619425,0.00596292,0.01359002,0.00953886,RELIABLE,RELIABLE,RELIABLE,RELIABLE,RELIABLE,RELIABLE,RELIABLE,RELIABLE,STATIONARY,STATIONARY,STATIONARY,MOVING,MOVING,MOVING,MOVING,MOVING,MOVING
40073,1182,1,RIGHT_ARM,0.12416623,0.00077355,0.00622996,0.00428889,0.00474362,0.00467897,0.00709699,0.00675918,0.00692566,0.01694311,0.01238736,RELIABLE,RELIABLE,RELIABLE,RELIABLE,RELIABLE,RELIABLE,RELIABLE,RELIABLE,STATIONARY,STATIONARY,STATIONARY,MOVING,MOVING,MOVING,MOVING,MOVING,MOVING
40110,1183,1,RIGHT_ARM,0.12429519,0.00037018,0.00297821,0.00420756,0.00546751,0.00501724,0.00655263,0.00642247,0.00684979,0.01596406,0.01264147,RELIABLE,RELIABLE,RELIABLE,RELIABLE,RELIABLE,RELIABLE,RELIABLE,RELIABLE,STATIONARY,STATIONARY,STATIONARY,MOVING,MOVING,MOVING,MOVING,MOVING,MOVING
40151,1184,1,RIGHT_ARM,0.12436018,0.00018509,0.00148832,0.00381568,0.00544815,0.00468660,0.00633404,0.00579429,0.00588938,0.01447680,0.01263071,RELIABLE,RELIABLE,RELIABLE,RELIABLE,RELIABLE,RELIABLE,RELIABLE,RELIABLE,STATIONARY,STATIONARY,STATIONARY,MOVING,MOVING,MOVING,MOVING,MOVING,MOVING
40183,1185,1,RIGHT_ARM,0.12366310,0.00083626,0.00676239,0.00401790,0.00571161,0.00490871,0.00624626,0.00598815,0.00604246,0.01687637,0.01255189,RELIABLE,RELIABLE,RELIABLE,RELIABLE,RELIABLE,RELIABLE,RELIABLE,RELIABLE,STATIONARY,STATIONARY,STATIONARY,MOVING,MOVING,MOVING,MOVING,MOVING,MOVING
40214,1186,1,RIGHT_ARM,0.12381419,0.00039488,0.00318932,0.00373782,0.00540196,0.00461953,0.00622637,0.00593771,0.00568044,0.02212004,0.01588602,RELIABLE,RELIABLE,RELIABLE,RELIABLE,RELIABLE,RELIABLE,RELIABLE,RELIABLE,STATIONARY,STATIONARY,STATIONARY,MOVING,MOVING,MOVING,MOVING,MOVING,MOVING
40246,1187,1,RIGHT_ARM,0.12310901,0.00110450,0.00897173,0.00421407,0.00630402,0.00563760,0.00687912,0.00649908,0.00595012,0.02187085,0.01571330,RELIABLE,RELIABLE,RELIABLE,RELIABLE,RELIABLE,RELIABLE,RELIABLE,RELIABLE,STATIONARY,STATIONARY,STATIONARY,MOVING,MOVING,MOVING,MOVING,MOVING,MOVING
40278,1188,1,RIGHT_ARM,0.12338587,0.00112813,0.00914308,0.00503413,0.00739300,0.00684514,0.00757870,0.00677411,0.00673516,0.02297532,0.01678009,RELIABLE,RELIABLE,RELIABLE,RELIABLE,RELIABLE,RELIABLE,RELIABLE,RELIABLE,STATIONARY,STATIONARY,STATIONARY,MOVING,MOVING,MOVING,MOVING,MOVING,MOVING
40318,1189,1,RIGHT_ARM,0.12360430,0.00067665,0.00547429,0.00552966,0.00776160,0.00742098,0.00758204,0.00646861,0.00648757,0.02469552,0.01596224,RELIABLE,RELIABLE,RELIABLE,RELIABLE,RELIABLE,RELIABLE,RELIABLE,RELIABLE,STATIONARY,STATIONARY,STATIONARY,MOVING,MOVING,MOVING,MOVING,MOVING,MOVING
40356,1190,1,RIGHT_ARM,0.12371359,0.00033832,0.00273473,0.00509276,0.00734509,0.00659985,0.00693704,0.00587138,0.00534094,0.02227075,0.01294190,RELIABLE,RELIABLE,RELIABLE,RELIABLE,RELIABLE,RELIABLE,RELIABLE,RELIABLE,STATIONARY,STATIONARY,STATIONARY,MOVING,MOVING,MOVING,MOVING,MOVING,MOVING
40387,1191,1,RIGHT_ARM,0.12394998,0.00072310,0.00583380,0.00544971,0.00762157,0.00722618,0.00658445,0.00679192,0.00559978,0.02137908,0.01380108,RELIABLE,RELIABLE,RELIABLE,RELIABLE,RELIABLE,RELIABLE,RELIABLE,RELIABLE,STATIONARY,STATIONARY,STATIONARY,MOVING,MOVING,MOVING,MOVING,MOVING,MOVING
40418,1192,1,RIGHT_ARM,0.12461489,0.00070810,0.00568232,0.00597396,0.00755247,0.00772658,0.00726644,0.00797164,0.00619554,0.02145897,0.01558211,RELIABLE,RELIABLE,RELIABLE,RELIABLE,RELIABLE,RELIABLE,RELIABLE,RELIABLE,STATIONARY,STATIONARY,STATIONARY,MOVING,MOVING,MOVING,MOVING,MOVING,MOVING
40449,1193,1,RIGHT_ARM,0.12388501,0.00104040,0.00839811,0.00617842,0.00785963,0.00840985,0.00714614,0.00764870,0.00643956,0.02127788,0.01590384,RELIABLE,RELIABLE,RELIABLE,RELIABLE,RELIABLE,RELIABLE,RELIABLE,RELIABLE,STATIONARY,STATIONARY,STATIONARY,MOVING,MOVING,MOVING,MOVING,MOVING,MOVING
40480,1194,1,RIGHT_ARM,0.12429846,0.00055082,0.00443147,0.00633369,0.00763418,0.00876630,0.00713206,0.00734157,0.00587038,0.01478837,0.01389663,RELIABLE,RELIABLE,RELIABLE,RELIABLE,RELIABLE,RELIABLE,RELIABLE,RELIABLE,STATIONARY,STATIONARY,STATIONARY,MOVING,MOVING,MOVING,MOVING,MOVING,MOVING
40511,1195,1,RIGHT_ARM,0.12450560,0.00027541,0.00221205,0.00548873,0.00617282,0.00746611,0.00638168,0.00682324,0.00533904,0.01369311,0.01331872,RELIABLE,RELIABLE,RELIABLE,RELIABLE,RELIABLE,RELIABLE,RELIABLE,RELIABLE,STATIONARY,STATIONARY,STATIONARY,MOVING,MOVING,MOVING,MOVING,MOVING,MOVING
40543,1196,1,RIGHT_ARM,0.12440463,0.00037542,0.00301775,0.00472306,0.00533136,0.00633758,0.00637466,0.00793576,0.00496280,0.01344814,0.01389317,RELIABLE,RELIABLE,RELIABLE,RELIABLE,RELIABLE,RELIABLE,RELIABLE,RELIABLE,STATIONARY,STATIONARY,STATIONARY,MOVING,MOVING,MOVING,MOVING,MOVING,MOVING
40574,1197,1,RIGHT_ARM,0.12360468,0.00031773,0.00257056,0.00436010,0.00472777,0.00575334,0.00655542,0.00834294,0.00563291,0.01178581,0.01724753,RELIABLE,RELIABLE,RELIABLE,RELIABLE,RELIABLE,RELIABLE,RELIABLE,RELIABLE,STATIONARY,STATIONARY,STATIONARY,MOVING,MOVING,MOVING,MOVING,MOVING,MOVING
40606,1198,1,RIGHT_ARM,0.12375162,0.00042153,0.00340624,0.00444404,0.00484188,0.00581917,0.00686156,0.00850280,0.00654664,0.01197004,0.01801266,RELIABLE,RELIABLE,RELIABLE,RELIABLE,RELIABLE,RELIABLE,RELIABLE,RELIABLE,STATIONARY,STATIONARY,STATIONARY,MOVING,MOVING,MOVING,MOVING,MOVING,MOVING
40636,1199,1,RIGHT_ARM,0.12382973,0.00021076,0.00170205,0.00392757,0.00390983,0.00478271,0.00629669,0.00683236,0.00634879,0.01173663,0.01600549,RELIABLE,RELIABLE,RELIABLE,RELIABLE,RELIABLE,RELIABLE,RELIABLE,RELIABLE,STATIONARY,STATIONARY,STATIONARY,MOVING,MOVING,MOVING,MOVING,MOVING,MOVING
40667,1200,1,RIGHT_ARM,0.12365588,0.00049361,0.00399181,0.00371625,0.00439713,0.00477643,0.00551565,0.00737320,0.00650412,0.01317650,0.01503320,RELIABLE,RELIABLE,RELIABLE,RELIABLE,RELIABLE,RELIABLE,RELIABLE,RELIABLE,STATIONARY,STATIONARY,STATIONARY,MOVING,MOVING,MOVING,MOVING,MOVING,MOVING
40699,1201,1,RIGHT_ARM,0.12297476,0.00052845,0.00429723,0.00320364,0.00371632,0.00385170,0.00565536,0.00806254,0.00632660,0.01151607,0.01591386,RELIABLE,RELIABLE,RELIABLE,RELIABLE,RELIABLE,RELIABLE,RELIABLE,RELIABLE,STATIONARY,STATIONARY,STATIONARY,MOVING,MOVING,MOVING,MOVING,MOVING,MOVING
40734,1202,1,RIGHT_ARM,0.12344154,0.00053755,0.00435466,0.00319404,0.00458888,0.00364223,0.00576965,0.00945114,0.00621046,0.01153764,0.01536069,RELIABLE,RELIABLE,RELIABLE,RELIABLE,RELIABLE,RELIABLE,RELIABLE,RELIABLE,STATIONARY,STATIONARY,STATIONARY,MOVING,MOVING,MOVING,MOVING,MOVING,MOVING
40765,1203,1,RIGHT_ARM,0.12362384,0.00100625,0.00813962,0.00393499,0.00630472,0.00479118,0.00641636,0.00989999,0.00682300,0.01311295,0.01534133,RELIABLE,RELIABLE,RELIABLE,RELIABLE,RELIABLE,RELIABLE,RELIABLE,RELIABLE,STATIONARY,STATIONARY,STATIONARY,MOVING,MOVING,MOVING,MOVING,MOVING,MOVING
40814,1204,1,RIGHT_ARM,0.12369361,0.00099300,0.00802787,0.00456125,0.00679166,0.00509428,0.00584083,0.00909080,0.00745762,0.01513039,0.01435979,RELIABLE,RELIABLE,RELIABLE,RELIABLE,RELIABLE,RELIABLE,RELIABLE,RELIABLE,STATIONARY,STATIONARY,STATIONARY,MOVING,MOVING,MOVING,MOVING,MOVING,MOVING
40842,1205,1,RIGHT_ARM,0.12372922,0.00049650,0.00401278,0.00474153,0.00712302,0.00529614,0.00498140,0.00832555,0.00704207,0.01575378,0.01068365,RELIABLE,RELIABLE,RELIABLE,RELIABLE,RELIABLE,RELIABLE,RELIABLE,RELIABLE,STATIONARY,STATIONARY,STATIONARY,MOVING,MOVING,MOVING,MOVING,MOVING,MOVING
40874,1206,1,RIGHT_ARM,0.12357043,0.00059567,0.00482046,0.00491831,0.00759515,0.00558677,0.00489662,0.00867207,0.00772356,0.02413288,0.01335958,RELIABLE,RELIABLE,RELIABLE,RELIABLE,RELIABLE,RELIABLE,RELIABLE,RELIABLE,STATIONARY,STATIONARY,STATIONARY,MOVING,MOVING,MOVING,MOVING,MOVING,MOVING
40905,1207,1,RIGHT_ARM,0.12390567,0.00048993,0.00395406,0.00519981,0.00792656,0.00562921,0.00527372,0.00995895,0.00826208,0.02405607,0.01497683,RELIABLE,RELIABLE,RELIABLE,RELIABLE,RELIABLE,RELIABLE,RELIABLE,RELIABLE,STATIONARY,STATIONARY,STATIONARY,MOVING,MOVING,MOVING,MOVING,MOVING,MOVING
40942,1208,1,RIGHT_ARM,0.12411775,0.00061632,0.00496559,0.00532153,0.00786475,0.00560600,0.00521733,0.00881338,0.00813647,0.02251227,0.01487873,RELIABLE,RELIABLE,RELIABLE,RELIABLE,RELIABLE,RELIABLE,RELIABLE,RELIABLE,STATIONARY,STATIONARY,STATIONARY,MOVING,MOVING,MOVING,MOVING,MOVING,MOVING
40984,1209,1,RIGHT_ARM,0.12422651,0.00030816,0.00248062,0.00509446,0.00754959,0.00535255,0.00465642,0.00794289,0.00786462,0.02183192,0.01363004,RELIABLE,RELIABLE,RELIABLE,RELIABLE,RELIABLE,RELIABLE,RELIABLE,RELIABLE,STATIONARY,STATIONARY,STATIONARY,MOVING,MOVING,MOVING,MOVING,MOVING,MOVING
41015,1210,1,RIGHT_ARM,0.12416810,0.00128988,0.01038819,0.00584865,0.00814650,0.00613146,0.00491292,0.00713344,0.00763284,0.02382589,0.01301068,RELIABLE,RELIABLE,RELIABLE,RELIABLE,RELIABLE,RELIABLE,RELIABLE,RELIABLE,STATIONARY,STATIONARY,STATIONARY,MOVING,MOVING,MOVING,MOVING,MOVING,MOVING
41047,1211,1,RIGHT_ARM,0.12405017,0.00051900,0.00418383,0.00535417,0.00718171,0.00552038,0.00464475,0.00699363,0.00749900,0.02295488,0.01350788,RELIABLE,RELIABLE,RELIABLE,RELIABLE,RELIABLE,RELIABLE,RELIABLE,RELIABLE,STATIONARY,STATIONARY,STATIONARY,STATIONARY,MOVING,MOVING,MOVING,MOVING,MOVING
41079,1212,1,RIGHT_ARM,0.12372629,0.00052265,0.00422424,0.00487872,0.00641447,0.00548139,0.00513026,0.00718792,0.00660324,0.02096426,0.01280681,RELIABLE,RELIABLE,RELIABLE,RELIABLE,RELIABLE,RELIABLE,RELIABLE,RELIABLE,STATIONARY,STATIONARY,STATIONARY,STATIONARY,MOVING,MOVING,MOVING,MOVING,MOVING
41111,1213,1,RIGHT_ARM,0.12421351,0.00059032,0.00475245,0.00497118,0.00620357,0.00569174,0.00593660,0.00767816,0.00650328,0.01956994,0.01395729,RELIABLE,RELIABLE,RELIABLE,RELIABLE,RELIABLE,RELIABLE,RELIABLE,RELIABLE,STATIONARY,STATIONARY,STATIONARY,STATIONARY,MOVING,MOVING,MOVING,MOVING,MOVING
41150,1214,1,RIGHT_ARM,0.12421849,0.00066869,0.00538316,0.00504152,0.00585113,0.00587275,0.00629890,0.00760321,0.00574068,0.01175379,0.01205918,RELIABLE,RELIABLE,RELIABLE,RELIABLE,RELIABLE,RELIABLE,RELIABLE,RELIABLE,STATIONARY,STATIONARY,STATIONARY,STATIONARY,MOVING,MOVING,MOVING,MOVING,MOVING
41189,1215,1,RIGHT_ARM,0.12422490,0.00033434,0.00269144,0.00488369,0.00557970,0.00606624,0.00606077,0.00645225,0.00516194,0.01211255,0.01083119,RELIABLE,RELIABLE,RELIABLE,RELIABLE,RELIABLE,RELIABLE,RELIABLE,RELIABLE,STATIONARY,STATIONARY,STATIONARY,STATIONARY,MOVING,MOVING,MOVING,MOVING,MOVING
41220,1216,1,RIGHT_ARM,0.12421027,0.00088904,0.00715753,0.00515768,0.00589231,0.00630319,0.00605055,0.00743556,0.00634405,0.01338104,0.01335038,RELIABLE,RELIABLE,RELIABLE,RELIABLE,RELIABLE,RELIABLE,RELIABLE,RELIABLE,STATIONARY,STATIONARY,STATIONARY,STATIONARY,MOVING,MOVING,MOVING,MOVING,MOVING
41252,1217,1,RIGHT_ARM,0.12381297,0.00051949,0.00419578,0.00537208,0.00620043,0.00650692,0.00654875,0.00737678,0.00667209,0.01602775,0.01448782,RELIABLE,RELIABLE,RELIABLE,RELIABLE,RELIABLE,RELIABLE,RELIABLE,RELIABLE,STATIONARY,STATIONARY,STATIONARY,STATIONARY,MOVING,MOVING,MOVING,MOVING,MOVING
41283,1218,1,RIGHT_ARM,0.12403746,0.00056733,0.00457390,0.00464529,0.00504503,0.00582649,0.00586985,0.00660704,0.00696951,0.01508119,0.01498335,RELIABLE,RELIABLE,RELIABLE,RELIABLE,RELIABLE,RELIABLE,RELIABLE,RELIABLE,STATIONARY,STATIONARY,STATIONARY,STATIONARY,MOVING,MOVING,MOVING,MOVING,MOVING
41315,1219,1,RIGHT_ARM,0.12353937,0.00074566,0.00603582,0.00487679,0.00495146,0.00588887,0.00586824,0.00726294,0.00811816,0.01905712,0.01621112,RELIABLE,RELIABLE,RELIABLE,RELIABLE,RELIABLE,RELIABLE,RELIABLE,RELIABLE,STATIONARY,STATIONARY,STATIONARY,STATIONARY,MOVING,MOVING,MOVING,MOVING,MOVING
41347,1220,1,RIGHT_ARM,0.12329460,0.00037283,0.00302390,0.00472675,0.00503392,0.00570557,0.00540596,0.00699549,0.00865510,0.01984335,0.01673211,RELIABLE,RELIABLE,RELIABLE,RELIABLE,RELIABLE,RELIABLE,RELIABLE,RELIABLE,STATIONARY,STATIONARY,STATIONARY,STATIONARY,MOVING,MOVING,MOVING,MOVING,MOVING
41379,1221,1,RIGHT_ARM,0.12320764,0.00042124,0.00341891,0.00456005,0.00559693,0.00593036,0.00516787,0.00702222,0.00954708,0.02436598,0.01833123,RELIABLE,RELIABLE,RELIABLE,RELIABLE,RELIABLE,RELIABLE,RELIABLE,RELIABLE,STATIONARY,STATIONARY,STATIONARY,STATIONARY,MOVING,MOVING,MOVING,MOVING,MOVING
41410,1222,1,RIGHT_ARM,0.12343891,0.00093555,0.00757909,0.00483455,0.00566565,0.00631758,0.00527081,0.00724890,0.00910384,0.02611818,0.01797798,RELIABLE,RELIABLE,RELIABLE,RELIABLE,RELIABLE,RELIABLE,RELIABLE,RELIABLE,STATIONARY,STATIONARY,STATIONARY,STATIONARY,MOVING,MOVING,MOVING,MOVING,MOVING
41441,1223,1,RIGHT_ARM,0.12430950,0.00074731,0.00601169,0.00524958,0.00626472,0.00714919,0.00640610,0.00791113,0.00953513,0.02656776,0.01810571,RELIABLE,RELIABLE,RELIABLE,RELIABLE,RELIABLE,RELIABLE,RELIABLE,RELIABLE,STATIONARY,STATIONARY,STATIONARY,STATIONARY,MOVING,MOVING,MOVING,MOVING,MOVING
41472,1224,1,RIGHT_ARM,0.12474647,0.00037366,0.00299532,0.00472930,0.00559609,0.00676797,0.00674761,0.00637538,0.00795203,0.02512431,0.01455880,RELIABLE,RELIABLE,RELIABLE,RELIABLE,RELIABLE,RELIABLE,RELIABLE,RELIABLE,STATIONARY,STATIONARY,STATIONARY,STATIONARY,MOVING,MOVING,MOVING,MOVING,MOVING
41518,1225,1,RIGHT_ARM,0.12372827,0.00090551,0.00731855,0.00511965,0.00649123,0.00719777,0.00883386,0.00699426,0.00827851,0.02566181,0.01457016,RELIABLE,RELIABLE,RELIABLE,RELIABLE,RELIABLE,RELIABLE,RELIABLE,RELIABLE,STATIONARY,STATIONARY,STATIONARY,STATIONARY,MOVING,MOVING,MOVING,MOVING,MOVING
41551,1226,1,RIGHT_ARM,0.12321977,0.00045276,0.00367438,0.00500721,0.00665048,0.00704229,0.00975138,0.00707502,0.00813846,0.02501364,0.01411312,RELIABLE,RELIABLE,RELIABLE,RELIABLE,RELIABLE,RELIABLE,RELIABLE,RELIABLE,STATIONARY,STATIONARY,STATIONARY,STATIONARY,MOVING,MOVING,MOVING,MOVING,MOVING
41583,1227,1,RIGHT_ARM,0.12345723,0.00056976,0.00461505,0.00482961,0.00614005,0.00638228,0.01152106,0.00671118,0.00674705,0.02254529,0.01262070,RELIABLE,RELIABLE,RELIABLE,RELIABLE,RELIABLE,RELIABLE,RELIABLE,RELIABLE,STATIONARY,STATIONARY,STATIONARY,STATIONARY,MOVING,MOVING,MOVING,MOVING,MOVING
41615,1228,1,RIGHT_ARM,0.12398907,0.00097963,0.00790093,0.00543924,0.00667814,0.00647857,0.01455751,0.00716131,0.00655407,0.02162617,0.01298724,RELIABLE,RELIABLE,RELIABLE,RELIABLE,RELIABLE,RELIABLE,RELIABLE,RELIABLE,STATIONARY,STATIONARY,STATIONARY,STATIONARY,MOVING,MOVING,MOVING,MOVING,MOVING
41647,1229,1,RIGHT_ARM,0.12398860,0.00102456,0.00826332,0.00604479,0.00706825,0.00664244,0.01943807,0.00710479,0.00597418,0.02198139,0.01367382,RELIABLE,RELIABLE,RELIABLE,RELIABLE,RELIABLE,RELIABLE,RELIABLE,RELIABLE,STATIONARY,STATIONARY,STATIONARY,STATIONARY,MOVING,MOVING,MOVING,MOVING,MOVING
41678,1230,1,RIGHT_ARM,0.12398858,0.00051228,0.00413166,0.00561386,0.00700110,0.00582641,0.02113692,0.00649819,0.00581833,0.02070562,0.01404182,RELIABLE,RELIABLE,RELIABLE,RELIABLE,RELIABLE,RELIABLE,RELIABLE,RELIABLE,STATIONARY,STATIONARY,STATIONARY,MOVING,MOVING,MOVING,MOVING,MOVING,MOVING
41709,1231,1,RIGHT_ARM,0.12390720,0.00036886,0.00297690,0.00523451,0.00679452,0.00517160,0.02380726,0.00644807,0.00579866,0.02161995,0.01462171,RELIABLE,RELIABLE,RELIABLE,RELIABLE,RELIABLE,RELIABLE,RELIABLE,RELIABLE,STATIONARY,STATIONARY,STATIONARY,MOVING,MOVING,MOVING,MOVING,MOVING,MOVING
41741,1232,1,RIGHT_ARM,0.12225756,0.00104154,0.00851920,0.00592500,0.00787335,0.00606889,0.03222405,0.00840874,0.00677161,0.02453327,0.01558935,RELIABLE,RELIABLE,RELIABLE,RELIABLE,RELIABLE,RELIABLE,RELIABLE,RELIABLE,STATIONARY,STATIONARY,STATIONARY,MOVING,MOVING,MOVING,MOVING,MOVING,MOVING
41772,1233,1,RIGHT_ARM,0.12216514,0.00095377,0.00780722,0.00598608,0.00730299,0.00640421,0.03818008,0.00864208,0.00644587,0.02402160,0.01477593,RELIABLE,RELIABLE,RELIABLE,RELIABLE,RELIABLE,RELIABLE,RELIABLE,RELIABLE,STATIONARY,STATIONARY,STATIONARY,MOVING,MOVING,MOVING,MOVING,MOVING,MOVING
41806,1234,1,RIGHT_ARM,0.12282208,0.00065653,0.00534540,0.00619496,0.00751790,0.00739588,0.04535654,0.00944480,0.00870460,0.02684473,0.01738759,RELIABLE,RELIABLE,RELIABLE,RELIABLE,RELIABLE,RELIABLE,RELIABLE,RELIABLE,STATIONARY,STATIONARY,STATIONARY,MOVING,MOVING,MOVING,MOVING,MOVING,MOVING
41835,1235,1,RIGHT_ARM,0.12315228,0.00032827,0.00266553,0.00595127,0.00771384,0.00781687,0.04709202,0.00918888,0.00949960,0.02624975,0.01791016,RELIABLE,RELIABLE,RELIABLE,RELIABLE,RELIABLE,RELIABLE,RELIABLE,RELIABLE,STATIONARY,STATIONARY,STATIONARY,MOVING,MOVING,MOVING,MOVING,MOVING,MOVING
41866,1236,1,RIGHT_ARM,0.12346107,0.00036851,0.00298484,0.00533676,0.00689287,0.00756337,0.04962442,0.00948640,0.01016495,0.02782630,0.01872295,RELIABLE,RELIABLE,RELIABLE,RELIABLE,RELIABLE,RELIABLE,RELIABLE,RELIABLE,STATIONARY,STATIONARY,STATIONARY,MOVING,MOVING,MOVING,MOVING,MOVING,MOVING
41898,1237,1,RIGHT_ARM,0.12315542,0.00065402,0.00531051,0.00496766,0.00655531,0.00737548,0.05087509,0.00937161,0.01056758,0.02464329,0.01673728,RELIABLE,RELIABLE,RELIABLE,RELIABLE,RELIABLE,RELIABLE,RELIABLE,RELIABLE,STATIONARY,STATIONARY,STATIONARY,MOVING,MOVING,MOVING,MOVING,MOVING,MOVING
41934,1238,1,RIGHT_ARM,0.12225591,0.00071103,0.00581591,0.00517819,0.00692408,0.00813819,0.05588104,0.00948496,0.01260711,0.02636415,0.01746359,RELIABLE,RELIABLE,RELIABLE,RELIABLE,RELIABLE,RELIABLE,RELIABLE,RELIABLE,STATIONARY,STATIONARY,STATIONARY,MOVING,MOVING,MOVING,MOVING,MOVING,MOVING
41965,1239,1,RIGHT_ARM,0.12216332,0.00130019,0.01064306,0.00613646,0.00821794,0.00817259,0.05778665,0.00946311,0.01237498,0.02558342,0.01675203,RELIABLE,RELIABLE,RELIABLE,RELIABLE,RELIABLE,RELIABLE,RELIABLE,RELIABLE,STATIONARY,STATIONARY,STATIONARY,MOVING,MOVING,MOVING,MOVING,MOVING,MOVING
42015,1240,1,RIGHT_ARM,0.12166465,0.00051492,0.00423233,0.00560060,0.00748117,0.00727347,0.05268311,0.00927263,0.01305132,0.02457936,0.01811330,RELIABLE,RELIABLE,RELIABLE,RELIABLE,RELIABLE,RELIABLE,RELIABLE,RELIABLE,STATIONARY,STATIONARY,STATIONARY,MOVING,MOVING,MOVING,MOVING,MOVING,MOVING
42056,1241,1,RIGHT_ARM,0.12141734,0.00025746,0.00212047,0.00488976,0.00684245,0.00623255,0.04596931,0.00909088,0.01334923,0.02277713,0.01843219,RELIABLE,RELIABLE,RELIABLE,RELIABLE,RELIABLE,RELIABLE,RELIABLE,RELIABLE,STATIONARY,STATIONARY,STATIONARY,MOVING,MOVING,MOVING,MOVING,MOVING,MOVING
42088,1242,1,RIGHT_ARM,0.12241466,0.00146312,0.01195214,0.00571560,0.00745659,0.00622422,0.03924230,0.00909085,0.01305181,0.02173950,0.01901593,RELIABLE,RELIABLE,RELIABLE,RELIABLE,RELIABLE,RELIABLE,RELIABLE,RELIABLE,STATIONARY,STATIONARY,STATIONARY,MOVING,MOVING,MOVING,MOVING,MOVING,MOVING
42121,1243,1,RIGHT_ARM,0.12241423,0.00069385,0.00566809,0.00609092,0.00794479,0.00609769,0.03601252,0.00936219,0.01241996,0.02274999,0.01843669,RELIABLE,RELIABLE,RELIABLE,RELIABLE,RELIABLE,RELIABLE,RELIABLE,RELIABLE,STATIONARY,STATIONARY,STATIONARY,MOVING,MOVING,MOVING,MOVING,MOVING,MOVING
42151,1244,1,RIGHT_ARM,0.12124730,0.00128191,0.01057270,0.00703940,0.01002132,0.00710573,0.03146263,0.00964835,0.01179939,0.02003016,0.01669192,RELIABLE,RELIABLE,RELIABLE,RELIABLE,RELIABLE,RELIABLE,RELIABLE,RELIABLE,STATIONARY,STATIONARY,STATIONARY,MOVING,MOVING,MOVING,MOVING,MOVING,MOVING
42183,1245,1,RIGHT_ARM,0.12066448,0.00064096,0.00531188,0.00703957,0.01017657,0.00701223,0.02528768,0.00978718,0.01093338,0.01809835,0.01487084,RELIABLE,RELIABLE,RELIABLE,RELIABLE,RELIABLE,RELIABLE,RELIABLE,RELIABLE,STATIONARY,STATIONARY,STATIONARY,MOVING,MOVING,MOVING,MOVING,MOVING,MOVING
42215,1246,1,RIGHT_ARM,0.12064504,0.00045080,0.00373657,0.00677965,0.00959707,0.00626107,0.02037352,0.01012882,0.00966292,0.01661006,0.01383821,RELIABLE,RELIABLE,RELIABLE,RELIABLE,RELIABLE,RELIABLE,RELIABLE,RELIABLE,STATIONARY,STATIONARY,STATIONARY,MOVING,MOVING,MOVING,MOVING,MOVING,MOVING
42247,1247,1,RIGHT_ARM,0.12186955,0.00201271,0.01651524,0.00751368,0.01040621,0.00680469,0.02014185,0.01082676,0.00996760,0.01804004,0.01464786,RELIABLE,RELIABLE,RELIABLE,RELIABLE,RELIABLE,RELIABLE,RELIABLE,RELIABLE,STATIONARY,STATIONARY,STATIONARY,MOVING,MOVING,MOVING,MOVING,MOVING,MOVING
42279,1248,1,RIGHT_ARM,0.12186035,0.00121590,0.00997781,0.00823186,0.01164151,0.00767157,0.02253964,0.00917443,0.00862831,0.01723592,0.01352310,RELIABLE,RELIABLE,RELIABLE,RELIABLE,RELIABLE,RELIABLE,RELIABLE,RELIABLE,STATIONARY,STATIONARY,STATIONARY,MOVING,MOVING,MOVING,MOVING,MOVING,MOVING
42310,1249,1,RIGHT_ARM,0.12118432,0.00074020,0.00610809,0.00873031,0.01231106,0.00798393,0.02822135,0.00950713,0.00858248,0.01687592,0.01337005,RELIABLE,RELIABLE,RELIABLE,RELIABLE,RELIABLE,RELIABLE,RELIABLE,RELIABLE,STATIONARY,STATIONARY,STATIONARY,MOVING,MOVING,MOVING,MOVING,MOVING,MOVING
42350,1250,1,RIGHT_ARM,0.12143963,0.00055527,0.00457244,0.00780785,0.01110482,0.00696649,0.03406976,0.00881869,0.00774033,0.01813953,0.01220743,RELIABLE,RELIABLE,RELIABLE,RELIABLE,RELIABLE,RELIABLE,RELIABLE,RELIABLE,STATIONARY,STATIONARY,STATIONARY,MOVING,MOVING,MOVING,MOVING,MOVING,MOVING
42390,1251,1,RIGHT_ARM,0.12157426,0.00027764,0.00228369,0.00738480,0.01032172,0.00658188,0.03686749,0.00820456,0.00780523,0.01724558,0.01250038,RELIABLE,RELIABLE,RELIABLE,RELIABLE,RELIABLE,RELIABLE,RELIABLE,RELIABLE,STATIONARY,STATIONARY,STATIONARY,MOVING,MOVING,MOVING,MOVING,MOVING,MOVING
42421,1252,1,RIGHT_ARM,0.12293435,0.00159807,0.01299938,0.00768814,0.01012259,0.00684439,0.04303912,0.00882585,0.00865982,0.01841352,0.01317444,RELIABLE,RELIABLE,RELIABLE,RELIABLE,RELIABLE,RELIABLE,RELIABLE,RELIABLE,STATIONARY,STATIONARY,STATIONARY,MOVING,MOVING,MOVING,MOVING,MOVING,MOVING
42452,1253,1,RIGHT_ARM,0.12372964,0.00090911,0.00734757,0.00794260,0.01017235,0.00697232,0.05259848,0.00926146,0.00936061,0.01991740,0.01407638,RELIABLE,RELIABLE,RELIABLE,RELIABLE,RELIABLE,RELIABLE,RELIABLE,RELIABLE,STATIONARY,STATIONARY,STATIONARY,MOVING,MOVING,MOVING,MOVING,MOVING,MOVING
42484,1254,1,RIGHT_ARM,0.12378475,0.00041042,0.00331557,0.00788997,0.01022598,0.00672444,0.05897222,0.00954436,0.00920830,0.01870203,0.01459021,RELIABLE,RELIABLE,RELIABLE,RELIABLE,RELIABLE,RELIABLE,RELIABLE,RELIABLE,STATIONARY,STATIONARY,STATIONARY,MOVING,MOVING,MOVING,MOVING,MOVING,MOVING
42515,1255,1,RIGHT_ARM,0.12381257,0.00020521,0.00165741,0.00603274,0.00765270,0.00563704,0.05762531,0.00843505,0.00873286,0.01643555,0.01389543,RELIABLE,RELIABLE,RELIABLE,RELIABLE,RELIABLE,RELIABLE,RELIABLE,RELIABLE,STATIONARY,STATIONARY,STATIONARY,MOVING,MOVING,MOVING,MOVING,MOVING,MOVING
42547,1256,1,RIGHT_ARM,0.12433081,0.00067868,0.00545870,0.00546786,0.00598697,0.00480693,0.05648852,0.00963978,0.00954521,0.01888827,0.01462591,RELIABLE,RELIABLE,RELIABLE,RELIABLE,RELIABLE,RELIABLE,RELIABLE,RELIABLE,STATIONARY,STATIONARY,STATIONARY,MOVING,MOVING,MOVING,MOVING,MOVING,MOVING
42579,1257,1,RIGHT_ARM,0.12282251,0.00066547,0.00541818,0.00538162,0.00572759,0.00496743,0.05507159,0.00862240,0.01077771,0.02104292,0.01638468,RELIABLE,RELIABLE,RELIABLE,RELIABLE,RELIABLE,RELIABLE,RELIABLE,RELIABLE,STATIONARY,STATIONARY,STATIONARY,MOVING,MOVING,MOVING,MOVING,MOVING,MOVING
42611,1258,1,RIGHT_ARM,0.12279162,0.00050088,0.00407914,0.00531995,0.00580382,0.00495925,0.05361124,0.00889394,0.01015798,0.01934428,0.01513271,RELIABLE,RELIABLE,RELIABLE,RELIABLE,RELIABLE,RELIABLE,RELIABLE,RELIABLE,STATIONARY,STATIONARY,STATIONARY,MOVING,MOVING,MOVING,MOVING,MOVING,MOVING
42642,1259,1,RIGHT_ARM,0.12299604,0.00042014,0.00341587,0.00546148,0.00589892,0.00501041,0.05313959,0.00960913,0.01018246,0.01867881,0.01571709,RELIABLE,RELIABLE,RELIABLE,RELIABLE,RELIABLE,RELIABLE,RELIABLE,RELIABLE,STATIONARY,STATIONARY,STATIONARY,MOVING,MOVING,MOVING,MOVING,MOVING,MOVING
42674,1260,1,RIGHT_ARM,0.12309860,0.00021007,0.00170651,0.00404987,0.00404631,0.00354647,0.04724757,0.00782864,0.00890430,0.01776104,0.01526897,RELIABLE,RELIABLE,RELIABLE,RELIABLE,RELIABLE,RELIABLE,RELIABLE,RELIABLE,STATIONARY,STATIONARY,STATIONARY,MOVING,MOVING,MOVING,MOVING,MOVING,MOVING
42718,1261,1,RIGHT_ARM,0.12307554,0.00086470,0.00702580,0.00400965,0.00468558,0.00453612,0.03772806,0.00723872,0.00832374,0.01844847,0.01592177,RELIABLE,RELIABLE,RELIABLE,RELIABLE,RELIABLE,RELIABLE,RELIABLE,RELIABLE,STATIONARY,STATIONARY,STATIONARY,MOVING,MOVING,MOVING,MOVING,MOVING,MOVING
42752,1262,1,RIGHT_ARM,0.12306402,0.00043235,0.00351323,0.00403436,0.00509613,0.00519064,0.02882035,0.00643571,0.00753543,0.01796964,0.01458835,RELIABLE,RELIABLE,RELIABLE,RELIABLE,RELIABLE,RELIABLE,RELIABLE,RELIABLE,STATIONARY,STATIONARY,STATIONARY,MOVING,MOVING,MOVING,MOVING,MOVING,MOVING
42784,1263,1,RIGHT_ARM,0.12288696,0.00082201,0.00668915,0.00466332,0.00656003,0.00757231,0.02677297,0.00758316,0.00818588,0.01939533,0.01442468,RELIABLE,RELIABLE,RELIABLE,RELIABLE,RELIABLE,RELIABLE,RELIABLE,RELIABLE,STATIONARY,STATIONARY,STATIONARY,MOVING,MOVING,MOVING,MOVING,MOVING,MOVING
42816,1264,1,RIGHT_ARM,0.12209412,0.00095707,0.00783882,0.00496084,0.00712444,0.00723829,0.02577294,0.00657178,0.00714436,0.01861185,0.01421330,RELIABLE,RELIABLE,RELIABLE,RELIABLE,RELIABLE,RELIABLE,RELIABLE,RELIABLE,STATIONARY,STATIONARY,STATIONARY,MOVING,MOVING,MOVING,MOVING,MOVING,MOVING
42847,1265,1,RIGHT_ARM,0.12278426,0.00063870,0.00520178,0.00493379,0.00743524,0.00739318,0.02435280,0.00754287,0.00582487,0.01938247,0.01341246,RELIABLE,RELIABLE,RELIABLE,RELIABLE,RELIABLE,RELIABLE,RELIABLE,RELIABLE,STATIONARY,STATIONARY,STATIONARY,MOVING,MOVING,MOVING,MOVING,MOVING,MOVING
42879,1266,1,RIGHT_ARM,0.12313213,0.00031935,0.00259354,0.00474809,0.00748724,0.00739307,0.02054593,0.00732178,0.00524155,0.01814460,0.01277960,RELIABLE,RELIABLE,RELIABLE,RELIABLE,RELIABLE,RELIABLE,RELIABLE,RELIABLE,STATIONARY,STATIONARY,STATIONARY,MOVING,MOVING,MOVING,MOVING,MOVING,MOVING
42910,1267,1,RIGHT_ARM,0.12267001,0.00099014,0.00807153,0.00533005,0.00814899,0.00759150,0.02214104,0.00799530,0.00524333,0.01937803,0.01488988,RELIABLE,RELIABLE,RELIABLE,RELIABLE,RELIABLE,RELIABLE,RELIABLE,RELIABLE,STATIONARY,STATIONARY,STATIONARY,MOVING,MOVING,MOVING,MOVING,MOVING,MOVING
42942,1268,1,RIGHT_ARM,0.12237958,0.00069554,0.00568349,0.00582717,0.00920717,0.00911985,0.02749211,0.00836023,0.00580477,0.02103331,0.01558533,RELIABLE,RELIABLE,RELIABLE,RELIABLE,RELIABLE,RELIABLE,RELIABLE,RELIABLE,STATIONARY,STATIONARY,STATIONARY,MOVING,MOVING,MOVING,MOVING,MOVING,MOVING
42974,1269,1,RIGHT_ARM,0.12127214,0.00197666,0.01629940,0.00698637,0.01005006,0.00876066,0.03621610,0.00882727,0.00682913,0.02026190,0.01552159,RELIABLE,RELIABLE,RELIABLE,RELIABLE,RELIABLE,RELIABLE,RELIABLE,RELIABLE,STATIONARY,STATIONARY,STATIONARY,MOVING,MOVING,MOVING,MOVING,MOVING,MOVING
43004,1270,1,RIGHT_ARM,0.12074416,0.00098833,0.00818534,0.00757038,0.01047720,0.00858411,0.04059877,0.00906329,0.00734472,0.01987989,0.01549378,RELIABLE,RELIABLE,RELIABLE,RELIABLE,RELIABLE,RELIABLE,RELIABLE,RELIABLE,STATIONARY,STATIONARY,STATIONARY,MOVING,MOVING,MOVING,MOVING,MOVING,MOVING
43035,1271,1,RIGHT_ARM,0.12017233,0.00157685,0.01312157,0.00837443,0.01063559,0.00722510,0.04546981,0.00833317,0.00696752,0.02141253,0.01872657,RELIABLE,RELIABLE,RELIABLE,RELIABLE,RELIABLE,RELIABLE,RELIABLE,RELIABLE,STATIONARY,STATIONARY,STATIONARY,MOVING,MOVING,MOVING,MOVING,MOVING,MOVING
43067,1272,1,RIGHT_ARM,0.12057948,0.00056116,0.00465389,0.00797632,0.01023820,0.00719735,0.04915741,0.00843412,0.00763669,0.02157956,0.01786032,RELIABLE,RELIABLE,RELIABLE,RELIABLE,RELIABLE,RELIABLE,RELIABLE,RELIABLE,STATIONARY,STATIONARY,STATIONARY,MOVING,MOVING,MOVING,MOVING,MOVING,MOVING
43098,1273,1,RIGHT_ARM,0.12094845,0.00063861,0.00528002,0.00798610,0.01015563,0.00649662,0.05248923,0.00757908,0.00836381,0.02070548,0.01832984,RELIABLE,RELIABLE,RELIABLE,RELIABLE,RELIABLE,RELIABLE,RELIABLE,RELIABLE,STATIONARY,STATIONARY,STATIONARY,MOVING,MOVING,MOVING,MOVING,MOVING,MOVING
43135,1274,1,RIGHT_ARM,0.12075997,0.00107764,0.00892381,0.00877738,0.01128536,0.00772206,0.05884888,0.00887614,0.00913925,0.02288367,0.01999548,RELIABLE,RELIABLE,RELIABLE,RELIABLE,RELIABLE,RELIABLE,RELIABLE,RELIABLE,STATIONARY,STATIONARY,STATIONARY,MOVING,MOVING,MOVING,MOVING,MOVING,MOVING
43183,1275,1,RIGHT_ARM,0.12044467,0.00163475,0.01357258,0.00946501,0.01242828,0.00901588,0.06165371,0.00879615,0.00911135,0.02106058,0.01781760,RELIABLE,RELIABLE,RELIABLE,RELIABLE,RELIABLE,RELIABLE,RELIABLE,RELIABLE,STATIONARY,STATIONARY,STATIONARY,MOVING,MOVING,MOVING,MOVING,MOVING,MOVING
43222,1276,1,RIGHT_ARM,0.12028756,0.00081737,0.00679515,0.00960397,0.01227394,0.00823495,0.05850909,0.00872949,0.00853775,0.01911199,0.01709055,RELIABLE,RELIABLE,RELIABLE,RELIABLE,RELIABLE,RELIABLE,RELIABLE,RELIABLE,STATIONARY,STATIONARY,STATIONARY,MOVING,MOVING,MOVING,MOVING,MOVING,MOVING
43253,1277,1,RIGHT_ARM,0.12044716,0.00125327,0.01040511,0.00886718,0.01154991,0.00813475,0.05401682,0.00810472,0.00764320,0.01999249,0.01835645,RELIABLE,RELIABLE,RELIABLE,RELIABLE,RELIABLE,RELIABLE,RELIABLE,RELIABLE,STATIONARY,STATIONARY,STATIONARY,MOVING,MOVING,MOVING,MOVING,MOVING,MOVING
43285,1278,1,RIGHT_ARM,0.12138888,0.00111754,0.00920631,0.00899480,0.01173058,0.00838977,0.05368135,0.00875375,0.00850707,0.02213259,0.02017946,RELIABLE,RELIABLE,RELIABLE,RELIABLE,RELIABLE,RELIABLE,RELIABLE,RELIABLE,STATIONARY,STATIONARY,STATIONARY,MOVING,MOVING,MOVING,MOVING,MOVING,MOVING
43317,1279,1,RIGHT_ARM,0.12106216,0.00044705,0.00369271,0.00781620,0.01074536,0.00768823,0.05168971,0.00837982,0.00899615,0.02282566,0.01904732,RELIABLE,RELIABLE,RELIABLE,RELIABLE,RELIABLE,RELIABLE,RELIABLE,RELIABLE,STATIONARY,STATIONARY,STATIONARY,MOVING,MOVING,MOVING,MOVING,MOVING,MOVING
43349,1280,1,RIGHT_ARM,0.12017712,0.00081482,0.00678019,0.00808199,0.01127889,0.00812297,0.04502338,0.00806096,0.00937888,0.02111723,0.01963626,RELIABLE,RELIABLE,RELIABLE,RELIABLE,RELIABLE,RELIABLE,RELIABLE,RELIABLE,STATIONARY,STATIONARY,STATIONARY,MOVING,MOVING,MOVING,MOVING,MOVING,MOVING
43380,1281,1,RIGHT_ARM,0.11973462,0.00040741,0.00340262,0.00784731,0.01077672,0.00825157,0.03748645,0.00778995,0.00852711,0.01908888,0.01792115,RELIABLE,RELIABLE,RELIABLE,RELIABLE,RELIABLE,RELIABLE,RELIABLE,RELIABLE,STATIONARY,STATIONARY,STATIONARY,MOVING,MOVING,MOVING,MOVING,MOVING,MOVING
43411,1282,1,RIGHT_ARM,0.12015058,0.00117345,0.00976651,0.00795265,0.01100023,0.00797630,0.02948130,0.00654429,0.00829505,0.01808324,0.01621688,RELIABLE,RELIABLE,RELIABLE,RELIABLE,RELIABLE,RELIABLE,RELIABLE,RELIABLE,STATIONARY,STATIONARY,STATIONARY,MOVING,MOVING,MOVING,MOVING,MOVING,MOVING
43442,1283,1,RIGHT_ARM,0.12010509,0.00053961,0.00449278,0.00681767,0.00955225,0.00643319,0.02309873,0.00606208,0.00920891,0.02297974,0.01615485,RELIABLE,RELIABLE,RELIABLE,RELIABLE,RELIABLE,RELIABLE,RELIABLE,RELIABLE,STATIONARY,STATIONARY,STATIONARY,MOVING,MOVING,MOVING,MOVING,MOVING,MOVING
43473,1284,1,RIGHT_ARM,0.12010352,0.00166815,0.01388925,0.00770443,0.01023196,0.00793622,0.02214271,0.00578022,0.01023533,0.02517258,0.01892620,RELIABLE,RELIABLE,RELIABLE,RELIABLE,RELIABLE,RELIABLE,RELIABLE,RELIABLE,STATIONARY,STATIONARY,STATIONARY,MOVING,MOVING,MOVING,MOVING,MOVING,MOVING
43504,1285,1,RIGHT_ARM,0.12022553,0.00069255,0.00576040,0.00712385,0.00928572,0.00676407,0.02130411,0.00763492,0.01159322,0.02677769,0.01897519,RELIABLE,RELIABLE,RELIABLE,RELIABLE,RELIABLE,RELIABLE,RELIABLE,RELIABLE,STATIONARY,STATIONARY,STATIONARY,MOVING,MOVING,MOVING,MOVING,MOVING,MOVING
43550,1286,1,RIGHT_ARM,0.12012006,0.00135022,0.01124058,0.00737813,0.00934564,0.00710007,0.02289447,0.00761000,0.01059063,0.02578937,0.01809553,RELIABLE,RELIABLE,RELIABLE,RELIABLE,RELIABLE,RELIABLE,RELIABLE,RELIABLE,STATIONARY,STATIONARY,STATIONARY,MOVING,MOVING,MOVING,MOVING,MOVING,MOVING
43583,1287,1,RIGHT_ARM,0.12006876,0.00067511,0.00562269,0.00761938,0.00924809,0.00731375,0.02042970,0.00759555,0.00962284,0.02228405,0.01595027,RELIABLE,RELIABLE,RELIABLE,RELIABLE,RELIABLE,RELIABLE,RELIABLE,RELIABLE,STATIONARY,STATIONARY,STATIONARY,MOVING,MOVING,MOVING,MOVING,MOVING,MOVING
43614,1288,1,RIGHT_ARM,0.12066097,0.00093800,0.00777388,0.00774359,0.00952222,0.00814021,0.02463446,0.00759603,0.00935724,0.02441445,0.01550672,RELIABLE,RELIABLE,RELIABLE,RELIABLE,RELIABLE,RELIABLE,RELIABLE,RELIABLE,STATIONARY,STATIONARY,STATIONARY,MOVING,MOVING,MOVING,MOVING,MOVING,MOVING
43646,1289,1,RIGHT_ARM,0.12072459,0.00097731,0.00809538,0.00833018,0.01016758,0.00835339,0.03025246,0.00866111,0.01033286,0.02623993,0.01754182,RELIABLE,RELIABLE,RELIABLE,RELIABLE,RELIABLE,RELIABLE,RELIABLE,RELIABLE,STATIONARY,STATIONARY,STATIONARY,MOVING,MOVING,MOVING,MOVING,MOVING,MOVING
43678,1290,1,RIGHT_ARM,0.12120389,0.00059597,0.00491707,0.00772400,0.00874058,0.00755549,0.03784213,0.00873975,0.01004905,0.02496283,0.01773709,RELIABLE,RELIABLE,RELIABLE,RELIABLE,RELIABLE,RELIABLE,RELIABLE,RELIABLE,STATIONARY,STATIONARY,STATIONARY,MOVING,MOVING,MOVING,MOVING,MOVING,MOVING
43710,1291,1,RIGHT_ARM,0.12144355,0.00029798,0.00245368,0.00746912,0.00831579,0.00762683,0.04063088,0.00800301,0.00866530,0.01980181,0.01641863,RELIABLE,RELIABLE,RELIABLE,RELIABLE,RELIABLE,RELIABLE,RELIABLE,RELIABLE,STATIONARY,STATIONARY,STATIONARY,MOVING,MOVING,MOVING,MOVING,MOVING,MOVING
43741,1292,1,RIGHT_ARM,0.12233620,0.00087547,0.00715629,0.00662750,0.00807990,0.00716890,0.04553046,0.00826873,0.00803489,0.01995653,0.01446729,RELIABLE,RELIABLE,RELIABLE,RELIABLE,RELIABLE,RELIABLE,RELIABLE,RELIABLE,STATIONARY,STATIONARY,STATIONARY,MOVING,MOVING,MOVING,MOVING,MOVING,MOVING
43773,1293,1,RIGHT_ARM,0.12124707,0.00072050,0.00594245,0.00665025,0.00791890,0.00858986,0.05263334,0.00682754,0.00743312,0.01893922,0.01283948,RELIABLE,RELIABLE,RELIABLE,RELIABLE,RELIABLE,RELIABLE,RELIABLE,RELIABLE,STATIONARY,STATIONARY,STATIONARY,MOVING,MOVING,MOVING,MOVING,MOVING,MOVING
43807,1294,1,RIGHT_ARM,0.12088715,0.00099565,0.00823622,0.00627471,0.00837371,0.00910396,0.05617765,0.00735972,0.00808280,0.01958962,0.01340687,RELIABLE,RELIABLE,RELIABLE,RELIABLE,RELIABLE,RELIABLE,RELIABLE,RELIABLE,STATIONARY,STATIONARY,STATIONARY,MOVING,MOVING,MOVING,MOVING,MOVING,MOVING
43836,1295,1,RIGHT_ARM,0.12070804,0.00049783,0.00412422,0.00608740,0.00860228,0.00936209,0.05795562,0.00762685,0.00840847,0.01991637,0.01369200,RELIABLE,RELIABLE,RELIABLE,RELIABLE,RELIABLE,RELIABLE,RELIABLE,RELIABLE,STATIONARY,STATIONARY,STATIONARY,MOVING,MOVING,MOVING,MOVING,MOVING,MOVING
43869,1296,1,RIGHT_ARM,0.12107815,0.00033940,0.00280312,0.00546605,0.00788085,0.00795002,0.05848439,0.00870133,0.00764423,0.01808018,0.01441909,RELIABLE,RELIABLE,RELIABLE,RELIABLE,RELIABLE,RELIABLE,RELIABLE,RELIABLE,STATIONARY,STATIONARY,STATIONARY,MOVING,MOVING,MOVING,MOVING,MOVING,MOVING
43900,1297,1,RIGHT_ARM,0.12116606,0.00045606,0.00376391,0.00492462,0.00685744,0.00778749,0.05900829,0.00868496,0.00655415,0.01859072,0.01532306,RELIABLE,RELIABLE,RELIABLE,RELIABLE,RELIABLE,RELIABLE,RELIABLE,RELIABLE,STATIONARY,STATIONARY,STATIONARY,MOVING,MOVING,MOVING,MOVING,MOVING,MOVING
43931,1298,1,RIGHT_ARM,0.12115166,0.00068425,0.00564785,0.00501597,0.00777473,0.00826973,0.05743368,0.00858554,0.00767697,0.02079173,0.01580995,RELIABLE,RELIABLE,RELIABLE,RELIABLE,RELIABLE,RELIABLE,RELIABLE,RELIABLE,STATIONARY,STATIONARY,STATIONARY,MOVING,MOVING,MOVING,MOVING,MOVING,MOVING
43965,1299,1,RIGHT_ARM,0.12152223,0.00022615,0.00186095,0.00494188,0.00806936,0.00821217,0.05762356,0.00958980,0.00853576,0.02363892,0.01729554,RELIABLE,RELIABLE,RELIABLE,RELIABLE,RELIABLE,RELIABLE,RELIABLE,RELIABLE,STATIONARY,STATIONARY,STATIONARY,MOVING,MOVING,MOVING,MOVING,MOVING,MOVING
44014,1300,1,RIGHT_ARM,0.12185006,0.00060500,0.00496511,0.00466798,0.00799850,0.00720319,0.05320267,0.00961794,0.00866286,0.02188907,0.01629089,RELIABLE,RELIABLE,RELIABLE,RELIABLE,RELIABLE,RELIABLE,RELIABLE,RELIABLE,STATIONARY,STATIONARY,STATIONARY,MOVING,MOVING,MOVING,MOVING,MOVING,MOVING
44056,1301,1,RIGHT_ARM,0.12142923,0.00093074,0.00766487,0.00488328,0.00833101,0.00691831,0.04366766,0.01025041,0.00850037,0.02122461,0.01785275,RELIABLE,RELIABLE,RELIABLE,RELIABLE,RELIABLE,RELIABLE,RELIABLE,RELIABLE,STATIONARY,STATIONARY,STATIONARY,MOVING,MOVING,MOVING,MOVING,MOVING,MOVING
44087,1302,1,RIGHT_ARM,0.12121904,0.00046537,0.00383908,0.00433364,0.00688147,0.00574305,0.03496772,0.00930356,0.00783662,0.01982274,0.01696505,RELIABLE,RELIABLE,RELIABLE,RELIABLE,RELIABLE,RELIABLE,RELIABLE,RELIABLE,STATIONARY,STATIONARY,STATIONARY,MOVING,MOVING,MOVING,MOVING,MOVING,MOVING
44118,1303,1,RIGHT_ARM,0.12174224,0.00050284,0.00413040,0.00433441,0.00654779,0.00553730,0.03105832,0.00978195,0.00872294,0.02130360,0.01987636,RELIABLE,RELIABLE,RELIABLE,RELIABLE,RELIABLE,RELIABLE,RELIABLE,RELIABLE,STATIONARY,STATIONARY,STATIONARY,MOVING,MOVING,MOVING,MOVING,MOVING,MOVING
44150,1304,1,RIGHT_ARM,0.12105590,0.00086967,0.00718405,0.00488203,0.00672826,0.00586127,0.02664169,0.00912778,0.00876537,0.02057378,0.02127687,RELIABLE,RELIABLE,RELIABLE,RELIABLE,RELIABLE,RELIABLE,RELIABLE,RELIABLE,STATIONARY,STATIONARY,STATIONARY,MOVING,MOVING,MOVING,MOVING,MOVING,MOVING
44180,1305,1,RIGHT_ARM,0.12090123,0.00091785,0.00759172,0.00536050,0.00776550,0.00707853,0.02288387,0.00878110,0.00932314,0.02032717,0.02110186,RELIABLE,RELIABLE,RELIABLE,RELIABLE,RELIABLE,RELIABLE,RELIABLE,RELIABLE,STATIONARY,STATIONARY,STATIONARY,MOVING,MOVING,MOVING,MOVING,MOVING,MOVING
44211,1306,1,RIGHT_ARM,0.12082871,0.00045892,0.00379814,0.00512929,0.00696113,0.00679374,0.01761167,0.00854081,0.00810177,0.01783067,0.02122190,RELIABLE,RELIABLE,RELIABLE,RELIABLE,RELIABLE,RELIABLE,RELIABLE,RELIABLE,STATIONARY,STATIONARY,STATIONARY,MOVING,MOVING,MOVING,MOVING,MOVING,MOVING
44241,1307,1,RIGHT_ARM,0.12109426,0.00056330,0.00465172,0.00547814,0.00658530,0.00716894,0.01857574,0.00836703,0.00832851,0.01551959,0.02225500,RELIABLE,RELIABLE,RELIABLE,RELIABLE,RELIABLE,RELIABLE,RELIABLE,RELIABLE,STATIONARY,STATIONARY,STATIONARY,MOVING,MOVING,MOVING,MOVING,MOVING,MOVING
44273,1308,1,RIGHT_ARM,0.12153832,0.00059234,0.00487366,0.00546671,0.00559262,0.00640722,0.02035596,0.00860130,0.00836753,0.01919659,0.02349778,RELIABLE,RELIABLE,RELIABLE,RELIABLE,RELIABLE,RELIABLE,RELIABLE,RELIABLE,STATIONARY,STATIONARY,STATIONARY,MOVING,MOVING,MOVING,MOVING,MOVING,MOVING
44304,1309,1,RIGHT_ARM,0.12168491,0.00045538,0.00374226,0.00497638,0.00497191,0.00582727,0.02388098,0.00841276,0.00846947,0.01789840,0.02257623,RELIABLE,RELIABLE,RELIABLE,RELIABLE,RELIABLE,RELIABLE,RELIABLE,RELIABLE,STATIONARY,STATIONARY,STATIONARY,MOVING,MOVING,MOVING,MOVING,MOVING,MOVING
44335,1310,1,RIGHT_ARM,0.12159488,0.00061633,0.00506868,0.00513008,0.00466457,0.00566858,0.02978635,0.00942857,0.00932018,0.01894082,0.02465655,RELIABLE,RELIABLE,RELIABLE,RELIABLE,RELIABLE,RELIABLE,RELIABLE,RELIABLE,STATIONARY,STATIONARY,STATIONARY,MOVING,MOVING,MOVING,MOVING,MOVING,MOVING
44382,1311,1,RIGHT_ARM,0.12101913,0.00028058,0.00231850,0.00490359,0.00422840,0.00526638,0.03768016,0.00870493,0.00904729,0.01995297,0.02271041,RELIABLE,RELIABLE,RELIABLE,RELIABLE,RELIABLE,RELIABLE,RELIABLE,RELIABLE,STATIONARY,STATIONARY,STATIONARY,MOVING,MOVING,MOVING,MOVING,MOVING,MOVING
44415,1312,1,RIGHT_ARM,0.12073197,0.00014029,0.00116201,0.00415084,0.00354564,0.00493310,0.04034457,0.00797719,0.00906068,0.02029440,0.02009770,RELIABLE,RELIABLE,RELIABLE,RELIABLE,RELIABLE,RELIABLE,RELIABLE,RELIABLE,STATIONARY,STATIONARY,STATIONARY,MOVING,MOVING,MOVING,MOVING,MOVING,MOVING
44446,1313,1,RIGHT_ARM,0.12037314,0.00061082,0.00507435,0.00383616,0.00299651,0.00393017,0.04499149,0.00851236,0.00844670,0.02081326,0.01804110,RELIABLE,RELIABLE,RELIABLE,RELIABLE,RELIABLE,RELIABLE,RELIABLE,RELIABLE,STATIONARY,STATIONARY,STATIONARY,MOVING,MOVING,MOVING,MOVING,MOVING,MOVING
44478,1314,1,RIGHT_ARM,0.12077790,0.00079968,0.00662108,0.00418903,0.00378121,0.00466934,0.05027987,0.01019901,0.00897637,0.02300510,0.01800614,RELIABLE,RELIABLE,RELIABLE,RELIABLE,RELIABLE,RELIABLE,RELIABLE,RELIABLE,STATIONARY,STATIONARY,STATIONARY,MOVING,MOVING,MOVING,MOVING,MOVING,MOVING
44510,1315,1,RIGHT_ARM,0.12056730,0.00142216,0.01179560,0.00508202,0.00554101,0.00499208,0.05249516,0.00953256,0.00806200,0.02286187,0.01604664,RELIABLE,RELIABLE,RELIABLE,RELIABLE,RELIABLE,RELIABLE,RELIABLE,RELIABLE,STATIONARY,STATIONARY,STATIONARY,MOVING,MOVING,MOVING,MOVING,MOVING,MOVING
44539,1316,1,RIGHT_ARM,0.12046410,0.00071108,0.00590286,0.00521067,0.00606310,0.00530122,0.05107814,0.00875800,0.00735019,0.01865115,0.01457704,RELIABLE,RELIABLE,RELIABLE,RELIABLE,RELIABLE,RELIABLE,RELIABLE,RELIABLE,STATIONARY,STATIONARY,STATIONARY,MOVING,MOVING,MOVING,MOVING,MOVING,MOVING
44571,1317,1,RIGHT_ARM,0.11962458,0.00119689,0.01000535,0.00599355,0.00693236,0.00492337,0.05136067,0.00851017,0.00760602,0.02005211,0.01384390,RELIABLE,RELIABLE,RELIABLE,RELIABLE,RELIABLE,RELIABLE,RELIABLE,RELIABLE,STATIONARY,STATIONARY,STATIONARY,MOVING,MOVING,MOVING,MOVING,MOVING,MOVING
44602,1318,1,RIGHT_ARM,0.11965904,0.00071716,0.00599340,0.00610914,0.00818551,0.00553426,0.05213926,0.00914484,0.00762581,0.02109375,0.01409288,RELIABLE,RELIABLE,RELIABLE,RELIABLE,RELIABLE,RELIABLE,RELIABLE,RELIABLE,STATIONARY,STATIONARY,STATIONARY,MOVING,MOVING,MOVING,MOVING,MOVING,MOVING
44633,1319,1,RIGHT_ARM,0.11936855,0.00133680,0.01119894,0.00721920,0.00972419,0.00693047,0.05032596,0.00971499,0.00707258,0.01898466,0.01389713,RELIABLE,RELIABLE,RELIABLE,RELIABLE,RELIABLE,RELIABLE,RELIABLE,RELIABLE,STATIONARY,STATIONARY,STATIONARY,MOVING,MOVING,MOVING,MOVING,MOVING,MOVING
44670,1320,1,RIGHT_ARM,0.11883951,0.00121693,0.01024009,0.00835396,0.01155783,0.00835585,0.05340866,0.01086358,0.00730771,0.02071328,0.01534934,RELIABLE,RELIABLE,RELIABLE,RELIABLE,RELIABLE,RELIABLE,RELIABLE,RELIABLE,STATIONARY,STATIONARY,STATIONARY,MOVING,MOVING,MOVING,MOVING,MOVING,MOVING
44718,1321,1,RIGHT_ARM,0.11910733,0.00114712,0.00963099,0.00892354,0.01243352,0.00927128,0.05150434,0.00999918,0.00756575,0.01947271,0.01517273,RELIABLE,RELIABLE,RELIABLE,RELIABLE,RELIABLE,RELIABLE,RELIABLE,RELIABLE,STATIONARY,STATIONARY,STATIONARY,MOVING,MOVING,MOVING,MOVING,MOVING,MOVING
44759,1322,1,RIGHT_ARM,0.11924148,0.00057356,0.00481008,0.00869716,0.01181087,0.00848698,0.04758305,0.00814722,0.00685723,0.01691775,0.01408908,RELIABLE,RELIABLE,RELIABLE,RELIABLE,RELIABLE,RELIABLE,RELIABLE,RELIABLE,STATIONARY,STATIONARY,STATIONARY,MOVING,MOVING,MOVING,MOVING,MOVING,MOVING
44791,1323,1,RIGHT_ARM,0.11968914,0.00149590,0.01249819,0.00878499,0.01253532,0.00961553,0.04380147,0.00880919,0.00738809,0.01758310,0.01482248,RELIABLE,RELIABLE,RELIABLE,RELIABLE,RELIABLE,RELIABLE,RELIABLE,RELIABLE,STATIONARY,STATIONARY,STATIONARY,MOVING,MOVING,MOVING,MOVING,MOVING,MOVING
44823,1324,1,RIGHT_ARM,0.12030247,0.00062442,0.00519041,0.00869593,0.01252694,0.00993275,0.04168040,0.00946613,0.00788706,0.01869554,0.01687051,RELIABLE,RELIABLE,RELIABLE,RELIABLE,RELIABLE,RELIABLE,RELIABLE,RELIABLE,STATIONARY,STATIONARY,STATIONARY,MOVING,MOVING,MOVING,MOVING,MOVING,MOVING
44855,1325,1,RIGHT_ARM,0.12047361,0.00102409,0.00850055,0.00850783,0.01180363,0.01072647,0.03810041,0.00964263,0.00742896,0.01960779,0.01707278,RELIABLE,RELIABLE,RELIABLE,RELIABLE,RELIABLE,RELIABLE,RELIABLE,RELIABLE,STATIONARY,STATIONARY,STATIONARY,MOVING,MOVING,MOVING,MOVING,MOVING,MOVING
44886,1326,1,RIGHT_ARM,0.11961306,0.00138252,0.01155830,0.00920344,0.01221937,0.01071074,0.03179789,0.00819872,0.00691532,0.01843645,0.01603653,RELIABLE,RELIABLE,RELIABLE,RELIABLE,RELIABLE,RELIABLE,RELIABLE,RELIABLE,STATIONARY,STATIONARY,STATIONARY,MOVING,MOVING,MOVING,MOVING,MOVING,MOVING
44918,1327,1,RIGHT_ARM,0.11918835,0.00069126,0.00579974,0.00852854,0.01140848,0.00955368,0.02546265,0.00750417,0.00670249,0.01780986,0.01547306,RELIABLE,RELIABLE,RELIABLE,RELIABLE,RELIABLE,RELIABLE,RELIABLE,RELIABLE,STATIONARY,STATIONARY,STATIONARY,MOVING,MOVING,MOVING,MOVING,MOVING,MOVING
44950,1328,1,RIGHT_ARM,0.11910784,0.00153795,0.01291223,0.00886256,0.01168734,0.01002223,0.01967407,0.00685668,0.00661120,0.01558904,0.01500569,RELIABLE,RELIABLE,RELIABLE,RELIABLE,RELIABLE,RELIABLE,RELIABLE,RELIABLE,STATIONARY,STATIONARY,STATIONARY,MOVING,MOVING,MOVING,MOVING,MOVING,MOVING
44982,1329,1,RIGHT_ARM,0.11999359,0.00161053,0.01342178,0.00933641,0.01190335,0.00942030,0.01659346,0.00777518,0.00718997,0.01607219,0.01547963,RELIABLE,RELIABLE,RELIABLE,RELIABLE,RELIABLE,RELIABLE,RELIABLE,RELIABLE,STATIONARY,STATIONARY,STATIONARY,MOVING,MOVING,MOVING,MOVING,MOVING,MOVING
45013,1330,1,RIGHT_ARM,0.11876824,0.00050477,0.00425006,0.00926641,0.01180272,0.00936110,0.01768834,0.00811375,0.00781088,0.01664340,0.01616980,RELIABLE,RELIABLE,RELIABLE,RELIABLE,RELIABLE,RELIABLE,RELIABLE,RELIABLE,STATIONARY,STATIONARY,STATIONARY,MOVING,MOVING,MOVING,MOVING,MOVING,MOVING
45044,1331,1,RIGHT_ARM,0.11815604,0.00025239,0.00213604,0.00797114,0.00948903,0.00764120,0.01592692,0.00720712,0.00728410,0.01554782,0.01497152,RELIABLE,RELIABLE,RELIABLE,RELIABLE,RELIABLE,RELIABLE,RELIABLE,RELIABLE,STATIONARY,STATIONARY,STATIONARY,MOVING,MOVING,MOVING,MOVING,MOVING,MOVING
45075,1332,1,RIGHT_ARM,0.11902471,0.00107740,0.00905188,0.00845382,0.00962040,0.00810079,0.01904414,0.00870386,0.00798850,0.01540800,0.01495558,RELIABLE,RELIABLE,RELIABLE,RELIABLE,RELIABLE,RELIABLE,RELIABLE,RELIABLE,STATIONARY,STATIONARY,STATIONARY,MOVING,MOVING,MOVING,MOVING,MOVING,MOVING
45106,1333,1,RIGHT_ARM,0.11940055,0.00166621,0.01395483,0.00913561,0.01195560,0.00909595,0.02449617,0.00893285,0.00749290,0.01285880,0.01575779,RELIABLE,RELIABLE,RELIABLE,RELIABLE,RELIABLE,RELIABLE,RELIABLE,RELIABLE,STATIONARY,STATIONARY,STATIONARY,MOVING,MOVING,MOVING,MOVING,MOVING,MOVING
45137,1334,1,RIGHT_ARM,0.11948828,0.00069148,0.00578697,0.00841419,0.01084084,0.00820124,0.03161868,0.00918129,0.00721817,0.01353528,0.01482516,RELIABLE,RELIABLE,RELIABLE,RELIABLE,RELIABLE,RELIABLE,RELIABLE,RELIABLE,STATIONARY,STATIONARY,STATIONARY,MOVING,MOVING,MOVING,MOVING,MOVING,MOVING
45167,1335,1,RIGHT_ARM,0.12054775,0.00157179,0.01303877,0.00931907,0.01121397,0.00836988,0.03977637,0.00952220,0.00905458,0.01680394,0.01661757,RELIABLE,RELIABLE,RELIABLE,RELIABLE,RELIABLE,RELIABLE,RELIABLE,RELIABLE,STATIONARY,STATIONARY,STATIONARY,MOVING,MOVING,MOVING,MOVING,MOVING,MOVING
45214,1336,1,RIGHT_ARM,0.11980805,0.00141267,0.01179111,0.00917893,0.01081334,0.00716484,0.04850422,0.01085149,0.00940577,0.01990752,0.01621475,RELIABLE,RELIABLE,RELIABLE,RELIABLE,RELIABLE,RELIABLE,RELIABLE,RELIABLE,STATIONARY,STATIONARY,STATIONARY,MOVING,MOVING,MOVING,MOVING,MOVING,MOVING
45246,1337,1,RIGHT_ARM,0.11945084,0.00070633,0.00591319,0.00824036,0.00999349,0.00663325,0.05097275,0.01032397,0.00849886,0.01931834,0.01503539,RELIABLE,RELIABLE,RELIABLE,RELIABLE,RELIABLE,RELIABLE,RELIABLE,RELIABLE,STATIONARY,STATIONARY,STATIONARY,MOVING,MOVING,MOVING,MOVING,MOVING,MOVING
45278,1338,1,RIGHT_ARM,0.12011483,0.00195279,0.01625773,0.00974131,0.01170549,0.00725723,0.05739704,0.01060750,0.00874518,0.01983863,0.01619227,RELIABLE,RELIABLE,RELIABLE,RELIABLE,RELIABLE,RELIABLE,RELIABLE,RELIABLE,STATIONARY,STATIONARY,STATIONARY,MOVING,MOVING,MOVING,MOVING,MOVING,MOVING
45309,1339,1,RIGHT_ARM,0.12035639,0.00046259,0.00384354,0.00995475,0.01162021,0.00750391,0.06554380,0.01113047,0.00992238,0.02205344,0.01872426,RELIABLE,RELIABLE,RELIABLE,RELIABLE,RELIABLE,RELIABLE,RELIABLE,RELIABLE,STATIONARY,STATIONARY,STATIONARY,MOVING,MOVING,MOVING,MOVING,MOVING,MOVING
45342,1340,1,RIGHT_ARM,0.12111238,0.00043992,0.00363235,0.00927731,0.01086682,0.00652516,0.06982654,0.01088635,0.00954152,0.02231103,0.01799315,RELIABLE,RELIABLE,RELIABLE,RELIABLE,RELIABLE,RELIABLE,RELIABLE,RELIABLE,STATIONARY,STATIONARY,STATIONARY,MOVING,MOVING,MOVING,MOVING,MOVING,MOVING
45374,1341,1,RIGHT_ARM,0.12099339,0.00082524,0.00682056,0.00838553,0.00891843,0.00485732,0.07078501,0.01083624,0.01032424,0.02731754,0.01703251,RELIABLE,RELIABLE,RELIABLE,RELIABLE,RELIABLE,RELIABLE,RELIABLE,RELIABLE,STATIONARY,STATIONARY,STATIONARY,MOVING,MOVING,MOVING,MOVING,MOVING,MOVING
45403,1342,1,RIGHT_ARM,0.12093407,0.00041262,0.00341195,0.00808865,0.00862696,0.00489616,0.06660066,0.01033973,0.01033476,0.02746378,0.01586433,RELIABLE,RELIABLE,RELIABLE,RELIABLE,RELIABLE,RELIABLE,RELIABLE,RELIABLE,STATIONARY,STATIONARY,STATIONARY,MOVING,MOVING,MOVING,MOVING,MOVING,MOVING
45435,1343,1,RIGHT_ARM,0.12148865,0.00054584,0.00449289,0.00702042,0.00831628,0.00498978,0.06349651,0.01046291,0.00904623,0.02679729,0.01388399,RELIABLE,RELIABLE,RELIABLE,RELIABLE,RELIABLE,RELIABLE,RELIABLE,RELIABLE,STATIONARY,STATIONARY,STATIONARY,MOVING,MOVING,MOVING,MOVING,MOVING,MOVING
45465,1344,1,RIGHT_ARM,0.12160566,0.00163150,0.01341634,0.00722357,0.00906828,0.00669892,0.05746572,0.01049658,0.00953310,0.02468170,0.01486698,RELIABLE,RELIABLE,RELIABLE,RELIABLE,RELIABLE,RELIABLE,RELIABLE,RELIABLE,STATIONARY,STATIONARY,STATIONARY,MOVING,MOVING,MOVING,MOVING,MOVING,MOVING
45502,1345,1,RIGHT_ARM,0.12061492,0.00091347,0.00757345,0.00743110,0.00985792,0.00778835,0.05610198,0.01156256,0.01005271,0.02417030,0.01535925,RELIABLE,RELIABLE,RELIABLE,RELIABLE,RELIABLE,RELIABLE,RELIABLE,RELIABLE,STATIONARY,STATIONARY,STATIONARY,MOVING,MOVING,MOVING,MOVING,MOVING,MOVING
45549,1346,1,RIGHT_ARM,0.12013053,0.00092142,0.00767014,0.00635765,0.00841057,0.00686070,0.04790296,0.01197787,0.00989766,0.02374933,0.01400798,RELIABLE,RELIABLE,RELIABLE,RELIABLE,RELIABLE,RELIABLE,RELIABLE,RELIABLE,STATIONARY,STATIONARY,STATIONARY,MOVING,MOVING,MOVING,MOVING,MOVING,MOVING
45590,1347,1,RIGHT_ARM,0.12042755,0.00080627,0.00669504,0.00671409,0.00932942,0.00710733,0.03924212,0.01225679,0.00879563,0.02370015,0.01195624,RELIABLE,RELIABLE,RELIABLE,RELIABLE,RELIABLE,RELIABLE,RELIABLE,RELIABLE,STATIONARY,STATIONARY,STATIONARY,MOVING,MOVING,MOVING,MOVING,MOVING,MOVING
45621,1348,1,RIGHT_ARM,0.12057876,0.00040313,0.00334332,0.00667796,0.00958044,0.00725932,0.03093050,0.01062489,0.00801213,0.02333517,0.01066167,RELIABLE,RELIABLE,RELIABLE,RELIABLE,RELIABLE,RELIABLE,RELIABLE,RELIABLE,STATIONARY,STATIONARY,STATIONARY,MOVING,MOVING,MOVING,MOVING,MOVING,MOVING
45653,1349,1,RIGHT_ARM,0.12221810,0.00052798,0.00431996,0.00636539,0.00923126,0.00756456,0.02463589,0.01046577,0.00784304,0.02170340,0.01100108,RELIABLE,RELIABLE,RELIABLE,RELIABLE,RELIABLE,RELIABLE,RELIABLE,RELIABLE,STATIONARY,STATIONARY,STATIONARY,MOVING,MOVING,MOVING,MOVING,MOVING,MOVING
45684,1350,1,RIGHT_ARM,0.12184349,0.00059790,0.00490709,0.00655228,0.00977574,0.00858126,0.02230711,0.01085392,0.00829868,0.02247806,0.01493956,RELIABLE,RELIABLE,RELIABLE,RELIABLE,RELIABLE,RELIABLE,RELIABLE,RELIABLE,STATIONARY,STATIONARY,STATIONARY,MOVING,MOVING,MOVING,MOVING,MOVING,MOVING
45714,1351,1,RIGHT_ARM,0.12223815,0.00040051,0.00327650,0.00640023,0.00920792,0.00809731,0.01917868,0.01125439,0.00776679,0.02073067,0.01602034,RELIABLE,RELIABLE,RELIABLE,RELIABLE,RELIABLE,RELIABLE,RELIABLE,RELIABLE,STATIONARY,STATIONARY,STATIONARY,MOVING,MOVING,MOVING,MOVING,MOVING,MOVING
45746,1352,1,RIGHT_ARM,0.12243634,0.00020026,0.00163560,0.00492764,0.00685460,0.00570737,0.01606330,0.00975857,0.00640795,0.01928826,0.01451766,RELIABLE,RELIABLE,RELIABLE,RELIABLE,RELIABLE,RELIABLE,RELIABLE,RELIABLE,STATIONARY,STATIONARY,STATIONARY,MOVING,MOVING,MOVING,MOVING,MOVING,MOVING
45777,1353,1,RIGHT_ARM,0.12248635,0.00046197,0.00377162,0.00445241,0.00578854,0.00469562,0.01573603,0.00886446,0.00653340,0.02202701,0.01443112,RELIABLE,RELIABLE,RELIABLE,RELIABLE,RELIABLE,RELIABLE,RELIABLE,RELIABLE,STATIONARY,STATIONARY,STATIONARY,MOVING,MOVING,MOVING,MOVING,MOVING,MOVING
45809,1354,1,RIGHT_ARM,0.12236086,0.00033764,0.00275935,0.00383856,0.00506864,0.00478252,0.01788366,0.00912053,0.00645072,0.02461507,0.01474546,RELIABLE,RELIABLE,RELIABLE,RELIABLE,RELIABLE,RELIABLE,RELIABLE,RELIABLE,STATIONARY,STATIONARY,STATIONARY,MOVING,MOVING,MOVING,MOVING,MOVING,MOVING
45841,1355,1,RIGHT_ARM,0.12260578,0.00072458,0.00590981,0.00374041,0.00486748,0.00456970,0.02238707,0.00954217,0.00692010,0.02704206,0.01746800,RELIABLE,RELIABLE,RELIABLE,RELIABLE,RELIABLE,RELIABLE,RELIABLE,RELIABLE,STATIONARY,STATIONARY,STATIONARY,MOVING,MOVING,MOVING,MOVING,MOVING,MOVING
45873,1356,1,RIGHT_ARM,0.12272929,0.00036229,0.00295193,0.00369148,0.00476715,0.00446349,0.02463669,0.00975292,0.00715464,0.02825471,0.01882805,RELIABLE,RELIABLE,RELIABLE,RELIABLE,RELIABLE,RELIABLE,RELIABLE,RELIABLE,STATIONARY,STATIONARY,STATIONARY,MOVING,MOVING,MOVING,MOVING,MOVING,MOVING
45918,1357,1,RIGHT_ARM,0.12144996,0.00116247,0.00957160,0.00434794,0.00538809,0.00516090,0.03698658,0.01085470,0.00699924,0.02886589,0.01790427,RELIABLE,RELIABLE,RELIABLE,RELIABLE,RELIABLE,RELIABLE,RELIABLE,RELIABLE,STATIONARY,STATIONARY,STATIONARY,MOVING,MOVING,MOVING,MOVING,MOVING,MOVING
45952,1358,1,RIGHT_ARM,0.12081694,0.00058124,0.00481088,0.00433591,0.00498271,0.00464924,0.04237868,0.01094392,0.00638399,0.02759254,0.01367574,RELIABLE,RELIABLE,RELIABLE,RELIABLE,RELIABLE,RELIABLE,RELIABLE,RELIABLE,STATIONARY,STATIONARY,STATIONARY,MOVING,MOVING,MOVING,MOVING,MOVING,MOVING
45983,1359,1,RIGHT_ARM,0.12104216,0.00041327,0.00341425,0.00435313,0.00471439,0.00462131,0.04919955,0.01100680,0.00844675,0.03140261,0.01713448,RELIABLE,RELIABLE,RELIABLE,RELIABLE,RELIABLE,RELIABLE,RELIABLE,RELIABLE,STATIONARY,STATIONARY,STATIONARY,MOVING,MOVING,MOVING,MOVING,MOVING,MOVING
46013,1360,1,RIGHT_ARM,0.12083227,0.00185652,0.01536441,0.00606923,0.00693199,0.00683114,0.05719215,0.01078740,0.01102278,0.03549344,0.02202716,RELIABLE,RELIABLE,RELIABLE,RELIABLE,RELIABLE,RELIABLE,RELIABLE,RELIABLE,STATIONARY,STATIONARY,STATIONARY,MOVING,MOVING,MOVING,MOVING,MOVING,MOVING
46046,1361,1,RIGHT_ARM,0.11985527,0.00148079,0.01235480,0.00714213,0.00833966,0.00772708,0.06306152,0.01105377,0.01065805,0.03162472,0.02235738,RELIABLE,RELIABLE,RELIABLE,RELIABLE,RELIABLE,RELIABLE,RELIABLE,RELIABLE,STATIONARY,STATIONARY,STATIONARY,MOVING,MOVING,MOVING,MOVING,MOVING,MOVING
46077,1362,1,RIGHT_ARM,0.11936744,0.00074039,0.00620264,0.00757254,0.00916431,0.00792682,0.06339939,0.01017839,0.01000688,0.02749506,0.02156662,RELIABLE,RELIABLE,RELIABLE,RELIABLE,RELIABLE,RELIABLE,RELIABLE,RELIABLE,STATIONARY,STATIONARY,STATIONARY,MOVING,MOVING,MOVING,MOVING,MOVING,MOVING
46108,1363,1,RIGHT_ARM,0.11843175,0.00120914,0.01020957,0.00811001,0.00980722,0.00759200,0.06375597,0.00950795,0.00957882,0.02290258,0.01810607,RELIABLE,RELIABLE,RELIABLE,RELIABLE,RELIABLE,RELIABLE,RELIABLE,RELIABLE,STATIONARY,STATIONARY,STATIONARY,MOVING,MOVING,MOVING,MOVING,MOVING,MOVING
46140,1364,1,RIGHT_ARM,0.11783281,0.00124906,0.01060026,0.00906605,0.01169797,0.00859508,0.06608212,0.00954433,0.01096002,0.02631156,0.01921494,RELIABLE,RELIABLE,RELIABLE,RELIABLE,RELIABLE,RELIABLE,RELIABLE,RELIABLE,STATIONARY,STATIONARY,STATIONARY,MOVING,MOVING,MOVING,MOVING,MOVING,MOVING
46171,1365,1,RIGHT_ARM,0.11922458,0.00178292,0.01495430,0.00973889,0.01309326,0.00942037,0.05709031,0.00813497,0.01285438,0.02690427,0.02097480,RELIABLE,RELIABLE,RELIABLE,RELIABLE,RELIABLE,RELIABLE,RELIABLE,RELIABLE,STATIONARY,STATIONARY,STATIONARY,MOVING,MOVING,MOVING,MOVING,MOVING,MOVING
46206,1366,1,RIGHT_ARM,0.12029912,0.00107634,0.00894719,0.01025593,0.01432285,0.01101187,0.05321018,0.00823503,0.01332497,0.02671244,0.02246071,RELIABLE,RELIABLE,RELIABLE,RELIABLE,RELIABLE,RELIABLE,RELIABLE,RELIABLE,STATIONARY,STATIONARY,STATIONARY,MOVING,MOVING,MOVING,MOVING,MOVING,MOVING
46235,1367,1,RIGHT_ARM,0.12083656,0.00053817,0.00445370,0.01038586,0.01507009,0.01187472,0.04551520,0.00746752,0.01126549,0.02210467,0.01764714,RELIABLE,RELIABLE,RELIABLE,RELIABLE,RELIABLE,RELIABLE,RELIABLE,RELIABLE,STATIONARY,MOVING,STATIONARY,MOVING,MOVING,MOVING,MOVING,MOVING,MOVING
46265,1368,1,RIGHT_ARM,0.12050664,0.00099400,0.00824848,0.00949637,0.01345549,0.01082789,0.03702793,0.00761825,0.00907620,0.01946190,0.01294821,RELIABLE,RELIABLE,RELIABLE,RELIABLE,RELIABLE,RELIABLE,RELIABLE,RELIABLE,STATIONARY,MOVING,STATIONARY,MOVING,MOVING,MOVING,MOVING,MOVING,MOVING
46297,1369,1,RIGHT_ARM,0.12037932,0.00089845,0.00746350,0.00888495,0.01179951,0.01054943,0.02914413,0.00828463,0.00941212,0.02029318,0.01359831,RELIABLE,RELIABLE,RELIABLE,RELIABLE,RELIABLE,RELIABLE,RELIABLE,RELIABLE,STATIONARY,MOVING,STATIONARY,MOVING,MOVING,MOVING,MOVING,MOVING,MOVING
46334,1370,1,RIGHT_ARM,0.12012946,0.00066525,0.00553780,0.00880185,0.01175671,0.01105526,0.02711907,0.00840265,0.00980964,0.02296483,0.01388773,RELIABLE,RELIABLE,RELIABLE,RELIABLE,RELIABLE,RELIABLE,RELIABLE,RELIABLE,STATIONARY,MOVING,STATIONARY,MOVING,MOVING,MOVING,MOVING,MOVING,MOVING
46375,1371,1,RIGHT_ARM,0.12074997,0.00060550,0.00501450,0.00815246,0.01066127,0.01108439,0.02576716,0.00989454,0.01072603,0.02572423,0.01515060,RELIABLE,RELIABLE,RELIABLE,RELIABLE,RELIABLE,RELIABLE,RELIABLE,RELIABLE,STATIONARY,MOVING,STATIONARY,MOVING,MOVING,MOVING,MOVING,MOVING,MOVING
46413,1372,1,RIGHT_ARM,0.12032738,0.00112480,0.00934783,0.00799591,0.00999475,0.01081641,0.02613422,0.01053171,0.01025556,0.02039149,0.01301274,RELIABLE,RELIABLE,RELIABLE,RELIABLE,RELIABLE,RELIABLE,RELIABLE,RELIABLE,STATIONARY,MOVING,STATIONARY,MOVING,MOVING,MOVING,MOVING,MOVING,MOVING
46455,1373,1,RIGHT_ARM,0.12011726,0.00056240,0.00468209,0.00671189,0.00812809,0.00905504,0.02357445,0.01022904,0.00795383,0.01520993,0.01076718,RELIABLE,RELIABLE,RELIABLE,RELIABLE,RELIABLE,RELIABLE,RELIABLE,RELIABLE,STATIONARY,MOVING,STATIONARY,MOVING,MOVING,MOVING,MOVING,MOVING,MOVING
46486,1374,1,RIGHT_ARM,0.12114577,0.00165871,0.01369185,0.00730497,0.00868223,0.00899419,0.02491378,0.01017169,0.00750828,0.01566676,0.00985345,RELIABLE,RELIABLE,RELIABLE,RELIABLE,RELIABLE,RELIABLE,RELIABLE,RELIABLE,STATIONARY,MOVING,STATIONARY,MOVING,MOVING,MOVING,MOVING,MOVING,MOVING
46518,1375,1,RIGHT_ARM,0.12206123,0.00085357,0.00699299,0.00762238,0.00871089,0.00816487,0.03011678,0.01089806,0.00808664,0.01827053,0.01127538,RELIABLE,RELIABLE,RELIABLE,RELIABLE,RELIABLE,RELIABLE,RELIABLE,RELIABLE,STATIONARY,MOVING,STATIONARY,MOVING,MOVING,MOVING,MOVING,MOVING,MOVING
46549,1376,1,RIGHT_ARM,0.12144334,0.00099348,0.00818063,0.00761390,0.00944268,0.00837853,0.03665833,0.01192616,0.00878486,0.01861937,0.01365687,RELIABLE,RELIABLE,RELIABLE,RELIABLE,RELIABLE,RELIABLE,RELIABLE,RELIABLE,STATIONARY,MOVING,STATIONARY,MOVING,MOVING,MOVING,MOVING,MOVING,MOVING
46581,1377,1,RIGHT_ARM,0.12114541,0.00049674,0.00410037,0.00719351,0.00983332,0.00803194,0.03880754,0.01056898,0.00827505,0.01854555,0.01330067,RELIABLE,RELIABLE,RELIABLE,RELIABLE,RELIABLE,RELIABLE,RELIABLE,RELIABLE,STATIONARY,MOVING,STATIONARY,MOVING,MOVING,MOVING,MOVING,MOVING,MOVING
46613,1378,1,RIGHT_ARM,0.12185353,0.00126579,0.01038777,0.00779975,0.01019187,0.00839051,0.04422938,0.01159537,0.00866944,0.01863958,0.01764926,RELIABLE,RELIABLE,RELIABLE,RELIABLE,RELIABLE,RELIABLE,RELIABLE,RELIABLE,STATIONARY,MOVING,STATIONARY,MOVING,MOVING,MOVING,MOVING,MOVING,MOVING
46645,1379,1,RIGHT_ARM,0.12239143,0.00066757,0.00545437,0.00785474,0.01047259,0.00880107,0.04948078,0.00984597,0.00809035,0.01689052,0.01818269,RELIABLE,RELIABLE,RELIABLE,RELIABLE,RELIABLE,RELIABLE,RELIABLE,RELIABLE,STATIONARY,MOVING,STATIONARY,MOVING,MOVING,MOVING,MOVING,MOVING,MOVING
46677,1380,1,RIGHT_ARM,0.12263864,0.00058324,0.00475577,0.00728073,0.00910897,0.00829829,0.05235302,0.00936836,0.00744952,0.01892475,0.02159345,RELIABLE,RELIABLE,RELIABLE,RELIABLE,RELIABLE,RELIABLE,RELIABLE,RELIABLE,STATIONARY,MOVING,STATIONARY,MOVING,MOVING,MOVING,MOVING,MOVING,MOVING
46708,1381,1,RIGHT_ARM,0.12203052,0.00039512,0.00323788,0.00710020,0.00866505,0.00824713,0.05647892,0.00973080,0.00943547,0.02548733,0.02573191,RELIABLE,RELIABLE,RELIABLE,RELIABLE,RELIABLE,RELIABLE,RELIABLE,RELIABLE,STATIONARY,MOVING,STATIONARY,MOVING,MOVING,MOVING,MOVING,MOVING,MOVING
46750,1382,1,RIGHT_ARM,0.12203178,0.00097998,0.00803050,0.00639254,0.00667390,0.00688840,0.05934237,0.01090629,0.00968453,0.02471680,0.03055615,RELIABLE,RELIABLE,RELIABLE,RELIABLE,RELIABLE,RELIABLE,RELIABLE,RELIABLE,STATIONARY,MOVING,STATIONARY,MOVING,MOVING,MOVING,MOVING,MOVING,MOVING
46785,1383,1,RIGHT_ARM,0.12203252,0.00048999,0.00401523,0.00602032,0.00593096,0.00701312,0.05624820,0.01074193,0.00901024,0.02196134,0.03109382,RELIABLE,RELIABLE,RELIABLE,RELIABLE,RELIABLE,RELIABLE,RELIABLE,RELIABLE,STATIONARY,MOVING,STATIONARY,MOVING,MOVING,MOVING,MOVING,MOVING,MOVING
46818,1384,1,RIGHT_ARM,0.12276540,0.00074669,0.00608224,0.00575802,0.00524823,0.00628402,0.05358040,0.01154277,0.00915113,0.02362099,0.03365130,RELIABLE,RELIABLE,RELIABLE,RELIABLE,RELIABLE,RELIABLE,RELIABLE,RELIABLE,STATIONARY,MOVING,STATIONARY,MOVING,MOVING,MOVING,MOVING,MOVING,MOVING
46849,1385,1,RIGHT_ARM,0.12253097,0.00076958,0.00628071,0.00603056,0.00587562,0.00639803,0.05370927,0.01140795,0.01004553,0.02710899,0.03480341,RELIABLE,RELIABLE,RELIABLE,RELIABLE,RELIABLE,RELIABLE,RELIABLE,RELIABLE,STATIONARY,MOVING,STATIONARY,MOVING,MOVING,MOVING,MOVING,MOVING,MOVING
46881,1386,1,RIGHT_ARM,0.12315028,0.00067707,0.00549793,0.00541933,0.00574550,0.00617496,0.04850095,0.01121592,0.01038521,0.03355218,0.03159087,RELIABLE,RELIABLE,RELIABLE,RELIABLE,RELIABLE,RELIABLE,RELIABLE,RELIABLE,STATIONARY,MOVING,STATIONARY,MOVING,MOVING,MOVING,MOVING,MOVING,MOVING
46911,1387,1,RIGHT_ARM,0.12336577,0.00059006,0.00478303,0.00533541,0.00571069,0.00612809,0.03952408,0.01180723,0.00983392,0.03322376,0.03069497,RELIABLE,RELIABLE,RELIABLE,RELIABLE,RELIABLE,RELIABLE,RELIABLE,RELIABLE,STATIONARY,MOVING,STATIONARY,MOVING,MOVING,MOVING,MOVING,MOVING,MOVING
46942,1388,1,RIGHT_ARM,0.12347546,0.00029503,0.00238939,0.00503961,0.00574693,0.00592478,0.03160068,0.01144320,0.00924335,0.03116008,0.02703450,RELIABLE,RELIABLE,RELIABLE,RELIABLE,RELIABLE,RELIABLE,RELIABLE,RELIABLE,STATIONARY,MOVING,STATIONARY,MOVING,MOVING,MOVING,MOVING,MOVING,MOVING
46974,1389,1,RIGHT_ARM,0.12209514,0.00136950,0.01121670,0.00603697,0.00709780,0.00668809,0.02605278,0.01107207,0.00759479,0.02688018,0.02464107,RELIABLE,RELIABLE,RELIABLE,RELIABLE,RELIABLE,RELIABLE,RELIABLE,RELIABLE,STATIONARY,MOVING,STATIONARY,MOVING,MOVING,MOVING,MOVING,MOVING,MOVING
47005,1390,1,RIGHT_ARM,0.12253538,0.00113888,0.00929434,0.00619495,0.00825549,0.00755472,0.02157274,0.01037170,0.00833147,0.02736387,0.02177507,RELIABLE,RELIABLE,RELIABLE,RELIABLE,RELIABLE,RELIABLE,RELIABLE,RELIABLE,STATIONARY,MOVING,STATIONARY,MOVING,MOVING,MOVING,MOVING,MOVING,MOVING
47039,1391,1,RIGHT_ARM,0.12246398,0.00074401,0.00607530,0.00645245,0.00905205,0.00789397,0.02101516,0.00999067,0.00845180,0.02791901,0.02107200,RELIABLE,RELIABLE,RELIABLE,RELIABLE,RELIABLE,RELIABLE,RELIABLE,RELIABLE,STATIONARY,MOVING,STATIONARY,MOVING,MOVING,MOVING,MOVING,MOVING,MOVING
47068,1392,1,RIGHT_ARM,0.12243012,0.00037200,0.00303849,0.00607199,0.00868111,0.00748154,0.01797717,0.00796980,0.00724030,0.02426712,0.01589234,RELIABLE,RELIABLE,RELIABLE,RELIABLE,RELIABLE,RELIABLE,RELIABLE,RELIABLE,STATIONARY,MOVING,STATIONARY,MOVING,MOVING,MOVING,MOVING,MOVING,MOVING
47119,1393,1,RIGHT_ARM,0.12205935,0.00061821,0.00506480,0.00592000,0.00808408,0.00738961,0.02063664,0.00782899,0.00663812,0.02150982,0.01700968,RELIABLE,RELIABLE,RELIABLE,RELIABLE,RELIABLE,RELIABLE,RELIABLE,RELIABLE,STATIONARY,MOVING,STATIONARY,MOVING,MOVING,MOVING,MOVING,MOVING,MOVING
47148,1394,1,RIGHT_ARM,0.12187403,0.00030910,0.00253625,0.00554979,0.00727739,0.00644455,0.02096076,0.00639071,0.00556470,0.01304535,0.01686580,RELIABLE,RELIABLE,RELIABLE,RELIABLE,RELIABLE,RELIABLE,RELIABLE,RELIABLE,STATIONARY,MOVING,STATIONARY,MOVING,MOVING,MOVING,MOVING,MOVING,MOVING
47180,1395,1,RIGHT_ARM,0.12231082,0.00069141,0.00565288,0.00565852,0.00741692,0.00684873,0.02628970,0.00655862,0.00652310,0.01578152,0.02145056,RELIABLE,RELIABLE,RELIABLE,RELIABLE,RELIABLE,RELIABLE,RELIABLE,RELIABLE,STATIONARY,MOVING,STATIONARY,MOVING,MOVING,MOVING,MOVING,MOVING,MOVING
47212,1396,1,RIGHT_ARM,0.12175888,0.00035328,0.00290149,0.00572253,0.00727352,0.00686076,0.03420163,0.00726799,0.00733567,0.01687102,0.02269053,RELIABLE,RELIABLE,RELIABLE,RELIABLE,RELIABLE,RELIABLE,RELIABLE,RELIABLE,STATIONARY,MOVING,STATIONARY,MOVING,MOVING,MOVING,MOVING,MOVING,MOVING
47247,1397,1,RIGHT_ARM,0.12147203,0.00060881,0.00501192,0.00494693,0.00641674,0.00674204,0.04144418,0.00802951,0.00732679,0.01708760,0.02331356,RELIABLE,RELIABLE,RELIABLE,RELIABLE,RELIABLE,RELIABLE,RELIABLE,RELIABLE,STATIONARY,MOVING,STATIONARY,MOVING,MOVING,MOVING,MOVING,MOVING,MOVING
47274,1398,1,RIGHT_ARM,0.12133262,0.00030440,0.00250884,0.00409875,0.00525293,0.00552896,0.04270331,0.00702654,0.00627422,0.01605322,0.02172346,RELIABLE,RELIABLE,RELIABLE,RELIABLE,RELIABLE,RELIABLE,RELIABLE,RELIABLE,STATIONARY,MOVING,STATIONARY,MOVING,MOVING,MOVING,MOVING,MOVING,MOVING
47306,1399,1,RIGHT_ARM,0.12184855,0.00156720,0.01286189,0.00494707,0.00655543,0.00756905,0.04706893,0.00678076,0.00653178,0.01650052,0.01999817,RELIABLE,RELIABLE,RELIABLE,RELIABLE,RELIABLE,RELIABLE,RELIABLE,RELIABLE,STATIONARY,MOVING,STATIONARY,MOVING,MOVING,MOVING,MOVING,MOVING,MOVING
47338,1400,1,RIGHT_ARM,0.12123256,0.00067448,0.00556350,0.00526270,0.00649532,0.00737715,0.05276472,0.00756593,0.00818695,0.01880919,0.02108558,RELIABLE,RELIABLE,RELIABLE,RELIABLE,RELIABLE,RELIABLE,RELIABLE,RELIABLE,STATIONARY,MOVING,STATIONARY,MOVING,MOVING,MOVING,MOVING,MOVING,MOVING
47374,1401,1,RIGHT_ARM,0.11931792,0.00211719,0.01774409,0.00684761,0.00830173,0.00781825,0.05376095,0.00841174,0.00887853,0.01940691,0.01820164,RELIABLE,RELIABLE,RELIABLE,RELIABLE,RELIABLE,RELIABLE,RELIABLE,RELIABLE,STATIONARY,MOVING,STATIONARY,MOVING,MOVING,MOVING,MOVING,MOVING,MOVING
47402,1402,1,RIGHT_ARM,0.11836130,0.00105859,0.00894375,0.00764855,0.00921492,0.00804319,0.05428428,0.00883986,0.00923027,0.01971515,0.01676161,RELIABLE,RELIABLE,RELIABLE,RELIABLE,RELIABLE,RELIABLE,RELIABLE,RELIABLE,STATIONARY,MOVING,STATIONARY,MOVING,MOVING,MOVING,MOVING,MOVING,MOVING
47434,1403,1,RIGHT_ARM,0.11978681,0.00111766,0.00933042,0.00810824,0.00985034,0.00797691,0.05390819,0.00899714,0.00892181,0.01689670,0.01301488,RELIABLE,RELIABLE,RELIABLE,RELIABLE,RELIABLE,RELIABLE,RELIABLE,RELIABLE,STATIONARY,MOVING,STATIONARY,MOVING,MOVING,MOVING,MOVING,MOVING,MOVING
47466,1404,1,RIGHT_ARM,0.11935448,0.00071296,0.00597349,0.00849224,0.01061176,0.00791631,0.05256208,0.00844628,0.00861850,0.01833940,0.01277862,RELIABLE,RELIABLE,RELIABLE,RELIABLE,RELIABLE,RELIABLE,RELIABLE,RELIABLE,STATIONARY,MOVING,STATIONARY,MOVING,MOVING,MOVING,MOVING,MOVING,MOVING
47498,1405,1,RIGHT_ARM,0.12020613,0.00108277,0.00900759,0.00899170,0.01115719,0.00747505,0.04812892,0.00763111,0.00864048,0.01827888,0.01178967,RELIABLE,RELIABLE,RELIABLE,RELIABLE,RELIABLE,RELIABLE,RELIABLE,RELIABLE,STATIONARY,MOVING,STATIONARY,MOVING,MOVING,MOVING,MOVING,MOVING,MOVING
47533,1406,1,RIGHT_ARM,0.11979088,0.00187795,0.01567689,0.01063770,0.01288810,0.00891095,0.04808431,0.00901787,0.01114033,0.02314072,0.01456419,RELIABLE,RELIABLE,RELIABLE,RELIABLE,RELIABLE,RELIABLE,RELIABLE,RELIABLE,STATIONARY,MOVING,STATIONARY,MOVING,MOVING,MOVING,MOVING,MOVING,MOVING
47582,1407,1,RIGHT_ARM,0.12030209,0.00102016,0.00848002,0.01008997,0.01182623,0.00720096,0.04337304,0.01129387,0.01352644,0.02958532,0.01690168,RELIABLE,RELIABLE,RELIABLE,RELIABLE,RELIABLE,RELIABLE,RELIABLE,RELIABLE,STATIONARY,MOVING,STATIONARY,MOVING,MOVING,MOVING,MOVING,MOVING,MOVING
47608,1408,1,RIGHT_ARM,0.12055829,0.00051008,0.00423100,0.00992341,0.01200516,0.00755660,0.03750092,0.01152064,0.01318963,0.03071341,0.01611703,RELIABLE,RELIABLE,RELIABLE,RELIABLE,RELIABLE,RELIABLE,RELIABLE,RELIABLE,STATIONARY,MOVING,STATIONARY,MOVING,MOVING,MOVING,MOVING,MOVING,MOVING
47639,1409,1,RIGHT_ARM,0.12052583,0.00153279,0.01271752,0.00929509,0.01192987,0.00799492,0.03092307,0.01233186,0.01341137,0.02960778,0.01700570,RELIABLE,RELIABLE,RELIABLE,RELIABLE,RELIABLE,RELIABLE,RELIABLE,RELIABLE,STATIONARY,MOVING,STATIONARY,MOVING,MOVING,MOVING,MOVING,MOVING,MOVING
47669,1410,1,RIGHT_ARM,0.12024636,0.00141247,0.01174650,0.00964543,0.01255392,0.00847155,0.02883629,0.01383785,0.01422667,0.03244393,0.01889424,RELIABLE,RELIABLE,RELIABLE,RELIABLE,RELIABLE,RELIABLE,RELIABLE,RELIABLE,STATIONARY,MOVING,STATIONARY,MOVING,MOVING,MOVING,MOVING,MOVING,MOVING
47701,1411,1,RIGHT_ARM,0.12048970,0.00146816,0.01218495,0.01000225,0.01291401,0.00866676,0.02509456,0.01270926,0.01425561,0.03769709,0.02069778,RELIABLE,RELIABLE,RELIABLE,RELIABLE,RELIABLE,RELIABLE,RELIABLE,RELIABLE,STATIONARY,MOVING,STATIONARY,MOVING,MOVING,MOVING,MOVING,MOVING,MOVING
47742,1412,1,RIGHT_ARM,0.11972060,0.00128562,0.01073854,0.01059788,0.01390559,0.00962581,0.02339397,0.01299829,0.01495128,0.03784330,0.02425555,RELIABLE,RELIABLE,RELIABLE,RELIABLE,RELIABLE,RELIABLE,RELIABLE,RELIABLE,STATIONARY,MOVING,STATIONARY,MOVING,MOVING,MOVING,MOVING,MOVING,MOVING
47779,1413,1,RIGHT_ARM,0.11933640,0.00064281,0.00538655,0.01014525,0.01345281,0.00957693,0.02191751,0.01286402,0.01458857,0.03673389,0.02503995,RELIABLE,RELIABLE,RELIABLE,RELIABLE,RELIABLE,RELIABLE,RELIABLE,RELIABLE,STATIONARY,MOVING,STATIONARY,MOVING,MOVING,MOVING,MOVING,MOVING,MOVING
47810,1414,1,RIGHT_ARM,0.11936732,0.00107220,0.00898232,0.00930843,0.01290003,0.00902258,0.02300638,0.01296507,0.01282035,0.03599348,0.02494579,RELIABLE,RELIABLE,RELIABLE,RELIABLE,RELIABLE,RELIABLE,RELIABLE,RELIABLE,STATIONARY,MOVING,STATIONARY,MOVING,MOVING,MOVING,MOVING,MOVING,MOVING
47842,1415,1,RIGHT_ARM,0.12050244,0.00205370,0.01704284,0.01037878,0.01429033,0.00958307,0.02626751,0.01173062,0.01106102,0.03337308,0.02587037,RELIABLE,RELIABLE,RELIABLE,RELIABLE,RELIABLE,RELIABLE,RELIABLE,RELIABLE,STATIONARY,MOVING,STATIONARY,MOVING,MOVING,MOVING,MOVING,MOVING,MOVING
47874,1416,1,RIGHT_ARM,0.12055413,0.00100539,0.00833972,0.01089237,0.01491949,0.01003392,0.03271807,0.01218308,0.01059181,0.03034014,0.02617613,RELIABLE,RELIABLE,RELIABLE,RELIABLE,RELIABLE,RELIABLE,RELIABLE,RELIABLE,STATIONARY,MOVING,STATIONARY,MOVING,MOVING,MOVING,MOVING,MOVING,MOVING
47905,1417,1,RIGHT_ARM,0.12108472,0.00141609,0.01169501,0.01076455,0.01407393,0.00910155,0.03988400,0.01137752,0.01021885,0.03259144,0.02575827,RELIABLE,RELIABLE,RELIABLE,RELIABLE,RELIABLE,RELIABLE,RELIABLE,RELIABLE,STATIONARY,MOVING,STATIONARY,MOVING,MOVING,MOVING,MOVING,MOVING,MOVING
47950,1418,1,RIGHT_ARM,0.12259186,0.00149731,0.01221377,0.01082296,0.01370116,0.01000796,0.04991065,0.01005115,0.00979325,0.03115867,0.02476948,RELIABLE,RELIABLE,RELIABLE,RELIABLE,RELIABLE,RELIABLE,RELIABLE,RELIABLE,STATIONARY,MOVING,STATIONARY,MOVING,MOVING,MOVING,MOVING,MOVING,MOVING
47984,1419,1,RIGHT_ARM,0.12334620,0.00074865,0.00606954,0.01005854,0.01259017,0.00977198,0.05322813,0.01006387,0.00928389,0.02579954,0.02151205,RELIABLE,RELIABLE,RELIABLE,RELIABLE,RELIABLE,RELIABLE,RELIABLE,RELIABLE,STATIONARY,MOVING,STATIONARY,MOVING,MOVING,MOVING,MOVING,MOVING,MOVING
48015,1420,1,RIGHT_ARM,0.12362540,0.00094409,0.00763672,0.00967081,0.01206976,0.01006015,0.05532188,0.00986074,0.00859525,0.02625101,0.01860339,RELIABLE,RELIABLE,RELIABLE,RELIABLE,RELIABLE,RELIABLE,RELIABLE,RELIABLE,STATIONARY,MOVING,STATIONARY,MOVING,MOVING,MOVING,MOVING,MOVING,MOVING
48047,1421,1,RIGHT_ARM,0.12302295,0.00059694,0.00485225,0.00960402,0.01196352,0.01108563,0.05990511,0.01044018,0.00920107,0.03091549,0.01984953,RELIABLE,RELIABLE,RELIABLE,RELIABLE,RELIABLE,RELIABLE,RELIABLE,RELIABLE,STATIONARY,MOVING,STATIONARY,MOVING,MOVING,MOVING,MOVING,MOVING,MOVING
48079,1422,1,RIGHT_ARM,0.12273311,0.00045232,0.00368543,0.00894191,0.01088269,0.00992382,0.06086988,0.00902132,0.00965733,0.02927038,0.01920551,RELIABLE,RELIABLE,RELIABLE,RELIABLE,RELIABLE,RELIABLE,RELIABLE,RELIABLE,STATIONARY,MOVING,STATIONARY,MOVING,MOVING,MOVING,MOVING,MOVING,MOVING
48110,1423,1,RIGHT_ARM,0.12258829,0.00022616,0.00184489,0.00704217,0.00850113,0.00838080,0.05790981,0.00778988,0.00908968,0.02540890,0.01716397,RELIABLE,RELIABLE,RELIABLE,RELIABLE,RELIABLE,RELIABLE,RELIABLE,RELIABLE,STATIONARY,MOVING,STATIONARY,MOVING,MOVING,MOVING,MOVING,MOVING,MOVING
48142,1424,1,RIGHT_ARM,0.12138236,0.00237357,0.01955450,0.00844401,0.01084025,0.01000222,0.05420865,0.00729686,0.00897785,0.02705645,0.01774705,RELIABLE,RELIABLE,RELIABLE,RELIABLE,RELIABLE,RELIABLE,RELIABLE,RELIABLE,STATIONARY,MOVING,STATIONARY,MOVING,MOVING,MOVING,MOVING,MOVING,MOVING
48174,1425,1,RIGHT_ARM,0.12092797,0.00068301,0.00564806,0.00768814,0.01051823,0.01012636,0.05031823,0.00734060,0.00859302,0.02567940,0.01949914,RELIABLE,RELIABLE,RELIABLE,RELIABLE,RELIABLE,RELIABLE,RELIABLE,RELIABLE,STATIONARY,MOVING,STATIONARY,MOVING,MOVING,MOVING,MOVING,MOVING,MOVING
48205,1426,1,RIGHT_ARM,0.12063461,0.00099132,0.00821755,0.00718862,0.01048544,0.00971869,0.04168300,0.00896376,0.00881048,0.02707559,0.02073432,RELIABLE,RELIABLE,RELIABLE,RELIABLE,RELIABLE,RELIABLE,RELIABLE,RELIABLE,STATIONARY,MOVING,STATIONARY,MOVING,MOVING,MOVING,MOVING,MOVING,MOVING
48239,1427,1,RIGHT_ARM,0.12163262,0.00103952,0.00854639,0.00749822,0.01113227,0.01055378,0.03858918,0.01082538,0.01069800,0.03101301,0.02420435,RELIABLE,RELIABLE,RELIABLE,RELIABLE,RELIABLE,RELIABLE,RELIABLE,RELIABLE,STATIONARY,MOVING,STATIONARY,MOVING,MOVING,MOVING,MOVING,MOVING,MOVING
48268,1428,1,RIGHT_ARM,0.12213309,0.00051976,0.00425568,0.00707559,0.01037594,0.00991782,0.03234258,0.01111228,0.01120530,0.02974752,0.02397055,RELIABLE,RELIABLE,RELIABLE,RELIABLE,RELIABLE,RELIABLE,RELIABLE,RELIABLE,STATIONARY,MOVING,STATIONARY,MOVING,MOVING,MOVING,MOVING,MOVING,MOVING
48300,1429,1,RIGHT_ARM,0.12198898,0.00170474,0.01397458,0.00821588,0.01296883,0.01182450,0.02829070,0.01177881,0.01223822,0.02464579,0.02279362,RELIABLE,RELIABLE,RELIABLE,RELIABLE,RELIABLE,RELIABLE,RELIABLE,RELIABLE,STATIONARY,MOVING,STATIONARY,MOVING,MOVING,MOVING,MOVING,MOVING,MOVING
48331,1430,1,RIGHT_ARM,0.12227041,0.00127928,0.01046273,0.00906305,0.01551724,0.01443322,0.02577999,0.01408208,0.01264928,0.02395980,0.02059705,RELIABLE,RELIABLE,RELIABLE,RELIABLE,RELIABLE,RELIABLE,RELIABLE,RELIABLE,STATIONARY,MOVING,STATIONARY,MOVING,MOVING,MOVING,MOVING,MOVING,MOVING
48366,1431,1,RIGHT_ARM,0.12340808,0.00159705,0.01294121,0.01045009,0.01811583,0.01759459,0.02580187,0.01610210,0.01385751,0.02527888,0.02048423,RELIABLE,RELIABLE,RELIABLE,RELIABLE,RELIABLE,RELIABLE,RELIABLE,RELIABLE,STATIONARY,MOVING,STATIONARY,MOVING,MOVING,MOVING,MOVING,MOVING,MOVING
48398,1432,1,RIGHT_ARM,0.12410665,0.00168192,0.01355225,0.00969981,0.01799758,0.01821761,0.02460118,0.01743689,0.01588312,0.02608430,0.02293516,RELIABLE,RELIABLE,RELIABLE,RELIABLE,RELIABLE,RELIABLE,RELIABLE,RELIABLE,STATIONARY,MOVING,MOVING,MOVING,MOVING,MOVING,MOVING,MOVING,MOVING
48446,1433,1,RIGHT_ARM,0.12514893,0.00219020,0.01750078,0.01118140,0.02069535,0.02142886,0.02287967,0.01943011,0.01876568,0.02660913,0.02274383,RELIABLE,RELIABLE,RELIABLE,RELIABLE,RELIABLE,RELIABLE,RELIABLE,RELIABLE,STATIONARY,MOVING,MOVING,MOVING,MOVING,MOVING,MOVING,MOVING,MOVING
48488,1434,1,RIGHT_ARM,0.12567232,0.00109510,0.00871395,0.01124345,0.02118522,0.02186066,0.02102793,0.01863587,0.01931675,0.02393903,0.02161275,RELIABLE,RELIABLE,RELIABLE,RELIABLE,RELIABLE,RELIABLE,RELIABLE,RELIABLE,STATIONARY,MOVING,MOVING,MOVING,MOVING,MOVING,MOVING,MOVING,MOVING
48521,1435,1,RIGHT_ARM,0.12655367,0.00257065,0.02031272,0.01271424,0.02348131,0.02505730,0.02040439,0.02080158,0.02069472,0.02547135,0.02106571,RELIABLE,RELIABLE,RELIABLE,RELIABLE,RELIABLE,RELIABLE,RELIABLE,RELIABLE,STATIONARY,MOVING,MOVING,MOVING,MOVING,MOVING,MOVING,MOVING,MOVING
48551,1436,1,RIGHT_ARM,0.12752399,0.00292299,0.02292112,0.01504742,0.02862339,0.03003204,0.02272233,0.02406384,0.02225619,0.02601661,0.02178523,RELIABLE,RELIABLE,RELIABLE,RELIABLE,RELIABLE,RELIABLE,RELIABLE,RELIABLE,STATIONARY,MOVING,MOVING,MOVING,MOVING,MOVING,MOVING,MOVING,MOVING
48582,1437,1,RIGHT_ARM,0.12869568,0.00288012,0.02237931,0.01609801,0.03133059,0.03269540,0.02429593,0.02801380,0.02305172,0.02711343,0.02118451,RELIABLE,RELIABLE,RELIABLE,RELIABLE,RELIABLE,RELIABLE,RELIABLE,RELIABLE,MOVING,MOVING,MOVING,MOVING,MOVING,MOVING,MOVING,MOVING,MOVING
48615,1438,1,RIGHT_ARM,0.12929526,0.00144006,0.01113777,0.01618239,0.03131324,0.03290454,0.02287899,0.02775070,0.02249163,0.02506071,0.02097021,RELIABLE,RELIABLE,RELIABLE,RELIABLE,RELIABLE,RELIABLE,RELIABLE,RELIABLE,MOVING,MOVING,MOVING,MOVING,MOVING,MOVING,MOVING,MOVING,MOVING
48645,1439,1,RIGHT_ARM,0.13008387,0.00291512,0.02240956,0.01736593,0.03404566,0.03494620,0.02422909,0.02944346,0.02356178,0.02500182,0.02143320,RELIABLE,RELIABLE,RELIABLE,RELIABLE,RELIABLE,RELIABLE,RELIABLE,RELIABLE,MOVING,MOVING,MOVING,MOVING,MOVING,MOVING,MOVING,MOVING,MOVING
48677,1440,1,RIGHT_ARM,0.12961130,0.00458711,0.03539129,0.02009581,0.03845920,0.04052407,0.02542580,0.03088256,0.02362384,0.02528446,0.02075521,RELIABLE,RELIABLE,RELIABLE,RELIABLE,RELIABLE,RELIABLE,RELIABLE,RELIABLE,MOVING,MOVING,MOVING,MOVING,MOVING,MOVING,MOVING,MOVING,MOVING
48708,1441,1,RIGHT_ARM,0.12851890,0.00374815,0.02916417,0.02155374,0.04258646,0.04480708,0.02777093,0.03154398,0.02199021,0.02387868,0.01896797,RELIABLE,RELIABLE,RELIABLE,RELIABLE,RELIABLE,RELIABLE,RELIABLE,RELIABLE,MOVING,MOVING,MOVING,MOVING,MOVING,MOVING,MOVING,MOVING,MOVING
48740,1442,1,RIGHT_ARM,0.12896950,0.00399124,0.03094714,0.02433288,0.05030221,0.05258070,0.03022928,0.03614689,0.02218099,0.02359578,0.01911545,RELIABLE,RELIABLE,RELIABLE,RELIABLE,RELIABLE,RELIABLE,RELIABLE,RELIABLE,MOVING,MOVING,MOVING,MOVING,MOVING,MOVING,MOVING,MOVING,MOVING
48781,1443,1,RIGHT_ARM,0.12960362,0.00286388,0.02209722,0.02455595,0.05389915,0.05519590,0.03277442,0.03659320,0.02282944,0.02027509,0.01994916,RELIABLE,RELIABLE,RELIABLE,RELIABLE,RELIABLE,RELIABLE,RELIABLE,RELIABLE,MOVING,MOVING,MOVING,MOVING,MOVING,MOVING,MOVING,MOVING,MOVING
48820,1444,1,RIGHT_ARM,0.12993962,0.00143194,0.01102004,0.02306831,0.05169705,0.05312094,0.03141685,0.03463530,0.02228044,0.01884199,0.01937581,RELIABLE,RELIABLE,RELIABLE,RELIABLE,RELIABLE,RELIABLE,RELIABLE,RELIABLE,MOVING,MOVING,MOVING,MOVING,MOVING,MOVING,MOVING,MOVING,MOVING
48851,1445,1,RIGHT_ARM,0.12957737,0.00346825,0.02676589,0.02361663,0.05367716,0.05455216,0.02933765,0.03150842,0.02046789,0.01795590,0.01814998,RELIABLE,RELIABLE,RELIABLE,RELIABLE,RELIABLE,RELIABLE,RELIABLE,RELIABLE,MOVING,MOVING,MOVING,MOVING,MOVING,MOVING,MOVING,MOVING,MOVING
48881,1446,1,RIGHT_ARM,0.12976407,0.00478487,0.03687359,0.02683361,0.06020160,0.06174582,0.03063486,0.03262633,0.02062688,0.01881530,0.01885013,RELIABLE,RELIABLE,RELIABLE,RELIABLE,RELIABLE,RELIABLE,RELIABLE,RELIABLE,MOVING,MOVING,MOVING,MOVING,MOVING,MOVING,MOVING,MOVING,MOVING
52597,1558,1,LEFT_ARM,0.12023426,0.00195647,0.01627216,0.00927723,0.01366537,0.00879433,0.01026962,0.01090014,0.00980796,0.01352753,0.01924756,RELIABLE,RELIABLE,RELIABLE,RELIABLE,RELIABLE,RELIABLE,RELIABLE,RELIABLE,MOVING,MOVING,STATIONARY,MOVING,MOVING,MOVING,MOVING,MOVING,MOVING
52637,1559,1,LEFT_ARM,0.12060048,0.00185794,0.01540575,0.01070925,0.01603178,0.00992369,0.01069680,0.01090741,0.01107046,0.01581864,0.02136244,RELIABLE,RELIABLE,RELIABLE,RELIABLE,RELIABLE,RELIABLE,RELIABLE,RELIABLE,MOVING,MOVING,STATIONARY,MOVING,MOVING,MOVING,MOVING,MOVING,MOVING
52667,1560,1,LEFT_ARM,0.12078405,0.00092897,0.00769117,0.01022634,0.01660190,0.00965409,0.01003147,0.01001134,0.01033051,0.01584761,0.02099241,RELIABLE,RELIABLE,RELIABLE,RELIABLE,RELIABLE,RELIABLE,RELIABLE,RELIABLE,MOVING,MOVING,STATIONARY,MOVING,MOVING,MOVING,MOVING,MOVING,MOVING
52697,1561,1,LEFT_ARM,0.12189429,0.00198052,0.01624784,0.01107726,0.01658586,0.00820701,0.00955923,0.01293191,0.01094221,0.01584052,0.02151848,RELIABLE,RELIABLE,RELIABLE,RELIABLE,RELIABLE,RELIABLE,RELIABLE,RELIABLE,MOVING,MOVING,STATIONARY,MOVING,MOVING,MOVING,MOVING,MOVING,MOVING
52729,1562,1,LEFT_ARM,0.12157177,0.00192500,0.01583429,0.01143301,0.01736318,0.00861126,0.00933524,0.01244375,0.01018909,0.01444747,0.01718629,RELIABLE,RELIABLE,RELIABLE,RELIABLE,RELIABLE,RELIABLE,RELIABLE,RELIABLE,MOVING,MOVING,STATIONARY,MOVING,MOVING,MOVING,MOVING,MOVING,MOVING
52766,1563,1,LEFT_ARM,0.12282818,0.00281224,0.02289574,0.01348651,0.02088092,0.01126865,0.01090749,0.01618998,0.01088391,0.01477641,0.01629220,RELIABLE,RELIABLE,RELIABLE,RELIABLE,RELIABLE,RELIABLE,RELIABLE,RELIABLE,MOVING,MOVING,STATIONARY,MOVING,MOVING,MOVING,MOVING,MOVING,MOVING
52798,1564,1,LEFT_ARM,0.12329843,0.00197426,0.01601204,0.01470601,0.02374225,0.01399123,0.00988820,0.01762308,0.01060780,0.01603275,0.01472408,RELIABLE,RELIABLE,RELIABLE,RELIABLE,RELIABLE,RELIABLE,RELIABLE,RELIABLE,MOVING,MOVING,STATIONARY,MOVING,MOVING,MOVING,MOVING,MOVING,MOVING
52847,1565,1,LEFT_ARM,0.12337837,0.00423648,0.03433729,0.01808703,0.02969609,0.01912420,0.00973955,0.02039624,0.01067798,0.01874115,0.01359759,RELIABLE,RELIABLE,RELIABLE,RELIABLE,RELIABLE,RELIABLE,RELIABLE,RELIABLE,MOVING,MOVING,STATIONARY,MOVING,MOVING,MOVING,MOVING,MOVING,MOVING
52887,1566,1,LEFT_ARM,0.12342205,0.00211824,0.01716257,0.01819834,0.02932368,0.02019278,0.00864296,0.02048273,0.01027131,0.01848932,0.01181542,RELIABLE,RELIABLE,RELIABLE,RELIABLE,RELIABLE,RELIABLE,RELIABLE,RELIABLE,MOVING,MOVING,MOVING,MOVING,MOVING,MOVING,MOVING,MOVING,MOVING
52917,1567,1,LEFT_ARM,0.12365236,0.00254123,0.02055143,0.01884155,0.03092883,0.02226754,0.00927471,0.02533687,0.01089633,0.02015131,0.01183193,RELIABLE,RELIABLE,RELIABLE,RELIABLE,RELIABLE,RELIABLE,RELIABLE,RELIABLE,MOVING,MOVING,MOVING,MOVING,MOVING,MOVING,MOVING,MOVING,MOVING
52949,1568,1,LEFT_ARM,0.12411571,0.00654554,0.05273743,0.02447233,0.04092373,0.03202783,0.01468127,0.03188688,0.01348194,0.02209505,0.01275035,RELIABLE,RELIABLE,RELIABLE,RELIABLE,RELIABLE,RELIABLE,RELIABLE,RELIABLE,MOVING,MOVING,MOVING,MOVING,MOVING,MOVING,MOVING,MOVING,MOVING
52981,1569,1,LEFT_ARM,0.12521158,0.00476761,0.03807641,0.02720090,0.05002980,0.04242505,0.02046545,0.03359332,0.01442051,0.02262460,0.01141783,RELIABLE,RELIABLE,RELIABLE,RELIABLE,RELIABLE,RELIABLE,RELIABLE,RELIABLE,MOVING,MOVING,MOVING,MOVING,MOVING,MOVING,MOVING,MOVING,MOVING
53012,1570,1,LEFT_ARM,0.12576505,0.00238380,0.01895442,0.02759092,0.05234594,0.04632876,0.02299342,0.03611068,0.01538956,0.02247297,0.01118783,RELIABLE,RELIABLE,RELIABLE,RELIABLE,RELIABLE,RELIABLE,RELIABLE,RELIABLE,MOVING,MOVING,MOVING,MOVING,MOVING,MOVING,MOVING,MOVING,MOVING
53044,1571,1,LEFT_ARM,0.12485760,0.00663833,0.05316718,0.03137485,0.06204851,0.05720844,0.02587948,0.03695548,0.01732300,0.02272690,0.01176515,RELIABLE,RELIABLE,RELIABLE,RELIABLE,RELIABLE,RELIABLE,RELIABLE,RELIABLE,MOVING,MOVING,MOVING,MOVING,MOVING,MOVING,MOVING,MOVING,MOVING
53076,1572,1,LEFT_ARM,0.12482229,0.00473044,0.03789736,0.03411051,0.06952085,0.06548589,0.03028738,0.04121190,0.01983499,0.02150518,0.01415677,RELIABLE,RELIABLE,RELIABLE,RELIABLE,RELIABLE,RELIABLE,RELIABLE,RELIABLE,MOVING,MOVING,MOVING,MOVING,MOVING,MOVING,MOVING,MOVING,MOVING
53107,1573,1,LEFT_ARM,0.12356816,0.00560848,0.04538773,0.03549182,0.07390405,0.07148096,0.03758580,0.04396424,0.02287813,0.01868977,0.01646674,RELIABLE,RELIABLE,RELIABLE,RELIABLE,RELIABLE,RELIABLE,RELIABLE,RELIABLE,MOVING,MOVING,MOVING,MOVING,MOVING,MOVING,MOVING,MOVING,MOVING
53139,1574,1,LEFT_ARM,0.12283269,0.00562654,0.04580655,0.03907231,0.08282251,0.08095261,0.04445768,0.04915669,0.02646045,0.01948028,0.01741426,RELIABLE,RELIABLE,RELIABLE,RELIABLE,RELIABLE,RELIABLE,RELIABLE,RELIABLE,MOVING,MOVING,MOVING,MOVING,MOVING,MOVING,MOVING,MOVING,MOVING
53183,1575,1,LEFT_ARM,0.12270792,0.00449053,0.03659529,0.04107780,0.08930692,0.08855333,0.05109444,0.04822313,0.02975346,0.02202386,0.01794993,RELIABLE,RELIABLE,RELIABLE,RELIABLE,RELIABLE,RELIABLE,RELIABLE,RELIABLE,MOVING,MOVING,MOVING,MOVING,MOVING,MOVING,MOVING,MOVING,MOVING
53219,1576,1,LEFT_ARM,0.12265265,0.00224527,0.01830589,0.03677385,0.08336171,0.08363448,0.04932513,0.04363527,0.02912952,0.02218667,0.01731021,RELIABLE,RELIABLE,RELIABLE,RELIABLE,RELIABLE,RELIABLE,RELIABLE,RELIABLE,MOVING,MOVING,MOVING,MOVING,MOVING,MOVING,MOVING,MOVING,MOVING
53250,1577,1,LEFT_ARM,0.12328201,0.00378602,0.03071024,0.03585308,0.08096451,0.08097493,0.04978040,0.03980699,0.02860573,0.02255912,0.01751297,RELIABLE,RELIABLE,RELIABLE,RELIABLE,RELIABLE,RELIABLE,RELIABLE,RELIABLE,MOVING,MOVING,MOVING,MOVING,MOVING,MOVING,MOVING,MOVING,MOVING
53282,1578,1,LEFT_ARM,0.12434453,0.00232252,0.01867812,0.03581855,0.08020141,0.08047026,0.05073205,0.03986673,0.03009581,0.02423116,0.01905807,RELIABLE,RELIABLE,RELIABLE,RELIABLE,RELIABLE,RELIABLE,RELIABLE,RELIABLE,MOVING,MOVING,MOVING,MOVING,MOVING,MOVING,MOVING,MOVING,MOVING
53313,1579,1,LEFT_ARM,0.12551455,0.00366960,0.02923646,0.03282721,0.07315526,0.07218865,0.05162381,0.03733941,0.03042240,0.02773236,0.02073065,RELIABLE,RELIABLE,RELIABLE,RELIABLE,RELIABLE,RELIABLE,RELIABLE,RELIABLE,MOVING,MOVING,MOVING,MOVING,MOVING,MOVING,MOVING,MOVING,MOVING
53345,1580,1,LEFT_ARM,0.12496564,0.00281045,0.02248976,0.03090126,0.06851904,0.06726312,0.05161382,0.03650977,0.02814958,0.02593766,0.01953241,RELIABLE,RELIABLE,RELIABLE,RELIABLE,RELIABLE,RELIABLE,RELIABLE,RELIABLE,MOVING,MOVING,MOVING,MOVING,MOVING,MOVING,MOVING,MOVING,MOVING
53376,1581,1,LEFT_ARM,0.12470109,0.00140522,0.01126874,0.02663638,0.05989855,0.05822871,0.04619361,0.03266639,0.02452012,0.02545875,0.01740814,RELIABLE,RELIABLE,RELIABLE,RELIABLE,RELIABLE,RELIABLE,RELIABLE,RELIABLE,MOVING,MOVING,MOVING,MOVING,MOVING,MOVING,MOVING,MOVING,MOVING
53408,1582,1,LEFT_ARM,0.12646753,0.00203036,0.01605442,0.02291736,0.05071034,0.04910525,0.04247214,0.03103367,0.02330085,0.02640395,0.02144902,RELIABLE,RELIABLE,RELIABLE,RELIABLE,RELIABLE,RELIABLE,RELIABLE,RELIABLE,MOVING,MOVING,MOVING,MOVING,MOVING,MOVING,MOVING,MOVING,MOVING
53439,1583,1,LEFT_ARM,0.12660051,0.00183539,0.01449747,0.02015514,0.04286930,0.04054683,0.03892689,0.02978807,0.01994649,0.02108686,0.02125539,RELIABLE,RELIABLE,RELIABLE,RELIABLE,RELIABLE,RELIABLE,RELIABLE,RELIABLE,MOVING,MOVING,MOVING,MOVING,MOVING,MOVING,MOVING,MOVING,MOVING
53470,1584,1,LEFT_ARM,0.12598482,0.00100554,0.00798144,0.01886458,0.03946243,0.03678705,0.03817188,0.02970077,0.01863187,0.02035052,0.02293627,RELIABLE,RELIABLE,RELIABLE,RELIABLE,RELIABLE,RELIABLE,RELIABLE,RELIABLE,MOVING,MOVING,MOVING,MOVING,MOVING,MOVING,MOVING,MOVING,MOVING
53502,1585,1,LEFT_ARM,0.12510961,0.00210693,0.01684065,0.01713088,0.03398979,0.03264130,0.03400884,0.02900040,0.01732910,0.02020264,0.02479512,RELIABLE,RELIABLE,RELIABLE,RELIABLE,RELIABLE,RELIABLE,RELIABLE,RELIABLE,MOVING,MOVING,MOVING,MOVING,MOVING,MOVING,MOVING,MOVING,MOVING
53550,1586,1,LEFT_ARM,0.12660405,0.00290086,0.02291287,0.01766022,0.03342405,0.03193386,0.03168542,0.02834096,0.01568878,0.01951293,0.02596574,RELIABLE,RELIABLE,RELIABLE,RELIABLE,RELIABLE,RELIABLE,RELIABLE,RELIABLE,MOVING,MOVING,MOVING,MOVING,MOVING,MOVING,MOVING,MOVING,MOVING
53581,1587,1,LEFT_ARM,0.12735130,0.00145043,0.01138921,0.01542932,0.02812483,0.02821624,0.02679769,0.02698642,0.01276551,0.01514692,0.02368750,RELIABLE,RELIABLE,RELIABLE,RELIABLE,RELIABLE,RELIABLE,RELIABLE,RELIABLE,MOVING,MOVING,MOVING,MOVING,MOVING,MOVING,MOVING,MOVING,MOVING
53613,1588,1,LEFT_ARM,0.12733064,0.00074117,0.00582082,0.01334570,0.02287506,0.02214509,0.02391376,0.02392393,0.01248143,0.01614611,0.02239469,RELIABLE,RELIABLE,RELIABLE,RELIABLE,RELIABLE,RELIABLE,RELIABLE,RELIABLE,MOVING,MOVING,MOVING,MOVING,MOVING,MOVING,MOVING,MOVING,MOVING
53645,1589,1,LEFT_ARM,0.12639655,0.00103348,0.00817646,0.01295917,0.02011296,0.01996489,0.02303095,0.02325068,0.01300980,0.01955139,0.02349036,RELIABLE,RELIABLE,RELIABLE,RELIABLE,RELIABLE,RELIABLE,RELIABLE,RELIABLE,MOVING,MOVING,MOVING,MOVING,MOVING,MOVING,MOVING,MOVING,MOVING
53678,1590,1,LEFT_ARM,0.12591558,0.00135407,0.01075378,0.01229659,0.01808893,0.01806533,0.02098023,0.01919052,0.01089566,0.01857821,0.02036472,RELIABLE,RELIABLE,RELIABLE,RELIABLE,RELIABLE,RELIABLE,RELIABLE,RELIABLE,MOVING,MOVING,MOVING,MOVING,MOVING,MOVING,MOVING,MOVING,MOVING
53709,1591,1,LEFT_ARM,0.12567538,0.00067703,0.00538717,0.01115780,0.01540376,0.01619898,0.01667071,0.01625491,0.00903163,0.01812236,0.01870497,RELIABLE,RELIABLE,RELIABLE,RELIABLE,RELIABLE,RELIABLE,RELIABLE,RELIABLE,MOVING,MOVING,MOVING,MOVING,MOVING,MOVING,MOVING,MOVING,MOVING
53740,1592,1,LEFT_ARM,0.12490038,0.00141510,0.01132983,0.01157635,0.01504325,0.01578406,0.01458954,0.01587816,0.00854970,0.01847283,0.01782799,RELIABLE,RELIABLE,RELIABLE,RELIABLE,RELIABLE,RELIABLE,RELIABLE,RELIABLE,MOVING,MOVING,MOVING,MOVING,MOVING,MOVING,MOVING,MOVING,MOVING
53772,1593,1,LEFT_ARM,0.12466019,0.00140242,0.01124992,0.01087751,0.01422592,0.01420659,0.01223093,0.01503871,0.00831978,0.01750417,0.01598849,RELIABLE,RELIABLE,RELIABLE,RELIABLE,RELIABLE,RELIABLE,RELIABLE,RELIABLE,MOVING,MOVING,MOVING,MOVING,MOVING,MOVING,MOVING,MOVING,MOVING
53807,1594,1,LEFT_ARM,0.12488179,0.00109558,0.00877291,0.00911001,0.01145144,0.01090145,0.01178289,0.01351130,0.00896905,0.02054741,0.01629449,RELIABLE,RELIABLE,RELIABLE,RELIABLE,RELIABLE,RELIABLE,RELIABLE,RELIABLE,MOVING,MOVING,MOVING,MOVING,MOVING,MOVING,MOVING,MOVING,MOVING
53836,1595,1,LEFT_ARM,0.12499351,0.00054779,0.00438254,0.00823418,0.01007594,0.00926091,0.01156423,0.01275567,0.00929659,0.02207298,0.01645549,RELIABLE,RELIABLE,RELIABLE,RELIABLE,RELIABLE,RELIABLE,RELIABLE,RELIABLE,MOVING,MOVING,MOVING,MOVING,MOVING,MOVING,MOVING,MOVING,MOVING
53867,1596,1,LEFT_ARM,0.12455474,0.00060732,0.00487594,0.00811607,0.00957810,0.00965194,0.00992836,0.01121507,0.00854827,0.02209852,0.01592623,RELIABLE,RELIABLE,RELIABLE,RELIABLE,RELIABLE,RELIABLE,RELIABLE,RELIABLE,MOVING,MOVING,MOVING,MOVING,MOVING,MOVING,MOVING,MOVING,MOVING
53898,1597,1,LEFT_ARM,0.12400016,0.00093118,0.00750948,0.00803270,0.01062839,0.00998095,0.00987997,0.01001194,0.00874227,0.02325438,0.01510300,RELIABLE,RELIABLE,RELIABLE,RELIABLE,RELIABLE,RELIABLE,RELIABLE,RELIABLE,MOVING,MOVING,MOVING,MOVING,MOVING,MOVING,MOVING,MOVING,MOVING
53929,1598,1,LEFT_ARM,0.12359525,0.00062016,0.00501764,0.00731568,0.00991470,0.00858456,0.00935637,0.00963947,0.00865070,0.02333091,0.01364980,RELIABLE,RELIABLE,RELIABLE,RELIABLE,RELIABLE,RELIABLE,RELIABLE,RELIABLE,MOVING,MOVING,MOVING,MOVING,MOVING,MOVING,MOVING,MOVING,MOVING
53966,1599,1,LEFT_ARM,0.12356981,0.00045015,0.00364292,0.00709765,0.00978778,0.00855971,0.00954780,0.01066791,0.00972728,0.02619945,0.01441566,RELIABLE,RELIABLE,RELIABLE,RELIABLE,RELIABLE,RELIABLE,RELIABLE,RELIABLE,MOVING,MOVING,MOVING,MOVING,MOVING,MOVING,MOVING,MOVING,MOVING
54015,1600,1,LEFT_ARM,0.12350286,0.00080161,0.00649062,0.00649275,0.00835645,0.00751030,0.00948860,0.00946819,0.00989057,0.02553816,0.01427694,RELIABLE,RELIABLE,RELIABLE,RELIABLE,RELIABLE,RELIABLE,RELIABLE,RELIABLE,MOVING,MOVING,MOVING,MOVING,MOVING,MOVING,MOVING,MOVING,MOVING
54054,1601,1,LEFT_ARM,0.12347089,0.00040080,0.00324615,0.00549227,0.00609945,0.00512433,0.00934459,0.00805916,0.00968457,0.02521461,0.01404077,RELIABLE,RELIABLE,RELIABLE,RELIABLE,RELIABLE,RELIABLE,RELIABLE,RELIABLE,MOVING,MOVING,MOVING,MOVING,MOVING,MOVING,MOVING,MOVING,MOVING
54086,1602,1,LEFT_ARM,0.12316580,0.00076813,0.00623656,0.00517523,0.00578736,0.00596396,0.00900805,0.00861678,0.00957752,0.02307461,0.01369374,RELIABLE,RELIABLE,RELIABLE,RELIABLE,RELIABLE,RELIABLE,RELIABLE,RELIABLE,MOVING,MOVING,MOVING,MOVING,MOVING,MOVING,MOVING,MOVING,MOVING
54117,1603,1,LEFT_ARM,0.12343612,0.00213477,0.01729451,0.00678923,0.00791115,0.00766599,0.00991173,0.00950093,0.01058939,0.02280220,0.01466789,RELIABLE,RELIABLE,RELIABLE,RELIABLE,RELIABLE,RELIABLE,RELIABLE,RELIABLE,MOVING,MOVING,MOVING,MOVING,MOVING,MOVING,MOVING,MOVING,MOVING
54149,1604,1,LEFT_ARM,0.12450533,0.00047818,0.00384067,0.00665982,0.00775059,0.00784989,0.01008221,0.00901072,0.01062581,0.02283869,0.01552077,RELIABLE,RELIABLE,RELIABLE,RELIABLE,RELIABLE,RELIABLE,RELIABLE,RELIABLE,MOVING,MOVING,MOVING,MOVING,MOVING,MOVING,MOVING,MOVING,MOVING
54181,1605,1,LEFT_ARM,0.12388444,0.00143894,0.01161517,0.00717303,0.00803232,0.00731445,0.00912204,0.00897668,0.00992696,0.01923843,0.01534891,RELIABLE,RELIABLE,RELIABLE,RELIABLE,RELIABLE,RELIABLE,RELIABLE,RELIABLE,MOVING,MOVING,MOVING,MOVING,MOVING,MOVING,MOVING,MOVING,MOVING
54213,1606,1,LEFT_ARM,0.12357612,0.00071947,0.00582208,0.00727358,0.00820958,0.00755141,0.00854063,0.00835065,0.00948966,0.01723504,0.01508447,RELIABLE,RELIABLE,RELIABLE,RELIABLE,RELIABLE,RELIABLE,RELIABLE,RELIABLE,MOVING,MOVING,MOVING,MOVING,MOVING,MOVING,MOVING,MOVING,MOVING
54244,1607,1,LEFT_ARM,0.12331035,0.00080415,0.00652136,0.00763339,0.00857188,0.00740462,0.00871553,0.00752069,0.00876213,0.01494455,0.01451845,RELIABLE,RELIABLE,RELIABLE,RELIABLE,RELIABLE,RELIABLE,RELIABLE,RELIABLE,MOVING,MOVING,MOVING,MOVING,MOVING,MOVING,MOVING,MOVING,MOVING
54276,1608,1,LEFT_ARM,0.12359678,0.00208425,0.01686334,0.00892998,0.01132928,0.00901376,0.00818706,0.00765015,0.01004694,0.01614861,0.01562907,RELIABLE,RELIABLE,RELIABLE,RELIABLE,RELIABLE,RELIABLE,RELIABLE,RELIABLE,MOVING,MOVING,MOVING,MOVING,MOVING,MOVING,MOVING,MOVING,MOVING
54308,1609,1,LEFT_ARM,0.12407677,0.00051702,0.00416691,0.00904508,0.01197303,0.00986334,0.00851666,0.00822382,0.01026591,0.01703123,0.01773995,RELIABLE,RELIABLE,RELIABLE,RELIABLE,RELIABLE,RELIABLE,RELIABLE,RELIABLE,MOVING,MOVING,MOVING,MOVING,MOVING,MOVING,MOVING,MOVING,MOVING
54340,1610,1,LEFT_ARM,0.12349616,0.00114243,0.00925072,0.00942185,0.01201891,0.00840194,0.00828258,0.00697385,0.00925211,0.01725091,0.01672700,RELIABLE,RELIABLE,RELIABLE,RELIABLE,RELIABLE,RELIABLE,RELIABLE,RELIABLE,MOVING,MOVING,MOVING,MOVING,MOVING,MOVING,MOVING,MOVING,MOVING
54383,1611,1,LEFT_ARM,0.12371534,0.00090330,0.00730145,0.00817271,0.01049749,0.00755067,0.00759468,0.00622990,0.00812934,0.01772189,0.01508893,RELIABLE,RELIABLE,RELIABLE,RELIABLE,RELIABLE,RELIABLE,RELIABLE,RELIABLE,MOVING,MOVING,MOVING,MOVING,MOVING,MOVING,MOVING,MOVING,MOVING
54419,1612,1,LEFT_ARM,0.12382541,0.00045165,0.00364748,0.00814857,0.01074866,0.00724221,0.00695883,0.00617636,0.00770987,0.01722254,0.01397913,RELIABLE,RELIABLE,RELIABLE,RELIABLE,RELIABLE,RELIABLE,RELIABLE,RELIABLE,MOVING,MOVING,MOVING,MOVING,MOVING,MOVING,MOVING,MOVING,MOVING
54451,1613,1,LEFT_ARM,0.12378716,0.00060190,0.00486236,0.00730446,0.00998621,0.00754048,0.00685699,0.00636862,0.00746887,0.02149870,0.01639734,RELIABLE,RELIABLE,RELIABLE,RELIABLE,RELIABLE,RELIABLE,RELIABLE,RELIABLE,MOVING,MOVING,MOVING,MOVING,MOVING,MOVING,MOVING,MOVING,MOVING
54482,1614,1,LEFT_ARM,0.12425906,0.00154215,0.01241079,0.00812805,0.01083477,0.00839041,0.00750871,0.00664459,0.00793561,0.02420111,0.01783877,RELIABLE,RELIABLE,RELIABLE,RELIABLE,RELIABLE,RELIABLE,RELIABLE,RELIABLE,MOVING,MOVING,MOVING,MOVING,MOVING,MOVING,MOVING,MOVING,MOVING
54514,1615,1,LEFT_ARM,0.12384399,0.00084745,0.00684290,0.00816825,0.01102618,0.00855392,0.00742639,0.00653240,0.00780730,0.02505123,0.01818736,RELIABLE,RELIABLE,RELIABLE,RELIABLE,RELIABLE,RELIABLE,RELIABLE,RELIABLE,MOVING,MOVING,MOVING,MOVING,MOVING,MOVING,MOVING,MOVING,MOVING
54546,1616,1,LEFT_ARM,0.12363652,0.00042373,0.00342719,0.00648873,0.00841621,0.00695059,0.00706381,0.00601881,0.00565623,0.02272263,0.01575989,RELIABLE,RELIABLE,RELIABLE,RELIABLE,RELIABLE,RELIABLE,RELIABLE,RELIABLE,MOVING,MOVING,MOVING,MOVING,MOVING,MOVING,MOVING,MOVING,MOVING
54578,1617,1,LEFT_ARM,0.12408355,0.00178469,0.01438299,0.00776574,0.00971707,0.00728604,0.00665347,0.00557413,0.00661202,0.02773388,0.01479723,RELIABLE,RELIABLE,RELIABLE,RELIABLE,RELIABLE,RELIABLE,RELIABLE,RELIABLE,MOVING,MOVING,MOVING,MOVING,MOVING,MOVING,MOVING,MOVING,MOVING
54609,1618,1,LEFT_ARM,0.12402959,0.00097772,0.00788298,0.00759477,0.00961628,0.00755731,0.00668711,0.00544160,0.00664796,0.02693885,0.01419327,RELIABLE,RELIABLE,RELIABLE,RELIABLE,RELIABLE,RELIABLE,RELIABLE,RELIABLE,MOVING,MOVING,MOVING,MOVING,MOVING,MOVING,MOVING,MOVING,MOVING
54641,1619,1,LEFT_ARM,0.12427139,0.00148948,0.01198572,0.00818030,0.01014614,0.00734971,0.00635569,0.00526738,0.00750384,0.02732277,0.01529190,RELIABLE,RELIABLE,RELIABLE,RELIABLE,RELIABLE,RELIABLE,RELIABLE,RELIABLE,MOVING,MOVING,MOVING,MOVING,MOVING,MOVING,MOVING,MOVING,MOVING
54672,1620,1,LEFT_ARM,0.12354723,0.00100735,0.00815358,0.00874357,0.01060049,0.00717130,0.00785103,0.00571036,0.00935942,0.02964652,0.01659726,RELIABLE,RELIABLE,RELIABLE,RELIABLE,RELIABLE,RELIABLE,RELIABLE,RELIABLE,MOVING,MOVING,MOVING,MOVING,MOVING,MOVING,MOVING,MOVING,MOVING
54718,1621,1,LEFT_ARM,0.12331835,0.00045884,0.00372074,0.00860086,0.01000732,0.00643482,0.00816806,0.00578654,0.00948832,0.02772176,0.01542681,RELIABLE,RELIABLE,RELIABLE,RELIABLE,RELIABLE,RELIABLE,RELIABLE,RELIABLE,MOVING,MOVING,MOVING,MOVING,MOVING,MOVING,MOVING,MOVING,MOVING
54751,1622,1,LEFT_ARM,0.12320412,0.00022942,0.00186210,0.00728228,0.00847896,0.00536490,0.00762336,0.00564422,0.00896475,0.02619507,0.01460873,RELIABLE,RELIABLE,RELIABLE,RELIABLE,RELIABLE,RELIABLE,RELIABLE,RELIABLE,MOVING,MOVING,MOVING,MOVING,MOVING,MOVING,MOVING,MOVING,MOVING
54783,1623,1,LEFT_ARM,0.12421807,0.00079188,0.00637489,0.00722377,0.00820375,0.00498933,0.00776938,0.00589415,0.00960707,0.02908795,0.01666404,RELIABLE,RELIABLE,RELIABLE,RELIABLE,RELIABLE,RELIABLE,RELIABLE,RELIABLE,MOVING,MOVING,MOVING,MOVING,MOVING,MOVING,MOVING,MOVING,MOVING
54815,1624,1,LEFT_ARM,0.12352759,0.00083789,0.00678300,0.00764325,0.00816574,0.00510930,0.00847226,0.00646318,0.00997857,0.02967171,0.01697027,RELIABLE,RELIABLE,RELIABLE,RELIABLE,RELIABLE,RELIABLE,RELIABLE,RELIABLE,MOVING,MOVING,MOVING,MOVING,MOVING,MOVING,MOVING,MOVING,MOVING
54846,1625,1,LEFT_ARM,0.12261305,0.00219705,0.01791853,0.00808519,0.00905097,0.00540823,0.00896049,0.00674355,0.00991709,0.02683228,0.01696776,RELIABLE,RELIABLE,RELIABLE,RELIABLE,RELIABLE,RELIABLE,RELIABLE,RELIABLE,MOVING,MOVING,MOVING,MOVING,MOVING,MOVING,MOVING,MOVING,MOVING
54879,1626,1,LEFT_ARM,0.12180804,0.00103845,0.00852532,0.00816548,0.00874966,0.00528209,0.00960846,0.00746493,0.01089565,0.02869996,0.01732689,RELIABLE,RELIABLE,RELIABLE,RELIABLE,RELIABLE,RELIABLE,RELIABLE,RELIABLE,MOVING,MOVING,MOVING,MOVING,MOVING,MOVING,MOVING,MOVING,MOVING
54910,1627,1,LEFT_ARM,0.12140554,0.00051923,0.00427679,0.00720187,0.00728523,0.00440178,0.00978320,0.00745005,0.01010139,0.02770313,0.01609465,RELIABLE,RELIABLE,RELIABLE,RELIABLE,RELIABLE,RELIABLE,RELIABLE,RELIABLE,MOVING,MOVING,MOVING,MOVING,MOVING,MOVING,MOVING,MOVING,MOVING
54942,1628,1,LEFT_ARM,0.12126562,0.00086293,0.00711605,0.00707218,0.00697118,0.00460338,0.00956020,0.00748012,0.00899318,0.02715015,0.01649621,RELIABLE,RELIABLE,RELIABLE,RELIABLE,RELIABLE,RELIABLE,RELIABLE,RELIABLE,MOVING,MOVING,MOVING,MOVING,MOVING,MOVING,MOVING,MOVING,MOVING
54973,1629,1,LEFT_ARM,0.12221186,0.00192839,0.01577911,0.00857947,0.00895594,0.00561706,0.00994620,0.00781341,0.00989185,0.02758414,0.01881933,RELIABLE,RELIABLE,RELIABLE,RELIABLE,RELIABLE,RELIABLE,RELIABLE,RELIABLE,MOVING,MOVING,STATIONARY,MOVING,MOVING,MOVING,MOVING,MOVING,MOVING
55006,1630,1,LEFT_ARM,0.12290074,0.00114013,0.00927685,0.00950632,0.01036775,0.00631980,0.01065035,0.00836785,0.01003478,0.02736618,0.01859034,RELIABLE,RELIABLE,RELIABLE,RELIABLE,RELIABLE,RELIABLE,RELIABLE,RELIABLE,MOVING,MOVING,STATIONARY,MOVING,MOVING,MOVING,MOVING,MOVING,MOVING
55036,1631,1,LEFT_ARM,0.12324536,0.00057007,0.00462546,0.00928764,0.01031037,0.00636237,0.01007019,0.00787347,0.00894859,0.02255578,0.01532109,RELIABLE,RELIABLE,RELIABLE,RELIABLE,RELIABLE,RELIABLE,RELIABLE,RELIABLE,MOVING,MOVING,STATIONARY,MOVING,MOVING,MOVING,MOVING,MOVING,MOVING
55068,1632,1,LEFT_ARM,0.12343130,0.00104137,0.00843684,0.00949437,0.01047233,0.00649563,0.00963448,0.00760981,0.00953596,0.02387247,0.01621286,RELIABLE,RELIABLE,RELIABLE,RELIABLE,RELIABLE,RELIABLE,RELIABLE,RELIABLE,MOVING,MOVING,STATIONARY,MOVING,MOVING,MOVING,MOVING,MOVING,MOVING
55099,1633,1,LEFT_ARM,0.12353842,0.00081183,0.00657151,0.00807599,0.00853758,0.00582629,0.00921686,0.00747542,0.00915319,0.02136427,0.01546960,RELIABLE,RELIABLE,RELIABLE,RELIABLE,RELIABLE,RELIABLE,RELIABLE,RELIABLE,MOVING,MOVING,STATIONARY,MOVING,MOVING,MOVING,MOVING,MOVING,MOVING
55134,1634,1,LEFT_ARM,0.12264992,0.00049096,0.00400290,0.00751069,0.00816229,0.00627315,0.00836178,0.00790352,0.00899144,0.01859358,0.01461088,RELIABLE,RELIABLE,RELIABLE,RELIABLE,RELIABLE,RELIABLE,RELIABLE,RELIABLE,MOVING,MOVING,STATIONARY,MOVING,MOVING,MOVING,MOVING,MOVING,MOVING
55166,1635,1,LEFT_ARM,0.12285289,0.00074415,0.00605723,0.00773324,0.00878978,0.00698878,0.00843482,0.00796434,0.00936130,0.01937741,0.01450993,RELIABLE,RELIABLE,RELIABLE,RELIABLE,RELIABLE,RELIABLE,RELIABLE,RELIABLE,MOVING,MOVING,STATIONARY,MOVING,MOVING,MOVING,MOVING,MOVING,MOVING
55215,1636,1,LEFT_ARM,0.12273308,0.00151238,0.01232255,0.00838406,0.00988546,0.00774561,0.00802820,0.00884106,0.00946313,0.01899846,0.01368389,RELIABLE,RELIABLE,RELIABLE,RELIABLE,RELIABLE,RELIABLE,RELIABLE,RELIABLE,MOVING,MOVING,STATIONARY,MOVING,MOVING,MOVING,MOVING,MOVING,MOVING
55242,1637,1,LEFT_ARM,0.12267433,0.00075619,0.00616423,0.00718220,0.00846964,0.00703793,0.00725314,0.00824570,0.00836828,0.01622880,0.00941092,RELIABLE,RELIABLE,RELIABLE,RELIABLE,RELIABLE,RELIABLE,RELIABLE,RELIABLE,MOVING,MOVING,STATIONARY,MOVING,MOVING,MOVING,MOVING,MOVING,MOVING
55273,1638,1,LEFT_ARM,0.12245178,0.00092153,0.00752562,0.00696329,0.00809983,0.00717522,0.00694346,0.00736537,0.00846189,0.01662590,0.01029063,RELIABLE,RELIABLE,RELIABLE,RELIABLE,RELIABLE,RELIABLE,RELIABLE,RELIABLE,MOVING,MOVING,STATIONARY,MOVING,MOVING,MOVING,MOVING,MOVING,MOVING
55305,1639,1,LEFT_ARM,0.12239664,0.00105506,0.00861999,0.00746261,0.00865183,0.00743231,0.00728866,0.00739386,0.00926427,0.01976249,0.01134564,RELIABLE,RELIABLE,RELIABLE,RELIABLE,RELIABLE,RELIABLE,RELIABLE,RELIABLE,MOVING,MOVING,STATIONARY,MOVING,MOVING,MOVING,MOVING,MOVING,MOVING
55342,1640,1,LEFT_ARM,0.12312481,0.00068873,0.00559377,0.00710722,0.00896915,0.00704713,0.00761198,0.00708957,0.00912225,0.02012920,0.01150456,RELIABLE,RELIABLE,RELIABLE,RELIABLE,RELIABLE,RELIABLE,RELIABLE,RELIABLE,MOVING,MOVING,STATIONARY,MOVING,MOVING,MOVING,MOVING,MOVING,MOVING
55383,1641,1,LEFT_ARM,0.12348973,0.00034437,0.00278862,0.00663436,0.00836687,0.00616898,0.00747000,0.00662238,0.00836515,0.02014856,0.01111855,RELIABLE,RELIABLE,RELIABLE,RELIABLE,RELIABLE,RELIABLE,RELIABLE,RELIABLE,MOVING,MOVING,STATIONARY,MOVING,MOVING,MOVING,MOVING,MOVING,MOVING
55415,1642,1,LEFT_ARM,0.12305039,0.00158268,0.01286204,0.00774176,0.01022767,0.00638457,0.00727219,0.00635390,0.00775731,0.02196516,0.01204279,RELIABLE,RELIABLE,RELIABLE,RELIABLE,RELIABLE,RELIABLE,RELIABLE,RELIABLE,MOVING,MOVING,STATIONARY,MOVING,MOVING,MOVING,MOVING,MOVING,MOVING
55447,1643,1,LEFT_ARM,0.12329478,0.00224617,0.01821786,0.00926184,0.01174308,0.00818496,0.00724992,0.00633646,0.00764865,0.02229408,0.01217801,RELIABLE,RELIABLE,RELIABLE,RELIABLE,RELIABLE,RELIABLE,RELIABLE,RELIABLE,MOVING,MOVING,STATIONARY,MOVING,MOVING,MOVING,MOVING,MOVING,MOVING
55477,1644,1,LEFT_ARM,0.12212266,0.00195582,0.01601524,0.00972342,0.01253319,0.00796708,0.00654082,0.00528682,0.00766487,0.02147263,0.01342241,RELIABLE,RELIABLE,RELIABLE,RELIABLE,RELIABLE,RELIABLE,RELIABLE,RELIABLE,MOVING,MOVING,STATIONARY,MOVING,MOVING,MOVING,MOVING,MOVING,MOVING
55509,1645,1,LEFT_ARM,0.12321202,0.00165464,0.01342922,0.01063154,0.01375973,0.00933083,0.00685737,0.00516177,0.00816934,0.02216557,0.01538292,RELIABLE,RELIABLE,RELIABLE,RELIABLE,RELIABLE,RELIABLE,RELIABLE,RELIABLE,MOVING,MOVING,STATIONARY,MOVING,MOVING,MOVING,MOVING,MOVING,MOVING
55550,1646,1,LEFT_ARM,0.12257062,0.00100440,0.00819446,0.01071515,0.01388650,0.00907220,0.00676026,0.00567973,0.00830507,0.02369041,0.01450920,RELIABLE,RELIABLE,RELIABLE,RELIABLE,RELIABLE,RELIABLE,RELIABLE,RELIABLE,MOVING,MOVING,STATIONARY,MOVING,MOVING,MOVING,MOVING,MOVING,MOVING
55587,1647,1,LEFT_ARM,0.12225137,0.00050220,0.00410793,0.01015114,0.01321701,0.00875675,0.00621449,0.00547265,0.00761916,0.02152176,0.01346020,RELIABLE,RELIABLE,RELIABLE,RELIABLE,RELIABLE,RELIABLE,RELIABLE,RELIABLE,MOVING,MOVING,STATIONARY,MOVING,MOVING,MOVING,MOVING,MOVING,MOVING
55618,1648,1,LEFT_ARM,0.12239259,0.00049713,0.00406173,0.00995964,0.01308190,0.00921882,0.00664535,0.00634415,0.00956637,0.03023119,0.01638859,RELIABLE,RELIABLE,RELIABLE,RELIABLE,RELIABLE,RELIABLE,RELIABLE,RELIABLE,MOVING,MOVING,STATIONARY,MOVING,MOVING,MOVING,MOVING,MOVING,MOVING
55649,1649,1,LEFT_ARM,0.12161883,0.00069420,0.00570796,0.01032456,0.01382449,0.01062292,0.00719507,0.00697632,0.00996247,0.03075925,0.01799272,RELIABLE,RELIABLE,RELIABLE,RELIABLE,RELIABLE,RELIABLE,RELIABLE,RELIABLE,MOVING,MOVING,STATIONARY,MOVING,MOVING,MOVING,MOVING,MOVING,MOVING
55680,1650,1,LEFT_ARM,0.12253621,0.00050901,0.00415395,0.00923604,0.01268732,0.01054024,0.00823465,0.00625426,0.00992834,0.02986680,0.01836078,RELIABLE,RELIABLE,RELIABLE,RELIABLE,RELIABLE,RELIABLE,RELIABLE,RELIABLE,MOVING,MOVING,STATIONARY,MOVING,MOVING,MOVING,MOVING,MOVING,MOVING
55712,1651,1,LEFT_ARM,0.12302619,0.00146174,0.01188152,0.00844400,0.01256508,0.00868059,0.00812957,0.00589301,0.00932905,0.02757164,0.01942094,RELIABLE,RELIABLE,RELIABLE,RELIABLE,RELIABLE,RELIABLE,RELIABLE,RELIABLE,MOVING,MOVING,STATIONARY,MOVING,MOVING,MOVING,MOVING,MOVING,MOVING
55743,1652,1,LEFT_ARM,0.12327127,0.00073087,0.00592895,0.00718322,0.01108023,0.00790238,0.00786710,0.00533945,0.00832521,0.02610386,0.01777450,RELIABLE,RELIABLE,RELIABLE,RELIABLE,RELIABLE,RELIABLE,RELIABLE,RELIABLE,MOVING,MOVING,STATIONARY,MOVING,MOVING,MOVING,MOVING,MOVING,MOVING
55774,1653,1,LEFT_ARM,0.12292841,0.00131414,0.01069032,0.00684085,0.01032849,0.00652035,0.00794590,0.00654287,0.00902589,0.02694009,0.01811578,RELIABLE,RELIABLE,RELIABLE,RELIABLE,RELIABLE,RELIABLE,RELIABLE,RELIABLE,MOVING,MOVING,STATIONARY,MOVING,MOVING,MOVING,MOVING,MOVING,MOVING
55805,1654,1,LEFT_ARM,0.12400383,0.00068749,0.00554408,0.00650956,0.00948593,0.00627399,0.00794268,0.00696343,0.00937256,0.02846510,0.01903932,RELIABLE,RELIABLE,RELIABLE,RELIABLE,RELIABLE,RELIABLE,RELIABLE,RELIABLE,MOVING,MOVING,STATIONARY,MOVING,MOVING,MOVING,MOVING,MOVING,MOVING
55838,1655,1,LEFT_ARM,0.12353942,0.00076828,0.00621891,0.00677343,0.00972995,0.00609370,0.00824753,0.00740886,0.01088967,0.03242233,0.02010847,RELIABLE,RELIABLE,RELIABLE,RELIABLE,RELIABLE,RELIABLE,RELIABLE,RELIABLE,MOVING,MOVING,STATIONARY,MOVING,MOVING,MOVING,MOVING,MOVING,MOVING
55869,1656,1,LEFT_ARM,0.12330721,0.00038414,0.00311531,0.00665513,0.00932067,0.00547730,0.00706105,0.00654758,0.00872167,0.02295268,0.01575381,RELIABLE,RELIABLE,RELIABLE,RELIABLE,RELIABLE,RELIABLE,RELIABLE,RELIABLE,MOVING,MOVING,STATIONARY,MOVING,MOVING,MOVING,MOVING,MOVING,MOVING
55918,1657,1,LEFT_ARM,0.12309625,0.00036364,0.00295414,0.00631090,0.00884190,0.00458054,0.00698682,0.00683084,0.00951910,0.02646550,0.01523309,RELIABLE,RELIABLE,RELIABLE,RELIABLE,RELIABLE,RELIABLE,RELIABLE,RELIABLE,MOVING,MOVING,STATIONARY,MOVING,MOVING,MOVING,MOVING,MOVING,MOVING
55946,1658,1,LEFT_ARM,0.12299279,0.00018182,0.00147831,0.00597644,0.00809627,0.00385662,0.00578111,0.00661317,0.00938942,0.02691112,0.01392888,RELIABLE,RELIABLE,RELIABLE,RELIABLE,RELIABLE,RELIABLE,RELIABLE,RELIABLE,MOVING,MOVING,STATIONARY,MOVING,MOVING,MOVING,MOVING,MOVING,MOVING
55976,1659,1,LEFT_ARM,0.12299662,0.00151405,0.01230969,0.00602996,0.00728241,0.00482993,0.00558497,0.00746827,0.00972204,0.02777697,0.01265516,RELIABLE,RELIABLE,RELIABLE,RELIABLE,RELIABLE,RELIABLE,RELIABLE,RELIABLE,MOVING,MOVING,STATIONARY,MOVING,MOVING,MOVING,MOVING,MOVING,MOVING
56007,1660,1,LEFT_ARM,0.12279233,0.00052936,0.00431104,0.00582773,0.00632599,0.00467675,0.00586545,0.00842054,0.01047971,0.03156445,0.01335615,RELIABLE,RELIABLE,RELIABLE,RELIABLE,RELIABLE,RELIABLE,RELIABLE,RELIABLE,MOVING,MOVING,STATIONARY,MOVING,MOVING,MOVING,MOVING,MOVING,MOVING
56047,1661,1,LEFT_ARM,0.12277028,0.00102457,0.00834544,0.00553462,0.00523070,0.00506509,0.00566983,0.00724694,0.00923740,0.03022529,0.01236510,RELIABLE,RELIABLE,RELIABLE,RELIABLE,RELIABLE,RELIABLE,RELIABLE,RELIABLE,MOVING,MOVING,STATIONARY,MOVING,MOVING,MOVING,MOVING,MOVING,MOVING
56086,1662,1,LEFT_ARM,0.12275926,0.00051229,0.00417310,0.00536324,0.00487853,0.00506793,0.00528056,0.00645517,0.00840144,0.02592179,0.01134387,RELIABLE,RELIABLE,RELIABLE,RELIABLE,RELIABLE,RELIABLE,RELIABLE,RELIABLE,MOVING,MOVING,STATIONARY,MOVING,MOVING,MOVING,MOVING,MOVING,MOVING
56118,1663,1,LEFT_ARM,0.12249815,0.00087009,0.00710286,0.00547374,0.00529060,0.00550375,0.00533805,0.00603298,0.00706459,0.02192470,0.01073624,RELIABLE,RELIABLE,RELIABLE,RELIABLE,RELIABLE,RELIABLE,RELIABLE,RELIABLE,MOVING,MOVING,STATIONARY,MOVING,MOVING,MOVING,MOVING,MOVING,MOVING
56151,1664,1,LEFT_ARM,0.12344382,0.00094917,0.00768907,0.00604546,0.00567016,0.00686696,0.00615835,0.00653654,0.00711309,0.02170458,0.01085387,RELIABLE,RELIABLE,RELIABLE,RELIABLE,RELIABLE,RELIABLE,RELIABLE,RELIABLE,MOVING,MOVING,STATIONARY,MOVING,MOVING,MOVING,MOVING,MOVING,MOVING
56182,1665,1,LEFT_ARM,0.12288082,0.00047588,0.00387273,0.00616028,0.00510489,0.00690985,0.00585163,0.00635501,0.00626905,0.01665340,0.01035946,RELIABLE,RELIABLE,RELIABLE,RELIABLE,RELIABLE,RELIABLE,RELIABLE,RELIABLE,MOVING,MOVING,STATIONARY,MOVING,MOVING,MOVING,MOVING,MOVING,MOVING
56213,1666,1,LEFT_ARM,0.12327605,0.00095970,0.00778495,0.00694861,0.00516646,0.00761483,0.00635055,0.00719760,0.00639767,0.01611128,0.01083741,RELIABLE,RELIABLE,RELIABLE,RELIABLE,RELIABLE,RELIABLE,RELIABLE,RELIABLE,MOVING,MOVING,STATIONARY,MOVING,MOVING,MOVING,MOVING,MOVING,MOVING
56244,1667,1,LEFT_ARM,0.12347530,0.00047985,0.00388620,0.00589567,0.00379015,0.00626396,0.00623727,0.00668825,0.00599690,0.01544722,0.01081583,RELIABLE,RELIABLE,RELIABLE,RELIABLE,RELIABLE,RELIABLE,RELIABLE,RELIABLE,MOVING,MOVING,STATIONARY,MOVING,MOVING,MOVING,MOVING,MOVING,MOVING
56276,1668,1,LEFT_ARM,0.12286734,0.00031995,0.00260405,0.00568230,0.00384208,0.00627103,0.00643702,0.00705795,0.00776979,0.01423679,0.01368778,RELIABLE,RELIABLE,RELIABLE,RELIABLE,RELIABLE,RELIABLE,RELIABLE,RELIABLE,MOVING,STATIONARY,STATIONARY,MOVING,MOVING,MOVING,MOVING,MOVING,MOVING
56308,1669,1,LEFT_ARM,0.12275891,0.00082319,0.00670576,0.00547734,0.00491725,0.00583029,0.00672495,0.00676353,0.00800241,0.01474881,0.01325364,RELIABLE,RELIABLE,RELIABLE,RELIABLE,RELIABLE,RELIABLE,RELIABLE,RELIABLE,MOVING,STATIONARY,STATIONARY,MOVING,MOVING,MOVING,MOVING,MOVING,MOVING
56340,1670,1,LEFT_ARM,0.12326504,0.00053761,0.00436141,0.00550088,0.00528117,0.00626736,0.00732599,0.00731116,0.00832945,0.01668346,0.01340425,RELIABLE,RELIABLE,RELIABLE,RELIABLE,RELIABLE,RELIABLE,RELIABLE,RELIABLE,MOVING,STATIONARY,STATIONARY,MOVING,MOVING,MOVING,MOVING,MOVING,MOVING
56369,1671,1,LEFT_ARM,0.12192935,0.00068988,0.00565807,0.00532028,0.00517396,0.00650686,0.00768517,0.00784581,0.01152225,0.02349397,0.01761785,RELIABLE,RELIABLE,RELIABLE,RELIABLE,RELIABLE,RELIABLE,RELIABLE,RELIABLE,MOVING,STATIONARY,STATIONARY,MOVING,MOVING,MOVING,MOVING,MOVING,MOVING
56414,1672,1,LEFT_ARM,0.12165574,0.00103019,0.00846807,0.00541766,0.00597839,0.00563252,0.00731385,0.00778632,0.01122693,0.02374827,0.01744058,RELIABLE,RELIABLE,RELIABLE,RELIABLE,RELIABLE,RELIABLE,RELIABLE,RELIABLE,MOVING,STATIONARY,STATIONARY,MOVING,MOVING,MOVING,MOVING,MOVING,MOVING
56449,1673,1,LEFT_ARM,0.12151984,0.00051509,0.00423877,0.00546341,0.00660205,0.00525028,0.00699386,0.00728064,0.01064578,0.02440256,0.01611235,RELIABLE,RELIABLE,RELIABLE,RELIABLE,RELIABLE,RELIABLE,RELIABLE,RELIABLE,MOVING,STATIONARY,STATIONARY,MOVING,MOVING,MOVING,MOVING,MOVING,MOVING
56481,1674,1,LEFT_ARM,0.12175002,0.00087224,0.00716416,0.00538581,0.00727648,0.00576307,0.00691558,0.00672059,0.01093479,0.02565962,0.01651937,RELIABLE,RELIABLE,RELIABLE,RELIABLE,RELIABLE,RELIABLE,RELIABLE,RELIABLE,STATIONARY,STATIONARY,STATIONARY,MOVING,MOVING,MOVING,MOVING,MOVING,MOVING
56512,1675,1,LEFT_ARM,0.12080736,0.00085382,0.00706764,0.00578349,0.00805570,0.00622461,0.00749182,0.00759083,0.01159790,0.02753082,0.01805372,RELIABLE,RELIABLE,RELIABLE,RELIABLE,RELIABLE,RELIABLE,RELIABLE,RELIABLE,STATIONARY,STATIONARY,STATIONARY,MOVING,MOVING,MOVING,MOVING,MOVING,MOVING
56543,1676,1,LEFT_ARM,0.12136685,0.00047842,0.00394193,0.00595073,0.00830138,0.00645715,0.00732527,0.00757773,0.00934251,0.02819738,0.01508873,RELIABLE,RELIABLE,RELIABLE,RELIABLE,RELIABLE,RELIABLE,RELIABLE,RELIABLE,STATIONARY,STATIONARY,STATIONARY,MOVING,MOVING,MOVING,MOVING,MOVING,MOVING
56575,1677,1,LEFT_ARM,0.12164660,0.00023921,0.00196643,0.00535831,0.00716886,0.00607208,0.00650752,0.00781807,0.00878988,0.02796757,0.01431284,RELIABLE,RELIABLE,RELIABLE,RELIABLE,RELIABLE,RELIABLE,RELIABLE,RELIABLE,STATIONARY,STATIONARY,STATIONARY,MOVING,MOVING,MOVING,MOVING,MOVING,MOVING
56607,1678,1,LEFT_ARM,0.12192523,0.00085088,0.00697871,0.00568547,0.00764216,0.00633476,0.00654786,0.00911831,0.00954041,0.02671190,0.01493084,RELIABLE,RELIABLE,RELIABLE,RELIABLE,RELIABLE,RELIABLE,RELIABLE,RELIABLE,STATIONARY,STATIONARY,STATIONARY,MOVING,MOVING,MOVING,MOVING,MOVING,MOVING
56638,1679,1,LEFT_ARM,0.12177847,0.00128677,0.01056648,0.00629902,0.00837648,0.00723080,0.00662117,0.01125394,0.00850515,0.02658601,0.01376117,RELIABLE,RELIABLE,RELIABLE,RELIABLE,RELIABLE,RELIABLE,RELIABLE,RELIABLE,STATIONARY,STATIONARY,STATIONARY,MOVING,MOVING,MOVING,MOVING,MOVING,MOVING
56671,1680,1,LEFT_ARM,0.12255714,0.00074705,0.00609552,0.00600246,0.00777773,0.00756248,0.00646550,0.01350827,0.00934247,0.02861767,0.01466049,RELIABLE,RELIABLE,RELIABLE,RELIABLE,RELIABLE,RELIABLE,RELIABLE,RELIABLE,STATIONARY,STATIONARY,STATIONARY,MOVING,MOVING,MOVING,MOVING,MOVING,MOVING
56703,1681,1,LEFT_ARM,0.12328533,0.00077470,0.00628380,0.00625808,0.00801716,0.00824755,0.00680684,0.01732229,0.00999904,0.02892252,0.01554153,RELIABLE,RELIABLE,RELIABLE,RELIABLE,RELIABLE,RELIABLE,RELIABLE,RELIABLE,STATIONARY,STATIONARY,STATIONARY,MOVING,MOVING,MOVING,MOVING,MOVING,MOVING
56750,1682,1,LEFT_ARM,0.12428510,0.00061459,0.00494499,0.00598069,0.00768753,0.00755885,0.00742122,0.02143511,0.01063869,0.02887286,0.01585228,RELIABLE,RELIABLE,RELIABLE,RELIABLE,RELIABLE,RELIABLE,RELIABLE,RELIABLE,STATIONARY,STATIONARY,STATIONARY,MOVING,MOVING,MOVING,MOVING,MOVING,MOVING
56783,1683,1,LEFT_ARM,0.12478535,0.00030729,0.00246258,0.00540506,0.00707948,0.00700849,0.00711075,0.02233246,0.01043683,0.02760007,0.01467348,RELIABLE,RELIABLE,RELIABLE,RELIABLE,RELIABLE,RELIABLE,RELIABLE,RELIABLE,STATIONARY,STATIONARY,STATIONARY,MOVING,MOVING,MOVING,MOVING,MOVING,MOVING
56815,1684,1,LEFT_ARM,0.12541275,0.00046929,0.00374195,0.00538006,0.00710861,0.00662647,0.00726057,0.02679660,0.01187324,0.02549745,0.01621425,RELIABLE,RELIABLE,RELIABLE,RELIABLE,RELIABLE,RELIABLE,RELIABLE,RELIABLE,STATIONARY,STATIONARY,STATIONARY,MOVING,MOVING,MOVING,MOVING,MOVING,MOVING
56847,1685,1,LEFT_ARM,0.12607845,0.00035134,0.00278669,0.00548259,0.00704076,0.00672637,0.00772992,0.03297524,0.01292264,0.02702879,0.01847102,RELIABLE,RELIABLE,RELIABLE,RELIABLE,RELIABLE,RELIABLE,RELIABLE,RELIABLE,STATIONARY,STATIONARY,STATIONARY,MOVING,MOVING,MOVING,MOVING,MOVING,MOVING
56878,1686,1,LEFT_ARM,0.12572555,0.00100698,0.00800932,0.00561142,0.00747423,0.00672195,0.00756009,0.03806424,0.01258974,0.02827480,0.01824229,RELIABLE,RELIABLE,RELIABLE,RELIABLE,RELIABLE,RELIABLE,RELIABLE,RELIABLE,STATIONARY,STATIONARY,STATIONARY,MOVING,MOVING,MOVING,MOVING,MOVING,MOVING
56910,1687,1,LEFT_ARM,0.12555173,0.00050349,0.00401020,0.00479188,0.00622825,0.00555663,0.00680433,0.03865762,0.01037935,0.02120052,0.01495754,RELIABLE,RELIABLE,RELIABLE,RELIABLE,RELIABLE,RELIABLE,RELIABLE,RELIABLE,STATIONARY,STATIONARY,STATIONARY,MOVING,MOVING,MOVING,MOVING,MOVING,MOVING
56942,1688,1,LEFT_ARM,0.12562825,0.00092004,0.00732349,0.00494538,0.00639508,0.00651609,0.00750787,0.04060651,0.00973343,0.01717281,0.01457374,RELIABLE,RELIABLE,RELIABLE,RELIABLE,RELIABLE,RELIABLE,RELIABLE,RELIABLE,STATIONARY,STATIONARY,STATIONARY,MOVING,MOVING,MOVING,MOVING,MOVING,MOVING
56972,1689,1,LEFT_ARM,0.12575625,0.00205282,0.01632378,0.00620038,0.00775904,0.00756842,0.00802523,0.04264744,0.01008278,0.01787955,0.01538265,RELIABLE,RELIABLE,RELIABLE,RELIABLE,RELIABLE,RELIABLE,RELIABLE,RELIABLE,STATIONARY,STATIONARY,STATIONARY,MOVING,MOVING,MOVING,MOVING,MOVING,MOVING
57003,1690,1,LEFT_ARM,0.12634616,0.00064277,0.00508739,0.00621818,0.00781354,0.00760473,0.00749703,0.04411730,0.00939695,0.02004886,0.01434658,RELIABLE,RELIABLE,RELIABLE,RELIABLE,RELIABLE,RELIABLE,RELIABLE,RELIABLE,STATIONARY,STATIONARY,STATIONARY,MOVING,MOVING,MOVING,MOVING,MOVING,MOVING
57039,1691,1,LEFT_ARM,0.12608318,0.00141950,0.01125843,0.00731766,0.00860447,0.00950811,0.00765982,0.04789181,0.00933235,0.01930941,0.01432528,RELIABLE,RELIABLE,RELIABLE,RELIABLE,RELIABLE,RELIABLE,RELIABLE,RELIABLE,STATIONARY,STATIONARY,STATIONARY,MOVING,MOVING,MOVING,MOVING,MOVING,MOVING
57066,1692,1,LEFT_ARM,0.12595355,0.00070975,0.00563501,0.00755429,0.00862312,0.01052427,0.00725716,0.04506629,0.00778606,0.01820033,0.01169867,RELIABLE,RELIABLE,RELIABLE,RELIABLE,RELIABLE,RELIABLE,RELIABLE,RELIABLE,STATIONARY,STATIONARY,STATIONARY,MOVING,MOVING,MOVING,MOVING,MOVING,MOVING
57118,1693,1,LEFT_ARM,0.12593312,0.00115517,0.00917292,0.00835257,0.00960455,0.01150465,0.00794266,0.04292983,0.00725969,0.01650134,0.00974669,RELIABLE,RELIABLE,RELIABLE,RELIABLE,RELIABLE,RELIABLE,RELIABLE,RELIABLE,STATIONARY,STATIONARY,STATIONARY,MOVING,MOVING,MOVING,MOVING,MOVING,MOVING
57145,1694,1,LEFT_ARM,0.12592583,0.00057759,0.00458672,0.00792474,0.00876199,0.01093653,0.00778361,0.03798711,0.00661650,0.01463361,0.00875413,RELIABLE,RELIABLE,RELIABLE,RELIABLE,RELIABLE,RELIABLE,RELIABLE,RELIABLE,STATIONARY,STATIONARY,STATIONARY,MOVING,MOVING,MOVING,MOVING,MOVING,MOVING
57175,1695,1,LEFT_ARM,0.12604781,0.00058644,0.00465254,0.00800503,0.00874673,0.01080383,0.00893697,0.03689420,0.00828241,0.01599605,0.01095178,RELIABLE,RELIABLE,RELIABLE,RELIABLE,RELIABLE,RELIABLE,RELIABLE,RELIABLE,STATIONARY,STATIONARY,STATIONARY,MOVING,MOVING,MOVING,MOVING,MOVING,MOVING
57206,1696,1,LEFT_ARM,0.12562153,0.00100065,0.00796557,0.00808529,0.00882754,0.01066682,0.00901944,0.03292015,0.00822135,0.01806164,0.01157877,RELIABLE,RELIABLE,RELIABLE,RELIABLE,RELIABLE,RELIABLE,RELIABLE,RELIABLE,STATIONARY,STATIONARY,STATIONARY,MOVING,MOVING,MOVING,MOVING,MOVING,MOVING
57246,1697,1,LEFT_ARM,0.12530884,0.00083041,0.00662687,0.00687318,0.00711967,0.00955678,0.00895543,0.02773431,0.00747525,0.01657485,0.01047590,RELIABLE,RELIABLE,RELIABLE,RELIABLE,RELIABLE,RELIABLE,RELIABLE,RELIABLE,STATIONARY,STATIONARY,STATIONARY,MOVING,MOVING,MOVING,MOVING,MOVING,MOVING
57285,1698,1,LEFT_ARM,0.12515315,0.00041520,0.00331756,0.00665195,0.00663589,0.00913573,0.00853288,0.02186028,0.00652073,0.01130235,0.00969815,RELIABLE,RELIABLE,RELIABLE,RELIABLE,RELIABLE,RELIABLE,RELIABLE,RELIABLE,STATIONARY,STATIONARY,STATIONARY,MOVING,MOVING,MOVING,MOVING,MOVING,MOVING
57316,1699,1,LEFT_ARM,0.12586114,0.00059079,0.00469399,0.00583140,0.00589111,0.00713251,0.00830911,0.01770583,0.00718949,0.01228877,0.01256947,RELIABLE,RELIABLE,RELIABLE,RELIABLE,RELIABLE,RELIABLE,RELIABLE,RELIABLE,STATIONARY,STATIONARY,STATIONARY,MOVING,MOVING,MOVING,MOVING,MOVING,MOVING
57347,1700,1,LEFT_ARM,0.12537825,0.00083311,0.00664476,0.00595762,0.00604627,0.00700290,0.00836900,0.01904917,0.00767264,0.01451262,0.01342187,RELIABLE,RELIABLE,RELIABLE,RELIABLE,RELIABLE,RELIABLE,RELIABLE,RELIABLE,STATIONARY,STATIONARY,STATIONARY,MOVING,MOVING,MOVING,MOVING,MOVING,MOVING
57379,1701,1,LEFT_ARM,0.12578909,0.00057289,0.00455438,0.00538030,0.00553294,0.00662836,0.00827891,0.01890095,0.00791740,0.01417815,0.01423179,RELIABLE,RELIABLE,RELIABLE,RELIABLE,RELIABLE,RELIABLE,RELIABLE,RELIABLE,STATIONARY,STATIONARY,STATIONARY,MOVING,MOVING,MOVING,MOVING,MOVING,MOVING
57411,1702,1,LEFT_ARM,0.12599501,0.00028645,0.00227347,0.00509114,0.00527569,0.00644025,0.00823265,0.01882292,0.00803889,0.01400976,0.01463513,RELIABLE,RELIABLE,RELIABLE,RELIABLE,RELIABLE,RELIABLE,RELIABLE,RELIABLE,STATIONARY,STATIONARY,STATIONARY,MOVING,MOVING,MOVING,MOVING,MOVING,MOVING
57443,1703,1,LEFT_ARM,0.12668525,0.00093755,0.00740060,0.00543465,0.00581530,0.00719645,0.00776034,0.02140630,0.00688677,0.01234678,0.01584126,RELIABLE,RELIABLE,RELIABLE,RELIABLE,RELIABLE,RELIABLE,RELIABLE,RELIABLE,STATIONARY,STATIONARY,STATIONARY,MOVING,MOVING,MOVING,MOVING,MOVING,MOVING
57473,1704,1,LEFT_ARM,0.12483888,0.00105319,0.00843637,0.00549350,0.00538917,0.00667903,0.00765771,0.02542832,0.00682529,0.01223968,0.01511319,RELIABLE,RELIABLE,RELIABLE,RELIABLE,RELIABLE,RELIABLE,RELIABLE,RELIABLE,STATIONARY,STATIONARY,STATIONARY,MOVING,MOVING,MOVING,MOVING,MOVING,MOVING
57504,1705,1,LEFT_ARM,0.12499226,0.00046261,0.00370112,0.00512778,0.00528572,0.00650055,0.00762500,0.02969202,0.00737757,0.01360096,0.01503819,RELIABLE,RELIABLE,RELIABLE,RELIABLE,RELIABLE,RELIABLE,RELIABLE,RELIABLE,STATIONARY,STATIONARY,STATIONARY,MOVING,MOVING,MOVING,MOVING,MOVING,MOVING
57535,1706,1,LEFT_ARM,0.12457639,0.00084608,0.00679165,0.00556204,0.00651787,0.00669777,0.00856726,0.03597979,0.00833112,0.01673810,0.01692918,RELIABLE,RELIABLE,RELIABLE,RELIABLE,RELIABLE,RELIABLE,RELIABLE,RELIABLE,STATIONARY,STATIONARY,STATIONARY,MOVING,MOVING,MOVING,MOVING,MOVING,MOVING
57582,1707,1,LEFT_ARM,0.12359269,0.00120608,0.00975854,0.00619511,0.00789441,0.00736304,0.00865713,0.04025547,0.00770881,0.01561266,0.01524681,RELIABLE,RELIABLE,RELIABLE,RELIABLE,RELIABLE,RELIABLE,RELIABLE,RELIABLE,STATIONARY,STATIONARY,STATIONARY,MOVING,MOVING,MOVING,MOVING,MOVING,MOVING
57615,1708,1,LEFT_ARM,0.12310086,0.00060304,0.00489877,0.00597686,0.00805815,0.00682445,0.00853141,0.03898225,0.00725031,0.01332058,0.01499294,RELIABLE,RELIABLE,RELIABLE,RELIABLE,RELIABLE,RELIABLE,RELIABLE,RELIABLE,STATIONARY,STATIONARY,STATIONARY,MOVING,MOVING,MOVING,MOVING,MOVING,MOVING
57647,1709,1,LEFT_ARM,0.12451769,0.00196728,0.01579919,0.00738246,0.01018562,0.00780593,0.00851038,0.03910406,0.00876317,0.02020456,0.01516992,RELIABLE,RELIABLE,RELIABLE,RELIABLE,RELIABLE,RELIABLE,RELIABLE,RELIABLE,STATIONARY,STATIONARY,STATIONARY,MOVING,MOVING,MOVING,MOVING,MOVING,MOVING
57678,1710,1,LEFT_ARM,0.12507950,0.00094895,0.00758674,0.00804662,0.01117085,0.00871773,0.00844863,0.04367376,0.00918907,0.02042485,0.01601146,RELIABLE,RELIABLE,RELIABLE,RELIABLE,RELIABLE,RELIABLE,RELIABLE,RELIABLE,STATIONARY,STATIONARY,STATIONARY,MOVING,MOVING,MOVING,MOVING,MOVING,MOVING
57710,1711,1,LEFT_ARM,0.12371691,0.00098591,0.00796911,0.00811768,0.01108325,0.00887105,0.00841741,0.04563094,0.00929782,0.02100887,0.01322878,RELIABLE,RELIABLE,RELIABLE,RELIABLE,RELIABLE,RELIABLE,RELIABLE,RELIABLE,STATIONARY,STATIONARY,STATIONARY,MOVING,MOVING,MOVING,MOVING,MOVING,MOVING
57742,1712,1,LEFT_ARM,0.12229422,0.00087563,0.00716000,0.00795814,0.01094602,0.00869386,0.00806176,0.04704613,0.00981034,0.02063755,0.01373294,RELIABLE,RELIABLE,RELIABLE,RELIABLE,RELIABLE,RELIABLE,RELIABLE,RELIABLE,STATIONARY,STATIONARY,STATIONARY,MOVING,MOVING,MOVING,MOVING,MOVING,MOVING
57772,1713,1,LEFT_ARM,0.12158404,0.00043781,0.00360091,0.00794561,0.01069793,0.00847748,0.00738823,0.04496508,0.00929233,0.01955272,0.01368462,RELIABLE,RELIABLE,RELIABLE,RELIABLE,RELIABLE,RELIABLE,RELIABLE,RELIABLE,STATIONARY,STATIONARY,STATIONARY,MOVING,MOVING,MOVING,MOVING,MOVING,MOVING
57804,1714,1,LEFT_ARM,0.12146926,0.00094873,0.00781047,0.00807297,0.00978071,0.00847544,0.00777109,0.04291036,0.01042201,0.01852599,0.01359744,RELIABLE,RELIABLE,RELIABLE,RELIABLE,RELIABLE,RELIABLE,RELIABLE,RELIABLE,STATIONARY,STATIONARY,STATIONARY,MOVING,MOVING,MOVING,MOVING,MOVING,MOVING
57836,1715,1,LEFT_ARM,0.12204506,0.00079785,0.00653730,0.00767031,0.00872029,0.00775834,0.00755551,0.04168450,0.01084757,0.02075160,0.01303834,RELIABLE,RELIABLE,RELIABLE,RELIABLE,RELIABLE,RELIABLE,RELIABLE,RELIABLE,STATIONARY,STATIONARY,STATIONARY,MOVING,MOVING,MOVING,MOVING,MOVING,MOVING
57870,1716,1,LEFT_ARM,0.12198433,0.00087112,0.00714122,0.00795062,0.00927265,0.00893871,0.00795977,0.04151596,0.01078770,0.02128030,0.01409852,RELIABLE,RELIABLE,RELIABLE,RELIABLE,RELIABLE,RELIABLE,RELIABLE,RELIABLE,STATIONARY,STATIONARY,STATIONARY,MOVING,MOVING,MOVING,MOVING,MOVING,MOVING
57902,1717,1,LEFT_ARM,0.12209873,0.00082658,0.00676976,0.00682194,0.00759733,0.00814739,0.00698339,0.03895433,0.00946096,0.01589132,0.01377808,RELIABLE,RELIABLE,RELIABLE,RELIABLE,RELIABLE,RELIABLE,RELIABLE,RELIABLE,STATIONARY,STATIONARY,STATIONARY,MOVING,MOVING,MOVING,MOVING,MOVING,MOVING
57950,1718,1,LEFT_ARM,0.12258221,0.00032409,0.00264389,0.00620408,0.00667731,0.00783117,0.00778385,0.03315616,0.01019442,0.01914435,0.01474657,RELIABLE,RELIABLE,RELIABLE,RELIABLE,RELIABLE,RELIABLE,RELIABLE,RELIABLE,STATIONARY,STATIONARY,STATIONARY,MOVING,MOVING,MOVING,MOVING,MOVING,MOVING
57977,1719,1,LEFT_ARM,0.12282940,0.00016205,0.00131929,0.00537286,0.00572187,0.00697209,0.00739864,0.02657772,0.00988831,0.01957341,0.01473200,RELIABLE,RELIABLE,RELIABLE,RELIABLE,RELIABLE,RELIABLE,RELIABLE,RELIABLE,STATIONARY,STATIONARY,STATIONARY,MOVING,MOVING,MOVING,MOVING,MOVING,MOVING
58008,1720,1,LEFT_ARM,0.12130686,0.00091023,0.00750357,0.00541580,0.00588162,0.00757355,0.00764417,0.02138921,0.00944512,0.01930089,0.01796604,RELIABLE,RELIABLE,RELIABLE,RELIABLE,RELIABLE,RELIABLE,RELIABLE,RELIABLE,STATIONARY,STATIONARY,STATIONARY,MOVING,MOVING,MOVING,MOVING,MOVING,MOVING
58038,1721,1,LEFT_ARM,0.12125983,0.00083181,0.00685975,0.00582316,0.00615284,0.00754571,0.00878631,0.02012337,0.01057336,0.02262677,0.01989198,RELIABLE,RELIABLE,RELIABLE,RELIABLE,RELIABLE,RELIABLE,RELIABLE,RELIABLE,STATIONARY,STATIONARY,STATIONARY,MOVING,MOVING,MOVING,MOVING,MOVING,MOVING
58078,1722,1,LEFT_ARM,0.12149815,0.00133653,0.01100045,0.00622190,0.00733965,0.00832757,0.00823837,0.01919648,0.01178914,0.02567936,0.02353482,RELIABLE,RELIABLE,RELIABLE,RELIABLE,RELIABLE,RELIABLE,RELIABLE,RELIABLE,STATIONARY,STATIONARY,STATIONARY,MOVING,MOVING,MOVING,MOVING,MOVING,MOVING
58117,1723,1,LEFT_ARM,0.12162584,0.00066827,0.00549445,0.00609155,0.00751422,0.00877632,0.00834066,0.01598548,0.01221307,0.02536638,0.02474418,RELIABLE,RELIABLE,RELIABLE,RELIABLE,RELIABLE,RELIABLE,RELIABLE,RELIABLE,STATIONARY,STATIONARY,STATIONARY,MOVING,MOVING,MOVING,MOVING,MOVING,MOVING
58148,1724,1,LEFT_ARM,0.12144423,0.00117245,0.00965420,0.00640567,0.00740332,0.00830131,0.00876829,0.01622688,0.01336826,0.02727169,0.02655014,RELIABLE,RELIABLE,RELIABLE,RELIABLE,RELIABLE,RELIABLE,RELIABLE,RELIABLE,STATIONARY,STATIONARY,STATIONARY,MOVING,MOVING,MOVING,MOVING,MOVING,MOVING
58180,1725,1,LEFT_ARM,0.12169581,0.00115057,0.00945447,0.00674126,0.00773328,0.00828866,0.01004006,0.01898399,0.01321462,0.02789167,0.02570057,RELIABLE,RELIABLE,RELIABLE,RELIABLE,RELIABLE,RELIABLE,RELIABLE,RELIABLE,STATIONARY,STATIONARY,STATIONARY,MOVING,MOVING,MOVING,MOVING,MOVING,MOVING
58212,1726,1,LEFT_ARM,0.12383415,0.00138532,0.01118690,0.00780913,0.00795870,0.00876260,0.01023765,0.02457480,0.01359751,0.02641108,0.02602671,RELIABLE,RELIABLE,RELIABLE,RELIABLE,RELIABLE,RELIABLE,RELIABLE,RELIABLE,STATIONARY,STATIONARY,STATIONARY,MOVING,MOVING,MOVING,MOVING,MOVING,MOVING
58243,1727,1,LEFT_ARM,0.12490655,0.00069266,0.00554543,0.00833740,0.00806913,0.00899399,0.01033084,0.02734264,0.01378178,0.02566350,0.02617926,RELIABLE,RELIABLE,RELIABLE,RELIABLE,RELIABLE,RELIABLE,RELIABLE,RELIABLE,STATIONARY,STATIONARY,STATIONARY,MOVING,MOVING,MOVING,MOVING,MOVING,MOVING
58274,1728,1,LEFT_ARM,0.12568909,0.00076718,0.00610382,0.00816243,0.00754009,0.00847395,0.01003114,0.03182551,0.01454879,0.02511299,0.02425120,RELIABLE,RELIABLE,RELIABLE,RELIABLE,RELIABLE,RELIABLE,RELIABLE,RELIABLE,STATIONARY,STATIONARY,STATIONARY,MOVING,MOVING,MOVING,MOVING,MOVING,MOVING
58305,1729,1,LEFT_ARM,0.12627424,0.00081762,0.00647494,0.00811433,0.00774276,0.00934624,0.00898381,0.03729951,0.01328316,0.02392792,0.02305145,RELIABLE,RELIABLE,RELIABLE,RELIABLE,RELIABLE,RELIABLE,RELIABLE,RELIABLE,STATIONARY,STATIONARY,STATIONARY,MOVING,MOVING,MOVING,MOVING,MOVING,MOVING
58337,1730,1,LEFT_ARM,0.12641914,0.00060360,0.00477457,0.00733610,0.00691596,0.00882482,0.00854754,0.04159375,0.01084933,0.02092600,0.01799753,RELIABLE,RELIABLE,RELIABLE,RELIABLE,RELIABLE,RELIABLE,RELIABLE,RELIABLE,STATIONARY,STATIONARY,STATIONARY,MOVING,MOVING,MOVING,MOVING,MOVING,MOVING
58368,1731,1,LEFT_ARM,0.12632582,0.00067964,0.00538004,0.00732179,0.00619980,0.00831634,0.00874809,0.04669020,0.01065383,0.02193037,0.01852595,RELIABLE,RELIABLE,RELIABLE,RELIABLE,RELIABLE,RELIABLE,RELIABLE,RELIABLE,STATIONARY,STATIONARY,STATIONARY,MOVING,MOVING,MOVING,MOVING,MOVING,MOVING
58414,1732,1,LEFT_ARM,0.12525860,0.00077457,0.00618375,0.00688799,0.00559995,0.00789090,0.00854621,0.05209190,0.01051148,0.02368066,0.01663557,RELIABLE,RELIABLE,RELIABLE,RELIABLE,RELIABLE,RELIABLE,RELIABLE,RELIABLE,STATIONARY,STATIONARY,STATIONARY,MOVING,MOVING,MOVING,MOVING,MOVING,MOVING
58446,1733,1,LEFT_ARM,0.12500317,0.00068279,0.00546217,0.00638895,0.00490722,0.00762673,0.00794095,0.05461933,0.01084015,0.02278393,0.01696306,RELIABLE,RELIABLE,RELIABLE,RELIABLE,RELIABLE,RELIABLE,RELIABLE,RELIABLE,STATIONARY,STATIONARY,STATIONARY,MOVING,MOVING,MOVING,MOVING,MOVING,MOVING
58478,1734,1,LEFT_ARM,0.12487646,0.00034139,0.00273385,0.00533232,0.00466223,0.00651512,0.00684091,0.05168693,0.00948006,0.02140275,0.01449634,RELIABLE,RELIABLE,RELIABLE,RELIABLE,RELIABLE,RELIABLE,RELIABLE,RELIABLE,STATIONARY,STATIONARY,STATIONARY,MOVING,MOVING,MOVING,MOVING,MOVING,MOVING
58509,1735,1,LEFT_ARM,0.12498066,0.00100428,0.00803546,0.00564357,0.00593319,0.00706801,0.00646640,0.05394740,0.00955336,0.02178234,0.01416234,RELIABLE,RELIABLE,RELIABLE,RELIABLE,RELIABLE,RELIABLE,RELIABLE,RELIABLE,STATIONARY,STATIONARY,STATIONARY,MOVING,MOVING,MOVING,MOVING,MOVING,MOVING
58540,1736,1,LEFT_ARM,0.12429754,0.00078929,0.00635002,0.00567435,0.00666714,0.00772642,0.00697584,0.05439825,0.00901490,0.02241827,0.01420663,RELIABLE,RELIABLE,RELIABLE,RELIABLE,RELIABLE,RELIABLE,RELIABLE,RELIABLE,STATIONARY,STATIONARY,STATIONARY,MOVING,MOVING,MOVING,MOVING,MOVING,MOVING
58574,1737,1,LEFT_ARM,0.12455838,0.00139566,0.01120485,0.00626559,0.00733607,0.00714453,0.00701466,0.05236240,0.00984668,0.02099657,0.01464285,RELIABLE,RELIABLE,RELIABLE,RELIABLE,RELIABLE,RELIABLE,RELIABLE,RELIABLE,STATIONARY,STATIONARY,STATIONARY,MOVING,MOVING,MOVING,MOVING,MOVING,MOVING
58604,1738,1,LEFT_ARM,0.12469305,0.00069783,0.00559637,0.00636831,0.00705552,0.00662176,0.00638637,0.04693587,0.00934472,0.01933160,0.01476799,RELIABLE,RELIABLE,RELIABLE,RELIABLE,RELIABLE,RELIABLE,RELIABLE,RELIABLE,STATIONARY,STATIONARY,STATIONARY,MOVING,MOVING,MOVING,MOVING,MOVING,MOVING
58636,1739,1,LEFT_ARM,0.12414702,0.00169090,0.01362010,0.00739832,0.00923218,0.00827712,0.00586660,0.04322913,0.00964881,0.01818414,0.01305167,RELIABLE,RELIABLE,RELIABLE,RELIABLE,RELIABLE,RELIABLE,RELIABLE,RELIABLE,STATIONARY,STATIONARY,STATIONARY,MOVING,MOVING,MOVING,MOVING,MOVING,MOVING
58667,1740,1,LEFT_ARM,0.12478729,0.00067825,0.00543523,0.00730476,0.00919643,0.00873660,0.00617163,0.03688687,0.00899915,0.01524628,0.01364390,RELIABLE,RELIABLE,RELIABLE,RELIABLE,RELIABLE,RELIABLE,RELIABLE,RELIABLE,STATIONARY,STATIONARY,STATIONARY,MOVING,MOVING,MOVING,MOVING,MOVING,MOVING
58701,1741,1,LEFT_ARM,0.12463205,0.00092599,0.00742979,0.00755071,0.00987567,0.00940022,0.00672331,0.03062723,0.00849974,0.01590786,0.01354102,RELIABLE,RELIABLE,RELIABLE,RELIABLE,RELIABLE,RELIABLE,RELIABLE,RELIABLE,STATIONARY,STATIONARY,STATIONARY,MOVING,MOVING,MOVING,MOVING,MOVING,MOVING
58733,1742,1,LEFT_ARM,0.12493583,0.00103865,0.00831350,0.00824817,0.01120555,0.01037046,0.00748899,0.02736755,0.00883275,0.01620480,0.01415840,RELIABLE,RELIABLE,RELIABLE,RELIABLE,RELIABLE,RELIABLE,RELIABLE,RELIABLE,STATIONARY,STATIONARY,STATIONARY,MOVING,MOVING,MOVING,MOVING,MOVING,MOVING
58782,1743,1,LEFT_ARM,0.12516110,0.00082609,0.00660023,0.00806876,0.01082269,0.01012130,0.00892471,0.02320035,0.00881520,0.01542481,0.01539647,RELIABLE,RELIABLE,RELIABLE,RELIABLE,RELIABLE,RELIABLE,RELIABLE,RELIABLE,STATIONARY,STATIONARY,STATIONARY,MOVING,MOVING,MOVING,MOVING,MOVING,MOVING
58810,1744,1,LEFT_ARM,0.12527866,0.00041305,0.00329702,0.00768714,0.01032357,0.00886181,0.00842345,0.01762917,0.00827630,0.01356965,0.01359191,RELIABLE,RELIABLE,RELIABLE,RELIABLE,RELIABLE,RELIABLE,RELIABLE,RELIABLE,STATIONARY,STATIONARY,STATIONARY,MOVING,MOVING,MOVING,MOVING,MOVING,MOVING
58842,1745,1,LEFT_ARM,0.12492939,0.00118953,0.00952161,0.00747673,0.01085407,0.00975933,0.00840505,0.01307532,0.00768510,0.01301222,0.01398494,RELIABLE,RELIABLE,RELIABLE,RELIABLE,RELIABLE,RELIABLE,RELIABLE,RELIABLE,STATIONARY,STATIONARY,STATIONARY,MOVING,MOVING,MOVING,MOVING,MOVING,MOVING
58874,1746,1,LEFT_ARM,0.12362119,0.00097188,0.00786177,0.00775991,0.01091097,0.01007433,0.01018291,0.01268036,0.00849029,0.01432463,0.01527619,RELIABLE,RELIABLE,RELIABLE,RELIABLE,RELIABLE,RELIABLE,RELIABLE,RELIABLE,STATIONARY,STATIONARY,STATIONARY,MOVING,MOVING,MOVING,MOVING,MOVING,MOVING
58909,1747,1,LEFT_ARM,0.12472784,0.00113022,0.00906147,0.00719008,0.01020847,0.00995838,0.01130279,0.01274494,0.00745095,0.01312772,0.01756649,RELIABLE,RELIABLE,RELIABLE,RELIABLE,RELIABLE,RELIABLE,RELIABLE,RELIABLE,STATIONARY,STATIONARY,STATIONARY,MOVING,MOVING,MOVING,MOVING,MOVING,MOVING
58937,1748,1,LEFT_ARM,0.12528205,0.00056511,0.00451069,0.00707451,0.01033133,0.00959443,0.01070654,0.01210118,0.00710317,0.01216247,0.01686121,RELIABLE,RELIABLE,RELIABLE,RELIABLE,RELIABLE,RELIABLE,RELIABLE,RELIABLE,STATIONARY,STATIONARY,STATIONARY,MOVING,MOVING,MOVING,MOVING,MOVING,MOVING
58969,1749,1,LEFT_ARM,0.12523405,0.00073979,0.00590727,0.00688419,0.00977615,0.00890841,0.00953657,0.01433203,0.00687203,0.01038586,0.01793223,RELIABLE,RELIABLE,RELIABLE,RELIABLE,RELIABLE,RELIABLE,RELIABLE,RELIABLE,STATIONARY,STATIONARY,STATIONARY,MOVING,MOVING,MOVING,MOVING,MOVING,MOVING
59000,1750,1,LEFT_ARM,0.12599302,0.00083821,0.00665281,0.00667661,0.00888268,0.00875242,0.00958510,0.01935968,0.00689137,0.01173195,0.01779115,RELIABLE,RELIABLE,RELIABLE,RELIABLE,RELIABLE,RELIABLE,RELIABLE,RELIABLE,STATIONARY,STATIONARY,STATIONARY,MOVING,MOVING,MOVING,MOVING,MOVING,MOVING
59031,1751,1,LEFT_ARM,0.12566965,0.00032152,0.00255845,0.00617138,0.00821170,0.00802459,0.00862469,0.02568547,0.00780773,0.02091736,0.01971420,RELIABLE,RELIABLE,RELIABLE,RELIABLE,RELIABLE,RELIABLE,RELIABLE,RELIABLE,STATIONARY,STATIONARY,STATIONARY,MOVING,MOVING,MOVING,MOVING,MOVING,MOVING
59070,1752,1,LEFT_ARM,0.12528301,0.00052566,0.00419575,0.00628373,0.00875723,0.00774183,0.00851012,0.03162029,0.00802808,0.02422968,0.01957542,RELIABLE,RELIABLE,RELIABLE,RELIABLE,RELIABLE,RELIABLE,RELIABLE,RELIABLE,STATIONARY,STATIONARY,STATIONARY,MOVING,MOVING,MOVING,MOVING,MOVING,MOVING
59117,1753,1,LEFT_ARM,0.12583905,0.00047864,0.00380359,0.00556897,0.00706517,0.00743817,0.00924271,0.03697543,0.00833051,0.02380288,0.01887131,RELIABLE,RELIABLE,RELIABLE,RELIABLE,RELIABLE,RELIABLE,RELIABLE,RELIABLE,STATIONARY,STATIONARY,STATIONARY,MOVING,MOVING,MOVING,MOVING,MOVING,MOVING
59157,1754,1,LEFT_ARM,0.12611974,0.00023932,0.00189756,0.00482345,0.00642790,0.00741899,0.00782078,0.03776701,0.00738049,0.02199833,0.01742372,RELIABLE,RELIABLE,RELIABLE,RELIABLE,RELIABLE,RELIABLE,RELIABLE,RELIABLE,STATIONARY,STATIONARY,STATIONARY,MOVING,MOVING,MOVING,MOVING,MOVING,MOVING
59188,1755,1,LEFT_ARM,0.12604233,0.00133022,0.01055376,0.00500998,0.00592066,0.00780789,0.00768297,0.04006995,0.00778015,0.02317460,0.01576626,RELIABLE,RELIABLE,RELIABLE,RELIABLE,RELIABLE,RELIABLE,RELIABLE,RELIABLE,STATIONARY,STATIONARY,STATIONARY,MOVING,MOVING,MOVING,MOVING,MOVING,MOVING
59219,1756,1,LEFT_ARM,0.12549891,0.00082164,0.00654703,0.00526453,0.00555975,0.00807861,0.00838294,0.04563519,0.00805108,0.02376889,0.01527820,RELIABLE,RELIABLE,RELIABLE,RELIABLE,RELIABLE,RELIABLE,RELIABLE,RELIABLE,STATIONARY,STATIONARY,STATIONARY,MOVING,MOVING,MOVING,MOVING,MOVING,MOVING
59250,1757,1,LEFT_ARM,0.12531525,0.00102750,0.00819929,0.00555103,0.00621492,0.00875606,0.00971251,0.05017946,0.00911128,0.02656621,0.01419298,RELIABLE,RELIABLE,RELIABLE,RELIABLE,RELIABLE,RELIABLE,RELIABLE,RELIABLE,STATIONARY,STATIONARY,STATIONARY,MOVING,MOVING,MOVING,MOVING,MOVING,MOVING
59282,1758,1,LEFT_ARM,0.12457122,0.00095478,0.00766452,0.00567749,0.00624015,0.00873311,0.00923658,0.05192790,0.00981610,0.02595409,0.01605097,RELIABLE,RELIABLE,RELIABLE,RELIABLE,RELIABLE,RELIABLE,RELIABLE,RELIABLE,STATIONARY,STATIONARY,STATIONARY,MOVING,MOVING,MOVING,MOVING,MOVING,MOVING
59314,1759,1,LEFT_ARM,0.12419930,0.00047739,0.00384373,0.00583815,0.00613529,0.00900557,0.00876329,0.04784038,0.00870404,0.01700889,0.01317542,RELIABLE,RELIABLE,RELIABLE,RELIABLE,RELIABLE,RELIABLE,RELIABLE,RELIABLE,STATIONARY,STATIONARY,STATIONARY,MOVING,MOVING,MOVING,MOVING,MOVING,MOVING
59345,1760,1,LEFT_ARM,0.12393566,0.00050462,0.00407166,0.00582264,0.00572026,0.00937168,0.00880217,0.04707999,0.00944885,0.01616377,0.01361681,RELIABLE,RELIABLE,RELIABLE,RELIABLE,RELIABLE,RELIABLE,RELIABLE,RELIABLE,STATIONARY,STATIONARY,STATIONARY,MOVING,MOVING,MOVING,MOVING,MOVING,MOVING
59376,1761,1,LEFT_ARM,0.12253208,0.00064707,0.00528085,0.00600730,0.00570928,0.00839990,0.00863356,0.04613666,0.01069640,0.01843498,0.01450661,RELIABLE,RELIABLE,RELIABLE,RELIABLE,RELIABLE,RELIABLE,RELIABLE,RELIABLE,STATIONARY,STATIONARY,STATIONARY,MOVING,MOVING,MOVING,MOVING,MOVING,MOVING
59408,1762,1,LEFT_ARM,0.12160409,0.00075437,0.00620349,0.00654554,0.00642492,0.00852238,0.00905274,0.04790641,0.01157172,0.02228249,0.01549568,RELIABLE,RELIABLE,RELIABLE,RELIABLE,RELIABLE,RELIABLE,RELIABLE,RELIABLE,STATIONARY,STATIONARY,STATIONARY,MOVING,MOVING,MOVING,MOVING,MOVING,MOVING
59438,1763,1,LEFT_ARM,0.12114032,0.00037718,0.00311362,0.00561552,0.00569080,0.00679191,0.00824799,0.04467761,0.01100473,0.02180172,0.01400934,RELIABLE,RELIABLE,RELIABLE,RELIABLE,RELIABLE,RELIABLE,RELIABLE,RELIABLE,STATIONARY,STATIONARY,STATIONARY,MOVING,MOVING,MOVING,MOVING,MOVING,MOVING
59469,1764,1,LEFT_ARM,0.12165186,0.00095270,0.00783139,0.00577607,0.00642471,0.00685206,0.00877302,0.03995058,0.01093089,0.02137550,0.01436211,RELIABLE,RELIABLE,RELIABLE,RELIABLE,RELIABLE,RELIABLE,RELIABLE,RELIABLE,STATIONARY,STATIONARY,STATIONARY,MOVING,MOVING,MOVING,MOVING,MOVING,MOVING
59500,1765,1,LEFT_ARM,0.12222160,0.00134668,0.01101834,0.00612845,0.00670924,0.00712777,0.00835608,0.03457779,0.01101111,0.01951199,0.01451684,RELIABLE,RELIABLE,RELIABLE,RELIABLE,RELIABLE,RELIABLE,RELIABLE,RELIABLE,STATIONARY,STATIONARY,STATIONARY,MOVING,MOVING,MOVING,MOVING,MOVING,MOVING
59534,1766,1,LEFT_ARM,0.12336168,0.00110929,0.00899218,0.00629441,0.00773022,0.00717693,0.00870018,0.02887307,0.00991456,0.01799574,0.01297452,RELIABLE,RELIABLE,RELIABLE,RELIABLE,RELIABLE,RELIABLE,RELIABLE,RELIABLE,STATIONARY,STATIONARY,STATIONARY,MOVING,MOVING,MOVING,MOVING,MOVING,MOVING
59565,1767,1,LEFT_ARM,0.12304427,0.00097909,0.00795723,0.00680860,0.00860023,0.00806279,0.00959303,0.02643117,0.00953881,0.02013829,0.01269197,RELIABLE,RELIABLE,RELIABLE,RELIABLE,RELIABLE,RELIABLE,RELIABLE,RELIABLE,STATIONARY,STATIONARY,STATIONARY,MOVING,MOVING,MOVING,MOVING,MOVING,MOVING
59615,1768,1,LEFT_ARM,0.12184591,0.00085817,0.00704308,0.00718002,0.00892863,0.00834941,0.01038561,0.02126094,0.00886122,0.01966075,0.01303456,RELIABLE,RELIABLE,RELIABLE,RELIABLE,RELIABLE,RELIABLE,RELIABLE,RELIABLE,STATIONARY,STATIONARY,STATIONARY,MOVING,MOVING,MOVING,MOVING,MOVING,MOVING
59642,1769,1,LEFT_ARM,0.12124739,0.00042909,0.00353893,0.00696228,0.00912105,0.00838908,0.01004307,0.01630246,0.00697333,0.01762709,0.01138860,RELIABLE,RELIABLE,RELIABLE,RELIABLE,RELIABLE,RELIABLE,RELIABLE,RELIABLE,STATIONARY,STATIONARY,STATIONARY,MOVING,MOVING,MOVING,MOVING,MOVING,MOVING
59672,1770,1,LEFT_ARM,0.12191367,0.00075831,0.00622005,0.00696435,0.00929482,0.00850860,0.00960399,0.01350107,0.00616932,0.01677001,0.01131347,RELIABLE,RELIABLE,RELIABLE,RELIABLE,RELIABLE,RELIABLE,RELIABLE,RELIABLE,STATIONARY,STATIONARY,STATIONARY,MOVING,MOVING,MOVING,MOVING,MOVING,MOVING
59704,1771,1,LEFT_ARM,0.12228312,0.00046296,0.00378596,0.00704840,0.00962230,0.00863863,0.01012607,0.01333043,0.00835531,0.01860264,0.01552936,RELIABLE,RELIABLE,RELIABLE,RELIABLE,RELIABLE,RELIABLE,RELIABLE,RELIABLE,STATIONARY,STATIONARY,STATIONARY,MOVING,MOVING,MOVING,MOVING,MOVING,MOVING
59742,1772,1,LEFT_ARM,0.12243244,0.00074660,0.00609808,0.00683173,0.00943917,0.00818926,0.00890389,0.01534802,0.00923558,0.02083413,0.01526794,RELIABLE,RELIABLE,RELIABLE,RELIABLE,RELIABLE,RELIABLE,RELIABLE,RELIABLE,STATIONARY,STATIONARY,STATIONARY,MOVING,MOVING,MOVING,MOVING,MOVING,MOVING
59781,1773,1,LEFT_ARM,0.12220425,0.00074702,0.00611289,0.00621855,0.00868709,0.00754859,0.00836646,0.01720316,0.00828752,0.01965017,0.01596785,RELIABLE,RELIABLE,RELIABLE,RELIABLE,RELIABLE,RELIABLE,RELIABLE,RELIABLE,STATIONARY,STATIONARY,STATIONARY,MOVING,MOVING,MOVING,MOVING,MOVING,MOVING
59813,1774,1,LEFT_ARM,0.12209041,0.00037351,0.00305929,0.00547694,0.00736043,0.00685327,0.00756238,0.01788867,0.00805749,0.01945217,0.01554496,RELIABLE,RELIABLE,RELIABLE,RELIABLE,RELIABLE,RELIABLE,RELIABLE,RELIABLE,STATIONARY,STATIONARY,STATIONARY,MOVING,MOVING,MOVING,MOVING,MOVING,MOVING
59844,1775,1,LEFT_ARM,0.12436698,0.00108104,0.00869234,0.00556883,0.00729091,0.00679395,0.00821745,0.02068171,0.00891691,0.02025960,0.01552849,RELIABLE,RELIABLE,RELIABLE,RELIABLE,RELIABLE,RELIABLE,RELIABLE,RELIABLE,STATIONARY,STATIONARY,STATIONARY,MOVING,MOVING,MOVING,MOVING,MOVING,MOVING
59876,1776,1,LEFT_ARM,0.12484183,0.00059055,0.00473036,0.00527974,0.00634802,0.00647571,0.00730041,0.02576340,0.00960798,0.02175858,0.01734591,RELIABLE,RELIABLE,RELIABLE,RELIABLE,RELIABLE,RELIABLE,RELIABLE,RELIABLE,STATIONARY,STATIONARY,STATIONARY,MOVING,MOVING,MOVING,MOVING,MOVING,MOVING
59907,1777,1,LEFT_ARM,0.12489890,0.00090380,0.00723628,0.00574191,0.00680732,0.00695065,0.00742118,0.03170042,0.01005302,0.02568861,0.01923312,RELIABLE,RELIABLE,RELIABLE,RELIABLE,RELIABLE,RELIABLE,RELIABLE,RELIABLE,STATIONARY,STATIONARY,STATIONARY,MOVING,MOVING,MOVING,MOVING,MOVING,MOVING
59951,1778,1,LEFT_ARM,0.12445363,0.00106459,0.00855409,0.00603366,0.00738059,0.00740721,0.00783199,0.03661852,0.01070823,0.02679810,0.01922066,RELIABLE,RELIABLE,RELIABLE,RELIABLE,RELIABLE,RELIABLE,RELIABLE,RELIABLE,STATIONARY,STATIONARY,STATIONARY,MOVING,MOVING,MOVING,MOVING,MOVING,MOVING
59987,1779,1,LEFT_ARM,0.12560385,0.00055993,0.00445793,0.00611766,0.00760199,0.00741272,0.00837190,0.04092871,0.00859506,0.02450027,0.01475209,RELIABLE,RELIABLE,RELIABLE,RELIABLE,RELIABLE,RELIABLE,RELIABLE,RELIABLE,STATIONARY,STATIONARY,STATIONARY,MOVING,MOVING,MOVING,MOVING,MOVING,MOVING
60018,1780,1,LEFT_ARM,0.12617984,0.00027997,0.00221879,0.00563275,0.00706735,0.00693085,0.00842842,0.03967217,0.00747060,0.02221523,0.01345802,RELIABLE,RELIABLE,RELIABLE,RELIABLE,RELIABLE,RELIABLE,RELIABLE,RELIABLE,STATIONARY,STATIONARY,STATIONARY,MOVING,MOVING,MOVING,MOVING,MOVING,MOVING
60049,1781,1,LEFT_ARM,0.12602333,0.00089156,0.00707457,0.00575296,0.00706915,0.00672487,0.01011798,0.04014041,0.00856351,0.02417187,0.01341177,RELIABLE,RELIABLE,RELIABLE,RELIABLE,RELIABLE,RELIABLE,RELIABLE,RELIABLE,STATIONARY,STATIONARY,STATIONARY,MOVING,MOVING,MOVING,MOVING,MOVING,MOVING
60080,1782,1,LEFT_ARM,0.12512780,0.00128208,0.01024615,0.00665131,0.00854271,0.00822594,0.01091435,0.04391567,0.00928831,0.02755911,0.01508323,RELIABLE,RELIABLE,RELIABLE,RELIABLE,RELIABLE,RELIABLE,RELIABLE,RELIABLE,STATIONARY,STATIONARY,STATIONARY,MOVING,MOVING,MOVING,MOVING,MOVING,MOVING
60112,1783,1,LEFT_ARM,0.12405371,0.00098170,0.00791347,0.00655396,0.00876325,0.00904903,0.01040866,0.04568093,0.00950494,0.02683685,0.01709085,RELIABLE,RELIABLE,RELIABLE,RELIABLE,RELIABLE,RELIABLE,RELIABLE,RELIABLE,STATIONARY,STATIONARY,STATIONARY,MOVING,MOVING,MOVING,MOVING,MOVING,MOVING
60143,1784,1,LEFT_ARM,0.12351720,0.00049085,0.00397392,0.00645940,0.00937355,0.00959987,0.01041717,0.04278553,0.00878255,0.02458997,0.01501437,RELIABLE,RELIABLE,RELIABLE,RELIABLE,RELIABLE,RELIABLE,RELIABLE,RELIABLE,STATIONARY,STATIONARY,STATIONARY,MOVING,MOVING,MOVING,MOVING,MOVING,MOVING
60175,1785,1,LEFT_ARM,0.12320083,0.00154859,0.01256964,0.00712607,0.01037779,0.01067869,0.01105180,0.04175313,0.00923107,0.02217483,0.01498995,RELIABLE,RELIABLE,RELIABLE,RELIABLE,RELIABLE,RELIABLE,RELIABLE,RELIABLE,STATIONARY,STATIONARY,STATIONARY,MOVING,MOVING,MOVING,MOVING,MOVING,MOVING
60206,1786,1,LEFT_ARM,0.12235738,0.00063287,0.00517233,0.00670335,0.00943112,0.01044601,0.01122709,0.04109373,0.00931246,0.01909820,0.01602688,RELIABLE,RELIABLE,RELIABLE,RELIABLE,RELIABLE,RELIABLE,RELIABLE,RELIABLE,STATIONARY,STATIONARY,STATIONARY,MOVING,MOVING,MOVING,MOVING,MOVING,MOVING
60237,1787,1,LEFT_ARM,0.12196415,0.00092335,0.00757065,0.00709244,0.00921927,0.01130633,0.01030318,0.04089489,0.00947332,0.02079087,0.01711562,RELIABLE,RELIABLE,RELIABLE,RELIABLE,RELIABLE,RELIABLE,RELIABLE,RELIABLE,STATIONARY,STATIONARY,STATIONARY,MOVING,MOVING,MOVING,MOVING,MOVING,MOVING
60269,1788,1,LEFT_ARM,0.12177413,0.00046167,0.00379123,0.00728900,0.00911623,0.01173883,0.00984543,0.04081551,0.00955626,0.02164377,0.01766289,RELIABLE,RELIABLE,RELIABLE,RELIABLE,RELIABLE,RELIABLE,RELIABLE,RELIABLE,STATIONARY,STATIONARY,STATIONARY,MOVING,MOVING,MOVING,MOVING,MOVING,MOVING
60318,1789,1,LEFT_ARM,0.12285074,0.00155483,0.01265626,0.00798671,0.00984853,0.01262637,0.00874575,0.04143091,0.00889987,0.02120284,0.01732627,RELIABLE,RELIABLE,RELIABLE,RELIABLE,RELIABLE,RELIABLE,RELIABLE,RELIABLE,STATIONARY,STATIONARY,STATIONARY,MOVING,MOVING,MOVING,MOVING,MOVING,MOVING
60346,1790,1,LEFT_ARM,0.12338917,0.00077742,0.00630052,0.00749350,0.00873758,0.01146148,0.00824079,0.03818325,0.00839007,0.01856692,0.01545889,RELIABLE,RELIABLE,RELIABLE,RELIABLE,RELIABLE,RELIABLE,RELIABLE,RELIABLE,STATIONARY,STATIONARY,STATIONARY,MOVING,MOVING,MOVING,MOVING,MOVING,MOVING
60377,1791,1,LEFT_ARM,0.12385222,0.00098394,0.00794444,0.00749737,0.00802335,0.00955349,0.00814226,0.03426144,0.00886420,0.02232581,0.01547902,RELIABLE,RELIABLE,RELIABLE,RELIABLE,RELIABLE,RELIABLE,RELIABLE,RELIABLE,STATIONARY,STATIONARY,STATIONARY,MOVING,MOVING,MOVING,MOVING,MOVING,MOVING
60408,1792,1,LEFT_ARM,0.12433410,0.00105850,0.00851332,0.00806480,0.00867700,0.01030233,0.00892909,0.03287755,0.00919058,0.02323777,0.01602284,RELIABLE,RELIABLE,RELIABLE,RELIABLE,RELIABLE,RELIABLE,RELIABLE,RELIABLE,STATIONARY,STATIONARY,STATIONARY,MOVING,MOVING,MOVING,MOVING,MOVING,MOVING
60445,1793,1,LEFT_ARM,0.12377220,0.00099097,0.00800641,0.00749440,0.00803639,0.00966612,0.00873187,0.02849828,0.01024276,0.02402242,0.01660491,RELIABLE,RELIABLE,RELIABLE,RELIABLE,RELIABLE,RELIABLE,RELIABLE,RELIABLE,STATIONARY,STATIONARY,STATIONARY,MOVING,MOVING,MOVING,MOVING,MOVING,MOVING
60488,1794,1,LEFT_ARM,0.12349259,0.00049549,0.00401227,0.00734939,0.00802449,0.00919606,0.00819225,0.02259093,0.01009142,0.02427277,0.01551657,RELIABLE,RELIABLE,RELIABLE,RELIABLE,RELIABLE,RELIABLE,RELIABLE,RELIABLE,STATIONARY,STATIONARY,STATIONARY,MOVING,MOVING,MOVING,MOVING,MOVING,MOVING
60519,1795,1,LEFT_ARM,0.12181815,0.00092793,0.00761738,0.00735523,0.00771504,0.00897166,0.00861938,0.01798366,0.01167076,0.02434166,0.01651476,RELIABLE,RELIABLE,RELIABLE,RELIABLE,RELIABLE,RELIABLE,RELIABLE,RELIABLE,STATIONARY,STATIONARY,STATIONARY,MOVING,MOVING,MOVING,MOVING,MOVING,MOVING
60550,1796,1,LEFT_ARM,0.12248079,0.00110047,0.00898484,0.00800443,0.00915669,0.01054302,0.00951122,0.01669999,0.01294062,0.02804269,0.01856244,RELIABLE,RELIABLE,RELIABLE,RELIABLE,RELIABLE,RELIABLE,RELIABLE,RELIABLE,STATIONARY,STATIONARY,STATIONARY,MOVING,MOVING,MOVING,MOVING,MOVING,MOVING
60582,1797,1,LEFT_ARM,0.12264377,0.00086879,0.00708384,0.00730788,0.00817816,0.00961802,0.00912946,0.01357634,0.01416227,0.02945474,0.02141194,RELIABLE,RELIABLE,RELIABLE,RELIABLE,RELIABLE,RELIABLE,RELIABLE,RELIABLE,STATIONARY,STATIONARY,STATIONARY,MOVING,MOVING,MOVING,MOVING,MOVING,MOVING
60614,1798,1,LEFT_ARM,0.12317836,0.00108179,0.00878230,0.00761810,0.00859282,0.01010679,0.00935968,0.01464156,0.01555592,0.03091868,0.02395451,RELIABLE,RELIABLE,RELIABLE,RELIABLE,RELIABLE,RELIABLE,RELIABLE,RELIABLE,STATIONARY,STATIONARY,STATIONARY,MOVING,MOVING,MOVING,MOVING,MOVING,MOVING
60646,1799,1,LEFT_ARM,0.12344570,0.00054089,0.00438164,0.00717275,0.00851912,0.01045117,0.00844446,0.01471876,0.01451768,0.02517605,0.02240840,RELIABLE,RELIABLE,RELIABLE,RELIABLE,RELIABLE,RELIABLE,RELIABLE,RELIABLE,STATIONARY,STATIONARY,STATIONARY,MOVING,MOVING,MOVING,MOVING,MOVING,MOVING
60678,1800,1,LEFT_ARM,0.12317556,0.00068648,0.00557319,0.00680523,0.00788601,0.00950789,0.00768662,0.01759050,0.01419680,0.02566728,0.02140039,RELIABLE,RELIABLE,RELIABLE,RELIABLE,RELIABLE,RELIABLE,RELIABLE,RELIABLE,STATIONARY,STATIONARY,STATIONARY,MOVING,MOVING,MOVING,MOVING,MOVING,MOVING
60709,1801,1,LEFT_ARM,0.12386853,0.00166663,0.01345485,0.00748629,0.00842303,0.00992097,0.00682133,0.02175751,0.01263388,0.02448265,0.01926672,RELIABLE,RELIABLE,RELIABLE,RELIABLE,RELIABLE,RELIABLE,RELIABLE,RELIABLE,STATIONARY,STATIONARY,STATIONARY,MOVING,MOVING,MOVING,MOVING,MOVING,MOVING
60740,1802,1,LEFT_ARM,0.12505382,0.00064282,0.00514039,0.00762730,0.00844312,0.00994514,0.00774148,0.02698482,0.01408335,0.02806354,0.02237525,RELIABLE,RELIABLE,RELIABLE,RELIABLE,RELIABLE,RELIABLE,RELIABLE,RELIABLE,STATIONARY,STATIONARY,STATIONARY,MOVING,MOVING,MOVING,MOVING,MOVING,MOVING
60771,1803,1,LEFT_ARM,0.12526577,0.00074061,0.00591228,0.00741417,0.00831772,0.00944649,0.00826127,0.03165559,0.01242550,0.02647926,0.02121286,RELIABLE,RELIABLE,RELIABLE,RELIABLE,RELIABLE,RELIABLE,RELIABLE,RELIABLE,STATIONARY,STATIONARY,STATIONARY,MOVING,MOVING,MOVING,MOVING,MOVING,MOVING
60814,1804,1,LEFT_ARM,0.12618669,0.00065852,0.00521862,0.00694339,0.00686119,0.00738466,0.00789297,0.03518325,0.01154931,0.02234063,0.02023071,RELIABLE,RELIABLE,RELIABLE,RELIABLE,RELIABLE,RELIABLE,RELIABLE,RELIABLE,STATIONARY,STATIONARY,STATIONARY,MOVING,MOVING,MOVING,MOVING,MOVING,MOVING
60850,1805,1,LEFT_ARM,0.12664934,0.00032926,0.00259978,0.00638288,0.00622058,0.00656067,0.00726596,0.03545910,0.00944938,0.01882944,0.01672441,RELIABLE,RELIABLE,RELIABLE,RELIABLE,RELIABLE,RELIABLE,RELIABLE,RELIABLE,STATIONARY,STATIONARY,STATIONARY,MOVING,MOVING,MOVING,MOVING,MOVING,MOVING
60882,1806,1,LEFT_ARM,0.12693177,0.00078129,0.00615518,0.00605449,0.00608149,0.00578393,0.00697078,0.03612710,0.00904315,0.02114699,0.01685133,RELIABLE,RELIABLE,RELIABLE,RELIABLE,RELIABLE,RELIABLE,RELIABLE,RELIABLE,STATIONARY,STATIONARY,STATIONARY,MOVING,MOVING,MOVING,MOVING,MOVING,MOVING
60912,1807,1,LEFT_ARM,0.12612086,0.00120107,0.00952316,0.00669718,0.00709216,0.00659320,0.00707788,0.04054833,0.00950278,0.02255623,0.01702930,RELIABLE,RELIABLE,RELIABLE,RELIABLE,RELIABLE,RELIABLE,RELIABLE,RELIABLE,STATIONARY,STATIONARY,STATIONARY,MOVING,MOVING,MOVING,MOVING,MOVING,MOVING
60944,1808,1,LEFT_ARM,0.12568608,0.00042930,0.00341561,0.00642748,0.00646263,0.00587801,0.00703006,0.04350500,0.00959085,0.02264441,0.01750157,RELIABLE,RELIABLE,RELIABLE,RELIABLE,RELIABLE,RELIABLE,RELIABLE,RELIABLE,STATIONARY,STATIONARY,STATIONARY,MOVING,MOVING,MOVING,MOVING,MOVING,MOVING
60976,1809,1,LEFT_ARM,0.12546869,0.00021465,0.00171077,0.00495947,0.00462938,0.00420682,0.00687004,0.04213266,0.00923788,0.02189796,0.01706168,RELIABLE,RELIABLE,RELIABLE,RELIABLE,RELIABLE,RELIABLE,RELIABLE,RELIABLE,STATIONARY,STATIONARY,STATIONARY,MOVING,MOVING,MOVING,MOVING,MOVING,MOVING
61007,1810,1,LEFT_ARM,0.12492532,0.00179081,0.01433503,0.00610880,0.00635230,0.00546820,0.00742336,0.04178618,0.00793710,0.01830151,0.01391850,RELIABLE,RELIABLE,RELIABLE,RELIABLE,RELIABLE,RELIABLE,RELIABLE,RELIABLE,STATIONARY,STATIONARY,STATIONARY,MOVING,MOVING,MOVING,MOVING,MOVING,MOVING
61037,1811,1,LEFT_ARM,0.12548656,0.00133647,0.01065031,0.00670106,0.00732162,0.00627355,0.00635941,0.04216137,0.00810158,0.01877256,0.01455613,RELIABLE,RELIABLE,RELIABLE,RELIABLE,RELIABLE,RELIABLE,RELIABLE,RELIABLE,STATIONARY,STATIONARY,STATIONARY,MOVING,MOVING,MOVING,MOVING,MOVING,MOVING
61070,1812,1,LEFT_ARM,0.12559834,0.00135101,0.01075662,0.00739331,0.00877782,0.00731603,0.00691334,0.04352877,0.00812608,0.01812949,0.01399114,RELIABLE,RELIABLE,RELIABLE,RELIABLE,RELIABLE,RELIABLE,RELIABLE,RELIABLE,STATIONARY,STATIONARY,STATIONARY,MOVING,MOVING,MOVING,MOVING,MOVING,MOVING
61102,1813,1,LEFT_ARM,0.12441369,0.00072443,0.00582277,0.00779618,0.00991518,0.00878942,0.00745848,0.04687288,0.00869742,0.01971170,0.01508349,RELIABLE,RELIABLE,RELIABLE,RELIABLE,RELIABLE,RELIABLE,RELIABLE,RELIABLE,STATIONARY,STATIONARY,STATIONARY,MOVING,MOVING,MOVING,MOVING,MOVING,MOVING
61150,1814,1,LEFT_ARM,0.12360398,0.00107709,0.00871404,0.00811604,0.01006745,0.00975264,0.00841597,0.04756822,0.00845729,0.01567374,0.01384635,RELIABLE,RELIABLE,RELIABLE,RELIABLE,RELIABLE,RELIABLE,RELIABLE,RELIABLE,STATIONARY,STATIONARY,STATIONARY,MOVING,MOVING,MOVING,MOVING,MOVING,MOVING
61180,1815,1,LEFT_ARM,0.12319941,0.00053854,0.00437133,0.00747206,0.00906697,0.00904076,0.00864369,0.04384134,0.00767899,0.01340916,0.01312057,RELIABLE,RELIABLE,RELIABLE,RELIABLE,RELIABLE,RELIABLE,RELIABLE,RELIABLE,STATIONARY,STATIONARY,STATIONARY,MOVING,MOVING,MOVING,MOVING,MOVING,MOVING
61212,1816,1,LEFT_ARM,0.12325010,0.00127131,0.01031485,0.00833446,0.01058386,0.00947321,0.00950056,0.04005248,0.00789275,0.01219179,0.01447445,RELIABLE,RELIABLE,RELIABLE,RELIABLE,RELIABLE,RELIABLE,RELIABLE,RELIABLE,STATIONARY,STATIONARY,STATIONARY,MOVING,MOVING,MOVING,MOVING,MOVING,MOVING
61243,1817,1,LEFT_ARM,0.12293354,0.00052137,0.00424109,0.00865075,0.01092314,0.01047989,0.01067632,0.03786021,0.00927605,0.01364097,0.01747239,RELIABLE,RELIABLE,RELIABLE,RELIABLE,RELIABLE,RELIABLE,RELIABLE,RELIABLE,STATIONARY,STATIONARY,STATIONARY,MOVING,MOVING,MOVING,MOVING,MOVING,MOVING
61275,1818,1,LEFT_ARM,0.12333111,0.00059035,0.00478672,0.00745721,0.00869790,0.00892252,0.00956089,0.03365453,0.00874606,0.01412646,0.01922019,RELIABLE,RELIABLE,RELIABLE,RELIABLE,RELIABLE,RELIABLE,RELIABLE,RELIABLE,STATIONARY,STATIONARY,STATIONARY,MOVING,MOVING,MOVING,MOVING,MOVING,MOVING
61310,1819,1,LEFT_ARM,0.12294010,0.00057716,0.00469465,0.00671276,0.00820219,0.00830984,0.00941532,0.02793855,0.00914180,0.01388612,0.01879908,RELIABLE,RELIABLE,RELIABLE,RELIABLE,RELIABLE,RELIABLE,RELIABLE,RELIABLE,STATIONARY,STATIONARY,STATIONARY,MOVING,MOVING,MOVING,MOVING,MOVING,MOVING
61339,1820,1,LEFT_ARM,0.12275012,0.00028858,0.00235096,0.00566205,0.00678025,0.00749223,0.00820637,0.02168438,0.00896485,0.01432345,0.01832472,RELIABLE,RELIABLE,RELIABLE,RELIABLE,RELIABLE,RELIABLE,RELIABLE,RELIABLE,STATIONARY,STATIONARY,STATIONARY,MOVING,MOVING,MOVING,MOVING,MOVING,MOVING
61370,1821,1,LEFT_ARM,0.12274494,0.00082959,0.00675865,0.00577903,0.00609907,0.00657183,0.00795104,0.01783692,0.00913047,0.01404529,0.01793467,RELIABLE,RELIABLE,RELIABLE,RELIABLE,RELIABLE,RELIABLE,RELIABLE,RELIABLE,STATIONARY,STATIONARY,STATIONARY,MOVING,MOVING,MOVING,MOVING,MOVING,MOVING
61402,1822,1,LEFT_ARM,0.12321898,0.00058319,0.00473293,0.00528140,0.00531365,0.00563612,0.00740758,0.01623748,0.00856220,0.01604812,0.01729887,RELIABLE,RELIABLE,RELIABLE,RELIABLE,RELIABLE,RELIABLE,RELIABLE,RELIABLE,STATIONARY,STATIONARY,STATIONARY,MOVING,MOVING,MOVING,MOVING,MOVING,MOVING
61437,1823,1,LEFT_ARM,0.12344085,0.00149956,0.01214802,0.00625348,0.00661406,0.00590668,0.00794764,0.01928431,0.00980667,0.01895064,0.02004169,RELIABLE,RELIABLE,RELIABLE,RELIABLE,RELIABLE,RELIABLE,RELIABLE,RELIABLE,STATIONARY,STATIONARY,STATIONARY,MOVING,MOVING,MOVING,MOVING,MOVING,MOVING
61466,1824,1,LEFT_ARM,0.12355442,0.00074978,0.00606842,0.00572268,0.00596346,0.00578062,0.00703631,0.01856182,0.00967584,0.01869939,0.01900553,RELIABLE,RELIABLE,RELIABLE,RELIABLE,RELIABLE,RELIABLE,RELIABLE,RELIABLE,STATIONARY,STATIONARY,STATIONARY,MOVING,MOVING,MOVING,MOVING,MOVING,MOVING
61518,1825,1,LEFT_ARM,0.12503478,0.00070222,0.00561623,0.00589457,0.00599965,0.00539031,0.00715111,0.02504948,0.01182219,0.02015604,0.02096733,RELIABLE,RELIABLE,RELIABLE,RELIABLE,RELIABLE,RELIABLE,RELIABLE,RELIABLE,STATIONARY,STATIONARY,STATIONARY,MOVING,MOVING,MOVING,MOVING,MOVING,MOVING
61560,1826,1,LEFT_ARM,0.12577650,0.00035111,0.00279155,0.00564518,0.00601869,0.00533754,0.00691923,0.02789488,0.01299597,0.02015619,0.02042644,RELIABLE,RELIABLE,RELIABLE,RELIABLE,RELIABLE,RELIABLE,RELIABLE,RELIABLE,STATIONARY,STATIONARY,STATIONARY,MOVING,MOVING,MOVING,MOVING,MOVING,MOVING
61591,1827,1,LEFT_ARM,0.12671081,0.00145629,0.01149303,0.00649497,0.00667950,0.00655334,0.00756577,0.03367853,0.01268609,0.02062162,0.01943688,RELIABLE,RELIABLE,RELIABLE,RELIABLE,RELIABLE,RELIABLE,RELIABLE,RELIABLE,STATIONARY,STATIONARY,STATIONARY,MOVING,MOVING,MOVING,MOVING,MOVING,MOVING
61623,1828,1,LEFT_ARM,0.12778582,0.00095618,0.00748264,0.00713644,0.00747899,0.00680492,0.00927989,0.04043339,0.01288790,0.02143707,0.02005655,RELIABLE,RELIABLE,RELIABLE,RELIABLE,RELIABLE,RELIABLE,RELIABLE,RELIABLE,STATIONARY,STATIONARY,STATIONARY,MOVING,MOVING,MOVING,MOVING,MOVING,MOVING
61654,1829,1,LEFT_ARM,0.12969176,0.00100504,0.00774947,0.00726029,0.00833855,0.00759013,0.00941570,0.04690572,0.01271522,0.02637765,0.02022409,RELIABLE,RELIABLE,RELIABLE,RELIABLE,RELIABLE,RELIABLE,RELIABLE,RELIABLE,STATIONARY,STATIONARY,STATIONARY,MOVING,MOVING,MOVING,MOVING,MOVING,MOVING
61686,1830,1,LEFT_ARM,0.13064486,0.00050252,0.00384647,0.00714948,0.00854288,0.00764398,0.00877508,0.04761765,0.01237841,0.02668493,0.01953090,RELIABLE,RELIABLE,RELIABLE,RELIABLE,RELIABLE,RELIABLE,RELIABLE,RELIABLE,STATIONARY,STATIONARY,STATIONARY,MOVING,MOVING,MOVING,MOVING,MOVING,MOVING
61717,1831,1,LEFT_ARM,0.12901318,0.00122230,0.00947424,0.00681526,0.00735769,0.00760654,0.00848099,0.04764507,0.01217628,0.02886408,0.01736758,RELIABLE,RELIABLE,RELIABLE,RELIABLE,RELIABLE,RELIABLE,RELIABLE,RELIABLE,STATIONARY,STATIONARY,STATIONARY,MOVING,MOVING,MOVING,MOVING,MOVING,MOVING
61749,1832,1,LEFT_ARM,0.12754522,0.00111682,0.00875624,0.00715123,0.00744211,0.00860385,0.00880214,0.05107156,0.01288639,0.03002683,0.01794544,RELIABLE,RELIABLE,RELIABLE,RELIABLE,RELIABLE,RELIABLE,RELIABLE,RELIABLE,STATIONARY,STATIONARY,STATIONARY,MOVING,MOVING,MOVING,MOVING,MOVING,MOVING
61781,1833,1,LEFT_ARM,0.12804590,0.00111922,0.00874079,0.00754181,0.00834718,0.00943400,0.00777177,0.04965802,0.01060509,0.03063384,0.01546453,RELIABLE,RELIABLE,RELIABLE,RELIABLE,RELIABLE,RELIABLE,RELIABLE,RELIABLE,STATIONARY,STATIONARY,STATIONARY,MOVING,MOVING,MOVING,MOVING,MOVING,MOVING
61813,1834,1,LEFT_ARM,0.12829691,0.00055961,0.00436184,0.00773809,0.00879968,0.00984970,0.00726085,0.04896834,0.00947451,0.03094562,0.01423787,RELIABLE,RELIABLE,RELIABLE,RELIABLE,RELIABLE,RELIABLE,RELIABLE,RELIABLE,STATIONARY,STATIONARY,STATIONARY,MOVING,MOVING,MOVING,MOVING,MOVING,MOVING
61844,1835,1,LEFT_ARM,0.12904785,0.00110223,0.00854124,0.00736912,0.00808222,0.00852804,0.00755750,0.04782074,0.01018215,0.03043021,0.01621036,RELIABLE,RELIABLE,RELIABLE,RELIABLE,RELIABLE,RELIABLE,RELIABLE,RELIABLE,STATIONARY,STATIONARY,STATIONARY,MOVING,MOVING,MOVING,MOVING,MOVING,MOVING
61876,1836,1,LEFT_ARM,0.12947690,0.00078057,0.00602862,0.00718737,0.00822751,0.00829628,0.00611411,0.04657029,0.00999689,0.03261254,0.01620413,RELIABLE,RELIABLE,RELIABLE,RELIABLE,RELIABLE,RELIABLE,RELIABLE,RELIABLE,STATIONARY,STATIONARY,STATIONARY,MOVING,MOVING,MOVING,MOVING,MOVING,MOVING
61908,1837,1,LEFT_ARM,0.12746867,0.00107817,0.00845830,0.00727597,0.00789298,0.00709740,0.00559036,0.04642859,0.01017289,0.02727437,0.01571387,RELIABLE,RELIABLE,RELIABLE,RELIABLE,RELIABLE,RELIABLE,RELIABLE,RELIABLE,STATIONARY,STATIONARY,STATIONARY,MOVING,MOVING,MOVING,MOVING,MOVING,MOVING
61939,1838,1,LEFT_ARM,0.12824569,0.00066954,0.00522077,0.00744776,0.00783383,0.00695515,0.00659146,0.04833025,0.01179707,0.02746965,0.01737236,RELIABLE,RELIABLE,RELIABLE,RELIABLE,RELIABLE,RELIABLE,RELIABLE,RELIABLE,STATIONARY,STATIONARY,STATIONARY,MOVING,MOVING,MOVING,MOVING,MOVING,MOVING
61982,1839,1,LEFT_ARM,0.12716440,0.00073531,0.00578238,0.00698627,0.00741327,0.00657584,0.00668588,0.04929395,0.01081215,0.02452314,0.01716070,RELIABLE,RELIABLE,RELIABLE,RELIABLE,RELIABLE,RELIABLE,RELIABLE,RELIABLE,STATIONARY,STATIONARY,STATIONARY,MOVING,MOVING,MOVING,MOVING,MOVING,MOVING
62015,1840,1,LEFT_ARM,0.12663551,0.00036766,0.00290326,0.00625465,0.00652764,0.00537201,0.00626790,0.04637950,0.00951100,0.02298392,0.01540024,RELIABLE,RELIABLE,RELIABLE,RELIABLE,RELIABLE,RELIABLE,RELIABLE,RELIABLE,STATIONARY,STATIONARY,STATIONARY,MOVING,MOVING,MOVING,MOVING,MOVING,MOVING
62047,1841,1,LEFT_ARM,0.12715899,0.00059404,0.00467161,0.00574600,0.00563212,0.00461656,0.00661143,0.04339803,0.00867022,0.02049139,0.01427953,RELIABLE,RELIABLE,RELIABLE,RELIABLE,RELIABLE,RELIABLE,RELIABLE,RELIABLE,STATIONARY,STATIONARY,STATIONARY,MOVING,MOVING,MOVING,MOVING,MOVING,MOVING
62078,1842,1,LEFT_ARM,0.12668721,0.00065743,0.00518942,0.00584945,0.00572228,0.00489402,0.00853519,0.04438340,0.01066044,0.02621026,0.01632372,RELIABLE,RELIABLE,RELIABLE,RELIABLE,RELIABLE,RELIABLE,RELIABLE,RELIABLE,STATIONARY,STATIONARY,STATIONARY,MOVING,MOVING,MOVING,MOVING,MOVING,MOVING
62109,1843,1,LEFT_ARM,0.12570011,0.00150826,0.01199886,0.00628165,0.00733358,0.00593667,0.00868926,0.04260650,0.01019576,0.02671959,0.01512545,RELIABLE,RELIABLE,RELIABLE,RELIABLE,RELIABLE,RELIABLE,RELIABLE,RELIABLE,STATIONARY,STATIONARY,STATIONARY,MOVING,MOVING,MOVING,MOVING,MOVING,MOVING
62142,1844,1,LEFT_ARM,0.12642159,0.00121277,0.00959308,0.00672721,0.00726399,0.00671559,0.00897172,0.04163179,0.01103551,0.02599684,0.01549309,RELIABLE,RELIABLE,RELIABLE,RELIABLE,RELIABLE,RELIABLE,RELIABLE,RELIABLE,STATIONARY,STATIONARY,STATIONARY,MOVING,MOVING,MOVING,MOVING,MOVING,MOVING
62171,1845,1,LEFT_ARM,0.12678965,0.00060639,0.00478262,0.00626775,0.00673634,0.00708665,0.00901941,0.03562853,0.01064646,0.02612249,0.01508520,RELIABLE,RELIABLE,RELIABLE,RELIABLE,RELIABLE,RELIABLE,RELIABLE,RELIABLE,STATIONARY,STATIONARY,STATIONARY,MOVING,MOVING,MOVING,MOVING,MOVING,MOVING
62202,1846,1,LEFT_ARM,0.12596785,0.00225349,0.01788944,0.00785133,0.00845319,0.00845819,0.01046000,0.03177366,0.00976917,0.02534329,0.01498454,RELIABLE,RELIABLE,RELIABLE,RELIABLE,RELIABLE,RELIABLE,RELIABLE,RELIABLE,STATIONARY,STATIONARY,STATIONARY,MOVING,MOVING,MOVING,MOVING,MOVING,MOVING
62233,1847,1,LEFT_ARM,0.12782534,0.00083105,0.00650143,0.00794121,0.00904125,0.00902503,0.00999005,0.02819532,0.01002005,0.02365922,0.01560794,RELIABLE,RELIABLE,RELIABLE,RELIABLE,RELIABLE,RELIABLE,RELIABLE,RELIABLE,STATIONARY,STATIONARY,STATIONARY,MOVING,MOVING,MOVING,MOVING,MOVING,MOVING
62271,1848,1,LEFT_ARM,0.12745150,0.00147999,0.01161216,0.00902983,0.01007561,0.01066245,0.01034401,0.02832900,0.01093787,0.02542956,0.01743758,RELIABLE,RELIABLE,RELIABLE,RELIABLE,RELIABLE,RELIABLE,RELIABLE,RELIABLE,STATIONARY,STATIONARY,STATIONARY,MOVING,MOVING,MOVING,MOVING,MOVING,MOVING
62302,1849,1,LEFT_ARM,0.12726700,0.00032609,0.00256222,0.00876615,0.00998226,0.01045296,0.01008535,0.02888455,0.01238972,0.02519091,0.01754456,RELIABLE,RELIABLE,RELIABLE,RELIABLE,RELIABLE,RELIABLE,RELIABLE,RELIABLE,STATIONARY,STATIONARY,STATIONARY,MOVING,MOVING,MOVING,MOVING,MOVING,MOVING
62350,1850,1,LEFT_ARM,0.12616712,0.00123337,0.00977567,0.00933944,0.01046775,0.01102756,0.00844771,0.02890371,0.01167543,0.02238374,0.01619140,RELIABLE,RELIABLE,RELIABLE,RELIABLE,RELIABLE,RELIABLE,RELIABLE,RELIABLE,STATIONARY,STATIONARY,STATIONARY,MOVING,MOVING,MOVING,MOVING,MOVING,MOVING
62377,1851,1,LEFT_ARM,0.12561784,0.00061668,0.00490921,0.00845323,0.00871506,0.01003555,0.00722855,0.02707382,0.01138842,0.02254509,0.01576877,RELIABLE,RELIABLE,RELIABLE,RELIABLE,RELIABLE,RELIABLE,RELIABLE,RELIABLE,STATIONARY,STATIONARY,STATIONARY,MOVING,MOVING,MOVING,MOVING,MOVING,MOVING
62409,1852,1,LEFT_ARM,0.12516914,0.00062499,0.00499317,0.00787824,0.00816194,0.00958239,0.00737562,0.02493110,0.01186664,0.02433159,0.01854264,RELIABLE,RELIABLE,RELIABLE,RELIABLE,RELIABLE,RELIABLE,RELIABLE,RELIABLE,STATIONARY,STATIONARY,STATIONARY,MOVING,MOVING,MOVING,MOVING,MOVING,MOVING
62441,1853,1,LEFT_ARM,0.12498291,0.00044278,0.00354274,0.00772325,0.00851348,0.00975949,0.00732555,0.02563770,0.01198540,0.02494789,0.01861360,RELIABLE,RELIABLE,RELIABLE,RELIABLE,RELIABLE,RELIABLE,RELIABLE,RELIABLE,STATIONARY,STATIONARY,STATIONARY,MOVING,MOVING,MOVING,MOVING,MOVING,MOVING
62478,1854,1,LEFT_ARM,0.12475601,0.00219761,0.01761530,0.00768899,0.00896658,0.01039425,0.00569133,0.02674567,0.01195538,0.02340881,0.01719603,RELIABLE,RELIABLE,RELIABLE,RELIABLE,RELIABLE,RELIABLE,RELIABLE,RELIABLE,STATIONARY,STATIONARY,STATIONARY,MOVING,MOVING,MOVING,MOVING,MOVING,MOVING
62519,1855,1,LEFT_ARM,0.12464270,0.00109881,0.00881566,0.00797826,0.00944782,0.01046324,0.00563052,0.02541274,0.01155124,0.02305004,0.01560725,RELIABLE,RELIABLE,RELIABLE,RELIABLE,RELIABLE,RELIABLE,RELIABLE,RELIABLE,STATIONARY,STATIONARY,STATIONARY,MOVING,MOVING,MOVING,MOVING,MOVING,MOVING
62551,1856,1,LEFT_ARM,0.12637402,0.00158089,0.01250963,0.00809045,0.00974130,0.01049648,0.00687359,0.02473522,0.01176987,0.02146327,0.01434336,RELIABLE,RELIABLE,RELIABLE,RELIABLE,RELIABLE,RELIABLE,RELIABLE,RELIABLE,STATIONARY,STATIONARY,STATIONARY,MOVING,MOVING,MOVING,MOVING,MOVING,MOVING
62583,1857,1,LEFT_ARM,0.12608571,0.00179489,0.01423548,0.00954961,0.01179265,0.01206016,0.00772540,0.02583540,0.01110211,0.02126185,0.01398780,RELIABLE,RELIABLE,RELIABLE,RELIABLE,RELIABLE,RELIABLE,RELIABLE,RELIABLE,STATIONARY,STATIONARY,STATIONARY,MOVING,MOVING,MOVING,MOVING,MOVING,MOVING
62615,1858,1,LEFT_ARM,0.12597252,0.00153629,0.01219546,0.00985208,0.01241502,0.01182211,0.00851426,0.02808677,0.01074828,0.02084300,0.01487677,RELIABLE,RELIABLE,RELIABLE,RELIABLE,RELIABLE,RELIABLE,RELIABLE,RELIABLE,STATIONARY,STATIONARY,STATIONARY,MOVING,MOVING,MOVING,MOVING,MOVING,MOVING
62646,1859,1,LEFT_ARM,0.12748752,0.00087663,0.00687622,0.01009796,0.01226139,0.01129585,0.00941095,0.03329935,0.01114738,0.02080070,0.01655347,RELIABLE,RELIABLE,RELIABLE,RELIABLE,RELIABLE,RELIABLE,RELIABLE,RELIABLE,STATIONARY,STATIONARY,STATIONARY,MOVING,MOVING,MOVING,MOVING,MOVING,MOVING
62677,1860,1,LEFT_ARM,0.12825106,0.00043832,0.00341764,0.00990102,0.01176146,0.01065798,0.00909420,0.03401052,0.00983000,0.01701869,0.01330800,RELIABLE,RELIABLE,RELIABLE,RELIABLE,RELIABLE,RELIABLE,RELIABLE,RELIABLE,STATIONARY,STATIONARY,STATIONARY,MOVING,MOVING,MOVING,MOVING,MOVING,MOVING
62710,1861,1,LEFT_ARM,0.12761235,0.00178304,0.01397235,0.01120472,0.01309134,0.01145587,0.00998355,0.03642657,0.01037871,0.01915045,0.01692011,RELIABLE,RELIABLE,RELIABLE,RELIABLE,RELIABLE,RELIABLE,RELIABLE,RELIABLE,STATIONARY,STATIONARY,STATIONARY,MOVING,MOVING,MOVING,MOVING,MOVING,MOVING
62741,1862,1,LEFT_ARM,0.12783266,0.00128188,0.01002780,0.01025628,0.01157227,0.01022668,0.01056038,0.04008822,0.01196634,0.02065997,0.02031007,RELIABLE,RELIABLE,RELIABLE,RELIABLE,RELIABLE,RELIABLE,RELIABLE,RELIABLE,STATIONARY,STATIONARY,STATIONARY,MOVING,MOVING,MOVING,MOVING,MOVING,MOVING
62773,1863,1,LEFT_ARM,0.12727722,0.00147923,0.01162213,0.01060709,0.01248677,0.01102863,0.01123591,0.04551108,0.01262501,0.02171965,0.02295674,RELIABLE,RELIABLE,RELIABLE,RELIABLE,RELIABLE,RELIABLE,RELIABLE,RELIABLE,STATIONARY,STATIONARY,STATIONARY,MOVING,MOVING,MOVING,MOVING,MOVING,MOVING
62805,1864,1,LEFT_ARM,0.12763154,0.00117752,0.00922594,0.01019663,0.01241136,0.01090081,0.01099617,0.04896178,0.01248934,0.02302908,0.02572705,RELIABLE,RELIABLE,RELIABLE,RELIABLE,RELIABLE,RELIABLE,RELIABLE,RELIABLE,STATIONARY,STATIONARY,STATIONARY,MOVING,MOVING,MOVING,MOVING,MOVING,MOVING
62846,1865,1,LEFT_ARM,0.12636826,0.00123543,0.00977640,0.00963924,0.01137953,0.00968082,0.01008957,0.05055132,0.01171942,0.02325009,0.02733405,RELIABLE,RELIABLE,RELIABLE,RELIABLE,RELIABLE,RELIABLE,RELIABLE,RELIABLE,STATIONARY,STATIONARY,STATIONARY,MOVING,MOVING,MOVING,MOVING,MOVING,MOVING
62884,1866,1,LEFT_ARM,0.12573718,0.00061771,0.00491274,0.00872890,0.01020157,0.00876009,0.00903188,0.04745085,0.01038787,0.01941248,0.02588497,RELIABLE,RELIABLE,RELIABLE,RELIABLE,RELIABLE,RELIABLE,RELIABLE,RELIABLE,STATIONARY,STATIONARY,STATIONARY,MOVING,MOVING,MOVING,MOVING,MOVING,MOVING
62915,1867,1,LEFT_ARM,0.12704373,0.00064382,0.00506772,0.00850284,0.00993539,0.00921976,0.00862920,0.04671968,0.00995690,0.01895686,0.02474096,RELIABLE,RELIABLE,RELIABLE,RELIABLE,RELIABLE,RELIABLE,RELIABLE,RELIABLE,STATIONARY,STATIONARY,STATIONARY,MOVING,MOVING,MOVING,MOVING,MOVING,MOVING
62947,1868,1,LEFT_ARM,0.12738186,0.00136821,0.01074104,0.00941827,0.01189687,0.01086411,0.00975951,0.04998633,0.01022754,0.02200387,0.02552069,RELIABLE,RELIABLE,RELIABLE,RELIABLE,RELIABLE,RELIABLE,RELIABLE,RELIABLE,STATIONARY,STATIONARY,STATIONARY,MOVING,MOVING,MOVING,MOVING,MOVING,MOVING
62979,1869,1,LEFT_ARM,0.12714055,0.00090762,0.00713874,0.00856406,0.01012711,0.00976104,0.00988068,0.05211351,0.01102961,0.02366313,0.02609027,RELIABLE,RELIABLE,RELIABLE,RELIABLE,RELIABLE,RELIABLE,RELIABLE,RELIABLE,STATIONARY,STATIONARY,STATIONARY,MOVING,MOVING,MOVING,MOVING,MOVING,MOVING
63010,1870,1,LEFT_ARM,0.12702808,0.00045381,0.00357253,0.00775716,0.00906586,0.00865372,0.00874227,0.04888466,0.00935797,0.02390178,0.02424628,RELIABLE,RELIABLE,RELIABLE,RELIABLE,RELIABLE,RELIABLE,RELIABLE,RELIABLE,STATIONARY,STATIONARY,STATIONARY,MOVING,MOVING,MOVING,MOVING,MOVING,MOVING
63042,1871,1,LEFT_ARM,0.12692797,0.00113424,0.00893610,0.00742140,0.00781392,0.00845336,0.00804381,0.04804781,0.00923753,0.02655626,0.02332057,RELIABLE,RELIABLE,RELIABLE,RELIABLE,RELIABLE,RELIABLE,RELIABLE,RELIABLE,STATIONARY,STATIONARY,STATIONARY,MOVING,MOVING,MOVING,MOVING,MOVING,MOVING
63073,1872,1,LEFT_ARM,0.12616965,0.00178429,0.01414196,0.00803590,0.00823566,0.00893519,0.00668952,0.04836888,0.00861514,0.02493807,0.02102890,RELIABLE,RELIABLE,RELIABLE,RELIABLE,RELIABLE,RELIABLE,RELIABLE,RELIABLE,STATIONARY,STATIONARY,STATIONARY,MOVING,MOVING,MOVING,MOVING,MOVING,MOVING
63104,1873,1,LEFT_ARM,0.12601705,0.00084153,0.00667791,0.00764859,0.00746426,0.00861329,0.00738616,0.04852747,0.00857047,0.02420901,0.01857936,RELIABLE,RELIABLE,RELIABLE,RELIABLE,RELIABLE,RELIABLE,RELIABLE,RELIABLE,STATIONARY,STATIONARY,STATIONARY,MOVING,MOVING,MOVING,MOVING,MOVING,MOVING
63136,1874,1,LEFT_ARM,0.12476876,0.00087304,0.00699728,0.00790916,0.00778184,0.00872272,0.00887911,0.05152748,0.01081065,0.02548651,0.02009043,RELIABLE,RELIABLE,RELIABLE,RELIABLE,RELIABLE,RELIABLE,RELIABLE,RELIABLE,STATIONARY,STATIONARY,STATIONARY,MOVING,MOVING,MOVING,MOVING,MOVING,MOVING
63182,1875,1,LEFT_ARM,0.12364999,0.00060868,0.00492257,0.00789102,0.00809275,0.00836526,0.00944173,0.05118714,0.01057613,0.02441490,0.01959006,RELIABLE,RELIABLE,RELIABLE,RELIABLE,RELIABLE,RELIABLE,RELIABLE,RELIABLE,STATIONARY,STATIONARY,STATIONARY,MOVING,MOVING,MOVING,MOVING,MOVING,MOVING
63214,1876,1,LEFT_ARM,0.12309138,0.00030434,0.00247245,0.00685744,0.00615620,0.00677377,0.00839803,0.04742092,0.00997893,0.02061499,0.01799934,RELIABLE,RELIABLE,RELIABLE,RELIABLE,RELIABLE,RELIABLE,RELIABLE,RELIABLE,STATIONARY,STATIONARY,STATIONARY,MOVING,MOVING,MOVING,MOVING,MOVING,MOVING
63245,1877,1,LEFT_ARM,0.12142035,0.00089977,0.00741039,0.00689140,0.00649749,0.00699637,0.00836632,0.04387756,0.00957998,0.01670956,0.01511521,RELIABLE,RELIABLE,RELIABLE,RELIABLE,RELIABLE,RELIABLE,RELIABLE,RELIABLE,STATIONARY,STATIONARY,STATIONARY,MOVING,MOVING,MOVING,MOVING,MOVING,MOVING
63277,1878,1,LEFT_ARM,0.12090007,0.00066975,0.00553967,0.00713729,0.00734900,0.00787944,0.00835729,0.04502079,0.00945885,0.01588353,0.01411807,RELIABLE,RELIABLE,RELIABLE,RELIABLE,RELIABLE,RELIABLE,RELIABLE,RELIABLE,STATIONARY,STATIONARY,STATIONARY,MOVING,MOVING,MOVING,MOVING,MOVING,MOVING
63310,1879,1,LEFT_ARM,0.12089309,0.00074543,0.00616606,0.00679104,0.00743385,0.00758496,0.00861058,0.04301411,0.00903073,0.01635129,0.01245560,RELIABLE,RELIABLE,RELIABLE,RELIABLE,RELIABLE,RELIABLE,RELIABLE,RELIABLE,STATIONARY,STATIONARY,STATIONARY,MOVING,MOVING,MOVING,MOVING,MOVING,MOVING
63341,1880,1,LEFT_ARM,0.12088984,0.00037272,0.00308311,0.00540868,0.00616731,0.00603041,0.00845499,0.03860639,0.00862918,0.01754046,0.01095466,RELIABLE,RELIABLE,RELIABLE,RELIABLE,RELIABLE,RELIABLE,RELIABLE,RELIABLE,STATIONARY,STATIONARY,STATIONARY,MOVING,MOVING,MOVING,MOVING,MOVING,MOVING
63372,1881,1,LEFT_ARM,0.12041621,0.00119135,0.00989363,0.00581064,0.00750781,0.00625850,0.00871549,0.03514390,0.00976642,0.01964358,0.01173126,RELIABLE,RELIABLE,RELIABLE,RELIABLE,RELIABLE,RELIABLE,RELIABLE,RELIABLE,STATIONARY,STATIONARY,STATIONARY,MOVING,MOVING,MOVING,MOVING,MOVING,MOVING
63403,1882,1,LEFT_ARM,0.12033787,0.00052131,0.00433206,0.00547749,0.00716494,0.00627077,0.00800009,0.03381588,0.00851127,0.01978002,0.01095024,RELIABLE,RELIABLE,RELIABLE,RELIABLE,RELIABLE,RELIABLE,RELIABLE,RELIABLE,STATIONARY,STATIONARY,STATIONARY,MOVING,MOVING,MOVING,MOVING,MOVING,MOVING
63433,1883,1,LEFT_ARM,0.11942519,0.00046876,0.00392514,0.00535281,0.00714687,0.00619786,0.00805250,0.03185073,0.00945227,0.02308998,0.01316270,RELIABLE,RELIABLE,RELIABLE,RELIABLE,RELIABLE,RELIABLE,RELIABLE,RELIABLE,STATIONARY,STATIONARY,STATIONARY,MOVING,MOVING,MOVING,MOVING,MOVING,MOVING
63469,1884,1,LEFT_ARM,0.11985712,0.00053821,0.00449047,0.00560507,0.00749182,0.00659142,0.00855220,0.03214594,0.00990019,0.02702619,0.01398575,RELIABLE,RELIABLE,RELIABLE,RELIABLE,RELIABLE,RELIABLE,RELIABLE,RELIABLE,STATIONARY,STATIONARY,STATIONARY,MOVING,MOVING,MOVING,MOVING,MOVING,MOVING
63517,1885,1,LEFT_ARM,0.11895796,0.00076607,0.00643984,0.00548375,0.00735242,0.00681697,0.00849285,0.03101389,0.00942608,0.02744572,0.01282216,RELIABLE,RELIABLE,RELIABLE,RELIABLE,RELIABLE,RELIABLE,RELIABLE,RELIABLE,STATIONARY,STATIONARY,STATIONARY,MOVING,MOVING,MOVING,MOVING,MOVING,MOVING
63559,1886,1,LEFT_ARM,0.11875739,0.00136116,0.01146173,0.00622400,0.00807533,0.00681312,0.00837941,0.02798758,0.00972876,0.02691056,0.01488961,RELIABLE,RELIABLE,RELIABLE,RELIABLE,RELIABLE,RELIABLE,RELIABLE,RELIABLE,STATIONARY,STATIONARY,STATIONARY,MOVING,MOVING,MOVING,MOVING,MOVING,MOVING
63590,1887,1,LEFT_ARM,0.11865766,0.00068058,0.00573568,0.00617021,0.00782445,0.00577668,0.00780670,0.02468238,0.00966744,0.02292226,0.01614033,RELIABLE,RELIABLE,RELIABLE,RELIABLE,RELIABLE,RELIABLE,RELIABLE,RELIABLE,STATIONARY,STATIONARY,STATIONARY,MOVING,MOVING,MOVING,MOVING,MOVING,MOVING
63622,1888,1,LEFT_ARM,0.11881594,0.00032223,0.00271204,0.00612382,0.00739352,0.00531602,0.00866540,0.02380984,0.01009271,0.02545053,0.01825747,RELIABLE,RELIABLE,RELIABLE,RELIABLE,RELIABLE,RELIABLE,RELIABLE,RELIABLE,STATIONARY,STATIONARY,STATIONARY,MOVING,MOVING,MOVING,MOVING,MOVING,MOVING
63653,1889,1,LEFT_ARM,0.11973861,0.00064048,0.00534896,0.00555574,0.00647740,0.00549805,0.00817671,0.02261109,0.00931936,0.02454988,0.01783022,RELIABLE,RELIABLE,RELIABLE,RELIABLE,RELIABLE,RELIABLE,RELIABLE,RELIABLE,STATIONARY,STATIONARY,STATIONARY,MOVING,MOVING,MOVING,MOVING,MOVING,MOVING
63685,1890,1,LEFT_ARM,0.11957676,0.00117501,0.00982639,0.00624253,0.00733751,0.00602327,0.00806564,0.02042487,0.00897708,0.02468810,0.01652712,RELIABLE,RELIABLE,RELIABLE,RELIABLE,RELIABLE,RELIABLE,RELIABLE,RELIABLE,STATIONARY,STATIONARY,STATIONARY,MOVING,MOVING,MOVING,MOVING,MOVING,MOVING
63717,1891,1,LEFT_ARM,0.11949589,0.00058750,0.00491652,0.00636645,0.00760190,0.00626112,0.00715446,0.01755890,0.00777687,0.02158451,0.01371109,RELIABLE,RELIABLE,RELIABLE,RELIABLE,RELIABLE,RELIABLE,RELIABLE,RELIABLE,STATIONARY,STATIONARY,STATIONARY,MOVING,MOVING,MOVING,MOVING,MOVING,MOVING
63747,1892,1,LEFT_ARM,0.11990132,0.00100491,0.00838113,0.00685278,0.00810746,0.00663461,0.00648933,0.01819586,0.00836789,0.02142379,0.01499987,RELIABLE,RELIABLE,RELIABLE,RELIABLE,RELIABLE,RELIABLE,RELIABLE,RELIABLE,STATIONARY,STATIONARY,STATIONARY,MOVING,MOVING,MOVING,MOVING,MOVING,MOVING
63779,1893,1,LEFT_ARM,0.12044196,0.00131810,0.01094390,0.00741579,0.00872506,0.00810699,0.00676822,0.02047361,0.00845038,0.02529529,0.01716598,RELIABLE,RELIABLE,RELIABLE,RELIABLE,RELIABLE,RELIABLE,RELIABLE,RELIABLE,STATIONARY,STATIONARY,STATIONARY,MOVING,MOVING,MOVING,MOVING,MOVING,MOVING
63811,1894,1,LEFT_ARM,0.12061620,0.00113732,0.00942928,0.00716174,0.00767795,0.00815439,0.00773393,0.02394063,0.00903139,0.02696876,0.01770609,RELIABLE,RELIABLE,RELIABLE,RELIABLE,RELIABLE,RELIABLE,RELIABLE,RELIABLE,STATIONARY,STATIONARY,STATIONARY,MOVING,MOVING,MOVING,MOVING,MOVING,MOVING
63843,1895,1,LEFT_ARM,0.12070397,0.00056866,0.00471121,0.00703368,0.00715332,0.00817719,0.00821600,0.02567129,0.00932065,0.02780358,0.01797308,RELIABLE,RELIABLE,RELIABLE,RELIABLE,RELIABLE,RELIABLE,RELIABLE,RELIABLE,STATIONARY,STATIONARY,STATIONARY,MOVING,MOVING,MOVING,MOVING,MOVING,MOVING
63875,1896,1,LEFT_ARM,0.12167171,0.00046989,0.00386197,0.00717742,0.00741652,0.00814521,0.00766948,0.03006849,0.00965717,0.02519878,0.01670445,RELIABLE,RELIABLE,RELIABLE,RELIABLE,RELIABLE,RELIABLE,RELIABLE,RELIABLE,STATIONARY,STATIONARY,STATIONARY,MOVING,MOVING,MOVING,MOVING,MOVING,MOVING
63905,1897,1,LEFT_ARM,0.12230304,0.00163491,0.01336767,0.00817976,0.00818217,0.00946953,0.00781795,0.03684121,0.00966904,0.02563605,0.01734294,RELIABLE,RELIABLE,RELIABLE,RELIABLE,RELIABLE,RELIABLE,RELIABLE,RELIABLE,STATIONARY,STATIONARY,STATIONARY,MOVING,MOVING,MOVING,MOVING,MOVING,MOVING
63937,1898,1,LEFT_ARM,0.12223430,0.00086960,0.00711419,0.00784073,0.00712834,0.00929975,0.00877814,0.04308307,0.01022983,0.02851850,0.01853153,RELIABLE,RELIABLE,RELIABLE,RELIABLE,RELIABLE,RELIABLE,RELIABLE,RELIABLE,STATIONARY,STATIONARY,STATIONARY,MOVING,MOVING,MOVING,MOVING,MOVING,MOVING
63968,1899,1,LEFT_ARM,0.12304155,0.00096969,0.00788098,0.00821129,0.00755343,0.01013383,0.00884275,0.05083000,0.01206206,0.03330491,0.02162789,RELIABLE,RELIABLE,RELIABLE,RELIABLE,RELIABLE,RELIABLE,RELIABLE,RELIABLE,STATIONARY,STATIONARY,STATIONARY,MOVING,MOVING,MOVING,MOVING,MOVING,MOVING
64015,1900,1,LEFT_ARM,0.12505385,0.00155448,0.01243050,0.00871746,0.00819863,0.01224195,0.00988380,0.05659162,0.01230177,0.03493297,0.02212618,RELIABLE,RELIABLE,RELIABLE,RELIABLE,RELIABLE,RELIABLE,RELIABLE,RELIABLE,STATIONARY,STATIONARY,STATIONARY,MOVING,MOVING,MOVING,MOVING,MOVING,MOVING
64047,1901,1,LEFT_ARM,0.12607529,0.00077724,0.00616490,0.00812009,0.00769603,0.01135738,0.00912662,0.05608824,0.01167475,0.03144817,0.02040865,RELIABLE,RELIABLE,RELIABLE,RELIABLE,RELIABLE,RELIABLE,RELIABLE,RELIABLE,STATIONARY,STATIONARY,STATIONARY,MOVING,MOVING,MOVING,MOVING,MOVING,MOVING
64079,1902,1,LEFT_ARM,0.12748435,0.00084289,0.00661173,0.00776789,0.00808977,0.01074683,0.00850613,0.05702467,0.01104909,0.03021803,0.02031256,RELIABLE,RELIABLE,RELIABLE,RELIABLE,RELIABLE,RELIABLE,RELIABLE,RELIABLE,STATIONARY,STATIONARY,STATIONARY,MOVING,MOVING,MOVING,MOVING,MOVING,MOVING
64111,1903,1,LEFT_ARM,0.12636465,0.00052870,0.00418390,0.00770198,0.00806352,0.01068793,0.00920873,0.06116558,0.01301758,0.03248364,0.02671209,RELIABLE,RELIABLE,RELIABLE,RELIABLE,RELIABLE,RELIABLE,RELIABLE,RELIABLE,STATIONARY,STATIONARY,STATIONARY,MOVING,MOVING,MOVING,MOVING,MOVING,MOVING
64143,1904,1,LEFT_ARM,0.12733617,0.00133355,0.01047267,0.00852832,0.00956370,0.01124260,0.00993332,0.06197150,0.01489204,0.03402288,0.03103608,RELIABLE,RELIABLE,RELIABLE,RELIABLE,RELIABLE,RELIABLE,RELIABLE,RELIABLE,STATIONARY,STATIONARY,STATIONARY,MOVING,MOVING,MOVING,MOVING,MOVING,MOVING
64174,1905,1,LEFT_ARM,0.12774789,0.00042468,0.00332436,0.00727290,0.00807988,0.00945257,0.00960857,0.05914109,0.01600220,0.03372249,0.03359934,RELIABLE,RELIABLE,RELIABLE,RELIABLE,RELIABLE,RELIABLE,RELIABLE,RELIABLE,STATIONARY,STATIONARY,STATIONARY,MOVING,MOVING,MOVING,MOVING,MOVING,MOVING
64204,1906,1,LEFT_ARM,0.12795617,0.00021234,0.00165947,0.00659106,0.00776262,0.00878388,0.00812557,0.05311109,0.01551524,0.02958454,0.03352197,RELIABLE,RELIABLE,RELIABLE,RELIABLE,RELIABLE,RELIABLE,RELIABLE,RELIABLE,STATIONARY,STATIONARY,STATIONARY,MOVING,MOVING,MOVING,MOVING,MOVING,MOVING
64236,1907,1,LEFT_ARM,0.12748858,0.00150817,0.01182985,0.00708467,0.00872596,0.00877793,0.00796335,0.04792098,0.01573067,0.02680544,0.03647060,RELIABLE,RELIABLE,RELIABLE,RELIABLE,RELIABLE,RELIABLE,RELIABLE,RELIABLE,STATIONARY,STATIONARY,STATIONARY,MOVING,MOVING,MOVING,MOVING,MOVING,MOVING
64267,1908,1,LEFT_ARM,0.12907376,0.00170129,0.01318073,0.00717845,0.00831078,0.00727572,0.00745923,0.04114157,0.01492389,0.02250111,0.03544029,RELIABLE,RELIABLE,RELIABLE,RELIABLE,RELIABLE,RELIABLE,RELIABLE,RELIABLE,STATIONARY,STATIONARY,STATIONARY,MOVING,MOVING,MOVING,MOVING,MOVING,MOVING
64302,1909,1,LEFT_ARM,0.12884254,0.00095751,0.00743164,0.00733679,0.00856249,0.00687992,0.00872962,0.03941542,0.01792481,0.02310050,0.03820270,RELIABLE,RELIABLE,RELIABLE,RELIABLE,RELIABLE,RELIABLE,RELIABLE,RELIABLE,STATIONARY,STATIONARY,STATIONARY,MOVING,MOVING,MOVING,MOVING,MOVING,MOVING
64334,1910,1,LEFT_ARM,0.12971041,0.00115674,0.00891785,0.00762506,0.00834019,0.00767002,0.00880023,0.03553849,0.01869963,0.02293376,0.03794186,RELIABLE,RELIABLE,RELIABLE,RELIABLE,RELIABLE,RELIABLE,RELIABLE,RELIABLE,STATIONARY,STATIONARY,STATIONARY,MOVING,MOVING,MOVING,MOVING,MOVING,MOVING
64382,1911,1,LEFT_ARM,0.13012966,0.00211573,0.01625864,0.00913440,0.01118873,0.00881119,0.00847648,0.03198195,0.01649905,0.01959969,0.03216451,RELIABLE,RELIABLE,RELIABLE,RELIABLE,RELIABLE,RELIABLE,RELIABLE,RELIABLE,STATIONARY,STATIONARY,STATIONARY,MOVING,MOVING,MOVING,MOVING,MOVING,MOVING
64424,1912,1,LEFT_ARM,0.13033935,0.00105787,0.00811624,0.00883985,0.01087706,0.00878211,0.00758289,0.02715357,0.01386016,0.01602544,0.02805976,RELIABLE,RELIABLE,RELIABLE,RELIABLE,RELIABLE,RELIABLE,RELIABLE,RELIABLE,STATIONARY,STATIONARY,STATIONARY,MOVING,MOVING,MOVING,MOVING,MOVING,MOVING
64455,1913,1,LEFT_ARM,0.13067058,0.00121732,0.00931594,0.00958880,0.01245258,0.01017995,0.00743174,0.02422898,0.01253255,0.01527400,0.02526611,RELIABLE,RELIABLE,RELIABLE,RELIABLE,RELIABLE,RELIABLE,RELIABLE,RELIABLE,STATIONARY,STATIONARY,STATIONARY,MOVING,MOVING,MOVING,MOVING,MOVING,MOVING
64487,1914,1,LEFT_ARM,0.13106587,0.00186588,0.01423623,0.01116089,0.01495095,0.01332310,0.00845266,0.02556289,0.01246540,0.01571636,0.02444495,RELIABLE,RELIABLE,RELIABLE,RELIABLE,RELIABLE,RELIABLE,RELIABLE,RELIABLE,STATIONARY,STATIONARY,STATIONARY,MOVING,MOVING,MOVING,MOVING,MOVING,MOVING
64519,1915,1,LEFT_ARM,0.13062329,0.00119084,0.00911662,0.01082174,0.01422272,0.01423769,0.00989278,0.02655114,0.01135824,0.01575284,0.01890077,RELIABLE,RELIABLE,RELIABLE,RELIABLE,RELIABLE,RELIABLE,RELIABLE,RELIABLE,STATIONARY,MOVING,STATIONARY,MOVING,MOVING,MOVING,MOVING,MOVING,MOVING
64551,1916,1,LEFT_ARM,0.13040406,0.00059542,0.00456598,0.00974489,0.01359547,0.01381961,0.00976162,0.02598369,0.01122645,0.01577892,0.01726777,RELIABLE,RELIABLE,RELIABLE,RELIABLE,RELIABLE,RELIABLE,RELIABLE,RELIABLE,STATIONARY,MOVING,MOVING,MOVING,MOVING,MOVING,MOVING,MOVING,MOVING
64583,1917,1,LEFT_ARM,0.12874959,0.00169418,0.01315871,0.01046078,0.01481259,0.01502280,0.01027107,0.02879203,0.00986653,0.01578253,0.01610113,RELIABLE,RELIABLE,RELIABLE,RELIABLE,RELIABLE,RELIABLE,RELIABLE,RELIABLE,STATIONARY,MOVING,MOVING,MOVING,MOVING,MOVING,MOVING,MOVING,MOVING
64613,1918,1,LEFT_ARM,0.12858898,0.00189172,0.01471137,0.01118497,0.01691856,0.01508423,0.01127447,0.03468604,0.01012279,0.01825250,0.01537439,RELIABLE,RELIABLE,RELIABLE,RELIABLE,RELIABLE,RELIABLE,RELIABLE,RELIABLE,STATIONARY,MOVING,MOVING,MOVING,MOVING,MOVING,MOVING,MOVING,MOVING
64644,1919,1,LEFT_ARM,0.12880546,0.00185856,0.01442917,0.01095628,0.01631635,0.01654513,0.01194741,0.04093423,0.01157512,0.02032910,0.01459653,RELIABLE,RELIABLE,RELIABLE,RELIABLE,RELIABLE,RELIABLE,RELIABLE,RELIABLE,STATIONARY,MOVING,MOVING,MOVING,MOVING,MOVING,MOVING,MOVING,MOVING
64675,1920,1,LEFT_ARM,0.12892550,0.00092928,0.00720787,0.01084274,0.01601661,0.01727547,0.01228395,0.04405654,0.01230085,0.02136664,0.01420889,RELIABLE,RELIABLE,RELIABLE,RELIABLE,RELIABLE,RELIABLE,RELIABLE,RELIABLE,STATIONARY,MOVING,MOVING,MOVING,MOVING,MOVING,MOVING,MOVING,MOVING
64718,1921,1,LEFT_ARM,0.12895074,0.00274625,0.02129690,0.01234036,0.01807691,0.02074740,0.01536218,0.05223541,0.01516267,0.02595184,0.01721076,RELIABLE,RELIABLE,RELIABLE,RELIABLE,RELIABLE,RELIABLE,RELIABLE,RELIABLE,STATIONARY,MOVING,MOVING,MOVING,MOVING,MOVING,MOVING,MOVING,MOVING
64754,1922,1,LEFT_ARM,0.12898893,0.00137313,0.01064530,0.01189149,0.01739611,0.02003879,0.01580500,0.05353203,0.01599823,0.02742780,0.01813908,RELIABLE,RELIABLE,RELIABLE,RELIABLE,RELIABLE,RELIABLE,RELIABLE,RELIABLE,STATIONARY,MOVING,MOVING,MOVING,MOVING,MOVING,MOVING,MOVING,MOVING
64786,1923,1,LEFT_ARM,0.12856319,0.00152389,0.01185320,0.01223356,0.01854100,0.02043024,0.01657315,0.05513628,0.01658201,0.02742439,0.01940293,RELIABLE,RELIABLE,RELIABLE,RELIABLE,RELIABLE,RELIABLE,RELIABLE,RELIABLE,STATIONARY,MOVING,MOVING,MOVING,MOVING,MOVING,MOVING,MOVING,MOVING
64817,1924,1,LEFT_ARM,0.12773099,0.00221752,0.01736087,0.01383292,0.02200625,0.02321933,0.01799971,0.05996895,0.01766786,0.02815355,0.02030984,RELIABLE,RELIABLE,RELIABLE,RELIABLE,RELIABLE,RELIABLE,RELIABLE,RELIABLE,STATIONARY,MOVING,MOVING,MOVING,MOVING,MOVING,MOVING,MOVING,MOVING
64848,1925,1,LEFT_ARM,0.12703409,0.00330793,0.02603968,0.01544304,0.02587844,0.02612914,0.01676630,0.06027650,0.01756515,0.02746759,0.01876497,RELIABLE,RELIABLE,RELIABLE,RELIABLE,RELIABLE,RELIABLE,RELIABLE,RELIABLE,MOVING,MOVING,MOVING,MOVING,MOVING,MOVING,MOVING,MOVING,MOVING
64880,1926,1,LEFT_ARM,0.12664026,0.00289514,0.02286114,0.01646177,0.02852956,0.03088866,0.01608836,0.05719926,0.01865163,0.02763322,0.01810209,RELIABLE,RELIABLE,RELIABLE,RELIABLE,RELIABLE,RELIABLE,RELIABLE,RELIABLE,MOVING,MOVING,MOVING,MOVING,MOVING,MOVING,MOVING,MOVING,MOVING
64911,1927,1,LEFT_ARM,0.12645847,0.00144757,0.01144700,0.01608899,0.02877817,0.03085059,0.01492584,0.05031067,0.01818044,0.02724895,0.01738779,RELIABLE,RELIABLE,RELIABLE,RELIABLE,RELIABLE,RELIABLE,RELIABLE,RELIABLE,MOVING,MOVING,MOVING,MOVING,MOVING,MOVING,MOVING,MOVING,MOVING
64942,1928,1,LEFT_ARM,0.12716460,0.00199513,0.01568936,0.01714918,0.03173142,0.03311990,0.01577597,0.05164011,0.01866199,0.02873505,0.01810021,RELIABLE,RELIABLE,RELIABLE,RELIABLE,RELIABLE,RELIABLE,RELIABLE,RELIABLE,MOVING,MOVING,MOVING,MOVING,MOVING,MOVING,MOVING,MOVING,MOVING
64973,1929,1,LEFT_ARM,0.12846815,0.00351954,0.02739620,0.01791159,0.03453955,0.03539003,0.01356275,0.04541054,0.01712792,0.02707395,0.01735773,RELIABLE,RELIABLE,RELIABLE,RELIABLE,RELIABLE,RELIABLE,RELIABLE,RELIABLE,MOVING,MOVING,MOVING,MOVING,MOVING,MOVING,MOVING,MOVING,MOVING
65006,1930,1,LEFT_ARM,0.12974097,0.00330919,0.02550615,0.01976920,0.03878948,0.03975079,0.01304852,0.04640684,0.01783425,0.02583398,0.01912221,RELIABLE,RELIABLE,RELIABLE,RELIABLE,RELIABLE,RELIABLE,RELIABLE,RELIABLE,MOVING,MOVING,MOVING,MOVING,MOVING,MOVING,MOVING,MOVING,MOVING
65036,1931,1,LEFT_ARM,0.13042424,0.00165460,0.01268626,0.01987333,0.03931579,0.04057610,0.01114714,0.04315817,0.01707702,0.02349835,0.01883761,RELIABLE,RELIABLE,RELIABLE,RELIABLE,RELIABLE,RELIABLE,RELIABLE,RELIABLE,MOVING,MOVING,MOVING,MOVING,MOVING,MOVING,MOVING,MOVING,MOVING
65067,1932,1,LEFT_ARM,0.13075294,0.00376840,0.02882074,0.02130581,0.04156060,0.04433355,0.01106218,0.03805765,0.01782816,0.02288524,0.02025991,RELIABLE,RELIABLE,RELIABLE,RELIABLE,RELIABLE,RELIABLE,RELIABLE,RELIABLE,MOVING,MOVING,MOVING,MOVING,MOVING,MOVING,MOVING,MOVING,MOVING
65098,1933,1,LEFT_ARM,0.13163666,0.00449884,0.03417622,0.02232288,0.04379764,0.04789540,0.01264206,0.03516010,0.01861687,0.02153895,0.02041831,RELIABLE,RELIABLE,RELIABLE,RELIABLE,RELIABLE,RELIABLE,RELIABLE,RELIABLE,MOVING,MOVING,MOVING,MOVING,MOVING,MOVING,MOVING,MOVING,MOVING
65134,1934,1,LEFT_ARM,0.13338523,0.00357840,0.02682759,0.02281869,0.04585323,0.04910906,0.01469004,0.03569940,0.01790366,0.01752941,0.01898430,RELIABLE,RELIABLE,RELIABLE,RELIABLE,RELIABLE,RELIABLE,RELIABLE,RELIABLE,MOVING,MOVING,MOVING,MOVING,MOVING,MOVING,MOVING,MOVING,MOVING
65166,1935,1,LEFT_ARM,0.13492949,0.00450264,0.03337032,0.02555910,0.05150017,0.05515029,0.01911976,0.03804043,0.01938166,0.01892802,0.02075844,RELIABLE,RELIABLE,RELIABLE,RELIABLE,RELIABLE,RELIABLE,RELIABLE,RELIABLE,MOVING,MOVING,MOVING,MOVING,MOVING,MOVING,MOVING,MOVING,MOVING
65214,1936,1,LEFT_ARM,0.13531365,0.00368278,0.02721665,0.02700001,0.05505725,0.05868015,0.02061807,0.03563546,0.02029546,0.01792051,0.02116100,RELIABLE,RELIABLE,RELIABLE,RELIABLE,RELIABLE,RELIABLE,RELIABLE,RELIABLE,MOVING,MOVING,MOVING,MOVING,MOVING,MOVING,MOVING,MOVING,MOVING
65253,1937,1,LEFT_ARM,0.13551345,0.00184139,0.01358826,0.02527402,0.05221344,0.05465305,0.02058090,0.03220127,0.01922330,0.01364399,0.01811103,RELIABLE,RELIABLE,RELIABLE,RELIABLE,RELIABLE,RELIABLE,RELIABLE,RELIABLE,MOVING,MOVING,MOVING,MOVING,MOVING,MOVING,MOVING,MOVING,MOVING
65284,1938,1,LEFT_ARM,0.13534043,0.00398631,0.02945394,0.02576750,0.05414048,0.05624227,0.02346043,0.02854189,0.01861727,0.01336887,0.01552548,RELIABLE,RELIABLE,RELIABLE,RELIABLE,RELIABLE,RELIABLE,RELIABLE,RELIABLE,MOVING,MOVING,MOVING,MOVING,MOVING,MOVING,MOVING,MOVING,MOVING
65316,1939,1,LEFT_ARM,0.13416479,0.00296476,0.02209789,0.02694395,0.05783054,0.05983891,0.02802615,0.02775235,0.01929373,0.01618576,0.01500983,RELIABLE,RELIABLE,RELIABLE,RELIABLE,RELIABLE,RELIABLE,RELIABLE,RELIABLE,MOVING,MOVING,MOVING,MOVING,MOVING,MOVING,MOVING,MOVING,MOVING
65347,1940,1,LEFT_ARM,0.13395783,0.00307854,0.02298140,0.02621403,0.05697106,0.05763550,0.03021909,0.02807579,0.01956183,0.01654969,0.01350508,RELIABLE,RELIABLE,RELIABLE,RELIABLE,RELIABLE,RELIABLE,RELIABLE,RELIABLE,MOVING,MOVING,MOVING,MOVING,MOVING,MOVING,MOVING,MOVING,MOVING
65379,1941,1,LEFT_ARM,0.13385508,0.00153927,0.01149952,0.02337945,0.05130632,0.05158242,0.02955043,0.02597885,0.01782598,0.01610492,0.01238990,RELIABLE,RELIABLE,RELIABLE,RELIABLE,RELIABLE,RELIABLE,RELIABLE,RELIABLE,MOVING,MOVING,MOVING,MOVING,MOVING,MOVING,MOVING,MOVING,MOVING
65410,1942,1,LEFT_ARM,0.13289597,0.00385787,0.02902923,0.02365465,0.05008379,0.04886895,0.02899083,0.02191954,0.01824226,0.01933533,0.01511539,RELIABLE,RELIABLE,RELIABLE,RELIABLE,RELIABLE,RELIABLE,RELIABLE,RELIABLE,MOVING,MOVING,MOVING,MOVING,MOVING,MOVING,MOVING,MOVING,MOVING
65442,1943,1,LEFT_ARM,0.13313000,0.00239186,0.01796637,0.02172916,0.04590130,0.04429593,0.02795199,0.01979320,0.01702397,0.01741059,0.01416587,RELIABLE,RELIABLE,RELIABLE,RELIABLE,RELIABLE,RELIABLE,RELIABLE,RELIABLE,MOVING,MOVING,MOVING,MOVING,MOVING,MOVING,MOVING,MOVING,MOVING
65473,1944,1,LEFT_ARM,0.13181718,0.00279335,0.02119110,0.02097596,0.04310490,0.04147546,0.03116141,0.01780370,0.01664515,0.01693504,0.01324237,RELIABLE,RELIABLE,RELIABLE,RELIABLE,RELIABLE,RELIABLE,RELIABLE,RELIABLE,MOVING,MOVING,MOVING,MOVING,MOVING,MOVING,MOVING,MOVING,MOVING
65505,1945,1,LEFT_ARM,0.13200299,0.00230767,0.01748192,0.02146267,0.04405958,0.04219386,0.03222037,0.02027442,0.01810437,0.01903153,0.01650266,RELIABLE,RELIABLE,RELIABLE,RELIABLE,RELIABLE,RELIABLE,RELIABLE,RELIABLE,MOVING,MOVING,MOVING,MOVING,MOVING,MOVING,MOVING,MOVING,MOVING
65550,1946,1,LEFT_ARM,0.13169749,0.00272113,0.02066201,0.02036368,0.04105306,0.03816045,0.03014255,0.01862957,0.01882903,0.01868988,0.01888585,RELIABLE,RELIABLE,RELIABLE,RELIABLE,RELIABLE,RELIABLE,RELIABLE,RELIABLE,MOVING,MOVING,MOVING,MOVING,MOVING,MOVING,MOVING,MOVING,MOVING
65583,1947,1,LEFT_ARM,0.13154902,0.00136057,0.01034266,0.01889428,0.03684246,0.03336287,0.02598268,0.01678549,0.01822032,0.01557120,0.01931352,RELIABLE,RELIABLE,RELIABLE,RELIABLE,RELIABLE,RELIABLE,RELIABLE,RELIABLE,MOVING,MOVING,MOVING,MOVING,MOVING,MOVING,MOVING,MOVING,MOVING
65614,1948,1,LEFT_ARM,0.13123712,0.00177819,0.01354943,0.01771528,0.03475222,0.03083621,0.02318418,0.01691756,0.01807469,0.01910846,0.02172475,RELIABLE,RELIABLE,RELIABLE,RELIABLE,RELIABLE,RELIABLE,RELIABLE,RELIABLE,MOVING,MOVING,MOVING,MOVING,MOVING,MOVING,MOVING,MOVING,MOVING
65645,1949,1,LEFT_ARM,0.13145298,0.00225842,0.01718045,0.01842540,0.03616637,0.03113356,0.02289605,0.01768745,0.01964486,0.02182465,0.02557954,RELIABLE,RELIABLE,RELIABLE,RELIABLE,RELIABLE,RELIABLE,RELIABLE,RELIABLE,MOVING,MOVING,MOVING,MOVING,MOVING,MOVING,MOVING,MOVING,MOVING
65677,1950,1,LEFT_ARM,0.13064515,0.00151688,0.01161067,0.01624808,0.03264615,0.02897323,0.02275577,0.01661283,0.01873881,0.02034065,0.02455116,RELIABLE,RELIABLE,RELIABLE,RELIABLE,RELIABLE,RELIABLE,RELIABLE,RELIABLE,MOVING,MOVING,MOVING,MOVING,MOVING,MOVING,MOVING,MOVING,MOVING
72270,2148,1,WHOLE_BODY,0.11938296,0.00100901,0.00845189,0.00632304,0.00866084,0.00851610,0.00823091,0.01397207,0.00918395,0.01848870,0.01277456,RELIABLE,RELIABLE,RELIABLE,RELIABLE,RELIABLE,RELIABLE,RELIABLE,RELIABLE,STATIONARY,STATIONARY,STATIONARY,MOVING,MOVING,MOVING,MOVING,MOVING,MOVING
72301,2149,1,WHOLE_BODY,0.11917615,0.00205796,0.01726824,0.00803838,0.01169349,0.01193422,0.00860651,0.01326546,0.00903973,0.01890105,0.01411493,RELIABLE,RELIABLE,RELIABLE,RELIABLE,RELIABLE,RELIABLE,RELIABLE,RELIABLE,STATIONARY,STATIONARY,STATIONARY,MOVING,MOVING,MOVING,MOVING,MOVING,MOVING
72350,2150,1,WHOLE_BODY,0.11823943,0.00155428,0.01314521,0.00863612,0.01189492,0.01135170,0.01048741,0.01071565,0.00836186,0.01746643,0.01460102,RELIABLE,RELIABLE,RELIABLE,RELIABLE,RELIABLE,RELIABLE,RELIABLE,RELIABLE,STATIONARY,STATIONARY,STATIONARY,MOVING,MOVING,MOVING,MOVING,MOVING,MOVING
72379,2151,1,WHOLE_BODY,0.11777480,0.00077714,0.00659853,0.00869962,0.01242132,0.01076339,0.01085779,0.01013484,0.00810845,0.01748770,0.01487214,RELIABLE,RELIABLE,RELIABLE,RELIABLE,RELIABLE,RELIABLE,RELIABLE,RELIABLE,STATIONARY,STATIONARY,STATIONARY,MOVING,MOVING,MOVING,MOVING,MOVING,MOVING
72410,2152,1,WHOLE_BODY,0.11809885,0.00089349,0.00756564,0.00914835,0.01352845,0.01131132,0.01196631,0.01012904,0.00773266,0.01742406,0.01567165,RELIABLE,RELIABLE,RELIABLE,RELIABLE,RELIABLE,RELIABLE,RELIABLE,RELIABLE,STATIONARY,STATIONARY,STATIONARY,MOVING,MOVING,MOVING,MOVING,MOVING,MOVING
72442,2153,1,WHOLE_BODY,0.11964119,0.00179058,0.01496622,0.01076967,0.01561636,0.01272382,0.01283083,0.01124630,0.00815755,0.01718877,0.01777725,RELIABLE,RELIABLE,RELIABLE,RELIABLE,RELIABLE,RELIABLE,RELIABLE,RELIABLE,STATIONARY,MOVING,STATIONARY,MOVING,MOVING,MOVING,MOVING,MOVING,MOVING
72478,2154,1,WHOLE_BODY,0.12014390,0.00145214,0.01208663,0.01106637,0.01667644,0.01366913,0.01305037,0.01375576,0.00843255,0.01788870,0.01739671,RELIABLE,RELIABLE,RELIABLE,RELIABLE,RELIABLE,RELIABLE,RELIABLE,RELIABLE,STATIONARY,MOVING,STATIONARY,MOVING,MOVING,MOVING,MOVING,MOVING,MOVING
72506,2155,1,WHOLE_BODY,0.12039974,0.00072607,0.00603048,0.01076411,0.01699383,0.01427894,0.01311154,0.01420787,0.00790012,0.01630695,0.01668376,RELIABLE,RELIABLE,RELIABLE,RELIABLE,RELIABLE,RELIABLE,RELIABLE,RELIABLE,STATIONARY,MOVING,MOVING,MOVING,MOVING,MOVING,MOVING,MOVING,MOVING
72535,2156,1,WHOLE_BODY,0.11989075,0.00128037,0.01067948,0.01104256,0.01737981,0.01512851,0.01222445,0.01650603,0.00806391,0.01409856,0.01583298,RELIABLE,RELIABLE,RELIABLE,RELIABLE,RELIABLE,RELIABLE,RELIABLE,RELIABLE,STATIONARY,MOVING,MOVING,MOVING,MOVING,MOVING,MOVING,MOVING,MOVING
72567,2157,1,WHOLE_BODY,0.12082554,0.00137368,0.01136911,0.01030516,0.01789005,0.01546754,0.01233377,0.01869596,0.00846291,0.01411041,0.01493642,RELIABLE,RELIABLE,RELIABLE,RELIABLE,RELIABLE,RELIABLE,RELIABLE,RELIABLE,STATIONARY,MOVING,MOVING,MOVING,MOVING,MOVING,MOVING,MOVING,MOVING
72606,2158,1,WHOLE_BODY,0.12166885,0.00230294,0.01892796,0.01102801,0.02127936,0.02041439,0.01276830,0.02124556,0.01043455,0.01212620,0.01482292,RELIABLE,RELIABLE,RELIABLE,RELIABLE,RELIABLE,RELIABLE,RELIABLE,RELIABLE,STATIONARY,MOVING,MOVING,MOVING,MOVING,MOVING,MOVING,MOVING,MOVING
72647,2159,1,WHOLE_BODY,0.12265326,0.00302214,0.02463967,0.01328315,0.02730345,0.02664744,0.01584085,0.02769306,0.01553746,0.01871091,0.01891639,RELIABLE,RELIABLE,RELIABLE,RELIABLE,RELIABLE,RELIABLE,RELIABLE,RELIABLE,STATIONARY,MOVING,MOVING,MOVING,MOVING,MOVING,MOVING,MOVING,MOVING
72677,2160,1,WHOLE_BODY,0.12314836,0.00151107,0.01227030,0.01387123,0.02892211,0.02833561,0.01602047,0.03040679,0.01724543,0.02070249,0.01980403,RELIABLE,RELIABLE,RELIABLE,RELIABLE,RELIABLE,RELIABLE,RELIABLE,RELIABLE,STATIONARY,MOVING,MOVING,MOVING,MOVING,MOVING,MOVING,MOVING,MOVING
72707,2161,1,WHOLE_BODY,0.12555798,0.00249566,0.01987658,0.01448503,0.03305385,0.03153406,0.01618977,0.03401401,0.01816722,0.02588597,0.01955001,RELIABLE,RELIABLE,RELIABLE,RELIABLE,RELIABLE,RELIABLE,RELIABLE,RELIABLE,MOVING,MOVING,MOVING,MOVING,MOVING,MOVING,MOVING,MOVING,MOVING
72742,2162,1,WHOLE_BODY,0.12639344,0.00446909,0.03535854,0.01739401,0.03942497,0.03673040,0.01738062,0.04103048,0.02124269,0.02677969,0.02000595,RELIABLE,RELIABLE,RELIABLE,RELIABLE,RELIABLE,RELIABLE,RELIABLE,RELIABLE,MOVING,MOVING,MOVING,MOVING,MOVING,MOVING,MOVING,MOVING,MOVING
72770,2163,1,WHOLE_BODY,0.12846566,0.00643922,0.05012408,0.02290572,0.05020093,0.04545531,0.02154948,0.04750692,0.02444414,0.03032803,0.02248733,RELIABLE,RELIABLE,RELIABLE,RELIABLE,RELIABLE,RELIABLE,RELIABLE,RELIABLE,MOVING,MOVING,MOVING,MOVING,MOVING,MOVING,MOVING,MOVING,MOVING
72814,2164,1,WHOLE_BODY,0.12887146,0.00433593,0.03364537,0.02577645,0.05787877,0.05313956,0.02707392,0.05078411,0.02624869,0.03180182,0.02212955,RELIABLE,RELIABLE,RELIABLE,RELIABLE,RELIABLE,RELIABLE,RELIABLE,RELIABLE,MOVING,MOVING,MOVING,MOVING,MOVING,MOVING,MOVING,MOVING,MOVING
72849,2165,1,WHOLE_BODY,0.12808578,0.00541797,0.04229956,0.02964276,0.06656233,0.06112312,0.03558257,0.05453981,0.03000388,0.03296257,0.02618925,RELIABLE,RELIABLE,RELIABLE,RELIABLE,RELIABLE,RELIABLE,RELIABLE,RELIABLE,MOVING,MOVING,MOVING,MOVING,MOVING,MOVING,MOVING,MOVING,MOVING
72881,2166,1,WHOLE_BODY,0.12771357,0.00270899,0.02121142,0.02992819,0.06740572,0.06174303,0.03751409,0.05371445,0.02986169,0.03323558,0.02645959,RELIABLE,RELIABLE,RELIABLE,RELIABLE,RELIABLE,RELIABLE,RELIABLE,RELIABLE,MOVING,MOVING,MOVING,MOVING,MOVING,MOVING,MOVING,MOVING,MOVING
72912,2167,1,WHOLE_BODY,0.12916762,0.00480395,0.03719156,0.03149718,0.07157895,0.06573743,0.04049875,0.05063275,0.02821768,0.02736596,0.02382387,RELIABLE,RELIABLE,RELIABLE,RELIABLE,RELIABLE,RELIABLE,RELIABLE,RELIABLE,MOVING,MOVING,MOVING,MOVING,MOVING,MOVING,MOVING,MOVING,MOVING
72944,2168,1,WHOLE_BODY,0.12759201,0.00598492,0.04690669,0.03582672,0.07965203,0.07493616,0.04491271,0.05221110,0.02906016,0.02574615,0.02320687,RELIABLE,RELIABLE,RELIABLE,RELIABLE,RELIABLE,RELIABLE,RELIABLE,RELIABLE,MOVING,MOVING,MOVING,MOVING,MOVING,MOVING,MOVING,MOVING,MOVING
72975,2169,1,WHOLE_BODY,0.12881422,0.00562017,0.04363002,0.03879590,0.08574546,0.08141150,0.04993016,0.05203407,0.03046616,0.02220868,0.02362629,RELIABLE,RELIABLE,RELIABLE,RELIABLE,RELIABLE,RELIABLE,RELIABLE,RELIABLE,MOVING,MOVING,MOVING,MOVING,MOVING,MOVING,MOVING,MOVING,MOVING
73005,2170,1,WHOLE_BODY,0.12942668,0.00281008,0.02171178,0.03709006,0.08254036,0.07882257,0.05029187,0.04436534,0.02790310,0.02077650,0.02289876,RELIABLE,RELIABLE,RELIABLE,RELIABLE,RELIABLE,RELIABLE,RELIABLE,RELIABLE,MOVING,MOVING,MOVING,MOVING,MOVING,MOVING,MOVING,MOVING,MOVING
73037,2171,1,WHOLE_BODY,0.12936999,0.00421209,0.03255845,0.03489436,0.07845080,0.07650954,0.04948312,0.04089712,0.02713836,0.01811139,0.02262498,RELIABLE,RELIABLE,RELIABLE,RELIABLE,RELIABLE,RELIABLE,RELIABLE,RELIABLE,MOVING,MOVING,MOVING,MOVING,MOVING,MOVING,MOVING,MOVING,MOVING
73069,2172,1,WHOLE_BODY,0.13091820,0.00438477,0.03349242,0.03487524,0.07801374,0.07648041,0.04741557,0.03618498,0.02554824,0.01759419,0.02264943,RELIABLE,RELIABLE,RELIABLE,RELIABLE,RELIABLE,RELIABLE,RELIABLE,RELIABLE,MOVING,MOVING,MOVING,MOVING,MOVING,MOVING,MOVING,MOVING,MOVING
73101,2173,1,WHOLE_BODY,0.13058732,0.00475474,0.03641041,0.03413909,0.07558618,0.07490725,0.04424266,0.03390340,0.02427965,0.01763390,0.01897547,RELIABLE,RELIABLE,RELIABLE,RELIABLE,RELIABLE,RELIABLE,RELIABLE,RELIABLE,MOVING,MOVING,MOVING,MOVING,MOVING,MOVING,MOVING,MOVING,MOVING
73134,2174,1,WHOLE_BODY,0.13174311,0.00344521,0.02615094,0.03475653,0.07659159,0.07598232,0.04406936,0.03488203,0.02479365,0.01807128,0.01831202,RELIABLE,RELIABLE,RELIABLE,RELIABLE,RELIABLE,RELIABLE,RELIABLE,RELIABLE,MOVING,MOVING,MOVING,MOVING,MOVING,MOVING,MOVING,MOVING,MOVING
73182,2175,1,WHOLE_BODY,0.13078813,0.00370091,0.02829698,0.03364471,0.07314974,0.07323328,0.04074655,0.03542076,0.02423864,0.01970762,0.01969287,RELIABLE,RELIABLE,RELIABLE,RELIABLE,RELIABLE,RELIABLE,RELIABLE,RELIABLE,MOVING,MOVING,MOVING,MOVING,MOVING,MOVING,MOVING,MOVING,MOVING
73209,2176,1,WHOLE_BODY,0.13031209,0.00185045,0.01420018,0.02955640,0.06547057,0.06468426,0.03617963,0.03259462,0.02231360,0.01923480,0.01970107,RELIABLE,RELIABLE,RELIABLE,RELIABLE,RELIABLE,RELIABLE,RELIABLE,RELIABLE,MOVING,MOVING,MOVING,MOVING,MOVING,MOVING,MOVING,MOVING,MOVING
73240,2177,1,WHOLE_BODY,0.12962788,0.00103223,0.00796306,0.02509803,0.05502871,0.05562545,0.03266440,0.03053111,0.02133809,0.02120842,0.02130755,RELIABLE,RELIABLE,RELIABLE,RELIABLE,RELIABLE,RELIABLE,RELIABLE,RELIABLE,MOVING,MOVING,MOVING,MOVING,MOVING,MOVING,MOVING,MOVING,MOVING
73272,2178,1,WHOLE_BODY,0.12897628,0.00166012,0.01287149,0.02399299,0.05093545,0.05242381,0.03341323,0.03518890,0.02348069,0.02290649,0.02481768,RELIABLE,RELIABLE,RELIABLE,RELIABLE,RELIABLE,RELIABLE,RELIABLE,RELIABLE,MOVING,MOVING,MOVING,MOVING,MOVING,MOVING,MOVING,MOVING,MOVING
73310,2179,1,WHOLE_BODY,0.12817533,0.00108197,0.00844136,0.02097835,0.04486966,0.04630579,0.03135837,0.03686841,0.02259127,0.02284234,0.02456199,RELIABLE,RELIABLE,RELIABLE,RELIABLE,RELIABLE,RELIABLE,RELIABLE,RELIABLE,MOVING,MOVING,MOVING,MOVING,MOVING,MOVING,MOVING,MOVING,MOVING
73351,2180,1,WHOLE_BODY,0.12778519,0.00054099,0.00423357,0.01732100,0.03651277,0.03688315,0.02765610,0.03624251,0.02135655,0.02151558,0.02400865,RELIABLE,RELIABLE,RELIABLE,RELIABLE,RELIABLE,RELIABLE,RELIABLE,RELIABLE,MOVING,MOVING,MOVING,MOVING,MOVING,MOVING,MOVING,MOVING,MOVING
73383,2181,1,WHOLE_BODY,0.12712045,0.00136523,0.01073968,0.01411216,0.02881139,0.02833578,0.02243851,0.03582518,0.01854258,0.01925262,0.02414143,RELIABLE,RELIABLE,RELIABLE,RELIABLE,RELIABLE,RELIABLE,RELIABLE,RELIABLE,MOVING,MOVING,MOVING,MOVING,MOVING,MOVING,MOVING,MOVING,MOVING
73414,2182,1,WHOLE_BODY,0.12772966,0.00224005,0.01753742,0.01303547,0.02539529,0.02468111,0.02129054,0.03536649,0.01918958,0.02180708,0.02520370,RELIABLE,RELIABLE,RELIABLE,RELIABLE,RELIABLE,RELIABLE,RELIABLE,RELIABLE,MOVING,MOVING,MOVING,MOVING,MOVING,MOVING,MOVING,MOVING,MOVING
73446,2183,1,WHOLE_BODY,0.12622627,0.00164058,0.01299711,0.01112298,0.02014856,0.01955725,0.01867821,0.03656671,0.01755031,0.01998227,0.02292709,RELIABLE,RELIABLE,RELIABLE,RELIABLE,RELIABLE,RELIABLE,RELIABLE,RELIABLE,MOVING,MOVING,MOVING,MOVING,MOVING,MOVING,MOVING,MOVING,MOVING
73477,2184,1,WHOLE_BODY,0.12633358,0.00249816,0.01977432,0.01181975,0.02060487,0.01972669,0.01946561,0.04049958,0.01852813,0.02112553,0.02375787,RELIABLE,RELIABLE,RELIABLE,RELIABLE,RELIABLE,RELIABLE,RELIABLE,RELIABLE,MOVING,MOVING,MOVING,MOVING,MOVING,MOVING,MOVING,MOVING,MOVING
73518,2185,1,WHOLE_BODY,0.12613046,0.00149257,0.01183351,0.01230356,0.02062202,0.01917754,0.01917315,0.04247517,0.01833597,0.02041129,0.02183513,RELIABLE,RELIABLE,RELIABLE,RELIABLE,RELIABLE,RELIABLE,RELIABLE,RELIABLE,MOVING,MOVING,MOVING,MOVING,MOVING,MOVING,MOVING,MOVING,MOVING
73556,2186,1,WHOLE_BODY,0.12602890,0.00074628,0.00592152,0.01143481,0.01953389,0.01760338,0.01653692,0.03778732,0.01561862,0.01935038,0.01817447,RELIABLE,RELIABLE,RELIABLE,RELIABLE,RELIABLE,RELIABLE,RELIABLE,RELIABLE,MOVING,MOVING,MOVING,MOVING,MOVING,MOVING,MOVING,MOVING,MOVING
73588,2187,1,WHOLE_BODY,0.12610502,0.00137649,0.01091543,0.01174407,0.01992440,0.01769649,0.01638592,0.03312329,0.01528333,0.02073272,0.01716428,RELIABLE,RELIABLE,RELIABLE,RELIABLE,RELIABLE,RELIABLE,RELIABLE,RELIABLE,MOVING,MOVING,MOVING,MOVING,MOVING,MOVING,MOVING,MOVING,MOVING
73619,2188,1,WHOLE_BODY,0.12562078,0.00201154,0.01601283,0.01321648,0.02070012,0.01827820,0.01655755,0.03300139,0.01621237,0.02260236,0.01997254,RELIABLE,RELIABLE,RELIABLE,RELIABLE,RELIABLE,RELIABLE,RELIABLE,RELIABLE,MOVING,MOVING,MOVING,MOVING,MOVING,MOVING,MOVING,MOVING,MOVING
73650,2189,1,WHOLE_BODY,0.12488236,0.00149831,0.01199779,0.01337374,0.01929544,0.01806702,0.01754540,0.03274197,0.01806972,0.02396541,0.02171310,RELIABLE,RELIABLE,RELIABLE,RELIABLE,RELIABLE,RELIABLE,RELIABLE,RELIABLE,MOVING,MOVING,MOVING,MOVING,MOVING,MOVING,MOVING,MOVING,MOVING
73681,2190,1,WHOLE_BODY,0.12477656,0.00185189,0.01484161,0.01303677,0.01889977,0.01774122,0.01810554,0.03516191,0.01673197,0.02312217,0.02081643,RELIABLE,RELIABLE,RELIABLE,RELIABLE,RELIABLE,RELIABLE,RELIABLE,RELIABLE,MOVING,MOVING,MOVING,MOVING,MOVING,MOVING,MOVING,MOVING,MOVING
73712,2191,1,WHOLE_BODY,0.12476328,0.00092594,0.00742160,0.01233983,0.01810050,0.01671666,0.01878109,0.03238588,0.01629241,0.02280782,0.02007874,RELIABLE,RELIABLE,RELIABLE,RELIABLE,RELIABLE,RELIABLE,RELIABLE,RELIABLE,MOVING,MOVING,MOVING,MOVING,MOVING,MOVING,MOVING,MOVING,MOVING
73743,2192,1,WHOLE_BODY,0.12401865,0.00080866,0.00652043,0.01068309,0.01424318,0.01362610,0.02286227,0.02943711,0.01508334,0.02119427,0.01884454,RELIABLE,RELIABLE,RELIABLE,RELIABLE,RELIABLE,RELIABLE,RELIABLE,RELIABLE,MOVING,MOVING,MOVING,MOVING,MOVING,MOVING,MOVING,MOVING,MOVING
73775,2193,1,WHOLE_BODY,0.12398209,0.00061238,0.00493925,0.00982131,0.01360390,0.01282561,0.02715156,0.03001835,0.01518173,0.02033949,0.01813364,RELIABLE,RELIABLE,RELIABLE,RELIABLE,RELIABLE,RELIABLE,RELIABLE,RELIABLE,MOVING,MOVING,MOVING,MOVING,MOVING,MOVING,MOVING,MOVING,MOVING
73806,2194,1,WHOLE_BODY,0.12376137,0.00108837,0.00879407,0.01018038,0.01344195,0.01243527,0.03270146,0.03192417,0.01608820,0.02112925,0.01873543,RELIABLE,RELIABLE,RELIABLE,RELIABLE,RELIABLE,RELIABLE,RELIABLE,RELIABLE,MOVING,MOVING,MOVING,MOVING,MOVING,MOVING,MOVING,MOVING,MOVING
73838,2195,1,WHOLE_BODY,0.12367508,0.00054418,0.00440010,0.00936596,0.01134586,0.01077249,0.03415894,0.03251711,0.01530026,0.01937489,0.01788594,RELIABLE,RELIABLE,RELIABLE,RELIABLE,RELIABLE,RELIABLE,RELIABLE,RELIABLE,MOVING,MOVING,MOVING,MOVING,MOVING,MOVING,MOVING,MOVING,MOVING
73869,2196,1,WHOLE_BODY,0.12674705,0.00257035,0.02027936,0.00989928,0.01405789,0.01371728,0.04310147,0.03431611,0.01499865,0.01888158,0.01678855,RELIABLE,RELIABLE,RELIABLE,RELIABLE,RELIABLE,RELIABLE,RELIABLE,RELIABLE,MOVING,MOVING,MOVING,MOVING,MOVING,MOVING,MOVING,MOVING,MOVING
73901,2197,1,WHOLE_BODY,0.12714614,0.00376237,0.02959093,0.01209842,0.01920273,0.01688246,0.05170213,0.03203119,0.01564764,0.02438068,0.01748385,RELIABLE,RELIABLE,RELIABLE,RELIABLE,PARTIAL,RELIABLE,RELIABLE,RELIABLE,MOVING,MOVING,MOVING,MOVING,MOVING,MOVING,MOVING,MOVING,MOVING
73934,2198,1,WHOLE_BODY,0.12942450,0.00146556,0.01132366,0.01165867,0.01904719,0.01593316,0.05771345,0.02898125,0.01610023,0.02267425,0.02105522,RELIABLE,RELIABLE,RELIABLE,RELIABLE,RELIABLE,RELIABLE,RELIABLE,RELIABLE,MOVING,MOVING,MOVING,MOVING,MOVING,MOVING,MOVING,MOVING,MOVING
73966,2199,1,WHOLE_BODY,0.12959409,0.00201307,0.01553362,0.01267268,0.02050337,0.01669060,0.06239342,0.03183811,0.01757072,0.02547059,0.02254727,RELIABLE,RELIABLE,RELIABLE,RELIABLE,RELIABLE,RELIABLE,RELIABLE,RELIABLE,MOVING,MOVING,MOVING,MOVING,MOVING,MOVING,MOVING,MOVING,MOVING
74014,2200,1,WHOLE_BODY,0.13135260,0.00217035,0.01652312,0.01392301,0.02496444,0.02144528,0.06140761,0.03603485,0.01912728,0.02772568,0.02256540,RELIABLE,RELIABLE,RELIABLE,RELIABLE,RELIABLE,RELIABLE,RELIABLE,RELIABLE,MOVING,MOVING,MOVING,MOVING,MOVING,MOVING,MOVING,MOVING,MOVING
74059,2201,1,WHOLE_BODY,0.13223275,0.00108518,0.00820657,0.01433143,0.02578728,0.02310627,0.05736234,0.03428734,0.01821878,0.02670344,0.02166034,RELIABLE,RELIABLE,RELIABLE,RELIABLE,RELIABLE,RELIABLE,RELIABLE,RELIABLE,MOVING,MOVING,MOVING,MOVING,MOVING,MOVING,MOVING,MOVING,MOVING
74090,2202,1,WHOLE_BODY,0.13275439,0.00219377,0.01652501,0.01529780,0.02960942,0.02776870,0.05333295,0.03450667,0.01851957,0.02630305,0.02089947,RELIABLE,RELIABLE,RELIABLE,RELIABLE,PARTIAL,RELIABLE,RELIABLE,RELIABLE,MOVING,MOVING,MOVING,MOVING,MOVING,MOVING,MOVING,MOVING,MOVING
74122,2203,1,WHOLE_BODY,0.13450929,0.00255524,0.01899676,0.01712238,0.03413280,0.03111875,0.05368875,0.03529268,0.01993683,0.02710020,0.02169522,RELIABLE,RELIABLE,RELIABLE,RELIABLE,RELIABLE,RELIABLE,RELIABLE,RELIABLE,MOVING,MOVING,MOVING,MOVING,MOVING,MOVING,MOVING,MOVING,MOVING
74154,2204,1,WHOLE_BODY,0.13536014,0.00356711,0.02635272,0.01788155,0.03626372,0.03407897,0.05144701,0.03490796,0.02208452,0.02702647,0.02223053,RELIABLE,RELIABLE,RELIABLE,RELIABLE,PARTIAL,RELIABLE,RELIABLE,RELIABLE,MOVING,MOVING,MOVING,MOVING,MOVING,MOVING,MOVING,MOVING,MOVING
74185,2205,1,WHOLE_BODY,0.13784535,0.00290730,0.02109105,0.01681906,0.03690789,0.03637178,0.04582584,0.03936767,0.02321623,0.02293168,0.02411396,RELIABLE,RELIABLE,RELIABLE,RELIABLE,RELIABLE,RELIABLE,PARTIAL,RELIABLE,MOVING,MOVING,MOVING,MOVING,MOVING,MOVING,MOVING,MOVING,MOVING
74217,2206,1,WHOLE_BODY,0.13908851,0.00145365,0.01045127,0.01671002,0.03694998,0.03774056,0.03832551,0.03890929,0.02268994,0.02273953,0.02139214,RELIABLE,RELIABLE,RELIABLE,RELIABLE,RELIABLE,RELIABLE,PARTIAL,RELIABLE,MOVING,MOVING,MOVING,MOVING,MOVING,MOVING,MOVING,MOVING,MOVING
74249,2207,1,WHOLE_BODY,0.13954077,0.00360682,0.02584780,0.01799929,0.03950923,0.04050088,0.03617862,0.03799471,0.02478744,0.02142593,0.02416556,RELIABLE,RELIABLE,RELIABLE,RELIABLE,RELIABLE,RELIABLE,RELIABLE,RELIABLE,MOVING,MOVING,MOVING,MOVING,MOVING,MOVING,MOVING,MOVING,MOVING
74280,2208,1,WHOLE_BODY,0.13916464,0.00297097,0.02134857,0.01860247,0.04223376,0.04233103,0.04216417,0.03959450,0.02739787,0.02670139,0.02855949,RELIABLE,RELIABLE,RELIABLE,RELIABLE,RELIABLE,RELIABLE,RELIABLE,RELIABLE,MOVING,MOVING,MOVING,MOVING,MOVING,MOVING,MOVING,MOVING,MOVING
74312,2209,1,WHOLE_BODY,0.13797484,0.00341976,0.02478541,0.02067483,0.04803058,0.04769586,0.05230528,0.04631946,0.03138337,0.03363887,0.03061924,RELIABLE,RELIABLE,RELIABLE,RELIABLE,RELIABLE,RELIABLE,RELIABLE,RELIABLE,MOVING,MOVING,MOVING,MOVING,MOVING,MOVING,MOVING,MOVING,MOVING
74343,2210,1,WHOLE_BODY,0.13873839,0.00482390,0.03476976,0.02295542,0.05371496,0.05272861,0.05985018,0.05311320,0.03645958,0.03812486,0.03626015,RELIABLE,RELIABLE,RELIABLE,RELIABLE,RELIABLE,RELIABLE,RELIABLE,RELIABLE,MOVING,MOVING,MOVING,MOVING,MOVING,MOVING,MOVING,MOVING,MOVING
74382,2211,1,WHOLE_BODY,0.14302275,0.00690911,0.04830777,0.02661930,0.06072747,0.06195929,0.06514058,0.06381004,0.04107951,0.04553177,0.03896935,RELIABLE,RELIABLE,RELIABLE,RELIABLE,RELIABLE,RELIABLE,RELIABLE,RELIABLE,MOVING,MOVING,MOVING,MOVING,MOVING,MOVING,MOVING,MOVING,MOVING
74422,2212,1,WHOLE_BODY,0.14521218,0.00345456,0.02378971,0.02629892,0.05992994,0.06087816,0.06167267,0.06611089,0.04070483,0.04807063,0.03750822,RELIABLE,RELIABLE,RELIABLE,RELIABLE,RELIABLE,RELIABLE,RELIABLE,RELIABLE,MOVING,MOVING,MOVING,MOVING,MOVING,MOVING,MOVING,MOVING,MOVING
74454,2213,1,WHOLE_BODY,0.14504136,0.00365487,0.02519884,0.02681239,0.05925432,0.06019602,0.06097922,0.06873766,0.04116120,0.05126471,0.03508824,RELIABLE,RELIABLE,RELIABLE,RELIABLE,RELIABLE,RELIABLE,RELIABLE,RELIABLE,MOVING,MOVING,MOVING,MOVING,MOVING,MOVING,MOVING,MOVING,MOVING
74486,2214,1,WHOLE_BODY,0.14515911,0.00318078,0.02191238,0.02824503,0.06235303,0.06369416,0.06321193,0.07872290,0.04796058,0.05776269,0.03937948,RELIABLE,RELIABLE,RELIABLE,RELIABLE,RELIABLE,RELIABLE,RELIABLE,RELIABLE,MOVING,MOVING,MOVING,MOVING,MOVING,MOVING,MOVING,MOVING,MOVING
74517,2215,1,WHOLE_BODY,0.14694196,0.00278397,0.01894604,0.02738231,0.06128380,0.06405612,0.06253477,0.08955253,0.05040361,0.06059501,0.03991256,RELIABLE,RELIABLE,RELIABLE,RELIABLE,RELIABLE,RELIABLE,RELIABLE,RELIABLE,MOVING,MOVING,MOVING,MOVING,MOVING,MOVING,MOVING,MOVING,MOVING
74549,2216,1,WHOLE_BODY,0.14786012,0.00139198,0.00941420,0.02589051,0.05592080,0.05922717,0.05260643,0.08831133,0.04840564,0.05459602,0.03676980,RELIABLE,RELIABLE,RELIABLE,RELIABLE,RELIABLE,RELIABLE,RELIABLE,RELIABLE,MOVING,MOVING,MOVING,MOVING,MOVING,MOVING,MOVING,MOVING,MOVING
74580,2217,1,WHOLE_BODY,0.14810641,0.00339118,0.02289695,0.02565445,0.05291830,,0.04308063,0.08845777,0.04786067,0.05022179,0.03638572,PARTIAL,RELIABLE,UNRELIABLE,RELIABLE,RELIABLE,RELIABLE,RELIABLE,RELIABLE,MOVING,MOVING,UNCERTAIN,MOVING,MOVING,MOVING,MOVING,MOVING,MOVING
74612,2218,1,WHOLE_BODY,0.26235921,0.01351558,0.05151556,0.02774768,,,0.07780472,0.12272484,0.06533203,0.06326156,0.04802107,PARTIAL,UNRELIABLE,UNRELIABLE,RELIABLE,RELIABLE,RELIABLE,RELIABLE,RELIABLE,MOVING,UNCERTAIN,UNCERTAIN,MOVING,MOVING,MOVING,MOVING,MOVING,MOVING
74643,2219,1,WHOLE_BODY,0.07249325,0.01312888,0.18110485,0.04434731,,,0.16206648,0.20290972,0.11453318,0.10926350,0.09163427,PARTIAL,UNRELIABLE,UNRELIABLE,PARTIAL,RELIABLE,RELIABLE,RELIABLE,RELIABLE,MOVING,UNCERTAIN,UNCERTAIN,MOVING,MOVING,MOVING,MOVING,MOVING,MOVING
74674,2220,1,WHOLE_BODY,0.11035366,0.00656444,0.05948548,0.04880929,,,0.18825123,0.22700447,0.12953550,0.12280810,0.10523375,PARTIAL,UNRELIABLE,UNRELIABLE,PARTIAL,RELIABLE,RELIABLE,RELIABLE,RELIABLE,MOVING,UNCERTAIN,UNCERTAIN,MOVING,MOVING,MOVING,MOVING,MOVING,MOVING
74718,2221,1,WHOLE_BODY,0.13284871,0.00627034,0.04719910,0.05155932,,,0.20080171,0.23329579,0.13616290,0.12406284,0.12936226,PARTIAL,UNRELIABLE,UNRELIABLE,PARTIAL,RELIABLE,RELIABLE,RELIABLE,RELIABLE,MOVING,UNCERTAIN,UNCERTAIN,MOVING,MOVING,MOVING,MOVING,MOVING,MOVING
74753,2222,1,WHOLE_BODY,0.14409747,0.00313517,0.02175728,0.05153993,,,0.20384738,0.22733915,0.13246830,0.11948255,0.13485362,PARTIAL,UNRELIABLE,UNRELIABLE,PARTIAL,RELIABLE,RELIABLE,RELIABLE,RELIABLE,MOVING,UNCERTAIN,UNCERTAIN,MOVING,MOVING,MOVING,MOVING,MOVING,MOVING
74784,2223,1,WHOLE_BODY,0.15092740,,,,,,0.20511806,0.21946029,0.13182702,0.11733729,0.13448102,UNRELIABLE,UNRELIABLE,UNRELIABLE,PARTIAL,RELIABLE,RELIABLE,RELIABLE,RELIABLE,UNCERTAIN,UNCERTAIN,UNCERTAIN,MOVING,MOVING,MOVING,MOVING,MOVING,MOVING
74816,2224,1,WHOLE_BODY,0.15396125,,,,,,0.20910869,0.21912293,0.13475413,0.11988290,0.14142824,UNRELIABLE,UNRELIABLE,UNRELIABLE,PARTIAL,RELIABLE,RELIABLE,RELIABLE,RELIABLE,UNCERTAIN,UNCERTAIN,UNCERTAIN,MOVING,MOVING,MOVING,MOVING,MOVING,MOVING
74848,2225,1,WHOLE_BODY,0.15572869,,,,,,0.21639669,0.21958331,0.13733057,0.12020956,0.14609842,UNRELIABLE,UNRELIABLE,UNRELIABLE,RELIABLE,RELIABLE,RELIABLE,RELIABLE,RELIABLE,UNCERTAIN,UNCERTAIN,UNCERTAIN,MOVING,MOVING,MOVING,MOVING,MOVING,MOVING
74878,2226,1,WHOLE_BODY,0.15662183,,,,,,0.17691006,0.17944644,0.11615690,0.10278573,0.13132466,UNRELIABLE,UNRELIABLE,UNRELIABLE,RELIABLE,RELIABLE,RELIABLE,RELIABLE,RELIABLE,UNCERTAIN,UNCERTAIN,UNCERTAIN,MOVING,MOVING,MOVING,MOVING,MOVING,MOVING
74911,2227,1,WHOLE_BODY,0.15025041,,,,,,0.09249986,0.09199188,0.06764602,0.05680830,0.10974110,UNRELIABLE,UNRELIABLE,UNRELIABLE,RELIABLE,RELIABLE,RELIABLE,RELIABLE,RELIABLE,UNCERTAIN,UNCERTAIN,UNCERTAIN,MOVING,MOVING,MOVING,MOVING,MOVING,MOVING
74941,2228,1,WHOLE_BODY,0.14112703,,,,,,0.07237240,0.07409046,0.06332465,0.06270713,0.11100346,UNRELIABLE,UNRELIABLE,UNRELIABLE,RELIABLE,PARTIAL,RELIABLE,RELIABLE,RELIABLE,UNCERTAIN,UNCERTAIN,UNCERTAIN,MOVING,MOVING,MOVING,MOVING,MOVING,MOVING
74973,2229,1,WHOLE_BODY,0.14501975,,,,,,0.06219229,0.07625094,0.06446640,0.07217373,0.10585243,UNRELIABLE,UNRELIABLE,UNRELIABLE,PARTIAL,PARTIAL,RELIABLE,RELIABLE,RELIABLE,UNCERTAIN,UNCERTAIN,UNCERTAIN,MOVING,MOVING,MOVING,MOVING,MOVING,MOVING
75006,2230,1,WHOLE_BODY,0.09506428,,,,,,,0.11101246,0.08596356,0.08624837,0.14260499,UNRELIABLE,UNRELIABLE,UNRELIABLE,UNRELIABLE,PARTIAL,RELIABLE,RELIABLE,RELIABLE,UNCERTAIN,UNCERTAIN,UNCERTAIN,UNCERTAIN,MOVING,MOVING,MOVING,MOVING,MOVING
75036,2231,1,WHOLE_BODY,0.07009051,,,,,,,0.13120834,0.09765096,0.09431424,0.17073469,UNRELIABLE,UNRELIABLE,UNRELIABLE,UNRELIABLE,PARTIAL,RELIABLE,RELIABLE,RELIABLE,UNCERTAIN,UNCERTAIN,UNCERTAIN,UNCERTAIN,MOVING,MOVING,MOVING,MOVING,MOVING
75068,2232,1,WHOLE_BODY,0.11055526,,,,,,,0.16838934,0.11827343,0.10646633,0.21000996,UNRELIABLE,UNRELIABLE,UNRELIABLE,PARTIAL,PARTIAL,RELIABLE,RELIABLE,RELIABLE,UNCERTAIN,UNCERTAIN,UNCERTAIN,UNCERTAIN,MOVING,MOVING,MOVING,MOVING,MOVING
75099,2233,1,WHOLE_BODY,0.11614041,,,,,,,,0.12290168,0.11581291,0.23022081,UNRELIABLE,UNRELIABLE,UNRELIABLE,UNRELIABLE,UNRELIABLE,RELIABLE,RELIABLE,RELIABLE,UNCERTAIN,UNCERTAIN,UNCERTAIN,UNCERTAIN,UNCERTAIN,MOVING,MOVING,MOVING,MOVING
75133,2234,1,WHOLE_BODY,0.28806732,,,,,,,,0.13537475,0.11944167,0.23461356,UNRELIABLE,UNRELIABLE,UNRELIABLE,UNRELIABLE,UNRELIABLE,RELIABLE,RELIABLE,RELIABLE,UNCERTAIN,UNCERTAIN,UNCERTAIN,UNCERTAIN,UNCERTAIN,MOVING,MOVING,MOVING,MOVING
75166,2235,1,WHOLE_BODY,0.28106553,,,,,,,,0.13582529,0.11931066,0.21504859,UNRELIABLE,UNRELIABLE,UNRELIABLE,UNRELIABLE,UNRELIABLE,PARTIAL,RELIABLE,RELIABLE,UNCERTAIN,UNCERTAIN,UNCERTAIN,UNCERTAIN,UNCERTAIN,MOVING,MOVING,MOVING,MOVING
75214,2236,1,WHOLE_BODY,,,,,,,,,,,,UNRELIABLE,UNRELIABLE,UNRELIABLE,UNRELIABLE,UNRELIABLE,PARTIAL,RELIABLE,RELIABLE,UNCERTAIN,UNCERTAIN,UNCERTAIN,UNCERTAIN,UNCERTAIN,UNCERTAIN,UNCERTAIN,UNCERTAIN,UNCERTAIN
75241,2237,1,WHOLE_BODY,,,,,,,,,,,,UNRELIABLE,UNRELIABLE,UNRELIABLE,UNRELIABLE,UNRELIABLE,PARTIAL,RELIABLE,RELIABLE,UNCERTAIN,UNCERTAIN,UNCERTAIN,UNCERTAIN,UNCERTAIN,UNCERTAIN,UNCERTAIN,UNCERTAIN,UNCERTAIN
75273,2238,2,NO TRIAL,,,,,,,,,,,,UNRELIABLE,UNRELIABLE,UNRELIABLE,PARTIAL,UNRELIABLE,PARTIAL,RELIABLE,RELIABLE,UNCERTAIN,UNCERTAIN,UNCERTAIN,UNCERTAIN,UNCERTAIN,UNCERTAIN,UNCERTAIN,UNCERTAIN,UNCERTAIN
75306,2239,2,NO TRIAL,0.29039133,,,,,,,,,,,UNRELIABLE,UNRELIABLE,UNRELIABLE,UNRELIABLE,UNRELIABLE,PARTIAL,RELIABLE,UNRELIABLE,UNCERTAIN,UNCERTAIN,UNCERTAIN,UNCERTAIN,UNCERTAIN,UNCERTAIN,UNCERTAIN,UNCERTAIN,UNCERTAIN
75414,2242,2,NO TRIAL,0.09071540,,,,,,,,0.27162577,0.20626028,,UNRELIABLE,UNRELIABLE,UNRELIABLE,PARTIAL,PARTIAL,RELIABLE,PARTIAL,UNRELIABLE,UNCERTAIN,UNCERTAIN,UNCERTAIN,UNCERTAIN,UNCERTAIN,STATIONARY,STATIONARY,UNCERTAIN,STATIONARY
75446,2243,2,NO TRIAL,0.05235169,,,,,,0.30690375,,0.23499561,0.18730026,,UNRELIABLE,UNRELIABLE,UNRELIABLE,PARTIAL,UNRELIABLE,PARTIAL,RELIABLE,UNRELIABLE,UNCERTAIN,UNCERTAIN,UNCERTAIN,STATIONARY,UNCERTAIN,STATIONARY,STATIONARY,UNCERTAIN,STATIONARY
75477,2244,2,NO TRIAL,0.12622459,,,,,,0.22852155,,0.19109222,0.18488833,,UNRELIABLE,UNRELIABLE,UNRELIABLE,PARTIAL,PARTIAL,RELIABLE,RELIABLE,RELIABLE,UNCERTAIN,UNCERTAIN,UNCERTAIN,STATIONARY,UNCERTAIN,MOVING,MOVING,UNCERTAIN,MOVING
75508,2245,2,NO TRIAL,0.28197961,,,,,,,0.29542489,0.18159533,0.16662357,,UNRELIABLE,UNRELIABLE,UNRELIABLE,PARTIAL,RELIABLE,PARTIAL,RELIABLE,UNRELIABLE,UNCERTAIN,UNCERTAIN,UNCERTAIN,UNCERTAIN,STATIONARY,MOVING,MOVING,UNCERTAIN,MOVING
75550,2246,2,NO TRIAL,0.11118040,,,,,,0.58154632,0.40343357,0.19975260,0.20346124,,UNRELIABLE,UNRELIABLE,UNRELIABLE,RELIABLE,RELIABLE,RELIABLE,RELIABLE,RELIABLE,UNCERTAIN,UNCERTAIN,UNCERTAIN,STATIONARY,STATIONARY,MOVING,MOVING,UNCERTAIN,MOVING
75587,2247,2,NO TRIAL,0.13036569,,,,,,0.36779424,0.34161283,0.18173478,0.18872275,0.08060610,UNRELIABLE,UNRELIABLE,UNRELIABLE,RELIABLE,RELIABLE,RELIABLE,RELIABLE,RELIABLE,UNCERTAIN,UNCERTAIN,UNCERTAIN,STATIONARY,MOVING,MOVING,MOVING,STATIONARY,MOVING
75617,2248,2,NO TRIAL,0.29437354,,,,,,,0.30866573,0.17055189,0.17600516,,UNRELIABLE,UNRELIABLE,UNRELIABLE,UNRELIABLE,PARTIAL,PARTIAL,PARTIAL,UNRELIABLE,UNCERTAIN,UNCERTAIN,UNCERTAIN,UNCERTAIN,MOVING,MOVING,MOVING,UNCERTAIN,MOVING
75649,2249,2,NO TRIAL,0.09191432,,,,,,,0.33894412,0.18660941,0.19630993,,UNRELIABLE,UNRELIABLE,UNRELIABLE,RELIABLE,RELIABLE,RELIABLE,RELIABLE,RELIABLE,UNCERTAIN,UNCERTAIN,UNCERTAIN,UNCERTAIN,MOVING,MOVING,MOVING,UNCERTAIN,MOVING
75681,2250,2,NO TRIAL,0.12345852,,,,,,0.18564401,0.31079824,0.17147490,0.19167243,0.21566047,UNRELIABLE,UNRELIABLE,UNRELIABLE,RELIABLE,RELIABLE,RELIABLE,RELIABLE,RELIABLE,UNCERTAIN,UNCERTAIN,UNCERTAIN,STATIONARY,MOVING,MOVING,MOVING,STATIONARY,MOVING
75711,2251,2,NO TRIAL,0.13981988,,,,,,0.18035963,0.27830293,0.15744988,0.18122003,0.16430768,UNRELIABLE,UNRELIABLE,UNRELIABLE,PARTIAL,RELIABLE,RELIABLE,RELIABLE,RELIABLE,UNCERTAIN,UNCERTAIN,UNCERTAIN,STATIONARY,MOVING,MOVING,MOVING,STATIONARY,MOVING
75743,2252,2,NO TRIAL,0.14808228,,,,,,0.14779087,0.24843266,0.14962405,0.16371158,0.12731386,UNRELIABLE,UNRELIABLE,UNRELIABLE,PARTIAL,RELIABLE,RELIABLE,RELIABLE,RELIABLE,UNCERTAIN,UNCERTAIN,UNCERTAIN,MOVING,MOVING,MOVING,MOVING,MOVING,MOVING
75774,2253,2,NO TRIAL,0.15430498,,,,,,0.13446883,0.22208624,0.13760621,0.15556102,0.10485378,UNRELIABLE,UNRELIABLE,UNRELIABLE,PARTIAL,RELIABLE,RELIABLE,RELIABLE,RELIABLE,UNCERTAIN,UNCERTAIN,UNCERTAIN,MOVING,MOVING,MOVING,MOVING,MOVING,MOVING
75806,2254,2,NO TRIAL,0.15815818,,,,,,0.12405358,0.16990100,0.11277773,0.11860234,0.09486021,UNRELIABLE,UNRELIABLE,UNRELIABLE,PARTIAL,RELIABLE,RELIABLE,RELIABLE,RELIABLE,UNCERTAIN,UNCERTAIN,UNCERTAIN,MOVING,MOVING,MOVING,MOVING,MOVING,MOVING
75838,2255,2,NO TRIAL,0.15699751,,,,,,0.11518904,0.15446801,0.10846184,0.10787965,0.08417976,UNRELIABLE,UNRELIABLE,UNRELIABLE,PARTIAL,RELIABLE,RELIABLE,RELIABLE,RELIABLE,UNCERTAIN,UNCERTAIN,UNCERTAIN,MOVING,MOVING,MOVING,MOVING,MOVING,MOVING
75868,2256,2,NO TRIAL,0.15641803,,,,,,0.10381409,0.13416855,0.09911315,0.09725201,0.07436062,UNRELIABLE,UNRELIABLE,UNRELIABLE,PARTIAL,RELIABLE,RELIABLE,RELIABLE,RELIABLE,UNCERTAIN,UNCERTAIN,UNCERTAIN,MOVING,MOVING,MOVING,MOVING,MOVING,MOVING
75918,2257,2,NO TRIAL,0.15145723,,,,,,0.10125751,0.08872591,0.06975171,0.06218117,0.06981398,UNRELIABLE,UNRELIABLE,UNRELIABLE,PARTIAL,RELIABLE,RELIABLE,RELIABLE,PARTIAL,UNCERTAIN,UNCERTAIN,UNCERTAIN,MOVING,MOVING,MOVING,MOVING,MOVING,MOVING
75947,2258,2,NO TRIAL,0.14902803,,,,,,0.08334703,0.07359791,0.05500584,0.04471238,0.04526935,UNRELIABLE,UNRELIABLE,UNRELIABLE,PARTIAL,RELIABLE,RELIABLE,RELIABLE,PARTIAL,UNCERTAIN,UNCERTAIN,UNCERTAIN,MOVING,MOVING,MOVING,MOVING,MOVING,MOVING
75980,2259,2,NO TRIAL,0.14966947,,,,,,0.06748990,0.06750827,0.04916386,0.04203360,0.04409449,UNRELIABLE,UNRELIABLE,UNRELIABLE,RELIABLE,RELIABLE,RELIABLE,RELIABLE,RELIABLE,UNCERTAIN,UNCERTAIN,UNCERTAIN,MOVING,MOVING,MOVING,MOVING,MOVING,MOVING
76012,2260,2,NO TRIAL,0.14562071,,,,,,0.06966208,0.06793483,0.04881604,0.04178278,0.04412659,PARTIAL,UNRELIABLE,UNRELIABLE,RELIABLE,RELIABLE,RELIABLE,RELIABLE,RELIABLE,UNCERTAIN,UNCERTAIN,UNCERTAIN,MOVING,MOVING,MOVING,MOVING,MOVING,MOVING
76045,2261,2,NO TRIAL,0.11476921,0.00795480,0.06931127,0.06931127,,,0.07418547,0.08256790,0.05920743,0.04844594,,PARTIAL,UNRELIABLE,UNRELIABLE,RELIABLE,RELIABLE,RELIABLE,RELIABLE,UNRELIABLE,STATIONARY,UNCERTAIN,UNCERTAIN,MOVING,MOVING,MOVING,MOVING,UNCERTAIN,MOVING
76074,2262,2,NO TRIAL,0.09936486,0.00397740,0.04002824,0.05466975,,,0.07332080,0.08538474,0.06010142,0.04876701,,PARTIAL,UNRELIABLE,UNRELIABLE,RELIABLE,RELIABLE,RELIABLE,RELIABLE,UNRELIABLE,STATIONARY,UNCERTAIN,UNCERTAIN,MOVING,MOVING,MOVING,MOVING,UNCERTAIN,MOVING
76106,2263,2,NO TRIAL,0.05553526,0.00535896,0.09649658,0.06861203,,,0.14963110,0.11235622,0.08044996,0.06377080,,RELIABLE,RELIABLE,RELIABLE,RELIABLE,PARTIAL,RELIABLE,RELIABLE,UNRELIABLE,MOVING,UNCERTAIN,UNCERTAIN,MOVING,MOVING,MOVING,MOVING,UNCERTAIN,MOVING
76138,2264,2,NO TRIAL,0.25752203,0.01366525,0.05306441,0.06472512,,,0.17754647,0.13426663,0.09579297,0.08340989,,PARTIAL,UNRELIABLE,UNRELIABLE,RELIABLE,RELIABLE,RELIABLE,RELIABLE,RELIABLE,MOVING,UNCERTAIN,UNCERTAIN,MOVING,MOVING,MOVING,MOVING,UNCERTAIN,MOVING
76174,2265,2,NO TRIAL,0.09469922,0.00657885,0.06947102,0.06567430,,,0.21121030,0.16815123,0.11587383,0.10421752,0.27044070,PARTIAL,UNRELIABLE,UNRELIABLE,RELIABLE,RELIABLE,RELIABLE,RELIABLE,RELIABLE,MOVING,UNCERTAIN,UNCERTAIN,MOVING,MOVING,MOVING,MOVING,STATIONARY,MOVING
76200,2266,2,NO TRIAL,0.11964480,0.00330472,0.02762111,0.05933210,,,0.22336159,0.18020507,0.12291998,0.11163901,0.18873401,PARTIAL,UNRELIABLE,RELIABLE,RELIABLE,RELIABLE,RELIABLE,RELIABLE,RELIABLE,MOVING,UNCERTAIN,UNCERTAIN,MOVING,MOVING,MOVING,MOVING,STATIONARY,MOVING
76232,2267,2,NO TRIAL,0.13248341,0.00461399,0.03482694,0.05583137,,0.07210434,0.22785818,0.18697736,0.12882548,0.11619953,0.15571005,RELIABLE,RELIABLE,RELIABLE,RELIABLE,RELIABLE,RELIABLE,RELIABLE,RELIABLE,MOVING,UNCERTAIN,STATIONARY,MOVING,MOVING,MOVING,MOVING,MOVING,MOVING
76263,2268,2,NO TRIAL,0.13853172,0.00332915,0.02403167,0.05185640,0.03401630,0.05491282,0.22455073,0.18896597,0.13141433,0.11640786,0.13000301,RELIABLE,RELIABLE,RELIABLE,RELIABLE,RELIABLE,RELIABLE,RELIABLE,RELIABLE,MOVING,STATIONARY,STATIONARY,MOVING,MOVING,MOVING,MOVING,MOVING,MOVING
76295,2269,2,NO TRIAL,0.14062926,0.00534037,0.03797483,0.04793935,0.04066887,0.05615320,0.21759372,0.17076128,0.12239498,0.11437262,0.11968806,RELIABLE,RELIABLE,RELIABLE,RELIABLE,RELIABLE,RELIABLE,RELIABLE,RELIABLE,MOVING,STATIONARY,MOVING,MOVING,MOVING,MOVING,MOVING,MOVING,MOVING
76334,2270,2,NO TRIAL,0.14099340,0.00451283,0.03200741,0.04693675,0.05025844,0.06176935,0.21923410,0.16170412,0.11671602,0.11141701,0.11112045,RELIABLE,RELIABLE,RELIABLE,RELIABLE,RELIABLE,RELIABLE,RELIABLE,RELIABLE,MOVING,MOVING,MOVING,MOVING,MOVING,MOVING,MOVING,MOVING,MOVING
76381,2271,2,NO TRIAL,0.13994714,0.00529038,0.03780271,0.03960001,0.05922773,0.06649483,0.14493091,0.13233692,0.09396068,0.10288874,0.10068469,RELIABLE,RELIABLE,RELIABLE,RELIABLE,RELIABLE,RELIABLE,RELIABLE,RELIABLE,MOVING,MOVING,MOVING,MOVING,MOVING,MOVING,MOVING,MOVING,MOVING
76421,2272,2,NO TRIAL,0.13943918,0.00264519,0.01897021,0.03533824,0.05602712,0.06255468,0.11802246,0.10922392,0.07740967,0.08649910,0.09048716,RELIABLE,RELIABLE,RELIABLE,RELIABLE,RELIABLE,RELIABLE,RELIABLE,RELIABLE,MOVING,MOVING,MOVING,MOVING,MOVING,MOVING,MOVING,MOVING,MOVING
76453,2273,2,NO TRIAL,0.13763020,0.00415512,0.03019046,0.03042817,0.05809979,0.06339395,0.07816802,0.06891881,0.05556123,0.06421621,0.06467271,RELIABLE,RELIABLE,RELIABLE,RELIABLE,RELIABLE,RELIABLE,PARTIAL,RELIABLE,MOVING,MOVING,MOVING,MOVING,MOVING,MOVING,MOVING,MOVING,MOVING
76485,2274,2,NO TRIAL,0.13671159,0.00338323,0.02474717,0.03006893,0.05893550,0.06295094,0.06885530,0.05578675,0.05103982,0.05861197,0.05925134,RELIABLE,RELIABLE,RELIABLE,RELIABLE,RELIABLE,RELIABLE,RELIABLE,RELIABLE,MOVING,MOVING,MOVING,MOVING,MOVING,MOVING,MOVING,MOVING,MOVING
76517,2275,2,NO TRIAL,0.13570637,0.00502229,0.03700848,0.03034162,0.06081343,0.06317358,0.06449350,0.04937585,0.04656114,0.05090790,0.05084441,RELIABLE,RELIABLE,RELIABLE,RELIABLE,RELIABLE,RELIABLE,RELIABLE,RELIABLE,MOVING,MOVING,MOVING,MOVING,MOVING,MOVING,MOVING,MOVING,MOVING
76549,2276,2,NO TRIAL,0.13357409,0.00369825,0.02768692,0.03079852,0.06485770,0.06725298,0.06524270,0.04740961,0.04496517,0.04809401,0.05047733,RELIABLE,RELIABLE,RELIABLE,RELIABLE,RELIABLE,RELIABLE,RELIABLE,RELIABLE,MOVING,MOVING,MOVING,MOVING,MOVING,MOVING,MOVING,MOVING,MOVING
76581,2277,2,NO TRIAL,0.13260080,0.00184913,0.01394507,0.02779481,0.06312113,0.06435330,0.06087278,0.04310250,0.03935886,0.03871749,0.04381829,RELIABLE,RELIABLE,RELIABLE,RELIABLE,RELIABLE,RELIABLE,RELIABLE,RELIABLE,MOVING,MOVING,MOVING,MOVING,MOVING,MOVING,MOVING,MOVING,MOVING
76611,2278,2,NO TRIAL,0.13104969,0.00373551,0.02850455,0.02735695,0.06334081,0.06244776,0.05786947,0.04317806,0.04082372,0.03907658,0.03899318,RELIABLE,RELIABLE,RELIABLE,RELIABLE,RELIABLE,RELIABLE,RELIABLE,RELIABLE,MOVING,MOVING,MOVING,MOVING,MOVING,MOVING,MOVING,MOVING,MOVING
76642,2279,2,NO TRIAL,0.13037965,0.00329463,0.02526951,0.02579030,0.06089589,0.05961938,0.05517114,0.03779909,0.04131224,0.03234063,0.03713359,RELIABLE,RELIABLE,RELIABLE,RELIABLE,RELIABLE,RELIABLE,RELIABLE,RELIABLE,MOVING,MOVING,MOVING,MOVING,MOVING,MOVING,MOVING,MOVING,MOVING
76672,2280,2,NO TRIAL,0.13095754,0.00320804,0.02449683,0.02648112,0.06274342,0.06100676,0.06376428,0.03774860,0.04449708,0.03218223,0.03981757,RELIABLE,RELIABLE,RELIABLE,RELIABLE,RELIABLE,RELIABLE,PARTIAL,RELIABLE,MOVING,MOVING,MOVING,MOVING,MOVING,MOVING,MOVING,MOVING,MOVING
76704,2281,2,NO TRIAL,0.12977675,0.00335547,0.02585569,0.02593928,0.06197981,0.05956344,0.07515776,0.03739738,0.04365314,0.03455875,0.03784110,RELIABLE,RELIABLE,RELIABLE,RELIABLE,RELIABLE,RELIABLE,RELIABLE,RELIABLE,MOVING,MOVING,MOVING,MOVING,MOVING,MOVING,MOVING,MOVING,MOVING
76750,2282,2,NO TRIAL,0.12748057,0.00266544,0.02090864,0.02545946,0.05948984,0.05706745,0.08226768,0.03957755,0.04158985,0.03252850,0.03359124,RELIABLE,RELIABLE,RELIABLE,RELIABLE,RELIABLE,RELIABLE,RELIABLE,RELIABLE,MOVING,MOVING,MOVING,MOVING,MOVING,MOVING,MOVING,MOVING,MOVING
76784,2283,2,NO TRIAL,0.12642192,0.00133272,0.01054186,0.02215113,0.05301989,0.05034526,0.08379119,0.03853598,0.03752049,0.02950685,0.03265953,RELIABLE,RELIABLE,RELIABLE,RELIABLE,RELIABLE,RELIABLE,RELIABLE,RELIABLE,MOVING,MOVING,MOVING,MOVING,MOVING,MOVING,MOVING,MOVING,MOVING
76816,2284,2,NO TRIAL,0.12541295,0.00191243,0.01524907,0.02059640,0.04787886,0.04424393,0.08205247,0.03778022,0.03334933,0.02957589,0.02966792,RELIABLE,RELIABLE,RELIABLE,RELIABLE,RELIABLE,RELIABLE,RELIABLE,RELIABLE,MOVING,MOVING,MOVING,MOVING,MOVING,MOVING,MOVING,MOVING,MOVING
76848,2285,2,NO TRIAL,0.12472646,0.00238615,0.01913104,0.02124465,0.04810726,0.04373328,0.08811324,0.04040772,0.03413584,0.03471097,0.02952465,RELIABLE,RELIABLE,RELIABLE,RELIABLE,RELIABLE,RELIABLE,RELIABLE,RELIABLE,MOVING,MOVING,MOVING,MOVING,MOVING,MOVING,MOVING,MOVING,MOVING
76880,2286,2,NO TRIAL,0.12294905,0.00365483,0.02972635,0.02139737,0.04557084,0.04162606,0.08998556,0.03881580,0.03430171,0.04171690,0.03163348,RELIABLE,RELIABLE,RELIABLE,RELIABLE,RELIABLE,RELIABLE,RELIABLE,RELIABLE,MOVING,MOVING,MOVING,MOVING,MOVING,MOVING,MOVING,MOVING,MOVING
76911,2287,2,NO TRIAL,0.12208040,0.00182741,0.01496893,0.02010980,0.04045293,0.03670776,0.08682575,0.03678542,0.03213423,0.04417422,0.03166451,RELIABLE,RELIABLE,RELIABLE,RELIABLE,RELIABLE,RELIABLE,RELIABLE,RELIABLE,MOVING,MOVING,MOVING,MOVING,MOVING,MOVING,MOVING,MOVING,MOVING
76943,2288,2,NO TRIAL,0.12074167,0.00163962,0.01357957,0.01874514,0.03684907,0.03331966,0.07964659,0.03396508,0.03207635,0.04560033,0.03393225,RELIABLE,RELIABLE,RELIABLE,RELIABLE,RELIABLE,RELIABLE,RELIABLE,RELIABLE,MOVING,MOVING,MOVING,MOVING,MOVING,MOVING,MOVING,MOVING,MOVING
76974,2289,2,NO TRIAL,0.12109453,0.00213491,0.01763009,0.01771694,0.03337646,0.03055855,0.06939805,0.03101351,0.03144315,0.04306484,0.03233619,RELIABLE,RELIABLE,RELIABLE,RELIABLE,RELIABLE,RELIABLE,RELIABLE,RELIABLE,MOVING,MOVING,MOVING,MOVING,MOVING,MOVING,MOVING,MOVING,MOVING
77005,2290,2,NO TRIAL,0.12071591,0.00188472,0.01561289,0.01705497,0.03097246,0.02863478,0.05910976,0.02825172,0.02978378,0.04291608,0.02992884,RELIABLE,RELIABLE,RELIABLE,RELIABLE,RELIABLE,RELIABLE,RELIABLE,RELIABLE,MOVING,MOVING,MOVING,MOVING,MOVING,MOVING,MOVING,MOVING,MOVING
77038,2291,2,NO TRIAL,0.12020928,0.00208331,0.01733066,0.01790357,0.03351306,0.03201659,0.05622929,0.03224407,0.03091771,0.04435082,0.03055141,RELIABLE,RELIABLE,RELIABLE,RELIABLE,RELIABLE,RELIABLE,RELIABLE,RELIABLE,MOVING,MOVING,MOVING,MOVING,MOVING,MOVING,MOVING,MOVING,MOVING
77069,2292,2,NO TRIAL,0.11995610,0.00104165,0.00868362,0.01708289,0.03302115,0.03227724,0.05043005,0.03146083,0.03107260,0.04373232,0.02854833,RELIABLE,RELIABLE,RELIABLE,RELIABLE,RELIABLE,RELIABLE,RELIABLE,RELIABLE,MOVING,MOVING,MOVING,MOVING,MOVING,MOVING,MOVING,MOVING,MOVING
77100,2293,2,NO TRIAL,0.11851183,0.00260729,0.02200028,0.01744155,0.03539947,0.03351718,0.04329884,0.03082946,0.03031860,0.04217098,0.02725489,RELIABLE,RELIABLE,RELIABLE,RELIABLE,RELIABLE,RELIABLE,RELIABLE,RELIABLE,MOVING,MOVING,MOVING,MOVING,MOVING,MOVING,MOVING,MOVING,MOVING
77132,2294,2,NO TRIAL,0.11657119,0.00223618,0.01918296,0.01612363,0.03483141,0.03329657,0.03669884,0.03325426,0.02953142,0.03761104,0.02667706,RELIABLE,RELIABLE,RELIABLE,RELIABLE,RELIABLE,RELIABLE,RELIABLE,RELIABLE,MOVING,MOVING,MOVING,MOVING,MOVING,MOVING,MOVING,MOVING,MOVING
77166,2295,2,NO TRIAL,0.11370997,0.00368837,0.03243662,0.01830709,0.04052769,0.03882176,0.03736555,0.04003882,0.03141217,0.03715723,0.02832721,RELIABLE,RELIABLE,RELIABLE,RELIABLE,RELIABLE,RELIABLE,RELIABLE,RELIABLE,MOVING,MOVING,MOVING,MOVING,MOVING,MOVING,MOVING,MOVING,MOVING
77198,2296,2,NO TRIAL,0.11225914,0.00395687,0.03524767,0.02101560,0.04659475,0.04377680,0.03693525,0.04917555,0.03253322,0.03565913,0.02540772,RELIABLE,RELIABLE,RELIABLE,RELIABLE,RELIABLE,RELIABLE,RELIABLE,RELIABLE,MOVING,MOVING,MOVING,MOVING,MOVING,MOVING,MOVING,MOVING,MOVING
77246,2297,2,NO TRIAL,0.11169404,0.00325506,0.02914264,0.02245467,0.05060968,0.04746331,0.03773211,0.06107360,0.03551454,0.03376925,0.02781041,RELIABLE,RELIABLE,RELIABLE,RELIABLE,RELIABLE,RELIABLE,RELIABLE,RELIABLE,MOVING,MOVING,MOVING,MOVING,MOVING,MOVING,MOVING,MOVING,MOVING
77274,2298,2,NO TRIAL,0.11149460,0.00162753,0.01459739,0.02232773,0.05168568,0.04842692,0.03586808,0.06373521,0.03652237,0.03231330,0.02992707,RELIABLE,RELIABLE,RELIABLE,RELIABLE,RELIABLE,RELIABLE,RELIABLE,RELIABLE,MOVING,MOVING,MOVING,MOVING,MOVING,MOVING,MOVING,MOVING,MOVING
77305,2299,2,NO TRIAL,0.11074369,0.00263506,0.02379425,0.02313568,0.05250502,0.04839403,0.03611069,0.06439888,0.04026017,0.03668597,0.03576443,RELIABLE,RELIABLE,RELIABLE,RELIABLE,RELIABLE,RELIABLE,RELIABLE,RELIABLE,MOVING,MOVING,MOVING,MOVING,MOVING,MOVING,MOVING,MOVING,MOVING
77337,2300,2,NO TRIAL,0.11067836,0.00306990,0.02773711,0.02551737,0.05781140,0.05357629,0.03811611,0.06851197,0.04338167,0.03869246,0.03816126,RELIABLE,RELIABLE,RELIABLE,RELIABLE,RELIABLE,RELIABLE,RELIABLE,RELIABLE,MOVING,MOVING,MOVING,MOVING,MOVING,MOVING,MOVING,MOVING,MOVING
77374,2301,2,NO TRIAL,0.11039891,0.00291425,0.02639748,0.02606702,0.05910799,0.05688312,0.03888909,0.07295818,0.04489242,0.03806560,0.04088024,RELIABLE,RELIABLE,RELIABLE,RELIABLE,RELIABLE,RELIABLE,RELIABLE,RELIABLE,MOVING,MOVING,MOVING,MOVING,MOVING,MOVING,MOVING,MOVING,MOVING
77415,2302,2,NO TRIAL,0.11028969,0.00145713,0.01321181,0.02532062,0.05735804,0.05552630,0.03790357,0.07112220,0.04183144,0.03301742,0.03785462,RELIABLE,RELIABLE,RELIABLE,RELIABLE,RELIABLE,RELIABLE,RELIABLE,RELIABLE,MOVING,MOVING,MOVING,MOVING,MOVING,MOVING,MOVING,MOVING,MOVING
77445,2303,2,NO TRIAL,0.11169923,0.00205423,0.01839071,0.02356488,0.05259604,0.05098832,0.03517067,0.06971261,0.03945640,0.03031546,0.03549744,RELIABLE,RELIABLE,RELIABLE,RELIABLE,RELIABLE,RELIABLE,RELIABLE,RELIABLE,MOVING,MOVING,MOVING,MOVING,MOVING,MOVING,MOVING,MOVING,MOVING
77477,2304,2,NO TRIAL,0.11184396,0.00213635,0.01910112,0.02154656,0.04820278,0.04798179,0.03239923,0.06441347,0.03663840,0.02850301,0.03457524,RELIABLE,RELIABLE,RELIABLE,RELIABLE,RELIABLE,RELIABLE,RELIABLE,RELIABLE,MOVING,MOVING,MOVING,MOVING,MOVING,MOVING,MOVING,MOVING,MOVING
77508,2305,2,NO TRIAL,0.11179737,0.00229026,0.02048581,0.02046446,0.04514620,0.04526995,0.03156699,0.05506662,0.03304612,0.03009229,0.03179850,RELIABLE,RELIABLE,RELIABLE,RELIABLE,RELIABLE,RELIABLE,RELIABLE,RELIABLE,MOVING,MOVING,MOVING,MOVING,MOVING,MOVING,MOVING,MOVING,MOVING
77540,2306,2,NO TRIAL,0.11167449,0.00152761,0.01367910,0.02034967,0.04450228,0.04507992,0.03584651,0.05247362,0.03179566,0.03320891,0.03119150,RELIABLE,RELIABLE,RELIABLE,RELIABLE,RELIABLE,RELIABLE,RELIABLE,RELIABLE,MOVING,MOVING,MOVING,MOVING,MOVING,MOVING,MOVING,MOVING,MOVING
77582,2307,2,NO TRIAL,0.11187850,0.00174179,0.01556856,0.01932146,0.04198146,0.04367920,0.03892606,0.04745825,0.02654828,0.02932308,0.02528990,RELIABLE,RELIABLE,RELIABLE,RELIABLE,RELIABLE,RELIABLE,RELIABLE,RELIABLE,MOVING,MOVING,MOVING,MOVING,MOVING,MOVING,MOVING,MOVING,MOVING
77620,2308,2,NO TRIAL,0.11203648,0.00087089,0.00777331,0.01682599,0.03581619,0.03777076,0.03857091,0.04115894,0.02266703,0.02755406,0.02285661,RELIABLE,RELIABLE,RELIABLE,RELIABLE,RELIABLE,RELIABLE,RELIABLE,RELIABLE,MOVING,MOVING,MOVING,MOVING,MOVING,MOVING,MOVING,MOVING,MOVING
77651,2309,2,NO TRIAL,0.11195035,0.00147073,0.01313735,0.01516847,0.03087740,0.03165269,0.03807062,0.03485628,0.01981724,0.02577756,0.02054328,RELIABLE,RELIABLE,RELIABLE,RELIABLE,RELIABLE,RELIABLE,RELIABLE,RELIABLE,MOVING,MOVING,MOVING,MOVING,MOVING,MOVING,MOVING,MOVING,MOVING
77682,2310,2,NO TRIAL,0.11020634,0.00116148,0.01053913,0.01483439,0.02924955,0.03032741,0.04063174,0.03326026,0.02073753,0.02688954,0.02218743,RELIABLE,RELIABLE,RELIABLE,RELIABLE,RELIABLE,RELIABLE,RELIABLE,RELIABLE,MOVING,MOVING,MOVING,MOVING,MOVING,MOVING,MOVING,MOVING,MOVING
77714,2311,2,NO TRIAL,0.10930277,0.00092049,0.00842142,0.01358823,0.02750397,0.02855338,0.04242252,0.02753276,0.01990821,0.02553633,0.02293208,RELIABLE,RELIABLE,RELIABLE,RELIABLE,RELIABLE,RELIABLE,RELIABLE,RELIABLE,MOVING,MOVING,MOVING,MOVING,MOVING,MOVING,MOVING,MOVING,MOVING
77746,2312,2,NO TRIAL,0.10886775,0.00046024,0.00422754,0.01172903,0.02338459,0.02432366,0.04113319,0.02267120,0.01697177,0.02316959,0.02092386,RELIABLE,RELIABLE,RELIABLE,RELIABLE,RELIABLE,RELIABLE,RELIABLE,RELIABLE,MOVING,MOVING,MOVING,MOVING,MOVING,MOVING,MOVING,MOVING,MOVING
77777,2313,2,NO TRIAL,0.10862483,0.00124707,0.01148054,0.01060337,0.02034582,0.02134782,0.03735859,0.02022319,0.01561182,0.02088626,0.01918145,RELIABLE,RELIABLE,RELIABLE,RELIABLE,RELIABLE,RELIABLE,RELIABLE,RELIABLE,MOVING,MOVING,MOVING,MOVING,MOVING,MOVING,MOVING,MOVING,MOVING
77809,2314,2,NO TRIAL,0.10784181,0.00087795,0.00814110,0.00991112,0.01907858,0.01999751,0.03207569,0.01860100,0.01473624,0.01723370,0.01864568,RELIABLE,RELIABLE,RELIABLE,RELIABLE,RELIABLE,RELIABLE,RELIABLE,RELIABLE,MOVING,MOVING,MOVING,MOVING,MOVING,MOVING,MOVING,MOVING,MOVING
77840,2315,2,NO TRIAL,0.10809826,0.00097789,0.00904635,0.00909584,0.01827494,0.01815146,0.02663355,0.01879133,0.01595433,0.01794718,0.01881068,RELIABLE,RELIABLE,RELIABLE,RELIABLE,RELIABLE,RELIABLE,RELIABLE,RELIABLE,MOVING,MOVING,MOVING,MOVING,MOVING,MOVING,MOVING,MOVING,MOVING
77872,2316,2,NO TRIAL,0.10768276,0.00171739,0.01594860,0.01011776,0.02046272,0.01952601,0.02704415,0.02152605,0.01792814,0.01880876,0.02107471,RELIABLE,RELIABLE,RELIABLE,RELIABLE,RELIABLE,RELIABLE,RELIABLE,RELIABLE,MOVING,MOVING,MOVING,MOVING,MOVING,MOVING,MOVING,MOVING,MOVING
77918,2317,2,NO TRIAL,0.10775600,0.00174871,0.01622844,0.01050414,0.02221684,0.02216397,0.02940621,0.02379390,0.02098845,0.02120846,0.02389966,RELIABLE,RELIABLE,RELIABLE,RELIABLE,RELIABLE,RELIABLE,RELIABLE,RELIABLE,MOVING,MOVING,MOVING,MOVING,MOVING,MOVING,MOVING,MOVING,MOVING
77952,2318,2,NO TRIAL,0.10623035,0.00191475,0.01802452,0.01143981,0.02548304,0.02461805,0.03216146,0.02653879,0.02272444,0.02142668,0.02232250,RELIABLE,RELIABLE,RELIABLE,RELIABLE,RELIABLE,RELIABLE,RELIABLE,RELIABLE,MOVING,MOVING,MOVING,MOVING,MOVING,MOVING,MOVING,MOVING,MOVING
77982,2319,2,NO TRIAL,0.10548332,0.00095738,0.00907608,0.01152165,0.02595200,0.02517886,0.03129406,0.02776626,0.02344777,0.02176720,0.02050401,RELIABLE,RELIABLE,RELIABLE,RELIABLE,RELIABLE,RELIABLE,RELIABLE,RELIABLE,MOVING,MOVING,MOVING,MOVING,MOVING,MOVING,MOVING,MOVING,MOVING
78014,2320,2,NO TRIAL,0.10630011,0.00193884,0.01823931,0.01327312,0.02921633,0.02856705,0.03575112,0.03216209,0.02591288,0.02304698,0.02174574,RELIABLE,RELIABLE,RELIABLE,RELIABLE,RELIABLE,RELIABLE,RELIABLE,RELIABLE,MOVING,MOVING,MOVING,MOVING,MOVING,MOVING,MOVING,MOVING,MOVING
78046,2321,2,NO TRIAL,0.10677447,0.00215732,0.02020446,0.01436361,0.03268973,0.03165497,0.04553775,0.03575753,0.02790065,0.02555855,0.02258583,RELIABLE,RELIABLE,RELIABLE,RELIABLE,RELIABLE,RELIABLE,RELIABLE,RELIABLE,MOVING,MOVING,MOVING,MOVING,MOVING,MOVING,MOVING,MOVING,MOVING
78078,2322,2,NO TRIAL,0.10636420,0.00240836,0.02264255,0.01617629,0.03757656,0.03599720,0.05347737,0.04240633,0.03087014,0.02920571,0.02303759,RELIABLE,RELIABLE,RELIABLE,RELIABLE,RELIABLE,RELIABLE,RELIABLE,RELIABLE,MOVING,MOVING,MOVING,MOVING,MOVING,MOVING,MOVING,MOVING,MOVING
78109,2323,2,NO TRIAL,0.10622012,0.00120418,0.01133663,0.01646258,0.03834672,0.03679966,0.05581277,0.04371825,0.03010787,0.02731278,0.02180974,RELIABLE,RELIABLE,RELIABLE,RELIABLE,RELIABLE,RELIABLE,RELIABLE,RELIABLE,MOVING,MOVING,MOVING,MOVING,MOVING,MOVING,MOVING,MOVING,MOVING
78141,2324,2,NO TRIAL,0.10555589,0.00212679,0.02014851,0.01698756,0.04028384,0.03896494,0.05919381,0.04741397,0.03168683,0.02952318,0.02442409,RELIABLE,RELIABLE,RELIABLE,RELIABLE,RELIABLE,RELIABLE,RELIABLE,RELIABLE,MOVING,MOVING,MOVING,MOVING,MOVING,MOVING,MOVING,MOVING,MOVING
78173,2325,2,NO TRIAL,0.10771297,0.00256493,0.02381263,0.01793559,0.04262767,0.04030741,0.06243768,0.05060561,0.03110976,0.02822173,0.02341626,RELIABLE,RELIABLE,RELIABLE,RELIABLE,RELIABLE,RELIABLE,RELIABLE,RELIABLE,MOVING,MOVING,MOVING,MOVING,MOVING,MOVING,MOVING,MOVING,MOVING
78206,2326,2,NO TRIAL,0.10771167,0.00193818,0.01799419,0.01793180,0.04193651,0.04017826,0.06426696,0.05403701,0.03027912,0.02815741,0.02500189,RELIABLE,RELIABLE,RELIABLE,RELIABLE,RELIABLE,RELIABLE,RELIABLE,RELIABLE,MOVING,MOVING,MOVING,MOVING,MOVING,MOVING,MOVING,MOVING,MOVING
78236,2327,2,NO TRIAL,0.10777736,0.00096909,0.00899161,0.01792124,0.04156928,0.04009309,0.06515153,0.05572964,0.02984531,0.02811241,0.02578544,RELIABLE,RELIABLE,RELIABLE,RELIABLE,RELIABLE,RELIABLE,RELIABLE,RELIABLE,MOVING,MOVING,MOVING,MOVING,MOVING,MOVING,MOVING,MOVING,MOVING
78268,2328,2,NO TRIAL,0.10713647,0.00187561,0.01750671,0.01782966,0.04241768,0.04023641,0.06531926,0.05517901,0.03068844,0.02917686,0.02727829,RELIABLE,RELIABLE,RELIABLE,RELIABLE,RELIABLE,RELIABLE,RELIABLE,RELIABLE,MOVING,MOVING,MOVING,MOVING,MOVING,MOVING,MOVING,MOVING,MOVING
78299,2329,2,NO TRIAL,0.10585797,0.00239508,0.02262538,0.01813228,0.04324106,0.04024774,0.06031579,0.05551609,0.03005139,0.02724069,0.02799620,RELIABLE,RELIABLE,RELIABLE,RELIABLE,RELIABLE,RELIABLE,RELIABLE,RELIABLE,MOVING,MOVING,MOVING,MOVING,MOVING,MOVING,MOVING,MOVING,MOVING
78330,2330,2,NO TRIAL,0.10555640,0.00211212,0.02000944,0.01780314,0.04204450,0.03826768,0.05561228,0.04898468,0.02817805,0.02473232,0.02703750,RELIABLE,RELIABLE,RELIABLE,RELIABLE,RELIABLE,RELIABLE,RELIABLE,RELIABLE,MOVING,MOVING,MOVING,MOVING,MOVING,MOVING,MOVING,MOVING,MOVING
78366,2331,2,NO TRIAL,0.10613456,0.00183638,0.01730238,0.01854886,0.04201425,0.03921861,0.05534685,0.04798923,0.02976194,0.02612967,0.02931902,RELIABLE,RELIABLE,RELIABLE,RELIABLE,RELIABLE,RELIABLE,RELIABLE,RELIABLE,MOVING,MOVING,MOVING,MOVING,MOVING,MOVING,MOVING,MOVING,MOVING
78415,2332,2,NO TRIAL,0.10665077,0.00207905,0.01949396,0.01846704,0.04092894,0.03820840,0.05119717,0.04198792,0.02744835,0.02424773,0.02532404,RELIABLE,RELIABLE,RELIABLE,RELIABLE,RELIABLE,RELIABLE,RELIABLE,RELIABLE,MOVING,MOVING,MOVING,MOVING,MOVING,MOVING,MOVING,MOVING,MOVING
78456,2333,2,NO TRIAL,0.10690923,0.00103952,0.00972342,0.01670589,0.03610404,0.03425327,0.04322515,0.03471849,0.02447954,0.02240664,0.02243867,RELIABLE,RELIABLE,RELIABLE,RELIABLE,RELIABLE,RELIABLE,RELIABLE,RELIABLE,MOVING,MOVING,MOVING,MOVING,MOVING,MOVING,MOVING,MOVING,MOVING
78487,2334,2,NO TRIAL,0.10786199,0.00109954,0.01019391,0.01573085,0.03366663,0.03163393,0.03622813,0.02764013,0.02190772,0.02120522,0.02019440,RELIABLE,RELIABLE,RELIABLE,RELIABLE,RELIABLE,RELIABLE,RELIABLE,RELIABLE,MOVING,MOVING,MOVING,MOVING,MOVING,MOVING,MOVING,MOVING,MOVING
78519,2335,2,NO TRIAL,0.10860056,0.00131292,0.01208945,0.01611808,0.03239717,0.02967529,0.03244540,0.02513487,0.02109260,0.02239485,0.02091771,RELIABLE,RELIABLE,RELIABLE,RELIABLE,RELIABLE,RELIABLE,RELIABLE,RELIABLE,MOVING,MOVING,MOVING,MOVING,MOVING,MOVING,MOVING,MOVING,MOVING
78551,2336,2,NO TRIAL,0.10927248,0.00111253,0.01018128,0.01520240,0.02913172,0.02736047,0.02704351,0.02613796,0.01986874,0.02333432,0.02023365,RELIABLE,RELIABLE,RELIABLE,RELIABLE,RELIABLE,RELIABLE,RELIABLE,RELIABLE,MOVING,MOVING,MOVING,MOVING,MOVING,MOVING,MOVING,MOVING,MOVING
78582,2337,2,NO TRIAL,0.10816030,0.00073315,0.00677835,0.01322152,0.02330328,0.02283584,0.02258203,0.02657228,0.01780023,0.02343021,0.02110737,RELIABLE,RELIABLE,RELIABLE,RELIABLE,RELIABLE,RELIABLE,RELIABLE,RELIABLE,MOVING,MOVING,MOVING,MOVING,MOVING,MOVING,MOVING,MOVING,MOVING
78614,2338,2,NO TRIAL,0.10760443,0.00036657,0.00340668,0.01114618,0.01770504,0.01845266,0.01820608,0.02696093,0.01599357,0.02282218,0.02171949,RELIABLE,RELIABLE,RELIABLE,RELIABLE,RELIABLE,RELIABLE,RELIABLE,RELIABLE,MOVING,MOVING,MOVING,MOVING,MOVING,MOVING,MOVING,MOVING,MOVING
78645,2339,2,NO TRIAL,0.10652021,0.00112319,0.01054435,0.01030143,0.01654468,0.01674701,0.01761587,0.02934628,0.01373024,0.01977171,0.02212292,RELIABLE,RELIABLE,RELIABLE,RELIABLE,RELIABLE,RELIABLE,RELIABLE,RELIABLE,MOVING,MOVING,MOVING,MOVING,MOVING,MOVING,MOVING,MOVING,MOVING
78677,2340,2,NO TRIAL,0.10506203,0.00073430,0.00698918,0.00873833,0.01348293,0.01379636,0.01810824,0.03257034,0.01512445,0.02117206,0.02319337,RELIABLE,RELIABLE,RELIABLE,RELIABLE,RELIABLE,RELIABLE,RELIABLE,RELIABLE,MOVING,MOVING,MOVING,MOVING,MOVING,MOVING,MOVING,MOVING,MOVING
78709,2341,2,NO TRIAL,0.10499047,0.00125957,0.01199695,0.00902252,0.01391008,0.01427840,0.02231116,0.03635249,0.01728127,0.02420394,0.02771339,RELIABLE,RELIABLE,RELIABLE,RELIABLE,RELIABLE,RELIABLE,RELIABLE,RELIABLE,MOVING,MOVING,MOVING,MOVING,MOVING,MOVING,MOVING,MOVING,MOVING
78740,2342,2,NO TRIAL,0.10643449,0.00169789,0.01595248,0.00974234,0.01587640,0.01593569,0.02599592,0.03953431,0.01947808,0.02548950,0.03060059,RELIABLE,RELIABLE,RELIABLE,RELIABLE,RELIABLE,RELIABLE,RELIABLE,RELIABLE,MOVING,MOVING,MOVING,MOVING,MOVING,MOVING,MOVING,MOVING,MOVING
78783,2343,2,NO TRIAL,0.10892361,0.00213074,0.01956178,0.01067638,0.02018407,0.02086911,0.03267129,0.04388807,0.02141102,0.02518304,0.03380029,RELIABLE,RELIABLE,RELIABLE,RELIABLE,RELIABLE,RELIABLE,RELIABLE,RELIABLE,MOVING,MOVING,MOVING,MOVING,MOVING,MOVING,MOVING,MOVING,MOVING
78818,2344,2,NO TRIAL,0.11017379,0.00106537,0.00966991,0.01061246,0.02087061,0.02134164,0.03485048,0.04138433,0.02000906,0.02247168,0.03315466,RELIABLE,RELIABLE,RELIABLE,RELIABLE,RELIABLE,RELIABLE,RELIABLE,RELIABLE,MOVING,MOVING,MOVING,MOVING,MOVING,MOVING,MOVING,MOVING,MOVING
78849,2345,2,NO TRIAL,0.11127917,0.00179935,0.01616973,0.01178638,0.02493268,0.02540740,0.03686879,0.03850641,0.02128074,0.02320354,0.03010596,RELIABLE,RELIABLE,RELIABLE,RELIABLE,RELIABLE,RELIABLE,RELIABLE,RELIABLE,MOVING,MOVING,MOVING,MOVING,MOVING,MOVING,MOVING,MOVING,MOVING
78880,2346,2,NO TRIAL,0.11382293,0.00270963,0.02380563,0.01433625,0.03090763,0.03154997,0.04083329,0.04017590,0.02411925,0.02512386,0.03125154,RELIABLE,RELIABLE,RELIABLE,RELIABLE,RELIABLE,RELIABLE,RELIABLE,RELIABLE,MOVING,MOVING,MOVING,MOVING,MOVING,MOVING,MOVING,MOVING,MOVING
78911,2347,2,NO TRIAL,0.11598163,0.00336803,0.02903935,0.01664813,0.03641967,0.03581070,0.04309388,0.03730018,0.02655777,0.02673239,0.03113964,RELIABLE,RELIABLE,RELIABLE,RELIABLE,RELIABLE,RELIABLE,RELIABLE,RELIABLE,MOVING,MOVING,MOVING,MOVING,MOVING,MOVING,MOVING,MOVING,MOVING
78942,2348,2,NO TRIAL,0.11709434,0.00168402,0.01438170,0.01757219,0.03855081,0.03743320,0.04208384,0.03364182,0.02501356,0.02352095,0.02992389,RELIABLE,RELIABLE,RELIABLE,RELIABLE,RELIABLE,RELIABLE,RELIABLE,RELIABLE,MOVING,MOVING,MOVING,MOVING,MOVING,MOVING,MOVING,MOVING,MOVING
78973,2349,2,NO TRIAL,0.11912337,0.00311111,0.02611675,0.01933717,0.04184109,0.04126403,0.04181395,0.03162093,0.02539714,0.02370367,0.02616188,RELIABLE,RELIABLE,RELIABLE,RELIABLE,RELIABLE,RELIABLE,RELIABLE,RELIABLE,MOVING,MOVING,MOVING,MOVING,MOVING,MOVING,MOVING,MOVING,MOVING
79005,2350,2,NO TRIAL,0.12003285,0.00291478,0.02428316,0.02037850,0.04498334,0.04500214,0.04304151,0.03051562,0.02690316,0.02305558,0.02497105,RELIABLE,RELIABLE,RELIABLE,RELIABLE,RELIABLE,RELIABLE,RELIABLE,RELIABLE,MOVING,MOVING,MOVING,MOVING,MOVING,MOVING,MOVING,MOVING,MOVING
79038,2351,2,NO TRIAL,0.12190994,0.00296806,0.02434632,0.02097657,0.04765894,0.04725866,0.04168390,0.02903192,0.02852017,0.02289177,0.02098183,RELIABLE,RELIABLE,RELIABLE,RELIABLE,RELIABLE,RELIABLE,RELIABLE,RELIABLE,MOVING,MOVING,MOVING,MOVING,MOVING,MOVING,MOVING,MOVING,MOVING
79069,2352,2,NO TRIAL,0.12245205,0.00302889,0.02473531,0.02285974,0.05371880,0.05258970,0.04533624,0.03208674,0.03319047,0.02535446,0.02341611,RELIABLE,RELIABLE,RELIABLE,RELIABLE,RELIABLE,RELIABLE,RELIABLE,RELIABLE,MOVING,MOVING,MOVING,MOVING,MOVING,MOVING,MOVING,MOVING,MOVING
79119,2353,2,NO TRIAL,0.12270082,0.00291596,0.02376478,0.02380913,0.05701935,0.05578423,0.04810470,0.03338361,0.03519348,0.02296079,0.02455031,RELIABLE,RELIABLE,RELIABLE,RELIABLE,RELIABLE,RELIABLE,RELIABLE,RELIABLE,MOVING,MOVING,MOVING,MOVING,MOVING,MOVING,MOVING,MOVING,MOVING
79162,2354,2,NO TRIAL,0.12282991,0.00145798,0.01186990,0.02231716,0.05471964,0.05326512,0.04652519,0.03090326,0.03398412,0.02019898,0.02243377,RELIABLE,RELIABLE,RELIABLE,RELIABLE,RELIABLE,RELIABLE,RELIABLE,RELIABLE,MOVING,MOVING,MOVING,MOVING,MOVING,MOVING,MOVING,MOVING,MOVING
79195,2355,2,NO TRIAL,0.12274204,0.00186634,0.01520535,0.02058791,0.05020811,0.04995617,0.04291788,0.03185526,0.03457607,0.02479166,0.02195705,RELIABLE,RELIABLE,RELIABLE,RELIABLE,RELIABLE,RELIABLE,RELIABLE,RELIABLE,MOVING,MOVING,MOVING,MOVING,MOVING,MOVING,MOVING,MOVING,MOVING
79227,2356,2,NO TRIAL,0.12293193,0.00300900,0.02447698,0.02184982,0.05286186,0.05312962,0.04410428,0.03622967,0.03765278,0.02805213,0.02263180,RELIABLE,RELIABLE,RELIABLE,RELIABLE,RELIABLE,RELIABLE,RELIABLE,RELIABLE,MOVING,MOVING,MOVING,MOVING,MOVING,MOVING,MOVING,MOVING,MOVING
79257,2357,2,NO TRIAL,0.12294715,0.00233553,0.01899624,0.02095976,0.05257434,0.05283419,0.04226721,0.04307603,0.03723741,0.02991613,0.02491114,RELIABLE,RELIABLE,RELIABLE,RELIABLE,RELIABLE,RELIABLE,RELIABLE,RELIABLE,MOVING,MOVING,MOVING,MOVING,MOVING,MOVING,MOVING,MOVING,MOVING
79289,2358,2,NO TRIAL,0.12383422,0.00226506,0.01829104,0.02021074,0.05028821,0.05016343,0.03960637,0.04932427,0.03675954,0.03348080,0.02921968,RELIABLE,RELIABLE,RELIABLE,RELIABLE,RELIABLE,RELIABLE,RELIABLE,RELIABLE,MOVING,MOVING,MOVING,MOVING,MOVING,MOVING,MOVING,MOVING,MOVING
79320,2359,2,NO TRIAL,0.12427953,0.00113253,0.00911275,0.01830654,0.04475879,0.04497680,0.03569296,0.04956681,0.03434409,0.03425155,0.03115373,RELIABLE,RELIABLE,RELIABLE,RELIABLE,RELIABLE,RELIABLE,RELIABLE,RELIABLE,MOVING,MOVING,MOVING,MOVING,MOVING,MOVING,MOVING,MOVING,MOVING
79351,2360,2,NO TRIAL,0.12495574,0.00204969,0.01640331,0.01726504,0.03981054,0.04089195,0.03067403,0.04914271,0.03197864,0.03360840,0.03072019,RELIABLE,RELIABLE,RELIABLE,RELIABLE,RELIABLE,RELIABLE,RELIABLE,RELIABLE,MOVING,MOVING,MOVING,MOVING,MOVING,MOVING,MOVING,MOVING,MOVING
79382,2361,2,NO TRIAL,0.12533600,0.00244666,0.01952083,0.01673455,0.03577009,0.03645085,0.02716741,0.04975783,0.03175351,0.03698724,0.03249914,RELIABLE,RELIABLE,RELIABLE,RELIABLE,RELIABLE,RELIABLE,RELIABLE,RELIABLE,MOVING,MOVING,MOVING,MOVING,MOVING,MOVING,MOVING,MOVING,MOVING
79414,2362,2,NO TRIAL,0.12543741,0.00193114,0.01539524,0.01717522,0.03568941,0.03606777,0.02753873,0.05784593,0.03426627,0.04167987,0.03410565,RELIABLE,RELIABLE,RELIABLE,RELIABLE,RELIABLE,RELIABLE,RELIABLE,RELIABLE,MOVING,MOVING,MOVING,MOVING,MOVING,MOVING,MOVING,MOVING,MOVING
79446,2363,2,NO TRIAL,0.12549054,0.00096557,0.00769436,0.01623634,0.03427370,0.03430386,0.02657193,0.05893826,0.03214189,0.03749457,0.03215133,RELIABLE,RELIABLE,RELIABLE,RELIABLE,RELIABLE,RELIABLE,RELIABLE,RELIABLE,MOVING,MOVING,MOVING,MOVING,MOVING,MOVING,MOVING,MOVING,MOVING
79478,2364,2,NO TRIAL,0.12303738,0.00303794,0.02469123,0.01626313,0.03509614,0.03427710,0.02379178,0.06606807,0.03369100,0.03579068,0.03534645,RELIABLE,RELIABLE,RELIABLE,RELIABLE,RELIABLE,RELIABLE,RELIABLE,RELIABLE,MOVING,MOVING,MOVING,MOVING,MOVING,MOVING,MOVING,MOVING,MOVING
79509,2365,2,NO TRIAL,0.12249818,0.00249632,0.02037844,0.01643590,0.03561099,0.03444753,0.02233530,0.06486723,0.03400285,0.03236469,0.03370589,RELIABLE,RELIABLE,RELIABLE,RELIABLE,RELIABLE,RELIABLE,RELIABLE,RELIABLE,MOVING,MOVING,MOVING,MOVING,MOVING,MOVING,MOVING,MOVING,MOVING
79540,2366,2,NO TRIAL,0.12311123,0.00237567,0.01929690,0.01656163,0.03662074,0.03568280,0.02033125,0.06106962,0.03409608,0.03819667,0.03047421,RELIABLE,RELIABLE,RELIABLE,RELIABLE,RELIABLE,RELIABLE,RELIABLE,RELIABLE,MOVING,MOVING,MOVING,MOVING,MOVING,MOVING,MOVING,MOVING,MOVING
79572,2367,2,NO TRIAL,0.12535903,0.00272181,0.02171211,0.01813655,0.03856483,0.03845345,0.02162913,0.06022536,0.03534548,0.03892096,0.02824321,RELIABLE,RELIABLE,RELIABLE,RELIABLE,RELIABLE,RELIABLE,RELIABLE,RELIABLE,MOVING,MOVING,MOVING,MOVING,MOVING,MOVING,MOVING,MOVING,MOVING
79614,2368,2,NO TRIAL,0.12601453,0.00340957,0.02705700,0.01946827,0.04267504,0.04251345,0.02393042,0.05791403,0.03490423,0.04757877,0.02485127,RELIABLE,RELIABLE,RELIABLE,RELIABLE,RELIABLE,RELIABLE,RELIABLE,RELIABLE,MOVING,MOVING,MOVING,MOVING,MOVING,MOVING,MOVING,MOVING,MOVING
79650,2369,2,NO TRIAL,0.12634386,0.00170479,0.01349324,0.01871482,0.04261132,0.04279616,0.02311404,0.05381171,0.03147593,0.04802095,0.02100325,RELIABLE,RELIABLE,RELIABLE,RELIABLE,RELIABLE,RELIABLE,RELIABLE,RELIABLE,MOVING,MOVING,MOVING,MOVING,MOVING,MOVING,MOVING,MOVING,MOVING
79682,2370,2,NO TRIAL,0.12912748,0.00251642,0.01948784,0.01922639,0.04333429,0.04452203,0.02233160,0.04930848,0.03030894,0.04600536,0.02410028,RELIABLE,RELIABLE,RELIABLE,RELIABLE,RELIABLE,RELIABLE,RELIABLE,RELIABLE,MOVING,MOVING,MOVING,MOVING,MOVING,MOVING,MOVING,MOVING,MOVING
79713,2371,2,NO TRIAL,0.13070094,0.00369265,0.02825270,0.02179618,0.04921957,0.05110842,0.02597808,0.05061512,0.03348593,0.04719534,0.02729788,RELIABLE,RELIABLE,RELIABLE,RELIABLE,RELIABLE,RELIABLE,RELIABLE,RELIABLE,MOVING,MOVING,MOVING,MOVING,MOVING,MOVING,MOVING,MOVING,MOVING
79744,2372,2,NO TRIAL,0.13107724,0.00363807,0.02775515,0.02217917,0.05045510,0.05374756,0.03203965,0.04475815,0.03203360,0.05142657,0.02506867,RELIABLE,RELIABLE,RELIABLE,RELIABLE,RELIABLE,RELIABLE,RELIABLE,RELIABLE,MOVING,MOVING,MOVING,MOVING,MOVING,MOVING,MOVING,MOVING,MOVING
79776,2373,2,NO TRIAL,0.13127441,0.00181903,0.01385673,0.02136396,0.04840027,0.05178735,0.03337398,0.03995487,0.03110720,0.05176073,0.02441940,RELIABLE,RELIABLE,RELIABLE,RELIABLE,RELIABLE,RELIABLE,RELIABLE,RELIABLE,MOVING,MOVING,MOVING,MOVING,MOVING,MOVING,MOVING,MOVING,MOVING
79808,2374,2,NO TRIAL,0.13102864,0.00383244,0.02924888,0.02260796,0.04889606,0.05314731,0.03934689,0.04011282,0.03335923,0.04399844,0.02435422,RELIABLE,RELIABLE,RELIABLE,RELIABLE,RELIABLE,RELIABLE,RELIABLE,RELIABLE,MOVING,MOVING,MOVING,MOVING,MOVING,MOVING,MOVING,MOVING,MOVING
79840,2375,2,NO TRIAL,0.13284365,0.00415096,0.03124693,0.02379981,0.05331152,0.05634731,0.04449557,0.04087649,0.03676433,0.04534000,0.03017828,RELIABLE,RELIABLE,RELIABLE,RELIABLE,RELIABLE,RELIABLE,RELIABLE,RELIABLE,MOVING,MOVING,MOVING,MOVING,MOVING,MOVING,MOVING,MOVING,MOVING
79872,2376,2,NO TRIAL,0.13459798,0.00441554,0.03280542,0.02451836,0.05321546,0.05543621,0.05194445,0.04259016,0.03934196,0.03917002,0.03496754,RELIABLE,RELIABLE,RELIABLE,RELIABLE,RELIABLE,RELIABLE,RELIABLE,RELIABLE,MOVING,MOVING,MOVING,MOVING,MOVING,MOVING,MOVING,MOVING,MOVING
79902,2377,2,NO TRIAL,0.13651796,0.00366166,0.02682183,0.02618443,0.05516387,0.05774016,0.06092410,0.04481327,0.04297607,0.03685433,0.03729681,RELIABLE,RELIABLE,RELIABLE,RELIABLE,RELIABLE,RELIABLE,RELIABLE,RELIABLE,MOVING,MOVING,MOVING,MOVING,MOVING,MOVING,MOVING,MOVING,MOVING
79950,2378,2,NO TRIAL,0.13810464,0.00378797,0.02742826,0.02717699,0.05713027,0.05962067,0.07051477,0.04188968,0.04575302,0.04380145,0.03788898,RELIABLE,RELIABLE,RELIABLE,RELIABLE,RELIABLE,RELIABLE,RELIABLE,RELIABLE,MOVING,MOVING,MOVING,MOVING,MOVING,MOVING,MOVING,MOVING,MOVING
79982,2379,2,NO TRIAL,0.13891130,0.00189399,0.01363449,0.02534971,0.05257123,0.05481704,0.07123686,0.03686239,0.04336237,0.04504756,0.03651716,RELIABLE,RELIABLE,RELIABLE,RELIABLE,RELIABLE,RELIABLE,RELIABLE,RELIABLE,MOVING,MOVING,MOVING,MOVING,MOVING,MOVING,MOVING,MOVING,MOVING
80013,2380,2,NO TRIAL,0.14175734,0.00321300,0.02266552,0.02471351,0.04841704,0.04958436,0.07223992,0.03144887,0.04325618,0.04289679,0.03867276,RELIABLE,RELIABLE,RELIABLE,RELIABLE,RELIABLE,RELIABLE,RELIABLE,RELIABLE,MOVING,MOVING,MOVING,MOVING,MOVING,MOVING,MOVING,MOVING,MOVING
80043,2381,2,NO TRIAL,0.14315783,0.00470503,0.03286602,0.02708967,0.05137233,0.05285719,0.07970203,0.03097856,0.04505455,0.04274447,0.03999835,RELIABLE,RELIABLE,RELIABLE,RELIABLE,RELIABLE,RELIABLE,RELIABLE,RELIABLE,MOVING,MOVING,MOVING,MOVING,MOVING,MOVING,MOVING,MOVING,MOVING
80074,2382,2,NO TRIAL,0.14316599,0.00291244,0.02034307,0.02597644,0.04924354,0.04962057,0.08396187,0.02806345,0.04280247,0.04171660,0.03863952,RELIABLE,RELIABLE,RELIABLE,RELIABLE,RELIABLE,RELIABLE,RELIABLE,RELIABLE,MOVING,MOVING,MOVING,MOVING,MOVING,MOVING,MOVING,MOVING,MOVING
80110,2383,2,NO TRIAL,0.14264196,0.00273571,0.01917887,0.02446794,0.04492301,0.04652647,0.08513286,0.02746843,0.03977407,0.04152953,0.03861551,RELIABLE,RELIABLE,RELIABLE,RELIABLE,RELIABLE,RELIABLE,RELIABLE,RELIABLE,MOVING,MOVING,MOVING,MOVING,MOVING,MOVING,MOVING,MOVING,MOVING
80136,2384,2,NO TRIAL,0.14238402,0.00136786,0.00960681,0.02156811,0.03942551,0.04214134,0.07797495,0.02451753,0.03576806,0.03848386,0.03601427,RELIABLE,RELIABLE,RELIABLE,RELIABLE,RELIABLE,RELIABLE,RELIABLE,RELIABLE,MOVING,MOVING,MOVING,MOVING,MOVING,MOVING,MOVING,MOVING,MOVING
80168,2385,2,NO TRIAL,0.13938477,0.00410136,0.02942476,0.02189348,0.03464913,0.03859179,0.07223592,0.02350388,0.03479937,0.04030963,0.03783991,RELIABLE,RELIABLE,RELIABLE,RELIABLE,RELIABLE,RELIABLE,RELIABLE,RELIABLE,MOVING,MOVING,MOVING,MOVING,MOVING,MOVING,MOVING,MOVING,MOVING
80199,2386,2,NO TRIAL,0.13907422,0.00332438,0.02390362,0.02145289,,,0.06833312,0.02629571,0.03226424,0.03134689,0.03605075,PARTIAL,UNRELIABLE,UNRELIABLE,RELIABLE,RELIABLE,RELIABLE,RELIABLE,RELIABLE,MOVING,UNCERTAIN,UNCERTAIN,MOVING,MOVING,MOVING,MOVING,MOVING,MOVING
80238,2387,2,NO TRIAL,0.14195546,0.00508634,0.03583054,0.02422740,,,0.06789732,0.04433201,0.03266766,0.03113501,0.04197657,PARTIAL,UNRELIABLE,UNRELIABLE,PARTIAL,RELIABLE,RELIABLE,PARTIAL,RELIABLE,MOVING,UNCERTAIN,UNCERTAIN,MOVING,MOVING,MOVING,MOVING,MOVING,MOVING
80278,2388,2,NO TRIAL,0.14339762,0.00254317,0.01773509,0.02361110,,,0.06210722,0.05219510,0.02942961,0.02879984,0.04081273,PARTIAL,UNRELIABLE,UNRELIABLE,PARTIAL,RELIABLE,RELIABLE,PARTIAL,RELIABLE,MOVING,UNCERTAIN,UNCERTAIN,MOVING,MOVING,MOVING,MOVING,MOVING,MOVING
80318,2389,2,NO TRIAL,0.27882611,0.00772525,0.02770632,0.02296613,,,0.08894750,0.08344349,0.04720397,0.03801290,,PARTIAL,UNRELIABLE,UNRELIABLE,PARTIAL,PARTIAL,RELIABLE,PARTIAL,UNRELIABLE,MOVING,UNCERTAIN,UNCERTAIN,MOVING,MOVING,MOVING,MOVING,UNCERTAIN,MOVING
80358,2390,2,NO TRIAL,0.06984442,0.00386262,0.05530325,0.02733616,,,0.15205322,0.14828713,0.08668185,0.05974876,,PARTIAL,UNRELIABLE,UNRELIABLE,PARTIAL,PARTIAL,RELIABLE,PARTIAL,UNRELIABLE,MOVING,UNCERTAIN,UNCERTAIN,MOVING,MOVING,MOVING,MOVING,UNCERTAIN,MOVING
80390,2391,2,NO TRIAL,0.09329000,0.00624933,0.06698817,0.03331232,,,0.15863741,0.15605500,0.09987314,0.07457811,,PARTIAL,UNRELIABLE,UNRELIABLE,PARTIAL,PARTIAL,RELIABLE,RELIABLE,UNRELIABLE,MOVING,UNCERTAIN,UNCERTAIN,MOVING,MOVING,MOVING,MOVING,UNCERTAIN,MOVING
80422,2392,2,NO TRIAL,0.28110049,0.00352863,0.01255290,0.03368058,,,0.17979200,0.18391533,0.11616326,0.07983417,,PARTIAL,UNRELIABLE,UNRELIABLE,RELIABLE,RELIABLE,RELIABLE,RELIABLE,RELIABLE,MOVING,UNCERTAIN,UNCERTAIN,MOVING,MOVING,MOVING,MOVING,UNCERTAIN,MOVING
80453,2393,2,NO TRIAL,0.06128088,,,,,,0.31801835,0.28174055,0.18119613,0.12845936,0.34243422,UNRELIABLE,UNRELIABLE,UNRELIABLE,RELIABLE,PARTIAL,RELIABLE,RELIABLE,RELIABLE,UNCERTAIN,UNCERTAIN,UNCERTAIN,MOVING,MOVING,MOVING,MOVING,STATIONARY,MOVING
80484,2394,2,NO TRIAL,0.10397782,,,,,,0.35178895,0.30537249,0.19738451,0.14269366,0.22167179,UNRELIABLE,UNRELIABLE,UNRELIABLE,RELIABLE,PARTIAL,RELIABLE,RELIABLE,RELIABLE,UNCERTAIN,UNCERTAIN,UNCERTAIN,MOVING,MOVING,MOVING,MOVING,STATIONARY,MOVING
80515,2395,2,NO TRIAL,0.13052469,,,,,,0.36860620,0.30072846,0.20657642,0.15105755,0.17119860,UNRELIABLE,UNRELIABLE,UNRELIABLE,RELIABLE,RELIABLE,RELIABLE,RELIABLE,RELIABLE,UNCERTAIN,UNCERTAIN,UNCERTAIN,MOVING,MOVING,MOVING,MOVING,MOVING,MOVING
80547,2396,2,NO TRIAL,0.14307691,,,,,,0.38069622,0.29811954,0.21332975,0.15867505,0.14339061,UNRELIABLE,UNRELIABLE,UNRELIABLE,PARTIAL,RELIABLE,RELIABLE,RELIABLE,RELIABLE,UNCERTAIN,UNCERTAIN,UNCERTAIN,MOVING,MOVING,MOVING,MOVING,MOVING,MOVING
80579,2397,2,NO TRIAL,0.14999972,,,,,,0.35524554,0.26802319,0.19923202,0.15321645,0.12764259,UNRELIABLE,UNRELIABLE,UNRELIABLE,PARTIAL,RELIABLE,RELIABLE,RELIABLE,RELIABLE,UNCERTAIN,UNCERTAIN,UNCERTAIN,MOVING,MOVING,MOVING,MOVING,MOVING,MOVING
80611,2398,2,NO TRIAL,0.15212907,,,,,,0.28873650,0.20408978,0.16148481,0.13714899,0.11314779,UNRELIABLE,UNRELIABLE,UNRELIABLE,PARTIAL,RELIABLE,RELIABLE,RELIABLE,RELIABLE,UNCERTAIN,UNCERTAIN,UNCERTAIN,MOVING,MOVING,MOVING,MOVING,MOVING,MOVING
80643,2399,2,NO TRIAL,0.15319540,,,,,,0.27692261,0.19417733,0.14756506,0.12177592,0.09986887,UNRELIABLE,UNRELIABLE,UNRELIABLE,PARTIAL,RELIABLE,RELIABLE,RELIABLE,RELIABLE,UNCERTAIN,UNCERTAIN,UNCERTAIN,MOVING,MOVING,MOVING,MOVING,MOVING,MOVING
80675,2400,2,NO TRIAL,0.15329489,,,,,,0.26665267,0.16742726,0.13621623,0.12414715,0.10113231,UNRELIABLE,UNRELIABLE,UNRELIABLE,PARTIAL,RELIABLE,RELIABLE,RELIABLE,RELIABLE,UNCERTAIN,UNCERTAIN,UNCERTAIN,MOVING,MOVING,MOVING,MOVING,MOVING,MOVING
80706,2401,2,NO TRIAL,0.15149978,,,,,,,0.07289623,0.07610754,0.07930596,0.06472019,UNRELIABLE,UNRELIABLE,UNRELIABLE,UNRELIABLE,RELIABLE,RELIABLE,RELIABLE,RELIABLE,UNCERTAIN,UNCERTAIN,UNCERTAIN,UNCERTAIN,MOVING,MOVING,MOVING,MOVING,MOVING
80737,2402,2,NO TRIAL,0.09503176,,,,,,,0.05887779,0.07045729,0.07960629,0.08036452,UNRELIABLE,UNRELIABLE,UNRELIABLE,UNRELIABLE,RELIABLE,PARTIAL,RELIABLE,RELIABLE,UNCERTAIN,UNCERTAIN,UNCERTAIN,UNCERTAIN,MOVING,MOVING,MOVING,MOVING,MOVING
80769,2403,2,NO TRIAL,0.07941502,,,,,,,,0.07448584,0.08262132,,UNRELIABLE,UNRELIABLE,UNRELIABLE,UNRELIABLE,UNRELIABLE,PARTIAL,RELIABLE,UNRELIABLE,UNCERTAIN,UNCERTAIN,UNCERTAIN,UNCERTAIN,UNCERTAIN,MOVING,MOVING,UNCERTAIN,MOVING
80814,2404,2,NO TRIAL,0.05410954,,,,,,,,0.10854116,0.11805781,,UNRELIABLE,UNRELIABLE,UNRELIABLE,UNRELIABLE,UNRELIABLE,PARTIAL,RELIABLE,RELIABLE,UNCERTAIN,UNCERTAIN,UNCERTAIN,UNCERTAIN,UNCERTAIN,MOVING,MOVING,UNCERTAIN,MOVING
80848,2405,3,NO TRIAL,0.06684184,,,,,,,,,,,UNRELIABLE,UNRELIABLE,UNRELIABLE,UNRELIABLE,UNRELIABLE,PARTIAL,UNRELIABLE,UNRELIABLE,UNCERTAIN,UNCERTAIN,UNCERTAIN,UNCERTAIN,UNCERTAIN,UNCERTAIN,UNCERTAIN,UNCERTAIN,UNCERTAIN
80880,2406,3,NO TRIAL,,,,,,,,,,,,UNRELIABLE,UNRELIABLE,UNRELIABLE,UNRELIABLE,UNRELIABLE,PARTIAL,PARTIAL,UNRELIABLE,UNCERTAIN,UNCERTAIN,UNCERTAIN,UNCERTAIN,UNCERTAIN,UNCERTAIN,UNCERTAIN,UNCERTAIN,UNCERTAIN
80911,2407,3,NO TRIAL,0.24088852,,,,,,,,,,,RELIABLE,RELIABLE,RELIABLE,UNRELIABLE,UNRELIABLE,RELIABLE,RELIABLE,UNRELIABLE,UNCERTAIN,UNCERTAIN,UNCERTAIN,UNCERTAIN,UNCERTAIN,UNCERTAIN,UNCERTAIN,UNCERTAIN,UNCERTAIN
82270,2448,4,NO TRIAL,0.14148419,,,,,,,,,,,RELIABLE,RELIABLE,RELIABLE,UNRELIABLE,RELIABLE,RELIABLE,RELIABLE,RELIABLE,UNCERTAIN,UNCERTAIN,UNCERTAIN,UNCERTAIN,UNCERTAIN,UNCERTAIN,UNCERTAIN,UNCERTAIN,UNCERTAIN
82398,2452,4,NO TRIAL,,,,,,,,,,,,UNRELIABLE,UNRELIABLE,UNRELIABLE,UNRELIABLE,UNRELIABLE,PARTIAL,PARTIAL,UNRELIABLE,UNCERTAIN,UNCERTAIN,UNCERTAIN,UNCERTAIN,UNCERTAIN,UNCERTAIN,UNCERTAIN,UNCERTAIN,UNCERTAIN
82436,2453,4,NO TRIAL,,,,,,,,,,,,UNRELIABLE,UNRELIABLE,UNRELIABLE,PARTIAL,PARTIAL,PARTIAL,RELIABLE,RELIABLE,UNCERTAIN,UNCERTAIN,UNCERTAIN,UNCERTAIN,UNCERTAIN,UNCERTAIN,UNCERTAIN,UNCERTAIN,UNCERTAIN
82478,2454,4,NO TRIAL,,,,,,,,,,,,UNRELIABLE,UNRELIABLE,UNRELIABLE,PARTIAL,UNRELIABLE,PARTIAL,RELIABLE,RELIABLE,UNCERTAIN,UNCERTAIN,UNCERTAIN,UNCERTAIN,UNCERTAIN,UNCERTAIN,UNCERTAIN,UNCERTAIN,UNCERTAIN
82514,2455,4,NO TRIAL,,,,,,,,,,,,UNRELIABLE,UNRELIABLE,UNRELIABLE,PARTIAL,UNRELIABLE,PARTIAL,PARTIAL,PARTIAL,UNCERTAIN,UNCERTAIN,UNCERTAIN,UNCERTAIN,UNCERTAIN,UNCERTAIN,UNCERTAIN,UNCERTAIN,UNCERTAIN
82546,2456,4,NO TRIAL,0.25466941,,,,,,,,,,,UNRELIABLE,UNRELIABLE,UNRELIABLE,UNRELIABLE,PARTIAL,PARTIAL,RELIABLE,RELIABLE,UNCERTAIN,UNCERTAIN,UNCERTAIN,UNCERTAIN,UNCERTAIN,UNCERTAIN,UNCERTAIN,UNCERTAIN,UNCERTAIN
82577,2457,4,NO TRIAL,0.08307264,,,,,,,0.54482803,0.30187843,0.35525637,0.37223648,UNRELIABLE,UNRELIABLE,UNRELIABLE,PARTIAL,RELIABLE,RELIABLE,RELIABLE,RELIABLE,UNCERTAIN,UNCERTAIN,UNCERTAIN,UNCERTAIN,STATIONARY,STATIONARY,STATIONARY,STATIONARY,STATIONARY
82608,2458,4,NO TRIAL,0.11086530,,,,,,0.22266156,0.42886688,0.22699841,0.25041669,0.27688195,UNRELIABLE,UNRELIABLE,UNRELIABLE,RELIABLE,RELIABLE,RELIABLE,RELIABLE,RELIABLE,UNCERTAIN,UNCERTAIN,UNCERTAIN,STATIONARY,STATIONARY,STATIONARY,STATIONARY,STATIONARY,STATIONARY
82639,2459,4,NO TRIAL,0.12827110,,,,,,0.14901698,0.32692906,0.17383858,0.18902408,0.19781146,UNRELIABLE,UNRELIABLE,UNRELIABLE,RELIABLE,RELIABLE,RELIABLE,RELIABLE,RELIABLE,UNCERTAIN,UNCERTAIN,UNCERTAIN,STATIONARY,MOVING,MOVING,MOVING,MOVING,MOVING
82671,2460,4,NO TRIAL,0.26882148,,,,,,0.23414430,0.31637304,0.18073568,0.17173855,0.18213197,UNRELIABLE,UNRELIABLE,UNRELIABLE,RELIABLE,PARTIAL,RELIABLE,RELIABLE,PARTIAL,UNCERTAIN,UNCERTAIN,UNCERTAIN,MOVING,MOVING,MOVING,MOVING,MOVING,MOVING
82701,2461,4,NO TRIAL,0.07900566,,,,,,0.37950480,0.39095902,0.23675431,0.23536643,0.24697111,UNRELIABLE,UNRELIABLE,UNRELIABLE,RELIABLE,PARTIAL,RELIABLE,RELIABLE,RELIABLE,UNCERTAIN,UNCERTAIN,UNCERTAIN,MOVING,MOVING,MOVING,MOVING,MOVING,MOVING
82733,2462,4,NO TRIAL,0.29544526,,,,,,0.32299318,0.34244302,0.20870187,,,UNRELIABLE,UNRELIABLE,UNRELIABLE,PARTIAL,PARTIAL,RELIABLE,UNRELIABLE,UNRELIABLE,UNCERTAIN,UNCERTAIN,UNCERTAIN,MOVING,MOVING,MOVING,UNCERTAIN,UNCERTAIN,MOVING
82766,2463,4,NO TRIAL,0.06637813,,,,,,,,0.22121740,,,UNRELIABLE,UNRELIABLE,UNRELIABLE,UNRELIABLE,UNRELIABLE,RELIABLE,PARTIAL,UNRELIABLE,UNCERTAIN,UNCERTAIN,UNCERTAIN,UNCERTAIN,UNCERTAIN,MOVING,UNCERTAIN,UNCERTAIN,MOVING
82814,2464,4,NO TRIAL,0.08956824,,,,,,,,0.22460551,0.26734976,,UNRELIABLE,UNRELIABLE,UNRELIABLE,RELIABLE,PARTIAL,RELIABLE,RELIABLE,PARTIAL,UNCERTAIN,UNCERTAIN,UNCERTAIN,UNCERTAIN,UNCERTAIN,MOVING,STATIONARY,UNCERTAIN,MOVING
82845,2465,4,NO TRIAL,0.10116655,,,,,,0.05517172,0.08483081,0.20061153,0.19201850,0.14877072,UNRELIABLE,UNRELIABLE,UNRELIABLE,RELIABLE,PARTIAL,RELIABLE,RELIABLE,PARTIAL,UNCERTAIN,UNCERTAIN,UNCERTAIN,STATIONARY,STATIONARY,MOVING,STATIONARY,STATIONARY,MOVING
82877,2466,4,NO TRIAL,0.29326029,,,,,,0.19810656,0.15978961,0.20007059,0.16962618,0.10457034,UNRELIABLE,UNRELIABLE,UNRELIABLE,RELIABLE,RELIABLE,RELIABLE,RELIABLE,RELIABLE,UNCERTAIN,UNCERTAIN,UNCERTAIN,STATIONARY,STATIONARY,MOVING,MOVING,STATIONARY,MOVING
82908,2467,4,NO TRIAL,0.06675499,,,,,,0.36590338,0.38506368,0.25613512,0.23407534,0.26956199,UNRELIABLE,UNRELIABLE,UNRELIABLE,PARTIAL,PARTIAL,RELIABLE,RELIABLE,RELIABLE,UNCERTAIN,UNCERTAIN,UNCERTAIN,MOVING,MOVING,MOVING,MOVING,MOVING,MOVING
82940,2468,4,NO TRIAL,0.10837137,,,,,,0.32822389,0.35696663,0.25063206,0.20745169,0.24446583,UNRELIABLE,UNRELIABLE,UNRELIABLE,PARTIAL,PARTIAL,RELIABLE,RELIABLE,RELIABLE,UNCERTAIN,UNCERTAIN,UNCERTAIN,MOVING,MOVING,MOVING,MOVING,MOVING,MOVING
82975,2469,4,NO TRIAL,0.11697432,,,,,,0.29523140,0.31398413,0.20326666,0.18826539,,PARTIAL,UNRELIABLE,UNRELIABLE,PARTIAL,PARTIAL,RELIABLE,RELIABLE,UNRELIABLE,UNCERTAIN,UNCERTAIN,UNCERTAIN,MOVING,MOVING,MOVING,MOVING,UNCERTAIN,MOVING
83004,2470,4,NO TRIAL,0.12128360,0.00283399,0.02336667,0.02336667,,,0.25914789,0.27307068,0.19964891,0.16773128,,PARTIAL,UNRELIABLE,UNRELIABLE,PARTIAL,PARTIAL,RELIABLE,RELIABLE,UNRELIABLE,STATIONARY,UNCERTAIN,UNCERTAIN,MOVING,MOVING,MOVING,MOVING,UNCERTAIN,MOVING
83036,2471,4,NO TRIAL,0.27443701,0.01021637,0.03722666,0.03029667,,,0.25557230,0.27137982,0.18175947,,,PARTIAL,UNRELIABLE,PARTIAL,RELIABLE,RELIABLE,RELIABLE,UNRELIABLE,RELIABLE,STATIONARY,UNCERTAIN,UNCERTAIN,MOVING,MOVING,MOVING,UNCERTAIN,UNCERTAIN,MOVING
83068,2472,4,NO TRIAL,0.07347398,0.01010348,0.13751102,0.06603479,,,0.28958623,0.30709870,0.19655738,,0.32545679,PARTIAL,UNRELIABLE,UNRELIABLE,RELIABLE,RELIABLE,RELIABLE,RELIABLE,RELIABLE,MOVING,UNCERTAIN,UNCERTAIN,MOVING,MOVING,MOVING,UNCERTAIN,STATIONARY,MOVING
83102,2473,4,NO TRIAL,0.10800286,0.00548460,0.05078204,0.06222160,,,0.30912153,0.32134548,0.20010095,0.07942965,0.24323268,RELIABLE,RELIABLE,RELIABLE,RELIABLE,RELIABLE,RELIABLE,RELIABLE,RELIABLE,MOVING,UNCERTAIN,UNCERTAIN,MOVING,MOVING,MOVING,STATIONARY,STATIONARY,MOVING
83134,2474,4,NO TRIAL,0.12471775,0.00532702,0.04271257,0.05831979,0.03516028,0.05312183,0.27985706,0.30782344,0.18958241,0.06211741,0.18014978,RELIABLE,RELIABLE,RELIABLE,RELIABLE,RELIABLE,RELIABLE,RELIABLE,RELIABLE,MOVING,STATIONARY,STATIONARY,MOVING,MOVING,MOVING,STATIONARY,MOVING,MOVING
83182,2475,4,NO TRIAL,0.13286516,0.00495100,0.03726335,0.05481038,0.04463570,0.06096843,0.20236117,0.21263487,0.13363517,0.06801177,0.14834437,RELIABLE,RELIABLE,RELIABLE,RELIABLE,RELIABLE,RELIABLE,RELIABLE,RELIABLE,MOVING,STATIONARY,STATIONARY,MOVING,MOVING,MOVING,MOVING,MOVING,MOVING
83224,2476,4,NO TRIAL,0.13693910,0.00247550,0.01807738,0.04956281,0.03850735,0.05177358,0.18040701,0.18304411,0.11811115,0.06068713,0.12381085,RELIABLE,RELIABLE,RELIABLE,RELIABLE,RELIABLE,RELIABLE,RELIABLE,RELIABLE,MOVING,MOVING,MOVING,MOVING,MOVING,MOVING,MOVING,MOVING,MOVING
83256,2477,4,NO TRIAL,0.13614832,0.00400778,0.02943689,0.04704707,0.04708628,0.05761519,0.16922965,0.17269513,0.11316466,0.05363169,0.10799096,RELIABLE,RELIABLE,RELIABLE,RELIABLE,RELIABLE,RELIABLE,RELIABLE,RELIABLE,MOVING,MOVING,MOVING,MOVING,MOVING,MOVING,MOVING,MOVING,MOVING
83288,2478,4,NO TRIAL,0.13613837,0.00481425,0.03536289,0.04854660,0.05156002,0.06045056,0.16639502,0.16923807,0.11531007,0.04945421,0.09861546,RELIABLE,RELIABLE,RELIABLE,RELIABLE,RELIABLE,RELIABLE,RELIABLE,RELIABLE,MOVING,MOVING,MOVING,MOVING,MOVING,MOVING,MOVING,MOVING,MOVING
83319,2479,4,NO TRIAL,0.13508365,0.00429670,0.03180771,0.04786923,0.05643170,0.06444406,0.14547894,0.14259660,0.10334884,0.04804199,0.09030414,RELIABLE,RELIABLE,RELIABLE,RELIABLE,RELIABLE,RELIABLE,RELIABLE,RELIABLE,MOVING,MOVING,MOVING,MOVING,MOVING,MOVING,MOVING,MOVING,MOVING
83351,2480,4,NO TRIAL,0.13455646,0.00214835,0.01596617,0.03267612,0.05416336,0.06129079,0.08370920,0.07597345,0.06111879,0.04451948,0.05163771,RELIABLE,RELIABLE,RELIABLE,RELIABLE,RELIABLE,RELIABLE,RELIABLE,RELIABLE,MOVING,MOVING,MOVING,MOVING,MOVING,MOVING,MOVING,MOVING,MOVING
83381,2481,4,NO TRIAL,0.13340714,0.00359329,0.02693480,0.02969522,0.05543856,0.06087630,0.06450068,0.05668849,0.04898511,0.04110373,0.03515600,RELIABLE,RELIABLE,RELIABLE,RELIABLE,RELIABLE,RELIABLE,RELIABLE,RELIABLE,MOVING,MOVING,MOVING,MOVING,MOVING,MOVING,MOVING,MOVING,MOVING
83412,2482,4,NO TRIAL,0.13345207,0.00358255,0.02684519,0.02771180,0.05912261,0.06193677,0.05684465,0.04932683,0.04874405,0.04446449,0.03555008,RELIABLE,RELIABLE,RELIABLE,RELIABLE,RELIABLE,RELIABLE,RELIABLE,RELIABLE,MOVING,MOVING,MOVING,MOVING,MOVING,MOVING,MOVING,MOVING,MOVING
83443,2483,4,NO TRIAL,0.13328837,0.00381067,0.02858964,0.02662758,0.06182212,0.06311897,0.05245383,0.04960861,0.04817334,0.04444689,0.03529882,RELIABLE,RELIABLE,RELIABLE,RELIABLE,RELIABLE,RELIABLE,RELIABLE,RELIABLE,MOVING,MOVING,MOVING,MOVING,MOVING,MOVING,MOVING,MOVING,MOVING
83475,2484,4,NO TRIAL,0.13106213,0.00487357,0.03718519,0.02901606,0.06903258,0.06871977,0.05119539,0.05450724,0.04931145,0.04631923,0.03428899,RELIABLE,RELIABLE,RELIABLE,RELIABLE,RELIABLE,RELIABLE,RELIABLE,RELIABLE,MOVING,MOVING,MOVING,MOVING,MOVING,MOVING,MOVING,MOVING,MOVING
83518,2485,4,NO TRIAL,0.12785652,0.00354565,0.02773145,0.02880288,0.06833718,0.06808234,0.04627568,0.05713038,0.04841598,0.04527291,0.03387924,RELIABLE,RELIABLE,RELIABLE,RELIABLE,RELIABLE,RELIABLE,RELIABLE,RELIABLE,MOVING,MOVING,MOVING,MOVING,MOVING,MOVING,MOVING,MOVING,MOVING
83555,2486,4,NO TRIAL,0.12629764,0.00177282,0.01403687,0.02613713,0.06391094,0.06353990,0.04145092,0.05710188,0.04355861,0.04278016,0.03020454,RELIABLE,RELIABLE,RELIABLE,RELIABLE,RELIABLE,RELIABLE,RELIABLE,RELIABLE,MOVING,MOVING,MOVING,MOVING,MOVING,MOVING,MOVING,MOVING,MOVING
83586,2487,4,NO TRIAL,0.12607555,0.00287474,0.02280174,0.02501138,0.05940489,0.05931567,0.03689908,0.06126161,0.03961250,0.04316291,0.02830631,RELIABLE,RELIABLE,RELIABLE,RELIABLE,RELIABLE,RELIABLE,RELIABLE,RELIABLE,MOVING,MOVING,MOVING,MOVING,MOVING,MOVING,MOVING,MOVING,MOVING
83618,2488,4,NO TRIAL,0.12573074,0.00233826,0.01859734,0.02534028,0.05937742,0.05921730,0.03710980,0.07416366,0.03979203,0.04299444,0.02814655,RELIABLE,RELIABLE,RELIABLE,RELIABLE,RELIABLE,RELIABLE,RELIABLE,RELIABLE,MOVING,MOVING,MOVING,MOVING,MOVING,MOVING,MOVING,MOVING,MOVING
83650,2489,4,NO TRIAL,0.12351060,0.00187424,0.01517471,0.02387027,0.05640297,0.05707753,0.03416481,0.08013165,0.03978637,0.04035488,0.02730396,RELIABLE,RELIABLE,RELIABLE,RELIABLE,RELIABLE,RELIABLE,RELIABLE,RELIABLE,MOVING,MOVING,MOVING,MOVING,MOVING,MOVING,MOVING,MOVING,MOVING
83680,2490,4,NO TRIAL,0.12258676,0.00214952,0.01753469,0.02270645,0.05385463,0.05501386,0.03236685,0.08256673,0.03546232,0.03573311,0.02328773,RELIABLE,RELIABLE,RELIABLE,RELIABLE,RELIABLE,RELIABLE,RELIABLE,RELIABLE,MOVING,MOVING,MOVING,MOVING,MOVING,MOVING,MOVING,MOVING,MOVING
83712,2491,4,NO TRIAL,0.12212835,0.00107476,0.00880025,0.02023278,0.04716698,0.04805888,0.02852963,0.07848996,0.02917735,0.02795362,0.01849177,RELIABLE,RELIABLE,RELIABLE,RELIABLE,RELIABLE,RELIABLE,RELIABLE,RELIABLE,MOVING,MOVING,MOVING,MOVING,MOVING,MOVING,MOVING,MOVING,MOVING
83743,2492,4,NO TRIAL,0.12116656,0.00171710,0.01417138,0.01735605,0.04014548,0.04183856,0.02827183,0.07645123,0.02676345,0.02539097,0.01911800,RELIABLE,RELIABLE,RELIABLE,RELIABLE,RELIABLE,RELIABLE,RELIABLE,RELIABLE,MOVING,MOVING,MOVING,MOVING,MOVING,MOVING,MOVING,MOVING,MOVING
83774,2493,4,NO TRIAL,0.12054686,0.00212729,0.01764699,0.01609550,0.03598182,0.03781187,0.02746393,0.07278084,0.02601069,0.03029176,0.01987567,RELIABLE,RELIABLE,RELIABLE,RELIABLE,RELIABLE,RELIABLE,RELIABLE,RELIABLE,MOVING,MOVING,MOVING,MOVING,MOVING,MOVING,MOVING,MOVING,MOVING
83806,2494,4,NO TRIAL,0.11899732,0.00205457,0.01726565,0.01649909,0.03656625,0.03873226,0.03039015,0.07313084,0.02721566,0.03392078,0.02236364,RELIABLE,RELIABLE,RELIABLE,RELIABLE,RELIABLE,RELIABLE,RELIABLE,RELIABLE,MOVING,MOVING,MOVING,MOVING,MOVING,MOVING,MOVING,MOVING,MOVING
83837,2495,4,NO TRIAL,0.11825431,0.00102728,0.00868706,0.01473476,0.03340877,0.03509785,0.02916335,0.06568899,0.02569953,0.03096029,0.02231346,RELIABLE,RELIABLE,RELIABLE,RELIABLE,RELIABLE,RELIABLE,RELIABLE,RELIABLE,MOVING,MOVING,MOVING,MOVING,MOVING,MOVING,MOVING,MOVING,MOVING
83868,2496,4,NO TRIAL,0.11865163,0.00119752,0.01009275,0.01367168,0.03039461,0.03228090,0.02884315,0.05101423,0.02332695,0.02959795,0.02312137,RELIABLE,RELIABLE,RELIABLE,RELIABLE,RELIABLE,RELIABLE,RELIABLE,RELIABLE,MOVING,MOVING,MOVING,MOVING,MOVING,MOVING,MOVING,MOVING,MOVING
83899,2497,4,NO TRIAL,0.11898328,0.00219617,0.01845778,0.01408207,0.02982593,0.03215732,0.02905801,0.04405096,0.02046248,0.02787128,0.02359255,RELIABLE,RELIABLE,RELIABLE,RELIABLE,RELIABLE,RELIABLE,RELIABLE,RELIABLE,MOVING,MOVING,MOVING,MOVING,MOVING,MOVING,MOVING,MOVING,MOVING
83935,2498,4,NO TRIAL,0.11966417,0.00252837,0.02112892,0.01453135,0.03029999,0.03105551,0.02954842,0.03630659,0.02023900,0.03059997,0.02472913,RELIABLE,RELIABLE,RELIABLE,RELIABLE,RELIABLE,RELIABLE,RELIABLE,RELIABLE,MOVING,MOVING,MOVING,MOVING,MOVING,MOVING,MOVING,MOVING,MOVING
83966,2499,4,NO TRIAL,0.11946630,0.00194635,0.01629205,0.01546782,0.03263972,0.03259936,0.03104332,0.03460771,0.02185061,0.03160463,0.02526654,RELIABLE,RELIABLE,RELIABLE,RELIABLE,RELIABLE,RELIABLE,RELIABLE,RELIABLE,MOVING,MOVING,MOVING,MOVING,MOVING,MOVING,MOVING,MOVING,MOVING
84014,2500,4,NO TRIAL,0.11917744,0.00219628,0.01842867,0.01599998,0.03493380,0.03407059,0.03150553,0.03094237,0.02296962,0.03508194,0.02703000,RELIABLE,RELIABLE,RELIABLE,RELIABLE,RELIABLE,RELIABLE,RELIABLE,RELIABLE,MOVING,MOVING,MOVING,MOVING,MOVING,MOVING,MOVING,MOVING,MOVING
84054,2501,4,NO TRIAL,0.11903302,0.00109814,0.00922552,0.01494730,0.03357565,0.03185761,0.02995017,0.02642817,0.02132582,0.03186893,0.02536816,RELIABLE,RELIABLE,RELIABLE,RELIABLE,RELIABLE,RELIABLE,RELIABLE,RELIABLE,MOVING,MOVING,MOVING,MOVING,MOVING,MOVING,MOVING,MOVING,MOVING
84086,2502,4,NO TRIAL,0.11884706,0.00260652,0.02193170,0.01553056,0.03465868,0.03242106,0.03197274,0.02490591,0.02268815,0.02995388,0.02337558,RELIABLE,RELIABLE,RELIABLE,RELIABLE,RELIABLE,RELIABLE,RELIABLE,RELIABLE,MOVING,MOVING,MOVING,MOVING,MOVING,MOVING,MOVING,MOVING,MOVING
84118,2503,4,NO TRIAL,0.11950985,0.00212152,0.01775187,0.01666366,0.03753260,0.03419958,0.03729086,0.02682031,0.02738337,0.03301274,0.02509234,RELIABLE,RELIABLE,RELIABLE,RELIABLE,RELIABLE,RELIABLE,RELIABLE,RELIABLE,MOVING,MOVING,MOVING,MOVING,MOVING,MOVING,MOVING,MOVING,MOVING
84148,2504,4,NO TRIAL,0.11885222,0.00222887,0.01875332,0.01774623,0.04148168,0.03787183,0.04132233,0.03107140,0.03127056,0.03703918,0.02612734,RELIABLE,RELIABLE,RELIABLE,RELIABLE,RELIABLE,RELIABLE,RELIABLE,RELIABLE,MOVING,MOVING,MOVING,MOVING,MOVING,MOVING,MOVING,MOVING,MOVING
84180,2505,4,NO TRIAL,0.11853120,0.00111444,0.00940205,0.01661426,0.03997559,0.03592318,0.04089656,0.02925674,0.03164830,0.03738839,0.02470882,RELIABLE,RELIABLE,RELIABLE,RELIABLE,RELIABLE,RELIABLE,RELIABLE,RELIABLE,MOVING,MOVING,MOVING,MOVING,MOVING,MOVING,MOVING,MOVING,MOVING
84210,2506,4,NO TRIAL,0.11708593,0.00235797,0.02013880,0.01649050,0.03939127,0.03592151,0.04537675,0.03073950,0.03233355,0.03443939,0.02274198,RELIABLE,RELIABLE,RELIABLE,RELIABLE,RELIABLE,RELIABLE,RELIABLE,RELIABLE,MOVING,MOVING,MOVING,MOVING,MOVING,MOVING,MOVING,MOVING,MOVING
84241,2507,4,NO TRIAL,0.11643296,0.00260717,0.02239201,0.01725299,0.03876878,0.03697431,0.05147651,0.03398739,0.03313878,0.03577249,0.02326689,RELIABLE,RELIABLE,RELIABLE,RELIABLE,RELIABLE,RELIABLE,RELIABLE,RELIABLE,MOVING,MOVING,MOVING,MOVING,MOVING,MOVING,MOVING,MOVING,MOVING
84273,2508,4,NO TRIAL,0.11597893,0.00220830,0.01904057,0.01732948,0.03927388,0.03787502,0.05712361,0.03722263,0.03316019,0.03644398,0.02190733,RELIABLE,RELIABLE,RELIABLE,RELIABLE,RELIABLE,RELIABLE,RELIABLE,RELIABLE,MOVING,MOVING,MOVING,MOVING,MOVING,MOVING,MOVING,MOVING,MOVING
84304,2509,4,NO TRIAL,0.11556637,0.00248446,0.02149814,0.01886356,0.04144881,0.04079630,0.06482828,0.04471039,0.03414569,0.03500392,0.02146923,RELIABLE,RELIABLE,RELIABLE,RELIABLE,RELIABLE,RELIABLE,RELIABLE,RELIABLE,MOVING,MOVING,MOVING,MOVING,MOVING,MOVING,MOVING,MOVING,MOVING
84351,2510,4,NO TRIAL,0.11644449,0.00199354,0.01712006,0.01826210,0.03910107,0.03840760,0.06592714,0.05076024,0.03245408,0.03576842,0.02284956,RELIABLE,RELIABLE,RELIABLE,RELIABLE,RELIABLE,RELIABLE,RELIABLE,RELIABLE,MOVING,MOVING,MOVING,MOVING,MOVING,MOVING,MOVING,MOVING,MOVING
84383,2511,4,NO TRIAL,0.11754425,0.00178084,0.01515042,0.01793692,0.03767673,0.03759200,0.06704798,0.05382533,0.02908970,0.03335730,0.02316868,RELIABLE,RELIABLE,RELIABLE,RELIABLE,RELIABLE,RELIABLE,RELIABLE,RELIABLE,MOVING,MOVING,MOVING,MOVING,MOVING,MOVING,MOVING,MOVING,MOVING
84413,2512,4,NO TRIAL,0.11812577,0.00089042,0.00753792,0.01653500,0.03363295,0.03335752,0.06341763,0.05216488,0.02530824,0.02987953,0.02151129,RELIABLE,RELIABLE,RELIABLE,RELIABLE,RELIABLE,RELIABLE,RELIABLE,RELIABLE,MOVING,MOVING,MOVING,MOVING,MOVING,MOVING,MOVING,MOVING,MOVING
84446,2513,4,NO TRIAL,0.11641889,0.00156020,0.01340160,0.01703494,0.03491324,0.03428483,0.06584829,0.05365832,0.02609654,0.03002201,0.02327121,RELIABLE,RELIABLE,RELIABLE,RELIABLE,RELIABLE,RELIABLE,RELIABLE,RELIABLE,MOVING,MOVING,MOVING,MOVING,MOVING,MOVING,MOVING,MOVING,MOVING
84478,2514,4,NO TRIAL,0.11533708,0.00203593,0.01765198,0.01672409,0.03457476,0.03339749,0.06262016,0.05329891,0.02425169,0.02886422,0.02442723,RELIABLE,RELIABLE,RELIABLE,RELIABLE,RELIABLE,RELIABLE,RELIABLE,RELIABLE,MOVING,MOVING,MOVING,MOVING,MOVING,MOVING,MOVING,MOVING,MOVING
84510,2515,4,NO TRIAL,0.11512787,0.00143156,0.01243454,0.01547940,0.03317315,0.03117948,0.05686058,0.05068801,0.02311849,0.02724752,0.02598632,RELIABLE,RELIABLE,RELIABLE,RELIABLE,RELIABLE,RELIABLE,RELIABLE,RELIABLE,MOVING,MOVING,MOVING,MOVING,MOVING,MOVING,MOVING,MOVING,MOVING
84541,2516,4,NO TRIAL,0.11507779,0.00071578,0.00621997,0.01387683,0.02845004,0.02685864,0.04922347,0.04596851,0.02059577,0.02040002,0.02485242,RELIABLE,RELIABLE,RELIABLE,RELIABLE,RELIABLE,RELIABLE,RELIABLE,RELIABLE,MOVING,MOVING,MOVING,MOVING,MOVING,MOVING,MOVING,MOVING,MOVING
84573,2517,4,NO TRIAL,0.11504338,0.00088196,0.00766633,0.01214785,0.02457491,0.02205398,0.04252452,0.03947253,0.02089061,0.02087472,0.02609899,RELIABLE,RELIABLE,RELIABLE,RELIABLE,RELIABLE,RELIABLE,RELIABLE,RELIABLE,MOVING,MOVING,MOVING,MOVING,MOVING,MOVING,MOVING,MOVING,MOVING
84604,2518,4,NO TRIAL,0.11465469,0.00133761,0.01166641,0.01146614,0.02263615,0.01986525,0.03638108,0.03079726,0.01982532,0.01905614,0.02465604,RELIABLE,RELIABLE,RELIABLE,RELIABLE,RELIABLE,RELIABLE,RELIABLE,RELIABLE,MOVING,MOVING,MOVING,MOVING,MOVING,MOVING,MOVING,MOVING,MOVING
84638,2519,4,NO TRIAL,0.11536175,0.00091783,0.00795614,0.01056686,0.01982734,0.01810203,0.02859277,0.02441245,0.01752975,0.02002490,0.02289540,RELIABLE,RELIABLE,RELIABLE,RELIABLE,RELIABLE,RELIABLE,RELIABLE,RELIABLE,MOVING,MOVING,MOVING,MOVING,MOVING,MOVING,MOVING,MOVING,MOVING
84667,2520,4,NO TRIAL,0.11571675,0.00045892,0.00396587,0.01012035,0.01843085,0.01722651,0.02471891,0.02123699,0.01638832,0.02051059,0.02202158,RELIABLE,RELIABLE,RELIABLE,RELIABLE,RELIABLE,RELIABLE,RELIABLE,RELIABLE,MOVING,MOVING,MOVING,MOVING,MOVING,MOVING,MOVING,MOVING,MOVING
84718,2521,4,NO TRIAL,0.11322708,0.00147585,0.01303438,0.01007445,0.01760247,0.01599196,0.01927161,0.02262138,0.01483651,0.01951607,0.02078399,RELIABLE,RELIABLE,RELIABLE,RELIABLE,RELIABLE,RELIABLE,RELIABLE,RELIABLE,MOVING,MOVING,MOVING,MOVING,MOVING,MOVING,MOVING,MOVING,MOVING
84745,2522,4,NO TRIAL,0.11199095,0.00073792,0.00658913,0.00869160,0.01426366,0.01372461,0.01414857,0.02119534,0.01378725,0.01738554,0.01853388,RELIABLE,RELIABLE,RELIABLE,RELIABLE,RELIABLE,RELIABLE,RELIABLE,RELIABLE,MOVING,MOVING,MOVING,MOVING,MOVING,MOVING,MOVING,MOVING,MOVING
84777,2523,4,NO TRIAL,0.11137416,0.00048269,0.00433397,0.00767903,0.01151443,0.01069610,0.01183908,0.02055857,0.01256227,0.01742815,0.01852920,RELIABLE,RELIABLE,RELIABLE,RELIABLE,RELIABLE,RELIABLE,RELIABLE,RELIABLE,MOVING,MOVING,MOVING,MOVING,MOVING,MOVING,MOVING,MOVING,MOVING
84809,2524,4,NO TRIAL,0.11163266,0.00089958,0.00805840,0.00790883,0.01184256,0.01086406,0.01107715,0.02326137,0.01312504,0.01902381,0.01773826,RELIABLE,RELIABLE,RELIABLE,RELIABLE,RELIABLE,RELIABLE,RELIABLE,RELIABLE,MOVING,MOVING,MOVING,MOVING,MOVING,MOVING,MOVING,MOVING,MOVING
84846,2525,4,NO TRIAL,0.11315676,0.00111066,0.00981520,0.00817744,0.01276374,0.01293668,0.01099450,0.02745313,0.01174296,0.01824576,0.01756273,RELIABLE,RELIABLE,RELIABLE,RELIABLE,RELIABLE,RELIABLE,RELIABLE,RELIABLE,MOVING,MOVING,MOVING,MOVING,MOVING,MOVING,MOVING,MOVING,MOVING
84887,2526,4,NO TRIAL,0.11392474,0.00055533,0.00487452,0.00732845,0.01217337,0.01294189,0.01033391,0.02966467,0.01064988,0.01753792,0.01696470,RELIABLE,RELIABLE,RELIABLE,RELIABLE,RELIABLE,RELIABLE,RELIABLE,RELIABLE,MOVING,MOVING,MOVING,MOVING,MOVING,MOVING,MOVING,MOVING,MOVING
84919,2527,4,NO TRIAL,0.11559448,0.00128462,0.01111320,0.00772308,0.01279536,0.01173810,0.01142583,0.03308924,0.01093672,0.01586888,0.01652483,RELIABLE,RELIABLE,RELIABLE,RELIABLE,RELIABLE,RELIABLE,RELIABLE,RELIABLE,MOVING,MOVING,MOVING,MOVING,MOVING,MOVING,MOVING,MOVING,MOVING
84951,2528,4,NO TRIAL,0.11403199,0.00120782,0.01059190,0.00855134,0.01459457,0.01311812,0.01486711,0.03765847,0.01270795,0.01679738,0.01780674,RELIABLE,RELIABLE,RELIABLE,RELIABLE,RELIABLE,RELIABLE,RELIABLE,RELIABLE,MOVING,MOVING,MOVING,MOVING,MOVING,MOVING,MOVING,MOVING,MOVING
84982,2529,4,NO TRIAL,0.11387472,0.00058717,0.00515624,0.00756657,0.01163022,0.01127299,0.01741096,0.03615719,0.01355789,0.01997881,0.01918203,RELIABLE,RELIABLE,RELIABLE,RELIABLE,RELIABLE,RELIABLE,RELIABLE,RELIABLE,MOVING,MOVING,MOVING,MOVING,MOVING,MOVING,MOVING,MOVING,MOVING
85013,2530,4,NO TRIAL,0.11311913,0.00114978,0.01016432,0.00801347,0.01171032,0.01117197,0.02114055,0.03812669,0.01611931,0.02165967,0.02186925,RELIABLE,RELIABLE,RELIABLE,RELIABLE,RELIABLE,RELIABLE,RELIABLE,RELIABLE,MOVING,MOVING,MOVING,MOVING,MOVING,MOVING,MOVING,MOVING,MOVING
85045,2531,4,NO TRIAL,0.11277797,0.00057489,0.00509753,0.00810891,0.01228257,0.01163361,0.02178858,0.03677339,0.01612416,0.01997777,0.01963397,RELIABLE,RELIABLE,RELIABLE,RELIABLE,RELIABLE,RELIABLE,RELIABLE,RELIABLE,MOVING,MOVING,MOVING,MOVING,MOVING,MOVING,MOVING,MOVING,MOVING
85076,2532,4,NO TRIAL,0.11317983,0.00102418,0.00904914,0.00823276,0.01265498,0.01225337,0.02318731,0.03364713,0.01613411,0.01881556,0.02093798,RELIABLE,RELIABLE,RELIABLE,RELIABLE,RELIABLE,RELIABLE,RELIABLE,RELIABLE,MOVING,MOVING,MOVING,MOVING,MOVING,MOVING,MOVING,MOVING,MOVING
85107,2533,4,NO TRIAL,0.11383864,0.00101356,0.00890352,0.00811880,0.01279333,0.01152618,0.02272012,0.02887081,0.01511239,0.01882280,0.02169760,RELIABLE,RELIABLE,RELIABLE,RELIABLE,RELIABLE,RELIABLE,RELIABLE,RELIABLE,MOVING,MOVING,MOVING,MOVING,MOVING,MOVING,MOVING,MOVING,MOVING
85138,2534,4,NO TRIAL,0.11429233,0.00099814,0.00873324,0.00860114,0.01275089,0.01150064,0.02459939,0.02742524,0.01578353,0.02000550,0.02458701,RELIABLE,RELIABLE,RELIABLE,RELIABLE,RELIABLE,RELIABLE,RELIABLE,RELIABLE,MOVING,MOVING,MOVING,MOVING,MOVING,MOVING,MOVING,MOVING,MOVING
85170,2535,4,NO TRIAL,0.11567694,0.00181229,0.01566678,0.00917033,0.01459826,0.01431056,0.02694835,0.02573036,0.01711871,0.01972082,0.02719115,RELIABLE,RELIABLE,RELIABLE,RELIABLE,RELIABLE,RELIABLE,RELIABLE,RELIABLE,MOVING,MOVING,MOVING,MOVING,MOVING,MOVING,MOVING,MOVING,MOVING
85214,2536,4,NO TRIAL,0.11747768,0.00111770,0.00951413,0.00903561,0.01305711,0.01330215,0.02792922,0.02213328,0.01652155,0.01814778,0.02878788,RELIABLE,RELIABLE,RELIABLE,RELIABLE,RELIABLE,RELIABLE,RELIABLE,RELIABLE,MOVING,MOVING,MOVING,MOVING,MOVING,MOVING,MOVING,MOVING,MOVING
85248,2537,4,NO TRIAL,0.11838256,0.00055885,0.00472070,0.00898117,0.01296731,0.01307212,0.02683076,0.01881118,0.01454757,0.01398821,0.02704349,RELIABLE,RELIABLE,RELIABLE,RELIABLE,RELIABLE,RELIABLE,RELIABLE,RELIABLE,MOVING,MOVING,MOVING,MOVING,MOVING,MOVING,MOVING,MOVING,MOVING
85280,2538,4,NO TRIAL,0.11771659,0.00216688,0.01840760,0.01001158,0.01640965,0.01541276,0.02737568,0.01571113,0.01493759,0.01587248,0.02903872,RELIABLE,RELIABLE,RELIABLE,RELIABLE,RELIABLE,RELIABLE,RELIABLE,RELIABLE,MOVING,MOVING,MOVING,MOVING,MOVING,MOVING,MOVING,MOVING,MOVING
85311,2539,4,NO TRIAL,0.11807327,0.00206557,0.01749397,0.01156113,0.02007382,0.01973441,0.02911513,0.01488006,0.01638403,0.01897281,0.03316098,RELIABLE,RELIABLE,RELIABLE,RELIABLE,RELIABLE,RELIABLE,RELIABLE,RELIABLE,MOVING,MOVING,MOVING,MOVING,MOVING,MOVING,MOVING,MOVING,MOVING
85342,2540,4,NO TRIAL,0.11888121,0.00260648,0.02192505,0.01317062,0.02365490,0.02167968,0.03086015,0.01565745,0.01748712,0.02162713,0.03512317,RELIABLE,RELIABLE,RELIABLE,RELIABLE,RELIABLE,RELIABLE,RELIABLE,RELIABLE,MOVING,MOVING,MOVING,MOVING,MOVING,MOVING,MOVING,MOVING,MOVING
85374,2541,4,NO TRIAL,0.11929420,0.00130324,0.01092458,0.01342326,0.02431379,0.02186351,0.03059038,0.01467842,0.01818991,0.02180671,0.03371082,RELIABLE,RELIABLE,RELIABLE,RELIABLE,RELIABLE,RELIABLE,RELIABLE,RELIABLE,MOVING,MOVING,MOVING,MOVING,MOVING,MOVING,MOVING,MOVING,MOVING
85405,2542,4,NO TRIAL,0.11974462,0.00205047,0.01712371,0.01447206,0.02806504,0.02528457,0.03091902,0.01444291,0.02091676,0.02323323,0.03294846,RELIABLE,RELIABLE,RELIABLE,RELIABLE,RELIABLE,RELIABLE,RELIABLE,RELIABLE,MOVING,MOVING,MOVING,MOVING,MOVING,MOVING,MOVING,MOVING,MOVING
85436,2543,4,NO TRIAL,0.11982020,0.00301502,0.02516290,0.01565908,0.03113478,0.02943677,0.03177174,0.01458159,0.02412473,0.02666426,0.03372346,RELIABLE,RELIABLE,RELIABLE,RELIABLE,RELIABLE,RELIABLE,RELIABLE,RELIABLE,MOVING,MOVING,MOVING,MOVING,MOVING,MOVING,MOVING,MOVING,MOVING
85470,2544,4,NO TRIAL,0.12006363,0.00287885,0.02397767,0.01746702,0.03720807,0.03594149,0.03161857,0.01672520,0.02829860,0.02947875,0.03339722,RELIABLE,RELIABLE,RELIABLE,RELIABLE,RELIABLE,RELIABLE,RELIABLE,RELIABLE,MOVING,MOVING,MOVING,MOVING,MOVING,MOVING,MOVING,MOVING,MOVING
85502,2545,4,NO TRIAL,0.12155236,0.00360583,0.02966483,0.02058504,0.04532205,0.04389041,0.03480095,0.02137260,0.03425918,0.03523212,0.03908283,RELIABLE,RELIABLE,RELIABLE,RELIABLE,RELIABLE,RELIABLE,RELIABLE,RELIABLE,MOVING,MOVING,MOVING,MOVING,MOVING,MOVING,MOVING,MOVING,MOVING
85550,2546,4,NO TRIAL,0.12221997,0.00455653,0.03728142,0.02294427,0.05203910,0.05087120,0.03650554,0.02689568,0.03630310,0.03410303,0.03922660,RELIABLE,RELIABLE,RELIABLE,RELIABLE,RELIABLE,RELIABLE,RELIABLE,RELIABLE,MOVING,MOVING,MOVING,MOVING,MOVING,MOVING,MOVING,MOVING,MOVING
85592,2547,4,NO TRIAL,0.12255448,0.00227827,0.01858983,0.02308125,0.05343552,0.05119385,0.03587552,0.02892110,0.03606018,0.03137204,0.03615974,RELIABLE,RELIABLE,RELIABLE,RELIABLE,RELIABLE,RELIABLE,RELIABLE,RELIABLE,MOVING,MOVING,MOVING,MOVING,MOVING,MOVING,MOVING,MOVING,MOVING
85625,2548,4,NO TRIAL,0.12488557,0.00353828,0.02833219,0.02388214,0.05477871,0.05525584,0.03810160,0.03320952,0.03912188,0.03010213,0.03520847,RELIABLE,RELIABLE,RELIABLE,RELIABLE,RELIABLE,RELIABLE,RELIABLE,RELIABLE,MOVING,MOVING,MOVING,MOVING,MOVING,MOVING,MOVING,MOVING,MOVING
85655,2549,4,NO TRIAL,0.12683670,0.00419283,0.03305694,0.02664869,0.06258828,0.06385611,0.04337278,0.03947513,0.04408901,0.03304226,0.03797920,RELIABLE,RELIABLE,RELIABLE,RELIABLE,RELIABLE,RELIABLE,RELIABLE,RELIABLE,MOVING,MOVING,MOVING,MOVING,MOVING,MOVING,MOVING,MOVING,MOVING
85687,2550,4,NO TRIAL,0.12891032,0.00465904,0.03614174,0.02902594,0.06948331,0.07077223,0.04744648,0.04603316,0.04736589,0.03285335,0.03743378,RELIABLE,RELIABLE,RELIABLE,RELIABLE,RELIABLE,RELIABLE,RELIABLE,RELIABLE,MOVING,MOVING,MOVING,MOVING,MOVING,MOVING,MOVING,MOVING,MOVING
85718,2551,4,NO TRIAL,0.13130801,0.00461148,0.03511954,0.03027052,0.07440577,0.07407111,0.04765734,0.05073606,0.04892400,0.03398381,0.03565601,RELIABLE,RELIABLE,RELIABLE,RELIABLE,RELIABLE,RELIABLE,RELIABLE,RELIABLE,MOVING,MOVING,MOVING,MOVING,MOVING,MOVING,MOVING,MOVING,MOVING
85749,2552,4,NO TRIAL,0.13252233,0.00230574,0.01739887,0.02944817,0.07325400,0.07167612,0.04561622,0.05087179,0.04673853,0.03309364,0.03367191,RELIABLE,RELIABLE,RELIABLE,RELIABLE,RELIABLE,RELIABLE,RELIABLE,RELIABLE,MOVING,MOVING,MOVING,MOVING,MOVING,MOVING,MOVING,MOVING,MOVING
85780,2553,4,NO TRIAL,0.13388188,0.00396832,0.02964042,0.02944512,0.07374895,0.07130676,0.04369633,0.05327418,0.04536915,0.03088445,0.02916260,RELIABLE,RELIABLE,RELIABLE,RELIABLE,RELIABLE,RELIABLE,RELIABLE,RELIABLE,MOVING,MOVING,MOVING,MOVING,MOVING,MOVING,MOVING,MOVING,MOVING
85812,2554,4,NO TRIAL,0.13618249,0.00443282,0.03255056,0.02885376,0.06861678,0.06836098,0.04100840,0.05402832,0.04521121,0.03172139,0.03089077,RELIABLE,RELIABLE,RELIABLE,RELIABLE,RELIABLE,RELIABLE,RELIABLE,RELIABLE,MOVING,MOVING,MOVING,MOVING,MOVING,MOVING,MOVING,MOVING,MOVING
85843,2555,4,NO TRIAL,0.13757042,0.00404555,0.02940714,0.03020593,0.06869859,0.06974103,0.04293237,0.05877969,0.04753457,0.03612694,0.03022940,RELIABLE,RELIABLE,RELIABLE,RELIABLE,RELIABLE,RELIABLE,RELIABLE,RELIABLE,MOVING,MOVING,MOVING,MOVING,MOVING,MOVING,MOVING,MOVING,MOVING
85875,2556,4,NO TRIAL,0.13826622,0.00202278,0.01462958,0.02849310,0.06454057,0.06465733,0.03899661,0.05609317,0.04393646,0.03586104,0.02777563,RELIABLE,RELIABLE,RELIABLE,RELIABLE,RELIABLE,RELIABLE,RELIABLE,RELIABLE,MOVING,MOVING,MOVING,MOVING,MOVING,MOVING,MOVING,MOVING,MOVING
85917,2557,4,NO TRIAL,0.14150609,0.00371463,0.02625067,0.02764232,0.05918549,0.05964913,0.03769023,0.05754104,0.04139469,0.03572981,0.02491792,RELIABLE,RELIABLE,RELIABLE,RELIABLE,RELIABLE,RELIABLE,RELIABLE,RELIABLE,MOVING,MOVING,MOVING,MOVING,MOVING,MOVING,MOVING,MOVING,MOVING
85954,2558,4,NO TRIAL,0.14312956,0.00185731,0.01297646,0.02474666,0.05018424,0.05083834,0.03299763,0.05361589,0.03575672,0.03478561,0.02296390,RELIABLE,RELIABLE,RELIABLE,RELIABLE,RELIABLE,RELIABLE,RELIABLE,RELIABLE,MOVING,MOVING,MOVING,MOVING,MOVING,MOVING,MOVING,MOVING,MOVING
85985,2559,4,NO TRIAL,0.14388899,0.00212727,0.01478412,0.02220473,0.04248915,0.04334183,0.03028687,0.05129774,0.03080493,0.03154763,0.01997711,RELIABLE,RELIABLE,RELIABLE,RELIABLE,RELIABLE,RELIABLE,RELIABLE,RELIABLE,MOVING,MOVING,MOVING,MOVING,MOVING,MOVING,MOVING,MOVING,MOVING
86016,2560,4,NO TRIAL,0.14660769,0.00274463,0.01872088,0.02236998,0.04180673,0.04150430,0.03044259,0.05296814,0.03021261,0.03491975,0.02136730,RELIABLE,RELIABLE,RELIABLE,RELIABLE,RELIABLE,RELIABLE,RELIABLE,RELIABLE,MOVING,MOVING,MOVING,MOVING,MOVING,MOVING,MOVING,MOVING,MOVING
86048,2561,4,NO TRIAL,0.14658453,0.00204446,0.01394731,0.02040834,0.03618498,0.03661815,0.02897166,0.05003839,0.02725546,0.03628674,0.02039637,RELIABLE,RELIABLE,RELIABLE,RELIABLE,RELIABLE,RELIABLE,RELIABLE,RELIABLE,MOVING,MOVING,MOVING,MOVING,MOVING,MOVING,MOVING,MOVING,MOVING
86079,2562,4,NO TRIAL,0.14657356,0.00102223,0.00697418,0.01721129,0.03102527,0.03063771,0.02629325,0.04450915,0.02266268,0.03497141,0.01374708,RELIABLE,RELIABLE,RELIABLE,RELIABLE,RELIABLE,RELIABLE,RELIABLE,RELIABLE,MOVING,MOVING,MOVING,MOVING,MOVING,MOVING,MOVING,MOVING,MOVING
86111,2563,4,NO TRIAL,0.14885256,0.00113477,0.00762345,0.01448833,0.02589632,0.02539162,0.02330687,0.03882991,0.01959745,0.03456766,0.01343236,RELIABLE,RELIABLE,RELIABLE,RELIABLE,RELIABLE,RELIABLE,RELIABLE,RELIABLE,MOVING,MOVING,MOVING,MOVING,MOVING,MOVING,MOVING,MOVING,MOVING
86142,2564,4,NO TRIAL,0.15037044,0.00248905,0.01655281,0.01472874,0.02651766,0.02452614,0.02277961,0.03700244,0.01815904,0.03595498,0.01376634,RELIABLE,RELIABLE,RELIABLE,RELIABLE,RELIABLE,RELIABLE,RELIABLE,RELIABLE,MOVING,MOVING,MOVING,MOVING,MOVING,MOVING,MOVING,MOVING,MOVING
90318,2689,4,NO TRIAL,0.14163547,0.00112715,0.00795810,0.00821031,0.01117620,0.00676586,0.00807953,0.01147663,0.00855938,0.01994387,0.01483156,RELIABLE,RELIABLE,RELIABLE,RELIABLE,RELIABLE,RELIABLE,RELIABLE,RELIABLE,STATIONARY,MOVING,STATIONARY,MOVING,MOVING,MOVING,MOVING,MOVING,MOVING
90360,2690,4,NO TRIAL,0.14219836,0.00056357,0.00396330,0.00806000,0.01131005,0.00674644,0.00729020,0.01058788,0.00736391,0.01692886,0.01380127,RELIABLE,RELIABLE,RELIABLE,RELIABLE,RELIABLE,RELIABLE,RELIABLE,RELIABLE,STATIONARY,MOVING,STATIONARY,MOVING,MOVING,MOVING,MOVING,MOVING,MOVING
90390,2691,4,NO TRIAL,0.14173495,0.00218146,0.01539112,0.00927446,0.01266915,0.00763194,0.00729228,0.01149379,0.00660713,0.01520996,0.01377269,RELIABLE,RELIABLE,RELIABLE,RELIABLE,RELIABLE,RELIABLE,RELIABLE,RELIABLE,STATIONARY,MOVING,STATIONARY,MOVING,MOVING,MOVING,MOVING,MOVING,MOVING
90422,2692,4,NO TRIAL,0.14108002,0.00060240,0.00426995,0.00945455,0.01308569,0.00820869,0.00762930,0.01223376,0.00702980,0.01743906,0.01515667,RELIABLE,RELIABLE,RELIABLE,RELIABLE,RELIABLE,RELIABLE,RELIABLE,RELIABLE,STATIONARY,MOVING,STATIONARY,MOVING,MOVING,MOVING,MOVING,MOVING,MOVING
90454,2693,4,NO TRIAL,0.13961484,0.00167619,0.01200578,0.00979469,0.01300194,0.00872247,0.00906423,0.01301726,0.00759810,0.01881257,0.01394258,RELIABLE,RELIABLE,RELIABLE,RELIABLE,RELIABLE,RELIABLE,RELIABLE,RELIABLE,STATIONARY,MOVING,STATIONARY,MOVING,MOVING,MOVING,MOVING,MOVING,MOVING
90486,2694,4,NO TRIAL,0.13888389,0.00083809,0.00603448,0.00906004,0.01139952,0.00802969,0.00863475,0.01066299,0.00741183,0.01857606,0.01345607,RELIABLE,RELIABLE,RELIABLE,RELIABLE,RELIABLE,RELIABLE,RELIABLE,RELIABLE,STATIONARY,MOVING,STATIONARY,MOVING,MOVING,MOVING,MOVING,MOVING,MOVING
90517,2695,4,NO TRIAL,0.13760702,0.00166631,0.01210919,0.00867028,0.00992126,0.00862836,0.00829027,0.01001670,0.00737837,0.02080424,0.01441371,RELIABLE,RELIABLE,RELIABLE,RELIABLE,RELIABLE,RELIABLE,RELIABLE,RELIABLE,STATIONARY,MOVING,STATIONARY,MOVING,MOVING,MOVING,MOVING,MOVING,MOVING
90548,2696,4,NO TRIAL,0.13971054,0.00088101,0.00630598,0.00850474,0.00879782,0.00846972,0.00845946,0.01121365,0.00745555,0.02108704,0.01531985,RELIABLE,RELIABLE,RELIABLE,RELIABLE,RELIABLE,RELIABLE,RELIABLE,RELIABLE,STATIONARY,MOVING,STATIONARY,MOVING,MOVING,MOVING,MOVING,MOVING,MOVING
90580,2697,4,NO TRIAL,0.14032959,0.00099633,0.00709991,0.00839746,0.00906343,0.00866889,0.00848726,0.01079717,0.00755812,0.02269363,0.01570070,RELIABLE,RELIABLE,RELIABLE,RELIABLE,RELIABLE,RELIABLE,RELIABLE,RELIABLE,STATIONARY,MOVING,STATIONARY,MOVING,MOVING,MOVING,MOVING,MOVING,MOVING
90608,2698,4,NO TRIAL,0.14063914,0.00049816,0.00354214,0.00834482,0.00919690,0.00876883,0.00850223,0.01059030,0.00760979,0.02349642,0.01589246,RELIABLE,RELIABLE,RELIABLE,RELIABLE,RELIABLE,RELIABLE,RELIABLE,RELIABLE,STATIONARY,MOVING,STATIONARY,MOVING,MOVING,MOVING,MOVING,MOVING,MOVING
90640,2699,4,NO TRIAL,0.13986750,0.00132513,0.00947421,0.00760521,0.00763591,0.00815412,0.00860326,0.01003418,0.00754071,0.02420125,0.01428959,RELIABLE,RELIABLE,RELIABLE,RELIABLE,RELIABLE,RELIABLE,RELIABLE,RELIABLE,STATIONARY,MOVING,STATIONARY,MOVING,MOVING,MOVING,MOVING,MOVING,MOVING
90670,2700,4,NO TRIAL,0.14000917,0.00136259,0.00973215,0.00828798,0.00867845,0.00909398,0.00880659,0.00957841,0.00851431,0.02212544,0.01349853,RELIABLE,RELIABLE,RELIABLE,RELIABLE,RELIABLE,RELIABLE,RELIABLE,RELIABLE,STATIONARY,MOVING,STATIONARY,MOVING,MOVING,MOVING,MOVING,MOVING,MOVING
90702,2701,4,NO TRIAL,0.13913028,0.00071694,0.00515300,0.00743138,0.00818206,0.00851237,0.00816192,0.01004299,0.00732357,0.01860120,0.01281002,RELIABLE,RELIABLE,RELIABLE,RELIABLE,RELIABLE,RELIABLE,RELIABLE,RELIABLE,STATIONARY,MOVING,STATIONARY,MOVING,MOVING,MOVING,MOVING,MOVING,MOVING
90734,2702,4,NO TRIAL,0.13860833,0.00106483,0.00768228,0.00763736,0.00882999,0.00934264,0.00830562,0.01040292,0.00721925,0.01854871,0.01342504,RELIABLE,RELIABLE,RELIABLE,RELIABLE,RELIABLE,RELIABLE,RELIABLE,RELIABLE,STATIONARY,MOVING,STATIONARY,MOVING,MOVING,MOVING,MOVING,MOVING,MOVING
90782,2703,4,NO TRIAL,0.13840370,0.00090822,0.00656211,0.00694397,0.00783973,0.00732489,0.00824366,0.00978457,0.00648066,0.01464689,0.01165959,RELIABLE,RELIABLE,RELIABLE,RELIABLE,RELIABLE,RELIABLE,RELIABLE,RELIABLE,STATIONARY,MOVING,STATIONARY,MOVING,MOVING,MOVING,MOVING,MOVING,MOVING
90814,2704,4,NO TRIAL,0.13745357,0.00088240,0.00641959,0.00695817,0.00835242,0.00736866,0.00821451,0.00978021,0.00613005,0.01385402,0.01097187,RELIABLE,RELIABLE,RELIABLE,RELIABLE,RELIABLE,RELIABLE,RELIABLE,RELIABLE,STATIONARY,MOVING,STATIONARY,MOVING,MOVING,MOVING,MOVING,MOVING,MOVING
90843,2705,4,NO TRIAL,0.13698234,0.00044120,0.00322083,0.00647329,0.00744989,0.00696615,0.00734644,0.01026276,0.00573242,0.01119819,0.00905319,RELIABLE,RELIABLE,RELIABLE,RELIABLE,RELIABLE,RELIABLE,RELIABLE,RELIABLE,STATIONARY,MOVING,STATIONARY,MOVING,MOVING,MOVING,MOVING,MOVING,MOVING
90874,2706,4,NO TRIAL,0.13925336,0.00109479,0.00786183,0.00701325,0.00759089,0.00704053,0.00757755,0.01422285,0.00649239,0.01207095,0.01001485,RELIABLE,RELIABLE,RELIABLE,RELIABLE,RELIABLE,RELIABLE,RELIABLE,RELIABLE,STATIONARY,MOVING,STATIONARY,MOVING,MOVING,MOVING,MOVING,MOVING,MOVING
90907,2707,4,NO TRIAL,0.14106821,0.00114951,0.00814860,0.00684755,0.00790009,0.00662626,0.00813003,0.01390286,0.00738695,0.01295195,0.01108683,RELIABLE,RELIABLE,RELIABLE,RELIABLE,RELIABLE,RELIABLE,RELIABLE,RELIABLE,STATIONARY,MOVING,STATIONARY,MOVING,MOVING,MOVING,MOVING,MOVING,MOVING
90942,2708,4,NO TRIAL,0.14208826,0.00083021,0.00584289,0.00636139,0.00770928,0.00611748,0.00795399,0.01519873,0.00607642,0.01264086,0.01039092,RELIABLE,RELIABLE,RELIABLE,RELIABLE,RELIABLE,RELIABLE,RELIABLE,RELIABLE,STATIONARY,MOVING,STATIONARY,MOVING,MOVING,MOVING,MOVING,MOVING,MOVING
90970,2709,4,NO TRIAL,0.14260190,0.00041510,0.00291092,0.00608113,0.00747928,0.00593907,0.00698545,0.01413165,0.00599245,0.01180267,0.00981316,RELIABLE,RELIABLE,RELIABLE,RELIABLE,RELIABLE,RELIABLE,RELIABLE,RELIABLE,STATIONARY,MOVING,STATIONARY,MOVING,MOVING,MOVING,MOVING,MOVING,MOVING
91001,2710,4,NO TRIAL,0.14269836,0.00114002,0.00798904,0.00611948,0.00671140,0.00559584,0.00623442,0.01447545,0.00665562,0.01201246,0.01077105,RELIABLE,RELIABLE,RELIABLE,RELIABLE,RELIABLE,RELIABLE,RELIABLE,RELIABLE,STATIONARY,MOVING,STATIONARY,MOVING,MOVING,MOVING,MOVING,MOVING,MOVING
91032,2711,4,NO TRIAL,0.14250165,0.00051624,0.00362269,0.00575205,0.00704295,0.00578630,0.00579169,0.01485683,0.00671151,0.01311203,0.01108074,RELIABLE,RELIABLE,RELIABLE,RELIABLE,RELIABLE,RELIABLE,RELIABLE,RELIABLE,STATIONARY,MOVING,STATIONARY,MOVING,MOVING,MOVING,MOVING,MOVING,MOVING
91070,2712,4,NO TRIAL,0.14112484,0.00086418,0.00612349,0.00571504,0.00685231,0.00538795,0.00527106,0.01441475,0.00733918,0.01386160,0.01207464,RELIABLE,RELIABLE,RELIABLE,RELIABLE,RELIABLE,RELIABLE,RELIABLE,RELIABLE,STATIONARY,MOVING,STATIONARY,MOVING,MOVING,MOVING,MOVING,MOVING,MOVING
91109,2713,4,NO TRIAL,0.14143685,0.00227889,0.01611245,0.00732649,0.00858104,0.00643906,0.00559923,0.01397583,0.00810510,0.01496006,0.01327101,RELIABLE,RELIABLE,RELIABLE,RELIABLE,RELIABLE,RELIABLE,RELIABLE,RELIABLE,STATIONARY,MOVING,STATIONARY,MOVING,MOVING,MOVING,MOVING,MOVING,MOVING
91150,2714,4,NO TRIAL,0.14131854,0.00130166,0.00921081,0.00749511,0.00927290,0.00642650,0.00522427,0.01060181,0.00754315,0.01401115,0.01229622,RELIABLE,RELIABLE,RELIABLE,RELIABLE,RELIABLE,RELIABLE,RELIABLE,RELIABLE,STATIONARY,MOVING,STATIONARY,MOVING,MOVING,MOVING,MOVING,MOVING,MOVING
91187,2715,4,NO TRIAL,0.14125953,0.00065083,0.00460733,0.00705245,0.00914882,0.00644393,0.00393785,0.00979720,0.00636111,0.01187419,0.01069609,RELIABLE,RELIABLE,RELIABLE,RELIABLE,RELIABLE,RELIABLE,RELIABLE,RELIABLE,STATIONARY,MOVING,STATIONARY,MOVING,MOVING,MOVING,MOVING,MOVING,MOVING
91218,2716,4,NO TRIAL,0.14214200,0.00171827,0.01208843,0.00783315,0.00840881,0.00673603,0.00444628,0.00896988,0.00694101,0.01216321,0.01099936,RELIABLE,RELIABLE,RELIABLE,RELIABLE,RELIABLE,RELIABLE,RELIABLE,RELIABLE,STATIONARY,MOVING,STATIONARY,MOVING,MOVING,MOVING,MOVING,MOVING,MOVING
91249,2717,4,NO TRIAL,0.13969707,0.00145788,0.01043601,0.00877378,0.00799622,0.00754143,0.00509696,0.01110949,0.00938168,0.01725803,0.01286406,RELIABLE,RELIABLE,RELIABLE,RELIABLE,RELIABLE,RELIABLE,RELIABLE,RELIABLE,STATIONARY,MOVING,STATIONARY,MOVING,MOVING,MOVING,MOVING,MOVING,MOVING
91280,2718,4,NO TRIAL,0.13770412,0.00166209,0.01207002,0.00928390,0.00921299,0.00842451,0.00589455,0.01274646,0.01122054,0.02146895,0.01362452,RELIABLE,RELIABLE,RELIABLE,RELIABLE,RELIABLE,RELIABLE,RELIABLE,RELIABLE,STATIONARY,MOVING,STATIONARY,STATIONARY,MOVING,MOVING,MOVING,MOVING,MOVING
94481,2814,4,WHOLE_BODY,0.13963240,0.00108146,0.00774507,0.00704535,0.01077359,0.00896341,0.00820466,0.01800459,0.01068690,0.01634602,0.01253577,RELIABLE,RELIABLE,RELIABLE,RELIABLE,RELIABLE,RELIABLE,RELIABLE,RELIABLE,STATIONARY,STATIONARY,STATIONARY,STATIONARY,MOVING,MOVING,MOVING,MOVING,MOVING
94518,2815,4,WHOLE_BODY,0.13865965,0.00080610,0.00581353,0.00709985,0.01110484,0.00936265,0.00950249,0.01694862,0.00949386,0.01631037,0.01285471,RELIABLE,RELIABLE,RELIABLE,RELIABLE,RELIABLE,RELIABLE,RELIABLE,RELIABLE,STATIONARY,STATIONARY,STATIONARY,STATIONARY,MOVING,MOVING,MOVING,MOVING,MOVING
94549,2816,4,WHOLE_BODY,0.13817628,0.00040305,0.00291693,0.00686167,0.01077823,0.00924367,0.00970742,0.01741115,0.00845123,0.01555761,0.01204344,RELIABLE,RELIABLE,RELIABLE,RELIABLE,RELIABLE,RELIABLE,RELIABLE,RELIABLE,STATIONARY,STATIONARY,STATIONARY,STATIONARY,MOVING,MOVING,MOVING,MOVING,MOVING
94580,2817,4,WHOLE_BODY,0.14037803,0.00291244,0.02074711,0.00834190,0.01205482,0.00905212,0.00846481,0.01769588,0.00968763,0.01853636,0.01303508,RELIABLE,RELIABLE,RELIABLE,RELIABLE,RELIABLE,RELIABLE,RELIABLE,RELIABLE,STATIONARY,STATIONARY,STATIONARY,STATIONARY,MOVING,MOVING,MOVING,MOVING,MOVING
94611,2818,4,WHOLE_BODY,0.14162499,0.00193668,0.01367471,0.00911729,0.01280066,0.00942216,0.00915319,0.01787159,0.00957174,0.01888382,0.01360938,RELIABLE,RELIABLE,RELIABLE,RELIABLE,RELIABLE,RELIABLE,RELIABLE,RELIABLE,STATIONARY,STATIONARY,STATIONARY,STATIONARY,MOVING,MOVING,MOVING,MOVING,MOVING
94643,2819,4,WHOLE_BODY,0.14119367,0.00081679,0.00578490,0.00936972,0.01317487,0.00942244,0.01133610,0.01827639,0.01030804,0.02025347,0.01464457,RELIABLE,RELIABLE,RELIABLE,RELIABLE,RELIABLE,RELIABLE,RELIABLE,RELIABLE,STATIONARY,MOVING,STATIONARY,STATIONARY,MOVING,MOVING,MOVING,MOVING,MOVING
94674,2820,4,WHOLE_BODY,0.14102579,0.00040840,0.00289589,0.00827074,0.01112902,0.00784611,0.01223309,0.01661977,0.00970613,0.01941802,0.01398994,RELIABLE,RELIABLE,RELIABLE,RELIABLE,RELIABLE,RELIABLE,RELIABLE,RELIABLE,STATIONARY,MOVING,STATIONARY,STATIONARY,MOVING,MOVING,MOVING,MOVING,MOVING
94718,2821,4,WHOLE_BODY,0.14192789,0.00180560,0.01272198,0.00903751,0.01266696,0.00875041,0.01309677,0.01497957,0.00993284,0.02016415,0.01756363,RELIABLE,RELIABLE,RELIABLE,RELIABLE,RELIABLE,RELIABLE,RELIABLE,RELIABLE,STATIONARY,MOVING,STATIONARY,STATIONARY,MOVING,MOVING,MOVING,MOVING,MOVING
94751,2822,4,WHOLE_BODY,0.14238061,0.00090280,0.00634076,0.00886198,0.01270412,0.00928190,0.01235264,0.01423051,0.00997763,0.01871929,0.01801795,RELIABLE,RELIABLE,RELIABLE,RELIABLE,RELIABLE,RELIABLE,RELIABLE,RELIABLE,STATIONARY,MOVING,STATIONARY,MOVING,MOVING,MOVING,MOVING,MOVING,MOVING
94781,2823,4,WHOLE_BODY,0.14182879,0.00259561,0.01830100,0.01042291,0.01332623,0.01076742,0.01231983,0.01389416,0.01158062,0.01858907,0.01895135,RELIABLE,RELIABLE,RELIABLE,RELIABLE,RELIABLE,RELIABLE,RELIABLE,RELIABLE,STATIONARY,MOVING,STATIONARY,MOVING,MOVING,MOVING,MOVING,MOVING,MOVING
94812,2824,4,WHOLE_BODY,0.14066127,0.00101508,0.00721645,0.01096035,0.01468303,0.01302633,0.01366867,0.01700158,0.01343193,0.01958262,0.02082268,RELIABLE,RELIABLE,RELIABLE,RELIABLE,RELIABLE,RELIABLE,RELIABLE,RELIABLE,STATIONARY,MOVING,STATIONARY,MOVING,MOVING,MOVING,MOVING,MOVING,MOVING
94845,2825,4,WHOLE_BODY,0.14160787,0.00252858,0.01785620,0.01059899,0.01547296,0.01439139,0.01416820,0.01570177,0.01357784,0.02050501,0.02188105,RELIABLE,RELIABLE,RELIABLE,RELIABLE,RELIABLE,RELIABLE,RELIABLE,RELIABLE,STATIONARY,MOVING,STATIONARY,MOVING,MOVING,MOVING,MOVING,MOVING,MOVING
94876,2826,4,WHOLE_BODY,0.14208146,0.00126429,0.00889834,0.01000194,0.01505164,0.01354898,0.01287763,0.01433503,0.01370894,0.02161140,0.02252395,RELIABLE,RELIABLE,RELIABLE,RELIABLE,RELIABLE,RELIABLE,RELIABLE,RELIABLE,STATIONARY,MOVING,MOVING,MOVING,MOVING,MOVING,MOVING,MOVING,MOVING
94907,2827,4,WHOLE_BODY,0.14089430,0.00285454,0.02026013,0.01181134,0.01790947,0.01809904,0.01342643,0.01626902,0.01461849,0.02285631,0.02236116,RELIABLE,RELIABLE,RELIABLE,RELIABLE,RELIABLE,RELIABLE,RELIABLE,RELIABLE,STATIONARY,MOVING,MOVING,MOVING,MOVING,MOVING,MOVING,MOVING,MOVING
94938,2828,4,WHOLE_BODY,0.13750224,0.00416393,0.03028267,0.01523469,0.02561732,0.02678067,0.01685447,0.02295735,0.01626531,0.02378155,0.02436735,RELIABLE,RELIABLE,RELIABLE,RELIABLE,RELIABLE,RELIABLE,RELIABLE,RELIABLE,STATIONARY,MOVING,MOVING,MOVING,MOVING,MOVING,MOVING,MOVING,MOVING
94974,2829,4,WHOLE_BODY,0.14068871,0.00487302,0.03463690,0.01797406,0.03273830,0.03200993,0.01755037,0.02710450,0.01683734,0.02965815,0.02544578,RELIABLE,RELIABLE,RELIABLE,RELIABLE,RELIABLE,RELIABLE,RELIABLE,RELIABLE,STATIONARY,MOVING,MOVING,MOVING,MOVING,MOVING,MOVING,MOVING,MOVING
95016,2830,4,WHOLE_BODY,0.14256890,0.00499602,0.03504288,0.02156182,0.04166710,0.03938737,0.01959040,0.03376066,0.01850963,0.04090840,0.02828335,RELIABLE,RELIABLE,RELIABLE,RELIABLE,RELIABLE,RELIABLE,RELIABLE,RELIABLE,MOVING,MOVING,MOVING,MOVING,MOVING,MOVING,MOVING,MOVING,MOVING
95047,2831,4,WHOLE_BODY,0.14351010,0.00249801,0.01740653,0.02145001,0.04492934,0.04108850,0.01944898,0.03483288,0.01781340,0.04542393,0.02822843,RELIABLE,RELIABLE,RELIABLE,RELIABLE,RELIABLE,RELIABLE,RELIABLE,RELIABLE,MOVING,MOVING,MOVING,MOVING,MOVING,MOVING,MOVING,MOVING,MOVING
95078,2832,4,WHOLE_BODY,0.14258915,0.00330875,0.02320475,0.02344855,0.04919983,0.04530036,0.01930516,0.03476625,0.01777299,0.04870725,0.02838480,RELIABLE,RELIABLE,RELIABLE,RELIABLE,RELIABLE,RELIABLE,RELIABLE,RELIABLE,MOVING,MOVING,MOVING,MOVING,MOVING,MOVING,MOVING,MOVING,MOVING
95109,2833,4,WHOLE_BODY,0.14220893,0.00385742,0.02712502,0.02460715,0.05345410,0.05088406,0.01995731,0.03860549,0.01798242,0.05331295,0.02734292,RELIABLE,RELIABLE,RELIABLE,RELIABLE,RELIABLE,RELIABLE,RELIABLE,RELIABLE,MOVING,MOVING,MOVING,MOVING,MOVING,MOVING,MOVING,MOVING,MOVING
95141,2834,4,WHOLE_BODY,0.14207257,0.00467630,0.03291487,0.02760922,0.06001554,0.05802103,0.02247341,0.04347811,0.01945926,0.05363225,0.02834338,RELIABLE,RELIABLE,RELIABLE,RELIABLE,RELIABLE,RELIABLE,RELIABLE,RELIABLE,MOVING,MOVING,MOVING,MOVING,MOVING,MOVING,MOVING,MOVING,MOVING
95171,2835,4,WHOLE_BODY,0.14001666,0.00472545,0.03374919,0.02929535,0.06486713,0.06204906,0.02282002,0.04550190,0.02143521,0.05497805,0.03062787,RELIABLE,RELIABLE,RELIABLE,RELIABLE,RELIABLE,RELIABLE,RELIABLE,RELIABLE,MOVING,MOVING,MOVING,MOVING,MOVING,MOVING,MOVING,MOVING,MOVING
95214,2836,4,WHOLE_BODY,0.13832248,0.00458403,0.03314014,0.02965253,0.06587161,0.06258931,0.02198875,0.04512644,0.02406950,0.05735714,0.03025742,RELIABLE,RELIABLE,RELIABLE,RELIABLE,RELIABLE,RELIABLE,RELIABLE,RELIABLE,MOVING,MOVING,MOVING,MOVING,MOVING,MOVING,MOVING,MOVING,MOVING
95249,2837,4,WHOLE_BODY,0.13749517,0.00229201,0.01666977,0.02740664,0.06101128,0.06030183,0.02123371,0.04331877,0.02334338,0.04891449,0.02453245,RELIABLE,RELIABLE,RELIABLE,RELIABLE,RELIABLE,RELIABLE,RELIABLE,RELIABLE,MOVING,MOVING,MOVING,MOVING,MOVING,MOVING,MOVING,MOVING,MOVING
95280,2838,4,WHOLE_BODY,0.13676447,0.00454541,0.03323534,0.02718070,0.06090772,0.06010942,0.02074422,0.04045253,0.02433556,0.04098283,0.02441916,RELIABLE,RELIABLE,RELIABLE,RELIABLE,RELIABLE,RELIABLE,RELIABLE,RELIABLE,MOVING,MOVING,MOVING,MOVING,MOVING,MOVING,MOVING,MOVING,MOVING
95311,2839,4,WHOLE_BODY,0.13627705,0.00409363,0.03003900,0.02875976,0.06354948,0.06358264,0.02382564,0.04220232,0.02669819,0.03932263,0.02499903,RELIABLE,RELIABLE,RELIABLE,RELIABLE,RELIABLE,RELIABLE,RELIABLE,RELIABLE,MOVING,MOVING,MOVING,MOVING,MOVING,MOVING,MOVING,MOVING,MOVING
95343,2840,4,WHOLE_BODY,0.13566659,0.00460340,0.03393171,0.03010063,0.06586419,0.06589563,0.02734110,0.04334804,0.02953821,0.03643329,0.02551265,RELIABLE,RELIABLE,RELIABLE,RELIABLE,RELIABLE,RELIABLE,RELIABLE,RELIABLE,MOVING,MOVING,MOVING,MOVING,MOVING,MOVING,MOVING,MOVING,MOVING
95374,2841,4,WHOLE_BODY,0.13543195,0.00230170,0.01699525,0.02883441,0.06193306,0.06222091,0.02831501,0.04024130,0.02948726,0.02821204,0.02437960,RELIABLE,RELIABLE,RELIABLE,RELIABLE,RELIABLE,RELIABLE,RELIABLE,RELIABLE,MOVING,MOVING,MOVING,MOVING,MOVING,MOVING,MOVING,MOVING,MOVING
95405,2842,4,WHOLE_BODY,0.13452827,0.00449272,0.03339610,0.02889456,0.06255244,0.06100521,0.02841139,0.03742793,0.03054022,0.02784769,0.02297275,RELIABLE,RELIABLE,RELIABLE,RELIABLE,RELIABLE,RELIABLE,RELIABLE,RELIABLE,MOVING,MOVING,MOVING,MOVING,MOVING,MOVING,MOVING,MOVING,MOVING
95437,2843,4,WHOLE_BODY,0.13422105,0.00385211,0.02869976,0.02826338,0.06183936,0.05881083,0.02956560,0.03618270,0.03031715,0.02551339,0.02182843,RELIABLE,RELIABLE,RELIABLE,RELIABLE,RELIABLE,RELIABLE,RELIABLE,RELIABLE,MOVING,MOVING,MOVING,MOVING,MOVING,MOVING,MOVING,MOVING,MOVING
95469,2844,4,WHOLE_BODY,0.13394467,0.00372773,0.02783041,0.02759967,0.06064285,0.05648318,0.03082297,0.03465266,0.02980479,0.02343695,0.02284459,RELIABLE,RELIABLE,RELIABLE,RELIABLE,RELIABLE,RELIABLE,RELIABLE,RELIABLE,MOVING,MOVING,MOVING,MOVING,MOVING,MOVING,MOVING,MOVING,MOVING
95501,2845,4,WHOLE_BODY,0.13496654,0.00388768,0.02880477,0.02911654,0.06334729,0.05864853,0.03211950,0.03306806,0.03000849,0.02716621,0.02414022,RELIABLE,RELIABLE,RELIABLE,RELIABLE,RELIABLE,RELIABLE,RELIABLE,RELIABLE,MOVING,MOVING,MOVING,MOVING,MOVING,MOVING,MOVING,MOVING,MOVING
95550,2846,4,WHOLE_BODY,0.13288624,0.00447739,0.03369339,0.02917380,0.06129206,0.05775489,0.03335632,0.03290451,0.02997632,0.03005167,0.02440162,RELIABLE,RELIABLE,RELIABLE,RELIABLE,RELIABLE,RELIABLE,RELIABLE,RELIABLE,MOVING,MOVING,MOVING,MOVING,MOVING,MOVING,MOVING,MOVING,MOVING
95579,2847,4,WHOLE_BODY,0.13189573,0.00223869,0.01697321,0.02754057,0.05763409,0.05379323,0.03067295,0.02967954,0.02811830,0.02926543,0.02393674,RELIABLE,RELIABLE,RELIABLE,RELIABLE,RELIABLE,RELIABLE,RELIABLE,RELIABLE,MOVING,MOVING,MOVING,MOVING,MOVING,MOVING,MOVING,MOVING,MOVING
95610,2848,4,WHOLE_BODY,0.13101443,0.00176122,0.01344295,0.02497948,0.05181905,0.04770212,0.02680295,0.02847556,0.02540304,0.02912640,0.02321968,RELIABLE,RELIABLE,RELIABLE,RELIABLE,RELIABLE,RELIABLE,RELIABLE,RELIABLE,MOVING,MOVING,MOVING,MOVING,MOVING,MOVING,MOVING,MOVING,MOVING
95642,2849,4,WHOLE_BODY,0.13019256,0.00259444,0.01992770,0.02534604,0.05186987,0.04795034,0.02510906,0.02856976,0.02436326,0.02983117,0.02458724,RELIABLE,RELIABLE,RELIABLE,RELIABLE,RELIABLE,RELIABLE,RELIABLE,RELIABLE,MOVING,MOVING,MOVING,MOVING,MOVING,MOVING,MOVING,MOVING,MOVING
95678,2850,4,WHOLE_BODY,0.12957867,0.00186949,0.01442744,0.02297495,0.04600068,0.04421823,0.02365787,0.02814161,0.02236209,0.03205193,0.02586414,RELIABLE,RELIABLE,RELIABLE,RELIABLE,RELIABLE,RELIABLE,RELIABLE,RELIABLE,MOVING,MOVING,MOVING,MOVING,MOVING,MOVING,MOVING,MOVING,MOVING
95722,2851,4,WHOLE_BODY,0.12928265,0.00093474,0.00723024,0.02029126,0.03944543,0.03868941,0.01970218,0.02523848,0.01923267,0.03224199,0.02489568,RELIABLE,RELIABLE,RELIABLE,RELIABLE,RELIABLE,RELIABLE,RELIABLE,RELIABLE,MOVING,MOVING,MOVING,MOVING,MOVING,MOVING,MOVING,MOVING,MOVING
95754,2852,4,WHOLE_BODY,0.12871929,0.00168797,0.01311360,0.01845166,0.03394135,0.03429027,0.01627438,0.02386160,0.01593130,0.03190713,0.02507726,RELIABLE,RELIABLE,RELIABLE,RELIABLE,RELIABLE,RELIABLE,RELIABLE,RELIABLE,MOVING,MOVING,MOVING,MOVING,MOVING,MOVING,MOVING,MOVING,MOVING
95785,2853,4,WHOLE_BODY,0.12726510,0.00139411,0.01095439,0.01622037,0.02771702,0.02917215,0.01428542,0.02654062,0.01418235,0.02746678,0.02614902,RELIABLE,RELIABLE,RELIABLE,RELIABLE,RELIABLE,RELIABLE,RELIABLE,RELIABLE,MOVING,MOVING,MOVING,MOVING,MOVING,MOVING,MOVING,MOVING,MOVING
95817,2854,4,WHOLE_BODY,0.12602843,0.00096439,0.00765219,0.01296522,0.02187373,0.02378288,0.01186450,0.02602287,0.01167775,0.02101513,0.02435491,RELIABLE,RELIABLE,RELIABLE,RELIABLE,RELIABLE,RELIABLE,RELIABLE,RELIABLE,MOVING,MOVING,MOVING,MOVING,MOVING,MOVING,MOVING,MOVING,MOVING
95850,2855,4,WHOLE_BODY,0.12455515,0.00167484,0.01344657,0.01252439,0.01954404,0.02241934,0.01201938,0.02558307,0.01052921,0.01905372,0.02335931,RELIABLE,RELIABLE,RELIABLE,RELIABLE,RELIABLE,RELIABLE,RELIABLE,RELIABLE,MOVING,MOVING,MOVING,MOVING,MOVING,MOVING,MOVING,MOVING,MOVING
95882,2856,4,WHOLE_BODY,0.12381852,0.00083742,0.00676328,0.01168943,0.01768932,0.02039919,0.01136146,0.02201100,0.00872646,0.01779677,0.02153639,RELIABLE,RELIABLE,RELIABLE,RELIABLE,RELIABLE,RELIABLE,RELIABLE,RELIABLE,MOVING,MOVING,MOVING,MOVING,MOVING,MOVING,MOVING,MOVING,MOVING
95913,2857,4,WHOLE_BODY,0.12370027,0.00054321,0.00439137,0.00974739,0.01442950,0.01581039,0.01143774,0.02226691,0.00913983,0.02196624,0.01987534,RELIABLE,RELIABLE,RELIABLE,RELIABLE,RELIABLE,RELIABLE,RELIABLE,RELIABLE,MOVING,MOVING,MOVING,MOVING,MOVING,MOVING,MOVING,MOVING,MOVING
95945,2858,4,WHOLE_BODY,0.12341951,0.00155227,0.01257717,0.00951610,0.01344319,0.01387264,0.01105792,0.02100733,0.00895063,0.01937561,0.01935107,RELIABLE,RELIABLE,RELIABLE,RELIABLE,RELIABLE,RELIABLE,RELIABLE,RELIABLE,MOVING,MOVING,MOVING,MOVING,MOVING,MOVING,MOVING,MOVING,MOVING
95977,2859,4,WHOLE_BODY,0.12253308,0.00169215,0.01380970,0.01033854,0.01447536,0.01521344,0.01129329,0.02240479,0.01005256,0.01951299,0.02051051,RELIABLE,RELIABLE,RELIABLE,RELIABLE,RELIABLE,RELIABLE,RELIABLE,RELIABLE,MOVING,MOVING,MOVING,MOVING,MOVING,MOVING,MOVING,MOVING,MOVING
96008,2860,4,WHOLE_BODY,0.12203376,0.00115315,0.00944944,0.00988052,0.01367262,0.01426834,0.01173505,0.02175892,0.01160079,0.02016946,0.01938589,RELIABLE,RELIABLE,RELIABLE,RELIABLE,RELIABLE,RELIABLE,RELIABLE,RELIABLE,MOVING,MOVING,MOVING,MOVING,MOVING,MOVING,MOVING,MOVING,MOVING
96046,2861,4,WHOLE_BODY,0.12211046,0.00157864,0.01292796,0.01012721,0.01482920,0.01442430,0.01461427,0.02211564,0.01359362,0.02024146,0.01824560,RELIABLE,RELIABLE,RELIABLE,RELIABLE,RELIABLE,RELIABLE,RELIABLE,RELIABLE,MOVING,MOVING,MOVING,MOVING,MOVING,MOVING,MOVING,MOVING,MOVING
96086,2862,4,WHOLE_BODY,0.12218969,0.00078932,0.00645979,0.00997816,0.01385426,0.01359706,0.01531360,0.02090265,0.01361591,0.01889347,0.01535279,RELIABLE,RELIABLE,RELIABLE,RELIABLE,RELIABLE,RELIABLE,RELIABLE,RELIABLE,MOVING,MOVING,MOVING,MOVING,MOVING,MOVING,MOVING,MOVING,MOVING
96117,2863,4,WHOLE_BODY,0.12240179,0.00099518,0.00813041,0.00931364,0.01435191,0.01341343,0.01755397,0.02233896,0.01462784,0.01938768,0.01482200,RELIABLE,RELIABLE,RELIABLE,RELIABLE,RELIABLE,RELIABLE,RELIABLE,RELIABLE,MOVING,MOVING,MOVING,MOVING,MOVING,MOVING,MOVING,MOVING,MOVING
96149,2864,4,WHOLE_BODY,0.12306739,0.00225490,0.01832252,0.01075855,0.01822921,0.01640542,0.02119125,0.02513107,0.01682261,0.02105073,0.01506537,RELIABLE,RELIABLE,RELIABLE,RELIABLE,RELIABLE,RELIABLE,RELIABLE,RELIABLE,MOVING,MOVING,MOVING,MOVING,MOVING,MOVING,MOVING,MOVING,MOVING
96180,2865,4,WHOLE_BODY,0.12406582,0.00196732,0.01585703,0.01219175,0.02076780,0.02009940,0.02346677,0.02589834,0.01766288,0.01769162,0.01515829,RELIABLE,RELIABLE,RELIABLE,RELIABLE,RELIABLE,RELIABLE,RELIABLE,RELIABLE,MOVING,MOVING,MOVING,MOVING,MOVING,MOVING,MOVING,MOVING,MOVING
96212,2866,4,WHOLE_BODY,0.12458229,0.00098366,0.00789565,0.01160656,0.02026798,0.02047547,0.02382208,0.02644708,0.01750789,0.01705869,0.01362764,RELIABLE,RELIABLE,RELIABLE,RELIABLE,RELIABLE,RELIABLE,RELIABLE,RELIABLE,MOVING,MOVING,MOVING,MOVING,MOVING,MOVING,MOVING,MOVING,MOVING
96244,2867,4,WHOLE_BODY,0.12476199,0.00159192,0.01275967,0.01147531,0.02082052,0.02095170,0.02622449,0.02654757,0.01952003,0.01872747,0.01439993,RELIABLE,RELIABLE,RELIABLE,RELIABLE,RELIABLE,RELIABLE,RELIABLE,RELIABLE,MOVING,MOVING,MOVING,MOVING,MOVING,MOVING,MOVING,MOVING,MOVING
96276,2868,4,WHOLE_BODY,0.12500735,0.00188892,0.01511046,0.01218294,0.02319689,0.02300338,0.02898046,0.02559391,0.01984705,0.01919222,0.01487220,RELIABLE,RELIABLE,RELIABLE,RELIABLE,RELIABLE,RELIABLE,RELIABLE,RELIABLE,MOVING,MOVING,MOVING,MOVING,MOVING,MOVING,MOVING,MOVING,MOVING
96308,2869,4,WHOLE_BODY,0.12521779,0.00223815,0.01787404,0.01280120,0.02605417,0.02579659,0.03086006,0.02376886,0.02161782,0.02097009,0.01546005,RELIABLE,RELIABLE,RELIABLE,RELIABLE,RELIABLE,RELIABLE,RELIABLE,RELIABLE,MOVING,MOVING,MOVING,MOVING,MOVING,MOVING,MOVING,MOVING,MOVING
96339,2870,4,WHOLE_BODY,0.12498279,0.00232199,0.01857852,0.01431604,0.03023368,0.03001707,0.03364951,0.02458426,0.02378746,0.02524625,0.01722799,RELIABLE,RELIABLE,RELIABLE,RELIABLE,RELIABLE,RELIABLE,RELIABLE,RELIABLE,MOVING,MOVING,MOVING,MOVING,MOVING,MOVING,MOVING,MOVING,MOVING
96382,2871,4,WHOLE_BODY,0.12460847,0.00176090,0.01413143,0.01506616,0.03070684,0.03112073,0.03327432,0.02522893,0.02606604,0.02597586,0.02095305,RELIABLE,RELIABLE,RELIABLE,RELIABLE,RELIABLE,RELIABLE,RELIABLE,RELIABLE,MOVING,MOVING,MOVING,MOVING,MOVING,MOVING,MOVING,MOVING,MOVING
96419,2872,4,WHOLE_BODY,0.12442429,0.00088045,0.00707617,0.01366037,0.02731188,0.02858432,0.03056638,0.02347507,0.02551707,0.02492040,0.02230477,RELIABLE,RELIABLE,RELIABLE,RELIABLE,RELIABLE,RELIABLE,RELIABLE,RELIABLE,MOVING,MOVING,MOVING,MOVING,MOVING,MOVING,MOVING,MOVING,MOVING
96450,2873,4,WHOLE_BODY,0.12415419,0.00217894,0.01755026,0.01387202,0.02813913,0.02931630,0.02991081,0.02173759,0.02517144,0.02525064,0.02342099,RELIABLE,RELIABLE,RELIABLE,RELIABLE,RELIABLE,RELIABLE,RELIABLE,RELIABLE,MOVING,MOVING,MOVING,MOVING,MOVING,MOVING,MOVING,MOVING,MOVING
96482,2874,4,WHOLE_BODY,0.12452721,0.00227978,0.01830750,0.01517351,0.03162741,0.03188352,0.03105491,0.02329830,0.02760827,0.02802629,0.02552191,RELIABLE,RELIABLE,RELIABLE,RELIABLE,RELIABLE,RELIABLE,RELIABLE,RELIABLE,MOVING,MOVING,MOVING,MOVING,MOVING,MOVING,MOVING,MOVING,MOVING
96513,2875,4,WHOLE_BODY,0.12368472,0.00184594,0.01492457,0.01544412,0.03256046,0.03187634,0.03024975,0.02547065,0.02580833,0.02865096,0.02348816,RELIABLE,RELIABLE,RELIABLE,RELIABLE,RELIABLE,RELIABLE,RELIABLE,RELIABLE,MOVING,MOVING,MOVING,MOVING,MOVING,MOVING,MOVING,MOVING,MOVING
96544,2876,4,WHOLE_BODY,0.12304078,0.00182368,0.01482174,0.01540803,0.03098624,0.03161885,0.02909032,0.02842981,0.02743357,0.03327007,0.02541326,RELIABLE,RELIABLE,RELIABLE,RELIABLE,RELIABLE,RELIABLE,RELIABLE,RELIABLE,MOVING,MOVING,MOVING,MOVING,MOVING,MOVING,MOVING,MOVING,MOVING
96575,2877,4,WHOLE_BODY,0.12274141,0.00091184,0.00742894,0.01410239,0.02711684,0.02865911,0.02495055,0.02801553,0.02504939,0.03379228,0.02483239,RELIABLE,RELIABLE,RELIABLE,RELIABLE,RELIABLE,RELIABLE,RELIABLE,RELIABLE,MOVING,MOVING,MOVING,MOVING,MOVING,MOVING,MOVING,MOVING,MOVING
96607,2878,4,WHOLE_BODY,0.12266518,0.00140131,0.01142383,0.01320806,0.02499790,0.02592126,0.02167777,0.02967509,0.02312514,0.03214844,0.02446449,RELIABLE,RELIABLE,RELIABLE,RELIABLE,RELIABLE,RELIABLE,RELIABLE,RELIABLE,MOVING,MOVING,MOVING,MOVING,MOVING,MOVING,MOVING,MOVING,MOVING
96639,2879,4,WHOLE_BODY,0.12314577,0.00230902,0.01875028,0.01378541,0.02794927,0.02836811,0.01952925,0.03113913,0.02123023,0.03247431,0.02115275,RELIABLE,RELIABLE,RELIABLE,RELIABLE,RELIABLE,RELIABLE,RELIABLE,RELIABLE,MOVING,MOVING,MOVING,MOVING,MOVING,MOVING,MOVING,MOVING,MOVING
96671,2880,4,WHOLE_BODY,0.12410061,0.00179091,0.01443111,0.01470478,0.03035981,0.03067968,0.01991341,0.03446479,0.02161029,0.03647102,0.02062546,RELIABLE,RELIABLE,RELIABLE,RELIABLE,RELIABLE,RELIABLE,RELIABLE,RELIABLE,MOVING,MOVING,MOVING,MOVING,MOVING,MOVING,MOVING,MOVING,MOVING
96702,2881,4,WHOLE_BODY,0.12450004,0.00238891,0.01918805,0.01490950,0.03202445,0.03198803,0.01976081,0.04035645,0.02202362,0.03844387,0.02061449,RELIABLE,RELIABLE,RELIABLE,RELIABLE,RELIABLE,RELIABLE,RELIABLE,RELIABLE,MOVING,MOVING,MOVING,MOVING,MOVING,MOVING,MOVING,MOVING,MOVING
96750,2882,4,WHOLE_BODY,0.12452185,0.00229374,0.01842037,0.01492361,0.03199040,0.03266424,0.01991576,0.04722602,0.02177019,0.04003386,0.01943828,RELIABLE,RELIABLE,RELIABLE,RELIABLE,RELIABLE,RELIABLE,RELIABLE,RELIABLE,MOVING,MOVING,MOVING,MOVING,MOVING,MOVING,MOVING,MOVING,MOVING
96779,2883,4,WHOLE_BODY,0.12454236,0.00114687,0.00920867,0.01420912,0.03045251,0.03169076,0.01871817,0.04741154,0.02137344,0.03816830,0.01897180,RELIABLE,RELIABLE,RELIABLE,RELIABLE,RELIABLE,RELIABLE,RELIABLE,RELIABLE,MOVING,MOVING,MOVING,MOVING,MOVING,MOVING,MOVING,MOVING,MOVING
96810,2884,4,WHOLE_BODY,0.12569692,0.00267633,0.02129189,0.01501789,0.03395346,0.03390197,0.01773970,0.04624784,0.02051739,0.04587544,0.01817729,RELIABLE,RELIABLE,RELIABLE,RELIABLE,RELIABLE,RELIABLE,RELIABLE,RELIABLE,MOVING,MOVING,MOVING,MOVING,MOVING,MOVING,MOVING,MOVING,MOVING
96841,2885,4,WHOLE_BODY,0.12760822,0.00257472,0.02017675,0.01661137,0.03906482,0.03828778,0.01824215,0.05094213,0.02362136,0.06338705,0.02305606,RELIABLE,RELIABLE,RELIABLE,RELIABLE,RELIABLE,RELIABLE,RELIABLE,RELIABLE,MOVING,MOVING,MOVING,MOVING,MOVING,MOVING,MOVING,MOVING,MOVING
96878,2886,4,WHOLE_BODY,0.12958658,0.00313922,0.02422489,0.01821150,0.04314811,0.04270641,0.02041560,0.05094324,0.02524875,0.07649085,0.02226848,RELIABLE,RELIABLE,RELIABLE,RELIABLE,RELIABLE,RELIABLE,RELIABLE,RELIABLE,MOVING,MOVING,MOVING,MOVING,MOVING,MOVING,MOVING,MOVING,MOVING
96920,2887,4,WHOLE_BODY,0.13057872,0.00156961,0.01202041,0.01737027,0.04116074,0.04049185,0.02049961,0.04817587,0.02466942,0.08077610,0.02131531,RELIABLE,RELIABLE,RELIABLE,RELIABLE,RELIABLE,RELIABLE,RELIABLE,RELIABLE,MOVING,MOVING,MOVING,MOVING,MOVING,MOVING,MOVING,MOVING,MOVING
96950,2888,4,WHOLE_BODY,0.13150220,0.00352064,0.02677247,0.01891294,0.04377849,0.04319003,0.02143839,0.04727872,0.02579424,0.08118385,0.02271799,RELIABLE,RELIABLE,RELIABLE,RELIABLE,RELIABLE,RELIABLE,RELIABLE,RELIABLE,MOVING,MOVING,MOVING,MOVING,MOVING,MOVING,MOVING,MOVING,MOVING
96982,2889,4,WHOLE_BODY,0.13256055,0.00306633,0.02313152,0.01940587,0.04345141,0.04270408,0.02387799,0.04721650,0.02857418,0.08190896,0.02326126,RELIABLE,RELIABLE,RELIABLE,RELIABLE,RELIABLE,RELIABLE,RELIABLE,RELIABLE,MOVING,MOVING,MOVING,MOVING,MOVING,MOVING,MOVING,MOVING,MOVING
97013,2890,4,WHOLE_BODY,0.13344676,0.00436035,0.03267480,0.02118768,0.04813459,0.04750653,0.03019296,0.04423306,0.03159358,0.08089919,0.02500035,RELIABLE,RELIABLE,RELIABLE,RELIABLE,RELIABLE,RELIABLE,RELIABLE,RELIABLE,MOVING,MOVING,MOVING,MOVING,MOVING,MOVING,MOVING,MOVING,MOVING
97045,2891,4,WHOLE_BODY,0.13389114,0.00218017,0.01628317,0.02207199,0.05046014,0.04989154,0.03333521,0.04272991,0.03309272,0.08038689,0.02586432,RELIABLE,RELIABLE,RELIABLE,RELIABLE,RELIABLE,RELIABLE,RELIABLE,RELIABLE,MOVING,MOVING,MOVING,MOVING,MOVING,MOVING,MOVING,MOVING,MOVING
97077,2892,4,WHOLE_BODY,0.13384474,0.00269640,0.02014573,0.02192872,0.05132126,0.05073540,0.03840509,0.04380516,0.03589035,0.07516808,0.02923401,RELIABLE,RELIABLE,RELIABLE,RELIABLE,RELIABLE,RELIABLE,RELIABLE,RELIABLE,MOVING,MOVING,MOVING,MOVING,MOVING,MOVING,MOVING,MOVING,MOVING
97109,2893,4,WHOLE_BODY,0.13469445,0.00322295,0.02392789,0.02239761,0.05111181,0.05070924,0.04622054,0.04263588,0.03722964,0.05765144,0.02869871,RELIABLE,RELIABLE,RELIABLE,RELIABLE,RELIABLE,RELIABLE,RELIABLE,RELIABLE,MOVING,MOVING,MOVING,MOVING,MOVING,MOVING,MOVING,MOVING,MOVING
97141,2894,4,WHOLE_BODY,0.13542521,0.00360964,0.02665415,0.02270127,0.05070011,0.05145636,0.05398551,0.04396820,0.04084881,0.04915626,0.03641524,RELIABLE,RELIABLE,RELIABLE,RELIABLE,RELIABLE,RELIABLE,RELIABLE,RELIABLE,MOVING,MOVING,MOVING,MOVING,MOVING,MOVING,MOVING,MOVING,MOVING
97173,2895,4,WHOLE_BODY,0.13725089,0.00389048,0.02834579,0.02474194,0.05482688,0.05628059,0.06489776,0.04721349,0.04363933,0.04534471,0.03825879,RELIABLE,RELIABLE,RELIABLE,RELIABLE,RELIABLE,RELIABLE,RELIABLE,RELIABLE,MOVING,MOVING,MOVING,MOVING,MOVING,MOVING,MOVING,MOVING,MOVING
97214,2896,4,WHOLE_BODY,0.14003272,0.00419077,0.02992704,0.02513626,0.05581879,0.05745322,0.07534266,0.04623002,0.04721424,0.04706789,0.04705770,RELIABLE,RELIABLE,RELIABLE,RELIABLE,RELIABLE,RELIABLE,RELIABLE,RELIABLE,MOVING,MOVING,MOVING,MOVING,MOVING,MOVING,MOVING,MOVING,MOVING
97252,2897,4,WHOLE_BODY,0.14142459,0.00209538,0.01481625,0.02409685,0.05369721,0.05576243,0.07706550,0.03985301,0.04521711,0.04515303,0.04991107,RELIABLE,RELIABLE,RELIABLE,RELIABLE,RELIABLE,RELIABLE,RELIABLE,RELIABLE,MOVING,MOVING,MOVING,MOVING,MOVING,MOVING,MOVING,MOVING,MOVING
97282,2898,4,WHOLE_BODY,0.14555797,0.00269771,0.01853361,0.02232920,0.04937849,0.05154872,0.07980864,0.03509272,0.04377361,0.04371747,0.05205121,RELIABLE,RELIABLE,RELIABLE,RELIABLE,RELIABLE,RELIABLE,RELIABLE,RELIABLE,MOVING,MOVING,MOVING,MOVING,MOVING,MOVING,MOVING,MOVING,MOVING
97313,2899,4,WHOLE_BODY,0.14626826,0.00307955,0.02105414,0.02292557,0.04676371,0.04981736,0.08839594,0.03747042,0.04424441,0.05295250,0.06343054,RELIABLE,RELIABLE,RELIABLE,RELIABLE,RELIABLE,RELIABLE,RELIABLE,RELIABLE,MOVING,MOVING,MOVING,MOVING,MOVING,MOVING,MOVING,MOVING,MOVING
97345,2900,4,WHOLE_BODY,0.14458796,0.00352151,0.02435550,0.02345180,0.04224051,0.04709532,0.09397234,0.03512625,0.04092563,0.05262552,0.06726778,RELIABLE,RELIABLE,RELIABLE,RELIABLE,PARTIAL,RELIABLE,RELIABLE,RELIABLE,MOVING,MOVING,MOVING,MOVING,MOVING,MOVING,MOVING,MOVING,MOVING
97376,2901,4,WHOLE_BODY,0.14300419,0.00199857,0.01397563,0.02220776,0.03648354,0.04243339,0.09440543,,0.04105661,0.05656892,0.06777730,RELIABLE,RELIABLE,RELIABLE,RELIABLE,UNRELIABLE,RELIABLE,RELIABLE,RELIABLE,MOVING,MOVING,MOVING,MOVING,UNCERTAIN,MOVING,MOVING,MOVING,MOVING
97408,2902,4,WHOLE_BODY,0.14222028,0.00099929,0.00702633,0.01975429,0.02981980,0.03555567,0.08822656,,0.03756503,0.05246901,0.06189909,RELIABLE,RELIABLE,RELIABLE,RELIABLE,UNRELIABLE,RELIABLE,RELIABLE,RELIABLE,MOVING,MOVING,MOVING,MOVING,UNCERTAIN,MOVING,MOVING,MOVING,MOVING
97439,2903,4,WHOLE_BODY,0.13424672,0.00905123,0.06742238,0.02463886,0.02921176,,0.08515243,,0.03962312,0.05585435,0.07757591,PARTIAL,PARTIAL,UNRELIABLE,PARTIAL,UNRELIABLE,RELIABLE,PARTIAL,RELIABLE,MOVING,MOVING,UNCERTAIN,MOVING,UNCERTAIN,MOVING,MOVING,MOVING,MOVING
97470,2904,4,WHOLE_BODY,0.28134282,0.01028373,0.03655230,0.02546702,,,,,0.04592197,,0.07289778,PARTIAL,UNRELIABLE,UNRELIABLE,UNRELIABLE,PARTIAL,RELIABLE,UNRELIABLE,PARTIAL,MOVING,UNCERTAIN,UNCERTAIN,UNCERTAIN,UNCERTAIN,MOVING,UNCERTAIN,MOVING,MOVING
97502,2905,4,WHOLE_BODY,0.09749886,,,,,,,0.37583691,0.06657248,,0.08417539,UNRELIABLE,UNRELIABLE,UNRELIABLE,RELIABLE,PARTIAL,RELIABLE,RELIABLE,RELIABLE,UNCERTAIN,UNCERTAIN,UNCERTAIN,UNCERTAIN,STATIONARY,MOVING,UNCERTAIN,MOVING,MOVING
97534,2906,4,WHOLE_BODY,0.12481098,,,,,,0.18801023,0.28875044,0.07622334,0.13727402,0.10194957,UNRELIABLE,UNRELIABLE,UNRELIABLE,RELIABLE,PARTIAL,RELIABLE,RELIABLE,RELIABLE,UNCERTAIN,UNCERTAIN,UNCERTAIN,STATIONARY,STATIONARY,MOVING,STATIONARY,MOVING,MOVING
97582,2907,4,WHOLE_BODY,0.13638794,,,,,,0.13350538,0.22721087,0.08448542,0.12201339,0.10154628,PARTIAL,UNRELIABLE,UNRELIABLE,RELIABLE,RELIABLE,RELIABLE,RELIABLE,RELIABLE,UNCERTAIN,UNCERTAIN,UNCERTAIN,STATIONARY,MOVING,MOVING,STATIONARY,MOVING,MOVING
97612,2908,4,WHOLE_BODY,0.14219058,0.00379682,0.02670232,0.02670232,,,0.10163302,0.18094675,0.08699049,0.09840831,0.09640803,PARTIAL,UNRELIABLE,UNRELIABLE,RELIABLE,RELIABLE,RELIABLE,RELIABLE,RELIABLE,STATIONARY,UNCERTAIN,UNCERTAIN,MOVING,MOVING,MOVING,MOVING,MOVING,MOVING
97643,2909,4,WHOLE_BODY,0.26160715,0.00760375,0.02906552,0.02788392,,,0.14401826,0.20301864,0.10283735,0.11320019,0.10436953,PARTIAL,UNRELIABLE,UNRELIABLE,PARTIAL,PARTIAL,RELIABLE,RELIABLE,PARTIAL,STATIONARY,UNCERTAIN,UNCERTAIN,MOVING,MOVING,MOVING,MOVING,MOVING,MOVING
97675,2910,4,WHOLE_BODY,0.08294236,,,,,,0.21255994,0.26538360,0.13919418,0.13429920,0.12895707,UNRELIABLE,UNRELIABLE,UNRELIABLE,RELIABLE,RELIABLE,RELIABLE,RELIABLE,RELIABLE,UNCERTAIN,UNCERTAIN,UNCERTAIN,MOVING,MOVING,MOVING,MOVING,MOVING,MOVING
97710,2911,4,WHOLE_BODY,0.27106949,,,,,,0.22436743,0.26039848,0.15099117,0.13076817,,UNRELIABLE,UNRELIABLE,UNRELIABLE,PARTIAL,PARTIAL,RELIABLE,PARTIAL,UNRELIABLE,UNCERTAIN,UNCERTAIN,UNCERTAIN,MOVING,MOVING,MOVING,MOVING,UNCERTAIN,MOVING
97739,2912,4,WHOLE_BODY,0.07334679,,,,,,0.26712823,0.28108737,0.17136313,0.14194661,,UNRELIABLE,UNRELIABLE,UNRELIABLE,PARTIAL,PARTIAL,RELIABLE,PARTIAL,UNRELIABLE,UNCERTAIN,UNCERTAIN,UNCERTAIN,MOVING,MOVING,MOVING,MOVING,UNCERTAIN,MOVING
97770,2913,4,WHOLE_BODY,0.10972289,,,,,,0.26376344,0.26280071,0.16895243,0.15456511,,PARTIAL,PARTIAL,UNRELIABLE,PARTIAL,RELIABLE,RELIABLE,RELIABLE,RELIABLE,UNCERTAIN,UNCERTAIN,UNCERTAIN,MOVING,MOVING,MOVING,MOVING,UNCERTAIN,MOVING
97801,2914,4,WHOLE_BODY,0.12981153,,,,,,0.26175682,0.25137394,0.16762631,0.15789604,0.13304923,UNRELIABLE,UNRELIABLE,UNRELIABLE,RELIABLE,RELIABLE,RELIABLE,RELIABLE,RELIABLE,UNCERTAIN,UNCERTAIN,UNCERTAIN,MOVING,MOVING,MOVING,MOVING,STATIONARY,MOVING
97833,2915,4,WHOLE_BODY,0.13957010,,,,,,0.26970789,0.24776264,0.16584821,0.15561067,0.10151866,UNRELIABLE,UNRELIABLE,UNRELIABLE,PARTIAL,RELIABLE,RELIABLE,RELIABLE,PARTIAL,UNCERTAIN,UNCERTAIN,UNCERTAIN,MOVING,MOVING,MOVING,MOVING,STATIONARY,MOVING
97870,2916,4,WHOLE_BODY,0.14722549,,,,,,0.27606967,0.24738663,0.16961290,0.15854177,0.08681415,UNRELIABLE,UNRELIABLE,UNRELIABLE,PARTIAL,RELIABLE,RELIABLE,RELIABLE,RELIABLE,UNCERTAIN,UNCERTAIN,UNCERTAIN,MOVING,MOVING,MOVING,MOVING,MOVING,MOVING
97919,2917,4,WHOLE_BODY,0.08174716,,,,,,,0.22049259,0.15862691,0.15640443,0.11198221,UNRELIABLE,UNRELIABLE,UNRELIABLE,UNRELIABLE,PARTIAL,PARTIAL,RELIABLE,RELIABLE,UNCERTAIN,UNCERTAIN,UNCERTAIN,UNCERTAIN,MOVING,MOVING,MOVING,MOVING,MOVING
97959,2918,4,WHOLE_BODY,0.07996157,,,,,,,0.15320744,0.12481275,0.13804341,0.10875308,UNRELIABLE,UNRELIABLE,UNRELIABLE,UNRELIABLE,PARTIAL,PARTIAL,RELIABLE,RELIABLE,UNCERTAIN,UNCERTAIN,UNCERTAIN,UNCERTAIN,MOVING,MOVING,MOVING,MOVING,MOVING
97990,2919,4,WHOLE_BODY,0.08488218,,,,,,,,0.11472099,0.13038856,0.10836501,UNRELIABLE,UNRELIABLE,UNRELIABLE,UNRELIABLE,PARTIAL,PARTIAL,RELIABLE,RELIABLE,UNCERTAIN,UNCERTAIN,UNCERTAIN,UNCERTAIN,UNCERTAIN,MOVING,MOVING,MOVING,MOVING
98021,2920,4,WHOLE_BODY,0.09290962,,,,,,,0.06808969,0.10890674,0.13910571,0.11869723,UNRELIABLE,UNRELIABLE,UNRELIABLE,UNRELIABLE,PARTIAL,PARTIAL,RELIABLE,RELIABLE,UNCERTAIN,UNCERTAIN,UNCERTAIN,UNCERTAIN,STATIONARY,MOVING,MOVING,MOVING,MOVING
99661,2970,5,NO TRIAL,0.09499351,,,,,,,,,,,UNRELIABLE,UNRELIABLE,UNRELIABLE,PARTIAL,PARTIAL,PARTIAL,RELIABLE,RELIABLE,UNCERTAIN,UNCERTAIN,UNCERTAIN,UNCERTAIN,UNCERTAIN,UNCERTAIN,UNCERTAIN,UNCERTAIN,UNCERTAIN
99702,2971,5,NO TRIAL,0.09531108,,,,,,,0.03474154,0.03668152,0.17940917,0.16178105,UNRELIABLE,UNRELIABLE,UNRELIABLE,UNRELIABLE,PARTIAL,PARTIAL,RELIABLE,RELIABLE,UNCERTAIN,UNCERTAIN,UNCERTAIN,UNCERTAIN,STATIONARY,STATIONARY,STATIONARY,STATIONARY,STATIONARY
99742,2972,5,NO TRIAL,0.09657666,,,,,,,0.05788876,0.06664195,0.14232191,0.14409875,UNRELIABLE,UNRELIABLE,UNRELIABLE,PARTIAL,RELIABLE,PARTIAL,RELIABLE,RELIABLE,UNCERTAIN,UNCERTAIN,UNCERTAIN,UNCERTAIN,STATIONARY,STATIONARY,STATIONARY,STATIONARY,STATIONARY
99782,2973,5,NO TRIAL,0.15713851,,,,,,0.03859583,0.04783157,0.05473004,0.10566073,0.10901500,UNRELIABLE,UNRELIABLE,UNRELIABLE,RELIABLE,RELIABLE,RELIABLE,RELIABLE,RELIABLE,UNCERTAIN,UNCERTAIN,UNCERTAIN,STATIONARY,MOVING,MOVING,MOVING,MOVING,MOVING
99814,2974,5,NO TRIAL,0.15762399,,,,,,0.04666734,0.05224212,0.05243275,0.09277463,0.08865894,UNRELIABLE,UNRELIABLE,UNRELIABLE,RELIABLE,PARTIAL,RELIABLE,RELIABLE,RELIABLE,UNCERTAIN,UNCERTAIN,UNCERTAIN,STATIONARY,MOVING,MOVING,MOVING,MOVING,MOVING
99845,2975,5,NO TRIAL,0.15345971,,,,,,0.05874269,0.05741242,0.05108926,0.08394864,0.07426271,UNRELIABLE,UNRELIABLE,UNRELIABLE,RELIABLE,RELIABLE,RELIABLE,RELIABLE,RELIABLE,UNCERTAIN,UNCERTAIN,UNCERTAIN,MOVING,MOVING,MOVING,MOVING,MOVING,MOVING
99876,2976,5,NO TRIAL,0.14639515,,,,,,0.06675200,0.05730324,0.05432292,0.08049496,0.06901137,UNRELIABLE,UNRELIABLE,UNRELIABLE,RELIABLE,RELIABLE,RELIABLE,RELIABLE,PARTIAL,UNCERTAIN,UNCERTAIN,UNCERTAIN,MOVING,MOVING,MOVING,MOVING,MOVING,MOVING
99907,2977,5,NO TRIAL,0.14699006,,,,,,0.07422899,0.05549860,0.06030149,0.08288139,0.06886049,UNRELIABLE,UNRELIABLE,UNRELIABLE,RELIABLE,RELIABLE,RELIABLE,RELIABLE,PARTIAL,UNCERTAIN,UNCERTAIN,UNCERTAIN,MOVING,MOVING,MOVING,MOVING,MOVING,MOVING
99950,2978,5,NO TRIAL,0.26264462,,,,,,0.12876009,0.08707477,0.07649202,0.08925326,0.07460347,UNRELIABLE,UNRELIABLE,UNRELIABLE,RELIABLE,PARTIAL,RELIABLE,RELIABLE,PARTIAL,UNCERTAIN,UNCERTAIN,UNCERTAIN,MOVING,MOVING,MOVING,MOVING,MOVING,MOVING
99986,2979,5,NO TRIAL,0.05476177,,,,,,0.24788306,0.17508997,0.12880864,0.10695166,0.08879437,UNRELIABLE,UNRELIABLE,UNRELIABLE,RELIABLE,PARTIAL,RELIABLE,RELIABLE,PARTIAL,UNCERTAIN,UNCERTAIN,UNCERTAIN,MOVING,MOVING,MOVING,MOVING,MOVING,MOVING
100017,2980,5,NO TRIAL,0.10280297,,,,,,0.26163315,0.19403777,0.14807177,,0.10002106,UNRELIABLE,UNRELIABLE,UNRELIABLE,RELIABLE,RELIABLE,RELIABLE,UNRELIABLE,PARTIAL,UNCERTAIN,UNCERTAIN,UNCERTAIN,MOVING,MOVING,MOVING,UNCERTAIN,MOVING,MOVING
100049,2981,5,NO TRIAL,0.27758464,,,,,,0.29661232,0.22674668,0.16692705,,0.11140883,UNRELIABLE,UNRELIABLE,UNRELIABLE,RELIABLE,PARTIAL,RELIABLE,RELIABLE,RELIABLE,UNCERTAIN,UNCERTAIN,UNCERTAIN,MOVING,MOVING,MOVING,UNCERTAIN,MOVING,MOVING
100080,2982,5,NO TRIAL,0.06273092,,,,,,0.41211435,0.31312822,0.23349487,0.47567558,0.17323145,UNRELIABLE,UNRELIABLE,UNRELIABLE,RELIABLE,RELIABLE,RELIABLE,PARTIAL,PARTIAL,UNCERTAIN,UNCERTAIN,UNCERTAIN,MOVING,MOVING,MOVING,STATIONARY,MOVING,MOVING
100112,2983,5,NO TRIAL,0.10613466,,,,,,0.43896757,0.34483811,0.24980343,0.32627936,0.18791563,UNRELIABLE,UNRELIABLE,UNRELIABLE,RELIABLE,RELIABLE,RELIABLE,PARTIAL,RELIABLE,UNCERTAIN,UNCERTAIN,UNCERTAIN,MOVING,MOVING,MOVING,STATIONARY,MOVING,MOVING
100143,2984,5,NO TRIAL,0.12787590,,,,,,0.44306392,0.35495378,0.25013136,0.24198787,0.19003684,UNRELIABLE,UNRELIABLE,UNRELIABLE,RELIABLE,RELIABLE,RELIABLE,PARTIAL,RELIABLE,UNCERTAIN,UNCERTAIN,UNCERTAIN,MOVING,MOVING,MOVING,MOVING,MOVING,MOVING
100174,2985,5,NO TRIAL,0.11445560,,,,,,0.43915513,0.35908873,0.25040688,0.21659446,,UNRELIABLE,UNRELIABLE,UNRELIABLE,RELIABLE,PARTIAL,RELIABLE,PARTIAL,UNRELIABLE,UNCERTAIN,UNCERTAIN,UNCERTAIN,MOVING,MOVING,MOVING,MOVING,UNCERTAIN,MOVING
100205,2986,5,NO TRIAL,0.13018291,,,,,,0.39855657,0.32921728,0.23559438,0.18955412,,UNRELIABLE,UNRELIABLE,UNRELIABLE,RELIABLE,RELIABLE,RELIABLE,PARTIAL,PARTIAL,UNCERTAIN,UNCERTAIN,UNCERTAIN,MOVING,MOVING,MOVING,MOVING,UNCERTAIN,MOVING
100237,2987,5,NO TRIAL,0.13809755,,,,,,0.28975964,0.24461174,0.18814119,0.17047302,0.08681560,PARTIAL,UNRELIABLE,UNRELIABLE,RELIABLE,RELIABLE,RELIABLE,RELIABLE,RELIABLE,UNCERTAIN,UNCERTAIN,UNCERTAIN,MOVING,MOVING,MOVING,MOVING,STATIONARY,MOVING
100268,2988,5,NO TRIAL,0.14205774,0.00198056,0.01394191,0.01394191,,,0.25062880,0.21930255,0.16139537,0.15036632,0.06596019,PARTIAL,UNRELIABLE,UNRELIABLE,RELIABLE,RELIABLE,RELIABLE,RELIABLE,RELIABLE,STATIONARY,UNCERTAIN,UNCERTAIN,MOVING,MOVING,MOVING,MOVING,STATIONARY,MOVING
100319,2989,5,NO TRIAL,0.13847664,0.00355751,0.02569034,0.01981613,,,0.22130378,0.18881204,0.14548163,0.14368248,0.05848770,PARTIAL,UNRELIABLE,UNRELIABLE,RELIABLE,RELIABLE,RELIABLE,RELIABLE,PARTIAL,STATIONARY,UNCERTAIN,UNCERTAIN,MOVING,MOVING,MOVING,MOVING,MOVING,MOVING
100346,2990,5,NO TRIAL,0.13669871,0.00177876,0.01301224,0.01754816,,,0.10426685,0.09712477,0.07666786,0.09035777,0.04937940,PARTIAL,UNRELIABLE,UNRELIABLE,RELIABLE,RELIABLE,RELIABLE,RELIABLE,PARTIAL,MOVING,UNCERTAIN,UNCERTAIN,MOVING,MOVING,MOVING,MOVING,MOVING,MOVING
100378,2991,5,NO TRIAL,0.14083085,0.00585672,0.04158691,0.02355785,,,0.07468579,0.05998380,0.06104886,0.07795167,0.05418805,PARTIAL,UNRELIABLE,UNRELIABLE,RELIABLE,RELIABLE,RELIABLE,RELIABLE,RELIABLE,MOVING,UNCERTAIN,UNCERTAIN,MOVING,MOVING,MOVING,MOVING,MOVING,MOVING
100409,2992,5,NO TRIAL,0.14240294,0.00476954,0.03349330,0.02554494,,,0.06804704,0.04805264,0.06036451,0.08294818,0.06129995,PARTIAL,PARTIAL,RELIABLE,RELIABLE,RELIABLE,RELIABLE,RELIABLE,RELIABLE,MOVING,UNCERTAIN,UNCERTAIN,MOVING,MOVING,MOVING,MOVING,MOVING,MOVING
100447,2993,5,NO TRIAL,0.14519260,0.00470465,0.03240283,0.02668792,0.02246457,0.03934766,0.06924977,0.04483520,0.05494464,0.07918864,0.05889030,RELIABLE,RELIABLE,RELIABLE,RELIABLE,RELIABLE,RELIABLE,RELIABLE,RELIABLE,MOVING,STATIONARY,STATIONARY,MOVING,MOVING,MOVING,MOVING,MOVING,MOVING
100473,2994,5,NO TRIAL,0.14660679,0.00232692,0.01587186,0.02514277,0.01707828,0.02941585,0.06477719,0.03941247,0.04943439,0.07584415,0.05427925,RELIABLE,RELIABLE,RELIABLE,RELIABLE,RELIABLE,RELIABLE,RELIABLE,RELIABLE,MOVING,STATIONARY,STATIONARY,MOVING,MOVING,MOVING,MOVING,MOVING,MOVING
100505,2995,5,NO TRIAL,0.14578184,0.00334920,0.02297407,0.02487168,0.02536447,0.03189807,0.05961631,0.03448984,0.04305285,0.07153629,0.04554187,RELIABLE,RELIABLE,RELIABLE,RELIABLE,RELIABLE,RELIABLE,RELIABLE,RELIABLE,MOVING,MOVING,MOVING,MOVING,MOVING,MOVING,MOVING,MOVING,MOVING
100536,2996,5,NO TRIAL,0.14281710,0.00386523,0.02706423,0.02651197,0.03513122,0.03882586,0.06027549,0.03465124,0.04279673,0.07195177,0.04247266,RELIABLE,RELIABLE,RELIABLE,RELIABLE,RELIABLE,RELIABLE,RELIABLE,RELIABLE,MOVING,MOVING,MOVING,MOVING,MOVING,MOVING,MOVING,MOVING,MOVING
100574,2997,5,NO TRIAL,0.13981440,0.00466959,0.03339850,0.02747549,0.04362808,0.04573111,0.05636860,0.03243963,0.03995376,0.06237873,0.03824332,RELIABLE,RELIABLE,RELIABLE,RELIABLE,RELIABLE,RELIABLE,RELIABLE,RELIABLE,MOVING,MOVING,MOVING,MOVING,MOVING,MOVING,MOVING,MOVING,MOVING
100614,2998,5,NO TRIAL,0.13831313,0.00233480,0.01688050,0.02795902,0.04289490,0.04428828,0.05438269,0.03131571,0.03850952,0.05752722,0.03609983,RELIABLE,RELIABLE,RELIABLE,RELIABLE,RELIABLE,RELIABLE,RELIABLE,RELIABLE,MOVING,MOVING,MOVING,MOVING,MOVING,MOVING,MOVING,MOVING,MOVING
100646,2999,5,NO TRIAL,0.13613091,0.00358113,0.02630653,0.02604898,0.04383689,0.04518652,0.05216946,0.03163677,0.03620541,0.05242246,0.03016896,RELIABLE,RELIABLE,RELIABLE,RELIABLE,RELIABLE,RELIABLE,RELIABLE,RELIABLE,MOVING,MOVING,MOVING,MOVING,MOVING,MOVING,MOVING,MOVING,MOVING
100678,3000,5,NO TRIAL,0.13555018,0.00372627,0.02748993,0.02529856,0.04821009,0.04939647,0.04861761,0.03103718,0.03298157,0.04481474,0.02162469,RELIABLE,RELIABLE,RELIABLE,RELIABLE,RELIABLE,RELIABLE,RELIABLE,RELIABLE,MOVING,MOVING,MOVING,MOVING,MOVING,MOVING,MOVING,MOVING,MOVING
100709,3001,5,NO TRIAL,0.13372284,0.00306497,0.02292029,0.02411324,0.05329826,0.05171795,0.04477058,0.02880319,0.03229329,0.03873979,0.01914417,RELIABLE,RELIABLE,RELIABLE,RELIABLE,RELIABLE,RELIABLE,RELIABLE,RELIABLE,MOVING,MOVING,MOVING,MOVING,MOVING,MOVING,MOVING,MOVING,MOVING
100741,3002,5,NO TRIAL,0.13212570,0.00409587,0.03099981,0.02600423,0.06178274,0.05939851,0.04700853,0.03135065,0.03685840,0.03816549,0.02112821,RELIABLE,RELIABLE,RELIABLE,RELIABLE,RELIABLE,RELIABLE,RELIABLE,RELIABLE,MOVING,MOVING,MOVING,MOVING,MOVING,MOVING,MOVING,MOVING,MOVING
100782,3003,5,NO TRIAL,0.13081593,0.00452869,0.03461883,0.02745983,0.06764027,0.06549176,0.04676365,0.03541440,0.04300938,0.04344045,0.02814698,RELIABLE,RELIABLE,RELIABLE,RELIABLE,RELIABLE,RELIABLE,RELIABLE,RELIABLE,MOVING,MOVING,MOVING,MOVING,MOVING,MOVING,MOVING,MOVING,MOVING
100820,3004,5,NO TRIAL,0.13017302,0.00226435,0.01739491,0.02625116,0.06516357,0.06341756,0.04357744,0.03494863,0.04330467,0.04451004,0.03016731,RELIABLE,RELIABLE,RELIABLE,RELIABLE,RELIABLE,RELIABLE,RELIABLE,RELIABLE,MOVING,MOVING,MOVING,MOVING,MOVING,MOVING,MOVING,MOVING,MOVING
100852,3005,5,NO TRIAL,0.12675784,0.00449241,0.03544085,0.02650646,0.06271739,0.06116234,0.04239634,0.03717281,0.04425983,0.04706440,0.03081295,RELIABLE,RELIABLE,RELIABLE,RELIABLE,RELIABLE,RELIABLE,RELIABLE,RELIABLE,MOVING,MOVING,MOVING,MOVING,MOVING,MOVING,MOVING,MOVING,MOVING
100884,3006,5,NO TRIAL,0.12696580,0.00473116,0.03726329,0.02905431,0.06711825,0.06635048,0.04541197,0.04152095,0.04869303,0.05180055,0.03292344,RELIABLE,RELIABLE,RELIABLE,RELIABLE,RELIABLE,RELIABLE,RELIABLE,RELIABLE,MOVING,MOVING,MOVING,MOVING,MOVING,MOVING,MOVING,MOVING,MOVING
100915,3007,5,NO TRIAL,0.12749190,0.00424450,0.03329229,0.02992753,0.07141674,0.07023380,0.04495588,0.04553879,0.05308873,0.05481433,0.03388971,RELIABLE,RELIABLE,RELIABLE,RELIABLE,RELIABLE,RELIABLE,RELIABLE,RELIABLE,MOVING,MOVING,MOVING,MOVING,MOVING,MOVING,MOVING,MOVING,MOVING
100947,3008,5,NO TRIAL,0.12683761,0.00350487,0.02763275,0.02994538,0.07019979,0.06963981,0.04517981,0.04945709,0.05393695,0.05326493,0.03216205,RELIABLE,RELIABLE,RELIABLE,RELIABLE,RELIABLE,RELIABLE,RELIABLE,RELIABLE,MOVING,MOVING,MOVING,MOVING,MOVING,MOVING,MOVING,MOVING,MOVING
100979,3009,5,NO TRIAL,0.12651289,0.00175244,0.01385184,0.02881182,0.06663256,0.06704390,0.04146138,0.04949970,0.05079546,0.04806158,0.03000863,RELIABLE,RELIABLE,RELIABLE,RELIABLE,RELIABLE,RELIABLE,RELIABLE,RELIABLE,MOVING,MOVING,MOVING,MOVING,MOVING,MOVING,MOVING,MOVING,MOVING
101010,3010,5,NO TRIAL,0.12583886,0.00310756,0.02469473,0.02802369,0.06287127,0.06396264,0.03720048,0.05010388,0.04693664,0.04521605,0.02942139,RELIABLE,RELIABLE,RELIABLE,RELIABLE,RELIABLE,RELIABLE,RELIABLE,RELIABLE,MOVING,MOVING,MOVING,MOVING,MOVING,MOVING,MOVING,MOVING,MOVING
101041,3011,5,NO TRIAL,0.12464093,0.00405976,0.03257161,0.02776778,0.05939906,0.06028922,0.03428230,0.04912304,0.04049447,0.03761654,0.02211338,RELIABLE,RELIABLE,RELIABLE,RELIABLE,RELIABLE,RELIABLE,RELIABLE,RELIABLE,MOVING,MOVING,MOVING,MOVING,MOVING,MOVING,MOVING,MOVING,MOVING
101073,3012,5,NO TRIAL,0.12426919,0.00244586,0.01968197,0.02805366,0.05890233,0.06053977,0.03467757,0.05114876,0.03842758,0.03531596,0.01933936,RELIABLE,RELIABLE,RELIABLE,RELIABLE,RELIABLE,RELIABLE,RELIABLE,RELIABLE,MOVING,MOVING,MOVING,MOVING,MOVING,MOVING,MOVING,MOVING,MOVING
101104,3013,5,NO TRIAL,0.12252232,0.00210232,0.01715870,0.02576840,0.05569914,0.05744343,0.03221895,0.05023573,0.03687274,0.03275767,0.02236779,RELIABLE,RELIABLE,RELIABLE,RELIABLE,RELIABLE,RELIABLE,RELIABLE,RELIABLE,MOVING,MOVING,MOVING,MOVING,MOVING,MOVING,MOVING,MOVING,MOVING
101150,3014,5,NO TRIAL,0.12106566,0.00174080,0.01437901,0.02290786,0.05057121,0.05166031,0.02926658,0.05032734,0.03339219,0.02969778,0.02178805,RELIABLE,RELIABLE,RELIABLE,RELIABLE,RELIABLE,RELIABLE,RELIABLE,RELIABLE,MOVING,MOVING,MOVING,MOVING,MOVING,MOVING,MOVING,MOVING,MOVING
101182,3015,5,NO TRIAL,0.12034222,0.00087040,0.00723273,0.01965042,0.04218744,0.04348678,0.02600466,0.04477358,0.02638305,0.02357310,0.01865332,RELIABLE,RELIABLE,RELIABLE,RELIABLE,RELIABLE,RELIABLE,RELIABLE,RELIABLE,MOVING,MOVING,MOVING,MOVING,MOVING,MOVING,MOVING,MOVING,MOVING
101214,3016,5,NO TRIAL,0.11991660,0.00270012,0.02251666,0.01901091,0.03798439,0.03748647,0.02255834,0.03904717,0.02217810,0.02119693,0.01862522,RELIABLE,RELIABLE,RELIABLE,RELIABLE,RELIABLE,RELIABLE,RELIABLE,RELIABLE,MOVING,MOVING,MOVING,MOVING,MOVING,MOVING,MOVING,MOVING,MOVING
101246,3017,5,NO TRIAL,0.11900321,0.00232889,0.01957002,0.01972568,0.03837352,0.03727782,0.02252602,0.03765443,0.02151900,0.01932461,0.02114433,RELIABLE,RELIABLE,RELIABLE,RELIABLE,RELIABLE,RELIABLE,RELIABLE,RELIABLE,MOVING,MOVING,MOVING,MOVING,MOVING,MOVING,MOVING,MOVING,MOVING
101277,3018,5,NO TRIAL,0.11978121,0.00101355,0.00846167,0.01769655,0.03435287,0.03240852,0.02324196,0.03492169,0.02154984,0.01990273,0.02217020,RELIABLE,RELIABLE,RELIABLE,RELIABLE,RELIABLE,RELIABLE,RELIABLE,RELIABLE,MOVING,MOVING,MOVING,MOVING,MOVING,MOVING,MOVING,MOVING,MOVING
101308,3019,5,NO TRIAL,0.12017066,0.00050677,0.00421712,0.01415224,0.02780395,0.02646012,0.02192847,0.03082229,0.02083854,0.01913919,0.02292294,RELIABLE,RELIABLE,RELIABLE,RELIABLE,RELIABLE,RELIABLE,RELIABLE,RELIABLE,MOVING,MOVING,MOVING,MOVING,MOVING,MOVING,MOVING,MOVING,MOVING
101340,3020,5,NO TRIAL,0.11975826,0.00205352,0.01714721,0.01383539,0.02448962,0.02441864,0.02112773,0.02833696,0.02062152,0.01822959,0.02452050,RELIABLE,RELIABLE,RELIABLE,RELIABLE,RELIABLE,RELIABLE,RELIABLE,RELIABLE,MOVING,MOVING,MOVING,MOVING,MOVING,MOVING,MOVING,MOVING,MOVING
101372,3021,5,NO TRIAL,0.11891060,0.00176450,0.01483886,0.01354541,0.02472453,0.02464829,0.02109706,0.02693407,0.01952975,0.01896836,0.02165870,RELIABLE,RELIABLE,RELIABLE,RELIABLE,RELIABLE,RELIABLE,RELIABLE,RELIABLE,MOVING,MOVING,MOVING,MOVING,MOVING,MOVING,MOVING,MOVING,MOVING
101406,3022,5,NO TRIAL,0.11877091,0.00161421,0.01359096,0.01344690,0.02408815,0.02466692,0.02125550,0.02469600,0.02169211,0.02104524,0.02687546,RELIABLE,RELIABLE,RELIABLE,RELIABLE,RELIABLE,RELIABLE,RELIABLE,RELIABLE,MOVING,MOVING,MOVING,MOVING,MOVING,MOVING,MOVING,MOVING,MOVING
101438,3023,5,NO TRIAL,0.11936589,0.00182033,0.01524997,0.01444906,0.02751277,0.02774985,0.02490522,0.02509281,0.02484488,0.02777583,0.02871651,RELIABLE,RELIABLE,RELIABLE,RELIABLE,RELIABLE,RELIABLE,RELIABLE,RELIABLE,MOVING,MOVING,MOVING,MOVING,MOVING,MOVING,MOVING,MOVING,MOVING
101465,3024,5,NO TRIAL,0.11969452,0.00091016,0.00760405,0.01258498,0.02583509,0.02703622,0.02554317,0.02397281,0.02528370,0.02923533,0.02836485,RELIABLE,RELIABLE,RELIABLE,RELIABLE,RELIABLE,RELIABLE,RELIABLE,RELIABLE,MOVING,MOVING,MOVING,MOVING,MOVING,MOVING,MOVING,MOVING,MOVING
101496,3025,5,NO TRIAL,0.11916354,0.00181002,0.01518936,0.01203740,0.02564503,0.02657671,0.02538892,0.02318170,0.02629272,0.03182931,0.02750531,RELIABLE,RELIABLE,RELIABLE,RELIABLE,RELIABLE,RELIABLE,RELIABLE,RELIABLE,MOVING,MOVING,MOVING,MOVING,MOVING,MOVING,MOVING,MOVING,MOVING
101528,3026,5,NO TRIAL,0.11839454,0.00247990,0.02094606,0.01359795,0.02888152,0.02977454,0.02530375,0.02381629,0.02542633,0.02980048,0.02431491,RELIABLE,RELIABLE,RELIABLE,RELIABLE,RELIABLE,RELIABLE,RELIABLE,RELIABLE,MOVING,MOVING,MOVING,MOVING,MOVING,MOVING,MOVING,MOVING,MOVING
101566,3027,5,NO TRIAL,0.11676349,0.00218134,0.01868172,0.01540602,0.03345143,0.03372492,0.02690489,0.02627809,0.02698020,0.03361481,0.02399093,RELIABLE,RELIABLE,RELIABLE,RELIABLE,RELIABLE,RELIABLE,RELIABLE,RELIABLE,MOVING,MOVING,MOVING,MOVING,MOVING,MOVING,MOVING,MOVING,MOVING
101604,3028,5,NO TRIAL,0.11647606,0.00291025,0.02498581,0.01638585,0.03858491,0.03627697,0.02870186,0.02787260,0.02797377,0.03348289,0.02258905,RELIABLE,RELIABLE,RELIABLE,RELIABLE,RELIABLE,RELIABLE,RELIABLE,RELIABLE,MOVING,MOVING,MOVING,MOVING,MOVING,MOVING,MOVING,MOVING,MOVING
101646,3029,5,NO TRIAL,0.11500270,0.00228615,0.01987913,0.01701588,0.04047317,0.03761360,0.03047514,0.02969630,0.02961748,0.03375225,0.02438553,RELIABLE,RELIABLE,RELIABLE,RELIABLE,RELIABLE,RELIABLE,RELIABLE,RELIABLE,MOVING,MOVING,MOVING,MOVING,MOVING,MOVING,MOVING,MOVING,MOVING
101683,3030,5,NO TRIAL,0.11430925,0.00114308,0.00999986,0.01656700,0.04003961,0.03626388,0.02928339,0.02835754,0.02646898,0.03049819,0.01894741,RELIABLE,RELIABLE,RELIABLE,RELIABLE,RELIABLE,RELIABLE,RELIABLE,RELIABLE,MOVING,MOVING,MOVING,MOVING,MOVING,MOVING,MOVING,MOVING,MOVING
101715,3031,5,NO TRIAL,0.11476680,0.00161659,0.01408590,0.01642149,0.03768633,0.03479679,0.02859992,0.02741906,0.02597134,0.02506787,0.01844444,RELIABLE,RELIABLE,RELIABLE,RELIABLE,RELIABLE,RELIABLE,RELIABLE,RELIABLE,MOVING,MOVING,MOVING,MOVING,MOVING,MOVING,MOVING,MOVING,MOVING
101746,3032,5,NO TRIAL,0.11463208,0.00189243,0.01650875,0.01753457,0.03949668,0.03625819,0.02991551,0.02799876,0.02658643,0.02324062,0.01832681,RELIABLE,RELIABLE,RELIABLE,RELIABLE,RELIABLE,RELIABLE,RELIABLE,RELIABLE,MOVING,MOVING,MOVING,MOVING,MOVING,MOVING,MOVING,MOVING,MOVING
101778,3033,5,NO TRIAL,0.11407858,0.00187360,0.01642381,0.01768888,0.03948205,0.03658384,0.03133207,0.02839648,0.02531720,0.02166153,0.01742561,RELIABLE,RELIABLE,RELIABLE,RELIABLE,RELIABLE,RELIABLE,RELIABLE,RELIABLE,MOVING,MOVING,MOVING,MOVING,MOVING,MOVING,MOVING,MOVING,MOVING
101809,3034,5,NO TRIAL,0.11382351,0.00093680,0.00823031,0.01609941,0.03634332,0.03337610,0.02961069,0.02538840,0.02310746,0.02053257,0.01628422,RELIABLE,RELIABLE,RELIABLE,RELIABLE,RELIABLE,RELIABLE,RELIABLE,RELIABLE,MOVING,MOVING,MOVING,MOVING,MOVING,MOVING,MOVING,MOVING,MOVING
101841,3035,5,NO TRIAL,0.11417860,0.00194650,0.01704784,0.01589518,0.03463935,0.03278953,0.02945519,0.02230036,0.02241444,0.01880156,0.01556896,RELIABLE,RELIABLE,RELIABLE,RELIABLE,RELIABLE,RELIABLE,RELIABLE,RELIABLE,MOVING,MOVING,MOVING,MOVING,MOVING,MOVING,MOVING,MOVING,MOVING
101873,3036,5,NO TRIAL,0.11362735,0.00159301,0.01401956,0.01452440,0.03018872,0.03017123,0.02769415,0.02003950,0.02160220,0.01987736,0.01598982,RELIABLE,RELIABLE,RELIABLE,RELIABLE,RELIABLE,RELIABLE,RELIABLE,RELIABLE,MOVING,MOVING,MOVING,MOVING,MOVING,MOVING,MOVING,MOVING,MOVING
101905,3037,5,NO TRIAL,0.11351364,0.00086075,0.00758280,0.01298735,0.02548052,0.02600348,0.02747926,0.01591153,0.01921280,0.01823517,0.01382162,RELIABLE,RELIABLE,RELIABLE,RELIABLE,RELIABLE,RELIABLE,RELIABLE,RELIABLE,MOVING,MOVING,MOVING,MOVING,MOVING,MOVING,MOVING,MOVING,MOVING
101936,3038,5,NO TRIAL,0.11418148,0.00113578,0.00994717,0.01298077,0.02370336,0.02435821,0.02727400,0.01538061,0.01813126,0.01707111,0.01332250,RELIABLE,RELIABLE,RELIABLE,RELIABLE,RELIABLE,RELIABLE,RELIABLE,RELIABLE,MOVING,MOVING,MOVING,MOVING,MOVING,MOVING,MOVING,MOVING,MOVING
101982,3039,5,NO TRIAL,0.11403521,0.00122964,0.01078300,0.01256791,0.02354219,0.02328703,0.02381685,0.01549409,0.01517694,0.01572083,0.01194159,RELIABLE,RELIABLE,RELIABLE,RELIABLE,RELIABLE,RELIABLE,RELIABLE,RELIABLE,MOVING,MOVING,MOVING,MOVING,MOVING,MOVING,MOVING,MOVING,MOVING
102016,3040,5,NO TRIAL,0.11396588,0.00061482,0.00539478,0.01117866,0.02048312,0.02056429,0.02043866,0.01450754,0.01284260,0.01416951,0.01112160,RELIABLE,RELIABLE,RELIABLE,RELIABLE,RELIABLE,RELIABLE,RELIABLE,RELIABLE,MOVING,MOVING,MOVING,MOVING,MOVING,MOVING,MOVING,MOVING,MOVING
102047,3041,5,NO TRIAL,0.11308688,0.00130507,0.01154044,0.01056824,0.01866045,0.01862740,0.01842582,0.01397072,0.01180726,0.01451668,0.01182932,RELIABLE,RELIABLE,RELIABLE,RELIABLE,RELIABLE,RELIABLE,RELIABLE,RELIABLE,MOVING,MOVING,MOVING,MOVING,MOVING,MOVING,MOVING,MOVING,MOVING
102078,3042,5,NO TRIAL,0.11321267,0.00092152,0.00813976,0.01055692,0.01822004,0.01815945,0.01820019,0.01459188,0.01268252,0.01632935,0.01242113,RELIABLE,RELIABLE,RELIABLE,RELIABLE,RELIABLE,RELIABLE,RELIABLE,RELIABLE,MOVING,MOVING,MOVING,MOVING,MOVING,MOVING,MOVING,MOVING,MOVING
102110,3043,5,NO TRIAL,0.11346783,0.00107883,0.00950777,0.00961441,0.01569692,0.01559871,0.01575331,0.01474469,0.01077100,0.01564099,0.01329957,RELIABLE,RELIABLE,RELIABLE,RELIABLE,RELIABLE,RELIABLE,RELIABLE,RELIABLE,MOVING,MOVING,MOVING,MOVING,MOVING,MOVING,MOVING,MOVING,MOVING
102142,3044,5,NO TRIAL,0.11359580,0.00053941,0.00474853,0.00845553,0.01395775,0.01301902,0.01349076,0.01307603,0.00874818,0.01439576,0.01207512,RELIABLE,RELIABLE,RELIABLE,RELIABLE,RELIABLE,RELIABLE,RELIABLE,RELIABLE,MOVING,MOVING,MOVING,MOVING,MOVING,MOVING,MOVING,MOVING,MOVING
102174,3045,5,NO TRIAL,0.11256577,0.00159837,0.01419943,0.00928261,0.01379850,0.01396592,0.01050666,0.01342224,0.00802500,0.01565665,0.01148681,RELIABLE,RELIABLE,RELIABLE,RELIABLE,RELIABLE,RELIABLE,RELIABLE,RELIABLE,MOVING,MOVING,MOVING,MOVING,MOVING,MOVING,MOVING,MOVING,MOVING
102206,3046,5,NO TRIAL,0.11220661,0.00198590,0.01769864,0.01025154,0.01458922,0.01569727,0.00923071,0.01190809,0.00803204,0.01905996,0.01300860,RELIABLE,RELIABLE,RELIABLE,RELIABLE,RELIABLE,RELIABLE,RELIABLE,RELIABLE,MOVING,MOVING,MOVING,MOVING,MOVING,MOVING,MOVING,MOVING,MOVING
102237,3047,5,NO TRIAL,0.11219874,0.00111812,0.00996556,0.01014936,0.01368752,0.01545119,0.00952168,0.01069255,0.00794210,0.01886930,0.01476286,RELIABLE,RELIABLE,RELIABLE,RELIABLE,RELIABLE,RELIABLE,RELIABLE,RELIABLE,MOVING,MOVING,MOVING,MOVING,MOVING,MOVING,MOVING,MOVING,MOVING
102270,3048,5,NO TRIAL,0.11215941,0.00070287,0.00626667,0.01025835,0.01312985,0.01507175,0.01140230,0.01093994,0.00837635,0.01986306,0.01565452,RELIABLE,RELIABLE,RELIABLE,RELIABLE,RELIABLE,RELIABLE,RELIABLE,RELIABLE,MOVING,MOVING,MOVING,MOVING,MOVING,MOVING,MOVING,MOVING,MOVING
102318,3049,5,NO TRIAL,0.11269209,0.00088580,0.00786035,0.00979834,0.01207085,0.01401356,0.01284132,0.00943183,0.00905063,0.02354805,0.01711294,RELIABLE,RELIABLE,RELIABLE,RELIABLE,RELIABLE,RELIABLE,RELIABLE,RELIABLE,MOVING,MOVING,MOVING,MOVING,MOVING,MOVING,MOVING,MOVING,MOVING
102349,3050,5,NO TRIAL,0.11296472,0.00044290,0.00392069,0.00927096,0.01106339,0.01297757,0.01277147,0.00778480,0.00799033,0.02374275,0.01759767,RELIABLE,RELIABLE,RELIABLE,RELIABLE,RELIABLE,RELIABLE,RELIABLE,RELIABLE,MOVING,MOVING,MOVING,MOVING,MOVING,MOVING,MOVING,MOVING,MOVING
102381,3051,5,NO TRIAL,0.11235042,0.00181867,0.01618750,0.01010592,0.01158666,0.01272931,0.01437879,0.00728146,0.00861047,0.02225474,0.01865996,RELIABLE,RELIABLE,RELIABLE,RELIABLE,RELIABLE,RELIABLE,RELIABLE,RELIABLE,MOVING,MOVING,MOVING,MOVING,MOVING,MOVING,MOVING,MOVING,MOVING
102411,3052,5,NO TRIAL,0.11247625,0.00147590,0.01312186,0.01115259,0.01358949,0.01457880,0.01583968,0.00793892,0.01089514,0.02581221,0.02075826,RELIABLE,RELIABLE,RELIABLE,RELIABLE,RELIABLE,RELIABLE,RELIABLE,RELIABLE,MOVING,MOVING,MOVING,MOVING,MOVING,MOVING,MOVING,MOVING,MOVING
102443,3053,5,NO TRIAL,0.11238124,0.00195720,0.01741573,0.01155463,0.01634548,0.01666824,0.01695509,0.00873027,0.01133180,0.02720503,0.02255827,RELIABLE,RELIABLE,RELIABLE,RELIABLE,RELIABLE,RELIABLE,RELIABLE,RELIABLE,MOVING,MOVING,MOVING,MOVING,MOVING,MOVING,MOVING,MOVING,MOVING
102477,3054,5,NO TRIAL,0.11260503,0.00162622,0.01444181,0.01114752,0.01721669,0.01600568,0.01978620,0.00971846,0.01302731,0.02678914,0.02270693,RELIABLE,RELIABLE,RELIABLE,RELIABLE,RELIABLE,RELIABLE,RELIABLE,RELIABLE,MOVING,MOVING,MOVING,MOVING,MOVING,MOVING,MOVING,MOVING,MOVING
102520,3055,5,NO TRIAL,0.11272490,0.00081311,0.00721323,0.01080348,0.01660149,0.01474004,0.02013228,0.00902590,0.01322360,0.02734209,0.02146238,RELIABLE,RELIABLE,RELIABLE,RELIABLE,RELIABLE,RELIABLE,RELIABLE,RELIABLE,MOVING,MOVING,MOVING,MOVING,MOVING,MOVING,MOVING,MOVING,MOVING
102551,3056,5,NO TRIAL,0.11361012,0.00155215,0.01366204,0.01172790,0.01899897,0.01680650,0.02007265,0.00914888,0.01422610,0.02702762,0.02308226,RELIABLE,RELIABLE,RELIABLE,RELIABLE,RELIABLE,RELIABLE,RELIABLE,RELIABLE,MOVING,MOVING,MOVING,MOVING,MOVING,MOVING,MOVING,MOVING,MOVING
102582,3057,5,NO TRIAL,0.11385247,0.00142957,0.01255633,0.01231490,0.01876070,0.01695773,0.02041003,0.01170871,0.01460592,0.02214262,0.02320998,RELIABLE,RELIABLE,RELIABLE,RELIABLE,RELIABLE,RELIABLE,RELIABLE,RELIABLE,MOVING,MOVING,MOVING,MOVING,MOVING,MOVING,MOVING,MOVING,MOVING
102613,3058,5,NO TRIAL,0.11460458,0.00135124,0.01179043,0.01329862,0.02135936,0.01969479,0.02175154,0.01448382,0.01535005,0.02249329,0.02410240,RELIABLE,RELIABLE,RELIABLE,RELIABLE,RELIABLE,RELIABLE,RELIABLE,RELIABLE,MOVING,MOVING,MOVING,MOVING,MOVING,MOVING,MOVING,MOVING,MOVING
102645,3059,5,NO TRIAL,0.11498074,0.00067562,0.00587593,0.01200967,0.02111548,0.01974955,0.02076640,0.01514945,0.01452610,0.02218772,0.02202328,RELIABLE,RELIABLE,RELIABLE,RELIABLE,RELIABLE,RELIABLE,RELIABLE,RELIABLE,MOVING,MOVING,MOVING,MOVING,MOVING,MOVING,MOVING,MOVING,MOVING
102677,3060,5,NO TRIAL,0.11586823,0.00133964,0.01156171,0.01181465,0.02237941,0.02076668,0.02146909,0.01637694,0.01384714,0.01938526,0.02127813,RELIABLE,RELIABLE,RELIABLE,RELIABLE,RELIABLE,RELIABLE,RELIABLE,RELIABLE,MOVING,MOVING,MOVING,MOVING,MOVING,MOVING,MOVING,MOVING,MOVING
102709,3061,5,NO TRIAL,0.11682139,0.00211251,0.01808323,0.01189809,0.02188498,0.01970809,0.02042685,0.01724717,0.01481472,0.01802670,0.02016343,RELIABLE,RELIABLE,RELIABLE,RELIABLE,RELIABLE,RELIABLE,RELIABLE,RELIABLE,MOVING,MOVING,MOVING,MOVING,MOVING,MOVING,MOVING,MOVING,MOVING
102740,3062,5,NO TRIAL,0.11903907,0.00211880,0.01779920,0.01231776,0.02367527,0.02219178,0.01946048,0.02058567,0.01623493,0.01722417,0.02051645,RELIABLE,RELIABLE,RELIABLE,RELIABLE,RELIABLE,RELIABLE,RELIABLE,RELIABLE,MOVING,MOVING,MOVING,MOVING,MOVING,MOVING,MOVING,MOVING,MOVING
102772,3063,5,NO TRIAL,0.11968537,0.00204390,0.01707724,0.01355076,0.02725116,0.02646967,0.02185298,0.02428140,0.01967907,0.02278207,0.02217588,RELIABLE,RELIABLE,RELIABLE,RELIABLE,RELIABLE,RELIABLE,RELIABLE,RELIABLE,MOVING,MOVING,MOVING,MOVING,MOVING,MOVING,MOVING,MOVING,MOVING
102814,3064,5,NO TRIAL,0.11999437,0.00320393,0.02670063,0.01518059,0.03198900,0.03039970,0.02322041,0.02731011,0.02197866,0.02635556,0.02263595,RELIABLE,RELIABLE,RELIABLE,RELIABLE,RELIABLE,RELIABLE,RELIABLE,RELIABLE,MOVING,MOVING,MOVING,MOVING,MOVING,MOVING,MOVING,MOVING,MOVING
102850,3065,5,NO TRIAL,0.12015275,0.00160196,0.01333272,0.01527764,0.03463219,0.03239051,0.02137608,0.02664008,0.02199404,0.02803488,0.02040621,RELIABLE,RELIABLE,RELIABLE,RELIABLE,RELIABLE,RELIABLE,RELIABLE,RELIABLE,MOVING,MOVING,MOVING,MOVING,MOVING,MOVING,MOVING,MOVING,MOVING
102881,3066,5,NO TRIAL,0.12078794,0.00238487,0.01974431,0.01627187,0.03673599,0.03513639,0.02112664,0.02831722,0.02412779,0.02952236,0.02052861,RELIABLE,RELIABLE,RELIABLE,RELIABLE,RELIABLE,RELIABLE,RELIABLE,RELIABLE,MOVING,MOVING,MOVING,MOVING,MOVING,MOVING,MOVING,MOVING,MOVING
102913,3067,5,NO TRIAL,0.12249496,0.00312912,0.02554492,0.01873050,0.04195032,0.04016594,0.02389949,0.03176865,0.02807268,0.03207163,0.02424424,RELIABLE,RELIABLE,RELIABLE,RELIABLE,RELIABLE,RELIABLE,RELIABLE,RELIABLE,MOVING,MOVING,MOVING,MOVING,MOVING,MOVING,MOVING,MOVING,MOVING
102945,3068,5,NO TRIAL,0.12343716,0.00181452,0.01469992,0.01912277,0.04297844,0.04147538,0.02539199,0.03650053,0.03051086,0.03344270,0.02460501,RELIABLE,RELIABLE,RELIABLE,RELIABLE,RELIABLE,RELIABLE,RELIABLE,RELIABLE,MOVING,MOVING,MOVING,MOVING,MOVING,MOVING,MOVING,MOVING,MOVING
102975,3069,5,NO TRIAL,0.12468491,0.00311211,0.02495981,0.01998234,0.04480115,0.04381070,0.02906903,0.03990271,0.03336664,0.03250513,0.02757905,RELIABLE,RELIABLE,RELIABLE,RELIABLE,RELIABLE,RELIABLE,RELIABLE,RELIABLE,MOVING,MOVING,MOVING,MOVING,MOVING,MOVING,MOVING,MOVING,MOVING
103007,3070,5,NO TRIAL,0.12530966,0.00155606,0.01241769,0.01930965,0.04270232,0.04194604,0.02893390,0.03823013,0.03187465,0.03082561,0.02648275,RELIABLE,RELIABLE,RELIABLE,RELIABLE,RELIABLE,RELIABLE,RELIABLE,RELIABLE,MOVING,MOVING,MOVING,MOVING,MOVING,MOVING,MOVING,MOVING,MOVING
103038,3071,5,NO TRIAL,0.12456893,0.00179793,0.01443319,0.01897915,0.04054297,0.04042458,0.02878103,0.03832147,0.03071261,0.02862295,0.02747934,RELIABLE,RELIABLE,RELIABLE,RELIABLE,RELIABLE,RELIABLE,RELIABLE,RELIABLE,MOVING,MOVING,MOVING,MOVING,MOVING,MOVING,MOVING,MOVING,MOVING
103068,3072,5,NO TRIAL,0.12513637,0.00192557,0.01538778,0.01756504,0.03759396,0.03800827,0.02815359,0.03996782,0.03156398,0.02966475,0.02758805,RELIABLE,RELIABLE,RELIABLE,RELIABLE,RELIABLE,RELIABLE,RELIABLE,RELIABLE,MOVING,MOVING,MOVING,MOVING,MOVING,MOVING,MOVING,MOVING,MOVING
103102,3073,5,NO TRIAL,0.12486757,0.00191308,0.01532087,0.01781356,0.03748780,0.03936423,0.02975498,0.04215763,0.03339219,0.02991545,0.03150606,RELIABLE,RELIABLE,RELIABLE,RELIABLE,RELIABLE,RELIABLE,RELIABLE,RELIABLE,MOVING,MOVING,MOVING,MOVING,MOVING,MOVING,MOVING,MOVING,MOVING
103135,3074,5,NO TRIAL,0.12482575,0.00186347,0.01492856,0.01721159,0.03623389,0.03780885,0.02976921,0.04209537,0.03443864,0.02908673,0.03266963,RELIABLE,RELIABLE,RELIABLE,RELIABLE,RELIABLE,RELIABLE,RELIABLE,RELIABLE,MOVING,MOVING,MOVING,MOVING,MOVING,MOVING,MOVING,MOVING,MOVING
103182,3075,5,NO TRIAL,0.12455770,0.00183810,0.01475704,0.01586311,0.03286344,0.03531476,0.02791211,0.04058992,0.03268418,0.02740162,0.03184347,RELIABLE,RELIABLE,RELIABLE,RELIABLE,RELIABLE,RELIABLE,RELIABLE,RELIABLE,MOVING,MOVING,MOVING,MOVING,MOVING,MOVING,MOVING,MOVING,MOVING
103211,3076,5,NO TRIAL,0.12442664,0.00091905,0.00738629,0.01494890,0.02963285,0.03231295,0.02502677,0.03502980,0.02963575,0.02481403,0.03106948,RELIABLE,RELIABLE,RELIABLE,RELIABLE,RELIABLE,RELIABLE,RELIABLE,RELIABLE,MOVING,MOVING,MOVING,MOVING,MOVING,MOVING,MOVING,MOVING,MOVING
103243,3077,5,NO TRIAL,0.12503660,0.00111298,0.00890123,0.01294158,0.02695244,0.02981546,0.02191601,0.03325167,0.02773957,0.02667619,0.02965988,RELIABLE,RELIABLE,RELIABLE,RELIABLE,RELIABLE,RELIABLE,RELIABLE,RELIABLE,MOVING,MOVING,MOVING,MOVING,MOVING,MOVING,MOVING,MOVING,MOVING
103274,3078,5,NO TRIAL,0.12525239,0.00216596,0.01729279,0.01355097,0.02809006,0.03093665,0.02185704,0.03390212,0.02870094,0.03030121,0.03049944,RELIABLE,RELIABLE,RELIABLE,RELIABLE,RELIABLE,RELIABLE,RELIABLE,RELIABLE,MOVING,MOVING,MOVING,MOVING,MOVING,MOVING,MOVING,MOVING,MOVING
103309,3079,5,NO TRIAL,0.12585861,0.00163830,0.01301702,0.01337395,0.02896022,0.03130144,0.02051945,0.03349830,0.02918453,0.03013904,0.03072213,RELIABLE,RELIABLE,RELIABLE,RELIABLE,RELIABLE,RELIABLE,RELIABLE,RELIABLE,MOVING,MOVING,MOVING,MOVING,MOVING,MOVING,MOVING,MOVING,MOVING
103338,3080,5,NO TRIAL,0.12616322,0.00081915,0.00649280,0.01226207,0.02571098,0.02889963,0.01872431,0.02918459,0.02602759,0.02661568,0.02933036,RELIABLE,RELIABLE,RELIABLE,RELIABLE,RELIABLE,RELIABLE,RELIABLE,RELIABLE,MOVING,MOVING,MOVING,MOVING,MOVING,MOVING,MOVING,MOVING,MOVING
103369,3081,5,NO TRIAL,0.12626316,0.00237499,0.01880981,0.01269819,0.02631337,0.02859989,0.01692893,0.03022574,0.02421071,0.02670493,0.02682537,RELIABLE,RELIABLE,RELIABLE,RELIABLE,RELIABLE,RELIABLE,RELIABLE,RELIABLE,MOVING,MOVING,MOVING,MOVING,MOVING,MOVING,MOVING,MOVING,MOVING
103401,3082,5,NO TRIAL,0.12621907,0.00273505,0.02166908,0.01354076,0.02830005,0.02991254,0.01666502,0.03110347,0.02164979,0.02568590,0.02511524,RELIABLE,RELIABLE,RELIABLE,RELIABLE,RELIABLE,RELIABLE,RELIABLE,RELIABLE,MOVING,MOVING,MOVING,MOVING,MOVING,MOVING,MOVING,MOVING,MOVING
103438,3083,5,NO TRIAL,0.12603953,0.00203671,0.01615928,0.01371604,0.03001236,0.03079739,0.01805870,0.03598013,0.02081682,0.02436804,0.02185889,RELIABLE,RELIABLE,RELIABLE,RELIABLE,RELIABLE,RELIABLE,RELIABLE,RELIABLE,MOVING,MOVING,MOVING,MOVING,MOVING,MOVING,MOVING,MOVING,MOVING
103480,3084,5,NO TRIAL,0.12595223,0.00101835,0.00808524,0.01380341,0.03086847,0.03123936,0.01875559,0.03841953,0.02039951,0.02370820,0.02022881,RELIABLE,RELIABLE,RELIABLE,RELIABLE,RELIABLE,RELIABLE,RELIABLE,RELIABLE,MOVING,MOVING,MOVING,MOVING,MOVING,MOVING,MOVING,MOVING,MOVING
103518,3085,5,NO TRIAL,0.12706283,0.00300353,0.02363812,0.01564552,0.03471314,0.03490959,0.02311121,0.04618221,0.02337135,0.02560361,0.02185762,RELIABLE,RELIABLE,RELIABLE,RELIABLE,RELIABLE,RELIABLE,RELIABLE,RELIABLE,MOVING,MOVING,MOVING,MOVING,MOVING,MOVING,MOVING,MOVING,MOVING
103559,3086,5,NO TRIAL,0.12762442,0.00150176,0.01176705,0.01495480,0.03415667,0.03437382,0.02379140,0.04851278,0.02294693,0.02384977,0.02112857,RELIABLE,RELIABLE,RELIABLE,RELIABLE,RELIABLE,RELIABLE,RELIABLE,RELIABLE,MOVING,MOVING,MOVING,MOVING,MOVING,MOVING,MOVING,MOVING,MOVING
103591,3087,5,NO TRIAL,0.12926354,0.00211409,0.01635484,0.01537203,0.03579246,0.03571107,0.02411116,0.05137392,0.02213424,0.02373460,0.01957168,RELIABLE,RELIABLE,RELIABLE,RELIABLE,RELIABLE,RELIABLE,RELIABLE,RELIABLE,MOVING,MOVING,MOVING,MOVING,MOVING,MOVING,MOVING,MOVING,MOVING
103622,3088,5,NO TRIAL,0.12999988,0.00268448,0.02064984,0.01714166,0.04032445,0.03983230,0.03010966,0.05912720,0.02531760,0.02552036,0.01992189,RELIABLE,RELIABLE,RELIABLE,RELIABLE,RELIABLE,RELIABLE,RELIABLE,RELIABLE,MOVING,MOVING,MOVING,MOVING,MOVING,MOVING,MOVING,MOVING,MOVING
103654,3089,5,NO TRIAL,0.13119089,0.00340586,0.02596107,0.01803557,0.04244377,0.04276438,0.03575452,0.06138226,0.02949958,0.02832475,0.02079204,RELIABLE,RELIABLE,RELIABLE,RELIABLE,RELIABLE,RELIABLE,RELIABLE,RELIABLE,MOVING,MOVING,MOVING,MOVING,MOVING,MOVING,MOVING,MOVING,MOVING
103686,3090,5,NO TRIAL,0.13179400,0.00170293,0.01292113,0.01694207,0.03950552,0.04057388,0.03687138,0.05978506,0.03041800,0.02829766,0.02040976,RELIABLE,RELIABLE,RELIABLE,RELIABLE,RELIABLE,RELIABLE,RELIABLE,RELIABLE,MOVING,MOVING,MOVING,MOVING,MOVING,MOVING,MOVING,MOVING,MOVING
103718,3091,5,NO TRIAL,0.13116400,0.00241397,0.01840420,0.01722269,0.04018575,0.04119583,0.03932311,0.06671264,0.03361729,0.03180905,0.02272284,RELIABLE,RELIABLE,RELIABLE,RELIABLE,RELIABLE,RELIABLE,RELIABLE,RELIABLE,MOVING,MOVING,MOVING,MOVING,MOVING,MOVING,MOVING,MOVING,MOVING
103749,3092,5,NO TRIAL,0.13022820,0.00420959,0.03232470,0.02025262,0.04450937,0.04548095,0.04595337,0.08223769,0.04070358,0.03650096,0.02792431,RELIABLE,RELIABLE,RELIABLE,RELIABLE,RELIABLE,RELIABLE,RELIABLE,RELIABLE,MOVING,MOVING,MOVING,MOVING,MOVING,MOVING,MOVING,MOVING,MOVING
103780,3093,5,NO TRIAL,0.13137396,0.00526867,0.04010434,0.02231090,0.04706523,0.04797630,0.04831305,0.09053224,0.04254442,0.03457316,0.02640676,RELIABLE,RELIABLE,RELIABLE,RELIABLE,RELIABLE,RELIABLE,RELIABLE,RELIABLE,MOVING,MOVING,MOVING,MOVING,MOVING,MOVING,MOVING,MOVING,MOVING
103812,3094,5,NO TRIAL,0.13165888,0.00453524,0.03444692,0.02514588,0.05344558,0.05415479,0.05494115,0.09925540,0.04694760,0.03496707,0.03124859,RELIABLE,RELIABLE,RELIABLE,RELIABLE,RELIABLE,RELIABLE,RELIABLE,RELIABLE,MOVING,MOVING,MOVING,MOVING,MOVING,MOVING,MOVING,MOVING,MOVING
103842,3095,5,NO TRIAL,0.13180154,0.00226762,0.01720482,0.02525213,0.05284595,0.05338376,0.05678991,0.09968880,0.04742612,0.03178075,0.03202899,RELIABLE,RELIABLE,RELIABLE,RELIABLE,RELIABLE,RELIABLE,RELIABLE,RELIABLE,MOVING,MOVING,MOVING,MOVING,MOVING,MOVING,MOVING,MOVING,MOVING
103874,3096,5,NO TRIAL,0.13369683,0.00244112,0.01825865,0.02495323,0.05060092,0.05031519,0.05841413,0.09674695,0.04592446,0.03250350,0.03319599,RELIABLE,RELIABLE,RELIABLE,RELIABLE,RELIABLE,RELIABLE,RELIABLE,RELIABLE,MOVING,MOVING,MOVING,MOVING,MOVING,MOVING,MOVING,MOVING,MOVING
103905,3097,5,NO TRIAL,0.13352867,0.00299924,0.02246138,0.02451577,0.04999239,0.04945300,0.06215947,0.09512594,0.04340271,0.03049026,0.03647040,RELIABLE,RELIABLE,RELIABLE,RELIABLE,RELIABLE,RELIABLE,RELIABLE,RELIABLE,MOVING,MOVING,MOVING,MOVING,MOVING,MOVING,MOVING,MOVING,MOVING
103937,3098,5,NO TRIAL,0.13140181,0.00293615,0.02234482,0.02569373,0.05193888,0.05048599,0.07061635,0.09934770,0.04954337,0.03564111,0.04367125,RELIABLE,RELIABLE,RELIABLE,RELIABLE,RELIABLE,RELIABLE,RELIABLE,RELIABLE,MOVING,MOVING,MOVING,MOVING,MOVING,MOVING,MOVING,MOVING,MOVING
103967,3099,5,NO TRIAL,0.13131998,0.00253157,0.01927789,0.02580294,0.05194700,0.05059778,0.07338635,0.09107412,0.05140600,0.04679080,0.06137784,RELIABLE,RELIABLE,RELIABLE,RELIABLE,RELIABLE,RELIABLE,RELIABLE,RELIABLE,MOVING,MOVING,MOVING,MOVING,MOVING,MOVING,MOVING,MOVING,MOVING
104014,3100,5,NO TRIAL,0.13158191,0.00303173,0.02304065,0.02464243,0.04969289,0.04852522,0.07418921,0.07785679,0.05024445,0.05025529,0.06547563,RELIABLE,RELIABLE,RELIABLE,RELIABLE,RELIABLE,RELIABLE,RELIABLE,RELIABLE,MOVING,MOVING,MOVING,MOVING,MOVING,MOVING,MOVING,MOVING,MOVING
104045,3101,5,NO TRIAL,0.13171593,0.00151587,0.01150860,0.02106797,0.04292771,0.04171009,0.07002718,0.06032546,0.04576748,0.05052477,0.06695208,RELIABLE,RELIABLE,RELIABLE,RELIABLE,RELIABLE,RELIABLE,RELIABLE,RELIABLE,MOVING,MOVING,MOVING,MOVING,MOVING,MOVING,MOVING,MOVING,MOVING
104077,3102,5,NO TRIAL,0.13010119,0.00395873,0.03042812,0.02056562,0.03614015,0.03625689,0.06580691,0.04965675,0.04113413,0.05097533,0.07164542,RELIABLE,RELIABLE,RELIABLE,RELIABLE,RELIABLE,RELIABLE,RELIABLE,RELIABLE,MOVING,MOVING,MOVING,MOVING,MOVING,MOVING,MOVING,MOVING,MOVING
104109,3103,5,NO TRIAL,0.12874998,0.00354280,0.02751688,0.02185462,0.03592727,0.03761665,0.06545138,0.04567947,0.04253021,0.06465468,0.09081262,RELIABLE,RELIABLE,RELIABLE,RELIABLE,RELIABLE,RELIABLE,RELIABLE,RELIABLE,MOVING,MOVING,MOVING,MOVING,MOVING,MOVING,MOVING,MOVING,MOVING
104142,3104,5,NO TRIAL,0.12820000,0.00260232,0.02029889,0.02210965,0.03565651,0.03720940,0.05953667,0.04167247,0.04232465,0.06955468,0.10170657,RELIABLE,RELIABLE,RELIABLE,RELIABLE,RELIABLE,RELIABLE,RELIABLE,RELIABLE,MOVING,MOVING,MOVING,MOVING,MOVING,MOVING,MOVING,MOVING,MOVING
104171,3105,5,NO TRIAL,0.12793111,0.00130116,0.01017078,0.02057333,0.03156788,0.03200437,0.04998891,0.03688215,0.04024489,0.07090073,0.10173073,RELIABLE,RELIABLE,RELIABLE,RELIABLE,RELIABLE,RELIABLE,RELIABLE,RELIABLE,MOVING,MOVING,MOVING,MOVING,MOVING,MOVING,MOVING,MOVING,MOVING
104203,3106,5,NO TRIAL,0.13037797,0.00981661,0.07529347,0.02719191,,,0.04161152,0.03293587,0.03575848,0.07106553,0.10017210,PARTIAL,UNRELIABLE,UNRELIABLE,RELIABLE,RELIABLE,RELIABLE,RELIABLE,RELIABLE,MOVING,UNCERTAIN,UNCERTAIN,MOVING,MOVING,MOVING,MOVING,MOVING,MOVING
104234,3107,5,NO TRIAL,0.13083304,0.00221403,0.01692254,0.02689749,,,0.03696688,0.03017774,0.03098264,0.05916170,0.08094195,PARTIAL,UNRELIABLE,UNRELIABLE,RELIABLE,RELIABLE,RELIABLE,RELIABLE,RELIABLE,MOVING,UNCERTAIN,UNCERTAIN,MOVING,MOVING,MOVING,MOVING,MOVING,MOVING
104265,3108,5,NO TRIAL,0.13064570,0.00332872,0.02547902,0.02720229,,,0.03289363,0.02882925,0.02922626,0.05990369,0.07680535,PARTIAL,UNRELIABLE,UNRELIABLE,RELIABLE,RELIABLE,RELIABLE,RELIABLE,RELIABLE,MOVING,UNCERTAIN,UNCERTAIN,MOVING,MOVING,MOVING,MOVING,MOVING,MOVING
104302,3109,5,NO TRIAL,0.13035897,0.00621522,0.04767773,0.03172343,,,0.03194221,0.03041229,0.03107040,0.06050075,0.07822685,PARTIAL,UNRELIABLE,UNRELIABLE,RELIABLE,RELIABLE,RELIABLE,RELIABLE,RELIABLE,MOVING,UNCERTAIN,UNCERTAIN,MOVING,MOVING,MOVING,MOVING,MOVING,MOVING
104350,3110,5,NO TRIAL,0.12960351,0.00634626,0.04896669,0.03404075,,,0.03142954,0.03176176,0.03427641,0.06652732,0.07486497,PARTIAL,UNRELIABLE,UNRELIABLE,RELIABLE,RELIABLE,RELIABLE,RELIABLE,RELIABLE,MOVING,UNCERTAIN,UNCERTAIN,MOVING,MOVING,MOVING,MOVING,MOVING,MOVING
104390,3111,5,NO TRIAL,0.12922965,0.00317313,0.02455418,0.03367041,,,0.02943134,0.03109562,0.03217943,0.05610264,0.05637995,PARTIAL,UNRELIABLE,UNRELIABLE,RELIABLE,RELIABLE,RELIABLE,RELIABLE,RELIABLE,MOVING,UNCERTAIN,UNCERTAIN,MOVING,MOVING,MOVING,MOVING,MOVING,MOVING
104421,3112,5,NO TRIAL,0.13152147,,,,,,0.02978316,0.03346004,0.03252819,0.04837759,0.04752810,UNRELIABLE,UNRELIABLE,UNRELIABLE,RELIABLE,RELIABLE,RELIABLE,RELIABLE,RELIABLE,UNCERTAIN,UNCERTAIN,UNCERTAIN,MOVING,MOVING,MOVING,MOVING,MOVING,MOVING
104453,3113,5,NO TRIAL,0.13089364,,,,,,0.03255417,0.03865881,0.03842633,0.04916877,0.04714302,UNRELIABLE,UNRELIABLE,UNRELIABLE,RELIABLE,RELIABLE,RELIABLE,RELIABLE,RELIABLE,UNCERTAIN,UNCERTAIN,UNCERTAIN,MOVING,MOVING,MOVING,MOVING,MOVING,MOVING
104484,3114,5,NO TRIAL,0.12561703,,,,,,0.03655723,0.04089201,0.04252182,0.04681342,0.04400236,UNRELIABLE,UNRELIABLE,UNRELIABLE,RELIABLE,RELIABLE,RELIABLE,RELIABLE,RELIABLE,UNCERTAIN,UNCERTAIN,UNCERTAIN,MOVING,MOVING,MOVING,MOVING,MOVING,MOVING
104515,3115,5,NO TRIAL,0.12501850,,,,,,0.03744177,0.04525941,0.04780312,0.05642413,0.04612667,UNRELIABLE,UNRELIABLE,UNRELIABLE,RELIABLE,RELIABLE,RELIABLE,RELIABLE,RELIABLE,UNCERTAIN,UNCERTAIN,UNCERTAIN,MOVING,MOVING,MOVING,MOVING,MOVING,MOVING
104547,3116,5,NO TRIAL,0.12473609,,,,,,0.03481736,0.04443866,0.04642644,0.05372459,0.04242504,UNRELIABLE,UNRELIABLE,UNRELIABLE,RELIABLE,RELIABLE,RELIABLE,RELIABLE,RELIABLE,UNCERTAIN,UNCERTAIN,UNCERTAIN,MOVING,MOVING,MOVING,MOVING,MOVING,MOVING
104579,3117,5,NO TRIAL,0.11814992,,,,,,0.03934222,0.04680234,0.05040080,0.05826732,0.05008035,UNRELIABLE,UNRELIABLE,UNRELIABLE,RELIABLE,RELIABLE,RELIABLE,RELIABLE,RELIABLE,UNCERTAIN,UNCERTAIN,UNCERTAIN,MOVING,MOVING,MOVING,MOVING,MOVING,MOVING
104611,3118,5,NO TRIAL,0.05910537,,,,,,0.07997073,0.13964388,0.09372633,0.10317174,,UNRELIABLE,UNRELIABLE,UNRELIABLE,PARTIAL,PARTIAL,RELIABLE,RELIABLE,UNRELIABLE,UNCERTAIN,UNCERTAIN,UNCERTAIN,MOVING,MOVING,MOVING,MOVING,UNCERTAIN,MOVING
104641,3119,5,NO TRIAL,0.29452780,,,,,,0.10943867,0.15995351,0.10478326,0.10754204,,UNRELIABLE,UNRELIABLE,UNRELIABLE,PARTIAL,PARTIAL,RELIABLE,RELIABLE,RELIABLE,UNCERTAIN,UNCERTAIN,UNCERTAIN,MOVING,MOVING,MOVING,MOVING,UNCERTAIN,MOVING
104673,3120,5,NO TRIAL,0.07716149,,,,,,0.16714317,0.19883984,0.12780766,0.12315021,0.06950693,UNRELIABLE,UNRELIABLE,UNRELIABLE,PARTIAL,PARTIAL,RELIABLE,RELIABLE,RELIABLE,UNCERTAIN,UNCERTAIN,UNCERTAIN,MOVING,MOVING,MOVING,MOVING,STATIONARY,MOVING
104718,3121,5,NO TRIAL,0.30055939,,,,,,,,0.13093159,0.12830131,0.08846418,UNRELIABLE,UNRELIABLE,UNRELIABLE,UNRELIABLE,UNRELIABLE,RELIABLE,RELIABLE,RELIABLE,UNCERTAIN,UNCERTAIN,UNCERTAIN,UNCERTAIN,UNCERTAIN,MOVING,MOVING,STATIONARY,MOVING
104752,3122,5,NO TRIAL,0.30203156,,,,,,,,0.12738040,0.12796485,0.07679242,UNRELIABLE,UNRELIABLE,UNRELIABLE,UNRELIABLE,UNRELIABLE,RELIABLE,RELIABLE,RELIABLE,UNCERTAIN,UNCERTAIN,UNCERTAIN,UNCERTAIN,UNCERTAIN,MOVING,MOVING,MOVING,MOVING
104783,3123,5,NO TRIAL,0.07140651,,,,,,,,0.15732338,0.15268111,0.12543402,UNRELIABLE,UNRELIABLE,UNRELIABLE,RELIABLE,RELIABLE,RELIABLE,RELIABLE,RELIABLE,UNCERTAIN,UNCERTAIN,UNCERTAIN,UNCERTAIN,UNCERTAIN,MOVING,MOVING,MOVING,MOVING
104814,3124,5,NO TRIAL,0.28907202,,,,,,0.03429224,0.18562491,0.16031672,0.15149235,0.11083831,UNRELIABLE,UNRELIABLE,UNRELIABLE,RELIABLE,PARTIAL,PARTIAL,RELIABLE,RELIABLE,UNCERTAIN,UNCERTAIN,UNCERTAIN,STATIONARY,STATIONARY,MOVING,MOVING,MOVING,MOVING
104846,3125,5,NO TRIAL,0.06123067,,,,,,0.06924306,,0.17033269,0.16505407,0.12229350,UNRELIABLE,UNRELIABLE,UNRELIABLE,RELIABLE,UNRELIABLE,PARTIAL,RELIABLE,RELIABLE,UNCERTAIN,UNCERTAIN,UNCERTAIN,STATIONARY,UNCERTAIN,MOVING,MOVING,MOVING,MOVING
104878,3126,5,NO TRIAL,0.06700793,,,,,,0.06203046,,0.12981045,0.12081941,0.11654353,UNRELIABLE,UNRELIABLE,UNRELIABLE,RELIABLE,UNRELIABLE,PARTIAL,RELIABLE,RELIABLE,UNCERTAIN,UNCERTAIN,UNCERTAIN,MOVING,UNCERTAIN,MOVING,MOVING,MOVING,MOVING
104909,3127,5,NO TRIAL,0.07337191,,,,,,0.06473208,,0.13014180,0.12216438,,UNRELIABLE,UNRELIABLE,UNRELIABLE,PARTIAL,UNRELIABLE,PARTIAL,RELIABLE,UNRELIABLE,UNCERTAIN,UNCERTAIN,UNCERTAIN,MOVING,UNCERTAIN,MOVING,MOVING,UNCERTAIN,MOVING
104940,3128,5,NO TRIAL,0.07501902,,,,,,,,0.12091016,0.11276821,,UNRELIABLE,UNRELIABLE,UNRELIABLE,UNRELIABLE,UNRELIABLE,PARTIAL,RELIABLE,PARTIAL,UNCERTAIN,UNCERTAIN,UNCERTAIN,UNCERTAIN,UNCERTAIN,MOVING,MOVING,UNCERTAIN,MOVING
105221,3136,5,NO TRIAL,,,,,,,,,,,,RELIABLE,RELIABLE,RELIABLE,UNRELIABLE,UNRELIABLE,RELIABLE,PARTIAL,PARTIAL,UNCERTAIN,UNCERTAIN,UNCERTAIN,UNCERTAIN,UNCERTAIN,UNCERTAIN,UNCERTAIN,UNCERTAIN,UNCERTAIN
105253,3137,5,NO TRIAL,0.13745960,,,,,,,,,,,RELIABLE,RELIABLE,RELIABLE,UNRELIABLE,UNRELIABLE,RELIABLE,PARTIAL,PARTIAL,UNCERTAIN,UNCERTAIN,UNCERTAIN,UNCERTAIN,UNCERTAIN,UNCERTAIN,UNCERTAIN,UNCERTAIN,UNCERTAIN
105285,3138,5,NO TRIAL,0.17719039,0.04180333,0.23592323,0.23592323,0.60061866,0.60436181,,,0.25386472,0.22327297,,RELIABLE,RELIABLE,RELIABLE,UNRELIABLE,RELIABLE,RELIABLE,RELIABLE,UNRELIABLE,STATIONARY,STATIONARY,STATIONARY,UNCERTAIN,UNCERTAIN,STATIONARY,STATIONARY,UNCERTAIN,STATIONARY
106622,3179,6,NO TRIAL,0.09679815,,,,,,,,,,,UNRELIABLE,UNRELIABLE,UNRELIABLE,UNRELIABLE,RELIABLE,PARTIAL,RELIABLE,RELIABLE,UNCERTAIN,UNCERTAIN,UNCERTAIN,UNCERTAIN,UNCERTAIN,UNCERTAIN,UNCERTAIN,UNCERTAIN,UNCERTAIN
106670,3180,6,NO TRIAL,0.08046440,,,,,,,,0.17628494,0.15171064,0.16190500,UNRELIABLE,UNRELIABLE,UNRELIABLE,UNRELIABLE,UNRELIABLE,PARTIAL,RELIABLE,RELIABLE,UNCERTAIN,UNCERTAIN,UNCERTAIN,UNCERTAIN,UNCERTAIN,STATIONARY,STATIONARY,STATIONARY,STATIONARY
106718,3181,6,NO TRIAL,0.30008922,,,,,,,,0.16219408,0.16371688,0.16510110,UNRELIABLE,UNRELIABLE,UNRELIABLE,RELIABLE,PARTIAL,PARTIAL,RELIABLE,RELIABLE,UNCERTAIN,UNCERTAIN,UNCERTAIN,UNCERTAIN,UNCERTAIN,STATIONARY,STATIONARY,STATIONARY,STATIONARY
106756,3182,6,NO TRIAL,0.05109573,,,,,,,,0.16720028,0.19178605,0.16485088,UNRELIABLE,UNRELIABLE,UNRELIABLE,UNRELIABLE,UNRELIABLE,RELIABLE,RELIABLE,RELIABLE,UNCERTAIN,UNCERTAIN,UNCERTAIN,UNCERTAIN,UNCERTAIN,MOVING,MOVING,MOVING,MOVING
106787,3183,6,NO TRIAL,0.30715390,,,,,,,,0.13172396,0.14899488,0.12705567,UNRELIABLE,UNRELIABLE,UNRELIABLE,UNRELIABLE,UNRELIABLE,RELIABLE,RELIABLE,RELIABLE,UNCERTAIN,UNCERTAIN,UNCERTAIN,UNCERTAIN,UNCERTAIN,MOVING,MOVING,MOVING,MOVING
106818,3184,6,NO TRIAL,0.28404585,,,,,,,,0.11908953,0.13110536,0.11282193,UNRELIABLE,UNRELIABLE,UNRELIABLE,UNRELIABLE,UNRELIABLE,RELIABLE,RELIABLE,PARTIAL,UNCERTAIN,UNCERTAIN,UNCERTAIN,UNCERTAIN,UNCERTAIN,MOVING,MOVING,MOVING,MOVING
106849,3185,6,NO TRIAL,0.05161886,,,,,,,,0.16424158,0.17484840,0.17113659,UNRELIABLE,UNRELIABLE,UNRELIABLE,PARTIAL,UNRELIABLE,RELIABLE,RELIABLE,RELIABLE,UNCERTAIN,UNCERTAIN,UNCERTAIN,UNCERTAIN,UNCERTAIN,MOVING,MOVING,MOVING,MOVING
106880,3186,6,NO TRIAL,0.08779141,,,,,,0.21856269,,0.16881589,0.19061553,0.17317890,UNRELIABLE,UNRELIABLE,UNRELIABLE,RELIABLE,UNRELIABLE,RELIABLE,RELIABLE,RELIABLE,UNCERTAIN,UNCERTAIN,UNCERTAIN,STATIONARY,UNCERTAIN,MOVING,MOVING,MOVING,MOVING
106912,3187,6,NO TRIAL,0.10587921,,,,,,0.14056889,,0.15788474,0.18156941,0.16114119,UNRELIABLE,UNRELIABLE,UNRELIABLE,RELIABLE,UNRELIABLE,RELIABLE,RELIABLE,RELIABLE,UNCERTAIN,UNCERTAIN,UNCERTAIN,STATIONARY,UNCERTAIN,MOVING,MOVING,MOVING,MOVING
106943,3188,6,NO TRIAL,0.12094965,,,,,,0.10635245,,0.15070832,0.17678637,0.16257810,UNRELIABLE,UNRELIABLE,UNRELIABLE,RELIABLE,RELIABLE,RELIABLE,RELIABLE,RELIABLE,UNCERTAIN,UNCERTAIN,UNCERTAIN,MOVING,UNCERTAIN,MOVING,MOVING,MOVING,MOVING
106974,3189,6,NO TRIAL,0.12920783,,,,,,0.09058325,0.06779968,0.14248173,0.16428896,0.15132958,UNRELIABLE,UNRELIABLE,UNRELIABLE,RELIABLE,RELIABLE,RELIABLE,RELIABLE,RELIABLE,UNCERTAIN,UNCERTAIN,UNCERTAIN,MOVING,STATIONARY,MOVING,MOVING,MOVING,MOVING
107006,3190,6,NO TRIAL,0.13251492,,,,,,0.07911721,0.05273049,0.12669604,0.13726029,0.13898806,UNRELIABLE,UNRELIABLE,UNRELIABLE,RELIABLE,RELIABLE,RELIABLE,RELIABLE,RELIABLE,UNCERTAIN,UNCERTAIN,UNCERTAIN,MOVING,STATIONARY,MOVING,MOVING,MOVING,MOVING
107038,3191,6,NO TRIAL,0.13416923,,,,,,0.06866793,0.04135315,0.12667786,0.13663913,0.14132988,UNRELIABLE,UNRELIABLE,UNRELIABLE,RELIABLE,RELIABLE,RELIABLE,RELIABLE,RELIABLE,UNCERTAIN,UNCERTAIN,UNCERTAIN,MOVING,MOVING,MOVING,MOVING,MOVING,MOVING
107069,3192,6,NO TRIAL,0.13720058,,,,,,0.06344913,0.04033472,0.12529852,0.13533055,0.14397311,UNRELIABLE,UNRELIABLE,UNRELIABLE,RELIABLE,RELIABLE,RELIABLE,RELIABLE,RELIABLE,UNCERTAIN,UNCERTAIN,UNCERTAIN,MOVING,MOVING,MOVING,MOVING,MOVING,MOVING
107099,3193,6,NO TRIAL,0.13823182,,,,,,0.06066746,0.04202976,0.08160101,0.08892358,0.09159076,UNRELIABLE,UNRELIABLE,UNRELIABLE,RELIABLE,RELIABLE,RELIABLE,RELIABLE,RELIABLE,UNCERTAIN,UNCERTAIN,UNCERTAIN,MOVING,MOVING,MOVING,MOVING,MOVING,MOVING
107131,3194,6,NO TRIAL,0.14041261,,,,,,0.03887646,0.04304950,0.06282396,0.05820895,0.07473305,PARTIAL,UNRELIABLE,RELIABLE,RELIABLE,RELIABLE,RELIABLE,RELIABLE,RELIABLE,UNCERTAIN,UNCERTAIN,UNCERTAIN,MOVING,MOVING,MOVING,MOVING,MOVING,MOVING
107168,3195,6,NO TRIAL,0.14106099,0.00523521,0.03711310,0.03711310,,,0.03963751,0.04516910,0.05973684,0.05896144,0.08019031,PARTIAL,UNRELIABLE,UNRELIABLE,RELIABLE,RELIABLE,RELIABLE,RELIABLE,RELIABLE,STATIONARY,UNCERTAIN,UNCERTAIN,MOVING,MOVING,MOVING,MOVING,MOVING,MOVING
107214,3196,6,NO TRIAL,0.14102774,,,,,,0.04554697,0.04709712,0.04851661,0.04873867,0.06295778,UNRELIABLE,UNRELIABLE,UNRELIABLE,PARTIAL,RELIABLE,RELIABLE,RELIABLE,RELIABLE,UNCERTAIN,UNCERTAIN,UNCERTAIN,MOVING,MOVING,MOVING,MOVING,MOVING,MOVING
107242,3197,6,NO TRIAL,0.14121000,,,,,,0.04545534,0.04240435,0.04004743,0.04124716,0.05538753,UNRELIABLE,UNRELIABLE,UNRELIABLE,PARTIAL,RELIABLE,RELIABLE,RELIABLE,RELIABLE,UNCERTAIN,UNCERTAIN,UNCERTAIN,MOVING,MOVING,MOVING,MOVING,MOVING,MOVING
107273,3198,6,NO TRIAL,0.13861401,,,,,,0.05178794,0.04770499,0.04400828,0.04972589,0.05484730,UNRELIABLE,UNRELIABLE,UNRELIABLE,RELIABLE,RELIABLE,RELIABLE,RELIABLE,RELIABLE,UNCERTAIN,UNCERTAIN,UNCERTAIN,MOVING,MOVING,MOVING,MOVING,MOVING,MOVING
107304,3199,6,NO TRIAL,0.14067941,,,,,,0.06066511,0.05884728,0.05076004,0.05512766,0.05795690,PARTIAL,UNRELIABLE,UNRELIABLE,RELIABLE,RELIABLE,RELIABLE,RELIABLE,RELIABLE,UNCERTAIN,UNCERTAIN,UNCERTAIN,MOVING,MOVING,MOVING,MOVING,MOVING,MOVING
107335,3200,6,NO TRIAL,0.14189177,0.01161131,0.08183218,0.08183218,,,0.06725845,0.07323371,0.05587371,0.05740656,0.05583468,PARTIAL,UNRELIABLE,PARTIAL,RELIABLE,RELIABLE,RELIABLE,RELIABLE,RELIABLE,STATIONARY,UNCERTAIN,UNCERTAIN,MOVING,MOVING,MOVING,MOVING,MOVING,MOVING
107374,3201,6,NO TRIAL,0.14545510,0.00353725,0.02431851,0.05307535,,0.02777918,0.07004312,0.08067657,0.06047862,0.06283907,0.05681264,PARTIAL,UNRELIABLE,RELIABLE,RELIABLE,RELIABLE,RELIABLE,RELIABLE,RELIABLE,STATIONARY,UNCERTAIN,STATIONARY,MOVING,MOVING,MOVING,MOVING,MOVING,MOVING
107415,3202,6,NO TRIAL,0.14724028,0.00172826,0.01173771,0.03929614,,0.02068121,0.06843277,0.08134798,0.05949323,0.06196206,0.05366942,PARTIAL,UNRELIABLE,RELIABLE,RELIABLE,RELIABLE,RELIABLE,RELIABLE,RELIABLE,MOVING,UNCERTAIN,STATIONARY,MOVING,MOVING,MOVING,MOVING,MOVING,MOVING
107447,3203,6,NO TRIAL,0.14995148,0.00350814,0.02339517,0.03532089,,0.02660702,0.06636220,0.08902644,0.06032809,0.06154334,0.04769565,RELIABLE,RELIABLE,RELIABLE,RELIABLE,RELIABLE,RELIABLE,RELIABLE,RELIABLE,MOVING,UNCERTAIN,MOVING,MOVING,MOVING,MOVING,MOVING,MOVING,MOVING
107478,3204,6,NO TRIAL,0.14983258,0.00415540,0.02773363,0.03380344,0.05958028,0.03576899,0.06320111,0.09685753,0.06205094,0.06478627,0.04623964,RELIABLE,RELIABLE,RELIABLE,RELIABLE,RELIABLE,RELIABLE,RELIABLE,RELIABLE,MOVING,STATIONARY,MOVING,MOVING,MOVING,MOVING,MOVING,MOVING,MOVING
107509,3205,6,NO TRIAL,0.14898603,0.00380084,0.02551140,0.03242143,0.05459203,0.03918878,0.07041986,0.10640100,0.06610965,0.06932430,0.04833210,RELIABLE,RELIABLE,RELIABLE,RELIABLE,RELIABLE,RELIABLE,RELIABLE,RELIABLE,MOVING,STATIONARY,MOVING,MOVING,MOVING,MOVING,MOVING,MOVING,MOVING
107540,3206,6,NO TRIAL,0.14735487,0.00432397,0.02934394,0.03198179,0.05261968,0.04215114,0.07021310,0.11381749,0.06112549,0.06506539,0.04355770,RELIABLE,RELIABLE,RELIABLE,RELIABLE,RELIABLE,RELIABLE,RELIABLE,RELIABLE,MOVING,MOVING,MOVING,MOVING,MOVING,MOVING,MOVING,MOVING,MOVING
107583,3207,6,NO TRIAL,0.14587322,0.00571746,0.03919473,0.03288341,0.05701013,0.04642243,0.06965258,0.11839071,0.05537927,0.06147573,0.03964940,RELIABLE,RELIABLE,RELIABLE,RELIABLE,RELIABLE,RELIABLE,RELIABLE,RELIABLE,MOVING,MOVING,MOVING,MOVING,MOVING,MOVING,MOVING,MOVING,MOVING
107620,3208,6,NO TRIAL,0.14515892,0.00285873,0.01969380,0.02511611,0.05266078,0.04514492,0.06425239,0.10840890,0.04516080,0.05495558,0.03377646,RELIABLE,RELIABLE,RELIABLE,RELIABLE,RELIABLE,RELIABLE,RELIABLE,RELIABLE,MOVING,MOVING,MOVING,MOVING,MOVING,MOVING,MOVING,MOVING,MOVING
107651,3209,6,NO TRIAL,0.14532052,0.00325007,0.02236486,0.02487190,0.05115525,0.04817124,0.06350335,0.10277912,0.03793363,0.05083727,0.02846065,RELIABLE,RELIABLE,RELIABLE,RELIABLE,RELIABLE,RELIABLE,RELIABLE,RELIABLE,MOVING,MOVING,MOVING,MOVING,MOVING,MOVING,MOVING,MOVING,MOVING
107683,3210,6,NO TRIAL,0.14420252,0.00300186,0.02081698,0.02600681,0.05015651,0.05148319,0.07123156,0.10300097,0.03563471,0.04918230,0.02980066,RELIABLE,RELIABLE,RELIABLE,RELIABLE,RELIABLE,RELIABLE,RELIABLE,RELIABLE,MOVING,MOVING,MOVING,MOVING,MOVING,MOVING,MOVING,MOVING,MOVING
107714,3211,6,NO TRIAL,0.14175954,0.00269646,0.01902135,0.02546009,0.04643743,0.04898341,0.07573181,0.09420229,0.03057729,0.04080997,0.02420726,RELIABLE,RELIABLE,RELIABLE,RELIABLE,RELIABLE,RELIABLE,RELIABLE,RELIABLE,MOVING,MOVING,MOVING,MOVING,MOVING,MOVING,MOVING,MOVING,MOVING
107744,3212,6,NO TRIAL,0.14054074,0.00134823,0.00959315,0.02319253,0.04027620,0.04224033,0.07379756,0.08188136,0.02665846,0.03700937,0.02298583,RELIABLE,RELIABLE,RELIABLE,RELIABLE,RELIABLE,RELIABLE,RELIABLE,RELIABLE,MOVING,MOVING,MOVING,MOVING,MOVING,MOVING,MOVING,MOVING,MOVING
107777,3213,6,NO TRIAL,0.13888117,0.00184791,0.01330571,0.02166681,0.03676499,0.03833219,0.07031964,0.07016822,0.02181567,0.03310091,0.02040375,RELIABLE,RELIABLE,RELIABLE,RELIABLE,RELIABLE,RELIABLE,RELIABLE,RELIABLE,MOVING,MOVING,MOVING,MOVING,MOVING,MOVING,MOVING,MOVING,MOVING
107808,3214,6,NO TRIAL,0.13761457,0.00130218,0.00946250,0.01918163,0.03281312,0.03370360,0.06854191,0.05706011,0.02082096,0.02836806,0.02253555,RELIABLE,RELIABLE,RELIABLE,RELIABLE,RELIABLE,RELIABLE,RELIABLE,RELIABLE,MOVING,MOVING,MOVING,MOVING,MOVING,MOVING,MOVING,MOVING,MOVING
107839,3215,6,NO TRIAL,0.13609497,0.00296958,0.02181989,0.01700978,0.02964525,0.02929908,0.06498283,0.03997228,0.01862049,0.02784280,0.02378277,RELIABLE,RELIABLE,RELIABLE,RELIABLE,RELIABLE,RELIABLE,RELIABLE,RELIABLE,MOVING,MOVING,MOVING,MOVING,MOVING,MOVING,MOVING,MOVING,MOVING
107871,3216,6,NO TRIAL,0.13606528,0.00213140,0.01566452,0.01650612,0.02787660,0.02754765,0.06534219,0.03372244,0.01889507,0.02772170,0.02380182,RELIABLE,RELIABLE,RELIABLE,RELIABLE,RELIABLE,RELIABLE,RELIABLE,RELIABLE,MOVING,MOVING,MOVING,MOVING,MOVING,MOVING,MOVING,MOVING,MOVING
107918,3217,6,NO TRIAL,0.13640016,0.00155469,0.01139800,0.01513526,0.02510007,0.02390493,0.06003069,0.02998674,0.01868163,0.02726760,0.02660877,RELIABLE,RELIABLE,RELIABLE,RELIABLE,RELIABLE,RELIABLE,RELIABLE,RELIABLE,MOVING,MOVING,MOVING,MOVING,MOVING,MOVING,MOVING,MOVING,MOVING
107950,3218,6,NO TRIAL,0.13659186,0.00077734,0.00569100,0.01324451,0.02091613,0.02032106,0.04931899,0.02516132,0.01731725,0.02668365,0.02405058,RELIABLE,RELIABLE,RELIABLE,RELIABLE,RELIABLE,RELIABLE,RELIABLE,RELIABLE,MOVING,MOVING,MOVING,MOVING,MOVING,MOVING,MOVING,MOVING,MOVING
107980,3219,6,NO TRIAL,0.13580726,0.00217570,0.01602053,0.01286941,0.02181647,0.02082074,0.04129332,0.02112147,0.01842025,0.02353941,0.02536666,RELIABLE,RELIABLE,RELIABLE,RELIABLE,RELIABLE,RELIABLE,RELIABLE,RELIABLE,MOVING,MOVING,MOVING,MOVING,MOVING,MOVING,MOVING,MOVING,MOVING
108011,3220,6,NO TRIAL,0.13475825,0.00195409,0.01450070,0.01348286,0.02481895,0.02382882,0.03860240,0.02034649,0.01985838,0.02190987,0.02655891,RELIABLE,RELIABLE,RELIABLE,RELIABLE,RELIABLE,RELIABLE,RELIABLE,RELIABLE,MOVING,MOVING,MOVING,MOVING,MOVING,MOVING,MOVING,MOVING,MOVING
108046,3221,6,NO TRIAL,0.13531458,0.00226991,0.01677503,0.01391652,0.02706877,0.02629054,0.03336730,0.02183557,0.02452603,0.02586274,0.03015722,RELIABLE,RELIABLE,RELIABLE,RELIABLE,RELIABLE,RELIABLE,RELIABLE,RELIABLE,MOVING,MOVING,MOVING,MOVING,MOVING,MOVING,MOVING,MOVING,MOVING
108078,3222,6,NO TRIAL,0.13524271,0.00377888,0.02794144,0.01622639,0.03329850,0.03135726,0.02908715,0.02029364,0.02574736,0.02806027,0.02846521,RELIABLE,RELIABLE,RELIABLE,RELIABLE,RELIABLE,RELIABLE,RELIABLE,RELIABLE,MOVING,MOVING,MOVING,MOVING,MOVING,MOVING,MOVING,MOVING,MOVING
108106,3223,6,NO TRIAL,0.13521700,0.00188944,0.01397338,0.01524557,0.03187560,0.03053548,0.02438960,0.02072880,0.02658372,0.02764064,0.02563014,RELIABLE,RELIABLE,RELIABLE,RELIABLE,RELIABLE,RELIABLE,RELIABLE,RELIABLE,MOVING,MOVING,MOVING,MOVING,MOVING,MOVING,MOVING,MOVING,MOVING
108137,3224,6,NO TRIAL,0.13360999,0.00280292,0.02097841,0.01590981,0.03307572,0.03214168,0.02446890,0.02142657,0.02858820,0.03114494,0.02884819,RELIABLE,RELIABLE,RELIABLE,RELIABLE,RELIABLE,RELIABLE,RELIABLE,RELIABLE,MOVING,MOVING,MOVING,MOVING,MOVING,MOVING,MOVING,MOVING,MOVING
108169,3225,6,NO TRIAL,0.13201941,0.00389605,0.02951121,0.01817396,0.03925264,0.03723129,0.02945745,0.02170683,0.03262725,0.03178102,0.02979423,RELIABLE,RELIABLE,RELIABLE,RELIABLE,RELIABLE,RELIABLE,RELIABLE,RELIABLE,MOVING,MOVING,MOVING,MOVING,MOVING,MOVING,MOVING,MOVING,MOVING
108207,3226,6,NO TRIAL,0.13088008,0.00337460,0.02578392,0.02068558,0.04492906,0.04346519,0.03579057,0.02642819,0.03730238,0.03527226,0.03142728,RELIABLE,RELIABLE,RELIABLE,RELIABLE,RELIABLE,RELIABLE,RELIABLE,RELIABLE,MOVING,MOVING,MOVING,MOVING,MOVING,MOVING,MOVING,MOVING,MOVING
108247,3227,6,NO TRIAL,0.13032799,0.00168730,0.01294657,0.02030133,0.04499959,0.04450412,0.03645333,0.02777071,0.03624150,0.03434199,0.02841557,RELIABLE,RELIABLE,RELIABLE,RELIABLE,RELIABLE,RELIABLE,RELIABLE,RELIABLE,MOVING,MOVING,MOVING,MOVING,MOVING,MOVING,MOVING,MOVING,MOVING
108278,3228,6,NO TRIAL,0.13139032,0.00367235,0.02794990,0.02198248,0.04916051,0.04861226,0.03919119,0.03145459,0.03841409,0.03773260,0.03122166,RELIABLE,RELIABLE,RELIABLE,RELIABLE,RELIABLE,RELIABLE,RELIABLE,RELIABLE,MOVING,MOVING,MOVING,MOVING,MOVING,MOVING,MOVING,MOVING,MOVING
108309,3229,6,NO TRIAL,0.13223645,0.00552451,0.04177747,0.02510779,0.05583893,0.05374269,0.04046603,0.03600919,0.03811460,0.03894324,0.03206001,RELIABLE,RELIABLE,RELIABLE,RELIABLE,RELIABLE,RELIABLE,RELIABLE,RELIABLE,MOVING,MOVING,MOVING,MOVING,MOVING,MOVING,MOVING,MOVING,MOVING
108341,3230,6,NO TRIAL,0.13240212,0.00460039,0.03474561,0.02595831,0.05841720,0.05658857,0.04428475,0.04218675,0.03849689,0.03910486,0.03370451,RELIABLE,RELIABLE,RELIABLE,RELIABLE,RELIABLE,RELIABLE,RELIABLE,RELIABLE,MOVING,MOVING,MOVING,MOVING,MOVING,MOVING,MOVING,MOVING,MOVING
108373,3231,6,NO TRIAL,0.13206520,0.00607420,0.04599397,0.02996088,0.06531684,0.06492692,0.04956555,0.04896956,0.04127271,0.03946950,0.03539681,RELIABLE,RELIABLE,RELIABLE,RELIABLE,RELIABLE,RELIABLE,RELIABLE,RELIABLE,MOVING,MOVING,MOVING,MOVING,MOVING,MOVING,MOVING,MOVING,MOVING
108414,3232,6,NO TRIAL,0.13192844,0.00405883,0.03076537,0.03118425,0.06990455,0.06921593,0.04931809,0.05445356,0.04065719,0.03905560,0.03239028,RELIABLE,RELIABLE,RELIABLE,RELIABLE,RELIABLE,RELIABLE,RELIABLE,RELIABLE,MOVING,MOVING,MOVING,MOVING,MOVING,MOVING,MOVING,MOVING,MOVING
108452,3233,6,NO TRIAL,0.13186144,0.00202941,0.01539050,0.02941917,0.06526641,0.06560707,0.04515801,0.05449519,0.03627625,0.03720363,0.02845148,RELIABLE,RELIABLE,RELIABLE,RELIABLE,RELIABLE,RELIABLE,RELIABLE,RELIABLE,MOVING,MOVING,MOVING,MOVING,MOVING,MOVING,MOVING,MOVING,MOVING
108484,3234,6,NO TRIAL,0.13266122,0.00266322,0.02007533,0.02870559,0.06485800,0.06418440,0.04151907,0.05500137,0.03486491,0.03615833,0.02901936,RELIABLE,RELIABLE,RELIABLE,RELIABLE,RELIABLE,RELIABLE,RELIABLE,RELIABLE,MOVING,MOVING,MOVING,MOVING,MOVING,MOVING,MOVING,MOVING,MOVING
108515,3235,6,NO TRIAL,0.13465685,0.00368343,0.02735419,0.03050654,0.06981023,0.06831884,0.04240801,0.05933169,0.03790869,0.03644810,0.03099870,RELIABLE,RELIABLE,RELIABLE,RELIABLE,RELIABLE,RELIABLE,RELIABLE,RELIABLE,MOVING,MOVING,MOVING,MOVING,MOVING,MOVING,MOVING,MOVING,MOVING
108546,3236,6,NO TRIAL,0.13524400,0.00576548,0.04263020,0.03234158,0.07316037,0.07139107,0.04350871,0.06068693,0.03824957,0.03451843,0.02892194,RELIABLE,RELIABLE,RELIABLE,RELIABLE,RELIABLE,RELIABLE,RELIABLE,RELIABLE,MOVING,MOVING,MOVING,MOVING,MOVING,MOVING,MOVING,MOVING,MOVING
108578,3237,6,NO TRIAL,0.13554283,0.00288274,0.02126811,0.02977791,0.06742978,0.06676216,0.04175378,0.05669686,0.03553968,0.02836122,0.02459576,RELIABLE,RELIABLE,RELIABLE,RELIABLE,RELIABLE,RELIABLE,RELIABLE,RELIABLE,MOVING,MOVING,MOVING,MOVING,MOVING,MOVING,MOVING,MOVING,MOVING
108610,3238,6,NO TRIAL,0.13665177,0.00350456,0.02564591,0.02864045,0.06330853,0.06281364,0.03709416,0.05509460,0.03401490,0.02535459,0.02123147,RELIABLE,RELIABLE,RELIABLE,RELIABLE,RELIABLE,RELIABLE,RELIABLE,RELIABLE,MOVING,MOVING,MOVING,MOVING,MOVING,MOVING,MOVING,MOVING,MOVING
108641,3239,6,NO TRIAL,0.13754065,0.00464009,0.03373615,0.02710822,0.06185173,0.06105653,0.03451485,0.05390851,0.03268086,0.02561846,0.01945472,RELIABLE,RELIABLE,RELIABLE,RELIABLE,RELIABLE,RELIABLE,RELIABLE,RELIABLE,MOVING,MOVING,MOVING,MOVING,MOVING,MOVING,MOVING,MOVING,MOVING
108673,3240,6,NO TRIAL,0.13703499,0.00468289,0.03417292,0.02753416,0.06482615,0.06388765,0.03535604,0.04920202,0.03302559,0.02426266,0.01859797,RELIABLE,RELIABLE,RELIABLE,RELIABLE,RELIABLE,RELIABLE,RELIABLE,RELIABLE,MOVING,MOVING,MOVING,MOVING,MOVING,MOVING,MOVING,MOVING,MOVING
108705,3241,6,NO TRIAL,0.13561502,0.00542075,0.03997164,0.03060681,0.07295411,0.07189490,0.03950094,0.05052414,0.03622708,0.02518241,0.02146914,RELIABLE,RELIABLE,RELIABLE,RELIABLE,RELIABLE,RELIABLE,RELIABLE,RELIABLE,MOVING,MOVING,MOVING,MOVING,MOVING,MOVING,MOVING,MOVING,MOVING
108749,3242,6,NO TRIAL,0.13495872,0.00395554,0.02930926,0.03176105,0.07539134,0.07404009,0.04624893,0.05312538,0.03701452,0.02496075,0.01969101,RELIABLE,RELIABLE,RELIABLE,RELIABLE,RELIABLE,RELIABLE,RELIABLE,RELIABLE,MOVING,MOVING,MOVING,MOVING,MOVING,MOVING,MOVING,MOVING,MOVING
108783,3243,6,NO TRIAL,0.13463913,0.00197777,0.01468941,0.03017795,0.07144940,0.07026064,0.04691145,0.05034612,0.03365267,0.02403105,0.01710176,RELIABLE,RELIABLE,RELIABLE,RELIABLE,RELIABLE,RELIABLE,RELIABLE,RELIABLE,MOVING,MOVING,MOVING,MOVING,MOVING,MOVING,MOVING,MOVING,MOVING
108814,3244,6,NO TRIAL,0.13280962,0.00465246,0.03503107,0.02922806,0.06979890,0.06765827,0.04517394,0.04604250,0.03203406,0.02451894,0.01662849,RELIABLE,RELIABLE,RELIABLE,RELIABLE,RELIABLE,RELIABLE,RELIABLE,RELIABLE,MOVING,MOVING,MOVING,MOVING,MOVING,MOVING,MOVING,MOVING,MOVING
108845,3245,6,NO TRIAL,0.13225228,0.00311685,0.02356743,0.02951547,0.07124533,0.06864935,0.04630077,0.04708023,0.03341322,0.02778409,0.01862816,RELIABLE,RELIABLE,RELIABLE,RELIABLE,RELIABLE,RELIABLE,RELIABLE,RELIABLE,MOVING,MOVING,MOVING,MOVING,MOVING,MOVING,MOVING,MOVING,MOVING
118103,3523,6,SITTING_STILL,0.10959062,0.00026024,0.00237468,0.00437179,0.00712067,0.00415725,0.00885822,0.01217336,0.01309410,0.01873440,0.01775267,RELIABLE,RELIABLE,RELIABLE,RELIABLE,RELIABLE,RELIABLE,RELIABLE,RELIABLE,STATIONARY,STATIONARY,STATIONARY,MOVING,MOVING,MOVING,MOVING,MOVING,MOVING
118139,3524,6,SITTING_STILL,0.10919858,0.00031162,0.00285374,0.00446570,0.00732448,0.00425968,0.00945520,0.01231396,0.01363081,0.02199514,0.01812850,RELIABLE,RELIABLE,RELIABLE,RELIABLE,RELIABLE,RELIABLE,RELIABLE,RELIABLE,STATIONARY,STATIONARY,STATIONARY,MOVING,MOVING,MOVING,MOVING,MOVING,MOVING
118171,3525,6,SITTING_STILL,0.10838013,0.00093689,0.00864445,0.00496698,0.00794469,0.00535453,0.00891009,0.01166823,0.01328375,0.02070370,0.01726006,RELIABLE,RELIABLE,RELIABLE,RELIABLE,RELIABLE,RELIABLE,RELIABLE,RELIABLE,STATIONARY,STATIONARY,STATIONARY,MOVING,MOVING,MOVING,MOVING,MOVING,MOVING
118206,3526,6,SITTING_STILL,0.10781122,0.00144275,0.01338219,0.00635036,0.00995186,0.00682939,0.00952339,0.01292711,0.01542641,0.02229352,0.01950870,RELIABLE,RELIABLE,RELIABLE,RELIABLE,RELIABLE,RELIABLE,RELIABLE,RELIABLE,STATIONARY,STATIONARY,STATIONARY,MOVING,MOVING,MOVING,MOVING,MOVING,MOVING
118234,3527,6,SITTING_STILL,0.10753387,0.00072138,0.00670835,0.00597654,0.00924278,0.00604071,0.00852797,0.01293617,0.01490107,0.02143272,0.01781641,RELIABLE,RELIABLE,RELIABLE,RELIABLE,RELIABLE,RELIABLE,RELIABLE,RELIABLE,STATIONARY,STATIONARY,STATIONARY,MOVING,MOVING,MOVING,MOVING,MOVING,MOVING
118266,3528,6,SITTING_STILL,0.10684135,0.00072229,0.00676038,0.00643803,0.00949532,0.00700602,0.00858330,0.01369933,0.01590896,0.02204624,0.01944076,RELIABLE,RELIABLE,RELIABLE,RELIABLE,RELIABLE,RELIABLE,RELIABLE,RELIABLE,STATIONARY,STATIONARY,STATIONARY,MOVING,MOVING,MOVING,MOVING,MOVING,MOVING
118297,3529,6,SITTING_STILL,0.10706117,0.00125984,0.01176749,0.00715763,0.01043171,0.00713154,0.00781750,0.01462824,0.01322550,0.01954244,0.01868053,RELIABLE,RELIABLE,RELIABLE,RELIABLE,RELIABLE,RELIABLE,RELIABLE,RELIABLE,STATIONARY,STATIONARY,STATIONARY,MOVING,MOVING,MOVING,MOVING,MOVING,MOVING
118334,3530,6,SITTING_STILL,0.10786256,0.00080021,0.00741877,0.00748875,0.01184214,0.00781050,0.00785823,0.01699617,0.01248463,0.01886642,0.01736279,RELIABLE,RELIABLE,RELIABLE,RELIABLE,RELIABLE,RELIABLE,RELIABLE,RELIABLE,STATIONARY,STATIONARY,STATIONARY,MOVING,MOVING,MOVING,MOVING,MOVING,MOVING
118376,3531,6,SITTING_STILL,0.10866400,0.00048395,0.00445364,0.00774862,0.01261927,0.00816590,0.00794011,0.02052726,0.01242887,0.01874088,0.01662982,RELIABLE,RELIABLE,RELIABLE,RELIABLE,RELIABLE,RELIABLE,RELIABLE,RELIABLE,STATIONARY,STATIONARY,STATIONARY,MOVING,MOVING,MOVING,MOVING,MOVING,MOVING
118415,3532,6,SITTING_STILL,0.10980325,0.00071747,0.00653413,0.00820867,0.01314135,0.00859528,0.00793751,0.02442009,0.01423551,0.01887207,0.01828500,RELIABLE,RELIABLE,RELIABLE,RELIABLE,RELIABLE,RELIABLE,RELIABLE,RELIABLE,STATIONARY,STATIONARY,STATIONARY,MOVING,MOVING,MOVING,MOVING,MOVING,MOVING
118453,3533,6,SITTING_STILL,0.11040100,0.00035873,0.00324937,0.00753429,0.01165545,0.00719108,0.00759208,0.02545422,0.01468211,0.01995287,0.01859220,RELIABLE,RELIABLE,RELIABLE,RELIABLE,RELIABLE,RELIABLE,RELIABLE,RELIABLE,STATIONARY,STATIONARY,STATIONARY,MOVING,MOVING,MOVING,MOVING,MOVING,MOVING
118484,3534,6,SITTING_STILL,0.11069511,0.00123270,0.01113601,0.00725352,0.01093676,0.00865132,0.00734288,0.03160104,0.01304245,0.02030481,0.01776012,RELIABLE,RELIABLE,RELIABLE,RELIABLE,RELIABLE,RELIABLE,RELIABLE,RELIABLE,STATIONARY,STATIONARY,STATIONARY,MOVING,MOVING,MOVING,MOVING,MOVING,MOVING
118516,3535,6,SITTING_STILL,0.11204758,0.00093126,0.00831128,0.00745388,0.01120634,0.00958113,0.00832320,0.04151715,0.01343503,0.02207698,0.01764839,RELIABLE,RELIABLE,RELIABLE,RELIABLE,RELIABLE,RELIABLE,RELIABLE,RELIABLE,STATIONARY,STATIONARY,STATIONARY,MOVING,MOVING,MOVING,MOVING,MOVING,MOVING
118548,3536,6,SITTING_STILL,0.11154689,0.00101036,0.00905775,0.00774105,0.01157077,0.01034296,0.00866268,0.05126600,0.01350064,0.02112875,0.01775849,RELIABLE,RELIABLE,RELIABLE,RELIABLE,RELIABLE,RELIABLE,RELIABLE,RELIABLE,STATIONARY,STATIONARY,STATIONARY,MOVING,MOVING,MOVING,MOVING,MOVING,MOVING
118580,3537,6,SITTING_STILL,0.11129697,0.00050518,0.00453904,0.00683750,0.01005555,0.01024466,0.00802075,0.05394460,0.01363101,0.01951275,0.01708057,RELIABLE,RELIABLE,RELIABLE,RELIABLE,RELIABLE,RELIABLE,RELIABLE,RELIABLE,STATIONARY,STATIONARY,STATIONARY,MOVING,MOVING,MOVING,MOVING,MOVING,MOVING
118612,3538,6,SITTING_STILL,0.11207252,0.00031778,0.00283548,0.00626459,0.00919405,0.00973838,0.00895681,0.05677532,0.01346656,0.01887178,0.01705669,RELIABLE,RELIABLE,RELIABLE,RELIABLE,RELIABLE,RELIABLE,RELIABLE,RELIABLE,STATIONARY,STATIONARY,STATIONARY,MOVING,MOVING,MOVING,MOVING,MOVING,MOVING
118644,3539,6,SITTING_STILL,0.11133125,0.00069540,0.00624619,0.00648866,0.00919260,0.01094576,0.01051907,0.06142867,0.01510678,0.02147864,0.01957258,RELIABLE,RELIABLE,RELIABLE,RELIABLE,RELIABLE,RELIABLE,RELIABLE,RELIABLE,STATIONARY,STATIONARY,STATIONARY,MOVING,MOVING,MOVING,MOVING,MOVING,MOVING
118676,3540,6,SITTING_STILL,0.10975050,0.00099199,0.00903855,0.00680171,0.00925360,0.01149779,0.00995065,0.06096543,0.01670520,0.02082226,0.02145974,RELIABLE,RELIABLE,RELIABLE,RELIABLE,RELIABLE,RELIABLE,RELIABLE,RELIABLE,STATIONARY,STATIONARY,STATIONARY,MOVING,MOVING,MOVING,MOVING,MOVING,MOVING
118708,3541,6,SITTING_STILL,0.10921092,0.00077657,0.00711077,0.00728438,0.00913518,0.01184120,0.01087761,0.06216590,0.01611752,0.02126242,0.02212763,RELIABLE,RELIABLE,RELIABLE,RELIABLE,RELIABLE,RELIABLE,RELIABLE,RELIABLE,STATIONARY,STATIONARY,STATIONARY,MOVING,MOVING,MOVING,MOVING,MOVING,MOVING
118750,3542,6,SITTING_STILL,0.10887193,0.00065502,0.00601642,0.00664444,0.00828852,0.00947753,0.01083462,0.05856995,0.01681275,0.02194816,0.02221341,RELIABLE,RELIABLE,RELIABLE,RELIABLE,RELIABLE,RELIABLE,RELIABLE,RELIABLE,STATIONARY,STATIONARY,STATIONARY,MOVING,MOVING,MOVING,MOVING,MOVING,MOVING
118787,3543,6,SITTING_STILL,0.10870631,0.00032751,0.00301279,0.00598213,0.00723363,0.00809437,0.00970726,0.04992998,0.01594574,0.02069421,0.02194967,RELIABLE,RELIABLE,RELIABLE,RELIABLE,RELIABLE,RELIABLE,RELIABLE,RELIABLE,STATIONARY,STATIONARY,STATIONARY,MOVING,MOVING,MOVING,MOVING,MOVING,MOVING
118819,3544,6,SITTING_STILL,0.10916697,0.00061870,0.00566750,0.00555834,0.00712731,0.00702223,0.01103937,0.04049536,0.01490682,0.02143899,0.02014120,RELIABLE,RELIABLE,RELIABLE,RELIABLE,RELIABLE,RELIABLE,RELIABLE,RELIABLE,STATIONARY,STATIONARY,STATIONARY,MOVING,MOVING,MOVING,MOVING,MOVING,MOVING
118851,3545,6,SITTING_STILL,0.10931748,0.00072446,0.00662713,0.00581936,0.00792557,0.00709838,0.01163918,0.03750863,0.01523322,0.02298765,0.02151052,RELIABLE,RELIABLE,RELIABLE,RELIABLE,RELIABLE,RELIABLE,RELIABLE,RELIABLE,STATIONARY,STATIONARY,STATIONARY,MOVING,MOVING,MOVING,MOVING,MOVING,MOVING
118882,3546,6,SITTING_STILL,0.10974673,0.00093577,0.00852665,0.00653075,0.00888764,0.00875989,0.01028499,0.03299805,0.01489514,0.02160157,0.02129064,RELIABLE,RELIABLE,RELIABLE,RELIABLE,RELIABLE,RELIABLE,RELIABLE,RELIABLE,STATIONARY,STATIONARY,STATIONARY,MOVING,MOVING,MOVING,MOVING,MOVING,MOVING
118914,3547,6,SITTING_STILL,0.10970953,0.00046408,0.00423011,0.00627874,0.00863606,0.00737940,0.00925283,0.02665221,0.01425635,0.01876399,0.02055400,RELIABLE,RELIABLE,RELIABLE,RELIABLE,RELIABLE,RELIABLE,RELIABLE,RELIABLE,STATIONARY,STATIONARY,STATIONARY,MOVING,MOVING,MOVING,MOVING,MOVING,MOVING
118945,3548,6,SITTING_STILL,0.10969215,0.00023204,0.00211539,0.00541335,0.00769887,0.00618433,0.00925706,0.02335777,0.01069755,0.01619971,0.01684051,RELIABLE,RELIABLE,RELIABLE,RELIABLE,RELIABLE,RELIABLE,RELIABLE,RELIABLE,STATIONARY,STATIONARY,STATIONARY,MOVING,MOVING,MOVING,MOVING,MOVING,MOVING
118976,3549,6,SITTING_STILL,0.10976982,0.00048412,0.00441033,0.00507579,0.00755669,0.00624129,0.00882127,0.02286276,0.01048168,0.01509515,0.01650438,RELIABLE,RELIABLE,RELIABLE,RELIABLE,RELIABLE,RELIABLE,RELIABLE,RELIABLE,STATIONARY,STATIONARY,STATIONARY,MOVING,MOVING,MOVING,MOVING,MOVING,MOVING
119006,3550,6,SITTING_STILL,0.11013290,0.00073112,0.00663848,0.00515355,0.00759299,0.00664342,0.01011079,0.02034886,0.00974311,0.01367491,0.01665758,RELIABLE,RELIABLE,RELIABLE,RELIABLE,RELIABLE,RELIABLE,RELIABLE,RELIABLE,STATIONARY,STATIONARY,STATIONARY,MOVING,MOVING,MOVING,MOVING,MOVING,MOVING
119038,3551,6,SITTING_STILL,0.11021777,0.00053676,0.00487001,0.00538570,0.00817199,0.00724438,0.01087076,0.01991830,0.00954874,0.01378737,0.01666258,RELIABLE,RELIABLE,RELIABLE,RELIABLE,RELIABLE,RELIABLE,RELIABLE,RELIABLE,STATIONARY,STATIONARY,STATIONARY,MOVING,MOVING,MOVING,MOVING,MOVING,MOVING
119068,3552,6,SITTING_STILL,0.11026084,0.00026838,0.00243405,0.00498152,0.00744162,0.00690814,0.00903120,0.01857631,0.00875996,0.01241641,0.01549790,RELIABLE,RELIABLE,RELIABLE,RELIABLE,RELIABLE,RELIABLE,RELIABLE,RELIABLE,STATIONARY,STATIONARY,STATIONARY,MOVING,MOVING,MOVING,MOVING,MOVING,MOVING
119118,3553,6,SITTING_STILL,0.11046495,0.00109129,0.00987904,0.00538801,0.00672391,0.00614144,0.01033277,0.01892131,0.00897012,0.01176875,0.01461723,RELIABLE,RELIABLE,RELIABLE,RELIABLE,RELIABLE,RELIABLE,RELIABLE,RELIABLE,STATIONARY,STATIONARY,STATIONARY,MOVING,MOVING,MOVING,MOVING,MOVING,MOVING
119146,3554,6,SITTING_STILL,0.11056721,0.00054564,0.00493495,0.00493904,0.00540673,0.00439953,0.01081555,0.01785749,0.00865538,0.01149067,0.01404289,RELIABLE,RELIABLE,RELIABLE,RELIABLE,RELIABLE,RELIABLE,RELIABLE,RELIABLE,STATIONARY,STATIONARY,STATIONARY,MOVING,MOVING,MOVING,MOVING,MOVING,MOVING
119178,3555,6,SITTING_STILL,0.10960416,0.00047163,0.00430299,0.00494815,0.00530539,0.00455398,0.01107424,0.01636865,0.00733898,0.01187516,0.01459064,RELIABLE,RELIABLE,RELIABLE,RELIABLE,RELIABLE,RELIABLE,RELIABLE,RELIABLE,STATIONARY,STATIONARY,STATIONARY,MOVING,MOVING,MOVING,MOVING,MOVING,MOVING
119209,3556,6,SITTING_STILL,0.10938778,0.00069427,0.00634689,0.00547709,0.00573641,0.00505131,0.01252566,0.01566835,0.00695810,0.01260075,0.01412547,RELIABLE,RELIABLE,RELIABLE,RELIABLE,RELIABLE,RELIABLE,RELIABLE,RELIABLE,STATIONARY,STATIONARY,STATIONARY,MOVING,MOVING,MOVING,MOVING,MOVING,MOVING
119246,3557,6,SITTING_STILL,0.10992982,0.00083135,0.00756255,0.00587112,0.00663035,0.00602686,0.01350176,0.01322224,0.00712814,0.01322891,0.01423172,RELIABLE,RELIABLE,RELIABLE,RELIABLE,RELIABLE,RELIABLE,RELIABLE,RELIABLE,STATIONARY,STATIONARY,STATIONARY,MOVING,MOVING,MOVING,MOVING,MOVING,MOVING
119286,3558,6,SITTING_STILL,0.11020090,0.00041568,0.00377198,0.00551281,0.00603516,0.00558470,0.01217760,0.01125016,0.00640100,0.01189674,0.01251298,RELIABLE,RELIABLE,RELIABLE,RELIABLE,RELIABLE,RELIABLE,RELIABLE,RELIABLE,STATIONARY,STATIONARY,STATIONARY,MOVING,MOVING,MOVING,MOVING,MOVING,MOVING
119318,3559,6,SITTING_STILL,0.11027926,0.00108700,0.00985679,0.00613616,0.00606879,0.00579454,0.01412058,0.01039004,0.00759943,0.01155071,0.01407044,RELIABLE,RELIABLE,RELIABLE,RELIABLE,RELIABLE,RELIABLE,RELIABLE,RELIABLE,STATIONARY,STATIONARY,STATIONARY,MOVING,MOVING,MOVING,MOVING,MOVING,MOVING
119350,3560,6,SITTING_STILL,0.10998173,0.00061198,0.00556435,0.00652744,0.00674918,0.00565361,0.01444467,0.01007483,0.00855050,0.01250615,0.01630540,RELIABLE,RELIABLE,RELIABLE,RELIABLE,RELIABLE,RELIABLE,RELIABLE,RELIABLE,STATIONARY,STATIONARY,STATIONARY,MOVING,MOVING,MOVING,MOVING,MOVING,MOVING
119382,3561,6,SITTING_STILL,0.11024778,0.00058172,0.00527647,0.00595212,0.00625354,0.00576401,0.01390189,0.00833393,0.00767896,0.01261444,0.01613775,RELIABLE,RELIABLE,RELIABLE,RELIABLE,RELIABLE,RELIABLE,RELIABLE,RELIABLE,STATIONARY,STATIONARY,STATIONARY,MOVING,MOVING,MOVING,MOVING,MOVING,MOVING
119413,3562,6,SITTING_STILL,0.10977786,0.00048543,0.00442194,0.00588800,0.00666809,0.00635622,0.01356693,0.00797762,0.00767213,0.01247419,0.01725751,RELIABLE,RELIABLE,RELIABLE,RELIABLE,RELIABLE,RELIABLE,RELIABLE,RELIABLE,STATIONARY,STATIONARY,STATIONARY,MOVING,MOVING,MOVING,MOVING,MOVING,MOVING
119444,3563,6,SITTING_STILL,0.10954303,0.00024272,0.00221571,0.00562709,0.00655082,0.00636263,0.01258486,0.00726751,0.00726635,0.01089425,0.01516489,RELIABLE,RELIABLE,RELIABLE,RELIABLE,RELIABLE,RELIABLE,RELIABLE,RELIABLE,STATIONARY,STATIONARY,STATIONARY,MOVING,MOVING,MOVING,MOVING,MOVING,MOVING
119476,3564,6,SITTING_STILL,0.10826376,0.00050962,0.00470717,0.00542212,0.00673318,0.00644744,0.01198704,0.00807297,0.00886560,0.01218516,0.01746994,RELIABLE,RELIABLE,RELIABLE,RELIABLE,RELIABLE,RELIABLE,RELIABLE,RELIABLE,STATIONARY,STATIONARY,STATIONARY,MOVING,MOVING,MOVING,MOVING,MOVING,MOVING
119508,3565,6,SITTING_STILL,0.10864478,0.00052088,0.00479433,0.00507609,0.00638443,0.00553066,0.01094270,0.00911665,0.00939569,0.01210070,0.01649583,RELIABLE,RELIABLE,RELIABLE,RELIABLE,RELIABLE,RELIABLE,RELIABLE,RELIABLE,STATIONARY,STATIONARY,STATIONARY,MOVING,MOVING,MOVING,MOVING,MOVING,MOVING
119539,3566,6,SITTING_STILL,0.10878410,0.00037852,0.00347958,0.00503954,0.00644847,0.00503760,0.01100648,0.00942892,0.00961352,0.01308857,0.01702129,RELIABLE,RELIABLE,RELIABLE,RELIABLE,RELIABLE,RELIABLE,RELIABLE,RELIABLE,STATIONARY,STATIONARY,STATIONARY,MOVING,MOVING,MOVING,MOVING,MOVING,MOVING
119581,3567,6,SITTING_STILL,0.10865837,0.00081065,0.00746053,0.00474001,0.00654249,0.00476013,0.00903658,0.00859869,0.00796160,0.01294676,0.01546278,RELIABLE,RELIABLE,RELIABLE,RELIABLE,RELIABLE,RELIABLE,RELIABLE,RELIABLE,STATIONARY,STATIONARY,STATIONARY,MOVING,MOVING,MOVING,MOVING,MOVING,MOVING
119617,3568,6,SITTING_STILL,0.10846584,0.00084361,0.00777762,0.00501667,0.00669120,0.00581276,0.00915809,0.00913242,0.00756737,0.01244126,0.01359105,RELIABLE,RELIABLE,RELIABLE,RELIABLE,RELIABLE,RELIABLE,RELIABLE,RELIABLE,STATIONARY,STATIONARY,STATIONARY,MOVING,MOVING,MOVING,MOVING,MOVING,MOVING
119647,3569,6,SITTING_STILL,0.10837239,0.00042180,0.00389217,0.00484363,0.00710150,0.00614302,0.00776777,0.00822328,0.00726484,0.01134266,0.01196147,RELIABLE,RELIABLE,RELIABLE,RELIABLE,RELIABLE,RELIABLE,RELIABLE,RELIABLE,STATIONARY,STATIONARY,STATIONARY,MOVING,MOVING,MOVING,MOVING,MOVING,MOVING
119678,3570,6,SITTING_STILL,0.10952938,0.00039766,0.00363061,0.00474471,0.00703250,0.00596478,0.00813820,0.00903385,0.00815860,0.01325199,0.01458995,RELIABLE,RELIABLE,RELIABLE,RELIABLE,RELIABLE,RELIABLE,RELIABLE,RELIABLE,STATIONARY,STATIONARY,STATIONARY,MOVING,MOVING,MOVING,MOVING,MOVING,MOVING
119709,3571,6,SITTING_STILL,0.10913592,0.00056594,0.00518565,0.00511596,0.00762756,0.00641341,0.00862206,0.00976882,0.00880372,0.01467374,0.01458558,RELIABLE,RELIABLE,RELIABLE,RELIABLE,RELIABLE,RELIABLE,RELIABLE,RELIABLE,STATIONARY,STATIONARY,STATIONARY,MOVING,MOVING,MOVING,MOVING,MOVING,MOVING
119742,3572,6,SITTING_STILL,0.10891129,0.00028910,0.00265442,0.00485936,0.00714191,0.00634923,0.00803474,0.00950909,0.00753942,0.01368231,0.01228895,RELIABLE,RELIABLE,RELIABLE,RELIABLE,RELIABLE,RELIABLE,RELIABLE,RELIABLE,STATIONARY,STATIONARY,STATIONARY,MOVING,MOVING,MOVING,MOVING,MOVING,MOVING
119771,3573,6,SITTING_STILL,0.10880021,0.00014455,0.00132856,0.00442614,0.00648652,0.00582988,0.00746642,0.00826457,0.00664839,0.01271696,0.01169253,RELIABLE,RELIABLE,RELIABLE,RELIABLE,RELIABLE,RELIABLE,RELIABLE,RELIABLE,STATIONARY,STATIONARY,STATIONARY,MOVING,MOVING,MOVING,MOVING,MOVING,MOVING
119803,3574,6,SITTING_STILL,0.10946947,0.00035097,0.00320611,0.00439196,0.00625053,0.00560962,0.00747949,0.00868072,0.00697368,0.01465515,0.01291369,RELIABLE,RELIABLE,RELIABLE,RELIABLE,RELIABLE,RELIABLE,RELIABLE,RELIABLE,STATIONARY,STATIONARY,STATIONARY,MOVING,MOVING,MOVING,MOVING,MOVING,MOVING
119834,3575,6,SITTING_STILL,0.10976397,0.00046602,0.00424568,0.00399010,0.00512766,0.00537731,0.00765295,0.01026531,0.00769255,0.01512607,0.01406448,RELIABLE,RELIABLE,RELIABLE,RELIABLE,RELIABLE,RELIABLE,RELIABLE,RELIABLE,STATIONARY,STATIONARY,STATIONARY,MOVING,MOVING,MOVING,MOVING,MOVING,MOVING
119870,3576,6,SITTING_STILL,0.10956452,0.00066173,0.00603961,0.00377285,0.00439017,0.00454581,0.00727420,0.01070246,0.00823607,0.01570147,0.01388332,RELIABLE,RELIABLE,RELIABLE,RELIABLE,RELIABLE,RELIABLE,RELIABLE,RELIABLE,STATIONARY,STATIONARY,STATIONARY,MOVING,MOVING,MOVING,MOVING,MOVING,MOVING
119902,3577,6,SITTING_STILL,0.11015021,0.00041332,0.00375235,0.00375537,0.00395654,0.00411803,0.00765354,0.01138239,0.00860843,0.01787373,0.01516963,RELIABLE,RELIABLE,RELIABLE,RELIABLE,RELIABLE,RELIABLE,RELIABLE,RELIABLE,STATIONARY,STATIONARY,STATIONARY,MOVING,MOVING,MOVING,MOVING,MOVING,MOVING
119950,3578,6,SITTING_STILL,0.10939267,0.00069850,0.00638523,0.00409970,0.00419346,0.00411313,0.00876207,0.01064268,0.00835199,0.01708986,0.01429362,RELIABLE,RELIABLE,RELIABLE,RELIABLE,RELIABLE,RELIABLE,RELIABLE,RELIABLE,STATIONARY,STATIONARY,STATIONARY,MOVING,MOVING,MOVING,MOVING,MOVING,MOVING
119990,3579,6,SITTING_STILL,0.10901788,0.00034925,0.00320359,0.00385195,0.00368317,0.00357309,0.00902081,0.00994409,0.00802715,0.01623325,0.01517871,RELIABLE,RELIABLE,RELIABLE,RELIABLE,RELIABLE,RELIABLE,RELIABLE,RELIABLE,STATIONARY,STATIONARY,STATIONARY,MOVING,MOVING,MOVING,MOVING,MOVING,MOVING
120022,3580,6,SITTING_STILL,0.10975175,0.00036241,0.00330205,0.00393290,0.00367694,0.00328352,0.00945820,0.00925383,0.00768484,0.01618353,0.01674189,RELIABLE,RELIABLE,RELIABLE,RELIABLE,RELIABLE,RELIABLE,RELIABLE,RELIABLE,STATIONARY,STATIONARY,STATIONARY,MOVING,MOVING,MOVING,MOVING,MOVING,MOVING
120054,3581,6,SITTING_STILL,0.10933668,0.00101562,0.00928892,0.00492794,0.00535135,0.00502375,0.00986114,0.00934609,0.00789771,0.01705629,0.01817077,RELIABLE,RELIABLE,RELIABLE,RELIABLE,RELIABLE,RELIABLE,RELIABLE,RELIABLE,STATIONARY,STATIONARY,STATIONARY,MOVING,MOVING,MOVING,MOVING,MOVING,MOVING
120085,3582,6,SITTING_STILL,0.10985148,0.00121496,0.01106004,0.00590968,0.00629497,0.00598934,0.01065800,0.00872329,0.00737967,0.01491110,0.01693385,RELIABLE,RELIABLE,RELIABLE,RELIABLE,RELIABLE,RELIABLE,RELIABLE,RELIABLE,STATIONARY,STATIONARY,STATIONARY,MOVING,MOVING,MOVING,MOVING,MOVING,MOVING
120117,3583,6,SITTING_STILL,0.11010917,0.00060748,0.00551708,0.00606861,0.00681507,0.00579241,0.01016802,0.00706508,0.00658636,0.01382488,0.01524747,RELIABLE,RELIABLE,RELIABLE,RELIABLE,RELIABLE,RELIABLE,RELIABLE,RELIABLE,STATIONARY,STATIONARY,STATIONARY,MOVING,MOVING,MOVING,MOVING,MOVING,MOVING
120148,3584,6,SITTING_STILL,0.11077405,0.00064441,0.00581731,0.00604082,0.00704727,0.00540684,0.01041917,0.00792668,0.00607181,0.01456457,0.01752749,RELIABLE,RELIABLE,RELIABLE,RELIABLE,RELIABLE,RELIABLE,RELIABLE,RELIABLE,STATIONARY,STATIONARY,STATIONARY,MOVING,MOVING,MOVING,MOVING,MOVING,MOVING
120179,3585,6,SITTING_STILL,0.11038260,0.00103600,0.00938558,0.00674497,0.00772826,0.00578409,0.01075833,0.00888204,0.00708688,0.01342495,0.01889164,RELIABLE,RELIABLE,RELIABLE,RELIABLE,RELIABLE,RELIABLE,RELIABLE,RELIABLE,STATIONARY,STATIONARY,STATIONARY,MOVING,MOVING,MOVING,MOVING,MOVING,MOVING
120211,3586,6,SITTING_STILL,0.10967496,0.00052940,0.00482703,0.00655020,0.00778825,0.00594170,0.00903210,0.00918038,0.00697938,0.01290346,0.01742757,RELIABLE,RELIABLE,RELIABLE,RELIABLE,RELIABLE,RELIABLE,RELIABLE,RELIABLE,STATIONARY,STATIONARY,STATIONARY,MOVING,MOVING,MOVING,MOVING,MOVING,MOVING
120242,3587,6,SITTING_STILL,0.10888728,0.00046091,0.00423292,0.00667886,0.00769380,0.00622996,0.00909652,0.01016638,0.00701109,0.01324617,0.01675563,RELIABLE,RELIABLE,RELIABLE,RELIABLE,RELIABLE,RELIABLE,RELIABLE,RELIABLE,STATIONARY,STATIONARY,STATIONARY,MOVING,MOVING,MOVING,MOVING,MOVING,MOVING
120274,3588,6,SITTING_STILL,0.10849788,0.00023046,0.00212405,0.00653162,0.00745883,0.00618143,0.00843684,0.01042568,0.00671544,0.01212916,0.01498337,RELIABLE,RELIABLE,RELIABLE,RELIABLE,RELIABLE,RELIABLE,RELIABLE,RELIABLE,STATIONARY,STATIONARY,STATIONARY,MOVING,MOVING,MOVING,MOVING,MOVING,MOVING
120307,3589,6,SITTING_STILL,0.10883675,0.00040737,0.00374292,0.00583837,0.00592634,0.00442786,0.00886027,0.01244996,0.00687324,0.01209576,0.01380598,RELIABLE,RELIABLE,RELIABLE,RELIABLE,RELIABLE,RELIABLE,RELIABLE,RELIABLE,STATIONARY,STATIONARY,STATIONARY,MOVING,MOVING,MOVING,MOVING,MOVING,MOVING
120338,3590,6,SITTING_STILL,0.10968806,0.00066496,0.00606229,0.00521365,0.00499402,0.00362165,0.00803952,0.01374970,0.00759532,0.01228195,0.01389932,RELIABLE,RELIABLE,RELIABLE,RELIABLE,RELIABLE,RELIABLE,RELIABLE,RELIABLE,STATIONARY,STATIONARY,STATIONARY,MOVING,MOVING,MOVING,MOVING,MOVING,MOVING
120369,3591,6,SITTING_STILL,0.10943375,0.00042172,0.00385368,0.00500572,0.00513727,0.00381277,0.00823811,0.01518416,0.00799367,0.01397980,0.01444594,RELIABLE,RELIABLE,RELIABLE,RELIABLE,RELIABLE,RELIABLE,RELIABLE,RELIABLE,STATIONARY,STATIONARY,STATIONARY,MOVING,MOVING,MOVING,MOVING,MOVING,MOVING
120400,3592,6,SITTING_STILL,0.10960302,0.00035291,0.00321991,0.00468105,0.00480032,0.00389524,0.00825507,0.01381484,0.00837160,0.01350105,0.01327509,RELIABLE,RELIABLE,RELIABLE,RELIABLE,RELIABLE,RELIABLE,RELIABLE,RELIABLE,STATIONARY,STATIONARY,STATIONARY,MOVING,MOVING,MOVING,MOVING,MOVING,MOVING
120446,3593,6,SITTING_STILL,0.11035629,0.00082911,0.00751305,0.00444698,0.00478417,0.00377903,0.00791211,0.01287578,0.00692771,0.01256458,0.01201193,RELIABLE,RELIABLE,RELIABLE,RELIABLE,RELIABLE,RELIABLE,RELIABLE,RELIABLE,STATIONARY,STATIONARY,STATIONARY,MOVING,MOVING,MOVING,MOVING,MOVING,MOVING
120479,3594,6,SITTING_STILL,0.11073315,0.00041456,0.00374374,0.00431157,0.00421342,0.00334849,0.00771514,0.01188526,0.00578953,0.01165317,0.01039664,RELIABLE,RELIABLE,RELIABLE,RELIABLE,RELIABLE,RELIABLE,RELIABLE,RELIABLE,STATIONARY,STATIONARY,STATIONARY,MOVING,MOVING,MOVING,MOVING,MOVING,MOVING
120511,3595,6,SITTING_STILL,0.11066665,0.00045021,0.00406812,0.00429097,0.00467916,0.00323142,0.00705493,0.01093338,0.00543736,0.01138508,0.00950252,RELIABLE,RELIABLE,RELIABLE,RELIABLE,RELIABLE,RELIABLE,RELIABLE,RELIABLE,STATIONARY,STATIONARY,STATIONARY,MOVING,MOVING,MOVING,MOVING,MOVING,MOVING
120543,3596,6,SITTING_STILL,0.11047440,0.00046523,0.00421119,0.00455186,0.00469935,0.00343242,0.00799631,0.01058840,0.00552747,0.01223353,0.01076612,RELIABLE,RELIABLE,RELIABLE,RELIABLE,RELIABLE,RELIABLE,RELIABLE,RELIABLE,STATIONARY,STATIONARY,STATIONARY,MOVING,MOVING,MOVING,MOVING,MOVING,MOVING
120574,3597,6,SITTING_STILL,0.11017870,0.00076473,0.00694086,0.00495161,0.00470343,0.00423366,0.00764623,0.01012805,0.00570168,0.01245502,0.01212393,RELIABLE,RELIABLE,RELIABLE,RELIABLE,RELIABLE,RELIABLE,RELIABLE,RELIABLE,STATIONARY,STATIONARY,STATIONARY,MOVING,MOVING,MOVING,MOVING,MOVING,MOVING
120606,3598,6,SITTING_STILL,0.11003332,0.00038237,0.00347501,0.00462820,0.00443677,0.00446638,0.00702821,0.00945292,0.00504825,0.01149717,0.01154414,RELIABLE,RELIABLE,RELIABLE,RELIABLE,RELIABLE,RELIABLE,RELIABLE,RELIABLE,STATIONARY,STATIONARY,STATIONARY,MOVING,MOVING,MOVING,MOVING,MOVING,MOVING
120637,3599,6,SITTING_STILL,0.10992397,0.00033978,0.00309108,0.00453287,0.00445884,0.00405972,0.00709026,0.01074726,0.00563359,0.01098614,0.01340427,RELIABLE,RELIABLE,RELIABLE,RELIABLE,RELIABLE,RELIABLE,RELIABLE,RELIABLE,STATIONARY,STATIONARY,STATIONARY,MOVING,MOVING,MOVING,MOVING,MOVING,MOVING
120669,3600,6,SITTING_STILL,0.10988075,0.00034033,0.00309728,0.00451754,0.00423524,0.00419480,0.00661076,0.01034462,0.00483127,0.00965948,0.01333066,RELIABLE,RELIABLE,RELIABLE,RELIABLE,RELIABLE,RELIABLE,RELIABLE,RELIABLE,STATIONARY,STATIONARY,STATIONARY,MOVING,MOVING,MOVING,MOVING,MOVING,MOVING
120702,3601,6,SITTING_STILL,0.11034394,0.00037624,0.00340966,0.00400462,0.00391837,0.00379984,0.00735749,0.01037636,0.00557040,0.01106726,0.01360301,RELIABLE,RELIABLE,RELIABLE,RELIABLE,RELIABLE,RELIABLE,RELIABLE,RELIABLE,STATIONARY,STATIONARY,STATIONARY,MOVING,MOVING,STATIONARY,MOVING,MOVING,MOVING
120734,3602,6,SITTING_STILL,0.11025177,0.00088883,0.00806184,0.00454438,0.00492051,0.00455693,0.00855438,0.01063197,0.00636708,0.01219149,0.01458103,RELIABLE,RELIABLE,RELIABLE,RELIABLE,RELIABLE,RELIABLE,RELIABLE,RELIABLE,STATIONARY,STATIONARY,STATIONARY,MOVING,MOVING,STATIONARY,MOVING,MOVING,MOVING
120782,3603,6,SITTING_STILL,0.11043560,0.00057612,0.00521676,0.00468796,0.00469914,0.00428441,0.00929373,0.01066175,0.00686659,0.01326830,0.01545234,RELIABLE,RELIABLE,RELIABLE,RELIABLE,RELIABLE,RELIABLE,RELIABLE,RELIABLE,STATIONARY,STATIONARY,STATIONARY,MOVING,MOVING,STATIONARY,MOVING,MOVING,MOVING
120823,3604,6,SITTING_STILL,0.11052776,0.00028806,0.00260620,0.00448734,0.00480016,0.00388753,0.00838910,0.01054239,0.00684842,0.01282107,0.01417436,RELIABLE,RELIABLE,RELIABLE,RELIABLE,RELIABLE,RELIABLE,RELIABLE,RELIABLE,STATIONARY,STATIONARY,STATIONARY,MOVING,MOVING,STATIONARY,MOVING,MOVING,MOVING
120854,3605,6,SITTING_STILL,0.11011104,0.00073322,0.00665891,0.00445209,0.00528703,0.00360100,0.00860306,0.00952878,0.00693371,0.01251267,0.01401263,RELIABLE,RELIABLE,RELIABLE,RELIABLE,RELIABLE,RELIABLE,RELIABLE,RELIABLE,STATIONARY,STATIONARY,STATIONARY,MOVING,MOVING,STATIONARY,MOVING,MOVING,MOVING
120885,3606,6,SITTING_STILL,0.11003878,0.00108384,0.00984958,0.00524891,0.00632433,0.00438158,0.00971028,0.01008364,0.00754623,0.01265114,0.01594448,RELIABLE,RELIABLE,RELIABLE,RELIABLE,RELIABLE,RELIABLE,RELIABLE,RELIABLE,STATIONARY,STATIONARY,STATIONARY,MOVING,MOVING,STATIONARY,MOVING,MOVING,MOVING
120916,3607,6,SITTING_STILL,0.11030109,0.00063514,0.00575822,0.00558231,0.00681311,0.00484862,0.00974342,0.00805840,0.00819918,0.01264712,0.01453805,RELIABLE,RELIABLE,RELIABLE,RELIABLE,RELIABLE,RELIABLE,RELIABLE,RELIABLE,STATIONARY,STATIONARY,STATIONARY,MOVING,MOVING,STATIONARY,MOVING,MOVING,MOVING
120948,3608,6,SITTING_STILL,0.10998814,0.00060514,0.00550188,0.00588288,0.00712338,0.00515264,0.01077863,0.00837713,0.00894857,0.01313966,0.01454823,RELIABLE,RELIABLE,RELIABLE,RELIABLE,RELIABLE,RELIABLE,RELIABLE,RELIABLE,STATIONARY,STATIONARY,STATIONARY,MOVING,MOVING,STATIONARY,MOVING,MOVING,MOVING
120979,3609,6,SITTING_STILL,0.10983278,0.00030257,0.00275483,0.00580103,0.00683111,0.00536649,0.00987952,0.00757215,0.00844339,0.01163722,0.01332177,RELIABLE,RELIABLE,RELIABLE,RELIABLE,RELIABLE,RELIABLE,RELIABLE,RELIABLE,STATIONARY,STATIONARY,STATIONARY,MOVING,MOVING,STATIONARY,MOVING,MOVING,MOVING
121011,3610,6,SITTING_STILL,0.11001493,0.00056654,0.00514970,0.00543701,0.00609129,0.00497536,0.00946262,0.00762113,0.00847460,0.01183891,0.01339643,RELIABLE,RELIABLE,RELIABLE,RELIABLE,RELIABLE,RELIABLE,RELIABLE,RELIABLE,STATIONARY,STATIONARY,STATIONARY,MOVING,MOVING,STATIONARY,MOVING,MOVING,MOVING
121042,3611,6,SITTING_STILL,0.11053190,0.00027086,0.00245053,0.00509123,0.00584174,0.00525341,0.00917634,0.00783544,0.00845978,0.01298763,0.01418775,RELIABLE,RELIABLE,RELIABLE,RELIABLE,RELIABLE,RELIABLE,RELIABLE,RELIABLE,STATIONARY,STATIONARY,STATIONARY,MOVING,MOVING,STATIONARY,MOVING,MOVING,MOVING
121074,3612,6,SITTING_STILL,0.11022373,0.00060365,0.00547660,0.00545003,0.00634093,0.00534863,0.00964432,0.00884986,0.00922955,0.01410852,0.01564756,RELIABLE,RELIABLE,RELIABLE,RELIABLE,RELIABLE,RELIABLE,RELIABLE,RELIABLE,STATIONARY,STATIONARY,STATIONARY,MOVING,MOVING,STATIONARY,MOVING,MOVING,MOVING
121105,3613,6,SITTING_STILL,0.11012414,0.00087115,0.00791058,0.00560649,0.00707304,0.00595281,0.00934296,0.00879017,0.00896600,0.01410248,0.01571916,RELIABLE,RELIABLE,RELIABLE,RELIABLE,RELIABLE,RELIABLE,RELIABLE,RELIABLE,STATIONARY,STATIONARY,STATIONARY,MOVING,MOVING,STATIONARY,MOVING,MOVING,MOVING
121150,3614,6,SITTING_STILL,0.10991122,0.00036282,0.00330105,0.00478792,0.00601985,0.00488321,0.00878432,0.00818085,0.00867724,0.01495947,0.01533390,RELIABLE,RELIABLE,RELIABLE,RELIABLE,RELIABLE,RELIABLE,RELIABLE,RELIABLE,STATIONARY,STATIONARY,STATIONARY,MOVING,MOVING,STATIONARY,MOVING,MOVING,MOVING
121183,3615,6,SITTING_STILL,0.10980637,0.00018141,0.00165210,0.00427466,0.00476000,0.00420188,0.00804814,0.00776348,0.00723777,0.01389156,0.01486664,RELIABLE,RELIABLE,RELIABLE,RELIABLE,RELIABLE,RELIABLE,RELIABLE,RELIABLE,STATIONARY,STATIONARY,STATIONARY,MOVING,MOVING,STATIONARY,MOVING,MOVING,MOVING
121216,3616,6,SITTING_STILL,0.11026674,0.00032457,0.00294350,0.00395486,0.00450766,0.00405724,0.00719986,0.00810904,0.00725445,0.01495950,0.01557932,RELIABLE,RELIABLE,RELIABLE,RELIABLE,RELIABLE,RELIABLE,RELIABLE,RELIABLE,STATIONARY,STATIONARY,STATIONARY,MOVING,MOVING,STATIONARY,MOVING,MOVING,MOVING
121247,3617,6,SITTING_STILL,0.11005838,0.00074841,0.00680011,0.00446052,0.00506356,0.00395171,0.00802573,0.00847583,0.00790010,0.01577908,0.01679730,RELIABLE,RELIABLE,RELIABLE,RELIABLE,RELIABLE,RELIABLE,RELIABLE,RELIABLE,STATIONARY,STATIONARY,STATIONARY,MOVING,MOVING,STATIONARY,MOVING,MOVING,MOVING
121279,3618,6,SITTING_STILL,0.11047979,0.00055965,0.00506559,0.00445001,0.00516461,0.00390742,0.00825716,0.00911914,0.00810257,0.01590450,0.01640388,RELIABLE,RELIABLE,RELIABLE,RELIABLE,RELIABLE,RELIABLE,RELIABLE,RELIABLE,STATIONARY,STATIONARY,STATIONARY,MOVING,MOVING,STATIONARY,MOVING,MOVING,MOVING
121310,3619,6,SITTING_STILL,0.11069513,0.00027982,0.00252787,0.00445968,0.00518806,0.00375353,0.00793847,0.00896491,0.00782696,0.01360861,0.01508879,RELIABLE,RELIABLE,RELIABLE,RELIABLE,RELIABLE,RELIABLE,RELIABLE,RELIABLE,STATIONARY,STATIONARY,STATIONARY,MOVING,MOVING,STATIONARY,MOVING,MOVING,MOVING
121341,3620,6,SITTING_STILL,0.11079122,0.00051638,0.00466087,0.00435771,0.00497391,0.00392106,0.00949167,0.00875517,0.00785090,0.01370822,0.01447720,RELIABLE,RELIABLE,RELIABLE,RELIABLE,RELIABLE,RELIABLE,RELIABLE,RELIABLE,STATIONARY,STATIONARY,STATIONARY,MOVING,MOVING,STATIONARY,MOVING,MOVING,MOVING
121373,3621,6,SITTING_STILL,0.11052500,0.00045162,0.00408614,0.00387966,0.00417756,0.00297554,0.00987606,0.00939863,0.00756482,0.01319451,0.01413641,RELIABLE,RELIABLE,RELIABLE,RELIABLE,RELIABLE,RELIABLE,RELIABLE,RELIABLE,STATIONARY,STATIONARY,STATIONARY,MOVING,MOVING,STATIONARY,MOVING,MOVING,MOVING
121405,3622,6,SITTING_STILL,0.11050564,0.00100647,0.00910784,0.00460550,0.00557234,0.00430608,0.01003589,0.00960678,0.00804159,0.01263629,0.01328436,RELIABLE,RELIABLE,RELIABLE,RELIABLE,RELIABLE,RELIABLE,RELIABLE,RELIABLE,STATIONARY,STATIONARY,STATIONARY,MOVING,MOVING,STATIONARY,MOVING,MOVING,MOVING
121436,3623,6,SITTING_STILL,0.11049672,0.00050323,0.00455429,0.00496828,0.00626971,0.00497129,0.01011538,0.00971038,0.00827963,0.01235629,0.01285717,RELIABLE,RELIABLE,RELIABLE,RELIABLE,RELIABLE,RELIABLE,RELIABLE,RELIABLE,STATIONARY,STATIONARY,STATIONARY,MOVING,MOVING,STATIONARY,MOVING,MOVING,MOVING
121468,3624,6,SITTING_STILL,0.11053363,0.00062531,0.00565720,0.00530749,0.00632501,0.00484219,0.01117775,0.00979564,0.00831786,0.01321984,0.01259413,RELIABLE,RELIABLE,RELIABLE,RELIABLE,RELIABLE,RELIABLE,RELIABLE,RELIABLE,STATIONARY,STATIONARY,STATIONARY,MOVING,MOVING,STATIONARY,MOVING,MOVING,MOVING
121499,3625,6,SITTING_STILL,0.11073128,0.00068981,0.00622956,0.00523617,0.00695510,0.00580387,0.01056656,0.01109119,0.00919729,0.01355868,0.01352735,RELIABLE,RELIABLE,RELIABLE,RELIABLE,RELIABLE,RELIABLE,RELIABLE,RELIABLE,STATIONARY,STATIONARY,STATIONARY,MOVING,MOVING,STATIONARY,MOVING,MOVING,MOVING
121530,3626,6,SITTING_STILL,0.10987480,0.00070465,0.00641322,0.00540463,0.00768140,0.00677745,0.01009837,0.01108019,0.00956097,0.01436732,0.01437092,RELIABLE,RELIABLE,RELIABLE,RELIABLE,RELIABLE,RELIABLE,RELIABLE,RELIABLE,STATIONARY,STATIONARY,STATIONARY,MOVING,MOVING,STATIONARY,MOVING,MOVING,MOVING
121565,3627,6,SITTING_STILL,0.11064973,0.00048301,0.00436520,0.00563429,0.00770939,0.00742895,0.00988147,0.01275049,0.00982512,0.01478900,0.01641638,RELIABLE,RELIABLE,RELIABLE,RELIABLE,RELIABLE,RELIABLE,RELIABLE,RELIABLE,STATIONARY,STATIONARY,STATIONARY,MOVING,MOVING,STATIONARY,MOVING,MOVING,MOVING
121614,3628,6,SITTING_STILL,0.11056832,0.00101948,0.00922040,0.00620423,0.00862550,0.00833107,0.00860532,0.01346416,0.00951440,0.01544768,0.01661590,RELIABLE,RELIABLE,RELIABLE,RELIABLE,RELIABLE,RELIABLE,RELIABLE,RELIABLE,STATIONARY,STATIONARY,STATIONARY,MOVING,MOVING,STATIONARY,MOVING,MOVING,MOVING
121657,3629,6,SITTING_STILL,0.11052842,0.00050974,0.00461187,0.00626995,0.00859750,0.00848639,0.00811158,0.01254902,0.00939197,0.01577141,0.01584952,RELIABLE,RELIABLE,RELIABLE,RELIABLE,RELIABLE,RELIABLE,RELIABLE,RELIABLE,STATIONARY,STATIONARY,STATIONARY,MOVING,MOVING,STATIONARY,MOVING,MOVING,MOVING
121689,3630,6,SITTING_STILL,0.11013107,0.00093472,0.00848738,0.00619239,0.00831749,0.00815780,0.00863432,0.01302973,0.00932609,0.01679386,0.01710376,RELIABLE,RELIABLE,RELIABLE,RELIABLE,RELIABLE,RELIABLE,RELIABLE,RELIABLE,STATIONARY,STATIONARY,STATIONARY,MOVING,MOVING,STATIONARY,MOVING,MOVING,MOVING
121721,3631,6,SITTING_STILL,0.11070134,0.00089028,0.00804221,0.00662838,0.00852818,0.00775166,0.00864079,0.01386509,0.00950673,0.01724057,0.01776591,RELIABLE,RELIABLE,RELIABLE,RELIABLE,RELIABLE,RELIABLE,RELIABLE,RELIABLE,STATIONARY,STATIONARY,STATIONARY,MOVING,MOVING,STATIONARY,MOVING,MOVING,MOVING
121752,3632,6,SITTING_STILL,0.11062836,0.00036904,0.00333582,0.00633821,0.00831408,0.00730704,0.00830252,0.01316755,0.00959953,0.01795578,0.01886961,RELIABLE,RELIABLE,RELIABLE,RELIABLE,RELIABLE,RELIABLE,RELIABLE,RELIABLE,STATIONARY,STATIONARY,STATIONARY,MOVING,MOVING,STATIONARY,MOVING,MOVING,MOVING
121784,3633,6,SITTING_STILL,0.11050096,0.00062605,0.00566558,0.00626771,0.00792999,0.00666762,0.00848210,0.01240845,0.01003179,0.01866065,0.01849856,RELIABLE,RELIABLE,RELIABLE,RELIABLE,RELIABLE,RELIABLE,RELIABLE,RELIABLE,STATIONARY,STATIONARY,STATIONARY,MOVING,MOVING,STATIONARY,MOVING,MOVING,MOVING
121814,3634,6,SITTING_STILL,0.11043818,0.00031303,0.00283440,0.00582036,0.00693862,0.00539127,0.00806171,0.01153920,0.00973483,0.01728711,0.01741275,RELIABLE,RELIABLE,RELIABLE,RELIABLE,RELIABLE,RELIABLE,RELIABLE,RELIABLE,STATIONARY,STATIONARY,STATIONARY,MOVING,MOVING,STATIONARY,MOVING,MOVING,MOVING
121845,3635,6,SITTING_STILL,0.11114432,0.00030239,0.00272074,0.00561480,0.00699494,0.00491376,0.00869541,0.01009051,0.01049907,0.01844812,0.01718703,RELIABLE,RELIABLE,RELIABLE,RELIABLE,RELIABLE,RELIABLE,RELIABLE,RELIABLE,STATIONARY,STATIONARY,STATIONARY,MOVING,MOVING,STATIONARY,MOVING,MOVING,MOVING
121877,3636,6,SITTING_STILL,0.11113584,0.00083965,0.00755515,0.00540664,0.00701704,0.00496754,0.00799061,0.01020117,0.01021480,0.01681799,0.01737669,RELIABLE,RELIABLE,RELIABLE,RELIABLE,RELIABLE,RELIABLE,RELIABLE,RELIABLE,STATIONARY,STATIONARY,STATIONARY,MOVING,MOVING,STATIONARY,MOVING,MOVING,MOVING
121909,3637,6,SITTING_STILL,0.11058102,0.00074121,0.00670288,0.00566802,0.00714170,0.00509628,0.00858603,0.01206363,0.01139213,0.01782643,0.02015532,RELIABLE,RELIABLE,RELIABLE,RELIABLE,RELIABLE,RELIABLE,RELIABLE,RELIABLE,STATIONARY,STATIONARY,STATIONARY,MOVING,MOVING,STATIONARY,MOVING,MOVING,MOVING
121941,3638,6,SITTING_STILL,0.11088086,0.00046473,0.00419127,0.00513101,0.00633763,0.00437590,0.00782262,0.01112288,0.01091944,0.01616407,0.01873193,RELIABLE,RELIABLE,RELIABLE,RELIABLE,RELIABLE,RELIABLE,RELIABLE,RELIABLE,STATIONARY,STATIONARY,STATIONARY,MOVING,MOVING,STATIONARY,MOVING,MOVING,MOVING
121983,3639,6,SITTING_STILL,0.11041457,0.00071350,0.00646198,0.00493348,0.00651606,0.00462648,0.00822119,0.01125034,0.01100045,0.01715493,0.01964999,RELIABLE,RELIABLE,RELIABLE,RELIABLE,RELIABLE,RELIABLE,RELIABLE,RELIABLE,STATIONARY,STATIONARY,STATIONARY,MOVING,MOVING,STATIONARY,MOVING,MOVING,MOVING
122021,3640,6,SITTING_STILL,0.11018316,0.00035675,0.00323778,0.00492122,0.00685795,0.00492103,0.00730528,0.01124943,0.01002751,0.01414337,0.01744636,RELIABLE,RELIABLE,RELIABLE,RELIABLE,RELIABLE,RELIABLE,RELIABLE,RELIABLE,STATIONARY,STATIONARY,STATIONARY,MOVING,MOVING,STATIONARY,MOVING,MOVING,MOVING
122053,3641,6,SITTING_STILL,0.11059841,0.00083276,0.00752955,0.00515422,0.00676679,0.00512879,0.00720204,0.01091589,0.00776957,0.01275966,0.01719621,RELIABLE,RELIABLE,RELIABLE,RELIABLE,RELIABLE,RELIABLE,RELIABLE,RELIABLE,STATIONARY,STATIONARY,STATIONARY,MOVING,MOVING,STATIONARY,MOVING,MOVING,MOVING
122084,3642,6,SITTING_STILL,0.11008048,0.00037566,0.00341255,0.00522649,0.00668410,0.00547012,0.00771340,0.01412337,0.00715861,0.01327424,0.01737683,RELIABLE,RELIABLE,RELIABLE,RELIABLE,RELIABLE,RELIABLE,RELIABLE,RELIABLE,STATIONARY,STATIONARY,STATIONARY,MOVING,MOVING,STATIONARY,MOVING,MOVING,MOVING
122115,3643,6,SITTING_STILL,0.11053139,0.00060379,0.00546260,0.00556922,0.00708425,0.00627207,0.00717324,0.01457412,0.00690882,0.01232587,0.01697404,RELIABLE,RELIABLE,RELIABLE,RELIABLE,RELIABLE,RELIABLE,RELIABLE,RELIABLE,STATIONARY,STATIONARY,STATIONARY,MOVING,MOVING,STATIONARY,MOVING,MOVING,MOVING
122147,3644,6,SITTING_STILL,0.11075794,0.00030189,0.00272571,0.00496554,0.00598951,0.00560225,0.00676878,0.01331012,0.00695316,0.01181966,0.01618150,RELIABLE,RELIABLE,RELIABLE,RELIABLE,RELIABLE,RELIABLE,RELIABLE,RELIABLE,STATIONARY,STATIONARY,STATIONARY,MOVING,MOVING,STATIONARY,MOVING,MOVING,MOVING
122177,3645,6,SITTING_STILL,0.11063076,0.00047377,0.00428244,0.00466299,0.00565007,0.00533931,0.00669325,0.01177453,0.00711380,0.01261791,0.01475685,RELIABLE,RELIABLE,RELIABLE,RELIABLE,RELIABLE,RELIABLE,RELIABLE,RELIABLE,STATIONARY,STATIONARY,STATIONARY,MOVING,MOVING,STATIONARY,MOVING,MOVING,MOVING
122209,3646,6,SITTING_STILL,0.11090913,0.00053090,0.00478685,0.00473743,0.00563093,0.00568678,0.00714342,0.01211691,0.00721297,0.01328902,0.01494533,RELIABLE,RELIABLE,RELIABLE,RELIABLE,RELIABLE,RELIABLE,RELIABLE,RELIABLE,STATIONARY,STATIONARY,STATIONARY,MOVING,MOVING,STATIONARY,MOVING,MOVING,MOVING
122241,3647,6,SITTING_STILL,0.11082425,0.00081194,0.00732640,0.00484548,0.00529317,0.00553340,0.00730323,0.01193535,0.00779205,0.01308730,0.01500666,RELIABLE,RELIABLE,RELIABLE,RELIABLE,RELIABLE,RELIABLE,RELIABLE,RELIABLE,STATIONARY,STATIONARY,STATIONARY,MOVING,MOVING,STATIONARY,MOVING,MOVING,MOVING
122272,3648,6,SITTING_STILL,0.11090195,0.00014982,0.00135096,0.00460963,0.00494406,0.00573445,0.00749470,0.01185209,0.00827214,0.01384858,0.01533335,RELIABLE,RELIABLE,RELIABLE,RELIABLE,RELIABLE,RELIABLE,RELIABLE,RELIABLE,STATIONARY,STATIONARY,STATIONARY,MOVING,MOVING,STATIONARY,MOVING,MOVING,MOVING
122318,3649,6,SITTING_STILL,0.11053123,0.00074389,0.00673015,0.00450971,0.00499184,0.00589561,0.00735241,0.01217913,0.00899785,0.01482647,0.01452149,RELIABLE,RELIABLE,RELIABLE,RELIABLE,RELIABLE,RELIABLE,RELIABLE,RELIABLE,STATIONARY,STATIONARY,STATIONARY,MOVING,MOVING,STATIONARY,MOVING,MOVING,MOVING
122351,3650,6,SITTING_STILL,0.11034644,0.00037195,0.00337071,0.00450448,0.00505344,0.00573938,0.00671873,0.00896920,0.00884285,0.01411006,0.01381049,RELIABLE,RELIABLE,RELIABLE,RELIABLE,RELIABLE,RELIABLE,RELIABLE,RELIABLE,STATIONARY,STATIONARY,STATIONARY,MOVING,MOVING,STATIONARY,MOVING,MOVING,MOVING
122383,3651,6,SITTING_STILL,0.11049214,0.00030205,0.00273368,0.00416336,0.00453815,0.00488929,0.00753623,0.00931916,0.00829423,0.01544068,0.01374518,RELIABLE,RELIABLE,RELIABLE,RELIABLE,RELIABLE,RELIABLE,RELIABLE,RELIABLE,STATIONARY,STATIONARY,STATIONARY,MOVING,MOVING,STATIONARY,MOVING,MOVING,MOVING
122414,3652,6,SITTING_STILL,0.11039565,0.00029573,0.00267881,0.00415750,0.00424665,0.00450029,0.00840607,0.00946852,0.00874457,0.01633254,0.01535295,RELIABLE,RELIABLE,RELIABLE,RELIABLE,RELIABLE,RELIABLE,RELIABLE,RELIABLE,STATIONARY,STATIONARY,STATIONARY,MOVING,MOVING,STATIONARY,MOVING,MOVING,MOVING
122444,3653,6,SITTING_STILL,0.11064615,0.00057650,0.00521032,0.00427348,0.00421042,0.00432801,0.00802113,0.00852886,0.00868058,0.01735998,0.01589175,RELIABLE,RELIABLE,RELIABLE,RELIABLE,RELIABLE,RELIABLE,RELIABLE,RELIABLE,STATIONARY,STATIONARY,STATIONARY,MOVING,MOVING,STATIONARY,MOVING,MOVING,MOVING
122478,3654,6,SITTING_STILL,0.11087174,0.00107728,0.00971645,0.00488969,0.00532170,0.00469787,0.00791186,0.00880893,0.00855721,0.01799761,0.01574632,RELIABLE,RELIABLE,RELIABLE,RELIABLE,RELIABLE,RELIABLE,RELIABLE,RELIABLE,STATIONARY,STATIONARY,STATIONARY,MOVING,MOVING,STATIONARY,MOVING,MOVING,MOVING
122508,3655,6,SITTING_STILL,0.11098498,0.00053864,0.00485327,0.00458054,0.00527351,0.00484030,0.00739644,0.00810807,0.00743463,0.01709506,0.01404084,RELIABLE,RELIABLE,RELIABLE,RELIABLE,RELIABLE,RELIABLE,RELIABLE,RELIABLE,STATIONARY,STATIONARY,STATIONARY,MOVING,MOVING,STATIONARY,MOVING,MOVING,MOVING
122540,3656,6,SITTING_STILL,0.11077370,0.00098154,0.00886073,0.00551927,0.00549058,0.00502245,0.00753606,0.00862739,0.00791549,0.01739758,0.01578725,RELIABLE,RELIABLE,RELIABLE,RELIABLE,RELIABLE,RELIABLE,RELIABLE,RELIABLE,STATIONARY,STATIONARY,STATIONARY,MOVING,MOVING,STATIONARY,MOVING,MOVING,MOVING
122572,3657,6,SITTING_STILL,0.11118747,0.00098608,0.00886859,0.00578657,0.00561720,0.00550569,0.00779525,0.00982978,0.00818005,0.01694745,0.01642658,RELIABLE,RELIABLE,RELIABLE,RELIABLE,RELIABLE,RELIABLE,RELIABLE,RELIABLE,STATIONARY,STATIONARY,STATIONARY,MOVING,MOVING,STATIONARY,MOVING,MOVING,MOVING
122607,3658,6,SITTING_STILL,0.11077847,0.00073872,0.00666843,0.00619878,0.00605910,0.00567983,0.00803381,0.01095832,0.00871259,0.01856044,0.01888770,RELIABLE,RELIABLE,RELIABLE,RELIABLE,RELIABLE,RELIABLE,RELIABLE,RELIABLE,STATIONARY,STATIONARY,STATIONARY,MOVING,MOVING,STATIONARY,MOVING,MOVING,MOVING
122636,3659,6,SITTING_STILL,0.11057527,0.00036936,0.00334034,0.00627462,0.00616950,0.00558342,0.00695557,0.01006216,0.00840146,0.01702292,0.01838487,RELIABLE,RELIABLE,RELIABLE,RELIABLE,RELIABLE,RELIABLE,RELIABLE,RELIABLE,STATIONARY,STATIONARY,STATIONARY,MOVING,MOVING,STATIONARY,MOVING,MOVING,MOVING
122667,3660,6,SITTING_STILL,0.11067790,0.00039236,0.00354502,0.00638289,0.00680278,0.00583724,0.00677902,0.01024608,0.00884558,0.01830332,0.01818256,RELIABLE,RELIABLE,RELIABLE,RELIABLE,RELIABLE,RELIABLE,RELIABLE,RELIABLE,STATIONARY,STATIONARY,STATIONARY,MOVING,MOVING,STATIONARY,MOVING,MOVING,MOVING
122699,3661,6,SITTING_STILL,0.11059981,0.00030192,0.00272982,0.00607283,0.00653260,0.00569451,0.00670588,0.01158733,0.00809369,0.01509428,0.01763031,RELIABLE,RELIABLE,RELIABLE,RELIABLE,RELIABLE,RELIABLE,RELIABLE,RELIABLE,STATIONARY,STATIONARY,STATIONARY,MOVING,MOVING,STATIONARY,MOVING,MOVING,MOVING
122733,3662,6,SITTING_STILL,0.11079991,0.00026008,0.00234731,0.00515169,0.00528631,0.00484668,0.00615826,0.01076439,0.00833985,0.01482683,0.01826328,RELIABLE,RELIABLE,RELIABLE,RELIABLE,RELIABLE,RELIABLE,RELIABLE,RELIABLE,STATIONARY,STATIONARY,STATIONARY,MOVING,MOVING,STATIONARY,MOVING,MOVING,MOVING
122765,3663,6,SITTING_STILL,0.11137712,0.00040485,0.00363491,0.00499939,0.00509348,0.00468373,0.00765690,0.01112961,0.00936232,0.01524880,0.01972653,RELIABLE,RELIABLE,RELIABLE,RELIABLE,RELIABLE,RELIABLE,RELIABLE,RELIABLE,STATIONARY,STATIONARY,STATIONARY,MOVING,MOVING,STATIONARY,MOVING,MOVING,MOVING
122814,3664,6,SITTING_STILL,0.11112334,0.00092366,0.00831202,0.00493080,0.00656577,0.00572193,0.00721619,0.01070265,0.00854072,0.01555156,0.01736212,RELIABLE,RELIABLE,RELIABLE,RELIABLE,RELIABLE,RELIABLE,RELIABLE,RELIABLE,STATIONARY,STATIONARY,STATIONARY,MOVING,MOVING,STATIONARY,MOVING,MOVING,MOVING
122841,3665,6,SITTING_STILL,0.11099677,0.00046183,0.00416075,0.00434232,0.00631676,0.00515230,0.00623256,0.00847397,0.00750755,0.01504546,0.01553306,RELIABLE,RELIABLE,RELIABLE,RELIABLE,RELIABLE,RELIABLE,RELIABLE,RELIABLE,STATIONARY,STATIONARY,STATIONARY,MOVING,MOVING,STATIONARY,MOVING,MOVING,MOVING
122872,3666,6,SITTING_STILL,0.11068843,0.00108715,0.00982173,0.00473649,0.00657209,0.00574406,0.00703691,0.00793164,0.00740326,0.01382166,0.01392740,RELIABLE,RELIABLE,RELIABLE,RELIABLE,RELIABLE,RELIABLE,RELIABLE,RELIABLE,STATIONARY,STATIONARY,STATIONARY,MOVING,MOVING,STATIONARY,MOVING,MOVING,MOVING
122904,3667,6,SITTING_STILL,0.11083211,0.00039755,0.00358694,0.00476731,0.00657921,0.00592262,0.00723947,0.00803033,0.00789424,0.01365027,0.01392131,RELIABLE,RELIABLE,RELIABLE,RELIABLE,RELIABLE,RELIABLE,RELIABLE,RELIABLE,STATIONARY,STATIONARY,STATIONARY,MOVING,MOVING,STATIONARY,MOVING,MOVING,MOVING
122942,3668,6,SITTING_STILL,0.11065836,0.00042816,0.00386923,0.00480784,0.00663874,0.00570747,0.00813994,0.00897765,0.00740197,0.01283118,0.01407521,RELIABLE,RELIABLE,RELIABLE,RELIABLE,RELIABLE,RELIABLE,RELIABLE,RELIABLE,STATIONARY,STATIONARY,STATIONARY,MOVING,MOVING,STATIONARY,MOVING,MOVING,MOVING
122982,3669,6,SITTING_STILL,0.11057219,0.00021408,0.00193612,0.00470863,0.00682434,0.00567338,0.00832087,0.00831326,0.00696124,0.01281480,0.01321366,RELIABLE,RELIABLE,RELIABLE,RELIABLE,RELIABLE,RELIABLE,RELIABLE,RELIABLE,STATIONARY,STATIONARY,STATIONARY,MOVING,MOVING,STATIONARY,MOVING,MOVING,MOVING
123013,3670,6,SITTING_STILL,0.11075615,0.00103064,0.00930549,0.00557840,0.00830695,0.00675144,0.00895903,0.01002920,0.00697929,0.01326393,0.01405324,RELIABLE,RELIABLE,RELIABLE,RELIABLE,RELIABLE,RELIABLE,RELIABLE,RELIABLE,STATIONARY,STATIONARY,STATIONARY,MOVING,MOVING,STATIONARY,MOVING,MOVING,MOVING
123044,3671,6,SITTING_STILL,0.11062520,0.00052278,0.00472569,0.00571475,0.00853136,0.00694696,0.00764077,0.01005321,0.00707149,0.01377794,0.01385262,RELIABLE,RELIABLE,RELIABLE,RELIABLE,RELIABLE,RELIABLE,RELIABLE,RELIABLE,STATIONARY,STATIONARY,STATIONARY,MOVING,MOVING,STATIONARY,MOVING,MOVING,MOVING
123076,3672,6,SITTING_STILL,0.11060842,0.00041523,0.00375401,0.00514500,0.00703467,0.00555630,0.00890752,0.00997411,0.00702444,0.01345798,0.01323110,RELIABLE,RELIABLE,RELIABLE,RELIABLE,RELIABLE,RELIABLE,RELIABLE,RELIABLE,STATIONARY,STATIONARY,STATIONARY,MOVING,MOVING,STATIONARY,MOVING,MOVING,MOVING
123108,3673,6,SITTING_STILL,0.11064017,0.00047471,0.00429056,0.00516122,0.00632866,0.00530032,0.00997900,0.01035358,0.00801464,0.01448670,0.01439945,RELIABLE,RELIABLE,RELIABLE,RELIABLE,RELIABLE,RELIABLE,RELIABLE,RELIABLE,STATIONARY,STATIONARY,STATIONARY,MOVING,MOVING,STATIONARY,MOVING,MOVING,MOVING
123150,3674,6,SITTING_STILL,0.11072220,0.00101504,0.00916745,0.00507944,0.00637959,0.00552592,0.00958297,0.00982877,0.00747317,0.01514253,0.01462944,RELIABLE,RELIABLE,RELIABLE,RELIABLE,RELIABLE,RELIABLE,RELIABLE,RELIABLE,STATIONARY,STATIONARY,STATIONARY,MOVING,MOVING,STATIONARY,MOVING,MOVING,MOVING
123186,3675,6,SITTING_STILL,0.11076434,0.00050752,0.00458198,0.00520382,0.00652446,0.00575516,0.00958373,0.00919467,0.00665825,0.01502704,0.01394432,RELIABLE,RELIABLE,RELIABLE,RELIABLE,RELIABLE,RELIABLE,RELIABLE,RELIABLE,STATIONARY,STATIONARY,STATIONARY,MOVING,MOVING,STATIONARY,MOVING,MOVING,MOVING
123218,3676,6,SITTING_STILL,0.11107575,0.00103077,0.00927987,0.00588015,0.00718350,0.00722745,0.00847339,0.00807630,0.00680832,0.01469940,0.01279782,RELIABLE,RELIABLE,RELIABLE,RELIABLE,RELIABLE,RELIABLE,RELIABLE,RELIABLE,STATIONARY,STATIONARY,STATIONARY,MOVING,MOVING,STATIONARY,MOVING,MOVING,MOVING
123249,3677,6,SITTING_STILL,0.11019705,0.00046115,0.00418482,0.00616123,0.00727999,0.00754725,0.00881002,0.00876840,0.00724466,0.01462192,0.01274166,RELIABLE,RELIABLE,RELIABLE,RELIABLE,RELIABLE,RELIABLE,RELIABLE,RELIABLE,STATIONARY,STATIONARY,STATIONARY,MOVING,MOVING,STATIONARY,MOVING,MOVING,MOVING
123281,3678,6,SITTING_STILL,0.11021214,0.00043423,0.00393999,0.00549055,0.00628219,0.00682238,0.00859769,0.00738903,0.00745237,0.01464642,0.01104216,RELIABLE,RELIABLE,RELIABLE,RELIABLE,RELIABLE,RELIABLE,RELIABLE,RELIABLE,STATIONARY,STATIONARY,STATIONARY,MOVING,MOVING,STATIONARY,MOVING,MOVING,MOVING
123312,3679,6,SITTING_STILL,0.11030577,0.00019842,0.00179878,0.00512468,0.00557229,0.00637275,0.00907141,0.00793750,0.00675318,0.01373362,0.01085545,RELIABLE,RELIABLE,RELIABLE,RELIABLE,RELIABLE,RELIABLE,RELIABLE,RELIABLE,STATIONARY,STATIONARY,STATIONARY,MOVING,MOVING,STATIONARY,MOVING,MOVING,MOVING
123344,3680,6,SITTING_STILL,0.11035597,0.00009921,0.00089898,0.00476780,0.00519534,0.00612727,0.00806220,0.00803307,0.00659571,0.01214397,0.01148117,RELIABLE,RELIABLE,RELIABLE,RELIABLE,RELIABLE,RELIABLE,RELIABLE,RELIABLE,STATIONARY,STATIONARY,STATIONARY,MOVING,MOVING,STATIONARY,MOVING,MOVING,MOVING
123375,3681,6,SITTING_STILL,0.11086610,0.00050823,0.00458420,0.00480451,0.00595323,0.00644009,0.00866448,0.00826526,0.00614604,0.01123490,0.01159835,RELIABLE,RELIABLE,RELIABLE,RELIABLE,RELIABLE,RELIABLE,RELIABLE,RELIABLE,STATIONARY,STATIONARY,STATIONARY,MOVING,MOVING,STATIONARY,MOVING,MOVING,MOVING
123406,3682,6,SITTING_STILL,0.11110330,0.00057503,0.00517566,0.00430554,0.00523498,0.00550442,0.00847998,0.00941809,0.00667147,0.01076031,0.01217863,RELIABLE,RELIABLE,RELIABLE,RELIABLE,RELIABLE,RELIABLE,RELIABLE,RELIABLE,STATIONARY,STATIONARY,STATIONARY,MOVING,MOVING,STATIONARY,MOVING,MOVING,MOVING
123437,3683,6,SITTING_STILL,0.11046672,0.00041348,0.00374302,0.00420067,0.00495283,0.00530177,0.00924231,0.01058649,0.00715021,0.01035796,0.01235848,RELIABLE,RELIABLE,RELIABLE,RELIABLE,RELIABLE,RELIABLE,RELIABLE,RELIABLE,STATIONARY,STATIONARY,STATIONARY,MOVING,MOVING,STATIONARY,MOVING,MOVING,MOVING
123467,3684,6,SITTING_STILL,0.11014864,0.00020674,0.00187692,0.00327530,0.00362638,0.00381120,0.00911385,0.01047142,0.00624791,0.00888694,0.01140978,RELIABLE,RELIABLE,RELIABLE,RELIABLE,RELIABLE,RELIABLE,RELIABLE,RELIABLE,STATIONARY,STATIONARY,STATIONARY,MOVING,MOVING,STATIONARY,MOVING,MOVING,MOVING
123518,3685,6,SITTING_STILL,0.11058128,0.00059778,0.00540583,0.00342792,0.00418035,0.00409976,0.00945277,0.01012144,0.00616705,0.00916120,0.01163686,RELIABLE,RELIABLE,RELIABLE,RELIABLE,RELIABLE,RELIABLE,RELIABLE,RELIABLE,STATIONARY,STATIONARY,STATIONARY,MOVING,MOVING,STATIONARY,MOVING,MOVING,MOVING
123546,3686,6,SITTING_STILL,0.11079973,0.00029889,0.00269759,0.00327262,0.00390834,0.00370930,0.00912448,0.00981949,0.00538086,0.00749698,0.01101882,RELIABLE,RELIABLE,RELIABLE,RELIABLE,RELIABLE,RELIABLE,RELIABLE,RELIABLE,STATIONARY,STATIONARY,STATIONARY,MOVING,MOVING,STATIONARY,MOVING,MOVING,MOVING
123577,3687,6,SITTING_STILL,0.11109748,0.00105389,0.00948617,0.00423355,0.00565821,0.00477939,0.00961234,0.00992983,0.00586118,0.00900010,0.01113217,RELIABLE,RELIABLE,RELIABLE,RELIABLE,RELIABLE,RELIABLE,RELIABLE,RELIABLE,STATIONARY,STATIONARY,STATIONARY,MOVING,MOVING,STATIONARY,MOVING,MOVING,MOVING
123609,3688,6,SITTING_STILL,0.11028713,0.00054389,0.00493161,0.00473762,0.00709192,0.00569320,0.01055430,0.01048840,0.00725733,0.01180177,0.01232557,RELIABLE,RELIABLE,RELIABLE,RELIABLE,RELIABLE,RELIABLE,RELIABLE,RELIABLE,STATIONARY,STATIONARY,STATIONARY,MOVING,MOVING,STATIONARY,MOVING,MOVING,MOVING
123646,3689,6,SITTING_STILL,0.11093881,0.00089468,0.00806465,0.00517268,0.00735127,0.00575705,0.00984733,0.01048783,0.00690824,0.01223463,0.01219629,RELIABLE,RELIABLE,RELIABLE,RELIABLE,RELIABLE,RELIABLE,RELIABLE,RELIABLE,STATIONARY,STATIONARY,STATIONARY,MOVING,MOVING,STATIONARY,MOVING,MOVING,MOVING
123687,3690,6,SITTING_STILL,0.11126721,0.00044734,0.00402043,0.00502828,0.00741297,0.00571608,0.00950364,0.00906329,0.00620581,0.01145790,0.01051003,RELIABLE,RELIABLE,RELIABLE,RELIABLE,RELIABLE,RELIABLE,RELIABLE,RELIABLE,STATIONARY,STATIONARY,STATIONARY,MOVING,MOVING,STATIONARY,MOVING,MOVING,MOVING
123717,3691,6,SITTING_STILL,0.11118283,0.00074460,0.00669708,0.00539753,0.00806800,0.00575115,0.00946138,0.00877455,0.00721176,0.01274474,0.01081101,RELIABLE,RELIABLE,RELIABLE,RELIABLE,RELIABLE,RELIABLE,RELIABLE,RELIABLE,STATIONARY,STATIONARY,STATIONARY,MOVING,MOVING,STATIONARY,MOVING,MOVING,MOVING
123749,3692,6,SITTING_STILL,0.11046392,0.00059813,0.00541475,0.00583976,0.00846105,0.00597399,0.01019488,0.00907631,0.00795770,0.01417299,0.01244222,RELIABLE,RELIABLE,RELIABLE,RELIABLE,RELIABLE,RELIABLE,RELIABLE,RELIABLE,STATIONARY,STATIONARY,STATIONARY,MOVING,MOVING,STATIONARY,MOVING,MOVING,MOVING
123780,3693,6,SITTING_STILL,0.11041813,0.00039364,0.00356502,0.00560966,0.00804323,0.00535128,0.00957014,0.00842030,0.00823073,0.01374733,0.01260467,RELIABLE,RELIABLE,RELIABLE,RELIABLE,RELIABLE,RELIABLE,RELIABLE,RELIABLE,STATIONARY,STATIONARY,STATIONARY,MOVING,MOVING,STATIONARY,MOVING,MOVING,MOVING
123812,3694,6,SITTING_STILL,0.11039138,0.00076108,0.00689438,0.00613426,0.00940438,0.00634819,0.01000811,0.00904618,0.00844753,0.01555544,0.01336424,RELIABLE,RELIABLE,RELIABLE,RELIABLE,RELIABLE,RELIABLE,RELIABLE,RELIABLE,STATIONARY,STATIONARY,STATIONARY,MOVING,MOVING,STATIONARY,MOVING,MOVING,MOVING
123843,3695,6,SITTING_STILL,0.11037810,0.00038054,0.00344760,0.00537944,0.00849757,0.00575180,0.00886083,0.00791775,0.00750341,0.01420538,0.01213317,RELIABLE,RELIABLE,RELIABLE,RELIABLE,RELIABLE,RELIABLE,RELIABLE,RELIABLE,STATIONARY,STATIONARY,STATIONARY,MOVING,MOVING,STATIONARY,MOVING,MOVING,MOVING
123875,3696,6,SITTING_STILL,0.11036452,0.00058131,0.00526721,0.00542139,0.00824028,0.00592827,0.00862407,0.00737094,0.00628410,0.01396359,0.01128253,RELIABLE,RELIABLE,RELIABLE,RELIABLE,RELIABLE,RELIABLE,RELIABLE,RELIABLE,STATIONARY,STATIONARY,STATIONARY,MOVING,MOVING,STATIONARY,MOVING,MOVING,MOVING
123908,3697,6,SITTING_STILL,0.11003922,0.00066497,0.00604306,0.00516869,0.00775938,0.00555941,0.00885557,0.00855246,0.00655591,0.01437536,0.01129515,RELIABLE,RELIABLE,RELIABLE,RELIABLE,RELIABLE,RELIABLE,RELIABLE,RELIABLE,STATIONARY,STATIONARY,STATIONARY,MOVING,MOVING,STATIONARY,MOVING,MOVING,MOVING
123940,3698,6,SITTING_STILL,0.11071948,0.00068284,0.00616725,0.00543704,0.00850303,0.00544072,0.00870921,0.00988381,0.00760050,0.01542272,0.01288039,RELIABLE,RELIABLE,RELIABLE,RELIABLE,RELIABLE,RELIABLE,RELIABLE,RELIABLE,STATIONARY,STATIONARY,STATIONARY,MOVING,MOVING,STATIONARY,MOVING,MOVING,MOVING
123972,3699,6,SITTING_STILL,0.11035242,0.00015351,0.00139105,0.00477379,0.00763088,0.00526089,0.00922098,0.00969910,0.00690999,0.01616261,0.01263019,RELIABLE,RELIABLE,RELIABLE,RELIABLE,RELIABLE,RELIABLE,RELIABLE,RELIABLE,STATIONARY,STATIONARY,STATIONARY,MOVING,MOVING,STATIONARY,MOVING,MOVING,MOVING
124014,3700,6,SITTING_STILL,0.11044092,0.00069205,0.00626627,0.00488023,0.00802094,0.00515023,0.00857341,0.01022832,0.00623329,0.01567658,0.01173458,RELIABLE,RELIABLE,RELIABLE,RELIABLE,RELIABLE,RELIABLE,RELIABLE,RELIABLE,STATIONARY,STATIONARY,STATIONARY,MOVING,MOVING,STATIONARY,MOVING,MOVING,MOVING
124051,3701,6,SITTING_STILL,0.11048516,0.00034603,0.00313188,0.00482609,0.00784563,0.00521134,0.00794529,0.01033986,0.00526276,0.01547613,0.01072012,RELIABLE,RELIABLE,RELIABLE,RELIABLE,RELIABLE,RELIABLE,RELIABLE,RELIABLE,STATIONARY,STATIONARY,STATIONARY,MOVING,MOVING,STATIONARY,MOVING,MOVING,MOVING
124081,3702,6,SITTING_STILL,0.11031094,0.00065337,0.00592295,0.00470466,0.00666412,0.00439116,0.00906546,0.00963971,0.00598387,0.01543465,0.01041841,RELIABLE,RELIABLE,RELIABLE,RELIABLE,RELIABLE,RELIABLE,RELIABLE,RELIABLE,STATIONARY,STATIONARY,STATIONARY,MOVING,MOVING,STATIONARY,MOVING,MOVING,MOVING
124112,3703,6,SITTING_STILL,0.11020738,0.00058809,0.00533620,0.00494073,0.00712659,0.00437090,0.00976425,0.01028686,0.00700878,0.01549994,0.01123790,RELIABLE,RELIABLE,RELIABLE,RELIABLE,RELIABLE,RELIABLE,RELIABLE,RELIABLE,STATIONARY,STATIONARY,STATIONARY,MOVING,MOVING,STATIONARY,MOVING,MOVING,MOVING
124144,3704,6,SITTING_STILL,0.11052704,0.00046394,0.00419754,0.00480702,0.00685564,0.00402098,0.01002938,0.01102454,0.00795908,0.01429283,0.01139250,RELIABLE,RELIABLE,RELIABLE,RELIABLE,RELIABLE,RELIABLE,RELIABLE,RELIABLE,STATIONARY,STATIONARY,STATIONARY,MOVING,MOVING,STATIONARY,MOVING,MOVING,MOVING
124175,3705,6,SITTING_STILL,0.11068711,0.00023197,0.00209573,0.00431361,0.00653942,0.00381968,0.00944364,0.00961328,0.00795569,0.01304738,0.01047284,RELIABLE,RELIABLE,RELIABLE,RELIABLE,RELIABLE,RELIABLE,RELIABLE,RELIABLE,STATIONARY,STATIONARY,STATIONARY,MOVING,MOVING,STATIONARY,MOVING,MOVING,MOVING
124207,3706,6,SITTING_STILL,0.11044840,0.00044603,0.00403838,0.00404750,0.00549040,0.00415486,0.01044627,0.01033492,0.00825846,0.01274791,0.00985373,RELIABLE,RELIABLE,RELIABLE,RELIABLE,RELIABLE,RELIABLE,RELIABLE,RELIABLE,STATIONARY,STATIONARY,STATIONARY,MOVING,MOVING,STATIONARY,MOVING,MOVING,MOVING
124238,3707,6,SITTING_STILL,0.11050716,0.00032440,0.00293555,0.00424056,0.00621263,0.00429628,0.00990548,0.01027195,0.00803315,0.01126840,0.01086557,RELIABLE,RELIABLE,RELIABLE,RELIABLE,RELIABLE,RELIABLE,RELIABLE,RELIABLE,STATIONARY,STATIONARY,STATIONARY,MOVING,MOVING,STATIONARY,MOVING,MOVING,MOVING
124270,3708,6,SITTING_STILL,0.11123247,0.00094608,0.00850540,0.00452045,0.00641967,0.00526315,0.01036774,0.01029665,0.00847849,0.01180273,0.01091217,RELIABLE,RELIABLE,RELIABLE,RELIABLE,RELIABLE,RELIABLE,RELIABLE,RELIABLE,STATIONARY,STATIONARY,STATIONARY,MOVING,MOVING,STATIONARY,MOVING,MOVING,MOVING
124301,3709,6,SITTING_STILL,0.11059039,0.00063342,0.00572759,0.00484492,0.00672349,0.00574922,0.01121830,0.01060953,0.00897085,0.01231878,0.01205021,RELIABLE,RELIABLE,RELIABLE,RELIABLE,RELIABLE,RELIABLE,RELIABLE,RELIABLE,STATIONARY,STATIONARY,STATIONARY,MOVING,MOVING,STATIONARY,MOVING,MOVING,MOVING
124350,3710,6,SITTING_STILL,0.11046794,0.00019705,0.00178376,0.00432752,0.00628922,0.00558499,0.00985285,0.01057875,0.00837598,0.01240920,0.01245076,RELIABLE,RELIABLE,RELIABLE,RELIABLE,RELIABLE,RELIABLE,RELIABLE,RELIABLE,STATIONARY,STATIONARY,STATIONARY,MOVING,MOVING,STATIONARY,MOVING,MOVING,MOVING
124377,3711,6,SITTING_STILL,0.11040673,0.00009852,0.00089237,0.00377204,0.00501881,0.00511308,0.00903163,0.00956621,0.00741438,0.01236893,0.01168104,RELIABLE,RELIABLE,RELIABLE,RELIABLE,RELIABLE,RELIABLE,RELIABLE,RELIABLE,STATIONARY,STATIONARY,STATIONARY,MOVING,MOVING,STATIONARY,MOVING,MOVING,MOVING
124409,3712,6,SITTING_STILL,0.11058994,0.00058260,0.00526812,0.00390586,0.00475628,0.00486053,0.00855173,0.00917113,0.00663991,0.01232996,0.01137086,RELIABLE,RELIABLE,RELIABLE,RELIABLE,RELIABLE,RELIABLE,RELIABLE,RELIABLE,STATIONARY,STATIONARY,STATIONARY,MOVING,MOVING,STATIONARY,MOVING,MOVING,MOVING
124441,3713,6,SITTING_STILL,0.11019919,0.00059962,0.00544127,0.00432406,0.00502312,0.00508205,0.00946190,0.00902989,0.00664680,0.01399085,0.01305012,RELIABLE,RELIABLE,RELIABLE,RELIABLE,RELIABLE,RELIABLE,RELIABLE,RELIABLE,STATIONARY,STATIONARY,STATIONARY,MOVING,MOVING,STATIONARY,MOVING,MOVING,MOVING
124478,3714,6,SITTING_STILL,0.11031779,0.00036088,0.00327124,0.00422816,0.00515257,0.00448667,0.00886385,0.00811776,0.00580847,0.01463507,0.01370911,RELIABLE,RELIABLE,RELIABLE,RELIABLE,RELIABLE,RELIABLE,RELIABLE,RELIABLE,STATIONARY,STATIONARY,STATIONARY,MOVING,MOVING,STATIONARY,MOVING,MOVING,MOVING
124520,3715,6,SITTING_STILL,0.11037770,0.00018044,0.00163473,0.00406556,0.00451352,0.00401514,0.00803779,0.00792006,0.00540549,0.01456036,0.01272591,RELIABLE,RELIABLE,RELIABLE,RELIABLE,RELIABLE,RELIABLE,RELIABLE,RELIABLE,STATIONARY,STATIONARY,STATIONARY,MOVING,MOVING,STATIONARY,MOVING,MOVING,MOVING
124550,3716,6,SITTING_STILL,0.11030291,0.00035678,0.00323459,0.00340671,0.00401157,0.00294480,0.00734994,0.00731331,0.00510416,0.01429986,0.01308056,RELIABLE,RELIABLE,RELIABLE,RELIABLE,RELIABLE,RELIABLE,RELIABLE,RELIABLE,STATIONARY,STATIONARY,STATIONARY,MOVING,MOVING,STATIONARY,MOVING,MOVING,MOVING
124582,3717,6,SITTING_STILL,0.11118625,0.00049730,0.00447265,0.00324984,0.00407731,0.00328840,0.00671856,0.00728111,0.00568318,0.01506593,0.01285424,RELIABLE,RELIABLE,RELIABLE,RELIABLE,RELIABLE,RELIABLE,RELIABLE,RELIABLE,STATIONARY,STATIONARY,STATIONARY,MOVING,MOVING,STATIONARY,MOVING,MOVING,MOVING
124613,3718,6,SITTING_STILL,0.11149755,0.00026572,0.00238318,0.00332477,0.00447777,0.00362782,0.00678329,0.00747672,0.00573605,0.01455000,0.01273791,RELIABLE,RELIABLE,RELIABLE,RELIABLE,RELIABLE,RELIABLE,RELIABLE,RELIABLE,STATIONARY,STATIONARY,STATIONARY,MOVING,MOVING,STATIONARY,MOVING,MOVING,MOVING
124645,3719,6,SITTING_STILL,0.11077852,0.00026636,0.00240445,0.00351378,0.00472356,0.00375153,0.00717469,0.00803598,0.00615430,0.01605399,0.01317691,RELIABLE,RELIABLE,RELIABLE,RELIABLE,RELIABLE,RELIABLE,RELIABLE,RELIABLE,STATIONARY,STATIONARY,STATIONARY,MOVING,MOVING,STATIONARY,MOVING,MOVING,MOVING
124676,3720,6,SITTING_STILL,0.11041926,0.00013318,0.00120614,0.00300603,0.00422174,0.00331689,0.00649078,0.00727126,0.00581203,0.01558595,0.01267771,RELIABLE,RELIABLE,RELIABLE,RELIABLE,RELIABLE,RELIABLE,RELIABLE,RELIABLE,STATIONARY,STATIONARY,STATIONARY,MOVING,MOVING,STATIONARY,MOVING,MOVING,MOVING
124717,3721,6,SITTING_STILL,0.11082755,0.00041890,0.00377977,0.00279835,0.00410342,0.00307743,0.00596557,0.00767332,0.00576063,0.01449385,0.01114504,RELIABLE,RELIABLE,RELIABLE,RELIABLE,RELIABLE,RELIABLE,RELIABLE,RELIABLE,STATIONARY,STATIONARY,STATIONARY,MOVING,MOVING,STATIONARY,MOVING,MOVING,MOVING
124755,3722,6,SITTING_STILL,0.11103193,0.00020945,0.00188641,0.00262524,0.00395634,0.00316337,0.00572334,0.00654855,0.00536362,0.01297053,0.00914130,RELIABLE,RELIABLE,RELIABLE,RELIABLE,RELIABLE,RELIABLE,RELIABLE,RELIABLE,STATIONARY,STATIONARY,STATIONARY,MOVING,MOVING,STATIONARY,MOVING,MOVING,MOVING
124786,3723,6,SITTING_STILL,0.11103613,0.00101263,0.00911986,0.00356088,0.00539759,0.00411044,0.00671918,0.00760206,0.00673191,0.01345804,0.00953791,RELIABLE,RELIABLE,RELIABLE,RELIABLE,RELIABLE,RELIABLE,RELIABLE,RELIABLE,STATIONARY,STATIONARY,STATIONARY,MOVING,MOVING,STATIONARY,MOVING,MOVING,MOVING
124817,3724,6,SITTING_STILL,0.11116103,0.00061119,0.00549821,0.00384383,0.00564602,0.00466028,0.00761979,0.00774480,0.00672394,0.01440893,0.00855419,RELIABLE,RELIABLE,RELIABLE,RELIABLE,RELIABLE,RELIABLE,RELIABLE,RELIABLE,STATIONARY,STATIONARY,STATIONARY,MOVING,MOVING,STATIONARY,MOVING,MOVING,MOVING
124848,3725,6,SITTING_STILL,0.11083524,0.00091093,0.00821875,0.00431210,0.00601450,0.00483815,0.00850054,0.00827530,0.00622757,0.01461132,0.00840987,RELIABLE,RELIABLE,RELIABLE,RELIABLE,RELIABLE,RELIABLE,RELIABLE,RELIABLE,STATIONARY,STATIONARY,STATIONARY,MOVING,MOVING,STATIONARY,MOVING,MOVING,MOVING
124880,3726,6,SITTING_STILL,0.11067248,0.00045546,0.00411542,0.00452863,0.00594310,0.00471082,0.00816934,0.00832062,0.00577187,0.01370220,0.00762803,RELIABLE,RELIABLE,RELIABLE,RELIABLE,RELIABLE,RELIABLE,RELIABLE,RELIABLE,STATIONARY,STATIONARY,STATIONARY,MOVING,MOVING,STATIONARY,MOVING,MOVING,MOVING
124912,3727,6,SITTING_STILL,0.11035635,0.00075172,0.00681177,0.00507954,0.00705487,0.00536017,0.00862127,0.00924410,0.00552473,0.01275429,0.00776599,RELIABLE,RELIABLE,RELIABLE,RELIABLE,RELIABLE,RELIABLE,RELIABLE,RELIABLE,STATIONARY,STATIONARY,STATIONARY,MOVING,MOVING,STATIONARY,MOVING,MOVING,MOVING
124943,3728,6,SITTING_STILL,0.11079878,0.00131844,0.01189944,0.00641620,0.00797896,0.00678032,0.00960027,0.01020017,0.00643329,0.01274145,0.00917533,RELIABLE,RELIABLE,RELIABLE,RELIABLE,RELIABLE,RELIABLE,RELIABLE,RELIABLE,STATIONARY,STATIONARY,STATIONARY,MOVING,MOVING,STATIONARY,MOVING,MOVING,MOVING
124974,3729,6,SITTING_STILL,0.11072148,0.00049125,0.00443684,0.00649834,0.00802808,0.00678629,0.00935547,0.01011619,0.00682317,0.01273261,0.01033088,RELIABLE,RELIABLE,RELIABLE,RELIABLE,RELIABLE,RELIABLE,RELIABLE,RELIABLE,STATIONARY,STATIONARY,STATIONARY,MOVING,MOVING,STATIONARY,MOVING,MOVING,MOVING
125005,3730,6,SITTING_STILL,0.11068420,0.00024563,0.00221917,0.00653993,0.00805333,0.00678972,0.00923432,0.01007534,0.00701895,0.01272983,0.01090979,RELIABLE,RELIABLE,RELIABLE,RELIABLE,RELIABLE,RELIABLE,RELIABLE,RELIABLE,STATIONARY,STATIONARY,STATIONARY,MOVING,MOVING,STATIONARY,MOVING,MOVING,MOVING
125037,3731,6,SITTING_STILL,0.11056147,0.00049657,0.00449132,0.00596136,0.00758795,0.00632660,0.00873571,0.00917122,0.00600075,0.01287733,0.01132532,RELIABLE,RELIABLE,RELIABLE,RELIABLE,RELIABLE,RELIABLE,RELIABLE,RELIABLE,STATIONARY,STATIONARY,STATIONARY,MOVING,MOVING,STATIONARY,MOVING,MOVING,MOVING
125068,3732,6,SITTING_STILL,0.11046330,0.00041483,0.00375533,0.00574351,0.00721492,0.00578151,0.00834391,0.00971723,0.00639274,0.01174750,0.01171399,RELIABLE,RELIABLE,RELIABLE,RELIABLE,RELIABLE,RELIABLE,RELIABLE,RELIABLE,STATIONARY,STATIONARY,STATIONARY,MOVING,MOVING,STATIONARY,MOVING,MOVING,MOVING
125100,3733,6,SITTING_STILL,0.11069321,0.00052496,0.00474251,0.00530898,0.00736602,0.00529493,0.00776065,0.00961908,0.00630469,0.01226968,0.01232789,RELIABLE,RELIABLE,RELIABLE,RELIABLE,RELIABLE,RELIABLE,RELIABLE,RELIABLE,STATIONARY,STATIONARY,STATIONARY,MOVING,MOVING,STATIONARY,MOVING,MOVING,MOVING
125134,3734,6,SITTING_STILL,0.11089312,0.00045924,0.00414133,0.00531221,0.00750239,0.00562504,0.00772319,0.00964263,0.00670806,0.01324879,0.01352111,RELIABLE,RELIABLE,RELIABLE,RELIABLE,RELIABLE,RELIABLE,RELIABLE,RELIABLE,STATIONARY,STATIONARY,STATIONARY,MOVING,MOVING,STATIONARY,MOVING,MOVING,MOVING
125182,3735,6,SITTING_STILL,0.11024802,0.00037052,0.00336079,0.00488084,0.00638339,0.00485651,0.00745627,0.00959963,0.00691545,0.01429026,0.01423360,RELIABLE,RELIABLE,RELIABLE,RELIABLE,RELIABLE,RELIABLE,RELIABLE,RELIABLE,STATIONARY,STATIONARY,STATIONARY,MOVING,MOVING,STATIONARY,MOVING,MOVING,MOVING
125211,3736,6,SITTING_STILL,0.10992615,0.00018526,0.00168531,0.00360408,0.00545561,0.00337654,0.00656989,0.00908496,0.00598683,0.01434956,0.01325052,RELIABLE,RELIABLE,RELIABLE,RELIABLE,RELIABLE,RELIABLE,RELIABLE,RELIABLE,STATIONARY,STATIONARY,STATIONARY,MOVING,MOVING,STATIONARY,MOVING,MOVING,MOVING
125242,3737,6,SITTING_STILL,0.11096698,0.00034216,0.00308347,0.00343490,0.00522104,0.00338560,0.00626484,0.00926778,0.00559472,0.01384248,0.01331481,RELIABLE,RELIABLE,RELIABLE,RELIABLE,RELIABLE,RELIABLE,RELIABLE,RELIABLE,STATIONARY,STATIONARY,STATIONARY,MOVING,MOVING,STATIONARY,MOVING,MOVING,MOVING
125274,3738,6,SITTING_STILL,0.11091972,0.00026320,0.00237285,0.00345411,0.00506581,0.00371346,0.00628826,0.00961068,0.00569106,0.01474104,0.01408721,RELIABLE,RELIABLE,RELIABLE,RELIABLE,RELIABLE,RELIABLE,RELIABLE,RELIABLE,STATIONARY,STATIONARY,STATIONARY,MOVING,MOVING,STATIONARY,MOVING,MOVING,MOVING
125306,3739,6,SITTING_STILL,0.11124902,0.00043306,0.00389271,0.00337929,0.00447283,0.00353258,0.00619471,0.00958643,0.00561046,0.01554645,0.01268009,RELIABLE,RELIABLE,RELIABLE,RELIABLE,RELIABLE,RELIABLE,RELIABLE,RELIABLE,STATIONARY,STATIONARY,STATIONARY,MOVING,MOVING,STATIONARY,MOVING,MOVING,MOVING
125342,3740,6,SITTING_STILL,0.11069557,0.00037477,0.00338563,0.00333308,0.00464889,0.00378664,0.00594786,0.00884860,0.00552790,0.01533464,0.01419921,RELIABLE,RELIABLE,RELIABLE,RELIABLE,RELIABLE,RELIABLE,RELIABLE,RELIABLE,STATIONARY,STATIONARY,STATIONARY,MOVING,MOVING,STATIONARY,MOVING,MOVING,MOVING
125383,3741,6,SITTING_STILL,0.11041898,0.00018739,0.00169706,0.00295239,0.00363912,0.00334409,0.00545048,0.00782157,0.00526485,0.01327120,0.01348414,RELIABLE,RELIABLE,RELIABLE,RELIABLE,RELIABLE,RELIABLE,RELIABLE,RELIABLE,STATIONARY,STATIONARY,STATIONARY,MOVING,MOVING,STATIONARY,MOVING,MOVING,MOVING
125414,3742,6,SITTING_STILL,0.11070644,0.00067145,0.00606518,0.00319288,0.00414307,0.00337191,0.00543237,0.00803035,0.00517399,0.01248025,0.01392400,RELIABLE,RELIABLE,RELIABLE,RELIABLE,RELIABLE,RELIABLE,RELIABLE,RELIABLE,STATIONARY,STATIONARY,STATIONARY,MOVING,MOVING,STATIONARY,MOVING,MOVING,MOVING
125445,3743,6,SITTING_STILL,0.11124081,0.00058262,0.00523748,0.00342746,0.00459658,0.00357551,0.00600557,0.00726402,0.00550590,0.01180949,0.01344821,RELIABLE,RELIABLE,RELIABLE,RELIABLE,RELIABLE,RELIABLE,RELIABLE,RELIABLE,STATIONARY,STATIONARY,STATIONARY,MOVING,MOVING,STATIONARY,MOVING,MOVING,MOVING
125476,3744,6,SITTING_STILL,0.11062723,0.00070168,0.00634278,0.00400965,0.00546747,0.00415465,0.00728618,0.00768724,0.00629601,0.01323079,0.01380451,RELIABLE,RELIABLE,RELIABLE,RELIABLE,RELIABLE,RELIABLE,RELIABLE,RELIABLE,STATIONARY,STATIONARY,STATIONARY,MOVING,MOVING,STATIONARY,MOVING,MOVING,MOVING
125508,3745,6,SITTING_STILL,0.11011041,0.00038045,0.00345518,0.00405611,0.00540711,0.00401760,0.00782929,0.00764627,0.00621088,0.01333440,0.01331107,RELIABLE,RELIABLE,RELIABLE,RELIABLE,RELIABLE,RELIABLE,RELIABLE,RELIABLE,STATIONARY,STATIONARY,STATIONARY,MOVING,MOVING,STATIONARY,MOVING,MOVING,MOVING
125550,3746,6,SITTING_STILL,0.11156666,0.00077030,0.00690439,0.00462255,0.00642414,0.00446426,0.00999959,0.00816262,0.00725752,0.01503095,0.01282767,RELIABLE,RELIABLE,RELIABLE,RELIABLE,RELIABLE,RELIABLE,RELIABLE,RELIABLE,STATIONARY,STATIONARY,STATIONARY,MOVING,MOVING,STATIONARY,MOVING,MOVING,MOVING
125586,3747,6,SITTING_STILL,0.11229781,0.00038515,0.00342972,0.00456468,0.00640745,0.00458995,0.01050262,0.00788036,0.00745359,0.01411476,0.01285118,RELIABLE,RELIABLE,RELIABLE,RELIABLE,RELIABLE,RELIABLE,RELIABLE,RELIABLE,STATIONARY,STATIONARY,STATIONARY,MOVING,MOVING,STATIONARY,MOVING,MOVING,MOVING
125619,3748,6,SITTING_STILL,0.11120642,0.00109793,0.00987293,0.00537559,0.00722508,0.00555378,0.01163224,0.00765460,0.00813545,0.01574643,0.01300399,RELIABLE,RELIABLE,RELIABLE,RELIABLE,RELIABLE,RELIABLE,RELIABLE,RELIABLE,STATIONARY,STATIONARY,STATIONARY,MOVING,MOVING,STATIONARY,MOVING,MOVING,MOVING
125650,3749,6,SITTING_STILL,0.11198499,0.00066893,0.00597338,0.00591013,0.00766712,0.00605995,0.01187429,0.00925953,0.00874488,0.01697244,0.01319063,RELIABLE,RELIABLE,RELIABLE,RELIABLE,RELIABLE,RELIABLE,RELIABLE,RELIABLE,STATIONARY,STATIONARY,STATIONARY,MOVING,MOVING,STATIONARY,MOVING,MOVING,MOVING
125682,3750,6,SITTING_STILL,0.11160045,0.00039091,0.00350273,0.00558982,0.00711633,0.00565461,0.01215286,0.00990790,0.00924213,0.01823162,0.01210756,RELIABLE,RELIABLE,RELIABLE,RELIABLE,RELIABLE,RELIABLE,RELIABLE,RELIABLE,STATIONARY,STATIONARY,STATIONARY,MOVING,MOVING,STATIONARY,MOVING,MOVING,MOVING
125713,3751,6,SITTING_STILL,0.11140951,0.00019545,0.00175437,0.00515444,0.00663408,0.00552918,0.01098206,0.00979660,0.00873599,0.01731742,0.01112045,RELIABLE,RELIABLE,RELIABLE,RELIABLE,RELIABLE,RELIABLE,RELIABLE,RELIABLE,STATIONARY,STATIONARY,STATIONARY,MOVING,MOVING,STATIONARY,MOVING,MOVING,MOVING
125744,3752,6,SITTING_STILL,0.11129602,0.00049706,0.00446606,0.00491985,0.00613180,0.00517663,0.01029633,0.00928418,0.00903893,0.01770139,0.01224192,RELIABLE,RELIABLE,RELIABLE,RELIABLE,RELIABLE,RELIABLE,RELIABLE,RELIABLE,STATIONARY,STATIONARY,STATIONARY,MOVING,MOVING,STATIONARY,MOVING,MOVING,MOVING
125775,3753,6,SITTING_STILL,0.11077505,0.00015862,0.00143191,0.00466694,0.00614419,0.00502470,0.01013056,0.00938227,0.01013899,0.01896174,0.01293046,RELIABLE,RELIABLE,RELIABLE,RELIABLE,RELIABLE,RELIABLE,RELIABLE,RELIABLE,STATIONARY,STATIONARY,STATIONARY,MOVING,MOVING,STATIONARY,MOVING,MOVING,MOVING
125807,3754,6,SITTING_STILL,0.11097396,0.00051316,0.00462414,0.00438191,0.00520493,0.00475344,0.00912956,0.00889659,0.00920688,0.01793445,0.01362468,RELIABLE,RELIABLE,RELIABLE,RELIABLE,RELIABLE,RELIABLE,RELIABLE,RELIABLE,STATIONARY,STATIONARY,STATIONARY,MOVING,MOVING,STATIONARY,MOVING,MOVING,MOVING
125839,3755,6,SITTING_STILL,0.11107362,0.00025658,0.00231000,0.00424194,0.00473909,0.00462069,0.00863699,0.00865773,0.00874600,0.01743065,0.01397512,RELIABLE,RELIABLE,RELIABLE,RELIABLE,RELIABLE,RELIABLE,RELIABLE,RELIABLE,STATIONARY,STATIONARY,STATIONARY,MOVING,MOVING,STATIONARY,MOVING,MOVING,MOVING
125870,3756,6,SITTING_STILL,0.11034418,0.00106637,0.00966404,0.00421583,0.00479882,0.00472973,0.00750691,0.01024044,0.00830788,0.01648419,0.01312227,RELIABLE,RELIABLE,RELIABLE,RELIABLE,RELIABLE,RELIABLE,RELIABLE,RELIABLE,STATIONARY,STATIONARY,STATIONARY,MOVING,MOVING,STATIONARY,MOVING,MOVING,MOVING
125902,3757,6,SITTING_STILL,0.11102544,0.00074743,0.00673207,0.00431067,0.00442877,0.00510879,0.00745163,0.01042533,0.00818609,0.01569693,0.01356525,RELIABLE,RELIABLE,RELIABLE,RELIABLE,RELIABLE,RELIABLE,RELIABLE,RELIABLE,STATIONARY,STATIONARY,STATIONARY,MOVING,MOVING,STATIONARY,MOVING,MOVING,MOVING
125932,3758,6,SITTING_STILL,0.11143385,0.00063425,0.00569174,0.00458429,0.00473515,0.00548718,0.00812794,0.01135971,0.00847859,0.01502877,0.01462822,RELIABLE,RELIABLE,RELIABLE,RELIABLE,RELIABLE,RELIABLE,RELIABLE,RELIABLE,STATIONARY,STATIONARY,STATIONARY,MOVING,MOVING,STATIONARY,MOVING,MOVING,MOVING
125966,3759,6,SITTING_STILL,0.11078807,0.00063796,0.00575840,0.00508480,0.00516221,0.00600295,0.00848049,0.01146442,0.00843371,0.01501678,0.01522503,RELIABLE,RELIABLE,RELIABLE,RELIABLE,RELIABLE,RELIABLE,RELIABLE,RELIABLE,STATIONARY,STATIONARY,STATIONARY,MOVING,MOVING,STATIONARY,MOVING,MOVING,MOVING
126014,3760,6,SITTING_STILL,0.11053477,0.00074125,0.00670600,0.00536479,0.00529881,0.00614870,0.00829117,0.01184285,0.00773266,0.01369419,0.01510711,RELIABLE,RELIABLE,RELIABLE,RELIABLE,RELIABLE,RELIABLE,RELIABLE,RELIABLE,STATIONARY,STATIONARY,STATIONARY,MOVING,MOVING,STATIONARY,MOVING,MOVING,MOVING
126046,3761,6,SITTING_STILL,0.11096271,0.00104536,0.00942082,0.00636340,0.00656141,0.00761640,0.00872566,0.01232143,0.00670924,0.01257479,0.01468939,RELIABLE,RELIABLE,RELIABLE,RELIABLE,RELIABLE,RELIABLE,RELIABLE,RELIABLE,STATIONARY,STATIONARY,STATIONARY,MOVING,MOVING,STATIONARY,MOVING,MOVING,MOVING
126074,3762,6,SITTING_STILL,0.11117816,0.00052268,0.00470128,0.00637304,0.00712718,0.00770541,0.00778477,0.01230533,0.00629720,0.01087427,0.01362485,RELIABLE,RELIABLE,RELIABLE,RELIABLE,RELIABLE,RELIABLE,RELIABLE,RELIABLE,STATIONARY,STATIONARY,STATIONARY,MOVING,MOVING,STATIONARY,MOVING,MOVING,MOVING
126105,3763,6,SITTING_STILL,0.10978066,0.00073302,0.00667717,0.00691894,0.00831229,0.00832470,0.00831686,0.01352031,0.00726688,0.01128105,0.01567655,RELIABLE,RELIABLE,RELIABLE,RELIABLE,RELIABLE,RELIABLE,RELIABLE,RELIABLE,STATIONARY,STATIONARY,STATIONARY,MOVING,MOVING,STATIONARY,MOVING,MOVING,MOVING
126137,3764,6,SITTING_STILL,0.11049771,0.00086642,0.00784106,0.00669107,0.00788925,0.00786401,0.00908272,0.01235062,0.00776640,0.01056307,0.01621990,RELIABLE,RELIABLE,RELIABLE,RELIABLE,RELIABLE,RELIABLE,RELIABLE,RELIABLE,STATIONARY,STATIONARY,STATIONARY,MOVING,MOVING,STATIONARY,MOVING,MOVING,MOVING
126174,3765,6,SITTING_STILL,0.11019677,0.00047421,0.00430333,0.00638748,0.00790405,0.00697862,0.01048591,0.01165269,0.00800049,0.01191423,0.01630308,RELIABLE,RELIABLE,RELIABLE,RELIABLE,RELIABLE,RELIABLE,RELIABLE,RELIABLE,STATIONARY,STATIONARY,STATIONARY,MOVING,MOVING,STATIONARY,MOVING,MOVING,MOVING
126215,3766,6,SITTING_STILL,0.11005841,0.00023711,0.00215437,0.00594530,0.00712159,0.00618227,0.00984143,0.00982077,0.00708368,0.01125931,0.01499615,RELIABLE,RELIABLE,RELIABLE,RELIABLE,RELIABLE,RELIABLE,RELIABLE,RELIABLE,STATIONARY,STATIONARY,STATIONARY,MOVING,MOVING,STATIONARY,MOVING,MOVING,MOVING
126247,3767,6,SITTING_STILL,0.11058048,0.00034680,0.00313616,0.00561752,0.00653270,0.00568289,0.01076684,0.01001773,0.00787762,0.01206501,0.01583481,RELIABLE,RELIABLE,RELIABLE,RELIABLE,RELIABLE,RELIABLE,RELIABLE,RELIABLE,STATIONARY,STATIONARY,STATIONARY,MOVING,MOVING,STATIONARY,MOVING,MOVING,MOVING
126278,3768,6,SITTING_STILL,0.10973381,0.00026060,0.00237481,0.00507612,0.00609093,0.00550658,0.01107310,0.01047644,0.00818407,0.01292376,0.01481863,RELIABLE,RELIABLE,RELIABLE,RELIABLE,RELIABLE,RELIABLE,RELIABLE,RELIABLE,STATIONARY,STATIONARY,STATIONARY,MOVING,MOVING,STATIONARY,MOVING,MOVING,MOVING
126309,3769,6,SITTING_STILL,0.11061687,0.00071098,0.00642738,0.00470195,0.00520553,0.00447784,0.01054705,0.00992030,0.00867772,0.01413817,0.01436926,RELIABLE,RELIABLE,RELIABLE,RELIABLE,RELIABLE,RELIABLE,RELIABLE,RELIABLE,STATIONARY,STATIONARY,STATIONARY,MOVING,MOVING,STATIONARY,MOVING,MOVING,MOVING
126341,3770,6,SITTING_STILL,0.11044944,0.00130926,0.01185393,0.00559603,0.00636363,0.00557414,0.01113052,0.01083578,0.00912118,0.01516519,0.01415069,RELIABLE,RELIABLE,RELIABLE,RELIABLE,RELIABLE,RELIABLE,RELIABLE,RELIABLE,STATIONARY,STATIONARY,STATIONARY,MOVING,MOVING,STATIONARY,MOVING,MOVING,MOVING
126382,3771,6,SITTING_STILL,0.11062067,0.00042777,0.00386698,0.00524475,0.00536875,0.00499189,0.01045221,0.01093272,0.00854968,0.01547331,0.01252713,RELIABLE,RELIABLE,RELIABLE,RELIABLE,RELIABLE,RELIABLE,RELIABLE,RELIABLE,STATIONARY,STATIONARY,STATIONARY,MOVING,MOVING,STATIONARY,MOVING,MOVING,MOVING
126420,3772,6,SITTING_STILL,0.11070669,0.00021388,0.00193199,0.00450612,0.00435241,0.00404038,0.00924768,0.01063359,0.00733541,0.01528303,0.01076394,RELIABLE,RELIABLE,RELIABLE,RELIABLE,RELIABLE,RELIABLE,RELIABLE,RELIABLE,STATIONARY,STATIONARY,STATIONARY,MOVING,MOVING,STATIONARY,MOVING,MOVING,MOVING
126451,3773,6,SITTING_STILL,0.11006106,0.00084787,0.00770361,0.00493115,0.00520258,0.00506357,0.00785850,0.01044413,0.00700779,0.01561907,0.01026701,RELIABLE,RELIABLE,RELIABLE,RELIABLE,RELIABLE,RELIABLE,RELIABLE,RELIABLE,STATIONARY,STATIONARY,STATIONARY,MOVING,MOVING,STATIONARY,MOVING,MOVING,MOVING
126482,3774,6,SITTING_STILL,0.10995155,0.00055658,0.00506204,0.00529461,0.00610666,0.00568430,0.00806467,0.01103064,0.00780449,0.01663373,0.01155202,RELIABLE,RELIABLE,RELIABLE,RELIABLE,RELIABLE,RELIABLE,RELIABLE,RELIABLE,STATIONARY,STATIONARY,STATIONARY,MOVING,MOVING,STATIONARY,MOVING,MOVING,MOVING
126513,3775,6,SITTING_STILL,0.10986234,0.00089588,0.00815458,0.00592192,0.00723366,0.00664017,0.00679221,0.01232823,0.00718974,0.01614637,0.01118532,RELIABLE,RELIABLE,RELIABLE,RELIABLE,RELIABLE,RELIABLE,RELIABLE,RELIABLE,STATIONARY,STATIONARY,STATIONARY,MOVING,MOVING,STATIONARY,MOVING,MOVING,MOVING
126544,3776,6,SITTING_STILL,0.10981803,0.00044794,0.00407893,0.00613493,0.00763812,0.00696933,0.00578286,0.01193906,0.00647035,0.01416180,0.01064187,RELIABLE,RELIABLE,RELIABLE,RELIABLE,RELIABLE,RELIABLE,RELIABLE,RELIABLE,STATIONARY,STATIONARY,STATIONARY,MOVING,MOVING,STATIONARY,MOVING,MOVING,MOVING
126576,3777,6,SITTING_STILL,0.11061162,0.00081347,0.00735430,0.00625080,0.00813602,0.00779529,0.00676316,0.01359400,0.00774603,0.01450298,0.01113221,RELIABLE,RELIABLE,RELIABLE,RELIABLE,RELIABLE,RELIABLE,RELIABLE,RELIABLE,STATIONARY,STATIONARY,STATIONARY,MOVING,MOVING,STATIONARY,MOVING,MOVING,MOVING
126607,3778,6,SITTING_STILL,0.11028287,0.00039397,0.00357238,0.00521560,0.00668643,0.00661568,0.00644564,0.01343730,0.00817561,0.01674802,0.01168011,RELIABLE,RELIABLE,RELIABLE,RELIABLE,RELIABLE,RELIABLE,RELIABLE,RELIABLE,STATIONARY,STATIONARY,STATIONARY,MOVING,MOVING,STATIONARY,MOVING,MOVING,MOVING
126638,3779,6,SITTING_STILL,0.10950834,0.00057650,0.00526443,0.00539028,0.00710212,0.00711928,0.00672154,0.01336476,0.00828727,0.01680667,0.01204654,RELIABLE,RELIABLE,RELIABLE,RELIABLE,RELIABLE,RELIABLE,RELIABLE,RELIABLE,STATIONARY,STATIONARY,STATIONARY,MOVING,MOVING,STATIONARY,MOVING,MOVING,MOVING
126670,3780,6,SITTING_STILL,0.11013258,0.00047446,0.00430810,0.00568730,0.00765829,0.00761103,0.00735527,0.01379066,0.00863989,0.01831334,0.01333547,RELIABLE,RELIABLE,RELIABLE,RELIABLE,RELIABLE,RELIABLE,RELIABLE,RELIABLE,STATIONARY,STATIONARY,STATIONARY,MOVING,MOVING,STATIONARY,MOVING,MOVING,MOVING
126719,3781,6,SITTING_STILL,0.10984530,0.00048178,0.00438598,0.00527259,0.00665166,0.00662522,0.00746752,0.01444183,0.00910319,0.01827295,0.01432805,RELIABLE,RELIABLE,RELIABLE,RELIABLE,RELIABLE,RELIABLE,RELIABLE,RELIABLE,STATIONARY,STATIONARY,STATIONARY,MOVING,MOVING,STATIONARY,MOVING,MOVING,MOVING
126747,3782,6,SITTING_STILL,0.10970289,0.00024089,0.00219584,0.00491432,0.00566925,0.00602320,0.00662210,0.01408651,0.00837444,0.01740637,0.01329123,RELIABLE,RELIABLE,RELIABLE,RELIABLE,RELIABLE,RELIABLE,RELIABLE,RELIABLE,STATIONARY,STATIONARY,STATIONARY,MOVING,MOVING,STATIONARY,MOVING,MOVING,MOVING
126778,3783,6,SITTING_STILL,0.10986739,0.00080794,0.00735380,0.00481422,0.00522338,0.00529795,0.00753038,0.01291152,0.00803352,0.01693832,0.01273150,RELIABLE,RELIABLE,RELIABLE,RELIABLE,RELIABLE,RELIABLE,RELIABLE,RELIABLE,STATIONARY,STATIONARY,STATIONARY,MOVING,MOVING,STATIONARY,MOVING,MOVING,MOVING
126809,3784,6,SITTING_STILL,0.10938511,0.00021209,0.00193891,0.00454672,0.00466817,0.00490319,0.00834055,0.01371209,0.00885148,0.01856297,0.01334625,RELIABLE,RELIABLE,RELIABLE,RELIABLE,RELIABLE,RELIABLE,RELIABLE,RELIABLE,STATIONARY,STATIONARY,STATIONARY,MOVING,MOVING,STATIONARY,MOVING,MOVING,MOVING
126841,3785,6,SITTING_STILL,0.11082667,0.00090503,0.00816619,0.00464820,0.00502890,0.00516708,0.00757250,0.01283832,0.00713319,0.01716658,0.01278147,RELIABLE,RELIABLE,RELIABLE,RELIABLE,RELIABLE,RELIABLE,RELIABLE,RELIABLE,STATIONARY,STATIONARY,STATIONARY,MOVING,MOVING,STATIONARY,MOVING,MOVING,MOVING
126878,3786,6,SITTING_STILL,0.11088481,0.00017474,0.00157588,0.00439864,0.00478432,0.00467200,0.00729272,0.01328067,0.00751414,0.01496271,0.01409250,RELIABLE,RELIABLE,RELIABLE,RELIABLE,RELIABLE,RELIABLE,RELIABLE,RELIABLE,STATIONARY,STATIONARY,STATIONARY,MOVING,MOVING,STATIONARY,MOVING,MOVING,MOVING
126919,3787,6,SITTING_STILL,0.11091391,0.00008737,0.00078773,0.00383905,0.00419334,0.00388696,0.00668630,0.01263392,0.00742541,0.01387381,0.01358641,RELIABLE,RELIABLE,RELIABLE,RELIABLE,RELIABLE,RELIABLE,RELIABLE,RELIABLE,STATIONARY,STATIONARY,STATIONARY,MOVING,MOVING,STATIONARY,MOVING,MOVING,MOVING
126950,3788,6,SITTING_STILL,0.11083457,0.00052227,0.00471213,0.00388956,0.00467149,0.00417352,0.00611254,0.01431960,0.00819918,0.01471485,0.01346199,RELIABLE,RELIABLE,RELIABLE,RELIABLE,RELIABLE,RELIABLE,RELIABLE,RELIABLE,STATIONARY,STATIONARY,STATIONARY,MOVING,MOVING,STATIONARY,MOVING,MOVING,MOVING
126981,3789,6,SITTING_STILL,0.10968889,0.00027519,0.00250887,0.00365492,0.00510966,0.00427196,0.00717406,0.01339676,0.00932092,0.01466537,0.01452063,RELIABLE,RELIABLE,RELIABLE,RELIABLE,RELIABLE,RELIABLE,RELIABLE,RELIABLE,STATIONARY,STATIONARY,STATIONARY,MOVING,MOVING,STATIONARY,MOVING,MOVING,MOVING
127013,3790,6,SITTING_STILL,0.10992722,0.00093431,0.00849936,0.00444286,0.00705047,0.00571987,0.00907109,0.01319179,0.00932230,0.01469851,0.01461513,RELIABLE,RELIABLE,RELIABLE,RELIABLE,RELIABLE,RELIABLE,RELIABLE,RELIABLE,STATIONARY,STATIONARY,STATIONARY,MOVING,MOVING,STATIONARY,MOVING,MOVING,MOVING
127045,3791,6,SITTING_STILL,0.11004885,0.00046716,0.00424498,0.00405426,0.00722262,0.00599584,0.00880006,0.01232998,0.00925003,0.01428637,0.01415362,RELIABLE,RELIABLE,RELIABLE,RELIABLE,RELIABLE,RELIABLE,RELIABLE,RELIABLE,STATIONARY,STATIONARY,STATIONARY,MOVING,MOVING,STATIONARY,MOVING,MOVING,MOVING
127076,3792,6,SITTING_STILL,0.10974051,0.00084987,0.00774437,0.00477994,0.00884691,0.00731809,0.00903212,0.01123838,0.00889961,0.01372900,0.01456131,RELIABLE,RELIABLE,RELIABLE,RELIABLE,RELIABLE,RELIABLE,RELIABLE,RELIABLE,STATIONARY,STATIONARY,STATIONARY,MOVING,MOVING,STATIONARY,MOVING,MOVING,MOVING
127108,3793,6,SITTING_STILL,0.10971540,0.00054401,0.00495841,0.00437897,0.00809169,0.00601479,0.00868184,0.00955249,0.00859892,0.01416762,0.01495328,RELIABLE,RELIABLE,RELIABLE,RELIABLE,RELIABLE,RELIABLE,RELIABLE,RELIABLE,STATIONARY,STATIONARY,STATIONARY,MOVING,MOVING,STATIONARY,MOVING,MOVING,MOVING
127140,3794,6,SITTING_STILL,0.11044711,0.00104617,0.00947212,0.00536600,0.00983660,0.00736579,0.00951033,0.00874628,0.00826589,0.01458422,0.01516749,RELIABLE,RELIABLE,RELIABLE,RELIABLE,RELIABLE,RELIABLE,RELIABLE,RELIABLE,STATIONARY,STATIONARY,STATIONARY,MOVING,MOVING,STATIONARY,MOVING,MOVING,MOVING
127170,3795,6,SITTING_STILL,0.11037120,0.00063114,0.00571831,0.00598232,0.01058328,0.00801446,0.01019905,0.00964361,0.00829543,0.01569947,0.01663226,RELIABLE,RELIABLE,RELIABLE,RELIABLE,RELIABLE,RELIABLE,RELIABLE,RELIABLE,STATIONARY,STATIONARY,STATIONARY,MOVING,MOVING,STATIONARY,MOVING,MOVING,MOVING
127213,3796,6,SITTING_STILL,0.11082640,0.00014052,0.00126793,0.00555179,0.00955172,0.00710018,0.01196376,0.00871526,0.00792694,0.01519044,0.01648572,RELIABLE,RELIABLE,RELIABLE,RELIABLE,RELIABLE,RELIABLE,RELIABLE,RELIABLE,STATIONARY,STATIONARY,STATIONARY,MOVING,MOVING,STATIONARY,MOVING,MOVING,MOVING
127249,3797,6,SITTING_STILL,0.11105855,0.00007026,0.00063264,0.00531726,0.00890254,0.00672617,0.01127871,0.00861681,0.00608897,0.01395783,0.01376258,RELIABLE,RELIABLE,RELIABLE,RELIABLE,RELIABLE,RELIABLE,RELIABLE,RELIABLE,STATIONARY,STATIONARY,STATIONARY,MOVING,MOVING,STATIONARY,MOVING,MOVING,MOVING
127280,3798,6,SITTING_STILL,0.11004464,0.00085060,0.00772955,0.00522104,0.00872913,0.00605081,0.01135557,0.01055513,0.00613658,0.01515399,0.01404303,RELIABLE,RELIABLE,RELIABLE,RELIABLE,RELIABLE,RELIABLE,RELIABLE,RELIABLE,STATIONARY,STATIONARY,STATIONARY,MOVING,MOVING,STATIONARY,MOVING,MOVING,MOVING
127311,3799,6,SITTING_STILL,0.11015133,0.00036499,0.00331353,0.00510461,0.00817863,0.00587160,0.01109328,0.01191684,0.00698224,0.01638438,0.01509168,RELIABLE,RELIABLE,RELIABLE,RELIABLE,RELIABLE,RELIABLE,RELIABLE,RELIABLE,STATIONARY,STATIONARY,STATIONARY,MOVING,MOVING,STATIONARY,MOVING,MOVING,MOVING
127343,3800,6,SITTING_STILL,0.11058204,0.00080193,0.00725189,0.00504305,0.00720832,0.00516068,0.01081784,0.01201145,0.00709535,0.01589776,0.01478855,RELIABLE,RELIABLE,RELIABLE,RELIABLE,RELIABLE,RELIABLE,RELIABLE,RELIABLE,STATIONARY,STATIONARY,STATIONARY,MOVING,MOVING,STATIONARY,MOVING,MOVING,MOVING
127375,3801,6,SITTING_STILL,0.10974858,0.00031362,0.00285766,0.00478045,0.00686304,0.00524700,0.01103299,0.01400456,0.00760092,0.01531908,0.01411438,RELIABLE,RELIABLE,RELIABLE,RELIABLE,RELIABLE,RELIABLE,RELIABLE,RELIABLE,STATIONARY,STATIONARY,STATIONARY,MOVING,MOVING,STATIONARY,MOVING,MOVING,MOVING
127407,3802,6,SITTING_STILL,0.10933202,0.00015681,0.00143427,0.00377572,0.00509319,0.00389885,0.00999721,0.01388163,0.00681044,0.01384746,0.01186062,RELIABLE,RELIABLE,RELIABLE,RELIABLE,RELIABLE,RELIABLE,RELIABLE,RELIABLE,STATIONARY,STATIONARY,STATIONARY,MOVING,MOVING,STATIONARY,MOVING,MOVING,MOVING
127438,3803,6,SITTING_STILL,0.10985097,0.00045365,0.00412967,0.00357714,0.00472867,0.00356765,0.01024878,0.01309761,0.00791731,0.01346218,0.01212220,RELIABLE,RELIABLE,RELIABLE,RELIABLE,RELIABLE,RELIABLE,RELIABLE,RELIABLE,STATIONARY,STATIONARY,STATIONARY,MOVING,MOVING,STATIONARY,MOVING,MOVING,MOVING
127469,3804,6,SITTING_STILL,0.11094423,0.00039742,0.00358213,0.00386642,0.00509819,0.00394291,0.00894273,0.01324996,0.00838552,0.01212124,0.01245905,RELIABLE,RELIABLE,RELIABLE,RELIABLE,RELIABLE,RELIABLE,RELIABLE,RELIABLE,STATIONARY,STATIONARY,STATIONARY,MOVING,MOVING,STATIONARY,MOVING,MOVING,MOVING
127501,3805,6,SITTING_STILL,0.11012376,0.00074788,0.00679125,0.00463624,0.00590002,0.00447781,0.00849916,0.01368675,0.00897621,0.01191749,0.01380634,RELIABLE,RELIABLE,RELIABLE,RELIABLE,RELIABLE,RELIABLE,RELIABLE,RELIABLE,STATIONARY,STATIONARY,STATIONARY,MOVING,MOVING,STATIONARY,MOVING,MOVING,MOVING
127549,3806,6,SITTING_STILL,0.10999217,0.00060929,0.00553943,0.00436248,0.00516623,0.00466317,0.00799057,0.01255653,0.00912124,0.01200444,0.01355100,RELIABLE,RELIABLE,RELIABLE,RELIABLE,RELIABLE,RELIABLE,RELIABLE,RELIABLE,STATIONARY,STATIONARY,STATIONARY,MOVING,MOVING,STATIONARY,MOVING,MOVING,MOVING
127582,3807,6,SITTING_STILL,0.11069746,0.00050787,0.00458795,0.00452178,0.00523006,0.00447178,0.00786351,0.01261977,0.00964425,0.01260162,0.01604862,RELIABLE,RELIABLE,RELIABLE,RELIABLE,RELIABLE,RELIABLE,RELIABLE,RELIABLE,STATIONARY,STATIONARY,STATIONARY,MOVING,MOVING,STATIONARY,MOVING,MOVING,MOVING
127626,3808,6,SITTING_STILL,0.11105222,0.00025394,0.00228665,0.00390113,0.00474995,0.00384434,0.00721938,0.01250683,0.00953849,0.01249032,0.01658472,RELIABLE,RELIABLE,RELIABLE,RELIABLE,RELIABLE,RELIABLE,RELIABLE,RELIABLE,STATIONARY,STATIONARY,STATIONARY,MOVING,MOVING,STATIONARY,MOVING,MOVING,MOVING
127657,3809,6,SITTING_STILL,0.11007028,0.00046831,0.00425463,0.00407575,0.00490885,0.00381008,0.00734168,0.01139566,0.00948665,0.01317063,0.01775841,RELIABLE,RELIABLE,RELIABLE,RELIABLE,RELIABLE,RELIABLE,RELIABLE,RELIABLE,STATIONARY,STATIONARY,STATIONARY,MOVING,MOVING,STATIONARY,MOVING,MOVING,MOVING
127689,3810,6,SITTING_STILL,0.11051919,0.00047127,0.00426410,0.00442948,0.00513484,0.00385374,0.00732365,0.01131962,0.00938197,0.01339830,0.02003360,RELIABLE,RELIABLE,RELIABLE,RELIABLE,RELIABLE,RELIABLE,RELIABLE,RELIABLE,STATIONARY,STATIONARY,STATIONARY,MOVING,MOVING,STATIONARY,MOVING,MOVING,MOVING
127720,3811,6,SITTING_STILL,0.11075435,0.00051626,0.00466126,0.00449593,0.00513096,0.00411491,0.00680945,0.01160777,0.00908424,0.01390537,0.01906641,RELIABLE,RELIABLE,RELIABLE,RELIABLE,RELIABLE,RELIABLE,RELIABLE,RELIABLE,STATIONARY,STATIONARY,STATIONARY,MOVING,MOVING,STATIONARY,MOVING,MOVING,MOVING
127752,3812,6,SITTING_STILL,0.11087500,0.00025813,0.00232810,0.00433917,0.00486001,0.00402398,0.00633846,0.01011318,0.00828835,0.01351063,0.01802077,RELIABLE,RELIABLE,RELIABLE,RELIABLE,RELIABLE,RELIABLE,RELIABLE,RELIABLE,STATIONARY,STATIONARY,STATIONARY,MOVING,MOVING,STATIONARY,MOVING,MOVING,MOVING
127782,3813,6,SITTING_STILL,0.11092379,0.00057103,0.00514796,0.00413376,0.00519669,0.00477218,0.00623412,0.01031382,0.00841808,0.01474795,0.01917930,RELIABLE,RELIABLE,RELIABLE,RELIABLE,RELIABLE,RELIABLE,RELIABLE,RELIABLE,STATIONARY,STATIONARY,STATIONARY,MOVING,MOVING,STATIONARY,MOVING,MOVING,MOVING
127813,3814,6,SITTING_STILL,0.11100546,0.00108400,0.00976524,0.00466199,0.00582271,0.00496004,0.00479212,0.01020787,0.00898689,0.01425109,0.01955385,RELIABLE,RELIABLE,RELIABLE,RELIABLE,RELIABLE,RELIABLE,RELIABLE,RELIABLE,STATIONARY,STATIONARY,STATIONARY,MOVING,MOVING,STATIONARY,MOVING,MOVING,MOVING
127845,3815,6,SITTING_STILL,0.11058278,0.00038856,0.00351372,0.00452771,0.00577531,0.00494892,0.00479490,0.00903958,0.00780325,0.01384877,0.01671010,RELIABLE,RELIABLE,RELIABLE,RELIABLE,RELIABLE,RELIABLE,RELIABLE,RELIABLE,STATIONARY,STATIONARY,STATIONARY,MOVING,MOVING,STATIONARY,MOVING,MOVING,MOVING
127877,3816,6,SITTING_STILL,0.11037159,0.00019428,0.00176022,0.00446191,0.00575298,0.00494444,0.00479817,0.00845900,0.00721462,0.01365364,0.01529629,RELIABLE,RELIABLE,RELIABLE,RELIABLE,RELIABLE,RELIABLE,RELIABLE,RELIABLE,STATIONARY,STATIONARY,STATIONARY,MOVING,MOVING,STATIONARY,MOVING,MOVING,MOVING
127918,3817,6,SITTING_STILL,0.11059692,0.00058640,0.00530213,0.00459284,0.00589825,0.00519982,0.00523841,0.00971919,0.00748580,0.01302464,0.01544501,RELIABLE,RELIABLE,RELIABLE,RELIABLE,RELIABLE,RELIABLE,RELIABLE,RELIABLE,STATIONARY,STATIONARY,STATIONARY,MOVING,MOVING,STATIONARY,MOVING,MOVING,MOVING
127955,3818,6,SITTING_STILL,0.11071275,0.00029320,0.00264829,0.00439087,0.00582291,0.00526553,0.00553498,0.00986427,0.00769770,0.01281954,0.01382778,RELIABLE,RELIABLE,RELIABLE,RELIABLE,RELIABLE,RELIABLE,RELIABLE,RELIABLE,STATIONARY,STATIONARY,STATIONARY,MOVING,MOVING,STATIONARY,MOVING,MOVING,MOVING
127986,3819,6,SITTING_STILL,0.11029520,0.00058694,0.00532156,0.00447340,0.00661371,0.00580467,0.00612272,0.00949335,0.00727412,0.01465144,0.01490775,RELIABLE,RELIABLE,RELIABLE,RELIABLE,RELIABLE,RELIABLE,RELIABLE,RELIABLE,STATIONARY,STATIONARY,STATIONARY,MOVING,MOVING,STATIONARY,MOVING,MOVING,MOVING
128018,3820,6,SITTING_STILL,0.11018023,0.00049545,0.00449669,0.00474448,0.00676744,0.00569952,0.00643460,0.00964958,0.00717786,0.01618766,0.01527778,RELIABLE,RELIABLE,RELIABLE,RELIABLE,RELIABLE,RELIABLE,RELIABLE,RELIABLE,STATIONARY,STATIONARY,STATIONARY,MOVING,MOVING,STATIONARY,MOVING,MOVING,MOVING
128050,3821,6,SITTING_STILL,0.11021092,0.00050000,0.00453672,0.00466807,0.00650192,0.00526617,0.00775603,0.00906608,0.00656220,0.01536238,0.01292814,RELIABLE,RELIABLE,RELIABLE,RELIABLE,RELIABLE,RELIABLE,RELIABLE,RELIABLE,STATIONARY,STATIONARY,STATIONARY,MOVING,MOVING,STATIONARY,MOVING,MOVING,MOVING
128081,3822,6,SITTING_STILL,0.11022657,0.00025000,0.00226804,0.00373092,0.00517303,0.00440721,0.00830714,0.00808380,0.00549275,0.01400424,0.01167810,RELIABLE,RELIABLE,RELIABLE,RELIABLE,RELIABLE,RELIABLE,RELIABLE,RELIABLE,STATIONARY,STATIONARY,STATIONARY,MOVING,MOVING,STATIONARY,MOVING,MOVING,MOVING
128112,3823,6,SITTING_STILL,0.11030267,0.00057048,0.00517197,0.00393820,0.00519783,0.00444670,0.00898371,0.00877191,0.00547729,0.01374335,0.01127391,RELIABLE,RELIABLE,RELIABLE,RELIABLE,RELIABLE,RELIABLE,RELIABLE,RELIABLE,STATIONARY,STATIONARY,STATIONARY,MOVING,MOVING,STATIONARY,MOVING,MOVING,MOVING
128143,3824,6,SITTING_STILL,0.11067740,0.00030459,0.00275209,0.00406218,0.00584729,0.00500369,0.00903919,0.01018605,0.00583819,0.01570673,0.01142359,RELIABLE,RELIABLE,RELIABLE,RELIABLE,RELIABLE,RELIABLE,RELIABLE,RELIABLE,STATIONARY,STATIONARY,STATIONARY,MOVING,MOVING,STATIONARY,MOVING,MOVING,MOVING
128174,3825,6,SITTING_STILL,0.11024656,0.00043904,0.00398232,0.00389721,0.00562127,0.00512313,0.00826716,0.00959446,0.00549108,0.01633739,0.01070806,RELIABLE,RELIABLE,RELIABLE,RELIABLE,RELIABLE,RELIABLE,RELIABLE,RELIABLE,STATIONARY,STATIONARY,STATIONARY,MOVING,MOVING,STATIONARY,MOVING,MOVING,MOVING
128206,3826,6,SITTING_STILL,0.11076919,0.00060514,0.00546308,0.00424906,0.00570135,0.00511295,0.00873679,0.00910992,0.00548027,0.01634062,0.01062777,RELIABLE,RELIABLE,RELIABLE,RELIABLE,RELIABLE,RELIABLE,RELIABLE,RELIABLE,STATIONARY,STATIONARY,STATIONARY,MOVING,MOVING,STATIONARY,MOVING,MOVING,MOVING
128237,3827,6,SITTING_STILL,0.11103077,0.00030257,0.00272510,0.00392450,0.00463460,0.00404585,0.00799203,0.00840651,0.00455114,0.01275652,0.00805674,RELIABLE,RELIABLE,RELIABLE,RELIABLE,RELIABLE,RELIABLE,RELIABLE,RELIABLE,STATIONARY,STATIONARY,STATIONARY,MOVING,MOVING,STATIONARY,MOVING,MOVING,MOVING
128270,3828,6,SITTING_STILL,0.11056036,0.00067492,0.00610453,0.00412548,0.00516508,0.00503855,0.00827690,0.00865371,0.00562027,0.01206991,0.00810131,RELIABLE,RELIABLE,RELIABLE,RELIABLE,RELIABLE,RELIABLE,RELIABLE,RELIABLE,STATIONARY,STATIONARY,STATIONARY,MOVING,MOVING,STATIONARY,MOVING,MOVING,MOVING
128301,3829,6,SITTING_STILL,0.11055916,0.00052972,0.00479126,0.00415730,0.00502581,0.00470381,0.00751180,0.00882281,0.00581833,0.01131132,0.00884326,RELIABLE,RELIABLE,RELIABLE,RELIABLE,RELIABLE,RELIABLE,RELIABLE,RELIABLE,STATIONARY,STATIONARY,STATIONARY,MOVING,MOVING,STATIONARY,MOVING,MOVING,MOVING
128334,3830,6,SITTING_STILL,0.11061059,0.00100924,0.00912426,0.00501433,0.00551158,0.00486021,0.00787635,0.00904427,0.00608500,0.01392447,0.00900419,RELIABLE,RELIABLE,RELIABLE,RELIABLE,RELIABLE,RELIABLE,RELIABLE,RELIABLE,STATIONARY,STATIONARY,STATIONARY,MOVING,MOVING,STATIONARY,MOVING,MOVING,MOVING
128366,3831,6,SITTING_STILL,0.11004216,0.00072629,0.00660008,0.00519284,0.00603866,0.00559507,0.00761896,0.01021570,0.00721708,0.01668027,0.01043196,RELIABLE,RELIABLE,RELIABLE,RELIABLE,RELIABLE,RELIABLE,RELIABLE,RELIABLE,STATIONARY,STATIONARY,STATIONARY,MOVING,MOVING,STATIONARY,MOVING,MOVING,MOVING
128415,3832,6,SITTING_STILL,0.11045800,0.00118657,0.01074230,0.00619162,0.00692124,0.00677825,0.00841496,0.01003743,0.00806189,0.01545862,0.01076787,RELIABLE,RELIABLE,RELIABLE,RELIABLE,RELIABLE,RELIABLE,RELIABLE,RELIABLE,STATIONARY,STATIONARY,STATIONARY,MOVING,MOVING,STATIONARY,MOVING,MOVING,MOVING
128443,3833,6,SITTING_STILL,0.11066902,0.00059329,0.00536091,0.00636394,0.00720577,0.00696800,0.00823077,0.00904517,0.00795579,0.01441587,0.00969526,RELIABLE,RELIABLE,RELIABLE,RELIABLE,RELIABLE,RELIABLE,RELIABLE,RELIABLE,STATIONARY,STATIONARY,STATIONARY,MOVING,MOVING,STATIONARY,MOVING,MOVING,MOVING
128474,3834,6,SITTING_STILL,0.11079775,0.00026939,0.00243137,0.00598498,0.00727547,0.00680112,0.00846108,0.00939654,0.00812551,0.01523804,0.01009842,RELIABLE,RELIABLE,RELIABLE,RELIABLE,RELIABLE,RELIABLE,RELIABLE,RELIABLE,STATIONARY,STATIONARY,STATIONARY,MOVING,MOVING,STATIONARY,MOVING,MOVING,MOVING
128506,3835,6,SITTING_STILL,0.11077575,0.00050014,0.00451486,0.00620870,0.00743267,0.00717552,0.00919598,0.01023674,0.00868818,0.01663056,0.01066898,RELIABLE,RELIABLE,RELIABLE,RELIABLE,RELIABLE,RELIABLE,RELIABLE,RELIABLE,STATIONARY,STATIONARY,STATIONARY,MOVING,MOVING,STATIONARY,MOVING,MOVING,MOVING
128542,3836,6,SITTING_STILL,0.10998647,0.00116120,0.01055765,0.00676534,0.00806336,0.00731473,0.00940815,0.01127898,0.00948041,0.01750556,0.01325067,RELIABLE,RELIABLE,RELIABLE,RELIABLE,RELIABLE,RELIABLE,RELIABLE,RELIABLE,STATIONARY,STATIONARY,STATIONARY,MOVING,MOVING,STATIONARY,MOVING,MOVING,MOVING
128568,3837,6,SITTING_STILL,0.10959184,0.00058060,0.00529783,0.00682866,0.00803938,0.00745781,0.00892010,0.01111370,0.00990216,0.01805820,0.01350535,RELIABLE,RELIABLE,RELIABLE,RELIABLE,RELIABLE,RELIABLE,RELIABLE,RELIABLE,STATIONARY,STATIONARY,STATIONARY,MOVING,MOVING,STATIONARY,MOVING,MOVING,MOVING
128600,3838,6,SITTING_STILL,0.10963752,0.00070553,0.00643508,0.00649251,0.00816213,0.00754508,0.00886967,0.01165862,0.01124368,0.01651008,0.01590548,RELIABLE,RELIABLE,RELIABLE,RELIABLE,RELIABLE,RELIABLE,RELIABLE,RELIABLE,STATIONARY,STATIONARY,STATIONARY,MOVING,MOVING,STATIONARY,MOVING,MOVING,MOVING
128631,3839,6,SITTING_STILL,0.10975926,0.00096257,0.00876982,0.00676373,0.00897928,0.00758934,0.00886500,0.01088023,0.01106854,0.01358922,0.01611647,RELIABLE,RELIABLE,RELIABLE,RELIABLE,RELIABLE,RELIABLE,RELIABLE,RELIABLE,STATIONARY,STATIONARY,STATIONARY,MOVING,MOVING,STATIONARY,MOVING,MOVING,MOVING
128671,3840,6,SITTING_STILL,0.11057974,0.00025695,0.00232367,0.00571140,0.00741633,0.00586466,0.00989506,0.01148655,0.01076661,0.01361441,0.01581130,RELIABLE,RELIABLE,RELIABLE,RELIABLE,RELIABLE,RELIABLE,RELIABLE,RELIABLE,STATIONARY,STATIONARY,STATIONARY,MOVING,MOVING,STATIONARY,MOVING,MOVING,MOVING
128709,3841,6,SITTING_STILL,0.11080535,0.00053843,0.00485928,0.00564870,0.00760774,0.00582683,0.01082081,0.01276239,0.01077186,0.01449918,0.01731571,RELIABLE,RELIABLE,RELIABLE,RELIABLE,RELIABLE,RELIABLE,RELIABLE,RELIABLE,STATIONARY,STATIONARY,STATIONARY,MOVING,MOVING,STATIONARY,MOVING,MOVING,MOVING
128750,3842,6,SITTING_STILL,0.11103902,0.00029470,0.00265403,0.00567653,0.00773887,0.00607135,0.01068679,0.01313569,0.01108993,0.01546555,0.01856621,RELIABLE,RELIABLE,RELIABLE,RELIABLE,RELIABLE,RELIABLE,RELIABLE,RELIABLE,STATIONARY,STATIONARY,STATIONARY,MOVING,MOVING,STATIONARY,MOVING,MOVING,MOVING
128786,3843,6,SITTING_STILL,0.11115587,0.00014735,0.00132562,0.00527787,0.00768230,0.00573593,0.01000080,0.01265790,0.01077127,0.01496679,0.01882234,RELIABLE,RELIABLE,RELIABLE,RELIABLE,RELIABLE,RELIABLE,RELIABLE,RELIABLE,STATIONARY,STATIONARY,STATIONARY,MOVING,MOVING,STATIONARY,MOVING,MOVING,MOVING
128816,3844,6,SITTING_STILL,0.11057404,0.00064194,0.00580550,0.00468385,0.00719961,0.00538608,0.01029300,0.01178530,0.00877278,0.01427698,0.01568475,RELIABLE,RELIABLE,RELIABLE,RELIABLE,RELIABLE,RELIABLE,RELIABLE,RELIABLE,STATIONARY,STATIONARY,STATIONARY,MOVING,MOVING,STATIONARY,MOVING,MOVING,MOVING
128848,3845,6,SITTING_STILL,0.11011738,0.00047489,0.00431261,0.00456070,0.00671205,0.00512699,0.01062159,0.01189824,0.00806144,0.01457879,0.01533998,RELIABLE,RELIABLE,RELIABLE,RELIABLE,RELIABLE,RELIABLE,RELIABLE,RELIABLE,STATIONARY,STATIONARY,STATIONARY,MOVING,MOVING,STATIONARY,MOVING,MOVING,MOVING
128880,3846,6,SITTING_STILL,0.11015903,0.00063062,0.00572467,0.00447190,0.00614886,0.00474786,0.01024327,0.01167412,0.00723548,0.01472319,0.01513865,RELIABLE,RELIABLE,RELIABLE,RELIABLE,RELIABLE,RELIABLE,RELIABLE,RELIABLE,STATIONARY,STATIONARY,STATIONARY,MOVING,MOVING,STATIONARY,MOVING,MOVING,MOVING
128911,3847,6,SITTING_STILL,0.11104195,0.00036211,0.00326105,0.00378331,0.00509464,0.00379730,0.01012572,0.01159283,0.00629022,0.01480936,0.01404046,RELIABLE,RELIABLE,RELIABLE,RELIABLE,RELIABLE,RELIABLE,RELIABLE,RELIABLE,STATIONARY,STATIONARY,STATIONARY,MOVING,MOVING,STATIONARY,MOVING,MOVING,MOVING
128943,3848,6,SITTING_STILL,0.11148365,0.00018106,0.00162406,0.00369585,0.00528085,0.00371486,0.00838991,0.01024663,0.00538307,0.01386703,0.01392390,RELIABLE,RELIABLE,RELIABLE,RELIABLE,RELIABLE,RELIABLE,RELIABLE,RELIABLE,STATIONARY,STATIONARY,STATIONARY,MOVING,MOVING,STATIONARY,MOVING,MOVING,MOVING
128973,3849,6,SITTING_STILL,0.11115838,0.00076952,0.00692270,0.00395378,0.00477430,0.00416271,0.00878217,0.00902583,0.00539561,0.01375494,0.01453824,RELIABLE,RELIABLE,RELIABLE,RELIABLE,RELIABLE,RELIABLE,RELIABLE,RELIABLE,STATIONARY,STATIONARY,STATIONARY,MOVING,MOVING,STATIONARY,MOVING,MOVING,MOVING
129005,3850,6,SITTING_STILL,0.11170901,0.00046774,0.00418710,0.00414541,0.00481294,0.00435402,0.00811944,0.00943124,0.00566201,0.01229078,0.01367967,RELIABLE,RELIABLE,RELIABLE,RELIABLE,RELIABLE,RELIABLE,RELIABLE,RELIABLE,STATIONARY,STATIONARY,STATIONARY,MOVING,MOVING,STATIONARY,MOVING,MOVING,MOVING
129038,3851,6,SITTING_STILL,0.11074066,0.00036266,0.00327486,0.00438907,0.00502478,0.00436828,0.00818858,0.01065135,0.00601332,0.01330314,0.01315662,RELIABLE,RELIABLE,RELIABLE,RELIABLE,RELIABLE,RELIABLE,RELIABLE,RELIABLE,STATIONARY,STATIONARY,STATIONARY,MOVING,MOVING,STATIONARY,MOVING,MOVING,MOVING
129068,3852,6,SITTING_STILL,0.11025958,0.00018133,0.00164457,0.00386895,0.00421234,0.00345485,0.00706999,0.01033734,0.00587083,0.01235130,0.01270716,RELIABLE,RELIABLE,RELIABLE,RELIABLE,RELIABLE,RELIABLE,RELIABLE,RELIABLE,STATIONARY,STATIONARY,STATIONARY,MOVING,MOVING,STATIONARY,MOVING,MOVING,MOVING
129118,3853,6,SITTING_STILL,0.10970846,0.00090877,0.00828354,0.00436532,0.00570160,0.00465483,0.00718894,0.01054387,0.00632969,0.01176075,0.01310820,RELIABLE,RELIABLE,RELIABLE,RELIABLE,RELIABLE,RELIABLE,RELIABLE,RELIABLE,STATIONARY,STATIONARY,STATIONARY,MOVING,MOVING,STATIONARY,MOVING,MOVING,MOVING
129147,3854,6,SITTING_STILL,0.10943312,0.00045439,0.00415219,0.00416876,0.00607781,0.00516703,0.00685178,0.01016511,0.00573248,0.01030546,0.01127760,RELIABLE,RELIABLE,RELIABLE,RELIABLE,RELIABLE,RELIABLE,RELIABLE,RELIABLE,STATIONARY,STATIONARY,STATIONARY,MOVING,MOVING,STATIONARY,MOVING,MOVING,MOVING
129178,3855,6,SITTING_STILL,0.10969772,0.00069476,0.00633338,0.00455280,0.00643392,0.00605128,0.00693738,0.00993211,0.00570637,0.01037261,0.01132894,RELIABLE,RELIABLE,RELIABLE,RELIABLE,RELIABLE,RELIABLE,RELIABLE,RELIABLE,STATIONARY,STATIONARY,STATIONARY,MOVING,MOVING,STATIONARY,MOVING,MOVING,MOVING
129209,3856,6,SITTING_STILL,0.10962661,0.00042097,0.00384001,0.00482979,0.00645524,0.00631843,0.00749552,0.01060008,0.00773672,0.01358470,0.01445662,RELIABLE,RELIABLE,RELIABLE,RELIABLE,RELIABLE,RELIABLE,RELIABLE,RELIABLE,STATIONARY,STATIONARY,STATIONARY,MOVING,MOVING,STATIONARY,MOVING,MOVING,MOVING
129246,3857,6,SITTING_STILL,0.10970103,0.00033642,0.00306667,0.00434779,0.00687000,0.00524637,0.00638417,0.01030354,0.00793831,0.01351728,0.01248196,RELIABLE,RELIABLE,RELIABLE,RELIABLE,RELIABLE,RELIABLE,RELIABLE,RELIABLE,STATIONARY,STATIONARY,STATIONARY,MOVING,MOVING,STATIONARY,MOVING,MOVING,MOVING
129272,3858,6,SITTING_STILL,0.10973914,0.00016821,0.00153280,0.00401600,0.00662978,0.00481148,0.00610688,0.00874647,0.00707847,0.01333665,0.01094624,RELIABLE,RELIABLE,RELIABLE,RELIABLE,RELIABLE,RELIABLE,RELIABLE,RELIABLE,STATIONARY,STATIONARY,STATIONARY,MOVING,MOVING,STATIONARY,MOVING,MOVING,MOVING
129304,3859,6,SITTING_STILL,0.11063038,0.00044637,0.00403477,0.00411099,0.00687279,0.00507383,0.00589326,0.00803648,0.00678304,0.01228358,0.01089993,RELIABLE,RELIABLE,RELIABLE,RELIABLE,RELIABLE,RELIABLE,RELIABLE,RELIABLE,STATIONARY,STATIONARY,STATIONARY,MOVING,MOVING,STATIONARY,MOVING,MOVING,MOVING
129335,3860,6,SITTING_STILL,0.11128912,0.00028872,0.00259431,0.00422971,0.00685846,0.00557404,0.00688782,0.00899006,0.00768430,0.01291404,0.01175781,RELIABLE,RELIABLE,RELIABLE,RELIABLE,RELIABLE,RELIABLE,RELIABLE,RELIABLE,STATIONARY,STATIONARY,STATIONARY,MOVING,MOVING,STATIONARY,MOVING,MOVING,MOVING
129375,3861,6,SITTING_STILL,0.11118112,0.00053149,0.00478037,0.00379181,0.00588984,0.00478026,0.00674836,0.00842346,0.00769706,0.01338054,0.01214961,RELIABLE,RELIABLE,RELIABLE,RELIABLE,RELIABLE,RELIABLE,RELIABLE,RELIABLE,STATIONARY,STATIONARY,STATIONARY,MOVING,MOVING,STATIONARY,MOVING,MOVING,MOVING
129414,3862,6,SITTING_STILL,0.11112713,0.00026574,0.00239135,0.00357171,0.00540348,0.00438152,0.00667753,0.00813860,0.00770237,0.01361279,0.01234350,RELIABLE,RELIABLE,RELIABLE,RELIABLE,RELIABLE,RELIABLE,RELIABLE,RELIABLE,STATIONARY,STATIONARY,STATIONARY,MOVING,MOVING,STATIONARY,MOVING,MOVING,MOVING
129445,3863,6,SITTING_STILL,0.11147342,0.00063905,0.00573274,0.00349663,0.00503340,0.00368915,0.00659378,0.00884592,0.00879922,0.01323003,0.01266969,RELIABLE,RELIABLE,RELIABLE,RELIABLE,RELIABLE,RELIABLE,RELIABLE,RELIABLE,STATIONARY,STATIONARY,STATIONARY,MOVING,MOVING,STATIONARY,MOVING,MOVING,MOVING
129477,3864,6,SITTING_STILL,0.11038462,0.00039735,0.00359965,0.00346658,0.00572433,0.00407874,0.00725394,0.00818214,0.00858711,0.01283673,0.01016340,RELIABLE,RELIABLE,RELIABLE,RELIABLE,RELIABLE,RELIABLE,RELIABLE,RELIABLE,STATIONARY,STATIONARY,STATIONARY,MOVING,MOVING,STATIONARY,MOVING,MOVING,MOVING
129508,3865,6,SITTING_STILL,0.11049785,0.00040056,0.00362502,0.00353638,0.00527673,0.00399200,0.00758540,0.00878266,0.00817611,0.01361069,0.01200128,RELIABLE,RELIABLE,RELIABLE,RELIABLE,RELIABLE,RELIABLE,RELIABLE,RELIABLE,STATIONARY,STATIONARY,STATIONARY,MOVING,MOVING,STATIONARY,MOVING,MOVING,MOVING
129538,3866,6,SITTING_STILL,0.11031396,0.00045910,0.00416177,0.00386500,0.00495323,0.00464114,0.00838909,0.01046264,0.00925582,0.01562251,0.01321027,RELIABLE,RELIABLE,RELIABLE,RELIABLE,RELIABLE,RELIABLE,RELIABLE,RELIABLE,STATIONARY,STATIONARY,STATIONARY,MOVING,MOVING,STATIONARY,MOVING,MOVING,MOVING
129583,3867,6,SITTING_STILL,0.11029594,0.00053374,0.00483912,0.00396554,0.00496603,0.00478033,0.00986147,0.01057698,0.00973859,0.01614227,0.01502275,RELIABLE,RELIABLE,RELIABLE,RELIABLE,RELIABLE,RELIABLE,RELIABLE,RELIABLE,STATIONARY,STATIONARY,STATIONARY,MOVING,MOVING,STATIONARY,MOVING,MOVING,MOVING
129615,3868,6,SITTING_STILL,0.11028755,0.00026687,0.00241975,0.00394372,0.00510706,0.00448044,0.00949475,0.00932142,0.00892911,0.01524034,0.01504618,RELIABLE,RELIABLE,RELIABLE,RELIABLE,RELIABLE,RELIABLE,RELIABLE,RELIABLE,STATIONARY,STATIONARY,STATIONARY,MOVING,MOVING,STATIONARY,MOVING,MOVING,MOVING
129647,3869,6,SITTING_STILL,0.11078986,0.00054739,0.00494078,0.00396377,0.00506704,0.00403631,0.01075405,0.00994904,0.00915117,0.01627420,0.01462408,RELIABLE,RELIABLE,RELIABLE,RELIABLE,RELIABLE,RELIABLE,RELIABLE,RELIABLE,STATIONARY,STATIONARY,STATIONARY,MOVING,MOVING,STATIONARY,MOVING,MOVING,MOVING
129677,3870,6,SITTING_STILL,0.11099528,0.00052077,0.00469180,0.00425133,0.00518469,0.00398769,0.01101085,0.01086798,0.00948892,0.01774659,0.01570088,RELIABLE,RELIABLE,RELIABLE,RELIABLE,RELIABLE,RELIABLE,RELIABLE,RELIABLE,STATIONARY,STATIONARY,STATIONARY,MOVING,MOVING,STATIONARY,MOVING,MOVING,MOVING
129709,3871,6,SITTING_STILL,0.11114727,0.00040340,0.00362939,0.00398841,0.00509608,0.00392422,0.01081873,0.00986661,0.00956105,0.01812497,0.01626190,RELIABLE,RELIABLE,RELIABLE,RELIABLE,RELIABLE,RELIABLE,RELIABLE,RELIABLE,STATIONARY,STATIONARY,STATIONARY,MOVING,MOVING,STATIONARY,MOVING,MOVING,MOVING
129742,3872,6,SITTING_STILL,0.11089107,0.00028493,0.00256947,0.00385964,0.00434710,0.00361571,0.01007525,0.00995885,0.00815692,0.01523529,0.01626504,RELIABLE,RELIABLE,RELIABLE,RELIABLE,RELIABLE,RELIABLE,RELIABLE,RELIABLE,STATIONARY,STATIONARY,STATIONARY,MOVING,MOVING,STATIONARY,MOVING,MOVING,MOVING
129772,3873,6,SITTING_STILL,0.11076534,0.00014247,0.00128619,0.00356728,0.00399026,0.00363717,0.00942340,0.00928014,0.00795282,0.01326422,0.01438637,RELIABLE,RELIABLE,RELIABLE,RELIABLE,RELIABLE,RELIABLE,RELIABLE,RELIABLE,STATIONARY,STATIONARY,STATIONARY,MOVING,MOVING,STATIONARY,MOVING,MOVING,MOVING
129803,3874,6,SITTING_STILL,0.11051823,0.00115081,0.01041283,0.00434867,0.00488890,0.00466841,0.00926642,0.00854006,0.00723766,0.01159662,0.01419783,RELIABLE,RELIABLE,RELIABLE,RELIABLE,RELIABLE,RELIABLE,RELIABLE,RELIABLE,STATIONARY,STATIONARY,STATIONARY,MOVING,MOVING,STATIONARY,MOVING,MOVING,MOVING
129833,3875,6,SITTING_STILL,0.11054435,0.00099724,0.00902121,0.00487143,0.00559960,0.00608236,0.00804899,0.00831594,0.00702267,0.01067944,0.01330638,RELIABLE,RELIABLE,RELIABLE,RELIABLE,RELIABLE,RELIABLE,RELIABLE,RELIABLE,STATIONARY,STATIONARY,STATIONARY,MOVING,MOVING,STATIONARY,MOVING,MOVING,MOVING
129870,3876,6,SITTING_STILL,0.11057111,0.00054374,0.00491760,0.00518366,0.00609892,0.00629306,0.00853089,0.00881806,0.00785189,0.01244364,0.01463483,RELIABLE,RELIABLE,RELIABLE,RELIABLE,RELIABLE,RELIABLE,RELIABLE,RELIABLE,STATIONARY,STATIONARY,STATIONARY,MOVING,MOVING,STATIONARY,MOVING,MOVING,MOVING
129911,3877,6,SITTING_STILL,0.10936352,0.00096232,0.00879930,0.00566597,0.00723538,0.00770858,0.00733527,0.00931259,0.00743263,0.01147431,0.01395801,RELIABLE,RELIABLE,RELIABLE,RELIABLE,RELIABLE,RELIABLE,RELIABLE,RELIABLE,STATIONARY,STATIONARY,STATIONARY,MOVING,MOVING,STATIONARY,MOVING,MOVING,MOVING
129951,3878,6,SITTING_STILL,0.10990456,0.00049404,0.00449522,0.00564140,0.00775342,0.00806629,0.00745449,0.00833854,0.00748414,0.01154737,0.01281981,RELIABLE,RELIABLE,RELIABLE,RELIABLE,RELIABLE,RELIABLE,RELIABLE,RELIABLE,STATIONARY,STATIONARY,STATIONARY,MOVING,MOVING,STATIONARY,MOVING,MOVING,MOVING
129988,3879,6,SITTING_STILL,0.11017556,0.00024702,0.00224208,0.00546799,0.00755552,0.00801453,0.00702521,0.00738077,0.00629505,0.01087698,0.01094729,RELIABLE,RELIABLE,RELIABLE,RELIABLE,RELIABLE,RELIABLE,RELIABLE,RELIABLE,STATIONARY,STATIONARY,STATIONARY,MOVING,MOVING,STATIONARY,MOVING,MOVING,MOVING
130020,3880,6,SITTING_STILL,0.11075884,0.00083666,0.00755387,0.00609104,0.00750203,0.00835221,0.00807908,0.00693007,0.00683047,0.01254598,0.01114688,RELIABLE,RELIABLE,RELIABLE,RELIABLE,RELIABLE,RELIABLE,RELIABLE,RELIABLE,STATIONARY,STATIONARY,STATIONARY,MOVING,MOVING,STATIONARY,MOVING,MOVING,MOVING
130052,3881,6,SITTING_STILL,0.11044461,0.00096070,0.00869848,0.00701757,0.00922881,0.00942434,0.00941388,0.00878428,0.00766035,0.01468218,0.01307912,RELIABLE,RELIABLE,RELIABLE,RELIABLE,RELIABLE,RELIABLE,RELIABLE,RELIABLE,STATIONARY,STATIONARY,STATIONARY,MOVING,MOVING,STATIONARY,MOVING,MOVING,MOVING
130083,3882,6,SITTING_STILL,0.11051986,0.00062344,0.00564098,0.00642109,0.00904129,0.00822220,0.00932857,0.00892588,0.00764376,0.01536513,0.01357138,RELIABLE,RELIABLE,RELIABLE,RELIABLE,RELIABLE,RELIABLE,RELIABLE,RELIABLE,STATIONARY,STATIONARY,STATIONARY,MOVING,MOVING,STATIONARY,MOVING,MOVING,MOVING
130115,3883,6,SITTING_STILL,0.11055752,0.00031172,0.00281953,0.00564588,0.00795620,0.00650987,0.00902933,0.00849098,0.00719779,0.01549542,0.01278005,RELIABLE,RELIABLE,RELIABLE,RELIABLE,RELIABLE,RELIABLE,RELIABLE,RELIABLE,STATIONARY,STATIONARY,STATIONARY,MOVING,MOVING,STATIONARY,MOVING,MOVING,MOVING
130147,3884,6,SITTING_STILL,0.11097725,0.00079213,0.00713781,0.00592341,0.00780893,0.00679298,0.00788844,0.00885858,0.00661616,0.01367116,0.01163746,RELIABLE,RELIABLE,RELIABLE,RELIABLE,RELIABLE,RELIABLE,RELIABLE,RELIABLE,STATIONARY,STATIONARY,STATIONARY,MOVING,MOVING,STATIONARY,MOVING,MOVING,MOVING
130176,3885,6,SITTING_STILL,0.11093414,0.00085442,0.00770204,0.00578625,0.00748508,0.00619319,0.00761753,0.00875208,0.00669507,0.01558246,0.01160592,RELIABLE,RELIABLE,RELIABLE,RELIABLE,RELIABLE,RELIABLE,RELIABLE,RELIABLE,STATIONARY,STATIONARY,STATIONARY,MOVING,MOVING,STATIONARY,MOVING,MOVING,MOVING
130208,3886,6,SITTING_STILL,0.11097820,0.00034809,0.00313655,0.00561642,0.00682494,0.00576605,0.00814047,0.00886706,0.00664236,0.01501739,0.01171068,RELIABLE,RELIABLE,RELIABLE,RELIABLE,RELIABLE,RELIABLE,RELIABLE,RELIABLE,STATIONARY,STATIONARY,STATIONARY,MOVING,MOVING,STATIONARY,MOVING,MOVING,MOVING
130240,3887,6,SITTING_STILL,0.11093146,0.00041033,0.00369892,0.00579852,0.00676280,0.00579622,0.00905489,0.00916445,0.00656509,0.01461921,0.01290256,RELIABLE,RELIABLE,RELIABLE,RELIABLE,RELIABLE,RELIABLE,RELIABLE,RELIABLE,STATIONARY,STATIONARY,STATIONARY,MOVING,MOVING,STATIONARY,MOVING,MOVING,MOVING
130271,3888,6,SITTING_STILL,0.11090813,0.00020516,0.00184985,0.00508552,0.00667340,0.00516433,0.00767582,0.00892835,0.00555485,0.01252179,0.01221061,RELIABLE,RELIABLE,RELIABLE,RELIABLE,RELIABLE,RELIABLE,RELIABLE,RELIABLE,STATIONARY,STATIONARY,STATIONARY,MOVING,MOVING,STATIONARY,MOVING,MOVING,MOVING
130302,3889,6,SITTING_STILL,0.11093865,0.00034967,0.00315189,0.00439220,0.00510730,0.00447208,0.00698631,0.00734893,0.00519008,0.01269850,0.01106876,RELIABLE,RELIABLE,RELIABLE,RELIABLE,RELIABLE,RELIABLE,RELIABLE,RELIABLE,STATIONARY,STATIONARY,STATIONARY,MOVING,MOVING,STATIONARY,MOVING,MOVING,MOVING
130334,3890,6,SITTING_STILL,0.11100066,0.00044627,0.00402043,0.00418963,0.00494142,0.00428936,0.00685009,0.00730118,0.00539752,0.01282645,0.01184180,RELIABLE,RELIABLE,RELIABLE,RELIABLE,RELIABLE,RELIABLE,RELIABLE,RELIABLE,STATIONARY,STATIONARY,STATIONARY,MOVING,MOVING,STATIONARY,MOVING,MOVING,MOVING
130366,3891,6,SITTING_STILL,0.11018173,0.00048825,0.00443134,0.00439110,0.00546868,0.00436280,0.00791580,0.00707571,0.00606265,0.01352486,0.01257851,RELIABLE,RELIABLE,RELIABLE,RELIABLE,RELIABLE,RELIABLE,RELIABLE,RELIABLE,STATIONARY,STATIONARY,STATIONARY,MOVING,MOVING,STATIONARY,MOVING,MOVING,MOVING
130398,3892,6,SITTING_STILL,0.11076468,0.00023700,0.00213963,0.00376633,0.00504314,0.00407843,0.00859434,0.00627689,0.00628994,0.01508974,0.01279500,RELIABLE,RELIABLE,RELIABLE,RELIABLE,RELIABLE,RELIABLE,RELIABLE,RELIABLE,STATIONARY,STATIONARY,STATIONARY,MOVING,MOVING,STATIONARY,MOVING,MOVING,MOVING
130446,3893,6,SITTING_STILL,0.11041617,0.00078860,0.00714209,0.00369634,0.00502737,0.00402047,0.00854302,0.00621568,0.00603439,0.01478548,0.01256843,RELIABLE,RELIABLE,RELIABLE,RELIABLE,RELIABLE,RELIABLE,RELIABLE,RELIABLE,STATIONARY,STATIONARY,STATIONARY,MOVING,MOVING,STATIONARY,MOVING,MOVING,MOVING
130474,3894,6,SITTING_STILL,0.11024235,0.00039430,0.00357667,0.00375135,0.00543128,0.00429604,0.00751508,0.00663423,0.00551121,0.01464308,0.01184684,RELIABLE,RELIABLE,RELIABLE,RELIABLE,RELIABLE,RELIABLE,RELIABLE,RELIABLE,STATIONARY,STATIONARY,STATIONARY,MOVING,MOVING,STATIONARY,MOVING,MOVING,MOVING
130506,3895,6,SITTING_STILL,0.10995964,0.00033939,0.00308647,0.00367480,0.00528397,0.00417480,0.00751748,0.00835667,0.00638272,0.01539764,0.01146254,RELIABLE,RELIABLE,RELIABLE,RELIABLE,RELIABLE,RELIABLE,RELIABLE,RELIABLE,STATIONARY,STATIONARY,STATIONARY,MOVING,MOVING,STATIONARY,MOVING,MOVING,MOVING
130537,3896,6,SITTING_STILL,0.10964292,0.00100291,0.00914703,0.00458694,0.00654055,0.00572119,0.00874553,0.00914844,0.00751637,0.01807274,0.01237977,RELIABLE,RELIABLE,RELIABLE,RELIABLE,RELIABLE,RELIABLE,RELIABLE,RELIABLE,STATIONARY,STATIONARY,STATIONARY,MOVING,MOVING,STATIONARY,MOVING,MOVING,MOVING
130574,3897,6,SITTING_STILL,0.11068566,0.00077803,0.00702918,0.00507160,0.00756106,0.00620043,0.00877463,0.01043379,0.00758332,0.01757708,0.01220775,RELIABLE,RELIABLE,RELIABLE,RELIABLE,RELIABLE,RELIABLE,RELIABLE,RELIABLE,STATIONARY,STATIONARY,STATIONARY,MOVING,MOVING,STATIONARY,MOVING,MOVING,MOVING
130600,3898,6,SITTING_STILL,0.11120800,0.00038901,0.00349808,0.00500631,0.00752464,0.00629930,0.00852384,0.01013636,0.00698452,0.01672710,0.01020783,RELIABLE,RELIABLE,RELIABLE,RELIABLE,RELIABLE,RELIABLE,RELIABLE,RELIABLE,STATIONARY,STATIONARY,STATIONARY,MOVING,MOVING,STATIONARY,MOVING,MOVING,MOVING
130631,3899,6,SITTING_STILL,0.11103275,0.00110231,0.00992783,0.00569337,0.00849992,0.00732704,0.00834229,0.01181958,0.00652430,0.01665407,0.00951951,RELIABLE,RELIABLE,RELIABLE,RELIABLE,RELIABLE,RELIABLE,RELIABLE,RELIABLE,STATIONARY,STATIONARY,STATIONARY,MOVING,MOVING,STATIONARY,MOVING,MOVING,MOVING
130662,3900,6,SITTING_STILL,0.11038180,0.00036031,0.00326421,0.00583394,0.00848155,0.00731106,0.00797896,0.01223692,0.00630775,0.01726898,0.01020196,RELIABLE,RELIABLE,RELIABLE,RELIABLE,RELIABLE,RELIABLE,RELIABLE,RELIABLE,STATIONARY,STATIONARY,STATIONARY,MOVING,MOVING,STATIONARY,MOVING,MOVING,MOVING
130702,3901,6,SITTING_STILL,0.11099680,0.00049315,0.00444290,0.00549655,0.00808954,0.00695989,0.00814750,0.01177469,0.00621047,0.01730999,0.01058955,RELIABLE,RELIABLE,RELIABLE,RELIABLE,RELIABLE,RELIABLE,RELIABLE,RELIABLE,STATIONARY,STATIONARY,STATIONARY,MOVING,MOVING,STATIONARY,MOVING,MOVING,MOVING
130739,3902,6,SITTING_STILL,0.11115417,0.00068508,0.00616335,0.00581988,0.00806934,0.00769606,0.00847833,0.01161505,0.00672484,0.01655038,0.01236289,RELIABLE,RELIABLE,RELIABLE,RELIABLE,RELIABLE,RELIABLE,RELIABLE,RELIABLE,STATIONARY,STATIONARY,STATIONARY,MOVING,MOVING,STATIONARY,MOVING,MOVING,MOVING
130782,3903,6,SITTING_STILL,0.11074432,0.00050645,0.00457315,0.00600572,0.00833717,0.00773322,0.00805186,0.01046075,0.00627176,0.01621691,0.01307468,RELIABLE,RELIABLE,RELIABLE,RELIABLE,RELIABLE,RELIABLE,RELIABLE,RELIABLE,STATIONARY,STATIONARY,STATIONARY,MOVING,MOVING,STATIONARY,MOVING,MOVING,MOVING
130817,3904,6,SITTING_STILL,0.11053944,0.00025322,0.00229081,0.00514869,0.00714134,0.00614502,0.00661248,0.00995396,0.00534804,0.01375337,0.01232295,RELIABLE,RELIABLE,RELIABLE,RELIABLE,RELIABLE,RELIABLE,RELIABLE,RELIABLE,STATIONARY,STATIONARY,STATIONARY,MOVING,MOVING,STATIONARY,MOVING,MOVING,MOVING
130848,3905,6,SITTING_STILL,0.10993808,0.00096528,0.00878020,0.00536757,0.00762745,0.00648175,0.00636772,0.00938117,0.00524319,0.01341997,0.01449700,RELIABLE,RELIABLE,RELIABLE,RELIABLE,RELIABLE,RELIABLE,RELIABLE,RELIABLE,STATIONARY,STATIONARY,STATIONARY,MOVING,MOVING,STATIONARY,MOVING,MOVING,MOVING
130879,3906,6,SITTING_STILL,0.10955597,0.00070987,0.00647949,0.00574024,0.00835421,0.00672362,0.00639729,0.00895632,0.00515932,0.01360926,0.01592122,RELIABLE,RELIABLE,RELIABLE,RELIABLE,RELIABLE,RELIABLE,RELIABLE,RELIABLE,STATIONARY,STATIONARY,STATIONARY,MOVING,MOVING,STATIONARY,MOVING,MOVING,MOVING
130910,3907,6,SITTING_STILL,0.11023995,0.00054348,0.00492998,0.00511551,0.00759277,0.00595209,0.00646898,0.00752007,0.00507897,0.01348430,0.01640830,RELIABLE,RELIABLE,RELIABLE,RELIABLE,RELIABLE,RELIABLE,RELIABLE,RELIABLE,STATIONARY,STATIONARY,STATIONARY,MOVING,MOVING,STATIONARY,MOVING,MOVING,MOVING
130941,3908,6,SITTING_STILL,0.11058210,0.00027174,0.00245736,0.00501465,0.00786614,0.00577326,0.00653005,0.00671194,0.00455159,0.01121910,0.01474748,RELIABLE,RELIABLE,RELIABLE,RELIABLE,RELIABLE,RELIABLE,RELIABLE,RELIABLE,STATIONARY,STATIONARY,STATIONARY,MOVING,MOVING,STATIONARY,MOVING,MOVING,MOVING
130972,3909,6,SITTING_STILL,0.11088265,0.00032735,0.00295219,0.00482832,0.00693935,0.00516367,0.00765963,0.00622666,0.00526428,0.01009574,0.01529150,RELIABLE,RELIABLE,RELIABLE,RELIABLE,RELIABLE,RELIABLE,RELIABLE,RELIABLE,STATIONARY,STATIONARY,STATIONARY,MOVING,MOVING,STATIONARY,MOVING,MOVING,MOVING
131003,3910,6,SITTING_STILL,0.11079261,0.00038225,0.00345013,0.00448916,0.00663827,0.00477002,0.00828671,0.00603508,0.00529200,0.01039692,0.01625102,RELIABLE,RELIABLE,RELIABLE,RELIABLE,RELIABLE,RELIABLE,RELIABLE,RELIABLE,STATIONARY,STATIONARY,STATIONARY,MOVING,MOVING,STATIONARY,MOVING,MOVING,MOVING
131034,3911,6,SITTING_STILL,0.11055101,0.00051572,0.00466502,0.00450065,0.00674419,0.00493805,0.00801061,0.00595873,0.00551641,0.01036530,0.01513994,RELIABLE,RELIABLE,RELIABLE,RELIABLE,RELIABLE,RELIABLE,RELIABLE,RELIABLE,STATIONARY,STATIONARY,STATIONARY,MOVING,MOVING,STATIONARY,MOVING,MOVING,MOVING
131070,3912,6,SITTING_STILL,0.11097563,0.00028745,0.00259020,0.00453807,0.00669834,0.00516546,0.00847701,0.00688332,0.00603891,0.01126920,0.01538608,RELIABLE,RELIABLE,RELIABLE,RELIABLE,RELIABLE,RELIABLE,RELIABLE,RELIABLE,STATIONARY,STATIONARY,STATIONARY,MOVING,MOVING,STATIONARY,MOVING,MOVING,MOVING
131118,3913,6,SITTING_STILL,0.11031671,0.00108150,0.00980357,0.00466599,0.00703403,0.00536677,0.00823043,0.00728775,0.00618598,0.01017754,0.01296751,RELIABLE,RELIABLE,RELIABLE,RELIABLE,RELIABLE,RELIABLE,RELIABLE,RELIABLE,STATIONARY,STATIONARY,STATIONARY,MOVING,MOVING,STATIONARY,MOVING,MOVING,MOVING
131159,3914,6,SITTING_STILL,0.11032352,0.00060608,0.00549370,0.00454277,0.00675396,0.00533014,0.00874737,0.00904447,0.00659653,0.01121773,0.01217193,RELIABLE,RELIABLE,RELIABLE,RELIABLE,RELIABLE,RELIABLE,RELIABLE,RELIABLE,STATIONARY,STATIONARY,STATIONARY,MOVING,MOVING,STATIONARY,MOVING,MOVING,MOVING
131191,3915,6,SITTING_STILL,0.11032980,0.00030304,0.00274669,0.00426986,0.00613516,0.00506127,0.00787142,0.00951647,0.00643975,0.01097126,0.01133762,RELIABLE,RELIABLE,RELIABLE,RELIABLE,RELIABLE,RELIABLE,RELIABLE,RELIABLE,STATIONARY,STATIONARY,STATIONARY,MOVING,MOVING,STATIONARY,MOVING,MOVING,MOVING
131223,3916,6,SITTING_STILL,0.11151466,0.00104046,0.00933027,0.00512897,0.00715130,0.00627152,0.00896900,0.01108092,0.00756717,0.01183337,0.01284760,RELIABLE,RELIABLE,RELIABLE,RELIABLE,RELIABLE,RELIABLE,RELIABLE,RELIABLE,STATIONARY,STATIONARY,STATIONARY,MOVING,MOVING,STATIONARY,MOVING,MOVING,MOVING
131255,3917,6,SITTING_STILL,0.11145964,0.00057944,0.00519865,0.00540978,0.00773776,0.00669248,0.00813756,0.01165866,0.00750650,0.01119465,0.01227902,RELIABLE,RELIABLE,RELIABLE,RELIABLE,RELIABLE,RELIABLE,RELIABLE,RELIABLE,STATIONARY,STATIONARY,STATIONARY,MOVING,MOVING,STATIONARY,MOVING,MOVING,MOVING
131285,3918,6,SITTING_STILL,0.11054694,0.00063040,0.00570255,0.00569133,0.00824861,0.00665468,0.00780244,0.01272102,0.00835438,0.01320149,0.01127709,RELIABLE,RELIABLE,RELIABLE,RELIABLE,RELIABLE,RELIABLE,RELIABLE,RELIABLE,STATIONARY,STATIONARY,STATIONARY,MOVING,MOVING,STATIONARY,MOVING,MOVING,MOVING
131316,3919,6,SITTING_STILL,0.11009060,0.00031520,0.00286309,0.00546609,0.00805431,0.00661986,0.00765008,0.01255795,0.00820057,0.01364010,0.01143202,RELIABLE,RELIABLE,RELIABLE,RELIABLE,RELIABLE,RELIABLE,RELIABLE,RELIABLE,STATIONARY,STATIONARY,STATIONARY,MOVING,MOVING,STATIONARY,MOVING,MOVING,MOVING
131348,3920,6,SITTING_STILL,0.11022323,0.00107748,0.00977544,0.00636425,0.01005560,0.00835423,0.00728350,0.01199895,0.00802379,0.01398984,0.01127597,RELIABLE,RELIABLE,RELIABLE,RELIABLE,RELIABLE,RELIABLE,RELIABLE,RELIABLE,STATIONARY,STATIONARY,STATIONARY,MOVING,MOVING,STATIONARY,MOVING,MOVING,MOVING
131380,3921,6,SITTING_STILL,0.11073806,0.00057406,0.00518398,0.00578680,0.00842187,0.00717619,0.00848089,0.01195418,0.00799266,0.01710585,0.01210890,RELIABLE,RELIABLE,RELIABLE,RELIABLE,RELIABLE,RELIABLE,RELIABLE,RELIABLE,STATIONARY,STATIONARY,STATIONARY,MOVING,MOVING,STATIONARY,MOVING,MOVING,MOVING
131411,3922,6,SITTING_STILL,0.11113601,0.00052934,0.00476297,0.00569546,0.00801972,0.00723136,0.00815276,0.00994299,0.00771400,0.01804478,0.01257868,RELIABLE,RELIABLE,RELIABLE,RELIABLE,RELIABLE,RELIABLE,RELIABLE,RELIABLE,STATIONARY,STATIONARY,STATIONARY,MOVING,MOVING,STATIONARY,MOVING,MOVING,MOVING
131442,3923,6,SITTING_STILL,0.11133510,0.00026467,0.00237722,0.00564927,0.00781803,0.00725824,0.00798801,0.00893716,0.00757427,0.01851138,0.01281204,RELIABLE,RELIABLE,RELIABLE,RELIABLE,RELIABLE,RELIABLE,RELIABLE,RELIABLE,STATIONARY,STATIONARY,STATIONARY,MOVING,MOVING,STATIONARY,MOVING,MOVING,MOVING
131473,3924,6,SITTING_STILL,0.11147305,0.00038674,0.00346936,0.00491666,0.00659225,0.00596005,0.00789433,0.00871574,0.00809140,0.02015006,0.01453927,RELIABLE,RELIABLE,RELIABLE,RELIABLE,RELIABLE,RELIABLE,RELIABLE,RELIABLE,STATIONARY,STATIONARY,STATIONARY,MOVING,MOVING,STATIONARY,MOVING,MOVING,MOVING
131505,3925,6,SITTING_STILL,0.11098892,0.00049214,0.00443412,0.00482109,0.00582544,0.00579939,0.00801009,0.00850291,0.00737873,0.01910154,0.01436253,RELIABLE,RELIABLE,RELIABLE,RELIABLE,RELIABLE,RELIABLE,RELIABLE,RELIABLE,STATIONARY,STATIONARY,STATIONARY,MOVING,MOVING,STATIONARY,MOVING,MOVING,MOVING
131536,3926,6,SITTING_STILL,0.11052039,0.00048985,0.00443224,0.00466230,0.00512742,0.00518689,0.00838971,0.00883050,0.00675273,0.01703434,0.01380206,RELIABLE,RELIABLE,RELIABLE,RELIABLE,RELIABLE,RELIABLE,RELIABLE,RELIABLE,STATIONARY,STATIONARY,STATIONARY,MOVING,MOVING,STATIONARY,MOVING,MOVING,MOVING
131568,3927,6,SITTING_STILL,0.11032450,0.00105243,0.00953938,0.00549684,0.00641881,0.00619905,0.00896854,0.00936356,0.00760579,0.01776464,0.01541585,RELIABLE,RELIABLE,RELIABLE,RELIABLE,RELIABLE,RELIABLE,RELIABLE,RELIABLE,STATIONARY,STATIONARY,STATIONARY,MOVING,MOVING,STATIONARY,MOVING,MOVING,MOVING
131614,3928,6,SITTING_STILL,0.10989136,0.00077868,0.00708591,0.00516065,0.00506294,0.00502245,0.00963264,0.00931871,0.00815358,0.01955731,0.01665225,RELIABLE,RELIABLE,RELIABLE,RELIABLE,RELIABLE,RELIABLE,RELIABLE,RELIABLE,STATIONARY,STATIONARY,STATIONARY,MOVING,MOVING,STATIONARY,MOVING,MOVING,MOVING
131646,3929,6,SITTING_STILL,0.10967706,0.00038934,0.00354988,0.00495638,0.00495305,0.00502857,0.00836653,0.00793145,0.00792560,0.01746693,0.01594685,RELIABLE,RELIABLE,RELIABLE,RELIABLE,RELIABLE,RELIABLE,RELIABLE,RELIABLE,STATIONARY,STATIONARY,STATIONARY,MOVING,MOVING,STATIONARY,MOVING,MOVING,MOVING
131678,3930,6,SITTING_STILL,0.11051335,0.00074490,0.00674032,0.00520355,0.00560498,0.00492903,0.00919572,0.00884681,0.00878089,0.01693489,0.01603150,RELIABLE,RELIABLE,RELIABLE,RELIABLE,RELIABLE,RELIABLE,RELIABLE,RELIABLE,STATIONARY,STATIONARY,STATIONARY,MOVING,MOVING,STATIONARY,MOVING,MOVING,MOVING
131709,3931,6,SITTING_STILL,0.11053011,0.00083750,0.00757713,0.00585354,0.00586222,0.00525323,0.01034987,0.01001290,0.01012327,0.01863744,0.01679387,RELIABLE,RELIABLE,RELIABLE,RELIABLE,RELIABLE,RELIABLE,RELIABLE,RELIABLE,STATIONARY,STATIONARY,STATIONARY,MOVING,MOVING,STATIONARY,MOVING,MOVING,MOVING
131741,3932,6,SITTING_STILL,0.11053947,0.00051397,0.00464966,0.00600108,0.00614818,0.00639443,0.00984361,0.00902855,0.00911624,0.01677909,0.01483014,RELIABLE,RELIABLE,RELIABLE,RELIABLE,RELIABLE,RELIABLE,RELIABLE,RELIABLE,STATIONARY,STATIONARY,STATIONARY,MOVING,MOVING,STATIONARY,MOVING,MOVING,MOVING
131774,3933,6,SITTING_STILL,0.10942915,0.00100935,0.00922379,0.00659979,0.00767807,0.00777027,0.00978917,0.00913482,0.00990001,0.01872877,0.01475462,RELIABLE,RELIABLE,RELIABLE,RELIABLE,RELIABLE,RELIABLE,RELIABLE,RELIABLE,STATIONARY,STATIONARY,STATIONARY,MOVING,MOVING,STATIONARY,MOVING,MOVING,MOVING
131804,3934,6,SITTING_STILL,0.10887484,0.00050468,0.00463538,0.00662518,0.00820474,0.00841946,0.00905325,0.00785989,0.00945174,0.01884121,0.01364178,RELIABLE,RELIABLE,RELIABLE,RELIABLE,RELIABLE,RELIABLE,RELIABLE,RELIABLE,STATIONARY,STATIONARY,STATIONARY,MOVING,MOVING,STATIONARY,MOVING,MOVING,MOVING
131835,3935,6,SITTING_STILL,0.10934600,0.00036954,0.00337954,0.00585520,0.00689855,0.00724679,0.00886915,0.00778722,0.00869427,0.01964679,0.01367354,RELIABLE,RELIABLE,RELIABLE,RELIABLE,RELIABLE,RELIABLE,RELIABLE,RELIABLE,STATIONARY,STATIONARY,STATIONARY,MOVING,MOVING,STATIONARY,MOVING,MOVING,MOVING
131866,3936,6,SITTING_STILL,0.10859995,0.00045119,0.00415465,0.00548879,0.00664568,0.00705730,0.00846008,0.00904385,0.00901399,0.02020998,0.01307409,RELIABLE,RELIABLE,RELIABLE,RELIABLE,RELIABLE,RELIABLE,RELIABLE,RELIABLE,STATIONARY,STATIONARY,STATIONARY,MOVING,MOVING,STATIONARY,MOVING,MOVING,MOVING
131902,3937,6,SITTING_STILL,0.10912358,0.00032566,0.00298434,0.00541810,0.00661200,0.00667889,0.00895147,0.01139006,0.00942826,0.01928197,0.01419022,RELIABLE,RELIABLE,RELIABLE,RELIABLE,RELIABLE,RELIABLE,RELIABLE,RELIABLE,STATIONARY,STATIONARY,STATIONARY,MOVING,MOVING,STATIONARY,MOVING,MOVING,MOVING
131934,3938,6,SITTING_STILL,0.10942421,0.00080756,0.00738010,0.00549807,0.00644569,0.00701983,0.00818252,0.01047789,0.00861139,0.01803421,0.01347439,RELIABLE,RELIABLE,RELIABLE,RELIABLE,RELIABLE,RELIABLE,RELIABLE,RELIABLE,STATIONARY,STATIONARY,STATIONARY,MOVING,MOVING,STATIONARY,MOVING,MOVING,MOVING
131982,3939,6,SITTING_STILL,0.10897159,0.00048378,0.00443950,0.00510587,0.00616431,0.00729013,0.00773703,0.01046138,0.00800868,0.01696508,0.01300022,RELIABLE,RELIABLE,RELIABLE,RELIABLE,RELIABLE,RELIABLE,RELIABLE,RELIABLE,STATIONARY,STATIONARY,STATIONARY,MOVING,MOVING,STATIONARY,MOVING,MOVING,MOVING
132009,3940,6,SITTING_STILL,0.10874688,0.00024189,0.00222434,0.00480270,0.00566786,0.00641515,0.00707674,0.01041302,0.00759457,0.01675394,0.01157385,RELIABLE,RELIABLE,RELIABLE,RELIABLE,RELIABLE,RELIABLE,RELIABLE,RELIABLE,STATIONARY,STATIONARY,STATIONARY,MOVING,MOVING,STATIONARY,MOVING,MOVING,MOVING
132041,3941,6,SITTING_STILL,0.10938754,0.00087723,0.00801949,0.00465217,0.00536938,0.00539877,0.00701797,0.01098384,0.00747967,0.01619254,0.01177215,RELIABLE,RELIABLE,RELIABLE,RELIABLE,RELIABLE,RELIABLE,RELIABLE,RELIABLE,STATIONARY,STATIONARY,STATIONARY,MOVING,MOVING,STATIONARY,MOVING,MOVING,MOVING
132073,3942,6,SITTING_STILL,0.10914509,0.00069162,0.00633670,0.00486483,0.00529362,0.00534435,0.00742378,0.01208441,0.00787360,0.01646590,0.01257519,RELIABLE,RELIABLE,RELIABLE,RELIABLE,RELIABLE,RELIABLE,RELIABLE,RELIABLE,STATIONARY,STATIONARY,STATIONARY,MOVING,MOVING,STATIONARY,MOVING,MOVING,MOVING
132110,3943,6,SITTING_STILL,0.10971131,0.00042078,0.00383535,0.00492181,0.00551620,0.00579164,0.00756105,0.01129085,0.00744559,0.01545491,0.01098524,RELIABLE,RELIABLE,RELIABLE,RELIABLE,RELIABLE,RELIABLE,RELIABLE,RELIABLE,STATIONARY,STATIONARY,STATIONARY,MOVING,MOVING,STATIONARY,MOVING,MOVING,MOVING
132151,3944,6,SITTING_STILL,0.10999607,0.00021039,0.00191271,0.00464157,0.00522775,0.00540470,0.00725581,0.00942562,0.00610002,0.01230749,0.00980440,RELIABLE,RELIABLE,RELIABLE,RELIABLE,RELIABLE,RELIABLE,RELIABLE,RELIABLE,STATIONARY,STATIONARY,STATIONARY,MOVING,MOVING,STATIONARY,MOVING,MOVING,MOVING
132181,3945,6,SITTING_STILL,0.10952474,0.00065584,0.00598801,0.00501702,0.00626728,0.00654839,0.00765429,0.00853270,0.00569849,0.01528454,0.00976883,RELIABLE,RELIABLE,RELIABLE,RELIABLE,RELIABLE,RELIABLE,RELIABLE,RELIABLE,STATIONARY,STATIONARY,STATIONARY,MOVING,MOVING,STATIONARY,MOVING,MOVING,MOVING
132212,3946,6,SITTING_STILL,0.11004945,0.00070035,0.00636400,0.00489001,0.00588733,0.00599407,0.00811139,0.01021431,0.00591264,0.01601491,0.01154445,RELIABLE,RELIABLE,RELIABLE,RELIABLE,RELIABLE,RELIABLE,RELIABLE,RELIABLE,STATIONARY,STATIONARY,STATIONARY,MOVING,MOVING,STATIONARY,MOVING,MOVING,MOVING
132243,3947,6,SITTING_STILL,0.11029643,0.00048583,0.00440481,0.00488568,0.00645150,0.00572478,0.00732604,0.01072692,0.00624451,0.01619283,0.01264314,RELIABLE,RELIABLE,RELIABLE,RELIABLE,RELIABLE,RELIABLE,RELIABLE,RELIABLE,STATIONARY,STATIONARY,STATIONARY,MOVING,MOVING,STATIONARY,MOVING,MOVING,MOVING
132274,3948,6,SITTING_STILL,0.11042000,0.00024292,0.00219994,0.00488263,0.00673274,0.00558870,0.00693204,0.01098085,0.00640869,0.01627808,0.01319002,RELIABLE,RELIABLE,RELIABLE,RELIABLE,RELIABLE,RELIABLE,RELIABLE,RELIABLE,STATIONARY,STATIONARY,STATIONARY,MOVING,MOVING,STATIONARY,MOVING,MOVING,MOVING
132318,3949,6,SITTING_STILL,0.10979876,0.00089295,0.00813259,0.00489676,0.00655352,0.00523336,0.00699879,0.01051170,0.00640746,0.01624547,0.01378896,RELIABLE,RELIABLE,RELIABLE,RELIABLE,RELIABLE,RELIABLE,RELIABLE,RELIABLE,STATIONARY,STATIONARY,STATIONARY,MOVING,MOVING,STATIONARY,MOVING,MOVING,MOVING
132354,3950,6,SITTING_STILL,0.10948864,0.00044647,0.00407781,0.00461440,0.00638794,0.00459791,0.00659566,0.00946063,0.00595381,0.01567154,0.01338429,RELIABLE,RELIABLE,RELIABLE,RELIABLE,RELIABLE,RELIABLE,RELIABLE,RELIABLE,STATIONARY,STATIONARY,STATIONARY,MOVING,MOVING,STATIONARY,MOVING,MOVING,MOVING
132384,3951,6,SITTING_STILL,0.10978194,0.00051905,0.00472800,0.00472598,0.00656245,0.00434633,0.00629628,0.01024117,0.00617962,0.01642577,0.01298765,RELIABLE,RELIABLE,RELIABLE,RELIABLE,RELIABLE,RELIABLE,RELIABLE,RELIABLE,STATIONARY,STATIONARY,STATIONARY,MOVING,MOVING,STATIONARY,MOVING,MOVING,MOVING
132416,3952,6,SITTING_STILL,0.10989057,0.00059048,0.00537331,0.00515856,0.00682414,0.00445235,0.00632284,0.01133346,0.00745159,0.01769863,0.01451366,RELIABLE,RELIABLE,RELIABLE,RELIABLE,RELIABLE,RELIABLE,RELIABLE,RELIABLE,STATIONARY,STATIONARY,STATIONARY,MOVING,MOVING,STATIONARY,MOVING,MOVING,MOVING
132448,3953,6,SITTING_STILL,0.10922432,0.00059994,0.00549271,0.00509665,0.00552749,0.00368776,0.00601812,0.01097969,0.00901287,0.01717427,0.01519564,RELIABLE,RELIABLE,RELIABLE,RELIABLE,RELIABLE,RELIABLE,RELIABLE,RELIABLE,STATIONARY,STATIONARY,STATIONARY,MOVING,MOVING,STATIONARY,MOVING,MOVING,MOVING
132479,3954,6,SITTING_STILL,0.11039128,0.00050786,0.00460055,0.00487622,0.00500228,0.00367709,0.00548417,0.01012755,0.00967591,0.01687836,0.01443074,RELIABLE,RELIABLE,RELIABLE,RELIABLE,RELIABLE,RELIABLE,RELIABLE,RELIABLE,STATIONARY,STATIONARY,STATIONARY,MOVING,MOVING,STATIONARY,MOVING,MOVING,MOVING
132511,3955,6,SITTING_STILL,0.11097742,0.00025393,0.00228813,0.00461163,0.00425230,0.00318952,0.00555120,0.00887892,0.00905893,0.01539217,0.01322956,RELIABLE,RELIABLE,RELIABLE,RELIABLE,RELIABLE,RELIABLE,RELIABLE,RELIABLE,STATIONARY,STATIONARY,STATIONARY,MOVING,MOVING,STATIONARY,MOVING,MOVING,MOVING
132542,3956,6,SITTING_STILL,0.11063426,0.00047619,0.00430418,0.00487466,0.00441529,0.00321944,0.00625590,0.00885772,0.00928615,0.01657278,0.01325609,RELIABLE,RELIABLE,RELIABLE,RELIABLE,RELIABLE,RELIABLE,RELIABLE,RELIABLE,STATIONARY,STATIONARY,STATIONARY,MOVING,MOVING,STATIONARY,MOVING,MOVING,MOVING
132574,3957,6,SITTING_STILL,0.11104484,0.00049451,0.00445320,0.00441474,0.00414745,0.00340066,0.00559680,0.00891083,0.00928055,0.01693517,0.01218131,RELIABLE,RELIABLE,RELIABLE,RELIABLE,RELIABLE,RELIABLE,RELIABLE,RELIABLE,STATIONARY,STATIONARY,STATIONARY,MOVING,MOVING,STATIONARY,MOVING,MOVING,MOVING
132606,3958,6,SITTING_STILL,0.11056925,0.00053271,0.00481788,0.00450725,0.00427927,0.00379956,0.00548725,0.00947299,0.01013637,0.01774470,0.01387040,RELIABLE,RELIABLE,RELIABLE,RELIABLE,RELIABLE,RELIABLE,RELIABLE,RELIABLE,STATIONARY,STATIONARY,STATIONARY,MOVING,MOVING,STATIONARY,MOVING,MOVING,MOVING
132637,3959,6,SITTING_STILL,0.11033152,0.00026635,0.00241413,0.00421801,0.00375526,0.00363610,0.00502159,0.00885580,0.01010187,0.01573797,0.01441668,RELIABLE,RELIABLE,RELIABLE,RELIABLE,RELIABLE,RELIABLE,RELIABLE,RELIABLE,STATIONARY,STATIONARY,STATIONARY,MOVING,MOVING,STATIONARY,MOVING,MOVING,MOVING
132669,3960,6,SITTING_STILL,0.11007632,0.00048390,0.00439607,0.00409586,0.00401339,0.00404831,0.00557812,0.00836702,0.00928154,0.01470500,0.01265679,RELIABLE,RELIABLE,RELIABLE,RELIABLE,RELIABLE,RELIABLE,RELIABLE,RELIABLE,STATIONARY,STATIONARY,STATIONARY,MOVING,MOVING,STATIONARY,MOVING,MOVING,MOVING
132701,3961,6,SITTING_STILL,0.11103332,0.00042740,0.00384925,0.00389043,0.00417080,0.00371361,0.00562091,0.00820281,0.00849236,0.01388990,0.01262599,RELIABLE,RELIABLE,RELIABLE,RELIABLE,RELIABLE,RELIABLE,RELIABLE,RELIABLE,STATIONARY,STATIONARY,STATIONARY,MOVING,MOVING,STATIONARY,MOVING,MOVING,MOVING
132734,3962,6,SITTING_STILL,0.11054730,0.00050337,0.00455346,0.00388454,0.00434122,0.00338679,0.00623031,0.00784846,0.00759042,0.01343648,0.01172172,RELIABLE,RELIABLE,RELIABLE,RELIABLE,RELIABLE,RELIABLE,RELIABLE,RELIABLE,STATIONARY,STATIONARY,STATIONARY,MOVING,MOVING,STATIONARY,MOVING,MOVING,MOVING
132765,3963,6,SITTING_STILL,0.11126482,0.00069892,0.00628160,0.00438372,0.00446458,0.00360801,0.00687979,0.00952142,0.00772034,0.01349732,0.01294815,RELIABLE,RELIABLE,RELIABLE,RELIABLE,RELIABLE,RELIABLE,RELIABLE,RELIABLE,STATIONARY,STATIONARY,STATIONARY,MOVING,MOVING,STATIONARY,MOVING,MOVING,MOVING
132814,3964,6,SITTING_STILL,0.11032118,0.00037536,0.00340244,0.00427101,0.00440811,0.00343074,0.00713179,0.01080646,0.00822050,0.01228796,0.01299858,RELIABLE,RELIABLE,RELIABLE,RELIABLE,RELIABLE,RELIABLE,RELIABLE,RELIABLE,STATIONARY,STATIONARY,STATIONARY,MOVING,MOVING,STATIONARY,MOVING,MOVING,MOVING
132843,3965,6,SITTING_STILL,0.10985045,0.00018768,0.00170851,0.00392792,0.00382170,0.00290637,0.00716501,0.01043126,0.00772663,0.01070234,0.01266424,RELIABLE,RELIABLE,RELIABLE,RELIABLE,RELIABLE,RELIABLE,RELIABLE,RELIABLE,STATIONARY,STATIONARY,STATIONARY,MOVING,MOVING,STATIONARY,MOVING,MOVING,MOVING
132875,3966,6,SITTING_STILL,0.11034387,0.00040519,0.00367206,0.00378469,0.00365367,0.00245892,0.00803414,0.01038894,0.00739318,0.01185871,0.01225665,RELIABLE,RELIABLE,RELIABLE,RELIABLE,RELIABLE,RELIABLE,RELIABLE,RELIABLE,STATIONARY,STATIONARY,STATIONARY,MOVING,MOVING,STATIONARY,MOVING,MOVING,MOVING
132907,3967,6,SITTING_STILL,0.11019098,0.00039141,0.00355207,0.00392693,0.00387950,0.00225772,0.00901239,0.01125077,0.00742791,0.01264635,0.01420780,RELIABLE,RELIABLE,RELIABLE,RELIABLE,RELIABLE,RELIABLE,RELIABLE,RELIABLE,STATIONARY,STATIONARY,STATIONARY,MOVING,MOVING,STATIONARY,MOVING,MOVING,MOVING
132941,3968,6,SITTING_STILL,0.11019456,0.00104480,0.00948145,0.00456261,0.00476188,0.00283915,0.00910482,0.01163936,0.00715065,0.01367544,0.01580932,RELIABLE,RELIABLE,RELIABLE,RELIABLE,RELIABLE,RELIABLE,RELIABLE,RELIABLE,STATIONARY,STATIONARY,STATIONARY,MOVING,MOVING,STATIONARY,MOVING,MOVING,MOVING
132971,3969,6,SITTING_STILL,0.11019665,0.00052240,0.00474064,0.00467403,0.00532482,0.00343387,0.00845628,0.01089496,0.00593880,0.01230466,0.01386893,RELIABLE,RELIABLE,RELIABLE,RELIABLE,RELIABLE,RELIABLE,RELIABLE,RELIABLE,STATIONARY,STATIONARY,STATIONARY,MOVING,MOVING,STATIONARY,MOVING,MOVING,MOVING
133002,3970,6,SITTING_STILL,0.11070786,0.00055247,0.00499035,0.00472864,0.00538624,0.00373320,0.00778174,0.01114715,0.00588998,0.01206743,0.01642002,RELIABLE,RELIABLE,RELIABLE,RELIABLE,RELIABLE,RELIABLE,RELIABLE,RELIABLE,STATIONARY,STATIONARY,STATIONARY,MOVING,MOVING,STATIONARY,MOVING,MOVING,MOVING
133033,3971,6,SITTING_STILL,0.11057084,0.00050390,0.00455722,0.00451309,0.00567690,0.00375858,0.00868588,0.01026277,0.00575097,0.01271604,0.01654121,RELIABLE,RELIABLE,RELIABLE,RELIABLE,RELIABLE,RELIABLE,RELIABLE,RELIABLE,STATIONARY,STATIONARY,STATIONARY,MOVING,MOVING,STATIONARY,MOVING,MOVING,MOVING
133064,3972,6,SITTING_STILL,0.11083792,0.00073611,0.00664132,0.00491795,0.00549603,0.00438887,0.00915122,0.00924087,0.00556175,0.01281441,0.01834142,RELIABLE,RELIABLE,RELIABLE,RELIABLE,RELIABLE,RELIABLE,RELIABLE,RELIABLE,STATIONARY,STATIONARY,STATIONARY,MOVING,MOVING,STATIONARY,MOVING,MOVING,MOVING
133102,3973,6,SITTING_STILL,0.11098288,0.00061664,0.00555616,0.00539891,0.00597870,0.00511401,0.00965113,0.00884937,0.00531482,0.01466326,0.01950134,RELIABLE,RELIABLE,RELIABLE,RELIABLE,RELIABLE,RELIABLE,RELIABLE,RELIABLE,STATIONARY,STATIONARY,STATIONARY,MOVING,MOVING,STATIONARY,MOVING,MOVING,MOVING
133150,3974,6,SITTING_STILL,0.11064562,0.00103046,0.00931314,0.00610404,0.00712413,0.00597011,0.00891142,0.00805985,0.00521567,0.01311499,0.01923267,RELIABLE,RELIABLE,RELIABLE,RELIABLE,RELIABLE,RELIABLE,RELIABLE,RELIABLE,STATIONARY,STATIONARY,STATIONARY,MOVING,MOVING,STATIONARY,MOVING,MOVING,MOVING
133189,3975,6,SITTING_STILL,0.11047834,0.00051523,0.00466362,0.00624299,0.00738752,0.00637574,0.00799783,0.00678106,0.00496385,0.01213054,0.01694201,RELIABLE,RELIABLE,RELIABLE,RELIABLE,RELIABLE,RELIABLE,RELIABLE,RELIABLE,STATIONARY,STATIONARY,STATIONARY,MOVING,MOVING,STATIONARY,MOVING,MOVING,MOVING
133221,3976,6,SITTING_STILL,0.11031035,0.00093944,0.00851633,0.00612235,0.00731336,0.00650472,0.00713832,0.00799952,0.00565989,0.01156864,0.01697382,RELIABLE,RELIABLE,RELIABLE,RELIABLE,RELIABLE,RELIABLE,RELIABLE,RELIABLE,STATIONARY,STATIONARY,STATIONARY,MOVING,MOVING,STATIONARY,MOVING,MOVING,MOVING
133251,3977,6,SITTING_STILL,0.11086492,0.00074501,0.00672001,0.00636977,0.00714317,0.00659577,0.00701040,0.00941024,0.00608584,0.01285298,0.01711431,RELIABLE,RELIABLE,RELIABLE,RELIABLE,RELIABLE,RELIABLE,RELIABLE,RELIABLE,STATIONARY,STATIONARY,STATIONARY,MOVING,MOVING,STATIONARY,MOVING,MOVING,MOVING
133283,3978,6,SITTING_STILL,0.11088674,0.00042373,0.00382126,0.00622363,0.00695999,0.00631239,0.00705222,0.01032551,0.00729851,0.01355900,0.01569602,RELIABLE,RELIABLE,RELIABLE,RELIABLE,RELIABLE,RELIABLE,RELIABLE,RELIABLE,STATIONARY,STATIONARY,STATIONARY,MOVING,MOVING,STATIONARY,MOVING,MOVING,MOVING
133314,3979,6,SITTING_STILL,0.11057977,0.00075774,0.00685241,0.00651053,0.00754980,0.00677469,0.00633426,0.01027250,0.00758385,0.01493082,0.01460901,RELIABLE,RELIABLE,RELIABLE,RELIABLE,RELIABLE,RELIABLE,RELIABLE,RELIABLE,STATIONARY,STATIONARY,STATIONARY,MOVING,MOVING,STATIONARY,MOVING,MOVING,MOVING
133345,3980,6,SITTING_STILL,0.11042747,0.00037887,0.00343093,0.00610923,0.00775238,0.00640348,0.00536458,0.00977597,0.00687674,0.01516222,0.01226374,RELIABLE,RELIABLE,RELIABLE,RELIABLE,RELIABLE,RELIABLE,RELIABLE,RELIABLE,STATIONARY,STATIONARY,STATIONARY,MOVING,MOVING,STATIONARY,MOVING,MOVING,MOVING
133376,3981,6,SITTING_STILL,0.11010432,0.00047152,0.00428248,0.00595002,0.00777511,0.00631068,0.00553068,0.01091606,0.00707477,0.01482232,0.01285907,RELIABLE,RELIABLE,RELIABLE,RELIABLE,RELIABLE,RELIABLE,RELIABLE,RELIABLE,STATIONARY,STATIONARY,STATIONARY,MOVING,MOVING,STATIONARY,MOVING,MOVING,MOVING
133408,3982,6,SITTING_STILL,0.10927212,0.00068620,0.00627973,0.00557085,0.00665635,0.00569289,0.00689855,0.01205752,0.00755700,0.01560724,0.01337368,RELIABLE,RELIABLE,RELIABLE,RELIABLE,RELIABLE,RELIABLE,RELIABLE,RELIABLE,STATIONARY,STATIONARY,STATIONARY,MOVING,MOVING,STATIONARY,MOVING,MOVING,MOVING
133440,3983,6,SITTING_STILL,0.10967598,0.00010201,0.00093013,0.00510416,0.00592701,0.00535128,0.00708986,0.01349294,0.00871486,0.01759231,0.01502191,RELIABLE,RELIABLE,RELIABLE,RELIABLE,RELIABLE,RELIABLE,RELIABLE,RELIABLE,STATIONARY,STATIONARY,STATIONARY,MOVING,MOVING,STATIONARY,MOVING,MOVING,MOVING
133472,3984,6,SITTING_STILL,0.10987792,0.00005101,0.00046421,0.00409765,0.00430495,0.00384729,0.00702015,0.01187238,0.00840964,0.01715340,0.01435076,RELIABLE,RELIABLE,RELIABLE,RELIABLE,RELIABLE,RELIABLE,RELIABLE,RELIABLE,STATIONARY,STATIONARY,STATIONARY,MOVING,MOVING,STATIONARY,MOVING,MOVING,MOVING
133518,3985,6,SITTING_STILL,0.11095946,0.00085143,0.00767331,0.00421681,0.00510091,0.00444791,0.00818650,0.01076120,0.00905202,0.01673158,0.01503079,RELIABLE,RELIABLE,RELIABLE,RELIABLE,RELIABLE,RELIABLE,RELIABLE,RELIABLE,STATIONARY,STATIONARY,STATIONARY,MOVING,MOVING,STATIONARY,MOVING,MOVING,MOVING
133551,3986,6,SITTING_STILL,0.11150065,0.00042571,0.00381803,0.00421640,0.00549358,0.00498033,0.00823572,0.00924233,0.00803760,0.01579443,0.01357044,RELIABLE,RELIABLE,RELIABLE,RELIABLE,RELIABLE,RELIABLE,RELIABLE,RELIABLE,STATIONARY,STATIONARY,STATIONARY,MOVING,MOVING,STATIONARY,MOVING,MOVING,MOVING
133582,3987,6,SITTING_STILL,0.11111328,0.00047938,0.00431430,0.00389914,0.00524829,0.00495485,0.00884081,0.00992970,0.00836468,0.01444811,0.01648717,RELIABLE,RELIABLE,RELIABLE,RELIABLE,RELIABLE,RELIABLE,RELIABLE,RELIABLE,STATIONARY,STATIONARY,STATIONARY,MOVING,MOVING,STATIONARY,MOVING,MOVING,MOVING
133613,3988,6,SITTING_STILL,0.11059035,0.00061964,0.00560299,0.00417065,0.00497498,0.00481191,0.00986279,0.01079350,0.00919345,0.01548963,0.01956773,RELIABLE,RELIABLE,RELIABLE,RELIABLE,RELIABLE,RELIABLE,RELIABLE,RELIABLE,STATIONARY,STATIONARY,STATIONARY,MOVING,MOVING,STATIONARY,MOVING,MOVING,MOVING
133646,3989,6,SITTING_STILL,0.11099231,0.00111321,0.01002960,0.00488904,0.00698398,0.00540994,0.00957831,0.01128236,0.00932034,0.01544481,0.01957705,RELIABLE,RELIABLE,RELIABLE,RELIABLE,RELIABLE,RELIABLE,RELIABLE,RELIABLE,STATIONARY,STATIONARY,STATIONARY,MOVING,MOVING,STATIONARY,MOVING,MOVING,MOVING
133677,3990,6,SITTING_STILL,0.11119382,0.00055660,0.00500571,0.00472978,0.00781947,0.00566195,0.00806585,0.01086415,0.00820178,0.01435826,0.01822233,RELIABLE,RELIABLE,RELIABLE,RELIABLE,RELIABLE,RELIABLE,RELIABLE,RELIABLE,STATIONARY,STATIONARY,STATIONARY,MOVING,MOVING,STATIONARY,MOVING,MOVING,MOVING
133708,3991,6,SITTING_STILL,0.11225952,0.00059967,0.00534180,0.00528124,0.00856315,0.00614679,0.00845096,0.01260756,0.00782437,0.01444964,0.01816204,RELIABLE,RELIABLE,RELIABLE,RELIABLE,RELIABLE,RELIABLE,RELIABLE,RELIABLE,STATIONARY,STATIONARY,STATIONARY,MOVING,MOVING,STATIONARY,MOVING,MOVING,MOVING
133739,3992,6,SITTING_STILL,0.11038676,0.00064856,0.00587535,0.00595764,0.00966370,0.00653173,0.00910680,0.01496503,0.00893983,0.01602330,0.02186158,RELIABLE,RELIABLE,RELIABLE,RELIABLE,RELIABLE,RELIABLE,RELIABLE,RELIABLE,STATIONARY,STATIONARY,STATIONARY,MOVING,MOVING,STATIONARY,MOVING,MOVING,MOVING
133773,3993,6,SITTING_STILL,0.11045459,0.00050456,0.00456806,0.00556948,0.00973568,0.00629042,0.00903513,0.01905334,0.01031151,0.01553739,0.02307193,RELIABLE,RELIABLE,RELIABLE,RELIABLE,RELIABLE,RELIABLE,RELIABLE,RELIABLE,STATIONARY,STATIONARY,STATIONARY,MOVING,MOVING,STATIONARY,MOVING,MOVING,MOVING
133806,3994,6,SITTING_STILL,0.11069945,0.00110301,0.00996397,0.00633772,0.01050228,0.00645001,0.00918120,0.02781662,0.01152180,0.01636317,0.02616516,RELIABLE,RELIABLE,RELIABLE,RELIABLE,RELIABLE,RELIABLE,RELIABLE,RELIABLE,STATIONARY,STATIONARY,STATIONARY,MOVING,MOVING,STATIONARY,MOVING,MOVING,MOVING
133847,3995,6,SITTING_STILL,0.11082677,0.00055150,0.00497626,0.00642047,0.01034763,0.00595795,0.00782796,0.03042019,0.01114998,0.01558426,0.02392185,RELIABLE,RELIABLE,RELIABLE,RELIABLE,RELIABLE,RELIABLE,RELIABLE,RELIABLE,STATIONARY,STATIONARY,STATIONARY,MOVING,MOVING,STATIONARY,MOVING,MOVING,MOVING
133879,3996,6,SITTING_STILL,0.11153400,0.00094275,0.00845258,0.00677667,0.01146914,0.00690965,0.00682234,0.03777275,0.01104373,0.01454051,0.02166629,RELIABLE,RELIABLE,RELIABLE,RELIABLE,RELIABLE,RELIABLE,RELIABLE,RELIABLE,STATIONARY,STATIONARY,STATIONARY,MOVING,MOVING,STATIONARY,MOVING,MOVING,MOVING
133911,3997,6,SITTING_STILL,0.11086696,0.00052558,0.00474060,0.00611554,0.00900073,0.00633982,0.00668482,0.04538323,0.01183238,0.01508322,0.02109958,RELIABLE,RELIABLE,RELIABLE,RELIABLE,RELIABLE,RELIABLE,RELIABLE,RELIABLE,STATIONARY,STATIONARY,STATIONARY,MOVING,MOVING,STATIONARY,MOVING,MOVING,MOVING
133942,3998,6,SITTING_STILL,0.11088790,0.00030587,0.00275836,0.00583462,0.00801277,0.00609659,0.00801117,0.05129439,0.01300385,0.01569342,0.02244300,RELIABLE,RELIABLE,RELIABLE,RELIABLE,RELIABLE,RELIABLE,RELIABLE,RELIABLE,STATIONARY,STATIONARY,STATIONARY,MOVING,MOVING,STATIONARY,MOVING,MOVING,MOVING
133982,3999,6,SITTING_STILL,0.11107138,0.00067049,0.00603657,0.00592147,0.00755304,0.00611529,0.00866592,0.05446145,0.01310874,0.01499182,0.02192418,RELIABLE,RELIABLE,RELIABLE,RELIABLE,RELIABLE,RELIABLE,RELIABLE,RELIABLE,STATIONARY,STATIONARY,STATIONARY,MOVING,MOVING,STATIONARY,MOVING,MOVING,MOVING
134019,4000,6,SITTING_STILL,0.11036085,0.00062830,0.00569311,0.00589869,0.00733694,0.00648100,0.00899061,0.05517033,0.01317551,0.01481588,0.01871345,RELIABLE,RELIABLE,RELIABLE,RELIABLE,RELIABLE,RELIABLE,RELIABLE,RELIABLE,STATIONARY,STATIONARY,STATIONARY,MOVING,MOVING,MOVING,MOVING,MOVING,MOVING
134051,4001,6,SITTING_STILL,0.11000800,0.00031415,0.00285568,0.00568464,0.00623483,0.00571983,0.00805150,0.05212087,0.01152526,0.01464211,0.01661024,RELIABLE,RELIABLE,RELIABLE,RELIABLE,RELIABLE,RELIABLE,RELIABLE,RELIABLE,STATIONARY,STATIONARY,STATIONARY,MOVING,MOVING,MOVING,MOVING,MOVING,MOVING
134082,4002,6,SITTING_STILL,0.10943628,0.00070510,0.00644298,0.00524452,0.00570922,0.00593841,0.00818844,0.04794922,0.01083957,0.01579880,0.01577856,RELIABLE,RELIABLE,RELIABLE,RELIABLE,RELIABLE,RELIABLE,RELIABLE,RELIABLE,STATIONARY,STATIONARY,STATIONARY,MOVING,MOVING,MOVING,MOVING,MOVING,MOVING
134114,4003,6,SITTING_STILL,0.10850469,0.00072690,0.00669921,0.00545989,0.00623651,0.00670918,0.01016400,0.04827795,0.01160809,0.01694296,0.01679135,RELIABLE,RELIABLE,RELIABLE,RELIABLE,RELIABLE,RELIABLE,RELIABLE,RELIABLE,STATIONARY,STATIONARY,STATIONARY,MOVING,MOVING,MOVING,MOVING,MOVING,MOVING
134146,4004,6,SITTING_STILL,0.10786080,0.00107812,0.00999550,0.00565275,0.00690900,0.00787955,0.01029476,0.04169689,0.01165093,0.01681162,0.01660019,RELIABLE,RELIABLE,RELIABLE,RELIABLE,RELIABLE,RELIABLE,RELIABLE,RELIABLE,STATIONARY,STATIONARY,STATIONARY,MOVING,MOVING,MOVING,MOVING,MOVING,MOVING
134177,4005,6,SITTING_STILL,0.10754626,0.00053906,0.00501237,0.00568672,0.00763610,0.00834125,0.00987087,0.03290607,0.01071766,0.01490236,0.01544604,RELIABLE,RELIABLE,RELIABLE,RELIABLE,RELIABLE,RELIABLE,RELIABLE,RELIABLE,STATIONARY,STATIONARY,STATIONARY,MOVING,MOVING,MOVING,MOVING,MOVING,MOVING
134208,4006,6,SITTING_STILL,0.10757524,0.00095471,0.00887482,0.00645128,0.00831557,0.00974762,0.00932710,0.02963789,0.01006431,0.01424627,0.01400765,RELIABLE,RELIABLE,RELIABLE,RELIABLE,RELIABLE,RELIABLE,RELIABLE,RELIABLE,STATIONARY,STATIONARY,STATIONARY,MOVING,MOVING,MOVING,MOVING,MOVING,MOVING
134240,4007,6,SITTING_STILL,0.10721574,0.00097514,0.00909511,0.00683360,0.00922272,0.00970241,0.00910789,0.02585306,0.01160903,0.01564465,0.01483464,RELIABLE,RELIABLE,RELIABLE,RELIABLE,RELIABLE,RELIABLE,RELIABLE,RELIABLE,STATIONARY,STATIONARY,STATIONARY,MOVING,MOVING,MOVING,MOVING,MOVING,MOVING
134272,4008,6,SITTING_STILL,0.10722837,0.00134532,0.01254628,0.00769025,0.01074711,0.01105774,0.00895511,0.02404640,0.01071244,0.01579068,0.01620610,RELIABLE,RELIABLE,RELIABLE,RELIABLE,RELIABLE,RELIABLE,RELIABLE,RELIABLE,STATIONARY,STATIONARY,STATIONARY,MOVING,MOVING,MOVING,MOVING,MOVING,MOVING
134302,4009,6,SITTING_STILL,0.10802410,0.00085445,0.00790983,0.00832201,0.01225960,0.01228369,0.00881093,0.02488661,0.01112358,0.01729450,0.01723979,RELIABLE,RELIABLE,RELIABLE,RELIABLE,RELIABLE,RELIABLE,RELIABLE,RELIABLE,STATIONARY,STATIONARY,STATIONARY,MOVING,MOVING,MOVING,MOVING,MOVING,MOVING
