timestamp_ms,frame_number,track_id,trial,body_scale,HEAD_raw_motion,HEAD_normalized_motion,HEAD_motion,LEFT_EYE_motion,RIGHT_EYE_motion,LEFT_ARM_motion,RIGHT_ARM_motion,TORSO_motion,LEFT_LEG_motion,RIGHT_LEG_motion,HEAD_observability,LEFT_EYE_observability,RIGHT_EYE_observability,LEFT_ARM_observability,RIGHT_ARM_observability,TORSO_observability,LEFT_LEG_observability,RIGHT_LEG_observability,HEAD_state,LEFT_EYE_state,RIGHT_EYE_state,LEFT_ARM_state,RIGHT_ARM_state,TORSO_state,LEFT_LEG_state,RIGHT_LEG_state,OVERALL_state
28412,829,14,NO TRIAL,0.15538642,0.00229877,0.01479387,0.00953316,0.00972699,0.01163733,0.01079058,0.01308626,0.01285258,0.02148965,0.01706030,RELIABLE,RELIABLE,RELIABLE,RELIABLE,RELIABLE,RELIABLE,RELIABLE,RELIABLE,MOVING,MOVING,MOVING,MOVING,MOVING,MOVING,MOVING,MOVING,MOVING
28443,830,14,NO TRIAL,0.15489453,0.00131252,0.00847362,0.00919325,0.00799394,0.00967968,0.01216665,0.01323300,0.01252189,0.01970280,0.01646342,RELIABLE,RELIABLE,RELIABLE,RELIABLE,RELIABLE,RELIABLE,RELIABLE,RELIABLE,MOVING,MOVING,MOVING,MOVING,MOVING,MOVING,MOVING,MOVING,MOVING
28476,831,14,NO TRIAL,0.15504136,0.00160119,0.01032750,0.00978226,0.00896196,0.01101791,0.01274656,0.01376936,0.01427499,0.02355501,0.01897677,RELIABLE,RELIABLE,RELIABLE,RELIABLE,RELIABLE,RELIABLE,RELIABLE,RELIABLE,MOVING,MOVING,MOVING,MOVING,MOVING,MOVING,MOVING,MOVING,MOVING
28508,832,14,NO TRIAL,0.15529861,0.00187575,0.01207831,0.01023877,0.00902198,0.01096811,0.01249068,0.01248466,0.01402599,0.02265536,0.01836604,RELIABLE,RELIABLE,RELIABLE,RELIABLE,RELIABLE,RELIABLE,RELIABLE,RELIABLE,MOVING,MOVING,MOVING,MOVING,MOVING,MOVING,MOVING,MOVING,MOVING
28556,833,14,NO TRIAL,0.15463791,0.00071129,0.00459974,0.01020712,0.00905822,0.01071753,0.01202031,0.01134476,0.01358462,0.02286682,0.01751020,RELIABLE,RELIABLE,RELIABLE,RELIABLE,RELIABLE,RELIABLE,RELIABLE,RELIABLE,MOVING,MOVING,MOVING,MOVING,MOVING,MOVING,MOVING,MOVING,MOVING
28582,834,14,NO TRIAL,0.15431439,0.00035565,0.00230469,0.00959255,0.00832359,0.01014597,0.01089566,0.01130122,0.01305108,0.02155322,0.01698439,RELIABLE,RELIABLE,RELIABLE,RELIABLE,RELIABLE,RELIABLE,RELIABLE,RELIABLE,MOVING,MOVING,MOVING,MOVING,MOVING,MOVING,MOVING,MOVING,MOVING
28613,835,14,NO TRIAL,0.15425774,0.00175761,0.01139401,0.00900186,0.00873296,0.00895064,0.01076349,0.01007831,0.01147354,0.02008855,0.01655780,RELIABLE,RELIABLE,RELIABLE,RELIABLE,RELIABLE,RELIABLE,RELIABLE,RELIABLE,MOVING,MOVING,MOVING,MOVING,MOVING,MOVING,MOVING,MOVING,MOVING
28644,836,14,NO TRIAL,0.15360938,0.00137512,0.00895209,0.00911548,0.00859189,0.00903227,0.01080105,0.01082722,0.01138445,0.02014555,0.01695824,RELIABLE,RELIABLE,RELIABLE,RELIABLE,RELIABLE,RELIABLE,RELIABLE,RELIABLE,MOVING,MOVING,MOVING,MOVING,MOVING,MOVING,MOVING,MOVING,MOVING
28684,837,14,NO TRIAL,0.15361827,0.00066305,0.00431620,0.00780577,0.00741047,0.00767411,0.00983728,0.01062856,0.01101953,0.01934231,0.01668891,RELIABLE,RELIABLE,RELIABLE,RELIABLE,RELIABLE,RELIABLE,RELIABLE,RELIABLE,MOVING,MOVING,MOVING,MOVING,MOVING,MOVING,MOVING,MOVING,MOVING
28722,838,14,NO TRIAL,0.15362464,0.00033152,0.00215801,0.00701632,0.00650387,0.00709152,0.00814145,0.00897588,0.01029188,0.01880788,0.01526113,RELIABLE,RELIABLE,RELIABLE,RELIABLE,RELIABLE,RELIABLE,RELIABLE,RELIABLE,MOVING,MOVING,MOVING,MOVING,MOVING,MOVING,MOVING,MOVING,MOVING
28753,839,14,NO TRIAL,0.15309115,0.00061676,0.00402872,0.00622897,0.00480145,0.00520757,0.00820429,0.01022379,0.00824665,0.01509821,0.01411583,RELIABLE,RELIABLE,RELIABLE,RELIABLE,RELIABLE,RELIABLE,RELIABLE,RELIABLE,MOVING,MOVING,MOVING,MOVING,MOVING,MOVING,MOVING,MOVING,MOVING
28785,840,14,NO TRIAL,0.15367309,0.00237534,0.01545710,0.00665132,0.00476505,0.00390636,0.00853407,0.01067107,0.00755354,0.01577759,0.01479103,RELIABLE,RELIABLE,RELIABLE,RELIABLE,RELIABLE,RELIABLE,RELIABLE,RELIABLE,MOVING,MOVING,MOVING,MOVING,MOVING,MOVING,MOVING,MOVING,MOVING
28816,841,14,NO TRIAL,0.15448696,0.00098837,0.00639777,0.00687607,0.00460615,0.00363215,0.00809498,0.00947949,0.00771409,0.01505247,0.01503448,RELIABLE,RELIABLE,RELIABLE,RELIABLE,RELIABLE,RELIABLE,RELIABLE,RELIABLE,MOVING,MOVING,MOVING,MOVING,MOVING,MOVING,MOVING,MOVING,MOVING
28847,842,14,NO TRIAL,0.15340081,0.00212433,0.01384821,0.00831901,0.00512717,0.00448691,0.00907866,0.00976929,0.00793230,0.01624136,0.01488033,RELIABLE,RELIABLE,RELIABLE,RELIABLE,RELIABLE,RELIABLE,RELIABLE,RELIABLE,MOVING,MOVING,MOVING,MOVING,MOVING,MOVING,MOVING,MOVING,MOVING
28893,843,14,NO TRIAL,0.15365051,0.00077868,0.00506788,0.00752825,0.00384203,0.00442314,0.00917547,0.01205017,0.00888532,0.01495323,0.01473388,RELIABLE,RELIABLE,RELIABLE,RELIABLE,RELIABLE,RELIABLE,RELIABLE,RELIABLE,MOVING,MOVING,MOVING,MOVING,MOVING,MOVING,MOVING,MOVING,MOVING
28926,844,14,NO TRIAL,0.15378471,0.00038934,0.00253173,0.00672570,0.00354619,0.00371358,0.00912097,0.01183095,0.00866389,0.01352397,0.01404918,RELIABLE,RELIABLE,RELIABLE,RELIABLE,RELIABLE,RELIABLE,RELIABLE,RELIABLE,MOVING,MOVING,MOVING,MOVING,MOVING,MOVING,MOVING,MOVING,MOVING
28957,845,14,NO TRIAL,0.15285490,0.00112782,0.00737837,0.00710847,0.00492844,0.00480261,0.00809476,0.01292225,0.00782439,0.01444865,0.01418252,RELIABLE,RELIABLE,RELIABLE,RELIABLE,RELIABLE,RELIABLE,RELIABLE,RELIABLE,MOVING,MOVING,MOVING,MOVING,MOVING,MOVING,MOVING,MOVING,MOVING
28988,846,14,NO TRIAL,0.15155934,0.00179499,0.01184349,0.00831916,0.00717829,0.00725508,0.01019060,0.01719650,0.00967176,0.01784218,0.01791328,RELIABLE,RELIABLE,RELIABLE,RELIABLE,RELIABLE,RELIABLE,RELIABLE,RELIABLE,MOVING,MOVING,MOVING,MOVING,MOVING,MOVING,MOVING,MOVING,MOVING
29021,847,14,NO TRIAL,0.15159493,0.00181927,0.01200084,0.00931567,0.00901189,0.00741804,0.01118013,0.01764008,0.01072424,0.01895981,0.01664279,RELIABLE,RELIABLE,RELIABLE,RELIABLE,RELIABLE,RELIABLE,RELIABLE,RELIABLE,MOVING,MOVING,MOVING,MOVING,MOVING,MOVING,MOVING,MOVING,MOVING
29051,848,14,NO TRIAL,0.15161570,0.00090963,0.00599960,0.00813349,0.00889587,0.00735145,0.01093731,0.01807557,0.01088778,0.01870413,0.01576563,RELIABLE,RELIABLE,RELIABLE,RELIABLE,RELIABLE,RELIABLE,RELIABLE,RELIABLE,MOVING,MOVING,MOVING,MOVING,MOVING,MOVING,MOVING,MOVING,MOVING
29083,849,14,NO TRIAL,0.15429768,0.00217542,0.01409885,0.00909612,0.01083515,0.00942134,0.01199636,0.02296025,0.01134690,0.01985952,0.01512995,RELIABLE,RELIABLE,RELIABLE,RELIABLE,RELIABLE,RELIABLE,RELIABLE,RELIABLE,MOVING,MOVING,MOVING,MOVING,MOVING,MOVING,MOVING,MOVING,MOVING
29115,850,14,NO TRIAL,0.15725007,0.00189885,0.01207532,0.00887451,0.01183294,0.00944905,0.01278155,0.02640013,0.01404742,0.02142849,0.01653070,RELIABLE,RELIABLE,RELIABLE,RELIABLE,RELIABLE,RELIABLE,RELIABLE,RELIABLE,MOVING,MOVING,MOVING,MOVING,MOVING,MOVING,MOVING,MOVING,MOVING
29146,851,14,NO TRIAL,0.15976686,0.00323925,0.02027485,0.01077538,0.01530611,0.01124443,0.01395498,0.02793609,0.01438621,0.02433856,0.01577106,RELIABLE,RELIABLE,RELIABLE,RELIABLE,RELIABLE,RELIABLE,RELIABLE,RELIABLE,MOVING,MOVING,MOVING,MOVING,MOVING,MOVING,MOVING,MOVING,MOVING
29180,852,14,NO TRIAL,0.15949355,0.00231718,0.01452837,0.01227496,0.01674711,0.01387234,0.01591366,0.03081560,0.01497724,0.02828491,0.01568848,RELIABLE,RELIABLE,RELIABLE,RELIABLE,RELIABLE,RELIABLE,RELIABLE,RELIABLE,MOVING,MOVING,MOVING,MOVING,MOVING,MOVING,MOVING,MOVING,MOVING
29228,853,14,NO TRIAL,0.15966503,0.00306305,0.01918422,0.01375069,0.02096393,0.01739017,0.01774871,0.03209617,0.01619707,0.03399591,0.01728158,RELIABLE,RELIABLE,RELIABLE,RELIABLE,RELIABLE,RELIABLE,RELIABLE,RELIABLE,MOVING,MOVING,MOVING,MOVING,MOVING,MOVING,MOVING,MOVING,MOVING
29260,854,14,NO TRIAL,0.16053251,0.00157438,0.00980723,0.01349616,0.02127270,0.01767343,0.01774722,0.03101869,0.01684850,0.03269370,0.01530713,RELIABLE,RELIABLE,RELIABLE,RELIABLE,RELIABLE,RELIABLE,RELIABLE,RELIABLE,MOVING,MOVING,MOVING,MOVING,MOVING,MOVING,MOVING,MOVING,MOVING
29287,855,14,NO TRIAL,0.16096681,0.00078719,0.00489039,0.01260735,0.02012495,0.01814573,0.01699661,0.02962791,0.01680113,0.03130921,0.01506750,RELIABLE,RELIABLE,RELIABLE,RELIABLE,RELIABLE,RELIABLE,RELIABLE,RELIABLE,MOVING,MOVING,MOVING,MOVING,MOVING,MOVING,MOVING,MOVING,MOVING
29318,856,14,NO TRIAL,0.16065219,0.00252728,0.01573135,0.01382382,0.02345648,0.02105474,0.01954688,0.03163996,0.01888200,0.03460482,0.01744048,RELIABLE,RELIABLE,RELIABLE,RELIABLE,RELIABLE,RELIABLE,RELIABLE,RELIABLE,MOVING,MOVING,MOVING,MOVING,MOVING,MOVING,MOVING,MOVING,MOVING
29350,857,14,NO TRIAL,0.15935127,0.00270814,0.01699476,0.01418581,0.02656286,0.02333372,0.02049296,0.03069724,0.02004876,0.03960278,0.01836066,RELIABLE,RELIABLE,RELIABLE,RELIABLE,RELIABLE,RELIABLE,RELIABLE,RELIABLE,MOVING,MOVING,MOVING,MOVING,MOVING,MOVING,MOVING,MOVING,MOVING
29388,858,14,NO TRIAL,0.15891943,0.00324656,0.02042897,0.01523002,0.03104617,0.02819876,0.02138453,0.03033033,0.01992697,0.03893709,0.01886015,RELIABLE,RELIABLE,RELIABLE,RELIABLE,RELIABLE,RELIABLE,RELIABLE,RELIABLE,MOVING,MOVING,MOVING,MOVING,MOVING,MOVING,MOVING,MOVING,MOVING
29427,859,14,NO TRIAL,0.15871836,0.00162328,0.01022742,0.01397409,0.03061956,0.02886401,0.02070138,0.02794483,0.01952402,0.03554353,0.01823825,RELIABLE,RELIABLE,RELIABLE,RELIABLE,RELIABLE,RELIABLE,RELIABLE,RELIABLE,MOVING,MOVING,MOVING,MOVING,MOVING,MOVING,MOVING,MOVING,MOVING
29458,860,14,NO TRIAL,0.15471174,0.00348419,0.02252055,0.01497311,0.03174955,0.03098331,0.02136417,0.02835120,0.02163138,0.03373950,0.02006003,RELIABLE,RELIABLE,RELIABLE,RELIABLE,RELIABLE,RELIABLE,RELIABLE,RELIABLE,MOVING,MOVING,MOVING,MOVING,MOVING,MOVING,MOVING,MOVING,MOVING
29490,861,14,NO TRIAL,0.15296151,0.00342210,0.02237233,0.01537163,0.03166219,0.03294221,0.02365153,0.03033313,0.02421194,0.03349385,0.01894961,RELIABLE,RELIABLE,RELIABLE,RELIABLE,RELIABLE,RELIABLE,RELIABLE,RELIABLE,MOVING,MOVING,MOVING,MOVING,MOVING,MOVING,MOVING,MOVING,MOVING
29522,862,14,NO TRIAL,0.15144781,0.00507378,0.03350186,0.01833345,0.03861441,0.04028335,0.02648513,0.03182387,0.02591383,0.03415990,0.02124111,RELIABLE,RELIABLE,RELIABLE,RELIABLE,RELIABLE,RELIABLE,RELIABLE,RELIABLE,MOVING,MOVING,MOVING,MOVING,MOVING,MOVING,MOVING,MOVING,MOVING
29553,863,14,NO TRIAL,0.15070156,0.00253689,0.01683388,0.01982639,0.04211766,0.04398283,0.02791981,0.03258703,0.02678115,0.03450585,0.02240189,RELIABLE,RELIABLE,RELIABLE,RELIABLE,RELIABLE,RELIABLE,RELIABLE,RELIABLE,MOVING,MOVING,MOVING,MOVING,MOVING,MOVING,MOVING,MOVING,MOVING
29584,864,14,NO TRIAL,0.15106872,0.00418354,0.02769296,0.02132159,0.04568644,0.04792926,0.02857922,0.03392845,0.02808775,0.03422880,0.02247270,RELIABLE,RELIABLE,RELIABLE,RELIABLE,RELIABLE,RELIABLE,RELIABLE,RELIABLE,MOVING,MOVING,MOVING,MOVING,MOVING,MOVING,MOVING,MOVING,MOVING
29615,865,14,NO TRIAL,0.15262429,0.00544659,0.03568625,0.02365803,0.04984221,0.05317307,0.03120204,0.03297928,0.02877991,0.02962411,0.02199114,RELIABLE,RELIABLE,RELIABLE,RELIABLE,RELIABLE,RELIABLE,RELIABLE,RELIABLE,MOVING,MOVING,MOVING,MOVING,MOVING,MOVING,MOVING,MOVING,MOVING
29647,866,14,NO TRIAL,0.15301465,0.00611350,0.03995370,0.02609862,0.05541739,0.05760520,0.03335500,0.03490018,0.03131359,0.03214888,0.02296855,RELIABLE,RELIABLE,RELIABLE,RELIABLE,RELIABLE,RELIABLE,RELIABLE,RELIABLE,MOVING,MOVING,MOVING,MOVING,MOVING,MOVING,MOVING,MOVING,MOVING
29679,867,14,NO TRIAL,0.15413001,0.00472892,0.03068137,0.02865536,0.06090669,0.06376831,0.03701165,0.03792332,0.03351160,0.03946235,0.02545745,RELIABLE,RELIABLE,RELIABLE,RELIABLE,RELIABLE,RELIABLE,RELIABLE,RELIABLE,MOVING,MOVING,MOVING,MOVING,MOVING,MOVING,MOVING,MOVING,MOVING
29724,868,14,NO TRIAL,0.15391276,0.00697947,0.04534690,0.03150866,0.07042511,0.07005139,0.03882333,0.03925875,0.03349429,0.04152943,0.02397914,RELIABLE,RELIABLE,RELIABLE,RELIABLE,RELIABLE,RELIABLE,RELIABLE,RELIABLE,MOVING,MOVING,MOVING,MOVING,MOVING,MOVING,MOVING,MOVING,MOVING
29758,869,14,NO TRIAL,0.15383079,0.00348973,0.02268553,0.03154781,0.07091960,0.06899305,0.03675210,0.03698666,0.03097290,0.03607513,0.02281677,RELIABLE,RELIABLE,RELIABLE,RELIABLE,RELIABLE,RELIABLE,RELIABLE,RELIABLE,MOVING,MOVING,MOVING,MOVING,MOVING,MOVING,MOVING,MOVING,MOVING
29790,870,14,NO TRIAL,0.15462517,0.00633043,0.04094051,0.03247764,0.07234976,0.06923169,0.03416008,0.03576209,0.02951733,0.03627255,0.02065973,RELIABLE,RELIABLE,RELIABLE,RELIABLE,RELIABLE,RELIABLE,RELIABLE,RELIABLE,MOVING,MOVING,MOVING,MOVING,MOVING,MOVING,MOVING,MOVING,MOVING
29820,871,14,NO TRIAL,0.15447061,0.00449452,0.02909630,0.03401044,0.07493887,0.07104961,0.03529223,0.03754259,0.02952830,0.03697926,0.02074377,RELIABLE,RELIABLE,RELIABLE,RELIABLE,RELIABLE,RELIABLE,RELIABLE,RELIABLE,MOVING,MOVING,MOVING,MOVING,MOVING,MOVING,MOVING,MOVING,MOVING
29850,872,14,NO TRIAL,0.15429388,0.00244163,0.01582454,0.03252689,0.07094921,0.06753949,0.03487804,0.03708432,0.02820584,0.03406139,0.02126481,RELIABLE,RELIABLE,RELIABLE,RELIABLE,RELIABLE,RELIABLE,RELIABLE,RELIABLE,MOVING,MOVING,MOVING,MOVING,MOVING,MOVING,MOVING,MOVING,MOVING
29884,873,14,NO TRIAL,0.15319773,0.00324297,0.02116850,0.03071217,0.06621818,0.06261331,0.03310229,0.03659693,0.02607644,0.03246500,0.02321999,RELIABLE,RELIABLE,RELIABLE,RELIABLE,RELIABLE,RELIABLE,RELIABLE,RELIABLE,MOVING,MOVING,MOVING,MOVING,MOVING,MOVING,MOVING,MOVING,MOVING
29913,874,14,NO TRIAL,0.15265319,0.00162148,0.01062201,0.02704571,0.05680481,0.05463802,0.02950076,0.03197388,0.02092213,0.02746214,0.02150246,RELIABLE,RELIABLE,RELIABLE,RELIABLE,RELIABLE,RELIABLE,RELIABLE,RELIABLE,MOVING,MOVING,MOVING,MOVING,MOVING,MOVING,MOVING,MOVING,MOVING
29944,875,14,NO TRIAL,0.15171912,0.00111201,0.00732938,0.02412671,0.04917990,0.04724029,0.02868432,0.02815354,0.01888531,0.02185303,0.02133029,RELIABLE,RELIABLE,RELIABLE,RELIABLE,RELIABLE,RELIABLE,RELIABLE,RELIABLE,MOVING,MOVING,MOVING,MOVING,MOVING,MOVING,MOVING,MOVING,MOVING
29976,876,14,NO TRIAL,0.15015216,0.00172078,0.01146026,0.01989088,0.03871223,0.03821765,0.02746960,0.02298086,0.01623084,0.01920008,0.02258531,RELIABLE,RELIABLE,RELIABLE,RELIABLE,RELIABLE,RELIABLE,RELIABLE,RELIABLE,MOVING,MOVING,MOVING,MOVING,MOVING,MOVING,MOVING,MOVING,MOVING
30012,877,14,NO TRIAL,0.14832788,0.00141021,0.00950736,0.01824361,0.03460790,0.03414222,0.02898965,0.02228609,0.01569627,0.02129835,0.02456883,RELIABLE,RELIABLE,RELIABLE,RELIABLE,RELIABLE,RELIABLE,RELIABLE,RELIABLE,MOVING,MOVING,MOVING,MOVING,MOVING,MOVING,MOVING,MOVING,MOVING
30044,878,14,NO TRIAL,0.14833161,0.00151084,0.01018558,0.01439924,0.02609952,0.02587431,0.02851597,0.02095596,0.01379779,0.02091734,0.02389121,RELIABLE,RELIABLE,RELIABLE,RELIABLE,RELIABLE,RELIABLE,RELIABLE,RELIABLE,MOVING,MOVING,MOVING,MOVING,MOVING,MOVING,MOVING,MOVING,MOVING
30092,879,14,NO TRIAL,0.14527179,0.00126929,0.00873732,0.01185437,0.01984396,0.02007737,0.02764454,0.01911465,0.01290584,0.01973408,0.02294524,RELIABLE,RELIABLE,RELIABLE,RELIABLE,RELIABLE,RELIABLE,RELIABLE,RELIABLE,MOVING,MOVING,MOVING,MOVING,MOVING,MOVING,MOVING,MOVING,MOVING
30120,880,14,NO TRIAL,0.14374969,0.00063464,0.00441492,0.01042817,0.01628397,0.01683442,0.02533807,0.01588889,0.01081876,0.01888314,0.02001815,RELIABLE,RELIABLE,RELIABLE,RELIABLE,RELIABLE,RELIABLE,RELIABLE,RELIABLE,MOVING,MOVING,MOVING,MOVING,MOVING,MOVING,MOVING,MOVING,MOVING
30151,881,14,NO TRIAL,0.14319686,0.00521887,0.03644543,0.01233778,0.01583394,0.01741233,0.02330858,0.01452737,0.01070242,0.02043398,0.01762295,RELIABLE,RELIABLE,RELIABLE,RELIABLE,RELIABLE,RELIABLE,RELIABLE,RELIABLE,MOVING,MOVING,MOVING,MOVING,MOVING,MOVING,MOVING,MOVING,MOVING
30183,882,14,NO TRIAL,0.14201710,0.00277833,0.01956338,0.01345545,0.01692914,0.01861780,0.02557984,0.01584349,0.01177100,0.02187706,0.01744574,RELIABLE,RELIABLE,RELIABLE,RELIABLE,RELIABLE,RELIABLE,RELIABLE,RELIABLE,MOVING,MOVING,MOVING,MOVING,MOVING,MOVING,MOVING,MOVING,MOVING
30221,883,14,NO TRIAL,0.14002926,0.00259901,0.01856045,0.01485934,0.02108495,0.02226430,0.02422493,0.01863398,0.01341469,0.02161519,0.01609697,RELIABLE,RELIABLE,RELIABLE,RELIABLE,RELIABLE,RELIABLE,RELIABLE,RELIABLE,MOVING,MOVING,MOVING,MOVING,MOVING,MOVING,MOVING,MOVING,MOVING
30247,884,14,NO TRIAL,0.13903870,0.00129950,0.00934634,0.01459510,0.02201509,0.02271244,0.02200609,0.01977329,0.01427200,0.02055034,0.01438406,RELIABLE,RELIABLE,RELIABLE,RELIABLE,RELIABLE,RELIABLE,RELIABLE,RELIABLE,MOVING,MOVING,MOVING,MOVING,MOVING,MOVING,MOVING,MOVING,MOVING
30278,885,14,NO TRIAL,0.13881129,0.00189815,0.01367434,0.01511597,0.02368756,0.02407744,0.01953973,0.01940725,0.01480217,0.01819386,0.01432095,RELIABLE,RELIABLE,RELIABLE,RELIABLE,RELIABLE,RELIABLE,RELIABLE,RELIABLE,MOVING,MOVING,MOVING,MOVING,MOVING,MOVING,MOVING,MOVING,MOVING
30310,886,14,NO TRIAL,0.13808155,0.00238972,0.01730661,0.01600610,0.02536929,0.02583386,0.01975525,0.02138345,0.01725224,0.01938806,0.01530560,RELIABLE,RELIABLE,RELIABLE,RELIABLE,RELIABLE,RELIABLE,RELIABLE,RELIABLE,MOVING,MOVING,MOVING,MOVING,MOVING,MOVING,MOVING,MOVING,MOVING
30348,887,14,NO TRIAL,0.13696021,0.00237194,0.01731844,0.01707874,0.02896721,0.02916387,0.02052588,0.02445322,0.01966526,0.02166521,0.01649158,RELIABLE,RELIABLE,RELIABLE,RELIABLE,RELIABLE,RELIABLE,RELIABLE,RELIABLE,MOVING,MOVING,MOVING,MOVING,MOVING,MOVING,MOVING,MOVING,MOVING
30389,888,14,NO TRIAL,0.13640260,0.00118597,0.00869462,0.01761370,0.03076986,0.03083203,0.02090266,0.02598613,0.02087159,0.02280409,0.01708206,RELIABLE,RELIABLE,RELIABLE,RELIABLE,RELIABLE,RELIABLE,RELIABLE,RELIABLE,MOVING,MOVING,MOVING,MOVING,MOVING,MOVING,MOVING,MOVING,MOVING
30420,889,14,NO TRIAL,0.13600207,0.00288868,0.02123995,0.01571302,0.03124717,0.03087695,0.02147440,0.02712673,0.02285864,0.02227747,0.01833215,RELIABLE,RELIABLE,RELIABLE,RELIABLE,RELIABLE,RELIABLE,RELIABLE,RELIABLE,MOVING,MOVING,MOVING,MOVING,MOVING,MOVING,MOVING,MOVING,MOVING
30452,890,14,NO TRIAL,0.13388815,0.00293396,0.02191351,0.01600678,0.03369476,0.03378381,0.02077643,0.02822379,0.02406978,0.02413237,0.01778619,RELIABLE,RELIABLE,RELIABLE,RELIABLE,RELIABLE,RELIABLE,RELIABLE,RELIABLE,MOVING,MOVING,MOVING,MOVING,MOVING,MOVING,MOVING,MOVING,MOVING
30484,891,14,NO TRIAL,0.13205031,0.00314760,0.02383639,0.01666627,0.03536682,0.03497971,0.02189104,0.02853376,0.02508747,0.02549777,0.01918375,RELIABLE,RELIABLE,RELIABLE,RELIABLE,RELIABLE,RELIABLE,RELIABLE,RELIABLE,MOVING,MOVING,MOVING,MOVING,MOVING,MOVING,MOVING,MOVING,MOVING
30516,892,14,NO TRIAL,0.13194617,0.00270374,0.02049124,0.01805939,0.03844791,0.03818555,0.02367702,0.03311869,0.02773561,0.02864338,0.02063003,RELIABLE,RELIABLE,RELIABLE,RELIABLE,RELIABLE,RELIABLE,RELIABLE,RELIABLE,MOVING,MOVING,MOVING,MOVING,MOVING,MOVING,MOVING,MOVING,MOVING
30556,893,14,NO TRIAL,0.13144960,0.00242646,0.01845926,0.01865750,0.04003668,0.04069125,0.02575803,0.03850796,0.03155312,0.02984359,0.02206204,RELIABLE,RELIABLE,RELIABLE,RELIABLE,RELIABLE,RELIABLE,RELIABLE,RELIABLE,MOVING,MOVING,MOVING,MOVING,MOVING,MOVING,MOVING,MOVING,MOVING
30594,894,14,NO TRIAL,0.13037513,0.00308243,0.02364276,0.01944952,0.04166842,0.04190555,0.02529770,0.03903877,0.03165692,0.02958131,0.02283106,RELIABLE,RELIABLE,RELIABLE,RELIABLE,RELIABLE,RELIABLE,RELIABLE,RELIABLE,MOVING,MOVING,MOVING,MOVING,MOVING,MOVING,MOVING,MOVING,MOVING
30625,895,14,NO TRIAL,0.12984226,0.00154121,0.01186990,0.01876845,0.03984281,0.04001061,0.02260190,0.03600368,0.02972108,0.02815488,0.02196230,RELIABLE,RELIABLE,RELIABLE,RELIABLE,RELIABLE,RELIABLE,RELIABLE,RELIABLE,MOVING,MOVING,MOVING,MOVING,MOVING,MOVING,MOVING,MOVING,MOVING
30657,896,14,NO TRIAL,0.12983516,0.00116229,0.00895207,0.01880064,0.03899321,0.03955639,0.02253721,0.03610130,0.03027191,0.03058434,0.02504099,RELIABLE,RELIABLE,RELIABLE,RELIABLE,RELIABLE,RELIABLE,RELIABLE,RELIABLE,MOVING,MOVING,MOVING,MOVING,MOVING,MOVING,MOVING,MOVING,MOVING
30688,897,14,NO TRIAL,0.12976683,0.00133004,0.01024946,0.01742682,0.03497913,0.03478707,0.02313168,0.03600420,0.02903563,0.03718550,0.02397838,RELIABLE,RELIABLE,RELIABLE,RELIABLE,RELIABLE,RELIABLE,RELIABLE,RELIABLE,MOVING,MOVING,MOVING,MOVING,MOVING,MOVING,MOVING,MOVING,MOVING
30720,898,14,NO TRIAL,0.12968100,0.00104095,0.00802699,0.01569101,0.03094012,0.03016074,0.02179100,0.03449478,0.02726865,0.03720174,0.02407289,RELIABLE,RELIABLE,RELIABLE,RELIABLE,RELIABLE,RELIABLE,RELIABLE,RELIABLE,MOVING,MOVING,MOVING,MOVING,MOVING,MOVING,MOVING,MOVING,MOVING
30751,899,14,NO TRIAL,0.12964016,0.00052047,0.00401476,0.01321330,0.02507697,0.02452087,0.01858132,0.03129000,0.02339013,0.03481045,0.02102141,RELIABLE,RELIABLE,RELIABLE,RELIABLE,RELIABLE,RELIABLE,RELIABLE,RELIABLE,MOVING,MOVING,MOVING,MOVING,MOVING,MOVING,MOVING,MOVING,MOVING
30783,900,14,NO TRIAL,0.12960546,0.00185971,0.01434899,0.01244552,0.02187471,0.02181102,0.01722756,0.02725935,0.02088750,0.03242568,0.01973400,RELIABLE,RELIABLE,RELIABLE,RELIABLE,RELIABLE,RELIABLE,RELIABLE,RELIABLE,MOVING,MOVING,MOVING,MOVING,MOVING,MOVING,MOVING,MOVING,MOVING
30814,901,14,NO TRIAL,0.12923869,0.00085351,0.00660417,0.01096364,0.01744529,0.01732016,0.01638536,0.02095533,0.01669057,0.03070585,0.01808324,RELIABLE,RELIABLE,RELIABLE,RELIABLE,RELIABLE,RELIABLE,RELIABLE,RELIABLE,MOVING,MOVING,MOVING,MOVING,MOVING,MOVING,MOVING,MOVING,MOVING
30846,902,14,NO TRIAL,0.12959848,0.00114576,0.00884081,0.00911339,0.01323196,0.01357093,0.01553422,0.01849658,0.01340964,0.03034242,0.01550800,RELIABLE,RELIABLE,RELIABLE,RELIABLE,RELIABLE,RELIABLE,RELIABLE,RELIABLE,MOVING,MOVING,MOVING,MOVING,MOVING,MOVING,MOVING,MOVING,MOVING
30878,903,14,NO TRIAL,0.13073146,0.00118073,0.00903170,0.00875862,0.01295681,0.01321704,0.01691821,0.01741096,0.01291907,0.03123931,0.01558426,RELIABLE,RELIABLE,RELIABLE,RELIABLE,RELIABLE,RELIABLE,RELIABLE,RELIABLE,MOVING,MOVING,MOVING,MOVING,MOVING,MOVING,MOVING,MOVING,MOVING
30924,904,14,NO TRIAL,0.13100503,0.00111329,0.00849807,0.00870187,0.01320472,0.01361909,0.01755827,0.01581364,0.01231699,0.03216748,0.01295732,RELIABLE,RELIABLE,RELIABLE,RELIABLE,RELIABLE,RELIABLE,RELIABLE,RELIABLE,MOVING,MOVING,MOVING,MOVING,MOVING,MOVING,MOVING,MOVING,MOVING
30956,905,14,NO TRIAL,0.13114186,0.00055664,0.00424460,0.00795126,0.01312833,0.01393638,0.01589586,0.01361139,0.01080826,0.02535403,0.01184549,RELIABLE,RELIABLE,RELIABLE,RELIABLE,RELIABLE,RELIABLE,RELIABLE,RELIABLE,MOVING,MOVING,MOVING,MOVING,MOVING,MOVING,MOVING,MOVING,MOVING
30987,906,14,NO TRIAL,0.13096103,0.00090099,0.00687982,0.00780787,0.01242673,0.01294643,0.01465975,0.01310735,0.01018333,0.02165294,0.01201309,RELIABLE,RELIABLE,RELIABLE,RELIABLE,RELIABLE,RELIABLE,RELIABLE,RELIABLE,MOVING,MOVING,MOVING,MOVING,MOVING,MOVING,MOVING,MOVING,MOVING
31019,907,14,NO TRIAL,0.13109999,0.00079411,0.00605727,0.00806318,0.01287380,0.01340778,0.01605586,0.01440023,0.01067507,0.02102085,0.01243878,RELIABLE,RELIABLE,RELIABLE,RELIABLE,RELIABLE,RELIABLE,RELIABLE,RELIABLE,MOVING,MOVING,MOVING,MOVING,MOVING,MOVING,MOVING,MOVING,MOVING
31052,908,14,NO TRIAL,0.13043748,0.00121559,0.00931934,0.00743447,0.01186360,0.01210198,0.01522395,0.01332563,0.01030239,0.02143706,0.01259550,RELIABLE,RELIABLE,RELIABLE,RELIABLE,RELIABLE,RELIABLE,RELIABLE,RELIABLE,MOVING,MOVING,MOVING,MOVING,MOVING,MOVING,MOVING,MOVING,MOVING
31082,909,14,NO TRIAL,0.13010638,0.00060780,0.00467153,0.00719289,0.01180031,0.01210484,0.01301500,0.01302473,0.00967507,0.02094662,0.01082418,RELIABLE,RELIABLE,RELIABLE,RELIABLE,RELIABLE,RELIABLE,RELIABLE,RELIABLE,MOVING,MOVING,MOVING,MOVING,MOVING,MOVING,MOVING,MOVING,MOVING
31113,910,14,NO TRIAL,0.13058192,0.00094772,0.00725770,0.00699500,0.01142429,0.01179948,0.01320019,0.01246628,0.01044694,0.02033498,0.01186295,RELIABLE,RELIABLE,RELIABLE,RELIABLE,RELIABLE,RELIABLE,RELIABLE,RELIABLE,MOVING,MOVING,MOVING,MOVING,MOVING,MOVING,MOVING,MOVING,MOVING
31144,911,14,NO TRIAL,0.13065926,0.00113307,0.00867194,0.00695003,0.01004107,0.01077851,0.01187000,0.01249175,0.00962744,0.01955740,0.01266484,RELIABLE,RELIABLE,RELIABLE,RELIABLE,RELIABLE,RELIABLE,RELIABLE,RELIABLE,MOVING,MOVING,MOVING,MOVING,MOVING,MOVING,MOVING,MOVING,MOVING
31175,912,14,NO TRIAL,0.13192270,0.00058432,0.00442923,0.00644143,0.00885477,0.00975951,0.01097627,0.01307998,0.00910174,0.02098137,0.01203294,RELIABLE,RELIABLE,RELIABLE,RELIABLE,RELIABLE,RELIABLE,RELIABLE,RELIABLE,MOVING,MOVING,MOVING,MOVING,MOVING,MOVING,MOVING,MOVING,MOVING
31211,913,14,NO TRIAL,0.13219915,0.00103216,0.00780763,0.00688681,0.00969040,0.00964207,0.01073874,0.01441473,0.00913560,0.01904704,0.01224591,RELIABLE,RELIABLE,RELIABLE,RELIABLE,RELIABLE,RELIABLE,RELIABLE,RELIABLE,MOVING,MOVING,MOVING,MOVING,MOVING,MOVING,MOVING,MOVING,MOVING
31261,914,14,NO TRIAL,0.13110995,0.00054799,0.00417961,0.00654928,0.00966905,0.00952617,0.01108333,0.01449130,0.00935344,0.02133502,0.01241697,RELIABLE,RELIABLE,RELIABLE,RELIABLE,RELIABLE,RELIABLE,RELIABLE,RELIABLE,MOVING,MOVING,MOVING,MOVING,MOVING,MOVING,MOVING,MOVING,MOVING
31301,915,14,NO TRIAL,0.13056946,0.00027399,0.00209845,0.00605443,0.00886282,0.00851333,0.00924370,0.01298858,0.00866007,0.02126568,0.01216417,RELIABLE,RELIABLE,RELIABLE,RELIABLE,RELIABLE,RELIABLE,RELIABLE,RELIABLE,MOVING,MOVING,MOVING,MOVING,MOVING,MOVING,MOVING,MOVING,MOVING
31333,916,14,NO TRIAL,0.13065396,0.00103236,0.00790146,0.00587719,0.00884673,0.00811794,0.00862661,0.01285726,0.00813826,0.02211054,0.01198641,RELIABLE,RELIABLE,RELIABLE,RELIABLE,RELIABLE,RELIABLE,RELIABLE,RELIABLE,MOVING,MOVING,MOVING,MOVING,MOVING,MOVING,MOVING,MOVING,MOVING
31365,917,14,NO TRIAL,0.12999188,0.00079875,0.00614465,0.00606133,0.00872083,0.00779824,0.00909000,0.01356429,0.00833575,0.02478081,0.01291727,RELIABLE,RELIABLE,RELIABLE,RELIABLE,RELIABLE,RELIABLE,RELIABLE,RELIABLE,MOVING,MOVING,MOVING,MOVING,MOVING,MOVING,MOVING,MOVING,MOVING
31396,918,14,NO TRIAL,0.12886703,0.00080682,0.00626088,0.00593673,0.00821121,0.00744203,0.00810150,0.01275524,0.00830414,0.02576803,0.01201135,RELIABLE,RELIABLE,RELIABLE,RELIABLE,RELIABLE,RELIABLE,RELIABLE,RELIABLE,MOVING,MOVING,MOVING,MOVING,MOVING,MOVING,MOVING,MOVING,MOVING
31427,919,14,NO TRIAL,0.12907755,0.00074449,0.00576780,0.00557371,0.00726681,0.00646915,0.00754774,0.01199245,0.00897736,0.02949158,0.01057756,RELIABLE,RELIABLE,RELIABLE,RELIABLE,RELIABLE,RELIABLE,RELIABLE,RELIABLE,MOVING,MOVING,MOVING,MOVING,MOVING,MOVING,MOVING,MOVING,MOVING
31458,920,14,NO TRIAL,0.12918476,0.00037225,0.00288151,0.00538025,0.00683081,0.00540979,0.00625999,0.01046314,0.00825925,0.02590832,0.01003945,RELIABLE,RELIABLE,RELIABLE,RELIABLE,RELIABLE,RELIABLE,RELIABLE,RELIABLE,MOVING,MOVING,MOVING,MOVING,MOVING,MOVING,MOVING,MOVING,MOVING
31490,921,14,NO TRIAL,0.12891985,0.00133697,0.01037055,0.00570061,0.00674913,0.00538263,0.00597121,0.01171743,0.00919454,0.02768913,0.01107185,RELIABLE,RELIABLE,RELIABLE,RELIABLE,RELIABLE,RELIABLE,RELIABLE,RELIABLE,MOVING,MOVING,MOVING,MOVING,MOVING,MOVING,MOVING,MOVING,MOVING
31522,922,14,NO TRIAL,0.12957596,0.00060429,0.00466360,0.00576111,0.00638564,0.00547467,0.00581723,0.01057627,0.00935802,0.02634016,0.01013320,RELIABLE,RELIABLE,RELIABLE,RELIABLE,RELIABLE,RELIABLE,RELIABLE,RELIABLE,MOVING,MOVING,MOVING,MOVING,MOVING,MOVING,MOVING,MOVING,MOVING
31554,923,14,NO TRIAL,0.12956163,0.00087962,0.00678922,0.00634746,0.00681449,0.00577674,0.00595738,0.01059209,0.00931357,0.02870588,0.01107215,RELIABLE,RELIABLE,RELIABLE,RELIABLE,RELIABLE,RELIABLE,RELIABLE,RELIABLE,MOVING,MOVING,MOVING,MOVING,MOVING,MOVING,MOVING,MOVING,MOVING
31586,924,14,NO TRIAL,0.12955491,0.00043981,0.00339479,0.00578412,0.00588280,0.00461597,0.00576370,0.00968458,0.00849636,0.02699210,0.01065478,RELIABLE,RELIABLE,RELIABLE,RELIABLE,RELIABLE,RELIABLE,RELIABLE,RELIABLE,MOVING,MOVING,MOVING,MOVING,MOVING,MOVING,MOVING,MOVING,MOVING
31628,925,14,NO TRIAL,0.12889728,0.00090694,0.00703612,0.00589556,0.00594639,0.00462866,0.00605401,0.01011954,0.00974895,0.02854412,0.01129946,RELIABLE,RELIABLE,RELIABLE,RELIABLE,RELIABLE,RELIABLE,RELIABLE,RELIABLE,MOVING,MOVING,MOVING,MOVING,MOVING,MOVING,MOVING,MOVING,MOVING
31664,926,14,NO TRIAL,0.12856884,0.00045347,0.00352705,0.00555383,0.00560419,0.00427582,0.00602387,0.00978205,0.00933124,0.02697832,0.01125782,RELIABLE,RELIABLE,RELIABLE,RELIABLE,RELIABLE,RELIABLE,RELIABLE,RELIABLE,MOVING,MOVING,MOVING,MOVING,MOVING,MOVING,MOVING,MOVING,MOVING
31696,927,14,NO TRIAL,0.12879064,0.00104278,0.00809668,0.00584494,0.00622958,0.00458446,0.00703725,0.01022909,0.00858738,0.02351029,0.01168903,RELIABLE,RELIABLE,RELIABLE,RELIABLE,RELIABLE,RELIABLE,RELIABLE,RELIABLE,MOVING,MOVING,STATIONARY,MOVING,MOVING,MOVING,MOVING,MOVING,MOVING
31728,928,14,NO TRIAL,0.12924325,0.00117125,0.00906234,0.00661754,0.00775489,0.00628287,0.00772686,0.01027584,0.00877982,0.02367588,0.01298975,RELIABLE,RELIABLE,RELIABLE,RELIABLE,RELIABLE,RELIABLE,RELIABLE,RELIABLE,MOVING,MOVING,STATIONARY,MOVING,MOVING,MOVING,MOVING,MOVING,MOVING
31760,929,14,NO TRIAL,0.13022612,0.00055884,0.00429128,0.00585763,0.00659033,0.00554902,0.00744385,0.00825387,0.00763983,0.02504373,0.01250144,RELIABLE,RELIABLE,RELIABLE,RELIABLE,RELIABLE,RELIABLE,RELIABLE,RELIABLE,MOVING,MOVING,STATIONARY,MOVING,MOVING,MOVING,MOVING,MOVING,MOVING
31790,930,14,NO TRIAL,0.13072286,0.00027942,0.00213749,0.00554187,0.00592634,0.00471383,0.00658162,0.00793415,0.00684327,0.02549433,0.01243814,RELIABLE,RELIABLE,RELIABLE,RELIABLE,RELIABLE,RELIABLE,RELIABLE,RELIABLE,MOVING,MOVING,STATIONARY,MOVING,MOVING,MOVING,MOVING,MOVING,MOVING
31820,931,14,NO TRIAL,0.12975162,0.00038409,0.00296016,0.00506324,0.00546205,0.00483214,0.00676671,0.00846266,0.00727138,0.02667608,0.01282327,RELIABLE,RELIABLE,RELIABLE,RELIABLE,RELIABLE,RELIABLE,RELIABLE,RELIABLE,MOVING,MOVING,STATIONARY,MOVING,MOVING,MOVING,MOVING,MOVING,MOVING
31853,932,14,NO TRIAL,0.12959834,0.00056629,0.00436961,0.00518509,0.00580531,0.00534836,0.00730142,0.00927180,0.00937981,0.03076380,0.01698394,RELIABLE,RELIABLE,RELIABLE,RELIABLE,RELIABLE,RELIABLE,RELIABLE,RELIABLE,MOVING,MOVING,STATIONARY,MOVING,MOVING,MOVING,MOVING,MOVING,MOVING
31884,933,14,NO TRIAL,0.12974619,0.00099293,0.00765286,0.00526218,0.00637899,0.00575293,0.00708022,0.00790930,0.00877248,0.02740124,0.01623901,RELIABLE,RELIABLE,RELIABLE,RELIABLE,RELIABLE,RELIABLE,RELIABLE,RELIABLE,MOVING,MOVING,STATIONARY,MOVING,MOVING,MOVING,MOVING,MOVING,MOVING
31916,934,14,NO TRIAL,0.12967093,0.00142207,0.01096677,0.00619215,0.00810999,0.00787500,0.00752405,0.00818539,0.00849480,0.02806529,0.01656602,RELIABLE,RELIABLE,RELIABLE,RELIABLE,RELIABLE,RELIABLE,RELIABLE,RELIABLE,MOVING,MOVING,STATIONARY,MOVING,MOVING,MOVING,MOVING,MOVING,MOVING
31946,935,14,NO TRIAL,0.12963355,0.00071104,0.00548496,0.00586568,0.00822071,0.00858321,0.00638557,0.00760713,0.00824922,0.02723720,0.01560464,RELIABLE,RELIABLE,RELIABLE,RELIABLE,RELIABLE,RELIABLE,RELIABLE,RELIABLE,MOVING,MOVING,STATIONARY,MOVING,MOVING,MOVING,MOVING,MOVING,MOVING
31978,936,14,NO TRIAL,0.13033445,0.00102321,0.00785067,0.00571422,0.00784662,0.00768687,0.00709336,0.00786211,0.00819578,0.02854280,0.01575115,RELIABLE,RELIABLE,RELIABLE,RELIABLE,RELIABLE,RELIABLE,RELIABLE,RELIABLE,MOVING,MOVING,STATIONARY,MOVING,MOVING,MOVING,MOVING,MOVING,MOVING
32010,937,14,NO TRIAL,0.12930342,0.00046250,0.00357686,0.00562492,0.00790271,0.00808563,0.00795982,0.00828441,0.00842188,0.02717467,0.01571111,RELIABLE,RELIABLE,RELIABLE,RELIABLE,RELIABLE,RELIABLE,RELIABLE,RELIABLE,MOVING,MOVING,STATIONARY,MOVING,MOVING,MOVING,MOVING,MOVING,MOVING
32044,938,14,NO TRIAL,0.13021911,0.00067661,0.00519597,0.00600723,0.00857331,0.00883275,0.00856042,0.00836317,0.00874550,0.02684138,0.01559324,RELIABLE,RELIABLE,RELIABLE,RELIABLE,RELIABLE,RELIABLE,RELIABLE,RELIABLE,MOVING,MOVING,STATIONARY,MOVING,MOVING,MOVING,MOVING,MOVING,MOVING
32092,939,14,NO TRIAL,0.12978174,0.00029953,0.00230799,0.00592571,0.00855494,0.00839033,0.00925071,0.00787677,0.00909565,0.02499747,0.01477201,RELIABLE,RELIABLE,RELIABLE,RELIABLE,RELIABLE,RELIABLE,RELIABLE,RELIABLE,MOVING,MOVING,STATIONARY,MOVING,MOVING,MOVING,MOVING,MOVING,MOVING
32124,940,14,NO TRIAL,0.12985905,0.00088068,0.00678180,0.00622723,0.00879799,0.00844411,0.00928271,0.00745419,0.00734963,0.02117061,0.01046394,RELIABLE,RELIABLE,RELIABLE,RELIABLE,RELIABLE,RELIABLE,RELIABLE,RELIABLE,MOVING,MOVING,STATIONARY,MOVING,MOVING,MOVING,MOVING,MOVING,MOVING
32153,941,14,NO TRIAL,0.12990063,0.00044034,0.00338981,0.00569435,0.00810383,0.00785088,0.00862652,0.00734643,0.00601647,0.02000302,0.00926000,RELIABLE,RELIABLE,RELIABLE,RELIABLE,RELIABLE,RELIABLE,RELIABLE,RELIABLE,MOVING,MOVING,STATIONARY,MOVING,MOVING,MOVING,MOVING,MOVING,MOVING
32184,942,14,NO TRIAL,0.13072191,0.00061679,0.00471833,0.00491330,0.00671132,0.00591855,0.00954449,0.00674671,0.00659645,0.02242819,0.01071371,RELIABLE,RELIABLE,RELIABLE,RELIABLE,RELIABLE,RELIABLE,RELIABLE,RELIABLE,MOVING,MOVING,STATIONARY,MOVING,MOVING,MOVING,MOVING,MOVING,MOVING
32216,943,14,NO TRIAL,0.12846311,0.00075337,0.00586451,0.00496074,0.00666975,0.00570530,0.01001478,0.00723803,0.01042084,0.02605656,0.01648725,RELIABLE,RELIABLE,RELIABLE,RELIABLE,RELIABLE,RELIABLE,RELIABLE,RELIABLE,MOVING,MOVING,STATIONARY,MOVING,MOVING,MOVING,MOVING,MOVING,MOVING
32252,944,14,NO TRIAL,0.12994513,0.00097408,0.00749606,0.00491642,0.00664795,0.00633088,0.00899784,0.00758097,0.01282529,0.02767828,0.01876575,RELIABLE,RELIABLE,RELIABLE,RELIABLE,RELIABLE,RELIABLE,RELIABLE,RELIABLE,MOVING,MOVING,STATIONARY,MOVING,MOVING,MOVING,MOVING,MOVING,MOVING
32279,945,14,NO TRIAL,0.13068750,0.00048704,0.00372674,0.00493515,0.00675335,0.00648202,0.00803947,0.00644118,0.01341165,0.02828424,0.01931513,RELIABLE,RELIABLE,RELIABLE,RELIABLE,RELIABLE,RELIABLE,RELIABLE,RELIABLE,MOVING,MOVING,STATIONARY,MOVING,MOVING,MOVING,MOVING,MOVING,MOVING
32309,946,14,NO TRIAL,0.13042215,0.00100939,0.00773938,0.00525308,0.00682319,0.00692290,0.00790460,0.00679646,0.01327755,0.02841883,0.01958061,RELIABLE,RELIABLE,RELIABLE,RELIABLE,RELIABLE,RELIABLE,RELIABLE,RELIABLE,MOVING,MOVING,STATIONARY,MOVING,MOVING,MOVING,MOVING,MOVING,MOVING
32341,947,14,NO TRIAL,0.12960549,0.00069476,0.00536061,0.00563465,0.00681991,0.00671510,0.00753486,0.00649651,0.01390423,0.03312027,0.02030973,RELIABLE,RELIABLE,RELIABLE,RELIABLE,RELIABLE,RELIABLE,RELIABLE,RELIABLE,MOVING,MOVING,STATIONARY,MOVING,MOVING,MOVING,MOVING,MOVING,MOVING
32380,948,14,NO TRIAL,0.12837504,0.00099189,0.00772651,0.00575274,0.00718100,0.00719896,0.00711298,0.00626622,0.01499881,0.03453976,0.02184746,RELIABLE,RELIABLE,RELIABLE,RELIABLE,RELIABLE,RELIABLE,RELIABLE,RELIABLE,STATIONARY,MOVING,STATIONARY,MOVING,MOVING,MOVING,MOVING,MOVING,MOVING
32421,949,14,NO TRIAL,0.12841051,0.00102242,0.00796209,0.00632428,0.00794678,0.00829470,0.00696664,0.00619660,0.01534192,0.03585070,0.02394021,RELIABLE,RELIABLE,RELIABLE,RELIABLE,RELIABLE,RELIABLE,RELIABLE,RELIABLE,STATIONARY,MOVING,STATIONARY,MOVING,MOVING,MOVING,MOVING,MOVING,MOVING
32460,950,14,NO TRIAL,0.12837621,0.00064067,0.00499060,0.00635831,0.00833176,0.00859020,0.00584668,0.00649482,0.01546688,0.03440878,0.02349280,RELIABLE,RELIABLE,RELIABLE,RELIABLE,RELIABLE,RELIABLE,RELIABLE,RELIABLE,STATIONARY,MOVING,STATIONARY,MOVING,MOVING,MOVING,MOVING,MOVING,MOVING
32499,951,14,NO TRIAL,0.12835930,0.00032034,0.00249563,0.00593720,0.00786934,0.00798474,0.00527530,0.00585265,0.01199495,0.03127183,0.01822235,RELIABLE,RELIABLE,RELIABLE,RELIABLE,RELIABLE,RELIABLE,RELIABLE,RELIABLE,STATIONARY,MOVING,STATIONARY,MOVING,MOVING,MOVING,MOVING,MOVING,MOVING
32530,952,14,NO TRIAL,0.12867977,0.00116080,0.00902084,0.00612780,0.00910415,0.00895541,0.00567814,0.00570425,0.00948459,0.02688314,0.01481937,RELIABLE,RELIABLE,RELIABLE,RELIABLE,RELIABLE,RELIABLE,RELIABLE,RELIABLE,STATIONARY,MOVING,STATIONARY,MOVING,MOVING,MOVING,MOVING,MOVING,MOVING
32561,953,14,NO TRIAL,0.12909378,0.00074837,0.00579709,0.00638659,0.00953788,0.00906066,0.00630893,0.00594349,0.00947831,0.02795855,0.01458595,RELIABLE,RELIABLE,RELIABLE,RELIABLE,RELIABLE,RELIABLE,RELIABLE,RELIABLE,STATIONARY,MOVING,STATIONARY,MOVING,MOVING,MOVING,MOVING,MOVING,MOVING
32593,954,14,NO TRIAL,0.12917668,0.00156683,0.01212938,0.00693534,0.00984775,0.00897637,0.00642216,0.00537956,0.00964352,0.02946514,0.01472750,RELIABLE,RELIABLE,RELIABLE,RELIABLE,RELIABLE,RELIABLE,RELIABLE,RELIABLE,STATIONARY,MOVING,STATIONARY,MOVING,MOVING,MOVING,MOVING,MOVING,MOVING
32626,955,14,NO TRIAL,0.12921972,0.00078342,0.00606267,0.00702310,0.00991344,0.00938454,0.00555504,0.00482182,0.00814160,0.02325860,0.01313516,RELIABLE,RELIABLE,RELIABLE,RELIABLE,RELIABLE,RELIABLE,RELIABLE,RELIABLE,STATIONARY,MOVING,STATIONARY,MOVING,MOVING,MOVING,MOVING,MOVING,MOVING
32658,956,14,NO TRIAL,0.12883853,0.00194769,0.01511728,0.00794695,0.01007631,0.00946492,0.00579156,0.00538379,0.00735189,0.02481912,0.01226902,RELIABLE,RELIABLE,RELIABLE,RELIABLE,RELIABLE,RELIABLE,RELIABLE,RELIABLE,STATIONARY,MOVING,STATIONARY,MOVING,MOVING,MOVING,MOVING,MOVING,MOVING
32690,957,14,NO TRIAL,0.12876531,0.00063664,0.00494419,0.00756971,0.00935669,0.00831592,0.00616960,0.00529881,0.00727199,0.02552877,0.01190920,RELIABLE,RELIABLE,RELIABLE,RELIABLE,RELIABLE,RELIABLE,RELIABLE,RELIABLE,STATIONARY,MOVING,STATIONARY,MOVING,MOVING,MOVING,MOVING,MOVING,MOVING
32720,958,14,NO TRIAL,0.12782245,0.00052802,0.00413086,0.00746224,0.00871855,0.00836471,0.00653413,0.00493597,0.00712296,0.02294340,0.01059864,RELIABLE,RELIABLE,RELIABLE,RELIABLE,RELIABLE,RELIABLE,RELIABLE,RELIABLE,STATIONARY,MOVING,STATIONARY,MOVING,STATIONARY,MOVING,MOVING,MOVING,MOVING
32754,959,14,NO TRIAL,0.12861185,0.00052065,0.00404825,0.00765632,0.00853118,0.00848351,0.00712116,0.00576117,0.00832322,0.02350183,0.01158775,RELIABLE,RELIABLE,RELIABLE,RELIABLE,RELIABLE,RELIABLE,RELIABLE,RELIABLE,STATIONARY,MOVING,STATIONARY,MOVING,STATIONARY,MOVING,MOVING,MOVING,MOVING
32783,960,14,NO TRIAL,0.12900874,0.00026033,0.00201790,0.00678095,0.00618891,0.00624294,0.00651694,0.00553477,0.00856931,0.02317268,0.01174311,RELIABLE,RELIABLE,RELIABLE,RELIABLE,RELIABLE,RELIABLE,RELIABLE,RELIABLE,STATIONARY,MOVING,STATIONARY,MOVING,STATIONARY,MOVING,MOVING,MOVING,MOVING
32815,961,14,NO TRIAL,0.12878604,0.00097073,0.00753751,0.00699851,0.00564189,0.00620163,0.00639958,0.00676012,0.00928541,0.02581383,0.01550135,RELIABLE,RELIABLE,RELIABLE,RELIABLE,RELIABLE,RELIABLE,RELIABLE,RELIABLE,STATIONARY,MOVING,STATIONARY,MOVING,STATIONARY,MOVING,MOVING,MOVING,MOVING
32846,962,14,NO TRIAL,0.12890635,0.00061533,0.00477347,0.00607902,0.00500198,0.00543345,0.00688898,0.00782310,0.00944748,0.02413759,0.01531469,RELIABLE,RELIABLE,RELIABLE,RELIABLE,RELIABLE,RELIABLE,RELIABLE,RELIABLE,STATIONARY,MOVING,STATIONARY,MOVING,STATIONARY,MOVING,MOVING,MOVING,MOVING
32878,963,14,NO TRIAL,0.12783589,0.00088143,0.00689498,0.00618305,0.00499773,0.00577369,0.00776599,0.00819690,0.01050894,0.02405285,0.01682192,RELIABLE,RELIABLE,RELIABLE,RELIABLE,RELIABLE,RELIABLE,RELIABLE,RELIABLE,STATIONARY,MOVING,STATIONARY,MOVING,STATIONARY,MOVING,MOVING,MOVING,MOVING
32910,964,14,NO TRIAL,0.12909074,0.00130966,0.01014524,0.00556155,0.00569672,0.00643011,0.00803331,0.00923893,0.01163502,0.02325886,0.01861098,RELIABLE,RELIABLE,RELIABLE,RELIABLE,RELIABLE,RELIABLE,RELIABLE,RELIABLE,STATIONARY,MOVING,STATIONARY,MOVING,STATIONARY,MOVING,MOVING,MOVING,MOVING
32955,965,14,NO TRIAL,0.12953107,0.00085528,0.00660290,0.00576889,0.00639986,0.00689239,0.00808472,0.01131536,0.01237139,0.02631755,0.01951594,RELIABLE,RELIABLE,RELIABLE,RELIABLE,RELIABLE,RELIABLE,RELIABLE,RELIABLE,STATIONARY,MOVING,STATIONARY,MOVING,STATIONARY,MOVING,MOVING,MOVING,MOVING
32988,966,14,NO TRIAL,0.12975654,0.00042764,0.00329571,0.00566449,0.00662695,0.00646693,0.00717881,0.01192484,0.01161872,0.02751769,0.01983208,RELIABLE,RELIABLE,RELIABLE,RELIABLE,RELIABLE,RELIABLE,RELIABLE,RELIABLE,STATIONARY,MOVING,STATIONARY,MOVING,STATIONARY,MOVING,MOVING,MOVING,MOVING
33019,967,14,NO TRIAL,0.12936194,0.00170529,0.01318232,0.00680625,0.00875014,0.00776270,0.00705119,0.01168979,0.01052326,0.02605424,0.01953791,RELIABLE,RELIABLE,RELIABLE,RELIABLE,RELIABLE,RELIABLE,RELIABLE,RELIABLE,STATIONARY,MOVING,STATIONARY,MOVING,STATIONARY,MOVING,MOVING,MOVING,MOVING
33050,968,14,NO TRIAL,0.12977519,0.00102428,0.00789273,0.00754061,0.01017950,0.00894889,0.00670108,0.01201073,0.01042733,0.02571196,0.02022028,RELIABLE,RELIABLE,RELIABLE,RELIABLE,RELIABLE,RELIABLE,RELIABLE,RELIABLE,STATIONARY,MOVING,STATIONARY,MOVING,STATIONARY,MOVING,MOVING,MOVING,MOVING
33084,969,14,NO TRIAL,0.12900870,0.00066252,0.00513548,0.00724035,0.01039325,0.00893726,0.00703353,0.01094523,0.00898393,0.02090161,0.01618156,RELIABLE,RELIABLE,RELIABLE,RELIABLE,RELIABLE,RELIABLE,RELIABLE,RELIABLE,STATIONARY,MOVING,STATIONARY,MOVING,STATIONARY,MOVING,MOVING,MOVING,MOVING
33114,970,14,NO TRIAL,0.12863247,0.00033126,0.00257525,0.00696557,0.01011578,0.00890443,0.00634476,0.00985659,0.00850938,0.02035203,0.01608235,RELIABLE,RELIABLE,RELIABLE,RELIABLE,RELIABLE,RELIABLE,RELIABLE,RELIABLE,STATIONARY,MOVING,STATIONARY,MOVING,STATIONARY,MOVING,MOVING,MOVING,MOVING
33146,971,14,NO TRIAL,0.12867231,0.00069365,0.00539085,0.00677756,0.00967484,0.00847075,0.00630125,0.01009687,0.00780411,0.02204018,0.01552618,RELIABLE,RELIABLE,RELIABLE,RELIABLE,RELIABLE,RELIABLE,RELIABLE,RELIABLE,STATIONARY,MOVING,STATIONARY,MOVING,STATIONARY,MOVING,MOVING,MOVING,MOVING
33178,972,14,NO TRIAL,0.12989555,0.00148494,0.01143182,0.00693838,0.00933784,0.00796853,0.00657954,0.00995634,0.00733358,0.02260247,0.01434395,RELIABLE,RELIABLE,RELIABLE,RELIABLE,RELIABLE,RELIABLE,RELIABLE,RELIABLE,STATIONARY,MOVING,STATIONARY,MOVING,STATIONARY,MOVING,MOVING,MOVING,MOVING
33211,973,14,NO TRIAL,0.12919807,0.00160565,0.01242783,0.00766650,0.01011749,0.00853228,0.00679291,0.00881361,0.00658895,0.01741596,0.01228873,RELIABLE,RELIABLE,RELIABLE,RELIABLE,RELIABLE,RELIABLE,RELIABLE,RELIABLE,STATIONARY,MOVING,STATIONARY,MOVING,STATIONARY,MOVING,MOVING,MOVING,MOVING
33243,974,14,NO TRIAL,0.12991971,0.00106250,0.00817813,0.00827680,0.01070414,0.00856384,0.00726320,0.00849204,0.00698216,0.02034001,0.01266666,RELIABLE,RELIABLE,RELIABLE,RELIABLE,RELIABLE,RELIABLE,RELIABLE,RELIABLE,STATIONARY,MOVING,STATIONARY,MOVING,STATIONARY,MOVING,MOVING,MOVING,MOVING
33292,975,14,NO TRIAL,0.13095940,0.00081066,0.00619014,0.00740278,0.00952379,0.00777830,0.00673491,0.00861749,0.00664706,0.02099860,0.01251058,RELIABLE,RELIABLE,RELIABLE,RELIABLE,RELIABLE,RELIABLE,RELIABLE,RELIABLE,STATIONARY,MOVING,STATIONARY,MOVING,STATIONARY,MOVING,MOVING,MOVING,MOVING
33320,976,14,NO TRIAL,0.13147993,0.00040533,0.00308282,0.00680154,0.00856383,0.00684598,0.00675790,0.00824139,0.00602967,0.02093881,0.01160298,RELIABLE,RELIABLE,RELIABLE,RELIABLE,RELIABLE,RELIABLE,RELIABLE,RELIABLE,STATIONARY,MOVING,STATIONARY,MOVING,STATIONARY,MOVING,MOVING,MOVING,MOVING
33351,977,14,NO TRIAL,0.13080813,0.00159555,0.01219764,0.00768431,0.00968108,0.00788070,0.00613982,0.00792837,0.00582955,0.02041104,0.01134674,RELIABLE,RELIABLE,RELIABLE,RELIABLE,RELIABLE,RELIABLE,RELIABLE,RELIABLE,STATIONARY,MOVING,STATIONARY,MOVING,STATIONARY,MOVING,MOVING,MOVING,MOVING
33383,978,14,NO TRIAL,0.12958565,0.00105594,0.00814858,0.00838098,0.01068685,0.00840970,0.00620608,0.00887609,0.00601821,0.02447176,0.01165837,RELIABLE,RELIABLE,RELIABLE,RELIABLE,RELIABLE,RELIABLE,RELIABLE,RELIABLE,STATIONARY,MOVING,STATIONARY,MOVING,STATIONARY,MOVING,MOVING,MOVING,MOVING
33420,979,14,NO TRIAL,0.12995286,0.00095441,0.00734431,0.00862516,0.01108604,0.00879701,0.00569238,0.00842249,0.00610584,0.02369355,0.01201673,RELIABLE,RELIABLE,RELIABLE,RELIABLE,RELIABLE,RELIABLE,RELIABLE,RELIABLE,STATIONARY,MOVING,STATIONARY,MOVING,STATIONARY,MOVING,MOVING,MOVING,MOVING
33452,980,14,NO TRIAL,0.13033003,0.00048941,0.00375513,0.00766557,0.00961980,0.00792435,0.00490618,0.00694107,0.00488560,0.02056787,0.01055005,RELIABLE,RELIABLE,RELIABLE,RELIABLE,RELIABLE,RELIABLE,RELIABLE,RELIABLE,STATIONARY,MOVING,STATIONARY,MOVING,STATIONARY,MOVING,MOVING,MOVING,MOVING
33493,981,14,NO TRIAL,0.13051967,0.00024470,0.00187484,0.00634645,0.00780050,0.00687405,0.00419651,0.00603751,0.00450058,0.02048546,0.00987294,RELIABLE,RELIABLE,RELIABLE,RELIABLE,RELIABLE,RELIABLE,RELIABLE,RELIABLE,STATIONARY,MOVING,STATIONARY,MOVING,STATIONARY,MOVING,MOVING,MOVING,MOVING
33524,982,14,NO TRIAL,0.13018874,0.00127810,0.00981731,0.00655134,0.00861494,0.00875776,0.00456380,0.00591629,0.00432009,0.01726667,0.00942102,RELIABLE,RELIABLE,RELIABLE,RELIABLE,RELIABLE,RELIABLE,RELIABLE,RELIABLE,STATIONARY,MOVING,STATIONARY,MOVING,STATIONARY,MOVING,MOVING,MOVING,MOVING
33555,983,14,NO TRIAL,0.13014272,0.00076511,0.00587902,0.00651245,0.00896581,0.00947767,0.00581309,0.00539136,0.00450293,0.01660756,0.00892807,RELIABLE,RELIABLE,RELIABLE,RELIABLE,RELIABLE,RELIABLE,RELIABLE,RELIABLE,STATIONARY,MOVING,STATIONARY,MOVING,STATIONARY,MOVING,MOVING,MOVING,MOVING
33586,984,14,NO TRIAL,0.13077284,0.00067927,0.00519428,0.00677639,0.00960443,0.01041397,0.00633345,0.00537733,0.00464633,0.01722581,0.00943355,RELIABLE,RELIABLE,RELIABLE,RELIABLE,RELIABLE,RELIABLE,RELIABLE,RELIABLE,STATIONARY,MOVING,STATIONARY,MOVING,STATIONARY,MOVING,MOVING,MOVING,MOVING
33617,985,14,NO TRIAL,0.12991949,0.00130333,0.01003181,0.00650566,0.00839370,0.00987871,0.00642014,0.00599457,0.00489699,0.02228253,0.01037037,RELIABLE,RELIABLE,RELIABLE,RELIABLE,RELIABLE,RELIABLE,RELIABLE,RELIABLE,STATIONARY,MOVING,STATIONARY,MOVING,STATIONARY,MOVING,MOVING,MOVING,MOVING
33660,986,14,NO TRIAL,0.13045732,0.00088482,0.00678243,0.00633489,0.00811923,0.01013888,0.00742364,0.00549396,0.00574283,0.01832533,0.01045731,RELIABLE,RELIABLE,RELIABLE,RELIABLE,RELIABLE,RELIABLE,RELIABLE,RELIABLE,STATIONARY,MOVING,STATIONARY,MOVING,STATIONARY,MOVING,MOVING,MOVING,MOVING
33694,987,14,NO TRIAL,0.13072823,0.00044241,0.00338419,0.00583987,0.00807126,0.00983803,0.00753742,0.00554336,0.00565860,0.01643839,0.00920317,RELIABLE,RELIABLE,RELIABLE,RELIABLE,RELIABLE,RELIABLE,RELIABLE,RELIABLE,STATIONARY,MOVING,STATIONARY,MOVING,STATIONARY,STATIONARY,MOVING,MOVING,MOVING
33724,988,14,NO TRIAL,0.13036469,0.00129392,0.00992536,0.00661115,0.00833789,0.01054730,0.00842390,0.00675100,0.00620744,0.01797298,0.01310707,RELIABLE,RELIABLE,RELIABLE,RELIABLE,RELIABLE,RELIABLE,RELIABLE,RELIABLE,STATIONARY,MOVING,STATIONARY,MOVING,STATIONARY,STATIONARY,MOVING,MOVING,MOVING
33756,989,14,NO TRIAL,0.13114498,0.00060961,0.00464838,0.00695785,0.00838612,0.01090316,0.00897380,0.00707010,0.00821978,0.02100560,0.01583733,RELIABLE,RELIABLE,RELIABLE,RELIABLE,RELIABLE,RELIABLE,RELIABLE,RELIABLE,STATIONARY,MOVING,STATIONARY,MOVING,STATIONARY,STATIONARY,MOVING,MOVING,MOVING
33788,990,14,NO TRIAL,0.13141228,0.00137902,0.01049382,0.00704241,0.00836120,0.01075482,0.00866526,0.00679639,0.00784747,0.02015248,0.01605657,RELIABLE,RELIABLE,RELIABLE,RELIABLE,RELIABLE,RELIABLE,RELIABLE,RELIABLE,STATIONARY,MOVING,STATIONARY,MOVING,STATIONARY,STATIONARY,MOVING,MOVING,MOVING
33819,991,14,NO TRIAL,0.13154620,0.00068951,0.00524157,0.00696273,0.00773631,0.01009983,0.00747817,0.00637049,0.00736393,0.01979019,0.01558507,RELIABLE,RELIABLE,RELIABLE,RELIABLE,RELIABLE,RELIABLE,RELIABLE,RELIABLE,STATIONARY,MOVING,STATIONARY,MOVING,STATIONARY,STATIONARY,MOVING,MOVING,MOVING
33850,992,14,NO TRIAL,0.13090462,0.00074346,0.00567944,0.00702337,0.00712644,0.00945888,0.00747091,0.00692115,0.00753381,0.02320207,0.01565090,RELIABLE,RELIABLE,RELIABLE,RELIABLE,RELIABLE,RELIABLE,RELIABLE,RELIABLE,STATIONARY,MOVING,STATIONARY,MOVING,STATIONARY,STATIONARY,MOVING,MOVING,MOVING
33882,993,14,NO TRIAL,0.13096267,0.00222666,0.01700223,0.00789468,0.00917990,0.01111805,0.00784207,0.00594105,0.00705253,0.01866313,0.01438710,RELIABLE,RELIABLE,RELIABLE,RELIABLE,RELIABLE,RELIABLE,RELIABLE,RELIABLE,STATIONARY,MOVING,STATIONARY,MOVING,STATIONARY,STATIONARY,MOVING,MOVING,MOVING
33916,994,14,NO TRIAL,0.13173671,0.00073441,0.00557487,0.00774373,0.00858335,0.01088413,0.00707129,0.00610424,0.00665530,0.02097313,0.01426821,RELIABLE,RELIABLE,RELIABLE,RELIABLE,RELIABLE,RELIABLE,RELIABLE,RELIABLE,STATIONARY,MOVING,STATIONARY,MOVING,STATIONARY,STATIONARY,MOVING,MOVING,MOVING
33945,995,14,NO TRIAL,0.13212390,0.00036721,0.00277927,0.00766812,0.00828548,0.01076700,0.00668632,0.00618522,0.00645662,0.02212429,0.01420841,RELIABLE,RELIABLE,RELIABLE,RELIABLE,RELIABLE,RELIABLE,RELIABLE,RELIABLE,STATIONARY,MOVING,STATIONARY,MOVING,STATIONARY,STATIONARY,MOVING,MOVING,MOVING
33977,996,14,NO TRIAL,0.13023022,0.00093185,0.00715544,0.00732188,0.00855508,0.01038647,0.00624369,0.00545250,0.00886503,0.02245417,0.01328706,RELIABLE,RELIABLE,RELIABLE,RELIABLE,RELIABLE,RELIABLE,RELIABLE,RELIABLE,STATIONARY,MOVING,STATIONARY,MOVING,STATIONARY,STATIONARY,MOVING,MOVING,MOVING
34009,997,14,NO TRIAL,0.13015306,0.00122544,0.00941535,0.00791775,0.00975408,0.01162695,0.00666600,0.00592489,0.00812321,0.02209138,0.01336682,RELIABLE,RELIABLE,RELIABLE,RELIABLE,RELIABLE,RELIABLE,RELIABLE,RELIABLE,STATIONARY,MOVING,STATIONARY,MOVING,STATIONARY,STATIONARY,MOVING,MOVING,MOVING
34041,998,14,NO TRIAL,0.13096305,0.00039751,0.00303530,0.00698543,0.00813015,0.00960988,0.00664371,0.00657323,0.01107480,0.02758831,0.01708379,RELIABLE,RELIABLE,RELIABLE,RELIABLE,RELIABLE,RELIABLE,RELIABLE,RELIABLE,STATIONARY,MOVING,STATIONARY,MOVING,STATIONARY,STATIONARY,MOVING,MOVING,MOVING
34076,999,14,NO TRIAL,0.12990692,0.00034467,0.00265317,0.00666188,0.00778232,0.00900709,0.00702220,0.00785830,0.01163081,0.02945131,0.01758980,RELIABLE,RELIABLE,RELIABLE,RELIABLE,RELIABLE,RELIABLE,RELIABLE,RELIABLE,STATIONARY,MOVING,STATIONARY,MOVING,STATIONARY,STATIONARY,MOVING,MOVING,MOVING
34124,1000,14,NO TRIAL,0.12995212,0.00071555,0.00550623,0.00664023,0.00776520,0.00889666,0.00697247,0.00729114,0.01161812,0.02568473,0.01676936,RELIABLE,RELIABLE,RELIABLE,RELIABLE,RELIABLE,RELIABLE,RELIABLE,RELIABLE,STATIONARY,MOVING,STATIONARY,MOVING,STATIONARY,STATIONARY,MOVING,MOVING,MOVING
34151,1001,14,NO TRIAL,0.12997828,0.00035777,0.00275256,0.00485902,0.00539514,0.00627446,0.00625624,0.00734052,0.01145309,0.02437755,0.01601785,RELIABLE,RELIABLE,RELIABLE,RELIABLE,RELIABLE,RELIABLE,RELIABLE,RELIABLE,STATIONARY,MOVING,STATIONARY,MOVING,STATIONARY,STATIONARY,MOVING,MOVING,MOVING
34183,1002,14,NO TRIAL,0.13064792,0.00061430,0.00470199,0.00474991,0.00562932,0.00571756,0.00670062,0.00764670,0.01182293,0.02358749,0.01653150,RELIABLE,RELIABLE,RELIABLE,RELIABLE,RELIABLE,RELIABLE,RELIABLE,RELIABLE,STATIONARY,MOVING,STATIONARY,MOVING,STATIONARY,STATIONARY,MOVING,MOVING,MOVING
34213,1003,14,NO TRIAL,0.12957885,0.00071179,0.00549307,0.00508914,0.00623865,0.00601405,0.00771819,0.00831698,0.01212326,0.02364576,0.01752836,RELIABLE,RELIABLE,RELIABLE,RELIABLE,RELIABLE,RELIABLE,RELIABLE,RELIABLE,STATIONARY,MOVING,STATIONARY,MOVING,STATIONARY,STATIONARY,MOVING,MOVING,MOVING
34245,1004,14,NO TRIAL,0.12996976,0.00056188,0.00432314,0.00473510,0.00608278,0.00599718,0.00714032,0.00808270,0.00917852,0.02068347,0.01486001,RELIABLE,RELIABLE,RELIABLE,RELIABLE,RELIABLE,RELIABLE,RELIABLE,RELIABLE,STATIONARY,MOVING,STATIONARY,MOVING,STATIONARY,STATIONARY,MOVING,MOVING,MOVING
34283,1005,14,NO TRIAL,0.13064922,0.00056007,0.00428681,0.00409403,0.00495549,0.00467442,0.00657085,0.00748615,0.00838438,0.01891197,0.01307122,RELIABLE,RELIABLE,RELIABLE,RELIABLE,RELIABLE,RELIABLE,RELIABLE,RELIABLE,STATIONARY,MOVING,STATIONARY,MOVING,STATIONARY,STATIONARY,MOVING,MOVING,MOVING
34324,1006,14,NO TRIAL,0.13098927,0.00028003,0.00213784,0.00398185,0.00474403,0.00481799,0.00601711,0.00663002,0.00526604,0.01238065,0.00835437,RELIABLE,RELIABLE,RELIABLE,RELIABLE,RELIABLE,RELIABLE,RELIABLE,RELIABLE,STATIONARY,MOVING,STATIONARY,MOVING,STATIONARY,STATIONARY,MOVING,MOVING,MOVING
34355,1007,14,NO TRIAL,0.13163734,0.00046091,0.00350135,0.00408787,0.00450566,0.00486614,0.00578686,0.00542105,0.00502469,0.01342667,0.00841722,RELIABLE,RELIABLE,RELIABLE,RELIABLE,RELIABLE,RELIABLE,RELIABLE,RELIABLE,STATIONARY,MOVING,STATIONARY,MOVING,STATIONARY,STATIONARY,MOVING,MOVING,MOVING
34387,1008,14,NO TRIAL,0.13207352,0.00051049,0.00386523,0.00388275,0.00399001,0.00452514,0.00594917,0.00583022,0.00530809,0.01555656,0.00970645,RELIABLE,RELIABLE,RELIABLE,RELIABLE,RELIABLE,RELIABLE,RELIABLE,RELIABLE,STATIONARY,MOVING,STATIONARY,MOVING,STATIONARY,STATIONARY,MOVING,MOVING,MOVING
34419,1009,14,NO TRIAL,0.13249365,0.00063986,0.00482938,0.00414235,0.00493073,0.00555341,0.00655230,0.00615521,0.00580837,0.01631428,0.01087162,RELIABLE,RELIABLE,RELIABLE,RELIABLE,RELIABLE,RELIABLE,RELIABLE,RELIABLE,STATIONARY,MOVING,STATIONARY,MOVING,STATIONARY,STATIONARY,MOVING,MOVING,MOVING
34450,1010,14,NO TRIAL,0.13181757,0.00088255,0.00669523,0.00439151,0.00517063,0.00612275,0.00582468,0.00551368,0.00479166,0.01524032,0.00981438,RELIABLE,RELIABLE,RELIABLE,RELIABLE,RELIABLE,RELIABLE,RELIABLE,RELIABLE,STATIONARY,MOVING,STATIONARY,MOVING,STATIONARY,STATIONARY,MOVING,MOVING,MOVING
34493,1011,14,NO TRIAL,0.13148382,0.00109706,0.00834373,0.00474784,0.00590294,0.00646073,0.00553394,0.00526434,0.00481673,0.01701383,0.00988067,RELIABLE,RELIABLE,RELIABLE,RELIABLE,RELIABLE,RELIABLE,RELIABLE,RELIABLE,STATIONARY,MOVING,STATIONARY,MOVING,STATIONARY,STATIONARY,MOVING,MOVING,MOVING
34529,1012,14,NO TRIAL,0.13131801,0.00054853,0.00417713,0.00472959,0.00578230,0.00592710,0.00573491,0.00483407,0.00489684,0.01810725,0.00978275,RELIABLE,RELIABLE,RELIABLE,RELIABLE,RELIABLE,RELIABLE,RELIABLE,RELIABLE,STATIONARY,STATIONARY,STATIONARY,MOVING,STATIONARY,STATIONARY,MOVING,MOVING,MOVING
34559,1013,14,NO TRIAL,0.13194480,0.00151957,0.01151672,0.00563333,0.00822110,0.00769520,0.00637417,0.00731711,0.00519277,0.01763958,0.01055160,RELIABLE,RELIABLE,RELIABLE,RELIABLE,RELIABLE,RELIABLE,RELIABLE,RELIABLE,STATIONARY,STATIONARY,STATIONARY,MOVING,STATIONARY,STATIONARY,MOVING,MOVING,MOVING
34591,1014,14,NO TRIAL,0.13056833,0.00103238,0.00790682,0.00635445,0.00902287,0.00837300,0.00678167,0.00805775,0.00645396,0.02336466,0.01184087,RELIABLE,RELIABLE,RELIABLE,RELIABLE,RELIABLE,RELIABLE,RELIABLE,RELIABLE,STATIONARY,STATIONARY,STATIONARY,MOVING,STATIONARY,STATIONARY,MOVING,MOVING,MOVING
34622,1015,14,NO TRIAL,0.13104272,0.00025700,0.00196123,0.00616193,0.00912087,0.00807036,0.00711139,0.00843618,0.00701682,0.02466494,0.01246072,RELIABLE,RELIABLE,RELIABLE,RELIABLE,RELIABLE,RELIABLE,RELIABLE,RELIABLE,STATIONARY,STATIONARY,STATIONARY,MOVING,STATIONARY,STATIONARY,MOVING,MOVING,MOVING
34654,1016,14,NO TRIAL,0.13128332,0.00012850,0.00097882,0.00580113,0.00924585,0.00783208,0.00675571,0.00781112,0.00672131,0.02386464,0.01153443,RELIABLE,RELIABLE,RELIABLE,RELIABLE,RELIABLE,RELIABLE,RELIABLE,RELIABLE,STATIONARY,STATIONARY,STATIONARY,MOVING,STATIONARY,STATIONARY,MOVING,MOVING,MOVING
34686,1017,14,NO TRIAL,0.13083167,0.00074744,0.00571302,0.00591159,0.00896582,0.00768269,0.00612504,0.00868004,0.00720567,0.02532314,0.01328346,RELIABLE,RELIABLE,RELIABLE,RELIABLE,RELIABLE,RELIABLE,RELIABLE,RELIABLE,STATIONARY,STATIONARY,STATIONARY,MOVING,STATIONARY,STATIONARY,MOVING,MOVING,MOVING
34718,1018,14,NO TRIAL,0.13049016,0.00074814,0.00573331,0.00579135,0.00872866,0.00720198,0.00613575,0.00946188,0.00727083,0.02666791,0.01438727,RELIABLE,RELIABLE,RELIABLE,RELIABLE,RELIABLE,RELIABLE,RELIABLE,RELIABLE,STATIONARY,STATIONARY,STATIONARY,MOVING,STATIONARY,STATIONARY,MOVING,MOVING,MOVING
34750,1019,14,NO TRIAL,0.13089016,0.00049376,0.00377236,0.00521992,0.00727497,0.00664641,0.00537347,0.00936418,0.00705536,0.02405828,0.01388074,RELIABLE,RELIABLE,RELIABLE,RELIABLE,RELIABLE,RELIABLE,RELIABLE,RELIABLE,STATIONARY,STATIONARY,STATIONARY,MOVING,STATIONARY,STATIONARY,MOVING,MOVING,MOVING
34781,1020,14,NO TRIAL,0.12992935,0.00089113,0.00685856,0.00555510,0.00675689,0.00664888,0.00540775,0.00971030,0.00810173,0.02789810,0.01501545,RELIABLE,RELIABLE,RELIABLE,RELIABLE,RELIABLE,RELIABLE,RELIABLE,RELIABLE,STATIONARY,STATIONARY,STATIONARY,MOVING,STATIONARY,STATIONARY,MOVING,MOVING,MOVING
34812,1021,14,NO TRIAL,0.12944924,0.00044556,0.00344200,0.00454576,0.00406988,0.00449915,0.00441791,0.00711258,0.00790190,0.02939683,0.01390491,RELIABLE,RELIABLE,RELIABLE,RELIABLE,RELIABLE,RELIABLE,RELIABLE,RELIABLE,STATIONARY,STATIONARY,STATIONARY,MOVING,STATIONARY,STATIONARY,MOVING,MOVING,MOVING
34844,1022,14,NO TRIAL,0.13051484,0.00078793,0.00603707,0.00431204,0.00354314,0.00429896,0.00415123,0.00674224,0.00746698,0.02478536,0.01312993,RELIABLE,RELIABLE,RELIABLE,RELIABLE,RELIABLE,RELIABLE,RELIABLE,RELIABLE,STATIONARY,STATIONARY,STATIONARY,MOVING,STATIONARY,STATIONARY,MOVING,MOVING,MOVING
34875,1023,14,NO TRIAL,0.13014796,0.00061513,0.00472638,0.00465769,0.00334886,0.00457849,0.00389172,0.00679028,0.00752963,0.02077316,0.01240506,RELIABLE,RELIABLE,RELIABLE,RELIABLE,RELIABLE,RELIABLE,RELIABLE,RELIABLE,STATIONARY,STATIONARY,STATIONARY,MOVING,STATIONARY,STATIONARY,MOVING,MOVING,MOVING
34908,1024,14,NO TRIAL,0.13074867,0.00066402,0.00507861,0.00517016,0.00406777,0.00539672,0.00399387,0.00680767,0.00742866,0.02072278,0.01314409,RELIABLE,RELIABLE,RELIABLE,RELIABLE,RELIABLE,RELIABLE,RELIABLE,RELIABLE,STATIONARY,STATIONARY,STATIONARY,MOVING,STATIONARY,STATIONARY,MOVING,MOVING,MOVING
34940,1025,14,NO TRIAL,0.13099591,0.00114469,0.00873838,0.00554833,0.00533697,0.00631051,0.00427088,0.00594042,0.00774825,0.02031419,0.01343522,RELIABLE,RELIABLE,RELIABLE,RELIABLE,RELIABLE,RELIABLE,RELIABLE,RELIABLE,STATIONARY,STATIONARY,STATIONARY,MOVING,STATIONARY,STATIONARY,MOVING,MOVING,MOVING
34988,1026,14,NO TRIAL,0.13077973,0.00099130,0.00757992,0.00577916,0.00542638,0.00653956,0.00409798,0.00490936,0.00767396,0.01982013,0.01303072,RELIABLE,RELIABLE,RELIABLE,RELIABLE,RELIABLE,RELIABLE,RELIABLE,RELIABLE,STATIONARY,STATIONARY,STATIONARY,STATIONARY,STATIONARY,STATIONARY,MOVING,MOVING,MOVING
35016,1027,14,NO TRIAL,0.13067205,0.00049565,0.00379308,0.00578175,0.00570268,0.00634276,0.00391224,0.00429561,0.00723780,0.02009727,0.01255411,RELIABLE,RELIABLE,RELIABLE,RELIABLE,RELIABLE,RELIABLE,RELIABLE,RELIABLE,STATIONARY,STATIONARY,STATIONARY,STATIONARY,STATIONARY,STATIONARY,MOVING,MOVING,MOVING
35047,1028,14,NO TRIAL,0.13070228,0.00078234,0.00598569,0.00567264,0.00619837,0.00661195,0.00470498,0.00391865,0.00641787,0.01643252,0.01191039,RELIABLE,RELIABLE,RELIABLE,RELIABLE,RELIABLE,RELIABLE,RELIABLE,RELIABLE,STATIONARY,STATIONARY,STATIONARY,STATIONARY,STATIONARY,STATIONARY,MOVING,MOVING,MOVING
35078,1029,14,NO TRIAL,0.13120657,0.00064324,0.00490252,0.00585521,0.00684498,0.00726755,0.00510549,0.00426070,0.00641882,0.01498181,0.01172711,RELIABLE,RELIABLE,RELIABLE,RELIABLE,RELIABLE,RELIABLE,RELIABLE,RELIABLE,STATIONARY,STATIONARY,STATIONARY,STATIONARY,STATIONARY,STATIONARY,MOVING,MOVING,MOVING
35116,1030,14,NO TRIAL,0.13104428,0.00083449,0.00636801,0.00589657,0.00754480,0.00781172,0.00502290,0.00411406,0.00577728,0.01498811,0.01229785,RELIABLE,RELIABLE,RELIABLE,RELIABLE,RELIABLE,RELIABLE,RELIABLE,RELIABLE,STATIONARY,STATIONARY,STATIONARY,STATIONARY,STATIONARY,STATIONARY,MOVING,MOVING,MOVING
35156,1031,14,NO TRIAL,0.13096373,0.00041725,0.00318596,0.00570402,0.00779840,0.00796515,0.00454614,0.00361981,0.00484650,0.01483538,0.01187798,RELIABLE,RELIABLE,RELIABLE,RELIABLE,RELIABLE,RELIABLE,RELIABLE,RELIABLE,STATIONARY,STATIONARY,STATIONARY,STATIONARY,STATIONARY,STATIONARY,MOVING,MOVING,MOVING
35187,1032,14,NO TRIAL,0.13056650,0.00115894,0.00887628,0.00617873,0.00902145,0.00902911,0.00527319,0.00393182,0.00564713,0.01495610,0.01166720,RELIABLE,RELIABLE,RELIABLE,RELIABLE,RELIABLE,RELIABLE,RELIABLE,RELIABLE,STATIONARY,STATIONARY,STATIONARY,STATIONARY,STATIONARY,STATIONARY,MOVING,MOVING,MOVING
35219,1033,14,NO TRIAL,0.13085614,0.00066276,0.00506478,0.00571953,0.00753994,0.00780555,0.00540581,0.00393261,0.00492681,0.01449797,0.01043653,RELIABLE,RELIABLE,RELIABLE,RELIABLE,RELIABLE,RELIABLE,RELIABLE,RELIABLE,STATIONARY,STATIONARY,STATIONARY,STATIONARY,STATIONARY,STATIONARY,MOVING,MOVING,MOVING
35250,1034,14,NO TRIAL,0.13077822,0.00045110,0.00344935,0.00520321,0.00722905,0.00755948,0.00556325,0.00422588,0.00543174,0.01385634,0.01330111,RELIABLE,RELIABLE,RELIABLE,RELIABLE,RELIABLE,RELIABLE,RELIABLE,RELIABLE,STATIONARY,STATIONARY,STATIONARY,STATIONARY,STATIONARY,STATIONARY,MOVING,MOVING,MOVING
35281,1035,14,NO TRIAL,0.12983860,0.00079602,0.00613083,0.00549543,0.00807525,0.00855720,0.00711834,0.00603000,0.00693017,0.01768734,0.01483367,RELIABLE,RELIABLE,RELIABLE,RELIABLE,RELIABLE,RELIABLE,RELIABLE,RELIABLE,STATIONARY,STATIONARY,STATIONARY,STATIONARY,STATIONARY,STATIONARY,MOVING,MOVING,MOVING
35324,1036,14,NO TRIAL,0.13001669,0.00051883,0.00399051,0.00524603,0.00817366,0.00867475,0.00687467,0.00652019,0.00693018,0.01862249,0.01554767,RELIABLE,RELIABLE,RELIABLE,RELIABLE,RELIABLE,RELIABLE,RELIABLE,RELIABLE,STATIONARY,STATIONARY,STATIONARY,STATIONARY,STATIONARY,STATIONARY,MOVING,MOVING,MOVING
35360,1037,14,NO TRIAL,0.13010592,0.00025942,0.00199389,0.00488245,0.00782329,0.00821114,0.00674715,0.00623291,0.00651631,0.01869704,0.01576179,RELIABLE,RELIABLE,RELIABLE,RELIABLE,RELIABLE,RELIABLE,RELIABLE,RELIABLE,STATIONARY,STATIONARY,STATIONARY,STATIONARY,STATIONARY,STATIONARY,MOVING,MOVING,MOVING
35393,1038,14,NO TRIAL,0.13050430,0.00021187,0.00162351,0.00428939,0.00677924,0.00717703,0.00731864,0.00693960,0.00673395,0.01761741,0.01559551,RELIABLE,RELIABLE,RELIABLE,RELIABLE,RELIABLE,RELIABLE,RELIABLE,RELIABLE,STATIONARY,STATIONARY,STATIONARY,STATIONARY,STATIONARY,STATIONARY,MOVING,MOVING,MOVING
35424,1039,14,NO TRIAL,0.13059274,0.00093949,0.00719407,0.00479040,0.00738503,0.00788811,0.00789077,0.00750655,0.00762220,0.02019218,0.01589793,RELIABLE,RELIABLE,RELIABLE,RELIABLE,RELIABLE,RELIABLE,RELIABLE,RELIABLE,STATIONARY,STATIONARY,STATIONARY,STATIONARY,STATIONARY,STATIONARY,MOVING,MOVING,MOVING
35454,1040,14,NO TRIAL,0.13010718,0.00067110,0.00515808,0.00432563,0.00623951,0.00711553,0.00720526,0.00768041,0.00723850,0.01910944,0.01640959,RELIABLE,RELIABLE,RELIABLE,RELIABLE,RELIABLE,RELIABLE,RELIABLE,RELIABLE,STATIONARY,STATIONARY,STATIONARY,STATIONARY,STATIONARY,STATIONARY,MOVING,MOVING,MOVING
35486,1041,14,NO TRIAL,0.12986441,0.00033555,0.00258386,0.00401551,0.00599507,0.00681280,0.00679894,0.00749748,0.00680740,0.01792012,0.01513835,RELIABLE,RELIABLE,RELIABLE,RELIABLE,RELIABLE,RELIABLE,RELIABLE,RELIABLE,STATIONARY,STATIONARY,STATIONARY,STATIONARY,STATIONARY,STATIONARY,MOVING,MOVING,MOVING
35518,1042,14,NO TRIAL,0.13089590,0.00054556,0.00416792,0.00410533,0.00617908,0.00719544,0.00743310,0.00817083,0.00656599,0.01948647,0.01342965,RELIABLE,RELIABLE,RELIABLE,RELIABLE,RELIABLE,RELIABLE,RELIABLE,RELIABLE,STATIONARY,STATIONARY,STATIONARY,STATIONARY,STATIONARY,STATIONARY,MOVING,MOVING,MOVING
35550,1043,14,NO TRIAL,0.13069161,0.00079170,0.00605780,0.00409620,0.00572971,0.00691735,0.00601775,0.00707386,0.00557317,0.01657751,0.01225941,RELIABLE,RELIABLE,RELIABLE,RELIABLE,RELIABLE,RELIABLE,RELIABLE,RELIABLE,STATIONARY,STATIONARY,STATIONARY,STATIONARY,STATIONARY,STATIONARY,MOVING,MOVING,MOVING
35582,1044,14,NO TRIAL,0.13081224,0.00065267,0.00498936,0.00422106,0.00568294,0.00683547,0.00516053,0.00678764,0.00563583,0.01567981,0.01229378,RELIABLE,RELIABLE,RELIABLE,RELIABLE,RELIABLE,RELIABLE,RELIABLE,RELIABLE,STATIONARY,STATIONARY,STATIONARY,STATIONARY,STATIONARY,STATIONARY,MOVING,MOVING,MOVING
35614,1045,14,NO TRIAL,0.13055302,0.00039369,0.00301554,0.00434877,0.00582687,0.00686497,0.00575576,0.00737239,0.00630700,0.01580995,0.01277863,RELIABLE,RELIABLE,RELIABLE,RELIABLE,RELIABLE,RELIABLE,RELIABLE,RELIABLE,STATIONARY,STATIONARY,STATIONARY,STATIONARY,STATIONARY,STATIONARY,MOVING,MOVING,MOVING
35660,1046,14,NO TRIAL,0.13140503,0.00071902,0.00547180,0.00482980,0.00651791,0.00722764,0.00584085,0.00743649,0.00716095,0.01748436,0.01350453,RELIABLE,RELIABLE,RELIABLE,RELIABLE,RELIABLE,RELIABLE,RELIABLE,RELIABLE,STATIONARY,STATIONARY,STATIONARY,STATIONARY,STATIONARY,STATIONARY,MOVING,MOVING,MOVING
35693,1047,14,NO TRIAL,0.13222841,0.00054410,0.00411482,0.00444490,0.00614465,0.00646835,0.00562521,0.00778926,0.00678213,0.01563497,0.01369438,RELIABLE,RELIABLE,RELIABLE,RELIABLE,RELIABLE,RELIABLE,RELIABLE,RELIABLE,STATIONARY,STATIONARY,STATIONARY,STATIONARY,STATIONARY,STATIONARY,MOVING,MOVING,MOVING
35725,1048,14,NO TRIAL,0.13264023,0.00027205,0.00205102,0.00405651,0.00549335,0.00555035,0.00529163,0.00752159,0.00628667,0.01492965,0.01232796,RELIABLE,RELIABLE,RELIABLE,RELIABLE,RELIABLE,RELIABLE,RELIABLE,RELIABLE,STATIONARY,STATIONARY,STATIONARY,STATIONARY,STATIONARY,STATIONARY,MOVING,MOVING,MOVING
35755,1049,14,NO TRIAL,0.13154977,0.00042517,0.00323204,0.00413754,0.00532994,0.00516162,0.00616153,0.00861919,0.00758662,0.01638363,0.01361545,RELIABLE,RELIABLE,RELIABLE,RELIABLE,RELIABLE,RELIABLE,RELIABLE,RELIABLE,STATIONARY,STATIONARY,STATIONARY,STATIONARY,STATIONARY,STATIONARY,MOVING,MOVING,MOVING
35787,1050,14,NO TRIAL,0.13091904,0.00083308,0.00636335,0.00441197,0.00604667,0.00530315,0.00579020,0.00827895,0.00764603,0.01439897,0.01300538,RELIABLE,RELIABLE,RELIABLE,RELIABLE,RELIABLE,RELIABLE,RELIABLE,RELIABLE,STATIONARY,STATIONARY,STATIONARY,STATIONARY,STATIONARY,STATIONARY,MOVING,MOVING,MOVING
35820,1051,14,NO TRIAL,0.13106408,0.00047436,0.00361930,0.00410715,0.00539466,0.00467329,0.00641526,0.00834566,0.00756798,0.01354091,0.01372857,RELIABLE,RELIABLE,RELIABLE,RELIABLE,RELIABLE,RELIABLE,RELIABLE,RELIABLE,STATIONARY,STATIONARY,STATIONARY,STATIONARY,STATIONARY,STATIONARY,MOVING,MOVING,MOVING
35850,1052,14,NO TRIAL,0.13113779,0.00023718,0.00180864,0.00370956,0.00464807,0.00403385,0.00659649,0.00820285,0.00716608,0.01219156,0.01253889,RELIABLE,RELIABLE,RELIABLE,RELIABLE,RELIABLE,RELIABLE,RELIABLE,RELIABLE,STATIONARY,STATIONARY,STATIONARY,STATIONARY,STATIONARY,STATIONARY,MOVING,MOVING,MOVING
35881,1053,14,NO TRIAL,0.13135538,0.00079719,0.00606899,0.00409125,0.00508045,0.00459891,0.00602018,0.00776695,0.00705851,0.01218655,0.01234456,RELIABLE,RELIABLE,RELIABLE,RELIABLE,RELIABLE,RELIABLE,RELIABLE,RELIABLE,STATIONARY,STATIONARY,STATIONARY,STATIONARY,STATIONARY,STATIONARY,MOVING,MOVING,MOVING
35913,1054,14,NO TRIAL,0.13109730,0.00091786,0.00700137,0.00428244,0.00512949,0.00435866,0.00571459,0.00704600,0.00628254,0.01287959,0.01257917,RELIABLE,RELIABLE,RELIABLE,RELIABLE,RELIABLE,RELIABLE,RELIABLE,RELIABLE,STATIONARY,STATIONARY,STATIONARY,STATIONARY,STATIONARY,STATIONARY,MOVING,MOVING,MOVING
35948,1055,14,NO TRIAL,0.13209228,0.00061501,0.00465590,0.00435008,0.00476993,0.00407959,0.00611609,0.00679686,0.00634637,0.01432444,0.01184391,RELIABLE,RELIABLE,RELIABLE,RELIABLE,RELIABLE,RELIABLE,RELIABLE,RELIABLE,STATIONARY,STATIONARY,STATIONARY,STATIONARY,STATIONARY,STATIONARY,MOVING,MOVING,MOVING
35976,1056,14,NO TRIAL,0.13259886,0.00030750,0.00231906,0.00438358,0.00459054,0.00394036,0.00631588,0.00667235,0.00637789,0.01504349,0.01147720,RELIABLE,RELIABLE,RELIABLE,RELIABLE,RELIABLE,RELIABLE,RELIABLE,RELIABLE,STATIONARY,STATIONARY,STATIONARY,STATIONARY,STATIONARY,STATIONARY,MOVING,MOVING,MOVING
36007,1057,14,NO TRIAL,0.13210374,0.00078884,0.00597140,0.00472600,0.00576090,0.00523210,0.00608577,0.00550386,0.00594714,0.01572336,0.01130729,RELIABLE,RELIABLE,RELIABLE,RELIABLE,RELIABLE,RELIABLE,RELIABLE,RELIABLE,STATIONARY,STATIONARY,STATIONARY,STATIONARY,STATIONARY,STATIONARY,MOVING,MOVING,MOVING
36039,1058,14,NO TRIAL,0.13207296,0.00060552,0.00458475,0.00450368,0.00502683,0.00557387,0.00598120,0.00517976,0.00620893,0.01698112,0.01058121,RELIABLE,RELIABLE,RELIABLE,RELIABLE,RELIABLE,RELIABLE,RELIABLE,RELIABLE,STATIONARY,STATIONARY,STATIONARY,STATIONARY,STATIONARY,STATIONARY,MOVING,MOVING,MOVING
36070,1059,14,NO TRIAL,0.13221767,0.00059862,0.00452751,0.00461720,0.00536820,0.00577035,0.00611648,0.00500398,0.00678944,0.01911625,0.00961373,RELIABLE,RELIABLE,RELIABLE,RELIABLE,RELIABLE,RELIABLE,RELIABLE,RELIABLE,STATIONARY,STATIONARY,STATIONARY,STATIONARY,STATIONARY,STATIONARY,MOVING,MOVING,MOVING
36108,1060,14,NO TRIAL,0.13180010,0.00041445,0.00314450,0.00478418,0.00587698,0.00608192,0.00591106,0.00526499,0.00679298,0.02134998,0.00973582,RELIABLE,RELIABLE,RELIABLE,RELIABLE,RELIABLE,RELIABLE,RELIABLE,RELIABLE,STATIONARY,STATIONARY,STATIONARY,STATIONARY,STATIONARY,STATIONARY,MOVING,MOVING,MOVING
36157,1061,14,NO TRIAL,0.13174973,0.00078412,0.00595156,0.00476951,0.00576909,0.00616386,0.00665785,0.00637301,0.00685365,0.02263103,0.01019764,RELIABLE,RELIABLE,RELIABLE,RELIABLE,RELIABLE,RELIABLE,RELIABLE,RELIABLE,STATIONARY,STATIONARY,STATIONARY,STATIONARY,STATIONARY,STATIONARY,MOVING,MOVING,MOVING
36197,1062,14,NO TRIAL,0.13172463,0.00039206,0.00297635,0.00426638,0.00535701,0.00629818,0.00659367,0.00669885,0.00652797,0.02075642,0.00854100,RELIABLE,RELIABLE,RELIABLE,RELIABLE,RELIABLE,RELIABLE,RELIABLE,RELIABLE,STATIONARY,STATIONARY,STATIONARY,STATIONARY,STATIONARY,STATIONARY,MOVING,MOVING,MOVING
36229,1063,14,NO TRIAL,0.13181572,0.00028945,0.00219585,0.00395887,0.00541950,0.00640679,0.00679579,0.00713899,0.00778855,0.02277168,0.01060593,RELIABLE,RELIABLE,RELIABLE,RELIABLE,RELIABLE,RELIABLE,RELIABLE,RELIABLE,STATIONARY,STATIONARY,STATIONARY,STATIONARY,STATIONARY,STATIONARY,MOVING,MOVING,MOVING
36260,1064,14,NO TRIAL,0.13223515,0.00059704,0.00451499,0.00423336,0.00565176,0.00709920,0.00699157,0.00718159,0.00816754,0.02317297,0.01108348,RELIABLE,RELIABLE,RELIABLE,RELIABLE,RELIABLE,RELIABLE,RELIABLE,RELIABLE,STATIONARY,STATIONARY,STATIONARY,STATIONARY,STATIONARY,STATIONARY,MOVING,MOVING,MOVING
36292,1065,14,NO TRIAL,0.13170647,0.00024688,0.00187444,0.00372124,0.00418556,0.00594163,0.00664517,0.00733405,0.00757528,0.02370074,0.01012312,RELIABLE,RELIABLE,RELIABLE,RELIABLE,RELIABLE,RELIABLE,RELIABLE,RELIABLE,STATIONARY,STATIONARY,STATIONARY,STATIONARY,STATIONARY,STATIONARY,MOVING,MOVING,MOVING
36324,1066,14,NO TRIAL,0.13209221,0.00012847,0.00097259,0.00326972,0.00362736,0.00465878,0.00696802,0.00748254,0.00748771,0.02360487,0.01065115,RELIABLE,RELIABLE,RELIABLE,RELIABLE,RELIABLE,RELIABLE,RELIABLE,RELIABLE,STATIONARY,STATIONARY,STATIONARY,STATIONARY,STATIONARY,STATIONARY,MOVING,MOVING,MOVING
36355,1067,14,NO TRIAL,0.13228523,0.00006424,0.00048559,0.00276448,0.00318952,0.00404070,0.00638622,0.00710896,0.00672736,0.02145392,0.01070529,RELIABLE,RELIABLE,RELIABLE,RELIABLE,RELIABLE,RELIABLE,RELIABLE,RELIABLE,STATIONARY,STATIONARY,STATIONARY,STATIONARY,STATIONARY,STATIONARY,MOVING,MOVING,MOVING
36387,1068,14,NO TRIAL,0.13157442,0.00036590,0.00278094,0.00271904,0.00283017,0.00372821,0.00639835,0.00689503,0.00708460,0.02095552,0.01193044,RELIABLE,RELIABLE,RELIABLE,RELIABLE,RELIABLE,RELIABLE,RELIABLE,RELIABLE,STATIONARY,STATIONARY,STATIONARY,STATIONARY,STATIONARY,STATIONARY,MOVING,MOVING,MOVING
36419,1069,14,NO TRIAL,0.13203613,0.00069561,0.00526831,0.00263363,0.00210932,0.00322847,0.00663796,0.00557462,0.00759501,0.02343492,0.01260975,RELIABLE,RELIABLE,RELIABLE,RELIABLE,RELIABLE,RELIABLE,RELIABLE,RELIABLE,STATIONARY,STATIONARY,STATIONARY,STATIONARY,STATIONARY,STATIONARY,MOVING,MOVING,MOVING
36451,1070,14,NO TRIAL,0.13164062,0.00079553,0.00604322,0.00301699,0.00300911,0.00382921,0.00696957,0.00591243,0.00793418,0.02301309,0.01343729,RELIABLE,RELIABLE,RELIABLE,RELIABLE,RELIABLE,RELIABLE,RELIABLE,RELIABLE,STATIONARY,STATIONARY,STATIONARY,STATIONARY,STATIONARY,STATIONARY,MOVING,MOVING,MOVING
36484,1071,14,NO TRIAL,0.13201835,0.00050510,0.00382595,0.00322075,0.00354447,0.00463376,0.00666739,0.00514706,0.00653416,0.01932565,0.01308896,RELIABLE,RELIABLE,RELIABLE,RELIABLE,RELIABLE,RELIABLE,RELIABLE,RELIABLE,STATIONARY,STATIONARY,STATIONARY,STATIONARY,STATIONARY,STATIONARY,MOVING,MOVING,MOVING
36523,1072,14,NO TRIAL,0.13245230,0.00097682,0.00737488,0.00357824,0.00429776,0.00500758,0.00685022,0.00509835,0.00650915,0.01876224,0.01304224,RELIABLE,RELIABLE,RELIABLE,RELIABLE,RELIABLE,RELIABLE,RELIABLE,RELIABLE,STATIONARY,STATIONARY,STATIONARY,STATIONARY,STATIONARY,STATIONARY,MOVING,MOVING,MOVING
36562,1073,14,NO TRIAL,0.13267076,0.00048841,0.00368137,0.00380411,0.00483245,0.00526446,0.00667796,0.00481648,0.00617577,0.01602378,0.01223134,RELIABLE,RELIABLE,RELIABLE,RELIABLE,RELIABLE,RELIABLE,RELIABLE,RELIABLE,STATIONARY,STATIONARY,STATIONARY,STATIONARY,STATIONARY,STATIONARY,MOVING,MOVING,MOVING
36594,1074,14,NO TRIAL,0.13199560,0.00088266,0.00668704,0.00451841,0.00578936,0.00582339,0.00613927,0.00461114,0.00629860,0.01633602,0.01261795,RELIABLE,RELIABLE,RELIABLE,RELIABLE,RELIABLE,RELIABLE,RELIABLE,RELIABLE,STATIONARY,STATIONARY,STATIONARY,STATIONARY,STATIONARY,STATIONARY,MOVING,MOVING,MOVING
36625,1075,14,NO TRIAL,0.13181837,0.00047278,0.00358656,0.00490603,0.00601145,0.00598309,0.00625821,0.00475879,0.00623278,0.01736716,0.01306934,RELIABLE,RELIABLE,RELIABLE,RELIABLE,RELIABLE,RELIABLE,RELIABLE,RELIABLE,STATIONARY,STATIONARY,STATIONARY,STATIONARY,STATIONARY,STATIONARY,MOVING,MOVING,MOVING
36656,1076,14,NO TRIAL,0.13202837,0.00103632,0.00784923,0.00553957,0.00649730,0.00669810,0.00637748,0.00472587,0.00590906,0.01736717,0.01247261,RELIABLE,RELIABLE,RELIABLE,RELIABLE,RELIABLE,RELIABLE,RELIABLE,RELIABLE,STATIONARY,STATIONARY,STATIONARY,STATIONARY,STATIONARY,STATIONARY,MOVING,MOVING,MOVING
36688,1077,14,NO TRIAL,0.13213366,0.00051816,0.00392149,0.00537122,0.00667070,0.00651767,0.00499737,0.00458208,0.00462338,0.01322576,0.01083860,RELIABLE,RELIABLE,RELIABLE,RELIABLE,RELIABLE,RELIABLE,RELIABLE,RELIABLE,STATIONARY,STATIONARY,STATIONARY,STATIONARY,STATIONARY,STATIONARY,MOVING,MOVING,MOVING
36718,1078,14,NO TRIAL,0.13176971,0.00069234,0.00525419,0.00527259,0.00612456,0.00624408,0.00465422,0.00425846,0.00493357,0.01532240,0.01066472,RELIABLE,RELIABLE,RELIABLE,RELIABLE,RELIABLE,RELIABLE,RELIABLE,RELIABLE,STATIONARY,STATIONARY,STATIONARY,STATIONARY,STATIONARY,STATIONARY,MOVING,MOVING,MOVING
36750,1079,14,NO TRIAL,0.13145639,0.00071607,0.00544723,0.00547525,0.00643073,0.00668639,0.00501276,0.00447644,0.00500737,0.01682004,0.00963621,RELIABLE,RELIABLE,RELIABLE,RELIABLE,RELIABLE,RELIABLE,RELIABLE,RELIABLE,STATIONARY,STATIONARY,STATIONARY,STATIONARY,STATIONARY,STATIONARY,MOVING,MOVING,MOVING
36782,1080,14,NO TRIAL,0.13129523,0.00048090,0.00366277,0.00501124,0.00594478,0.00622553,0.00527581,0.00537876,0.00512770,0.01937815,0.01020190,RELIABLE,RELIABLE,RELIABLE,RELIABLE,RELIABLE,RELIABLE,RELIABLE,RELIABLE,STATIONARY,STATIONARY,STATIONARY,STATIONARY,STATIONARY,STATIONARY,MOVING,MOVING,MOVING
36814,1081,14,NO TRIAL,0.13186963,0.00088719,0.00672777,0.00539204,0.00590390,0.00656695,0.00559420,0.00644330,0.00628814,0.02211101,0.01301656,RELIABLE,RELIABLE,RELIABLE,RELIABLE,RELIABLE,RELIABLE,RELIABLE,RELIABLE,STATIONARY,STATIONARY,STATIONARY,STATIONARY,STATIONARY,STATIONARY,MOVING,MOVING,MOVING
36860,1082,14,NO TRIAL,0.13191581,0.00069123,0.00523993,0.00521115,0.00551826,0.00631252,0.00540360,0.00630862,0.00565459,0.02002350,0.01194327,RELIABLE,RELIABLE,RELIABLE,RELIABLE,RELIABLE,RELIABLE,RELIABLE,RELIABLE,STATIONARY,STATIONARY,STATIONARY,STATIONARY,STATIONARY,STATIONARY,MOVING,MOVING,MOVING
36892,1083,14,NO TRIAL,0.13194059,0.00034561,0.00261947,0.00509026,0.00558185,0.00630507,0.00492077,0.00599159,0.00546568,0.01810646,0.01114963,RELIABLE,RELIABLE,RELIABLE,RELIABLE,RELIABLE,RELIABLE,RELIABLE,RELIABLE,STATIONARY,STATIONARY,STATIONARY,STATIONARY,STATIONARY,STATIONARY,MOVING,MOVING,MOVING
36924,1084,14,NO TRIAL,0.13312547,0.00113904,0.00855610,0.00517862,0.00694022,0.00711001,0.00643459,0.00749851,0.00631501,0.01816052,0.01241440,RELIABLE,RELIABLE,RELIABLE,RELIABLE,RELIABLE,RELIABLE,RELIABLE,RELIABLE,STATIONARY,STATIONARY,STATIONARY,STATIONARY,STATIONARY,STATIONARY,MOVING,MOVING,MOVING
36955,1085,14,NO TRIAL,0.13208355,0.00096890,0.00733552,0.00560538,0.00772651,0.00804210,0.00666333,0.00868535,0.00687290,0.02068176,0.01270053,RELIABLE,RELIABLE,RELIABLE,RELIABLE,RELIABLE,RELIABLE,RELIABLE,RELIABLE,STATIONARY,STATIONARY,STATIONARY,STATIONARY,STATIONARY,STATIONARY,MOVING,MOVING,MOVING
36988,1086,14,NO TRIAL,0.13174802,0.00035024,0.00265843,0.00528090,0.00727430,0.00748273,0.00662121,0.01012408,0.00633112,0.02014875,0.01254004,RELIABLE,RELIABLE,RELIABLE,RELIABLE,RELIABLE,RELIABLE,RELIABLE,RELIABLE,STATIONARY,STATIONARY,STATIONARY,STATIONARY,STATIONARY,STATIONARY,MOVING,MOVING,MOVING
37020,1087,14,NO TRIAL,0.13139170,0.00077142,0.00587116,0.00533390,0.00721619,0.00690227,0.00562565,0.01071932,0.00671265,0.01909033,0.01325988,RELIABLE,RELIABLE,RELIABLE,RELIABLE,RELIABLE,RELIABLE,RELIABLE,RELIABLE,STATIONARY,STATIONARY,STATIONARY,STATIONARY,STATIONARY,STATIONARY,MOVING,MOVING,MOVING
37049,1088,14,NO TRIAL,0.13121482,0.00038571,0.00293954,0.00524349,0.00714129,0.00668584,0.00461743,0.01006979,0.00639862,0.01608522,0.01296989,RELIABLE,RELIABLE,RELIABLE,RELIABLE,RELIABLE,RELIABLE,RELIABLE,RELIABLE,STATIONARY,STATIONARY,STATIONARY,STATIONARY,STATIONARY,STATIONARY,MOVING,MOVING,MOVING
37080,1089,14,NO TRIAL,0.13186591,0.00095567,0.00724727,0.00530843,0.00729104,0.00703905,0.00482224,0.01003402,0.00617162,0.01553118,0.01124546,RELIABLE,RELIABLE,RELIABLE,RELIABLE,RELIABLE,RELIABLE,RELIABLE,RELIABLE,STATIONARY,STATIONARY,STATIONARY,STATIONARY,STATIONARY,STATIONARY,MOVING,MOVING,MOVING
37111,1090,14,NO TRIAL,0.13275930,0.00101540,0.00764840,0.00560949,0.00779689,0.00811503,0.00562447,0.01067949,0.00649923,0.01677090,0.01187011,RELIABLE,RELIABLE,RELIABLE,RELIABLE,RELIABLE,RELIABLE,RELIABLE,RELIABLE,STATIONARY,STATIONARY,STATIONARY,STATIONARY,STATIONARY,STATIONARY,MOVING,MOVING,MOVING
37148,1091,14,NO TRIAL,0.13260643,0.00083793,0.00631896,0.00607192,0.00885641,0.00948445,0.00602609,0.01174226,0.00735841,0.01900438,0.01319285,RELIABLE,RELIABLE,RELIABLE,RELIABLE,RELIABLE,RELIABLE,RELIABLE,RELIABLE,STATIONARY,STATIONARY,STATIONARY,STATIONARY,STATIONARY,STATIONARY,MOVING,MOVING,MOVING
37175,1092,14,NO TRIAL,0.13253045,0.00041897,0.00316129,0.00539757,0.00748756,0.00851604,0.00438233,0.01039387,0.00668480,0.01788196,0.01121215,RELIABLE,RELIABLE,RELIABLE,RELIABLE,RELIABLE,RELIABLE,RELIABLE,RELIABLE,STATIONARY,STATIONARY,STATIONARY,STATIONARY,STATIONARY,STATIONARY,MOVING,MOVING,MOVING
37229,1093,14,NO TRIAL,0.13242629,0.00149647,0.01130042,0.00589318,0.00883479,0.00940311,0.00459557,0.01026819,0.00647911,0.01599061,0.01232158,RELIABLE,RELIABLE,RELIABLE,RELIABLE,RELIABLE,RELIABLE,RELIABLE,RELIABLE,STATIONARY,STATIONARY,STATIONARY,STATIONARY,STATIONARY,STATIONARY,MOVING,MOVING,MOVING
37271,1094,14,NO TRIAL,0.13237482,0.00074824,0.00565241,0.00626743,0.00972678,0.01020516,0.00429997,0.00861381,0.00616001,0.01433282,0.01204910,RELIABLE,RELIABLE,RELIABLE,RELIABLE,RELIABLE,RELIABLE,RELIABLE,RELIABLE,STATIONARY,STATIONARY,STATIONARY,STATIONARY,STATIONARY,STATIONARY,MOVING,MOVING,MOVING
37301,1095,14,NO TRIAL,0.13188091,0.00128276,0.00972667,0.00674937,0.01044457,0.01107488,0.00470171,0.00797589,0.00566491,0.01404108,0.01207195,RELIABLE,RELIABLE,RELIABLE,RELIABLE,RELIABLE,RELIABLE,RELIABLE,RELIABLE,STATIONARY,STATIONARY,STATIONARY,STATIONARY,STATIONARY,STATIONARY,MOVING,MOVING,MOVING
37332,1096,14,NO TRIAL,0.13237559,0.00062548,0.00472501,0.00697255,0.01034981,0.01121770,0.00535120,0.00884107,0.00577167,0.01733787,0.01357383,RELIABLE,RELIABLE,RELIABLE,RELIABLE,RELIABLE,RELIABLE,RELIABLE,RELIABLE,STATIONARY,STATIONARY,STATIONARY,STATIONARY,STATIONARY,STATIONARY,MOVING,MOVING,MOVING
37363,1097,14,NO TRIAL,0.13146529,0.00055776,0.00424264,0.00659697,0.00988498,0.01041893,0.00575189,0.00871377,0.00549488,0.01876972,0.01518986,RELIABLE,RELIABLE,RELIABLE,RELIABLE,RELIABLE,RELIABLE,RELIABLE,RELIABLE,STATIONARY,STATIONARY,STATIONARY,STATIONARY,STATIONARY,STATIONARY,MOVING,MOVING,MOVING
37395,1098,14,NO TRIAL,0.13101144,0.00027888,0.00212867,0.00590701,0.00880522,0.00923560,0.00525962,0.00804202,0.00527874,0.01899620,0.01518225,RELIABLE,RELIABLE,RELIABLE,RELIABLE,RELIABLE,RELIABLE,RELIABLE,RELIABLE,STATIONARY,STATIONARY,STATIONARY,STATIONARY,STATIONARY,STATIONARY,MOVING,MOVING,MOVING
37426,1099,14,NO TRIAL,0.13166231,0.00074725,0.00567553,0.00582658,0.00835572,0.00859309,0.00556204,0.00768626,0.00495371,0.01877514,0.01545762,RELIABLE,RELIABLE,RELIABLE,RELIABLE,RELIABLE,RELIABLE,RELIABLE,RELIABLE,STATIONARY,STATIONARY,STATIONARY,STATIONARY,STATIONARY,STATIONARY,MOVING,MOVING,MOVING
37457,1100,14,NO TRIAL,0.13162313,0.00032382,0.00246023,0.00573895,0.00786972,0.00800600,0.00600864,0.00794147,0.00554072,0.02153691,0.01625805,RELIABLE,RELIABLE,RELIABLE,RELIABLE,RELIABLE,RELIABLE,RELIABLE,RELIABLE,STATIONARY,STATIONARY,STATIONARY,STATIONARY,STATIONARY,STATIONARY,MOVING,MOVING,MOVING
37489,1101,14,NO TRIAL,0.13314100,0.00072807,0.00546844,0.00500995,0.00680199,0.00714075,0.00668023,0.00741962,0.00616469,0.02254122,0.01545728,RELIABLE,RELIABLE,RELIABLE,RELIABLE,RELIABLE,RELIABLE,RELIABLE,RELIABLE,STATIONARY,STATIONARY,STATIONARY,STATIONARY,STATIONARY,STATIONARY,MOVING,MOVING,MOVING
37521,1102,14,NO TRIAL,0.13390304,0.00036404,0.00271866,0.00464323,0.00626359,0.00670362,0.00701213,0.00715616,0.00647328,0.02303501,0.01505249,RELIABLE,RELIABLE,RELIABLE,RELIABLE,RELIABLE,RELIABLE,RELIABLE,RELIABLE,STATIONARY,STATIONARY,STATIONARY,STATIONARY,STATIONARY,STATIONARY,MOVING,MOVING,MOVING
37551,1103,14,NO TRIAL,0.13256015,0.00045316,0.00341851,0.00385471,0.00454907,0.00497977,0.00741803,0.00720691,0.00703152,0.02398949,0.01444551,RELIABLE,RELIABLE,RELIABLE,RELIABLE,RELIABLE,RELIABLE,RELIABLE,RELIABLE,STATIONARY,STATIONARY,STATIONARY,STATIONARY,STATIONARY,STATIONARY,MOVING,MOVING,MOVING
37583,1104,14,NO TRIAL,0.13203417,0.00062322,0.00472013,0.00385410,0.00484009,0.00520655,0.00767915,0.00614292,0.00741109,0.02265761,0.01320277,RELIABLE,RELIABLE,RELIABLE,RELIABLE,RELIABLE,RELIABLE,RELIABLE,RELIABLE,STATIONARY,STATIONARY,STATIONARY,STATIONARY,STATIONARY,STATIONARY,MOVING,MOVING,MOVING
37615,1105,14,NO TRIAL,0.13262033,0.00068770,0.00518550,0.00397196,0.00583595,0.00605548,0.00749971,0.00655530,0.00757969,0.02140005,0.01248663,RELIABLE,RELIABLE,RELIABLE,RELIABLE,RELIABLE,RELIABLE,RELIABLE,RELIABLE,STATIONARY,STATIONARY,STATIONARY,STATIONARY,STATIONARY,STATIONARY,MOVING,MOVING,MOVING
37646,1106,14,NO TRIAL,0.13187434,0.00068613,0.00520294,0.00435624,0.00687174,0.00716624,0.00802468,0.00813317,0.00751840,0.02171892,0.01316286,RELIABLE,RELIABLE,RELIABLE,RELIABLE,RELIABLE,RELIABLE,RELIABLE,RELIABLE,STATIONARY,STATIONARY,STATIONARY,STATIONARY,STATIONARY,STATIONARY,MOVING,MOVING,MOVING
37692,1107,14,NO TRIAL,0.13212526,0.00076713,0.00580607,0.00437256,0.00695060,0.00714392,0.00808794,0.00780144,0.00735069,0.02033325,0.01180962,RELIABLE,RELIABLE,RELIABLE,RELIABLE,RELIABLE,RELIABLE,RELIABLE,RELIABLE,STATIONARY,STATIONARY,STATIONARY,STATIONARY,STATIONARY,STATIONARY,MOVING,MOVING,MOVING
37726,1108,14,NO TRIAL,0.13225073,0.00038356,0.00290028,0.00442757,0.00725038,0.00739772,0.00782355,0.00720179,0.00651673,0.01676689,0.01046940,RELIABLE,RELIABLE,RELIABLE,RELIABLE,RELIABLE,RELIABLE,RELIABLE,RELIABLE,STATIONARY,STATIONARY,STATIONARY,STATIONARY,STATIONARY,STATIONARY,MOVING,MOVING,MOVING
37758,1109,14,NO TRIAL,0.13172042,0.00058722,0.00445812,0.00430128,0.00670453,0.00696482,0.00749631,0.00746806,0.00592720,0.01572955,0.01024753,RELIABLE,RELIABLE,RELIABLE,RELIABLE,RELIABLE,RELIABLE,RELIABLE,RELIABLE,STATIONARY,STATIONARY,STATIONARY,STATIONARY,STATIONARY,STATIONARY,MOVING,MOVING,MOVING
37790,1110,14,NO TRIAL,0.13202213,0.00045746,0.00346501,0.00439457,0.00666356,0.00698792,0.00741652,0.00823979,0.00583808,0.01581837,0.01006009,RELIABLE,RELIABLE,RELIABLE,RELIABLE,RELIABLE,RELIABLE,RELIABLE,RELIABLE,STATIONARY,STATIONARY,STATIONARY,STATIONARY,STATIONARY,STATIONARY,MOVING,MOVING,MOVING
37820,1111,14,NO TRIAL,0.13161366,0.00073543,0.00558777,0.00466573,0.00708534,0.00772743,0.00742655,0.00814575,0.00552367,0.01576102,0.00999512,RELIABLE,RELIABLE,RELIABLE,RELIABLE,RELIABLE,RELIABLE,RELIABLE,RELIABLE,STATIONARY,STATIONARY,STATIONARY,STATIONARY,STATIONARY,STATIONARY,MOVING,MOVING,MOVING
37855,1112,14,NO TRIAL,0.13138281,0.00046273,0.00352198,0.00451596,0.00703064,0.00747934,0.00717603,0.00850772,0.00566947,0.01745928,0.01119715,RELIABLE,RELIABLE,RELIABLE,RELIABLE,RELIABLE,RELIABLE,RELIABLE,RELIABLE,STATIONARY,STATIONARY,STATIONARY,STATIONARY,STATIONARY,STATIONARY,MOVING,MOVING,MOVING
37884,1113,14,NO TRIAL,0.13126787,0.00023136,0.00176253,0.00408809,0.00618243,0.00645796,0.00639008,0.00740259,0.00506459,0.01671746,0.01007717,RELIABLE,RELIABLE,RELIABLE,RELIABLE,RELIABLE,RELIABLE,RELIABLE,RELIABLE,STATIONARY,STATIONARY,STATIONARY,STATIONARY,STATIONARY,STATIONARY,MOVING,MOVING,MOVING
37916,1114,14,NO TRIAL,0.13128382,0.00067056,0.00510772,0.00407618,0.00601178,0.00622576,0.00628572,0.00592303,0.00586215,0.02111814,0.01062398,RELIABLE,RELIABLE,RELIABLE,RELIABLE,RELIABLE,RELIABLE,RELIABLE,RELIABLE,STATIONARY,STATIONARY,STATIONARY,STATIONARY,STATIONARY,STATIONARY,MOVING,MOVING,MOVING
37947,1115,14,NO TRIAL,0.13107692,0.00103367,0.00788602,0.00433618,0.00609311,0.00689556,0.00587803,0.00675424,0.00593913,0.02209620,0.01070017,RELIABLE,RELIABLE,RELIABLE,RELIABLE,RELIABLE,RELIABLE,RELIABLE,RELIABLE,STATIONARY,STATIONARY,STATIONARY,STATIONARY,STATIONARY,STATIONARY,MOVING,MOVING,MOVING
37980,1116,14,NO TRIAL,0.13105774,0.00057167,0.00436201,0.00451889,0.00644611,0.00707960,0.00683535,0.00746991,0.00641271,0.02312677,0.01123562,RELIABLE,RELIABLE,RELIABLE,RELIABLE,RELIABLE,RELIABLE,RELIABLE,RELIABLE,STATIONARY,STATIONARY,STATIONARY,STATIONARY,STATIONARY,STATIONARY,MOVING,MOVING,MOVING
38012,1117,14,NO TRIAL,0.13112195,0.00058624,0.00447098,0.00452050,0.00667318,0.00722438,0.00665068,0.00749332,0.00646158,0.02303191,0.01134944,RELIABLE,RELIABLE,RELIABLE,RELIABLE,RELIABLE,RELIABLE,RELIABLE,RELIABLE,STATIONARY,STATIONARY,STATIONARY,STATIONARY,STATIONARY,STATIONARY,MOVING,MOVING,MOVING
38059,1118,14,NO TRIAL,0.13054672,0.00067881,0.00519974,0.00473734,0.00695700,0.00730391,0.00766743,0.00803076,0.00726106,0.02479669,0.01231640,RELIABLE,RELIABLE,RELIABLE,RELIABLE,RELIABLE,RELIABLE,RELIABLE,RELIABLE,STATIONARY,STATIONARY,STATIONARY,STATIONARY,STATIONARY,STATIONARY,MOVING,MOVING,MOVING
38090,1119,14,NO TRIAL,0.13026064,0.00033940,0.00260558,0.00436457,0.00670469,0.00670026,0.00743368,0.00816511,0.00701312,0.02387931,0.01166816,RELIABLE,RELIABLE,RELIABLE,RELIABLE,RELIABLE,RELIABLE,RELIABLE,RELIABLE,STATIONARY,STATIONARY,STATIONARY,STATIONARY,STATIONARY,STATIONARY,MOVING,MOVING,MOVING
38122,1120,14,NO TRIAL,0.13036842,0.00087864,0.00673966,0.00476678,0.00699958,0.00750694,0.00784453,0.00799032,0.00629326,0.02516521,0.01004202,RELIABLE,RELIABLE,RELIABLE,RELIABLE,RELIABLE,RELIABLE,RELIABLE,RELIABLE,STATIONARY,STATIONARY,STATIONARY,STATIONARY,STATIONARY,STATIONARY,MOVING,MOVING,MOVING
38154,1121,14,NO TRIAL,0.13153329,0.00110413,0.00839429,0.00559575,0.00825794,0.00894817,0.00834284,0.00915419,0.00730600,0.02763609,0.01072172,RELIABLE,RELIABLE,RELIABLE,RELIABLE,RELIABLE,RELIABLE,RELIABLE,RELIABLE,STATIONARY,STATIONARY,STATIONARY,STATIONARY,STATIONARY,STATIONARY,MOVING,MOVING,MOVING
38188,1122,14,NO TRIAL,0.13077156,0.00083678,0.00639881,0.00575714,0.00783311,0.00874619,0.00789018,0.00927108,0.00709947,0.02396877,0.00947257,RELIABLE,RELIABLE,RELIABLE,RELIABLE,RELIABLE,RELIABLE,RELIABLE,RELIABLE,STATIONARY,STATIONARY,STATIONARY,STATIONARY,STATIONARY,STATIONARY,MOVING,MOVING,MOVING
38217,1123,14,NO TRIAL,0.13039150,0.00041839,0.00320873,0.00517248,0.00699699,0.00765781,0.00767049,0.00816023,0.00697824,0.02362796,0.00944928,RELIABLE,RELIABLE,RELIABLE,RELIABLE,RELIABLE,RELIABLE,RELIABLE,RELIABLE,STATIONARY,STATIONARY,STATIONARY,STATIONARY,STATIONARY,STATIONARY,MOVING,MOVING,MOVING
38249,1124,14,NO TRIAL,0.13134156,0.00070902,0.00539830,0.00530201,0.00667825,0.00814690,0.00755164,0.00816488,0.00697685,0.02416192,0.01017172,RELIABLE,RELIABLE,RELIABLE,RELIABLE,RELIABLE,RELIABLE,RELIABLE,RELIABLE,STATIONARY,STATIONARY,STATIONARY,STATIONARY,STATIONARY,STATIONARY,MOVING,MOVING,MOVING
38279,1125,14,NO TRIAL,0.13111759,0.00108195,0.00825174,0.00577461,0.00646593,0.00843460,0.00754745,0.00781295,0.00803036,0.02528706,0.01144809,RELIABLE,RELIABLE,RELIABLE,RELIABLE,RELIABLE,RELIABLE,RELIABLE,RELIABLE,STATIONARY,STATIONARY,STATIONARY,STATIONARY,STATIONARY,STATIONARY,MOVING,MOVING,MOVING
38316,1126,14,NO TRIAL,0.13084449,0.00033964,0.00259578,0.00544911,0.00573562,0.00811329,0.00684911,0.00748821,0.00797346,0.02399089,0.01186186,RELIABLE,RELIABLE,RELIABLE,RELIABLE,RELIABLE,RELIABLE,RELIABLE,RELIABLE,STATIONARY,STATIONARY,STATIONARY,STATIONARY,STATIONARY,STATIONARY,MOVING,MOVING,MOVING
38348,1127,14,NO TRIAL,0.13212192,0.00084454,0.00639215,0.00592243,0.00610004,0.00852218,0.00703366,0.00747618,0.00815337,0.02576341,0.01356379,RELIABLE,RELIABLE,RELIABLE,RELIABLE,RELIABLE,RELIABLE,RELIABLE,RELIABLE,STATIONARY,STATIONARY,STATIONARY,STATIONARY,STATIONARY,STATIONARY,MOVING,MOVING,MOVING
38373,1128,14,NO TRIAL,0.13276068,0.00042227,0.00318070,0.00547756,0.00542928,0.00743659,0.00634444,0.00720539,0.00807871,0.02153509,0.01392382,RELIABLE,RELIABLE,RELIABLE,RELIABLE,RELIABLE,RELIABLE,RELIABLE,RELIABLE,STATIONARY,STATIONARY,STATIONARY,STATIONARY,STATIONARY,STATIONARY,MOVING,MOVING,MOVING
38404,1129,14,NO TRIAL,0.13234536,0.00080318,0.00606882,0.00518688,0.00436862,0.00611945,0.00598654,0.00669137,0.00748757,0.02005255,0.01437124,RELIABLE,RELIABLE,RELIABLE,RELIABLE,RELIABLE,RELIABLE,RELIABLE,RELIABLE,STATIONARY,STATIONARY,STATIONARY,STATIONARY,STATIONARY,STATIONARY,MOVING,MOVING,MOVING
38436,1130,14,NO TRIAL,0.13214100,0.00045868,0.00347117,0.00482092,0.00429738,0.00553175,0.00642191,0.00703606,0.00785443,0.02182074,0.01425306,RELIABLE,RELIABLE,RELIABLE,RELIABLE,RELIABLE,RELIABLE,RELIABLE,RELIABLE,STATIONARY,STATIONARY,STATIONARY,STATIONARY,STATIONARY,STATIONARY,MOVING,MOVING,MOVING
38476,1131,14,NO TRIAL,0.13172080,0.00051775,0.00393064,0.00491116,0.00449354,0.00618903,0.00719264,0.00745845,0.00834848,0.02411378,0.01465801,RELIABLE,RELIABLE,RELIABLE,RELIABLE,RELIABLE,RELIABLE,RELIABLE,RELIABLE,STATIONARY,STATIONARY,STATIONARY,STATIONARY,STATIONARY,STATIONARY,MOVING,MOVING,MOVING
38524,1132,14,NO TRIAL,0.13106663,0.00102128,0.00779209,0.00521039,0.00548427,0.00639158,0.00658161,0.00753097,0.00898455,0.02340955,0.01476400,RELIABLE,RELIABLE,RELIABLE,RELIABLE,RELIABLE,RELIABLE,RELIABLE,RELIABLE,STATIONARY,STATIONARY,STATIONARY,STATIONARY,STATIONARY,STATIONARY,MOVING,MOVING,MOVING
38562,1133,14,NO TRIAL,0.13155091,0.00044080,0.00335081,0.00459777,0.00548337,0.00569200,0.00686729,0.00791283,0.00876700,0.02363191,0.01352525,RELIABLE,RELIABLE,RELIABLE,RELIABLE,RELIABLE,RELIABLE,RELIABLE,RELIABLE,STATIONARY,STATIONARY,STATIONARY,STATIONARY,STATIONARY,STATIONARY,MOVING,MOVING,MOVING
38594,1134,14,NO TRIAL,0.13179872,0.00022040,0.00167225,0.00448233,0.00570803,0.00556406,0.00651618,0.00708943,0.00826313,0.02318728,0.01229946,RELIABLE,RELIABLE,RELIABLE,RELIABLE,RELIABLE,RELIABLE,RELIABLE,RELIABLE,STATIONARY,STATIONARY,STATIONARY,STATIONARY,STATIONARY,STATIONARY,MOVING,MOVING,MOVING
38625,1135,14,NO TRIAL,0.13200585,0.00088144,0.00667727,0.00451797,0.00623892,0.00612785,0.00666961,0.00767878,0.00807382,0.02414008,0.01065681,RELIABLE,RELIABLE,RELIABLE,RELIABLE,RELIABLE,RELIABLE,RELIABLE,RELIABLE,STATIONARY,STATIONARY,STATIONARY,STATIONARY,STATIONARY,STATIONARY,MOVING,MOVING,MOVING
38657,1136,14,NO TRIAL,0.13112243,0.00062817,0.00479072,0.00471922,0.00637861,0.00599070,0.00770094,0.00773888,0.00944768,0.02614325,0.01157935,RELIABLE,RELIABLE,RELIABLE,RELIABLE,RELIABLE,RELIABLE,RELIABLE,RELIABLE,STATIONARY,STATIONARY,STATIONARY,STATIONARY,STATIONARY,STATIONARY,MOVING,MOVING,MOVING
38687,1137,14,NO TRIAL,0.13056657,0.00024388,0.00186785,0.00419410,0.00634708,0.00598507,0.00839907,0.00779325,0.00952090,0.02910162,0.01139714,RELIABLE,RELIABLE,RELIABLE,RELIABLE,RELIABLE,RELIABLE,RELIABLE,RELIABLE,STATIONARY,STATIONARY,STATIONARY,STATIONARY,STATIONARY,STATIONARY,MOVING,MOVING,MOVING
38718,1138,14,NO TRIAL,0.13029210,0.00012194,0.00093589,0.00387719,0.00613506,0.00586879,0.00793128,0.00723834,0.00865292,0.02725397,0.01109279,RELIABLE,RELIABLE,RELIABLE,RELIABLE,RELIABLE,RELIABLE,RELIABLE,RELIABLE,STATIONARY,STATIONARY,STATIONARY,STATIONARY,STATIONARY,STATIONARY,MOVING,MOVING,MOVING
38750,1139,14,NO TRIAL,0.13099071,0.00095003,0.00725262,0.00429244,0.00678833,0.00601097,0.00754800,0.00798175,0.00861427,0.02506809,0.01244952,RELIABLE,RELIABLE,RELIABLE,RELIABLE,RELIABLE,RELIABLE,RELIABLE,RELIABLE,STATIONARY,STATIONARY,STATIONARY,STATIONARY,STATIONARY,STATIONARY,MOVING,MOVING,MOVING
38781,1140,14,NO TRIAL,0.13186585,0.00114045,0.00864856,0.00439950,0.00727849,0.00658401,0.00776158,0.00837776,0.00830704,0.02765174,0.01238190,RELIABLE,RELIABLE,RELIABLE,RELIABLE,RELIABLE,RELIABLE,RELIABLE,RELIABLE,STATIONARY,STATIONARY,STATIONARY,STATIONARY,STATIONARY,STATIONARY,MOVING,MOVING,MOVING
38813,1141,14,NO TRIAL,0.13076825,0.00138002,0.01055315,0.00529979,0.00875017,0.00837785,0.00745908,0.00879845,0.00785029,0.02650829,0.01253180,RELIABLE,RELIABLE,RELIABLE,RELIABLE,RELIABLE,RELIABLE,RELIABLE,RELIABLE,STATIONARY,STATIONARY,STATIONARY,STATIONARY,STATIONARY,STATIONARY,MOVING,MOVING,MOVING
38844,1142,14,NO TRIAL,0.13096130,0.00087666,0.00669405,0.00592751,0.00902257,0.00843527,0.00780039,0.00878198,0.00780814,0.02682433,0.01313570,RELIABLE,RELIABLE,RELIABLE,RELIABLE,RELIABLE,RELIABLE,RELIABLE,RELIABLE,STATIONARY,STATIONARY,STATIONARY,STATIONARY,STATIONARY,STATIONARY,MOVING,MOVING,MOVING
38892,1143,14,NO TRIAL,0.13031004,0.00085798,0.00658413,0.00591587,0.00849880,0.00826535,0.00792488,0.00843908,0.00870553,0.02604308,0.01412086,RELIABLE,RELIABLE,RELIABLE,RELIABLE,RELIABLE,RELIABLE,RELIABLE,RELIABLE,STATIONARY,STATIONARY,STATIONARY,STATIONARY,STATIONARY,STATIONARY,MOVING,MOVING,MOVING
38921,1144,14,NO TRIAL,0.12998511,0.00042899,0.00330030,0.00572957,0.00836575,0.00860291,0.00703645,0.00850560,0.00768960,0.02413832,0.01287768,RELIABLE,RELIABLE,RELIABLE,RELIABLE,RELIABLE,RELIABLE,RELIABLE,RELIABLE,STATIONARY,STATIONARY,STATIONARY,STATIONARY,STATIONARY,STATIONARY,MOVING,MOVING,MOVING
38952,1145,14,NO TRIAL,0.13018769,0.00123455,0.00948283,0.00668144,0.00976026,0.00968218,0.00727887,0.00847565,0.00737486,0.02373414,0.01215140,RELIABLE,RELIABLE,RELIABLE,RELIABLE,RELIABLE,RELIABLE,RELIABLE,RELIABLE,STATIONARY,STATIONARY,STATIONARY,STATIONARY,STATIONARY,STATIONARY,MOVING,MOVING,MOVING
38983,1146,14,NO TRIAL,0.13119440,0.00104086,0.00793376,0.00755617,0.01100294,0.01076986,0.00767545,0.00887864,0.00770041,0.02183768,0.01278497,RELIABLE,RELIABLE,RELIABLE,RELIABLE,RELIABLE,RELIABLE,RELIABLE,RELIABLE,STATIONARY,STATIONARY,STATIONARY,STATIONARY,STATIONARY,STATIONARY,MOVING,MOVING,MOVING
39020,1147,14,NO TRIAL,0.13159143,0.00063908,0.00485652,0.00725666,0.01086907,0.01033511,0.00758082,0.00812464,0.00808313,0.02295715,0.01142023,RELIABLE,RELIABLE,RELIABLE,RELIABLE,RELIABLE,RELIABLE,RELIABLE,RELIABLE,STATIONARY,STATIONARY,STATIONARY,STATIONARY,STATIONARY,STATIONARY,MOVING,MOVING,MOVING
39046,1148,14,NO TRIAL,0.13179092,0.00031954,0.00242458,0.00647866,0.00933403,0.00885926,0.00697250,0.00700160,0.00767825,0.02044345,0.01034836,RELIABLE,RELIABLE,RELIABLE,RELIABLE,RELIABLE,RELIABLE,RELIABLE,RELIABLE,STATIONARY,STATIONARY,STATIONARY,STATIONARY,STATIONARY,STATIONARY,MOVING,MOVING,MOVING
39078,1149,14,NO TRIAL,0.13086751,0.00080158,0.00612516,0.00592517,0.00813968,0.00745232,0.00700204,0.00597208,0.00777577,0.02206661,0.00996047,RELIABLE,RELIABLE,RELIABLE,RELIABLE,RELIABLE,RELIABLE,RELIABLE,RELIABLE,STATIONARY,STATIONARY,STATIONARY,STATIONARY,STATIONARY,STATIONARY,MOVING,MOVING,MOVING
39110,1150,14,NO TRIAL,0.13114328,0.00131523,0.01002894,0.00634203,0.00918540,0.00897864,0.00652865,0.00632970,0.00789877,0.02416564,0.00969396,RELIABLE,RELIABLE,RELIABLE,RELIABLE,RELIABLE,RELIABLE,RELIABLE,RELIABLE,STATIONARY,STATIONARY,STATIONARY,STATIONARY,STATIONARY,STATIONARY,MOVING,MOVING,MOVING
39142,1151,14,NO TRIAL,0.13130817,0.00059958,0.00456623,0.00608979,0.00948474,0.00878052,0.00589828,0.00599485,0.00746843,0.02317123,0.00864891,RELIABLE,RELIABLE,RELIABLE,RELIABLE,RELIABLE,RELIABLE,RELIABLE,RELIABLE,STATIONARY,STATIONARY,STATIONARY,STATIONARY,STATIONARY,STATIONARY,MOVING,MOVING,MOVING
39180,1152,14,NO TRIAL,0.13044371,0.00066461,0.00509502,0.00631413,0.01042849,0.00980278,0.00597301,0.00659138,0.00767966,0.02427180,0.00925230,RELIABLE,RELIABLE,RELIABLE,RELIABLE,RELIABLE,RELIABLE,RELIABLE,RELIABLE,STATIONARY,STATIONARY,STATIONARY,STATIONARY,STATIONARY,STATIONARY,MOVING,MOVING,MOVING
39206,1153,14,NO TRIAL,0.13001234,0.00033231,0.00255596,0.00544827,0.00915700,0.00907931,0.00486250,0.00605740,0.00738799,0.01986034,0.00854339,RELIABLE,RELIABLE,RELIABLE,RELIABLE,RELIABLE,RELIABLE,RELIABLE,RELIABLE,STATIONARY,STATIONARY,STATIONARY,STATIONARY,STATIONARY,STATIONARY,MOVING,MOVING,MOVING
39237,1154,14,NO TRIAL,0.13083165,0.00043113,0.00329531,0.00486847,0.00789319,0.00834566,0.00447674,0.00697113,0.00833094,0.02329456,0.00976412,RELIABLE,RELIABLE,RELIABLE,RELIABLE,RELIABLE,RELIABLE,RELIABLE,RELIABLE,STATIONARY,STATIONARY,STATIONARY,STATIONARY,STATIONARY,STATIONARY,MOVING,MOVING,MOVING
39267,1155,14,NO TRIAL,0.13070030,0.00093804,0.00717706,0.00515853,0.00867739,0.00951547,0.00449187,0.00700440,0.00814210,0.02235818,0.01070177,RELIABLE,RELIABLE,RELIABLE,RELIABLE,RELIABLE,RELIABLE,RELIABLE,RELIABLE,STATIONARY,STATIONARY,STATIONARY,STATIONARY,STATIONARY,STATIONARY,MOVING,MOVING,MOVING
39308,1156,14,NO TRIAL,0.12976507,0.00062696,0.00483150,0.00545940,0.00908287,0.01045973,0.00507911,0.00752938,0.00906500,0.02450202,0.01292738,RELIABLE,RELIABLE,RELIABLE,RELIABLE,RELIABLE,RELIABLE,RELIABLE,RELIABLE,STATIONARY,STATIONARY,STATIONARY,STATIONARY,STATIONARY,STATIONARY,MOVING,MOVING,MOVING
39346,1157,14,NO TRIAL,0.13025779,0.00054302,0.00416883,0.00521486,0.00891434,0.01038370,0.00465895,0.00786619,0.00944308,0.02369427,0.01461653,RELIABLE,RELIABLE,RELIABLE,RELIABLE,RELIABLE,RELIABLE,RELIABLE,RELIABLE,STATIONARY,STATIONARY,STATIONARY,STATIONARY,STATIONARY,STATIONARY,MOVING,MOVING,MOVING
39388,1158,14,NO TRIAL,0.13118592,0.00047085,0.00358914,0.00440988,0.00772070,0.00881134,0.00518404,0.00800677,0.00978591,0.02334881,0.01550534,RELIABLE,RELIABLE,RELIABLE,RELIABLE,RELIABLE,RELIABLE,RELIABLE,RELIABLE,STATIONARY,STATIONARY,STATIONARY,STATIONARY,STATIONARY,STATIONARY,MOVING,MOVING,MOVING
39425,1159,14,NO TRIAL,0.13165002,0.00023542,0.00178825,0.00406263,0.00685718,0.00798623,0.00502035,0.00777028,0.00925628,0.02255370,0.01570809,RELIABLE,RELIABLE,RELIABLE,RELIABLE,RELIABLE,RELIABLE,RELIABLE,RELIABLE,STATIONARY,STATIONARY,STATIONARY,STATIONARY,STATIONARY,STATIONARY,MOVING,MOVING,MOVING
39456,1160,14,NO TRIAL,0.13040029,0.00079738,0.00611488,0.00419012,0.00696577,0.00752716,0.00483283,0.00820454,0.01125507,0.02417282,0.01741408,RELIABLE,RELIABLE,RELIABLE,RELIABLE,RELIABLE,RELIABLE,RELIABLE,RELIABLE,STATIONARY,STATIONARY,STATIONARY,STATIONARY,STATIONARY,STATIONARY,MOVING,MOVING,MOVING
39487,1161,14,NO TRIAL,0.13049513,0.00073968,0.00566825,0.00457915,0.00701090,0.00759624,0.00496662,0.00808770,0.01166062,0.02723753,0.01853796,RELIABLE,RELIABLE,RELIABLE,RELIABLE,RELIABLE,RELIABLE,RELIABLE,RELIABLE,STATIONARY,STATIONARY,STATIONARY,STATIONARY,STATIONARY,STATIONARY,MOVING,MOVING,MOVING
39518,1162,14,NO TRIAL,0.13048190,0.00084500,0.00647601,0.00497674,0.00748875,0.00787606,0.00516041,0.00680087,0.01107438,0.02541637,0.01735121,RELIABLE,RELIABLE,RELIABLE,RELIABLE,RELIABLE,RELIABLE,RELIABLE,RELIABLE,STATIONARY,STATIONARY,STATIONARY,STATIONARY,STATIONARY,STATIONARY,MOVING,MOVING,MOVING
39549,1163,14,NO TRIAL,0.13047789,0.00042250,0.00323810,0.00448437,0.00607491,0.00630512,0.00493766,0.00626450,0.01051419,0.02494006,0.01613694,RELIABLE,RELIABLE,RELIABLE,RELIABLE,RELIABLE,RELIABLE,RELIABLE,RELIABLE,STATIONARY,STATIONARY,STATIONARY,STATIONARY,STATIONARY,STATIONARY,MOVING,MOVING,MOVING
39581,1164,14,NO TRIAL,0.13067818,0.00121103,0.00926726,0.00503884,0.00641347,0.00709770,0.00434157,0.00581160,0.01090158,0.02391240,0.01575514,RELIABLE,RELIABLE,RELIABLE,RELIABLE,RELIABLE,RELIABLE,RELIABLE,RELIABLE,STATIONARY,STATIONARY,STATIONARY,STATIONARY,STATIONARY,STATIONARY,MOVING,MOVING,MOVING
39612,1165,14,NO TRIAL,0.13076620,0.00054199,0.00414475,0.00503583,0.00634823,0.00694960,0.00444064,0.00574757,0.00994913,0.02519925,0.01375079,RELIABLE,RELIABLE,RELIABLE,RELIABLE,RELIABLE,RELIABLE,RELIABLE,RELIABLE,STATIONARY,STATIONARY,STATIONARY,STATIONARY,STATIONARY,STATIONARY,MOVING,MOVING,MOVING
39643,1166,14,NO TRIAL,0.13097158,0.00067078,0.00512160,0.00522739,0.00630371,0.00740778,0.00437322,0.00558853,0.00947448,0.02387020,0.01273259,RELIABLE,RELIABLE,RELIABLE,RELIABLE,RELIABLE,RELIABLE,RELIABLE,RELIABLE,STATIONARY,STATIONARY,STATIONARY,STATIONARY,STATIONARY,STATIONARY,MOVING,MOVING,MOVING
39676,1167,14,NO TRIAL,0.13123403,0.00084994,0.00647651,0.00581342,0.00707504,0.00827687,0.00440167,0.00572505,0.00952459,0.02377624,0.01358510,RELIABLE,RELIABLE,RELIABLE,RELIABLE,RELIABLE,RELIABLE,RELIABLE,RELIABLE,STATIONARY,STATIONARY,STATIONARY,STATIONARY,STATIONARY,STATIONARY,MOVING,MOVING,MOVING
39724,1168,14,NO TRIAL,0.13043269,0.00156649,0.01200997,0.00655031,0.00837084,0.01003417,0.00463486,0.00493086,0.00745540,0.02210667,0.01168598,RELIABLE,RELIABLE,RELIABLE,RELIABLE,RELIABLE,RELIABLE,RELIABLE,RELIABLE,STATIONARY,STATIONARY,STATIONARY,STATIONARY,STATIONARY,STATIONARY,MOVING,MOVING,MOVING
39754,1169,14,NO TRIAL,0.13003621,0.00078325,0.00602329,0.00659469,0.00902987,0.01061595,0.00452389,0.00486703,0.00701440,0.01901628,0.01046504,RELIABLE,RELIABLE,RELIABLE,RELIABLE,RELIABLE,RELIABLE,RELIABLE,RELIABLE,STATIONARY,STATIONARY,STATIONARY,STATIONARY,STATIONARY,STATIONARY,MOVING,MOVING,MOVING
39786,1170,14,NO TRIAL,0.12980201,0.00126939,0.00977943,0.00700761,0.00970708,0.01102792,0.00412889,0.00496057,0.00648265,0.01722856,0.01003467,RELIABLE,RELIABLE,RELIABLE,RELIABLE,RELIABLE,RELIABLE,RELIABLE,RELIABLE,STATIONARY,STATIONARY,STATIONARY,STATIONARY,STATIONARY,STATIONARY,MOVING,MOVING,MOVING
39817,1171,14,NO TRIAL,0.13100451,0.00081719,0.00623790,0.00738259,0.01039385,0.01157478,0.00533434,0.00529168,0.00737536,0.01909315,0.01139640,RELIABLE,RELIABLE,RELIABLE,RELIABLE,RELIABLE,RELIABLE,RELIABLE,RELIABLE,STATIONARY,STATIONARY,STATIONARY,STATIONARY,STATIONARY,STATIONARY,MOVING,MOVING,MOVING
39852,1172,14,NO TRIAL,0.13031897,0.00081816,0.00627816,0.00700895,0.01027567,0.01071490,0.00529955,0.00573861,0.00622912,0.01805229,0.01128952,RELIABLE,RELIABLE,RELIABLE,RELIABLE,RELIABLE,RELIABLE,RELIABLE,RELIABLE,STATIONARY,STATIONARY,STATIONARY,STATIONARY,STATIONARY,STATIONARY,MOVING,MOVING,MOVING
39884,1173,14,NO TRIAL,0.13120769,0.00114091,0.00869544,0.00757779,0.01068323,0.01108319,0.00530284,0.00622910,0.00644431,0.01479126,0.01170389,RELIABLE,RELIABLE,RELIABLE,RELIABLE,RELIABLE,RELIABLE,RELIABLE,RELIABLE,STATIONARY,STATIONARY,STATIONARY,STATIONARY,STATIONARY,STATIONARY,MOVING,MOVING,MOVING
39911,1174,14,NO TRIAL,0.13165207,0.00057045,0.00433305,0.00747922,0.01082737,0.01087771,0.00468205,0.00598254,0.00613621,0.01290120,0.01142570,RELIABLE,RELIABLE,RELIABLE,RELIABLE,RELIABLE,RELIABLE,RELIABLE,RELIABLE,STATIONARY,STATIONARY,STATIONARY,STATIONARY,STATIONARY,STATIONARY,MOVING,MOVING,MOVING
39941,1175,14,NO TRIAL,0.13156068,0.00062189,0.00472704,0.00726053,0.01043118,0.01071423,0.00463156,0.00633713,0.00717875,0.01293340,0.01287648,RELIABLE,RELIABLE,RELIABLE,RELIABLE,RELIABLE,RELIABLE,RELIABLE,RELIABLE,STATIONARY,STATIONARY,STATIONARY,STATIONARY,STATIONARY,STATIONARY,MOVING,MOVING,MOVING
39973,1176,14,NO TRIAL,0.13188283,0.00109889,0.00833232,0.00680083,0.00974118,0.00954073,0.00454973,0.00657138,0.00719667,0.01281183,0.01345499,RELIABLE,RELIABLE,RELIABLE,RELIABLE,RELIABLE,RELIABLE,RELIABLE,RELIABLE,STATIONARY,STATIONARY,STATIONARY,STATIONARY,STATIONARY,STATIONARY,MOVING,MOVING,MOVING
40012,1177,14,NO TRIAL,0.13158345,0.00037572,0.00285538,0.00640484,0.00863055,0.00837567,0.00454355,0.00672013,0.00720807,0.01404028,0.01387644,RELIABLE,RELIABLE,RELIABLE,RELIABLE,RELIABLE,RELIABLE,RELIABLE,RELIABLE,STATIONARY,STATIONARY,STATIONARY,STATIONARY,STATIONARY,STATIONARY,MOVING,MOVING,MOVING
40051,1178,14,NO TRIAL,0.13106569,0.00066554,0.00507793,0.00581715,0.00794697,0.00778651,0.00450828,0.00677010,0.00718087,0.01758362,0.01336276,RELIABLE,RELIABLE,RELIABLE,RELIABLE,RELIABLE,RELIABLE,RELIABLE,RELIABLE,STATIONARY,STATIONARY,STATIONARY,STATIONARY,STATIONARY,STATIONARY,MOVING,MOVING,MOVING
40092,1179,14,NO TRIAL,0.13006563,0.00054742,0.00420877,0.00556351,0.00802683,0.00781110,0.00352952,0.00721477,0.00712799,0.01640308,0.01269255,RELIABLE,RELIABLE,RELIABLE,RELIABLE,RELIABLE,RELIABLE,RELIABLE,RELIABLE,STATIONARY,STATIONARY,STATIONARY,STATIONARY,STATIONARY,STATIONARY,MOVING,MOVING,MOVING
40128,1180,14,NO TRIAL,0.12956573,0.00027371,0.00211250,0.00504280,0.00747242,0.00702188,0.00358437,0.00683480,0.00701318,0.01596964,0.01116697,RELIABLE,RELIABLE,RELIABLE,RELIABLE,RELIABLE,RELIABLE,RELIABLE,RELIABLE,STATIONARY,STATIONARY,STATIONARY,STATIONARY,STATIONARY,STATIONARY,MOVING,MOVING,MOVING
40159,1181,14,NO TRIAL,0.13003074,0.00079563,0.00611879,0.00472072,0.00756359,0.00759255,0.00344589,0.00658891,0.00746445,0.01754318,0.01177006,RELIABLE,RELIABLE,RELIABLE,RELIABLE,RELIABLE,RELIABLE,RELIABLE,RELIABLE,STATIONARY,STATIONARY,STATIONARY,STATIONARY,STATIONARY,STATIONARY,MOVING,MOVING,MOVING
40191,1182,14,NO TRIAL,0.12997418,0.00073084,0.00562296,0.00488196,0.00807563,0.00830800,0.00387295,0.00619181,0.00743391,0.01878371,0.01202731,RELIABLE,RELIABLE,RELIABLE,RELIABLE,RELIABLE,RELIABLE,RELIABLE,RELIABLE,STATIONARY,STATIONARY,STATIONARY,STATIONARY,STATIONARY,STATIONARY,MOVING,MOVING,MOVING
40223,1183,14,NO TRIAL,0.12950828,0.00056425,0.00435685,0.00483569,0.00860156,0.00836092,0.00449913,0.00582595,0.00728525,0.01791518,0.01075080,RELIABLE,RELIABLE,RELIABLE,RELIABLE,RELIABLE,RELIABLE,RELIABLE,RELIABLE,STATIONARY,STATIONARY,STATIONARY,STATIONARY,STATIONARY,STATIONARY,MOVING,MOVING,MOVING
40254,1184,14,NO TRIAL,0.12927611,0.00028212,0.00218233,0.00406694,0.00711188,0.00708091,0.00436498,0.00513126,0.00711797,0.01562302,0.00985381,RELIABLE,RELIABLE,RELIABLE,RELIABLE,RELIABLE,RELIABLE,RELIABLE,RELIABLE,STATIONARY,STATIONARY,STATIONARY,STATIONARY,STATIONARY,STATIONARY,MOVING,MOVING,MOVING
40285,1185,14,NO TRIAL,0.12981277,0.00046721,0.00359908,0.00415990,0.00731364,0.00706615,0.00497594,0.00529966,0.00825410,0.01459670,0.01088671,RELIABLE,RELIABLE,RELIABLE,RELIABLE,RELIABLE,RELIABLE,RELIABLE,RELIABLE,STATIONARY,STATIONARY,STATIONARY,STATIONARY,STATIONARY,STATIONARY,MOVING,MOVING,MOVING
40316,1186,14,NO TRIAL,0.13008721,0.00053553,0.00411669,0.00403975,0.00741576,0.00767527,0.00553267,0.00575727,0.00932612,0.01282510,0.01133824,RELIABLE,RELIABLE,RELIABLE,RELIABLE,RELIABLE,RELIABLE,RELIABLE,RELIABLE,STATIONARY,STATIONARY,STATIONARY,STATIONARY,STATIONARY,STATIONARY,MOVING,MOVING,MOVING
40348,1187,14,NO TRIAL,0.13004378,0.00086276,0.00663441,0.00434295,0.00790581,0.00836544,0.00555813,0.00572183,0.00841717,0.01262557,0.01066575,RELIABLE,RELIABLE,RELIABLE,RELIABLE,RELIABLE,RELIABLE,RELIABLE,RELIABLE,STATIONARY,STATIONARY,STATIONARY,STATIONARY,STATIONARY,STATIONARY,MOVING,MOVING,MOVING
40379,1188,14,NO TRIAL,0.13002228,0.00043138,0.00331775,0.00449361,0.00814878,0.00870873,0.00556968,0.00570211,0.00795993,0.01252189,0.01032655,RELIABLE,RELIABLE,RELIABLE,RELIABLE,RELIABLE,RELIABLE,RELIABLE,RELIABLE,STATIONARY,STATIONARY,STATIONARY,STATIONARY,STATIONARY,STATIONARY,MOVING,MOVING,MOVING
40428,1189,14,NO TRIAL,0.13019261,0.00069055,0.00530404,0.00439176,0.00833617,0.00813886,0.00639028,0.00541936,0.00730084,0.01244838,0.00950801,RELIABLE,RELIABLE,RELIABLE,RELIABLE,RELIABLE,RELIABLE,RELIABLE,RELIABLE,STATIONARY,STATIONARY,STATIONARY,STATIONARY,STATIONARY,STATIONARY,MOVING,MOVING,MOVING
40456,1190,14,NO TRIAL,0.13027881,0.00034527,0.00265026,0.00402018,0.00796514,0.00742552,0.00630473,0.00555402,0.00722854,0.01195835,0.00914472,RELIABLE,RELIABLE,RELIABLE,RELIABLE,RELIABLE,RELIABLE,RELIABLE,RELIABLE,STATIONARY,STATIONARY,STATIONARY,STATIONARY,STATIONARY,STATIONARY,MOVING,MOVING,MOVING
40488,1191,14,NO TRIAL,0.12998559,0.00121076,0.00931459,0.00463989,0.00844714,0.00894315,0.00585025,0.00581774,0.00665970,0.01605470,0.00924713,RELIABLE,RELIABLE,RELIABLE,RELIABLE,RELIABLE,RELIABLE,RELIABLE,RELIABLE,STATIONARY,STATIONARY,STATIONARY,STATIONARY,STATIONARY,STATIONARY,MOVING,MOVING,MOVING
40520,1192,14,NO TRIAL,0.13042330,0.00069374,0.00531915,0.00503200,0.00912969,0.00977113,0.00669572,0.00669060,0.00639553,0.01734472,0.00935707,RELIABLE,RELIABLE,RELIABLE,RELIABLE,RELIABLE,RELIABLE,RELIABLE,RELIABLE,STATIONARY,STATIONARY,STATIONARY,STATIONARY,STATIONARY,STATIONARY,MOVING,MOVING,MOVING
40556,1193,14,NO TRIAL,0.13122409,0.00098307,0.00749155,0.00551855,0.01023424,0.01135112,0.00682404,0.00666791,0.00568171,0.01941132,0.00924406,RELIABLE,RELIABLE,RELIABLE,RELIABLE,RELIABLE,RELIABLE,RELIABLE,RELIABLE,STATIONARY,STATIONARY,STATIONARY,STATIONARY,STATIONARY,STATIONARY,MOVING,MOVING,MOVING
40583,1194,14,NO TRIAL,0.13162534,0.00049154,0.00373436,0.00547076,0.01019018,0.01098544,0.00643390,0.00580958,0.00437979,0.01841216,0.00896824,RELIABLE,RELIABLE,RELIABLE,RELIABLE,RELIABLE,RELIABLE,RELIABLE,RELIABLE,STATIONARY,STATIONARY,STATIONARY,STATIONARY,STATIONARY,STATIONARY,MOVING,MOVING,MOVING
40615,1195,14,NO TRIAL,0.13038303,0.00142118,0.01090001,0.00600396,0.01109898,0.01226381,0.00673535,0.00613920,0.00588013,0.01975627,0.01116917,RELIABLE,RELIABLE,RELIABLE,RELIABLE,RELIABLE,RELIABLE,RELIABLE,RELIABLE,STATIONARY,STATIONARY,STATIONARY,STATIONARY,STATIONARY,STATIONARY,MOVING,MOVING,MOVING
40647,1196,14,NO TRIAL,0.13076673,0.00054988,0.00420507,0.00611488,0.01107049,0.01234426,0.00728096,0.00631812,0.00637470,0.01984096,0.01164064,RELIABLE,RELIABLE,RELIABLE,RELIABLE,RELIABLE,RELIABLE,RELIABLE,RELIABLE,STATIONARY,STATIONARY,STATIONARY,STATIONARY,STATIONARY,STATIONARY,MOVING,MOVING,MOVING
40679,1197,14,NO TRIAL,0.13100070,0.00103692,0.00791537,0.00644129,0.01103045,0.01318590,0.00729987,0.00658545,0.00783670,0.01935544,0.01294340,RELIABLE,RELIABLE,RELIABLE,RELIABLE,RELIABLE,RELIABLE,RELIABLE,RELIABLE,STATIONARY,STATIONARY,MOVING,STATIONARY,STATIONARY,STATIONARY,MOVING,MOVING,MOVING
40716,1198,14,NO TRIAL,0.13138237,0.00058427,0.00444712,0.00666590,0.01092912,0.01323097,0.00705828,0.00751529,0.00844750,0.02002837,0.01356469,RELIABLE,RELIABLE,RELIABLE,RELIABLE,RELIABLE,RELIABLE,RELIABLE,RELIABLE,STATIONARY,STATIONARY,MOVING,STATIONARY,STATIONARY,STATIONARY,MOVING,MOVING,MOVING
40743,1199,14,NO TRIAL,0.13157414,0.00029214,0.00222032,0.00577912,0.00961620,0.01110493,0.00661586,0.00725812,0.00793634,0.01596947,0.01204747,RELIABLE,RELIABLE,RELIABLE,RELIABLE,RELIABLE,RELIABLE,RELIABLE,RELIABLE,STATIONARY,STATIONARY,MOVING,STATIONARY,STATIONARY,STATIONARY,MOVING,MOVING,MOVING
40773,1200,14,NO TRIAL,0.13133389,0.00095455,0.00726814,0.00602274,0.01055474,0.01187480,0.00632743,0.00708631,0.00854796,0.01554110,0.01276642,RELIABLE,RELIABLE,RELIABLE,RELIABLE,RELIABLE,RELIABLE,RELIABLE,RELIABLE,STATIONARY,STATIONARY,MOVING,STATIONARY,STATIONARY,STATIONARY,MOVING,MOVING,MOVING
40803,1201,14,NO TRIAL,0.13086334,0.00072878,0.00556900,0.00578242,0.00962854,0.01057428,0.00707422,0.00763969,0.00924142,0.01421434,0.01262838,RELIABLE,RELIABLE,RELIABLE,RELIABLE,RELIABLE,RELIABLE,RELIABLE,RELIABLE,STATIONARY,STATIONARY,MOVING,STATIONARY,STATIONARY,STATIONARY,MOVING,MOVING,MOVING
40843,1202,14,NO TRIAL,0.13079887,0.00095151,0.00727459,0.00622495,0.01003342,0.01099552,0.00797875,0.00799590,0.00932535,0.01572153,0.01264144,RELIABLE,RELIABLE,RELIABLE,RELIABLE,RELIABLE,RELIABLE,RELIABLE,RELIABLE,STATIONARY,STATIONARY,MOVING,STATIONARY,STATIONARY,STATIONARY,MOVING,MOVING,MOVING
40881,1203,14,NO TRIAL,0.13076633,0.00036945,0.00282531,0.00521562,0.00803837,0.00869697,0.00836979,0.00722882,0.00866768,0.01390663,0.01122145,RELIABLE,RELIABLE,RELIABLE,RELIABLE,RELIABLE,RELIABLE,RELIABLE,RELIABLE,STATIONARY,STATIONARY,MOVING,STATIONARY,STATIONARY,STATIONARY,MOVING,MOVING,MOVING
40924,1204,14,NO TRIAL,0.13068835,0.00028308,0.00216610,0.00496074,0.00751439,0.00796363,0.00836146,0.00707562,0.00876512,0.01739028,0.01169154,RELIABLE,RELIABLE,RELIABLE,RELIABLE,RELIABLE,RELIABLE,RELIABLE,RELIABLE,STATIONARY,STATIONARY,MOVING,STATIONARY,STATIONARY,STATIONARY,MOVING,MOVING,MOVING
40960,1205,14,NO TRIAL,0.13064950,0.00014154,0.00108337,0.00410675,0.00606399,0.00596372,0.00759088,0.00633632,0.00721261,0.01791207,0.01011074,RELIABLE,RELIABLE,RELIABLE,RELIABLE,RELIABLE,RELIABLE,RELIABLE,RELIABLE,STATIONARY,STATIONARY,MOVING,STATIONARY,STATIONARY,STATIONARY,MOVING,MOVING,MOVING
40991,1206,14,NO TRIAL,0.13153592,0.00116596,0.00886418,0.00465888,0.00705586,0.00774113,0.00846880,0.00659136,0.00809516,0.01880803,0.01102426,RELIABLE,RELIABLE,RELIABLE,RELIABLE,RELIABLE,RELIABLE,RELIABLE,RELIABLE,STATIONARY,STATIONARY,MOVING,STATIONARY,STATIONARY,STATIONARY,MOVING,MOVING,MOVING
41022,1207,14,NO TRIAL,0.13127876,0.00063300,0.00482182,0.00498406,0.00758662,0.00848553,0.00924844,0.00684654,0.00882831,0.02094859,0.01183133,RELIABLE,RELIABLE,RELIABLE,RELIABLE,RELIABLE,RELIABLE,RELIABLE,RELIABLE,STATIONARY,STATIONARY,MOVING,STATIONARY,STATIONARY,STATIONARY,MOVING,MOVING,MOVING
41053,1208,14,NO TRIAL,0.13047130,0.00087346,0.00669463,0.00491237,0.00635820,0.00740571,0.00876452,0.00658832,0.00922674,0.02244455,0.01161622,RELIABLE,RELIABLE,RELIABLE,RELIABLE,RELIABLE,RELIABLE,RELIABLE,RELIABLE,STATIONARY,STATIONARY,MOVING,STATIONARY,STATIONARY,STATIONARY,MOVING,MOVING,MOVING
41084,1209,14,NO TRIAL,0.13006786,0.00043673,0.00335770,0.00463596,0.00619252,0.00733541,0.00721298,0.00573170,0.00839880,0.02147449,0.01056105,RELIABLE,RELIABLE,RELIABLE,RELIABLE,RELIABLE,RELIABLE,RELIABLE,RELIABLE,STATIONARY,STATIONARY,MOVING,STATIONARY,STATIONARY,STATIONARY,MOVING,MOVING,MOVING
41115,1210,14,NO TRIAL,0.13042698,0.00066417,0.00509225,0.00436317,0.00623730,0.00718997,0.00640151,0.00571156,0.00877828,0.01996703,0.01118971,RELIABLE,RELIABLE,RELIABLE,RELIABLE,RELIABLE,RELIABLE,RELIABLE,RELIABLE,STATIONARY,STATIONARY,MOVING,STATIONARY,STATIONARY,STATIONARY,MOVING,MOVING,MOVING
41145,1211,14,NO TRIAL,0.13015841,0.00071837,0.00551917,0.00469990,0.00692558,0.00785773,0.00571712,0.00609790,0.00810262,0.01990510,0.01157241,RELIABLE,RELIABLE,RELIABLE,RELIABLE,RELIABLE,RELIABLE,RELIABLE,RELIABLE,STATIONARY,STATIONARY,MOVING,STATIONARY,STATIONARY,STATIONARY,MOVING,MOVING,MOVING
41180,1212,14,NO TRIAL,0.13060942,0.00090272,0.00691163,0.00529309,0.00792577,0.00928112,0.00573028,0.00595741,0.00784474,0.01673512,0.01185200,RELIABLE,RELIABLE,RELIABLE,RELIABLE,RELIABLE,RELIABLE,RELIABLE,RELIABLE,STATIONARY,STATIONARY,MOVING,STATIONARY,STATIONARY,STATIONARY,MOVING,MOVING,MOVING
41212,1213,14,NO TRIAL,0.13072687,0.00077227,0.00590749,0.00589611,0.00927232,0.01073740,0.00599005,0.00618757,0.00813121,0.01524335,0.01300641,RELIABLE,RELIABLE,RELIABLE,RELIABLE,RELIABLE,RELIABLE,RELIABLE,RELIABLE,STATIONARY,STATIONARY,MOVING,STATIONARY,STATIONARY,STATIONARY,MOVING,MOVING,MOVING
41261,1214,14,NO TRIAL,0.13022248,0.00054803,0.00420839,0.00531413,0.00800246,0.00882986,0.00548552,0.00531985,0.00854534,0.01616263,0.01304424,RELIABLE,RELIABLE,RELIABLE,RELIABLE,RELIABLE,RELIABLE,RELIABLE,RELIABLE,STATIONARY,STATIONARY,MOVING,STATIONARY,STATIONARY,STATIONARY,MOVING,MOVING,MOVING
41301,1215,14,NO TRIAL,0.12997170,0.00027401,0.00210825,0.00497494,0.00733363,0.00802141,0.00489351,0.00475994,0.00846326,0.01493446,0.01271563,RELIABLE,RELIABLE,RELIABLE,RELIABLE,RELIABLE,RELIABLE,RELIABLE,RELIABLE,STATIONARY,STATIONARY,MOVING,STATIONARY,STATIONARY,STATIONARY,MOVING,MOVING,MOVING
41332,1216,14,NO TRIAL,0.13079405,0.00075933,0.00580556,0.00486380,0.00655883,0.00728251,0.00479258,0.00602063,0.00882471,0.01552809,0.01360455,RELIABLE,RELIABLE,RELIABLE,RELIABLE,RELIABLE,RELIABLE,RELIABLE,RELIABLE,STATIONARY,STATIONARY,MOVING,STATIONARY,STATIONARY,STATIONARY,MOVING,MOVING,MOVING
41363,1217,14,NO TRIAL,0.13145238,0.00165251,0.01257115,0.00601549,0.00902018,0.00991084,0.00535258,0.00673596,0.00911046,0.01537402,0.01376373,RELIABLE,RELIABLE,RELIABLE,RELIABLE,RELIABLE,RELIABLE,RELIABLE,RELIABLE,STATIONARY,STATIONARY,MOVING,STATIONARY,STATIONARY,STATIONARY,MOVING,MOVING,MOVING
41394,1218,14,NO TRIAL,0.13190178,0.00040329,0.00305749,0.00576114,0.00835584,0.00916072,0.00637430,0.00678062,0.00885246,0.01464604,0.01310643,RELIABLE,RELIABLE,RELIABLE,RELIABLE,RELIABLE,RELIABLE,RELIABLE,RELIABLE,STATIONARY,STATIONARY,MOVING,STATIONARY,STATIONARY,STATIONARY,MOVING,MOVING,MOVING
41425,1219,14,NO TRIAL,0.13200665,0.00074894,0.00567348,0.00578043,0.00879039,0.00942157,0.00663491,0.00653660,0.00931883,0.01626141,0.01265144,RELIABLE,RELIABLE,RELIABLE,RELIABLE,RELIABLE,RELIABLE,RELIABLE,RELIABLE,STATIONARY,STATIONARY,MOVING,STATIONARY,STATIONARY,STATIONARY,MOVING,MOVING,MOVING
41456,1220,14,NO TRIAL,0.13206420,0.00037447,0.00283551,0.00527091,0.00836047,0.00860480,0.00621856,0.00650355,0.00930107,0.01640357,0.01178419,RELIABLE,RELIABLE,RELIABLE,RELIABLE,RELIABLE,RELIABLE,RELIABLE,RELIABLE,STATIONARY,STATIONARY,MOVING,STATIONARY,STATIONARY,STATIONARY,MOVING,MOVING,MOVING
41487,1221,14,NO TRIAL,0.13147485,0.00092001,0.00699759,0.00540718,0.00790075,0.00808205,0.00694925,0.00769841,0.00930357,0.01709412,0.01115637,RELIABLE,RELIABLE,RELIABLE,RELIABLE,RELIABLE,RELIABLE,RELIABLE,RELIABLE,STATIONARY,STATIONARY,MOVING,STATIONARY,STATIONARY,STATIONARY,MOVING,MOVING,MOVING
41519,1222,14,NO TRIAL,0.13192021,0.00107394,0.00814085,0.00589874,0.00916991,0.00902453,0.00774935,0.00804383,0.00830529,0.01706852,0.01013613,RELIABLE,RELIABLE,RELIABLE,RELIABLE,RELIABLE,RELIABLE,RELIABLE,RELIABLE,STATIONARY,STATIONARY,MOVING,STATIONARY,STATIONARY,STATIONARY,MOVING,MOVING,MOVING
41550,1223,14,NO TRIAL,0.13194655,0.00145168,0.01100200,0.00701045,0.01129480,0.01110118,0.00910004,0.00919532,0.00971577,0.01819904,0.01134720,RELIABLE,RELIABLE,RELIABLE,RELIABLE,RELIABLE,RELIABLE,RELIABLE,RELIABLE,STATIONARY,STATIONARY,MOVING,STATIONARY,STATIONARY,STATIONARY,MOVING,MOVING,MOVING
41582,1224,14,NO TRIAL,0.13197852,0.00072584,0.00549967,0.00697222,0.01225353,0.01202302,0.00944741,0.00791769,0.00909753,0.01628686,0.00997982,RELIABLE,RELIABLE,RELIABLE,RELIABLE,RELIABLE,RELIABLE,RELIABLE,RELIABLE,STATIONARY,STATIONARY,MOVING,STATIONARY,STATIONARY,STATIONARY,MOVING,MOVING,MOVING
41628,1225,14,NO TRIAL,0.13168109,0.00132723,0.01007915,0.00666072,0.01150957,0.01102861,0.00987727,0.00805282,0.00919398,0.01827498,0.01126767,RELIABLE,RELIABLE,RELIABLE,RELIABLE,RELIABLE,RELIABLE,RELIABLE,RELIABLE,STATIONARY,STATIONARY,MOVING,STATIONARY,STATIONARY,STATIONARY,MOVING,MOVING,MOVING
41662,1226,14,NO TRIAL,0.13154666,0.00066362,0.00504472,0.00690912,0.01204055,0.01163841,0.00885741,0.00794737,0.00911435,0.01877913,0.01141435,RELIABLE,RELIABLE,RELIABLE,RELIABLE,RELIABLE,RELIABLE,RELIABLE,RELIABLE,STATIONARY,STATIONARY,MOVING,STATIONARY,STATIONARY,STATIONARY,MOVING,MOVING,MOVING
41693,1227,14,NO TRIAL,0.13087275,0.00088281,0.00674558,0.00704313,0.01134524,0.01058612,0.00897020,0.00839695,0.00905271,0.02014914,0.01257150,RELIABLE,RELIABLE,RELIABLE,RELIABLE,RELIABLE,RELIABLE,RELIABLE,RELIABLE,STATIONARY,STATIONARY,MOVING,STATIONARY,STATIONARY,STATIONARY,MOVING,MOVING,MOVING
41724,1228,14,NO TRIAL,0.13033820,0.00073524,0.00564105,0.00739383,0.01131446,0.01120926,0.00989636,0.00952524,0.00945420,0.02111712,0.01311191,RELIABLE,RELIABLE,RELIABLE,RELIABLE,RELIABLE,RELIABLE,RELIABLE,RELIABLE,STATIONARY,STATIONARY,MOVING,STATIONARY,STATIONARY,STATIONARY,MOVING,MOVING,MOVING
41755,1229,14,NO TRIAL,0.13075881,0.00088185,0.00674412,0.00736214,0.01133104,0.01183259,0.00932026,0.00865563,0.00947429,0.02155370,0.01355256,RELIABLE,RELIABLE,RELIABLE,RELIABLE,RELIABLE,RELIABLE,RELIABLE,RELIABLE,STATIONARY,STATIONARY,MOVING,STATIONARY,STATIONARY,STATIONARY,MOVING,MOVING,MOVING
41785,1230,14,NO TRIAL,0.13097439,0.00044093,0.00336651,0.00676535,0.01014739,0.01117350,0.00821941,0.00803434,0.00867393,0.01892613,0.01334372,RELIABLE,RELIABLE,RELIABLE,RELIABLE,RELIABLE,RELIABLE,RELIABLE,RELIABLE,STATIONARY,STATIONARY,MOVING,STATIONARY,STATIONARY,STATIONARY,MOVING,MOVING,MOVING
41817,1231,14,NO TRIAL,0.13194597,0.00080206,0.00607873,0.00614994,0.00855689,0.00988506,0.00765398,0.00735731,0.00797794,0.01854795,0.01360266,RELIABLE,RELIABLE,RELIABLE,RELIABLE,RELIABLE,RELIABLE,RELIABLE,RELIABLE,STATIONARY,STATIONARY,MOVING,STATIONARY,STATIONARY,STATIONARY,MOVING,MOVING,MOVING
41849,1232,14,NO TRIAL,0.13190428,0.00130840,0.00991929,0.00670239,0.00929063,0.01073140,0.00758325,0.00777617,0.00766280,0.01923520,0.01367752,RELIABLE,RELIABLE,RELIABLE,RELIABLE,RELIABLE,RELIABLE,RELIABLE,RELIABLE,STATIONARY,STATIONARY,MOVING,STATIONARY,STATIONARY,STATIONARY,MOVING,MOVING,MOVING
41884,1233,14,NO TRIAL,0.13072726,0.00102028,0.00780463,0.00641808,0.00849106,0.00955813,0.00740437,0.00790440,0.00931464,0.01908143,0.01493248,RELIABLE,RELIABLE,RELIABLE,RELIABLE,RELIABLE,RELIABLE,RELIABLE,RELIABLE,STATIONARY,STATIONARY,MOVING,STATIONARY,STATIONARY,STATIONARY,MOVING,MOVING,MOVING
41912,1234,14,NO TRIAL,0.13013876,0.00051014,0.00391996,0.00627748,0.00809334,0.00897257,0.00731680,0.00797097,0.01014628,0.01900986,0.01556673,RELIABLE,RELIABLE,RELIABLE,RELIABLE,RELIABLE,RELIABLE,RELIABLE,RELIABLE,STATIONARY,STATIONARY,MOVING,STATIONARY,STATIONARY,STATIONARY,MOVING,MOVING,MOVING
41942,1235,14,NO TRIAL,0.13060708,0.00127537,0.00976493,0.00665490,0.00934068,0.01060026,0.00687811,0.00815705,0.01248167,0.01759751,0.01672941,RELIABLE,RELIABLE,RELIABLE,RELIABLE,RELIABLE,RELIABLE,RELIABLE,RELIABLE,STATIONARY,STATIONARY,MOVING,STATIONARY,STATIONARY,STATIONARY,MOVING,MOVING,MOVING
41974,1236,14,NO TRIAL,0.13130300,0.00085209,0.00648947,0.00676096,0.00998425,0.01078532,0.00610524,0.00759616,0.01304518,0.01831703,0.01665941,RELIABLE,RELIABLE,RELIABLE,RELIABLE,RELIABLE,RELIABLE,RELIABLE,RELIABLE,STATIONARY,STATIONARY,MOVING,STATIONARY,STATIONARY,STATIONARY,MOVING,MOVING,MOVING
42006,1237,14,NO TRIAL,0.13038206,0.00077465,0.00594136,0.00666061,0.01014308,0.01022736,0.00691404,0.00778215,0.01311668,0.02061548,0.01607461,RELIABLE,RELIABLE,RELIABLE,RELIABLE,RELIABLE,RELIABLE,RELIABLE,RELIABLE,STATIONARY,STATIONARY,MOVING,STATIONARY,STATIONARY,MOVING,MOVING,MOVING,MOVING
42044,1238,14,NO TRIAL,0.13107261,0.00029779,0.00227195,0.00652379,0.00984987,0.00975483,0.00730527,0.00812109,0.01351732,0.02234568,0.01695105,RELIABLE,RELIABLE,RELIABLE,RELIABLE,RELIABLE,RELIABLE,RELIABLE,RELIABLE,STATIONARY,STATIONARY,MOVING,STATIONARY,STATIONARY,MOVING,MOVING,MOVING,MOVING
42093,1239,14,NO TRIAL,0.13112408,0.00069131,0.00527220,0.00642297,0.00977823,0.00921683,0.00749823,0.00798495,0.01243072,0.02105297,0.01550852,RELIABLE,RELIABLE,RELIABLE,RELIABLE,RELIABLE,RELIABLE,RELIABLE,RELIABLE,STATIONARY,STATIONARY,MOVING,STATIONARY,STATIONARY,MOVING,MOVING,MOVING,MOVING
42130,1240,14,NO TRIAL,0.13115470,0.00034566,0.00263549,0.00551250,0.00821362,0.00745748,0.00738277,0.00715960,0.01185478,0.01953047,0.01484201,RELIABLE,RELIABLE,RELIABLE,RELIABLE,RELIABLE,RELIABLE,RELIABLE,RELIABLE,STATIONARY,STATIONARY,MOVING,STATIONARY,STATIONARY,MOVING,MOVING,MOVING,MOVING
42161,1241,14,NO TRIAL,0.13080313,0.00121179,0.00926423,0.00569495,0.00815776,0.00820073,0.00782807,0.00632852,0.01014220,0.01866422,0.01403805,RELIABLE,RELIABLE,RELIABLE,RELIABLE,RELIABLE,RELIABLE,RELIABLE,RELIABLE,STATIONARY,STATIONARY,MOVING,STATIONARY,STATIONARY,MOVING,MOVING,MOVING,MOVING
42193,1242,14,NO TRIAL,0.13114148,0.00092021,0.00701696,0.00608207,0.00852373,0.00859879,0.00799193,0.00610745,0.00936415,0.02145776,0.01447669,RELIABLE,RELIABLE,RELIABLE,RELIABLE,RELIABLE,RELIABLE,RELIABLE,RELIABLE,STATIONARY,STATIONARY,MOVING,STATIONARY,STATIONARY,MOVING,MOVING,MOVING,MOVING
42225,1243,14,NO TRIAL,0.13096692,0.00047673,0.00364006,0.00531646,0.00692842,0.00698936,0.00843011,0.00580775,0.00710373,0.01986233,0.01167690,RELIABLE,RELIABLE,RELIABLE,RELIABLE,RELIABLE,RELIABLE,RELIABLE,RELIABLE,STATIONARY,STATIONARY,MOVING,STATIONARY,STATIONARY,MOVING,MOVING,MOVING,MOVING
42257,1244,14,NO TRIAL,0.13122840,0.00043630,0.00332475,0.00492087,0.00585196,0.00583245,0.00909589,0.00547021,0.00617802,0.01945857,0.01140628,RELIABLE,RELIABLE,RELIABLE,RELIABLE,RELIABLE,RELIABLE,RELIABLE,RELIABLE,STATIONARY,STATIONARY,MOVING,STATIONARY,STATIONARY,MOVING,MOVING,MOVING,MOVING
42288,1245,14,NO TRIAL,0.13136010,0.00021815,0.00166071,0.00438579,0.00484279,0.00496227,0.00807990,0.00475658,0.00567885,0.01665064,0.01082920,RELIABLE,RELIABLE,RELIABLE,RELIABLE,RELIABLE,RELIABLE,RELIABLE,RELIABLE,STATIONARY,STATIONARY,MOVING,STATIONARY,STATIONARY,MOVING,MOVING,MOVING,MOVING
42319,1246,14,NO TRIAL,0.13018640,0.00069648,0.00534989,0.00477054,0.00580613,0.00550471,0.00779707,0.00465553,0.00702342,0.01706813,0.01106620,RELIABLE,RELIABLE,RELIABLE,RELIABLE,RELIABLE,RELIABLE,RELIABLE,RELIABLE,STATIONARY,STATIONARY,MOVING,STATIONARY,STATIONARY,MOVING,MOVING,MOVING,MOVING
42350,1247,14,NO TRIAL,0.12983679,0.00113344,0.00872972,0.00520273,0.00733720,0.00732442,0.00762458,0.00480424,0.00704408,0.01735001,0.01197558,RELIABLE,RELIABLE,RELIABLE,RELIABLE,RELIABLE,RELIABLE,RELIABLE,RELIABLE,STATIONARY,STATIONARY,MOVING,STATIONARY,STATIONARY,MOVING,MOVING,MOVING,MOVING
42382,1248,14,NO TRIAL,0.12981258,0.00053297,0.00410565,0.00538650,0.00782387,0.00764700,0.00750869,0.00573217,0.00731687,0.01754337,0.01382115,RELIABLE,RELIABLE,RELIABLE,RELIABLE,RELIABLE,RELIABLE,RELIABLE,RELIABLE,STATIONARY,STATIONARY,MOVING,STATIONARY,STATIONARY,MOVING,MOVING,MOVING,MOVING
42413,1249,14,NO TRIAL,0.12980061,0.00026648,0.00205302,0.00448509,0.00688030,0.00623785,0.00622366,0.00583567,0.00655558,0.01574484,0.01230850,RELIABLE,RELIABLE,RELIABLE,RELIABLE,RELIABLE,RELIABLE,RELIABLE,RELIABLE,STATIONARY,STATIONARY,MOVING,STATIONARY,STATIONARY,MOVING,MOVING,MOVING,MOVING
42461,1250,14,NO TRIAL,0.12970211,0.00056102,0.00432546,0.00414866,0.00656554,0.00618398,0.00612156,0.00620244,0.00786104,0.01531565,0.01252819,RELIABLE,RELIABLE,RELIABLE,RELIABLE,RELIABLE,RELIABLE,RELIABLE,RELIABLE,STATIONARY,STATIONARY,MOVING,STATIONARY,STATIONARY,MOVING,MOVING,MOVING,MOVING
42491,1251,14,NO TRIAL,0.12965287,0.00028051,0.00216355,0.00396409,0.00632641,0.00602828,0.00539124,0.00553662,0.00763181,0.01591372,0.01260858,RELIABLE,RELIABLE,RELIABLE,RELIABLE,RELIABLE,RELIABLE,RELIABLE,RELIABLE,STATIONARY,STATIONARY,MOVING,STATIONARY,STATIONARY,MOVING,MOVING,MOVING,MOVING
42523,1252,14,NO TRIAL,0.13142811,0.00084093,0.00639843,0.00434830,0.00707594,0.00652278,0.00553186,0.00587249,0.00848325,0.01790207,0.01424881,RELIABLE,RELIABLE,RELIABLE,RELIABLE,RELIABLE,RELIABLE,RELIABLE,RELIABLE,STATIONARY,STATIONARY,MOVING,STATIONARY,STATIONARY,MOVING,MOVING,MOVING,MOVING
42555,1253,14,NO TRIAL,0.13091456,0.00127149,0.00971236,0.00535476,0.00916643,0.00836915,0.00647466,0.00685043,0.00981392,0.02005254,0.01635039,RELIABLE,RELIABLE,RELIABLE,RELIABLE,RELIABLE,RELIABLE,RELIABLE,RELIABLE,STATIONARY,STATIONARY,MOVING,STATIONARY,STATIONARY,MOVING,MOVING,MOVING,MOVING
42588,1254,14,NO TRIAL,0.13015792,0.00095267,0.00731934,0.00560094,0.00900926,0.00850716,0.00695720,0.00674173,0.00894380,0.01907286,0.01577121,RELIABLE,RELIABLE,RELIABLE,RELIABLE,RELIABLE,RELIABLE,RELIABLE,RELIABLE,STATIONARY,STATIONARY,MOVING,STATIONARY,STATIONARY,MOVING,MOVING,MOVING,MOVING
42617,1255,14,NO TRIAL,0.12978117,0.00047633,0.00367029,0.00496851,0.00731574,0.00668389,0.00629735,0.00618150,0.00883319,0.01858837,0.01448693,RELIABLE,RELIABLE,RELIABLE,RELIABLE,RELIABLE,RELIABLE,RELIABLE,RELIABLE,STATIONARY,STATIONARY,MOVING,STATIONARY,STATIONARY,MOVING,MOVING,MOVING,MOVING
42649,1256,14,NO TRIAL,0.13019316,0.00118970,0.00913799,0.00559755,0.00819777,0.00800522,0.00677072,0.00589373,0.00952243,0.02012512,0.01313779,RELIABLE,RELIABLE,RELIABLE,RELIABLE,RELIABLE,RELIABLE,RELIABLE,RELIABLE,STATIONARY,STATIONARY,MOVING,STATIONARY,STATIONARY,MOVING,MOVING,MOVING,MOVING
42680,1257,14,NO TRIAL,0.13009325,0.00128376,0.00986802,0.00657443,0.00982416,0.00933162,0.00729924,0.00650496,0.00963786,0.02361290,0.01288745,RELIABLE,RELIABLE,RELIABLE,RELIABLE,RELIABLE,RELIABLE,RELIABLE,RELIABLE,STATIONARY,STATIONARY,MOVING,STATIONARY,STATIONARY,MOVING,MOVING,MOVING,MOVING
42712,1258,14,NO TRIAL,0.13147119,0.00055366,0.00421124,0.00656015,0.00953533,0.00902320,0.00753926,0.00719005,0.00963665,0.02170053,0.01348086,RELIABLE,RELIABLE,RELIABLE,RELIABLE,RELIABLE,RELIABLE,RELIABLE,RELIABLE,STATIONARY,STATIONARY,MOVING,STATIONARY,STATIONARY,MOVING,MOVING,MOVING,MOVING
42748,1259,14,NO TRIAL,0.13180101,0.00074403,0.00564512,0.00699535,0.01054051,0.00999890,0.00765713,0.00740015,0.00925145,0.02382631,0.01354198,RELIABLE,RELIABLE,RELIABLE,RELIABLE,RELIABLE,RELIABLE,RELIABLE,RELIABLE,STATIONARY,STATIONARY,MOVING,STATIONARY,STATIONARY,MOVING,MOVING,MOVING,MOVING
42775,1260,14,NO TRIAL,0.13197115,0.00037202,0.00281892,0.00654791,0.01011551,0.00974554,0.00644730,0.00677429,0.00806003,0.02109529,0.01153228,RELIABLE,RELIABLE,RELIABLE,RELIABLE,RELIABLE,RELIABLE,RELIABLE,RELIABLE,STATIONARY,STATIONARY,MOVING,STATIONARY,STATIONARY,MOVING,MOVING,MOVING,MOVING
42807,1261,14,NO TRIAL,0.13014861,0.00078867,0.00605973,0.00609133,0.00908395,0.00857689,0.00598033,0.00751121,0.00850777,0.02096026,0.01083137,RELIABLE,RELIABLE,RELIABLE,RELIABLE,RELIABLE,RELIABLE,RELIABLE,RELIABLE,STATIONARY,STATIONARY,MOVING,STATIONARY,STATIONARY,MOVING,MOVING,MOVING,MOVING
42839,1262,14,NO TRIAL,0.12945425,0.00079622,0.00615060,0.00594524,0.00872278,0.00855944,0.00563720,0.00804589,0.00894376,0.02299702,0.01127953,RELIABLE,RELIABLE,RELIABLE,RELIABLE,RELIABLE,RELIABLE,RELIABLE,RELIABLE,STATIONARY,STATIONARY,MOVING,STATIONARY,STATIONARY,MOVING,MOVING,MOVING,MOVING
42876,1263,14,NO TRIAL,0.12937725,0.00194478,0.01503187,0.00736544,0.01037945,0.01013870,0.00595433,0.00861633,0.00969767,0.02343623,0.01218427,RELIABLE,RELIABLE,RELIABLE,RELIABLE,RELIABLE,RELIABLE,RELIABLE,RELIABLE,STATIONARY,STATIONARY,MOVING,STATIONARY,STATIONARY,MOVING,MOVING,MOVING,MOVING
42917,1264,14,NO TRIAL,0.13066010,0.00098330,0.00752565,0.00716389,0.00962580,0.00859410,0.00580742,0.00922324,0.00936205,0.02254093,0.01204584,RELIABLE,RELIABLE,RELIABLE,RELIABLE,RELIABLE,RELIABLE,RELIABLE,RELIABLE,STATIONARY,STATIONARY,MOVING,STATIONARY,STATIONARY,MOVING,MOVING,MOVING,MOVING
42956,1265,14,NO TRIAL,0.12998303,0.00130285,0.01002325,0.00718329,0.00879207,0.00861154,0.00588754,0.00904997,0.00952338,0.02205869,0.01185617,RELIABLE,RELIABLE,RELIABLE,RELIABLE,RELIABLE,RELIABLE,RELIABLE,RELIABLE,STATIONARY,STATIONARY,MOVING,STATIONARY,STATIONARY,MOVING,MOVING,MOVING,MOVING
42996,1266,14,NO TRIAL,0.12964511,0.00065143,0.00502469,0.00728498,0.00892467,0.00891470,0.00546883,0.00807269,0.00789310,0.02177460,0.00921915,RELIABLE,RELIABLE,RELIABLE,RELIABLE,RELIABLE,RELIABLE,RELIABLE,RELIABLE,STATIONARY,STATIONARY,MOVING,STATIONARY,STATIONARY,MOVING,MOVING,MOVING,MOVING
43028,1267,14,NO TRIAL,0.13049490,0.00092492,0.00708778,0.00746531,0.00915543,0.00900485,0.00568129,0.00920547,0.00900644,0.02048211,0.00981705,RELIABLE,RELIABLE,RELIABLE,RELIABLE,RELIABLE,RELIABLE,RELIABLE,RELIABLE,STATIONARY,STATIONARY,MOVING,STATIONARY,STATIONARY,MOVING,MOVING,MOVING,MOVING
43060,1268,14,NO TRIAL,0.13008869,0.00053645,0.00412375,0.00762841,0.00921540,0.00914417,0.00720713,0.00962419,0.00974827,0.02215927,0.01141901,RELIABLE,RELIABLE,RELIABLE,RELIABLE,RELIABLE,RELIABLE,RELIABLE,RELIABLE,STATIONARY,STATIONARY,MOVING,STATIONARY,STATIONARY,MOVING,MOVING,MOVING,MOVING
43091,1269,14,NO TRIAL,0.13006135,0.00122803,0.00944196,0.00805119,0.01009315,0.01060016,0.00788667,0.00899703,0.00968792,0.02501232,0.01171417,RELIABLE,RELIABLE,RELIABLE,RELIABLE,RELIABLE,RELIABLE,RELIABLE,RELIABLE,STATIONARY,STATIONARY,MOVING,STATIONARY,STATIONARY,MOVING,MOVING,MOVING,MOVING
43124,1270,14,NO TRIAL,0.13005161,0.00061402,0.00472133,0.00787253,0.01048546,0.01076391,0.00811371,0.00861391,0.00902273,0.02398885,0.01100018,RELIABLE,RELIABLE,RELIABLE,RELIABLE,RELIABLE,RELIABLE,RELIABLE,RELIABLE,STATIONARY,STATIONARY,MOVING,STATIONARY,STATIONARY,MOVING,MOVING,MOVING,MOVING
43155,1271,14,NO TRIAL,0.13071540,0.00126122,0.00964860,0.00719962,0.01016001,0.01033236,0.00828660,0.00902620,0.00925860,0.02812926,0.01116287,RELIABLE,RELIABLE,RELIABLE,RELIABLE,RELIABLE,RELIABLE,RELIABLE,RELIABLE,STATIONARY,STATIONARY,MOVING,STATIONARY,STATIONARY,MOVING,MOVING,MOVING,MOVING
43187,1272,14,NO TRIAL,0.13174582,0.00041276,0.00313300,0.00665054,0.00959279,0.01040647,0.00807458,0.00849947,0.00949367,0.02858185,0.01153128,RELIABLE,RELIABLE,RELIABLE,RELIABLE,RELIABLE,RELIABLE,RELIABLE,RELIABLE,STATIONARY,STATIONARY,MOVING,STATIONARY,STATIONARY,MOVING,MOVING,MOVING,MOVING
43219,1273,14,NO TRIAL,0.13145464,0.00154204,0.01173057,0.00686396,0.01019302,0.01035351,0.00767167,0.00805196,0.00999777,0.02754443,0.01230533,RELIABLE,RELIABLE,RELIABLE,RELIABLE,RELIABLE,RELIABLE,RELIABLE,RELIABLE,STATIONARY,STATIONARY,MOVING,STATIONARY,STATIONARY,MOVING,MOVING,MOVING,MOVING
43250,1274,14,NO TRIAL,0.13121205,0.00108329,0.00825604,0.00726788,0.01080896,0.01023232,0.00900509,0.00859193,0.01093344,0.02856366,0.01320640,RELIABLE,RELIABLE,RELIABLE,RELIABLE,RELIABLE,RELIABLE,RELIABLE,RELIABLE,STATIONARY,STATIONARY,MOVING,STATIONARY,STATIONARY,MOVING,MOVING,MOVING,MOVING
43292,1275,14,NO TRIAL,0.13070684,0.00119312,0.00912823,0.00752294,0.01150673,0.01095690,0.00935597,0.00760432,0.01084913,0.02749438,0.01426847,RELIABLE,RELIABLE,RELIABLE,RELIABLE,RELIABLE,RELIABLE,RELIABLE,RELIABLE,STATIONARY,STATIONARY,MOVING,STATIONARY,STATIONARY,MOVING,MOVING,MOVING,MOVING
43330,1276,14,NO TRIAL,0.13045460,0.00059656,0.00457294,0.00757909,0.01191415,0.01122798,0.00811304,0.00725934,0.01062373,0.02464063,0.01350015,RELIABLE,RELIABLE,RELIABLE,RELIABLE,RELIABLE,RELIABLE,RELIABLE,RELIABLE,STATIONARY,STATIONARY,MOVING,STATIONARY,STATIONARY,MOVING,MOVING,MOVING,MOVING
43362,1277,14,NO TRIAL,0.12999484,0.00154290,0.01186893,0.00788246,0.01253933,0.01125385,0.00744606,0.00649205,0.00957156,0.02090614,0.01291134,RELIABLE,RELIABLE,RELIABLE,RELIABLE,RELIABLE,RELIABLE,RELIABLE,RELIABLE,STATIONARY,STATIONARY,MOVING,STATIONARY,STATIONARY,MOVING,MOVING,MOVING,MOVING
43394,1278,14,NO TRIAL,0.13056249,0.00075349,0.00577109,0.00801368,0.01207920,0.01105333,0.00761474,0.00681687,0.00950037,0.01948179,0.01396046,RELIABLE,RELIABLE,RELIABLE,RELIABLE,RELIABLE,RELIABLE,RELIABLE,RELIABLE,STATIONARY,STATIONARY,MOVING,STATIONARY,STATIONARY,MOVING,MOVING,MOVING,MOVING
43425,1279,14,NO TRIAL,0.13035705,0.00030153,0.00231308,0.00709674,0.01033799,0.00963422,0.00783731,0.00630031,0.00850897,0.01940444,0.01377473,RELIABLE,RELIABLE,RELIABLE,RELIABLE,RELIABLE,RELIABLE,RELIABLE,RELIABLE,STATIONARY,STATIONARY,MOVING,STATIONARY,STATIONARY,MOVING,MOVING,MOVING,MOVING
43457,1280,14,NO TRIAL,0.13108536,0.00115240,0.00879119,0.00780401,0.01155698,0.01099967,0.00826419,0.00589973,0.00949246,0.02173902,0.01573776,RELIABLE,RELIABLE,RELIABLE,RELIABLE,RELIABLE,RELIABLE,RELIABLE,RELIABLE,STATIONARY,STATIONARY,MOVING,STATIONARY,STATIONARY,MOVING,MOVING,MOVING,MOVING
43488,1281,14,NO TRIAL,0.13145019,0.00057620,0.00438339,0.00688561,0.01055190,0.01031441,0.00832758,0.00560423,0.00949458,0.02147927,0.01582106,RELIABLE,RELIABLE,RELIABLE,RELIABLE,RELIABLE,RELIABLE,RELIABLE,RELIABLE,STATIONARY,STATIONARY,MOVING,STATIONARY,STATIONARY,MOVING,MOVING,MOVING,MOVING
43519,1282,14,NO TRIAL,0.13110996,0.00061382,0.00468174,0.00643882,0.00986497,0.01037128,0.00757593,0.00518654,0.01041012,0.02154874,0.01817895,RELIABLE,RELIABLE,RELIABLE,RELIABLE,RELIABLE,RELIABLE,RELIABLE,RELIABLE,STATIONARY,STATIONARY,MOVING,STATIONARY,STATIONARY,MOVING,MOVING,MOVING,MOVING
43550,1283,14,NO TRIAL,0.13135265,0.00064111,0.00488087,0.00590790,0.00776611,0.00885746,0.00779955,0.00522173,0.00975346,0.02290898,0.01619579,RELIABLE,RELIABLE,RELIABLE,RELIABLE,RELIABLE,RELIABLE,RELIABLE,RELIABLE,STATIONARY,STATIONARY,MOVING,STATIONARY,STATIONARY,MOVING,MOVING,MOVING,MOVING
43582,1284,14,NO TRIAL,0.13149437,0.00124147,0.00944128,0.00651644,0.00828592,0.00932395,0.00812054,0.00562170,0.01001013,0.02506828,0.01652968,RELIABLE,RELIABLE,RELIABLE,RELIABLE,RELIABLE,RELIABLE,RELIABLE,RELIABLE,STATIONARY,STATIONARY,MOVING,STATIONARY,STATIONARY,MOVING,MOVING,MOVING,MOVING
43628,1285,14,NO TRIAL,0.13189910,0.00042673,0.00323529,0.00543724,0.00575980,0.00723191,0.00725285,0.00591491,0.01051048,0.02524645,0.01694858,RELIABLE,RELIABLE,RELIABLE,RELIABLE,RELIABLE,RELIABLE,RELIABLE,RELIABLE,STATIONARY,STATIONARY,MOVING,STATIONARY,STATIONARY,MOVING,MOVING,MOVING,MOVING
43661,1286,14,NO TRIAL,0.13217630,0.00049840,0.00377073,0.00518719,0.00597212,0.00702391,0.00712812,0.00573972,0.01106352,0.02548253,0.01650193,RELIABLE,RELIABLE,RELIABLE,RELIABLE,RELIABLE,RELIABLE,RELIABLE,RELIABLE,STATIONARY,STATIONARY,MOVING,STATIONARY,STATIONARY,MOVING,MOVING,MOVING,MOVING
43693,1287,14,NO TRIAL,0.13231558,0.00024920,0.00188338,0.00513348,0.00627185,0.00716229,0.00637749,0.00542291,0.01118885,0.02088866,0.01578568,RELIABLE,RELIABLE,RELIABLE,RELIABLE,RELIABLE,RELIABLE,RELIABLE,RELIABLE,STATIONARY,STATIONARY,MOVING,STATIONARY,STATIONARY,MOVING,MOVING,MOVING,MOVING
43725,1288,14,NO TRIAL,0.13290941,0.00067645,0.00508955,0.00467078,0.00598385,0.00666345,0.00600264,0.00540637,0.00974760,0.01944369,0.01336947,RELIABLE,RELIABLE,RELIABLE,RELIABLE,RELIABLE,RELIABLE,RELIABLE,RELIABLE,STATIONARY,STATIONARY,MOVING,STATIONARY,STATIONARY,MOVING,MOVING,MOVING,MOVING
43756,1289,14,NO TRIAL,0.13217434,0.00052757,0.00399149,0.00462179,0.00615148,0.00643468,0.00640510,0.00592094,0.00958205,0.01911495,0.01343524,RELIABLE,RELIABLE,RELIABLE,RELIABLE,RELIABLE,RELIABLE,RELIABLE,RELIABLE,STATIONARY,STATIONARY,MOVING,STATIONARY,STATIONARY,MOVING,MOVING,MOVING,MOVING
43788,1290,14,NO TRIAL,0.13032673,0.00063461,0.00486935,0.00464524,0.00597475,0.00602411,0.00623477,0.00658259,0.00986410,0.02069239,0.01202818,RELIABLE,RELIABLE,RELIABLE,RELIABLE,RELIABLE,RELIABLE,RELIABLE,RELIABLE,STATIONARY,STATIONARY,MOVING,STATIONARY,STATIONARY,MOVING,MOVING,MOVING,MOVING
43819,1291,14,NO TRIAL,0.12940372,0.00031730,0.00245204,0.00434164,0.00593907,0.00550849,0.00544926,0.00644255,0.01013612,0.01981787,0.01220188,RELIABLE,RELIABLE,RELIABLE,RELIABLE,RELIABLE,RELIABLE,RELIABLE,RELIABLE,STATIONARY,STATIONARY,MOVING,STATIONARY,STATIONARY,MOVING,MOVING,MOVING,MOVING
43850,1292,14,NO TRIAL,0.13005196,0.00069877,0.00537300,0.00383310,0.00493072,0.00495257,0.00558641,0.00638855,0.00988416,0.01855816,0.01167718,RELIABLE,RELIABLE,RELIABLE,RELIABLE,RELIABLE,RELIABLE,RELIABLE,RELIABLE,STATIONARY,STATIONARY,MOVING,STATIONARY,STATIONARY,MOVING,MOVING,MOVING,MOVING
43883,1293,14,NO TRIAL,0.12971456,0.00050148,0.00386605,0.00391195,0.00540327,0.00505562,0.00666926,0.00618692,0.00918466,0.01973521,0.01082847,RELIABLE,RELIABLE,RELIABLE,RELIABLE,RELIABLE,RELIABLE,RELIABLE,RELIABLE,STATIONARY,STATIONARY,MOVING,STATIONARY,STATIONARY,MOVING,MOVING,MOVING,MOVING
43917,1294,14,NO TRIAL,0.12975519,0.00095235,0.00733955,0.00435805,0.00594314,0.00564771,0.00671581,0.00631604,0.00897125,0.02201810,0.01050381,RELIABLE,RELIABLE,RELIABLE,RELIABLE,RELIABLE,RELIABLE,RELIABLE,RELIABLE,STATIONARY,STATIONARY,MOVING,STATIONARY,STATIONARY,MOVING,MOVING,MOVING,MOVING
43946,1295,14,NO TRIAL,0.12977943,0.00047617,0.00366909,0.00458127,0.00621337,0.00594403,0.00673949,0.00638095,0.00886521,0.02316017,0.01034224,RELIABLE,RELIABLE,RELIABLE,RELIABLE,RELIABLE,RELIABLE,RELIABLE,RELIABLE,STATIONARY,STATIONARY,MOVING,STATIONARY,STATIONARY,MOVING,MOVING,MOVING,MOVING
43978,1296,14,NO TRIAL,0.13120563,0.00079991,0.00609658,0.00470714,0.00506223,0.00553621,0.00661831,0.00706552,0.00947792,0.02380490,0.01102666,RELIABLE,RELIABLE,RELIABLE,RELIABLE,RELIABLE,RELIABLE,RELIABLE,RELIABLE,STATIONARY,STATIONARY,MOVING,STATIONARY,STATIONARY,MOVING,MOVING,MOVING,MOVING
44009,1297,14,NO TRIAL,0.13053312,0.00053079,0.00406634,0.00471650,0.00460872,0.00533998,0.00652110,0.00664176,0.00913146,0.02437753,0.01072499,RELIABLE,RELIABLE,RELIABLE,RELIABLE,RELIABLE,RELIABLE,RELIABLE,RELIABLE,STATIONARY,STATIONARY,MOVING,STATIONARY,STATIONARY,MOVING,MOVING,MOVING,MOVING
44041,1298,14,NO TRIAL,0.13154177,0.00117131,0.00890445,0.00522089,0.00598523,0.00697173,0.00657600,0.00644961,0.00943404,0.02225130,0.01194654,RELIABLE,RELIABLE,RELIABLE,RELIABLE,RELIABLE,RELIABLE,RELIABLE,RELIABLE,STATIONARY,STATIONARY,MOVING,STATIONARY,STATIONARY,MOVING,MOVING,MOVING,MOVING
44076,1299,14,NO TRIAL,0.13005550,0.00123291,0.00947991,0.00609937,0.00781032,0.00869775,0.00757426,0.00648275,0.01136504,0.02323532,0.01497651,RELIABLE,RELIABLE,RELIABLE,RELIABLE,RELIABLE,RELIABLE,RELIABLE,RELIABLE,STATIONARY,STATIONARY,MOVING,STATIONARY,STATIONARY,MOVING,MOVING,MOVING,MOVING
44124,1300,14,NO TRIAL,0.13016917,0.00070827,0.00544116,0.00610789,0.00809401,0.00844682,0.00752124,0.00647559,0.01117019,0.02468601,0.01511225,RELIABLE,RELIABLE,RELIABLE,RELIABLE,RELIABLE,RELIABLE,RELIABLE,RELIABLE,STATIONARY,STATIONARY,MOVING,STATIONARY,STATIONARY,MOVING,MOVING,MOVING,MOVING
44166,1301,14,NO TRIAL,0.13022609,0.00035414,0.00271939,0.00596456,0.00787923,0.00843189,0.00662754,0.00612503,0.01069679,0.02241299,0.01463977,RELIABLE,RELIABLE,RELIABLE,RELIABLE,RELIABLE,RELIABLE,RELIABLE,RELIABLE,STATIONARY,STATIONARY,MOVING,STATIONARY,STATIONARY,MOVING,MOVING,MOVING,MOVING
44197,1302,14,NO TRIAL,0.13089635,0.00056978,0.00435290,0.00559123,0.00686696,0.00770051,0.00654499,0.00715560,0.01183346,0.02298133,0.01631959,RELIABLE,RELIABLE,RELIABLE,RELIABLE,RELIABLE,RELIABLE,RELIABLE,RELIABLE,STATIONARY,STATIONARY,MOVING,STATIONARY,STATIONARY,MOVING,MOVING,MOVING,MOVING
44229,1303,14,NO TRIAL,0.13180248,0.00104404,0.00792127,0.00612275,0.00796262,0.00830152,0.00713921,0.00784622,0.01329194,0.02377657,0.01766661,RELIABLE,RELIABLE,RELIABLE,RELIABLE,RELIABLE,RELIABLE,RELIABLE,RELIABLE,STATIONARY,STATIONARY,MOVING,STATIONARY,STATIONARY,MOVING,MOVING,MOVING,MOVING
44261,1304,14,NO TRIAL,0.13125273,0.00060986,0.00464649,0.00594149,0.00815650,0.00798740,0.00832718,0.00752377,0.01334505,0.02142573,0.01926721,RELIABLE,RELIABLE,RELIABLE,RELIABLE,RELIABLE,RELIABLE,RELIABLE,RELIABLE,STATIONARY,STATIONARY,MOVING,STATIONARY,STATIONARY,MOVING,MOVING,MOVING,MOVING
44292,1305,14,NO TRIAL,0.13172629,0.00045027,0.00341820,0.00586047,0.00825083,0.00772078,0.00824562,0.00919106,0.01402820,0.02096751,0.01953680,RELIABLE,RELIABLE,RELIABLE,RELIABLE,RELIABLE,RELIABLE,RELIABLE,RELIABLE,STATIONARY,STATIONARY,MOVING,STATIONARY,STATIONARY,MOVING,MOVING,MOVING,MOVING
44324,1306,14,NO TRIAL,0.13196349,0.00022513,0.00170603,0.00496067,0.00682171,0.00584667,0.00771950,0.00910354,0.01192912,0.01966567,0.01690642,RELIABLE,RELIABLE,RELIABLE,RELIABLE,RELIABLE,RELIABLE,RELIABLE,RELIABLE,STATIONARY,STATIONARY,MOVING,STATIONARY,STATIONARY,MOVING,MOVING,MOVING,MOVING
44356,1307,14,NO TRIAL,0.13087491,0.00079943,0.00610834,0.00453922,0.00625612,0.00505235,0.00700205,0.00951455,0.01103292,0.02003970,0.01525482,RELIABLE,RELIABLE,RELIABLE,RELIABLE,RELIABLE,RELIABLE,RELIABLE,RELIABLE,STATIONARY,STATIONARY,MOVING,STATIONARY,STATIONARY,MOVING,MOVING,MOVING,MOVING
44388,1308,14,NO TRIAL,0.13153492,0.00036622,0.00278420,0.00420710,0.00588189,0.00489158,0.00659339,0.00939373,0.01095502,0.01953023,0.01523953,RELIABLE,RELIABLE,RELIABLE,RELIABLE,RELIABLE,RELIABLE,RELIABLE,RELIABLE,STATIONARY,STATIONARY,MOVING,STATIONARY,STATIONARY,MOVING,MOVING,MOVING,MOVING
44420,1309,14,NO TRIAL,0.13056783,0.00032741,0.00250757,0.00418063,0.00584961,0.00491298,0.00824360,0.01087737,0.01246889,0.02119559,0.01625743,RELIABLE,RELIABLE,RELIABLE,RELIABLE,RELIABLE,RELIABLE,RELIABLE,RELIABLE,STATIONARY,STATIONARY,MOVING,STATIONARY,STATIONARY,MOVING,MOVING,MOVING,MOVING
44451,1310,14,NO TRIAL,0.13130859,0.00096124,0.00732044,0.00455157,0.00646344,0.00531962,0.00870339,0.01032890,0.01181214,0.01837626,0.01584575,RELIABLE,RELIABLE,RELIABLE,RELIABLE,RELIABLE,RELIABLE,RELIABLE,RELIABLE,STATIONARY,STATIONARY,MOVING,STATIONARY,STATIONARY,MOVING,MOVING,MOVING,MOVING
44492,1311,14,NO TRIAL,0.13067467,0.00108086,0.00827136,0.00459533,0.00670026,0.00555326,0.00812027,0.00977606,0.01137033,0.01764539,0.01534464,RELIABLE,RELIABLE,RELIABLE,RELIABLE,RELIABLE,RELIABLE,RELIABLE,RELIABLE,STATIONARY,STATIONARY,MOVING,STATIONARY,STATIONARY,MOVING,MOVING,MOVING,MOVING
44531,1312,14,NO TRIAL,0.13035822,0.00054043,0.00414572,0.00453273,0.00734622,0.00573427,0.00658588,0.00908182,0.01077510,0.01763342,0.01302582,RELIABLE,RELIABLE,RELIABLE,RELIABLE,RELIABLE,RELIABLE,RELIABLE,RELIABLE,STATIONARY,STATIONARY,MOVING,STATIONARY,STATIONARY,MOVING,MOVING,MOVING,MOVING
44563,1313,14,NO TRIAL,0.13028835,0.00109228,0.00838353,0.00515340,0.00852535,0.00679735,0.00687340,0.00869404,0.01041101,0.01859745,0.01507123,RELIABLE,RELIABLE,RELIABLE,RELIABLE,RELIABLE,RELIABLE,RELIABLE,RELIABLE,STATIONARY,STATIONARY,MOVING,STATIONARY,STATIONARY,MOVING,MOVING,MOVING,MOVING
44594,1314,14,NO TRIAL,0.12959604,0.00066756,0.00515105,0.00558403,0.00918899,0.00771411,0.00730519,0.00878388,0.01042792,0.02062405,0.01578811,RELIABLE,RELIABLE,RELIABLE,RELIABLE,RELIABLE,RELIABLE,RELIABLE,RELIABLE,STATIONARY,STATIONARY,MOVING,STATIONARY,STATIONARY,MOVING,MOVING,MOVING,MOVING
44626,1315,14,NO TRIAL,0.12964292,0.00113682,0.00876885,0.00591659,0.00937005,0.00833867,0.00796891,0.00819852,0.00878906,0.01860992,0.01491339,RELIABLE,RELIABLE,RELIABLE,RELIABLE,RELIABLE,RELIABLE,RELIABLE,RELIABLE,STATIONARY,STATIONARY,MOVING,STATIONARY,STATIONARY,MOVING,MOVING,MOVING,MOVING
44657,1316,14,NO TRIAL,0.12966721,0.00056841,0.00438360,0.00611652,0.00959976,0.00860092,0.00816267,0.00785673,0.00856115,0.01668212,0.01432787,RELIABLE,RELIABLE,RELIABLE,RELIABLE,RELIABLE,RELIABLE,RELIABLE,RELIABLE,STATIONARY,STATIONARY,MOVING,STATIONARY,STATIONARY,MOVING,MOVING,MOVING,MOVING
44689,1317,14,NO TRIAL,0.13045410,0.00066045,0.00506267,0.00643590,0.00973297,0.00855085,0.00689816,0.00652763,0.00843191,0.01664550,0.01475930,RELIABLE,RELIABLE,RELIABLE,RELIABLE,RELIABLE,RELIABLE,RELIABLE,RELIABLE,STATIONARY,STATIONARY,MOVING,STATIONARY,STATIONARY,MOVING,MOVING,MOVING,MOVING
44721,1318,14,NO TRIAL,0.13164303,0.00040676,0.00308989,0.00590708,0.00909436,0.00765682,0.00644817,0.00561328,0.00744132,0.01725238,0.01353371,RELIABLE,RELIABLE,RELIABLE,RELIABLE,RELIABLE,RELIABLE,RELIABLE,RELIABLE,STATIONARY,STATIONARY,MOVING,STATIONARY,STATIONARY,MOVING,MOVING,MOVING,MOVING
44752,1319,14,NO TRIAL,0.13150523,0.00078111,0.00593976,0.00561563,0.00807119,0.00714503,0.00760343,0.00580911,0.00629304,0.01817248,0.01280532,RELIABLE,RELIABLE,RELIABLE,RELIABLE,RELIABLE,RELIABLE,RELIABLE,RELIABLE,STATIONARY,STATIONARY,MOVING,STATIONARY,STATIONARY,MOVING,MOVING,MOVING,MOVING
44784,1320,14,NO TRIAL,0.13051286,0.00039770,0.00304722,0.00547832,0.00747145,0.00658498,0.00773942,0.00681547,0.00628566,0.02049529,0.01305273,RELIABLE,RELIABLE,RELIABLE,RELIABLE,RELIABLE,RELIABLE,RELIABLE,RELIABLE,STATIONARY,STATIONARY,MOVING,STATIONARY,STATIONARY,MOVING,MOVING,MOVING,MOVING
44816,1321,14,NO TRIAL,0.13001974,0.00019885,0.00152939,0.00462155,0.00588735,0.00541652,0.00687725,0.00577743,0.00579420,0.01933783,0.00987874,RELIABLE,RELIABLE,RELIABLE,RELIABLE,RELIABLE,RELIABLE,RELIABLE,RELIABLE,STATIONARY,STATIONARY,MOVING,STATIONARY,STATIONARY,MOVING,MOVING,MOVING,MOVING
44848,1322,14,NO TRIAL,0.13053202,0.00033106,0.00253622,0.00429470,0.00536636,0.00447560,0.00690630,0.00531068,0.00572500,0.01798493,0.00905898,RELIABLE,RELIABLE,RELIABLE,RELIABLE,RELIABLE,RELIABLE,RELIABLE,RELIABLE,STATIONARY,STATIONARY,MOVING,STATIONARY,STATIONARY,MOVING,MOVING,MOVING,MOVING
44879,1323,14,NO TRIAL,0.13054114,0.00108932,0.00834467,0.00424168,0.00560566,0.00481536,0.00591334,0.00640720,0.00615346,0.01971213,0.00969828,RELIABLE,RELIABLE,RELIABLE,RELIABLE,RELIABLE,RELIABLE,RELIABLE,RELIABLE,STATIONARY,STATIONARY,MOVING,STATIONARY,STATIONARY,MOVING,MOVING,MOVING,MOVING
44910,1324,14,NO TRIAL,0.12985504,0.00079539,0.00612519,0.00445938,0.00636488,0.00538662,0.00573393,0.00687045,0.00647095,0.02024096,0.01013635,RELIABLE,RELIABLE,RELIABLE,RELIABLE,RELIABLE,RELIABLE,RELIABLE,RELIABLE,STATIONARY,STATIONARY,MOVING,STATIONARY,STATIONARY,MOVING,MOVING,MOVING,MOVING
44956,1325,14,NO TRIAL,0.13080121,0.00107907,0.00824967,0.00485775,0.00687957,0.00618263,0.00622826,0.00718344,0.00578270,0.01882122,0.00895631,RELIABLE,RELIABLE,RELIABLE,RELIABLE,RELIABLE,RELIABLE,RELIABLE,RELIABLE,STATIONARY,STATIONARY,MOVING,STATIONARY,STATIONARY,MOVING,MOVING,MOVING,MOVING
44989,1326,14,NO TRIAL,0.13006869,0.00098585,0.00757945,0.00541895,0.00775328,0.00660159,0.00622508,0.00780500,0.00711507,0.01886834,0.01070197,RELIABLE,RELIABLE,RELIABLE,RELIABLE,RELIABLE,RELIABLE,RELIABLE,RELIABLE,STATIONARY,STATIONARY,MOVING,STATIONARY,STATIONARY,MOVING,MOVING,MOVING,MOVING
45019,1327,14,NO TRIAL,0.12970327,0.00049292,0.00380040,0.00515153,0.00736410,0.00587974,0.00502213,0.00756776,0.00766061,0.01708947,0.01148315,RELIABLE,RELIABLE,RELIABLE,RELIABLE,RELIABLE,RELIABLE,RELIABLE,RELIABLE,STATIONARY,STATIONARY,MOVING,STATIONARY,STATIONARY,MOVING,MOVING,MOVING,MOVING
45050,1328,14,NO TRIAL,0.13003611,0.00089062,0.00684905,0.00562676,0.00845709,0.00652598,0.00554892,0.00760462,0.00909729,0.01773461,0.01255696,RELIABLE,RELIABLE,RELIABLE,RELIABLE,RELIABLE,RELIABLE,RELIABLE,RELIABLE,STATIONARY,STATIONARY,MOVING,STATIONARY,STATIONARY,MOVING,MOVING,MOVING,MOVING
45081,1329,14,NO TRIAL,0.12953443,0.00095726,0.00739000,0.00635933,0.00925765,0.00767253,0.00626181,0.00861341,0.00990249,0.01749896,0.01346903,RELIABLE,RELIABLE,RELIABLE,RELIABLE,RELIABLE,RELIABLE,RELIABLE,RELIABLE,STATIONARY,STATIONARY,MOVING,STATIONARY,STATIONARY,MOVING,MOVING,MOVING,MOVING
45116,1330,14,NO TRIAL,0.12984246,0.00065998,0.00508291,0.00667767,0.00933113,0.00850574,0.00621033,0.00863682,0.01047917,0.01749705,0.01434901,RELIABLE,RELIABLE,RELIABLE,RELIABLE,RELIABLE,RELIABLE,RELIABLE,RELIABLE,STATIONARY,STATIONARY,MOVING,STATIONARY,STATIONARY,MOVING,MOVING,MOVING,MOVING
45144,1331,14,NO TRIAL,0.12999652,0.00032999,0.00253844,0.00595189,0.00773144,0.00689130,0.00622432,0.00735978,0.01000936,0.01503120,0.01288131,RELIABLE,RELIABLE,RELIABLE,RELIABLE,RELIABLE,RELIABLE,RELIABLE,RELIABLE,STATIONARY,STATIONARY,MOVING,STATIONARY,STATIONARY,MOVING,MOVING,MOVING,MOVING
45176,1332,14,NO TRIAL,0.12987369,0.00079906,0.00615258,0.00595531,0.00740634,0.00636653,0.00690752,0.00733612,0.01034135,0.01601869,0.01270578,RELIABLE,RELIABLE,RELIABLE,RELIABLE,RELIABLE,RELIABLE,RELIABLE,RELIABLE,STATIONARY,STATIONARY,MOVING,STATIONARY,STATIONARY,MOVING,MOVING,MOVING,MOVING
45208,1333,14,NO TRIAL,0.12963932,0.00033354,0.00257283,0.00524571,0.00664560,0.00543392,0.00669435,0.00749665,0.01022034,0.01724771,0.01416444,RELIABLE,RELIABLE,RELIABLE,RELIABLE,RELIABLE,RELIABLE,RELIABLE,RELIABLE,STATIONARY,STATIONARY,MOVING,STATIONARY,STATIONARY,MOVING,MOVING,MOVING,MOVING
45244,1334,14,NO TRIAL,0.13002443,0.00087892,0.00675967,0.00514324,0.00663562,0.00552713,0.00694275,0.00679249,0.00890058,0.01718518,0.01149897,RELIABLE,RELIABLE,RELIABLE,RELIABLE,RELIABLE,RELIABLE,RELIABLE,RELIABLE,STATIONARY,STATIONARY,MOVING,STATIONARY,STATIONARY,MOVING,MOVING,MOVING,MOVING
45276,1335,14,NO TRIAL,0.13039169,0.00077798,0.00596652,0.00541400,0.00637948,0.00584791,0.00722672,0.00725112,0.00903543,0.02001377,0.01194352,RELIABLE,RELIABLE,RELIABLE,RELIABLE,RELIABLE,RELIABLE,RELIABLE,RELIABLE,STATIONARY,STATIONARY,MOVING,STATIONARY,STATIONARY,MOVING,MOVING,MOVING,MOVING
45324,1336,14,NO TRIAL,0.12871700,0.00073331,0.00569707,0.00527000,0.00543923,0.00588788,0.00801951,0.00727101,0.00917813,0.01946014,0.01343298,RELIABLE,RELIABLE,RELIABLE,RELIABLE,RELIABLE,RELIABLE,RELIABLE,RELIABLE,STATIONARY,STATIONARY,MOVING,STATIONARY,STATIONARY,MOVING,MOVING,MOVING,MOVING
45364,1337,14,NO TRIAL,0.12788224,0.00036665,0.00286713,0.00470464,0.00471610,0.00508695,0.00797125,0.00629258,0.00916889,0.01974650,0.01381230,RELIABLE,RELIABLE,RELIABLE,RELIABLE,RELIABLE,RELIABLE,RELIABLE,RELIABLE,STATIONARY,STATIONARY,MOVING,STATIONARY,STATIONARY,MOVING,MOVING,MOVING,MOVING
45396,1338,14,NO TRIAL,0.12934593,0.00095069,0.00735001,0.00498803,0.00533007,0.00532515,0.00876085,0.00837573,0.01020331,0.01981816,0.01453588,RELIABLE,RELIABLE,RELIABLE,RELIABLE,RELIABLE,RELIABLE,RELIABLE,RELIABLE,STATIONARY,STATIONARY,MOVING,STATIONARY,STATIONARY,MOVING,MOVING,MOVING,MOVING
45427,1339,14,NO TRIAL,0.13014207,0.00093210,0.00716218,0.00556600,0.00514217,0.00531460,0.00926454,0.00926039,0.01077255,0.02141274,0.01452807,RELIABLE,RELIABLE,RELIABLE,RELIABLE,RELIABLE,RELIABLE,RELIABLE,RELIABLE,STATIONARY,STATIONARY,MOVING,STATIONARY,STATIONARY,MOVING,MOVING,MOVING,MOVING
45459,1340,14,NO TRIAL,0.13041392,0.00074506,0.00571303,0.00551105,0.00485142,0.00556137,0.00883432,0.00915847,0.01082008,0.02112178,0.01461095,RELIABLE,RELIABLE,RELIABLE,RELIABLE,RELIABLE,RELIABLE,RELIABLE,RELIABLE,STATIONARY,STATIONARY,STATIONARY,STATIONARY,STATIONARY,MOVING,MOVING,MOVING,MOVING
45491,1341,14,NO TRIAL,0.13055193,0.00037253,0.00285350,0.00554614,0.00499569,0.00592355,0.00809659,0.00846779,0.01043990,0.01907744,0.01275501,RELIABLE,RELIABLE,RELIABLE,RELIABLE,RELIABLE,RELIABLE,RELIABLE,RELIABLE,STATIONARY,STATIONARY,STATIONARY,STATIONARY,STATIONARY,MOVING,MOVING,MOVING,MOVING
45524,1342,14,NO TRIAL,0.13118421,0.00141883,0.01081556,0.00605312,0.00565392,0.00682477,0.00814841,0.00910994,0.01154823,0.02093936,0.01399431,RELIABLE,RELIABLE,RELIABLE,RELIABLE,RELIABLE,RELIABLE,RELIABLE,RELIABLE,STATIONARY,STATIONARY,STATIONARY,STATIONARY,STATIONARY,MOVING,MOVING,MOVING,MOVING
45555,1343,14,NO TRIAL,0.13081640,0.00047715,0.00364745,0.00576324,0.00577642,0.00641593,0.00860552,0.00875198,0.01121521,0.01911577,0.01330994,RELIABLE,RELIABLE,RELIABLE,RELIABLE,RELIABLE,RELIABLE,RELIABLE,RELIABLE,STATIONARY,STATIONARY,STATIONARY,STATIONARY,STATIONARY,MOVING,MOVING,MOVING,MOVING
45587,1344,14,NO TRIAL,0.13163323,0.00098144,0.00745587,0.00598309,0.00651822,0.00700894,0.00769848,0.00784033,0.00941515,0.01993310,0.01098076,RELIABLE,RELIABLE,RELIABLE,RELIABLE,RELIABLE,RELIABLE,RELIABLE,RELIABLE,STATIONARY,STATIONARY,STATIONARY,STATIONARY,STATIONARY,MOVING,MOVING,MOVING,MOVING
45618,1345,14,NO TRIAL,0.13052727,0.00084425,0.00646801,0.00643320,0.00740737,0.00788871,0.00793273,0.00804849,0.00975310,0.02096611,0.01183289,RELIABLE,RELIABLE,RELIABLE,RELIABLE,RELIABLE,RELIABLE,RELIABLE,RELIABLE,STATIONARY,STATIONARY,STATIONARY,STATIONARY,STATIONARY,MOVING,MOVING,MOVING,MOVING
45660,1346,14,NO TRIAL,0.13082395,0.00096820,0.00740080,0.00643955,0.00789544,0.00819422,0.00759053,0.00594327,0.00806146,0.02209002,0.01098448,RELIABLE,RELIABLE,RELIABLE,RELIABLE,RELIABLE,RELIABLE,RELIABLE,RELIABLE,STATIONARY,STATIONARY,STATIONARY,STATIONARY,STATIONARY,MOVING,MOVING,MOVING,MOVING
45695,1347,14,NO TRIAL,0.13097525,0.00048410,0.00369613,0.00600629,0.00863373,0.00847633,0.00731029,0.00504760,0.00716399,0.02109255,0.01092997,RELIABLE,RELIABLE,RELIABLE,RELIABLE,RELIABLE,RELIABLE,RELIABLE,RELIABLE,STATIONARY,STATIONARY,STATIONARY,STATIONARY,STATIONARY,MOVING,MOVING,MOVING,MOVING
45727,1348,14,NO TRIAL,0.13037820,0.00079005,0.00605969,0.00604963,0.00823220,0.00825483,0.00764393,0.00593302,0.00698270,0.02081198,0.01121320,RELIABLE,RELIABLE,RELIABLE,RELIABLE,RELIABLE,RELIABLE,RELIABLE,RELIABLE,STATIONARY,STATIONARY,STATIONARY,STATIONARY,STATIONARY,MOVING,MOVING,MOVING,MOVING
45759,1349,14,NO TRIAL,0.13056626,0.00056071,0.00429442,0.00622974,0.00834296,0.00793521,0.00821999,0.00697199,0.00760099,0.02458890,0.01189275,RELIABLE,RELIABLE,RELIABLE,RELIABLE,RELIABLE,RELIABLE,RELIABLE,RELIABLE,STATIONARY,STATIONARY,STATIONARY,STATIONARY,STATIONARY,MOVING,MOVING,MOVING,MOVING
45791,1350,14,NO TRIAL,0.13076727,0.00069369,0.00530476,0.00554089,0.00735653,0.00717009,0.00792130,0.00750370,0.00754140,0.02382156,0.01201304,RELIABLE,RELIABLE,RELIABLE,RELIABLE,RELIABLE,RELIABLE,RELIABLE,RELIABLE,STATIONARY,STATIONARY,STATIONARY,STATIONARY,STATIONARY,MOVING,MOVING,MOVING,MOVING
45822,1351,14,NO TRIAL,0.13121262,0.00036540,0.00278482,0.00543306,0.00720768,0.00728845,0.00743503,0.00769746,0.00810964,0.02371740,0.01269022,RELIABLE,RELIABLE,RELIABLE,RELIABLE,RELIABLE,RELIABLE,RELIABLE,RELIABLE,STATIONARY,STATIONARY,STATIONARY,STATIONARY,STATIONARY,MOVING,MOVING,MOVING,MOVING
45854,1352,14,NO TRIAL,0.13143706,0.00018270,0.00139003,0.00467483,0.00606275,0.00596551,0.00698883,0.00767101,0.00821815,0.02050225,0.01245020,RELIABLE,RELIABLE,RELIABLE,RELIABLE,RELIABLE,RELIABLE,RELIABLE,RELIABLE,STATIONARY,STATIONARY,STATIONARY,STATIONARY,STATIONARY,MOVING,MOVING,MOVING,MOVING
45885,1353,14,NO TRIAL,0.13127857,0.00041579,0.00316726,0.00426224,0.00510015,0.00479028,0.00656205,0.00771889,0.00782232,0.02124252,0.01169134,RELIABLE,RELIABLE,RELIABLE,RELIABLE,RELIABLE,RELIABLE,RELIABLE,RELIABLE,STATIONARY,STATIONARY,STATIONARY,STATIONARY,STATIONARY,MOVING,MOVING,MOVING,MOVING
45916,1354,14,NO TRIAL,0.13050780,0.00074423,0.00570254,0.00404996,0.00495288,0.00509286,0.00672226,0.00906804,0.00918842,0.02046438,0.01464369,RELIABLE,RELIABLE,RELIABLE,RELIABLE,RELIABLE,RELIABLE,RELIABLE,RELIABLE,STATIONARY,STATIONARY,STATIONARY,STATIONARY,STATIONARY,MOVING,MOVING,MOVING,MOVING
45948,1355,14,NO TRIAL,0.13071868,0.00064525,0.00493621,0.00420497,0.00467308,0.00484707,0.00711787,0.00999841,0.00977713,0.02071398,0.01464801,RELIABLE,RELIABLE,RELIABLE,RELIABLE,RELIABLE,RELIABLE,RELIABLE,RELIABLE,STATIONARY,STATIONARY,STATIONARY,STATIONARY,STATIONARY,MOVING,MOVING,MOVING,MOVING
45980,1356,14,NO TRIAL,0.13082471,0.00032263,0.00246610,0.00375577,0.00438628,0.00415084,0.00653042,0.00914427,0.00937070,0.01982269,0.01357600,RELIABLE,RELIABLE,RELIABLE,RELIABLE,RELIABLE,RELIABLE,RELIABLE,RELIABLE,STATIONARY,STATIONARY,STATIONARY,STATIONARY,STATIONARY,MOVING,MOVING,MOVING,MOVING
46012,1357,14,NO TRIAL,0.13074526,0.00087262,0.00667421,0.00405324,0.00436663,0.00470644,0.00602395,0.00855374,0.00865419,0.01619424,0.01331300,RELIABLE,RELIABLE,RELIABLE,RELIABLE,RELIABLE,RELIABLE,RELIABLE,RELIABLE,STATIONARY,STATIONARY,STATIONARY,STATIONARY,STATIONARY,MOVING,MOVING,MOVING,MOVING
46044,1358,14,NO TRIAL,0.13037199,0.00086965,0.00667051,0.00422396,0.00479082,0.00500418,0.00672476,0.00866276,0.00865331,0.01482418,0.01321288,RELIABLE,RELIABLE,RELIABLE,RELIABLE,RELIABLE,RELIABLE,RELIABLE,RELIABLE,STATIONARY,STATIONARY,STATIONARY,STATIONARY,STATIONARY,MOVING,MOVING,MOVING,MOVING
46076,1359,14,NO TRIAL,0.13088006,0.00094710,0.00723641,0.00478041,0.00582002,0.00622202,0.00736386,0.00945420,0.00868721,0.01470908,0.01281622,RELIABLE,RELIABLE,RELIABLE,RELIABLE,RELIABLE,RELIABLE,RELIABLE,RELIABLE,STATIONARY,STATIONARY,STATIONARY,STATIONARY,STATIONARY,MOVING,MOVING,MOVING,MOVING
46108,1360,14,NO TRIAL,0.13179872,0.00135496,0.01028053,0.00589172,0.00638606,0.00762208,0.00768538,0.00997224,0.00897962,0.01631388,0.01354136,RELIABLE,RELIABLE,RELIABLE,RELIABLE,RELIABLE,RELIABLE,RELIABLE,RELIABLE,STATIONARY,STATIONARY,STATIONARY,STATIONARY,STATIONARY,MOVING,MOVING,MOVING,MOVING
46156,1361,14,NO TRIAL,0.13149351,0.00074539,0.00566867,0.00620440,0.00667065,0.00813348,0.00841077,0.00977447,0.00884918,0.01534122,0.01346681,RELIABLE,RELIABLE,RELIABLE,RELIABLE,RELIABLE,RELIABLE,RELIABLE,RELIABLE,STATIONARY,STATIONARY,STATIONARY,STATIONARY,STATIONARY,MOVING,MOVING,MOVING,MOVING
46186,1362,14,NO TRIAL,0.13134431,0.00037270,0.00283755,0.00584627,0.00544237,0.00670679,0.00770670,0.00813459,0.00749371,0.01458414,0.00995545,RELIABLE,RELIABLE,RELIABLE,RELIABLE,RELIABLE,RELIABLE,RELIABLE,RELIABLE,STATIONARY,STATIONARY,STATIONARY,STATIONARY,STATIONARY,MOVING,MOVING,MOVING,MOVING
46218,1363,14,NO TRIAL,0.13103537,0.00059576,0.00454660,0.00579757,0.00575323,0.00704656,0.00745372,0.00800020,0.00833632,0.01576065,0.01168259,RELIABLE,RELIABLE,RELIABLE,RELIABLE,RELIABLE,RELIABLE,RELIABLE,RELIABLE,STATIONARY,STATIONARY,STATIONARY,STATIONARY,STATIONARY,MOVING,MOVING,MOVING,MOVING
46250,1364,14,NO TRIAL,0.13129916,0.00047366,0.00360752,0.00594025,0.00605844,0.00714084,0.00804415,0.00844925,0.00928706,0.01767611,0.01287015,RELIABLE,RELIABLE,RELIABLE,RELIABLE,RELIABLE,RELIABLE,RELIABLE,RELIABLE,STATIONARY,STATIONARY,STATIONARY,STATIONARY,STATIONARY,MOVING,MOVING,MOVING,MOVING
46284,1365,14,NO TRIAL,0.13140111,0.00057183,0.00435177,0.00564994,0.00630950,0.00705921,0.00858675,0.00864551,0.01026246,0.02052641,0.01426340,RELIABLE,RELIABLE,RELIABLE,RELIABLE,RELIABLE,RELIABLE,RELIABLE,RELIABLE,STATIONARY,STATIONARY,STATIONARY,STATIONARY,STATIONARY,MOVING,MOVING,MOVING,MOVING
46316,1366,14,NO TRIAL,0.13174912,0.00038163,0.00289664,0.00517821,0.00534417,0.00611963,0.00751960,0.00801104,0.00948141,0.02109405,0.01393151,RELIABLE,RELIABLE,RELIABLE,RELIABLE,RELIABLE,RELIABLE,RELIABLE,RELIABLE,STATIONARY,STATIONARY,STATIONARY,STATIONARY,STATIONARY,MOVING,MOVING,MOVING,MOVING
46344,1367,14,NO TRIAL,0.13192357,0.00019082,0.00144641,0.00445446,0.00415594,0.00466432,0.00644164,0.00689494,0.00854730,0.02041753,0.01301647,RELIABLE,RELIABLE,RELIABLE,RELIABLE,RELIABLE,RELIABLE,RELIABLE,RELIABLE,STATIONARY,STATIONARY,STATIONARY,STATIONARY,STATIONARY,MOVING,MOVING,MOVING,MOVING
46376,1368,14,NO TRIAL,0.13109778,0.00112285,0.00856497,0.00424002,0.00545023,0.00555174,0.00629575,0.00670442,0.00836285,0.02108752,0.01311712,RELIABLE,RELIABLE,RELIABLE,RELIABLE,RELIABLE,RELIABLE,RELIABLE,RELIABLE,STATIONARY,STATIONARY,STATIONARY,STATIONARY,STATIONARY,MOVING,MOVING,MOVING,MOVING
46408,1369,14,NO TRIAL,0.13140404,0.00130817,0.00995531,0.00477585,0.00736418,0.00712814,0.00627050,0.00696145,0.00849134,0.02014250,0.01238030,RELIABLE,RELIABLE,RELIABLE,RELIABLE,RELIABLE,RELIABLE,RELIABLE,RELIABLE,STATIONARY,STATIONARY,STATIONARY,STATIONARY,STATIONARY,MOVING,MOVING,MOVING,MOVING
46444,1370,14,NO TRIAL,0.13093775,0.00062628,0.00478302,0.00501903,0.00797168,0.00751815,0.00638114,0.00800287,0.01020058,0.02379881,0.01602588,RELIABLE,RELIABLE,RELIABLE,RELIABLE,RELIABLE,RELIABLE,RELIABLE,RELIABLE,STATIONARY,STATIONARY,STATIONARY,STATIONARY,STATIONARY,MOVING,MOVING,MOVING,MOVING
46476,1371,14,NO TRIAL,0.13089892,0.00061902,0.00472897,0.00504183,0.00783869,0.00735949,0.00626748,0.00787352,0.00931554,0.02269950,0.01512054,RELIABLE,RELIABLE,RELIABLE,RELIABLE,RELIABLE,RELIABLE,RELIABLE,RELIABLE,STATIONARY,STATIONARY,STATIONARY,STATIONARY,STATIONARY,MOVING,MOVING,MOVING,MOVING
46524,1372,14,NO TRIAL,0.13152187,0.00079717,0.00606108,0.00534852,0.00818601,0.00785063,0.00606792,0.00797226,0.01029107,0.02306900,0.01747496,RELIABLE,RELIABLE,RELIABLE,RELIABLE,RELIABLE,RELIABLE,RELIABLE,RELIABLE,STATIONARY,STATIONARY,STATIONARY,STATIONARY,STATIONARY,MOVING,MOVING,MOVING,MOVING
46564,1373,14,NO TRIAL,0.13183352,0.00039858,0.00302338,0.00518247,0.00782537,0.00752974,0.00552359,0.00761605,0.01008092,0.02062417,0.01703775,RELIABLE,RELIABLE,RELIABLE,RELIABLE,RELIABLE,RELIABLE,RELIABLE,RELIABLE,STATIONARY,STATIONARY,STATIONARY,STATIONARY,STATIONARY,MOVING,MOVING,MOVING,MOVING
46595,1374,14,NO TRIAL,0.13205030,0.00038795,0.00293787,0.00518763,0.00762591,0.00776578,0.00569748,0.00766132,0.00945201,0.02008437,0.01651314,RELIABLE,RELIABLE,RELIABLE,RELIABLE,RELIABLE,RELIABLE,RELIABLE,RELIABLE,STATIONARY,STATIONARY,STATIONARY,STATIONARY,STATIONARY,MOVING,MOVING,MOVING,MOVING
46627,1375,14,NO TRIAL,0.13062130,0.00156275,0.01196397,0.00650232,0.01061067,0.01087436,0.00636244,0.00880565,0.00995744,0.02024161,0.01743385,RELIABLE,RELIABLE,RELIABLE,RELIABLE,RELIABLE,RELIABLE,RELIABLE,RELIABLE,STATIONARY,STATIONARY,STATIONARY,STATIONARY,STATIONARY,MOVING,MOVING,MOVING,MOVING
46658,1376,14,NO TRIAL,0.13023716,0.00079853,0.00613133,0.00619812,0.00994250,0.00977692,0.00692521,0.00870293,0.01013045,0.01966823,0.01723789,RELIABLE,RELIABLE,RELIABLE,RELIABLE,RELIABLE,RELIABLE,RELIABLE,RELIABLE,STATIONARY,STATIONARY,STATIONARY,STATIONARY,STATIONARY,MOVING,MOVING,MOVING,MOVING
46690,1377,14,NO TRIAL,0.13004704,0.00039926,0.00307015,0.00533747,0.00821111,0.00821271,0.00610541,0.00802699,0.00947786,0.01945504,0.01697584,RELIABLE,RELIABLE,RELIABLE,RELIABLE,RELIABLE,RELIABLE,RELIABLE,RELIABLE,STATIONARY,STATIONARY,STATIONARY,STATIONARY,STATIONARY,MOVING,MOVING,MOVING,MOVING
46721,1378,14,NO TRIAL,0.13087497,0.00062523,0.00477734,0.00533676,0.00840110,0.00860941,0.00608385,0.00756479,0.00841440,0.01788972,0.01342585,RELIABLE,RELIABLE,RELIABLE,RELIABLE,RELIABLE,RELIABLE,RELIABLE,RELIABLE,STATIONARY,STATIONARY,STATIONARY,STATIONARY,STATIONARY,MOVING,MOVING,MOVING,MOVING
46751,1379,14,NO TRIAL,0.13087223,0.00039306,0.00300335,0.00512106,0.00811277,0.00834100,0.00626751,0.00722545,0.00853906,0.01788354,0.01331068,RELIABLE,RELIABLE,RELIABLE,RELIABLE,RELIABLE,RELIABLE,RELIABLE,RELIABLE,STATIONARY,STATIONARY,STATIONARY,STATIONARY,STATIONARY,MOVING,MOVING,MOVING,MOVING
46782,1380,14,NO TRIAL,0.13071757,0.00048268,0.00369251,0.00482499,0.00757379,0.00821194,0.00666879,0.00726390,0.00717657,0.01740717,0.01058793,RELIABLE,RELIABLE,RELIABLE,RELIABLE,RELIABLE,RELIABLE,RELIABLE,RELIABLE,STATIONARY,STATIONARY,STATIONARY,STATIONARY,STATIONARY,MOVING,MOVING,MOVING,MOVING
46814,1381,14,NO TRIAL,0.13091391,0.00044389,0.00339068,0.00487090,0.00788362,0.00892208,0.00676584,0.00761260,0.00754443,0.01852401,0.01008341,RELIABLE,RELIABLE,RELIABLE,RELIABLE,RELIABLE,RELIABLE,RELIABLE,RELIABLE,STATIONARY,STATIONARY,STATIONARY,STATIONARY,STATIONARY,MOVING,MOVING,MOVING,MOVING
46861,1382,14,NO TRIAL,0.13057336,0.00031200,0.00238946,0.00480235,0.00819664,0.00890642,0.00638932,0.00687190,0.00751065,0.01800734,0.01002039,RELIABLE,RELIABLE,RELIABLE,RELIABLE,RELIABLE,RELIABLE,RELIABLE,RELIABLE,STATIONARY,STATIONARY,STATIONARY,STATIONARY,STATIONARY,MOVING,MOVING,MOVING,MOVING
46894,1383,14,NO TRIAL,0.13040312,0.00015600,0.00119629,0.00345639,0.00526914,0.00590836,0.00562362,0.00538086,0.00667482,0.01732492,0.00880735,RELIABLE,RELIABLE,RELIABLE,RELIABLE,RELIABLE,RELIABLE,RELIABLE,RELIABLE,STATIONARY,STATIONARY,STATIONARY,STATIONARY,STATIONARY,MOVING,MOVING,MOVING,MOVING
46925,1384,14,NO TRIAL,0.12934104,0.00088228,0.00682131,0.00354264,0.00534970,0.00631936,0.00563795,0.00563920,0.00693317,0.01677133,0.00862646,RELIABLE,RELIABLE,RELIABLE,RELIABLE,RELIABLE,RELIABLE,RELIABLE,RELIABLE,STATIONARY,STATIONARY,STATIONARY,STATIONARY,STATIONARY,MOVING,MOVING,MOVING,MOVING
46956,1385,14,NO TRIAL,0.13000172,0.00117445,0.00903413,0.00428813,0.00573724,0.00705888,0.00592011,0.00624040,0.00722917,0.01733376,0.00859701,RELIABLE,RELIABLE,RELIABLE,RELIABLE,RELIABLE,RELIABLE,RELIABLE,RELIABLE,STATIONARY,STATIONARY,STATIONARY,STATIONARY,STATIONARY,MOVING,MOVING,MOVING,MOVING
46988,1386,14,NO TRIAL,0.12984864,0.00086453,0.00665797,0.00452321,0.00599501,0.00710408,0.00560656,0.00621422,0.00723658,0.01858639,0.00917098,RELIABLE,RELIABLE,RELIABLE,RELIABLE,RELIABLE,RELIABLE,RELIABLE,RELIABLE,STATIONARY,STATIONARY,STATIONARY,STATIONARY,STATIONARY,MOVING,MOVING,MOVING,MOVING
47020,1387,14,NO TRIAL,0.12977248,0.00043226,0.00333094,0.00456416,0.00622643,0.00729226,0.00501065,0.00601876,0.00689817,0.01917294,0.00851664,RELIABLE,RELIABLE,RELIABLE,RELIABLE,RELIABLE,RELIABLE,RELIABLE,RELIABLE,STATIONARY,STATIONARY,STATIONARY,STATIONARY,STATIONARY,MOVING,MOVING,MOVING,MOVING
47052,1388,14,NO TRIAL,0.13058083,0.00131688,0.01008479,0.00536320,0.00790198,0.00883175,0.00477833,0.00595933,0.00892407,0.02119383,0.01119022,RELIABLE,RELIABLE,RELIABLE,RELIABLE,RELIABLE,RELIABLE,RELIABLE,RELIABLE,STATIONARY,STATIONARY,STATIONARY,STATIONARY,STATIONARY,MOVING,MOVING,MOVING,MOVING
47083,1389,14,NO TRIAL,0.13104365,0.00040920,0.00312262,0.00532969,0.00752071,0.00812375,0.00553361,0.00575101,0.00794793,0.02066707,0.01159063,RELIABLE,RELIABLE,RELIABLE,RELIABLE,RELIABLE,RELIABLE,RELIABLE,RELIABLE,STATIONARY,STATIONARY,STATIONARY,STATIONARY,STATIONARY,MOVING,MOVING,MOVING,MOVING
47115,1390,14,NO TRIAL,0.13118172,0.00043130,0.00328779,0.00544198,0.00720565,0.00809527,0.00606126,0.00583039,0.00833859,0.02034351,0.01150886,RELIABLE,RELIABLE,RELIABLE,RELIABLE,RELIABLE,RELIABLE,RELIABLE,RELIABLE,STATIONARY,STATIONARY,STATIONARY,STATIONARY,STATIONARY,MOVING,MOVING,MOVING,MOVING
47148,1391,14,NO TRIAL,0.13139654,0.00057988,0.00441320,0.00584409,0.00784765,0.00889524,0.00647076,0.00639525,0.00917560,0.02209459,0.01239754,RELIABLE,RELIABLE,RELIABLE,RELIABLE,RELIABLE,RELIABLE,RELIABLE,RELIABLE,STATIONARY,STATIONARY,STATIONARY,STATIONARY,STATIONARY,MOVING,MOVING,MOVING,MOVING
47177,1392,14,NO TRIAL,0.13150911,0.00028994,0.00220471,0.00526702,0.00684494,0.00763055,0.00565333,0.00585926,0.00844027,0.02116468,0.01159211,RELIABLE,RELIABLE,RELIABLE,RELIABLE,RELIABLE,RELIABLE,RELIABLE,RELIABLE,STATIONARY,STATIONARY,STATIONARY,STATIONARY,STATIONARY,MOVING,MOVING,MOVING,MOVING
47208,1393,14,NO TRIAL,0.13094847,0.00095072,0.00726029,0.00504529,0.00791025,0.00816944,0.00559339,0.00595524,0.00849808,0.02229995,0.01216462,RELIABLE,RELIABLE,RELIABLE,RELIABLE,RELIABLE,RELIABLE,RELIABLE,RELIABLE,STATIONARY,STATIONARY,STATIONARY,STATIONARY,STATIONARY,MOVING,MOVING,MOVING,MOVING
47239,1394,14,NO TRIAL,0.13066607,0.00092066,0.00704589,0.00509378,0.00787120,0.00786155,0.00644033,0.00608252,0.00801915,0.01991306,0.01192748,RELIABLE,RELIABLE,RELIABLE,RELIABLE,RELIABLE,RELIABLE,RELIABLE,RELIABLE,STATIONARY,STATIONARY,STATIONARY,STATIONARY,STATIONARY,MOVING,MOVING,MOVING,MOVING
47277,1395,14,NO TRIAL,0.13141259,0.00050013,0.00380582,0.00515314,0.00766263,0.00804345,0.00676402,0.00680837,0.00847152,0.01839360,0.01234676,RELIABLE,RELIABLE,RELIABLE,RELIABLE,RELIABLE,RELIABLE,RELIABLE,RELIABLE,STATIONARY,STATIONARY,STATIONARY,STATIONARY,STATIONARY,MOVING,MOVING,MOVING,MOVING
47317,1396,14,NO TRIAL,0.13121558,0.00031769,0.00242116,0.00419519,0.00596755,0.00608414,0.00625285,0.00667192,0.00615068,0.01669722,0.01102353,RELIABLE,RELIABLE,RELIABLE,RELIABLE,RELIABLE,RELIABLE,RELIABLE,RELIABLE,STATIONARY,STATIONARY,STATIONARY,STATIONARY,STATIONARY,MOVING,MOVING,MOVING,MOVING
47357,1397,14,NO TRIAL,0.13102344,0.00050743,0.00387282,0.00428896,0.00575913,0.00587697,0.00536127,0.00667550,0.00630444,0.01876123,0.00988871,RELIABLE,RELIABLE,RELIABLE,RELIABLE,RELIABLE,RELIABLE,RELIABLE,RELIABLE,STATIONARY,STATIONARY,STATIONARY,STATIONARY,STATIONARY,MOVING,MOVING,MOVING,MOVING
47396,1398,14,NO TRIAL,0.13092873,0.00025372,0.00193781,0.00412021,0.00574002,0.00563750,0.00469271,0.00655120,0.00588096,0.01939002,0.00948744,RELIABLE,RELIABLE,RELIABLE,RELIABLE,RELIABLE,RELIABLE,RELIABLE,RELIABLE,STATIONARY,STATIONARY,STATIONARY,STATIONARY,STATIONARY,MOVING,MOVING,MOVING,MOVING
47428,1399,14,NO TRIAL,0.13034642,0.00152543,0.01170290,0.00503142,0.00666156,0.00690501,0.00478319,0.00640735,0.00599913,0.01928114,0.00939145,RELIABLE,RELIABLE,RELIABLE,RELIABLE,RELIABLE,RELIABLE,RELIABLE,RELIABLE,STATIONARY,STATIONARY,STATIONARY,STATIONARY,STATIONARY,MOVING,MOVING,MOVING,MOVING
47459,1400,14,NO TRIAL,0.13015869,0.00143413,0.01101835,0.00613313,0.00835420,0.00856641,0.00614338,0.00652696,0.00586323,0.01844849,0.00938422,RELIABLE,RELIABLE,RELIABLE,RELIABLE,RELIABLE,RELIABLE,RELIABLE,RELIABLE,STATIONARY,STATIONARY,STATIONARY,STATIONARY,STATIONARY,MOVING,MOVING,MOVING,MOVING
47490,1401,14,NO TRIAL,0.13024763,0.00113357,0.00870316,0.00631349,0.00759446,0.00782027,0.00633076,0.00628949,0.00679848,0.01915306,0.00976151,RELIABLE,RELIABLE,RELIABLE,RELIABLE,RELIABLE,RELIABLE,RELIABLE,RELIABLE,STATIONARY,STATIONARY,STATIONARY,STATIONARY,STATIONARY,MOVING,MOVING,MOVING,MOVING
47520,1402,14,NO TRIAL,0.13029975,0.00056678,0.00434984,0.00597648,0.00701553,0.00756785,0.00548957,0.00562898,0.00700578,0.01881617,0.00928844,RELIABLE,RELIABLE,RELIABLE,RELIABLE,RELIABLE,RELIABLE,RELIABLE,RELIABLE,STATIONARY,STATIONARY,STATIONARY,STATIONARY,STATIONARY,MOVING,MOVING,MOVING,MOVING
47551,1403,14,NO TRIAL,0.13063058,0.00063603,0.00486890,0.00610937,0.00769660,0.00806660,0.00584884,0.00513760,0.00676356,0.02020036,0.01026344,RELIABLE,RELIABLE,RELIABLE,RELIABLE,RELIABLE,RELIABLE,RELIABLE,RELIABLE,STATIONARY,STATIONARY,STATIONARY,STATIONARY,STATIONARY,MOVING,MOVING,MOVING,MOVING
47581,1404,14,NO TRIAL,0.13081806,0.00115476,0.00882721,0.00691012,0.00844964,0.00916800,0.00639257,0.00506025,0.00759644,0.01930087,0.00924466,RELIABLE,RELIABLE,RELIABLE,RELIABLE,RELIABLE,RELIABLE,RELIABLE,RELIABLE,STATIONARY,STATIONARY,STATIONARY,STATIONARY,STATIONARY,MOVING,MOVING,MOVING,MOVING
47613,1405,14,NO TRIAL,0.13143097,0.00070553,0.00536803,0.00709702,0.00933750,0.01002137,0.00705689,0.00532608,0.00874754,0.01666580,0.00980219,RELIABLE,RELIABLE,RELIABLE,RELIABLE,RELIABLE,RELIABLE,RELIABLE,RELIABLE,STATIONARY,STATIONARY,STATIONARY,STATIONARY,STATIONARY,MOVING,MOVING,MOVING,MOVING
47644,1406,14,NO TRIAL,0.13106431,0.00057738,0.00440535,0.00740547,0.01006131,0.01046266,0.00790981,0.00593259,0.00973866,0.01584062,0.01155291,RELIABLE,RELIABLE,RELIABLE,RELIABLE,RELIABLE,RELIABLE,RELIABLE,RELIABLE,STATIONARY,STATIONARY,STATIONARY,STATIONARY,STATIONARY,MOVING,MOVING,MOVING,MOVING
47693,1407,14,NO TRIAL,0.13179905,0.00053168,0.00403399,0.00644685,0.00869455,0.00849924,0.00790703,0.00596504,0.00988364,0.01596931,0.01283090,RELIABLE,RELIABLE,RELIABLE,RELIABLE,RELIABLE,RELIABLE,RELIABLE,RELIABLE,STATIONARY,STATIONARY,STATIONARY,STATIONARY,STATIONARY,MOVING,MOVING,MOVING,MOVING
47721,1408,14,NO TRIAL,0.13216654,0.00026584,0.00201139,0.00532098,0.00677910,0.00648992,0.00659001,0.00578914,0.01014976,0.01680929,0.01342623,RELIABLE,RELIABLE,RELIABLE,RELIABLE,RELIABLE,RELIABLE,RELIABLE,RELIABLE,STATIONARY,STATIONARY,STATIONARY,STATIONARY,STATIONARY,MOVING,MOVING,MOVING,MOVING
47753,1409,14,NO TRIAL,0.13093330,0.00122558,0.00936034,0.00540313,0.00732025,0.00762365,0.00711096,0.00628969,0.01049168,0.01651574,0.01421885,RELIABLE,RELIABLE,RELIABLE,RELIABLE,RELIABLE,RELIABLE,RELIABLE,RELIABLE,STATIONARY,STATIONARY,STATIONARY,STATIONARY,STATIONARY,MOVING,MOVING,MOVING,MOVING
47785,1410,14,NO TRIAL,0.13120782,0.00066720,0.00508508,0.00549504,0.00781766,0.00796529,0.00726565,0.00640621,0.01067423,0.01793224,0.01593015,RELIABLE,RELIABLE,RELIABLE,RELIABLE,RELIABLE,RELIABLE,RELIABLE,RELIABLE,STATIONARY,STATIONARY,STATIONARY,STATIONARY,STATIONARY,MOVING,MOVING,MOVING,MOVING
47816,1411,14,NO TRIAL,0.13102916,0.00139599,0.01065407,0.00621818,0.00851247,0.00845003,0.00716131,0.00680156,0.01132177,0.01848413,0.01516626,RELIABLE,RELIABLE,RELIABLE,RELIABLE,RELIABLE,RELIABLE,RELIABLE,RELIABLE,STATIONARY,STATIONARY,STATIONARY,STATIONARY,STATIONARY,MOVING,MOVING,MOVING,MOVING
47852,1412,14,NO TRIAL,0.13035493,0.00058561,0.00449243,0.00567633,0.00750883,0.00744684,0.00667020,0.00684196,0.01089805,0.02014515,0.01465986,RELIABLE,RELIABLE,RELIABLE,RELIABLE,RELIABLE,RELIABLE,RELIABLE,RELIABLE,STATIONARY,STATIONARY,STATIONARY,STATIONARY,STATIONARY,MOVING,MOVING,MOVING,MOVING
47878,1413,14,NO TRIAL,0.13002327,0.00029280,0.00225194,0.00528682,0.00649748,0.00657464,0.00590216,0.00633762,0.00958151,0.02043939,0.01389838,RELIABLE,RELIABLE,RELIABLE,RELIABLE,RELIABLE,RELIABLE,RELIABLE,RELIABLE,STATIONARY,STATIONARY,STATIONARY,STATIONARY,STATIONARY,MOVING,MOVING,MOVING,MOVING
47910,1414,14,NO TRIAL,0.13082981,0.00101355,0.00774705,0.00570454,0.00692048,0.00716768,0.00568128,0.00652874,0.00918201,0.02048664,0.01277816,RELIABLE,RELIABLE,RELIABLE,RELIABLE,RELIABLE,RELIABLE,RELIABLE,RELIABLE,STATIONARY,STATIONARY,STATIONARY,STATIONARY,STATIONARY,MOVING,MOVING,MOVING,MOVING
47941,1415,14,NO TRIAL,0.13077847,0.00101691,0.00777579,0.00617226,0.00791511,0.00817396,0.00635915,0.00675080,0.00923852,0.02231739,0.01199194,RELIABLE,RELIABLE,RELIABLE,RELIABLE,RELIABLE,RELIABLE,RELIABLE,RELIABLE,STATIONARY,STATIONARY,STATIONARY,STATIONARY,STATIONARY,MOVING,MOVING,MOVING,MOVING
47979,1416,14,NO TRIAL,0.13102486,0.00085287,0.00650920,0.00673449,0.00914919,0.00928061,0.00666209,0.00746381,0.00969384,0.02370826,0.01222205,RELIABLE,RELIABLE,RELIABLE,RELIABLE,RELIABLE,RELIABLE,RELIABLE,RELIABLE,STATIONARY,STATIONARY,STATIONARY,STATIONARY,STATIONARY,MOVING,MOVING,MOVING,MOVING
48019,1417,14,NO TRIAL,0.13086962,0.00075398,0.00576134,0.00628461,0.00784820,0.00768348,0.00578013,0.00697136,0.00794005,0.02157492,0.01096526,RELIABLE,RELIABLE,RELIABLE,RELIABLE,RELIABLE,RELIABLE,RELIABLE,RELIABLE,STATIONARY,STATIONARY,STATIONARY,STATIONARY,STATIONARY,MOVING,MOVING,MOVING,MOVING
48060,1418,14,NO TRIAL,0.13143959,0.00056906,0.00432946,0.00619016,0.00760745,0.00751355,0.00655691,0.00838204,0.00813891,0.02001380,0.01012228,RELIABLE,RELIABLE,RELIABLE,RELIABLE,RELIABLE,RELIABLE,RELIABLE,RELIABLE,STATIONARY,STATIONARY,STATIONARY,STATIONARY,STATIONARY,MOVING,MOVING,MOVING,MOVING
48098,1419,14,NO TRIAL,0.13172768,0.00028453,0.00216000,0.00512840,0.00625806,0.00615269,0.00644522,0.00824680,0.00733438,0.01815970,0.00956856,RELIABLE,RELIABLE,RELIABLE,RELIABLE,RELIABLE,RELIABLE,RELIABLE,RELIABLE,STATIONARY,STATIONARY,STATIONARY,STATIONARY,STATIONARY,MOVING,MOVING,MOVING,MOVING
48129,1420,14,NO TRIAL,0.13115681,0.00054171,0.00413021,0.00508312,0.00639102,0.00633189,0.00683992,0.00838568,0.00718359,0.01694929,0.00975936,RELIABLE,RELIABLE,RELIABLE,RELIABLE,RELIABLE,RELIABLE,RELIABLE,RELIABLE,STATIONARY,STATIONARY,STATIONARY,STATIONARY,STATIONARY,MOVING,MOVING,MOVING,MOVING
48162,1421,14,NO TRIAL,0.13077075,0.00089900,0.00687463,0.00566096,0.00705764,0.00697216,0.00745209,0.00889754,0.00840586,0.01678321,0.01189214,RELIABLE,RELIABLE,RELIABLE,RELIABLE,RELIABLE,RELIABLE,RELIABLE,RELIABLE,STATIONARY,STATIONARY,STATIONARY,STATIONARY,STATIONARY,MOVING,MOVING,MOVING,MOVING
48193,1422,14,NO TRIAL,0.13156569,0.00040801,0.00310119,0.00508023,0.00619080,0.00651352,0.00767847,0.00840855,0.00834565,0.01735009,0.01361233,RELIABLE,RELIABLE,RELIABLE,RELIABLE,RELIABLE,RELIABLE,RELIABLE,RELIABLE,STATIONARY,STATIONARY,STATIONARY,STATIONARY,STATIONARY,MOVING,MOVING,MOVING,MOVING
48225,1423,14,NO TRIAL,0.13196535,0.00020401,0.00154590,0.00430149,0.00497147,0.00555578,0.00686032,0.00786360,0.00743666,0.01379149,0.01325705,RELIABLE,RELIABLE,RELIABLE,RELIABLE,RELIABLE,RELIABLE,RELIABLE,RELIABLE,STATIONARY,STATIONARY,STATIONARY,STATIONARY,STATIONARY,MOVING,MOVING,MOVING,MOVING
48257,1424,14,NO TRIAL,0.13182024,0.00040228,0.00305175,0.00386931,0.00412246,0.00516568,0.00740178,0.00765629,0.00706965,0.01289244,0.01392488,RELIABLE,RELIABLE,RELIABLE,RELIABLE,RELIABLE,RELIABLE,RELIABLE,RELIABLE,STATIONARY,STATIONARY,STATIONARY,STATIONARY,STATIONARY,MOVING,MOVING,MOVING,MOVING
48287,1425,14,NO TRIAL,0.13135218,0.00056798,0.00432414,0.00368966,0.00425615,0.00522623,0.00736832,0.00789483,0.00746628,0.01292381,0.01390337,RELIABLE,RELIABLE,RELIABLE,RELIABLE,RELIABLE,RELIABLE,RELIABLE,RELIABLE,STATIONARY,STATIONARY,STATIONARY,STATIONARY,STATIONARY,MOVING,MOVING,MOVING,MOVING
48319,1426,14,NO TRIAL,0.13060126,0.00111544,0.00854081,0.00421608,0.00436866,0.00580393,0.00651499,0.00679498,0.00714858,0.01307743,0.01366537,RELIABLE,RELIABLE,RELIABLE,RELIABLE,RELIABLE,RELIABLE,RELIABLE,RELIABLE,STATIONARY,STATIONARY,STATIONARY,STATIONARY,STATIONARY,MOVING,MOVING,MOVING,MOVING
48351,1427,14,NO TRIAL,0.13022580,0.00055772,0.00428272,0.00448142,0.00442746,0.00609557,0.00609068,0.00624835,0.00699250,0.01315892,0.01355043,RELIABLE,RELIABLE,RELIABLE,RELIABLE,RELIABLE,RELIABLE,RELIABLE,RELIABLE,STATIONARY,STATIONARY,STATIONARY,STATIONARY,STATIONARY,MOVING,MOVING,MOVING,MOVING
48383,1428,14,NO TRIAL,0.13056167,0.00179359,0.01373751,0.00568233,0.00683920,0.00804664,0.00568706,0.00660746,0.00812515,0.01376498,0.01634275,RELIABLE,RELIABLE,RELIABLE,RELIABLE,RELIABLE,RELIABLE,RELIABLE,RELIABLE,STATIONARY,STATIONARY,STATIONARY,STATIONARY,STATIONARY,MOVING,MOVING,MOVING,MOVING
48414,1429,14,NO TRIAL,0.13079189,0.00094802,0.00724833,0.00572904,0.00766537,0.00888843,0.00537168,0.00679843,0.00738254,0.01497101,0.01486419,RELIABLE,RELIABLE,RELIABLE,RELIABLE,RELIABLE,RELIABLE,RELIABLE,RELIABLE,STATIONARY,STATIONARY,STATIONARY,STATIONARY,STATIONARY,MOVING,MOVING,MOVING,MOVING
48446,1430,14,NO TRIAL,0.13012969,0.00087824,0.00674894,0.00618501,0.00856351,0.00945566,0.00596240,0.00884609,0.00812747,0.01781809,0.01408602,RELIABLE,RELIABLE,RELIABLE,RELIABLE,RELIABLE,RELIABLE,RELIABLE,RELIABLE,STATIONARY,STATIONARY,STATIONARY,STATIONARY,STATIONARY,MOVING,MOVING,MOVING,MOVING
48477,1431,14,NO TRIAL,0.13031709,0.00047509,0.00364561,0.00644748,0.00897260,0.00995755,0.00649971,0.00941598,0.00854279,0.01838391,0.01373450,RELIABLE,RELIABLE,RELIABLE,RELIABLE,RELIABLE,RELIABLE,RELIABLE,RELIABLE,STATIONARY,STATIONARY,STATIONARY,STATIONARY,STATIONARY,MOVING,MOVING,MOVING,MOVING
48524,1432,14,NO TRIAL,0.13187077,0.00060599,0.00459532,0.00664042,0.00921559,0.00983417,0.00686216,0.00982584,0.01009856,0.01958137,0.01375503,RELIABLE,RELIABLE,RELIABLE,RELIABLE,RELIABLE,RELIABLE,RELIABLE,RELIABLE,STATIONARY,STATIONARY,STATIONARY,STATIONARY,STATIONARY,MOVING,MOVING,MOVING,MOVING
48556,1433,14,NO TRIAL,0.13264779,0.00030299,0.00228420,0.00638543,0.00888676,0.00939739,0.00706517,0.00940617,0.01046596,0.01967027,0.01357295,RELIABLE,RELIABLE,RELIABLE,RELIABLE,RELIABLE,RELIABLE,RELIABLE,RELIABLE,STATIONARY,STATIONARY,STATIONARY,STATIONARY,STATIONARY,MOVING,MOVING,MOVING,MOVING
48588,1434,14,NO TRIAL,0.13212828,0.00097519,0.00738060,0.00624040,0.00856797,0.00845752,0.00779947,0.00914992,0.01018100,0.02075878,0.01320921,RELIABLE,RELIABLE,RELIABLE,RELIABLE,RELIABLE,RELIABLE,RELIABLE,RELIABLE,STATIONARY,STATIONARY,STATIONARY,STATIONARY,STATIONARY,MOVING,MOVING,MOVING,MOVING
48619,1435,14,NO TRIAL,0.13112335,0.00053075,0.00404774,0.00621103,0.00873292,0.00870401,0.00866031,0.01061349,0.01323667,0.02517847,0.01673582,RELIABLE,RELIABLE,RELIABLE,RELIABLE,RELIABLE,RELIABLE,RELIABLE,RELIABLE,STATIONARY,STATIONARY,STATIONARY,STATIONARY,STATIONARY,MOVING,MOVING,MOVING,MOVING
48651,1436,14,NO TRIAL,0.13113545,0.00054417,0.00414972,0.00501256,0.00637614,0.00678113,0.00887095,0.01037829,0.01304326,0.02525135,0.01466808,RELIABLE,RELIABLE,RELIABLE,RELIABLE,RELIABLE,RELIABLE,RELIABLE,RELIABLE,STATIONARY,STATIONARY,STATIONARY,STATIONARY,STATIONARY,MOVING,MOVING,MOVING,MOVING
48684,1437,14,NO TRIAL,0.13142239,0.00087744,0.00667652,0.00494108,0.00542944,0.00608132,0.00918375,0.01016755,0.01271350,0.02707430,0.01438397,RELIABLE,RELIABLE,RELIABLE,RELIABLE,RELIABLE,RELIABLE,RELIABLE,RELIABLE,STATIONARY,STATIONARY,STATIONARY,STATIONARY,STATIONARY,MOVING,MOVING,MOVING,MOVING
48714,1438,14,NO TRIAL,0.13156588,0.00043872,0.00333462,0.00451429,0.00446223,0.00531950,0.00798690,0.00793724,0.01142874,0.02469522,0.01289379,RELIABLE,RELIABLE,RELIABLE,RELIABLE,RELIABLE,RELIABLE,RELIABLE,RELIABLE,STATIONARY,STATIONARY,STATIONARY,STATIONARY,STATIONARY,MOVING,MOVING,MOVING,MOVING
48746,1439,14,NO TRIAL,0.13168919,0.00074950,0.00569145,0.00477002,0.00474425,0.00562666,0.00784957,0.00833070,0.01115331,0.02656843,0.01355981,RELIABLE,RELIABLE,RELIABLE,RELIABLE,RELIABLE,RELIABLE,RELIABLE,RELIABLE,STATIONARY,STATIONARY,STATIONARY,STATIONARY,STATIONARY,MOVING,MOVING,MOVING,MOVING
48778,1440,14,NO TRIAL,0.13165740,0.00044210,0.00335798,0.00461535,0.00443726,0.00530085,0.00667331,0.00759374,0.00953148,0.02656083,0.01312595,RELIABLE,RELIABLE,RELIABLE,RELIABLE,RELIABLE,RELIABLE,RELIABLE,RELIABLE,STATIONARY,STATIONARY,STATIONARY,STATIONARY,STATIONARY,MOVING,MOVING,MOVING,MOVING
48812,1441,14,NO TRIAL,0.13128413,0.00073981,0.00563521,0.00503423,0.00468261,0.00536291,0.00657294,0.00735496,0.00871545,0.02594543,0.01308351,RELIABLE,RELIABLE,RELIABLE,RELIABLE,RELIABLE,RELIABLE,RELIABLE,RELIABLE,STATIONARY,STATIONARY,STATIONARY,STATIONARY,STATIONARY,MOVING,MOVING,MOVING,MOVING
48844,1442,14,NO TRIAL,0.13079532,0.00090208,0.00689690,0.00497377,0.00501026,0.00624717,0.00590678,0.00806439,0.00907189,0.02495755,0.01430273,RELIABLE,RELIABLE,RELIABLE,RELIABLE,RELIABLE,RELIABLE,RELIABLE,RELIABLE,STATIONARY,STATIONARY,STATIONARY,STATIONARY,STATIONARY,MOVING,MOVING,MOVING,MOVING
48892,1443,14,NO TRIAL,0.13119306,0.00064074,0.00488393,0.00507829,0.00480514,0.00584858,0.00567730,0.00717973,0.00721974,0.02345242,0.01239115,RELIABLE,RELIABLE,RELIABLE,RELIABLE,RELIABLE,RELIABLE,RELIABLE,RELIABLE,STATIONARY,STATIONARY,STATIONARY,STATIONARY,STATIONARY,MOVING,MOVING,MOVING,MOVING
48919,1444,14,NO TRIAL,0.13139308,0.00032037,0.00243825,0.00486436,0.00475242,0.00552869,0.00532155,0.00642746,0.00617455,0.02219507,0.01164441,RELIABLE,RELIABLE,RELIABLE,RELIABLE,RELIABLE,RELIABLE,RELIABLE,RELIABLE,STATIONARY,STATIONARY,STATIONARY,STATIONARY,STATIONARY,MOVING,MOVING,MOVING,MOVING
48951,1445,14,NO TRIAL,0.13120757,0.00069355,0.00528588,0.00469052,0.00463879,0.00496480,0.00564838,0.00612856,0.00625929,0.02000486,0.01361800,RELIABLE,RELIABLE,RELIABLE,RELIABLE,RELIABLE,RELIABLE,RELIABLE,RELIABLE,STATIONARY,STATIONARY,STATIONARY,STATIONARY,STATIONARY,MOVING,MOVING,MOVING,MOVING
48981,1446,14,NO TRIAL,0.13200103,0.00100055,0.00757989,0.00522118,0.00609770,0.00597142,0.00732600,0.00684938,0.00741818,0.02055922,0.01474266,RELIABLE,RELIABLE,RELIABLE,RELIABLE,RELIABLE,RELIABLE,RELIABLE,RELIABLE,STATIONARY,STATIONARY,STATIONARY,STATIONARY,STATIONARY,MOVING,MOVING,MOVING,MOVING
49021,1447,14,NO TRIAL,0.13179004,0.00067742,0.00514015,0.00515227,0.00589102,0.00508957,0.00747406,0.00705239,0.00723996,0.02220236,0.01499696,RELIABLE,RELIABLE,RELIABLE,RELIABLE,RELIABLE,RELIABLE,RELIABLE,RELIABLE,STATIONARY,STATIONARY,STATIONARY,STATIONARY,STATIONARY,MOVING,MOVING,MOVING,MOVING
49060,1448,14,NO TRIAL,0.13168570,0.00033871,0.00257211,0.00505404,0.00570064,0.00481058,0.00764873,0.00729705,0.00677426,0.02170354,0.01423022,RELIABLE,RELIABLE,RELIABLE,RELIABLE,RELIABLE,RELIABLE,RELIABLE,RELIABLE,STATIONARY,STATIONARY,STATIONARY,STATIONARY,STATIONARY,MOVING,MOVING,MOVING,MOVING
49091,1449,14,NO TRIAL,0.13083379,0.00088879,0.00679327,0.00519880,0.00595343,0.00555908,0.00821532,0.00864971,0.00851188,0.02914254,0.01640415,RELIABLE,RELIABLE,RELIABLE,RELIABLE,RELIABLE,RELIABLE,RELIABLE,RELIABLE,STATIONARY,STATIONARY,STATIONARY,STATIONARY,STATIONARY,MOVING,MOVING,MOVING,MOVING
49122,1450,14,NO TRIAL,0.13098678,0.00057885,0.00441911,0.00488907,0.00592153,0.00493690,0.00893603,0.00891836,0.00956854,0.02822333,0.01780415,RELIABLE,RELIABLE,RELIABLE,RELIABLE,RELIABLE,RELIABLE,RELIABLE,RELIABLE,STATIONARY,STATIONARY,STATIONARY,STATIONARY,STATIONARY,MOVING,MOVING,MOVING,MOVING
49153,1451,14,NO TRIAL,0.13070701,0.00073339,0.00561092,0.00497995,0.00648902,0.00536492,0.00883928,0.00908872,0.00915414,0.02882905,0.01656994,RELIABLE,RELIABLE,RELIABLE,RELIABLE,RELIABLE,RELIABLE,RELIABLE,RELIABLE,STATIONARY,STATIONARY,STATIONARY,STATIONARY,STATIONARY,MOVING,MOVING,MOVING,MOVING
49184,1452,14,NO TRIAL,0.13077678,0.00106169,0.00811835,0.00568996,0.00807551,0.00721434,0.00950899,0.00932199,0.00904367,0.02813845,0.01654043,RELIABLE,RELIABLE,RELIABLE,RELIABLE,RELIABLE,RELIABLE,RELIABLE,RELIABLE,STATIONARY,STATIONARY,STATIONARY,STATIONARY,STATIONARY,MOVING,MOVING,MOVING,MOVING
49228,1453,14,NO TRIAL,0.13101545,0.00036570,0.00279131,0.00537814,0.00783426,0.00721752,0.00937806,0.00945906,0.00880107,0.02774611,0.01520731,RELIABLE,RELIABLE,RELIABLE,RELIABLE,RELIABLE,RELIABLE,RELIABLE,RELIABLE,STATIONARY,STATIONARY,STATIONARY,STATIONARY,STATIONARY,MOVING,MOVING,MOVING,MOVING
49263,1454,14,NO TRIAL,0.13113482,0.00018285,0.00139438,0.00460495,0.00619814,0.00593088,0.00779839,0.00865750,0.00756338,0.02590208,0.01440267,RELIABLE,RELIABLE,RELIABLE,RELIABLE,RELIABLE,RELIABLE,RELIABLE,RELIABLE,STATIONARY,STATIONARY,STATIONARY,STATIONARY,STATIONARY,MOVING,MOVING,MOVING,MOVING
49295,1455,14,NO TRIAL,0.12988676,0.00050879,0.00391716,0.00445208,0.00651944,0.00661417,0.00794109,0.00800579,0.00789381,0.02369700,0.01400224,RELIABLE,RELIABLE,RELIABLE,RELIABLE,RELIABLE,RELIABLE,RELIABLE,RELIABLE,STATIONARY,STATIONARY,STATIONARY,STATIONARY,STATIONARY,MOVING,MOVING,MOVING,MOVING
49327,1456,14,NO TRIAL,0.12992241,0.00153078,0.01178228,0.00560335,0.00914827,0.00998800,0.00844745,0.00783369,0.00988259,0.02381242,0.01704721,RELIABLE,RELIABLE,RELIABLE,RELIABLE,RELIABLE,RELIABLE,RELIABLE,RELIABLE,STATIONARY,STATIONARY,STATIONARY,STATIONARY,STATIONARY,MOVING,MOVING,MOVING,MOVING
49358,1457,14,NO TRIAL,0.12990018,0.00024830,0.00191148,0.00499312,0.00844870,0.00909999,0.00825078,0.00720865,0.00897147,0.01740828,0.01622038,RELIABLE,RELIABLE,RELIABLE,RELIABLE,RELIABLE,RELIABLE,RELIABLE,RELIABLE,STATIONARY,STATIONARY,STATIONARY,STATIONARY,STATIONARY,MOVING,MOVING,MOVING,MOVING
49389,1458,14,NO TRIAL,0.13072391,0.00075309,0.00576089,0.00516085,0.00816369,0.00920345,0.00912305,0.00706414,0.00774130,0.01726983,0.01424734,RELIABLE,RELIABLE,RELIABLE,RELIABLE,RELIABLE,RELIABLE,RELIABLE,RELIABLE,STATIONARY,STATIONARY,STATIONARY,STATIONARY,STATIONARY,MOVING,MOVING,MOVING,MOVING
49421,1459,14,NO TRIAL,0.13113824,0.00037654,0.00287135,0.00481840,0.00747964,0.00863718,0.00941469,0.00660013,0.00689843,0.01326678,0.01400275,RELIABLE,RELIABLE,RELIABLE,RELIABLE,RELIABLE,RELIABLE,RELIABLE,RELIABLE,STATIONARY,STATIONARY,STATIONARY,STATIONARY,STATIONARY,MOVING,MOVING,MOVING,MOVING
49452,1460,14,NO TRIAL,0.13091462,0.00081942,0.00625918,0.00458600,0.00716304,0.00798034,0.00888054,0.00696569,0.00653551,0.01422464,0.01393403,RELIABLE,RELIABLE,RELIABLE,RELIABLE,RELIABLE,RELIABLE,RELIABLE,RELIABLE,STATIONARY,STATIONARY,STATIONARY,STATIONARY,STATIONARY,MOVING,MOVING,MOVING,MOVING
49483,1461,14,NO TRIAL,0.13028831,0.00061256,0.00470155,0.00482478,0.00767408,0.00810332,0.00899964,0.00752340,0.00676288,0.01366518,0.01415608,RELIABLE,RELIABLE,RELIABLE,RELIABLE,RELIABLE,RELIABLE,RELIABLE,RELIABLE,STATIONARY,STATIONARY,STATIONARY,STATIONARY,STATIONARY,MOVING,MOVING,MOVING,MOVING
49516,1462,14,NO TRIAL,0.12989255,0.00105503,0.00812230,0.00566577,0.00920333,0.00935073,0.00966757,0.00892754,0.00789145,0.01592753,0.01494376,RELIABLE,RELIABLE,RELIABLE,RELIABLE,RELIABLE,RELIABLE,RELIABLE,RELIABLE,STATIONARY,STATIONARY,STATIONARY,STATIONARY,STATIONARY,MOVING,MOVING,MOVING,MOVING
49547,1463,14,NO TRIAL,0.12969900,0.00052751,0.00406721,0.00568453,0.00904087,0.00912875,0.00905921,0.00898563,0.00785673,0.01477614,0.01420029,RELIABLE,RELIABLE,RELIABLE,RELIABLE,RELIABLE,RELIABLE,RELIABLE,RELIABLE,STATIONARY,STATIONARY,STATIONARY,STATIONARY,STATIONARY,MOVING,MOVING,MOVING,MOVING
49579,1464,14,NO TRIAL,0.12921185,0.00111400,0.00862150,0.00528943,0.00775141,0.00737579,0.00886631,0.00977961,0.00611309,0.01419128,0.01168593,RELIABLE,RELIABLE,RELIABLE,RELIABLE,RELIABLE,RELIABLE,RELIABLE,RELIABLE,STATIONARY,STATIONARY,STATIONARY,STATIONARY,STATIONARY,MOVING,MOVING,MOVING,MOVING
49609,1465,14,NO TRIAL,0.12916190,0.00069879,0.00541017,0.00572677,0.00777750,0.00783850,0.00908938,0.00988458,0.00603388,0.01393499,0.01053235,RELIABLE,RELIABLE,RELIABLE,RELIABLE,RELIABLE,RELIABLE,RELIABLE,RELIABLE,STATIONARY,STATIONARY,STATIONARY,STATIONARY,STATIONARY,MOVING,MOVING,MOVING,MOVING
49644,1466,14,NO TRIAL,0.12917580,0.00090342,0.00699369,0.00588087,0.00821858,0.00818589,0.00880058,0.00998658,0.00704060,0.01492762,0.01361784,RELIABLE,RELIABLE,RELIABLE,RELIABLE,RELIABLE,RELIABLE,RELIABLE,RELIABLE,STATIONARY,STATIONARY,STATIONARY,STATIONARY,STATIONARY,MOVING,MOVING,MOVING,MOVING
49676,1467,14,NO TRIAL,0.12869679,0.00094311,0.00732819,0.00643797,0.00869680,0.00871402,0.00984058,0.01107970,0.00827155,0.01828836,0.01705738,RELIABLE,RELIABLE,RELIABLE,RELIABLE,RELIABLE,RELIABLE,RELIABLE,RELIABLE,STATIONARY,STATIONARY,STATIONARY,STATIONARY,STATIONARY,MOVING,MOVING,MOVING,MOVING
49724,1468,14,NO TRIAL,0.12787220,0.00057357,0.00448549,0.00621626,0.00807674,0.00806760,0.01158351,0.01269783,0.00967247,0.01785056,0.01862488,RELIABLE,RELIABLE,RELIABLE,RELIABLE,RELIABLE,RELIABLE,RELIABLE,RELIABLE,STATIONARY,STATIONARY,STATIONARY,STATIONARY,STATIONARY,MOVING,MOVING,MOVING,MOVING
49764,1469,14,NO TRIAL,0.12746410,0.00028678,0.00224993,0.00590981,0.00776829,0.00794073,0.01152411,0.01267667,0.00978991,0.01714804,0.01821416,RELIABLE,RELIABLE,RELIABLE,RELIABLE,RELIABLE,RELIABLE,RELIABLE,RELIABLE,STATIONARY,STATIONARY,STATIONARY,STATIONARY,STATIONARY,MOVING,MOVING,MOVING,MOVING
49796,1470,14,NO TRIAL,0.12710664,0.00114770,0.00902943,0.00602320,0.00803503,0.00821444,0.01241865,0.01179194,0.01011562,0.01717946,0.01764395,RELIABLE,RELIABLE,RELIABLE,RELIABLE,RELIABLE,RELIABLE,RELIABLE,RELIABLE,STATIONARY,STATIONARY,STATIONARY,STATIONARY,STATIONARY,MOVING,MOVING,MOVING,MOVING
49826,1471,14,NO TRIAL,0.12691388,0.00067953,0.00535425,0.00618408,0.00797941,0.00853910,0.01393628,0.01198356,0.01184100,0.01927897,0.01913859,RELIABLE,RELIABLE,RELIABLE,RELIABLE,RELIABLE,RELIABLE,RELIABLE,RELIABLE,STATIONARY,STATIONARY,STATIONARY,STATIONARY,STATIONARY,MOVING,MOVING,MOVING,MOVING
49858,1472,14,NO TRIAL,0.12659715,0.00087302,0.00689604,0.00596840,0.00757555,0.00861768,0.01511979,0.01219823,0.01313692,0.01893102,0.02099946,RELIABLE,RELIABLE,RELIABLE,RELIABLE,RELIABLE,RELIABLE,RELIABLE,RELIABLE,STATIONARY,STATIONARY,STATIONARY,MOVING,STATIONARY,MOVING,MOVING,MOVING,MOVING
49890,1473,14,NO TRIAL,0.12643880,0.00043651,0.00345234,0.00572367,0.00797318,0.00878306,0.01488065,0.01178121,0.01294022,0.01811585,0.02145225,RELIABLE,RELIABLE,RELIABLE,RELIABLE,RELIABLE,RELIABLE,RELIABLE,RELIABLE,STATIONARY,STATIONARY,STATIONARY,MOVING,STATIONARY,MOVING,MOVING,MOVING,MOVING
49921,1474,14,NO TRIAL,0.12636783,0.00059822,0.00473394,0.00544120,0.00716957,0.00795063,0.01407233,0.01171612,0.01220996,0.01841889,0.01967764,RELIABLE,RELIABLE,RELIABLE,RELIABLE,RELIABLE,RELIABLE,RELIABLE,RELIABLE,STATIONARY,STATIONARY,STATIONARY,MOVING,STATIONARY,MOVING,MOVING,MOVING,MOVING
49952,1475,14,NO TRIAL,0.12620093,0.00138321,0.01096042,0.00589523,0.00937487,0.00977529,0.01374734,0.01158872,0.01285811,0.01741220,0.01768801,RELIABLE,RELIABLE,RELIABLE,RELIABLE,RELIABLE,RELIABLE,RELIABLE,RELIABLE,STATIONARY,STATIONARY,STATIONARY,MOVING,STATIONARY,MOVING,MOVING,MOVING,MOVING
49984,1476,14,NO TRIAL,0.12620037,0.00070066,0.00555194,0.00602853,0.00946230,0.01000814,0.01365099,0.01040493,0.01320213,0.01800944,0.01846517,RELIABLE,RELIABLE,RELIABLE,RELIABLE,RELIABLE,RELIABLE,RELIABLE,RELIABLE,STATIONARY,STATIONARY,STATIONARY,MOVING,STATIONARY,MOVING,MOVING,MOVING,MOVING
50016,1477,14,NO TRIAL,0.12582208,0.00054648,0.00434328,0.00629020,0.00999148,0.01075714,0.01461839,0.01123221,0.01336522,0.02022599,0.01880641,RELIABLE,RELIABLE,RELIABLE,RELIABLE,RELIABLE,RELIABLE,RELIABLE,RELIABLE,STATIONARY,STATIONARY,STATIONARY,MOVING,STATIONARY,MOVING,MOVING,MOVING,MOVING
50060,1478,14,NO TRIAL,0.12661435,0.00117796,0.00930354,0.00632447,0.00978981,0.01026086,0.01438913,0.01220230,0.01396545,0.02153945,0.01978274,RELIABLE,RELIABLE,RELIABLE,RELIABLE,RELIABLE,RELIABLE,RELIABLE,RELIABLE,STATIONARY,STATIONARY,STATIONARY,MOVING,STATIONARY,MOVING,MOVING,MOVING,MOVING
50096,1479,14,NO TRIAL,0.12665240,0.00054847,0.00433052,0.00619650,0.00948671,0.00987047,0.01413771,0.01371650,0.01245053,0.01853885,0.01936068,RELIABLE,RELIABLE,RELIABLE,RELIABLE,RELIABLE,RELIABLE,RELIABLE,RELIABLE,STATIONARY,STATIONARY,STATIONARY,MOVING,STATIONARY,MOVING,MOVING,MOVING,MOVING
50128,1480,14,NO TRIAL,0.12667283,0.00027424,0.00216491,0.00560511,0.00845094,0.00836865,0.01304043,0.01343524,0.01116233,0.01722541,0.01693264,RELIABLE,RELIABLE,RELIABLE,RELIABLE,RELIABLE,RELIABLE,RELIABLE,RELIABLE,STATIONARY,STATIONARY,STATIONARY,MOVING,MOVING,MOVING,MOVING,MOVING,MOVING
50159,1481,14,NO TRIAL,0.12738191,0.00053595,0.00420742,0.00569950,0.00858446,0.00842471,0.01319107,0.01444839,0.01110717,0.01837811,0.01617818,RELIABLE,RELIABLE,RELIABLE,RELIABLE,RELIABLE,RELIABLE,RELIABLE,RELIABLE,STATIONARY,STATIONARY,STATIONARY,MOVING,MOVING,MOVING,MOVING,MOVING,MOVING
50190,1482,14,NO TRIAL,0.12715124,0.00094726,0.00744985,0.00603898,0.00942797,0.00893776,0.01344748,0.01438936,0.01041338,0.01783703,0.01429569,RELIABLE,RELIABLE,RELIABLE,RELIABLE,RELIABLE,RELIABLE,RELIABLE,RELIABLE,STATIONARY,STATIONARY,STATIONARY,MOVING,MOVING,MOVING,MOVING,MOVING,MOVING
50221,1483,14,NO TRIAL,0.12790202,0.00111387,0.00870878,0.00575753,0.00764553,0.00799064,0.01340774,0.01409222,0.00898646,0.01765648,0.01344405,RELIABLE,RELIABLE,RELIABLE,RELIABLE,RELIABLE,RELIABLE,RELIABLE,RELIABLE,STATIONARY,STATIONARY,STATIONARY,MOVING,MOVING,MOVING,MOVING,MOVING,MOVING
50253,1484,14,NO TRIAL,0.12828374,0.00055693,0.00434143,0.00560622,0.00729900,0.00784309,0.01205873,0.01324524,0.00731234,0.01661685,0.01075694,RELIABLE,RELIABLE,RELIABLE,RELIABLE,RELIABLE,RELIABLE,RELIABLE,RELIABLE,STATIONARY,STATIONARY,STATIONARY,MOVING,MOVING,MOVING,MOVING,MOVING,MOVING
50284,1485,14,NO TRIAL,0.12895901,0.00066942,0.00519098,0.00571218,0.00742044,0.00785714,0.01178437,0.01259513,0.00727644,0.01486167,0.00978820,RELIABLE,RELIABLE,RELIABLE,RELIABLE,RELIABLE,RELIABLE,RELIABLE,RELIABLE,STATIONARY,STATIONARY,STATIONARY,MOVING,MOVING,MOVING,MOVING,MOVING,MOVING
50315,1486,14,NO TRIAL,0.12795156,0.00121304,0.00948043,0.00573429,0.00728712,0.00872193,0.01146911,0.01184286,0.00863768,0.01775434,0.01522827,RELIABLE,RELIABLE,RELIABLE,RELIABLE,RELIABLE,RELIABLE,RELIABLE,RELIABLE,STATIONARY,STATIONARY,STATIONARY,MOVING,MOVING,MOVING,MOVING,MOVING,MOVING
50348,1487,14,NO TRIAL,0.12816830,0.00067134,0.00523794,0.00584772,0.00862074,0.00995542,0.01171461,0.00957674,0.01032025,0.02013519,0.01604458,RELIABLE,RELIABLE,RELIABLE,RELIABLE,RELIABLE,RELIABLE,RELIABLE,RELIABLE,STATIONARY,STATIONARY,STATIONARY,MOVING,MOVING,MOVING,MOVING,MOVING,MOVING
50378,1488,14,NO TRIAL,0.12827796,0.00033567,0.00261673,0.00590419,0.00928682,0.01057140,0.01183660,0.00844375,0.01116050,0.02132433,0.01645174,RELIABLE,RELIABLE,RELIABLE,RELIABLE,RELIABLE,RELIABLE,RELIABLE,RELIABLE,STATIONARY,STATIONARY,STATIONARY,MOVING,MOVING,MOVING,MOVING,MOVING,MOVING
50409,1489,14,NO TRIAL,0.12938069,0.00088179,0.00681547,0.00623020,0.01024235,0.01101963,0.01212384,0.00742897,0.01197031,0.02150825,0.01679707,RELIABLE,RELIABLE,RELIABLE,RELIABLE,RELIABLE,RELIABLE,RELIABLE,RELIABLE,STATIONARY,STATIONARY,STATIONARY,MOVING,MOVING,MOVING,MOVING,MOVING,MOVING
50440,1490,14,NO TRIAL,0.12964379,0.00053516,0.00412795,0.00581496,0.00924722,0.01063465,0.01209405,0.00704539,0.01313981,0.02307490,0.01659345,RELIABLE,RELIABLE,RELIABLE,RELIABLE,RELIABLE,RELIABLE,RELIABLE,RELIABLE,STATIONARY,STATIONARY,STATIONARY,MOVING,MOVING,MOVING,MOVING,MOVING,MOVING
50472,1491,14,NO TRIAL,0.13008940,0.00044325,0.00340726,0.00515227,0.00831005,0.00933895,0.01124507,0.00686293,0.01354878,0.02395809,0.01767718,RELIABLE,RELIABLE,RELIABLE,RELIABLE,RELIABLE,RELIABLE,RELIABLE,RELIABLE,STATIONARY,STATIONARY,STATIONARY,MOVING,MOVING,MOVING,MOVING,MOVING,MOVING
50508,1492,14,NO TRIAL,0.12977587,0.00048688,0.00375174,0.00507856,0.00812937,0.00857607,0.01120855,0.00692690,0.01441184,0.02611776,0.01855320,RELIABLE,RELIABLE,RELIABLE,RELIABLE,RELIABLE,RELIABLE,RELIABLE,RELIABLE,STATIONARY,STATIONARY,STATIONARY,MOVING,MOVING,MOVING,MOVING,MOVING,MOVING
50556,1493,14,NO TRIAL,0.12911576,0.00120381,0.00932347,0.00559512,0.00910150,0.00978387,0.01208872,0.00643822,0.01446077,0.02748070,0.01902842,RELIABLE,RELIABLE,RELIABLE,RELIABLE,RELIABLE,RELIABLE,RELIABLE,RELIABLE,STATIONARY,STATIONARY,STATIONARY,MOVING,MOVING,MOVING,MOVING,MOVING,MOVING
50583,1494,14,NO TRIAL,0.12879083,0.00060190,0.00467349,0.00499426,0.00855590,0.00888092,0.01189120,0.00581521,0.01130707,0.02126636,0.01222625,RELIABLE,RELIABLE,RELIABLE,RELIABLE,RELIABLE,RELIABLE,RELIABLE,RELIABLE,STATIONARY,STATIONARY,STATIONARY,MOVING,MOVING,MOVING,MOVING,MOVING,MOVING
50615,1495,14,NO TRIAL,0.12975780,0.00109544,0.00844221,0.00539479,0.00800722,0.00830558,0.01211572,0.00618846,0.00951788,0.01995642,0.01026118,RELIABLE,RELIABLE,RELIABLE,RELIABLE,RELIABLE,RELIABLE,RELIABLE,RELIABLE,STATIONARY,STATIONARY,STATIONARY,MOVING,MOVING,MOVING,MOVING,MOVING,MOVING
50647,1496,14,NO TRIAL,0.12990723,0.00109667,0.00844196,0.00612294,0.00898941,0.00926767,0.01228639,0.00703284,0.00943010,0.02123675,0.00997325,RELIABLE,RELIABLE,RELIABLE,RELIABLE,RELIABLE,RELIABLE,RELIABLE,RELIABLE,STATIONARY,STATIONARY,STATIONARY,MOVING,MOVING,MOVING,MOVING,MOVING,MOVING
50679,1497,14,NO TRIAL,0.12918238,0.00083754,0.00648342,0.00608144,0.00777217,0.00856719,0.01188676,0.00734040,0.00875346,0.02211324,0.01026743,RELIABLE,RELIABLE,RELIABLE,RELIABLE,RELIABLE,RELIABLE,RELIABLE,RELIABLE,STATIONARY,STATIONARY,STATIONARY,MOVING,MOVING,MOVING,MOVING,MOVING,MOVING
50716,1498,14,NO TRIAL,0.12895822,0.00110432,0.00856340,0.00663587,0.00937138,0.01000234,0.01121189,0.00709899,0.00810417,0.02066030,0.01010468,RELIABLE,RELIABLE,RELIABLE,RELIABLE,RELIABLE,RELIABLE,RELIABLE,RELIABLE,STATIONARY,STATIONARY,STATIONARY,MOVING,MOVING,MOVING,MOVING,MOVING,MOVING
50758,1499,14,NO TRIAL,0.12884644,0.00055216,0.00428541,0.00674564,0.00995198,0.01043347,0.01061672,0.00629186,0.00729622,0.01804009,0.00795686,RELIABLE,RELIABLE,RELIABLE,RELIABLE,RELIABLE,RELIABLE,RELIABLE,RELIABLE,STATIONARY,STATIONARY,STATIONARY,MOVING,MOVING,MOVING,MOVING,MOVING,MOVING
50790,1500,14,NO TRIAL,0.12891126,0.00134131,0.01040493,0.00757729,0.01163199,0.01256803,0.01119656,0.00660794,0.00633051,0.01677929,0.00753010,RELIABLE,RELIABLE,RELIABLE,RELIABLE,RELIABLE,RELIABLE,RELIABLE,RELIABLE,STATIONARY,STATIONARY,STATIONARY,MOVING,MOVING,MOVING,MOVING,MOVING,MOVING
50821,1501,14,NO TRIAL,0.13001843,0.00098280,0.00755896,0.00735672,0.01076308,0.01118370,0.01087805,0.00645967,0.00673371,0.01574364,0.00765043,RELIABLE,RELIABLE,RELIABLE,RELIABLE,RELIABLE,RELIABLE,RELIABLE,RELIABLE,STATIONARY,STATIONARY,STATIONARY,MOVING,MOVING,MOVING,MOVING,MOVING,MOVING
50854,1502,14,NO TRIAL,0.13050782,0.00080834,0.00619384,0.00754677,0.01069055,0.01100357,0.01033084,0.00649402,0.00679217,0.01545658,0.00815038,RELIABLE,RELIABLE,RELIABLE,RELIABLE,RELIABLE,RELIABLE,RELIABLE,RELIABLE,STATIONARY,STATIONARY,STATIONARY,MOVING,MOVING,MOVING,MOVING,MOVING,MOVING
50886,1503,14,NO TRIAL,0.12988536,0.00068467,0.00527133,0.00715041,0.01022858,0.01068730,0.00878980,0.00693899,0.00759508,0.01584031,0.00963674,RELIABLE,RELIABLE,RELIABLE,RELIABLE,RELIABLE,RELIABLE,RELIABLE,RELIABLE,STATIONARY,STATIONARY,STATIONARY,MOVING,MOVING,MOVING,MOVING,MOVING,MOVING
50924,1504,14,NO TRIAL,0.13081061,0.00121990,0.00932570,0.00726087,0.00971934,0.00992018,0.00849915,0.00662307,0.00820573,0.01594528,0.01052698,RELIABLE,RELIABLE,RELIABLE,RELIABLE,RELIABLE,RELIABLE,RELIABLE,RELIABLE,STATIONARY,STATIONARY,STATIONARY,MOVING,MOVING,MOVING,MOVING,MOVING,MOVING
50964,1505,14,NO TRIAL,0.13127323,0.00060995,0.00464642,0.00703125,0.00989595,0.00976778,0.00791034,0.00587200,0.00816088,0.01435640,0.00992713,RELIABLE,RELIABLE,RELIABLE,RELIABLE,RELIABLE,RELIABLE,RELIABLE,RELIABLE,STATIONARY,STATIONARY,STATIONARY,MOVING,MOVING,MOVING,MOVING,MOVING,MOVING
50996,1506,14,NO TRIAL,0.13111513,0.00069127,0.00527225,0.00661985,0.00873863,0.00835043,0.00812584,0.00620568,0.00795501,0.01331431,0.01029724,RELIABLE,RELIABLE,RELIABLE,RELIABLE,RELIABLE,RELIABLE,RELIABLE,RELIABLE,STATIONARY,STATIONARY,STATIONARY,MOVING,MOVING,MOVING,MOVING,MOVING,MOVING
51027,1507,14,NO TRIAL,0.13064561,0.00065274,0.00499625,0.00670871,0.00855519,0.00803780,0.00836366,0.00637680,0.00843212,0.01540100,0.01096247,RELIABLE,RELIABLE,RELIABLE,RELIABLE,RELIABLE,RELIABLE,RELIABLE,RELIABLE,STATIONARY,STATIONARY,STATIONARY,MOVING,MOVING,MOVING,MOVING,MOVING,MOVING
51058,1508,14,NO TRIAL,0.12915158,0.00099214,0.00768199,0.00636834,0.00816229,0.00737859,0.00791092,0.00691233,0.00923865,0.01492387,0.01069217,RELIABLE,RELIABLE,RELIABLE,RELIABLE,RELIABLE,RELIABLE,RELIABLE,RELIABLE,STATIONARY,STATIONARY,STATIONARY,MOVING,MOVING,MOVING,MOVING,MOVING,MOVING
51089,1509,14,NO TRIAL,0.12840858,0.00049607,0.00386322,0.00590637,0.00783573,0.00719429,0.00597791,0.00681480,0.00834670,0.01412711,0.00985706,RELIABLE,RELIABLE,RELIABLE,RELIABLE,RELIABLE,RELIABLE,RELIABLE,RELIABLE,STATIONARY,STATIONARY,STATIONARY,MOVING,MOVING,MOVING,MOVING,MOVING,MOVING
51121,1510,14,NO TRIAL,0.13024411,0.00142969,0.01097701,0.00650427,0.00944193,0.00868479,0.00690825,0.00721315,0.00896751,0.01461916,0.00951456,RELIABLE,RELIABLE,RELIABLE,RELIABLE,RELIABLE,RELIABLE,RELIABLE,RELIABLE,STATIONARY,STATIONARY,STATIONARY,MOVING,MOVING,MOVING,MOVING,MOVING,MOVING
51152,1511,14,NO TRIAL,0.13001778,0.00028138,0.00216420,0.00611588,0.00879989,0.00772800,0.00723823,0.00682083,0.00790007,0.01373826,0.00882489,RELIABLE,RELIABLE,RELIABLE,RELIABLE,RELIABLE,RELIABLE,RELIABLE,RELIABLE,STATIONARY,STATIONARY,STATIONARY,MOVING,MOVING,MOVING,MOVING,MOVING,MOVING
51183,1512,14,NO TRIAL,0.13051089,0.00044438,0.00340494,0.00537578,0.00857059,0.00759155,0.00707924,0.00700149,0.00747213,0.01302208,0.01001514,RELIABLE,RELIABLE,RELIABLE,RELIABLE,RELIABLE,RELIABLE,RELIABLE,RELIABLE,STATIONARY,STATIONARY,STATIONARY,MOVING,MOVING,MOVING,MOVING,MOVING,MOVING
51214,1513,14,NO TRIAL,0.13045921,0.00072597,0.00556473,0.00549057,0.00892515,0.00793072,0.00709129,0.00716716,0.00685273,0.01254702,0.01069249,RELIABLE,RELIABLE,RELIABLE,RELIABLE,RELIABLE,RELIABLE,RELIABLE,RELIABLE,STATIONARY,STATIONARY,STATIONARY,MOVING,MOVING,MOVING,MOVING,MOVING,MOVING
51260,1514,14,NO TRIAL,0.13014880,0.00063010,0.00484137,0.00543671,0.00926576,0.00854322,0.00740605,0.00708223,0.00674016,0.01238738,0.01050749,RELIABLE,RELIABLE,RELIABLE,RELIABLE,RELIABLE,RELIABLE,RELIABLE,RELIABLE,STATIONARY,STATIONARY,STATIONARY,MOVING,MOVING,MOVING,MOVING,MOVING,MOVING
51293,1515,14,NO TRIAL,0.12999554,0.00031505,0.00242354,0.00511512,0.00904064,0.00845324,0.00743378,0.00703574,0.00610379,0.00969940,0.00993506,RELIABLE,RELIABLE,RELIABLE,RELIABLE,RELIABLE,RELIABLE,RELIABLE,RELIABLE,STATIONARY,STATIONARY,STATIONARY,MOVING,MOVING,MOVING,MOVING,MOVING,MOVING
51324,1516,14,NO TRIAL,0.12969132,0.00104241,0.00803765,0.00515958,0.00906549,0.00858657,0.00773078,0.00639302,0.00629754,0.00936825,0.01108058,RELIABLE,RELIABLE,RELIABLE,RELIABLE,RELIABLE,RELIABLE,RELIABLE,RELIABLE,STATIONARY,STATIONARY,STATIONARY,MOVING,MOVING,MOVING,MOVING,MOVING,MOVING
51355,1517,14,NO TRIAL,0.12947338,0.00060074,0.00463991,0.00525667,0.00876501,0.00844671,0.00855802,0.00606893,0.00656951,0.01037599,0.01119572,RELIABLE,RELIABLE,RELIABLE,RELIABLE,RELIABLE,RELIABLE,RELIABLE,RELIABLE,STATIONARY,STATIONARY,STATIONARY,MOVING,MOVING,MOVING,MOVING,MOVING,MOVING
51387,1518,14,NO TRIAL,0.13081540,0.00129168,0.00987410,0.00511880,0.00817411,0.00834050,0.00753791,0.00658033,0.00670024,0.01108306,0.01130385,RELIABLE,RELIABLE,RELIABLE,RELIABLE,RELIABLE,RELIABLE,RELIABLE,RELIABLE,STATIONARY,STATIONARY,STATIONARY,MOVING,MOVING,MOVING,MOVING,MOVING,MOVING
51420,1519,14,NO TRIAL,0.13007858,0.00108730,0.00835881,0.00589313,0.01008631,0.01050251,0.00791342,0.00695874,0.00683327,0.01491311,0.01089732,RELIABLE,RELIABLE,RELIABLE,RELIABLE,RELIABLE,RELIABLE,RELIABLE,RELIABLE,STATIONARY,STATIONARY,STATIONARY,MOVING,MOVING,MOVING,MOVING,MOVING,MOVING
51449,1520,14,NO TRIAL,0.12971040,0.00054365,0.00419127,0.00599142,0.00997612,0.01060473,0.00788993,0.00665357,0.00578008,0.01526414,0.00831999,RELIABLE,RELIABLE,RELIABLE,RELIABLE,RELIABLE,RELIABLE,RELIABLE,RELIABLE,STATIONARY,STATIONARY,STATIONARY,MOVING,MOVING,MOVING,MOVING,MOVING,MOVING
51480,1521,14,NO TRIAL,0.13032096,0.00044521,0.00341628,0.00572287,0.00919976,0.01012214,0.00863377,0.00710453,0.00662868,0.01819053,0.00796066,RELIABLE,RELIABLE,RELIABLE,RELIABLE,RELIABLE,RELIABLE,RELIABLE,RELIABLE,STATIONARY,STATIONARY,STATIONARY,MOVING,MOVING,MOVING,MOVING,MOVING,MOVING
51511,1522,14,NO TRIAL,0.13058981,0.00139546,0.01068584,0.00645343,0.01006922,0.01112109,0.00890486,0.00764394,0.00697108,0.01847789,0.00907060,RELIABLE,RELIABLE,RELIABLE,RELIABLE,RELIABLE,RELIABLE,RELIABLE,RELIABLE,STATIONARY,STATIONARY,STATIONARY,MOVING,MOVING,MOVING,MOVING,MOVING,MOVING
51548,1523,14,NO TRIAL,0.13041351,0.00076828,0.00589115,0.00688688,0.01081495,0.01166357,0.00905009,0.00841030,0.00765291,0.02231632,0.01163767,RELIABLE,RELIABLE,RELIABLE,RELIABLE,RELIABLE,RELIABLE,RELIABLE,RELIABLE,STATIONARY,STATIONARY,STATIONARY,MOVING,MOVING,MOVING,MOVING,MOVING,MOVING
51589,1524,14,NO TRIAL,0.13032579,0.00038414,0.00294756,0.00625061,0.00967628,0.01045846,0.00814874,0.00809060,0.00681872,0.02298113,0.01111432,RELIABLE,RELIABLE,RELIABLE,RELIABLE,RELIABLE,RELIABLE,RELIABLE,RELIABLE,STATIONARY,STATIONARY,STATIONARY,MOVING,MOVING,MOVING,MOVING,MOVING,MOVING
51620,1525,14,NO TRIAL,0.12987026,0.00153318,0.01180545,0.00714631,0.01076985,0.01111866,0.00767540,0.00814522,0.00637840,0.02280600,0.01174993,RELIABLE,RELIABLE,RELIABLE,RELIABLE,RELIABLE,RELIABLE,RELIABLE,RELIABLE,STATIONARY,STATIONARY,STATIONARY,MOVING,MOVING,MOVING,MOVING,MOVING,MOVING
51651,1526,14,NO TRIAL,0.13024535,0.00062250,0.00477944,0.00650948,0.00899707,0.00907245,0.00764005,0.00746810,0.00621358,0.02459069,0.01617749,RELIABLE,RELIABLE,RELIABLE,RELIABLE,RELIABLE,RELIABLE,RELIABLE,RELIABLE,STATIONARY,STATIONARY,STATIONARY,MOVING,MOVING,MOVING,MOVING,MOVING,MOVING
51683,1527,14,NO TRIAL,0.13032693,0.00080733,0.00619467,0.00623896,0.00750463,0.00733527,0.00687743,0.00687996,0.00647575,0.02160195,0.01602247,RELIABLE,RELIABLE,RELIABLE,RELIABLE,RELIABLE,RELIABLE,RELIABLE,RELIABLE,STATIONARY,STATIONARY,STATIONARY,MOVING,MOVING,MOVING,MOVING,MOVING,MOVING
51714,1528,14,NO TRIAL,0.12980386,0.00076367,0.00588328,0.00645046,0.00721446,0.00718101,0.00681209,0.00748156,0.00701828,0.02076858,0.01628520,RELIABLE,RELIABLE,RELIABLE,RELIABLE,RELIABLE,RELIABLE,RELIABLE,RELIABLE,STATIONARY,STATIONARY,STATIONARY,MOVING,MOVING,MOVING,MOVING,MOVING,MOVING
51756,1529,14,NO TRIAL,0.12964677,0.00058020,0.00447520,0.00658282,0.00733318,0.00762271,0.00612471,0.00695252,0.00738263,0.02098858,0.01742034,RELIABLE,RELIABLE,RELIABLE,RELIABLE,RELIABLE,RELIABLE,RELIABLE,RELIABLE,STATIONARY,STATIONARY,STATIONARY,MOVING,MOVING,MOVING,MOVING,MOVING,MOVING
51793,1530,14,NO TRIAL,0.12956822,0.00029010,0.00223896,0.00552696,0.00564099,0.00600621,0.00491978,0.00563019,0.00715167,0.02215313,0.01648887,RELIABLE,RELIABLE,RELIABLE,RELIABLE,RELIABLE,RELIABLE,RELIABLE,RELIABLE,STATIONARY,STATIONARY,STATIONARY,MOVING,MOVING,MOVING,MOVING,MOVING,MOVING
51824,1531,14,NO TRIAL,0.13031151,0.00034850,0.00267434,0.00512486,0.00462962,0.00518348,0.00543375,0.00586040,0.00704399,0.02046526,0.01517088,RELIABLE,RELIABLE,RELIABLE,RELIABLE,RELIABLE,RELIABLE,RELIABLE,RELIABLE,STATIONARY,STATIONARY,STATIONARY,MOVING,MOVING,MOVING,MOVING,MOVING,MOVING
51856,1532,14,NO TRIAL,0.13025639,0.00055352,0.00424944,0.00528760,0.00488070,0.00517396,0.00580391,0.00585297,0.00759062,0.02032638,0.01563202,RELIABLE,RELIABLE,RELIABLE,RELIABLE,RELIABLE,RELIABLE,RELIABLE,RELIABLE,STATIONARY,STATIONARY,STATIONARY,MOVING,MOVING,MOVING,MOVING,MOVING,MOVING
51888,1533,14,NO TRIAL,0.13020796,0.00067170,0.00515864,0.00445675,0.00384750,0.00484367,0.00559734,0.00613231,0.00860742,0.02269694,0.01806769,RELIABLE,RELIABLE,RELIABLE,RELIABLE,RELIABLE,RELIABLE,RELIABLE,RELIABLE,STATIONARY,STATIONARY,STATIONARY,MOVING,MOVING,MOVING,MOVING,MOVING,MOVING
51919,1534,14,NO TRIAL,0.13018376,0.00033585,0.00257980,0.00418179,0.00395717,0.00499353,0.00521416,0.00574613,0.00814089,0.02068252,0.01460923,RELIABLE,RELIABLE,RELIABLE,RELIABLE,RELIABLE,RELIABLE,RELIABLE,RELIABLE,STATIONARY,STATIONARY,STATIONARY,MOVING,MOVING,MOVING,MOVING,MOVING,MOVING
51951,1535,14,NO TRIAL,0.12937470,0.00079718,0.00616181,0.00417768,0.00442783,0.00556565,0.00518675,0.00645417,0.00861530,0.02293640,0.01647393,RELIABLE,RELIABLE,RELIABLE,RELIABLE,RELIABLE,RELIABLE,RELIABLE,RELIABLE,STATIONARY,STATIONARY,STATIONARY,MOVING,MOVING,MOVING,MOVING,MOVING,MOVING
51983,1536,14,NO TRIAL,0.12945759,0.00019990,0.00154411,0.00363529,0.00394180,0.00494523,0.00532919,0.00569386,0.00866562,0.02468184,0.01670575,RELIABLE,RELIABLE,RELIABLE,RELIABLE,RELIABLE,RELIABLE,RELIABLE,RELIABLE,STATIONARY,STATIONARY,STATIONARY,MOVING,MOVING,MOVING,MOVING,MOVING,MOVING
52015,1537,14,NO TRIAL,0.12865460,0.00109013,0.00847329,0.00413505,0.00489273,0.00512660,0.00525383,0.00564185,0.00759405,0.02133176,0.01556642,RELIABLE,RELIABLE,RELIABLE,RELIABLE,RELIABLE,RELIABLE,RELIABLE,RELIABLE,STATIONARY,STATIONARY,STATIONARY,STATIONARY,MOVING,MOVING,MOVING,MOVING,MOVING
52046,1538,14,NO TRIAL,0.12846382,0.00029008,0.00225808,0.00413744,0.00517419,0.00490790,0.00574037,0.00619577,0.00783171,0.02113345,0.01519787,RELIABLE,RELIABLE,RELIABLE,RELIABLE,RELIABLE,RELIABLE,RELIABLE,RELIABLE,STATIONARY,STATIONARY,STATIONARY,STATIONARY,MOVING,MOVING,MOVING,MOVING,MOVING
52092,1539,14,NO TRIAL,0.12861078,0.00033845,0.00263160,0.00413210,0.00556405,0.00523017,0.00497007,0.00527995,0.00748521,0.01995080,0.01418610,RELIABLE,RELIABLE,RELIABLE,RELIABLE,RELIABLE,RELIABLE,RELIABLE,RELIABLE,STATIONARY,STATIONARY,STATIONARY,STATIONARY,MOVING,MOVING,MOVING,MOVING,MOVING
52125,1540,14,NO TRIAL,0.12868444,0.00016923,0.00131505,0.00376530,0.00500162,0.00498893,0.00447135,0.00494398,0.00671099,0.01865265,0.01255882,RELIABLE,RELIABLE,RELIABLE,RELIABLE,RELIABLE,RELIABLE,RELIABLE,RELIABLE,STATIONARY,STATIONARY,STATIONARY,STATIONARY,MOVING,MOVING,MOVING,MOVING,MOVING
52156,1541,14,NO TRIAL,0.12862477,0.00053262,0.00414088,0.00363808,0.00509624,0.00448155,0.00452167,0.00482809,0.00684762,0.01945274,0.01344925,RELIABLE,RELIABLE,RELIABLE,RELIABLE,RELIABLE,RELIABLE,RELIABLE,RELIABLE,STATIONARY,STATIONARY,STATIONARY,STATIONARY,MOVING,MOVING,MOVING,MOVING,MOVING
52187,1542,14,NO TRIAL,0.12843618,0.00051098,0.00397851,0.00381292,0.00606603,0.00506492,0.00499448,0.00528564,0.00709184,0.02067876,0.01246731,RELIABLE,RELIABLE,RELIABLE,RELIABLE,RELIABLE,RELIABLE,RELIABLE,RELIABLE,STATIONARY,STATIONARY,STATIONARY,STATIONARY,MOVING,MOVING,MOVING,MOVING,MOVING
52219,1543,14,NO TRIAL,0.12896980,0.00098186,0.00761310,0.00399433,0.00617426,0.00551196,0.00549394,0.00442044,0.00624014,0.01767023,0.01140404,RELIABLE,RELIABLE,RELIABLE,RELIABLE,RELIABLE,RELIABLE,RELIABLE,RELIABLE,STATIONARY,STATIONARY,STATIONARY,STATIONARY,MOVING,MOVING,MOVING,MOVING,MOVING
52252,1544,14,NO TRIAL,0.12933891,0.00072098,0.00557435,0.00449811,0.00723901,0.00653432,0.00549799,0.00460022,0.00591457,0.01518358,0.01128260,RELIABLE,RELIABLE,RELIABLE,RELIABLE,RELIABLE,RELIABLE,RELIABLE,RELIABLE,STATIONARY,STATIONARY,STATIONARY,STATIONARY,MOVING,MOVING,MOVING,MOVING,MOVING
52283,1545,14,NO TRIAL,0.12952554,0.00036049,0.00278316,0.00378684,0.00656717,0.00616245,0.00545523,0.00451372,0.00578843,0.01489695,0.01046451,RELIABLE,RELIABLE,RELIABLE,RELIABLE,RELIABLE,RELIABLE,RELIABLE,RELIABLE,STATIONARY,STATIONARY,STATIONARY,STATIONARY,MOVING,MOVING,MOVING,MOVING,MOVING
52314,1546,14,NO TRIAL,0.12885330,0.00125495,0.00973938,0.00472200,0.00790044,0.00722405,0.00592925,0.00474954,0.00557365,0.01420811,0.01032072,RELIABLE,RELIABLE,RELIABLE,RELIABLE,RELIABLE,RELIABLE,RELIABLE,RELIABLE,STATIONARY,STATIONARY,STATIONARY,STATIONARY,STATIONARY,MOVING,MOVING,MOVING,MOVING
52345,1547,14,NO TRIAL,0.12947260,0.00100094,0.00773089,0.00535941,0.00847861,0.00808482,0.00623426,0.00500105,0.00595828,0.01419476,0.01048583,RELIABLE,RELIABLE,RELIABLE,RELIABLE,RELIABLE,RELIABLE,RELIABLE,RELIABLE,STATIONARY,STATIONARY,STATIONARY,STATIONARY,STATIONARY,MOVING,MOVING,MOVING,MOVING
52380,1548,14,NO TRIAL,0.12888781,0.00086307,0.00669626,0.00603207,0.00933637,0.00919992,0.00742442,0.00602414,0.00709422,0.01656475,0.01159628,RELIABLE,RELIABLE,RELIABLE,RELIABLE,RELIABLE,RELIABLE,RELIABLE,RELIABLE,STATIONARY,STATIONARY,STATIONARY,STATIONARY,STATIONARY,MOVING,MOVING,MOVING,MOVING
52412,1549,14,NO TRIAL,0.12932739,0.00084183,0.00650933,0.00632812,0.00942166,0.00892905,0.00745469,0.00583790,0.00787635,0.01517746,0.01010480,RELIABLE,RELIABLE,RELIABLE,RELIABLE,RELIABLE,RELIABLE,RELIABLE,RELIABLE,STATIONARY,STATIONARY,STATIONARY,STATIONARY,STATIONARY,MOVING,MOVING,MOVING,MOVING
52460,1550,14,NO TRIAL,0.12905441,0.00060886,0.00471785,0.00642054,0.00925471,0.00857299,0.00703031,0.00585976,0.00739625,0.01302719,0.01066876,RELIABLE,RELIABLE,RELIABLE,RELIABLE,RELIABLE,RELIABLE,RELIABLE,RELIABLE,STATIONARY,STATIONARY,STATIONARY,STATIONARY,STATIONARY,MOVING,MOVING,MOVING,MOVING
52487,1551,14,NO TRIAL,0.12891881,0.00030443,0.00236141,0.00576408,0.00866754,0.00744614,0.00599221,0.00589527,0.00707634,0.01215663,0.00963832,RELIABLE,RELIABLE,RELIABLE,RELIABLE,RELIABLE,RELIABLE,RELIABLE,RELIABLE,STATIONARY,STATIONARY,STATIONARY,STATIONARY,STATIONARY,MOVING,MOVING,MOVING,MOVING
52519,1552,14,NO TRIAL,0.12916183,0.00045234,0.00350208,0.00550504,0.00820811,0.00671073,0.00633850,0.00647103,0.00699646,0.01220352,0.00971020,RELIABLE,RELIABLE,RELIABLE,RELIABLE,RELIABLE,RELIABLE,RELIABLE,RELIABLE,STATIONARY,STATIONARY,STATIONARY,STATIONARY,STATIONARY,MOVING,MOVING,MOVING,MOVING
52551,1553,14,NO TRIAL,0.12923221,0.00057310,0.00443464,0.00571148,0.00807046,0.00652386,0.00697663,0.00694594,0.00784765,0.01667021,0.01152485,RELIABLE,RELIABLE,RELIABLE,RELIABLE,RELIABLE,RELIABLE,RELIABLE,RELIABLE,STATIONARY,STATIONARY,STATIONARY,STATIONARY,STATIONARY,MOVING,MOVING,MOVING,MOVING
52588,1554,14,NO TRIAL,0.12903825,0.00093745,0.00726492,0.00540217,0.00671304,0.00582543,0.00599310,0.00701174,0.00814984,0.01958762,0.01347570,RELIABLE,RELIABLE,RELIABLE,RELIABLE,RELIABLE,RELIABLE,RELIABLE,RELIABLE,STATIONARY,STATIONARY,STATIONARY,STATIONARY,STATIONARY,MOVING,MOVING,MOVING,MOVING
52613,1555,14,NO TRIAL,0.12894359,0.00046873,0.00363513,0.00489020,0.00572752,0.00468569,0.00532017,0.00671561,0.00775582,0.02037528,0.01388215,RELIABLE,RELIABLE,RELIABLE,RELIABLE,RELIABLE,RELIABLE,RELIABLE,RELIABLE,STATIONARY,STATIONARY,STATIONARY,STATIONARY,STATIONARY,MOVING,MOVING,MOVING,MOVING
52645,1556,14,NO TRIAL,0.12794735,0.00170067,0.01329198,0.00571467,0.00758808,0.00609504,0.00514218,0.00638156,0.00755023,0.02183758,0.01600420,RELIABLE,RELIABLE,RELIABLE,RELIABLE,RELIABLE,RELIABLE,RELIABLE,RELIABLE,STATIONARY,STATIONARY,STATIONARY,STATIONARY,STATIONARY,MOVING,MOVING,MOVING,MOVING
52676,1557,14,NO TRIAL,0.12755717,0.00045489,0.00356616,0.00534677,0.00708284,0.00620065,0.00482137,0.00719949,0.00592686,0.01900580,0.01401848,RELIABLE,RELIABLE,RELIABLE,RELIABLE,RELIABLE,RELIABLE,RELIABLE,RELIABLE,STATIONARY,STATIONARY,STATIONARY,STATIONARY,STATIONARY,MOVING,MOVING,MOVING,MOVING
52716,1558,14,NO TRIAL,0.12908128,0.00132790,0.01028732,0.00604296,0.00819631,0.00746302,0.00596784,0.00873731,0.00652813,0.01967418,0.01408984,RELIABLE,RELIABLE,RELIABLE,RELIABLE,RELIABLE,RELIABLE,RELIABLE,RELIABLE,STATIONARY,STATIONARY,STATIONARY,STATIONARY,STATIONARY,MOVING,MOVING,MOVING,MOVING
52754,1559,14,NO TRIAL,0.12939879,0.00071337,0.00551299,0.00643690,0.00888486,0.00794594,0.00681777,0.00908554,0.00739457,0.02118817,0.01504794,RELIABLE,RELIABLE,RELIABLE,RELIABLE,RELIABLE,RELIABLE,RELIABLE,RELIABLE,STATIONARY,STATIONARY,STATIONARY,STATIONARY,STATIONARY,MOVING,MOVING,MOVING,MOVING
52784,1560,14,NO TRIAL,0.12956550,0.00035669,0.00275295,0.00634326,0.00864592,0.00774901,0.00614815,0.00830580,0.00742120,0.02115722,0.01488738,RELIABLE,RELIABLE,RELIABLE,RELIABLE,RELIABLE,RELIABLE,RELIABLE,RELIABLE,STATIONARY,STATIONARY,STATIONARY,STATIONARY,STATIONARY,MOVING,MOVING,MOVING,MOVING
52816,1561,14,NO TRIAL,0.12889647,0.00048848,0.00378970,0.00626265,0.00854046,0.00775675,0.00640368,0.00837516,0.00705136,0.01822528,0.01635344,RELIABLE,RELIABLE,RELIABLE,RELIABLE,RELIABLE,RELIABLE,RELIABLE,RELIABLE,STATIONARY,STATIONARY,STATIONARY,STATIONARY,STATIONARY,MOVING,MOVING,MOVING,MOVING
52848,1562,14,NO TRIAL,0.12871104,0.00098196,0.00762915,0.00630817,0.00937952,0.00851575,0.00677390,0.00780553,0.00647159,0.01508000,0.01618680,RELIABLE,RELIABLE,RELIABLE,RELIABLE,RELIABLE,RELIABLE,RELIABLE,RELIABLE,STATIONARY,STATIONARY,STATIONARY,STATIONARY,STATIONARY,MOVING,MOVING,MOVING,MOVING
52878,1563,14,NO TRIAL,0.12767133,0.00078105,0.00611763,0.00661849,0.01072551,0.00983742,0.00736354,0.00856112,0.00766432,0.01786945,0.01717056,RELIABLE,RELIABLE,RELIABLE,RELIABLE,RELIABLE,RELIABLE,RELIABLE,RELIABLE,STATIONARY,STATIONARY,STATIONARY,STATIONARY,STATIONARY,MOVING,MOVING,MOVING,MOVING
52925,1564,14,NO TRIAL,0.12788279,0.00040592,0.00317415,0.00535376,0.00865941,0.00789317,0.00715866,0.00894451,0.00752490,0.01584524,0.01487046,RELIABLE,RELIABLE,RELIABLE,RELIABLE,RELIABLE,RELIABLE,RELIABLE,RELIABLE,STATIONARY,STATIONARY,STATIONARY,STATIONARY,STATIONARY,MOVING,MOVING,MOVING,MOVING
52957,1565,14,NO TRIAL,0.12851907,0.00077321,0.00601627,0.00566002,0.00925018,0.00817034,0.00789874,0.00857549,0.00794759,0.01607241,0.01536398,RELIABLE,RELIABLE,RELIABLE,RELIABLE,RELIABLE,RELIABLE,RELIABLE,RELIABLE,STATIONARY,STATIONARY,STATIONARY,STATIONARY,STATIONARY,MOVING,MOVING,MOVING,MOVING
52989,1566,14,NO TRIAL,0.12883757,0.00038660,0.00300070,0.00474919,0.00746542,0.00648209,0.00695228,0.00663040,0.00743972,0.01473089,0.01466173,RELIABLE,RELIABLE,RELIABLE,RELIABLE,RELIABLE,RELIABLE,RELIABLE,RELIABLE,STATIONARY,STATIONARY,STATIONARY,STATIONARY,STATIONARY,MOVING,MOVING,MOVING,MOVING
53021,1567,14,NO TRIAL,0.12903814,0.00087439,0.00677618,0.00490709,0.00707399,0.00584268,0.00929118,0.00663237,0.00735326,0.01534807,0.01470803,RELIABLE,RELIABLE,RELIABLE,RELIABLE,RELIABLE,RELIABLE,RELIABLE,RELIABLE,STATIONARY,STATIONARY,STATIONARY,STATIONARY,STATIONARY,MOVING,MOVING,MOVING,MOVING
53053,1568,14,NO TRIAL,0.12895831,0.00065607,0.00508744,0.00519890,0.00716435,0.00617353,0.00946279,0.00722910,0.00779179,0.01618233,0.01527720,RELIABLE,RELIABLE,RELIABLE,RELIABLE,RELIABLE,RELIABLE,RELIABLE,RELIABLE,STATIONARY,STATIONARY,STATIONARY,STATIONARY,STATIONARY,MOVING,MOVING,MOVING,MOVING
53084,1569,14,NO TRIAL,0.12861809,0.00091304,0.00709888,0.00561255,0.00846450,0.00683383,0.00934205,0.00721880,0.00814732,0.01883745,0.01296153,RELIABLE,RELIABLE,RELIABLE,RELIABLE,RELIABLE,RELIABLE,RELIABLE,RELIABLE,STATIONARY,STATIONARY,STATIONARY,STATIONARY,STATIONARY,MOVING,MOVING,MOVING,MOVING
53115,1570,14,NO TRIAL,0.12844831,0.00045652,0.00355413,0.00510317,0.00803720,0.00607618,0.00932281,0.00713102,0.00822191,0.02023092,0.01119369,RELIABLE,RELIABLE,RELIABLE,RELIABLE,RELIABLE,RELIABLE,RELIABLE,RELIABLE,STATIONARY,STATIONARY,STATIONARY,STATIONARY,STATIONARY,MOVING,MOVING,MOVING,MOVING
53147,1571,14,NO TRIAL,0.12881017,0.00077451,0.00601280,0.00509007,0.00780977,0.00593152,0.00967041,0.00696825,0.00723948,0.01850119,0.00992534,RELIABLE,RELIABLE,RELIABLE,RELIABLE,RELIABLE,RELIABLE,RELIABLE,RELIABLE,STATIONARY,STATIONARY,STATIONARY,STATIONARY,STATIONARY,MOVING,MOVING,MOVING,MOVING
53179,1572,14,NO TRIAL,0.12799878,0.00110178,0.00860774,0.00576927,0.00854093,0.00651809,0.01083318,0.00608781,0.00727832,0.01830681,0.01049435,RELIABLE,RELIABLE,RELIABLE,RELIABLE,RELIABLE,RELIABLE,RELIABLE,RELIABLE,STATIONARY,STATIONARY,STATIONARY,STATIONARY,STATIONARY,MOVING,MOVING,MOVING,MOVING
53212,1573,14,NO TRIAL,0.12873517,0.00041949,0.00325853,0.00542455,0.00852136,0.00650506,0.01109024,0.00721993,0.00663714,0.01912849,0.00971645,RELIABLE,RELIABLE,RELIABLE,RELIABLE,RELIABLE,RELIABLE,RELIABLE,RELIABLE,STATIONARY,STATIONARY,STATIONARY,STATIONARY,STATIONARY,MOVING,MOVING,MOVING,MOVING
53244,1574,14,NO TRIAL,0.12848178,0.00107624,0.00837659,0.00609653,0.00912360,0.00761981,0.01278532,0.00868803,0.00712689,0.02062078,0.01011914,RELIABLE,RELIABLE,RELIABLE,RELIABLE,RELIABLE,RELIABLE,RELIABLE,RELIABLE,STATIONARY,STATIONARY,STATIONARY,STATIONARY,STATIONARY,MOVING,MOVING,MOVING,MOVING
53292,1575,14,NO TRIAL,0.12857980,0.00056207,0.00437136,0.00579593,0.00925403,0.00800382,0.01164654,0.00938123,0.00768731,0.02097692,0.01164278,RELIABLE,RELIABLE,RELIABLE,RELIABLE,RELIABLE,RELIABLE,RELIABLE,RELIABLE,STATIONARY,STATIONARY,STATIONARY,STATIONARY,STATIONARY,MOVING,MOVING,MOVING,MOVING
53321,1576,14,NO TRIAL,0.12863601,0.00028103,0.00218472,0.00543309,0.00903375,0.00754569,0.01207516,0.00913227,0.00748612,0.02063000,0.01185894,RELIABLE,RELIABLE,RELIABLE,RELIABLE,RELIABLE,RELIABLE,RELIABLE,RELIABLE,STATIONARY,STATIONARY,STATIONARY,STATIONARY,STATIONARY,MOVING,MOVING,MOVING,MOVING
53352,1577,14,NO TRIAL,0.12862829,0.00206530,0.01605631,0.00655277,0.01004791,0.00832284,0.01280536,0.01009807,0.00804516,0.01765669,0.01251462,RELIABLE,RELIABLE,RELIABLE,RELIABLE,RELIABLE,RELIABLE,RELIABLE,RELIABLE,STATIONARY,STATIONARY,STATIONARY,STATIONARY,STATIONARY,MOVING,MOVING,MOVING,MOVING
53383,1578,14,NO TRIAL,0.12918977,0.00090281,0.00698826,0.00698204,0.00981377,0.00887986,0.01442785,0.01163825,0.00945063,0.01756451,0.01417138,RELIABLE,RELIABLE,RELIABLE,RELIABLE,RELIABLE,RELIABLE,RELIABLE,RELIABLE,STATIONARY,STATIONARY,STATIONARY,MOVING,STATIONARY,MOVING,MOVING,MOVING,MOVING
53420,1579,14,NO TRIAL,0.12900894,0.00103319,0.00800867,0.00723152,0.00894255,0.00817314,0.01524762,0.01244980,0.01082611,0.01789079,0.01521525,RELIABLE,RELIABLE,RELIABLE,RELIABLE,RELIABLE,RELIABLE,RELIABLE,RELIABLE,STATIONARY,STATIONARY,STATIONARY,MOVING,STATIONARY,MOVING,MOVING,MOVING,MOVING
53460,1580,14,NO TRIAL,0.12891924,0.00051660,0.00400712,0.00665644,0.00747949,0.00710246,0.01397289,0.01293852,0.01078544,0.01735881,0.01438021,RELIABLE,RELIABLE,RELIABLE,RELIABLE,RELIABLE,RELIABLE,RELIABLE,RELIABLE,STATIONARY,STATIONARY,STATIONARY,MOVING,STATIONARY,MOVING,MOVING,MOVING,MOVING
53491,1581,14,NO TRIAL,0.12992082,0.00139763,0.01075755,0.00759382,0.00900627,0.00920459,0.01518793,0.01278102,0.01211442,0.02290780,0.01741487,RELIABLE,RELIABLE,RELIABLE,RELIABLE,RELIABLE,RELIABLE,RELIABLE,RELIABLE,STATIONARY,STATIONARY,STATIONARY,MOVING,MOVING,MOVING,MOVING,MOVING,MOVING
53522,1582,14,NO TRIAL,0.13037058,0.00099855,0.00765929,0.00750416,0.01004108,0.00953829,0.01555949,0.01296283,0.01416635,0.02318546,0.01887380,RELIABLE,RELIABLE,RELIABLE,RELIABLE,RELIABLE,RELIABLE,RELIABLE,RELIABLE,STATIONARY,STATIONARY,STATIONARY,MOVING,MOVING,MOVING,MOVING,MOVING,MOVING
53554,1583,14,NO TRIAL,0.13114041,0.00109194,0.00832647,0.00799855,0.01108659,0.01131505,0.01698255,0.01516475,0.01544558,0.02606351,0.01886602,RELIABLE,RELIABLE,RELIABLE,RELIABLE,RELIABLE,RELIABLE,RELIABLE,RELIABLE,STATIONARY,STATIONARY,STATIONARY,MOVING,MOVING,MOVING,MOVING,MOVING,MOVING
53586,1584,14,NO TRIAL,0.13172144,0.00213286,0.01619220,0.00974948,0.01440361,0.01491752,0.01904824,0.01901170,0.01690811,0.02804835,0.01932750,RELIABLE,RELIABLE,RELIABLE,RELIABLE,RELIABLE,RELIABLE,RELIABLE,RELIABLE,STATIONARY,STATIONARY,STATIONARY,MOVING,MOVING,MOVING,MOVING,MOVING,MOVING
53628,1585,14,NO TRIAL,0.13089053,0.00158867,0.01213738,0.00925962,0.01450528,0.01517637,0.02077594,0.02231072,0.01833481,0.02819060,0.01974929,RELIABLE,RELIABLE,RELIABLE,RELIABLE,RELIABLE,RELIABLE,RELIABLE,RELIABLE,STATIONARY,STATIONARY,STATIONARY,MOVING,MOVING,MOVING,MOVING,MOVING,MOVING
53666,1586,14,NO TRIAL,0.13047913,0.00079433,0.00608782,0.00914706,0.01530066,0.01514004,0.02038736,0.02291043,0.01792639,0.02686710,0.01863426,RELIABLE,RELIABLE,RELIABLE,RELIABLE,RELIABLE,RELIABLE,RELIABLE,RELIABLE,STATIONARY,MOVING,MOVING,MOVING,MOVING,MOVING,MOVING,MOVING,MOVING
53698,1587,14,NO TRIAL,0.13065047,0.00164244,0.01257129,0.00971739,0.01809713,0.01834881,0.02156716,0.02366138,0.01830728,0.02591225,0.01931069,RELIABLE,RELIABLE,RELIABLE,RELIABLE,RELIABLE,RELIABLE,RELIABLE,RELIABLE,STATIONARY,MOVING,MOVING,MOVING,MOVING,MOVING,MOVING,MOVING,MOVING
53729,1588,14,NO TRIAL,0.13101929,0.00191636,0.01462655,0.01104482,0.02009559,0.02118298,0.02417402,0.02571576,0.02007708,0.02746259,0.02243781,RELIABLE,RELIABLE,RELIABLE,RELIABLE,RELIABLE,RELIABLE,RELIABLE,RELIABLE,STATIONARY,MOVING,MOVING,MOVING,MOVING,MOVING,MOVING,MOVING,MOVING
53761,1589,14,NO TRIAL,0.13087969,0.00154380,0.01179556,0.01117457,0.01917011,0.02065206,0.02645968,0.02743006,0.02240339,0.02675628,0.02373744,RELIABLE,RELIABLE,RELIABLE,RELIABLE,RELIABLE,RELIABLE,RELIABLE,RELIABLE,STATIONARY,MOVING,MOVING,MOVING,MOVING,MOVING,MOVING,MOVING,MOVING
53793,1590,14,NO TRIAL,0.12994006,0.00228306,0.01757010,0.01241342,0.02000044,0.02167815,0.02696506,0.02888757,0.02101311,0.02698277,0.02217350,RELIABLE,RELIABLE,RELIABLE,RELIABLE,RELIABLE,RELIABLE,RELIABLE,RELIABLE,STATIONARY,MOVING,MOVING,MOVING,MOVING,MOVING,MOVING,MOVING,MOVING
53824,1591,14,NO TRIAL,0.12947275,0.00114153,0.00881676,0.01247471,0.01943010,0.02070282,0.02488344,0.02699832,0.01901873,0.02228286,0.01948784,RELIABLE,RELIABLE,RELIABLE,RELIABLE,RELIABLE,RELIABLE,RELIABLE,RELIABLE,STATIONARY,MOVING,MOVING,MOVING,MOVING,MOVING,MOVING,MOVING,MOVING
53856,1592,14,NO TRIAL,0.12948649,0.00221755,0.01712573,0.01259140,0.01795629,0.01834096,0.02339038,0.02426617,0.01973365,0.02267185,0.02163297,RELIABLE,RELIABLE,RELIABLE,RELIABLE,RELIABLE,RELIABLE,RELIABLE,RELIABLE,MOVING,MOVING,MOVING,MOVING,MOVING,MOVING,MOVING,MOVING,MOVING
53887,1593,14,NO TRIAL,0.13028091,0.00247946,0.01903166,0.01345318,0.02051881,0.02085623,0.02163532,0.02086846,0.01824687,0.02234811,0.02075284,RELIABLE,RELIABLE,RELIABLE,RELIABLE,RELIABLE,RELIABLE,RELIABLE,RELIABLE,MOVING,MOVING,MOVING,MOVING,MOVING,MOVING,MOVING,MOVING,MOVING
53918,1594,14,NO TRIAL,0.13154584,0.00111304,0.00846121,0.01374986,0.02062552,0.02118946,0.02139126,0.01962686,0.01765431,0.02685078,0.02079194,RELIABLE,RELIABLE,RELIABLE,RELIABLE,RELIABLE,RELIABLE,RELIABLE,RELIABLE,MOVING,MOVING,MOVING,MOVING,MOVING,MOVING,MOVING,MOVING,MOVING
53949,1595,14,NO TRIAL,0.13217863,0.00055652,0.00421035,0.01270474,0.01811776,0.01793439,0.01912099,0.01758846,0.01563456,0.02707268,0.01867532,RELIABLE,RELIABLE,RELIABLE,RELIABLE,RELIABLE,RELIABLE,RELIABLE,RELIABLE,MOVING,MOVING,MOVING,MOVING,MOVING,MOVING,MOVING,MOVING,MOVING
53980,1596,14,NO TRIAL,0.13355621,0.00138786,0.01039155,0.01217537,0.01906273,0.01753840,0.01647043,0.01652210,0.01467222,0.02787012,0.01982861,RELIABLE,RELIABLE,RELIABLE,RELIABLE,RELIABLE,RELIABLE,RELIABLE,RELIABLE,MOVING,MOVING,MOVING,MOVING,MOVING,MOVING,MOVING,MOVING,MOVING
54012,1597,14,NO TRIAL,0.13400095,0.00167971,0.01253504,0.01226780,0.01919817,0.01680212,0.01399559,0.01436539,0.01405210,0.02549224,0.02017191,RELIABLE,RELIABLE,RELIABLE,RELIABLE,RELIABLE,RELIABLE,RELIABLE,RELIABLE,MOVING,MOVING,MOVING,MOVING,MOVING,MOVING,MOVING,MOVING,MOVING
54044,1598,14,NO TRIAL,0.13389954,0.00192610,0.01438466,0.01186962,0.01860255,0.01698774,0.01383358,0.01332789,0.01513226,0.02569746,0.02444197,RELIABLE,RELIABLE,RELIABLE,RELIABLE,RELIABLE,RELIABLE,RELIABLE,RELIABLE,MOVING,MOVING,MOVING,MOVING,MOVING,MOVING,MOVING,MOVING,MOVING
54076,1599,14,NO TRIAL,0.13538956,0.00230478,0.01702335,0.01289545,0.02121045,0.02008235,0.01593849,0.01516573,0.01774712,0.02758937,0.02913338,RELIABLE,RELIABLE,RELIABLE,RELIABLE,RELIABLE,RELIABLE,RELIABLE,RELIABLE,MOVING,MOVING,MOVING,MOVING,MOVING,MOVING,MOVING,MOVING,MOVING
54123,1600,14,NO TRIAL,0.13668415,0.00244992,0.01792397,0.01299523,0.02260212,0.02259331,0.01891567,0.01790103,0.01810812,0.02806825,0.02750878,RELIABLE,RELIABLE,RELIABLE,RELIABLE,RELIABLE,RELIABLE,RELIABLE,RELIABLE,MOVING,MOVING,MOVING,MOVING,MOVING,MOVING,MOVING,MOVING,MOVING
54154,1601,14,NO TRIAL,0.13733277,0.00122496,0.00891966,0.01173123,0.01906219,0.01989825,0.01934286,0.01848648,0.01812612,0.02870156,0.02718026,RELIABLE,RELIABLE,RELIABLE,RELIABLE,RELIABLE,RELIABLE,RELIABLE,RELIABLE,MOVING,MOVING,MOVING,MOVING,MOVING,MOVING,MOVING,MOVING,MOVING
54184,1602,14,NO TRIAL,0.13865883,0.00359465,0.02592441,0.01391413,0.02367479,0.02345042,0.02444195,0.02219392,0.02122070,0.02610891,0.03163020,RELIABLE,RELIABLE,RELIABLE,RELIABLE,RELIABLE,RELIABLE,RELIABLE,RELIABLE,MOVING,MOVING,MOVING,MOVING,MOVING,MOVING,MOVING,MOVING,MOVING
54216,1603,14,NO TRIAL,0.13953359,0.00301829,0.02163128,0.01609174,0.02962980,0.02984621,0.02830473,0.02567254,0.02424910,0.02686822,0.03373035,RELIABLE,RELIABLE,RELIABLE,RELIABLE,RELIABLE,RELIABLE,RELIABLE,RELIABLE,MOVING,MOVING,MOVING,MOVING,MOVING,MOVING,MOVING,MOVING,MOVING
54252,1604,14,NO TRIAL,0.13933072,0.00407593,0.02925364,0.01844950,0.03555705,0.03566921,0.03403981,0.02931331,0.02826930,0.02865953,0.03283918,RELIABLE,RELIABLE,RELIABLE,RELIABLE,RELIABLE,RELIABLE,RELIABLE,RELIABLE,MOVING,MOVING,MOVING,MOVING,MOVING,MOVING,MOVING,MOVING,MOVING
54284,1605,14,NO TRIAL,0.14019730,0.00470953,0.03359213,0.02108164,0.04425261,0.04332860,0.03906026,0.03334537,0.03028920,0.02662597,0.03012032,RELIABLE,RELIABLE,RELIABLE,RELIABLE,RELIABLE,RELIABLE,RELIABLE,RELIABLE,MOVING,MOVING,MOVING,MOVING,MOVING,MOVING,MOVING,MOVING,MOVING
54310,1606,14,NO TRIAL,0.14073104,0.00235476,0.01673236,0.02137510,0.04706878,0.04489261,0.03978924,0.03354830,0.03025548,0.02504782,0.02613974,RELIABLE,RELIABLE,RELIABLE,RELIABLE,RELIABLE,RELIABLE,RELIABLE,RELIABLE,MOVING,MOVING,MOVING,MOVING,MOVING,MOVING,MOVING,MOVING,MOVING
54342,1607,14,NO TRIAL,0.14245282,0.00352968,0.02477791,0.02234442,0.04975702,0.04753507,0.04126901,0.03581504,0.03108969,0.02632780,0.02393441,RELIABLE,RELIABLE,RELIABLE,RELIABLE,RELIABLE,RELIABLE,RELIABLE,RELIABLE,MOVING,MOVING,MOVING,MOVING,MOVING,MOVING,MOVING,MOVING,MOVING
54373,1608,14,NO TRIAL,0.14419276,0.00583630,0.04047571,0.02516339,0.05643335,0.05350480,0.04376542,0.03753732,0.03323627,0.02616243,0.02467926,RELIABLE,RELIABLE,RELIABLE,RELIABLE,RELIABLE,RELIABLE,RELIABLE,RELIABLE,MOVING,MOVING,MOVING,MOVING,MOVING,MOVING,MOVING,MOVING,MOVING
54412,1609,14,NO TRIAL,0.14612669,0.00581226,0.03977549,0.02902037,0.06436721,0.06085559,0.04675359,0.04189318,0.03716204,0.02943227,0.02677424,RELIABLE,RELIABLE,RELIABLE,RELIABLE,RELIABLE,RELIABLE,RELIABLE,RELIABLE,MOVING,MOVING,MOVING,MOVING,MOVING,MOVING,MOVING,MOVING,MOVING
54453,1610,14,NO TRIAL,0.14771597,0.00548446,0.03712839,0.03042086,0.06707768,0.06506801,0.04548628,0.04217068,0.03818420,0.02876506,0.02441941,RELIABLE,RELIABLE,RELIABLE,RELIABLE,RELIABLE,RELIABLE,RELIABLE,RELIABLE,MOVING,MOVING,MOVING,MOVING,MOVING,MOVING,MOVING,MOVING,MOVING
54492,1611,14,NO TRIAL,0.15042311,0.00435551,0.02895506,0.03133634,0.06702205,0.06528691,0.04493381,0.04321408,0.03858616,0.02669093,0.02422144,RELIABLE,RELIABLE,RELIABLE,RELIABLE,RELIABLE,RELIABLE,RELIABLE,RELIABLE,MOVING,MOVING,MOVING,MOVING,MOVING,MOVING,MOVING,MOVING,MOVING
54532,1612,14,NO TRIAL,0.15179484,0.00217775,0.01434670,0.02947297,0.06121516,0.06027655,0.04033316,0.04017852,0.03463582,0.02152047,0.02105097,RELIABLE,RELIABLE,RELIABLE,RELIABLE,RELIABLE,RELIABLE,RELIABLE,RELIABLE,MOVING,MOVING,MOVING,MOVING,MOVING,MOVING,MOVING,MOVING,MOVING
54563,1613,14,NO TRIAL,0.15331501,0.00347912,0.02269259,0.02811053,0.05690983,0.05659524,0.03650989,0.03886638,0.03211465,0.02194510,0.02085503,RELIABLE,RELIABLE,RELIABLE,RELIABLE,RELIABLE,RELIABLE,RELIABLE,RELIABLE,MOVING,MOVING,MOVING,MOVING,MOVING,MOVING,MOVING,MOVING,MOVING
54595,1614,14,NO TRIAL,0.15475115,0.00314610,0.02033005,0.02856024,0.05667353,0.05703935,0.03570373,0.04092811,0.03260276,0.02270098,0.02087568,RELIABLE,RELIABLE,RELIABLE,RELIABLE,RELIABLE,RELIABLE,RELIABLE,RELIABLE,MOVING,MOVING,MOVING,MOVING,MOVING,MOVING,MOVING,MOVING,MOVING
54626,1615,14,NO TRIAL,0.15652272,0.00373429,0.02385783,0.02844523,0.05512684,0.05537116,0.03311624,0.03889492,0.03170217,0.02213956,0.02068805,RELIABLE,RELIABLE,RELIABLE,RELIABLE,RELIABLE,RELIABLE,RELIABLE,RELIABLE,MOVING,MOVING,MOVING,MOVING,MOVING,MOVING,MOVING,MOVING,MOVING
54657,1616,14,NO TRIAL,0.15741417,0.00186715,0.01186136,0.02486843,0.04731339,0.04806968,0.02723255,0.03450394,0.02792451,0.01983634,0.01875635,RELIABLE,RELIABLE,RELIABLE,RELIABLE,RELIABLE,RELIABLE,RELIABLE,RELIABLE,MOVING,MOVING,MOVING,MOVING,MOVING,MOVING,MOVING,MOVING,MOVING
54689,1617,14,NO TRIAL,0.15868446,0.00224663,0.01415783,0.02166623,0.03893922,0.04073098,0.02367270,0.03152783,0.02397911,0.01510395,0.01757481,RELIABLE,RELIABLE,RELIABLE,RELIABLE,RELIABLE,RELIABLE,RELIABLE,RELIABLE,MOVING,MOVING,MOVING,MOVING,MOVING,MOVING,MOVING,MOVING,MOVING
54720,1618,14,NO TRIAL,0.15964492,0.00200092,0.01253356,0.01859187,0.03328850,0.03458159,0.01986550,0.02811190,0.02091805,0.01497238,0.01534978,RELIABLE,RELIABLE,RELIABLE,RELIABLE,RELIABLE,RELIABLE,RELIABLE,RELIABLE,MOVING,MOVING,MOVING,MOVING,MOVING,MOVING,MOVING,MOVING,MOVING
54752,1619,14,NO TRIAL,0.15869151,0.00200283,0.01262090,0.01655010,0.02957464,0.02986894,0.01859590,0.02543106,0.01860340,0.01772228,0.01456617,RELIABLE,RELIABLE,RELIABLE,RELIABLE,RELIABLE,RELIABLE,RELIABLE,RELIABLE,MOVING,MOVING,MOVING,MOVING,MOVING,MOVING,MOVING,MOVING,MOVING
54782,1620,14,NO TRIAL,0.15822219,0.00100142,0.00632917,0.01554791,0.02775217,0.02754961,0.01798382,0.02411772,0.01746615,0.01910966,0.01418849,RELIABLE,RELIABLE,RELIABLE,RELIABLE,RELIABLE,RELIABLE,RELIABLE,RELIABLE,MOVING,MOVING,MOVING,MOVING,MOVING,MOVING,MOVING,MOVING,MOVING
54814,1621,14,NO TRIAL,0.15850583,0.00160866,0.01014892,0.01397995,0.02334054,0.02438006,0.01804088,0.02190585,0.01782496,0.02481327,0.01672781,RELIABLE,RELIABLE,RELIABLE,RELIABLE,RELIABLE,RELIABLE,RELIABLE,RELIABLE,MOVING,MOVING,MOVING,MOVING,MOVING,MOVING,MOVING,MOVING,MOVING
54846,1622,14,NO TRIAL,0.15913039,0.00310753,0.01952821,0.01387972,0.02231155,0.02237573,0.01633526,0.01879493,0.01609115,0.02480163,0.01848135,RELIABLE,RELIABLE,RELIABLE,RELIABLE,RELIABLE,RELIABLE,RELIABLE,RELIABLE,MOVING,MOVING,MOVING,MOVING,MOVING,MOVING,MOVING,MOVING,MOVING
54877,1623,14,NO TRIAL,0.15951705,0.00185655,0.01163859,0.01235232,0.01950303,0.01927017,0.01695341,0.01675868,0.01444674,0.02308082,0.01676906,RELIABLE,RELIABLE,RELIABLE,RELIABLE,RELIABLE,RELIABLE,RELIABLE,RELIABLE,MOVING,MOVING,MOVING,MOVING,MOVING,MOVING,MOVING,MOVING,MOVING
54908,1624,14,NO TRIAL,0.16049502,0.00148712,0.00926583,0.01202788,0.01829398,0.01834249,0.01717320,0.01735362,0.01430305,0.02866103,0.01730358,RELIABLE,RELIABLE,RELIABLE,RELIABLE,RELIABLE,RELIABLE,RELIABLE,RELIABLE,MOVING,MOVING,MOVING,MOVING,MOVING,MOVING,MOVING,MOVING,MOVING
54957,1625,14,NO TRIAL,0.16086205,0.00119248,0.00741305,0.01118478,0.01846908,0.01794762,0.01712779,0.01499862,0.01431127,0.03085233,0.01629511,RELIABLE,RELIABLE,RELIABLE,RELIABLE,RELIABLE,RELIABLE,RELIABLE,RELIABLE,MOVING,MOVING,MOVING,MOVING,MOVING,MOVING,MOVING,MOVING,MOVING
54987,1626,14,NO TRIAL,0.16104563,0.00059624,0.00370230,0.01008087,0.01606331,0.01571355,0.01636806,0.01376869,0.01310220,0.03025563,0.01572947,RELIABLE,RELIABLE,RELIABLE,RELIABLE,RELIABLE,RELIABLE,RELIABLE,RELIABLE,MOVING,MOVING,MOVING,MOVING,MOVING,MOVING,MOVING,MOVING,MOVING
55018,1627,14,NO TRIAL,0.16174021,0.00068612,0.00424208,0.00903352,0.01365923,0.01343170,0.01634519,0.01254281,0.01285261,0.02951294,0.01528688,RELIABLE,RELIABLE,RELIABLE,RELIABLE,RELIABLE,RELIABLE,RELIABLE,RELIABLE,MOVING,MOVING,MOVING,MOVING,MOVING,MOVING,MOVING,MOVING,MOVING
55049,1628,14,NO TRIAL,0.16335783,0.00162117,0.00992401,0.00948287,0.01307237,0.01284140,0.01622670,0.01345439,0.01331880,0.02999126,0.01664427,RELIABLE,RELIABLE,RELIABLE,RELIABLE,RELIABLE,RELIABLE,RELIABLE,RELIABLE,MOVING,MOVING,MOVING,MOVING,MOVING,MOVING,MOVING,MOVING,MOVING
55081,1629,14,NO TRIAL,0.16527330,0.00271261,0.01641288,0.01026587,0.01439418,0.01176822,0.01346998,0.01389983,0.01078608,0.03089855,0.01310472,RELIABLE,RELIABLE,RELIABLE,RELIABLE,RELIABLE,RELIABLE,RELIABLE,RELIABLE,MOVING,MOVING,MOVING,MOVING,MOVING,MOVING,MOVING,MOVING,MOVING
55117,1630,14,NO TRIAL,0.16611179,0.00178665,0.01075568,0.00916930,0.01157067,0.01011754,0.01403635,0.01401650,0.01056500,0.03549963,0.01199461,RELIABLE,RELIABLE,RELIABLE,RELIABLE,RELIABLE,RELIABLE,RELIABLE,RELIABLE,MOVING,MOVING,MOVING,MOVING,MOVING,MOVING,MOVING,MOVING,MOVING
55144,1631,14,NO TRIAL,0.16655611,0.00089332,0.00536350,0.00838492,0.00968894,0.00841682,0.01172378,0.01308894,0.00944593,0.03658319,0.01188060,RELIABLE,RELIABLE,RELIABLE,RELIABLE,RELIABLE,RELIABLE,RELIABLE,RELIABLE,MOVING,MOVING,MOVING,MOVING,MOVING,MOVING,MOVING,MOVING,MOVING
55175,1632,14,NO TRIAL,0.16595242,0.00190104,0.01145531,0.00865860,0.00991538,0.00768615,0.01101450,0.01238861,0.00939601,0.03516141,0.01200774,RELIABLE,RELIABLE,RELIABLE,RELIABLE,RELIABLE,RELIABLE,RELIABLE,RELIABLE,MOVING,MOVING,MOVING,MOVING,MOVING,MOVING,MOVING,MOVING,MOVING
55206,1633,14,NO TRIAL,0.16595790,0.00053106,0.00319998,0.00813197,0.00835276,0.00634325,0.01018686,0.01159575,0.00813916,0.03550132,0.01201067,RELIABLE,RELIABLE,RELIABLE,RELIABLE,RELIABLE,RELIABLE,RELIABLE,RELIABLE,MOVING,MOVING,MOVING,MOVING,MOVING,MOVING,MOVING,MOVING,MOVING
55244,1634,14,NO TRIAL,0.16584929,0.00136310,0.00821890,0.00869654,0.00906602,0.00659148,0.00982650,0.01161287,0.00762855,0.03561354,0.01216034,RELIABLE,RELIABLE,RELIABLE,RELIABLE,RELIABLE,RELIABLE,RELIABLE,RELIABLE,MOVING,MOVING,MOVING,MOVING,MOVING,MOVING,MOVING,MOVING,MOVING
59884,1773,14,STILL,0.15592266,0.00063531,0.00407455,0.00826697,0.01145416,0.00949551,0.01472920,0.01049000,0.01032273,0.02285333,0.00945505,RELIABLE,RELIABLE,RELIABLE,RELIABLE,RELIABLE,RELIABLE,RELIABLE,RELIABLE,MOVING,MOVING,MOVING,MOVING,MOVING,MOVING,MOVING,MOVING,MOVING
59916,1774,14,STILL,0.15577353,0.00159476,0.01023770,0.00869195,0.01225759,0.01040626,0.01306109,0.00968939,0.01090090,0.02832662,0.00957876,RELIABLE,RELIABLE,RELIABLE,RELIABLE,RELIABLE,RELIABLE,RELIABLE,RELIABLE,MOVING,MOVING,MOVING,MOVING,MOVING,MOVING,MOVING,MOVING,MOVING
59947,1775,14,STILL,0.15451159,0.00102434,0.00662956,0.00757571,0.01169034,0.01153785,0.01309195,0.01079953,0.01114057,0.03523992,0.01076078,RELIABLE,RELIABLE,RELIABLE,RELIABLE,RELIABLE,RELIABLE,RELIABLE,RELIABLE,MOVING,MOVING,MOVING,MOVING,MOVING,MOVING,MOVING,MOVING,MOVING
59978,1776,14,STILL,0.15498159,0.00145042,0.00935869,0.00758608,0.01074627,0.01073213,0.01239389,0.01232340,0.01033138,0.03125376,0.01092597,RELIABLE,RELIABLE,RELIABLE,RELIABLE,RELIABLE,RELIABLE,RELIABLE,RELIABLE,MOVING,MOVING,MOVING,MOVING,MOVING,MOVING,MOVING,MOVING,MOVING
60012,1777,14,STILL,0.15364289,0.00129955,0.00845822,0.00806227,0.01168347,0.01117490,0.01484324,0.01244909,0.01178071,0.03367174,0.01190271,RELIABLE,RELIABLE,RELIABLE,RELIABLE,RELIABLE,RELIABLE,RELIABLE,RELIABLE,MOVING,MOVING,MOVING,MOVING,MOVING,MOVING,MOVING,MOVING,MOVING
60059,1778,14,STILL,0.15366175,0.00198757,0.01293474,0.00851091,0.01240449,0.01187137,0.01677742,0.01285419,0.01222544,0.02932795,0.01235310,RELIABLE,RELIABLE,RELIABLE,RELIABLE,RELIABLE,RELIABLE,RELIABLE,RELIABLE,MOVING,MOVING,MOVING,MOVING,MOVING,MOVING,MOVING,MOVING,MOVING
60087,1779,14,STILL,0.15367200,0.00099379,0.00646694,0.00829319,0.01207041,0.01151914,0.01581723,0.01252812,0.01226093,0.02943972,0.01237256,RELIABLE,RELIABLE,RELIABLE,RELIABLE,RELIABLE,RELIABLE,RELIABLE,RELIABLE,MOVING,MOVING,MOVING,MOVING,MOVING,MOVING,MOVING,MOVING,MOVING
60120,1780,14,STILL,0.15276305,0.00099172,0.00649189,0.00808154,0.01115223,0.01124457,0.01532221,0.01437901,0.01169120,0.02930917,0.01276718,RELIABLE,RELIABLE,RELIABLE,RELIABLE,RELIABLE,RELIABLE,RELIABLE,RELIABLE,MOVING,MOVING,MOVING,MOVING,MOVING,MOVING,MOVING,MOVING,MOVING
60152,1781,14,STILL,0.15216717,0.00070041,0.00460289,0.00814758,0.01095930,0.01173326,0.01600406,0.01686369,0.01254833,0.03102921,0.01428017,RELIABLE,RELIABLE,RELIABLE,RELIABLE,RELIABLE,RELIABLE,RELIABLE,RELIABLE,MOVING,MOVING,MOVING,MOVING,MOVING,MOVING,MOVING,MOVING,MOVING
60183,1782,14,STILL,0.15068548,0.00134775,0.00894411,0.00798588,0.01084260,0.01146439,0.01815492,0.01863703,0.01296695,0.02971072,0.01471077,RELIABLE,RELIABLE,RELIABLE,RELIABLE,RELIABLE,RELIABLE,RELIABLE,RELIABLE,MOVING,MOVING,MOVING,MOVING,MOVING,MOVING,MOVING,MOVING,MOVING
60221,1783,14,STILL,0.14886805,0.00208392,0.01399845,0.00890699,0.01215095,0.01280794,0.01989280,0.01980524,0.01329246,0.02383484,0.01321055,RELIABLE,RELIABLE,RELIABLE,RELIABLE,RELIABLE,RELIABLE,RELIABLE,RELIABLE,MOVING,MOVING,MOVING,MOVING,MOVING,MOVING,MOVING,MOVING,MOVING
60248,1784,14,STILL,0.14797651,0.00104196,0.00704139,0.00861733,0.01280241,0.01303236,0.02057976,0.01869884,0.01355368,0.02357411,0.01244115,RELIABLE,RELIABLE,RELIABLE,RELIABLE,RELIABLE,RELIABLE,RELIABLE,RELIABLE,MOVING,MOVING,MOVING,MOVING,MOVING,MOVING,MOVING,MOVING,MOVING
60279,1785,14,STILL,0.14815225,0.00301133,0.02032590,0.01010079,0.01618942,0.01523900,0.02042418,0.02223684,0.01458794,0.02281534,0.01404560,RELIABLE,RELIABLE,RELIABLE,RELIABLE,RELIABLE,RELIABLE,RELIABLE,RELIABLE,MOVING,MOVING,MOVING,MOVING,MOVING,MOVING,MOVING,MOVING,MOVING
60311,1786,14,STILL,0.14799903,0.00209648,0.01416549,0.01025463,0.01769536,0.01715745,0.02239025,0.02560044,0.01522078,0.02409420,0.01440455,RELIABLE,RELIABLE,RELIABLE,RELIABLE,RELIABLE,RELIABLE,RELIABLE,RELIABLE,MOVING,MOVING,MOVING,MOVING,MOVING,MOVING,MOVING,MOVING,MOVING
60348,1787,14,STILL,0.14654423,0.00348249,0.02376411,0.01241678,0.02035263,0.02110660,0.02584685,0.02943619,0.01732242,0.02720798,0.01649612,RELIABLE,RELIABLE,RELIABLE,RELIABLE,RELIABLE,RELIABLE,RELIABLE,RELIABLE,MOVING,MOVING,MOVING,MOVING,MOVING,MOVING,MOVING,MOVING,MOVING
60374,1788,14,STILL,0.14586670,0.00174125,0.01193724,0.01309745,0.02184396,0.02293292,0.02674900,0.02871714,0.01777949,0.02670843,0.01589335,RELIABLE,RELIABLE,RELIABLE,RELIABLE,RELIABLE,RELIABLE,RELIABLE,RELIABLE,MOVING,MOVING,MOVING,MOVING,MOVING,MOVING,MOVING,MOVING,MOVING
60406,1789,14,STILL,0.14655884,0.00402015,0.02743029,0.01595087,0.02830250,0.02683449,0.02904890,0.02962057,0.01950679,0.02546594,0.01602796,RELIABLE,RELIABLE,RELIABLE,RELIABLE,RELIABLE,RELIABLE,RELIABLE,RELIABLE,MOVING,MOVING,MOVING,MOVING,MOVING,MOVING,MOVING,MOVING,MOVING
60437,1790,14,STILL,0.14470585,0.00279329,0.01930324,0.01724576,0.03203733,0.03071213,0.02906858,0.03011997,0.02133586,0.02208009,0.01663295,RELIABLE,RELIABLE,RELIABLE,RELIABLE,RELIABLE,RELIABLE,RELIABLE,RELIABLE,MOVING,MOVING,MOVING,MOVING,MOVING,MOVING,MOVING,MOVING,MOVING
60475,1791,14,STILL,0.14386875,0.00381621,0.02652560,0.01881166,0.03618676,0.03476495,0.03306108,0.03310250,0.02429358,0.02133531,0.01743886,RELIABLE,RELIABLE,RELIABLE,RELIABLE,RELIABLE,RELIABLE,RELIABLE,RELIABLE,MOVING,MOVING,MOVING,MOVING,MOVING,MOVING,MOVING,MOVING,MOVING
60516,1792,14,STILL,0.14628178,0.00400577,0.02738392,0.02135447,0.04203637,0.04040087,0.03859134,0.03901817,0.02888354,0.02573879,0.02046369,RELIABLE,RELIABLE,RELIABLE,RELIABLE,RELIABLE,RELIABLE,RELIABLE,RELIABLE,MOVING,MOVING,MOVING,MOVING,MOVING,MOVING,MOVING,MOVING,MOVING
60557,1793,14,STILL,0.14468187,0.00354375,0.02449342,0.02187541,0.04411992,0.04404077,0.04192841,0.04112288,0.03089311,0.02445179,0.01944578,RELIABLE,RELIABLE,RELIABLE,RELIABLE,RELIABLE,RELIABLE,RELIABLE,RELIABLE,MOVING,MOVING,MOVING,MOVING,MOVING,MOVING,MOVING,MOVING,MOVING
60594,1794,14,STILL,0.14392380,0.00177188,0.01231122,0.02164363,0.04338370,0.04348378,0.04019042,0.03949024,0.03064947,0.02324278,0.01855927,RELIABLE,RELIABLE,RELIABLE,RELIABLE,RELIABLE,RELIABLE,RELIABLE,RELIABLE,MOVING,MOVING,MOVING,MOVING,MOVING,MOVING,MOVING,MOVING,MOVING
60625,1795,14,STILL,0.14375555,0.00340996,0.02372052,0.02163818,0.04560706,0.04433442,0.04072919,0.03942146,0.03114450,0.02147104,0.02057805,RELIABLE,RELIABLE,RELIABLE,RELIABLE,RELIABLE,RELIABLE,RELIABLE,RELIABLE,MOVING,MOVING,MOVING,MOVING,MOVING,MOVING,MOVING,MOVING,MOVING
60656,1796,14,STILL,0.14224402,0.00325368,0.02287395,0.02300527,0.04910172,0.04796578,0.04265930,0.04324586,0.03394304,0.02302101,0.02071972,RELIABLE,RELIABLE,RELIABLE,RELIABLE,RELIABLE,RELIABLE,RELIABLE,RELIABLE,MOVING,MOVING,MOVING,MOVING,MOVING,MOVING,MOVING,MOVING,MOVING
60688,1797,14,STILL,0.14072844,0.00373922,0.02657049,0.02289779,0.04900197,0.04984442,0.04391235,0.04378869,0.03406435,0.02422691,0.02014841,RELIABLE,RELIABLE,RELIABLE,RELIABLE,RELIABLE,RELIABLE,RELIABLE,RELIABLE,MOVING,MOVING,MOVING,MOVING,MOVING,MOVING,MOVING,MOVING,MOVING
60720,1798,14,STILL,0.14088345,0.00349637,0.02481749,0.02358708,0.04841025,0.04891666,0.04465149,0.04267938,0.03311418,0.02825986,0.02145720,RELIABLE,RELIABLE,RELIABLE,RELIABLE,RELIABLE,RELIABLE,RELIABLE,RELIABLE,MOVING,MOVING,MOVING,MOVING,MOVING,MOVING,MOVING,MOVING,MOVING
60752,1799,14,STILL,0.14096400,0.00174819,0.01240165,0.02182158,0.04424296,0.04432131,0.03935118,0.03771474,0.02983535,0.02920725,0.02111568,RELIABLE,RELIABLE,RELIABLE,RELIABLE,RELIABLE,RELIABLE,RELIABLE,RELIABLE,MOVING,MOVING,MOVING,MOVING,MOVING,MOVING,MOVING,MOVING,MOVING
60784,1800,14,STILL,0.14014081,0.00320828,0.02289326,0.02126025,0.04214893,0.04178257,0.03599912,0.03144549,0.02602604,0.02537407,0.01846279,RELIABLE,RELIABLE,RELIABLE,RELIABLE,RELIABLE,RELIABLE,RELIABLE,RELIABLE,MOVING,MOVING,MOVING,MOVING,MOVING,MOVING,MOVING,MOVING,MOVING
60814,1801,14,STILL,0.13965416,0.00242262,0.01734729,0.02036698,0.03830627,0.03843972,0.03269132,0.02838796,0.02523554,0.02694590,0.02291956,RELIABLE,RELIABLE,RELIABLE,RELIABLE,RELIABLE,RELIABLE,RELIABLE,RELIABLE,MOVING,MOVING,MOVING,MOVING,MOVING,MOVING,MOVING,MOVING,MOVING
60846,1802,14,STILL,0.13833815,0.00148022,0.01070004,0.02016559,0.03713004,0.03680350,0.03168081,0.02774250,0.02454291,0.02682283,0.02737270,RELIABLE,RELIABLE,RELIABLE,RELIABLE,RELIABLE,RELIABLE,RELIABLE,RELIABLE,MOVING,MOVING,MOVING,MOVING,MOVING,MOVING,MOVING,MOVING,MOVING
60878,1803,14,STILL,0.13804684,0.00229703,0.01663951,0.01928046,0.03261757,0.03191584,0.02885276,0.02528651,0.02236562,0.02869118,0.02420793,RELIABLE,RELIABLE,RELIABLE,RELIABLE,RELIABLE,RELIABLE,RELIABLE,RELIABLE,MOVING,MOVING,MOVING,MOVING,MOVING,MOVING,MOVING,MOVING,MOVING
60924,1804,14,STILL,0.13884552,0.00089188,0.00642354,0.01722416,0.02757118,0.02624454,0.02703579,0.02205828,0.01964491,0.02840884,0.02532150,RELIABLE,RELIABLE,RELIABLE,RELIABLE,RELIABLE,RELIABLE,RELIABLE,RELIABLE,MOVING,MOVING,MOVING,MOVING,MOVING,MOVING,MOVING,MOVING,MOVING
60958,1805,14,STILL,0.13924700,0.00044594,0.00320251,0.01430316,0.02091856,0.01973301,0.02306196,0.01898975,0.01692311,0.02704520,0.02476852,RELIABLE,RELIABLE,RELIABLE,RELIABLE,RELIABLE,RELIABLE,RELIABLE,RELIABLE,MOVING,MOVING,MOVING,MOVING,MOVING,MOVING,MOVING,MOVING,MOVING
60990,1806,14,STILL,0.13821580,0.00205115,0.01484020,0.01305600,0.01814227,0.01701214,0.02003136,0.01777253,0.01471499,0.02380659,0.02329700,RELIABLE,RELIABLE,RELIABLE,RELIABLE,RELIABLE,RELIABLE,RELIABLE,RELIABLE,MOVING,MOVING,MOVING,MOVING,MOVING,MOVING,MOVING,MOVING,MOVING
61021,1807,14,STILL,0.13583714,0.00117371,0.00864054,0.01258586,0.01745043,0.01630337,0.01994394,0.01878256,0.01459224,0.02422907,0.02392149,RELIABLE,RELIABLE,RELIABLE,RELIABLE,RELIABLE,RELIABLE,RELIABLE,RELIABLE,MOVING,MOVING,MOVING,MOVING,MOVING,MOVING,MOVING,MOVING,MOVING
61052,1808,14,STILL,0.13599381,0.00071349,0.00524647,0.01038001,0.01393193,0.01310160,0.01781739,0.01993740,0.01560285,0.02493661,0.02855673,RELIABLE,RELIABLE,RELIABLE,RELIABLE,RELIABLE,RELIABLE,RELIABLE,RELIABLE,MOVING,MOVING,MOVING,MOVING,MOVING,MOVING,MOVING,MOVING,MOVING
61084,1809,14,STILL,0.13607232,0.00035674,0.00262172,0.00853932,0.01133681,0.00980939,0.01551198,0.01783348,0.01251930,0.02150051,0.02473498,RELIABLE,RELIABLE,RELIABLE,RELIABLE,RELIABLE,RELIABLE,RELIABLE,RELIABLE,MOVING,MOVING,MOVING,MOVING,MOVING,MOVING,MOVING,MOVING,MOVING
61116,1810,14,STILL,0.13614313,0.00075226,0.00552548,0.00789250,0.01063253,0.00949301,0.01415108,0.01871462,0.01358881,0.02503051,0.02322198,RELIABLE,RELIABLE,RELIABLE,RELIABLE,RELIABLE,RELIABLE,RELIABLE,RELIABLE,MOVING,MOVING,MOVING,MOVING,MOVING,MOVING,MOVING,MOVING,MOVING
61146,1811,14,STILL,0.13481847,0.00160224,0.01188440,0.00729811,0.01165420,0.01100226,0.01330872,0.02008761,0.01456622,0.02324396,0.02452429,RELIABLE,RELIABLE,RELIABLE,RELIABLE,RELIABLE,RELIABLE,RELIABLE,RELIABLE,MOVING,MOVING,MOVING,MOVING,MOVING,MOVING,MOVING,MOVING,MOVING
61180,1812,14,STILL,0.13401392,0.00226939,0.01693400,0.00861191,0.01545955,0.01510090,0.01249191,0.02123466,0.01495585,0.02197669,0.02415705,RELIABLE,RELIABLE,RELIABLE,RELIABLE,RELIABLE,RELIABLE,RELIABLE,RELIABLE,MOVING,MOVING,MOVING,MOVING,MOVING,MOVING,MOVING,MOVING,MOVING
61209,1813,14,STILL,0.13361256,0.00113470,0.00849244,0.00927316,0.01736940,0.01715793,0.01208999,0.02181847,0.01515624,0.02135065,0.02398088,RELIABLE,RELIABLE,RELIABLE,RELIABLE,RELIABLE,RELIABLE,RELIABLE,RELIABLE,MOVING,MOVING,MOVING,MOVING,MOVING,MOVING,MOVING,MOVING,MOVING
61259,1814,14,STILL,0.13325637,0.00141266,0.01060108,0.00874327,0.01829548,0.01819587,0.01271146,0.02287495,0.01717585,0.02046985,0.02401620,RELIABLE,RELIABLE,RELIABLE,RELIABLE,RELIABLE,RELIABLE,RELIABLE,RELIABLE,MOVING,MOVING,MOVING,MOVING,MOVING,MOVING,MOVING,MOVING,MOVING
61287,1815,14,STILL,0.13309966,0.00070633,0.00530678,0.00832654,0.01806554,0.01806642,0.01159694,0.02178739,0.01720698,0.01799093,0.02267603,RELIABLE,RELIABLE,RELIABLE,RELIABLE,RELIABLE,RELIABLE,RELIABLE,RELIABLE,MOVING,MOVING,MOVING,MOVING,MOVING,MOVING,MOVING,MOVING,MOVING
61318,1816,14,STILL,0.13355019,0.00183632,0.01375006,0.00938949,0.01993536,0.01921057,0.01117806,0.02170292,0.01640174,0.01670716,0.01919540,RELIABLE,RELIABLE,RELIABLE,RELIABLE,RELIABLE,RELIABLE,RELIABLE,RELIABLE,MOVING,MOVING,MOVING,MOVING,MOVING,MOVING,MOVING,MOVING,MOVING
61349,1817,14,STILL,0.13427553,0.00147046,0.01095110,0.01043067,0.02145836,0.02048797,0.01185237,0.02439932,0.01770509,0.01667061,0.01780349,RELIABLE,RELIABLE,RELIABLE,RELIABLE,RELIABLE,RELIABLE,RELIABLE,RELIABLE,MOVING,MOVING,MOVING,MOVING,MOVING,MOVING,MOVING,MOVING,MOVING
61389,1818,14,STILL,0.13450533,0.00126310,0.00939069,0.01091382,0.02199861,0.02125084,0.01249324,0.02354573,0.01661228,0.01304790,0.01546241,RELIABLE,RELIABLE,RELIABLE,RELIABLE,RELIABLE,RELIABLE,RELIABLE,RELIABLE,MOVING,MOVING,MOVING,MOVING,MOVING,MOVING,MOVING,MOVING,MOVING
61429,1819,14,STILL,0.13462036,0.00063155,0.00469133,0.01001468,0.02032263,0.01991434,0.01141648,0.02141719,0.01505139,0.01155055,0.01324959,RELIABLE,RELIABLE,RELIABLE,RELIABLE,RELIABLE,RELIABLE,RELIABLE,RELIABLE,MOVING,MOVING,MOVING,MOVING,MOVING,MOVING,MOVING,MOVING,MOVING
61461,1820,14,STILL,0.13457707,0.00156786,0.01165024,0.00935421,0.01873805,0.01747441,0.01097414,0.01856149,0.01439782,0.01290715,0.01282355,RELIABLE,RELIABLE,RELIABLE,RELIABLE,RELIABLE,RELIABLE,RELIABLE,RELIABLE,MOVING,MOVING,MOVING,MOVING,MOVING,MOVING,MOVING,MOVING,MOVING
61492,1821,14,STILL,0.13350589,0.00155232,0.01162733,0.00974608,0.01926590,0.01790928,0.01151653,0.01801686,0.01520124,0.01685736,0.01549461,RELIABLE,RELIABLE,RELIABLE,RELIABLE,RELIABLE,RELIABLE,RELIABLE,RELIABLE,MOVING,MOVING,MOVING,MOVING,MOVING,MOVING,MOVING,MOVING,MOVING
61523,1822,14,STILL,0.13184595,0.00176959,0.01342167,0.01009865,0.01861361,0.01656712,0.01195950,0.01625405,0.01526315,0.01844142,0.01764707,RELIABLE,RELIABLE,RELIABLE,RELIABLE,RELIABLE,RELIABLE,RELIABLE,RELIABLE,MOVING,MOVING,MOVING,MOVING,MOVING,MOVING,MOVING,MOVING,MOVING
61555,1823,14,STILL,0.13088205,0.00133513,0.01020104,0.01071043,0.01746445,0.01565581,0.01278971,0.01635849,0.01551803,0.01945291,0.01936014,RELIABLE,RELIABLE,RELIABLE,RELIABLE,RELIABLE,RELIABLE,RELIABLE,RELIABLE,MOVING,MOVING,MOVING,MOVING,MOVING,MOVING,MOVING,MOVING,MOVING
61586,1824,14,STILL,0.13040428,0.00066757,0.00511921,0.00963158,0.01430633,0.01346253,0.01230982,0.01465620,0.01445058,0.01903252,0.01856550,RELIABLE,RELIABLE,RELIABLE,RELIABLE,RELIABLE,RELIABLE,RELIABLE,RELIABLE,MOVING,MOVING,MOVING,MOVING,MOVING,MOVING,MOVING,MOVING,MOVING
61617,1825,14,STILL,0.13090211,0.00225401,0.01721902,0.01041507,0.01586315,0.01525959,0.01170037,0.01162509,0.01320151,0.01947824,0.01950015,RELIABLE,RELIABLE,RELIABLE,RELIABLE,RELIABLE,RELIABLE,RELIABLE,RELIABLE,MOVING,MOVING,MOVING,MOVING,MOVING,MOVING,MOVING,MOVING,MOVING
61649,1826,14,STILL,0.13112147,0.00110395,0.00841931,0.01029364,0.01482111,0.01377785,0.01208712,0.01091952,0.01332998,0.02122601,0.02181647,RELIABLE,RELIABLE,RELIABLE,RELIABLE,RELIABLE,RELIABLE,RELIABLE,RELIABLE,MOVING,MOVING,MOVING,MOVING,MOVING,MOVING,MOVING,MOVING,MOVING
61680,1827,14,STILL,0.13065863,0.00112710,0.00862627,0.01078551,0.01500388,0.01363788,0.01289977,0.01167254,0.01316151,0.02412052,0.02485002,RELIABLE,RELIABLE,RELIABLE,RELIABLE,RELIABLE,RELIABLE,RELIABLE,RELIABLE,MOVING,MOVING,MOVING,MOVING,MOVING,MOVING,MOVING,MOVING,MOVING
61711,1828,14,STILL,0.13056390,0.00100600,0.00770506,0.01029236,0.01402891,0.01309131,0.01286232,0.01187381,0.01284474,0.02304701,0.02420870,RELIABLE,RELIABLE,RELIABLE,RELIABLE,RELIABLE,RELIABLE,RELIABLE,RELIABLE,MOVING,MOVING,MOVING,MOVING,MOVING,MOVING,MOVING,MOVING,MOVING
61757,1829,14,STILL,0.13044924,0.00149472,0.01145823,0.01027123,0.01362902,0.01289480,0.01235545,0.01180018,0.01209130,0.02113096,0.02147526,RELIABLE,RELIABLE,RELIABLE,RELIABLE,RELIABLE,RELIABLE,RELIABLE,RELIABLE,MOVING,MOVING,MOVING,MOVING,MOVING,MOVING,MOVING,MOVING,MOVING
61790,1830,14,STILL,0.13039875,0.00074736,0.00573133,0.00930993,0.01223469,0.01236207,0.01017553,0.01107362,0.00962725,0.01867403,0.01758072,RELIABLE,RELIABLE,RELIABLE,RELIABLE,RELIABLE,RELIABLE,RELIABLE,RELIABLE,MOVING,MOVING,MOVING,MOVING,MOVING,MOVING,MOVING,MOVING,MOVING
61820,1831,14,STILL,0.12969534,0.00067957,0.00523973,0.00868977,0.01257012,0.01242691,0.00905350,0.01045279,0.00882981,0.01797826,0.01630806,RELIABLE,RELIABLE,RELIABLE,RELIABLE,RELIABLE,RELIABLE,RELIABLE,RELIABLE,MOVING,MOVING,MOVING,MOVING,MOVING,MOVING,MOVING,MOVING,MOVING
61852,1832,14,STILL,0.12983747,0.00094755,0.00729795,0.00896211,0.01262498,0.01302709,0.00841785,0.01067364,0.00905267,0.01885382,0.01854535,RELIABLE,RELIABLE,RELIABLE,RELIABLE,RELIABLE,RELIABLE,RELIABLE,RELIABLE,MOVING,MOVING,MOVING,MOVING,MOVING,MOVING,MOVING,MOVING,MOVING
61884,1833,14,STILL,0.12954308,0.00117889,0.00910040,0.00794729,0.01017154,0.01025441,0.00823577,0.01047351,0.00852158,0.01991438,0.01795158,RELIABLE,RELIABLE,RELIABLE,RELIABLE,RELIABLE,RELIABLE,RELIABLE,RELIABLE,MOVING,MOVING,MOVING,MOVING,MOVING,MOVING,MOVING,MOVING,MOVING
61915,1834,14,STILL,0.12939588,0.00058945,0.00455538,0.00746429,0.00962998,0.00974052,0.00669756,0.00893222,0.00692029,0.01817815,0.01482339,RELIABLE,RELIABLE,RELIABLE,RELIABLE,RELIABLE,RELIABLE,RELIABLE,RELIABLE,MOVING,MOVING,MOVING,MOVING,MOVING,MOVING,MOVING,MOVING,MOVING
61945,1835,14,STILL,0.12878618,0.00125245,0.00972503,0.00760164,0.01082067,0.01128737,0.00591026,0.00754830,0.00727171,0.01625245,0.01216292,RELIABLE,RELIABLE,RELIABLE,RELIABLE,RELIABLE,RELIABLE,RELIABLE,RELIABLE,MOVING,MOVING,MOVING,MOVING,MOVING,MOVING,MOVING,MOVING,MOVING
61977,1836,14,STILL,0.12944994,0.00079110,0.00611121,0.00740241,0.00976121,0.01046955,0.00555807,0.00717586,0.00709937,0.01620866,0.01258356,RELIABLE,RELIABLE,RELIABLE,RELIABLE,RELIABLE,RELIABLE,RELIABLE,RELIABLE,MOVING,MOVING,MOVING,MOVING,MOVING,MOVING,MOVING,MOVING,MOVING
62012,1837,14,STILL,0.12977348,0.00101451,0.00781757,0.00694733,0.00880455,0.00934252,0.00524507,0.00682454,0.00696941,0.01731046,0.01327417,RELIABLE,RELIABLE,RELIABLE,RELIABLE,RELIABLE,RELIABLE,RELIABLE,RELIABLE,MOVING,MOVING,MOVING,MOVING,MOVING,MOVING,MOVING,MOVING,MOVING
62043,1838,14,STILL,0.12943812,0.00098537,0.00761265,0.00718249,0.00970367,0.00992553,0.00560692,0.00680379,0.00734492,0.01673857,0.01462362,RELIABLE,RELIABLE,RELIABLE,RELIABLE,RELIABLE,RELIABLE,RELIABLE,RELIABLE,MOVING,MOVING,MOVING,MOVING,MOVING,MOVING,MOVING,MOVING,MOVING
62092,1839,14,STILL,0.12968436,0.00172036,0.01326575,0.00818574,0.01226875,0.01278751,0.00578736,0.00692975,0.00708499,0.01724801,0.01512375,RELIABLE,RELIABLE,RELIABLE,RELIABLE,RELIABLE,RELIABLE,RELIABLE,RELIABLE,MOVING,MOVING,MOVING,MOVING,MOVING,MOVING,MOVING,MOVING,MOVING
62136,1840,14,STILL,0.12981026,0.00086018,0.00662644,0.00810181,0.01366171,0.01364778,0.00594818,0.00645775,0.00632994,0.01627428,0.01249393,RELIABLE,RELIABLE,RELIABLE,RELIABLE,RELIABLE,RELIABLE,RELIABLE,RELIABLE,MOVING,MOVING,MOVING,MOVING,MOVING,MOVING,MOVING,MOVING,MOVING
62168,1841,14,STILL,0.12988082,0.00092222,0.00710048,0.00785181,0.01378928,0.01343654,0.00606986,0.00734061,0.00624472,0.01885522,0.01418676,RELIABLE,RELIABLE,RELIABLE,RELIABLE,RELIABLE,RELIABLE,RELIABLE,RELIABLE,MOVING,MOVING,MOVING,MOVING,MOVING,MOVING,MOVING,MOVING,MOVING
62199,1842,14,STILL,0.13010643,0.00032794,0.00252054,0.00759746,0.01375422,0.01341506,0.00630547,0.00734347,0.00626157,0.01889610,0.01386697,RELIABLE,RELIABLE,RELIABLE,RELIABLE,RELIABLE,RELIABLE,RELIABLE,RELIABLE,MOVING,MOVING,MOVING,MOVING,MOVING,MOVING,MOVING,MOVING,MOVING
62231,1843,14,STILL,0.12967855,0.00189178,0.01458821,0.00820536,0.01307002,0.01317903,0.00681569,0.00806007,0.00695560,0.02263459,0.01494813,RELIABLE,RELIABLE,RELIABLE,RELIABLE,RELIABLE,RELIABLE,RELIABLE,RELIABLE,MOVING,MOVING,MOVING,MOVING,MOVING,MOVING,MOVING,MOVING,MOVING
62263,1844,14,STILL,0.13005967,0.00077379,0.00594952,0.00818515,0.01366209,0.01327050,0.00675343,0.00790317,0.00640063,0.02175554,0.01382022,RELIABLE,RELIABLE,RELIABLE,RELIABLE,RELIABLE,RELIABLE,RELIABLE,RELIABLE,MOVING,MOVING,MOVING,MOVING,MOVING,MOVING,MOVING,MOVING,MOVING
62294,1845,14,STILL,0.13025024,0.00038690,0.00297041,0.00757925,0.01296991,0.01229514,0.00658043,0.00727413,0.00562836,0.01829579,0.01230071,RELIABLE,RELIABLE,RELIABLE,RELIABLE,RELIABLE,RELIABLE,RELIABLE,RELIABLE,MOVING,MOVING,MOVING,MOVING,MOVING,MOVING,MOVING,MOVING,MOVING
62325,1846,14,STILL,0.13009336,0.00074636,0.00573710,0.00734481,0.01215547,0.01157353,0.00723112,0.00730086,0.00587930,0.01830727,0.01139164,RELIABLE,RELIABLE,RELIABLE,RELIABLE,RELIABLE,RELIABLE,RELIABLE,RELIABLE,MOVING,MOVING,MOVING,MOVING,MOVING,MOVING,MOVING,MOVING,MOVING
62356,1847,14,STILL,0.13004968,0.00071278,0.00548084,0.00637169,0.00956361,0.00828223,0.00725636,0.00733386,0.00585721,0.01725140,0.01058732,RELIABLE,RELIABLE,RELIABLE,RELIABLE,RELIABLE,RELIABLE,RELIABLE,RELIABLE,MOVING,MOVING,MOVING,MOVING,MOVING,MOVING,MOVING,MOVING,MOVING
62388,1848,14,STILL,0.12963690,0.00143003,0.01103101,0.00692226,0.01028324,0.00777123,0.00781048,0.00765751,0.00625181,0.01833543,0.01078369,RELIABLE,RELIABLE,RELIABLE,RELIABLE,RELIABLE,RELIABLE,RELIABLE,RELIABLE,MOVING,MOVING,MOVING,MOVING,MOVING,MOVING,MOVING,MOVING,MOVING
62419,1849,14,STILL,0.12973784,0.00092312,0.00711526,0.00692411,0.00996616,0.00795036,0.00819136,0.00662373,0.00637135,0.01603918,0.00904327,RELIABLE,RELIABLE,RELIABLE,RELIABLE,RELIABLE,RELIABLE,RELIABLE,RELIABLE,MOVING,MOVING,MOVING,MOVING,MOVING,MOVING,MOVING,MOVING,MOVING
62460,1850,14,STILL,0.12998399,0.00190119,0.01462631,0.00843733,0.01155334,0.01019549,0.00911131,0.00708459,0.00779518,0.01767051,0.01027447,RELIABLE,RELIABLE,RELIABLE,RELIABLE,RELIABLE,RELIABLE,RELIABLE,RELIABLE,MOVING,MOVING,MOVING,MOVING,MOVING,MOVING,MOVING,MOVING,MOVING
62497,1851,14,STILL,0.13010751,0.00095059,0.00730621,0.00752708,0.01084824,0.00913841,0.00857772,0.00610805,0.00690205,0.01380421,0.00886986,RELIABLE,RELIABLE,RELIABLE,RELIABLE,RELIABLE,RELIABLE,RELIABLE,RELIABLE,MOVING,MOVING,MOVING,MOVING,MOVING,MOVING,MOVING,MOVING,MOVING
62529,1852,14,STILL,0.13063206,0.00157051,0.01202242,0.00828620,0.01138128,0.01030481,0.00989279,0.00601148,0.00841906,0.01461538,0.00988459,RELIABLE,RELIABLE,RELIABLE,RELIABLE,RELIABLE,RELIABLE,RELIABLE,RELIABLE,MOVING,MOVING,MOVING,MOVING,MOVING,MOVING,MOVING,MOVING,MOVING
62561,1853,14,STILL,0.13045646,0.00093344,0.00715520,0.00880929,0.01235063,0.01083372,0.01040395,0.00716650,0.01041419,0.01661996,0.01288020,RELIABLE,RELIABLE,RELIABLE,RELIABLE,RELIABLE,RELIABLE,RELIABLE,RELIABLE,MOVING,MOVING,MOVING,MOVING,MOVING,MOVING,MOVING,MOVING,MOVING
62592,1854,14,STILL,0.13000791,0.00076933,0.00591760,0.00883186,0.01255859,0.01123343,0.00958016,0.00711521,0.01024191,0.01812709,0.01461074,RELIABLE,RELIABLE,RELIABLE,RELIABLE,RELIABLE,RELIABLE,RELIABLE,RELIABLE,MOVING,MOVING,MOVING,MOVING,MOVING,MOVING,MOVING,MOVING,MOVING
62624,1855,14,STILL,0.12978405,0.00038467,0.00296390,0.00851724,0.01252147,0.01170181,0.00889149,0.00620399,0.01009164,0.01839544,0.01468994,RELIABLE,RELIABLE,RELIABLE,RELIABLE,RELIABLE,RELIABLE,RELIABLE,RELIABLE,MOVING,MOVING,MOVING,MOVING,MOVING,MOVING,MOVING,MOVING,MOVING
62656,1856,14,STILL,0.12977455,0.00177991,0.01371543,0.00885279,0.01358096,0.01336582,0.00912536,0.00621718,0.01103830,0.01861499,0.01543125,RELIABLE,RELIABLE,RELIABLE,RELIABLE,RELIABLE,RELIABLE,RELIABLE,RELIABLE,MOVING,MOVING,MOVING,MOVING,MOVING,MOVING,MOVING,MOVING,MOVING
62688,1857,14,STILL,0.13004037,0.00130101,0.01000464,0.00921396,0.01469088,0.01394388,0.00880595,0.00641787,0.01204360,0.01794589,0.01711405,RELIABLE,RELIABLE,RELIABLE,RELIABLE,RELIABLE,RELIABLE,RELIABLE,RELIABLE,MOVING,MOVING,MOVING,MOVING,MOVING,MOVING,MOVING,MOVING,MOVING
62720,1858,14,STILL,0.12973032,0.00050340,0.00388034,0.00787072,0.01297067,0.01167718,0.00772583,0.00670805,0.01088813,0.01781328,0.01646188,RELIABLE,RELIABLE,RELIABLE,RELIABLE,RELIABLE,RELIABLE,RELIABLE,RELIABLE,MOVING,MOVING,MOVING,MOVING,MOVING,MOVING,MOVING,MOVING,MOVING
62751,1859,14,STILL,0.12957576,0.00025170,0.00194248,0.00720025,0.01211195,0.01054539,0.00718681,0.00685423,0.01031173,0.01775022,0.01613735,RELIABLE,RELIABLE,RELIABLE,RELIABLE,RELIABLE,RELIABLE,RELIABLE,RELIABLE,MOVING,MOVING,MOVING,MOVING,MOVING,MOVING,MOVING,MOVING,MOVING
62782,1860,14,STILL,0.13039145,0.00070990,0.00544437,0.00637799,0.01083071,0.00891520,0.00566643,0.00776090,0.00930315,0.01894837,0.01802428,RELIABLE,RELIABLE,RELIABLE,RELIABLE,RELIABLE,RELIABLE,RELIABLE,RELIABLE,MOVING,MOVING,MOVING,MOVING,MOVING,MOVING,MOVING,MOVING,MOVING
62814,1861,14,STILL,0.12984197,0.00090848,0.00699685,0.00635820,0.01046073,0.00907037,0.00517865,0.00773718,0.00855552,0.02063016,0.01726465,RELIABLE,RELIABLE,RELIABLE,RELIABLE,RELIABLE,RELIABLE,RELIABLE,RELIABLE,MOVING,MOVING,MOVING,MOVING,MOVING,MOVING,MOVING,MOVING,MOVING
62845,1862,14,STILL,0.13010148,0.00090070,0.00692307,0.00648389,0.01008307,0.00834430,0.00523838,0.00776912,0.00838621,0.02230484,0.01682459,RELIABLE,RELIABLE,RELIABLE,RELIABLE,RELIABLE,RELIABLE,RELIABLE,RELIABLE,MOVING,MOVING,MOVING,MOVING,MOVING,MOVING,MOVING,MOVING,MOVING
62877,1863,14,STILL,0.13028903,0.00118447,0.00909113,0.00724979,0.01045233,0.00866135,0.00606744,0.00853362,0.00851429,0.02472905,0.01772528,RELIABLE,RELIABLE,RELIABLE,RELIABLE,RELIABLE,RELIABLE,RELIABLE,RELIABLE,MOVING,MOVING,MOVING,MOVING,MOVING,MOVING,MOVING,MOVING,MOVING
62924,1864,14,STILL,0.12998792,0.00101874,0.00783721,0.00651501,0.00862749,0.00667556,0.00546474,0.00875577,0.00754237,0.02621140,0.01727173,RELIABLE,RELIABLE,RELIABLE,RELIABLE,RELIABLE,RELIABLE,RELIABLE,RELIABLE,MOVING,MOVING,MOVING,MOVING,MOVING,MOVING,MOVING,MOVING,MOVING
62956,1865,14,STILL,0.13019919,0.00146214,0.01123005,0.00666819,0.00823804,0.00738325,0.00546808,0.00909876,0.00615798,0.02738583,0.01558104,RELIABLE,RELIABLE,RELIABLE,RELIABLE,RELIABLE,RELIABLE,RELIABLE,RELIABLE,MOVING,MOVING,MOVING,MOVING,MOVING,MOVING,MOVING,MOVING,MOVING
62987,1866,14,STILL,0.13030508,0.00073107,0.00561046,0.00688445,0.00867004,0.00805165,0.00548501,0.00854032,0.00569965,0.02623812,0.01529234,RELIABLE,RELIABLE,RELIABLE,RELIABLE,RELIABLE,RELIABLE,RELIABLE,RELIABLE,MOVING,MOVING,MOVING,MOVING,MOVING,MOVING,MOVING,MOVING,MOVING
63019,1867,14,STILL,0.13014141,0.00125607,0.00965159,0.00784809,0.00948761,0.00933450,0.00623154,0.00961543,0.00609296,0.02904162,0.01568325,RELIABLE,RELIABLE,RELIABLE,RELIABLE,RELIABLE,RELIABLE,RELIABLE,RELIABLE,MOVING,MOVING,MOVING,MOVING,MOVING,MOVING,MOVING,MOVING,MOVING
63051,1868,14,STILL,0.13029777,0.00089792,0.00689129,0.00802896,0.01055080,0.01112058,0.00636032,0.00872108,0.00696076,0.03018595,0.01357052,RELIABLE,RELIABLE,RELIABLE,RELIABLE,RELIABLE,RELIABLE,RELIABLE,RELIABLE,MOVING,MOVING,MOVING,MOVING,MOVING,MOVING,MOVING,MOVING,MOVING
63084,1869,14,STILL,0.12978270,0.00141043,0.01086766,0.00851281,0.01127714,0.01204420,0.00643500,0.00762639,0.00672121,0.02803119,0.01385805,RELIABLE,RELIABLE,RELIABLE,RELIABLE,RELIABLE,RELIABLE,RELIABLE,RELIABLE,MOVING,MOVING,MOVING,MOVING,MOVING,MOVING,MOVING,MOVING,MOVING
63114,1870,14,STILL,0.12952593,0.00070522,0.00544460,0.00832800,0.01120209,0.01226336,0.00599290,0.00716806,0.00649019,0.02499819,0.01297707,RELIABLE,RELIABLE,RELIABLE,RELIABLE,RELIABLE,RELIABLE,RELIABLE,RELIABLE,MOVING,MOVING,MOVING,MOVING,MOVING,MOVING,MOVING,MOVING,MOVING
63146,1871,14,STILL,0.13036229,0.00077928,0.00597781,0.00793883,0.01080660,0.01184080,0.00556051,0.00739349,0.00703481,0.02312152,0.01388714,RELIABLE,RELIABLE,RELIABLE,RELIABLE,RELIABLE,RELIABLE,RELIABLE,RELIABLE,MOVING,MOVING,MOVING,MOVING,MOVING,MOVING,MOVING,MOVING,MOVING
63177,1872,14,STILL,0.13020927,0.00160021,0.01228954,0.00849537,0.01111624,0.01276038,0.00546243,0.00646842,0.00685093,0.02023401,0.01424207,RELIABLE,RELIABLE,RELIABLE,RELIABLE,RELIABLE,RELIABLE,RELIABLE,RELIABLE,MOVING,MOVING,MOVING,MOVING,MOVING,MOVING,MOVING,MOVING,MOVING
63212,1873,14,STILL,0.13026240,0.00106533,0.00817832,0.00811391,0.01061661,0.01139597,0.00510218,0.00686962,0.00719919,0.01869757,0.01325273,RELIABLE,RELIABLE,RELIABLE,RELIABLE,RELIABLE,RELIABLE,RELIABLE,RELIABLE,MOVING,MOVING,MOVING,MOVING,MOVING,MOVING,MOVING,MOVING,MOVING
63244,1874,14,STILL,0.13044911,0.00091260,0.00699585,0.00828708,0.01041566,0.01085402,0.00579641,0.00752892,0.00798722,0.01940461,0.01398460,RELIABLE,RELIABLE,RELIABLE,RELIABLE,RELIABLE,RELIABLE,RELIABLE,RELIABLE,MOVING,MOVING,MOVING,MOVING,MOVING,MOVING,MOVING,MOVING,MOVING
63292,1875,14,STILL,0.13061811,0.00099977,0.00765412,0.00803740,0.01053336,0.01005027,0.00594510,0.00649900,0.00799086,0.01681661,0.01465694,RELIABLE,RELIABLE,RELIABLE,RELIABLE,RELIABLE,RELIABLE,RELIABLE,RELIABLE,MOVING,MOVING,MOVING,MOVING,MOVING,MOVING,MOVING,MOVING,MOVING
63319,1876,14,STILL,0.13070391,0.00049988,0.00382455,0.00765406,0.00954048,0.00816845,0.00568248,0.00602302,0.00660642,0.01319581,0.01411327,RELIABLE,RELIABLE,RELIABLE,RELIABLE,RELIABLE,RELIABLE,RELIABLE,RELIABLE,MOVING,MOVING,MOVING,MOVING,MOVING,MOVING,MOVING,MOVING,MOVING
63350,1877,14,STILL,0.13126341,0.00069475,0.00529281,0.00695720,0.00838411,0.00684277,0.00588347,0.00690352,0.00662476,0.01527552,0.01228903,RELIABLE,RELIABLE,RELIABLE,RELIABLE,RELIABLE,RELIABLE,RELIABLE,RELIABLE,MOVING,MOVING,MOVING,STATIONARY,MOVING,MOVING,MOVING,MOVING,MOVING
63383,1878,14,STILL,0.13102686,0.00132980,0.01014909,0.00754526,0.00862549,0.00655079,0.00590295,0.00713616,0.00637652,0.01500798,0.01160588,RELIABLE,RELIABLE,RELIABLE,RELIABLE,RELIABLE,RELIABLE,RELIABLE,RELIABLE,MOVING,MOVING,MOVING,STATIONARY,MOVING,MOVING,MOVING,MOVING,MOVING
63420,1879,14,STILL,0.13032896,0.00181366,0.01391598,0.00853753,0.01064468,0.00834106,0.00684869,0.00658544,0.00737117,0.01572435,0.01054500,RELIABLE,RELIABLE,RELIABLE,RELIABLE,RELIABLE,RELIABLE,RELIABLE,RELIABLE,MOVING,MOVING,MOVING,STATIONARY,MOVING,MOVING,MOVING,MOVING,MOVING
63461,1880,14,STILL,0.12998451,0.00090683,0.00697643,0.00787339,0.01006795,0.00769019,0.00710366,0.00673361,0.00793642,0.01606839,0.00972216,RELIABLE,RELIABLE,RELIABLE,RELIABLE,RELIABLE,RELIABLE,RELIABLE,RELIABLE,MOVING,MOVING,MOVING,STATIONARY,MOVING,MOVING,MOVING,MOVING,MOVING
63492,1881,14,STILL,0.13010459,0.00157332,0.01209272,0.00836269,0.01086446,0.00870747,0.00717094,0.00626641,0.00783725,0.01655461,0.01029487,RELIABLE,RELIABLE,RELIABLE,RELIABLE,RELIABLE,RELIABLE,RELIABLE,RELIABLE,MOVING,MOVING,MOVING,STATIONARY,MOVING,MOVING,MOVING,MOVING,MOVING
63524,1882,14,STILL,0.13057182,0.00055320,0.00423675,0.00801780,0.01048414,0.00882389,0.00728635,0.00582013,0.00841198,0.01733593,0.01110417,RELIABLE,RELIABLE,RELIABLE,RELIABLE,RELIABLE,RELIABLE,RELIABLE,RELIABLE,MOVING,MOVING,MOVING,STATIONARY,MOVING,MOVING,MOVING,MOVING,MOVING
63555,1883,14,STILL,0.13085282,0.00145424,0.01111357,0.00845024,0.01170686,0.01015646,0.00775135,0.00603995,0.00806314,0.01642669,0.01029213,RELIABLE,RELIABLE,RELIABLE,RELIABLE,RELIABLE,RELIABLE,RELIABLE,RELIABLE,MOVING,MOVING,MOVING,STATIONARY,MOVING,MOVING,MOVING,MOVING,MOVING
63586,1884,14,STILL,0.13008967,0.00142534,0.01095657,0.00934174,0.01221897,0.01146762,0.00810593,0.00705958,0.00875478,0.01714833,0.01070348,RELIABLE,RELIABLE,RELIABLE,RELIABLE,RELIABLE,RELIABLE,RELIABLE,RELIABLE,MOVING,MOVING,MOVING,STATIONARY,MOVING,MOVING,MOVING,MOVING,MOVING
63628,1885,14,STILL,0.13000942,0.00044369,0.00341276,0.00910673,0.01210048,0.01145181,0.00769147,0.00675714,0.00841519,0.01407675,0.01165028,RELIABLE,RELIABLE,RELIABLE,RELIABLE,RELIABLE,RELIABLE,RELIABLE,RELIABLE,MOVING,MOVING,MOVING,STATIONARY,MOVING,MOVING,MOVING,MOVING,MOVING
63666,1886,14,STILL,0.12997026,0.00022185,0.00170689,0.00805146,0.01121983,0.01107112,0.00756476,0.00681322,0.00850175,0.01384637,0.01189221,RELIABLE,RELIABLE,RELIABLE,RELIABLE,RELIABLE,RELIABLE,RELIABLE,RELIABLE,MOVING,MOVING,MOVING,STATIONARY,MOVING,MOVING,MOVING,MOVING,MOVING
63698,1887,14,STILL,0.13013594,0.00196230,0.01507886,0.00819682,0.01102102,0.01020953,0.00671356,0.00687394,0.00733099,0.01336529,0.01106637,RELIABLE,RELIABLE,RELIABLE,RELIABLE,RELIABLE,RELIABLE,RELIABLE,RELIABLE,MOVING,MOVING,MOVING,STATIONARY,MOVING,MOVING,MOVING,MOVING,MOVING
63729,1888,14,STILL,0.13092216,0.00197449,0.01508141,0.00920994,0.01225624,0.01209985,0.00684990,0.00749477,0.00675581,0.01395376,0.01124670,RELIABLE,RELIABLE,RELIABLE,RELIABLE,RELIABLE,RELIABLE,RELIABLE,RELIABLE,MOVING,MOVING,MOVING,STATIONARY,MOVING,MOVING,MOVING,MOVING,MOVING
63760,1889,14,STILL,0.13036604,0.00157452,0.01207772,0.00920807,0.01169699,0.01148857,0.00702440,0.00702943,0.00640268,0.01343917,0.01173695,RELIABLE,RELIABLE,RELIABLE,RELIABLE,RELIABLE,RELIABLE,RELIABLE,RELIABLE,MOVING,MOVING,MOVING,STATIONARY,MOVING,MOVING,MOVING,MOVING,MOVING
63791,1890,14,STILL,0.13066285,0.00068300,0.00522720,0.00933187,0.01222704,0.01123853,0.00661341,0.00693531,0.00551380,0.01204583,0.01010392,RELIABLE,RELIABLE,RELIABLE,RELIABLE,RELIABLE,RELIABLE,RELIABLE,RELIABLE,MOVING,MOVING,MOVING,STATIONARY,MOVING,MOVING,MOVING,MOVING,MOVING
63823,1891,14,STILL,0.13081181,0.00034150,0.00261063,0.00826900,0.01025861,0.00942274,0.00546017,0.00644945,0.00547261,0.01221036,0.00966130,RELIABLE,RELIABLE,RELIABLE,RELIABLE,RELIABLE,RELIABLE,RELIABLE,RELIABLE,MOVING,MOVING,MOVING,STATIONARY,MOVING,MOVING,MOVING,MOVING,MOVING
63855,1892,14,STILL,0.13126761,0.00081309,0.00619415,0.00767370,0.00997090,0.00865697,0.00500032,0.00608467,0.00508333,0.01300085,0.00979067,RELIABLE,RELIABLE,RELIABLE,RELIABLE,RELIABLE,RELIABLE,RELIABLE,RELIABLE,MOVING,MOVING,MOVING,STATIONARY,MOVING,MOVING,MOVING,MOVING,MOVING
63887,1893,14,STILL,0.13118365,0.00084351,0.00642999,0.00805086,0.01043713,0.00873982,0.00642004,0.00580518,0.00496102,0.01450284,0.00921154,RELIABLE,RELIABLE,RELIABLE,RELIABLE,RELIABLE,RELIABLE,RELIABLE,RELIABLE,MOVING,MOVING,MOVING,STATIONARY,MOVING,MOVING,MOVING,MOVING,MOVING
63919,1894,14,STILL,0.13051254,0.00063952,0.00490004,0.00845000,0.01056917,0.00921816,0.00700261,0.00613404,0.00560851,0.01722891,0.00940523,RELIABLE,RELIABLE,RELIABLE,RELIABLE,RELIABLE,RELIABLE,RELIABLE,RELIABLE,MOVING,MOVING,MOVING,STATIONARY,MOVING,MOVING,MOVING,MOVING,MOVING
63950,1895,14,STILL,0.13018191,0.00031976,0.00245624,0.00687217,0.00829443,0.00804409,0.00655826,0.00573024,0.00515517,0.01688311,0.00869602,RELIABLE,RELIABLE,RELIABLE,RELIABLE,RELIABLE,RELIABLE,RELIABLE,RELIABLE,MOVING,MOVING,MOVING,STATIONARY,MOVING,MOVING,MOVING,MOVING,MOVING
63982,1896,14,STILL,0.13073128,0.00091875,0.00702781,0.00586547,0.00693345,0.00555562,0.00623220,0.00552914,0.00555254,0.01643951,0.00889728,RELIABLE,RELIABLE,RELIABLE,RELIABLE,RELIABLE,RELIABLE,RELIABLE,RELIABLE,MOVING,MOVING,MOVING,STATIONARY,MOVING,MOVING,MOVING,MOVING,MOVING
64014,1897,14,STILL,0.13063336,0.00051692,0.00395704,0.00485039,0.00584509,0.00498724,0.00648954,0.00616741,0.00612910,0.01642519,0.00881670,RELIABLE,RELIABLE,RELIABLE,RELIABLE,RELIABLE,RELIABLE,RELIABLE,RELIABLE,MOVING,MOVING,MOVING,STATIONARY,MOVING,MOVING,MOVING,MOVING,MOVING
64046,1898,14,STILL,0.13044151,0.00063968,0.00490393,0.00480998,0.00562638,0.00551223,0.00660492,0.00631417,0.00609489,0.01614115,0.00926707,RELIABLE,RELIABLE,RELIABLE,RELIABLE,RELIABLE,RELIABLE,RELIABLE,RELIABLE,MOVING,MOVING,MOVING,STATIONARY,MOVING,MOVING,MOVING,MOVING,MOVING
64077,1899,14,STILL,0.13057575,0.00093927,0.00719331,0.00538281,0.00591446,0.00555869,0.00652097,0.00658031,0.00601093,0.01594808,0.00974074,RELIABLE,RELIABLE,RELIABLE,RELIABLE,RELIABLE,RELIABLE,RELIABLE,RELIABLE,MOVING,MOVING,MOVING,STATIONARY,MOVING,MOVING,MOVING,MOVING,MOVING
64123,1900,14,STILL,0.13057324,0.00097863,0.00749489,0.00554541,0.00611317,0.00546344,0.00747793,0.00688193,0.00596837,0.01587834,0.01090712,RELIABLE,RELIABLE,RELIABLE,RELIABLE,RELIABLE,RELIABLE,RELIABLE,RELIABLE,MOVING,MOVING,MOVING,STATIONARY,MOVING,MOVING,MOVING,MOVING,MOVING
64156,1901,14,STILL,0.13057283,0.00048932,0.00374746,0.00521009,0.00546964,0.00506034,0.00643056,0.00674554,0.00553005,0.01432520,0.01081679,RELIABLE,RELIABLE,RELIABLE,RELIABLE,RELIABLE,RELIABLE,RELIABLE,RELIABLE,MOVING,MOVING,MOVING,STATIONARY,MOVING,MOVING,MOVING,MOVING,MOVING
64188,1902,14,STILL,0.13043284,0.00069741,0.00534689,0.00526595,0.00633500,0.00486279,0.00648225,0.00774968,0.00619989,0.01443097,0.01293436,RELIABLE,RELIABLE,RELIABLE,RELIABLE,RELIABLE,RELIABLE,RELIABLE,RELIABLE,MOVING,MOVING,MOVING,STATIONARY,MOVING,MOVING,MOVING,MOVING,MOVING
64220,1903,14,STILL,0.13026783,0.00080100,0.00614886,0.00572752,0.00660945,0.00507417,0.00689050,0.00840230,0.00728835,0.01521177,0.01424518,RELIABLE,RELIABLE,RELIABLE,RELIABLE,RELIABLE,RELIABLE,RELIABLE,RELIABLE,STATIONARY,MOVING,STATIONARY,STATIONARY,MOVING,MOVING,MOVING,MOVING,MOVING
64251,1904,14,STILL,0.13053794,0.00081788,0.00626546,0.00563223,0.00625320,0.00469546,0.00695434,0.00812693,0.00683046,0.01564665,0.01406299,RELIABLE,RELIABLE,RELIABLE,RELIABLE,RELIABLE,RELIABLE,RELIABLE,RELIABLE,STATIONARY,MOVING,STATIONARY,STATIONARY,MOVING,MOVING,MOVING,MOVING,MOVING
64284,1905,14,STILL,0.13039035,0.00064375,0.00493708,0.00575473,0.00583840,0.00461443,0.00667489,0.00742190,0.00682861,0.01608278,0.01450778,RELIABLE,RELIABLE,RELIABLE,RELIABLE,RELIABLE,RELIABLE,RELIABLE,RELIABLE,STATIONARY,MOVING,STATIONARY,STATIONARY,MOVING,MOVING,MOVING,MOVING,MOVING
64313,1906,14,STILL,0.13032026,0.00032187,0.00246987,0.00545048,0.00522638,0.00396220,0.00609121,0.00685782,0.00662479,0.01570248,0.01436947,RELIABLE,RELIABLE,RELIABLE,RELIABLE,RELIABLE,RELIABLE,RELIABLE,RELIABLE,STATIONARY,MOVING,STATIONARY,STATIONARY,MOVING,MOVING,MOVING,MOVING,MOVING
64345,1907,14,STILL,0.12984723,0.00204545,0.01575273,0.00652040,0.00653031,0.00534213,0.00672911,0.00790708,0.00756372,0.01682278,0.01538477,RELIABLE,RELIABLE,RELIABLE,RELIABLE,RELIABLE,RELIABLE,RELIABLE,RELIABLE,STATIONARY,MOVING,STATIONARY,STATIONARY,MOVING,MOVING,MOVING,MOVING,MOVING
64375,1908,14,STILL,0.12992840,0.00093665,0.00720896,0.00648466,0.00637180,0.00511481,0.00629569,0.00801783,0.00762772,0.01600470,0.01403243,RELIABLE,RELIABLE,RELIABLE,RELIABLE,RELIABLE,RELIABLE,RELIABLE,RELIABLE,STATIONARY,MOVING,STATIONARY,STATIONARY,MOVING,MOVING,MOVING,MOVING,MOVING
64412,1909,14,STILL,0.13016815,0.00105700,0.00812024,0.00703126,0.00654206,0.00559351,0.00633748,0.00811616,0.00801965,0.01725798,0.01386418,RELIABLE,RELIABLE,RELIABLE,RELIABLE,RELIABLE,RELIABLE,RELIABLE,RELIABLE,STATIONARY,MOVING,STATIONARY,STATIONARY,MOVING,MOVING,MOVING,MOVING,MOVING
64459,1910,14,STILL,0.13018367,0.00080226,0.00616255,0.00713322,0.00610751,0.00596964,0.00616356,0.00718587,0.00725905,0.01638595,0.01190389,RELIABLE,RELIABLE,RELIABLE,RELIABLE,RELIABLE,RELIABLE,RELIABLE,RELIABLE,STATIONARY,MOVING,STATIONARY,STATIONARY,MOVING,MOVING,MOVING,MOVING,MOVING
64499,1911,14,STILL,0.13038480,0.00085461,0.00655455,0.00718393,0.00643334,0.00632805,0.00601626,0.00711405,0.00675941,0.01547218,0.01107864,RELIABLE,RELIABLE,RELIABLE,RELIABLE,RELIABLE,RELIABLE,RELIABLE,RELIABLE,STATIONARY,MOVING,STATIONARY,STATIONARY,MOVING,MOVING,MOVING,MOVING,MOVING
64531,1912,14,STILL,0.13048692,0.00042731,0.00327471,0.00681009,0.00597477,0.00656833,0.00562239,0.00708714,0.00687416,0.01440861,0.01035128,RELIABLE,RELIABLE,RELIABLE,RELIABLE,RELIABLE,RELIABLE,RELIABLE,RELIABLE,STATIONARY,MOVING,STATIONARY,STATIONARY,MOVING,MOVING,MOVING,MOVING,MOVING
64563,1913,14,STILL,0.13025514,0.00047023,0.00361005,0.00664421,0.00643611,0.00627842,0.00522339,0.00769457,0.00701690,0.01322670,0.00885110,RELIABLE,RELIABLE,RELIABLE,RELIABLE,RELIABLE,RELIABLE,RELIABLE,RELIABLE,STATIONARY,MOVING,STATIONARY,STATIONARY,MOVING,MOVING,MOVING,MOVING,MOVING
64595,1914,14,STILL,0.13044001,0.00107952,0.00827595,0.00736997,0.00823738,0.00713352,0.00599076,0.00849636,0.00807427,0.01565716,0.00976852,RELIABLE,RELIABLE,RELIABLE,RELIABLE,RELIABLE,RELIABLE,RELIABLE,RELIABLE,STATIONARY,MOVING,STATIONARY,STATIONARY,MOVING,MOVING,MOVING,MOVING,MOVING
64627,1915,14,STILL,0.13082761,0.00066262,0.00506487,0.00603399,0.00692520,0.00608434,0.00593223,0.00823101,0.00770566,0.01613090,0.00967502,RELIABLE,RELIABLE,RELIABLE,RELIABLE,RELIABLE,RELIABLE,RELIABLE,RELIABLE,STATIONARY,MOVING,STATIONARY,STATIONARY,MOVING,MOVING,MOVING,MOVING,MOVING
64659,1916,14,STILL,0.13102174,0.00033131,0.00252868,0.00544895,0.00642751,0.00580830,0.00541721,0.00755494,0.00742963,0.01583354,0.00938987,RELIABLE,RELIABLE,RELIABLE,RELIABLE,RELIABLE,RELIABLE,RELIABLE,RELIABLE,STATIONARY,MOVING,STATIONARY,STATIONARY,MOVING,MOVING,MOVING,MOVING,MOVING
64690,1917,14,STILL,0.13025576,0.00080201,0.00615718,0.00520357,0.00677684,0.00621876,0.00562085,0.00806815,0.00855529,0.01572109,0.01150791,RELIABLE,RELIABLE,RELIABLE,RELIABLE,RELIABLE,RELIABLE,RELIABLE,RELIABLE,STATIONARY,MOVING,STATIONARY,STATIONARY,MOVING,MOVING,MOVING,MOVING,MOVING
64721,1918,14,STILL,0.13003348,0.00119619,0.00919906,0.00558313,0.00849549,0.00767316,0.00624444,0.00764128,0.00831368,0.01445032,0.01191508,RELIABLE,RELIABLE,RELIABLE,RELIABLE,RELIABLE,RELIABLE,RELIABLE,RELIABLE,STATIONARY,MOVING,STATIONARY,STATIONARY,MOVING,MOVING,MOVING,MOVING,MOVING
64752,1919,14,STILL,0.13062257,0.00044263,0.00338861,0.00518739,0.00792597,0.00720153,0.00643500,0.00730579,0.00821358,0.01671671,0.01246306,RELIABLE,RELIABLE,RELIABLE,RELIABLE,RELIABLE,RELIABLE,RELIABLE,RELIABLE,STATIONARY,MOVING,STATIONARY,STATIONARY,MOVING,MOVING,MOVING,MOVING,MOVING
64784,1920,14,STILL,0.13091726,0.00022131,0.00169049,0.00498936,0.00764124,0.00696552,0.00652959,0.00713768,0.00816280,0.01784623,0.01273565,RELIABLE,RELIABLE,RELIABLE,RELIABLE,RELIABLE,RELIABLE,RELIABLE,RELIABLE,STATIONARY,MOVING,STATIONARY,STATIONARY,MOVING,MOVING,MOVING,MOVING,MOVING
64828,1921,14,STILL,0.13058287,0.00081918,0.00627323,0.00532226,0.00846029,0.00788827,0.00763700,0.00721249,0.00885647,0.02046076,0.01465825,RELIABLE,RELIABLE,RELIABLE,RELIABLE,RELIABLE,RELIABLE,RELIABLE,RELIABLE,STATIONARY,MOVING,STATIONARY,STATIONARY,MOVING,MOVING,MOVING,MOVING,MOVING
64864,1922,14,STILL,0.13041902,0.00040959,0.00314055,0.00468033,0.00730007,0.00735021,0.00722459,0.00675246,0.00821821,0.01874842,0.01395310,RELIABLE,RELIABLE,RELIABLE,RELIABLE,RELIABLE,RELIABLE,RELIABLE,RELIABLE,STATIONARY,MOVING,STATIONARY,STATIONARY,MOVING,MOVING,MOVING,MOVING,MOVING
64895,1923,14,STILL,0.13015434,0.00072379,0.00556102,0.00474235,0.00762370,0.00779893,0.00673575,0.00634644,0.00811453,0.01731725,0.01336620,RELIABLE,RELIABLE,RELIABLE,RELIABLE,RELIABLE,RELIABLE,RELIABLE,RELIABLE,STATIONARY,MOVING,STATIONARY,STATIONARY,MOVING,MOVING,MOVING,MOVING,MOVING
64927,1924,14,STILL,0.13042168,0.00061610,0.00472388,0.00501675,0.00765830,0.00782930,0.00663929,0.00648651,0.00913933,0.01746057,0.01490318,RELIABLE,RELIABLE,RELIABLE,RELIABLE,RELIABLE,RELIABLE,RELIABLE,RELIABLE,STATIONARY,MOVING,STATIONARY,STATIONARY,MOVING,MOVING,MOVING,MOVING,MOVING
64958,1925,14,STILL,0.13021712,0.00034948,0.00268381,0.00458258,0.00706240,0.00728200,0.00721805,0.00671667,0.00943954,0.01794107,0.01465870,RELIABLE,RELIABLE,RELIABLE,RELIABLE,RELIABLE,RELIABLE,RELIABLE,RELIABLE,STATIONARY,MOVING,STATIONARY,STATIONARY,MOVING,MOVING,MOVING,MOVING,MOVING
64989,1926,14,STILL,0.13011556,0.00017474,0.00134295,0.00360057,0.00465416,0.00518168,0.00673293,0.00695416,0.00975369,0.01803802,0.01441935,RELIABLE,RELIABLE,RELIABLE,RELIABLE,RELIABLE,RELIABLE,RELIABLE,RELIABLE,STATIONARY,MOVING,STATIONARY,STATIONARY,MOVING,MOVING,MOVING,MOVING,MOVING
65021,1927,14,STILL,0.12979579,0.00111866,0.00861863,0.00425432,0.00568279,0.00574538,0.00683094,0.00741087,0.00994866,0.01651141,0.01464481,RELIABLE,RELIABLE,RELIABLE,RELIABLE,RELIABLE,RELIABLE,RELIABLE,RELIABLE,STATIONARY,MOVING,STATIONARY,STATIONARY,MOVING,MOVING,MOVING,MOVING,MOVING
65051,1928,14,STILL,0.13022889,0.00138859,0.01066266,0.00537584,0.00783811,0.00790987,0.00716276,0.00796838,0.01063788,0.01642389,0.01623709,RELIABLE,RELIABLE,RELIABLE,RELIABLE,RELIABLE,RELIABLE,RELIABLE,RELIABLE,STATIONARY,MOVING,STATIONARY,STATIONARY,MOVING,MOVING,MOVING,MOVING,MOVING
65082,1929,14,STILL,0.13061174,0.00170989,0.01309136,0.00622811,0.00842767,0.00847701,0.00719237,0.00866042,0.01145781,0.01482729,0.01663392,RELIABLE,RELIABLE,RELIABLE,RELIABLE,RELIABLE,RELIABLE,RELIABLE,RELIABLE,STATIONARY,MOVING,STATIONARY,STATIONARY,MOVING,MOVING,MOVING,MOVING,MOVING
65115,1930,14,STILL,0.13067764,0.00126041,0.00964515,0.00704118,0.00909430,0.00854350,0.00762521,0.00897508,0.01147708,0.01393908,0.01717596,RELIABLE,RELIABLE,RELIABLE,RELIABLE,RELIABLE,RELIABLE,RELIABLE,RELIABLE,STATIONARY,MOVING,STATIONARY,STATIONARY,MOVING,MOVING,MOVING,MOVING,MOVING
65146,1931,14,STILL,0.13071066,0.00063020,0.00482136,0.00694872,0.00872968,0.00784588,0.00777875,0.00845090,0.01119487,0.01355301,0.01690079,RELIABLE,RELIABLE,RELIABLE,RELIABLE,RELIABLE,RELIABLE,RELIABLE,RELIABLE,STATIONARY,MOVING,STATIONARY,STATIONARY,MOVING,MOVING,MOVING,MOVING,MOVING
65176,1932,14,STILL,0.13063814,0.00069672,0.00533322,0.00702489,0.00961116,0.00819313,0.00812195,0.00899797,0.01071350,0.01450834,0.01638160,RELIABLE,RELIABLE,RELIABLE,RELIABLE,RELIABLE,RELIABLE,RELIABLE,RELIABLE,STATIONARY,MOVING,STATIONARY,STATIONARY,MOVING,MOVING,MOVING,MOVING,MOVING
65208,1933,14,STILL,0.13000659,0.00061241,0.00471064,0.00727825,0.00993386,0.00813939,0.00770215,0.00840175,0.00956807,0.01495017,0.01533441,RELIABLE,RELIABLE,RELIABLE,RELIABLE,RELIABLE,RELIABLE,RELIABLE,RELIABLE,STATIONARY,MOVING,STATIONARY,STATIONARY,MOVING,MOVING,MOVING,MOVING,MOVING
65243,1934,14,STILL,0.12948702,0.00088519,0.00683610,0.00796489,0.01078602,0.00825220,0.00767348,0.00850797,0.00910704,0.01730857,0.01665668,RELIABLE,RELIABLE,RELIABLE,RELIABLE,RELIABLE,RELIABLE,RELIABLE,RELIABLE,STATIONARY,MOVING,STATIONARY,STATIONARY,MOVING,MOVING,MOVING,MOVING,MOVING
65276,1935,14,STILL,0.13038176,0.00041141,0.00315539,0.00728198,0.00983518,0.00790414,0.00766238,0.00828281,0.00893733,0.01855386,0.01730684,RELIABLE,RELIABLE,RELIABLE,RELIABLE,RELIABLE,RELIABLE,RELIABLE,RELIABLE,STATIONARY,MOVING,STATIONARY,STATIONARY,MOVING,MOVING,MOVING,MOVING,MOVING
65325,1936,14,STILL,0.13053384,0.00046481,0.00356081,0.00639425,0.00815700,0.00609093,0.00817829,0.00798376,0.00816085,0.01867704,0.01584782,RELIABLE,RELIABLE,RELIABLE,RELIABLE,RELIABLE,RELIABLE,RELIABLE,RELIABLE,STATIONARY,MOVING,STATIONARY,STATIONARY,MOVING,MOVING,MOVING,MOVING,MOVING
65365,1937,14,STILL,0.13061041,0.00023240,0.00177936,0.00498025,0.00644477,0.00455653,0.00720734,0.00632623,0.00569946,0.01728524,0.01331175,RELIABLE,RELIABLE,RELIABLE,RELIABLE,RELIABLE,RELIABLE,RELIABLE,RELIABLE,STATIONARY,MOVING,STATIONARY,STATIONARY,MOVING,MOVING,MOVING,MOVING,MOVING
65396,1938,14,STILL,0.13069387,0.00166709,0.01275565,0.00536906,0.00737529,0.00601551,0.00692647,0.00768988,0.00569620,0.01762625,0.01247027,RELIABLE,RELIABLE,RELIABLE,RELIABLE,RELIABLE,RELIABLE,RELIABLE,RELIABLE,STATIONARY,MOVING,STATIONARY,STATIONARY,MOVING,MOVING,MOVING,MOVING,MOVING
65428,1939,14,STILL,0.13036064,0.00074913,0.00574657,0.00548472,0.00788423,0.00684058,0.00723886,0.00796852,0.00591540,0.01903565,0.01314110,RELIABLE,RELIABLE,RELIABLE,RELIABLE,RELIABLE,RELIABLE,RELIABLE,RELIABLE,STATIONARY,MOVING,STATIONARY,STATIONARY,MOVING,MOVING,MOVING,MOVING,MOVING
65459,1940,14,STILL,0.13008343,0.00132095,0.01015465,0.00608740,0.00807000,0.00736111,0.00686560,0.00728627,0.00583924,0.01903430,0.01244048,RELIABLE,RELIABLE,RELIABLE,RELIABLE,RELIABLE,RELIABLE,RELIABLE,RELIABLE,STATIONARY,MOVING,STATIONARY,STATIONARY,MOVING,MOVING,MOVING,MOVING,MOVING
65491,1941,14,STILL,0.12994748,0.00066048,0.00508264,0.00613390,0.00804721,0.00727101,0.00592392,0.00676093,0.00529497,0.01696327,0.01112283,RELIABLE,RELIABLE,RELIABLE,RELIABLE,RELIABLE,RELIABLE,RELIABLE,RELIABLE,STATIONARY,MOVING,STATIONARY,STATIONARY,MOVING,MOVING,MOVING,MOVING,MOVING
65522,1942,14,STILL,0.13044668,0.00050738,0.00388953,0.00576557,0.00761628,0.00710134,0.00646549,0.00681280,0.00538854,0.01428948,0.00943050,RELIABLE,RELIABLE,RELIABLE,RELIABLE,RELIABLE,RELIABLE,RELIABLE,RELIABLE,STATIONARY,MOVING,STATIONARY,STATIONARY,MOVING,MOVING,MOVING,MOVING,MOVING
65553,1943,14,STILL,0.13061410,0.00127657,0.00977361,0.00659285,0.00844738,0.00776372,0.00712910,0.00672954,0.00509712,0.01392570,0.00765910,RELIABLE,RELIABLE,RELIABLE,RELIABLE,RELIABLE,RELIABLE,RELIABLE,RELIABLE,STATIONARY,MOVING,STATIONARY,STATIONARY,MOVING,MOVING,MOVING,MOVING,MOVING
65584,1944,14,STILL,0.12995559,0.00079921,0.00614986,0.00691648,0.00881026,0.00806032,0.00710693,0.00761758,0.00734384,0.01556888,0.00954830,RELIABLE,RELIABLE,RELIABLE,RELIABLE,RELIABLE,RELIABLE,RELIABLE,RELIABLE,STATIONARY,MOVING,STATIONARY,STATIONARY,MOVING,MOVING,MOVING,MOVING,MOVING
65615,1945,14,STILL,0.12984059,0.00047037,0.00362271,0.00714690,0.00898726,0.00792144,0.00698022,0.00776484,0.00832242,0.01606191,0.01045509,RELIABLE,RELIABLE,RELIABLE,RELIABLE,RELIABLE,RELIABLE,RELIABLE,RELIABLE,STATIONARY,MOVING,STATIONARY,STATIONARY,MOVING,MOVING,MOVING,MOVING,MOVING
65659,1946,14,STILL,0.12994087,0.00067040,0.00515926,0.00619735,0.00757838,0.00662785,0.00676581,0.00634863,0.00951877,0.01776487,0.01191982,RELIABLE,RELIABLE,RELIABLE,RELIABLE,RELIABLE,RELIABLE,RELIABLE,RELIABLE,STATIONARY,MOVING,STATIONARY,STATIONARY,MOVING,MOVING,MOVING,MOVING,MOVING
65693,1947,14,STILL,0.12999398,0.00033520,0.00257857,0.00580135,0.00683026,0.00588539,0.00620579,0.00604366,0.00989580,0.01737695,0.01156035,RELIABLE,RELIABLE,RELIABLE,RELIABLE,RELIABLE,RELIABLE,RELIABLE,RELIABLE,STATIONARY,MOVING,STATIONARY,STATIONARY,MOVING,MOVING,MOVING,MOVING,MOVING
65725,1948,14,STILL,0.13070966,0.00061208,0.00468275,0.00511737,0.00620283,0.00578412,0.00829963,0.00634577,0.01075949,0.02072151,0.01327628,RELIABLE,RELIABLE,RELIABLE,RELIABLE,RELIABLE,RELIABLE,RELIABLE,RELIABLE,STATIONARY,MOVING,STATIONARY,STATIONARY,MOVING,MOVING,MOVING,MOVING,MOVING
65756,1949,14,STILL,0.13082468,0.00073250,0.00559910,0.00518192,0.00625309,0.00608505,0.00899300,0.00677084,0.01080805,0.02110943,0.01354334,RELIABLE,RELIABLE,RELIABLE,RELIABLE,RELIABLE,RELIABLE,RELIABLE,RELIABLE,STATIONARY,MOVING,STATIONARY,STATIONARY,MOVING,MOVING,MOVING,MOVING,MOVING
65787,1950,14,STILL,0.13003156,0.00146125,0.01123763,0.00610044,0.00710829,0.00687656,0.00841868,0.00665517,0.01074799,0.02067462,0.01396936,RELIABLE,RELIABLE,RELIABLE,RELIABLE,RELIABLE,RELIABLE,RELIABLE,RELIABLE,STATIONARY,MOVING,STATIONARY,STATIONARY,MOVING,MOVING,MOVING,MOVING,MOVING
65820,1951,14,STILL,0.12978160,0.00041393,0.00318941,0.00527741,0.00625906,0.00564455,0.00731351,0.00673583,0.01069607,0.01935860,0.01450236,RELIABLE,RELIABLE,RELIABLE,RELIABLE,RELIABLE,RELIABLE,RELIABLE,RELIABLE,STATIONARY,MOVING,STATIONARY,STATIONARY,MOVING,MOVING,MOVING,MOVING,MOVING
65851,1952,14,STILL,0.12965671,0.00020696,0.00159624,0.00470821,0.00544933,0.00482033,0.00631176,0.00570500,0.00837910,0.01670438,0.01230094,RELIABLE,RELIABLE,RELIABLE,RELIABLE,RELIABLE,RELIABLE,RELIABLE,RELIABLE,STATIONARY,MOVING,STATIONARY,STATIONARY,MOVING,MOVING,MOVING,MOVING,MOVING
65882,1953,14,STILL,0.13012984,0.00113930,0.00875513,0.00534976,0.00679489,0.00672272,0.00667195,0.00653605,0.00971908,0.01945451,0.01419997,RELIABLE,RELIABLE,RELIABLE,RELIABLE,RELIABLE,RELIABLE,RELIABLE,RELIABLE,STATIONARY,MOVING,STATIONARY,STATIONARY,MOVING,MOVING,MOVING,MOVING,MOVING
65914,1954,14,STILL,0.13017691,0.00121538,0.00933637,0.00587190,0.00736957,0.00771075,0.00642051,0.00631928,0.00830738,0.01775723,0.01267494,RELIABLE,RELIABLE,RELIABLE,RELIABLE,RELIABLE,RELIABLE,RELIABLE,RELIABLE,STATIONARY,MOVING,STATIONARY,STATIONARY,MOVING,MOVING,MOVING,MOVING,MOVING
65948,1955,14,STILL,0.13023266,0.00084500,0.00648839,0.00636063,0.00814604,0.00862121,0.00686679,0.00647405,0.00781649,0.01795263,0.01351225,RELIABLE,RELIABLE,RELIABLE,RELIABLE,RELIABLE,RELIABLE,RELIABLE,RELIABLE,STATIONARY,MOVING,STATIONARY,STATIONARY,MOVING,MOVING,MOVING,MOVING,MOVING
65977,1956,14,STILL,0.13026055,0.00042250,0.00324350,0.00618072,0.00792016,0.00819670,0.00483176,0.00576713,0.00634584,0.01321215,0.01162355,RELIABLE,RELIABLE,RELIABLE,RELIABLE,RELIABLE,RELIABLE,RELIABLE,RELIABLE,STATIONARY,MOVING,STATIONARY,STATIONARY,MOVING,MOVING,MOVING,MOVING,MOVING
66028,1957,14,STILL,0.13006263,0.00068009,0.00522894,0.00613445,0.00776858,0.00775002,0.00513639,0.00598639,0.00820890,0.01463371,0.01368293,RELIABLE,RELIABLE,RELIABLE,RELIABLE,RELIABLE,RELIABLE,RELIABLE,RELIABLE,STATIONARY,MOVING,STATIONARY,STATIONARY,MOVING,MOVING,MOVING,MOVING,MOVING
66056,1958,14,STILL,0.12996374,0.00034004,0.00261646,0.00505680,0.00659152,0.00687044,0.00501592,0.00570516,0.00874744,0.01547410,0.01360773,RELIABLE,RELIABLE,RELIABLE,RELIABLE,RELIABLE,RELIABLE,RELIABLE,RELIABLE,STATIONARY,MOVING,STATIONARY,STATIONARY,MOVING,MOVING,MOVING,MOVING,MOVING
66088,1959,14,STILL,0.13051876,0.00079900,0.00612176,0.00542335,0.00782448,0.00822475,0.00548202,0.00571260,0.00967486,0.01558702,0.01486061,RELIABLE,RELIABLE,RELIABLE,RELIABLE,RELIABLE,RELIABLE,RELIABLE,RELIABLE,STATIONARY,MOVING,STATIONARY,STATIONARY,MOVING,MOVING,MOVING,MOVING,MOVING
66120,1960,14,STILL,0.13084229,0.00036366,0.00277940,0.00557124,0.00855532,0.00851031,0.00613946,0.00576852,0.01033592,0.01579875,0.01531687,RELIABLE,RELIABLE,RELIABLE,RELIABLE,RELIABLE,RELIABLE,RELIABLE,RELIABLE,STATIONARY,MOVING,STATIONARY,STATIONARY,MOVING,MOVING,MOVING,MOVING,MOVING
66155,1961,14,STILL,0.13097761,0.00039935,0.00304900,0.00485798,0.00760264,0.00710022,0.00591826,0.00575830,0.00880583,0.01318673,0.01322307,RELIABLE,RELIABLE,RELIABLE,RELIABLE,RELIABLE,RELIABLE,RELIABLE,RELIABLE,STATIONARY,MOVING,STATIONARY,STATIONARY,MOVING,MOVING,MOVING,MOVING,MOVING
66182,1962,14,STILL,0.13105576,0.00019968,0.00152359,0.00388138,0.00656213,0.00557238,0.00576640,0.00571308,0.00857722,0.01254667,0.01286720,RELIABLE,RELIABLE,RELIABLE,RELIABLE,RELIABLE,RELIABLE,RELIABLE,RELIABLE,STATIONARY,MOVING,STATIONARY,STATIONARY,MOVING,MOVING,MOVING,MOVING,MOVING
66214,1963,14,STILL,0.13117808,0.00126354,0.00963224,0.00427436,0.00742698,0.00607098,0.00640803,0.00635671,0.00934501,0.01307443,0.01207140,RELIABLE,RELIABLE,RELIABLE,RELIABLE,RELIABLE,RELIABLE,RELIABLE,RELIABLE,STATIONARY,MOVING,STATIONARY,STATIONARY,MOVING,MOVING,MOVING,MOVING,MOVING
66246,1964,14,STILL,0.13134007,0.00116470,0.00886782,0.00497740,0.00869039,0.00700037,0.00678678,0.00673158,0.00972499,0.01329751,0.01272054,RELIABLE,RELIABLE,RELIABLE,RELIABLE,RELIABLE,RELIABLE,RELIABLE,RELIABLE,STATIONARY,MOVING,STATIONARY,STATIONARY,MOVING,MOVING,MOVING,MOVING,MOVING
66284,1965,14,STILL,0.13092228,0.00085325,0.00651720,0.00513844,0.00983735,0.00848607,0.00651428,0.00711686,0.00861146,0.01127261,0.01276162,RELIABLE,RELIABLE,RELIABLE,RELIABLE,RELIABLE,RELIABLE,RELIABLE,RELIABLE,STATIONARY,MOVING,STATIONARY,STATIONARY,MOVING,MOVING,MOVING,MOVING,MOVING
66323,1966,14,STILL,0.13071421,0.00042662,0.00326379,0.00521935,0.01041201,0.00923029,0.00637830,0.00731023,0.00805479,0.01025978,0.01278341,RELIABLE,RELIABLE,RELIABLE,RELIABLE,RELIABLE,RELIABLE,RELIABLE,RELIABLE,STATIONARY,MOVING,STATIONARY,STATIONARY,MOVING,MOVING,MOVING,MOVING,MOVING
66355,1967,14,STILL,0.13094458,0.00056830,0.00433997,0.00499663,0.00900298,0.00832860,0.00640786,0.00692357,0.00729194,0.01109413,0.01165128,RELIABLE,RELIABLE,RELIABLE,RELIABLE,RELIABLE,RELIABLE,RELIABLE,RELIABLE,STATIONARY,MOVING,STATIONARY,STATIONARY,MOVING,MOVING,MOVING,MOVING,MOVING
66386,1968,14,STILL,0.13155652,0.00059220,0.00450148,0.00521189,0.00837813,0.00844547,0.00634330,0.00715954,0.00683808,0.01098780,0.01164795,RELIABLE,RELIABLE,RELIABLE,RELIABLE,RELIABLE,RELIABLE,RELIABLE,RELIABLE,STATIONARY,MOVING,STATIONARY,STATIONARY,MOVING,MOVING,MOVING,MOVING,MOVING
66418,1969,14,STILL,0.13204100,0.00163279,0.01236576,0.00637648,0.00953497,0.00967605,0.00704005,0.00638534,0.00698427,0.01245771,0.01133004,RELIABLE,RELIABLE,RELIABLE,RELIABLE,RELIABLE,RELIABLE,RELIABLE,RELIABLE,STATIONARY,MOVING,STATIONARY,STATIONARY,MOVING,MOVING,MOVING,MOVING,MOVING
66450,1970,14,STILL,0.13273103,0.00072440,0.00545767,0.00686824,0.00948396,0.00991822,0.00754572,0.00638393,0.00713415,0.01571454,0.01222418,RELIABLE,RELIABLE,RELIABLE,RELIABLE,RELIABLE,RELIABLE,RELIABLE,RELIABLE,STATIONARY,MOVING,STATIONARY,STATIONARY,MOVING,MOVING,MOVING,MOVING,MOVING
66492,1971,14,STILL,0.13160339,0.00044870,0.00340949,0.00609040,0.00853115,0.00912584,0.00652025,0.00573950,0.00648616,0.01457687,0.01236448,RELIABLE,RELIABLE,RELIABLE,RELIABLE,RELIABLE,RELIABLE,RELIABLE,RELIABLE,STATIONARY,MOVING,STATIONARY,STATIONARY,MOVING,MOVING,MOVING,MOVING,MOVING
66528,1972,14,STILL,0.13103986,0.00022435,0.00171207,0.00519593,0.00722634,0.00805197,0.00595058,0.00536558,0.00616764,0.01405150,0.01139087,RELIABLE,RELIABLE,RELIABLE,RELIABLE,RELIABLE,RELIABLE,RELIABLE,RELIABLE,STATIONARY,MOVING,STATIONARY,STATIONARY,MOVING,MOVING,MOVING,MOVING,MOVING
66559,1973,14,STILL,0.13094103,0.00113602,0.00867579,0.00546575,0.00780777,0.00788649,0.00576425,0.00503772,0.00564042,0.01748820,0.00990627,RELIABLE,RELIABLE,RELIABLE,RELIABLE,RELIABLE,RELIABLE,RELIABLE,RELIABLE,STATIONARY,MOVING,STATIONARY,STATIONARY,MOVING,MOVING,MOVING,MOVING,MOVING
66590,1974,14,STILL,0.13101981,0.00071252,0.00543827,0.00573756,0.00732374,0.00724917,0.00605365,0.00557754,0.00687206,0.02179872,0.01217199,RELIABLE,RELIABLE,RELIABLE,RELIABLE,RELIABLE,RELIABLE,RELIABLE,RELIABLE,STATIONARY,MOVING,STATIONARY,STATIONARY,MOVING,MOVING,MOVING,MOVING,MOVING
66622,1975,14,STILL,0.13091202,0.00171627,0.01311008,0.00683383,0.00977574,0.00958238,0.00556880,0.00593264,0.00853064,0.02151447,0.01395230,RELIABLE,RELIABLE,RELIABLE,RELIABLE,RELIABLE,RELIABLE,RELIABLE,RELIABLE,STATIONARY,MOVING,STATIONARY,STATIONARY,MOVING,MOVING,MOVING,MOVING,MOVING
66654,1976,14,STILL,0.13059781,0.00062572,0.00479122,0.00687004,0.00985603,0.00981682,0.00605954,0.00582540,0.00931074,0.02383960,0.01445989,RELIABLE,RELIABLE,RELIABLE,RELIABLE,RELIABLE,RELIABLE,RELIABLE,RELIABLE,STATIONARY,MOVING,STATIONARY,STATIONARY,MOVING,MOVING,MOVING,MOVING,MOVING
66685,1977,14,STILL,0.13045033,0.00031286,0.00239832,0.00562411,0.00799939,0.00828804,0.00538149,0.00565300,0.00883548,0.02245075,0.01439111,RELIABLE,RELIABLE,RELIABLE,RELIABLE,RELIABLE,RELIABLE,RELIABLE,RELIABLE,STATIONARY,MOVING,STATIONARY,STATIONARY,MOVING,MOVING,MOVING,MOVING,MOVING
66717,1978,14,STILL,0.13071195,0.00044243,0.00338473,0.00536500,0.00884441,0.00897071,0.00530648,0.00591526,0.00912881,0.02003312,0.01460747,RELIABLE,RELIABLE,RELIABLE,RELIABLE,RELIABLE,RELIABLE,RELIABLE,RELIABLE,STATIONARY,MOVING,STATIONARY,STATIONARY,STATIONARY,MOVING,MOVING,MOVING,MOVING
66748,1979,14,STILL,0.13101125,0.00056265,0.00429470,0.00547565,0.00834410,0.00889245,0.00550534,0.00583290,0.00941435,0.02123418,0.01412724,RELIABLE,RELIABLE,RELIABLE,RELIABLE,RELIABLE,RELIABLE,RELIABLE,RELIABLE,STATIONARY,MOVING,STATIONARY,STATIONARY,STATIONARY,MOVING,MOVING,MOVING,MOVING
66780,1980,14,STILL,0.13100953,0.00044890,0.00342646,0.00568995,0.00814023,0.00903563,0.00638985,0.00642989,0.01008009,0.02275664,0.01551145,RELIABLE,RELIABLE,RELIABLE,RELIABLE,RELIABLE,RELIABLE,RELIABLE,RELIABLE,STATIONARY,MOVING,STATIONARY,STATIONARY,STATIONARY,MOVING,MOVING,MOVING,MOVING
66811,1981,14,STILL,0.13101441,0.00022445,0.00171317,0.00481962,0.00596309,0.00759700,0.00622668,0.00582432,0.00986886,0.01944625,0.01507134,RELIABLE,RELIABLE,RELIABLE,RELIABLE,RELIABLE,RELIABLE,RELIABLE,RELIABLE,STATIONARY,MOVING,STATIONARY,STATIONARY,STATIONARY,MOVING,MOVING,MOVING,MOVING
66860,1982,14,STILL,0.13063070,0.00081752,0.00625826,0.00492212,0.00630917,0.00783008,0.00641659,0.00543427,0.00898167,0.01718605,0.01266289,RELIABLE,RELIABLE,RELIABLE,RELIABLE,RELIABLE,RELIABLE,RELIABLE,RELIABLE,STATIONARY,MOVING,STATIONARY,STATIONARY,STATIONARY,MOVING,MOVING,MOVING,MOVING
66889,1983,14,STILL,0.13044014,0.00040876,0.00313370,0.00367507,0.00408142,0.00516330,0.00639749,0.00497806,0.00692749,0.01594211,0.01018302,RELIABLE,RELIABLE,RELIABLE,RELIABLE,RELIABLE,RELIABLE,RELIABLE,RELIABLE,STATIONARY,MOVING,STATIONARY,STATIONARY,STATIONARY,MOVING,MOVING,MOVING,MOVING
66919,1984,14,STILL,0.13065296,0.00083007,0.00635327,0.00387032,0.00459043,0.00560183,0.00560715,0.00518271,0.00603956,0.01597527,0.01018558,RELIABLE,RELIABLE,RELIABLE,RELIABLE,RELIABLE,RELIABLE,RELIABLE,RELIABLE,STATIONARY,MOVING,STATIONARY,STATIONARY,STATIONARY,MOVING,MOVING,MOVING,MOVING
66951,1985,14,STILL,0.13091464,0.00131501,0.01004476,0.00482613,0.00638231,0.00688254,0.00595579,0.00578105,0.00610588,0.01819981,0.01072134,RELIABLE,RELIABLE,RELIABLE,RELIABLE,RELIABLE,RELIABLE,RELIABLE,RELIABLE,STATIONARY,MOVING,STATIONARY,STATIONARY,STATIONARY,MOVING,MOVING,MOVING,MOVING
66989,1986,14,STILL,0.13131560,0.00081035,0.00617099,0.00517441,0.00591850,0.00633403,0.00604060,0.00647245,0.00619608,0.01859163,0.01080106,RELIABLE,RELIABLE,RELIABLE,RELIABLE,RELIABLE,RELIABLE,RELIABLE,RELIABLE,STATIONARY,MOVING,STATIONARY,STATIONARY,STATIONARY,MOVING,MOVING,MOVING,MOVING
67014,1987,14,STILL,0.13151728,0.00040517,0.00308076,0.00502267,0.00566208,0.00571350,0.00583489,0.00674495,0.00572783,0.01725102,0.01075327,RELIABLE,RELIABLE,RELIABLE,RELIABLE,RELIABLE,RELIABLE,RELIABLE,RELIABLE,STATIONARY,MOVING,STATIONARY,STATIONARY,STATIONARY,MOVING,MOVING,MOVING,MOVING
67046,1988,14,STILL,0.13189776,0.00085994,0.00651972,0.00540933,0.00581173,0.00606199,0.00570519,0.00714194,0.00532058,0.01664828,0.00961718,RELIABLE,RELIABLE,RELIABLE,RELIABLE,RELIABLE,RELIABLE,RELIABLE,RELIABLE,STATIONARY,MOVING,STATIONARY,STATIONARY,STATIONARY,MOVING,MOVING,MOVING,MOVING
67078,1989,14,STILL,0.13184108,0.00066948,0.00507794,0.00582992,0.00587468,0.00618903,0.00560609,0.00753383,0.00566966,0.01680650,0.01081245,RELIABLE,RELIABLE,RELIABLE,RELIABLE,RELIABLE,RELIABLE,RELIABLE,RELIABLE,STATIONARY,MOVING,STATIONARY,STATIONARY,STATIONARY,MOVING,MOVING,MOVING,MOVING
67116,1990,14,STILL,0.13037691,0.00112539,0.00863180,0.00612662,0.00712217,0.00833388,0.00580302,0.00752330,0.00607752,0.01658121,0.01123483,RELIABLE,RELIABLE,RELIABLE,RELIABLE,RELIABLE,RELIABLE,RELIABLE,RELIABLE,STATIONARY,MOVING,STATIONARY,STATIONARY,STATIONARY,MOVING,MOVING,MOVING,MOVING
67157,1991,14,STILL,0.13094833,0.00100659,0.00768693,0.00669577,0.00832222,0.00959844,0.00672806,0.00775388,0.00691774,0.01735321,0.01179975,RELIABLE,RELIABLE,RELIABLE,RELIABLE,RELIABLE,RELIABLE,RELIABLE,RELIABLE,STATIONARY,MOVING,STATIONARY,STATIONARY,STATIONARY,MOVING,MOVING,MOVING,MOVING
67188,1992,14,STILL,0.13124086,0.00050330,0.00383490,0.00638097,0.00824914,0.00921304,0.00689138,0.00723853,0.00712114,0.01498191,0.01082775,RELIABLE,RELIABLE,RELIABLE,RELIABLE,RELIABLE,RELIABLE,RELIABLE,RELIABLE,STATIONARY,MOVING,STATIONARY,STATIONARY,STATIONARY,MOVING,MOVING,MOVING,MOVING
67220,1993,14,STILL,0.13095331,0.00104685,0.00799410,0.00612464,0.00777041,0.00860814,0.00679960,0.00722830,0.00776052,0.01333428,0.01137238,RELIABLE,RELIABLE,RELIABLE,RELIABLE,RELIABLE,RELIABLE,RELIABLE,RELIABLE,STATIONARY,MOVING,STATIONARY,STATIONARY,STATIONARY,MOVING,MOVING,MOVING,MOVING
67252,1994,14,STILL,0.13042911,0.00115722,0.00887242,0.00646232,0.00827436,0.00897607,0.00657350,0.00678304,0.00717166,0.01200846,0.01043078,RELIABLE,RELIABLE,RELIABLE,RELIABLE,RELIABLE,RELIABLE,RELIABLE,RELIABLE,STATIONARY,MOVING,STATIONARY,STATIONARY,STATIONARY,MOVING,MOVING,MOVING,MOVING
67284,1995,14,STILL,0.13106673,0.00164943,0.01258465,0.00765031,0.01035325,0.01079647,0.00666280,0.00655034,0.00749372,0.01211694,0.01069883,RELIABLE,RELIABLE,RELIABLE,RELIABLE,RELIABLE,RELIABLE,RELIABLE,RELIABLE,STATIONARY,MOVING,STATIONARY,STATIONARY,STATIONARY,MOVING,MOVING,MOVING,MOVING
67315,1996,14,STILL,0.13143503,0.00035582,0.00270718,0.00717374,0.01013182,0.01022200,0.00669557,0.00590802,0.00756284,0.01188815,0.01085481,RELIABLE,RELIABLE,RELIABLE,RELIABLE,RELIABLE,RELIABLE,RELIABLE,RELIABLE,STATIONARY,MOVING,STATIONARY,STATIONARY,STATIONARY,MOVING,MOVING,MOVING,MOVING
67356,1997,14,STILL,0.13097427,0.00101888,0.00777926,0.00751140,0.01130880,0.01086114,0.00715674,0.00588631,0.00765533,0.01430620,0.01053560,RELIABLE,RELIABLE,RELIABLE,RELIABLE,RELIABLE,RELIABLE,RELIABLE,RELIABLE,STATIONARY,MOVING,STATIONARY,STATIONARY,STATIONARY,MOVING,MOVING,MOVING,MOVING
67394,1998,14,STILL,0.13074548,0.00050944,0.00389643,0.00691948,0.01002121,0.00870099,0.00648687,0.00546507,0.00675442,0.01383488,0.00973094,RELIABLE,RELIABLE,RELIABLE,RELIABLE,RELIABLE,RELIABLE,RELIABLE,RELIABLE,STATIONARY,MOVING,STATIONARY,STATIONARY,STATIONARY,MOVING,MOVING,MOVING,MOVING
67426,1999,14,STILL,0.13067119,0.00109178,0.00835520,0.00700302,0.00951466,0.00889319,0.00574183,0.00541101,0.00648047,0.01595473,0.01011620,RELIABLE,RELIABLE,RELIABLE,RELIABLE,RELIABLE,RELIABLE,RELIABLE,RELIABLE,STATIONARY,MOVING,STATIONARY,STATIONARY,STATIONARY,MOVING,MOVING,MOVING,MOVING
67458,2000,14,STILL,0.13074713,0.00096193,0.00735715,0.00744330,0.01006042,0.00966771,0.00638593,0.00638192,0.00703886,0.02193625,0.01223477,RELIABLE,RELIABLE,RELIABLE,RELIABLE,RELIABLE,RELIABLE,RELIABLE,RELIABLE,STATIONARY,MOVING,STATIONARY,STATIONARY,STATIONARY,MOVING,MOVING,MOVING,MOVING
67489,2001,14,STILL,0.13139120,0.00040016,0.00304556,0.00682473,0.00908162,0.00906107,0.00644623,0.00603631,0.00626251,0.02047068,0.01125585,RELIABLE,RELIABLE,RELIABLE,RELIABLE,RELIABLE,RELIABLE,RELIABLE,RELIABLE,STATIONARY,MOVING,STATIONARY,STATIONARY,STATIONARY,MOVING,MOVING,MOVING,MOVING
67521,2002,14,STILL,0.13171725,0.00020008,0.00151901,0.00590556,0.00806439,0.00820197,0.00632376,0.00517695,0.00611766,0.02016118,0.01086386,RELIABLE,RELIABLE,RELIABLE,RELIABLE,RELIABLE,RELIABLE,RELIABLE,RELIABLE,STATIONARY,MOVING,STATIONARY,STATIONARY,STATIONARY,MOVING,MOVING,MOVING,MOVING
67553,2003,14,STILL,0.13195419,0.00083155,0.00630184,0.00512020,0.00694591,0.00690295,0.00657248,0.00561560,0.00620884,0.02220436,0.01166475,RELIABLE,RELIABLE,RELIABLE,RELIABLE,RELIABLE,RELIABLE,RELIABLE,RELIABLE,STATIONARY,MOVING,STATIONARY,STATIONARY,STATIONARY,MOVING,MOVING,MOVING,MOVING
67584,2004,14,STILL,0.13087916,0.00098969,0.00756190,0.00572704,0.00861160,0.00809363,0.00679276,0.00614007,0.00684082,0.02336730,0.01144189,RELIABLE,RELIABLE,RELIABLE,RELIABLE,RELIABLE,RELIABLE,RELIABLE,RELIABLE,STATIONARY,MOVING,STATIONARY,STATIONARY,STATIONARY,MOVING,MOVING,MOVING,MOVING
67615,2005,14,STILL,0.13144310,0.00061603,0.00468668,0.00534047,0.00766134,0.00730509,0.00671790,0.00586041,0.00633429,0.02170357,0.01054316,RELIABLE,RELIABLE,RELIABLE,RELIABLE,RELIABLE,RELIABLE,RELIABLE,RELIABLE,STATIONARY,MOVING,STATIONARY,STATIONARY,STATIONARY,MOVING,MOVING,MOVING,MOVING
67646,2006,14,STILL,0.13111458,0.00063209,0.00482086,0.00545603,0.00735852,0.00737299,0.00707130,0.00662402,0.00678037,0.02090789,0.01067110,RELIABLE,RELIABLE,RELIABLE,RELIABLE,RELIABLE,RELIABLE,RELIABLE,RELIABLE,STATIONARY,MOVING,STATIONARY,STATIONARY,STATIONARY,MOVING,MOVING,MOVING,MOVING
67693,2007,14,STILL,0.13158992,0.00087149,0.00662279,0.00523947,0.00727184,0.00690096,0.00746892,0.00678934,0.00669303,0.02070448,0.01115136,RELIABLE,RELIABLE,RELIABLE,RELIABLE,RELIABLE,RELIABLE,RELIABLE,RELIABLE,STATIONARY,MOVING,STATIONARY,STATIONARY,STATIONARY,MOVING,MOVING,MOVING,MOVING
67725,2008,14,STILL,0.13183493,0.00043575,0.00330524,0.00473299,0.00643030,0.00598707,0.00665169,0.00587407,0.00595457,0.01567978,0.00946498,RELIABLE,RELIABLE,RELIABLE,RELIABLE,RELIABLE,RELIABLE,RELIABLE,RELIABLE,STATIONARY,MOVING,STATIONARY,STATIONARY,STATIONARY,MOVING,MOVING,MOVING,MOVING
67758,2009,14,STILL,0.13128208,0.00103111,0.00785414,0.00533406,0.00713118,0.00684719,0.00617700,0.00629495,0.00635767,0.01874125,0.01071130,RELIABLE,RELIABLE,RELIABLE,RELIABLE,RELIABLE,RELIABLE,RELIABLE,RELIABLE,STATIONARY,MOVING,STATIONARY,STATIONARY,STATIONARY,MOVING,MOVING,MOVING,MOVING
67789,2010,14,STILL,0.13089229,0.00085625,0.00654163,0.00596188,0.00758383,0.00794267,0.00704456,0.00699058,0.00732214,0.02177670,0.01221537,RELIABLE,RELIABLE,RELIABLE,RELIABLE,RELIABLE,RELIABLE,RELIABLE,RELIABLE,STATIONARY,MOVING,STATIONARY,STATIONARY,STATIONARY,MOVING,MOVING,MOVING,MOVING
67820,2011,14,STILL,0.13110980,0.00089914,0.00685792,0.00603140,0.00763074,0.00863069,0.00732447,0.00681689,0.00716108,0.02094619,0.01189775,RELIABLE,RELIABLE,RELIABLE,RELIABLE,RELIABLE,RELIABLE,RELIABLE,RELIABLE,STATIONARY,MOVING,STATIONARY,STATIONARY,STATIONARY,MOVING,MOVING,MOVING,MOVING
67852,2012,14,STILL,0.13122347,0.00044957,0.00342599,0.00551441,0.00636294,0.00777518,0.00662077,0.00605031,0.00623439,0.01967961,0.01182441,RELIABLE,RELIABLE,RELIABLE,RELIABLE,RELIABLE,RELIABLE,RELIABLE,RELIABLE,STATIONARY,MOVING,STATIONARY,STATIONARY,STATIONARY,MOVING,MOVING,MOVING,MOVING
67883,2013,14,STILL,0.13063111,0.00140261,0.01073716,0.00627072,0.00814647,0.01007547,0.00701570,0.00689368,0.00707010,0.01996603,0.01209139,RELIABLE,RELIABLE,RELIABLE,RELIABLE,RELIABLE,RELIABLE,RELIABLE,RELIABLE,STATIONARY,MOVING,STATIONARY,STATIONARY,STATIONARY,MOVING,MOVING,MOVING,MOVING
67915,2014,14,STILL,0.13057855,0.00149408,0.01144202,0.00709836,0.01084024,0.01281062,0.00796182,0.00696081,0.00831852,0.02177574,0.01334622,RELIABLE,RELIABLE,RELIABLE,RELIABLE,RELIABLE,RELIABLE,RELIABLE,RELIABLE,STATIONARY,MOVING,STATIONARY,STATIONARY,STATIONARY,MOVING,MOVING,MOVING,MOVING
67947,2015,14,STILL,0.13193956,0.00084504,0.00640475,0.00707111,0.01065399,0.01241391,0.00790484,0.00823058,0.00980405,0.02213692,0.01455452,RELIABLE,RELIABLE,RELIABLE,RELIABLE,RELIABLE,RELIABLE,RELIABLE,RELIABLE,STATIONARY,MOVING,STATIONARY,STATIONARY,STATIONARY,MOVING,MOVING,MOVING,MOVING
67980,2016,14,STILL,0.13189973,0.00053139,0.00402871,0.00716154,0.01122317,0.01294045,0.00789590,0.00900237,0.01052779,0.02182470,0.01469889,RELIABLE,RELIABLE,RELIABLE,RELIABLE,RELIABLE,RELIABLE,RELIABLE,RELIABLE,STATIONARY,MOVING,MOVING,STATIONARY,STATIONARY,MOVING,MOVING,MOVING,MOVING
68011,2017,14,STILL,0.13188069,0.00026569,0.00201465,0.00643160,0.01054249,0.01223098,0.00764819,0.00859709,0.01012424,0.01880335,0.01315385,RELIABLE,RELIABLE,RELIABLE,RELIABLE,RELIABLE,RELIABLE,RELIABLE,RELIABLE,STATIONARY,MOVING,MOVING,STATIONARY,STATIONARY,MOVING,MOVING,MOVING,MOVING
68042,2018,14,STILL,0.13109179,0.00051811,0.00395226,0.00610793,0.01038855,0.01163294,0.00693180,0.00832934,0.00970359,0.01642083,0.01332070,RELIABLE,RELIABLE,RELIABLE,RELIABLE,RELIABLE,RELIABLE,RELIABLE,RELIABLE,STATIONARY,MOVING,MOVING,STATIONARY,STATIONARY,MOVING,MOVING,MOVING,MOVING
68075,2019,14,STILL,0.13122334,0.00054349,0.00414170,0.00576840,0.00930872,0.01064042,0.00653469,0.00893314,0.01018211,0.01560365,0.01348698,RELIABLE,RELIABLE,RELIABLE,RELIABLE,RELIABLE,RELIABLE,RELIABLE,RELIABLE,STATIONARY,MOVING,MOVING,STATIONARY,STATIONARY,MOVING,MOVING,MOVING,MOVING
68108,2020,14,STILL,0.13116975,0.00118965,0.00906956,0.00647385,0.01002874,0.01112466,0.00692078,0.00900471,0.01060178,0.01763893,0.01318385,RELIABLE,RELIABLE,RELIABLE,RELIABLE,RELIABLE,RELIABLE,RELIABLE,RELIABLE,STATIONARY,MOVING,MOVING,STATIONARY,STATIONARY,MOVING,MOVING,MOVING,MOVING
68140,2021,14,STILL,0.13122694,0.00075446,0.00574931,0.00585037,0.00892814,0.00942020,0.00671674,0.00844706,0.01024605,0.01833287,0.01340942,RELIABLE,RELIABLE,RELIABLE,RELIABLE,RELIABLE,RELIABLE,RELIABLE,RELIABLE,STATIONARY,MOVING,MOVING,STATIONARY,STATIONARY,MOVING,MOVING,MOVING,MOVING
68189,2022,14,STILL,0.13061564,0.00033008,0.00252714,0.00473601,0.00630645,0.00648315,0.00524638,0.00862799,0.00860758,0.01783620,0.01242325,RELIABLE,RELIABLE,RELIABLE,RELIABLE,RELIABLE,RELIABLE,RELIABLE,RELIABLE,STATIONARY,MOVING,MOVING,STATIONARY,STATIONARY,MOVING,MOVING,MOVING,MOVING
68216,2023,14,STILL,0.13031121,0.00016504,0.00126652,0.00409373,0.00575046,0.00582056,0.00440352,0.00730737,0.00642452,0.01469784,0.00979227,RELIABLE,RELIABLE,RELIABLE,RELIABLE,RELIABLE,RELIABLE,RELIABLE,RELIABLE,STATIONARY,MOVING,MOVING,STATIONARY,STATIONARY,MOVING,MOVING,MOVING,MOVING
68246,2024,14,STILL,0.13039820,0.00039860,0.00305676,0.00397224,0.00522712,0.00534815,0.00456286,0.00648135,0.00614614,0.01558638,0.01000487,RELIABLE,RELIABLE,RELIABLE,RELIABLE,RELIABLE,RELIABLE,RELIABLE,RELIABLE,STATIONARY,MOVING,MOVING,STATIONARY,STATIONARY,MOVING,MOVING,MOVING,MOVING
68277,2025,14,STILL,0.13002825,0.00079035,0.00607832,0.00448019,0.00555069,0.00572974,0.00603343,0.00649953,0.00749507,0.01703939,0.01091519,RELIABLE,RELIABLE,RELIABLE,RELIABLE,RELIABLE,RELIABLE,RELIABLE,RELIABLE,STATIONARY,MOVING,MOVING,STATIONARY,STATIONARY,MOVING,MOVING,MOVING,MOVING
68317,2026,14,STILL,0.13051474,0.00047676,0.00365296,0.00444278,0.00549195,0.00531331,0.00679364,0.00639164,0.00743155,0.01753304,0.01067112,RELIABLE,RELIABLE,RELIABLE,RELIABLE,RELIABLE,RELIABLE,RELIABLE,RELIABLE,STATIONARY,MOVING,MOVING,STATIONARY,STATIONARY,MOVING,MOVING,MOVING,MOVING
68356,2027,14,STILL,0.13077557,0.00023838,0.00182284,0.00415292,0.00542789,0.00489160,0.00685349,0.00526388,0.00657416,0.01678473,0.00979962,RELIABLE,RELIABLE,RELIABLE,RELIABLE,RELIABLE,RELIABLE,RELIABLE,RELIABLE,STATIONARY,MOVING,MOVING,STATIONARY,STATIONARY,MOVING,MOVING,MOVING,MOVING
68387,2028,14,STILL,0.13101335,0.00074043,0.00565153,0.00372567,0.00469887,0.00457167,0.00658613,0.00705856,0.00709615,0.01545463,0.01041745,RELIABLE,RELIABLE,RELIABLE,RELIABLE,RELIABLE,RELIABLE,RELIABLE,RELIABLE,STATIONARY,MOVING,MOVING,STATIONARY,STATIONARY,MOVING,MOVING,MOVING,MOVING
68419,2029,14,STILL,0.13166860,0.00129503,0.00983555,0.00423645,0.00492883,0.00543875,0.00644932,0.00723259,0.00740975,0.01349311,0.01058283,RELIABLE,RELIABLE,RELIABLE,RELIABLE,RELIABLE,RELIABLE,RELIABLE,RELIABLE,STATIONARY,MOVING,MOVING,STATIONARY,STATIONARY,MOVING,MOVING,MOVING,MOVING
68451,2030,14,STILL,0.13231386,0.00087304,0.00659822,0.00474534,0.00568806,0.00625948,0.00712369,0.00641564,0.00758513,0.01279096,0.01071241,RELIABLE,RELIABLE,RELIABLE,RELIABLE,RELIABLE,RELIABLE,RELIABLE,RELIABLE,STATIONARY,STATIONARY,MOVING,STATIONARY,STATIONARY,MOVING,MOVING,MOVING,MOVING
68483,2031,14,STILL,0.13239097,0.00063280,0.00477975,0.00518449,0.00606310,0.00690837,0.00787278,0.00689991,0.00929729,0.01504858,0.01308737,RELIABLE,RELIABLE,RELIABLE,RELIABLE,RELIABLE,RELIABLE,RELIABLE,RELIABLE,STATIONARY,STATIONARY,MOVING,STATIONARY,STATIONARY,MOVING,MOVING,MOVING,MOVING
68524,2032,14,STILL,0.13255739,0.00079278,0.00598067,0.00554998,0.00643006,0.00713074,0.00787227,0.00733824,0.00889509,0.01678198,0.01365300,RELIABLE,RELIABLE,RELIABLE,RELIABLE,RELIABLE,RELIABLE,RELIABLE,RELIABLE,STATIONARY,STATIONARY,MOVING,STATIONARY,STATIONARY,MOVING,MOVING,MOVING,MOVING
68562,2033,14,STILL,0.13264081,0.00039639,0.00298846,0.00516375,0.00602793,0.00662377,0.00648087,0.00712589,0.00720562,0.01663848,0.01313109,RELIABLE,RELIABLE,RELIABLE,RELIABLE,RELIABLE,RELIABLE,RELIABLE,RELIABLE,STATIONARY,STATIONARY,MOVING,STATIONARY,STATIONARY,MOVING,MOVING,MOVING,MOVING
68594,2034,14,STILL,0.13196390,0.00073599,0.00557720,0.00540428,0.00682378,0.00768333,0.00642219,0.00762290,0.00763433,0.01833658,0.01354658,RELIABLE,RELIABLE,RELIABLE,RELIABLE,RELIABLE,RELIABLE,RELIABLE,RELIABLE,STATIONARY,STATIONARY,MOVING,STATIONARY,STATIONARY,MOVING,MOVING,MOVING,MOVING
68626,2035,14,STILL,0.13178338,0.00053467,0.00405722,0.00568357,0.00715853,0.00840867,0.00658902,0.00805761,0.00819268,0.02090061,0.01473214,RELIABLE,RELIABLE,RELIABLE,RELIABLE,RELIABLE,RELIABLE,RELIABLE,RELIABLE,STATIONARY,STATIONARY,MOVING,STATIONARY,STATIONARY,MOVING,MOVING,MOVING,MOVING
68657,2036,14,STILL,0.13136344,0.00062563,0.00476259,0.00557246,0.00744707,0.00815509,0.00712412,0.00637047,0.00794401,0.02292220,0.01532724,RELIABLE,RELIABLE,RELIABLE,RELIABLE,RELIABLE,RELIABLE,RELIABLE,RELIABLE,STATIONARY,STATIONARY,MOVING,STATIONARY,STATIONARY,MOVING,MOVING,MOVING,MOVING
68688,2037,14,STILL,0.13109387,0.00069734,0.00531936,0.00500793,0.00733617,0.00793317,0.00676131,0.00640198,0.00862881,0.02727122,0.01599200,RELIABLE,RELIABLE,RELIABLE,RELIABLE,RELIABLE,RELIABLE,RELIABLE,RELIABLE,STATIONARY,STATIONARY,MOVING,STATIONARY,STATIONARY,MOVING,MOVING,MOVING,MOVING
68720,2038,14,STILL,0.13095924,0.00034867,0.00266242,0.00451596,0.00673296,0.00747248,0.00606546,0.00631289,0.00888348,0.02830765,0.01567732,RELIABLE,RELIABLE,RELIABLE,RELIABLE,RELIABLE,RELIABLE,RELIABLE,RELIABLE,STATIONARY,STATIONARY,MOVING,STATIONARY,STATIONARY,MOVING,MOVING,MOVING,MOVING
68752,2039,14,STILL,0.13090964,0.00055775,0.00426059,0.00445106,0.00735734,0.00784988,0.00595405,0.00589180,0.00914670,0.02825749,0.01557893,RELIABLE,RELIABLE,RELIABLE,RELIABLE,RELIABLE,RELIABLE,RELIABLE,RELIABLE,STATIONARY,STATIONARY,MOVING,STATIONARY,STATIONARY,MOVING,MOVING,MOVING,MOVING
68783,2040,14,STILL,0.13100121,0.00134023,0.01023064,0.00498231,0.00862002,0.00908096,0.00597983,0.00607102,0.00924281,0.02454479,0.01424289,RELIABLE,RELIABLE,RELIABLE,RELIABLE,RELIABLE,RELIABLE,RELIABLE,RELIABLE,STATIONARY,STATIONARY,MOVING,STATIONARY,STATIONARY,MOVING,MOVING,MOVING,MOVING
68815,2041,14,STILL,0.13109186,0.00126556,0.00965400,0.00581550,0.00989922,0.01054700,0.00656103,0.00653470,0.01004761,0.02542612,0.01380622,RELIABLE,RELIABLE,RELIABLE,RELIABLE,RELIABLE,RELIABLE,RELIABLE,RELIABLE,STATIONARY,STATIONARY,MOVING,STATIONARY,STATIONARY,MOVING,MOVING,MOVING,MOVING
68846,2042,14,STILL,0.13186366,0.00093474,0.00708867,0.00600444,0.01009472,0.01086681,0.00613768,0.00593919,0.00986329,0.02503860,0.01301742,RELIABLE,RELIABLE,RELIABLE,RELIABLE,RELIABLE,RELIABLE,RELIABLE,RELIABLE,STATIONARY,STATIONARY,MOVING,STATIONARY,STATIONARY,MOVING,MOVING,MOVING,MOVING
68892,2043,14,STILL,0.13199794,0.00076846,0.00582175,0.00622500,0.01052871,0.01093627,0.00587787,0.00597474,0.00958685,0.02363432,0.01183162,RELIABLE,RELIABLE,RELIABLE,RELIABLE,RELIABLE,RELIABLE,RELIABLE,RELIABLE,STATIONARY,STATIONARY,MOVING,STATIONARY,STATIONARY,MOVING,MOVING,MOVING,MOVING
68925,2044,14,STILL,0.13206708,0.00038423,0.00290935,0.00599335,0.01006193,0.01071627,0.00500920,0.00576894,0.00884554,0.02070518,0.01056956,RELIABLE,RELIABLE,RELIABLE,RELIABLE,RELIABLE,RELIABLE,RELIABLE,RELIABLE,STATIONARY,STATIONARY,MOVING,STATIONARY,STATIONARY,MOVING,MOVING,MOVING,MOVING
68956,2045,14,STILL,0.13169665,0.00024337,0.00184794,0.00555942,0.00935412,0.00978360,0.00522979,0.00567306,0.00734030,0.01602129,0.00887032,RELIABLE,RELIABLE,RELIABLE,RELIABLE,RELIABLE,RELIABLE,RELIABLE,RELIABLE,STATIONARY,STATIONARY,MOVING,STATIONARY,STATIONARY,MOVING,MOVING,MOVING,MOVING
68987,2046,14,STILL,0.13169290,0.00082124,0.00623599,0.00600612,0.01018659,0.01069494,0.00579714,0.00601102,0.00707531,0.01399131,0.00892501,RELIABLE,RELIABLE,RELIABLE,RELIABLE,RELIABLE,RELIABLE,RELIABLE,RELIABLE,STATIONARY,STATIONARY,MOVING,STATIONARY,STATIONARY,MOVING,MOVING,MOVING,MOVING
69020,2047,14,STILL,0.13159820,0.00045272,0.00344014,0.00590356,0.00970286,0.01015527,0.00577652,0.00579743,0.00566209,0.01311397,0.00746310,RELIABLE,RELIABLE,RELIABLE,RELIABLE,RELIABLE,RELIABLE,RELIABLE,RELIABLE,STATIONARY,STATIONARY,MOVING,STATIONARY,STATIONARY,MOVING,MOVING,MOVING,MOVING
69049,2048,14,STILL,0.13155347,0.00022636,0.00172065,0.00483981,0.00791515,0.00836264,0.00546055,0.00513428,0.00545618,0.01379751,0.00757475,RELIABLE,RELIABLE,RELIABLE,RELIABLE,RELIABLE,RELIABLE,RELIABLE,RELIABLE,STATIONARY,STATIONARY,MOVING,STATIONARY,STATIONARY,MOVING,MOVING,MOVING,MOVING
69082,2049,14,STILL,0.13125337,0.00044941,0.00342396,0.00406106,0.00650218,0.00691412,0.00502291,0.00491015,0.00606923,0.01275801,0.00901086,RELIABLE,RELIABLE,RELIABLE,RELIABLE,RELIABLE,RELIABLE,RELIABLE,RELIABLE,STATIONARY,STATIONARY,MOVING,STATIONARY,STATIONARY,MOVING,MOVING,MOVING,MOVING
69113,2050,14,STILL,0.13071331,0.00075178,0.00575135,0.00389389,0.00548728,0.00631935,0.00494327,0.00549768,0.00564382,0.01185351,0.00886793,RELIABLE,RELIABLE,RELIABLE,RELIABLE,RELIABLE,RELIABLE,RELIABLE,RELIABLE,STATIONARY,STATIONARY,MOVING,STATIONARY,STATIONARY,MOVING,MOVING,MOVING,MOVING
69148,2051,14,STILL,0.13159393,0.00072107,0.00547953,0.00385111,0.00537195,0.00660572,0.00538640,0.00556748,0.00564307,0.01224137,0.00891714,RELIABLE,RELIABLE,RELIABLE,RELIABLE,RELIABLE,RELIABLE,RELIABLE,RELIABLE,STATIONARY,STATIONARY,MOVING,STATIONARY,STATIONARY,MOVING,MOVING,MOVING,MOVING
69176,2052,14,STILL,0.13203527,0.00036054,0.00273061,0.00382877,0.00531304,0.00674709,0.00560637,0.00560118,0.00564175,0.01243194,0.00894035,RELIABLE,RELIABLE,RELIABLE,RELIABLE,RELIABLE,RELIABLE,RELIABLE,RELIABLE,STATIONARY,STATIONARY,MOVING,STATIONARY,STATIONARY,MOVING,MOVING,MOVING,MOVING
69228,2053,14,STILL,0.13266361,0.00077979,0.00587795,0.00433252,0.00574242,0.00736357,0.00551452,0.00585050,0.00613686,0.01333217,0.00953457,RELIABLE,RELIABLE,RELIABLE,RELIABLE,RELIABLE,RELIABLE,RELIABLE,RELIABLE,STATIONARY,STATIONARY,MOVING,STATIONARY,STATIONARY,MOVING,MOVING,MOVING,MOVING
69254,2054,14,STILL,0.13298047,0.00038990,0.00293197,0.00391952,0.00476888,0.00629186,0.00501047,0.00558732,0.00589472,0.01346575,0.00892468,RELIABLE,RELIABLE,RELIABLE,RELIABLE,RELIABLE,RELIABLE,RELIABLE,RELIABLE,STATIONARY,STATIONARY,MOVING,STATIONARY,STATIONARY,MOVING,MOVING,MOVING,MOVING
69285,2055,14,STILL,0.13223592,0.00090674,0.00685700,0.00434663,0.00529631,0.00703724,0.00477551,0.00534740,0.00608723,0.01396635,0.00970684,RELIABLE,RELIABLE,RELIABLE,RELIABLE,RELIABLE,RELIABLE,RELIABLE,RELIABLE,STATIONARY,STATIONARY,MOVING,STATIONARY,STATIONARY,MOVING,MOVING,MOVING,MOVING
69316,2056,14,STILL,0.13201637,0.00120369,0.00911770,0.00527126,0.00714683,0.00929828,0.00536659,0.00653222,0.00689853,0.01723940,0.01211052,RELIABLE,RELIABLE,RELIABLE,RELIABLE,RELIABLE,RELIABLE,RELIABLE,RELIABLE,STATIONARY,STATIONARY,MOVING,STATIONARY,STATIONARY,MOVING,MOVING,MOVING,MOVING
69356,2057,14,STILL,0.13180076,0.00121321,0.00920491,0.00599388,0.00858704,0.01019374,0.00555032,0.00646410,0.00643983,0.01810681,0.01148106,RELIABLE,RELIABLE,RELIABLE,RELIABLE,RELIABLE,RELIABLE,RELIABLE,RELIABLE,STATIONARY,STATIONARY,MOVING,STATIONARY,STATIONARY,MOVING,MOVING,MOVING,MOVING
69395,2058,14,STILL,0.13169942,0.00060661,0.00460600,0.00585071,0.00899598,0.00979828,0.00504410,0.00565243,0.00645085,0.01758564,0.01080192,RELIABLE,RELIABLE,RELIABLE,RELIABLE,RELIABLE,RELIABLE,RELIABLE,RELIABLE,STATIONARY,STATIONARY,MOVING,STATIONARY,STATIONARY,MOVING,MOVING,MOVING,MOVING
69427,2059,14,STILL,0.13110948,0.00056016,0.00427243,0.00569982,0.00885550,0.00922828,0.00468306,0.00573108,0.00642844,0.01744898,0.01176528,RELIABLE,RELIABLE,RELIABLE,RELIABLE,RELIABLE,RELIABLE,RELIABLE,RELIABLE,STATIONARY,STATIONARY,MOVING,STATIONARY,STATIONARY,MOVING,MOVING,MOVING,MOVING
69459,2060,14,STILL,0.13061041,0.00132611,0.01015317,0.00662764,0.01073218,0.01047134,0.00489778,0.00626804,0.00724666,0.01924482,0.01351291,RELIABLE,RELIABLE,RELIABLE,RELIABLE,RELIABLE,RELIABLE,RELIABLE,RELIABLE,STATIONARY,STATIONARY,MOVING,STATIONARY,STATIONARY,MOVING,MOVING,MOVING,MOVING
69491,2061,14,STILL,0.13090791,0.00105568,0.00806427,0.00690093,0.01122973,0.01111306,0.00531443,0.00584389,0.00740734,0.02020767,0.01407723,RELIABLE,RELIABLE,RELIABLE,RELIABLE,RELIABLE,RELIABLE,RELIABLE,RELIABLE,STATIONARY,STATIONARY,MOVING,STATIONARY,STATIONARY,MOVING,MOVING,MOVING,MOVING
69521,2062,14,STILL,0.13122134,0.00080444,0.00613038,0.00730073,0.01156977,0.01163138,0.00685276,0.00585544,0.00789750,0.02084018,0.01495643,RELIABLE,RELIABLE,RELIABLE,RELIABLE,RELIABLE,RELIABLE,RELIABLE,RELIABLE,STATIONARY,STATIONARY,MOVING,STATIONARY,STATIONARY,MOVING,MOVING,MOVING,MOVING
69553,2063,14,STILL,0.13139202,0.00040222,0.00306121,0.00682626,0.01070303,0.01075715,0.00725920,0.00583384,0.00734813,0.01854102,0.01342649,RELIABLE,RELIABLE,RELIABLE,RELIABLE,RELIABLE,RELIABLE,RELIABLE,RELIABLE,STATIONARY,STATIONARY,MOVING,STATIONARY,STATIONARY,MOVING,MOVING,MOVING,MOVING
69584,2064,14,STILL,0.13137049,0.00039223,0.00298568,0.00605976,0.00888059,0.00879906,0.00707359,0.00488033,0.00708500,0.01734728,0.01237996,RELIABLE,RELIABLE,RELIABLE,RELIABLE,RELIABLE,RELIABLE,RELIABLE,RELIABLE,STATIONARY,STATIONARY,MOVING,STATIONARY,STATIONARY,MOVING,MOVING,MOVING,MOVING
69618,2065,14,STILL,0.13226179,0.00119908,0.00906596,0.00604239,0.00921660,0.00977515,0.00765767,0.00537277,0.00739066,0.01712282,0.01203155,RELIABLE,RELIABLE,RELIABLE,RELIABLE,RELIABLE,RELIABLE,RELIABLE,RELIABLE,STATIONARY,STATIONARY,MOVING,STATIONARY,STATIONARY,MOVING,MOVING,MOVING,MOVING
69650,2066,14,STILL,0.13183943,0.00124335,0.00943081,0.00664549,0.00989668,0.01030978,0.00785629,0.00608929,0.00752484,0.01692193,0.01275016,RELIABLE,RELIABLE,RELIABLE,RELIABLE,RELIABLE,RELIABLE,RELIABLE,RELIABLE,STATIONARY,STATIONARY,MOVING,STATIONARY,STATIONARY,MOVING,MOVING,MOVING,MOVING
69682,2067,14,STILL,0.13198232,0.00132963,0.01007431,0.00737072,0.01105507,0.01108779,0.00784543,0.00661282,0.00848286,0.01662632,0.01238950,RELIABLE,RELIABLE,RELIABLE,RELIABLE,RELIABLE,RELIABLE,RELIABLE,RELIABLE,STATIONARY,STATIONARY,MOVING,STATIONARY,STATIONARY,MOVING,MOVING,MOVING,MOVING
69724,2068,14,STILL,0.13159456,0.00038759,0.00294531,0.00646974,0.00922263,0.00967837,0.00928064,0.00679825,0.00864250,0.01662158,0.01273416,RELIABLE,RELIABLE,RELIABLE,RELIABLE,RELIABLE,RELIABLE,RELIABLE,RELIABLE,STATIONARY,STATIONARY,MOVING,STATIONARY,STATIONARY,MOVING,MOVING,MOVING,MOVING
69761,2069,14,STILL,0.13141121,0.00019379,0.00147471,0.00564605,0.00797431,0.00802199,0.00929569,0.00660897,0.00822716,0.01558615,0.01222015,RELIABLE,RELIABLE,RELIABLE,RELIABLE,RELIABLE,RELIABLE,RELIABLE,RELIABLE,STATIONARY,STATIONARY,MOVING,STATIONARY,STATIONARY,MOVING,MOVING,MOVING,MOVING
69792,2070,14,STILL,0.13117506,0.00094427,0.00719852,0.00577956,0.00868770,0.00856743,0.00932310,0.00721136,0.00915319,0.01671899,0.01404757,RELIABLE,RELIABLE,RELIABLE,RELIABLE,RELIABLE,RELIABLE,RELIABLE,RELIABLE,STATIONARY,STATIONARY,MOVING,STATIONARY,STATIONARY,MOVING,MOVING,MOVING,MOVING
69823,2071,14,STILL,0.13168128,0.00087205,0.00662246,0.00622472,0.00864161,0.00833839,0.00908179,0.00825440,0.00981898,0.01679887,0.01480911,RELIABLE,RELIABLE,RELIABLE,RELIABLE,RELIABLE,RELIABLE,RELIABLE,RELIABLE,STATIONARY,STATIONARY,MOVING,STATIONARY,STATIONARY,MOVING,MOVING,MOVING,MOVING
69855,2072,14,STILL,0.13155691,0.00125585,0.00954603,0.00704476,0.01058309,0.00979113,0.00918072,0.00850546,0.01040219,0.01549148,0.01405344,RELIABLE,RELIABLE,RELIABLE,RELIABLE,RELIABLE,RELIABLE,RELIABLE,RELIABLE,STATIONARY,STATIONARY,MOVING,STATIONARY,STATIONARY,MOVING,MOVING,MOVING,MOVING
69886,2073,14,STILL,0.13149583,0.00062792,0.00477523,0.00650842,0.00966374,0.00849992,0.00837687,0.00784123,0.00964869,0.01387990,0.01372136,RELIABLE,RELIABLE,RELIABLE,RELIABLE,RELIABLE,RELIABLE,RELIABLE,RELIABLE,STATIONARY,STATIONARY,MOVING,STATIONARY,STATIONARY,MOVING,MOVING,MOVING,MOVING
69918,2074,14,STILL,0.13237919,0.00120244,0.00908329,0.00646498,0.01039205,0.00921314,0.00924434,0.00751201,0.00945998,0.01337575,0.01444678,RELIABLE,RELIABLE,RELIABLE,RELIABLE,RELIABLE,RELIABLE,RELIABLE,RELIABLE,STATIONARY,STATIONARY,MOVING,STATIONARY,STATIONARY,MOVING,MOVING,MOVING,MOVING
69950,2075,14,STILL,0.13234472,0.00054059,0.00408473,0.00571628,0.00930214,0.00862517,0.00917837,0.00696076,0.00842397,0.01259930,0.01408218,RELIABLE,RELIABLE,RELIABLE,RELIABLE,RELIABLE,RELIABLE,RELIABLE,RELIABLE,STATIONARY,STATIONARY,MOVING,STATIONARY,STATIONARY,MOVING,MOVING,MOVING,MOVING
69982,2076,14,STILL,0.13237769,0.00123821,0.00935359,0.00651732,0.00916871,0.00889504,0.00834871,0.00651014,0.00759681,0.01346372,0.01238909,RELIABLE,RELIABLE,RELIABLE,RELIABLE,RELIABLE,RELIABLE,RELIABLE,RELIABLE,STATIONARY,STATIONARY,MOVING,STATIONARY,STATIONARY,MOVING,MOVING,MOVING,MOVING
70013,2077,14,STILL,0.13153718,0.00114581,0.00871093,0.00742185,0.01076556,0.01132901,0.00867521,0.00645678,0.00794587,0.01383813,0.01275782,RELIABLE,RELIABLE,RELIABLE,RELIABLE,RELIABLE,RELIABLE,RELIABLE,RELIABLE,STATIONARY,STATIONARY,MOVING,STATIONARY,STATIONARY,MOVING,MOVING,MOVING,MOVING
70060,2078,14,STILL,0.13134868,0.00057171,0.00435264,0.00706611,0.01020582,0.01036911,0.00795740,0.00624258,0.00789515,0.01357892,0.01273576,RELIABLE,RELIABLE,RELIABLE,RELIABLE,RELIABLE,RELIABLE,RELIABLE,RELIABLE,STATIONARY,STATIONARY,MOVING,STATIONARY,STATIONARY,MOVING,MOVING,MOVING,MOVING
70093,2079,14,STILL,0.13125442,0.00028586,0.00217788,0.00651054,0.01032963,0.01039192,0.00785515,0.00539437,0.00766828,0.01393759,0.01287906,RELIABLE,RELIABLE,RELIABLE,RELIABLE,RELIABLE,RELIABLE,RELIABLE,RELIABLE,STATIONARY,STATIONARY,MOVING,STATIONARY,STATIONARY,MOVING,MOVING,MOVING,MOVING
70124,2080,14,STILL,0.13204068,0.00134066,0.01015339,0.00658646,0.00950761,0.00973856,0.00848801,0.00581595,0.00737971,0.01534477,0.01336803,RELIABLE,RELIABLE,RELIABLE,RELIABLE,RELIABLE,RELIABLE,RELIABLE,RELIABLE,STATIONARY,STATIONARY,MOVING,STATIONARY,STATIONARY,MOVING,MOVING,MOVING,MOVING
70155,2081,14,STILL,0.13182527,0.00082665,0.00627077,0.00677340,0.00918173,0.00979642,0.00863521,0.00631562,0.00759655,0.01785202,0.01528977,RELIABLE,RELIABLE,RELIABLE,RELIABLE,RELIABLE,RELIABLE,RELIABLE,RELIABLE,STATIONARY,STATIONARY,MOVING,STATIONARY,STATIONARY,MOVING,MOVING,MOVING,MOVING
70187,2082,14,STILL,0.13209315,0.00047087,0.00356470,0.00608358,0.00731565,0.00798076,0.00760043,0.00632713,0.00740782,0.01799608,0.01420826,RELIABLE,RELIABLE,RELIABLE,RELIABLE,RELIABLE,RELIABLE,RELIABLE,RELIABLE,STATIONARY,STATIONARY,MOVING,STATIONARY,STATIONARY,MOVING,MOVING,MOVING,MOVING
70220,2083,14,STILL,0.13115897,0.00071570,0.00545670,0.00625508,0.00784128,0.00844895,0.00782726,0.00620917,0.00785772,0.01926520,0.01488434,RELIABLE,RELIABLE,RELIABLE,RELIABLE,RELIABLE,RELIABLE,RELIABLE,RELIABLE,STATIONARY,STATIONARY,MOVING,STATIONARY,STATIONARY,MOVING,MOVING,MOVING,MOVING
70250,2084,14,STILL,0.13069298,0.00035785,0.00273808,0.00542814,0.00816119,0.00839397,0.00690471,0.00590665,0.00788471,0.01664799,0.01494728,RELIABLE,RELIABLE,RELIABLE,RELIABLE,RELIABLE,RELIABLE,RELIABLE,RELIABLE,STATIONARY,STATIONARY,MOVING,STATIONARY,STATIONARY,MOVING,MOVING,MOVING,MOVING
70281,2085,14,STILL,0.12983686,0.00066543,0.00512514,0.00497991,0.00684900,0.00690338,0.00650260,0.00689108,0.00769339,0.01631089,0.01539948,RELIABLE,RELIABLE,RELIABLE,RELIABLE,RELIABLE,RELIABLE,RELIABLE,RELIABLE,STATIONARY,STATIONARY,MOVING,STATIONARY,STATIONARY,MOVING,MOVING,MOVING,MOVING
70312,2086,14,STILL,0.13109595,0.00040252,0.00307046,0.00481964,0.00656517,0.00682843,0.00647374,0.00726082,0.00709111,0.01813392,0.01360038,RELIABLE,RELIABLE,RELIABLE,RELIABLE,RELIABLE,RELIABLE,RELIABLE,RELIABLE,STATIONARY,STATIONARY,MOVING,STATIONARY,STATIONARY,MOVING,MOVING,MOVING,MOVING
70348,2087,14,STILL,0.13103114,0.00026069,0.00198950,0.00479609,0.00629153,0.00675484,0.00659451,0.00737895,0.00701221,0.02028318,0.01326106,RELIABLE,RELIABLE,RELIABLE,RELIABLE,RELIABLE,RELIABLE,RELIABLE,RELIABLE,STATIONARY,STATIONARY,MOVING,STATIONARY,STATIONARY,MOVING,MOVING,MOVING,MOVING
70389,2088,14,STILL,0.13099974,0.00013034,0.00099499,0.00365129,0.00487630,0.00544808,0.00543153,0.00650070,0.00617093,0.01849866,0.01207937,RELIABLE,RELIABLE,RELIABLE,RELIABLE,RELIABLE,RELIABLE,RELIABLE,RELIABLE,STATIONARY,STATIONARY,MOVING,STATIONARY,STATIONARY,MOVING,MOVING,MOVING,MOVING
70427,2089,14,STILL,0.13097379,0.00066436,0.00507247,0.00350150,0.00468494,0.00457808,0.00509696,0.00639034,0.00613007,0.01745535,0.01083415,RELIABLE,RELIABLE,RELIABLE,RELIABLE,RELIABLE,RELIABLE,RELIABLE,RELIABLE,STATIONARY,STATIONARY,MOVING,STATIONARY,STATIONARY,MOVING,MOVING,MOVING,MOVING
70467,2090,14,STILL,0.13096326,0.00033218,0.00253644,0.00337297,0.00459169,0.00458176,0.00486184,0.00610012,0.00623696,0.01782927,0.01046917,RELIABLE,RELIABLE,RELIABLE,RELIABLE,RELIABLE,RELIABLE,RELIABLE,RELIABLE,STATIONARY,STATIONARY,MOVING,STATIONARY,STATIONARY,MOVING,MOVING,MOVING,MOVING
70498,2091,14,STILL,0.13071703,0.00045174,0.00345584,0.00312286,0.00368670,0.00346907,0.00451748,0.00633896,0.00613702,0.01902078,0.01126520,RELIABLE,RELIABLE,RELIABLE,RELIABLE,RELIABLE,RELIABLE,RELIABLE,RELIABLE,STATIONARY,STATIONARY,MOVING,STATIONARY,STATIONARY,MOVING,MOVING,MOVING,MOVING
70528,2092,14,STILL,0.13137337,0.00076786,0.00584490,0.00351122,0.00359799,0.00329991,0.00500107,0.00649572,0.00662132,0.01931396,0.01147544,RELIABLE,RELIABLE,RELIABLE,RELIABLE,RELIABLE,RELIABLE,RELIABLE,RELIABLE,STATIONARY,STATIONARY,MOVING,STATIONARY,STATIONARY,MOVING,MOVING,MOVING,MOVING
70560,2093,14,STILL,0.13113189,0.00066821,0.00509572,0.00350754,0.00369876,0.00262735,0.00461190,0.00604978,0.00661864,0.01968268,0.01029488,RELIABLE,RELIABLE,RELIABLE,RELIABLE,RELIABLE,RELIABLE,RELIABLE,RELIABLE,STATIONARY,STATIONARY,MOVING,STATIONARY,STATIONARY,MOVING,MOVING,MOVING,MOVING
70592,2094,14,STILL,0.13101146,0.00033411,0.00255020,0.00344251,0.00330770,0.00222823,0.00377734,0.00521805,0.00580711,0.01652294,0.00925669,RELIABLE,RELIABLE,RELIABLE,RELIABLE,RELIABLE,RELIABLE,RELIABLE,RELIABLE,STATIONARY,STATIONARY,MOVING,STATIONARY,STATIONARY,MOVING,MOVING,MOVING,MOVING
70624,2095,14,STILL,0.13164018,0.00061696,0.00468675,0.00377966,0.00368865,0.00222987,0.00392550,0.00594522,0.00597041,0.01539947,0.01015348,RELIABLE,RELIABLE,RELIABLE,RELIABLE,RELIABLE,RELIABLE,RELIABLE,RELIABLE,STATIONARY,STATIONARY,STATIONARY,STATIONARY,STATIONARY,MOVING,MOVING,MOVING,MOVING
70655,2096,14,STILL,0.13122101,0.00096715,0.00737039,0.00457659,0.00477571,0.00357767,0.00430871,0.00659972,0.00758652,0.01664726,0.01246477,RELIABLE,RELIABLE,RELIABLE,RELIABLE,RELIABLE,RELIABLE,RELIABLE,RELIABLE,STATIONARY,STATIONARY,STATIONARY,STATIONARY,STATIONARY,MOVING,MOVING,MOVING,MOVING
70687,2097,14,STILL,0.13082946,0.00090626,0.00692707,0.00480841,0.00520608,0.00429934,0.00475373,0.00643939,0.00761702,0.01742256,0.01419143,RELIABLE,RELIABLE,RELIABLE,RELIABLE,RELIABLE,RELIABLE,RELIABLE,RELIABLE,STATIONARY,STATIONARY,STATIONARY,STATIONARY,STATIONARY,MOVING,MOVING,MOVING,MOVING
70718,2098,14,STILL,0.13063421,0.00045313,0.00346871,0.00492495,0.00542205,0.00466089,0.00497675,0.00635965,0.00763297,0.01781254,0.01505701,RELIABLE,RELIABLE,RELIABLE,RELIABLE,RELIABLE,RELIABLE,RELIABLE,RELIABLE,STATIONARY,STATIONARY,STATIONARY,STATIONARY,STATIONARY,MOVING,MOVING,MOVING,MOVING
70749,2099,14,STILL,0.13170162,0.00123813,0.00940102,0.00566809,0.00682845,0.00644657,0.00575233,0.00603838,0.00957695,0.01677441,0.01572551,RELIABLE,RELIABLE,RELIABLE,RELIABLE,RELIABLE,RELIABLE,RELIABLE,RELIABLE,STATIONARY,STATIONARY,STATIONARY,STATIONARY,STATIONARY,MOVING,MOVING,MOVING,MOVING
70781,2100,14,STILL,0.13201409,0.00102538,0.00776719,0.00590838,0.00768069,0.00735018,0.00554873,0.00668501,0.01019127,0.01973220,0.01630980,RELIABLE,RELIABLE,RELIABLE,RELIABLE,RELIABLE,RELIABLE,RELIABLE,RELIABLE,STATIONARY,STATIONARY,STATIONARY,STATIONARY,STATIONARY,MOVING,MOVING,MOVING,MOVING
70812,2101,14,STILL,0.13190319,0.00063449,0.00481030,0.00587270,0.00780387,0.00753456,0.00569586,0.00652825,0.01023476,0.01954302,0.01716468,RELIABLE,RELIABLE,RELIABLE,RELIABLE,RELIABLE,RELIABLE,RELIABLE,RELIABLE,STATIONARY,STATIONARY,STATIONARY,STATIONARY,STATIONARY,MOVING,MOVING,MOVING,MOVING
70844,2102,14,STILL,0.13187314,0.00133476,0.01012153,0.00681912,0.00958882,0.00951112,0.00646903,0.00663072,0.01062696,0.02244815,0.01928458,RELIABLE,RELIABLE,RELIABLE,RELIABLE,RELIABLE,RELIABLE,RELIABLE,RELIABLE,STATIONARY,STATIONARY,STATIONARY,STATIONARY,STATIONARY,MOVING,MOVING,MOVING,MOVING
70892,2103,14,STILL,0.13160775,0.00078267,0.00594696,0.00697665,0.01012417,0.01017197,0.00626214,0.00633534,0.01061249,0.02182424,0.01912941,RELIABLE,RELIABLE,RELIABLE,RELIABLE,RELIABLE,RELIABLE,RELIABLE,RELIABLE,STATIONARY,STATIONARY,STATIONARY,STATIONARY,STATIONARY,MOVING,MOVING,MOVING,MOVING
70924,2104,14,STILL,0.13188731,0.00058942,0.00446910,0.00661398,0.00968092,0.00916477,0.00649333,0.00690742,0.00950338,0.02062011,0.01781203,RELIABLE,RELIABLE,RELIABLE,RELIABLE,RELIABLE,RELIABLE,RELIABLE,RELIABLE,STATIONARY,STATIONARY,STATIONARY,STATIONARY,STATIONARY,MOVING,MOVING,MOVING,MOVING
70952,2105,14,STILL,0.13202711,0.00029471,0.00223218,0.00602712,0.00897011,0.00844473,0.00627711,0.00706241,0.00898464,0.01821267,0.01555827,RELIABLE,RELIABLE,RELIABLE,RELIABLE,RELIABLE,RELIABLE,RELIABLE,RELIABLE,STATIONARY,STATIONARY,STATIONARY,STATIONARY,STATIONARY,MOVING,MOVING,MOVING,MOVING
70985,2106,14,STILL,0.13174113,0.00048633,0.00369153,0.00605498,0.00895223,0.00843335,0.00665947,0.00756100,0.00966120,0.01830128,0.01606106,RELIABLE,RELIABLE,RELIABLE,RELIABLE,RELIABLE,RELIABLE,RELIABLE,RELIABLE,STATIONARY,STATIONARY,STATIONARY,STATIONARY,STATIONARY,MOVING,MOVING,MOVING,MOVING
71015,2107,14,STILL,0.13201879,0.00090803,0.00687801,0.00573960,0.00864490,0.00761248,0.00588416,0.00753551,0.00798855,0.01830511,0.01493558,RELIABLE,RELIABLE,RELIABLE,RELIABLE,RELIABLE,RELIABLE,RELIABLE,RELIABLE,STATIONARY,STATIONARY,STATIONARY,STATIONARY,STATIONARY,MOVING,MOVING,MOVING,MOVING
71052,2108,14,STILL,0.13132263,0.00066109,0.00503406,0.00539796,0.00822268,0.00680765,0.00653136,0.00755253,0.00740005,0.01593607,0.01535856,RELIABLE,RELIABLE,RELIABLE,RELIABLE,RELIABLE,RELIABLE,RELIABLE,RELIABLE,STATIONARY,STATIONARY,STATIONARY,STATIONARY,STATIONARY,MOVING,MOVING,MOVING,MOVING
71079,2109,14,STILL,0.13097456,0.00033054,0.00252372,0.00511214,0.00797899,0.00642517,0.00643679,0.00725861,0.00705690,0.01528450,0.01465804,RELIABLE,RELIABLE,RELIABLE,RELIABLE,RELIABLE,RELIABLE,RELIABLE,RELIABLE,STATIONARY,STATIONARY,STATIONARY,STATIONARY,STATIONARY,MOVING,MOVING,MOVING,MOVING
71111,2110,14,STILL,0.13088365,0.00055978,0.00427693,0.00438156,0.00628683,0.00465214,0.00623923,0.00788282,0.00705033,0.01347674,0.01414341,RELIABLE,RELIABLE,RELIABLE,RELIABLE,RELIABLE,RELIABLE,RELIABLE,RELIABLE,STATIONARY,STATIONARY,STATIONARY,STATIONARY,STATIONARY,MOVING,MOVING,MOVING,MOVING
71142,2111,14,STILL,0.13131988,0.00133905,0.01019684,0.00491280,0.00748559,0.00632634,0.00628727,0.00809157,0.00731365,0.01313880,0.01338942,RELIABLE,RELIABLE,RELIABLE,RELIABLE,RELIABLE,RELIABLE,RELIABLE,RELIABLE,STATIONARY,STATIONARY,STATIONARY,STATIONARY,STATIONARY,MOVING,MOVING,MOVING,MOVING
71180,2112,14,STILL,0.13154861,0.00091544,0.00695893,0.00522403,0.00808276,0.00669699,0.00637346,0.00740263,0.00712221,0.01478155,0.01363881,RELIABLE,RELIABLE,RELIABLE,RELIABLE,RELIABLE,RELIABLE,RELIABLE,RELIABLE,STATIONARY,STATIONARY,STATIONARY,STATIONARY,STATIONARY,MOVING,MOVING,MOVING,MOVING
71220,2113,14,STILL,0.13204601,0.00089217,0.00675651,0.00578957,0.00842138,0.00664647,0.00650912,0.00790933,0.00743797,0.01611992,0.01509498,RELIABLE,RELIABLE,RELIABLE,RELIABLE,RELIABLE,RELIABLE,RELIABLE,RELIABLE,STATIONARY,STATIONARY,STATIONARY,STATIONARY,STATIONARY,MOVING,MOVING,MOVING,MOVING
71260,2114,14,STILL,0.13154078,0.00036378,0.00276556,0.00567382,0.00827912,0.00635334,0.00629929,0.00836990,0.00732642,0.01674227,0.01497963,RELIABLE,RELIABLE,RELIABLE,RELIABLE,RELIABLE,RELIABLE,RELIABLE,RELIABLE,STATIONARY,STATIONARY,STATIONARY,STATIONARY,STATIONARY,MOVING,MOVING,MOVING,MOVING
71299,2115,14,STILL,0.13128829,0.00018189,0.00138544,0.00498725,0.00692402,0.00527329,0.00606809,0.00833927,0.00666348,0.01538026,0.01370873,RELIABLE,RELIABLE,RELIABLE,RELIABLE,RELIABLE,RELIABLE,RELIABLE,RELIABLE,STATIONARY,STATIONARY,STATIONARY,STATIONARY,STATIONARY,MOVING,MOVING,MOVING,MOVING
71329,2116,14,STILL,0.13055749,0.00051032,0.00390878,0.00484659,0.00681592,0.00559623,0.00589501,0.00867451,0.00664763,0.01505439,0.01316617,RELIABLE,RELIABLE,RELIABLE,RELIABLE,RELIABLE,RELIABLE,RELIABLE,RELIABLE,STATIONARY,STATIONARY,STATIONARY,STATIONARY,STATIONARY,MOVING,MOVING,MOVING,MOVING
71362,2117,14,STILL,0.12992051,0.00088885,0.00684147,0.00538631,0.00738166,0.00626296,0.00632741,0.00883366,0.00708642,0.01706514,0.01426224,RELIABLE,RELIABLE,RELIABLE,RELIABLE,RELIABLE,RELIABLE,RELIABLE,RELIABLE,STATIONARY,STATIONARY,STATIONARY,STATIONARY,STATIONARY,MOVING,MOVING,MOVING,MOVING
71392,2118,14,STILL,0.13031596,0.00035526,0.00272616,0.00519246,0.00739923,0.00620718,0.00605734,0.00835673,0.00678199,0.01924547,0.01398064,RELIABLE,RELIABLE,RELIABLE,RELIABLE,RELIABLE,RELIABLE,RELIABLE,RELIABLE,STATIONARY,STATIONARY,STATIONARY,STATIONARY,STATIONARY,MOVING,MOVING,MOVING,MOVING
71424,2119,14,STILL,0.13051403,0.00017763,0.00136101,0.00408798,0.00527486,0.00378034,0.00566743,0.00749100,0.00578142,0.02014799,0.01357300,RELIABLE,RELIABLE,RELIABLE,RELIABLE,RELIABLE,RELIABLE,RELIABLE,RELIABLE,STATIONARY,STATIONARY,STATIONARY,STATIONARY,STATIONARY,MOVING,MOVING,MOVING,MOVING
71456,2120,14,STILL,0.13077078,0.00085996,0.00657608,0.00404013,0.00525879,0.00456207,0.00513638,0.00773387,0.00705632,0.02010825,0.01577386,RELIABLE,RELIABLE,RELIABLE,RELIABLE,RELIABLE,RELIABLE,RELIABLE,RELIABLE,STATIONARY,STATIONARY,STATIONARY,STATIONARY,STATIONARY,MOVING,MOVING,MOVING,MOVING
71487,2121,14,STILL,0.13165787,0.00078224,0.00594143,0.00393824,0.00518726,0.00499385,0.00660923,0.00762750,0.00729905,0.02034819,0.01485273,RELIABLE,RELIABLE,RELIABLE,RELIABLE,RELIABLE,RELIABLE,RELIABLE,RELIABLE,STATIONARY,STATIONARY,STATIONARY,STATIONARY,STATIONARY,MOVING,MOVING,MOVING,MOVING
71519,2122,14,STILL,0.13339070,0.00059332,0.00444795,0.00414854,0.00517073,0.00537979,0.00672960,0.00764229,0.00727078,0.02166822,0.01436939,RELIABLE,RELIABLE,RELIABLE,RELIABLE,RELIABLE,RELIABLE,RELIABLE,RELIABLE,STATIONARY,STATIONARY,STATIONARY,STATIONARY,STATIONARY,MOVING,MOVING,MOVING,MOVING
71550,2123,14,STILL,0.13266032,0.00056326,0.00424592,0.00450610,0.00547511,0.00598542,0.00730541,0.00802719,0.00752489,0.02217755,0.01513821,RELIABLE,RELIABLE,RELIABLE,RELIABLE,RELIABLE,RELIABLE,RELIABLE,RELIABLE,STATIONARY,STATIONARY,STATIONARY,STATIONARY,STATIONARY,MOVING,MOVING,MOVING,MOVING
71582,2124,14,STILL,0.13229675,0.00028163,0.00212879,0.00428360,0.00481184,0.00542032,0.00655123,0.00699475,0.00691114,0.02127180,0.01438074,RELIABLE,RELIABLE,RELIABLE,RELIABLE,RELIABLE,RELIABLE,RELIABLE,RELIABLE,STATIONARY,STATIONARY,STATIONARY,STATIONARY,STATIONARY,MOVING,MOVING,MOVING,MOVING
71613,2125,14,STILL,0.13258234,0.00088675,0.00668830,0.00426445,0.00518369,0.00611711,0.00603701,0.00670829,0.00643425,0.02115260,0.01395441,RELIABLE,RELIABLE,RELIABLE,RELIABLE,RELIABLE,RELIABLE,RELIABLE,RELIABLE,STATIONARY,STATIONARY,STATIONARY,STATIONARY,STATIONARY,MOVING,MOVING,MOVING,MOVING
71643,2126,14,STILL,0.13252386,0.00063599,0.00479902,0.00452356,0.00526334,0.00630779,0.00628329,0.00652524,0.00711043,0.01929906,0.01346746,RELIABLE,RELIABLE,RELIABLE,RELIABLE,RELIABLE,RELIABLE,RELIABLE,RELIABLE,STATIONARY,STATIONARY,STATIONARY,STATIONARY,STATIONARY,MOVING,MOVING,MOVING,MOVING
71676,2127,14,STILL,0.13254945,0.00043297,0.00326645,0.00476174,0.00549449,0.00649653,0.00667630,0.00711960,0.00844601,0.01934357,0.01473858,RELIABLE,RELIABLE,RELIABLE,RELIABLE,RELIABLE,RELIABLE,RELIABLE,RELIABLE,STATIONARY,STATIONARY,STATIONARY,STATIONARY,STATIONARY,MOVING,MOVING,MOVING,MOVING
71708,2128,14,STILL,0.13247393,0.00096482,0.00728312,0.00485012,0.00565387,0.00640254,0.00683188,0.00686048,0.00676683,0.01751212,0.01188072,RELIABLE,RELIABLE,RELIABLE,RELIABLE,RELIABLE,RELIABLE,RELIABLE,RELIABLE,STATIONARY,STATIONARY,STATIONARY,STATIONARY,STATIONARY,MOVING,MOVING,MOVING,MOVING
71756,2129,14,STILL,0.13246186,0.00102338,0.00772586,0.00507318,0.00604342,0.00687473,0.00557110,0.00657826,0.00637457,0.01832354,0.01179510,RELIABLE,RELIABLE,RELIABLE,RELIABLE,RELIABLE,RELIABLE,RELIABLE,RELIABLE,STATIONARY,STATIONARY,STATIONARY,STATIONARY,STATIONARY,MOVING,MOVING,MOVING,MOVING
71786,2130,14,STILL,0.13245806,0.00051169,0.00386304,0.00500006,0.00619222,0.00685930,0.00534343,0.00574041,0.00566083,0.01628129,0.01098653,RELIABLE,RELIABLE,RELIABLE,RELIABLE,RELIABLE,RELIABLE,RELIABLE,RELIABLE,STATIONARY,STATIONARY,STATIONARY,STATIONARY,STATIONARY,MOVING,MOVING,MOVING,MOVING
71818,2131,14,STILL,0.13229289,0.00072341,0.00546823,0.00515285,0.00635719,0.00718838,0.00604438,0.00562215,0.00577175,0.01620077,0.01138929,RELIABLE,RELIABLE,RELIABLE,RELIABLE,RELIABLE,RELIABLE,RELIABLE,RELIABLE,STATIONARY,STATIONARY,STATIONARY,STATIONARY,STATIONARY,MOVING,MOVING,MOVING,MOVING
71849,2132,14,STILL,0.13205043,0.00100255,0.00759215,0.00583577,0.00708323,0.00771538,0.00608273,0.00597281,0.00613390,0.02030707,0.01292411,RELIABLE,RELIABLE,RELIABLE,RELIABLE,RELIABLE,RELIABLE,RELIABLE,RELIABLE,STATIONARY,STATIONARY,STATIONARY,STATIONARY,STATIONARY,MOVING,MOVING,MOVING,MOVING
71884,2133,14,STILL,0.13269511,0.00084497,0.00636775,0.00579570,0.00663614,0.00728646,0.00633993,0.00625881,0.00667866,0.01982245,0.01328799,RELIABLE,RELIABLE,RELIABLE,RELIABLE,RELIABLE,RELIABLE,RELIABLE,RELIABLE,STATIONARY,STATIONARY,STATIONARY,STATIONARY,STATIONARY,MOVING,MOVING,MOVING,MOVING
71913,2134,14,STILL,0.13301765,0.00042248,0.00317616,0.00559285,0.00662961,0.00731457,0.00590076,0.00604470,0.00602317,0.01867754,0.01304225,RELIABLE,RELIABLE,RELIABLE,RELIABLE,RELIABLE,RELIABLE,RELIABLE,RELIABLE,STATIONARY,STATIONARY,STATIONARY,STATIONARY,STATIONARY,MOVING,MOVING,MOVING,MOVING
71944,2135,14,STILL,0.13266064,0.00077651,0.00585339,0.00591621,0.00671257,0.00768555,0.00609902,0.00569415,0.00508618,0.01993488,0.01207081,RELIABLE,RELIABLE,RELIABLE,RELIABLE,RELIABLE,RELIABLE,RELIABLE,RELIABLE,STATIONARY,STATIONARY,STATIONARY,STATIONARY,STATIONARY,MOVING,MOVING,MOVING,MOVING
71976,2136,14,STILL,0.13162307,0.00048433,0.00367969,0.00546578,0.00551602,0.00658246,0.00634554,0.00589070,0.00564305,0.02068838,0.01248409,RELIABLE,RELIABLE,RELIABLE,RELIABLE,RELIABLE,RELIABLE,RELIABLE,RELIABLE,STATIONARY,STATIONARY,STATIONARY,STATIONARY,STATIONARY,MOVING,MOVING,MOVING,MOVING
72012,2137,14,STILL,0.13159198,0.00070070,0.00532480,0.00516565,0.00518243,0.00611953,0.00628619,0.00587164,0.00643373,0.02357611,0.01547754,RELIABLE,RELIABLE,RELIABLE,RELIABLE,RELIABLE,RELIABLE,RELIABLE,RELIABLE,STATIONARY,STATIONARY,STATIONARY,STATIONARY,STATIONARY,MOVING,MOVING,MOVING,MOVING
72052,2138,14,STILL,0.13167052,0.00144358,0.01096360,0.00605322,0.00699637,0.00793213,0.00683307,0.00608901,0.00727038,0.02513731,0.01632502,RELIABLE,RELIABLE,RELIABLE,RELIABLE,RELIABLE,RELIABLE,RELIABLE,RELIABLE,STATIONARY,STATIONARY,STATIONARY,STATIONARY,STATIONARY,MOVING,MOVING,MOVING,MOVING
72091,2139,14,STILL,0.13157852,0.00089320,0.00678837,0.00621824,0.00751398,0.00799943,0.00609479,0.00585257,0.00773129,0.02541894,0.01545825,RELIABLE,RELIABLE,RELIABLE,RELIABLE,RELIABLE,RELIABLE,RELIABLE,RELIABLE,STATIONARY,STATIONARY,STATIONARY,STATIONARY,STATIONARY,MOVING,MOVING,MOVING,MOVING
72131,2140,14,STILL,0.13153445,0.00044660,0.00339532,0.00569364,0.00712876,0.00766985,0.00603675,0.00532327,0.00765421,0.02141119,0.01368926,RELIABLE,RELIABLE,RELIABLE,RELIABLE,RELIABLE,RELIABLE,RELIABLE,RELIABLE,STATIONARY,STATIONARY,STATIONARY,STATIONARY,STATIONARY,MOVING,MOVING,MOVING,MOVING
72163,2141,14,STILL,0.13163062,0.00051579,0.00391844,0.00538747,0.00706883,0.00706892,0.00598072,0.00516791,0.00716141,0.02096064,0.01235853,RELIABLE,RELIABLE,RELIABLE,RELIABLE,RELIABLE,RELIABLE,RELIABLE,RELIABLE,STATIONARY,STATIONARY,STATIONARY,STATIONARY,STATIONARY,MOVING,MOVING,MOVING,MOVING
72194,2142,14,STILL,0.13233617,0.00072659,0.00549047,0.00567676,0.00754615,0.00731913,0.00671681,0.00546089,0.00732352,0.02159376,0.01258518,RELIABLE,RELIABLE,RELIABLE,RELIABLE,RELIABLE,RELIABLE,RELIABLE,RELIABLE,STATIONARY,STATIONARY,STATIONARY,STATIONARY,STATIONARY,MOVING,MOVING,MOVING,MOVING
72225,2143,14,STILL,0.13247345,0.00116190,0.00877081,0.00604144,0.00885173,0.00844583,0.00657820,0.00585714,0.00764293,0.01916354,0.01217906,RELIABLE,RELIABLE,RELIABLE,RELIABLE,RELIABLE,RELIABLE,RELIABLE,RELIABLE,STATIONARY,STATIONARY,STATIONARY,STATIONARY,STATIONARY,MOVING,MOVING,MOVING,MOVING
72256,2144,14,STILL,0.13289948,0.00122214,0.00919597,0.00673097,0.01012775,0.01009539,0.00630705,0.00533029,0.00770548,0.01869198,0.01209625,RELIABLE,RELIABLE,RELIABLE,RELIABLE,RELIABLE,RELIABLE,RELIABLE,RELIABLE,STATIONARY,STATIONARY,STATIONARY,STATIONARY,STATIONARY,MOVING,MOVING,MOVING,MOVING
72287,2145,14,STILL,0.13311250,0.00061107,0.00459063,0.00663920,0.01021380,0.01050589,0.00586173,0.00471391,0.00676017,0.01344079,0.00861444,RELIABLE,RELIABLE,RELIABLE,RELIABLE,RELIABLE,RELIABLE,RELIABLE,RELIABLE,STATIONARY,STATIONARY,STATIONARY,STATIONARY,STATIONARY,MOVING,MOVING,MOVING,MOVING
72320,2146,14,STILL,0.13216753,0.00070613,0.00534270,0.00593659,0.00867398,0.00936749,0.00560012,0.00538509,0.00663279,0.01222826,0.00849273,RELIABLE,RELIABLE,RELIABLE,RELIABLE,RELIABLE,RELIABLE,RELIABLE,RELIABLE,STATIONARY,STATIONARY,STATIONARY,STATIONARY,STATIONARY,MOVING,MOVING,MOVING,MOVING
72352,2147,14,STILL,0.13236623,0.00110222,0.00832702,0.00612892,0.00910358,0.00993207,0.00567276,0.00530751,0.00635846,0.01209817,0.00862337,RELIABLE,RELIABLE,RELIABLE,RELIABLE,RELIABLE,RELIABLE,RELIABLE,RELIABLE,STATIONARY,STATIONARY,STATIONARY,STATIONARY,STATIONARY,MOVING,MOVING,MOVING,MOVING
72385,2148,14,STILL,0.13222774,0.00050027,0.00378338,0.00617743,0.00870188,0.00973887,0.00597369,0.00630399,0.00621420,0.01375751,0.00954160,RELIABLE,RELIABLE,RELIABLE,RELIABLE,RELIABLE,RELIABLE,RELIABLE,RELIABLE,STATIONARY,STATIONARY,STATIONARY,STATIONARY,STATIONARY,MOVING,MOVING,MOVING,MOVING
72428,2149,14,STILL,0.13267882,0.00086084,0.00648812,0.00649864,0.00872343,0.01042714,0.00654099,0.00621006,0.00650144,0.01426226,0.01019952,RELIABLE,RELIABLE,RELIABLE,RELIABLE,RELIABLE,RELIABLE,RELIABLE,RELIABLE,STATIONARY,STATIONARY,STATIONARY,STATIONARY,STATIONARY,MOVING,MOVING,MOVING,MOVING
72463,2150,14,STILL,0.13213971,0.00045576,0.00344910,0.00624347,0.00822517,0.00986699,0.00597863,0.00641596,0.00674505,0.01551427,0.01121501,RELIABLE,RELIABLE,RELIABLE,RELIABLE,RELIABLE,RELIABLE,RELIABLE,RELIABLE,STATIONARY,STATIONARY,STATIONARY,STATIONARY,STATIONARY,MOVING,MOVING,MOVING,MOVING
72494,2151,14,STILL,0.13187204,0.00022788,0.00172805,0.00536312,0.00663237,0.00813561,0.00551748,0.00582824,0.00624156,0.01609236,0.01157986,RELIABLE,RELIABLE,RELIABLE,RELIABLE,RELIABLE,RELIABLE,RELIABLE,RELIABLE,STATIONARY,STATIONARY,STATIONARY,STATIONARY,STATIONARY,MOVING,MOVING,MOVING,MOVING
72526,2152,14,STILL,0.13243182,0.00082003,0.00619206,0.00498763,0.00594355,0.00694024,0.00554203,0.00610351,0.00638416,0.01645266,0.01181340,RELIABLE,RELIABLE,RELIABLE,RELIABLE,RELIABLE,RELIABLE,RELIABLE,RELIABLE,STATIONARY,STATIONARY,STATIONARY,STATIONARY,STATIONARY,MOVING,MOVING,MOVING,MOVING
72557,2153,14,STILL,0.13234107,0.00126695,0.00957335,0.00561047,0.00715320,0.00805054,0.00597557,0.00705711,0.00735252,0.01782959,0.01256846,RELIABLE,RELIABLE,RELIABLE,RELIABLE,RELIABLE,RELIABLE,RELIABLE,RELIABLE,STATIONARY,STATIONARY,STATIONARY,STATIONARY,STATIONARY,MOVING,MOVING,MOVING,MOVING
72590,2154,14,STILL,0.13233301,0.00061582,0.00465357,0.00552433,0.00692940,0.00704234,0.00591114,0.00634197,0.00708036,0.01701906,0.01379791,RELIABLE,RELIABLE,RELIABLE,RELIABLE,RELIABLE,RELIABLE,RELIABLE,RELIABLE,STATIONARY,STATIONARY,STATIONARY,STATIONARY,STATIONARY,MOVING,MOVING,MOVING,MOVING
72621,2155,14,STILL,0.13233663,0.00030791,0.00232672,0.00477429,0.00560373,0.00549383,0.00535629,0.00606329,0.00637529,0.01584442,0.01369223,RELIABLE,RELIABLE,RELIABLE,RELIABLE,RELIABLE,RELIABLE,RELIABLE,RELIABLE,STATIONARY,STATIONARY,STATIONARY,STATIONARY,STATIONARY,MOVING,MOVING,MOVING,MOVING
72652,2156,14,STILL,0.13238498,0.00110582,0.00835309,0.00534551,0.00779100,0.00772120,0.00557769,0.00545779,0.00719575,0.01521195,0.01433713,RELIABLE,RELIABLE,RELIABLE,RELIABLE,RELIABLE,RELIABLE,RELIABLE,RELIABLE,STATIONARY,STATIONARY,STATIONARY,STATIONARY,STATIONARY,MOVING,MOVING,MOVING,MOVING
72684,2157,14,STILL,0.13201167,0.00105556,0.00799598,0.00553399,0.00862758,0.00772941,0.00490800,0.00572949,0.00709324,0.01439106,0.01488859,RELIABLE,RELIABLE,RELIABLE,RELIABLE,RELIABLE,RELIABLE,RELIABLE,RELIABLE,STATIONARY,STATIONARY,STATIONARY,STATIONARY,STATIONARY,MOVING,MOVING,MOVING,MOVING
72716,2158,14,STILL,0.13134971,0.00059058,0.00449622,0.00566488,0.00930889,0.00839007,0.00485943,0.00546476,0.00709718,0.01402391,0.01443086,RELIABLE,RELIABLE,RELIABLE,RELIABLE,RELIABLE,RELIABLE,RELIABLE,RELIABLE,STATIONARY,STATIONARY,STATIONARY,STATIONARY,STATIONARY,MOVING,MOVING,MOVING,MOVING
72746,2159,14,STILL,0.13102207,0.00029529,0.00225373,0.00573059,0.00965052,0.00872129,0.00483522,0.00533228,0.00709937,0.01384060,0.01420196,RELIABLE,RELIABLE,RELIABLE,RELIABLE,RELIABLE,RELIABLE,RELIABLE,RELIABLE,STATIONARY,STATIONARY,STATIONARY,STATIONARY,STATIONARY,MOVING,MOVING,MOVING,MOVING
72778,2160,14,STILL,0.13093104,0.00091538,0.00699129,0.00583049,0.00955971,0.00929136,0.00466222,0.00536591,0.00690802,0.01196709,0.01368378,RELIABLE,RELIABLE,RELIABLE,RELIABLE,RELIABLE,RELIABLE,RELIABLE,RELIABLE,STATIONARY,STATIONARY,STATIONARY,STATIONARY,STATIONARY,MOVING,MOVING,MOVING,MOVING
72809,2161,14,STILL,0.13140376,0.00118049,0.00898368,0.00575679,0.00971153,0.00902372,0.00477225,0.00498845,0.00631912,0.01085828,0.01307561,RELIABLE,RELIABLE,RELIABLE,RELIABLE,RELIABLE,RELIABLE,RELIABLE,RELIABLE,STATIONARY,STATIONARY,STATIONARY,STATIONARY,STATIONARY,MOVING,MOVING,MOVING,MOVING
72841,2162,14,STILL,0.13088869,0.00080884,0.00617960,0.00594754,0.01068199,0.01061511,0.00491623,0.00523339,0.00706999,0.01246745,0.01217378,RELIABLE,RELIABLE,RELIABLE,RELIABLE,RELIABLE,RELIABLE,RELIABLE,RELIABLE,STATIONARY,STATIONARY,STATIONARY,STATIONARY,STATIONARY,MOVING,MOVING,MOVING,MOVING
72876,2163,14,STILL,0.13175590,0.00080046,0.00607532,0.00641611,0.01190465,0.01201933,0.00613103,0.00601385,0.00802011,0.01394472,0.01238118,RELIABLE,RELIABLE,RELIABLE,RELIABLE,RELIABLE,RELIABLE,RELIABLE,RELIABLE,STATIONARY,STATIONARY,STATIONARY,STATIONARY,STATIONARY,MOVING,MOVING,MOVING,MOVING
72924,2164,14,STILL,0.13232700,0.00033092,0.00250076,0.00568457,0.00982067,0.00993182,0.00584091,0.00579727,0.00712879,0.01417599,0.01126898,RELIABLE,RELIABLE,RELIABLE,RELIABLE,RELIABLE,RELIABLE,RELIABLE,RELIABLE,STATIONARY,STATIONARY,STATIONARY,STATIONARY,STATIONARY,MOVING,MOVING,MOVING,MOVING
72951,2165,14,STILL,0.13261257,0.00016546,0.00124769,0.00484104,0.00816581,0.00885130,0.00546412,0.00526329,0.00664852,0.01359317,0.00981102,RELIABLE,RELIABLE,RELIABLE,RELIABLE,RELIABLE,RELIABLE,RELIABLE,RELIABLE,STATIONARY,STATIONARY,STATIONARY,STATIONARY,STATIONARY,MOVING,MOVING,MOVING,MOVING
72982,2166,14,STILL,0.13165153,0.00089488,0.00679736,0.00512868,0.00827473,0.00909654,0.00550117,0.00651927,0.00665346,0.01444597,0.00979212,RELIABLE,RELIABLE,RELIABLE,RELIABLE,RELIABLE,RELIABLE,RELIABLE,RELIABLE,STATIONARY,STATIONARY,STATIONARY,STATIONARY,STATIONARY,MOVING,MOVING,MOVING,MOVING
73013,2167,14,STILL,0.13203150,0.00073998,0.00560454,0.00554753,0.00828963,0.00937204,0.00612488,0.00719462,0.00667877,0.01450387,0.00949100,RELIABLE,RELIABLE,RELIABLE,RELIABLE,RELIABLE,RELIABLE,RELIABLE,RELIABLE,STATIONARY,STATIONARY,STATIONARY,STATIONARY,STATIONARY,MOVING,MOVING,MOVING,MOVING
73044,2168,14,STILL,0.13203042,0.00043372,0.00328501,0.00508424,0.00811908,0.00877121,0.00637072,0.00721533,0.00639888,0.01563982,0.00953272,RELIABLE,RELIABLE,RELIABLE,RELIABLE,RELIABLE,RELIABLE,RELIABLE,RELIABLE,STATIONARY,STATIONARY,STATIONARY,STATIONARY,STATIONARY,MOVING,MOVING,MOVING,MOVING
73084,2169,14,STILL,0.13145385,0.00067444,0.00513063,0.00460261,0.00655072,0.00749248,0.00609390,0.00732070,0.00799560,0.01857398,0.01329114,RELIABLE,RELIABLE,RELIABLE,RELIABLE,RELIABLE,RELIABLE,RELIABLE,RELIABLE,STATIONARY,STATIONARY,STATIONARY,STATIONARY,STATIONARY,MOVING,MOVING,MOVING,MOVING
73123,2170,14,STILL,0.13116578,0.00033722,0.00257095,0.00415153,0.00530337,0.00599148,0.00561075,0.00692641,0.00772105,0.01785049,0.01395135,RELIABLE,RELIABLE,RELIABLE,RELIABLE,RELIABLE,RELIABLE,RELIABLE,RELIABLE,STATIONARY,STATIONARY,STATIONARY,STATIONARY,STATIONARY,MOVING,MOVING,MOVING,MOVING
73155,2171,14,STILL,0.13115114,0.00081659,0.00622634,0.00417041,0.00459332,0.00564804,0.00465800,0.00669014,0.00698564,0.01780867,0.01335331,RELIABLE,RELIABLE,RELIABLE,RELIABLE,RELIABLE,RELIABLE,RELIABLE,RELIABLE,STATIONARY,STATIONARY,STATIONARY,STATIONARY,STATIONARY,MOVING,MOVING,MOVING,MOVING
73187,2172,14,STILL,0.13174166,0.00041296,0.00313459,0.00424964,0.00479353,0.00547954,0.00518664,0.00733077,0.00792069,0.01814369,0.01409026,RELIABLE,RELIABLE,RELIABLE,RELIABLE,RELIABLE,RELIABLE,RELIABLE,RELIABLE,STATIONARY,STATIONARY,STATIONARY,STATIONARY,STATIONARY,MOVING,MOVING,MOVING,MOVING
73218,2173,14,STILL,0.13128520,0.00085230,0.00649199,0.00490518,0.00570008,0.00645220,0.00551811,0.00797251,0.00897798,0.01865430,0.01519560,RELIABLE,RELIABLE,RELIABLE,RELIABLE,RELIABLE,RELIABLE,RELIABLE,RELIABLE,STATIONARY,STATIONARY,STATIONARY,STATIONARY,STATIONARY,MOVING,MOVING,MOVING,MOVING
73250,2174,14,STILL,0.13094903,0.00048318,0.00368987,0.00451674,0.00493345,0.00544638,0.00544302,0.00710150,0.00921585,0.01833068,0.01560880,RELIABLE,RELIABLE,RELIABLE,RELIABLE,RELIABLE,RELIABLE,RELIABLE,RELIABLE,STATIONARY,STATIONARY,STATIONARY,STATIONARY,STATIONARY,MOVING,MOVING,MOVING,MOVING
73292,2175,14,STILL,0.13147632,0.00033407,0.00254095,0.00413379,0.00474813,0.00516690,0.00521998,0.00719688,0.00995847,0.01815776,0.01712587,RELIABLE,RELIABLE,RELIABLE,RELIABLE,RELIABLE,RELIABLE,RELIABLE,RELIABLE,STATIONARY,STATIONARY,STATIONARY,STATIONARY,STATIONARY,MOVING,MOVING,MOVING,MOVING
73329,2176,14,STILL,0.13174610,0.00016704,0.00126787,0.00388165,0.00432851,0.00454312,0.00480500,0.00690769,0.00995314,0.01742046,0.01686237,RELIABLE,RELIABLE,RELIABLE,RELIABLE,RELIABLE,RELIABLE,RELIABLE,RELIABLE,STATIONARY,STATIONARY,STATIONARY,STATIONARY,STATIONARY,MOVING,MOVING,MOVING,MOVING
73361,2177,14,STILL,0.13110447,0.00076772,0.00585577,0.00397229,0.00526707,0.00529612,0.00503402,0.00708673,0.00823430,0.01420679,0.01373432,RELIABLE,RELIABLE,RELIABLE,RELIABLE,RELIABLE,RELIABLE,RELIABLE,RELIABLE,STATIONARY,STATIONARY,STATIONARY,STATIONARY,STATIONARY,MOVING,MOVING,MOVING,MOVING
73392,2178,14,STILL,0.13162616,0.00074862,0.00568743,0.00436185,0.00624158,0.00619610,0.00577415,0.00780324,0.00776878,0.01439692,0.01199673,RELIABLE,RELIABLE,RELIABLE,RELIABLE,RELIABLE,RELIABLE,RELIABLE,RELIABLE,STATIONARY,STATIONARY,STATIONARY,STATIONARY,STATIONARY,MOVING,MOVING,MOVING,MOVING
73423,2179,14,STILL,0.13125382,0.00065315,0.00497626,0.00420559,0.00668514,0.00622215,0.00587386,0.00763911,0.00806738,0.01372325,0.01198596,RELIABLE,RELIABLE,RELIABLE,RELIABLE,RELIABLE,RELIABLE,RELIABLE,RELIABLE,STATIONARY,STATIONARY,STATIONARY,STATIONARY,STATIONARY,MOVING,MOVING,MOVING,MOVING
73455,2180,14,STILL,0.13106774,0.00032658,0.00249166,0.00412523,0.00681409,0.00649612,0.00505310,0.00683635,0.00711479,0.01185925,0.01061027,RELIABLE,RELIABLE,RELIABLE,RELIABLE,RELIABLE,RELIABLE,RELIABLE,RELIABLE,STATIONARY,STATIONARY,STATIONARY,STATIONARY,STATIONARY,MOVING,MOVING,MOVING,MOVING
73486,2181,14,STILL,0.13098708,0.00080552,0.00614960,0.00408243,0.00747215,0.00671532,0.00535604,0.00641848,0.00653670,0.01203164,0.01090558,RELIABLE,RELIABLE,RELIABLE,RELIABLE,RELIABLE,RELIABLE,RELIABLE,RELIABLE,STATIONARY,STATIONARY,STATIONARY,STATIONARY,STATIONARY,MOVING,MOVING,MOVING,MOVING
73517,2182,14,STILL,0.13053872,0.00060529,0.00463683,0.00420080,0.00813021,0.00774352,0.00560350,0.00646985,0.00660299,0.01087416,0.01098619,RELIABLE,RELIABLE,RELIABLE,RELIABLE,RELIABLE,RELIABLE,RELIABLE,RELIABLE,STATIONARY,STATIONARY,STATIONARY,STATIONARY,STATIONARY,MOVING,MOVING,MOVING,MOVING
73549,2183,14,STILL,0.13061678,0.00081789,0.00626175,0.00466590,0.00916867,0.00863619,0.00611266,0.00582022,0.00604794,0.01181576,0.01041895,RELIABLE,RELIABLE,RELIABLE,RELIABLE,RELIABLE,RELIABLE,RELIABLE,RELIABLE,STATIONARY,STATIONARY,STATIONARY,STATIONARY,STATIONARY,MOVING,MOVING,MOVING,MOVING
73582,2184,14,STILL,0.13142798,0.00054644,0.00415769,0.00502712,0.00946581,0.00906881,0.00629833,0.00668472,0.00624466,0.01381206,0.01032300,RELIABLE,RELIABLE,RELIABLE,RELIABLE,RELIABLE,RELIABLE,RELIABLE,RELIABLE,STATIONARY,STATIONARY,STATIONARY,STATIONARY,STATIONARY,MOVING,MOVING,MOVING,MOVING
73628,2185,14,STILL,0.13115203,0.00039831,0.00303699,0.00467478,0.00872740,0.00822100,0.00644663,0.00623661,0.00602161,0.01405805,0.00978207,RELIABLE,RELIABLE,RELIABLE,RELIABLE,RELIABLE,RELIABLE,RELIABLE,RELIABLE,STATIONARY,STATIONARY,STATIONARY,STATIONARY,STATIONARY,MOVING,MOVING,MOVING,MOVING
73660,2186,14,STILL,0.13101473,0.00019915,0.00152009,0.00415386,0.00785274,0.00727321,0.00589502,0.00538489,0.00551376,0.01238020,0.00968055,RELIABLE,RELIABLE,RELIABLE,RELIABLE,RELIABLE,RELIABLE,RELIABLE,RELIABLE,STATIONARY,STATIONARY,STATIONARY,STATIONARY,STATIONARY,MOVING,MOVING,MOVING,MOVING
73693,2187,14,STILL,0.13077860,0.00116217,0.00888651,0.00464264,0.00816275,0.00722221,0.00598805,0.00600833,0.00574987,0.01472354,0.01126475,RELIABLE,RELIABLE,RELIABLE,RELIABLE,RELIABLE,RELIABLE,RELIABLE,RELIABLE,STATIONARY,STATIONARY,STATIONARY,STATIONARY,STATIONARY,MOVING,MOVING,MOVING,MOVING
73723,2188,14,STILL,0.13140930,0.00067635,0.00514686,0.00497454,0.00811921,0.00702944,0.00639656,0.00699836,0.00707144,0.01605229,0.01276911,RELIABLE,RELIABLE,RELIABLE,RELIABLE,RELIABLE,RELIABLE,RELIABLE,RELIABLE,STATIONARY,STATIONARY,STATIONARY,STATIONARY,STATIONARY,MOVING,MOVING,MOVING,MOVING
73755,2189,14,STILL,0.13196847,0.00073219,0.00554825,0.00489937,0.00737222,0.00688872,0.00665463,0.00720374,0.00758700,0.01723870,0.01262096,RELIABLE,RELIABLE,RELIABLE,RELIABLE,RELIABLE,RELIABLE,RELIABLE,RELIABLE,STATIONARY,STATIONARY,STATIONARY,STATIONARY,STATIONARY,MOVING,MOVING,MOVING,MOVING
73788,2190,14,STILL,0.13135432,0.00044776,0.00340877,0.00474586,0.00696139,0.00607171,0.00643588,0.00707434,0.00732348,0.01642431,0.01209096,RELIABLE,RELIABLE,RELIABLE,RELIABLE,RELIABLE,RELIABLE,RELIABLE,RELIABLE,STATIONARY,STATIONARY,STATIONARY,STATIONARY,STATIONARY,MOVING,MOVING,MOVING,MOVING
73818,2191,14,STILL,0.13104812,0.00022388,0.00170837,0.00417669,0.00588753,0.00490759,0.00552133,0.00710702,0.00713337,0.01487446,0.01141450,RELIABLE,RELIABLE,RELIABLE,RELIABLE,RELIABLE,RELIABLE,RELIABLE,RELIABLE,STATIONARY,STATIONARY,STATIONARY,STATIONARY,STATIONARY,MOVING,MOVING,MOVING,MOVING
73850,2192,14,STILL,0.13144251,0.00102020,0.00776159,0.00462718,0.00719004,0.00545177,0.00585390,0.00708495,0.00781635,0.01483284,0.01259436,RELIABLE,RELIABLE,RELIABLE,RELIABLE,RELIABLE,RELIABLE,RELIABLE,RELIABLE,STATIONARY,STATIONARY,STATIONARY,STATIONARY,STATIONARY,MOVING,MOVING,MOVING,MOVING
73882,2193,14,STILL,0.13180440,0.00059516,0.00451552,0.00481199,0.00716588,0.00525769,0.00555439,0.00703228,0.00875815,0.01855095,0.01466793,RELIABLE,RELIABLE,RELIABLE,RELIABLE,RELIABLE,RELIABLE,RELIABLE,RELIABLE,STATIONARY,STATIONARY,STATIONARY,STATIONARY,STATIONARY,MOVING,MOVING,MOVING,MOVING
73916,2194,14,STILL,0.13070749,0.00099304,0.00759743,0.00557166,0.00797218,0.00631688,0.00584524,0.00861162,0.00973549,0.02049238,0.01703998,RELIABLE,RELIABLE,RELIABLE,RELIABLE,RELIABLE,RELIABLE,RELIABLE,RELIABLE,STATIONARY,STATIONARY,STATIONARY,STATIONARY,STATIONARY,MOVING,MOVING,MOVING,MOVING
73945,2195,14,STILL,0.13016313,0.00049652,0.00381460,0.00493767,0.00702314,0.00583468,0.00546220,0.00825952,0.00922883,0.01806218,0.01600892,RELIABLE,RELIABLE,RELIABLE,RELIABLE,RELIABLE,RELIABLE,RELIABLE,RELIABLE,STATIONARY,STATIONARY,STATIONARY,STATIONARY,STATIONARY,MOVING,MOVING,MOVING,MOVING
73976,2196,14,STILL,0.13002329,0.00150286,0.01155842,0.00573912,0.00864452,0.00714765,0.00608608,0.00776409,0.00832470,0.01760583,0.01491642,RELIABLE,RELIABLE,RELIABLE,RELIABLE,RELIABLE,RELIABLE,RELIABLE,RELIABLE,STATIONARY,STATIONARY,STATIONARY,STATIONARY,STATIONARY,MOVING,MOVING,MOVING,MOVING
74008,2197,14,STILL,0.13034870,0.00056594,0.00434175,0.00558830,0.00796117,0.00635561,0.00635440,0.00855966,0.00794096,0.01622840,0.01417678,RELIABLE,RELIABLE,RELIABLE,RELIABLE,RELIABLE,RELIABLE,RELIABLE,RELIABLE,STATIONARY,STATIONARY,STATIONARY,STATIONARY,STATIONARY,MOVING,MOVING,MOVING,MOVING
74044,2198,14,STILL,0.13109798,0.00120075,0.00915922,0.00630711,0.00914546,0.00750126,0.00634785,0.00834931,0.00837711,0.01943365,0.01380525,RELIABLE,RELIABLE,RELIABLE,RELIABLE,RELIABLE,RELIABLE,RELIABLE,RELIABLE,STATIONARY,STATIONARY,STATIONARY,STATIONARY,STATIONARY,MOVING,MOVING,MOVING,MOVING
74075,2199,14,STILL,0.13036421,0.00046302,0.00355173,0.00653753,0.00929954,0.00794608,0.00710004,0.00849212,0.00939681,0.02385234,0.01581905,RELIABLE,RELIABLE,RELIABLE,RELIABLE,RELIABLE,RELIABLE,RELIABLE,RELIABLE,STATIONARY,STATIONARY,STATIONARY,STATIONARY,STATIONARY,MOVING,MOVING,MOVING,MOVING
74125,2200,14,STILL,0.13138058,0.00097166,0.00739575,0.00649180,0.00916342,0.00797317,0.00702784,0.00791490,0.00914065,0.02338274,0.01725083,RELIABLE,RELIABLE,RELIABLE,RELIABLE,RELIABLE,RELIABLE,RELIABLE,RELIABLE,STATIONARY,STATIONARY,STATIONARY,STATIONARY,STATIONARY,MOVING,MOVING,MOVING,MOVING
74165,2201,14,STILL,0.13189257,0.00048583,0.00368352,0.00638780,0.00923920,0.00827441,0.00674650,0.00770677,0.00830773,0.01961259,0.01593988,RELIABLE,RELIABLE,RELIABLE,RELIABLE,RELIABLE,RELIABLE,RELIABLE,RELIABLE,STATIONARY,STATIONARY,STATIONARY,STATIONARY,STATIONARY,MOVING,MOVING,MOVING,MOVING
74195,2202,14,STILL,0.13193718,0.00086854,0.00658299,0.00626100,0.00848309,0.00784812,0.00710350,0.00627883,0.00788472,0.01929120,0.01410513,RELIABLE,RELIABLE,RELIABLE,RELIABLE,RELIABLE,RELIABLE,RELIABLE,RELIABLE,STATIONARY,STATIONARY,STATIONARY,STATIONARY,STATIONARY,MOVING,MOVING,MOVING,MOVING
74227,2203,14,STILL,0.13141405,0.00046931,0.00357120,0.00623057,0.00842653,0.00777548,0.00745597,0.00590320,0.00906244,0.02356935,0.01651162,RELIABLE,RELIABLE,RELIABLE,RELIABLE,RELIABLE,RELIABLE,RELIABLE,RELIABLE,STATIONARY,STATIONARY,STATIONARY,STATIONARY,STATIONARY,MOVING,MOVING,MOVING,MOVING
74258,2204,14,STILL,0.13161524,0.00091401,0.00694457,0.00565384,0.00702756,0.00667051,0.00689198,0.00559340,0.00903808,0.02333737,0.01657391,RELIABLE,RELIABLE,RELIABLE,RELIABLE,RELIABLE,RELIABLE,RELIABLE,RELIABLE,STATIONARY,STATIONARY,STATIONARY,STATIONARY,STATIONARY,MOVING,MOVING,MOVING,MOVING
74290,2205,14,STILL,0.13171608,0.00045701,0.00346963,0.00554483,0.00714732,0.00647207,0.00581971,0.00438027,0.00861502,0.02240296,0.01597957,RELIABLE,RELIABLE,RELIABLE,RELIABLE,RELIABLE,RELIABLE,RELIABLE,RELIABLE,STATIONARY,STATIONARY,STATIONARY,STATIONARY,STATIONARY,MOVING,MOVING,MOVING,MOVING
74321,2206,14,STILL,0.13139706,0.00141532,0.01077130,0.00574634,0.00620122,0.00648207,0.00660979,0.00468497,0.00832754,0.02019558,0.01670519,RELIABLE,RELIABLE,RELIABLE,RELIABLE,RELIABLE,RELIABLE,RELIABLE,RELIABLE,STATIONARY,STATIONARY,STATIONARY,STATIONARY,STATIONARY,MOVING,MOVING,MOVING,MOVING
74353,2207,14,STILL,0.13174607,0.00089718,0.00680992,0.00615361,0.00668304,0.00696868,0.00677965,0.00446096,0.00737207,0.01707117,0.01497038,RELIABLE,RELIABLE,RELIABLE,RELIABLE,RELIABLE,RELIABLE,RELIABLE,RELIABLE,STATIONARY,STATIONARY,STATIONARY,STATIONARY,STATIONARY,MOVING,MOVING,MOVING,MOVING
74385,2208,14,STILL,0.13207497,0.00132804,0.01005518,0.00648604,0.00621379,0.00666460,0.00668347,0.00500477,0.00732402,0.01737072,0.01247919,RELIABLE,RELIABLE,RELIABLE,RELIABLE,RELIABLE,RELIABLE,RELIABLE,RELIABLE,STATIONARY,STATIONARY,STATIONARY,STATIONARY,STATIONARY,MOVING,MOVING,MOVING,MOVING
74416,2209,14,STILL,0.13213533,0.00051767,0.00391774,0.00651532,0.00599834,0.00647165,0.00706184,0.00519166,0.00823745,0.01839362,0.01335751,RELIABLE,RELIABLE,RELIABLE,RELIABLE,RELIABLE,RELIABLE,RELIABLE,RELIABLE,STATIONARY,STATIONARY,STATIONARY,STATIONARY,STATIONARY,MOVING,MOVING,MOVING,MOVING
74459,2210,14,STILL,0.13176137,0.00063827,0.00484410,0.00629796,0.00672186,0.00658737,0.00685778,0.00535440,0.00817963,0.01736299,0.01296003,RELIABLE,RELIABLE,RELIABLE,RELIABLE,RELIABLE,RELIABLE,RELIABLE,RELIABLE,STATIONARY,STATIONARY,STATIONARY,STATIONARY,STATIONARY,MOVING,MOVING,MOVING,MOVING
74492,2211,14,STILL,0.13158277,0.00031913,0.00242534,0.00615472,0.00676042,0.00650265,0.00658080,0.00509387,0.00675942,0.01240439,0.00943183,RELIABLE,RELIABLE,RELIABLE,RELIABLE,RELIABLE,RELIABLE,RELIABLE,RELIABLE,STATIONARY,STATIONARY,STATIONARY,STATIONARY,STATIONARY,MOVING,MOVING,MOVING,MOVING
74524,2212,14,STILL,0.13195343,0.00044607,0.00338053,0.00570922,0.00652767,0.00636182,0.00668834,0.00534817,0.00690474,0.01263825,0.01031677,RELIABLE,RELIABLE,RELIABLE,RELIABLE,RELIABLE,RELIABLE,RELIABLE,RELIABLE,STATIONARY,STATIONARY,STATIONARY,STATIONARY,STATIONARY,MOVING,MOVING,MOVING,MOVING
74556,2213,14,STILL,0.13182886,0.00128513,0.00974848,0.00649407,0.00801332,0.00720359,0.00733614,0.00643289,0.00730362,0.01346784,0.01146617,RELIABLE,RELIABLE,RELIABLE,RELIABLE,RELIABLE,RELIABLE,RELIABLE,RELIABLE,STATIONARY,STATIONARY,STATIONARY,STATIONARY,STATIONARY,MOVING,MOVING,MOVING,MOVING
74588,2214,14,STILL,0.13181768,0.00123803,0.00939202,0.00632166,0.00796716,0.00728219,0.00657091,0.00609915,0.00673097,0.01401175,0.01091710,RELIABLE,RELIABLE,RELIABLE,RELIABLE,RELIABLE,RELIABLE,RELIABLE,RELIABLE,STATIONARY,STATIONARY,STATIONARY,STATIONARY,STATIONARY,MOVING,MOVING,MOVING,MOVING
74619,2215,14,STILL,0.13142188,0.00128830,0.00980279,0.00669577,0.00848381,0.00822492,0.00638768,0.00695827,0.00703949,0.01367067,0.01168287,RELIABLE,RELIABLE,RELIABLE,RELIABLE,RELIABLE,RELIABLE,RELIABLE,RELIABLE,STATIONARY,STATIONARY,STATIONARY,STATIONARY,STATIONARY,MOVING,MOVING,MOVING,MOVING
74650,2216,14,STILL,0.13122604,0.00064415,0.00490871,0.00605246,0.00804967,0.00832852,0.00620598,0.00623177,0.00627968,0.01206100,0.01156252,RELIABLE,RELIABLE,RELIABLE,RELIABLE,RELIABLE,RELIABLE,RELIABLE,RELIABLE,STATIONARY,STATIONARY,STATIONARY,STATIONARY,STATIONARY,MOVING,MOVING,MOVING,MOVING
74682,2217,14,STILL,0.13117174,0.00077181,0.00588394,0.00629824,0.00788951,0.00858881,0.00652064,0.00713140,0.00738377,0.01484250,0.01372031,RELIABLE,RELIABLE,RELIABLE,RELIABLE,RELIABLE,RELIABLE,RELIABLE,RELIABLE,STATIONARY,STATIONARY,STATIONARY,STATIONARY,STATIONARY,MOVING,MOVING,MOVING,MOVING
74713,2218,14,STILL,0.13168503,0.00054707,0.00415440,0.00621203,0.00757414,0.00860780,0.00645900,0.00685174,0.00759106,0.01452269,0.01544946,RELIABLE,RELIABLE,RELIABLE,RELIABLE,RELIABLE,RELIABLE,RELIABLE,RELIABLE,STATIONARY,STATIONARY,STATIONARY,STATIONARY,STATIONARY,MOVING,MOVING,MOVING,MOVING
74748,2219,14,STILL,0.13166771,0.00053146,0.00403634,0.00641340,0.00787531,0.00937273,0.00779010,0.00787654,0.00798787,0.01618036,0.01781703,RELIABLE,RELIABLE,RELIABLE,RELIABLE,RELIABLE,RELIABLE,RELIABLE,RELIABLE,STATIONARY,STATIONARY,STATIONARY,STATIONARY,STATIONARY,MOVING,MOVING,MOVING,MOVING
74777,2220,14,STILL,0.13166443,0.00026573,0.00201822,0.00624311,0.00775037,0.00953468,0.00777198,0.00776695,0.00739072,0.01575034,0.01735683,RELIABLE,RELIABLE,RELIABLE,RELIABLE,RELIABLE,RELIABLE,RELIABLE,RELIABLE,STATIONARY,STATIONARY,STATIONARY,STATIONARY,STATIONARY,MOVING,MOVING,MOVING,MOVING
74809,2221,14,STILL,0.13223651,0.00098561,0.00745342,0.00595623,0.00677268,0.00947555,0.00832679,0.00787063,0.00758147,0.01632378,0.01679550,RELIABLE,RELIABLE,RELIABLE,RELIABLE,RELIABLE,RELIABLE,RELIABLE,RELIABLE,STATIONARY,STATIONARY,STATIONARY,STATIONARY,STATIONARY,MOVING,MOVING,MOVING,MOVING
74839,2222,14,STILL,0.13160688,0.00091617,0.00696138,0.00565240,0.00726359,0.00932686,0.00852587,0.00880634,0.00801528,0.01529457,0.01660304,RELIABLE,RELIABLE,RELIABLE,RELIABLE,RELIABLE,RELIABLE,RELIABLE,RELIABLE,STATIONARY,STATIONARY,STATIONARY,STATIONARY,STATIONARY,MOVING,MOVING,MOVING,MOVING
74876,2223,14,STILL,0.13069487,0.00079507,0.00608344,0.00518748,0.00667281,0.00841860,0.00841589,0.00859179,0.00901905,0.01608233,0.01629982,RELIABLE,RELIABLE,RELIABLE,RELIABLE,RELIABLE,RELIABLE,RELIABLE,RELIABLE,STATIONARY,STATIONARY,STATIONARY,STATIONARY,STATIONARY,MOVING,MOVING,MOVING,MOVING
74916,2224,14,STILL,0.13157930,0.00099320,0.00754828,0.00551743,0.00742473,0.00901250,0.00855237,0.00906187,0.01085261,0.01890823,0.01780390,RELIABLE,RELIABLE,RELIABLE,RELIABLE,RELIABLE,RELIABLE,RELIABLE,RELIABLE,STATIONARY,STATIONARY,STATIONARY,STATIONARY,STATIONARY,MOVING,MOVING,MOVING,MOVING
74956,2225,14,STILL,0.13158790,0.00093635,0.00711579,0.00567141,0.00789171,0.00905760,0.00841019,0.00841754,0.00962996,0.01666684,0.01487241,RELIABLE,RELIABLE,RELIABLE,RELIABLE,RELIABLE,RELIABLE,RELIABLE,RELIABLE,STATIONARY,STATIONARY,STATIONARY,STATIONARY,STATIONARY,MOVING,MOVING,MOVING,MOVING
74996,2226,14,STILL,0.13159281,0.00046818,0.00355776,0.00559683,0.00750443,0.00839952,0.00801249,0.00847340,0.00937772,0.01715210,0.01343647,RELIABLE,RELIABLE,RELIABLE,RELIABLE,RELIABLE,RELIABLE,RELIABLE,RELIABLE,STATIONARY,STATIONARY,STATIONARY,STATIONARY,STATIONARY,MOVING,MOVING,MOVING,MOVING
75028,2227,14,STILL,0.13187487,0.00046087,0.00349473,0.00552913,0.00687383,0.00764208,0.00737410,0.00809180,0.00993906,0.01724506,0.01253678,RELIABLE,RELIABLE,RELIABLE,RELIABLE,RELIABLE,RELIABLE,RELIABLE,RELIABLE,STATIONARY,STATIONARY,STATIONARY,STATIONARY,STATIONARY,MOVING,MOVING,MOVING,MOVING
75059,2228,14,STILL,0.13161304,0.00102515,0.00778908,0.00625048,0.00831740,0.00843915,0.00734785,0.00821870,0.01007781,0.01874964,0.01293703,RELIABLE,RELIABLE,RELIABLE,RELIABLE,RELIABLE,RELIABLE,RELIABLE,RELIABLE,STATIONARY,STATIONARY,STATIONARY,STATIONARY,STATIONARY,MOVING,MOVING,MOVING,MOVING
75091,2229,14,STILL,0.13130221,0.00109495,0.00833917,0.00636120,0.00927803,0.00906847,0.00671277,0.00812814,0.00990138,0.01963267,0.01288986,RELIABLE,RELIABLE,RELIABLE,RELIABLE,RELIABLE,RELIABLE,RELIABLE,RELIABLE,STATIONARY,STATIONARY,STATIONARY,STATIONARY,STATIONARY,MOVING,MOVING,MOVING,MOVING
75122,2230,14,STILL,0.13134003,0.00062689,0.00477302,0.00608766,0.00871375,0.00857870,0.00657323,0.00689056,0.00984617,0.01880536,0.01251400,RELIABLE,RELIABLE,RELIABLE,RELIABLE,RELIABLE,RELIABLE,RELIABLE,RELIABLE,STATIONARY,STATIONARY,STATIONARY,STATIONARY,STATIONARY,MOVING,MOVING,MOVING,MOVING
75154,2231,14,STILL,0.13136177,0.00031344,0.00238611,0.00562549,0.00821035,0.00791011,0.00598262,0.00605548,0.00844576,0.01690545,0.01138864,RELIABLE,RELIABLE,RELIABLE,RELIABLE,RELIABLE,RELIABLE,RELIABLE,RELIABLE,STATIONARY,STATIONARY,STATIONARY,STATIONARY,STATIONARY,MOVING,MOVING,MOVING,MOVING
75186,2232,14,STILL,0.13129251,0.00082869,0.00631175,0.00547093,0.00759617,0.00720346,0.00590123,0.00564923,0.00696696,0.01486061,0.01019604,RELIABLE,RELIABLE,RELIABLE,RELIABLE,RELIABLE,RELIABLE,RELIABLE,RELIABLE,STATIONARY,STATIONARY,STATIONARY,STATIONARY,STATIONARY,MOVING,MOVING,MOVING,MOVING
75217,2233,14,STILL,0.13175667,0.00059129,0.00448778,0.00514243,0.00750035,0.00710134,0.00599925,0.00600218,0.00708927,0.01432797,0.01007529,RELIABLE,RELIABLE,RELIABLE,RELIABLE,RELIABLE,RELIABLE,RELIABLE,RELIABLE,STATIONARY,STATIONARY,STATIONARY,STATIONARY,STATIONARY,MOVING,MOVING,MOVING,MOVING
75249,2234,14,STILL,0.13165465,0.00024894,0.00189088,0.00493407,0.00716530,0.00690360,0.00606248,0.00670117,0.00768228,0.01560179,0.01064226,RELIABLE,RELIABLE,RELIABLE,RELIABLE,RELIABLE,RELIABLE,RELIABLE,RELIABLE,STATIONARY,STATIONARY,STATIONARY,STATIONARY,STATIONARY,MOVING,MOVING,MOVING,MOVING
75279,2235,14,STILL,0.13172553,0.00066713,0.00506454,0.00513029,0.00763725,0.00728227,0.00540954,0.00721348,0.00760562,0.01747745,0.01101057,RELIABLE,RELIABLE,RELIABLE,RELIABLE,RELIABLE,RELIABLE,RELIABLE,RELIABLE,STATIONARY,STATIONARY,STATIONARY,STATIONARY,STATIONARY,MOVING,MOVING,MOVING,MOVING
75324,2236,14,STILL,0.13157399,0.00076354,0.00580315,0.00488205,0.00692267,0.00653447,0.00517527,0.00697389,0.00802059,0.01612297,0.01146690,RELIABLE,RELIABLE,RELIABLE,RELIABLE,RELIABLE,RELIABLE,RELIABLE,RELIABLE,STATIONARY,STATIONARY,STATIONARY,STATIONARY,STATIONARY,MOVING,MOVING,MOVING,MOVING
75357,2237,14,STILL,0.13150047,0.00038177,0.00290320,0.00420255,0.00564037,0.00515814,0.00452268,0.00589242,0.00765893,0.01381473,0.01156764,RELIABLE,RELIABLE,RELIABLE,RELIABLE,RELIABLE,RELIABLE,RELIABLE,RELIABLE,STATIONARY,STATIONARY,STATIONARY,STATIONARY,STATIONARY,MOVING,MOVING,MOVING,MOVING
75388,2238,14,STILL,0.13073203,0.00031631,0.00241949,0.00390836,0.00522999,0.00435567,0.00470752,0.00598346,0.00756599,0.01432315,0.01267755,RELIABLE,RELIABLE,RELIABLE,RELIABLE,RELIABLE,RELIABLE,RELIABLE,RELIABLE,STATIONARY,STATIONARY,STATIONARY,STATIONARY,STATIONARY,MOVING,MOVING,MOVING,MOVING
75419,2239,14,STILL,0.13158849,0.00063137,0.00479805,0.00420985,0.00588806,0.00434388,0.00543645,0.00698645,0.00802830,0.01586463,0.01334707,RELIABLE,RELIABLE,RELIABLE,RELIABLE,RELIABLE,RELIABLE,RELIABLE,RELIABLE,STATIONARY,STATIONARY,STATIONARY,STATIONARY,STATIONARY,MOVING,MOVING,MOVING,MOVING
75452,2240,14,STILL,0.13164583,0.00128786,0.00978274,0.00464373,0.00654335,0.00438636,0.00559269,0.00728836,0.00820694,0.01580367,0.01304388,RELIABLE,RELIABLE,RELIABLE,RELIABLE,RELIABLE,RELIABLE,RELIABLE,RELIABLE,STATIONARY,STATIONARY,STATIONARY,STATIONARY,STATIONARY,MOVING,MOVING,MOVING,MOVING
75482,2241,14,STILL,0.13168003,0.00064393,0.00489010,0.00469402,0.00649566,0.00424296,0.00491199,0.00658618,0.00715480,0.01448219,0.01176522,RELIABLE,RELIABLE,RELIABLE,RELIABLE,RELIABLE,RELIABLE,RELIABLE,RELIABLE,STATIONARY,STATIONARY,STATIONARY,STATIONARY,STATIONARY,MOVING,MOVING,MOVING,MOVING
75513,2242,14,STILL,0.13132634,0.00025355,0.00193072,0.00469900,0.00675202,0.00423464,0.00492984,0.00608965,0.00680571,0.01365857,0.01297836,RELIABLE,RELIABLE,RELIABLE,RELIABLE,RELIABLE,RELIABLE,RELIABLE,RELIABLE,STATIONARY,STATIONARY,STATIONARY,STATIONARY,STATIONARY,MOVING,MOVING,MOVING,MOVING
75546,2243,14,STILL,0.13196062,0.00097607,0.00739670,0.00499052,0.00718322,0.00427669,0.00553544,0.00602503,0.00668867,0.01031851,0.01294356,RELIABLE,RELIABLE,RELIABLE,RELIABLE,RELIABLE,RELIABLE,RELIABLE,RELIABLE,STATIONARY,STATIONARY,STATIONARY,STATIONARY,STATIONARY,MOVING,MOVING,MOVING,MOVING
75581,2244,14,STILL,0.13172296,0.00087561,0.00664734,0.00509604,0.00724617,0.00470028,0.00539653,0.00624666,0.00630694,0.01155916,0.01140276,RELIABLE,RELIABLE,RELIABLE,RELIABLE,RELIABLE,RELIABLE,RELIABLE,RELIABLE,STATIONARY,STATIONARY,STATIONARY,STATIONARY,STATIONARY,MOVING,MOVING,MOVING,MOVING
75611,2245,14,STILL,0.13156010,0.00071631,0.00544477,0.00541374,0.00761841,0.00523293,0.00568512,0.00679049,0.00683289,0.01239806,0.01171960,RELIABLE,RELIABLE,RELIABLE,RELIABLE,RELIABLE,RELIABLE,RELIABLE,RELIABLE,STATIONARY,STATIONARY,STATIONARY,STATIONARY,STATIONARY,MOVING,MOVING,MOVING,MOVING
75660,2246,14,STILL,0.13210862,0.00110544,0.00836769,0.00615726,0.00901327,0.00687995,0.00553816,0.00711086,0.00695721,0.01224768,0.01156863,RELIABLE,RELIABLE,RELIABLE,RELIABLE,RELIABLE,RELIABLE,RELIABLE,RELIABLE,STATIONARY,STATIONARY,STATIONARY,STATIONARY,STATIONARY,MOVING,MOVING,MOVING,MOVING
75687,2247,14,STILL,0.13238288,0.00055272,0.00417518,0.00607940,0.00884559,0.00731216,0.00482754,0.00631280,0.00650968,0.01088392,0.01137660,RELIABLE,RELIABLE,RELIABLE,RELIABLE,RELIABLE,RELIABLE,RELIABLE,RELIABLE,STATIONARY,STATIONARY,STATIONARY,STATIONARY,STATIONARY,MOVING,MOVING,MOVING,MOVING
75718,2248,14,STILL,0.13245153,0.00062867,0.00474645,0.00544987,0.00792299,0.00724121,0.00486630,0.00641536,0.00699831,0.01418918,0.01225536,RELIABLE,RELIABLE,RELIABLE,RELIABLE,RELIABLE,RELIABLE,RELIABLE,RELIABLE,STATIONARY,STATIONARY,STATIONARY,STATIONARY,STATIONARY,MOVING,MOVING,MOVING,MOVING
75750,2249,14,STILL,0.13244813,0.00038742,0.00292507,0.00520424,0.00767807,0.00729519,0.00506305,0.00635381,0.00694273,0.01474432,0.01279557,RELIABLE,RELIABLE,RELIABLE,RELIABLE,RELIABLE,RELIABLE,RELIABLE,RELIABLE,STATIONARY,STATIONARY,STATIONARY,STATIONARY,STATIONARY,MOVING,MOVING,MOVING,MOVING
75789,2250,14,STILL,0.13221643,0.00097335,0.00736176,0.00588312,0.00888740,0.00840525,0.00560204,0.00645614,0.00776109,0.01908454,0.01213745,RELIABLE,RELIABLE,RELIABLE,RELIABLE,RELIABLE,RELIABLE,RELIABLE,RELIABLE,STATIONARY,STATIONARY,STATIONARY,STATIONARY,STATIONARY,MOVING,MOVING,MOVING,MOVING
75828,2251,14,STILL,0.13211095,0.00048667,0.00368382,0.00541901,0.00852754,0.00810932,0.00503687,0.00540561,0.00750552,0.02127792,0.01104406,RELIABLE,RELIABLE,RELIABLE,RELIABLE,RELIABLE,RELIABLE,RELIABLE,RELIABLE,STATIONARY,STATIONARY,STATIONARY,STATIONARY,STATIONARY,MOVING,MOVING,MOVING,MOVING
75860,2252,14,STILL,0.13248535,0.00060246,0.00454734,0.00515651,0.00766048,0.00729962,0.00560757,0.00518553,0.00831979,0.02174909,0.01234213,RELIABLE,RELIABLE,RELIABLE,RELIABLE,RELIABLE,RELIABLE,RELIABLE,RELIABLE,STATIONARY,STATIONARY,STATIONARY,STATIONARY,STATIONARY,MOVING,MOVING,MOVING,MOVING
75891,2253,14,STILL,0.13174685,0.00078129,0.00593026,0.00521720,0.00777467,0.00763086,0.00591830,0.00504652,0.00822747,0.02072247,0.01152530,RELIABLE,RELIABLE,RELIABLE,RELIABLE,RELIABLE,RELIABLE,RELIABLE,RELIABLE,STATIONARY,STATIONARY,STATIONARY,STATIONARY,STATIONARY,MOVING,MOVING,MOVING,MOVING
75922,2254,14,STILL,0.13155420,0.00040763,0.00309853,0.00455855,0.00620134,0.00617987,0.00629022,0.00464493,0.00814884,0.02062110,0.01087098,RELIABLE,RELIABLE,RELIABLE,RELIABLE,RELIABLE,RELIABLE,RELIABLE,RELIABLE,STATIONARY,STATIONARY,STATIONARY,STATIONARY,STATIONARY,MOVING,MOVING,MOVING,MOVING
75954,2255,14,STILL,0.13138097,0.00079301,0.00603592,0.00479115,0.00647855,0.00634111,0.00660862,0.00476783,0.00878243,0.02299502,0.01198011,RELIABLE,RELIABLE,RELIABLE,RELIABLE,RELIABLE,RELIABLE,RELIABLE,RELIABLE,STATIONARY,STATIONARY,STATIONARY,STATIONARY,STATIONARY,MOVING,MOVING,MOVING,MOVING
75986,2256,14,STILL,0.13129798,0.00039650,0.00301987,0.00457532,0.00644407,0.00598354,0.00617604,0.00393785,0.00788598,0.01968917,0.01117130,RELIABLE,RELIABLE,RELIABLE,RELIABLE,RELIABLE,RELIABLE,RELIABLE,RELIABLE,STATIONARY,STATIONARY,STATIONARY,STATIONARY,STATIONARY,MOVING,MOVING,MOVING,MOVING
76029,2257,14,STILL,0.13083988,0.00062470,0.00477452,0.00480650,0.00648847,0.00659601,0.00645744,0.00422735,0.00922398,0.02339443,0.01195747,RELIABLE,RELIABLE,RELIABLE,RELIABLE,RELIABLE,RELIABLE,RELIABLE,RELIABLE,STATIONARY,STATIONARY,STATIONARY,STATIONARY,STATIONARY,MOVING,MOVING,MOVING,MOVING
76064,2258,14,STILL,0.13061084,0.00031235,0.00239145,0.00418521,0.00518633,0.00590349,0.00578584,0.00386257,0.00833957,0.01981161,0.01080061,RELIABLE,RELIABLE,RELIABLE,RELIABLE,RELIABLE,RELIABLE,RELIABLE,RELIABLE,STATIONARY,STATIONARY,STATIONARY,STATIONARY,STATIONARY,MOVING,MOVING,MOVING,MOVING
76095,2259,14,STILL,0.13071603,0.00070100,0.00536280,0.00439509,0.00471817,0.00599340,0.00598481,0.00440032,0.00805845,0.01895320,0.01222888,RELIABLE,RELIABLE,RELIABLE,RELIABLE,RELIABLE,RELIABLE,RELIABLE,RELIABLE,STATIONARY,STATIONARY,STATIONARY,STATIONARY,STATIONARY,MOVING,MOVING,MOVING,MOVING
76128,2260,14,STILL,0.13074640,0.00095950,0.00733867,0.00474400,0.00536308,0.00712230,0.00608213,0.00456217,0.00732038,0.01810850,0.01223107,RELIABLE,RELIABLE,RELIABLE,RELIABLE,RELIABLE,RELIABLE,RELIABLE,RELIABLE,STATIONARY,STATIONARY,STATIONARY,STATIONARY,STATIONARY,MOVING,MOVING,MOVING,MOVING
76158,2261,14,STILL,0.13102871,0.00072336,0.00552059,0.00469279,0.00521399,0.00712139,0.00601451,0.00442747,0.00732526,0.02013846,0.01295754,RELIABLE,RELIABLE,RELIABLE,RELIABLE,RELIABLE,RELIABLE,RELIABLE,RELIABLE,STATIONARY,STATIONARY,STATIONARY,STATIONARY,STATIONARY,MOVING,MOVING,MOVING,MOVING
76189,2262,14,STILL,0.13116999,0.00036168,0.00275732,0.00465014,0.00539553,0.00731873,0.00541158,0.00431174,0.00690823,0.02013695,0.01229246,RELIABLE,RELIABLE,RELIABLE,RELIABLE,RELIABLE,RELIABLE,RELIABLE,RELIABLE,STATIONARY,STATIONARY,STATIONARY,STATIONARY,STATIONARY,MOVING,MOVING,MOVING,MOVING
76221,2263,14,STILL,0.13152114,0.00117018,0.00889725,0.00500781,0.00647144,0.00821703,0.00604126,0.00436701,0.00749980,0.01882073,0.01323536,RELIABLE,RELIABLE,RELIABLE,RELIABLE,RELIABLE,RELIABLE,RELIABLE,RELIABLE,STATIONARY,STATIONARY,STATIONARY,STATIONARY,STATIONARY,MOVING,MOVING,MOVING,MOVING
76253,2264,14,STILL,0.13212069,0.00140072,0.01060181,0.00595555,0.00837029,0.00990897,0.00650801,0.00513607,0.00838671,0.01872458,0.01332083,RELIABLE,RELIABLE,RELIABLE,RELIABLE,RELIABLE,RELIABLE,RELIABLE,RELIABLE,STATIONARY,STATIONARY,STATIONARY,STATIONARY,STATIONARY,MOVING,MOVING,MOVING,MOVING
76284,2265,14,STILL,0.13165097,0.00085492,0.00649385,0.00617047,0.00867140,0.00993767,0.00604095,0.00495003,0.00767398,0.01655135,0.01360473,RELIABLE,RELIABLE,RELIABLE,RELIABLE,RELIABLE,RELIABLE,RELIABLE,RELIABLE,STATIONARY,STATIONARY,STATIONARY,STATIONARY,STATIONARY,MOVING,MOVING,MOVING,MOVING
76315,2266,14,STILL,0.13141615,0.00042746,0.00325273,0.00627813,0.00882224,0.00995207,0.00580701,0.00485686,0.00731701,0.01546287,0.01374697,RELIABLE,RELIABLE,RELIABLE,RELIABLE,RELIABLE,RELIABLE,RELIABLE,RELIABLE,STATIONARY,STATIONARY,STATIONARY,STATIONARY,STATIONARY,MOVING,MOVING,MOVING,MOVING
76346,2267,14,STILL,0.13145695,0.00046033,0.00350172,0.00604549,0.00864788,0.00959302,0.00590019,0.00456168,0.00774014,0.01517660,0.01323064,RELIABLE,RELIABLE,RELIABLE,RELIABLE,RELIABLE,RELIABLE,RELIABLE,RELIABLE,STATIONARY,STATIONARY,STATIONARY,STATIONARY,STATIONARY,MOVING,MOVING,MOVING,MOVING
76377,2268,14,STILL,0.13140134,0.00039695,0.00302087,0.00550577,0.00824688,0.00857342,0.00554612,0.00505812,0.00812211,0.01523259,0.01244995,RELIABLE,RELIABLE,RELIABLE,RELIABLE,RELIABLE,RELIABLE,RELIABLE,RELIABLE,STATIONARY,STATIONARY,STATIONARY,STATIONARY,STATIONARY,MOVING,MOVING,MOVING,MOVING
76409,2269,14,STILL,0.13119905,0.00106419,0.00811128,0.00582960,0.00894301,0.00818057,0.00586342,0.00629898,0.00835582,0.01451849,0.01198804,RELIABLE,RELIABLE,RELIABLE,RELIABLE,RELIABLE,RELIABLE,RELIABLE,RELIABLE,STATIONARY,STATIONARY,STATIONARY,STATIONARY,STATIONARY,MOVING,MOVING,MOVING,MOVING
76444,2270,14,STILL,0.13173640,0.00106684,0.00809833,0.00649723,0.00980984,0.00932004,0.00575151,0.00685034,0.00861960,0.01456521,0.01259704,RELIABLE,RELIABLE,RELIABLE,RELIABLE,RELIABLE,RELIABLE,RELIABLE,RELIABLE,STATIONARY,STATIONARY,STATIONARY,STATIONARY,STATIONARY,MOVING,MOVING,MOVING,MOVING
76492,2271,14,STILL,0.13085467,0.00101172,0.00773163,0.00635153,0.00930477,0.00907244,0.00554478,0.00674424,0.00805154,0.01524033,0.01201720,RELIABLE,RELIABLE,RELIABLE,RELIABLE,RELIABLE,RELIABLE,RELIABLE,RELIABLE,STATIONARY,STATIONARY,STATIONARY,STATIONARY,STATIONARY,MOVING,MOVING,MOVING,MOVING
76519,2272,14,STILL,0.13041387,0.00050586,0.00387888,0.00551116,0.00769396,0.00770843,0.00529110,0.00595038,0.00717794,0.01501902,0.01211676,RELIABLE,RELIABLE,RELIABLE,RELIABLE,RELIABLE,RELIABLE,RELIABLE,RELIABLE,STATIONARY,STATIONARY,STATIONARY,STATIONARY,STATIONARY,MOVING,MOVING,MOVING,MOVING
76551,2273,14,STILL,0.13102369,0.00037266,0.00284423,0.00505496,0.00698677,0.00674629,0.00775182,0.00586508,0.00715740,0.01327351,0.01125826,RELIABLE,RELIABLE,RELIABLE,RELIABLE,RELIABLE,RELIABLE,RELIABLE,RELIABLE,STATIONARY,STATIONARY,STATIONARY,STATIONARY,STATIONARY,MOVING,MOVING,MOVING,MOVING
76582,2274,14,STILL,0.13132418,0.00100052,0.00761869,0.00560070,0.00825307,0.00746719,0.00802176,0.00684170,0.00748026,0.01654406,0.01185335,RELIABLE,RELIABLE,RELIABLE,RELIABLE,RELIABLE,RELIABLE,RELIABLE,RELIABLE,STATIONARY,STATIONARY,STATIONARY,STATIONARY,STATIONARY,MOVING,MOVING,MOVING,MOVING
76612,2275,14,STILL,0.13175824,0.00087390,0.00663259,0.00599206,0.00937611,0.00863428,0.00773442,0.00672626,0.00690954,0.01670286,0.01226136,RELIABLE,RELIABLE,RELIABLE,RELIABLE,RELIABLE,RELIABLE,RELIABLE,RELIABLE,STATIONARY,STATIONARY,STATIONARY,STATIONARY,STATIONARY,MOVING,MOVING,MOVING,MOVING
76652,2276,14,STILL,0.13177923,0.00042091,0.00319408,0.00601371,0.00899905,0.00859656,0.00783987,0.00619895,0.00699039,0.01676212,0.01242235,RELIABLE,RELIABLE,RELIABLE,RELIABLE,RELIABLE,RELIABLE,RELIABLE,RELIABLE,STATIONARY,STATIONARY,STATIONARY,STATIONARY,STATIONARY,MOVING,MOVING,MOVING,MOVING
76690,2277,14,STILL,0.13178975,0.00021046,0.00159691,0.00519942,0.00749660,0.00796896,0.00713091,0.00475404,0.00639652,0.01612473,0.01222698,RELIABLE,RELIABLE,RELIABLE,RELIABLE,RELIABLE,RELIABLE,RELIABLE,RELIABLE,STATIONARY,STATIONARY,STATIONARY,STATIONARY,STATIONARY,MOVING,MOVING,MOVING,MOVING
76720,2278,14,STILL,0.13168714,0.00101369,0.00769769,0.00514934,0.00756255,0.00757931,0.00732136,0.00518397,0.00646584,0.01631382,0.01248217,RELIABLE,RELIABLE,RELIABLE,RELIABLE,RELIABLE,RELIABLE,RELIABLE,RELIABLE,STATIONARY,STATIONARY,STATIONARY,STATIONARY,STATIONARY,MOVING,MOVING,MOVING,MOVING
76752,2279,14,STILL,0.13154896,0.00119434,0.00907903,0.00531776,0.00634007,0.00711541,0.00663128,0.00542869,0.00637932,0.01732210,0.01159033,RELIABLE,RELIABLE,RELIABLE,RELIABLE,RELIABLE,RELIABLE,RELIABLE,RELIABLE,STATIONARY,STATIONARY,STATIONARY,STATIONARY,STATIONARY,MOVING,MOVING,MOVING,MOVING
76783,2280,14,STILL,0.13144594,0.00065851,0.00500978,0.00545912,0.00626469,0.00682036,0.00731477,0.00572690,0.00663330,0.01736387,0.01196666,RELIABLE,RELIABLE,RELIABLE,RELIABLE,RELIABLE,RELIABLE,RELIABLE,RELIABLE,STATIONARY,STATIONARY,STATIONARY,STATIONARY,STATIONARY,MOVING,MOVING,MOVING,MOVING
76814,2281,14,STILL,0.13073858,0.00066939,0.00512008,0.00574361,0.00726624,0.00725744,0.00544269,0.00584851,0.00654439,0.01780109,0.01192194,RELIABLE,RELIABLE,RELIABLE,RELIABLE,RELIABLE,RELIABLE,RELIABLE,RELIABLE,STATIONARY,STATIONARY,STATIONARY,STATIONARY,STATIONARY,MOVING,MOVING,MOVING,MOVING
76860,2282,14,STILL,0.13202708,0.00045050,0.00341217,0.00521779,0.00600887,0.00662488,0.00570451,0.00627521,0.00676833,0.01519540,0.01180228,RELIABLE,RELIABLE,RELIABLE,RELIABLE,RELIABLE,RELIABLE,RELIABLE,RELIABLE,STATIONARY,STATIONARY,STATIONARY,STATIONARY,STATIONARY,MOVING,MOVING,MOVING,MOVING
76892,2283,14,STILL,0.13267356,0.00022525,0.00169777,0.00460094,0.00495544,0.00542986,0.00551064,0.00661639,0.00684644,0.01417053,0.01020817,RELIABLE,RELIABLE,RELIABLE,RELIABLE,RELIABLE,RELIABLE,RELIABLE,RELIABLE,STATIONARY,STATIONARY,STATIONARY,STATIONARY,STATIONARY,MOVING,MOVING,MOVING,MOVING
76923,2284,14,STILL,0.13222488,0.00074748,0.00565310,0.00490832,0.00520136,0.00532287,0.00504883,0.00710017,0.00659708,0.01406585,0.01091734,RELIABLE,RELIABLE,RELIABLE,RELIABLE,RELIABLE,RELIABLE,RELIABLE,RELIABLE,STATIONARY,STATIONARY,STATIONARY,STATIONARY,STATIONARY,MOVING,MOVING,MOVING,MOVING
76954,2285,14,STILL,0.13177130,0.00097485,0.00739807,0.00563346,0.00627197,0.00631032,0.00551342,0.00772020,0.00679993,0.01450580,0.01152408,RELIABLE,RELIABLE,RELIABLE,RELIABLE,RELIABLE,RELIABLE,RELIABLE,RELIABLE,STATIONARY,STATIONARY,STATIONARY,STATIONARY,STATIONARY,MOVING,MOVING,MOVING,MOVING
76989,2286,14,STILL,0.13195565,0.00156195,0.01183693,0.00615087,0.00658122,0.00688948,0.00650436,0.00754282,0.00707029,0.01613255,0.01166243,RELIABLE,RELIABLE,RELIABLE,RELIABLE,RELIABLE,RELIABLE,RELIABLE,RELIABLE,STATIONARY,STATIONARY,STATIONARY,STATIONARY,STATIONARY,MOVING,MOVING,MOVING,MOVING
77016,2287,14,STILL,0.13205449,0.00078097,0.00591403,0.00575524,0.00688207,0.00658029,0.00687244,0.00736975,0.00655421,0.01427152,0.01092506,RELIABLE,RELIABLE,RELIABLE,RELIABLE,RELIABLE,RELIABLE,RELIABLE,RELIABLE,STATIONARY,STATIONARY,STATIONARY,STATIONARY,STATIONARY,MOVING,MOVING,MOVING,MOVING
77048,2288,14,STILL,0.13198169,0.00107238,0.00812519,0.00614467,0.00762795,0.00698379,0.00742183,0.00741137,0.00685767,0.01473739,0.01059413,RELIABLE,RELIABLE,RELIABLE,RELIABLE,RELIABLE,RELIABLE,RELIABLE,RELIABLE,STATIONARY,STATIONARY,STATIONARY,STATIONARY,STATIONARY,MOVING,MOVING,MOVING,MOVING
77080,2289,14,STILL,0.13102357,0.00104394,0.00796757,0.00650060,0.00743065,0.00775530,0.00716815,0.00885172,0.00668102,0.01533325,0.01045118,RELIABLE,RELIABLE,RELIABLE,RELIABLE,RELIABLE,RELIABLE,RELIABLE,RELIABLE,STATIONARY,STATIONARY,STATIONARY,STATIONARY,STATIONARY,MOVING,MOVING,MOVING,MOVING
77116,2290,14,STILL,0.13182119,0.00046293,0.00351177,0.00651305,0.00721322,0.00762227,0.00694655,0.00811485,0.00641062,0.01428716,0.00987817,RELIABLE,RELIABLE,RELIABLE,RELIABLE,RELIABLE,RELIABLE,RELIABLE,RELIABLE,STATIONARY,STATIONARY,STATIONARY,STATIONARY,STATIONARY,MOVING,MOVING,MOVING,MOVING
77142,2291,14,STILL,0.13222436,0.00023146,0.00175053,0.00651965,0.00710524,0.00755658,0.00683674,0.00774906,0.00627681,0.01376762,0.00959393,RELIABLE,RELIABLE,RELIABLE,RELIABLE,RELIABLE,RELIABLE,RELIABLE,RELIABLE,STATIONARY,STATIONARY,STATIONARY,STATIONARY,STATIONARY,MOVING,MOVING,MOVING,MOVING
77173,2292,14,STILL,0.13132699,0.00067435,0.00513493,0.00645488,0.00795079,0.00890466,0.00714904,0.00811924,0.00643728,0.01495906,0.01023737,RELIABLE,RELIABLE,RELIABLE,RELIABLE,RELIABLE,RELIABLE,RELIABLE,RELIABLE,STATIONARY,STATIONARY,STATIONARY,STATIONARY,STATIONARY,MOVING,MOVING,MOVING,MOVING
77204,2293,14,STILL,0.13164912,0.00095966,0.00728954,0.00644131,0.00778705,0.00902275,0.00699295,0.00833985,0.00667436,0.01462164,0.01032305,RELIABLE,RELIABLE,RELIABLE,RELIABLE,RELIABLE,RELIABLE,RELIABLE,RELIABLE,STATIONARY,STATIONARY,STATIONARY,STATIONARY,STATIONARY,MOVING,MOVING,MOVING,MOVING
77235,2294,14,STILL,0.13175009,0.00075188,0.00570684,0.00567505,0.00705991,0.00818714,0.00607737,0.00842721,0.00615109,0.01361704,0.00977565,RELIABLE,RELIABLE,RELIABLE,RELIABLE,RELIABLE,RELIABLE,RELIABLE,RELIABLE,STATIONARY,STATIONARY,STATIONARY,STATIONARY,STATIONARY,MOVING,MOVING,MOVING,MOVING
77276,2295,14,STILL,0.13186918,0.00082813,0.00627994,0.00572079,0.00719412,0.00769841,0.00565699,0.00903439,0.00607311,0.01542557,0.00952288,RELIABLE,RELIABLE,RELIABLE,RELIABLE,RELIABLE,RELIABLE,RELIABLE,RELIABLE,STATIONARY,STATIONARY,STATIONARY,STATIONARY,STATIONARY,MOVING,MOVING,MOVING,MOVING
77324,2296,14,STILL,0.13243850,0.00062741,0.00473739,0.00529731,0.00657089,0.00742379,0.00488612,0.00923263,0.00582411,0.01777234,0.00935050,RELIABLE,RELIABLE,RELIABLE,RELIABLE,RELIABLE,RELIABLE,RELIABLE,RELIABLE,STATIONARY,STATIONARY,STATIONARY,STATIONARY,STATIONARY,MOVING,MOVING,MOVING,MOVING
77360,2297,14,STILL,0.13159971,0.00088944,0.00675871,0.00514621,0.00702377,0.00744400,0.00469240,0.00886344,0.00613762,0.01883355,0.00946708,RELIABLE,RELIABLE,RELIABLE,RELIABLE,RELIABLE,RELIABLE,RELIABLE,RELIABLE,STATIONARY,STATIONARY,STATIONARY,STATIONARY,STATIONARY,MOVING,MOVING,MOVING,MOVING
77391,2298,14,STILL,0.13118133,0.00044472,0.00339013,0.00513100,0.00750873,0.00762327,0.00445333,0.00875286,0.00587569,0.01939174,0.00909986,RELIABLE,RELIABLE,RELIABLE,RELIABLE,RELIABLE,RELIABLE,RELIABLE,RELIABLE,STATIONARY,STATIONARY,STATIONARY,STATIONARY,STATIONARY,MOVING,MOVING,MOVING,MOVING
77422,2299,14,STILL,0.13176312,0.00053220,0.00403904,0.00541706,0.00766734,0.00760254,0.00563219,0.00945176,0.00637700,0.02174090,0.01031095,RELIABLE,RELIABLE,RELIABLE,RELIABLE,RELIABLE,RELIABLE,RELIABLE,RELIABLE,STATIONARY,STATIONARY,STATIONARY,STATIONARY,STATIONARY,MOVING,MOVING,MOVING,MOVING
77454,2300,14,STILL,0.13158601,0.00051270,0.00389633,0.00526224,0.00692508,0.00618724,0.00631586,0.00834972,0.00620731,0.02036586,0.00956698,RELIABLE,RELIABLE,RELIABLE,RELIABLE,RELIABLE,RELIABLE,RELIABLE,RELIABLE,STATIONARY,STATIONARY,STATIONARY,STATIONARY,STATIONARY,MOVING,MOVING,MOVING,MOVING
77486,2301,14,STILL,0.13172539,0.00126376,0.00959392,0.00555029,0.00735864,0.00661490,0.00729769,0.00794225,0.00601544,0.02149554,0.01026791,RELIABLE,RELIABLE,RELIABLE,RELIABLE,RELIABLE,RELIABLE,RELIABLE,RELIABLE,STATIONARY,STATIONARY,STATIONARY,STATIONARY,STATIONARY,MOVING,MOVING,MOVING,MOVING
77518,2302,14,STILL,0.13179544,0.00063188,0.00479441,0.00543623,0.00711090,0.00637810,0.00759312,0.00716565,0.00587945,0.02057865,0.01018097,RELIABLE,RELIABLE,RELIABLE,RELIABLE,RELIABLE,RELIABLE,RELIABLE,RELIABLE,STATIONARY,STATIONARY,STATIONARY,STATIONARY,STATIONARY,MOVING,MOVING,MOVING,MOVING
77550,2303,14,STILL,0.13258363,0.00099909,0.00753556,0.00559318,0.00743254,0.00773472,0.00884905,0.00636600,0.00660169,0.01842519,0.01152055,RELIABLE,RELIABLE,RELIABLE,RELIABLE,RELIABLE,RELIABLE,RELIABLE,RELIABLE,STATIONARY,STATIONARY,STATIONARY,STATIONARY,STATIONARY,MOVING,MOVING,MOVING,MOVING
77580,2304,14,STILL,0.13145929,0.00107363,0.00816699,0.00602188,0.00800957,0.00868566,0.00881895,0.00658000,0.00641008,0.01606982,0.01217653,RELIABLE,RELIABLE,RELIABLE,RELIABLE,RELIABLE,RELIABLE,RELIABLE,RELIABLE,STATIONARY,STATIONARY,STATIONARY,STATIONARY,STATIONARY,MOVING,MOVING,MOVING,MOVING
77612,2305,14,STILL,0.13209283,0.00032933,0.00249316,0.00548869,0.00679935,0.00762903,0.00901605,0.00620534,0.00619256,0.01535068,0.01405056,RELIABLE,RELIABLE,RELIABLE,RELIABLE,RELIABLE,RELIABLE,RELIABLE,RELIABLE,STATIONARY,STATIONARY,STATIONARY,STATIONARY,STATIONARY,MOVING,MOVING,MOVING,MOVING
77644,2306,14,STILL,0.13208892,0.00045491,0.00344400,0.00549542,0.00648879,0.00748824,0.00903032,0.00664211,0.00737957,0.01819778,0.01566912,RELIABLE,RELIABLE,RELIABLE,RELIABLE,RELIABLE,RELIABLE,RELIABLE,RELIABLE,STATIONARY,STATIONARY,STATIONARY,STATIONARY,STATIONARY,MOVING,MOVING,MOVING,MOVING
77692,2307,14,STILL,0.13187809,0.00104283,0.00790756,0.00597899,0.00723194,0.00815408,0.00816897,0.00627020,0.00696969,0.01730236,0.01626232,RELIABLE,RELIABLE,RELIABLE,RELIABLE,RELIABLE,RELIABLE,RELIABLE,RELIABLE,STATIONARY,STATIONARY,STATIONARY,STATIONARY,STATIONARY,MOVING,MOVING,MOVING,MOVING
77722,2308,14,STILL,0.13177305,0.00052142,0.00395693,0.00598657,0.00715818,0.00841875,0.00699889,0.00622126,0.00637696,0.01633162,0.01545137,RELIABLE,RELIABLE,RELIABLE,RELIABLE,RELIABLE,RELIABLE,RELIABLE,RELIABLE,STATIONARY,STATIONARY,STATIONARY,STATIONARY,STATIONARY,MOVING,MOVING,MOVING,MOVING
77752,2309,14,STILL,0.13189543,0.00082456,0.00625162,0.00556878,0.00626286,0.00733728,0.00635408,0.00591502,0.00628342,0.01559017,0.01473421,RELIABLE,RELIABLE,RELIABLE,RELIABLE,RELIABLE,RELIABLE,RELIABLE,RELIABLE,STATIONARY,STATIONARY,STATIONARY,STATIONARY,STATIONARY,MOVING,MOVING,MOVING,MOVING
77784,2310,14,STILL,0.13196446,0.00045652,0.00345940,0.00540190,0.00603637,0.00688012,0.00609774,0.00654138,0.00690622,0.01790168,0.01510514,RELIABLE,RELIABLE,RELIABLE,RELIABLE,RELIABLE,RELIABLE,RELIABLE,RELIABLE,STATIONARY,STATIONARY,STATIONARY,STATIONARY,STATIONARY,MOVING,MOVING,MOVING,MOVING
77820,2311,14,STILL,0.13170220,0.00035218,0.00267407,0.00479422,0.00515408,0.00537470,0.00575176,0.00749955,0.00767005,0.02080008,0.01609930,RELIABLE,RELIABLE,RELIABLE,RELIABLE,RELIABLE,RELIABLE,RELIABLE,RELIABLE,STATIONARY,STATIONARY,STATIONARY,STATIONARY,STATIONARY,MOVING,MOVING,MOVING,MOVING
77846,2312,14,STILL,0.13157111,0.00017609,0.00133837,0.00394064,0.00385295,0.00388186,0.00540246,0.00716600,0.00795503,0.02114939,0.01579348,RELIABLE,RELIABLE,RELIABLE,RELIABLE,RELIABLE,RELIABLE,RELIABLE,RELIABLE,STATIONARY,STATIONARY,STATIONARY,STATIONARY,STATIONARY,MOVING,MOVING,MOVING,MOVING
77878,2313,14,STILL,0.13169629,0.00058648,0.00445327,0.00418565,0.00423729,0.00442748,0.00554347,0.00671440,0.00806305,0.02179064,0.01548430,RELIABLE,RELIABLE,RELIABLE,RELIABLE,RELIABLE,RELIABLE,RELIABLE,RELIABLE,STATIONARY,STATIONARY,STATIONARY,STATIONARY,STATIONARY,MOVING,MOVING,MOVING,MOVING
77909,2314,14,STILL,0.13186715,0.00083905,0.00636286,0.00455051,0.00507296,0.00532281,0.00577904,0.00597854,0.00691408,0.01922392,0.01408001,RELIABLE,RELIABLE,RELIABLE,RELIABLE,RELIABLE,RELIABLE,RELIABLE,RELIABLE,STATIONARY,STATIONARY,STATIONARY,STATIONARY,STATIONARY,MOVING,MOVING,MOVING,MOVING
77941,2315,14,STILL,0.13206075,0.00070392,0.00533029,0.00422835,0.00476364,0.00505086,0.00572798,0.00582225,0.00683724,0.02025525,0.01325569,RELIABLE,RELIABLE,RELIABLE,RELIABLE,RELIABLE,RELIABLE,RELIABLE,RELIABLE,STATIONARY,STATIONARY,STATIONARY,STATIONARY,STATIONARY,MOVING,MOVING,MOVING,MOVING
77979,2316,14,STILL,0.13223497,0.00121626,0.00919771,0.00488345,0.00561081,0.00626642,0.00590935,0.00632802,0.00750180,0.02278037,0.01347506,RELIABLE,RELIABLE,RELIABLE,RELIABLE,RELIABLE,RELIABLE,RELIABLE,RELIABLE,STATIONARY,STATIONARY,STATIONARY,STATIONARY,STATIONARY,MOVING,MOVING,MOVING,MOVING
78028,2317,14,STILL,0.13253178,0.00041998,0.00316888,0.00449810,0.00576542,0.00635245,0.00582483,0.00649763,0.00775836,0.02244159,0.01345810,RELIABLE,RELIABLE,RELIABLE,RELIABLE,RELIABLE,RELIABLE,RELIABLE,RELIABLE,STATIONARY,STATIONARY,STATIONARY,STATIONARY,STATIONARY,MOVING,MOVING,MOVING,MOVING
78068,2318,14,STILL,0.13268180,0.00020999,0.00158265,0.00426351,0.00562154,0.00631195,0.00571640,0.00580279,0.00721675,0.01958987,0.01271990,RELIABLE,RELIABLE,RELIABLE,RELIABLE,RELIABLE,RELIABLE,RELIABLE,RELIABLE,STATIONARY,STATIONARY,STATIONARY,STATIONARY,STATIONARY,MOVING,MOVING,MOVING,MOVING
78099,2319,14,STILL,0.13261407,0.00023348,0.00176063,0.00414933,0.00544446,0.00620642,0.00483881,0.00558490,0.00593097,0.01729383,0.01074407,RELIABLE,RELIABLE,RELIABLE,RELIABLE,RELIABLE,RELIABLE,RELIABLE,RELIABLE,STATIONARY,STATIONARY,STATIONARY,STATIONARY,STATIONARY,MOVING,MOVING,MOVING,MOVING
78131,2320,14,STILL,0.13275865,0.00142041,0.01069921,0.00531944,0.00694774,0.00731424,0.00498918,0.00569441,0.00588486,0.01765354,0.01224504,RELIABLE,RELIABLE,RELIABLE,RELIABLE,RELIABLE,RELIABLE,RELIABLE,RELIABLE,STATIONARY,STATIONARY,STATIONARY,STATIONARY,STATIONARY,MOVING,MOVING,MOVING,MOVING
78163,2321,14,STILL,0.13199543,0.00086432,0.00654811,0.00558129,0.00684601,0.00689097,0.00538913,0.00588673,0.00622776,0.01745306,0.01177168,RELIABLE,RELIABLE,RELIABLE,RELIABLE,RELIABLE,RELIABLE,RELIABLE,RELIABLE,STATIONARY,STATIONARY,STATIONARY,STATIONARY,STATIONARY,MOVING,MOVING,MOVING,MOVING
78194,2322,14,STILL,0.13141030,0.00077862,0.00592514,0.00552658,0.00639752,0.00642294,0.00560070,0.00593991,0.00643309,0.01734546,0.01287016,RELIABLE,RELIABLE,RELIABLE,RELIABLE,RELIABLE,RELIABLE,RELIABLE,RELIABLE,STATIONARY,STATIONARY,STATIONARY,STATIONARY,STATIONARY,MOVING,MOVING,MOVING,MOVING
78226,2323,14,STILL,0.13112063,0.00038931,0.00296912,0.00523143,0.00608709,0.00628463,0.00544699,0.00559305,0.00641131,0.01522942,0.01236650,RELIABLE,RELIABLE,RELIABLE,RELIABLE,RELIABLE,RELIABLE,RELIABLE,RELIABLE,STATIONARY,STATIONARY,STATIONARY,STATIONARY,STATIONARY,MOVING,MOVING,MOVING,MOVING
78257,2324,14,STILL,0.13235229,0.00086245,0.00651630,0.00489625,0.00550048,0.00570920,0.00683845,0.00549557,0.00618421,0.01310908,0.01190795,RELIABLE,RELIABLE,RELIABLE,RELIABLE,RELIABLE,RELIABLE,RELIABLE,RELIABLE,STATIONARY,STATIONARY,STATIONARY,STATIONARY,STATIONARY,MOVING,MOVING,MOVING,MOVING
78288,2325,14,STILL,0.13224842,0.00115199,0.00871080,0.00558899,0.00587258,0.00628312,0.00683509,0.00545821,0.00590722,0.01396612,0.01192282,RELIABLE,RELIABLE,RELIABLE,RELIABLE,RELIABLE,RELIABLE,RELIABLE,RELIABLE,STATIONARY,STATIONARY,STATIONARY,STATIONARY,STATIONARY,MOVING,MOVING,MOVING,MOVING
78319,2326,14,STILL,0.13218254,0.00096764,0.00732052,0.00630623,0.00689461,0.00749146,0.00697556,0.00564717,0.00596793,0.01463913,0.01211778,RELIABLE,RELIABLE,RELIABLE,RELIABLE,RELIABLE,RELIABLE,RELIABLE,RELIABLE,STATIONARY,STATIONARY,STATIONARY,STATIONARY,STATIONARY,MOVING,MOVING,MOVING,MOVING
78350,2327,14,STILL,0.13215433,0.00048382,0.00366104,0.00654378,0.00733732,0.00805454,0.00694197,0.00481545,0.00558738,0.01348865,0.01161004,RELIABLE,RELIABLE,RELIABLE,RELIABLE,RELIABLE,RELIABLE,RELIABLE,RELIABLE,STATIONARY,STATIONARY,STATIONARY,STATIONARY,STATIONARY,MOVING,MOVING,MOVING,MOVING
78382,2328,14,STILL,0.13156550,0.00046922,0.00356646,0.00565219,0.00597259,0.00717443,0.00706244,0.00483916,0.00578924,0.01567355,0.00955457,RELIABLE,RELIABLE,RELIABLE,RELIABLE,RELIABLE,RELIABLE,RELIABLE,RELIABLE,STATIONARY,STATIONARY,STATIONARY,STATIONARY,STATIONARY,MOVING,MOVING,MOVING,MOVING
78413,2329,14,STILL,0.13153389,0.00166800,0.01268117,0.00641882,0.00835039,0.00895886,0.00670558,0.00499244,0.00573668,0.01610623,0.00842052,RELIABLE,RELIABLE,RELIABLE,RELIABLE,RELIABLE,RELIABLE,RELIABLE,RELIABLE,STATIONARY,STATIONARY,STATIONARY,STATIONARY,STATIONARY,MOVING,MOVING,MOVING,MOVING
78446,2330,14,STILL,0.13085068,0.00041179,0.00314705,0.00607156,0.00776957,0.00799653,0.00703068,0.00483205,0.00646351,0.01902124,0.00918619,RELIABLE,RELIABLE,RELIABLE,RELIABLE,RELIABLE,RELIABLE,RELIABLE,RELIABLE,STATIONARY,STATIONARY,STATIONARY,STATIONARY,STATIONARY,MOVING,MOVING,MOVING,MOVING
78477,2331,14,STILL,0.13149860,0.00087820,0.00667842,0.00653522,0.00785561,0.00806633,0.00799039,0.00565388,0.00678584,0.01974515,0.00908229,RELIABLE,RELIABLE,RELIABLE,RELIABLE,RELIABLE,RELIABLE,RELIABLE,RELIABLE,STATIONARY,STATIONARY,STATIONARY,STATIONARY,STATIONARY,MOVING,MOVING,MOVING,MOVING
78524,2332,14,STILL,0.13156085,0.00120163,0.00913367,0.00686239,0.00963157,0.00933583,0.00751719,0.00552709,0.00697475,0.02025725,0.00996246,RELIABLE,RELIABLE,RELIABLE,RELIABLE,RELIABLE,RELIABLE,RELIABLE,RELIABLE,STATIONARY,STATIONARY,STATIONARY,STATIONARY,STATIONARY,MOVING,MOVING,MOVING,MOVING
78556,2333,14,STILL,0.13159237,0.00060082,0.00456574,0.00634426,0.00981543,0.00922391,0.00719127,0.00526011,0.00672812,0.01907703,0.00950754,RELIABLE,RELIABLE,RELIABLE,RELIABLE,RELIABLE,RELIABLE,RELIABLE,RELIABLE,STATIONARY,STATIONARY,STATIONARY,STATIONARY,STATIONARY,MOVING,MOVING,MOVING,MOVING
78588,2334,14,STILL,0.13173731,0.00166263,0.01262083,0.00700680,0.01136580,0.01015613,0.00838487,0.00571537,0.00703077,0.01965905,0.01008650,RELIABLE,RELIABLE,RELIABLE,RELIABLE,RELIABLE,RELIABLE,RELIABLE,RELIABLE,STATIONARY,STATIONARY,STATIONARY,STATIONARY,STATIONARY,MOVING,MOVING,MOVING,MOVING
78620,2335,14,STILL,0.13196225,0.00088175,0.00668181,0.00738439,0.01223834,0.01103679,0.00888096,0.00629959,0.00776576,0.02262468,0.01108575,RELIABLE,RELIABLE,RELIABLE,RELIABLE,RELIABLE,RELIABLE,RELIABLE,RELIABLE,STATIONARY,STATIONARY,STATIONARY,STATIONARY,STATIONARY,MOVING,MOVING,MOVING,MOVING
78652,2336,14,STILL,0.13205899,0.00044086,0.00333839,0.00735589,0.01232356,0.01136170,0.00858610,0.00696759,0.00765049,0.02052790,0.01254707,RELIABLE,RELIABLE,RELIABLE,RELIABLE,RELIABLE,RELIABLE,RELIABLE,RELIABLE,STATIONARY,STATIONARY,STATIONARY,STATIONARY,STATIONARY,MOVING,MOVING,MOVING,MOVING
78685,2337,14,STILL,0.13213473,0.00110900,0.00839295,0.00681986,0.01057713,0.01036131,0.00854895,0.00656366,0.00705412,0.01923268,0.01296399,RELIABLE,RELIABLE,RELIABLE,RELIABLE,RELIABLE,RELIABLE,RELIABLE,RELIABLE,STATIONARY,STATIONARY,STATIONARY,STATIONARY,STATIONARY,MOVING,MOVING,MOVING,MOVING
78714,2338,14,STILL,0.13217788,0.00055450,0.00419511,0.00695087,0.01093074,0.01095949,0.00793350,0.00652491,0.00587434,0.01556901,0.01107062,RELIABLE,RELIABLE,RELIABLE,RELIABLE,RELIABLE,RELIABLE,RELIABLE,RELIABLE,STATIONARY,STATIONARY,STATIONARY,STATIONARY,STATIONARY,MOVING,MOVING,MOVING,MOVING
78746,2339,14,STILL,0.13180291,0.00114794,0.00870948,0.00720475,0.01218641,0.01228622,0.00711634,0.00660025,0.00584372,0.01641081,0.01084667,RELIABLE,RELIABLE,RELIABLE,RELIABLE,RELIABLE,RELIABLE,RELIABLE,RELIABLE,STATIONARY,STATIONARY,STATIONARY,STATIONARY,STATIONARY,MOVING,MOVING,MOVING,MOVING
78778,2340,14,STILL,0.13157281,0.00148486,0.01128548,0.00747372,0.01231056,0.01237622,0.00619994,0.00732741,0.00609111,0.02001268,0.01176879,RELIABLE,RELIABLE,RELIABLE,RELIABLE,RELIABLE,RELIABLE,RELIABLE,RELIABLE,STATIONARY,STATIONARY,STATIONARY,STATIONARY,STATIONARY,MOVING,MOVING,MOVING,MOVING
78811,2341,14,STILL,0.13223829,0.00158093,0.01195513,0.00839740,0.01266098,0.01307546,0.00635299,0.00739692,0.00635063,0.02290541,0.01177319,RELIABLE,RELIABLE,RELIABLE,RELIABLE,RELIABLE,RELIABLE,RELIABLE,RELIABLE,STATIONARY,MOVING,MOVING,STATIONARY,STATIONARY,MOVING,MOVING,MOVING,MOVING
78860,2342,14,STILL,0.13204428,0.00098211,0.00743771,0.00774951,0.01123677,0.01204311,0.00539886,0.00717114,0.00621159,0.02261041,0.01154111,RELIABLE,RELIABLE,RELIABLE,RELIABLE,RELIABLE,RELIABLE,RELIABLE,RELIABLE,STATIONARY,MOVING,MOVING,STATIONARY,STATIONARY,MOVING,MOVING,MOVING,MOVING
78891,2343,14,STILL,0.13183497,0.00053514,0.00405918,0.00742168,0.01058329,0.01119631,0.00517144,0.00744845,0.00573648,0.02043243,0.01109610,RELIABLE,RELIABLE,RELIABLE,RELIABLE,RELIABLE,RELIABLE,RELIABLE,RELIABLE,STATIONARY,MOVING,MOVING,STATIONARY,STATIONARY,MOVING,MOVING,MOVING,MOVING
78920,2344,14,STILL,0.13173264,0.00026757,0.00203116,0.00725827,0.01060201,0.01088955,0.00487381,0.00655297,0.00499205,0.01865367,0.00922355,RELIABLE,RELIABLE,RELIABLE,RELIABLE,RELIABLE,RELIABLE,RELIABLE,RELIABLE,STATIONARY,MOVING,MOVING,STATIONARY,STATIONARY,MOVING,MOVING,MOVING,MOVING
78952,2345,14,STILL,0.13219965,0.00099274,0.00750940,0.00714783,0.01080195,0.01128184,0.00510003,0.00647129,0.00541304,0.02007921,0.00891842,RELIABLE,RELIABLE,RELIABLE,RELIABLE,RELIABLE,RELIABLE,RELIABLE,RELIABLE,STATIONARY,MOVING,MOVING,STATIONARY,STATIONARY,MOVING,MOVING,MOVING,MOVING
78983,2346,14,STILL,0.13209991,0.00084216,0.00637517,0.00742034,0.01186019,0.01256826,0.00514136,0.00720754,0.00597989,0.02147676,0.00951398,RELIABLE,RELIABLE,RELIABLE,RELIABLE,RELIABLE,RELIABLE,RELIABLE,RELIABLE,STATIONARY,MOVING,MOVING,STATIONARY,STATIONARY,MOVING,MOVING,MOVING,MOVING
79020,2347,14,STILL,0.13184661,0.00056138,0.00425786,0.00686388,0.01065245,0.01112924,0.00582237,0.00642814,0.00673423,0.02053316,0.01066537,RELIABLE,RELIABLE,RELIABLE,RELIABLE,RELIABLE,RELIABLE,RELIABLE,RELIABLE,STATIONARY,MOVING,MOVING,STATIONARY,STATIONARY,MOVING,MOVING,MOVING,MOVING
79047,2348,14,STILL,0.13172977,0.00028069,0.00213082,0.00571955,0.00824870,0.00890308,0.00594882,0.00522666,0.00633463,0.01578298,0.00884991,RELIABLE,RELIABLE,RELIABLE,RELIABLE,RELIABLE,RELIABLE,RELIABLE,RELIABLE,STATIONARY,MOVING,MOVING,STATIONARY,STATIONARY,MOVING,MOVING,MOVING,MOVING
79077,2349,14,STILL,0.13260244,0.00079403,0.00598806,0.00497367,0.00700542,0.00764432,0.00596782,0.00607286,0.00637732,0.01431314,0.00866317,RELIABLE,RELIABLE,RELIABLE,RELIABLE,RELIABLE,RELIABLE,RELIABLE,RELIABLE,STATIONARY,MOVING,MOVING,STATIONARY,STATIONARY,MOVING,MOVING,MOVING,MOVING
79108,2350,14,STILL,0.13276921,0.00113740,0.00856671,0.00511479,0.00670327,0.00729123,0.00638124,0.00584584,0.00723643,0.01433603,0.00878936,RELIABLE,RELIABLE,RELIABLE,RELIABLE,RELIABLE,RELIABLE,RELIABLE,RELIABLE,STATIONARY,MOVING,MOVING,STATIONARY,STATIONARY,MOVING,MOVING,MOVING,MOVING
79148,2351,14,STILL,0.13223121,0.00046845,0.00354266,0.00505023,0.00672031,0.00723802,0.00661994,0.00597881,0.00785934,0.01451360,0.01026180,RELIABLE,RELIABLE,RELIABLE,RELIABLE,RELIABLE,RELIABLE,RELIABLE,RELIABLE,STATIONARY,MOVING,MOVING,STATIONARY,STATIONARY,MOVING,MOVING,MOVING,MOVING
79188,2352,14,STILL,0.13196488,0.00023422,0.00177490,0.00501820,0.00672941,0.00721187,0.00673990,0.00604612,0.00817175,0.01460346,0.01100012,RELIABLE,RELIABLE,RELIABLE,RELIABLE,RELIABLE,RELIABLE,RELIABLE,RELIABLE,STATIONARY,MOVING,MOVING,STATIONARY,STATIONARY,MOVING,MOVING,MOVING,MOVING
79218,2353,14,STILL,0.13202059,0.00071251,0.00539697,0.00475414,0.00707322,0.00693620,0.00682440,0.00640274,0.00801475,0.01320656,0.01169319,RELIABLE,RELIABLE,RELIABLE,RELIABLE,RELIABLE,RELIABLE,RELIABLE,RELIABLE,STATIONARY,MOVING,MOVING,STATIONARY,STATIONARY,MOVING,MOVING,MOVING,MOVING
79250,2354,14,STILL,0.13178432,0.00042071,0.00319241,0.00435630,0.00567574,0.00540852,0.00713266,0.00622272,0.00766655,0.01272760,0.01154997,RELIABLE,RELIABLE,RELIABLE,RELIABLE,RELIABLE,RELIABLE,RELIABLE,RELIABLE,STATIONARY,MOVING,MOVING,STATIONARY,STATIONARY,MOVING,MOVING,MOVING,MOVING
79282,2355,14,STILL,0.13192587,0.00072101,0.00546528,0.00450723,0.00634199,0.00625620,0.00646519,0.00659559,0.00690396,0.01302434,0.01170158,RELIABLE,RELIABLE,RELIABLE,RELIABLE,RELIABLE,RELIABLE,RELIABLE,RELIABLE,STATIONARY,MOVING,MOVING,STATIONARY,STATIONARY,MOVING,MOVING,MOVING,MOVING
79313,2356,14,STILL,0.13094204,0.00128044,0.00977865,0.00546321,0.00810076,0.00786311,0.00660239,0.00787460,0.00722978,0.01569642,0.01352181,RELIABLE,RELIABLE,RELIABLE,RELIABLE,RELIABLE,RELIABLE,RELIABLE,RELIABLE,STATIONARY,MOVING,MOVING,STATIONARY,STATIONARY,MOVING,MOVING,MOVING,MOVING
79356,2357,14,STILL,0.13096981,0.00087135,0.00665309,0.00554633,0.00872044,0.00853479,0.00624913,0.00703513,0.00845172,0.01651745,0.01553104,RELIABLE,RELIABLE,RELIABLE,RELIABLE,RELIABLE,RELIABLE,RELIABLE,RELIABLE,STATIONARY,MOVING,MOVING,STATIONARY,STATIONARY,MOVING,MOVING,MOVING,MOVING
79391,2358,14,STILL,0.13098371,0.00043568,0.00332619,0.00489127,0.00801614,0.00806709,0.00520107,0.00672999,0.00786900,0.01649545,0.01555703,RELIABLE,RELIABLE,RELIABLE,RELIABLE,RELIABLE,RELIABLE,RELIABLE,RELIABLE,STATIONARY,MOVING,MOVING,STATIONARY,STATIONARY,MOVING,MOVING,MOVING,MOVING
79421,2359,14,STILL,0.13102334,0.00086174,0.00657703,0.00527057,0.00850267,0.00858327,0.00532098,0.00668294,0.00803711,0.01663172,0.01514431,RELIABLE,RELIABLE,RELIABLE,RELIABLE,RELIABLE,RELIABLE,RELIABLE,RELIABLE,STATIONARY,MOVING,MOVING,STATIONARY,STATIONARY,MOVING,MOVING,MOVING,MOVING
79453,2360,14,STILL,0.13168195,0.00080083,0.00608155,0.00580890,0.00898024,0.00926427,0.00564227,0.00670998,0.00905848,0.01771495,0.01730192,RELIABLE,RELIABLE,RELIABLE,RELIABLE,RELIABLE,RELIABLE,RELIABLE,RELIABLE,STATIONARY,MOVING,MOVING,STATIONARY,STATIONARY,MOVING,MOVING,MOVING,MOVING
79484,2361,14,STILL,0.13112905,0.00119943,0.00914693,0.00627764,0.00885911,0.01014203,0.00552275,0.00610842,0.00986681,0.01826365,0.01765862,RELIABLE,RELIABLE,RELIABLE,RELIABLE,RELIABLE,RELIABLE,RELIABLE,RELIABLE,STATIONARY,MOVING,MOVING,STATIONARY,STATIONARY,MOVING,MOVING,MOVING,MOVING
79516,2362,14,STILL,0.13086613,0.00094523,0.00722290,0.00678145,0.01027285,0.01128930,0.00522101,0.00585779,0.00995680,0.01810711,0.01823041,RELIABLE,RELIABLE,RELIABLE,RELIABLE,RELIABLE,RELIABLE,RELIABLE,RELIABLE,STATIONARY,MOVING,MOVING,STATIONARY,STATIONARY,MOVING,MOVING,MOVING,MOVING
79546,2363,14,STILL,0.13073468,0.00047262,0.00361508,0.00655018,0.00989623,0.01075471,0.00494311,0.00542007,0.00960065,0.01719391,0.01720229,RELIABLE,RELIABLE,RELIABLE,RELIABLE,RELIABLE,RELIABLE,RELIABLE,RELIABLE,STATIONARY,MOVING,MOVING,STATIONARY,STATIONARY,MOVING,MOVING,MOVING,MOVING
79576,2364,14,STILL,0.13128924,0.00121782,0.00927584,0.00648733,0.00936730,0.01032834,0.00474135,0.00453452,0.00934491,0.01469086,0.01596163,RELIABLE,RELIABLE,RELIABLE,RELIABLE,RELIABLE,RELIABLE,RELIABLE,RELIABLE,STATIONARY,MOVING,MOVING,STATIONARY,STATIONARY,MOVING,MOVING,MOVING,MOVING
79608,2365,14,STILL,0.13127155,0.00161457,0.01229946,0.00719312,0.01075877,0.01171010,0.00554477,0.00478643,0.00841682,0.01268890,0.01425889,RELIABLE,RELIABLE,RELIABLE,RELIABLE,RELIABLE,RELIABLE,RELIABLE,RELIABLE,STATIONARY,MOVING,MOVING,STATIONARY,STATIONARY,MOVING,MOVING,MOVING,MOVING
79644,2366,14,STILL,0.12968504,0.00085256,0.00657408,0.00759911,0.01198618,0.01279465,0.00668728,0.00574712,0.00965129,0.01643713,0.01731412,RELIABLE,RELIABLE,RELIABLE,RELIABLE,RELIABLE,RELIABLE,RELIABLE,RELIABLE,STATIONARY,MOVING,MOVING,STATIONARY,STATIONARY,MOVING,MOVING,MOVING,MOVING
79676,2367,14,STILL,0.13089953,0.00142486,0.01088514,0.00813762,0.01174005,0.01252317,0.00625585,0.00627535,0.00910721,0.01843341,0.01696853,RELIABLE,RELIABLE,RELIABLE,RELIABLE,RELIABLE,RELIABLE,RELIABLE,RELIABLE,STATIONARY,MOVING,MOVING,STATIONARY,STATIONARY,MOVING,MOVING,MOVING,MOVING
79724,2368,14,STILL,0.13114231,0.00034188,0.00260694,0.00770330,0.01117051,0.01166745,0.00685779,0.00642999,0.00847796,0.01750548,0.01528238,RELIABLE,RELIABLE,RELIABLE,RELIABLE,RELIABLE,RELIABLE,RELIABLE,RELIABLE,STATIONARY,MOVING,MOVING,STATIONARY,STATIONARY,MOVING,MOVING,MOVING,MOVING
79763,2369,14,STILL,0.13126410,0.00017094,0.00130226,0.00672271,0.00980049,0.00947969,0.00648140,0.00640210,0.00722765,0.01535507,0.01384314,RELIABLE,RELIABLE,RELIABLE,RELIABLE,RELIABLE,RELIABLE,RELIABLE,RELIABLE,STATIONARY,MOVING,MOVING,STATIONARY,STATIONARY,MOVING,MOVING,MOVING,MOVING
79794,2370,14,STILL,0.13193890,0.00075588,0.00572903,0.00653598,0.00846985,0.00856052,0.00644823,0.00715096,0.00713047,0.01677981,0.01352892,RELIABLE,RELIABLE,RELIABLE,RELIABLE,RELIABLE,RELIABLE,RELIABLE,RELIABLE,STATIONARY,MOVING,MOVING,STATIONARY,STATIONARY,MOVING,MOVING,MOVING,MOVING
79825,2371,14,STILL,0.13187964,0.00038600,0.00292689,0.00644995,0.00786092,0.00806001,0.00686306,0.00731956,0.00730283,0.01768339,0.01378011,RELIABLE,RELIABLE,RELIABLE,RELIABLE,RELIABLE,RELIABLE,RELIABLE,RELIABLE,STATIONARY,MOVING,MOVING,STATIONARY,STATIONARY,MOVING,MOVING,MOVING,MOVING
79856,2372,14,STILL,0.13215166,0.00106257,0.00804051,0.00629554,0.00827175,0.00842400,0.00690608,0.00732235,0.00812209,0.01921489,0.01399736,RELIABLE,RELIABLE,RELIABLE,RELIABLE,RELIABLE,RELIABLE,RELIABLE,RELIABLE,STATIONARY,MOVING,MOVING,STATIONARY,STATIONARY,MOVING,MOVING,MOVING,MOVING
79888,2373,14,STILL,0.13229098,0.00053128,0.00401602,0.00526011,0.00683331,0.00663362,0.00587800,0.00695492,0.00789385,0.01924798,0.01382428,RELIABLE,RELIABLE,RELIABLE,RELIABLE,RELIABLE,RELIABLE,RELIABLE,RELIABLE,STATIONARY,MOVING,MOVING,STATIONARY,STATIONARY,MOVING,MOVING,MOVING,MOVING
79920,2374,14,STILL,0.13228421,0.00114423,0.00864975,0.00551957,0.00701982,0.00647950,0.00526719,0.00693515,0.00768393,0.01596749,0.01171847,RELIABLE,RELIABLE,RELIABLE,RELIABLE,RELIABLE,RELIABLE,RELIABLE,RELIABLE,STATIONARY,MOVING,MOVING,STATIONARY,STATIONARY,MOVING,MOVING,MOVING,MOVING
79953,2375,14,STILL,0.13245983,0.00064434,0.00486439,0.00476697,0.00677843,0.00633389,0.00561693,0.00620067,0.00780614,0.01409834,0.01071934,RELIABLE,RELIABLE,RELIABLE,RELIABLE,RELIABLE,RELIABLE,RELIABLE,RELIABLE,STATIONARY,MOVING,MOVING,STATIONARY,STATIONARY,MOVING,MOVING,MOVING,MOVING
79983,2376,14,STILL,0.13174646,0.00079272,0.00601704,0.00519324,0.00747853,0.00705768,0.00497106,0.00706492,0.00759033,0.01540539,0.01005321,RELIABLE,RELIABLE,RELIABLE,RELIABLE,RELIABLE,RELIABLE,RELIABLE,RELIABLE,STATIONARY,MOVING,MOVING,STATIONARY,STATIONARY,MOVING,MOVING,MOVING,MOVING
80014,2377,14,STILL,0.13182327,0.00054169,0.00410920,0.00554410,0.00771129,0.00748523,0.00517952,0.00708504,0.00806250,0.01632686,0.01112653,RELIABLE,RELIABLE,RELIABLE,RELIABLE,RELIABLE,RELIABLE,RELIABLE,RELIABLE,STATIONARY,MOVING,MOVING,STATIONARY,STATIONARY,MOVING,MOVING,MOVING,MOVING
80060,2378,14,STILL,0.13140082,0.00070267,0.00534754,0.00549642,0.00812337,0.00783517,0.00534542,0.00656589,0.00854174,0.01648970,0.01086470,RELIABLE,RELIABLE,RELIABLE,RELIABLE,RELIABLE,RELIABLE,RELIABLE,RELIABLE,STATIONARY,MOVING,MOVING,STATIONARY,STATIONARY,MOVING,MOVING,MOVING,MOVING
80093,2379,14,STILL,0.13119234,0.00035134,0.00267802,0.00546531,0.00827277,0.00805107,0.00499720,0.00651252,0.00856090,0.01638169,0.01032555,RELIABLE,RELIABLE,RELIABLE,RELIABLE,RELIABLE,RELIABLE,RELIABLE,RELIABLE,STATIONARY,MOVING,MOVING,STATIONARY,STATIONARY,MOVING,MOVING,MOVING,MOVING
80125,2380,14,STILL,0.13215827,0.00157201,0.01189488,0.00594711,0.00901727,0.00869372,0.00549891,0.00710153,0.00800580,0.01536755,0.00998503,RELIABLE,RELIABLE,RELIABLE,RELIABLE,RELIABLE,RELIABLE,RELIABLE,RELIABLE,STATIONARY,MOVING,MOVING,STATIONARY,STATIONARY,MOVING,MOVING,MOVING,MOVING
80157,2381,14,STILL,0.13207125,0.00083652,0.00633383,0.00623683,0.00917046,0.00887972,0.00622343,0.00827455,0.00885896,0.01739850,0.01108115,RELIABLE,RELIABLE,RELIABLE,RELIABLE,RELIABLE,RELIABLE,RELIABLE,RELIABLE,STATIONARY,MOVING,MOVING,STATIONARY,STATIONARY,MOVING,MOVING,MOVING,MOVING
80189,2382,14,STILL,0.13204721,0.00071712,0.00543080,0.00583446,0.00861991,0.00839321,0.00617544,0.00794991,0.00838833,0.02084574,0.01196441,RELIABLE,RELIABLE,RELIABLE,RELIABLE,RELIABLE,RELIABLE,RELIABLE,RELIABLE,STATIONARY,MOVING,MOVING,STATIONARY,STATIONARY,MOVING,MOVING,MOVING,MOVING
80221,2383,14,STILL,0.13168304,0.00057285,0.00435025,0.00577020,0.00858339,0.00805308,0.00603286,0.00854817,0.00888465,0.02133527,0.01218452,RELIABLE,RELIABLE,RELIABLE,RELIABLE,RELIABLE,RELIABLE,RELIABLE,RELIABLE,STATIONARY,MOVING,MOVING,STATIONARY,STATIONARY,MOVING,MOVING,MOVING,MOVING
80252,2384,14,STILL,0.13150114,0.00028643,0.00217813,0.00529033,0.00795620,0.00738308,0.00570297,0.00767457,0.00882942,0.02024940,0.01160868,RELIABLE,RELIABLE,RELIABLE,RELIABLE,RELIABLE,RELIABLE,RELIABLE,RELIABLE,STATIONARY,MOVING,MOVING,STATIONARY,STATIONARY,MOVING,MOVING,MOVING,MOVING
80284,2385,14,STILL,0.13155012,0.00082925,0.00630372,0.00556465,0.00851130,0.00745729,0.00676307,0.00813898,0.00895292,0.02137120,0.01073840,RELIABLE,RELIABLE,RELIABLE,RELIABLE,RELIABLE,RELIABLE,RELIABLE,RELIABLE,STATIONARY,MOVING,MOVING,STATIONARY,STATIONARY,MOVING,MOVING,MOVING,MOVING
80316,2386,14,STILL,0.13116480,0.00063751,0.00486039,0.00550375,0.00803319,0.00667304,0.00703740,0.00803601,0.00856296,0.01970939,0.01103296,RELIABLE,RELIABLE,RELIABLE,RELIABLE,RELIABLE,RELIABLE,RELIABLE,RELIABLE,STATIONARY,MOVING,MOVING,STATIONARY,STATIONARY,MOVING,MOVING,MOVING,MOVING
80348,2387,14,STILL,0.13060488,0.00065341,0.00500295,0.00579437,0.00840144,0.00710108,0.00751846,0.00873380,0.00960411,0.02037513,0.01353820,RELIABLE,RELIABLE,RELIABLE,RELIABLE,RELIABLE,RELIABLE,RELIABLE,RELIABLE,STATIONARY,MOVING,MOVING,STATIONARY,STATIONARY,MOVING,MOVING,MOVING,MOVING
80379,2388,14,STILL,0.13032572,0.00032670,0.00250683,0.00462086,0.00611600,0.00514294,0.00683975,0.00812368,0.00932787,0.02011302,0.01375484,RELIABLE,RELIABLE,RELIABLE,RELIABLE,RELIABLE,RELIABLE,RELIABLE,RELIABLE,STATIONARY,MOVING,MOVING,STATIONARY,STATIONARY,MOVING,MOVING,MOVING,MOVING
80428,2389,14,STILL,0.13172609,0.00059032,0.00448143,0.00438931,0.00600732,0.00485313,0.00667573,0.00819663,0.00853641,0.01955531,0.01359619,RELIABLE,RELIABLE,RELIABLE,RELIABLE,RELIABLE,RELIABLE,RELIABLE,RELIABLE,STATIONARY,MOVING,MOVING,STATIONARY,STATIONARY,MOVING,MOVING,MOVING,MOVING
80457,2390,14,STILL,0.13242671,0.00029516,0.00222886,0.00398907,0.00514014,0.00415099,0.00635773,0.00814153,0.00743299,0.01538555,0.01128979,RELIABLE,RELIABLE,RELIABLE,RELIABLE,RELIABLE,RELIABLE,RELIABLE,RELIABLE,STATIONARY,MOVING,MOVING,STATIONARY,STATIONARY,MOVING,MOVING,MOVING,MOVING
80488,2391,14,STILL,0.13218998,0.00039613,0.00299667,0.00381987,0.00464421,0.00388153,0.00631948,0.00724150,0.00677172,0.01517491,0.01248412,RELIABLE,RELIABLE,RELIABLE,RELIABLE,RELIABLE,RELIABLE,RELIABLE,RELIABLE,STATIONARY,MOVING,MOVING,STATIONARY,STATIONARY,MOVING,MOVING,MOVING,MOVING
80520,2392,14,STILL,0.13155269,0.00091853,0.00698220,0.00442038,0.00518421,0.00423991,0.00673177,0.00766751,0.00712767,0.01726024,0.01401054,RELIABLE,RELIABLE,RELIABLE,RELIABLE,RELIABLE,RELIABLE,RELIABLE,RELIABLE,STATIONARY,MOVING,MOVING,STATIONARY,STATIONARY,MOVING,MOVING,MOVING,MOVING
80556,2393,14,STILL,0.13161171,0.00163507,0.01242343,0.00518534,0.00638102,0.00586999,0.00568740,0.00762773,0.00852711,0.02141753,0.01520055,RELIABLE,RELIABLE,RELIABLE,RELIABLE,RELIABLE,RELIABLE,RELIABLE,RELIABLE,STATIONARY,MOVING,MOVING,STATIONARY,STATIONARY,MOVING,MOVING,MOVING,MOVING
80582,2394,14,STILL,0.13164512,0.00081753,0.00621014,0.00535406,0.00722175,0.00678660,0.00525203,0.00724054,0.00913471,0.02304296,0.01480710,RELIABLE,RELIABLE,RELIABLE,RELIABLE,RELIABLE,RELIABLE,RELIABLE,RELIABLE,STATIONARY,MOVING,MOVING,STATIONARY,STATIONARY,MOVING,MOVING,MOVING,MOVING
80613,2395,14,STILL,0.13130795,0.00164034,0.01249230,0.00629023,0.00860438,0.00824683,0.00499576,0.00658371,0.00890991,0.02598745,0.01377738,RELIABLE,RELIABLE,RELIABLE,RELIABLE,RELIABLE,RELIABLE,RELIABLE,RELIABLE,STATIONARY,MOVING,MOVING,STATIONARY,STATIONARY,MOVING,MOVING,MOVING,MOVING
80645,2396,14,STILL,0.13165663,0.00070969,0.00539046,0.00665069,0.00880999,0.00870670,0.00559511,0.00732248,0.00904423,0.02626089,0.01405934,RELIABLE,RELIABLE,RELIABLE,RELIABLE,RELIABLE,RELIABLE,RELIABLE,RELIABLE,STATIONARY,MOVING,MOVING,STATIONARY,STATIONARY,MOVING,MOVING,MOVING,MOVING
80684,2397,14,STILL,0.13207586,0.00083432,0.00631697,0.00688013,0.00892276,0.00919901,0.00535260,0.00681442,0.00878138,0.02505252,0.01335931,RELIABLE,RELIABLE,RELIABLE,RELIABLE,RELIABLE,RELIABLE,RELIABLE,RELIABLE,STATIONARY,MOVING,MOVING,STATIONARY,STATIONARY,MOVING,MOVING,MOVING,MOVING
80722,2398,14,STILL,0.13228559,0.00041716,0.00315348,0.00699571,0.00898091,0.00944623,0.00523310,0.00656365,0.00865176,0.02445430,0.01301315,RELIABLE,RELIABLE,RELIABLE,RELIABLE,RELIABLE,RELIABLE,RELIABLE,RELIABLE,STATIONARY,MOVING,MOVING,STATIONARY,STATIONARY,MOVING,MOVING,MOVING,MOVING
80754,2399,14,STILL,0.13163816,0.00053345,0.00405240,0.00712767,0.00937334,0.01020467,0.00499840,0.00653685,0.00854177,0.02332881,0.01243385,RELIABLE,RELIABLE,RELIABLE,RELIABLE,RELIABLE,RELIABLE,RELIABLE,RELIABLE,STATIONARY,MOVING,MOVING,STATIONARY,STATIONARY,MOVING,MOVING,MOVING,MOVING
80786,2400,14,STILL,0.13220255,0.00029943,0.00226493,0.00653801,0.00889699,0.00981592,0.00529576,0.00656262,0.00851106,0.02265765,0.01178742,RELIABLE,RELIABLE,RELIABLE,RELIABLE,RELIABLE,RELIABLE,RELIABLE,RELIABLE,STATIONARY,MOVING,MOVING,STATIONARY,STATIONARY,MOVING,MOVING,MOVING,MOVING
80817,2401,14,STILL,0.13181237,0.00058594,0.00444527,0.00554074,0.00761350,0.00851664,0.00517226,0.00682790,0.00654723,0.01850890,0.01070299,RELIABLE,RELIABLE,RELIABLE,RELIABLE,RELIABLE,RELIABLE,RELIABLE,RELIABLE,STATIONARY,MOVING,MOVING,STATIONARY,STATIONARY,MOVING,MOVING,MOVING,MOVING
80849,2402,14,STILL,0.13174627,0.00031908,0.00242193,0.00506722,0.00660525,0.00747503,0.00511326,0.00706872,0.00589200,0.01588050,0.01060714,RELIABLE,RELIABLE,RELIABLE,RELIABLE,RELIABLE,RELIABLE,RELIABLE,RELIABLE,STATIONARY,MOVING,MOVING,STATIONARY,STATIONARY,MOVING,MOVING,MOVING,MOVING
80892,2403,14,STILL,0.13184849,0.00085148,0.00645801,0.00431293,0.00584683,0.00650731,0.00555791,0.00727097,0.00533809,0.01195719,0.00961493,RELIABLE,RELIABLE,RELIABLE,RELIABLE,RELIABLE,RELIABLE,RELIABLE,RELIABLE,STATIONARY,MOVING,MOVING,STATIONARY,STATIONARY,MOVING,MOVING,MOVING,MOVING
80927,2404,14,STILL,0.13189962,0.00042574,0.00322775,0.00404259,0.00595228,0.00629243,0.00505171,0.00630353,0.00481259,0.01119155,0.00831844,RELIABLE,RELIABLE,RELIABLE,RELIABLE,RELIABLE,RELIABLE,RELIABLE,RELIABLE,STATIONARY,MOVING,MOVING,STATIONARY,STATIONARY,MOVING,MOVING,MOVING,MOVING
80959,2405,14,STILL,0.13152948,0.00055229,0.00419900,0.00377785,0.00571930,0.00576302,0.00541812,0.00588877,0.00560747,0.01157497,0.01009027,RELIABLE,RELIABLE,RELIABLE,RELIABLE,RELIABLE,RELIABLE,RELIABLE,RELIABLE,STATIONARY,MOVING,MOVING,STATIONARY,STATIONARY,MOVING,MOVING,MOVING,MOVING
80991,2406,14,STILL,0.13118608,0.00087555,0.00667409,0.00421792,0.00632008,0.00647500,0.00562610,0.00666374,0.00572784,0.01276117,0.01215958,RELIABLE,RELIABLE,RELIABLE,RELIABLE,RELIABLE,RELIABLE,RELIABLE,RELIABLE,STATIONARY,MOVING,MOVING,STATIONARY,STATIONARY,MOVING,MOVING,MOVING,MOVING
81023,2407,14,STILL,0.13141280,0.00051741,0.00393727,0.00420353,0.00602990,0.00597985,0.00596196,0.00729280,0.00555118,0.01323290,0.01279265,RELIABLE,RELIABLE,RELIABLE,RELIABLE,RELIABLE,RELIABLE,RELIABLE,RELIABLE,STATIONARY,MOVING,MOVING,STATIONARY,STATIONARY,MOVING,MOVING,MOVING,MOVING
81054,2408,14,STILL,0.13145974,0.00095637,0.00727498,0.00482979,0.00704654,0.00708548,0.00544607,0.00657424,0.00564553,0.01185464,0.01265414,RELIABLE,RELIABLE,RELIABLE,RELIABLE,RELIABLE,RELIABLE,RELIABLE,RELIABLE,STATIONARY,MOVING,MOVING,STATIONARY,STATIONARY,MOVING,MOVING,MOVING,MOVING
81086,2409,14,STILL,0.13148325,0.00047818,0.00363684,0.00472873,0.00692200,0.00681743,0.00495495,0.00572647,0.00568889,0.00993171,0.01209593,RELIABLE,RELIABLE,RELIABLE,RELIABLE,RELIABLE,RELIABLE,RELIABLE,RELIABLE,STATIONARY,MOVING,MOVING,STATIONARY,STATIONARY,STATIONARY,MOVING,MOVING,MOVING
81118,2410,14,STILL,0.13090145,0.00089709,0.00685315,0.00528264,0.00758769,0.00786112,0.00511868,0.00640771,0.00673595,0.01343962,0.01409947,RELIABLE,RELIABLE,RELIABLE,RELIABLE,RELIABLE,RELIABLE,RELIABLE,RELIABLE,STATIONARY,MOVING,MOVING,STATIONARY,STATIONARY,STATIONARY,MOVING,MOVING,MOVING
81149,2411,14,STILL,0.13217526,0.00065351,0.00494427,0.00509342,0.00699873,0.00743728,0.00585905,0.00726263,0.00683305,0.01346718,0.01418313,RELIABLE,RELIABLE,RELIABLE,RELIABLE,RELIABLE,RELIABLE,RELIABLE,RELIABLE,STATIONARY,MOVING,MOVING,STATIONARY,STATIONARY,STATIONARY,MOVING,MOVING,MOVING
81181,2412,14,STILL,0.13168207,0.00066851,0.00507673,0.00532454,0.00672227,0.00745578,0.00630733,0.00846240,0.00695527,0.01568329,0.01418900,RELIABLE,RELIABLE,RELIABLE,RELIABLE,RELIABLE,RELIABLE,RELIABLE,RELIABLE,STATIONARY,MOVING,MOVING,STATIONARY,STATIONARY,STATIONARY,MOVING,MOVING,MOVING
81211,2413,14,STILL,0.13056381,0.00048534,0.00371726,0.00526432,0.00655323,0.00743116,0.00675339,0.00952782,0.00665916,0.01586628,0.01279121,RELIABLE,RELIABLE,RELIABLE,RELIABLE,RELIABLE,RELIABLE,RELIABLE,RELIABLE,STATIONARY,MOVING,MOVING,STATIONARY,STATIONARY,STATIONARY,MOVING,MOVING,MOVING
81260,2414,14,STILL,0.13123026,0.00063173,0.00481393,0.00503180,0.00645564,0.00693374,0.00759920,0.00935045,0.00679875,0.01574998,0.01104010,RELIABLE,RELIABLE,RELIABLE,RELIABLE,RELIABLE,RELIABLE,RELIABLE,RELIABLE,STATIONARY,MOVING,MOVING,STATIONARY,STATIONARY,STATIONARY,MOVING,MOVING,MOVING
81288,2415,14,STILL,0.13156454,0.00031587,0.00240085,0.00483975,0.00648785,0.00684036,0.00748392,0.00860993,0.00663096,0.01514617,0.00930015,RELIABLE,RELIABLE,RELIABLE,RELIABLE,RELIABLE,RELIABLE,RELIABLE,RELIABLE,STATIONARY,MOVING,MOVING,STATIONARY,STATIONARY,STATIONARY,MOVING,MOVING,MOVING
81320,2416,14,STILL,0.13217455,0.00024751,0.00187260,0.00416445,0.00556296,0.00565516,0.00849778,0.00935516,0.00637305,0.01605433,0.01103791,RELIABLE,RELIABLE,RELIABLE,RELIABLE,RELIABLE,RELIABLE,RELIABLE,RELIABLE,STATIONARY,MOVING,MOVING,STATIONARY,STATIONARY,STATIONARY,MOVING,MOVING,MOVING
81352,2417,14,STILL,0.13226440,0.00032327,0.00244412,0.00401536,0.00500572,0.00528121,0.00910370,0.00973321,0.00674253,0.01781215,0.01152275,RELIABLE,RELIABLE,RELIABLE,RELIABLE,RELIABLE,RELIABLE,RELIABLE,RELIABLE,STATIONARY,MOVING,MOVING,STATIONARY,STATIONARY,STATIONARY,MOVING,MOVING,MOVING
81388,2418,14,STILL,0.13142920,0.00061052,0.00464524,0.00373937,0.00542959,0.00526679,0.00915727,0.01075598,0.00621993,0.01635466,0.00958648,RELIABLE,RELIABLE,RELIABLE,RELIABLE,RELIABLE,RELIABLE,RELIABLE,RELIABLE,STATIONARY,MOVING,MOVING,STATIONARY,STATIONARY,STATIONARY,MOVING,MOVING,MOVING
81415,2419,14,STILL,0.13101630,0.00030526,0.00232994,0.00341258,0.00524933,0.00483104,0.00774657,0.01038819,0.00590476,0.01633465,0.00895655,RELIABLE,RELIABLE,RELIABLE,RELIABLE,RELIABLE,RELIABLE,RELIABLE,RELIABLE,STATIONARY,MOVING,MOVING,STATIONARY,STATIONARY,STATIONARY,MOVING,MOVING,MOVING
81446,2420,14,STILL,0.13138938,0.00124747,0.00949446,0.00396480,0.00608376,0.00553803,0.00760219,0.00938527,0.00619413,0.01755428,0.00982052,RELIABLE,RELIABLE,RELIABLE,RELIABLE,RELIABLE,RELIABLE,RELIABLE,RELIABLE,STATIONARY,MOVING,MOVING,STATIONARY,STATIONARY,STATIONARY,MOVING,MOVING,MOVING
81477,2421,14,STILL,0.13152691,0.00051362,0.00390505,0.00398827,0.00595628,0.00541538,0.00689319,0.00866049,0.00616568,0.01788332,0.01020954,RELIABLE,RELIABLE,RELIABLE,RELIABLE,RELIABLE,RELIABLE,RELIABLE,RELIABLE,STATIONARY,MOVING,MOVING,STATIONARY,STATIONARY,STATIONARY,MOVING,MOVING,MOVING
81516,2422,14,STILL,0.13196509,0.00052219,0.00395707,0.00388116,0.00540682,0.00483589,0.00588521,0.00919314,0.00693124,0.02220581,0.01098139,RELIABLE,RELIABLE,RELIABLE,RELIABLE,RELIABLE,RELIABLE,RELIABLE,RELIABLE,STATIONARY,MOVING,MOVING,STATIONARY,STATIONARY,STATIONARY,MOVING,MOVING,MOVING
81555,2423,14,STILL,0.13165043,0.00049222,0.00373887,0.00404842,0.00515800,0.00507710,0.00622298,0.00921078,0.00793079,0.02340424,0.01254753,RELIABLE,RELIABLE,RELIABLE,RELIABLE,RELIABLE,RELIABLE,RELIABLE,RELIABLE,STATIONARY,MOVING,STATIONARY,STATIONARY,STATIONARY,STATIONARY,MOVING,MOVING,MOVING
81586,2424,14,STILL,0.13149360,0.00024611,0.00187167,0.00404830,0.00469699,0.00525790,0.00515815,0.00822124,0.00771082,0.02232490,0.01060601,RELIABLE,RELIABLE,RELIABLE,RELIABLE,RELIABLE,RELIABLE,RELIABLE,RELIABLE,STATIONARY,MOVING,STATIONARY,STATIONARY,STATIONARY,STATIONARY,MOVING,MOVING,MOVING
81616,2425,14,STILL,0.13164937,0.00061624,0.00468093,0.00432790,0.00461976,0.00542548,0.00491395,0.00916373,0.00868729,0.02287802,0.01161967,RELIABLE,RELIABLE,RELIABLE,RELIABLE,RELIABLE,RELIABLE,RELIABLE,RELIABLE,STATIONARY,MOVING,STATIONARY,STATIONARY,STATIONARY,STATIONARY,MOVING,MOVING,MOVING
81648,2426,14,STILL,0.13157419,0.00098288,0.00747013,0.00468101,0.00442816,0.00565844,0.00483301,0.00831420,0.00800958,0.02352695,0.01188822,RELIABLE,RELIABLE,RELIABLE,RELIABLE,RELIABLE,RELIABLE,RELIABLE,RELIABLE,STATIONARY,MOVING,STATIONARY,STATIONARY,STATIONARY,STATIONARY,MOVING,MOVING,MOVING
81680,2427,14,STILL,0.13216565,0.00131714,0.00996584,0.00563550,0.00555246,0.00738852,0.00520051,0.00837906,0.00787762,0.02339319,0.01216636,RELIABLE,RELIABLE,RELIABLE,RELIABLE,RELIABLE,RELIABLE,RELIABLE,RELIABLE,STATIONARY,MOVING,STATIONARY,STATIONARY,STATIONARY,STATIONARY,MOVING,MOVING,MOVING
81712,2428,14,STILL,0.13160509,0.00051816,0.00393720,0.00494085,0.00514825,0.00668630,0.00542447,0.00900143,0.00814220,0.02073168,0.01234678,RELIABLE,RELIABLE,RELIABLE,RELIABLE,RELIABLE,RELIABLE,RELIABLE,RELIABLE,STATIONARY,STATIONARY,STATIONARY,STATIONARY,STATIONARY,STATIONARY,MOVING,MOVING,MOVING
81756,2429,14,STILL,0.13081970,0.00071970,0.00550149,0.00514040,0.00494603,0.00742021,0.00508606,0.00882166,0.00838986,0.02022491,0.01269662,RELIABLE,RELIABLE,RELIABLE,RELIABLE,RELIABLE,RELIABLE,RELIABLE,RELIABLE,STATIONARY,STATIONARY,STATIONARY,STATIONARY,STATIONARY,STATIONARY,MOVING,MOVING,MOVING
81790,2430,14,STILL,0.13042740,0.00035985,0.00275902,0.00499064,0.00462791,0.00781678,0.00492383,0.00756646,0.00772579,0.01503088,0.01216718,RELIABLE,RELIABLE,RELIABLE,RELIABLE,RELIABLE,RELIABLE,RELIABLE,RELIABLE,STATIONARY,STATIONARY,STATIONARY,STATIONARY,STATIONARY,STATIONARY,MOVING,MOVING,MOVING
81821,2431,14,STILL,0.13134496,0.00116130,0.00884160,0.00562848,0.00585601,0.00967158,0.00457082,0.00917297,0.00775745,0.01461106,0.01306940,RELIABLE,RELIABLE,RELIABLE,RELIABLE,RELIABLE,RELIABLE,RELIABLE,RELIABLE,STATIONARY,STATIONARY,STATIONARY,STATIONARY,STATIONARY,STATIONARY,MOVING,MOVING,MOVING
81852,2432,14,STILL,0.13146551,0.00085178,0.00647914,0.00620442,0.00667543,0.01082302,0.00534611,0.01000381,0.00812668,0.01458386,0.01366621,RELIABLE,RELIABLE,RELIABLE,RELIABLE,RELIABLE,RELIABLE,RELIABLE,RELIABLE,STATIONARY,STATIONARY,STATIONARY,STATIONARY,STATIONARY,STATIONARY,MOVING,MOVING,MOVING
81884,2433,14,STILL,0.13147456,0.00131371,0.00999211,0.00686832,0.00866201,0.01247244,0.00546421,0.00872149,0.00716226,0.01584317,0.01586802,RELIABLE,RELIABLE,RELIABLE,RELIABLE,RELIABLE,RELIABLE,RELIABLE,RELIABLE,STATIONARY,STATIONARY,STATIONARY,STATIONARY,STATIONARY,STATIONARY,MOVING,MOVING,MOVING
81914,2434,14,STILL,0.13148126,0.00065685,0.00499580,0.00655902,0.00874457,0.01218992,0.00531956,0.00735416,0.00720157,0.01452225,0.01665706,RELIABLE,RELIABLE,RELIABLE,RELIABLE,RELIABLE,RELIABLE,RELIABLE,RELIABLE,STATIONARY,STATIONARY,STATIONARY,STATIONARY,STATIONARY,STATIONARY,MOVING,MOVING,MOVING
81946,2435,14,STILL,0.13161525,0.00077401,0.00588087,0.00604840,0.00813361,0.01118410,0.00570775,0.00700706,0.00756030,0.01779624,0.01845723,RELIABLE,RELIABLE,RELIABLE,RELIABLE,RELIABLE,RELIABLE,RELIABLE,RELIABLE,STATIONARY,STATIONARY,STATIONARY,STATIONARY,STATIONARY,STATIONARY,MOVING,MOVING,MOVING
81978,2436,14,STILL,0.13182478,0.00062453,0.00473761,0.00614845,0.00795687,0.01090220,0.00619131,0.00665952,0.00769119,0.01769742,0.01736213,RELIABLE,RELIABLE,RELIABLE,RELIABLE,RELIABLE,RELIABLE,RELIABLE,RELIABLE,STATIONARY,STATIONARY,STATIONARY,STATIONARY,STATIONARY,STATIONARY,MOVING,MOVING,MOVING
82011,2437,14,STILL,0.13178909,0.00054389,0.00412695,0.00597664,0.00832787,0.01007552,0.00640805,0.00724991,0.00696169,0.01751799,0.01635766,RELIABLE,RELIABLE,RELIABLE,RELIABLE,RELIABLE,RELIABLE,RELIABLE,RELIABLE,STATIONARY,STATIONARY,STATIONARY,STATIONARY,STATIONARY,STATIONARY,MOVING,MOVING,MOVING
82043,2438,14,STILL,0.13189756,0.00084112,0.00637707,0.00642889,0.00952587,0.01077024,0.00724688,0.00784133,0.00702613,0.01819537,0.01621430,RELIABLE,RELIABLE,RELIABLE,RELIABLE,RELIABLE,RELIABLE,RELIABLE,RELIABLE,STATIONARY,STATIONARY,STATIONARY,STATIONARY,STATIONARY,STATIONARY,MOVING,MOVING,MOVING
82092,2439,14,STILL,0.13177958,0.00044894,0.00340674,0.00574954,0.00827438,0.00884545,0.00778983,0.00618535,0.00637405,0.02064390,0.01650869,RELIABLE,RELIABLE,RELIABLE,RELIABLE,RELIABLE,RELIABLE,RELIABLE,RELIABLE,STATIONARY,STATIONARY,STATIONARY,STATIONARY,STATIONARY,STATIONARY,MOVING,MOVING,MOVING
82120,2440,14,STILL,0.13172386,0.00022447,0.00170409,0.00515266,0.00744316,0.00765875,0.00710915,0.00532955,0.00569399,0.02168508,0.01650967,RELIABLE,RELIABLE,RELIABLE,RELIABLE,RELIABLE,RELIABLE,RELIABLE,RELIABLE,STATIONARY,STATIONARY,STATIONARY,STATIONARY,STATIONARY,STATIONARY,MOVING,MOVING,MOVING
82151,2441,14,STILL,0.13166189,0.00070275,0.00533756,0.00457084,0.00643775,0.00661768,0.00733245,0.00572633,0.00597300,0.01958491,0.01516086,RELIABLE,RELIABLE,RELIABLE,RELIABLE,RELIABLE,RELIABLE,RELIABLE,RELIABLE,STATIONARY,STATIONARY,STATIONARY,STATIONARY,STATIONARY,STATIONARY,MOVING,MOVING,MOVING
82184,2442,14,STILL,0.13175252,0.00148502,0.01127130,0.00535527,0.00809271,0.00822307,0.00755033,0.00682974,0.00667582,0.01969546,0.01550251,RELIABLE,RELIABLE,RELIABLE,RELIABLE,RELIABLE,RELIABLE,RELIABLE,RELIABLE,STATIONARY,STATIONARY,STATIONARY,STATIONARY,STATIONARY,STATIONARY,MOVING,MOVING,MOVING
82220,2443,14,STILL,0.13239195,0.00119850,0.00905268,0.00575175,0.00866666,0.00904936,0.00737066,0.00648405,0.00756237,0.01876709,0.01586699,RELIABLE,RELIABLE,RELIABLE,RELIABLE,RELIABLE,RELIABLE,RELIABLE,RELIABLE,STATIONARY,STATIONARY,STATIONARY,STATIONARY,STATIONARY,STATIONARY,MOVING,MOVING,MOVING
82246,2444,14,STILL,0.13271189,0.00059925,0.00451543,0.00572398,0.00884693,0.00965121,0.00631122,0.00594143,0.00720110,0.01919732,0.01685669,RELIABLE,RELIABLE,RELIABLE,RELIABLE,RELIABLE,RELIABLE,RELIABLE,RELIABLE,STATIONARY,STATIONARY,STATIONARY,STATIONARY,STATIONARY,STATIONARY,MOVING,MOVING,MOVING
82278,2445,14,STILL,0.13252913,0.00062010,0.00467899,0.00579298,0.00916736,0.01025618,0.00667055,0.00546904,0.00735332,0.01976548,0.01799575,RELIABLE,RELIABLE,RELIABLE,RELIABLE,RELIABLE,RELIABLE,RELIABLE,RELIABLE,STATIONARY,STATIONARY,STATIONARY,STATIONARY,STATIONARY,STATIONARY,MOVING,MOVING,MOVING
82309,2446,14,STILL,0.13193433,0.00109431,0.00829433,0.00603264,0.00903793,0.01053205,0.00609011,0.00602075,0.00843148,0.02001311,0.01934124,RELIABLE,RELIABLE,RELIABLE,RELIABLE,RELIABLE,RELIABLE,RELIABLE,RELIABLE,STATIONARY,STATIONARY,STATIONARY,STATIONARY,STATIONARY,STATIONARY,MOVING,MOVING,MOVING
82341,2447,14,STILL,0.13215035,0.00097485,0.00737682,0.00652890,0.01038475,0.01169437,0.00532434,0.00632586,0.00852680,0.01751421,0.01776982,RELIABLE,RELIABLE,RELIABLE,RELIABLE,RELIABLE,RELIABLE,RELIABLE,RELIABLE,STATIONARY,STATIONARY,STATIONARY,STATIONARY,STATIONARY,STATIONARY,MOVING,MOVING,MOVING
82380,2448,14,STILL,0.13195898,0.00108203,0.00819977,0.00734086,0.01084128,0.01273641,0.00542963,0.00712659,0.00916109,0.01719392,0.01792519,RELIABLE,RELIABLE,RELIABLE,RELIABLE,RELIABLE,RELIABLE,RELIABLE,RELIABLE,STATIONARY,STATIONARY,STATIONARY,STATIONARY,STATIONARY,STATIONARY,MOVING,MOVING,MOVING
82428,2449,14,STILL,0.13223240,0.00045073,0.00340860,0.00709974,0.01057554,0.01256642,0.00620066,0.00706852,0.00869675,0.01702066,0.01724587,RELIABLE,RELIABLE,RELIABLE,RELIABLE,RELIABLE,RELIABLE,RELIABLE,RELIABLE,STATIONARY,STATIONARY,STATIONARY,STATIONARY,STATIONARY,STATIONARY,MOVING,MOVING,MOVING
82467,2450,14,STILL,0.13214056,0.00058646,0.00443813,0.00624559,0.00848630,0.01063780,0.00643364,0.00651274,0.00808085,0.01574134,0.01591812,RELIABLE,RELIABLE,RELIABLE,RELIABLE,RELIABLE,RELIABLE,RELIABLE,RELIABLE,STATIONARY,STATIONARY,STATIONARY,STATIONARY,STATIONARY,STATIONARY,MOVING,MOVING,MOVING
82498,2451,14,STILL,0.13209556,0.00029323,0.00221982,0.00539149,0.00712560,0.00889923,0.00596943,0.00630243,0.00669012,0.01260491,0.01350956,RELIABLE,RELIABLE,RELIABLE,RELIABLE,RELIABLE,RELIABLE,RELIABLE,RELIABLE,STATIONARY,STATIONARY,STATIONARY,STATIONARY,STATIONARY,STATIONARY,MOVING,MOVING,MOVING
82529,2452,14,STILL,0.13246549,0.00052473,0.00396125,0.00532222,0.00701724,0.00871410,0.00642502,0.00666737,0.00631620,0.01276763,0.01330314,RELIABLE,RELIABLE,RELIABLE,RELIABLE,RELIABLE,RELIABLE,RELIABLE,RELIABLE,STATIONARY,STATIONARY,STATIONARY,STATIONARY,STATIONARY,STATIONARY,MOVING,MOVING,MOVING
82561,2453,14,STILL,0.13215694,0.00152372,0.01152960,0.00617854,0.00835629,0.00995861,0.00670785,0.00669323,0.00658798,0.01190333,0.01203648,RELIABLE,RELIABLE,RELIABLE,RELIABLE,RELIABLE,RELIABLE,RELIABLE,RELIABLE,STATIONARY,STATIONARY,STATIONARY,STATIONARY,STATIONARY,STATIONARY,MOVING,MOVING,MOVING
82593,2454,14,STILL,0.13223146,0.00027336,0.00206727,0.00540016,0.00759100,0.00877118,0.00755733,0.00617095,0.00562571,0.01234171,0.01018727,RELIABLE,RELIABLE,RELIABLE,RELIABLE,RELIABLE,RELIABLE,RELIABLE,RELIABLE,STATIONARY,STATIONARY,STATIONARY,STATIONARY,STATIONARY,STATIONARY,MOVING,MOVING,MOVING
82624,2455,14,STILL,0.13226875,0.00013668,0.00103334,0.00460722,0.00623550,0.00723876,0.00776577,0.00584810,0.00529278,0.01186137,0.00879462,RELIABLE,RELIABLE,RELIABLE,RELIABLE,RELIABLE,RELIABLE,RELIABLE,RELIABLE,STATIONARY,STATIONARY,STATIONARY,STATIONARY,STATIONARY,STATIONARY,MOVING,MOVING,MOVING
82655,2456,14,STILL,0.13197489,0.00121545,0.00920970,0.00473346,0.00702903,0.00720845,0.00787386,0.00636367,0.00514500,0.01122330,0.00954876,RELIABLE,RELIABLE,RELIABLE,RELIABLE,RELIABLE,RELIABLE,RELIABLE,RELIABLE,STATIONARY,STATIONARY,STATIONARY,STATIONARY,STATIONARY,STATIONARY,MOVING,MOVING,MOVING
82687,2457,14,STILL,0.13191059,0.00080727,0.00611985,0.00507237,0.00716110,0.00718638,0.00648071,0.00700068,0.00508531,0.01089979,0.00876332,RELIABLE,RELIABLE,RELIABLE,RELIABLE,RELIABLE,RELIABLE,RELIABLE,RELIABLE,STATIONARY,STATIONARY,STATIONARY,STATIONARY,STATIONARY,STATIONARY,MOVING,MOVING,MOVING
82718,2458,14,STILL,0.13225486,0.00121589,0.00919351,0.00566679,0.00863165,0.00841921,0.00657783,0.00746219,0.00570874,0.01155652,0.00942004,RELIABLE,RELIABLE,RELIABLE,RELIABLE,RELIABLE,RELIABLE,RELIABLE,RELIABLE,STATIONARY,STATIONARY,STATIONARY,STATIONARY,STATIONARY,STATIONARY,MOVING,MOVING,MOVING
82749,2459,14,STILL,0.13243249,0.00060794,0.00459059,0.00596314,0.00936542,0.00903419,0.00662562,0.00769205,0.00601957,0.01188366,0.00974698,RELIABLE,RELIABLE,RELIABLE,RELIABLE,RELIABLE,RELIABLE,RELIABLE,RELIABLE,STATIONARY,STATIONARY,STATIONARY,STATIONARY,STATIONARY,STATIONARY,MOVING,MOVING,MOVING
82782,2460,14,STILL,0.13161087,0.00060663,0.00460925,0.00604414,0.00945521,0.00870964,0.00689328,0.00743026,0.00615505,0.01256816,0.00951842,RELIABLE,RELIABLE,RELIABLE,RELIABLE,RELIABLE,RELIABLE,RELIABLE,RELIABLE,STATIONARY,STATIONARY,STATIONARY,STATIONARY,STATIONARY,STATIONARY,MOVING,MOVING,MOVING
82813,2461,14,STILL,0.13110420,0.00053738,0.00409891,0.00511530,0.00748366,0.00669190,0.00646088,0.00787793,0.00618831,0.01683844,0.01316075,RELIABLE,RELIABLE,RELIABLE,RELIABLE,RELIABLE,RELIABLE,RELIABLE,RELIABLE,STATIONARY,STATIONARY,STATIONARY,STATIONARY,STATIONARY,STATIONARY,MOVING,MOVING,MOVING
82845,2462,14,STILL,0.13138086,0.00117580,0.00894952,0.00597558,0.00929584,0.00842797,0.00584983,0.00772350,0.00619624,0.01909550,0.01603749,RELIABLE,RELIABLE,RELIABLE,RELIABLE,RELIABLE,RELIABLE,RELIABLE,RELIABLE,STATIONARY,STATIONARY,STATIONARY,STATIONARY,STATIONARY,STATIONARY,MOVING,MOVING,MOVING
82876,2463,14,STILL,0.13092472,0.00053776,0.00410737,0.00635984,0.00968244,0.00844857,0.00622206,0.00796372,0.00658967,0.01880092,0.01770374,RELIABLE,RELIABLE,RELIABLE,RELIABLE,RELIABLE,RELIABLE,RELIABLE,RELIABLE,STATIONARY,STATIONARY,STATIONARY,STATIONARY,STATIONARY,STATIONARY,MOVING,MOVING,MOVING
82926,2464,14,STILL,0.13196057,0.00091361,0.00692333,0.00607404,0.00978906,0.00849357,0.00622305,0.00700722,0.00702820,0.02040957,0.01731114,RELIABLE,RELIABLE,RELIABLE,RELIABLE,RELIABLE,RELIABLE,RELIABLE,RELIABLE,STATIONARY,STATIONARY,STATIONARY,STATIONARY,STATIONARY,STATIONARY,MOVING,MOVING,MOVING
82955,2465,14,STILL,0.13248594,0.00045680,0.00344794,0.00574005,0.00955271,0.00828963,0.00626948,0.00603735,0.00695748,0.02017755,0.01687580,RELIABLE,RELIABLE,RELIABLE,RELIABLE,RELIABLE,RELIABLE,RELIABLE,RELIABLE,STATIONARY,STATIONARY,STATIONARY,STATIONARY,STATIONARY,STATIONARY,MOVING,MOVING,MOVING
82987,2466,14,STILL,0.13101757,0.00149641,0.01142142,0.00601854,0.00998890,0.00946890,0.00634299,0.00686920,0.00690912,0.02203347,0.01829515,RELIABLE,RELIABLE,RELIABLE,RELIABLE,RELIABLE,RELIABLE,RELIABLE,RELIABLE,STATIONARY,STATIONARY,STATIONARY,STATIONARY,STATIONARY,STATIONARY,MOVING,MOVING,MOVING
83018,2467,14,STILL,0.13198746,0.00074227,0.00562380,0.00614769,0.01013975,0.00977739,0.00678255,0.00724352,0.00711075,0.02407713,0.01909561,RELIABLE,RELIABLE,RELIABLE,RELIABLE,RELIABLE,RELIABLE,RELIABLE,RELIABLE,STATIONARY,STATIONARY,STATIONARY,STATIONARY,STATIONARY,STATIONARY,MOVING,MOVING,MOVING
83050,2468,14,STILL,0.13166330,0.00045001,0.00341787,0.00599877,0.00989587,0.01006517,0.00624906,0.00813605,0.00756036,0.02375233,0.01972909,RELIABLE,RELIABLE,RELIABLE,RELIABLE,RELIABLE,RELIABLE,RELIABLE,RELIABLE,STATIONARY,STATIONARY,STATIONARY,STATIONARY,STATIONARY,STATIONARY,MOVING,MOVING,MOVING
83084,2469,14,STILL,0.13141942,0.00082280,0.00626089,0.00626902,0.01028488,0.01034555,0.00593291,0.00786249,0.00697124,0.01987588,0.01682688,RELIABLE,RELIABLE,RELIABLE,RELIABLE,RELIABLE,RELIABLE,RELIABLE,RELIABLE,STATIONARY,STATIONARY,STATIONARY,STATIONARY,STATIONARY,STATIONARY,MOVING,MOVING,MOVING
83113,2470,14,STILL,0.13129812,0.00041140,0.00313334,0.00554199,0.00839320,0.00846734,0.00549094,0.00755439,0.00635051,0.01621256,0.01439877,RELIABLE,RELIABLE,RELIABLE,RELIABLE,RELIABLE,RELIABLE,RELIABLE,RELIABLE,STATIONARY,STATIONARY,STATIONARY,STATIONARY,STATIONARY,STATIONARY,MOVING,MOVING,MOVING
83144,2471,14,STILL,0.13171472,0.00057754,0.00438480,0.00557667,0.00846870,0.00883557,0.00498012,0.00818585,0.00647944,0.01914532,0.01528006,RELIABLE,RELIABLE,RELIABLE,RELIABLE,RELIABLE,RELIABLE,RELIABLE,RELIABLE,STATIONARY,STATIONARY,STATIONARY,STATIONARY,STATIONARY,STATIONARY,MOVING,MOVING,MOVING
83176,2472,14,STILL,0.13158749,0.00072603,0.00551744,0.00540094,0.00806822,0.00856454,0.00460717,0.00848224,0.00563072,0.01762863,0.01462441,RELIABLE,RELIABLE,RELIABLE,RELIABLE,RELIABLE,RELIABLE,RELIABLE,RELIABLE,STATIONARY,STATIONARY,STATIONARY,STATIONARY,STATIONARY,STATIONARY,MOVING,MOVING,MOVING
83212,2473,14,STILL,0.13221476,0.00092419,0.00699010,0.00584371,0.00841096,0.00867179,0.00485939,0.00936130,0.00591994,0.01741578,0.01518561,RELIABLE,RELIABLE,RELIABLE,RELIABLE,RELIABLE,RELIABLE,RELIABLE,RELIABLE,STATIONARY,STATIONARY,STATIONARY,STATIONARY,STATIONARY,STATIONARY,MOVING,MOVING,MOVING
83243,2474,14,STILL,0.13148832,0.00164794,0.01253298,0.00598265,0.00832295,0.00822455,0.00486844,0.00799847,0.00622975,0.01757430,0.01373565,RELIABLE,RELIABLE,RELIABLE,RELIABLE,RELIABLE,RELIABLE,RELIABLE,RELIABLE,STATIONARY,STATIONARY,STATIONARY,STATIONARY,STATIONARY,STATIONARY,MOVING,MOVING,MOVING
83292,2475,14,STILL,0.13132135,0.00032487,0.00247385,0.00558891,0.00734133,0.00715134,0.00466437,0.00771494,0.00662935,0.01754996,0.01440772,RELIABLE,RELIABLE,RELIABLE,RELIABLE,RELIABLE,RELIABLE,RELIABLE,RELIABLE,STATIONARY,STATIONARY,STATIONARY,STATIONARY,STATIONARY,STATIONARY,MOVING,MOVING,MOVING
83331,2476,14,STILL,0.13123900,0.00016243,0.00123770,0.00531639,0.00687701,0.00643166,0.00438544,0.00677533,0.00618124,0.01663779,0.01390903,RELIABLE,RELIABLE,RELIABLE,RELIABLE,RELIABLE,RELIABLE,RELIABLE,RELIABLE,STATIONARY,STATIONARY,STATIONARY,STATIONARY,STATIONARY,STATIONARY,MOVING,MOVING,MOVING
83363,2477,14,STILL,0.13160925,0.00080454,0.00611313,0.00529792,0.00632538,0.00656354,0.00478626,0.00617762,0.00648338,0.01663937,0.01457062,RELIABLE,RELIABLE,RELIABLE,RELIABLE,RELIABLE,RELIABLE,RELIABLE,RELIABLE,STATIONARY,STATIONARY,STATIONARY,STATIONARY,STATIONARY,STATIONARY,MOVING,MOVING,MOVING
83394,2478,14,STILL,0.13186906,0.00031826,0.00241344,0.00520793,0.00648179,0.00678575,0.00526953,0.00658748,0.00700288,0.01993105,0.01529003,RELIABLE,RELIABLE,RELIABLE,RELIABLE,RELIABLE,RELIABLE,RELIABLE,RELIABLE,STATIONARY,STATIONARY,STATIONARY,STATIONARY,STATIONARY,STATIONARY,MOVING,MOVING,MOVING
83425,2479,14,STILL,0.13235652,0.00075865,0.00573187,0.00537631,0.00700418,0.00721164,0.00551945,0.00629770,0.00821193,0.02301618,0.01789297,RELIABLE,RELIABLE,RELIABLE,RELIABLE,RELIABLE,RELIABLE,RELIABLE,RELIABLE,STATIONARY,STATIONARY,STATIONARY,STATIONARY,STATIONARY,STATIONARY,MOVING,MOVING,MOVING
83457,2480,14,STILL,0.13260630,0.00037933,0.00286054,0.00504420,0.00653466,0.00664715,0.00545405,0.00592245,0.00888035,0.02524725,0.01911918,RELIABLE,RELIABLE,RELIABLE,RELIABLE,RELIABLE,RELIABLE,RELIABLE,RELIABLE,STATIONARY,STATIONARY,STATIONARY,STATIONARY,STATIONARY,STATIONARY,MOVING,MOVING,MOVING
83488,2481,14,STILL,0.13157334,0.00080324,0.00610490,0.00493355,0.00631659,0.00651238,0.00552700,0.00546470,0.01006161,0.02658390,0.01902606,RELIABLE,RELIABLE,RELIABLE,RELIABLE,RELIABLE,RELIABLE,RELIABLE,RELIABLE,STATIONARY,STATIONARY,STATIONARY,STATIONARY,STATIONARY,STATIONARY,MOVING,MOVING,MOVING
83519,2482,14,STILL,0.13200152,0.00181640,0.01376045,0.00508698,0.00661642,0.00652232,0.00533728,0.00639668,0.00943361,0.02797462,0.02028875,RELIABLE,RELIABLE,RELIABLE,RELIABLE,RELIABLE,RELIABLE,RELIABLE,RELIABLE,STATIONARY,STATIONARY,STATIONARY,STATIONARY,STATIONARY,STATIONARY,MOVING,MOVING,MOVING
83551,2483,14,STILL,0.13145262,0.00096596,0.00734834,0.00569630,0.00752751,0.00711659,0.00527090,0.00678922,0.00981991,0.02789109,0.02113121,RELIABLE,RELIABLE,RELIABLE,RELIABLE,RELIABLE,RELIABLE,RELIABLE,RELIABLE,STATIONARY,STATIONARY,STATIONARY,STATIONARY,STATIONARY,STATIONARY,MOVING,MOVING,MOVING
83583,2484,14,STILL,0.13117838,0.00048298,0.00368185,0.00600181,0.00798416,0.00741450,0.00523815,0.00698639,0.01001433,0.02785130,0.02155506,RELIABLE,RELIABLE,RELIABLE,RELIABLE,RELIABLE,RELIABLE,RELIABLE,RELIABLE,STATIONARY,STATIONARY,STATIONARY,STATIONARY,STATIONARY,STATIONARY,MOVING,MOVING,MOVING
83628,2485,14,STILL,0.13111923,0.00049601,0.00378293,0.00571054,0.00868375,0.00767384,0.00539761,0.00745536,0.01008846,0.02787687,0.02077311,RELIABLE,RELIABLE,RELIABLE,RELIABLE,RELIABLE,RELIABLE,RELIABLE,RELIABLE,STATIONARY,STATIONARY,STATIONARY,STATIONARY,STATIONARY,STATIONARY,MOVING,MOVING,MOVING
83662,2486,14,STILL,0.13109122,0.00024801,0.00189187,0.00564534,0.00860103,0.00764706,0.00519437,0.00698072,0.00975698,0.02459812,0.01999286,RELIABLE,RELIABLE,RELIABLE,RELIABLE,RELIABLE,RELIABLE,RELIABLE,RELIABLE,STATIONARY,STATIONARY,STATIONARY,STATIONARY,STATIONARY,STATIONARY,MOVING,MOVING,MOVING
83692,2487,14,STILL,0.13088530,0.00139777,0.01067938,0.00626378,0.00966836,0.00887032,0.00597092,0.00679692,0.01038845,0.02209085,0.01843342,RELIABLE,RELIABLE,RELIABLE,RELIABLE,RELIABLE,RELIABLE,RELIABLE,RELIABLE,STATIONARY,STATIONARY,STATIONARY,STATIONARY,STATIONARY,STATIONARY,MOVING,MOVING,MOVING
83723,2488,14,STILL,0.13088397,0.00046403,0.00354537,0.00634938,0.00976057,0.00932297,0.00616218,0.00741021,0.01087460,0.02078748,0.01748814,RELIABLE,RELIABLE,RELIABLE,RELIABLE,RELIABLE,RELIABLE,RELIABLE,RELIABLE,STATIONARY,STATIONARY,STATIONARY,STATIONARY,STATIONARY,STATIONARY,MOVING,MOVING,MOVING
83756,2489,14,STILL,0.13104466,0.00070622,0.00538912,0.00625991,0.00997745,0.01010036,0.00625516,0.00773393,0.00975760,0.01921597,0.01869964,RELIABLE,RELIABLE,RELIABLE,RELIABLE,RELIABLE,RELIABLE,RELIABLE,RELIABLE,STATIONARY,STATIONARY,STATIONARY,STATIONARY,STATIONARY,STATIONARY,MOVING,MOVING,MOVING
83788,2490,14,STILL,0.13066732,0.00078919,0.00603968,0.00529482,0.00879012,0.00893562,0.00596685,0.00693216,0.00975556,0.01562499,0.01695794,RELIABLE,RELIABLE,RELIABLE,RELIABLE,RELIABLE,RELIABLE,RELIABLE,RELIABLE,STATIONARY,STATIONARY,STATIONARY,STATIONARY,STATIONARY,STATIONARY,MOVING,MOVING,MOVING
83818,2491,14,STILL,0.13047867,0.00039459,0.00302421,0.00475430,0.00844266,0.00889714,0.00560101,0.00624977,0.00858512,0.01359835,0.01439031,RELIABLE,RELIABLE,RELIABLE,RELIABLE,RELIABLE,RELIABLE,RELIABLE,RELIABLE,STATIONARY,STATIONARY,STATIONARY,STATIONARY,STATIONARY,STATIONARY,MOVING,MOVING,MOVING
83850,2492,14,STILL,0.13085209,0.00126913,0.00969896,0.00550644,0.01002490,0.01041510,0.00612867,0.00643203,0.00918458,0.01393399,0.01395744,RELIABLE,RELIABLE,RELIABLE,RELIABLE,RELIABLE,RELIABLE,RELIABLE,RELIABLE,STATIONARY,STATIONARY,STATIONARY,STATIONARY,STATIONARY,STATIONARY,MOVING,MOVING,MOVING
83881,2493,14,STILL,0.13136164,0.00061003,0.00464388,0.00561406,0.00963592,0.00977239,0.00553837,0.00600826,0.00977697,0.01648016,0.01468659,RELIABLE,RELIABLE,RELIABLE,RELIABLE,RELIABLE,RELIABLE,RELIABLE,RELIABLE,STATIONARY,STATIONARY,STATIONARY,STATIONARY,STATIONARY,STATIONARY,MOVING,MOVING,MOVING
83916,2494,14,STILL,0.13137963,0.00138263,0.01052392,0.00669306,0.01033149,0.01056096,0.00555621,0.00612556,0.01009348,0.01809428,0.01517452,RELIABLE,RELIABLE,RELIABLE,RELIABLE,RELIABLE,RELIABLE,RELIABLE,RELIABLE,STATIONARY,STATIONARY,STATIONARY,STATIONARY,STATIONARY,STATIONARY,MOVING,MOVING,MOVING
83945,2495,14,STILL,0.13139038,0.00069131,0.00526153,0.00601583,0.00862458,0.00894391,0.00429093,0.00552258,0.00767655,0.01498887,0.01202136,RELIABLE,RELIABLE,RELIABLE,RELIABLE,RELIABLE,RELIABLE,RELIABLE,RELIABLE,STATIONARY,STATIONARY,STATIONARY,STATIONARY,STATIONARY,STATIONARY,MOVING,MOVING,MOVING
83977,2496,14,STILL,0.13134439,0.00126814,0.00965506,0.00677954,0.01016790,0.01043903,0.00493406,0.00485860,0.00908697,0.01739950,0.01353717,RELIABLE,RELIABLE,RELIABLE,RELIABLE,RELIABLE,RELIABLE,RELIABLE,RELIABLE,STATIONARY,STATIONARY,STATIONARY,STATIONARY,STATIONARY,STATIONARY,MOVING,MOVING,MOVING
84008,2497,14,STILL,0.13064128,0.00071420,0.00546689,0.00678926,0.00978538,0.01001240,0.00514669,0.00456780,0.00982239,0.01866669,0.01340609,RELIABLE,RELIABLE,RELIABLE,RELIABLE,RELIABLE,RELIABLE,RELIABLE,RELIABLE,STATIONARY,STATIONARY,STATIONARY,STATIONARY,STATIONARY,STATIONARY,MOVING,MOVING,MOVING
84043,2498,14,STILL,0.13110706,0.00048016,0.00366236,0.00649210,0.00851358,0.00917949,0.00498680,0.00474358,0.00966437,0.01899054,0.01446730,RELIABLE,RELIABLE,RELIABLE,RELIABLE,RELIABLE,RELIABLE,RELIABLE,RELIABLE,STATIONARY,STATIONARY,STATIONARY,STATIONARY,STATIONARY,STATIONARY,MOVING,MOVING,MOVING
84076,2499,14,STILL,0.13190882,0.00077719,0.00589187,0.00685056,0.00906609,0.00944241,0.00584558,0.00524142,0.00995244,0.01968240,0.01443736,RELIABLE,RELIABLE,RELIABLE,RELIABLE,RELIABLE,RELIABLE,RELIABLE,RELIABLE,STATIONARY,STATIONARY,STATIONARY,STATIONARY,STATIONARY,STATIONARY,MOVING,MOVING,MOVING
84124,2500,14,STILL,0.13148280,0.00108594,0.00825918,0.00667058,0.00889201,0.00911814,0.00665746,0.00580237,0.01016678,0.02030629,0.01529133,RELIABLE,RELIABLE,RELIABLE,RELIABLE,RELIABLE,RELIABLE,RELIABLE,RELIABLE,STATIONARY,STATIONARY,STATIONARY,STATIONARY,STATIONARY,STATIONARY,MOVING,MOVING,MOVING
84150,2501,14,STILL,0.13127197,0.00054297,0.00413622,0.00660713,0.00929481,0.00955205,0.00703857,0.00589211,0.00954205,0.01709789,0.01390229,RELIABLE,RELIABLE,RELIABLE,RELIABLE,RELIABLE,RELIABLE,RELIABLE,RELIABLE,STATIONARY,STATIONARY,STATIONARY,STATIONARY,STATIONARY,STATIONARY,MOVING,MOVING,MOVING
84181,2502,14,STILL,0.13167573,0.00035501,0.00269608,0.00562865,0.00852932,0.00879748,0.00754824,0.00605357,0.00940537,0.01624706,0.01410100,RELIABLE,RELIABLE,RELIABLE,RELIABLE,RELIABLE,RELIABLE,RELIABLE,RELIABLE,STATIONARY,STATIONARY,STATIONARY,STATIONARY,STATIONARY,STATIONARY,MOVING,MOVING,MOVING
84212,2503,14,STILL,0.13143517,0.00150773,0.01147127,0.00640486,0.01022163,0.01054519,0.00826986,0.00675152,0.01094218,0.01735650,0.01600041,RELIABLE,RELIABLE,RELIABLE,RELIABLE,RELIABLE,RELIABLE,RELIABLE,RELIABLE,STATIONARY,STATIONARY,STATIONARY,STATIONARY,STATIONARY,STATIONARY,MOVING,MOVING,MOVING
84252,2504,14,STILL,0.13118675,0.00030491,0.00232424,0.00548851,0.00824041,0.00836605,0.00768153,0.00680804,0.00907959,0.01576601,0.01502945,RELIABLE,RELIABLE,RELIABLE,RELIABLE,RELIABLE,RELIABLE,RELIABLE,RELIABLE,STATIONARY,STATIONARY,STATIONARY,STATIONARY,STATIONARY,STATIONARY,MOVING,MOVING,MOVING
84291,2505,14,STILL,0.13106366,0.00015245,0.00116321,0.00495055,0.00767661,0.00751218,0.00695653,0.00631879,0.00792054,0.01506888,0.01357127,RELIABLE,RELIABLE,RELIABLE,RELIABLE,RELIABLE,RELIABLE,RELIABLE,RELIABLE,STATIONARY,STATIONARY,STATIONARY,STATIONARY,STATIONARY,STATIONARY,MOVING,MOVING,MOVING
84322,2506,14,STILL,0.13136188,0.00050926,0.00387674,0.00497735,0.00776387,0.00718258,0.00745438,0.00645355,0.00827908,0.01661799,0.01221694,RELIABLE,RELIABLE,RELIABLE,RELIABLE,RELIABLE,RELIABLE,RELIABLE,RELIABLE,STATIONARY,STATIONARY,STATIONARY,STATIONARY,STATIONARY,STATIONARY,MOVING,MOVING,MOVING
84354,2507,14,STILL,0.13164512,0.00071647,0.00544245,0.00492117,0.00705188,0.00665450,0.00716684,0.00589036,0.00909329,0.01800210,0.01368435,RELIABLE,RELIABLE,RELIABLE,RELIABLE,RELIABLE,RELIABLE,RELIABLE,RELIABLE,STATIONARY,STATIONARY,STATIONARY,STATIONARY,STATIONARY,STATIONARY,MOVING,MOVING,MOVING
84386,2508,14,STILL,0.13098437,0.00092687,0.00707621,0.00477330,0.00647337,0.00605584,0.00675659,0.00607697,0.00897866,0.01775571,0.01355531,RELIABLE,RELIABLE,RELIABLE,RELIABLE,RELIABLE,RELIABLE,RELIABLE,RELIABLE,STATIONARY,STATIONARY,STATIONARY,STATIONARY,STATIONARY,STATIONARY,MOVING,MOVING,MOVING
84418,2509,14,STILL,0.13070823,0.00102564,0.00784676,0.00523712,0.00698661,0.00643389,0.00672070,0.00616929,0.01014774,0.01949510,0.01439470,RELIABLE,RELIABLE,RELIABLE,RELIABLE,RELIABLE,RELIABLE,RELIABLE,RELIABLE,STATIONARY,STATIONARY,STATIONARY,STATIONARY,STATIONARY,STATIONARY,MOVING,MOVING,MOVING
84461,2510,14,STILL,0.13089238,0.00124203,0.00948895,0.00608623,0.00886497,0.00796061,0.00661248,0.00590092,0.01241565,0.02172576,0.01577652,RELIABLE,RELIABLE,RELIABLE,RELIABLE,RELIABLE,RELIABLE,RELIABLE,RELIABLE,STATIONARY,STATIONARY,STATIONARY,STATIONARY,STATIONARY,STATIONARY,MOVING,MOVING,MOVING
84495,2511,14,STILL,0.13099110,0.00062102,0.00474090,0.00524493,0.00772828,0.00659824,0.00609127,0.00514935,0.01194340,0.02130486,0.01466634,RELIABLE,RELIABLE,RELIABLE,RELIABLE,RELIABLE,RELIABLE,RELIABLE,RELIABLE,STATIONARY,STATIONARY,STATIONARY,STATIONARY,STATIONARY,STATIONARY,MOVING,MOVING,MOVING
84527,2512,14,STILL,0.13093417,0.00099171,0.00757410,0.00590116,0.00930207,0.00788537,0.00629212,0.00495862,0.01335258,0.02161587,0.01537792,RELIABLE,RELIABLE,RELIABLE,RELIABLE,RELIABLE,RELIABLE,RELIABLE,RELIABLE,STATIONARY,STATIONARY,STATIONARY,STATIONARY,STATIONARY,STATIONARY,MOVING,MOVING,MOVING
84559,2513,14,STILL,0.13062874,0.00075546,0.00578324,0.00647867,0.01034611,0.00881677,0.00654959,0.00584402,0.01314979,0.02148182,0.01683051,RELIABLE,RELIABLE,RELIABLE,RELIABLE,RELIABLE,RELIABLE,RELIABLE,RELIABLE,STATIONARY,STATIONARY,STATIONARY,STATIONARY,STATIONARY,STATIONARY,MOVING,MOVING,MOVING
84591,2514,14,STILL,0.13081610,0.00083497,0.00638275,0.00679192,0.01113173,0.00983538,0.00619628,0.00557697,0.01324356,0.01947270,0.01764087,RELIABLE,RELIABLE,RELIABLE,RELIABLE,RELIABLE,RELIABLE,RELIABLE,RELIABLE,STATIONARY,STATIONARY,STATIONARY,STATIONARY,STATIONARY,MOVING,MOVING,MOVING,MOVING
84622,2515,14,STILL,0.13172957,0.00109484,0.00831125,0.00715052,0.01175355,0.01081293,0.00594174,0.00636573,0.01253042,0.02120959,0.01703931,RELIABLE,RELIABLE,RELIABLE,RELIABLE,RELIABLE,RELIABLE,RELIABLE,RELIABLE,STATIONARY,STATIONARY,STATIONARY,STATIONARY,STATIONARY,MOVING,MOVING,MOVING,MOVING
84654,2516,14,STILL,0.13219657,0.00054742,0.00414095,0.00678361,0.01097798,0.01055138,0.00498620,0.00545335,0.01143756,0.02137874,0.01587537,RELIABLE,RELIABLE,RELIABLE,RELIABLE,RELIABLE,RELIABLE,RELIABLE,RELIABLE,STATIONARY,STATIONARY,STATIONARY,STATIONARY,STATIONARY,MOVING,MOVING,MOVING,MOVING
84685,2517,14,STILL,0.13165307,0.00050723,0.00385280,0.00628437,0.01020201,0.01003409,0.00448963,0.00624737,0.01005146,0.02165930,0.01465883,RELIABLE,RELIABLE,RELIABLE,RELIABLE,RELIABLE,RELIABLE,RELIABLE,RELIABLE,STATIONARY,STATIONARY,STATIONARY,STATIONARY,STATIONARY,MOVING,MOVING,MOVING,MOVING
84717,2518,14,STILL,0.13119101,0.00077072,0.00587478,0.00583259,0.00870562,0.00886934,0.00431034,0.00664584,0.00762574,0.01850512,0.01328647,RELIABLE,RELIABLE,RELIABLE,RELIABLE,RELIABLE,RELIABLE,RELIABLE,RELIABLE,STATIONARY,STATIONARY,STATIONARY,STATIONARY,STATIONARY,MOVING,MOVING,MOVING,MOVING
84748,2519,14,STILL,0.13038383,0.00069452,0.00532670,0.00590582,0.00859643,0.00887769,0.00514275,0.00730527,0.00722094,0.01812071,0.01370496,RELIABLE,RELIABLE,RELIABLE,RELIABLE,RELIABLE,RELIABLE,RELIABLE,RELIABLE,STATIONARY,STATIONARY,STATIONARY,STATIONARY,STATIONARY,MOVING,MOVING,MOVING,MOVING
84781,2520,14,STILL,0.12998252,0.00034726,0.00267157,0.00529301,0.00727450,0.00782449,0.00497060,0.00740212,0.00521854,0.01564756,0.01164931,RELIABLE,RELIABLE,RELIABLE,RELIABLE,RELIABLE,RELIABLE,RELIABLE,RELIABLE,STATIONARY,STATIONARY,STATIONARY,STATIONARY,STATIONARY,MOVING,MOVING,MOVING,MOVING
84828,2521,14,STILL,0.13105718,0.00069688,0.00531734,0.00523477,0.00707203,0.00787160,0.00490462,0.00703389,0.00589238,0.01785154,0.01004766,RELIABLE,RELIABLE,RELIABLE,RELIABLE,RELIABLE,RELIABLE,RELIABLE,RELIABLE,STATIONARY,STATIONARY,STATIONARY,STATIONARY,STATIONARY,MOVING,MOVING,MOVING,MOVING
84860,2522,14,STILL,0.13159482,0.00034844,0.00264781,0.00476790,0.00640274,0.00703182,0.00463889,0.00662443,0.00529683,0.01836009,0.00871367,RELIABLE,RELIABLE,RELIABLE,RELIABLE,RELIABLE,RELIABLE,RELIABLE,RELIABLE,STATIONARY,STATIONARY,STATIONARY,STATIONARY,STATIONARY,MOVING,MOVING,MOVING,MOVING
84891,2523,14,STILL,0.13210439,0.00117186,0.00887070,0.00483783,0.00714885,0.00744239,0.00550057,0.00637530,0.00542280,0.01567044,0.00804283,RELIABLE,RELIABLE,RELIABLE,RELIABLE,RELIABLE,RELIABLE,RELIABLE,RELIABLE,STATIONARY,STATIONARY,STATIONARY,STATIONARY,STATIONARY,MOVING,MOVING,MOVING,MOVING
84922,2524,14,STILL,0.13140288,0.00071702,0.00545665,0.00500229,0.00721999,0.00711525,0.00600544,0.00669211,0.00770071,0.01640605,0.01115228,RELIABLE,RELIABLE,RELIABLE,RELIABLE,RELIABLE,RELIABLE,RELIABLE,RELIABLE,STATIONARY,STATIONARY,STATIONARY,STATIONARY,STATIONARY,MOVING,MOVING,MOVING,MOVING
84956,2525,14,STILL,0.13091845,0.00043714,0.00333901,0.00493807,0.00688878,0.00673393,0.00643932,0.00577168,0.00857413,0.01428453,0.01255893,RELIABLE,RELIABLE,RELIABLE,RELIABLE,RELIABLE,RELIABLE,RELIABLE,RELIABLE,STATIONARY,STATIONARY,STATIONARY,STATIONARY,STATIONARY,MOVING,MOVING,MOVING,MOVING
84986,2526,14,STILL,0.13067840,0.00021857,0.00167257,0.00441280,0.00628694,0.00597344,0.00604599,0.00517920,0.00886539,0.01406364,0.01204932,RELIABLE,RELIABLE,RELIABLE,RELIABLE,RELIABLE,RELIABLE,RELIABLE,RELIABLE,STATIONARY,STATIONARY,STATIONARY,STATIONARY,STATIONARY,MOVING,MOVING,MOVING,MOVING
85018,2527,14,STILL,0.13069040,0.00088234,0.00675135,0.00459088,0.00709525,0.00669857,0.00553237,0.00475689,0.00829910,0.01337595,0.01251949,RELIABLE,RELIABLE,RELIABLE,RELIABLE,RELIABLE,RELIABLE,RELIABLE,RELIABLE,STATIONARY,STATIONARY,STATIONARY,STATIONARY,STATIONARY,MOVING,MOVING,MOVING,MOVING
85049,2528,14,STILL,0.13093570,0.00037981,0.00290077,0.00461953,0.00712171,0.00648631,0.00566754,0.00470262,0.00923496,0.01449424,0.01442362,RELIABLE,RELIABLE,RELIABLE,RELIABLE,RELIABLE,RELIABLE,RELIABLE,RELIABLE,STATIONARY,STATIONARY,STATIONARY,STATIONARY,STATIONARY,MOVING,MOVING,MOVING,MOVING
85083,2529,14,STILL,0.13070578,0.00088023,0.00673446,0.00479667,0.00768146,0.00694040,0.00594822,0.00469554,0.01074886,0.01405223,0.01593378,RELIABLE,RELIABLE,RELIABLE,RELIABLE,RELIABLE,RELIABLE,RELIABLE,RELIABLE,STATIONARY,STATIONARY,STATIONARY,STATIONARY,STATIONARY,MOVING,MOVING,MOVING,MOVING
85115,2530,14,STILL,0.13094372,0.00118854,0.00907671,0.00560028,0.00910727,0.00822049,0.00694780,0.00479824,0.01192540,0.01501156,0.01763746,RELIABLE,RELIABLE,RELIABLE,RELIABLE,RELIABLE,RELIABLE,RELIABLE,RELIABLE,STATIONARY,STATIONARY,STATIONARY,STATIONARY,STATIONARY,MOVING,MOVING,MOVING,MOVING
85145,2531,14,STILL,0.13106602,0.00059427,0.00453412,0.00505821,0.00807560,0.00724376,0.00612769,0.00419154,0.01184654,0.01455192,0.01791390,RELIABLE,RELIABLE,RELIABLE,RELIABLE,RELIABLE,RELIABLE,RELIABLE,RELIABLE,STATIONARY,STATIONARY,STATIONARY,STATIONARY,STATIONARY,MOVING,MOVING,MOVING,MOVING
85176,2532,14,STILL,0.13004259,0.00144052,0.01107730,0.00576079,0.00927167,0.00851482,0.00670084,0.00399145,0.01070306,0.01507273,0.01615179,RELIABLE,RELIABLE,RELIABLE,RELIABLE,RELIABLE,RELIABLE,RELIABLE,RELIABLE,STATIONARY,STATIONARY,STATIONARY,STATIONARY,STATIONARY,MOVING,MOVING,MOVING,MOVING
85207,2533,14,STILL,0.13078667,0.00099146,0.00758071,0.00629100,0.01045725,0.00995127,0.00653748,0.00405458,0.01182880,0.01690611,0.01717961,RELIABLE,RELIABLE,RELIABLE,RELIABLE,RELIABLE,RELIABLE,RELIABLE,RELIABLE,STATIONARY,STATIONARY,STATIONARY,STATIONARY,STATIONARY,MOVING,MOVING,MOVING,MOVING
85243,2534,14,STILL,0.13031405,0.00100863,0.00773999,0.00704943,0.01137934,0.01129169,0.00715493,0.00421199,0.01229705,0.01890973,0.01756585,RELIABLE,RELIABLE,RELIABLE,RELIABLE,RELIABLE,RELIABLE,RELIABLE,RELIABLE,STATIONARY,STATIONARY,STATIONARY,STATIONARY,STATIONARY,MOVING,MOVING,MOVING,MOVING
85292,2535,14,STILL,0.13076251,0.00124717,0.00953766,0.00739772,0.01144724,0.01133732,0.00727621,0.00483867,0.01405936,0.02009694,0.01843189,RELIABLE,RELIABLE,RELIABLE,RELIABLE,RELIABLE,RELIABLE,RELIABLE,RELIABLE,STATIONARY,STATIONARY,STATIONARY,STATIONARY,STATIONARY,MOVING,MOVING,MOVING,MOVING
85332,2536,14,STILL,0.13125213,0.00105691,0.00805254,0.00804169,0.01264403,0.01265739,0.00701819,0.00501902,0.01335767,0.02057153,0.01873163,RELIABLE,RELIABLE,RELIABLE,RELIABLE,RELIABLE,RELIABLE,RELIABLE,RELIABLE,STATIONARY,STATIONARY,STATIONARY,STATIONARY,STATIONARY,MOVING,MOVING,MOVING,MOVING
85363,2537,14,STILL,0.13149767,0.00052846,0.00401875,0.00770222,0.01197853,0.01189399,0.00649816,0.00452423,0.01119198,0.01865535,0.01779644,RELIABLE,RELIABLE,RELIABLE,RELIABLE,RELIABLE,RELIABLE,RELIABLE,RELIABLE,STATIONARY,STATIONARY,STATIONARY,STATIONARY,STATIONARY,MOVING,MOVING,MOVING,MOVING
85395,2538,14,STILL,0.13110139,0.00093137,0.00710418,0.00745566,0.01065546,0.01109285,0.00596595,0.00477638,0.01089414,0.02379079,0.01812449,RELIABLE,RELIABLE,RELIABLE,RELIABLE,RELIABLE,RELIABLE,RELIABLE,RELIABLE,STATIONARY,STATIONARY,STATIONARY,STATIONARY,STATIONARY,MOVING,MOVING,MOVING,MOVING
85427,2539,14,STILL,0.13102069,0.00053842,0.00410946,0.00740257,0.01052638,0.01105071,0.00625236,0.00519316,0.01081467,0.02409043,0.01795889,RELIABLE,RELIABLE,RELIABLE,RELIABLE,RELIABLE,RELIABLE,RELIABLE,RELIABLE,STATIONARY,STATIONARY,STATIONARY,STATIONARY,STATIONARY,MOVING,MOVING,MOVING,MOVING
85459,2540,14,STILL,0.13136597,0.00056773,0.00432172,0.00655813,0.00930011,0.00986441,0.00569010,0.00584578,0.01025192,0.02240456,0.01692531,RELIABLE,RELIABLE,RELIABLE,RELIABLE,RELIABLE,RELIABLE,RELIABLE,RELIABLE,STATIONARY,STATIONARY,STATIONARY,STATIONARY,STATIONARY,MOVING,MOVING,MOVING,MOVING
85490,2541,14,STILL,0.13154267,0.00028386,0.00215796,0.00588028,0.00804987,0.00839563,0.00552514,0.00583663,0.00814993,0.02041631,0.01437605,RELIABLE,RELIABLE,RELIABLE,RELIABLE,RELIABLE,RELIABLE,RELIABLE,RELIABLE,STATIONARY,STATIONARY,STATIONARY,STATIONARY,STATIONARY,MOVING,MOVING,MOVING,MOVING
85521,2542,14,STILL,0.13128824,0.00050164,0.00382090,0.00539040,0.00755962,0.00738711,0.00594903,0.00704282,0.00775445,0.01964002,0.01486650,RELIABLE,RELIABLE,RELIABLE,RELIABLE,RELIABLE,RELIABLE,RELIABLE,RELIABLE,STATIONARY,STATIONARY,STATIONARY,STATIONARY,STATIONARY,MOVING,MOVING,MOVING,MOVING
85552,2543,14,STILL,0.13051306,0.00043643,0.00334399,0.00461619,0.00615622,0.00617332,0.00684835,0.00675216,0.00654006,0.01969190,0.01281781,RELIABLE,RELIABLE,RELIABLE,RELIABLE,RELIABLE,RELIABLE,RELIABLE,RELIABLE,STATIONARY,STATIONARY,STATIONARY,STATIONARY,STATIONARY,MOVING,MOVING,MOVING,MOVING
85584,2544,14,STILL,0.13014854,0.00073990,0.00568507,0.00432025,0.00527033,0.00576762,0.00719832,0.00698188,0.00638274,0.01973679,0.01060506,RELIABLE,RELIABLE,RELIABLE,RELIABLE,RELIABLE,RELIABLE,RELIABLE,RELIABLE,STATIONARY,STATIONARY,STATIONARY,STATIONARY,STATIONARY,MOVING,MOVING,MOVING,MOVING
85615,2545,14,STILL,0.12996760,0.00036995,0.00284649,0.00417372,0.00482961,0.00556715,0.00737441,0.00709785,0.00630520,0.01976315,0.00950227,RELIABLE,RELIABLE,RELIABLE,RELIABLE,RELIABLE,RELIABLE,RELIABLE,RELIABLE,STATIONARY,STATIONARY,STATIONARY,STATIONARY,STATIONARY,MOVING,MOVING,MOVING,MOVING
85660,2546,14,STILL,0.13046220,0.00086138,0.00660254,0.00411102,0.00543405,0.00603565,0.00802436,0.00709487,0.00623858,0.01357336,0.00817770,RELIABLE,RELIABLE,RELIABLE,RELIABLE,RELIABLE,RELIABLE,RELIABLE,RELIABLE,STATIONARY,STATIONARY,STATIONARY,STATIONARY,STATIONARY,MOVING,MOVING,MOVING,MOVING
85694,2547,14,STILL,0.13070978,0.00043069,0.00329502,0.00400921,0.00520358,0.00591090,0.00779611,0.00680221,0.00613535,0.01274624,0.00784492,RELIABLE,RELIABLE,RELIABLE,RELIABLE,RELIABLE,RELIABLE,RELIABLE,RELIABLE,STATIONARY,STATIONARY,STATIONARY,STATIONARY,STATIONARY,MOVING,MOVING,MOVING,MOVING
85726,2548,14,STILL,0.13105123,0.00129893,0.00991161,0.00470795,0.00651084,0.00761124,0.00748697,0.00621448,0.00585156,0.01229461,0.00942356,RELIABLE,RELIABLE,RELIABLE,RELIABLE,RELIABLE,RELIABLE,RELIABLE,RELIABLE,STATIONARY,STATIONARY,STATIONARY,STATIONARY,STATIONARY,MOVING,MOVING,MOVING,MOVING
85756,2549,14,STILL,0.13099169,0.00088659,0.00676831,0.00528424,0.00696562,0.00815243,0.00817525,0.00669619,0.00767883,0.01507331,0.01222672,RELIABLE,RELIABLE,RELIABLE,RELIABLE,RELIABLE,RELIABLE,RELIABLE,RELIABLE,STATIONARY,STATIONARY,STATIONARY,STATIONARY,STATIONARY,MOVING,MOVING,MOVING,MOVING
85788,2550,14,STILL,0.13071279,0.00080598,0.00616601,0.00557738,0.00781218,0.00899664,0.00759487,0.00622707,0.00749342,0.01519436,0.01135434,RELIABLE,RELIABLE,RELIABLE,RELIABLE,RELIABLE,RELIABLE,RELIABLE,RELIABLE,STATIONARY,STATIONARY,STATIONARY,STATIONARY,STATIONARY,MOVING,MOVING,MOVING,MOVING
85817,2551,14,STILL,0.13057347,0.00040299,0.00308629,0.00554517,0.00804030,0.00905824,0.00620041,0.00600497,0.00679444,0.01401648,0.01071117,RELIABLE,RELIABLE,RELIABLE,RELIABLE,RELIABLE,RELIABLE,RELIABLE,RELIABLE,STATIONARY,STATIONARY,STATIONARY,STATIONARY,STATIONARY,MOVING,MOVING,MOVING,MOVING
85849,2552,14,STILL,0.13138310,0.00101186,0.00770160,0.00579724,0.00872994,0.00903144,0.00587954,0.00575814,0.00732078,0.01395286,0.01129112,RELIABLE,RELIABLE,RELIABLE,RELIABLE,RELIABLE,RELIABLE,RELIABLE,RELIABLE,STATIONARY,STATIONARY,STATIONARY,STATIONARY,STATIONARY,MOVING,MOVING,MOVING,MOVING
85880,2553,14,STILL,0.13185828,0.00056763,0.00430483,0.00597953,0.00897506,0.00898633,0.00659475,0.00607697,0.00836491,0.01431711,0.01296200,RELIABLE,RELIABLE,RELIABLE,RELIABLE,RELIABLE,RELIABLE,RELIABLE,RELIABLE,STATIONARY,STATIONARY,STATIONARY,STATIONARY,STATIONARY,MOVING,MOVING,MOVING,MOVING
85911,2554,14,STILL,0.13140475,0.00061001,0.00464222,0.00573449,0.00836658,0.00780307,0.00636883,0.00607503,0.00794544,0.01551801,0.01442329,RELIABLE,RELIABLE,RELIABLE,RELIABLE,RELIABLE,RELIABLE,RELIABLE,RELIABLE,STATIONARY,STATIONARY,STATIONARY,STATIONARY,STATIONARY,MOVING,MOVING,MOVING,MOVING
85948,2555,14,STILL,0.13123599,0.00050906,0.00387894,0.00580748,0.00849061,0.00794391,0.00687815,0.00629583,0.00882508,0.01626414,0.01643439,RELIABLE,RELIABLE,RELIABLE,RELIABLE,RELIABLE,RELIABLE,RELIABLE,RELIABLE,STATIONARY,STATIONARY,STATIONARY,STATIONARY,STATIONARY,MOVING,MOVING,MOVING,MOVING
85975,2556,14,STILL,0.13116124,0.00025453,0.00194058,0.00481110,0.00688427,0.00619272,0.00697743,0.00586089,0.00891107,0.01568831,0.01510452,RELIABLE,RELIABLE,RELIABLE,RELIABLE,RELIABLE,RELIABLE,RELIABLE,RELIABLE,STATIONARY,STATIONARY,STATIONARY,STATIONARY,STATIONARY,MOVING,MOVING,MOVING,MOVING
86007,2557,14,STILL,0.13089922,0.00091907,0.00702121,0.00484271,0.00748281,0.00697888,0.00682737,0.00608008,0.00878446,0.01519148,0.01438369,RELIABLE,RELIABLE,RELIABLE,RELIABLE,RELIABLE,RELIABLE,RELIABLE,RELIABLE,STATIONARY,STATIONARY,STATIONARY,STATIONARY,STATIONARY,MOVING,MOVING,MOVING,MOVING
86039,2558,14,STILL,0.13118039,0.00132250,0.01008151,0.00533215,0.00748846,0.00752346,0.00658929,0.00596992,0.01052654,0.01530477,0.01563420,RELIABLE,RELIABLE,RELIABLE,RELIABLE,RELIABLE,RELIABLE,RELIABLE,RELIABLE,STATIONARY,STATIONARY,STATIONARY,STATIONARY,STATIONARY,MOVING,MOVING,MOVING,MOVING
86076,2559,14,STILL,0.13130215,0.00048225,0.00367280,0.00540546,0.00739933,0.00767094,0.00696479,0.00640551,0.01147113,0.01565496,0.01692219,RELIABLE,RELIABLE,RELIABLE,RELIABLE,RELIABLE,RELIABLE,RELIABLE,RELIABLE,STATIONARY,STATIONARY,STATIONARY,STATIONARY,STATIONARY,MOVING,MOVING,MOVING,MOVING
86116,2560,14,STILL,0.13073863,0.00034859,0.00266631,0.00477605,0.00626159,0.00690751,0.00728031,0.00670047,0.01171814,0.01604202,0.01931462,RELIABLE,RELIABLE,RELIABLE,RELIABLE,RELIABLE,RELIABLE,RELIABLE,RELIABLE,STATIONARY,STATIONARY,STATIONARY,STATIONARY,STATIONARY,MOVING,MOVING,MOVING,MOVING
86156,2561,14,STILL,0.13026927,0.00065222,0.00500667,0.00486378,0.00652187,0.00743215,0.00655801,0.00771479,0.01210696,0.01659806,0.02034378,RELIABLE,RELIABLE,RELIABLE,RELIABLE,RELIABLE,RELIABLE,RELIABLE,RELIABLE,STATIONARY,STATIONARY,STATIONARY,STATIONARY,STATIONARY,MOVING,MOVING,MOVING,MOVING
86196,2562,14,STILL,0.13003661,0.00032611,0.00250781,0.00459698,0.00640548,0.00765612,0.00563284,0.00784165,0.01206981,0.01479557,0.01926629,RELIABLE,RELIABLE,RELIABLE,RELIABLE,RELIABLE,RELIABLE,RELIABLE,RELIABLE,STATIONARY,STATIONARY,STATIONARY,STATIONARY,STATIONARY,MOVING,MOVING,MOVING,MOVING
86228,2563,14,STILL,0.13074622,0.00081594,0.00624067,0.00489219,0.00616424,0.00763388,0.00511950,0.00878685,0.01237127,0.01580960,0.01924837,RELIABLE,RELIABLE,RELIABLE,RELIABLE,RELIABLE,RELIABLE,RELIABLE,RELIABLE,STATIONARY,STATIONARY,STATIONARY,STATIONARY,STATIONARY,MOVING,MOVING,MOVING,MOVING
86259,2564,14,STILL,0.13058105,0.00052302,0.00400534,0.00515029,0.00688986,0.00833983,0.00525650,0.00946560,0.01198297,0.01598069,0.01853285,RELIABLE,RELIABLE,RELIABLE,RELIABLE,RELIABLE,RELIABLE,RELIABLE,RELIABLE,STATIONARY,STATIONARY,STATIONARY,STATIONARY,STATIONARY,MOVING,MOVING,MOVING,MOVING
86290,2565,14,STILL,0.13014362,0.00058056,0.00446093,0.00483025,0.00638626,0.00764950,0.00535764,0.00925322,0.01147906,0.01515939,0.01817764,RELIABLE,RELIABLE,RELIABLE,RELIABLE,RELIABLE,RELIABLE,RELIABLE,RELIABLE,STATIONARY,STATIONARY,STATIONARY,STATIONARY,STATIONARY,MOVING,MOVING,MOVING,MOVING
86321,2566,14,STILL,0.12992517,0.00029028,0.00223422,0.00384934,0.00534512,0.00623162,0.00529050,0.00874056,0.00995996,0.01435161,0.01702567,RELIABLE,RELIABLE,RELIABLE,RELIABLE,RELIABLE,RELIABLE,RELIABLE,RELIABLE,STATIONARY,STATIONARY,STATIONARY,STATIONARY,STATIONARY,MOVING,MOVING,MOVING,MOVING
86353,2567,14,STILL,0.13032691,0.00073942,0.00567355,0.00409944,0.00536865,0.00598253,0.00503720,0.00884540,0.00990908,0.01601925,0.01718466,RELIABLE,RELIABLE,RELIABLE,RELIABLE,RELIABLE,RELIABLE,RELIABLE,RELIABLE,STATIONARY,STATIONARY,STATIONARY,STATIONARY,STATIONARY,MOVING,MOVING,MOVING,MOVING
86385,2568,14,STILL,0.13156537,0.00065178,0.00495401,0.00438540,0.00591443,0.00635215,0.00479322,0.00929846,0.00993660,0.01592786,0.01515441,RELIABLE,RELIABLE,RELIABLE,RELIABLE,RELIABLE,RELIABLE,RELIABLE,RELIABLE,STATIONARY,STATIONARY,STATIONARY,STATIONARY,STATIONARY,MOVING,MOVING,MOVING,MOVING
86417,2569,14,STILL,0.13148980,0.00057972,0.00440884,0.00431067,0.00557036,0.00601344,0.00523103,0.00842722,0.00908818,0.01625288,0.01453623,RELIABLE,RELIABLE,RELIABLE,RELIABLE,RELIABLE,RELIABLE,RELIABLE,RELIABLE,STATIONARY,STATIONARY,STATIONARY,STATIONARY,STATIONARY,MOVING,MOVING,MOVING,MOVING
86449,2570,14,STILL,0.13192425,0.00072358,0.00548483,0.00468280,0.00562240,0.00607174,0.00552155,0.00838568,0.00998853,0.01808516,0.01472073,RELIABLE,RELIABLE,RELIABLE,RELIABLE,RELIABLE,RELIABLE,RELIABLE,RELIABLE,STATIONARY,STATIONARY,STATIONARY,STATIONARY,STATIONARY,MOVING,MOVING,MOVING,MOVING
86493,2571,14,STILL,0.13267109,0.00095919,0.00722986,0.00480645,0.00660586,0.00671715,0.00577162,0.00865081,0.01007330,0.02024887,0.01489266,RELIABLE,RELIABLE,RELIABLE,RELIABLE,RELIABLE,RELIABLE,RELIABLE,RELIABLE,STATIONARY,STATIONARY,STATIONARY,STATIONARY,STATIONARY,MOVING,MOVING,MOVING,MOVING
86527,2572,14,STILL,0.13304454,0.00047960,0.00360478,0.00475638,0.00624909,0.00632040,0.00550133,0.00857453,0.01065159,0.02165952,0.01568055,RELIABLE,RELIABLE,RELIABLE,RELIABLE,RELIABLE,RELIABLE,RELIABLE,RELIABLE,STATIONARY,STATIONARY,STATIONARY,STATIONARY,STATIONARY,MOVING,MOVING,MOVING,MOVING
86559,2573,14,STILL,0.13293675,0.00063737,0.00479456,0.00479808,0.00607548,0.00627120,0.00571742,0.00846795,0.00995749,0.02073592,0.01439260,RELIABLE,RELIABLE,RELIABLE,RELIABLE,RELIABLE,RELIABLE,RELIABLE,RELIABLE,STATIONARY,STATIONARY,STATIONARY,STATIONARY,STATIONARY,MOVING,MOVING,MOVING,MOVING
86590,2574,14,STILL,0.13216748,0.00037474,0.00283531,0.00487322,0.00641375,0.00668371,0.00743842,0.00930173,0.01037405,0.02041638,0.01469979,RELIABLE,RELIABLE,RELIABLE,RELIABLE,RELIABLE,RELIABLE,RELIABLE,RELIABLE,STATIONARY,STATIONARY,STATIONARY,STATIONARY,STATIONARY,MOVING,MOVING,MOVING,MOVING
86621,2575,14,STILL,0.13185135,0.00125417,0.00951203,0.00535303,0.00797643,0.00841673,0.00820139,0.00925880,0.00998605,0.01949877,0.01405801,RELIABLE,RELIABLE,RELIABLE,RELIABLE,RELIABLE,RELIABLE,RELIABLE,RELIABLE,STATIONARY,STATIONARY,STATIONARY,STATIONARY,STATIONARY,MOVING,MOVING,MOVING,MOVING
86653,2576,14,STILL,0.13187154,0.00096539,0.00732069,0.00564886,0.00950662,0.01012876,0.00826632,0.00968592,0.00956224,0.01756994,0.01351169,RELIABLE,RELIABLE,RELIABLE,RELIABLE,RELIABLE,RELIABLE,RELIABLE,RELIABLE,STATIONARY,STATIONARY,STATIONARY,STATIONARY,STATIONARY,MOVING,MOVING,MOVING,MOVING
86684,2577,14,STILL,0.13188215,0.00048270,0.00366005,0.00555526,0.01015851,0.01063270,0.00774276,0.00968753,0.00916578,0.01547452,0.01162705,RELIABLE,RELIABLE,RELIABLE,RELIABLE,RELIABLE,RELIABLE,RELIABLE,RELIABLE,STATIONARY,STATIONARY,STATIONARY,STATIONARY,STATIONARY,MOVING,MOVING,MOVING,MOVING
86716,2578,14,STILL,0.13201098,0.00118701,0.00899176,0.00599363,0.01110437,0.01208106,0.00993440,0.00999624,0.00961032,0.01524344,0.01143093,RELIABLE,RELIABLE,RELIABLE,RELIABLE,RELIABLE,RELIABLE,RELIABLE,RELIABLE,STATIONARY,STATIONARY,STATIONARY,STATIONARY,STATIONARY,MOVING,MOVING,MOVING,MOVING
86747,2579,14,STILL,0.13282223,0.00161198,0.01213638,0.00660695,0.01332774,0.01397259,0.01099198,0.01010431,0.01075619,0.01548660,0.01373570,RELIABLE,RELIABLE,RELIABLE,RELIABLE,RELIABLE,RELIABLE,RELIABLE,RELIABLE,STATIONARY,STATIONARY,STATIONARY,STATIONARY,STATIONARY,MOVING,MOVING,MOVING,MOVING
86780,2580,14,STILL,0.13287414,0.00143657,0.01081150,0.00750779,0.01550345,0.01572746,0.01376324,0.01087729,0.01163963,0.01533956,0.01436279,RELIABLE,RELIABLE,RELIABLE,RELIABLE,RELIABLE,RELIABLE,RELIABLE,RELIABLE,STATIONARY,STATIONARY,MOVING,STATIONARY,STATIONARY,MOVING,MOVING,MOVING,MOVING
86812,2581,14,STILL,0.13332593,0.00141515,0.01061419,0.00823524,0.01800659,0.01822227,0.01671147,0.01188582,0.01274060,0.01571744,0.01411188,RELIABLE,RELIABLE,RELIABLE,RELIABLE,RELIABLE,RELIABLE,RELIABLE,RELIABLE,STATIONARY,MOVING,MOVING,STATIONARY,STATIONARY,MOVING,MOVING,MOVING,MOVING
86860,2582,14,STILL,0.13168906,0.00156282,0.01186747,0.00936426,0.01961257,0.01954695,0.02057656,0.01304828,0.01411881,0.01904109,0.01415063,RELIABLE,RELIABLE,RELIABLE,RELIABLE,RELIABLE,RELIABLE,RELIABLE,RELIABLE,STATIONARY,MOVING,MOVING,MOVING,STATIONARY,MOVING,MOVING,MOVING,MOVING
86888,2583,14,STILL,0.13088799,0.00078141,0.00597005,0.00892151,0.01857638,0.01835346,0.02235008,0.01324472,0.01462971,0.01910748,0.01357164,RELIABLE,RELIABLE,RELIABLE,RELIABLE,RELIABLE,RELIABLE,RELIABLE,RELIABLE,STATIONARY,MOVING,MOVING,MOVING,STATIONARY,MOVING,MOVING,MOVING,MOVING
86920,2584,14,STILL,0.13098371,0.00171106,0.01306314,0.00963932,0.01971801,0.01952248,0.02659736,0.01307290,0.01532642,0.02144667,0.01413666,RELIABLE,RELIABLE,RELIABLE,RELIABLE,RELIABLE,RELIABLE,RELIABLE,RELIABLE,STATIONARY,MOVING,MOVING,MOVING,MOVING,MOVING,MOVING,MOVING,MOVING
86951,2585,14,STILL,0.13259617,0.00204599,0.01543026,0.01111059,0.02189977,0.02153346,0.03158015,0.01376270,0.01892423,0.02521844,0.01887563,RELIABLE,RELIABLE,RELIABLE,RELIABLE,RELIABLE,RELIABLE,RELIABLE,RELIABLE,STATIONARY,MOVING,MOVING,MOVING,MOVING,MOVING,MOVING,MOVING,MOVING
86988,2586,14,STILL,0.13318914,0.00242027,0.01817166,0.01225808,0.02520144,0.02421779,0.03419686,0.01490936,0.01931690,0.02575188,0.01953262,RELIABLE,RELIABLE,RELIABLE,RELIABLE,RELIABLE,RELIABLE,RELIABLE,RELIABLE,STATIONARY,MOVING,MOVING,MOVING,MOVING,MOVING,MOVING,MOVING,MOVING
87015,2587,14,STILL,0.13348846,0.00121013,0.00906546,0.01187422,0.02389495,0.02317420,0.03486247,0.01413767,0.01754394,0.02234938,0.01557597,RELIABLE,RELIABLE,RELIABLE,RELIABLE,RELIABLE,RELIABLE,RELIABLE,RELIABLE,STATIONARY,MOVING,MOVING,MOVING,MOVING,MOVING,MOVING,MOVING,MOVING
87046,2588,14,STILL,0.13349871,0.00162987,0.01220886,0.01204889,0.02305358,0.02335807,0.03644881,0.01479317,0.02060104,0.02715118,0.01965877,RELIABLE,RELIABLE,RELIABLE,RELIABLE,RELIABLE,RELIABLE,RELIABLE,RELIABLE,STATIONARY,MOVING,MOVING,MOVING,MOVING,MOVING,MOVING,MOVING,MOVING
87077,2589,14,STILL,0.13234092,0.00138328,0.01045242,0.01202866,0.02336113,0.02378265,0.03800647,0.01448478,0.02116697,0.03066541,0.02150304,RELIABLE,RELIABLE,RELIABLE,RELIABLE,RELIABLE,RELIABLE,RELIABLE,RELIABLE,STATIONARY,MOVING,MOVING,MOVING,MOVING,MOVING,MOVING,MOVING,MOVING
87116,2590,14,STILL,0.13176472,0.00356961,0.02709082,0.01393158,0.02797051,0.02859290,0.03933687,0.01403773,0.02104992,0.02883415,0.02190329,RELIABLE,RELIABLE,RELIABLE,RELIABLE,RELIABLE,RELIABLE,RELIABLE,RELIABLE,MOVING,MOVING,MOVING,MOVING,MOVING,MOVING,MOVING,MOVING,MOVING
87154,2591,14,STILL,0.13147970,0.00178481,0.01357477,0.01488217,0.03027548,0.03099892,0.03999143,0.01380863,0.02098606,0.02790826,0.02210094,RELIABLE,RELIABLE,RELIABLE,RELIABLE,RELIABLE,RELIABLE,RELIABLE,RELIABLE,MOVING,MOVING,MOVING,MOVING,MOVING,MOVING,MOVING,MOVING,MOVING
87186,2592,14,STILL,0.13179652,0.00402172,0.03051461,0.01706361,0.03371439,0.03322583,0.04091431,0.01478784,0.02267498,0.02843099,0.02287523,RELIABLE,RELIABLE,RELIABLE,RELIABLE,RELIABLE,RELIABLE,RELIABLE,RELIABLE,MOVING,MOVING,MOVING,MOVING,MOVING,MOVING,MOVING,MOVING,MOVING
87218,2593,14,STILL,0.13173403,0.00364784,0.02769091,0.01859619,0.03834487,0.03751398,0.04239416,0.01775818,0.02222179,0.02606309,0.01994296,RELIABLE,RELIABLE,RELIABLE,RELIABLE,RELIABLE,RELIABLE,RELIABLE,RELIABLE,MOVING,MOVING,MOVING,MOVING,MOVING,MOVING,MOVING,MOVING,MOVING
87248,2594,14,STILL,0.13289207,0.00656479,0.04939945,0.02249966,0.04555122,0.04444041,0.04197308,0.02212823,0.02430614,0.02527437,0.02024199,RELIABLE,RELIABLE,RELIABLE,RELIABLE,RELIABLE,RELIABLE,RELIABLE,RELIABLE,MOVING,MOVING,MOVING,MOVING,MOVING,MOVING,MOVING,MOVING,MOVING
87280,2595,14,STILL,0.13324273,0.00513275,0.03852183,0.02618171,0.05490299,0.05372942,0.04598628,0.02681308,0.02704509,0.02774547,0.02065542,RELIABLE,RELIABLE,RELIABLE,RELIABLE,RELIABLE,RELIABLE,RELIABLE,RELIABLE,MOVING,MOVING,MOVING,MOVING,MOVING,MOVING,MOVING,MOVING,MOVING
87324,2596,14,STILL,0.13375808,0.00483510,0.03614808,0.02917411,0.06176340,0.06048433,0.04539749,0.03189448,0.02590136,0.02198599,0.01598797,RELIABLE,RELIABLE,RELIABLE,RELIABLE,RELIABLE,RELIABLE,RELIABLE,RELIABLE,MOVING,MOVING,MOVING,MOVING,MOVING,MOVING,MOVING,MOVING,MOVING
87360,2597,14,STILL,0.13403229,0.00241755,0.01803706,0.03012219,0.06270018,0.06144378,0.04174518,0.03385055,0.02512310,0.01728161,0.01413650,RELIABLE,RELIABLE,RELIABLE,RELIABLE,RELIABLE,RELIABLE,RELIABLE,RELIABLE,MOVING,MOVING,MOVING,MOVING,MOVING,MOVING,MOVING,MOVING,MOVING
87390,2598,14,STILL,0.13479208,0.00713379,0.05292442,0.03335139,0.06891611,0.06849139,0.03927536,0.03368576,0.02527854,0.01651947,0.01515118,RELIABLE,RELIABLE,RELIABLE,RELIABLE,RELIABLE,RELIABLE,RELIABLE,RELIABLE,MOVING,MOVING,MOVING,MOVING,MOVING,MOVING,MOVING,MOVING,MOVING
87421,2599,14,STILL,0.13518642,0.00534264,0.03952057,0.03659462,0.07562811,0.07681525,0.04056464,0.03717025,0.02687878,0.01759212,0.01709722,RELIABLE,RELIABLE,RELIABLE,RELIABLE,RELIABLE,RELIABLE,RELIABLE,RELIABLE,MOVING,MOVING,MOVING,MOVING,MOVING,MOVING,MOVING,MOVING,MOVING
87452,2600,14,STILL,0.13636637,0.00445506,0.03266980,0.03686402,0.07732092,0.08000550,0.04058909,0.03802335,0.02792116,0.01687887,0.01754285,RELIABLE,RELIABLE,RELIABLE,RELIABLE,RELIABLE,RELIABLE,RELIABLE,RELIABLE,MOVING,MOVING,MOVING,MOVING,MOVING,MOVING,MOVING,MOVING,MOVING
87484,2601,14,STILL,0.13626406,0.00336039,0.02466085,0.03648526,0.07647995,0.08016874,0.03610704,0.03774905,0.02629736,0.01585575,0.01655863,RELIABLE,RELIABLE,RELIABLE,RELIABLE,RELIABLE,RELIABLE,RELIABLE,RELIABLE,MOVING,MOVING,MOVING,MOVING,MOVING,MOVING,MOVING,MOVING,MOVING
87513,2602,14,STILL,0.13621524,0.00168019,0.01233485,0.03185218,0.06811402,0.07236555,0.03237670,0.03322248,0.02261225,0.01381322,0.01477149,RELIABLE,RELIABLE,RELIABLE,RELIABLE,RELIABLE,RELIABLE,RELIABLE,RELIABLE,MOVING,MOVING,MOVING,MOVING,MOVING,MOVING,MOVING,MOVING,MOVING
87545,2603,14,STILL,0.13581431,0.00259990,0.01914303,0.02942983,0.06074720,0.06353293,0.03011789,0.02958191,0.02117992,0.01256453,0.01803086,RELIABLE,RELIABLE,RELIABLE,RELIABLE,RELIABLE,RELIABLE,RELIABLE,RELIABLE,MOVING,MOVING,MOVING,MOVING,MOVING,MOVING,MOVING,MOVING,MOVING
87577,2604,14,STILL,0.13574779,0.00259689,0.01913027,0.02730261,0.05641211,0.05831048,0.02908956,0.02452287,0.01931368,0.01338189,0.01860396,RELIABLE,RELIABLE,RELIABLE,RELIABLE,RELIABLE,RELIABLE,RELIABLE,RELIABLE,MOVING,MOVING,MOVING,MOVING,MOVING,MOVING,MOVING,MOVING,MOVING
87612,2605,14,STILL,0.13706911,0.00222688,0.01624637,0.02707877,0.05611383,0.05838655,0.03046301,0.02498637,0.01916621,0.01498715,0.02015141,RELIABLE,RELIABLE,RELIABLE,RELIABLE,RELIABLE,RELIABLE,RELIABLE,RELIABLE,MOVING,MOVING,MOVING,MOVING,MOVING,MOVING,MOVING,MOVING,MOVING
87644,2606,14,STILL,0.13679472,0.00263217,0.01924179,0.02286844,0.04777086,0.04803878,0.02757094,0.02515777,0.01797774,0.01457512,0.01838843,RELIABLE,RELIABLE,RELIABLE,RELIABLE,RELIABLE,RELIABLE,RELIABLE,RELIABLE,MOVING,MOVING,MOVING,MOVING,MOVING,MOVING,MOVING,MOVING,MOVING
87692,2607,14,STILL,0.13593541,0.00281131,0.02068124,0.02051352,0.04209886,0.03919125,0.02336664,0.02263359,0.01707758,0.01537302,0.01753084,RELIABLE,RELIABLE,RELIABLE,RELIABLE,RELIABLE,RELIABLE,RELIABLE,RELIABLE,MOVING,MOVING,MOVING,MOVING,MOVING,MOVING,MOVING,MOVING,MOVING
87718,2608,14,STILL,0.13551892,0.00140566,0.01037240,0.01772635,0.03561906,0.03158392,0.01788394,0.02024909,0.01366483,0.01402803,0.01543749,RELIABLE,RELIABLE,RELIABLE,RELIABLE,RELIABLE,RELIABLE,RELIABLE,RELIABLE,MOVING,MOVING,MOVING,MOVING,MOVING,MOVING,MOVING,MOVING,MOVING
87748,2609,14,STILL,0.13643419,0.00150423,0.01102529,0.01602190,0.03100161,0.02580668,0.01878003,0.01766596,0.01292829,0.01538057,0.01523736,RELIABLE,RELIABLE,RELIABLE,RELIABLE,RELIABLE,RELIABLE,RELIABLE,RELIABLE,MOVING,MOVING,MOVING,MOVING,MOVING,MOVING,MOVING,MOVING,MOVING
87779,2610,14,STILL,0.13691748,0.00144765,0.01057318,0.01580170,0.03033608,0.02427619,0.02106212,0.01698358,0.01441335,0.02124164,0.01768927,RELIABLE,RELIABLE,RELIABLE,RELIABLE,RELIABLE,RELIABLE,RELIABLE,RELIABLE,MOVING,MOVING,MOVING,MOVING,MOVING,MOVING,MOVING,MOVING,MOVING
87820,2611,14,STILL,0.13622941,0.00190328,0.01397111,0.01515521,0.02881508,0.02421128,0.01909160,0.01646265,0.01323460,0.02146917,0.01519811,RELIABLE,RELIABLE,RELIABLE,RELIABLE,RELIABLE,RELIABLE,RELIABLE,RELIABLE,MOVING,MOVING,MOVING,MOVING,MOVING,MOVING,MOVING,MOVING,MOVING
87858,2612,14,STILL,0.13589108,0.00095164,0.00700295,0.01363929,0.02565141,0.02136536,0.01710898,0.01494628,0.01205889,0.02091231,0.01435420,RELIABLE,RELIABLE,RELIABLE,RELIABLE,RELIABLE,RELIABLE,RELIABLE,RELIABLE,MOVING,MOVING,MOVING,MOVING,MOVING,MOVING,MOVING,MOVING,MOVING
87890,2613,14,STILL,0.13590322,0.00421236,0.03099527,0.01548290,0.02782900,0.01903454,0.01721505,0.01306364,0.01258530,0.02303573,0.01560611,RELIABLE,RELIABLE,RELIABLE,RELIABLE,RELIABLE,RELIABLE,RELIABLE,RELIABLE,MOVING,MOVING,MOVING,MOVING,MOVING,MOVING,MOVING,MOVING,MOVING
87921,2614,14,STILL,0.13457128,0.00134463,0.00999197,0.01432668,0.02557426,0.01766113,0.01625381,0.01302170,0.01233722,0.02683120,0.01629618,RELIABLE,RELIABLE,RELIABLE,RELIABLE,RELIABLE,RELIABLE,RELIABLE,RELIABLE,MOVING,MOVING,MOVING,MOVING,MOVING,MOVING,MOVING,MOVING,MOVING
87953,2615,14,STILL,0.13342483,0.00265964,0.01993364,0.01423323,0.02468905,0.01686688,0.01936319,0.01420686,0.01287099,0.02780581,0.01612277,RELIABLE,RELIABLE,RELIABLE,RELIABLE,RELIABLE,RELIABLE,RELIABLE,RELIABLE,MOVING,MOVING,MOVING,MOVING,MOVING,MOVING,MOVING,MOVING,MOVING
87985,2616,14,STILL,0.13313768,0.00145198,0.01090587,0.01429991,0.02502347,0.01763515,0.02043848,0.01565831,0.01389153,0.02799057,0.01669625,RELIABLE,RELIABLE,RELIABLE,RELIABLE,RELIABLE,RELIABLE,RELIABLE,RELIABLE,MOVING,MOVING,MOVING,MOVING,MOVING,MOVING,MOVING,MOVING,MOVING
