timestamp_ms,frame_number,HEAD_motion,LEFT_ARM_motion,RIGHT_ARM_motion,TORSO_motion,LEFT_LEG_motion,RIGHT_LEG_motion,HEAD_observability,LEFT_ARM_observability,RIGHT_ARM_observability,TORSO_observability,LEFT_LEG_observability,RIGHT_LEG_observability,HEAD_state,LEFT_ARM_state,RIGHT_ARM_state,TORSO_state,LEFT_LEG_state,RIGHT_LEG_state,OVERALL_state
56672,1654,,,,,,,UNRELIABLE,UNRELIABLE,UNRELIABLE,UNRELIABLE,UNRELIABLE,UNRELIABLE,UNCERTAIN,UNCERTAIN,UNCERTAIN,UNCERTAIN,UNCERTAIN,UNCERTAIN,UNCERTAIN
56723,1655,,,,,,,UNRELIABLE,UNRELIABLE,UNRELIABLE,UNRELIABLE,UNRELIABLE,UNRELIABLE,UNCERTAIN,UNCERTAIN,UNCERTAIN,UNCERTAIN,UNCERTAIN,UNCERTAIN,UNCERTAIN
56754,1656,,,,,,,UNRELIABLE,UNRELIABLE,UNRELIABLE,UNRELIABLE,UNRELIABLE,UNRELIABLE,UNCERTAIN,UNCERTAIN,UNCERTAIN,UNCERTAIN,UNCERTAIN,UNCERTAIN,UNCERTAIN
56787,1657,,,,,,,UNRELIABLE,UNRELIABLE,UNRELIABLE,UNRELIABLE,UNRELIABLE,UNRELIABLE,UNCERTAIN,UNCERTAIN,UNCERTAIN,UNCERTAIN,UNCERTAIN,UNCERTAIN,UNCERTAIN
56819,1658,,,,,,,UNRELIABLE,UNRELIABLE,UNRELIABLE,UNRELIABLE,UNRELIABLE,UNRELIABLE,UNCERTAIN,UNCERTAIN,UNCERTAIN,UNCERTAIN,UNCERTAIN,UNCERTAIN,UNCERTAIN
56851,1659,,,,,,,UNRELIABLE,UNRELIABLE,UNRELIABLE,UNRELIABLE,UNRELIABLE,UNRELIABLE,UNCERTAIN,UNCERTAIN,UNCERTAIN,UNCERTAIN,UNCERTAIN,UNCERTAIN,UNCERTAIN
56883,1660,,,,,,,UNRELIABLE,UNRELIABLE,UNRELIABLE,UNRELIABLE,UNRELIABLE,UNRELIABLE,UNCERTAIN,UNCERTAIN,UNCERTAIN,UNCERTAIN,UNCERTAIN,UNCERTAIN,UNCERTAIN
56915,1661,,,,,,,UNRELIABLE,UNRELIABLE,UNRELIABLE,UNRELIABLE,UNRELIABLE,UNRELIABLE,UNCERTAIN,UNCERTAIN,UNCERTAIN,UNCERTAIN,UNCERTAIN,UNCERTAIN,UNCERTAIN
56947,1662,,,,,,,UNRELIABLE,UNRELIABLE,UNRELIABLE,UNRELIABLE,UNRELIABLE,UNRELIABLE,UNCERTAIN,UNCERTAIN,UNCERTAIN,UNCERTAIN,UNCERTAIN,UNCERTAIN,UNCERTAIN
56980,1663,,,,,,,UNRELIABLE,UNRELIABLE,UNRELIABLE,UNRELIABLE,UNRELIABLE,UNRELIABLE,UNCERTAIN,UNCERTAIN,UNCERTAIN,UNCERTAIN,UNCERTAIN,UNCERTAIN,UNCERTAIN
57027,1664,,,,,,,UNRELIABLE,UNRELIABLE,UNRELIABLE,UNRELIABLE,UNRELIABLE,UNRELIABLE,UNCERTAIN,UNCERTAIN,UNCERTAIN,UNCERTAIN,UNCERTAIN,UNCERTAIN,UNCERTAIN
57060,1665,,,,,,,UNRELIABLE,UNRELIABLE,UNRELIABLE,UNRELIABLE,UNRELIABLE,UNRELIABLE,UNCERTAIN,UNCERTAIN,UNCERTAIN,UNCERTAIN,UNCERTAIN,UNCERTAIN,UNCERTAIN
57085,1666,,,,,,,UNRELIABLE,UNRELIABLE,UNRELIABLE,UNRELIABLE,UNRELIABLE,UNRELIABLE,UNCERTAIN,UNCERTAIN,UNCERTAIN,UNCERTAIN,UNCERTAIN,UNCERTAIN,UNCERTAIN
57122,1667,,,,,,,UNRELIABLE,UNRELIABLE,UNRELIABLE,UNRELIABLE,UNRELIABLE,UNRELIABLE,UNCERTAIN,UNCERTAIN,UNCERTAIN,UNCERTAIN,UNCERTAIN,UNCERTAIN,UNCERTAIN
57155,1668,,,,,,,UNRELIABLE,UNRELIABLE,UNRELIABLE,UNRELIABLE,UNRELIABLE,UNRELIABLE,UNCERTAIN,UNCERTAIN,UNCERTAIN,UNCERTAIN,UNCERTAIN,UNCERTAIN,UNCERTAIN
57187,1669,,,,,,,UNRELIABLE,UNRELIABLE,UNRELIABLE,UNRELIABLE,UNRELIABLE,UNRELIABLE,UNCERTAIN,UNCERTAIN,UNCERTAIN,UNCERTAIN,UNCERTAIN,UNCERTAIN,UNCERTAIN
57219,1670,,,,,,,UNRELIABLE,UNRELIABLE,UNRELIABLE,UNRELIABLE,UNRELIABLE,UNRELIABLE,UNCERTAIN,UNCERTAIN,UNCERTAIN,UNCERTAIN,UNCERTAIN,UNCERTAIN,UNCERTAIN
57251,1671,,,,,,,UNRELIABLE,UNRELIABLE,UNRELIABLE,UNRELIABLE,UNRELIABLE,UNRELIABLE,UNCERTAIN,UNCERTAIN,UNCERTAIN,UNCERTAIN,UNCERTAIN,UNCERTAIN,UNCERTAIN
57283,1672,,,,,,,UNRELIABLE,UNRELIABLE,UNRELIABLE,UNRELIABLE,UNRELIABLE,UNRELIABLE,UNCERTAIN,UNCERTAIN,UNCERTAIN,UNCERTAIN,UNCERTAIN,UNCERTAIN,UNCERTAIN
57315,1673,,,,,,,UNRELIABLE,UNRELIABLE,UNRELIABLE,UNRELIABLE,UNRELIABLE,UNRELIABLE,UNCERTAIN,UNCERTAIN,UNCERTAIN,UNCERTAIN,UNCERTAIN,UNCERTAIN,UNCERTAIN
57347,1674,,,,,,,UNRELIABLE,UNRELIABLE,UNRELIABLE,UNRELIABLE,UNRELIABLE,UNRELIABLE,UNCERTAIN,UNCERTAIN,UNCERTAIN,UNCERTAIN,UNCERTAIN,UNCERTAIN,UNCERTAIN
57379,1675,,,,,,,UNRELIABLE,UNRELIABLE,UNRELIABLE,UNRELIABLE,UNRELIABLE,UNRELIABLE,UNCERTAIN,UNCERTAIN,UNCERTAIN,UNCERTAIN,UNCERTAIN,UNCERTAIN,UNCERTAIN
57427,1676,,,,,,,UNRELIABLE,UNRELIABLE,UNRELIABLE,UNRELIABLE,UNRELIABLE,UNRELIABLE,UNCERTAIN,UNCERTAIN,UNCERTAIN,UNCERTAIN,UNCERTAIN,UNCERTAIN,UNCERTAIN
57447,1677,,,,,,,UNRELIABLE,UNRELIABLE,UNRELIABLE,UNRELIABLE,UNRELIABLE,UNRELIABLE,UNCERTAIN,UNCERTAIN,UNCERTAIN,UNCERTAIN,UNCERTAIN,UNCERTAIN,UNCERTAIN
57462,1678,,,,,,,UNRELIABLE,UNRELIABLE,UNRELIABLE,UNRELIABLE,UNRELIABLE,UNRELIABLE,UNCERTAIN,UNCERTAIN,UNCERTAIN,UNCERTAIN,UNCERTAIN,UNCERTAIN,UNCERTAIN
57523,1679,,,,,,,UNRELIABLE,UNRELIABLE,UNRELIABLE,UNRELIABLE,UNRELIABLE,UNRELIABLE,UNCERTAIN,UNCERTAIN,UNCERTAIN,UNCERTAIN,UNCERTAIN,UNCERTAIN,UNCERTAIN
57554,1680,,,,,,,UNRELIABLE,UNRELIABLE,UNRELIABLE,UNRELIABLE,UNRELIABLE,UNRELIABLE,UNCERTAIN,UNCERTAIN,UNCERTAIN,UNCERTAIN,UNCERTAIN,UNCERTAIN,UNCERTAIN
57586,1681,,,,,,,UNRELIABLE,UNRELIABLE,UNRELIABLE,UNRELIABLE,UNRELIABLE,UNRELIABLE,UNCERTAIN,UNCERTAIN,UNCERTAIN,UNCERTAIN,UNCERTAIN,UNCERTAIN,UNCERTAIN
57619,1682,,,,,,,UNRELIABLE,UNRELIABLE,UNRELIABLE,UNRELIABLE,UNRELIABLE,UNRELIABLE,UNCERTAIN,UNCERTAIN,UNCERTAIN,UNCERTAIN,UNCERTAIN,UNCERTAIN,UNCERTAIN
57651,1683,,,,,,,UNRELIABLE,UNRELIABLE,UNRELIABLE,UNRELIABLE,UNRELIABLE,UNRELIABLE,UNCERTAIN,UNCERTAIN,UNCERTAIN,UNCERTAIN,UNCERTAIN,UNCERTAIN,UNCERTAIN
57683,1684,,,,,,,UNRELIABLE,UNRELIABLE,UNRELIABLE,UNRELIABLE,UNRELIABLE,UNRELIABLE,UNCERTAIN,UNCERTAIN,UNCERTAIN,UNCERTAIN,UNCERTAIN,UNCERTAIN,UNCERTAIN
57715,1685,,,,,,,UNRELIABLE,UNRELIABLE,UNRELIABLE,UNRELIABLE,UNRELIABLE,UNRELIABLE,UNCERTAIN,UNCERTAIN,UNCERTAIN,UNCERTAIN,UNCERTAIN,UNCERTAIN,UNCERTAIN
57747,1686,,,,,,,UNRELIABLE,UNRELIABLE,UNRELIABLE,UNRELIABLE,UNRELIABLE,UNRELIABLE,UNCERTAIN,UNCERTAIN,UNCERTAIN,UNCERTAIN,UNCERTAIN,UNCERTAIN,UNCERTAIN
57794,1687,,,,,,,UNRELIABLE,UNRELIABLE,UNRELIABLE,UNRELIABLE,UNRELIABLE,UNRELIABLE,UNCERTAIN,UNCERTAIN,UNCERTAIN,UNCERTAIN,UNCERTAIN,UNCERTAIN,UNCERTAIN
57827,1688,,,,,,,UNRELIABLE,UNRELIABLE,UNRELIABLE,UNRELIABLE,UNRELIABLE,UNRELIABLE,UNCERTAIN,UNCERTAIN,UNCERTAIN,UNCERTAIN,UNCERTAIN,UNCERTAIN,UNCERTAIN
57856,1689,,,,,,,UNRELIABLE,UNRELIABLE,UNRELIABLE,UNRELIABLE,UNRELIABLE,UNRELIABLE,UNCERTAIN,UNCERTAIN,UNCERTAIN,UNCERTAIN,UNCERTAIN,UNCERTAIN,UNCERTAIN
57872,1690,,,,,,,UNRELIABLE,UNRELIABLE,UNRELIABLE,UNRELIABLE,UNRELIABLE,UNRELIABLE,UNCERTAIN,UNCERTAIN,UNCERTAIN,UNCERTAIN,UNCERTAIN,UNCERTAIN,UNCERTAIN
57922,1691,,,,,,,UNRELIABLE,UNRELIABLE,UNRELIABLE,UNRELIABLE,UNRELIABLE,UNRELIABLE,UNCERTAIN,UNCERTAIN,UNCERTAIN,UNCERTAIN,UNCERTAIN,UNCERTAIN,UNCERTAIN
57956,1692,,,,,,,UNRELIABLE,UNRELIABLE,UNRELIABLE,UNRELIABLE,UNRELIABLE,UNRELIABLE,UNCERTAIN,UNCERTAIN,UNCERTAIN,UNCERTAIN,UNCERTAIN,UNCERTAIN,UNCERTAIN
57987,1693,,,,,,,UNRELIABLE,UNRELIABLE,UNRELIABLE,UNRELIABLE,UNRELIABLE,UNRELIABLE,UNCERTAIN,UNCERTAIN,UNCERTAIN,UNCERTAIN,UNCERTAIN,UNCERTAIN,UNCERTAIN
58019,1694,,,,,,,UNRELIABLE,UNRELIABLE,UNRELIABLE,UNRELIABLE,UNRELIABLE,UNRELIABLE,UNCERTAIN,UNCERTAIN,UNCERTAIN,UNCERTAIN,UNCERTAIN,UNCERTAIN,UNCERTAIN
58051,1695,,0.00000000,0.00000000,0.00000000,0.00000000,0.00000000,UNRELIABLE,RELIABLE,RELIABLE,RELIABLE,PARTIAL,PARTIAL,UNCERTAIN,STATIONARY,STATIONARY,STATIONARY,STATIONARY,STATIONARY,STATIONARY
58091,1696,,0.36301434,0.34560931,0.13330449,0.10818077,0.07297607,UNRELIABLE,RELIABLE,RELIABLE,RELIABLE,PARTIAL,PARTIAL,UNCERTAIN,STATIONARY,STATIONARY,STATIONARY,STATIONARY,STATIONARY,STATIONARY
58123,1697,,0.31193881,0.31793331,0.09943688,0.06378177,0.04472612,UNRELIABLE,RELIABLE,RELIABLE,RELIABLE,PARTIAL,PARTIAL,UNCERTAIN,STATIONARY,STATIONARY,STATIONARY,STATIONARY,STATIONARY,STATIONARY
58154,1698,,0.23602043,0.24532166,0.07034251,0.04760648,0.03346530,UNRELIABLE,RELIABLE,RELIABLE,RELIABLE,PARTIAL,PARTIAL,UNCERTAIN,MOVING,MOVING,MOVING,MOVING,MOVING,MOVING
58195,1699,,0.21105185,0.22084447,0.06329347,0.04710703,0.03250040,UNRELIABLE,RELIABLE,RELIABLE,RELIABLE,PARTIAL,PARTIAL,UNCERTAIN,MOVING,MOVING,MOVING,MOVING,MOVING,MOVING
58227,1700,,0.17038930,0.18096346,0.05156077,0.04327457,0.02822657,UNRELIABLE,RELIABLE,RELIABLE,RELIABLE,PARTIAL,PARTIAL,UNCERTAIN,MOVING,MOVING,MOVING,MOVING,MOVING,MOVING
58250,1701,,0.14437913,0.15472468,0.04406909,0.03943957,0.02437575,UNRELIABLE,RELIABLE,RELIABLE,RELIABLE,PARTIAL,PARTIAL,UNCERTAIN,MOVING,MOVING,MOVING,MOVING,MOVING,MOVING
58281,1702,,0.13873323,0.14919216,0.03922721,0.03818882,0.02270500,UNRELIABLE,RELIABLE,RELIABLE,RELIABLE,PARTIAL,PARTIAL,UNCERTAIN,MOVING,MOVING,MOVING,MOVING,MOVING,MOVING
58323,1703,,0.15186558,0.15831084,0.04698464,0.03677565,0.02250315,UNRELIABLE,RELIABLE,RELIABLE,RELIABLE,PARTIAL,PARTIAL,UNCERTAIN,MOVING,MOVING,MOVING,MOVING,MOVING,MOVING
58355,1704,,0.12123831,0.12607756,0.03505938,0.02443256,0.01382542,UNRELIABLE,RELIABLE,RELIABLE,RELIABLE,PARTIAL,PARTIAL,UNCERTAIN,MOVING,MOVING,MOVING,MOVING,MOVING,MOVING
58387,1705,,0.09489584,0.09824493,0.03040140,0.02536775,0.01318887,UNRELIABLE,RELIABLE,RELIABLE,RELIABLE,PARTIAL,PARTIAL,UNCERTAIN,MOVING,MOVING,MOVING,MOVING,MOVING,MOVING
58419,1706,,0.08718010,0.09089741,0.03052388,0.02638535,0.01266857,UNRELIABLE,RELIABLE,RELIABLE,RELIABLE,PARTIAL,PARTIAL,UNCERTAIN,MOVING,MOVING,MOVING,MOVING,MOVING,MOVING
58451,1707,,0.08376575,0.09032793,0.02757000,0.02423730,0.01154570,UNRELIABLE,RELIABLE,RELIABLE,RELIABLE,PARTIAL,PARTIAL,UNCERTAIN,MOVING,MOVING,MOVING,MOVING,MOVING,MOVING
58484,1708,,0.09460752,0.09801175,0.02779521,0.02176366,0.01033555,UNRELIABLE,RELIABLE,RELIABLE,RELIABLE,PARTIAL,PARTIAL,UNCERTAIN,MOVING,MOVING,MOVING,MOVING,MOVING,MOVING
58517,1709,,0.12048511,0.12598929,0.03961050,0.02766824,0.01668805,UNRELIABLE,RELIABLE,RELIABLE,RELIABLE,PARTIAL,PARTIAL,UNCERTAIN,MOVING,MOVING,MOVING,MOVING,MOVING,MOVING
58563,1710,,0.10949928,0.11361304,0.04053330,0.02645190,0.01700015,UNRELIABLE,RELIABLE,RELIABLE,RELIABLE,PARTIAL,PARTIAL,UNCERTAIN,MOVING,MOVING,MOVING,MOVING,MOVING,MOVING
58596,1711,,0.08766241,0.09572281,0.03198173,0.02516966,0.01811648,UNRELIABLE,RELIABLE,RELIABLE,RELIABLE,PARTIAL,PARTIAL,UNCERTAIN,MOVING,MOVING,MOVING,MOVING,MOVING,MOVING
58627,1712,,0.07759067,0.08720682,0.02854817,0.02521960,0.01949982,UNRELIABLE,RELIABLE,RELIABLE,RELIABLE,PARTIAL,PARTIAL,UNCERTAIN,MOVING,MOVING,MOVING,MOVING,MOVING,MOVING
58658,1713,,0.10121951,0.11346171,0.03580957,0.03068070,0.02253217,UNRELIABLE,RELIABLE,RELIABLE,RELIABLE,PARTIAL,PARTIAL,UNCERTAIN,MOVING,MOVING,MOVING,MOVING,MOVING,MOVING
58690,1714,,0.11632144,0.12889968,0.03874212,0.03156573,0.02252010,UNRELIABLE,RELIABLE,RELIABLE,RELIABLE,PARTIAL,PARTIAL,UNCERTAIN,MOVING,MOVING,MOVING,MOVING,MOVING,MOVING
58723,1715,,0.10525285,0.11437000,0.03699327,0.02822298,0.02017700,UNRELIABLE,RELIABLE,RELIABLE,RELIABLE,PARTIAL,PARTIAL,UNCERTAIN,MOVING,MOVING,MOVING,MOVING,MOVING,MOVING
58755,1716,,0.11242011,0.12094253,0.04330709,0.02948564,0.02147890,UNRELIABLE,RELIABLE,RELIABLE,RELIABLE,PARTIAL,PARTIAL,UNCERTAIN,MOVING,MOVING,MOVING,MOVING,MOVING,MOVING
58787,1717,,0.08840164,0.09272802,0.03303419,0.02305395,0.01839354,UNRELIABLE,RELIABLE,RELIABLE,RELIABLE,PARTIAL,PARTIAL,UNCERTAIN,MOVING,MOVING,MOVING,MOVING,MOVING,MOVING
58819,1718,,0.08675824,0.09103713,0.03147470,0.02127908,0.01673219,UNRELIABLE,RELIABLE,RELIABLE,RELIABLE,PARTIAL,PARTIAL,UNCERTAIN,MOVING,MOVING,MOVING,MOVING,MOVING,MOVING
58852,1719,,0.07835580,0.08170265,0.02767928,0.02023499,0.01357044,UNRELIABLE,RELIABLE,RELIABLE,RELIABLE,PARTIAL,PARTIAL,UNCERTAIN,MOVING,MOVING,MOVING,MOVING,MOVING,MOVING
58883,1720,,0.08593444,0.08824834,0.02973935,0.02066396,0.01382921,UNRELIABLE,RELIABLE,RELIABLE,RELIABLE,PARTIAL,PARTIAL,UNCERTAIN,MOVING,MOVING,MOVING,MOVING,MOVING,MOVING
58915,1721,,0.06427311,0.06046660,0.02089692,0.01322565,0.01004189,UNRELIABLE,RELIABLE,RELIABLE,RELIABLE,PARTIAL,PARTIAL,UNCERTAIN,MOVING,MOVING,MOVING,MOVING,MOVING,MOVING
58963,1722,,0.05988823,0.05286065,0.02045014,0.01106751,0.00995407,UNRELIABLE,RELIABLE,RELIABLE,RELIABLE,PARTIAL,PARTIAL,UNCERTAIN,MOVING,MOVING,MOVING,MOVING,MOVING,MOVING
58995,1723,,0.07298002,0.06529088,0.02818867,0.01388022,0.01323342,UNRELIABLE,RELIABLE,RELIABLE,RELIABLE,PARTIAL,PARTIAL,UNCERTAIN,MOVING,MOVING,MOVING,MOVING,MOVING,MOVING
59023,1724,,0.07288675,0.07204680,0.02802477,0.01212992,0.01202896,UNRELIABLE,RELIABLE,RELIABLE,RELIABLE,PARTIAL,PARTIAL,UNCERTAIN,MOVING,MOVING,MOVING,MOVING,MOVING,MOVING
59055,1725,,0.08170452,0.07507172,0.02999736,0.01213317,0.00895800,UNRELIABLE,RELIABLE,RELIABLE,RELIABLE,PARTIAL,PARTIAL,UNCERTAIN,MOVING,MOVING,MOVING,MOVING,MOVING,MOVING
59087,1726,,0.09606167,0.08809270,0.03275776,0.01170313,0.00895613,UNRELIABLE,RELIABLE,RELIABLE,RELIABLE,PARTIAL,PARTIAL,UNCERTAIN,MOVING,MOVING,MOVING,MOVING,MOVING,MOVING
59123,1727,,0.11071560,0.10076292,0.03712116,0.01332295,0.01132642,UNRELIABLE,RELIABLE,RELIABLE,RELIABLE,PARTIAL,PARTIAL,UNCERTAIN,MOVING,MOVING,MOVING,MOVING,MOVING,MOVING
59155,1728,,0.09972805,0.09361719,0.03542681,0.01296440,0.01260698,UNRELIABLE,RELIABLE,RELIABLE,RELIABLE,PARTIAL,PARTIAL,UNCERTAIN,MOVING,MOVING,MOVING,MOVING,MOVING,MOVING
59187,1729,,0.09176977,0.08735698,0.03385919,0.01172859,0.01270637,UNRELIABLE,RELIABLE,RELIABLE,RELIABLE,PARTIAL,PARTIAL,UNCERTAIN,MOVING,MOVING,MOVING,MOVING,MOVING,MOVING
59219,1730,,0.07856505,0.07459750,0.03035503,0.01153736,0.01315589,UNRELIABLE,RELIABLE,RELIABLE,RELIABLE,PARTIAL,PARTIAL,UNCERTAIN,MOVING,MOVING,MOVING,MOVING,MOVING,MOVING
59251,1731,,0.06339720,0.05931164,0.02250940,0.00903160,0.00996798,UNRELIABLE,RELIABLE,RELIABLE,RELIABLE,PARTIAL,PARTIAL,UNCERTAIN,MOVING,MOVING,MOVING,MOVING,MOVING,MOVING
59283,1732,,0.04468607,0.03616688,0.01661377,0.01042468,0.01269578,UNRELIABLE,RELIABLE,RELIABLE,RELIABLE,PARTIAL,PARTIAL,UNCERTAIN,MOVING,MOVING,MOVING,MOVING,MOVING,MOVING
59331,1733,,0.03321265,0.03066604,0.01306763,0.00991274,0.01277998,UNRELIABLE,RELIABLE,RELIABLE,RELIABLE,PARTIAL,PARTIAL,UNCERTAIN,MOVING,MOVING,MOVING,MOVING,MOVING,MOVING
59364,1734,,0.01889399,0.01753574,0.00999079,0.01126291,0.01526231,UNRELIABLE,RELIABLE,RELIABLE,RELIABLE,PARTIAL,PARTIAL,UNCERTAIN,MOVING,MOVING,MOVING,MOVING,MOVING,MOVING
59385,1735,,0.00424706,0.00446925,0.00562248,0.00952590,0.01397906,UNRELIABLE,RELIABLE,RELIABLE,RELIABLE,PARTIAL,PARTIAL,UNCERTAIN,MOVING,MOVING,MOVING,MOVING,MOVING,MOVING
59418,1736,,0.00335379,0.00296204,0.00435735,0.00908572,0.01195093,UNRELIABLE,RELIABLE,RELIABLE,RELIABLE,PARTIAL,PARTIAL,UNCERTAIN,MOVING,MOVING,MOVING,MOVING,MOVING,MOVING
59449,1737,,0.00323934,0.00250287,0.00414802,0.00904701,0.01139205,UNRELIABLE,RELIABLE,RELIABLE,RELIABLE,PARTIAL,PARTIAL,UNCERTAIN,MOVING,MOVING,MOVING,MOVING,MOVING,MOVING
59481,1738,,0.00310100,0.00260137,0.00374679,0.00777254,0.01048292,UNRELIABLE,RELIABLE,RELIABLE,RELIABLE,PARTIAL,PARTIAL,UNCERTAIN,MOVING,MOVING,MOVING,MOVING,MOVING,MOVING
59523,1739,,0.00319119,0.00243129,0.00435419,0.00963883,0.01154012,UNRELIABLE,RELIABLE,RELIABLE,RELIABLE,PARTIAL,PARTIAL,UNCERTAIN,MOVING,MOVING,MOVING,MOVING,MOVING,MOVING
59555,1740,,0.00322787,0.00232411,0.00372821,0.00918563,0.00919157,UNRELIABLE,RELIABLE,RELIABLE,RELIABLE,PARTIAL,PARTIAL,UNCERTAIN,MOVING,MOVING,MOVING,MOVING,MOVING,MOVING
59587,1741,,0.00246964,0.00224690,0.00353016,0.00914743,0.00986495,UNRELIABLE,RELIABLE,RELIABLE,RELIABLE,PARTIAL,PARTIAL,UNCERTAIN,MOVING,MOVING,MOVING,MOVING,MOVING,MOVING
59619,1742,,0.00217996,0.00207956,0.00389924,0.00934506,0.00897065,UNRELIABLE,RELIABLE,RELIABLE,RELIABLE,PARTIAL,PARTIAL,UNCERTAIN,STATIONARY,STATIONARY,STATIONARY,MOVING,MOVING,MOVING
59651,1743,,0.00221628,0.00211945,0.00379488,0.00869551,0.00763975,UNRELIABLE,RELIABLE,RELIABLE,RELIABLE,PARTIAL,PARTIAL,UNCERTAIN,STATIONARY,STATIONARY,STATIONARY,MOVING,MOVING,MOVING
59684,1744,,0.00205061,0.00210770,0.00364129,0.00806191,0.00640853,UNRELIABLE,RELIABLE,RELIABLE,RELIABLE,PARTIAL,PARTIAL,UNCERTAIN,STATIONARY,STATIONARY,STATIONARY,MOVING,MOVING,MOVING
59731,1745,,0.00257734,0.00227911,0.00437659,0.01005085,0.00710958,UNRELIABLE,RELIABLE,RELIABLE,RELIABLE,PARTIAL,PARTIAL,UNCERTAIN,STATIONARY,STATIONARY,STATIONARY,MOVING,MOVING,MOVING
59763,1746,,0.00297653,0.00292260,0.00685019,0.01525593,0.01431784,UNRELIABLE,RELIABLE,RELIABLE,RELIABLE,PARTIAL,PARTIAL,UNCERTAIN,STATIONARY,STATIONARY,STATIONARY,MOVING,MOVING,MOVING
59795,1747,,0.00291180,0.00292337,0.00638192,0.01386418,0.01376262,UNRELIABLE,RELIABLE,RELIABLE,RELIABLE,PARTIAL,PARTIAL,UNCERTAIN,STATIONARY,STATIONARY,STATIONARY,MOVING,MOVING,MOVING
59826,1748,,0.00355653,0.00312053,0.00665442,0.01375009,0.01377049,UNRELIABLE,RELIABLE,RELIABLE,RELIABLE,PARTIAL,PARTIAL,UNCERTAIN,STATIONARY,STATIONARY,STATIONARY,MOVING,MOVING,MOVING
59858,1749,,0.00385314,0.00396500,0.00670538,0.01288246,0.01291574,UNRELIABLE,RELIABLE,RELIABLE,RELIABLE,PARTIAL,PARTIAL,UNCERTAIN,STATIONARY,STATIONARY,STATIONARY,MOVING,MOVING,MOVING
59890,1750,,0.00417111,0.00458514,0.00656271,0.01226008,0.01188046,UNRELIABLE,RELIABLE,RELIABLE,RELIABLE,PARTIAL,PARTIAL,UNCERTAIN,STATIONARY,STATIONARY,STATIONARY,MOVING,MOVING,MOVING
59923,1751,,0.01933482,0.02034113,0.01293173,0.01539308,0.01737390,UNRELIABLE,RELIABLE,RELIABLE,RELIABLE,PARTIAL,PARTIAL,UNCERTAIN,STATIONARY,STATIONARY,STATIONARY,MOVING,MOVING,MOVING
59955,1752,,0.03167185,0.02339418,0.01597421,0.01837129,0.01863578,UNRELIABLE,RELIABLE,RELIABLE,RELIABLE,PARTIAL,PARTIAL,UNCERTAIN,STATIONARY,STATIONARY,STATIONARY,MOVING,MOVING,MOVING
59989,1753,,0.03434052,0.02530869,0.01645626,0.01681251,0.01837128,UNRELIABLE,RELIABLE,RELIABLE,RELIABLE,PARTIAL,PARTIAL,UNCERTAIN,MOVING,MOVING,MOVING,MOVING,MOVING,MOVING
60019,1754,,0.03463276,0.02656248,0.01437691,0.01181919,0.01154918,UNRELIABLE,RELIABLE,RELIABLE,RELIABLE,PARTIAL,PARTIAL,UNCERTAIN,MOVING,MOVING,MOVING,MOVING,MOVING,MOVING
60051,1755,0.00000000,0.07705789,0.06560207,0.02785716,0.01995493,0.01880548,RELIABLE,RELIABLE,RELIABLE,RELIABLE,PARTIAL,PARTIAL,STATIONARY,MOVING,MOVING,MOVING,MOVING,MOVING,MOVING
60099,1756,0.00399495,0.09539460,0.08664615,0.03281860,0.02019255,0.01980156,RELIABLE,RELIABLE,RELIABLE,RELIABLE,PARTIAL,PARTIAL,STATIONARY,MOVING,MOVING,MOVING,MOVING,MOVING,MOVING
60131,1757,0.00555740,0.11623526,0.10449847,0.04016339,0.02887793,0.02794628,PARTIAL,RELIABLE,RELIABLE,RELIABLE,PARTIAL,PARTIAL,STATIONARY,MOVING,MOVING,MOVING,MOVING,MOVING,MOVING
60160,1758,0.00469488,0.11843190,0.10670200,0.04167655,0.02962695,0.02951846,PARTIAL,RELIABLE,RELIABLE,RELIABLE,PARTIAL,PARTIAL,STATIONARY,MOVING,MOVING,MOVING,MOVING,MOVING,MOVING
60192,1759,0.00412565,0.10326248,0.09103723,0.03576244,0.02784981,0.02761130,RELIABLE,RELIABLE,RELIABLE,RELIABLE,PARTIAL,PARTIAL,STATIONARY,MOVING,MOVING,MOVING,MOVING,MOVING,MOVING
60224,1760,0.00354295,0.09092495,0.08796974,0.03280218,0.02547366,0.02665278,RELIABLE,RELIABLE,RELIABLE,RELIABLE,PARTIAL,PARTIAL,STATIONARY,MOVING,MOVING,MOVING,MOVING,MOVING,MOVING
60255,1761,0.00306772,0.08778613,0.08601511,0.03177774,0.02576522,0.02705607,RELIABLE,RELIABLE,RELIABLE,RELIABLE,PARTIAL,PARTIAL,STATIONARY,MOVING,MOVING,MOVING,MOVING,MOVING,MOVING
60286,1762,0.00283082,0.08705509,0.08407010,0.03164356,0.02595019,0.02776525,RELIABLE,RELIABLE,RELIABLE,RELIABLE,PARTIAL,PARTIAL,STATIONARY,MOVING,MOVING,MOVING,MOVING,MOVING,MOVING
60323,1763,0.00276870,0.04462070,0.04479951,0.01821013,0.01891715,0.02183446,RELIABLE,RELIABLE,RELIABLE,RELIABLE,PARTIAL,PARTIAL,STATIONARY,MOVING,MOVING,MOVING,MOVING,MOVING,MOVING
60356,1764,0.00270528,0.02669704,0.02475550,0.01456656,0.01939219,0.02132292,RELIABLE,RELIABLE,RELIABLE,RELIABLE,PARTIAL,PARTIAL,STATIONARY,MOVING,MOVING,MOVING,MOVING,MOVING,MOVING
60387,1765,0.00305521,0.03835186,0.03329628,0.01830598,0.01710110,0.01620676,RELIABLE,RELIABLE,RELIABLE,RELIABLE,PARTIAL,PARTIAL,STATIONARY,MOVING,MOVING,MOVING,MOVING,MOVING,MOVING
60419,1766,0.00313569,0.06165957,0.05441991,0.02590836,0.02086668,0.01915890,RELIABLE,RELIABLE,RELIABLE,RELIABLE,PARTIAL,PARTIAL,STATIONARY,MOVING,MOVING,MOVING,MOVING,MOVING,MOVING
60452,1767,0.00362328,0.06560545,0.05982426,0.02872113,0.02224212,0.01988495,RELIABLE,RELIABLE,RELIABLE,RELIABLE,PARTIAL,PARTIAL,STATIONARY,MOVING,MOVING,MOVING,MOVING,MOVING,MOVING
60499,1768,0.00469859,0.06614954,0.06063897,0.02920821,0.02178391,0.02065524,RELIABLE,RELIABLE,RELIABLE,RELIABLE,PARTIAL,PARTIAL,STATIONARY,MOVING,MOVING,MOVING,MOVING,MOVING,MOVING
60532,1769,0.00487358,0.06628120,0.06132941,0.02918413,0.02122032,0.01993610,RELIABLE,RELIABLE,RELIABLE,RELIABLE,PARTIAL,PARTIAL,STATIONARY,MOVING,MOVING,MOVING,MOVING,MOVING,MOVING
60554,1770,0.00501707,0.06628775,0.06137723,0.02923800,0.02161641,0.01947059,RELIABLE,RELIABLE,RELIABLE,RELIABLE,PARTIAL,PARTIAL,STATIONARY,MOVING,MOVING,MOVING,MOVING,MOVING,MOVING
60586,1771,0.00505338,0.06610984,0.06205396,0.02891764,0.01963055,0.01863590,RELIABLE,RELIABLE,RELIABLE,RELIABLE,PARTIAL,PARTIAL,STATIONARY,MOVING,MOVING,MOVING,MOVING,MOVING,MOVING
60618,1772,0.00504364,0.06520968,0.06075477,0.02722781,0.01782953,0.01795923,RELIABLE,RELIABLE,RELIABLE,RELIABLE,PARTIAL,PARTIAL,STATIONARY,MOVING,MOVING,MOVING,MOVING,MOVING,MOVING
60649,1773,0.00412544,0.03249367,0.03383688,0.01585819,0.01093487,0.01471005,RELIABLE,RELIABLE,RELIABLE,RELIABLE,PARTIAL,PARTIAL,STATIONARY,MOVING,MOVING,MOVING,MOVING,MOVING,MOVING
60681,1774,0.00428659,0.00704129,0.01075564,0.00688559,0.00557104,0.01022755,RELIABLE,RELIABLE,RELIABLE,RELIABLE,PARTIAL,PARTIAL,STATIONARY,MOVING,MOVING,MOVING,MOVING,MOVING,MOVING
60724,1775,0.00402196,0.00412617,0.00581886,0.00423892,0.00288507,0.00674838,RELIABLE,RELIABLE,RELIABLE,RELIABLE,PARTIAL,PARTIAL,STATIONARY,MOVING,MOVING,MOVING,MOVING,MOVING,MOVING
60755,1776,0.00335658,0.00402899,0.00550093,0.00393533,0.00285140,0.00648756,RELIABLE,RELIABLE,RELIABLE,RELIABLE,PARTIAL,PARTIAL,STATIONARY,MOVING,MOVING,MOVING,MOVING,MOVING,MOVING
60787,1777,0.00347255,0.00450033,0.00472529,0.00398109,0.00294086,0.00654106,RELIABLE,RELIABLE,RELIABLE,RELIABLE,PARTIAL,PARTIAL,STATIONARY,MOVING,MOVING,MOVING,MOVING,MOVING,MOVING
60819,1778,0.00335640,0.00484778,0.00478186,0.00362327,0.00221882,0.00581355,RELIABLE,RELIABLE,RELIABLE,RELIABLE,PARTIAL,PARTIAL,STATIONARY,MOVING,MOVING,MOVING,MOVING,MOVING,MOVING
60867,1779,0.00328272,0.00516151,0.00423096,0.00368411,0.00242546,0.00497213,RELIABLE,RELIABLE,RELIABLE,RELIABLE,PARTIAL,PARTIAL,STATIONARY,MOVING,MOVING,MOVING,MOVING,MOVING,MOVING
60899,1780,0.00294883,0.00512931,0.00419223,0.00352024,0.00231875,0.00460734,RELIABLE,RELIABLE,RELIABLE,RELIABLE,PARTIAL,PARTIAL,STATIONARY,MOVING,MOVING,MOVING,MOVING,MOVING,MOVING
60930,1781,0.00267295,0.00504945,0.00389425,0.00327383,0.00235108,0.00420007,RELIABLE,RELIABLE,RELIABLE,RELIABLE,PARTIAL,PARTIAL,STATIONARY,MOVING,MOVING,MOVING,STATIONARY,MOVING,MOVING
60962,1782,0.00215947,0.00479550,0.00297934,0.00281114,0.00202778,0.00351181,RELIABLE,RELIABLE,RELIABLE,RELIABLE,PARTIAL,PARTIAL,STATIONARY,STATIONARY,STATIONARY,STATIONARY,STATIONARY,MOVING,MOVING
60993,1783,0.00166872,0.00377855,0.00240292,0.00218124,0.00215273,0.00257429,RELIABLE,RELIABLE,RELIABLE,RELIABLE,PARTIAL,PARTIAL,STATIONARY,STATIONARY,STATIONARY,STATIONARY,STATIONARY,MOVING,MOVING
61025,1784,0.00216092,0.00337749,0.00184027,0.00196210,0.00288450,0.00208781,RELIABLE,RELIABLE,RELIABLE,RELIABLE,PARTIAL,PARTIAL,STATIONARY,STATIONARY,STATIONARY,STATIONARY,STATIONARY,MOVING,MOVING
61056,1785,0.00196924,0.00266785,0.00182161,0.00172296,0.00273486,0.00193550,RELIABLE,RELIABLE,RELIABLE,RELIABLE,PARTIAL,PARTIAL,STATIONARY,STATIONARY,STATIONARY,STATIONARY,STATIONARY,STATIONARY,STATIONARY
61087,1786,0.00188235,0.00224022,0.00149985,0.00169006,0.00257693,0.00195150,RELIABLE,RELIABLE,RELIABLE,RELIABLE,PARTIAL,PARTIAL,STATIONARY,STATIONARY,STATIONARY,STATIONARY,STATIONARY,STATIONARY,STATIONARY
61124,1787,0.00215101,0.00188127,0.00158321,0.00159634,0.00247439,0.00215188,RELIABLE,RELIABLE,RELIABLE,RELIABLE,PARTIAL,PARTIAL,STATIONARY,STATIONARY,STATIONARY,STATIONARY,STATIONARY,STATIONARY,STATIONARY
61155,1788,0.00270086,0.00184238,0.00167459,0.00179778,0.00281760,0.00274940,RELIABLE,RELIABLE,RELIABLE,RELIABLE,PARTIAL,PARTIAL,STATIONARY,STATIONARY,STATIONARY,STATIONARY,STATIONARY,STATIONARY,STATIONARY
61187,1789,0.00288852,0.00200596,0.00185439,0.00200165,0.00309685,0.00274342,RELIABLE,RELIABLE,RELIABLE,RELIABLE,PARTIAL,PARTIAL,STATIONARY,STATIONARY,STATIONARY,STATIONARY,STATIONARY,STATIONARY,STATIONARY
61219,1790,0.00296072,0.00204555,0.00207847,0.00207193,0.00314832,0.00277251,RELIABLE,RELIABLE,RELIABLE,RELIABLE,PARTIAL,PARTIAL,STATIONARY,STATIONARY,STATIONARY,STATIONARY,STATIONARY,STATIONARY,STATIONARY
61267,1791,0.00337888,0.00237535,0.00237105,0.00236275,0.00319643,0.00281578,RELIABLE,RELIABLE,RELIABLE,RELIABLE,PARTIAL,PARTIAL,STATIONARY,STATIONARY,STATIONARY,STATIONARY,STATIONARY,STATIONARY,STATIONARY
61299,1792,0.00241837,0.00264244,0.00245219,0.00240636,0.00248604,0.00252463,RELIABLE,RELIABLE,RELIABLE,RELIABLE,PARTIAL,PARTIAL,STATIONARY,STATIONARY,STATIONARY,STATIONARY,STATIONARY,STATIONARY,STATIONARY
61324,1793,0.00233496,0.00267308,0.00237718,0.00236293,0.00237845,0.00235420,RELIABLE,RELIABLE,RELIABLE,RELIABLE,PARTIAL,PARTIAL,STATIONARY,STATIONARY,STATIONARY,STATIONARY,STATIONARY,STATIONARY,STATIONARY
61355,1794,0.00230950,0.00282674,0.00260724,0.00237067,0.00246308,0.00226984,RELIABLE,RELIABLE,RELIABLE,RELIABLE,PARTIAL,PARTIAL,STATIONARY,STATIONARY,STATIONARY,STATIONARY,STATIONARY,STATIONARY,STATIONARY
61387,1795,0.00181152,0.00281287,0.00256338,0.00226013,0.00234124,0.00188206,RELIABLE,RELIABLE,RELIABLE,RELIABLE,PARTIAL,PARTIAL,STATIONARY,STATIONARY,STATIONARY,STATIONARY,STATIONARY,STATIONARY,STATIONARY
61419,1796,0.00128575,0.00279029,0.00240349,0.00208403,0.00201441,0.00129274,RELIABLE,RELIABLE,RELIABLE,RELIABLE,PARTIAL,PARTIAL,STATIONARY,STATIONARY,STATIONARY,STATIONARY,STATIONARY,STATIONARY,STATIONARY
61451,1797,0.00118505,0.00260623,0.00219216,0.00189536,0.00176611,0.00140341,RELIABLE,RELIABLE,RELIABLE,RELIABLE,PARTIAL,PARTIAL,STATIONARY,STATIONARY,STATIONARY,STATIONARY,STATIONARY,STATIONARY,STATIONARY
61482,1798,0.00105685,0.00254490,0.00203891,0.00172475,0.00166705,0.00130756,RELIABLE,RELIABLE,RELIABLE,RELIABLE,PARTIAL,PARTIAL,STATIONARY,STATIONARY,STATIONARY,STATIONARY,STATIONARY,STATIONARY,STATIONARY
61523,1799,0.00062746,0.00210258,0.00189649,0.00139911,0.00166421,0.00119470,RELIABLE,RELIABLE,RELIABLE,RELIABLE,PARTIAL,PARTIAL,STATIONARY,STATIONARY,STATIONARY,STATIONARY,STATIONARY,STATIONARY,STATIONARY
61555,1800,0.00061656,0.00169925,0.00166829,0.00115825,0.00141418,0.00112441,RELIABLE,RELIABLE,RELIABLE,RELIABLE,PARTIAL,PARTIAL,STATIONARY,STATIONARY,STATIONARY,STATIONARY,STATIONARY,STATIONARY,STATIONARY
61587,1801,0.00056560,0.00172181,0.00161360,0.00116314,0.00153891,0.00137236,RELIABLE,RELIABLE,RELIABLE,RELIABLE,PARTIAL,PARTIAL,STATIONARY,STATIONARY,STATIONARY,STATIONARY,STATIONARY,STATIONARY,STATIONARY
61619,1802,0.00054290,0.00155859,0.00139517,0.00109268,0.00155351,0.00144136,RELIABLE,RELIABLE,RELIABLE,RELIABLE,PARTIAL,PARTIAL,STATIONARY,STATIONARY,STATIONARY,STATIONARY,STATIONARY,STATIONARY,STATIONARY
61667,1803,0.00056678,0.00151398,0.00128234,0.00103800,0.00168010,0.00166431,RELIABLE,RELIABLE,RELIABLE,RELIABLE,PARTIAL,PARTIAL,STATIONARY,STATIONARY,STATIONARY,STATIONARY,STATIONARY,STATIONARY,STATIONARY
61685,1804,0.00050311,0.00130011,0.00108693,0.00091725,0.00159232,0.00162575,RELIABLE,RELIABLE,RELIABLE,RELIABLE,PARTIAL,PARTIAL,STATIONARY,STATIONARY,STATIONARY,STATIONARY,STATIONARY,STATIONARY,STATIONARY
61717,1805,0.00046682,0.00119447,0.00119313,0.00083995,0.00148185,0.00145280,RELIABLE,RELIABLE,RELIABLE,RELIABLE,PARTIAL,PARTIAL,STATIONARY,STATIONARY,STATIONARY,STATIONARY,STATIONARY,STATIONARY,STATIONARY
61748,1806,0.00044449,0.00091131,0.00122768,0.00076987,0.00142295,0.00143723,RELIABLE,RELIABLE,RELIABLE,RELIABLE,PARTIAL,PARTIAL,STATIONARY,STATIONARY,STATIONARY,STATIONARY,STATIONARY,STATIONARY,STATIONARY
61780,1807,0.00044751,0.00085932,0.00095067,0.00071013,0.00104257,0.00170580,RELIABLE,RELIABLE,RELIABLE,RELIABLE,PARTIAL,PARTIAL,STATIONARY,STATIONARY,STATIONARY,STATIONARY,STATIONARY,STATIONARY,STATIONARY
61811,1808,0.00040429,0.00078141,0.00085639,0.00064983,0.00097394,0.00167860,RELIABLE,RELIABLE,RELIABLE,RELIABLE,PARTIAL,PARTIAL,STATIONARY,STATIONARY,STATIONARY,STATIONARY,STATIONARY,STATIONARY,STATIONARY
61843,1809,0.00046685,0.00068532,0.00087851,0.00061067,0.00092034,0.00141769,RELIABLE,RELIABLE,RELIABLE,RELIABLE,PARTIAL,PARTIAL,STATIONARY,STATIONARY,STATIONARY,STATIONARY,STATIONARY,STATIONARY,STATIONARY
61875,1810,0.00042205,0.00064727,0.00082791,0.00062742,0.00083572,0.00146591,RELIABLE,RELIABLE,RELIABLE,RELIABLE,PARTIAL,PARTIAL,STATIONARY,STATIONARY,STATIONARY,STATIONARY,STATIONARY,STATIONARY,STATIONARY
61923,1811,0.00059694,0.00055292,0.00073904,0.00054477,0.00078930,0.00106427,RELIABLE,RELIABLE,RELIABLE,RELIABLE,PARTIAL,PARTIAL,STATIONARY,STATIONARY,STATIONARY,STATIONARY,STATIONARY,STATIONARY,STATIONARY
61955,1812,0.00056532,0.00051327,0.00071727,0.00051941,0.00079613,0.00102455,RELIABLE,RELIABLE,RELIABLE,RELIABLE,PARTIAL,PARTIAL,STATIONARY,STATIONARY,STATIONARY,STATIONARY,STATIONARY,STATIONARY,STATIONARY
61987,1813,0.00058702,0.00052027,0.00051546,0.00059356,0.00090156,0.00134252,RELIABLE,RELIABLE,RELIABLE,RELIABLE,PARTIAL,PARTIAL,STATIONARY,STATIONARY,STATIONARY,STATIONARY,STATIONARY,STATIONARY,STATIONARY
62036,1814,0.00062057,0.00053349,0.00041221,0.00066509,0.00102492,0.00146028,RELIABLE,RELIABLE,RELIABLE,RELIABLE,PARTIAL,PARTIAL,STATIONARY,STATIONARY,STATIONARY,STATIONARY,STATIONARY,STATIONARY,STATIONARY
62068,1815,0.00062401,0.00043589,0.00051163,0.00060608,0.00107778,0.00104706,RELIABLE,RELIABLE,RELIABLE,RELIABLE,PARTIAL,PARTIAL,STATIONARY,STATIONARY,STATIONARY,STATIONARY,STATIONARY,STATIONARY,STATIONARY
62093,1816,0.00059501,0.00046329,0.00051020,0.00060302,0.00114989,0.00124866,RELIABLE,RELIABLE,RELIABLE,RELIABLE,PARTIAL,PARTIAL,STATIONARY,STATIONARY,STATIONARY,STATIONARY,STATIONARY,STATIONARY,STATIONARY
62125,1817,0.00053746,0.00050399,0.00046229,0.00056892,0.00126520,0.00154402,RELIABLE,RELIABLE,RELIABLE,RELIABLE,PARTIAL,PARTIAL,STATIONARY,STATIONARY,STATIONARY,STATIONARY,STATIONARY,STATIONARY,STATIONARY
62156,1818,0.00057539,0.00052149,0.00052318,0.00050819,0.00118677,0.00155520,RELIABLE,RELIABLE,RELIABLE,RELIABLE,PARTIAL,PARTIAL,STATIONARY,STATIONARY,STATIONARY,STATIONARY,STATIONARY,STATIONARY,STATIONARY
62188,1819,0.00042125,0.00046864,0.00054651,0.00053929,0.00104205,0.00170282,RELIABLE,RELIABLE,RELIABLE,RELIABLE,PARTIAL,PARTIAL,STATIONARY,STATIONARY,STATIONARY,STATIONARY,STATIONARY,STATIONARY,STATIONARY
62220,1820,0.00046397,0.00051257,0.00057191,0.00050711,0.00105678,0.00168473,RELIABLE,RELIABLE,RELIABLE,RELIABLE,PARTIAL,PARTIAL,STATIONARY,STATIONARY,STATIONARY,STATIONARY,STATIONARY,STATIONARY,STATIONARY
62253,1821,0.00040341,0.00041880,0.00061676,0.00048075,0.00123628,0.00163869,RELIABLE,RELIABLE,RELIABLE,RELIABLE,PARTIAL,PARTIAL,STATIONARY,STATIONARY,STATIONARY,STATIONARY,STATIONARY,STATIONARY,STATIONARY
62284,1822,0.00036199,0.00038052,0.00053851,0.00036801,0.00107324,0.00151106,RELIABLE,RELIABLE,RELIABLE,RELIABLE,PARTIAL,PARTIAL,STATIONARY,STATIONARY,STATIONARY,STATIONARY,STATIONARY,STATIONARY,STATIONARY
62324,1823,0.00043750,0.00037690,0.00044966,0.00040498,0.00105293,0.00158432,RELIABLE,RELIABLE,RELIABLE,RELIABLE,PARTIAL,PARTIAL,STATIONARY,STATIONARY,STATIONARY,STATIONARY,STATIONARY,STATIONARY,STATIONARY
62355,1824,0.00044591,0.00033055,0.00050547,0.00038801,0.00107016,0.00136159,RELIABLE,RELIABLE,RELIABLE,RELIABLE,PARTIAL,PARTIAL,STATIONARY,STATIONARY,STATIONARY,STATIONARY,STATIONARY,STATIONARY,STATIONARY
62387,1825,0.00045588,0.00025672,0.00045100,0.00036964,0.00095349,0.00129106,RELIABLE,RELIABLE,RELIABLE,RELIABLE,PARTIAL,PARTIAL,STATIONARY,STATIONARY,STATIONARY,STATIONARY,STATIONARY,STATIONARY,STATIONARY
62436,1826,0.00056466,0.00025492,0.00040756,0.00035775,0.00093677,0.00111153,RELIABLE,RELIABLE,RELIABLE,RELIABLE,PARTIAL,PARTIAL,STATIONARY,STATIONARY,STATIONARY,STATIONARY,STATIONARY,STATIONARY,STATIONARY
62458,1827,0.00055066,0.00027383,0.00037724,0.00033176,0.00094969,0.00100249,RELIABLE,RELIABLE,RELIABLE,RELIABLE,PARTIAL,PARTIAL,STATIONARY,STATIONARY,STATIONARY,STATIONARY,STATIONARY,STATIONARY,STATIONARY
62489,1828,0.00064576,0.00024711,0.00036746,0.00043189,0.00101803,0.00107335,RELIABLE,RELIABLE,RELIABLE,RELIABLE,PARTIAL,PARTIAL,STATIONARY,STATIONARY,STATIONARY,STATIONARY,STATIONARY,STATIONARY,STATIONARY
62521,1829,0.00064836,0.00037766,0.00029261,0.00038881,0.00087637,0.00081253,RELIABLE,RELIABLE,RELIABLE,RELIABLE,PARTIAL,PARTIAL,STATIONARY,STATIONARY,STATIONARY,STATIONARY,STATIONARY,STATIONARY,STATIONARY
62553,1830,0.00064716,0.00040375,0.00028246,0.00042737,0.00092523,0.00093156,RELIABLE,RELIABLE,RELIABLE,RELIABLE,PARTIAL,PARTIAL,STATIONARY,STATIONARY,STATIONARY,STATIONARY,STATIONARY,STATIONARY,STATIONARY
62584,1831,0.00058891,0.00042075,0.00027736,0.00037626,0.00089552,0.00086135,RELIABLE,RELIABLE,RELIABLE,RELIABLE,PARTIAL,PARTIAL,STATIONARY,STATIONARY,STATIONARY,STATIONARY,STATIONARY,STATIONARY,STATIONARY
62615,1832,0.00058277,0.00045521,0.00029473,0.00039258,0.00079982,0.00086899,RELIABLE,RELIABLE,RELIABLE,RELIABLE,PARTIAL,PARTIAL,STATIONARY,STATIONARY,STATIONARY,STATIONARY,STATIONARY,STATIONARY,STATIONARY
62646,1833,0.00055695,0.00051221,0.00030627,0.00039080,0.00072278,0.00065150,RELIABLE,RELIABLE,RELIABLE,RELIABLE,PARTIAL,PARTIAL,STATIONARY,STATIONARY,STATIONARY,STATIONARY,STATIONARY,STATIONARY,STATIONARY
62678,1834,0.00042670,0.00051637,0.00029097,0.00038668,0.00082914,0.00060964,RELIABLE,RELIABLE,RELIABLE,RELIABLE,PARTIAL,PARTIAL,STATIONARY,STATIONARY,STATIONARY,STATIONARY,STATIONARY,STATIONARY,STATIONARY
62724,1835,0.00055813,0.00053021,0.00032441,0.00044163,0.00103317,0.00068640,RELIABLE,RELIABLE,RELIABLE,RELIABLE,PARTIAL,PARTIAL,STATIONARY,STATIONARY,STATIONARY,STATIONARY,STATIONARY,STATIONARY,STATIONARY
62756,1836,0.00045613,0.00053069,0.00031208,0.00034579,0.00095715,0.00060972,RELIABLE,RELIABLE,RELIABLE,RELIABLE,PARTIAL,PARTIAL,STATIONARY,STATIONARY,STATIONARY,STATIONARY,STATIONARY,STATIONARY,STATIONARY
62803,1837,0.00045206,0.00040966,0.00035885,0.00031082,0.00080080,0.00061427,RELIABLE,RELIABLE,RELIABLE,RELIABLE,PARTIAL,PARTIAL,STATIONARY,STATIONARY,STATIONARY,STATIONARY,STATIONARY,STATIONARY,STATIONARY
62836,1838,0.00053714,0.00039291,0.00037731,0.00029133,0.00074716,0.00054109,RELIABLE,RELIABLE,RELIABLE,RELIABLE,PARTIAL,PARTIAL,STATIONARY,STATIONARY,STATIONARY,STATIONARY,STATIONARY,STATIONARY,STATIONARY
62868,1839,0.00053967,0.00039671,0.00033094,0.00029822,0.00074211,0.00065061,RELIABLE,RELIABLE,RELIABLE,RELIABLE,PARTIAL,PARTIAL,STATIONARY,STATIONARY,STATIONARY,STATIONARY,STATIONARY,STATIONARY,STATIONARY
62900,1840,0.00062206,0.00041185,0.00030707,0.00029825,0.00088697,0.00075127,RELIABLE,RELIABLE,RELIABLE,RELIABLE,PARTIAL,PARTIAL,STATIONARY,STATIONARY,STATIONARY,STATIONARY,STATIONARY,STATIONARY,STATIONARY
62931,1841,0.00063057,0.00034012,0.00032910,0.00029609,0.00102093,0.00081413,RELIABLE,RELIABLE,RELIABLE,RELIABLE,PARTIAL,PARTIAL,STATIONARY,STATIONARY,STATIONARY,STATIONARY,STATIONARY,STATIONARY,STATIONARY
62963,1842,0.00061128,0.00034613,0.00032679,0.00028904,0.00095122,0.00083039,RELIABLE,RELIABLE,RELIABLE,RELIABLE,PARTIAL,PARTIAL,STATIONARY,STATIONARY,STATIONARY,STATIONARY,STATIONARY,STATIONARY,STATIONARY
62995,1843,0.00045815,0.00030748,0.00028911,0.00022739,0.00081318,0.00063547,RELIABLE,RELIABLE,RELIABLE,RELIABLE,PARTIAL,PARTIAL,STATIONARY,STATIONARY,STATIONARY,STATIONARY,STATIONARY,STATIONARY,STATIONARY
63027,1844,0.00057252,0.00031730,0.00028890,0.00030066,0.00086747,0.00069714,RELIABLE,RELIABLE,RELIABLE,RELIABLE,PARTIAL,PARTIAL,STATIONARY,STATIONARY,STATIONARY,STATIONARY,STATIONARY,STATIONARY,STATIONARY
63059,1845,0.00056689,0.00032609,0.00031918,0.00036490,0.00092854,0.00069850,RELIABLE,RELIABLE,RELIABLE,RELIABLE,PARTIAL,PARTIAL,STATIONARY,STATIONARY,STATIONARY,STATIONARY,STATIONARY,STATIONARY,STATIONARY
63090,1846,0.00053820,0.00045704,0.00030815,0.00041489,0.00101264,0.00073731,RELIABLE,RELIABLE,RELIABLE,RELIABLE,PARTIAL,PARTIAL,STATIONARY,STATIONARY,STATIONARY,STATIONARY,STATIONARY,STATIONARY,STATIONARY
63123,1847,0.00055025,0.00048566,0.00035398,0.00047194,0.00101700,0.00064129,RELIABLE,RELIABLE,RELIABLE,RELIABLE,PARTIAL,PARTIAL,STATIONARY,STATIONARY,STATIONARY,STATIONARY,STATIONARY,STATIONARY,STATIONARY
63155,1848,0.00054644,0.00045654,0.00032224,0.00061528,0.00112958,0.00091882,RELIABLE,RELIABLE,RELIABLE,RELIABLE,PARTIAL,PARTIAL,STATIONARY,STATIONARY,STATIONARY,STATIONARY,STATIONARY,STATIONARY,STATIONARY
63204,1849,0.00053327,0.00048772,0.00036057,0.00073754,0.00117998,0.00113854,RELIABLE,RELIABLE,RELIABLE,RELIABLE,PARTIAL,PARTIAL,STATIONARY,STATIONARY,STATIONARY,STATIONARY,STATIONARY,STATIONARY,STATIONARY
63232,1850,0.00057705,0.00051963,0.00037410,0.00092903,0.00145325,0.00151539,RELIABLE,RELIABLE,RELIABLE,RELIABLE,PARTIAL,PARTIAL,STATIONARY,STATIONARY,STATIONARY,STATIONARY,STATIONARY,STATIONARY,STATIONARY
63263,1851,0.00062679,0.00050112,0.00041016,0.00091966,0.00143345,0.00155762,RELIABLE,RELIABLE,RELIABLE,RELIABLE,PARTIAL,PARTIAL,STATIONARY,STATIONARY,STATIONARY,STATIONARY,STATIONARY,STATIONARY,STATIONARY
63295,1852,0.00047024,0.00050140,0.00047356,0.00085259,0.00128685,0.00173141,RELIABLE,RELIABLE,RELIABLE,RELIABLE,PARTIAL,PARTIAL,STATIONARY,STATIONARY,STATIONARY,STATIONARY,STATIONARY,STATIONARY,STATIONARY
63327,1853,0.00047271,0.00050315,0.00041527,0.00101432,0.00144354,0.00191809,RELIABLE,RELIABLE,RELIABLE,RELIABLE,PARTIAL,PARTIAL,STATIONARY,STATIONARY,STATIONARY,STATIONARY,STATIONARY,STATIONARY,STATIONARY
63358,1854,0.00049960,0.00046533,0.00047947,0.00106776,0.00170439,0.00198434,RELIABLE,RELIABLE,RELIABLE,RELIABLE,PARTIAL,PARTIAL,STATIONARY,STATIONARY,STATIONARY,STATIONARY,STATIONARY,STATIONARY,STATIONARY
63390,1855,0.00049042,0.00042151,0.00052985,0.00107319,0.00199516,0.00221800,RELIABLE,RELIABLE,RELIABLE,RELIABLE,PARTIAL,PARTIAL,STATIONARY,STATIONARY,STATIONARY,STATIONARY,STATIONARY,STATIONARY,STATIONARY
63422,1856,0.00042273,0.00039840,0.00052693,0.00095791,0.00200923,0.00190599,RELIABLE,RELIABLE,RELIABLE,RELIABLE,PARTIAL,PARTIAL,STATIONARY,STATIONARY,STATIONARY,STATIONARY,STATIONARY,STATIONARY,STATIONARY
63454,1857,0.00048935,0.00041722,0.00045286,0.00103369,0.00241625,0.00227337,RELIABLE,RELIABLE,RELIABLE,RELIABLE,PARTIAL,PARTIAL,STATIONARY,STATIONARY,STATIONARY,STATIONARY,STATIONARY,STATIONARY,STATIONARY
63486,1858,0.00046706,0.00041320,0.00044994,0.00086901,0.00211279,0.00191377,RELIABLE,RELIABLE,RELIABLE,RELIABLE,PARTIAL,PARTIAL,STATIONARY,STATIONARY,STATIONARY,STATIONARY,STATIONARY,STATIONARY,STATIONARY
63523,1859,0.00044561,0.00041413,0.00041472,0.00090330,0.00215515,0.00220612,RELIABLE,RELIABLE,RELIABLE,RELIABLE,PARTIAL,PARTIAL,STATIONARY,STATIONARY,STATIONARY,STATIONARY,STATIONARY,STATIONARY,STATIONARY
63572,1860,0.00052342,0.00043891,0.00041756,0.00136389,0.00278127,0.00280088,RELIABLE,RELIABLE,RELIABLE,RELIABLE,PARTIAL,PARTIAL,STATIONARY,STATIONARY,STATIONARY,STATIONARY,STATIONARY,STATIONARY,STATIONARY
63603,1861,0.00060445,0.00043498,0.00044026,0.00117130,0.00269542,0.00305848,RELIABLE,RELIABLE,RELIABLE,RELIABLE,PARTIAL,PARTIAL,STATIONARY,STATIONARY,STATIONARY,STATIONARY,STATIONARY,STATIONARY,STATIONARY
63629,1862,0.00059323,0.00036035,0.00039086,0.00105377,0.00247577,0.00290292,RELIABLE,RELIABLE,RELIABLE,RELIABLE,PARTIAL,PARTIAL,STATIONARY,STATIONARY,STATIONARY,STATIONARY,STATIONARY,STATIONARY,STATIONARY
63660,1863,0.00059080,0.00043098,0.00031192,0.00101658,0.00226774,0.00272939,RELIABLE,RELIABLE,RELIABLE,RELIABLE,PARTIAL,PARTIAL,STATIONARY,STATIONARY,STATIONARY,STATIONARY,STATIONARY,STATIONARY,STATIONARY
63677,1864,0.00059152,0.00044460,0.00030626,0.00099616,0.00204533,0.00288563,RELIABLE,RELIABLE,RELIABLE,RELIABLE,PARTIAL,PARTIAL,STATIONARY,STATIONARY,STATIONARY,STATIONARY,STATIONARY,STATIONARY,STATIONARY
63706,1865,0.00051568,0.00039661,0.00034605,0.00083492,0.00172911,0.00237224,RELIABLE,RELIABLE,RELIABLE,RELIABLE,PARTIAL,PARTIAL,STATIONARY,STATIONARY,STATIONARY,STATIONARY,STATIONARY,STATIONARY,STATIONARY
63738,1866,0.00049631,0.00040693,0.00034808,0.00085259,0.00199703,0.00252383,RELIABLE,RELIABLE,RELIABLE,RELIABLE,PARTIAL,PARTIAL,STATIONARY,STATIONARY,STATIONARY,STATIONARY,STATIONARY,STATIONARY,STATIONARY
63771,1867,0.00048647,0.00054041,0.00035415,0.00091215,0.00206308,0.00246563,RELIABLE,RELIABLE,RELIABLE,RELIABLE,PARTIAL,PARTIAL,STATIONARY,STATIONARY,STATIONARY,STATIONARY,STATIONARY,STATIONARY,STATIONARY
63795,1868,0.00052295,0.00054056,0.00029764,0.00043759,0.00158887,0.00165963,RELIABLE,RELIABLE,RELIABLE,RELIABLE,PARTIAL,PARTIAL,STATIONARY,STATIONARY,STATIONARY,STATIONARY,STATIONARY,STATIONARY,STATIONARY
63828,1869,0.00045559,0.00056739,0.00031298,0.00080051,0.00203098,0.00183443,RELIABLE,RELIABLE,RELIABLE,RELIABLE,PARTIAL,PARTIAL,STATIONARY,STATIONARY,STATIONARY,STATIONARY,STATIONARY,STATIONARY,STATIONARY
63859,1870,0.00069025,0.00056619,0.00036907,0.00086851,0.00219062,0.00201542,RELIABLE,RELIABLE,RELIABLE,RELIABLE,PARTIAL,PARTIAL,STATIONARY,STATIONARY,STATIONARY,STATIONARY,STATIONARY,STATIONARY,STATIONARY
63924,1871,0.00076985,0.00059195,0.00072942,0.00090489,0.00232452,0.00210745,RELIABLE,RELIABLE,RELIABLE,RELIABLE,PARTIAL,PARTIAL,STATIONARY,STATIONARY,STATIONARY,STATIONARY,STATIONARY,STATIONARY,STATIONARY
63971,1872,0.00078650,0.00059650,0.00083912,0.00094299,0.00232424,0.00233183,RELIABLE,RELIABLE,RELIABLE,RELIABLE,PARTIAL,PARTIAL,STATIONARY,STATIONARY,STATIONARY,STATIONARY,STATIONARY,STATIONARY,STATIONARY
64003,1873,0.00083640,0.00067442,0.00085834,0.00098478,0.00219835,0.00226533,RELIABLE,RELIABLE,RELIABLE,RELIABLE,PARTIAL,PARTIAL,STATIONARY,STATIONARY,STATIONARY,STATIONARY,STATIONARY,STATIONARY,STATIONARY
64025,1874,0.00086929,0.00061837,0.00084918,0.00096091,0.00197784,0.00214257,RELIABLE,RELIABLE,RELIABLE,RELIABLE,PARTIAL,PARTIAL,STATIONARY,STATIONARY,STATIONARY,STATIONARY,STATIONARY,STATIONARY,STATIONARY
64057,1875,0.00087578,0.00048074,0.00087200,0.00088839,0.00186152,0.00198881,RELIABLE,RELIABLE,RELIABLE,RELIABLE,PARTIAL,PARTIAL,STATIONARY,STATIONARY,STATIONARY,STATIONARY,STATIONARY,STATIONARY,STATIONARY
64089,1876,0.00082480,0.00045797,0.00094546,0.00092921,0.00177362,0.00209637,RELIABLE,RELIABLE,RELIABLE,RELIABLE,PARTIAL,PARTIAL,STATIONARY,STATIONARY,STATIONARY,STATIONARY,STATIONARY,STATIONARY,STATIONARY
64121,1877,0.00077158,0.00042489,0.00100454,0.00055562,0.00137374,0.00188113,RELIABLE,RELIABLE,RELIABLE,RELIABLE,PARTIAL,PARTIAL,STATIONARY,STATIONARY,STATIONARY,STATIONARY,STATIONARY,STATIONARY,STATIONARY
64152,1878,0.00055546,0.00040355,0.00095345,0.00053920,0.00136555,0.00180701,RELIABLE,RELIABLE,RELIABLE,RELIABLE,PARTIAL,PARTIAL,STATIONARY,STATIONARY,STATIONARY,STATIONARY,STATIONARY,STATIONARY,STATIONARY
64184,1879,0.00050453,0.00030988,0.00060587,0.00046281,0.00123059,0.00167874,RELIABLE,RELIABLE,RELIABLE,RELIABLE,PARTIAL,PARTIAL,STATIONARY,STATIONARY,STATIONARY,STATIONARY,STATIONARY,STATIONARY,STATIONARY
64216,1880,0.00065566,0.00032144,0.00052641,0.00044602,0.00129704,0.00127410,RELIABLE,RELIABLE,RELIABLE,RELIABLE,PARTIAL,PARTIAL,STATIONARY,STATIONARY,STATIONARY,STATIONARY,STATIONARY,STATIONARY,STATIONARY
64247,1881,0.00064495,0.00022842,0.00045711,0.00040140,0.00130518,0.00123729,RELIABLE,RELIABLE,RELIABLE,RELIABLE,PARTIAL,PARTIAL,STATIONARY,STATIONARY,STATIONARY,STATIONARY,STATIONARY,STATIONARY,STATIONARY
64277,1882,0.00066211,0.00022052,0.00044644,0.00044789,0.00130765,0.00150829,RELIABLE,RELIABLE,RELIABLE,RELIABLE,PARTIAL,PARTIAL,STATIONARY,STATIONARY,STATIONARY,STATIONARY,STATIONARY,STATIONARY,STATIONARY
64339,1883,0.00070963,0.00033781,0.00051044,0.00065784,0.00144832,0.00152832,RELIABLE,RELIABLE,RELIABLE,RELIABLE,PARTIAL,PARTIAL,STATIONARY,STATIONARY,STATIONARY,STATIONARY,STATIONARY,STATIONARY,STATIONARY
64372,1884,0.00069321,0.00032246,0.00053490,0.00071062,0.00158334,0.00150162,RELIABLE,RELIABLE,RELIABLE,RELIABLE,PARTIAL,PARTIAL,STATIONARY,STATIONARY,STATIONARY,STATIONARY,STATIONARY,STATIONARY,STATIONARY
64402,1885,0.00080831,0.00031249,0.00042601,0.00071912,0.00143760,0.00151575,RELIABLE,RELIABLE,RELIABLE,RELIABLE,PARTIAL,PARTIAL,STATIONARY,STATIONARY,STATIONARY,STATIONARY,STATIONARY,STATIONARY,STATIONARY
64434,1886,0.00083933,0.00039414,0.00057996,0.00069396,0.00138463,0.00160901,RELIABLE,RELIABLE,RELIABLE,RELIABLE,PARTIAL,PARTIAL,STATIONARY,STATIONARY,STATIONARY,STATIONARY,STATIONARY,STATIONARY,STATIONARY
64465,1887,0.00084215,0.00041249,0.00062129,0.00071064,0.00132528,0.00166908,RELIABLE,RELIABLE,RELIABLE,RELIABLE,PARTIAL,PARTIAL,STATIONARY,STATIONARY,STATIONARY,STATIONARY,STATIONARY,STATIONARY,STATIONARY
64497,1888,0.00069977,0.00041447,0.00057651,0.00069344,0.00155660,0.00168430,RELIABLE,RELIABLE,RELIABLE,RELIABLE,PARTIAL,PARTIAL,STATIONARY,STATIONARY,STATIONARY,STATIONARY,STATIONARY,STATIONARY,STATIONARY
64528,1889,0.00075238,0.00044049,0.00061801,0.00067475,0.00146849,0.00167891,RELIABLE,RELIABLE,RELIABLE,RELIABLE,PARTIAL,PARTIAL,STATIONARY,STATIONARY,STATIONARY,STATIONARY,STATIONARY,STATIONARY,STATIONARY
64560,1890,0.00071425,0.00048093,0.00063858,0.00065934,0.00173148,0.00148621,RELIABLE,RELIABLE,RELIABLE,RELIABLE,PARTIAL,PARTIAL,STATIONARY,STATIONARY,STATIONARY,STATIONARY,STATIONARY,STATIONARY,STATIONARY
64590,1891,0.00064894,0.00039253,0.00059986,0.00041486,0.00159204,0.00148698,RELIABLE,RELIABLE,RELIABLE,RELIABLE,PARTIAL,PARTIAL,STATIONARY,STATIONARY,STATIONARY,STATIONARY,STATIONARY,STATIONARY,STATIONARY
64622,1892,0.00069016,0.00043353,0.00055059,0.00038099,0.00161874,0.00156692,RELIABLE,RELIABLE,RELIABLE,RELIABLE,PARTIAL,PARTIAL,STATIONARY,STATIONARY,STATIONARY,STATIONARY,STATIONARY,STATIONARY,STATIONARY
64654,1893,0.00062498,0.00042682,0.00058071,0.00033282,0.00157823,0.00115482,RELIABLE,RELIABLE,RELIABLE,RELIABLE,PARTIAL,PARTIAL,STATIONARY,STATIONARY,STATIONARY,STATIONARY,STATIONARY,STATIONARY,STATIONARY
64685,1894,0.00053270,0.00037562,0.00040465,0.00039568,0.00169256,0.00106129,RELIABLE,RELIABLE,RELIABLE,RELIABLE,PARTIAL,PARTIAL,STATIONARY,STATIONARY,STATIONARY,STATIONARY,STATIONARY,STATIONARY,STATIONARY
64740,1895,0.00075302,0.00039773,0.00045756,0.00067375,0.00261981,0.00166212,RELIABLE,RELIABLE,RELIABLE,RELIABLE,PARTIAL,PARTIAL,STATIONARY,STATIONARY,STATIONARY,STATIONARY,STATIONARY,STATIONARY,STATIONARY
64772,1896,0.00072337,0.00041166,0.00048786,0.00090377,0.00340190,0.00184663,RELIABLE,RELIABLE,RELIABLE,RELIABLE,PARTIAL,PARTIAL,STATIONARY,STATIONARY,STATIONARY,STATIONARY,STATIONARY,STATIONARY,STATIONARY
64794,1897,0.00065570,0.00043929,0.00055266,0.00090424,0.00342154,0.00179250,RELIABLE,RELIABLE,RELIABLE,RELIABLE,PARTIAL,PARTIAL,STATIONARY,STATIONARY,STATIONARY,STATIONARY,STATIONARY,STATIONARY,STATIONARY
64826,1898,0.00074931,0.00056146,0.00058160,0.00126073,0.00386930,0.00232695,RELIABLE,RELIABLE,RELIABLE,RELIABLE,PARTIAL,PARTIAL,STATIONARY,STATIONARY,STATIONARY,STATIONARY,STATIONARY,STATIONARY,STATIONARY
64857,1899,0.00082074,0.00055374,0.00051016,0.00127478,0.00453251,0.00244325,RELIABLE,RELIABLE,RELIABLE,RELIABLE,PARTIAL,PARTIAL,STATIONARY,STATIONARY,STATIONARY,STATIONARY,STATIONARY,STATIONARY,STATIONARY
64889,1900,0.00082122,0.00052130,0.00050335,0.00135869,0.00447922,0.00257327,RELIABLE,RELIABLE,RELIABLE,RELIABLE,PARTIAL,PARTIAL,STATIONARY,STATIONARY,STATIONARY,STATIONARY,STATIONARY,STATIONARY,STATIONARY
64920,1901,0.00088801,0.00058848,0.00046124,0.00140782,0.00472757,0.00272844,RELIABLE,RELIABLE,RELIABLE,RELIABLE,PARTIAL,PARTIAL,STATIONARY,STATIONARY,STATIONARY,STATIONARY,STATIONARY,STATIONARY,STATIONARY
64952,1902,0.00137644,0.00063756,0.00047760,0.00171547,0.00483321,0.00385248,RELIABLE,RELIABLE,RELIABLE,RELIABLE,PARTIAL,PARTIAL,STATIONARY,STATIONARY,STATIONARY,STATIONARY,STATIONARY,STATIONARY,STATIONARY
64982,1903,0.00113430,0.00064961,0.00046689,0.00149949,0.00409076,0.00326880,RELIABLE,RELIABLE,RELIABLE,RELIABLE,PARTIAL,PARTIAL,STATIONARY,STATIONARY,STATIONARY,STATIONARY,STATIONARY,STATIONARY,STATIONARY
65014,1904,0.00124871,0.00062994,0.00047363,0.00130713,0.00302460,0.00320871,RELIABLE,RELIABLE,RELIABLE,RELIABLE,PARTIAL,PARTIAL,STATIONARY,STATIONARY,STATIONARY,STATIONARY,STATIONARY,STATIONARY,STATIONARY
65046,1905,0.00125330,0.00071506,0.00039145,0.00133794,0.00315406,0.00342730,RELIABLE,RELIABLE,RELIABLE,RELIABLE,PARTIAL,PARTIAL,STATIONARY,STATIONARY,STATIONARY,STATIONARY,STATIONARY,STATIONARY,STATIONARY
65078,1906,0.00135000,0.00061630,0.00035907,0.00120842,0.00280597,0.00344170,RELIABLE,RELIABLE,RELIABLE,RELIABLE,PARTIAL,PARTIAL,STATIONARY,STATIONARY,STATIONARY,STATIONARY,STATIONARY,STATIONARY,STATIONARY
65140,1907,0.00141004,0.00071283,0.00040205,0.00124952,0.00215103,0.00334862,RELIABLE,RELIABLE,RELIABLE,RELIABLE,PARTIAL,PARTIAL,STATIONARY,STATIONARY,STATIONARY,STATIONARY,STATIONARY,STATIONARY,STATIONARY
65173,1908,0.00142742,0.00069104,0.00042514,0.00131224,0.00265269,0.00320316,RELIABLE,RELIABLE,RELIABLE,RELIABLE,PARTIAL,PARTIAL,STATIONARY,STATIONARY,STATIONARY,STATIONARY,STATIONARY,STATIONARY,STATIONARY
65205,1909,0.00145127,0.00061506,0.00048041,0.00130209,0.00267649,0.00323233,RELIABLE,RELIABLE,RELIABLE,RELIABLE,PARTIAL,PARTIAL,STATIONARY,STATIONARY,STATIONARY,STATIONARY,STATIONARY,STATIONARY,STATIONARY
65238,1910,0.00170187,0.00080961,0.00056387,0.00174180,0.00381404,0.00465977,RELIABLE,RELIABLE,RELIABLE,RELIABLE,PARTIAL,PARTIAL,STATIONARY,STATIONARY,STATIONARY,STATIONARY,STATIONARY,STATIONARY,STATIONARY
65269,1911,0.00197308,0.00078100,0.00047233,0.00181991,0.00383970,0.00540638,RELIABLE,RELIABLE,RELIABLE,RELIABLE,PARTIAL,PARTIAL,STATIONARY,STATIONARY,STATIONARY,STATIONARY,STATIONARY,STATIONARY,STATIONARY
65301,1912,0.00194696,0.00074952,0.00044320,0.00181211,0.00393778,0.00533792,RELIABLE,RELIABLE,RELIABLE,RELIABLE,PARTIAL,PARTIAL,STATIONARY,STATIONARY,STATIONARY,STATIONARY,STATIONARY,STATIONARY,STATIONARY
65333,1913,0.00218018,0.00068540,0.00057799,0.00216242,0.00418602,0.00605454,RELIABLE,RELIABLE,RELIABLE,RELIABLE,PARTIAL,PARTIAL,STATIONARY,STATIONARY,STATIONARY,STATIONARY,STATIONARY,STATIONARY,STATIONARY
65364,1914,0.00210790,0.00075302,0.00058493,0.00197428,0.00397185,0.00576426,RELIABLE,RELIABLE,RELIABLE,RELIABLE,PARTIAL,PARTIAL,STATIONARY,STATIONARY,STATIONARY,STATIONARY,STATIONARY,STATIONARY,STATIONARY
65396,1915,0.00200582,0.00065950,0.00063037,0.00202826,0.00403402,0.00586833,RELIABLE,RELIABLE,RELIABLE,RELIABLE,PARTIAL,PARTIAL,STATIONARY,STATIONARY,STATIONARY,STATIONARY,STATIONARY,STATIONARY,STATIONARY
65428,1916,0.00218862,0.00068014,0.00061917,0.00210712,0.00354716,0.00637471,RELIABLE,RELIABLE,RELIABLE,RELIABLE,PARTIAL,PARTIAL,STATIONARY,STATIONARY,STATIONARY,STATIONARY,STATIONARY,STATIONARY,STATIONARY
65459,1917,0.00226243,0.00074414,0.00057354,0.00229146,0.00344707,0.00684661,RELIABLE,RELIABLE,RELIABLE,RELIABLE,PARTIAL,PARTIAL,STATIONARY,STATIONARY,STATIONARY,STATIONARY,STATIONARY,STATIONARY,STATIONARY
65490,1918,0.00227095,0.00061361,0.00049692,0.00232110,0.00316360,0.00747138,RELIABLE,RELIABLE,RELIABLE,RELIABLE,PARTIAL,PARTIAL,STATIONARY,STATIONARY,STATIONARY,STATIONARY,STATIONARY,STATIONARY,STATIONARY
65539,1919,0.00246319,0.00064681,0.00051823,0.00281606,0.00366270,0.00911249,RELIABLE,RELIABLE,RELIABLE,RELIABLE,PARTIAL,PARTIAL,STATIONARY,STATIONARY,STATIONARY,STATIONARY,STATIONARY,STATIONARY,STATIONARY
65569,1920,0.00250153,0.00070110,0.00055682,0.00298856,0.00384315,0.00997089,RELIABLE,RELIABLE,RELIABLE,RELIABLE,PARTIAL,PARTIAL,STATIONARY,STATIONARY,STATIONARY,STATIONARY,STATIONARY,STATIONARY,STATIONARY
65601,1921,0.00225702,0.00066605,0.00047476,0.00275356,0.00357636,0.00943462,RELIABLE,RELIABLE,RELIABLE,RELIABLE,PARTIAL,PARTIAL,STATIONARY,STATIONARY,STATIONARY,STATIONARY,STATIONARY,STATIONARY,STATIONARY
65632,1922,0.00218587,0.00060556,0.00045610,0.00268499,0.00340282,0.00944214,RELIABLE,RELIABLE,RELIABLE,RELIABLE,PARTIAL,PARTIAL,STATIONARY,STATIONARY,STATIONARY,STATIONARY,STATIONARY,STATIONARY,STATIONARY
65663,1923,0.00243691,0.00066430,0.00039575,0.00298417,0.00394969,0.01028296,RELIABLE,RELIABLE,RELIABLE,RELIABLE,PARTIAL,PARTIAL,STATIONARY,STATIONARY,STATIONARY,STATIONARY,STATIONARY,STATIONARY,STATIONARY
65695,1924,0.00241024,0.00066158,0.00046384,0.00286365,0.00430811,0.01025494,RELIABLE,RELIABLE,RELIABLE,RELIABLE,PARTIAL,PARTIAL,STATIONARY,STATIONARY,STATIONARY,STATIONARY,STATIONARY,STATIONARY,STATIONARY
65727,1925,0.00227944,0.00062840,0.00050822,0.00282027,0.00434301,0.01026756,RELIABLE,RELIABLE,RELIABLE,RELIABLE,PARTIAL,PARTIAL,STATIONARY,STATIONARY,STATIONARY,STATIONARY,STATIONARY,STATIONARY,STATIONARY
65759,1926,0.00158481,0.00049315,0.00051438,0.00210836,0.00316289,0.00751994,RELIABLE,RELIABLE,RELIABLE,RELIABLE,PARTIAL,PARTIAL,STATIONARY,STATIONARY,STATIONARY,STATIONARY,STATIONARY,STATIONARY,STATIONARY
65791,1927,0.00240775,0.01601770,0.01350850,0.00829620,0.00792991,0.01294082,RELIABLE,RELIABLE,RELIABLE,RELIABLE,PARTIAL,PARTIAL,STATIONARY,STATIONARY,STATIONARY,STATIONARY,STATIONARY,STATIONARY,STATIONARY
65822,1928,0.00273512,0.02530150,0.02045169,0.01119558,0.01032086,0.01659837,RELIABLE,RELIABLE,RELIABLE,RELIABLE,PARTIAL,PARTIAL,STATIONARY,STATIONARY,STATIONARY,STATIONARY,STATIONARY,STATIONARY,STATIONARY
65852,1929,0.00295060,0.02799077,0.02370589,0.01245175,0.01087862,0.01745189,RELIABLE,RELIABLE,RELIABLE,RELIABLE,PARTIAL,PARTIAL,STATIONARY,MOVING,MOVING,STATIONARY,STATIONARY,MOVING,MOVING
65883,1930,0.00301260,0.02919635,0.02469465,0.01309441,0.01198829,0.01781676,RELIABLE,RELIABLE,RELIABLE,RELIABLE,PARTIAL,PARTIAL,STATIONARY,MOVING,MOVING,STATIONARY,STATIONARY,MOVING,MOVING
65915,1931,0.00297520,0.02993453,0.02532501,0.01302745,0.01154177,0.01773173,RELIABLE,RELIABLE,RELIABLE,RELIABLE,PARTIAL,PARTIAL,STATIONARY,MOVING,MOVING,MOVING,STATIONARY,MOVING,MOVING
65947,1932,0.00273144,0.03021567,0.02575122,0.01315634,0.01132647,0.01732275,RELIABLE,RELIABLE,RELIABLE,RELIABLE,PARTIAL,PARTIAL,STATIONARY,MOVING,MOVING,MOVING,STATIONARY,MOVING,MOVING
65978,1933,0.00267716,0.03042583,0.02596485,0.01341534,0.01167845,0.01696222,RELIABLE,RELIABLE,RELIABLE,RELIABLE,PARTIAL,PARTIAL,STATIONARY,MOVING,MOVING,MOVING,STATIONARY,MOVING,MOVING
66010,1934,0.00287248,0.03059259,0.02608312,0.01409925,0.01302661,0.01997678,RELIABLE,RELIABLE,RELIABLE,RELIABLE,PARTIAL,PARTIAL,STATIONARY,MOVING,MOVING,MOVING,STATIONARY,MOVING,MOVING
66041,1935,0.00178973,0.01528377,0.01326033,0.00781975,0.00823855,0.01380254,RELIABLE,RELIABLE,RELIABLE,RELIABLE,PARTIAL,PARTIAL,STATIONARY,MOVING,MOVING,MOVING,STATIONARY,MOVING,MOVING
66072,1936,0.00154548,0.00618576,0.00636847,0.00509309,0.00613926,0.01086277,RELIABLE,RELIABLE,RELIABLE,RELIABLE,PARTIAL,PARTIAL,STATIONARY,MOVING,MOVING,MOVING,STATIONARY,MOVING,MOVING
66105,1937,0.00139786,0.00357762,0.00312825,0.00407148,0.00573562,0.01030572,RELIABLE,RELIABLE,RELIABLE,RELIABLE,PARTIAL,PARTIAL,STATIONARY,MOVING,MOVING,MOVING,STATIONARY,MOVING,MOVING
66135,1938,0.00138066,0.00233985,0.00213767,0.00344780,0.00479578,0.00998054,RELIABLE,RELIABLE,RELIABLE,RELIABLE,PARTIAL,PARTIAL,STATIONARY,MOVING,MOVING,MOVING,STATIONARY,MOVING,MOVING
66166,1939,0.00116268,0.00156510,0.00151665,0.00316441,0.00480854,0.00902838,RELIABLE,RELIABLE,RELIABLE,RELIABLE,PARTIAL,PARTIAL,STATIONARY,MOVING,MOVING,MOVING,STATIONARY,MOVING,MOVING
66198,1940,0.00134312,0.00140783,0.00098729,0.00332062,0.00504249,0.00972226,RELIABLE,RELIABLE,RELIABLE,RELIABLE,PARTIAL,PARTIAL,STATIONARY,MOVING,MOVING,MOVING,STATIONARY,MOVING,MOVING
66230,1941,0.00175118,0.00126303,0.00075973,0.00333674,0.00618650,0.01024353,RELIABLE,RELIABLE,RELIABLE,RELIABLE,PARTIAL,PARTIAL,STATIONARY,MOVING,MOVING,MOVING,STATIONARY,MOVING,MOVING
66276,1942,0.00165786,0.00124167,0.00069102,0.00289154,0.00547923,0.00755691,RELIABLE,RELIABLE,RELIABLE,RELIABLE,PARTIAL,PARTIAL,STATIONARY,MOVING,MOVING,MOVING,STATIONARY,MOVING,MOVING
66307,1943,0.00204376,0.00099298,0.00051749,0.00277472,0.00583419,0.00726226,RELIABLE,RELIABLE,RELIABLE,RELIABLE,PARTIAL,PARTIAL,STATIONARY,MOVING,MOVING,STATIONARY,STATIONARY,MOVING,MOVING
66340,1944,0.00203963,0.00084374,0.00051334,0.00247504,0.00535937,0.00613116,RELIABLE,RELIABLE,RELIABLE,RELIABLE,PARTIAL,PARTIAL,STATIONARY,STATIONARY,STATIONARY,STATIONARY,STATIONARY,MOVING,MOVING
66374,1945,0.00200065,0.00082642,0.00048538,0.00231505,0.00525567,0.00611238,RELIABLE,RELIABLE,RELIABLE,RELIABLE,PARTIAL,PARTIAL,STATIONARY,STATIONARY,STATIONARY,STATIONARY,STATIONARY,MOVING,MOVING
66405,1946,0.00192243,0.00078409,0.00063167,0.00231951,0.00515370,0.00568286,RELIABLE,RELIABLE,RELIABLE,RELIABLE,PARTIAL,PARTIAL,STATIONARY,STATIONARY,STATIONARY,STATIONARY,STATIONARY,MOVING,MOVING
66437,1947,0.00194631,0.00077905,0.00060360,0.00238538,0.00505203,0.00576524,RELIABLE,RELIABLE,RELIABLE,RELIABLE,PARTIAL,PARTIAL,STATIONARY,STATIONARY,STATIONARY,STATIONARY,STATIONARY,MOVING,MOVING
66468,1948,0.00185401,0.00070970,0.00062733,0.00242737,0.00538015,0.00581320,RELIABLE,RELIABLE,RELIABLE,RELIABLE,PARTIAL,PARTIAL,STATIONARY,STATIONARY,STATIONARY,STATIONARY,STATIONARY,MOVING,MOVING
66500,1949,0.00185905,0.00067299,0.00067883,0.00249273,0.00470836,0.00646853,RELIABLE,RELIABLE,RELIABLE,RELIABLE,PARTIAL,PARTIAL,STATIONARY,STATIONARY,STATIONARY,STATIONARY,STATIONARY,MOVING,MOVING
66532,1950,0.00184984,0.00060103,0.00062771,0.00241790,0.00439626,0.00654101,RELIABLE,RELIABLE,RELIABLE,RELIABLE,PARTIAL,PARTIAL,STATIONARY,STATIONARY,STATIONARY,STATIONARY,STATIONARY,MOVING,MOVING
66564,1951,0.00142025,0.00063328,0.00065379,0.00254791,0.00428147,0.00608232,RELIABLE,RELIABLE,RELIABLE,RELIABLE,PARTIAL,PARTIAL,STATIONARY,STATIONARY,STATIONARY,STATIONARY,STATIONARY,MOVING,MOVING
66596,1952,0.00160014,0.00060621,0.00062268,0.00312054,0.00520802,0.00700254,RELIABLE,RELIABLE,RELIABLE,RELIABLE,PARTIAL,PARTIAL,STATIONARY,STATIONARY,STATIONARY,STATIONARY,STATIONARY,MOVING,MOVING
66628,1953,0.00282863,0.00839930,0.00626439,0.00735313,0.00879444,0.01244093,RELIABLE,RELIABLE,RELIABLE,RELIABLE,PARTIAL,PARTIAL,STATIONARY,STATIONARY,STATIONARY,STATIONARY,STATIONARY,MOVING,MOVING
66675,1954,0.00302449,0.01440319,0.00834250,0.00892148,0.00996076,0.01540207,RELIABLE,RELIABLE,RELIABLE,RELIABLE,PARTIAL,PARTIAL,STATIONARY,STATIONARY,STATIONARY,STATIONARY,STATIONARY,MOVING,MOVING
66707,1955,0.00345375,0.01538601,0.00974624,0.01034960,0.01144391,0.01785957,RELIABLE,RELIABLE,RELIABLE,RELIABLE,PARTIAL,PARTIAL,STATIONARY,STATIONARY,STATIONARY,STATIONARY,STATIONARY,MOVING,MOVING
66739,1956,0.00344885,0.01565387,0.01070706,0.01032075,0.01089724,0.01737360,RELIABLE,RELIABLE,RELIABLE,RELIABLE,PARTIAL,PARTIAL,STATIONARY,MOVING,STATIONARY,STATIONARY,STATIONARY,MOVING,MOVING
66771,1957,0.00330484,0.01589211,0.01131526,0.01035779,0.01056499,0.01673964,RELIABLE,RELIABLE,RELIABLE,RELIABLE,PARTIAL,PARTIAL,STATIONARY,MOVING,STATIONARY,STATIONARY,STATIONARY,MOVING,MOVING
66803,1958,0.00329135,0.01601913,0.01144008,0.01050491,0.01084572,0.01653763,RELIABLE,RELIABLE,RELIABLE,RELIABLE,PARTIAL,PARTIAL,STATIONARY,MOVING,STATIONARY,STATIONARY,STATIONARY,MOVING,MOVING
66835,1959,0.00318864,0.01609052,0.01152679,0.01016112,0.01038149,0.01617497,RELIABLE,RELIABLE,RELIABLE,RELIABLE,PARTIAL,PARTIAL,STATIONARY,MOVING,STATIONARY,STATIONARY,STATIONARY,MOVING,MOVING
66867,1960,0.00301989,0.01621225,0.01170652,0.01010354,0.01011712,0.01622381,RELIABLE,RELIABLE,RELIABLE,RELIABLE,PARTIAL,PARTIAL,STATIONARY,MOVING,STATIONARY,STATIONARY,STATIONARY,MOVING,MOVING
66899,1961,0.00195693,0.00845337,0.00604874,0.00585126,0.00734205,0.01081172,RELIABLE,RELIABLE,RELIABLE,RELIABLE,PARTIAL,PARTIAL,STATIONARY,MOVING,STATIONARY,STATIONARY,STATIONARY,MOVING,MOVING
66931,1962,0.00308906,0.03799982,0.03300088,0.01895514,0.01521547,0.01655528,RELIABLE,RELIABLE,RELIABLE,RELIABLE,PARTIAL,PARTIAL,STATIONARY,MOVING,STATIONARY,STATIONARY,STATIONARY,MOVING,MOVING
66963,1963,0.00277235,0.06466547,0.05414131,0.02562608,0.01599044,0.01595176,RELIABLE,RELIABLE,RELIABLE,RELIABLE,PARTIAL,PARTIAL,STATIONARY,MOVING,STATIONARY,STATIONARY,STATIONARY,MOVING,MOVING
66995,1964,0.00323977,0.07030123,0.05802578,0.02941344,0.01911893,0.01967914,RELIABLE,RELIABLE,RELIABLE,RELIABLE,PARTIAL,PARTIAL,STATIONARY,MOVING,MOVING,MOVING,MOVING,MOVING,MOVING
67044,1965,0.00309388,0.07155882,0.05890061,0.02992307,0.01897292,0.01911562,RELIABLE,RELIABLE,RELIABLE,RELIABLE,PARTIAL,PARTIAL,STATIONARY,MOVING,MOVING,MOVING,MOVING,MOVING,MOVING
67075,1966,0.00316230,0.07165252,0.05896047,0.03003400,0.01892339,0.01961488,RELIABLE,RELIABLE,RELIABLE,RELIABLE,PARTIAL,PARTIAL,STATIONARY,MOVING,MOVING,MOVING,MOVING,MOVING,MOVING
67107,1967,0.00328304,0.07178841,0.05898925,0.03032430,0.01894750,0.02006008,RELIABLE,RELIABLE,RELIABLE,RELIABLE,PARTIAL,PARTIAL,STATIONARY,MOVING,MOVING,MOVING,MOVING,MOVING,MOVING
67139,1968,0.00333186,0.07173251,0.05897483,0.02997662,0.01901956,0.01912198,RELIABLE,RELIABLE,RELIABLE,RELIABLE,PARTIAL,PARTIAL,STATIONARY,MOVING,MOVING,MOVING,MOVING,MOVING,MOVING
67171,1969,0.00338865,0.07179528,0.05917824,0.02994509,0.01812585,0.01881991,RELIABLE,RELIABLE,RELIABLE,RELIABLE,PARTIAL,PARTIAL,STATIONARY,MOVING,MOVING,MOVING,MOVING,MOVING,MOVING
67203,1970,0.00285788,0.03636459,0.03026308,0.01578248,0.01058200,0.01256446,RELIABLE,RELIABLE,RELIABLE,RELIABLE,PARTIAL,PARTIAL,STATIONARY,MOVING,MOVING,MOVING,MOVING,MOVING,MOVING
67236,1971,0.00280777,0.00873581,0.00784131,0.00768438,0.00836247,0.01125124,RELIABLE,RELIABLE,RELIABLE,RELIABLE,PARTIAL,PARTIAL,STATIONARY,MOVING,MOVING,MOVING,MOVING,MOVING,MOVING
67268,1972,0.00257003,0.00288655,0.00303587,0.00369315,0.00504633,0.00815574,RELIABLE,RELIABLE,RELIABLE,RELIABLE,PARTIAL,PARTIAL,STATIONARY,MOVING,MOVING,MOVING,MOVING,MOVING,MOVING
67299,1973,0.00255226,0.00142073,0.00152272,0.00276394,0.00520551,0.00852346,RELIABLE,RELIABLE,RELIABLE,RELIABLE,PARTIAL,PARTIAL,STATIONARY,MOVING,MOVING,MOVING,MOVING,MOVING,MOVING
67331,1974,0.00249982,0.00122291,0.00132507,0.00255309,0.00526971,0.00851946,RELIABLE,RELIABLE,RELIABLE,RELIABLE,PARTIAL,PARTIAL,STATIONARY,MOVING,MOVING,MOVING,MOVING,MOVING,MOVING
67364,1975,0.00248824,0.00103240,0.00123235,0.00231482,0.00519440,0.00854428,RELIABLE,RELIABLE,RELIABLE,RELIABLE,PARTIAL,PARTIAL,STATIONARY,MOVING,MOVING,MOVING,MOVING,MOVING,MOVING
67396,1976,0.00448776,0.04413969,0.03531285,0.01808894,0.01609750,0.01857577,RELIABLE,RELIABLE,RELIABLE,RELIABLE,PARTIAL,PARTIAL,STATIONARY,MOVING,MOVING,MOVING,MOVING,MOVING,MOVING
67444,1977,0.00542570,0.08081952,0.06369666,0.03015431,0.02528988,0.02656161,RELIABLE,RELIABLE,RELIABLE,RELIABLE,PARTIAL,PARTIAL,STATIONARY,MOVING,MOVING,MOVING,MOVING,MOVING,MOVING
67476,1978,0.00479052,0.08566605,0.06742177,0.03189989,0.02513048,0.02553154,RELIABLE,RELIABLE,RELIABLE,RELIABLE,PARTIAL,PARTIAL,STATIONARY,MOVING,MOVING,MOVING,MOVING,MOVING,MOVING
67508,1979,0.00468685,0.08664729,0.06859581,0.03223972,0.02511158,0.02520627,RELIABLE,RELIABLE,RELIABLE,RELIABLE,PARTIAL,PARTIAL,STATIONARY,MOVING,MOVING,MOVING,MOVING,MOVING,MOVING
67540,1980,0.00515461,0.09119057,0.07117933,0.03547308,0.02772113,0.02948063,RELIABLE,RELIABLE,RELIABLE,RELIABLE,PARTIAL,PARTIAL,STATIONARY,MOVING,MOVING,MOVING,MOVING,MOVING,MOVING
67571,1981,0.00512278,0.09408683,0.07243525,0.03643902,0.02730151,0.02946561,RELIABLE,RELIABLE,RELIABLE,RELIABLE,PARTIAL,PARTIAL,STATIONARY,MOVING,MOVING,MOVING,MOVING,MOVING,MOVING
67604,1982,0.00543895,0.09542767,0.07330697,0.03776116,0.02843445,0.03171675,RELIABLE,RELIABLE,RELIABLE,RELIABLE,PARTIAL,PARTIAL,STATIONARY,MOVING,MOVING,MOVING,MOVING,MOVING,MOVING
67636,1983,0.00559664,0.09566150,0.07347107,0.03831240,0.02877095,0.03271242,RELIABLE,RELIABLE,RELIABLE,RELIABLE,PARTIAL,PARTIAL,STATIONARY,MOVING,MOVING,MOVING,MOVING,MOVING,MOVING
67667,1984,0.00391479,0.05281050,0.03945495,0.02295029,0.01832441,0.02356472,RELIABLE,RELIABLE,RELIABLE,RELIABLE,PARTIAL,PARTIAL,STATIONARY,MOVING,MOVING,MOVING,MOVING,MOVING,MOVING
67699,1985,0.00322830,0.01618069,0.01107221,0.01107129,0.00940619,0.01602070,RELIABLE,RELIABLE,RELIABLE,RELIABLE,PARTIAL,PARTIAL,STATIONARY,MOVING,MOVING,MOVING,MOVING,MOVING,MOVING
67731,1986,0.00333780,0.01143104,0.00722878,0.00931780,0.00932031,0.01602466,RELIABLE,RELIABLE,RELIABLE,RELIABLE,PARTIAL,PARTIAL,STATIONARY,MOVING,MOVING,MOVING,MOVING,MOVING,MOVING
67763,1987,0.00331410,0.01051063,0.00606495,0.00914824,0.00966486,0.01610798,RELIABLE,RELIABLE,RELIABLE,RELIABLE,PARTIAL,PARTIAL,STATIONARY,MOVING,MOVING,MOVING,MOVING,MOVING,MOVING
67811,1988,0.00267797,0.00595071,0.00362921,0.00584961,0.00746147,0.01091129,RELIABLE,RELIABLE,RELIABLE,RELIABLE,PARTIAL,PARTIAL,STATIONARY,MOVING,MOVING,MOVING,MOVING,MOVING,MOVING
67843,1989,0.00360065,0.00361886,0.00394327,0.00767200,0.01034707,0.01494066,RELIABLE,RELIABLE,RELIABLE,RELIABLE,PARTIAL,PARTIAL,STATIONARY,MOVING,MOVING,MOVING,MOVING,MOVING,MOVING
67875,1990,0.00354120,0.00255342,0.00372390,0.00731596,0.00996333,0.01507670,RELIABLE,RELIABLE,RELIABLE,RELIABLE,PARTIAL,PARTIAL,STATIONARY,MOVING,MOVING,MOVING,MOVING,MOVING,MOVING
67907,1991,0.00330875,0.00234656,0.00389713,0.00713475,0.00996740,0.01413365,RELIABLE,RELIABLE,RELIABLE,RELIABLE,PARTIAL,PARTIAL,STATIONARY,MOVING,MOVING,MOVING,MOVING,MOVING,MOVING
67939,1992,0.00278545,0.00203501,0.00385652,0.00675691,0.00877069,0.01312236,RELIABLE,RELIABLE,RELIABLE,RELIABLE,PARTIAL,PARTIAL,STATIONARY,MOVING,MOVING,MOVING,MOVING,MOVING,MOVING
67971,1993,0.00246802,0.00186224,0.00371509,0.00650970,0.00854722,0.01284183,RELIABLE,RELIABLE,RELIABLE,RELIABLE,PARTIAL,PARTIAL,STATIONARY,MOVING,MOVING,MOVING,MOVING,MOVING,MOVING
68003,1994,0.00234280,0.00175749,0.00362803,0.00626786,0.00759784,0.01184517,RELIABLE,RELIABLE,RELIABLE,RELIABLE,PARTIAL,PARTIAL,STATIONARY,MOVING,MOVING,MOVING,MOVING,MOVING,MOVING
68035,1995,0.00238484,0.00166595,0.00354827,0.00601578,0.00722926,0.01156445,RELIABLE,RELIABLE,RELIABLE,RELIABLE,PARTIAL,PARTIAL,STATIONARY,STATIONARY,STATIONARY,MOVING,MOVING,MOVING,MOVING
68067,1996,0.00236209,0.00157338,0.00336181,0.00609181,0.00704422,0.01168558,RELIABLE,RELIABLE,RELIABLE,RELIABLE,PARTIAL,PARTIAL,STATIONARY,STATIONARY,STATIONARY,MOVING,MOVING,MOVING,MOVING
68099,1997,0.00139737,0.00094803,0.00176427,0.00320397,0.00391100,0.00710831,RELIABLE,RELIABLE,RELIABLE,RELIABLE,PARTIAL,PARTIAL,STATIONARY,STATIONARY,STATIONARY,MOVING,MOVING,MOVING,MOVING
68131,1998,0.00126268,0.00067218,0.00111517,0.00228401,0.00339902,0.00485352,RELIABLE,RELIABLE,RELIABLE,RELIABLE,PARTIAL,PARTIAL,STATIONARY,STATIONARY,STATIONARY,MOVING,MOVING,MOVING,MOVING
68163,1999,0.00130278,0.00059113,0.00075304,0.00184116,0.00348666,0.00441220,RELIABLE,RELIABLE,RELIABLE,RELIABLE,PARTIAL,PARTIAL,STATIONARY,STATIONARY,STATIONARY,MOVING,MOVING,MOVING,MOVING
68211,2000,0.00130574,0.00062823,0.00056289,0.00159885,0.00378638,0.00425340,RELIABLE,RELIABLE,RELIABLE,RELIABLE,PARTIAL,PARTIAL,STATIONARY,STATIONARY,STATIONARY,MOVING,MOVING,MOVING,MOVING
68243,2001,0.00133848,0.00074172,0.00054394,0.00217394,0.00546143,0.00536941,RELIABLE,RELIABLE,RELIABLE,RELIABLE,PARTIAL,PARTIAL,STATIONARY,STATIONARY,STATIONARY,MOVING,MOVING,MOVING,MOVING
68275,2002,0.00132330,0.00064748,0.00056119,0.00218848,0.00571759,0.00559062,RELIABLE,RELIABLE,RELIABLE,RELIABLE,PARTIAL,PARTIAL,STATIONARY,STATIONARY,STATIONARY,MOVING,MOVING,MOVING,MOVING
68307,2003,0.00134888,0.00065548,0.00058445,0.00238982,0.00596739,0.00594259,RELIABLE,RELIABLE,RELIABLE,RELIABLE,PARTIAL,PARTIAL,STATIONARY,STATIONARY,STATIONARY,MOVING,MOVING,MOVING,MOVING
68340,2004,0.00148848,0.00077087,0.00057445,0.00234290,0.00600119,0.00650666,RELIABLE,RELIABLE,RELIABLE,RELIABLE,PARTIAL,PARTIAL,STATIONARY,STATIONARY,STATIONARY,STATIONARY,MOVING,MOVING,MOVING
68372,2005,0.00152803,0.00082278,0.00061241,0.00237242,0.00618396,0.00682760,RELIABLE,RELIABLE,RELIABLE,RELIABLE,PARTIAL,PARTIAL,STATIONARY,STATIONARY,STATIONARY,STATIONARY,MOVING,MOVING,MOVING
68404,2006,0.00124550,0.00079279,0.00060773,0.00195944,0.00530243,0.00593334,RELIABLE,RELIABLE,RELIABLE,RELIABLE,PARTIAL,PARTIAL,STATIONARY,STATIONARY,STATIONARY,STATIONARY,MOVING,MOVING,MOVING
68435,2007,0.00135013,0.00085257,0.00058974,0.00233130,0.00552221,0.00689415,RELIABLE,RELIABLE,RELIABLE,RELIABLE,PARTIAL,PARTIAL,STATIONARY,STATIONARY,STATIONARY,STATIONARY,MOVING,MOVING,MOVING
68468,2008,0.00138759,0.00079076,0.00058056,0.00252485,0.00559616,0.00728312,RELIABLE,RELIABLE,RELIABLE,RELIABLE,PARTIAL,PARTIAL,STATIONARY,STATIONARY,STATIONARY,STATIONARY,MOVING,MOVING,MOVING
68499,2009,0.00208328,0.00097647,0.00180327,0.00403768,0.00586372,0.00945775,RELIABLE,RELIABLE,RELIABLE,RELIABLE,PARTIAL,PARTIAL,STATIONARY,STATIONARY,STATIONARY,STATIONARY,MOVING,MOVING,MOVING
68531,2010,0.00243148,0.00102328,0.00208558,0.00480951,0.00635360,0.01208347,RELIABLE,RELIABLE,RELIABLE,RELIABLE,PARTIAL,PARTIAL,STATIONARY,STATIONARY,STATIONARY,STATIONARY,MOVING,MOVING,MOVING
68579,2011,0.00273608,0.00109019,0.00240044,0.00535249,0.00700008,0.01307418,RELIABLE,RELIABLE,RELIABLE,RELIABLE,PARTIAL,PARTIAL,STATIONARY,STATIONARY,STATIONARY,STATIONARY,MOVING,MOVING,MOVING
68611,2012,0.00283131,0.00105912,0.00251715,0.00557887,0.00692566,0.01328703,RELIABLE,RELIABLE,RELIABLE,RELIABLE,PARTIAL,PARTIAL,STATIONARY,STATIONARY,STATIONARY,STATIONARY,MOVING,MOVING,MOVING
68643,2013,0.00297759,0.00120525,0.00258859,0.00600335,0.00741946,0.01388240,RELIABLE,RELIABLE,RELIABLE,RELIABLE,PARTIAL,PARTIAL,STATIONARY,STATIONARY,STATIONARY,STATIONARY,MOVING,MOVING,MOVING
68675,2014,0.00396978,0.00157711,0.00345001,0.00756261,0.00990850,0.01738537,RELIABLE,RELIABLE,RELIABLE,RELIABLE,PARTIAL,PARTIAL,STATIONARY,STATIONARY,STATIONARY,STATIONARY,MOVING,MOVING,MOVING
68708,2015,0.00405302,0.00164144,0.00395156,0.00778734,0.00989622,0.01770992,RELIABLE,RELIABLE,RELIABLE,RELIABLE,PARTIAL,PARTIAL,STATIONARY,STATIONARY,STATIONARY,STATIONARY,MOVING,MOVING,MOVING
68739,2016,0.00422537,0.00175560,0.00418255,0.00805383,0.01141693,0.01802385,RELIABLE,RELIABLE,RELIABLE,RELIABLE,PARTIAL,PARTIAL,STATIONARY,STATIONARY,STATIONARY,STATIONARY,MOVING,MOVING,MOVING
68771,2017,0.00335173,0.00159074,0.00302726,0.00604671,0.00943883,0.01455282,RELIABLE,RELIABLE,RELIABLE,RELIABLE,PARTIAL,PARTIAL,STATIONARY,STATIONARY,STATIONARY,STATIONARY,MOVING,MOVING,MOVING
68803,2018,0.00293577,0.00156242,0.00271862,0.00504340,0.00845998,0.01159179,RELIABLE,RELIABLE,RELIABLE,RELIABLE,PARTIAL,PARTIAL,STATIONARY,STATIONARY,STATIONARY,STATIONARY,MOVING,MOVING,MOVING
68836,2019,0.00310473,0.00157658,0.00258652,0.00456232,0.00838810,0.01102405,RELIABLE,RELIABLE,RELIABLE,RELIABLE,PARTIAL,PARTIAL,STATIONARY,STATIONARY,STATIONARY,STATIONARY,MOVING,MOVING,MOVING
68867,2020,0.00277198,0.00151322,0.00249940,0.00423276,0.00860696,0.01028019,RELIABLE,RELIABLE,RELIABLE,RELIABLE,PARTIAL,PARTIAL,STATIONARY,STATIONARY,STATIONARY,STATIONARY,MOVING,MOVING,MOVING
68899,2021,0.00278779,0.00134225,0.00242882,0.00390204,0.00833065,0.00934100,RELIABLE,RELIABLE,RELIABLE,RELIABLE,PARTIAL,PARTIAL,STATIONARY,STATIONARY,STATIONARY,STATIONARY,MOVING,MOVING,MOVING
68931,2022,0.00193477,0.00107490,0.00159285,0.00251040,0.00580615,0.00592198,RELIABLE,RELIABLE,RELIABLE,RELIABLE,PARTIAL,PARTIAL,STATIONARY,STATIONARY,STATIONARY,STATIONARY,MOVING,MOVING,MOVING
68979,2023,0.00178130,0.00097361,0.00121863,0.00193629,0.00566548,0.00428626,RELIABLE,RELIABLE,RELIABLE,RELIABLE,PARTIAL,PARTIAL,STATIONARY,STATIONARY,STATIONARY,STATIONARY,MOVING,MOVING,MOVING
69011,2024,0.00151735,0.00081886,0.00099724,0.00164148,0.00401434,0.00337982,RELIABLE,RELIABLE,RELIABLE,RELIABLE,PARTIAL,PARTIAL,STATIONARY,STATIONARY,STATIONARY,STATIONARY,MOVING,MOVING,MOVING
69043,2025,0.00150271,0.00068711,0.00086366,0.00147308,0.00386688,0.00309606,RELIABLE,RELIABLE,RELIABLE,RELIABLE,PARTIAL,PARTIAL,STATIONARY,STATIONARY,STATIONARY,STATIONARY,MOVING,MOVING,MOVING
69074,2026,0.00149972,0.00071635,0.00081006,0.00151748,0.00417722,0.00307043,RELIABLE,RELIABLE,RELIABLE,RELIABLE,PARTIAL,PARTIAL,STATIONARY,STATIONARY,STATIONARY,STATIONARY,MOVING,MOVING,MOVING
69106,2027,0.00098161,0.00075250,0.00058661,0.00126230,0.00331840,0.00218623,RELIABLE,RELIABLE,RELIABLE,RELIABLE,PARTIAL,PARTIAL,STATIONARY,STATIONARY,STATIONARY,STATIONARY,MOVING,MOVING,MOVING
69139,2028,0.00104862,0.00080155,0.00058972,0.00132291,0.00306230,0.00203811,RELIABLE,RELIABLE,RELIABLE,RELIABLE,PARTIAL,PARTIAL,STATIONARY,STATIONARY,STATIONARY,STATIONARY,MOVING,MOVING,MOVING
69171,2029,0.00087093,0.00080947,0.00067487,0.00142765,0.00309146,0.00229247,RELIABLE,RELIABLE,RELIABLE,RELIABLE,PARTIAL,PARTIAL,STATIONARY,STATIONARY,STATIONARY,STATIONARY,STATIONARY,STATIONARY,STATIONARY
69203,2030,0.00080312,0.00073521,0.00065866,0.00125903,0.00303764,0.00178067,RELIABLE,RELIABLE,RELIABLE,RELIABLE,PARTIAL,PARTIAL,STATIONARY,STATIONARY,STATIONARY,STATIONARY,STATIONARY,STATIONARY,STATIONARY
69236,2031,0.00063515,0.00076144,0.00058824,0.00105419,0.00207926,0.00142674,RELIABLE,RELIABLE,RELIABLE,RELIABLE,PARTIAL,PARTIAL,STATIONARY,STATIONARY,STATIONARY,STATIONARY,STATIONARY,STATIONARY,STATIONARY
69267,2032,0.00068579,0.00092671,0.00068993,0.00094613,0.00192948,0.00170427,RELIABLE,RELIABLE,RELIABLE,RELIABLE,PARTIAL,PARTIAL,STATIONARY,STATIONARY,STATIONARY,STATIONARY,STATIONARY,STATIONARY,STATIONARY
69299,2033,0.00073532,0.00086541,0.00068169,0.00091131,0.00185341,0.00163117,RELIABLE,RELIABLE,RELIABLE,RELIABLE,PARTIAL,PARTIAL,STATIONARY,STATIONARY,STATIONARY,STATIONARY,STATIONARY,STATIONARY,STATIONARY
69347,2034,0.00094477,0.00082016,0.00071137,0.00083889,0.00154042,0.00139630,RELIABLE,RELIABLE,RELIABLE,RELIABLE,PARTIAL,PARTIAL,STATIONARY,STATIONARY,STATIONARY,STATIONARY,STATIONARY,STATIONARY,STATIONARY
69379,2035,0.00094831,0.00070894,0.00085362,0.00082463,0.00192052,0.00134204,RELIABLE,RELIABLE,RELIABLE,RELIABLE,PARTIAL,PARTIAL,STATIONARY,STATIONARY,STATIONARY,STATIONARY,STATIONARY,STATIONARY,STATIONARY
69411,2036,0.00085509,0.00067510,0.00090292,0.00069319,0.00193158,0.00119509,RELIABLE,RELIABLE,RELIABLE,RELIABLE,PARTIAL,PARTIAL,STATIONARY,STATIONARY,STATIONARY,STATIONARY,STATIONARY,STATIONARY,STATIONARY
69443,2037,0.00088677,0.00067695,0.00078510,0.00046225,0.00150286,0.00083486,RELIABLE,RELIABLE,RELIABLE,RELIABLE,PARTIAL,PARTIAL,STATIONARY,STATIONARY,STATIONARY,STATIONARY,STATIONARY,STATIONARY,STATIONARY
69475,2038,0.00082005,0.00063352,0.00085329,0.00048241,0.00179301,0.00085358,RELIABLE,RELIABLE,RELIABLE,RELIABLE,PARTIAL,PARTIAL,STATIONARY,STATIONARY,STATIONARY,STATIONARY,STATIONARY,STATIONARY,STATIONARY
69508,2039,0.00086372,0.00058317,0.00083957,0.00047160,0.00174001,0.00091263,RELIABLE,RELIABLE,RELIABLE,RELIABLE,PARTIAL,PARTIAL,STATIONARY,STATIONARY,STATIONARY,STATIONARY,STATIONARY,STATIONARY,STATIONARY
69540,2040,0.00097783,0.00041610,0.00068922,0.00038095,0.00149845,0.00061670,RELIABLE,RELIABLE,RELIABLE,RELIABLE,PARTIAL,PARTIAL,STATIONARY,STATIONARY,STATIONARY,STATIONARY,STATIONARY,STATIONARY,STATIONARY
69571,2041,0.00090251,0.00051251,0.00075318,0.00055230,0.00216115,0.00079354,RELIABLE,RELIABLE,RELIABLE,RELIABLE,PARTIAL,PARTIAL,STATIONARY,STATIONARY,STATIONARY,STATIONARY,STATIONARY,STATIONARY,STATIONARY
69603,2042,0.00070187,0.00050850,0.00084342,0.00052405,0.00249294,0.00089469,RELIABLE,RELIABLE,RELIABLE,RELIABLE,PARTIAL,PARTIAL,STATIONARY,STATIONARY,STATIONARY,STATIONARY,STATIONARY,STATIONARY,STATIONARY
69635,2043,0.00073027,0.00048996,0.00067406,0.00054397,0.00209315,0.00091020,RELIABLE,RELIABLE,RELIABLE,RELIABLE,PARTIAL,PARTIAL,STATIONARY,STATIONARY,STATIONARY,STATIONARY,STATIONARY,STATIONARY,STATIONARY
69667,2044,0.00073821,0.00053071,0.00060666,0.00068328,0.00214662,0.00121700,RELIABLE,RELIABLE,RELIABLE,RELIABLE,PARTIAL,PARTIAL,STATIONARY,STATIONARY,STATIONARY,STATIONARY,STATIONARY,STATIONARY,STATIONARY
69699,2045,0.00064619,0.00055172,0.00056745,0.00082553,0.00268684,0.00151046,RELIABLE,RELIABLE,RELIABLE,RELIABLE,PARTIAL,PARTIAL,STATIONARY,STATIONARY,STATIONARY,STATIONARY,STATIONARY,STATIONARY,STATIONARY
69747,2046,0.00073052,0.00052026,0.00059926,0.00087286,0.00258936,0.00152830,RELIABLE,RELIABLE,RELIABLE,RELIABLE,PARTIAL,PARTIAL,STATIONARY,STATIONARY,STATIONARY,STATIONARY,STATIONARY,STATIONARY,STATIONARY
69779,2047,0.00065512,0.00056983,0.00068654,0.00102426,0.00292970,0.00172999,RELIABLE,RELIABLE,RELIABLE,RELIABLE,PARTIAL,PARTIAL,STATIONARY,STATIONARY,STATIONARY,STATIONARY,STATIONARY,STATIONARY,STATIONARY
69811,2048,0.00060816,0.00061382,0.00071246,0.00115372,0.00316330,0.00231705,RELIABLE,RELIABLE,RELIABLE,RELIABLE,PARTIAL,PARTIAL,STATIONARY,STATIONARY,STATIONARY,STATIONARY,STATIONARY,STATIONARY,STATIONARY
69843,2049,0.00076151,0.00055883,0.00073653,0.00101772,0.00248649,0.00237675,RELIABLE,RELIABLE,RELIABLE,RELIABLE,PARTIAL,PARTIAL,STATIONARY,STATIONARY,STATIONARY,STATIONARY,STATIONARY,STATIONARY,STATIONARY
69875,2050,0.00065046,0.00058909,0.00063980,0.00108879,0.00237597,0.00232304,RELIABLE,RELIABLE,RELIABLE,RELIABLE,PARTIAL,PARTIAL,STATIONARY,STATIONARY,STATIONARY,STATIONARY,STATIONARY,STATIONARY,STATIONARY
69908,2051,0.00060048,0.00074022,0.00080293,0.00131905,0.00310958,0.00266911,RELIABLE,RELIABLE,RELIABLE,RELIABLE,PARTIAL,PARTIAL,STATIONARY,STATIONARY,STATIONARY,STATIONARY,STATIONARY,STATIONARY,STATIONARY
69939,2052,0.00089455,0.00079918,0.00079739,0.00147113,0.00340666,0.00320523,RELIABLE,RELIABLE,RELIABLE,RELIABLE,PARTIAL,PARTIAL,STATIONARY,STATIONARY,STATIONARY,STATIONARY,STATIONARY,STATIONARY,STATIONARY
69971,2053,0.00103133,0.00078341,0.00081990,0.00137222,0.00319776,0.00296952,RELIABLE,RELIABLE,RELIABLE,RELIABLE,PARTIAL,PARTIAL,STATIONARY,STATIONARY,STATIONARY,STATIONARY,STATIONARY,STATIONARY,STATIONARY
70004,2054,0.00124377,0.00097957,0.00076187,0.00194794,0.00430451,0.00445106,RELIABLE,RELIABLE,RELIABLE,RELIABLE,PARTIAL,PARTIAL,STATIONARY,STATIONARY,STATIONARY,STATIONARY,STATIONARY,STATIONARY,STATIONARY
70035,2055,0.00141674,0.00089721,0.00063932,0.00204683,0.00433503,0.00511810,RELIABLE,RELIABLE,RELIABLE,RELIABLE,PARTIAL,PARTIAL,STATIONARY,STATIONARY,STATIONARY,STATIONARY,STATIONARY,STATIONARY,STATIONARY
70067,2056,0.00139755,0.00093539,0.00069769,0.00195167,0.00420859,0.00447166,RELIABLE,RELIABLE,RELIABLE,RELIABLE,PARTIAL,PARTIAL,STATIONARY,STATIONARY,STATIONARY,STATIONARY,STATIONARY,STATIONARY,STATIONARY
70115,2057,0.00169383,0.00100481,0.00067130,0.00255149,0.00527642,0.00515479,RELIABLE,RELIABLE,RELIABLE,RELIABLE,PARTIAL,PARTIAL,STATIONARY,STATIONARY,STATIONARY,STATIONARY,STATIONARY,STATIONARY,STATIONARY
70147,2058,0.00187286,0.00095240,0.00063828,0.00261170,0.00532586,0.00523961,RELIABLE,RELIABLE,RELIABLE,RELIABLE,PARTIAL,PARTIAL,STATIONARY,STATIONARY,STATIONARY,STATIONARY,STATIONARY,STATIONARY,STATIONARY
70179,2059,0.00227017,0.00095813,0.00055822,0.00277136,0.00564725,0.00669440,RELIABLE,RELIABLE,RELIABLE,RELIABLE,PARTIAL,PARTIAL,STATIONARY,STATIONARY,STATIONARY,STATIONARY,STATIONARY,STATIONARY,STATIONARY
70212,2060,0.00205826,0.00094419,0.00055721,0.00263847,0.00550935,0.00612280,RELIABLE,RELIABLE,RELIABLE,RELIABLE,PARTIAL,PARTIAL,STATIONARY,STATIONARY,STATIONARY,STATIONARY,STATIONARY,STATIONARY,STATIONARY
70245,2061,0.00232633,0.00096414,0.00060931,0.00299781,0.00565629,0.00655024,RELIABLE,RELIABLE,RELIABLE,RELIABLE,PARTIAL,PARTIAL,STATIONARY,STATIONARY,STATIONARY,STATIONARY,STATIONARY,STATIONARY,STATIONARY
70277,2062,0.00270346,0.00144629,0.00215674,0.00501683,0.00694613,0.00870880,RELIABLE,RELIABLE,RELIABLE,RELIABLE,PARTIAL,PARTIAL,STATIONARY,STATIONARY,STATIONARY,STATIONARY,STATIONARY,STATIONARY,STATIONARY
70308,2063,0.00302931,0.00175515,0.00263642,0.00571252,0.00701693,0.01002359,RELIABLE,RELIABLE,RELIABLE,RELIABLE,PARTIAL,PARTIAL,STATIONARY,STATIONARY,STATIONARY,STATIONARY,STATIONARY,STATIONARY,STATIONARY
70339,2064,0.00346295,0.00180910,0.00292770,0.00665600,0.00955353,0.01254526,RELIABLE,RELIABLE,RELIABLE,RELIABLE,PARTIAL,PARTIAL,STATIONARY,STATIONARY,STATIONARY,STATIONARY,STATIONARY,STATIONARY,STATIONARY
70372,2065,0.00378696,0.00181951,0.00334812,0.00646891,0.00891292,0.01230279,RELIABLE,RELIABLE,RELIABLE,RELIABLE,PARTIAL,PARTIAL,STATIONARY,STATIONARY,STATIONARY,STATIONARY,STATIONARY,STATIONARY,STATIONARY
70404,2066,0.00380317,0.00194484,0.00369114,0.00669559,0.00877491,0.01306313,RELIABLE,RELIABLE,RELIABLE,RELIABLE,PARTIAL,PARTIAL,STATIONARY,STATIONARY,STATIONARY,STATIONARY,STATIONARY,MOVING,MOVING
70436,2067,0.00344370,0.00198164,0.00375213,0.00658172,0.00842282,0.01205810,RELIABLE,RELIABLE,RELIABLE,RELIABLE,PARTIAL,PARTIAL,STATIONARY,STATIONARY,STATIONARY,STATIONARY,STATIONARY,MOVING,MOVING
70468,2068,0.00410337,0.00196817,0.00387715,0.00651022,0.00815622,0.01211137,RELIABLE,RELIABLE,RELIABLE,RELIABLE,PARTIAL,PARTIAL,STATIONARY,STATIONARY,STATIONARY,STATIONARY,STATIONARY,MOVING,MOVING
70516,2069,0.00396548,0.00217444,0.00392787,0.00676862,0.00910511,0.01330373,RELIABLE,RELIABLE,RELIABLE,RELIABLE,PARTIAL,PARTIAL,STATIONARY,STATIONARY,STATIONARY,STATIONARY,STATIONARY,MOVING,MOVING
70548,2070,0.00337785,0.00163032,0.00239371,0.00429569,0.00662582,0.00965847,RELIABLE,RELIABLE,RELIABLE,RELIABLE,PARTIAL,PARTIAL,STATIONARY,STATIONARY,STATIONARY,STATIONARY,STATIONARY,MOVING,MOVING
70580,2071,0.00313048,0.00147835,0.00203504,0.00361362,0.00678672,0.00812190,RELIABLE,RELIABLE,RELIABLE,RELIABLE,PARTIAL,PARTIAL,STATIONARY,STATIONARY,STATIONARY,STATIONARY,STATIONARY,MOVING,MOVING
70611,2072,0.00283490,0.00158078,0.00183300,0.00296738,0.00426358,0.00672861,RELIABLE,RELIABLE,RELIABLE,RELIABLE,PARTIAL,PARTIAL,STATIONARY,STATIONARY,STATIONARY,STATIONARY,STATIONARY,MOVING,MOVING
70643,2073,0.00335579,0.04071903,0.03665064,0.01805916,0.01523543,0.01606787,RELIABLE,RELIABLE,RELIABLE,RELIABLE,PARTIAL,PARTIAL,STATIONARY,STATIONARY,STATIONARY,STATIONARY,STATIONARY,MOVING,MOVING
70675,2074,0.00377305,0.04432072,0.04052877,0.01873699,0.01543122,0.01565318,RELIABLE,RELIABLE,RELIABLE,RELIABLE,PARTIAL,PARTIAL,STATIONARY,STATIONARY,STATIONARY,STATIONARY,STATIONARY,MOVING,MOVING
70707,2075,0.00398039,0.05133457,0.04287641,0.01964898,0.01649677,0.01559811,RELIABLE,RELIABLE,RELIABLE,RELIABLE,PARTIAL,PARTIAL,STATIONARY,MOVING,MOVING,MOVING,MOVING,MOVING,MOVING
70739,2076,0.00368882,0.05355750,0.05343805,0.02085425,0.01851783,0.01889408,RELIABLE,RELIABLE,RELIABLE,RELIABLE,PARTIAL,PARTIAL,STATIONARY,MOVING,MOVING,MOVING,MOVING,MOVING,MOVING
70771,2077,0.00402890,0.05380572,0.05431157,0.02069684,0.01749207,0.01762355,PARTIAL,RELIABLE,RELIABLE,RELIABLE,PARTIAL,PARTIAL,STATIONARY,MOVING,MOVING,MOVING,MOVING,MOVING,MOVING
70803,2078,0.00414381,0.05403049,0.05482712,0.02100680,0.01791921,0.01822942,PARTIAL,RELIABLE,RELIABLE,RELIABLE,PARTIAL,PARTIAL,STATIONARY,MOVING,MOVING,MOVING,MOVING,MOVING,MOVING
70835,2079,,0.09482544,0.09612786,0.03521198,0.02786721,0.02602235,UNRELIABLE,RELIABLE,RELIABLE,RELIABLE,PARTIAL,PARTIAL,UNCERTAIN,MOVING,MOVING,MOVING,MOVING,MOVING,MOVING
70883,2080,,0.13287002,0.13463612,0.04732625,0.03694363,0.03163536,UNRELIABLE,RELIABLE,RELIABLE,RELIABLE,PARTIAL,PARTIAL,UNCERTAIN,MOVING,MOVING,MOVING,MOVING,MOVING,MOVING
70915,2081,,0.09552643,0.10111914,0.03361675,0.02735612,0.02310824,UNRELIABLE,RELIABLE,RELIABLE,RELIABLE,PARTIAL,PARTIAL,UNCERTAIN,MOVING,MOVING,MOVING,MOVING,MOVING,MOVING
70947,2082,,0.09251889,0.09783172,0.03304859,0.02741258,0.02303570,UNRELIABLE,RELIABLE,RELIABLE,RELIABLE,PARTIAL,PARTIAL,UNCERTAIN,MOVING,MOVING,MOVING,MOVING,MOVING,MOVING
70979,2083,,0.08600265,0.09771408,0.03218756,0.02578816,0.02329652,UNRELIABLE,RELIABLE,RELIABLE,RELIABLE,PARTIAL,PARTIAL,UNCERTAIN,MOVING,MOVING,MOVING,MOVING,MOVING,MOVING
71011,2084,,0.08461080,0.08894966,0.03158453,0.02417069,0.02100658,UNRELIABLE,RELIABLE,RELIABLE,RELIABLE,PARTIAL,PARTIAL,UNCERTAIN,MOVING,MOVING,MOVING,MOVING,MOVING,MOVING
71043,2085,,0.09569248,0.09631455,0.03215031,0.02466146,0.02176871,UNRELIABLE,RELIABLE,RELIABLE,RELIABLE,PARTIAL,PARTIAL,UNCERTAIN,MOVING,MOVING,MOVING,MOVING,MOVING,MOVING
71075,2086,,0.11418638,0.11399622,0.03887027,0.02636811,0.02175377,UNRELIABLE,RELIABLE,RELIABLE,RELIABLE,PARTIAL,PARTIAL,UNCERTAIN,MOVING,MOVING,MOVING,MOVING,MOVING,MOVING
71108,2087,,0.08401741,0.08583975,0.03228575,0.02362185,0.01888000,UNRELIABLE,RELIABLE,RELIABLE,RELIABLE,PARTIAL,PARTIAL,UNCERTAIN,MOVING,MOVING,MOVING,MOVING,MOVING,MOVING
71139,2088,,0.05673817,0.06068341,0.02436728,0.01791381,0.01779907,UNRELIABLE,RELIABLE,RELIABLE,RELIABLE,PARTIAL,PARTIAL,UNCERTAIN,MOVING,MOVING,MOVING,MOVING,MOVING,MOVING
71171,2089,,0.06331716,0.06410323,0.02477356,0.01777100,0.01774104,UNRELIABLE,RELIABLE,RELIABLE,RELIABLE,PARTIAL,PARTIAL,UNCERTAIN,MOVING,MOVING,MOVING,MOVING,MOVING,MOVING
71203,2090,,0.06522522,0.06536387,0.02676986,0.01870198,0.01890862,UNRELIABLE,RELIABLE,RELIABLE,RELIABLE,PARTIAL,PARTIAL,UNCERTAIN,MOVING,MOVING,MOVING,MOVING,MOVING,MOVING
71235,2091,,0.09337359,0.08685689,0.03494532,0.01973054,0.01955888,UNRELIABLE,RELIABLE,RELIABLE,RELIABLE,PARTIAL,PARTIAL,UNCERTAIN,MOVING,MOVING,MOVING,MOVING,MOVING,MOVING
71284,2092,,0.09737736,0.09611194,0.03792083,0.02046416,0.02029367,UNRELIABLE,RELIABLE,RELIABLE,RELIABLE,PARTIAL,PARTIAL,UNCERTAIN,MOVING,MOVING,MOVING,MOVING,MOVING,MOVING
71316,2093,,0.08847332,0.09082153,0.03866944,0.02009522,0.02160197,UNRELIABLE,RELIABLE,RELIABLE,RELIABLE,PARTIAL,PARTIAL,UNCERTAIN,MOVING,MOVING,MOVING,MOVING,MOVING,MOVING
71348,2094,,0.11529943,0.10996030,0.04723350,0.03076604,0.02818521,UNRELIABLE,RELIABLE,RELIABLE,RELIABLE,PARTIAL,PARTIAL,UNCERTAIN,MOVING,MOVING,MOVING,MOVING,MOVING,MOVING
71379,2095,,0.11928970,0.09999778,0.04109323,0.02382188,0.02303932,UNRELIABLE,PARTIAL,RELIABLE,PARTIAL,PARTIAL,PARTIAL,UNCERTAIN,MOVING,MOVING,MOVING,MOVING,MOVING,MOVING
71411,2096,,0.12944412,0.08957567,0.03807981,0.02293303,0.01786976,UNRELIABLE,PARTIAL,PARTIAL,PARTIAL,PARTIAL,PARTIAL,UNCERTAIN,MOVING,MOVING,MOVING,MOVING,MOVING,MOVING
71443,2097,,0.16346181,0.12641129,0.04238879,0.02721847,0.02416140,UNRELIABLE,PARTIAL,PARTIAL,PARTIAL,PARTIAL,PARTIAL,UNCERTAIN,MOVING,MOVING,MOVING,MOVING,MOVING,MOVING
71478,2098,,0.20420201,0.15761138,0.04631667,0.03716660,0.02933211,UNRELIABLE,PARTIAL,PARTIAL,PARTIAL,PARTIAL,PARTIAL,UNCERTAIN,MOVING,MOVING,MOVING,MOVING,MOVING,MOVING
71509,2099,,0.18675448,0.13775585,0.03861604,0.03683760,0.02802834,UNRELIABLE,PARTIAL,PARTIAL,PARTIAL,PARTIAL,PARTIAL,UNCERTAIN,MOVING,MOVING,MOVING,MOVING,MOVING,MOVING
71541,2100,,0.20508789,0.15224693,0.03786592,0.03654695,0.02805022,UNRELIABLE,PARTIAL,PARTIAL,PARTIAL,PARTIAL,PARTIAL,UNCERTAIN,MOVING,MOVING,MOVING,MOVING,MOVING,MOVING
71572,2101,,0.21380516,0.16978409,0.03844284,0.03838146,0.02832614,UNRELIABLE,PARTIAL,PARTIAL,PARTIAL,PARTIAL,PARTIAL,UNCERTAIN,MOVING,MOVING,MOVING,MOVING,MOVING,MOVING
71604,2102,,,0.18022843,0.02925891,0.03560206,0.02652899,UNRELIABLE,UNRELIABLE,PARTIAL,PARTIAL,PARTIAL,PARTIAL,UNCERTAIN,UNCERTAIN,MOVING,MOVING,MOVING,MOVING,MOVING
71651,2103,,,0.18251081,0.02918694,0.03666279,0.02715948,UNRELIABLE,UNRELIABLE,PARTIAL,PARTIAL,PARTIAL,PARTIAL,UNCERTAIN,UNCERTAIN,MOVING,MOVING,MOVING,MOVING,MOVING
71683,2104,,,,,,,UNRELIABLE,UNRELIABLE,UNRELIABLE,UNRELIABLE,UNRELIABLE,UNRELIABLE,UNCERTAIN,UNCERTAIN,UNCERTAIN,UNCERTAIN,UNCERTAIN,UNCERTAIN,UNCERTAIN
71715,2105,,,,,,,UNRELIABLE,UNRELIABLE,UNRELIABLE,UNRELIABLE,UNRELIABLE,UNRELIABLE,UNCERTAIN,UNCERTAIN,UNCERTAIN,UNCERTAIN,UNCERTAIN,UNCERTAIN,UNCERTAIN
71747,2106,,,,,,,UNRELIABLE,UNRELIABLE,UNRELIABLE,UNRELIABLE,UNRELIABLE,UNRELIABLE,UNCERTAIN,UNCERTAIN,UNCERTAIN,UNCERTAIN,UNCERTAIN,UNCERTAIN,UNCERTAIN
71779,2107,,,,,,,UNRELIABLE,UNRELIABLE,UNRELIABLE,UNRELIABLE,UNRELIABLE,UNRELIABLE,UNCERTAIN,UNCERTAIN,UNCERTAIN,UNCERTAIN,UNCERTAIN,UNCERTAIN,UNCERTAIN
71811,2108,,,,,,,UNRELIABLE,UNRELIABLE,UNRELIABLE,UNRELIABLE,UNRELIABLE,UNRELIABLE,UNCERTAIN,UNCERTAIN,UNCERTAIN,UNCERTAIN,UNCERTAIN,UNCERTAIN,UNCERTAIN
71843,2109,,,,,,,UNRELIABLE,UNRELIABLE,UNRELIABLE,UNRELIABLE,UNRELIABLE,UNRELIABLE,UNCERTAIN,UNCERTAIN,UNCERTAIN,UNCERTAIN,UNCERTAIN,UNCERTAIN,UNCERTAIN
71875,2110,,,,,,,UNRELIABLE,UNRELIABLE,UNRELIABLE,UNRELIABLE,UNRELIABLE,UNRELIABLE,UNCERTAIN,UNCERTAIN,UNCERTAIN,UNCERTAIN,UNCERTAIN,UNCERTAIN,UNCERTAIN
71907,2111,,,,,,,UNRELIABLE,UNRELIABLE,UNRELIABLE,UNRELIABLE,UNRELIABLE,UNRELIABLE,UNCERTAIN,UNCERTAIN,UNCERTAIN,UNCERTAIN,UNCERTAIN,UNCERTAIN,UNCERTAIN
71939,2112,,,,,,,UNRELIABLE,UNRELIABLE,UNRELIABLE,UNRELIABLE,UNRELIABLE,UNRELIABLE,UNCERTAIN,UNCERTAIN,UNCERTAIN,UNCERTAIN,UNCERTAIN,UNCERTAIN,UNCERTAIN
71971,2113,,,,,,,UNRELIABLE,UNRELIABLE,UNRELIABLE,UNRELIABLE,UNRELIABLE,UNRELIABLE,UNCERTAIN,UNCERTAIN,UNCERTAIN,UNCERTAIN,UNCERTAIN,UNCERTAIN,UNCERTAIN
72004,2114,,,,,,,UNRELIABLE,UNRELIABLE,UNRELIABLE,UNRELIABLE,UNRELIABLE,UNRELIABLE,UNCERTAIN,UNCERTAIN,UNCERTAIN,UNCERTAIN,UNCERTAIN,UNCERTAIN,UNCERTAIN
72051,2115,,,,,,,UNRELIABLE,UNRELIABLE,UNRELIABLE,UNRELIABLE,UNRELIABLE,UNRELIABLE,UNCERTAIN,UNCERTAIN,UNCERTAIN,UNCERTAIN,UNCERTAIN,UNCERTAIN,UNCERTAIN
72083,2116,,,,,,,UNRELIABLE,UNRELIABLE,UNRELIABLE,UNRELIABLE,UNRELIABLE,UNRELIABLE,UNCERTAIN,UNCERTAIN,UNCERTAIN,UNCERTAIN,UNCERTAIN,UNCERTAIN,UNCERTAIN
72115,2117,,,,,,,UNRELIABLE,UNRELIABLE,UNRELIABLE,UNRELIABLE,UNRELIABLE,UNRELIABLE,UNCERTAIN,UNCERTAIN,UNCERTAIN,UNCERTAIN,UNCERTAIN,UNCERTAIN,UNCERTAIN
72147,2118,,,,,,,UNRELIABLE,UNRELIABLE,UNRELIABLE,UNRELIABLE,UNRELIABLE,UNRELIABLE,UNCERTAIN,UNCERTAIN,UNCERTAIN,UNCERTAIN,UNCERTAIN,UNCERTAIN,UNCERTAIN
72179,2119,,,,,,,UNRELIABLE,UNRELIABLE,UNRELIABLE,UNRELIABLE,UNRELIABLE,UNRELIABLE,UNCERTAIN,UNCERTAIN,UNCERTAIN,UNCERTAIN,UNCERTAIN,UNCERTAIN,UNCERTAIN
72211,2120,,,,,,,UNRELIABLE,UNRELIABLE,UNRELIABLE,UNRELIABLE,UNRELIABLE,UNRELIABLE,UNCERTAIN,UNCERTAIN,UNCERTAIN,UNCERTAIN,UNCERTAIN,UNCERTAIN,UNCERTAIN
98019,2894,,0.02499346,0.00774383,0.00396556,0.00423911,0.00476240,UNRELIABLE,RELIABLE,PARTIAL,PARTIAL,PARTIAL,PARTIAL,UNCERTAIN,MOVING,MOVING,MOVING,MOVING,STATIONARY,MOVING
98051,2895,,0.02481909,0.00783263,0.00399716,0.00440148,0.00524574,UNRELIABLE,RELIABLE,PARTIAL,PARTIAL,PARTIAL,PARTIAL,UNCERTAIN,MOVING,MOVING,MOVING,MOVING,STATIONARY,MOVING
98082,2896,,0.02029090,0.00902398,0.00395489,0.00430799,0.00521172,UNRELIABLE,RELIABLE,PARTIAL,PARTIAL,PARTIAL,PARTIAL,UNCERTAIN,MOVING,MOVING,STATIONARY,STATIONARY,STATIONARY,MOVING
98131,2897,,0.01830428,0.00839753,0.00386915,0.00442480,0.00469881,UNRELIABLE,RELIABLE,RELIABLE,RELIABLE,PARTIAL,PARTIAL,UNCERTAIN,MOVING,MOVING,STATIONARY,STATIONARY,STATIONARY,MOVING
98157,2898,,0.01587473,0.00777610,0.00319650,0.00401645,0.00402510,UNRELIABLE,RELIABLE,RELIABLE,RELIABLE,PARTIAL,PARTIAL,UNCERTAIN,MOVING,MOVING,STATIONARY,STATIONARY,STATIONARY,MOVING
98188,2899,,0.01463417,0.00679100,0.00263880,0.00369114,0.00294149,UNRELIABLE,RELIABLE,RELIABLE,RELIABLE,PARTIAL,PARTIAL,UNCERTAIN,MOVING,MOVING,STATIONARY,STATIONARY,STATIONARY,MOVING
98220,2900,,0.02102220,0.00660535,0.00225978,0.00327918,0.00262269,UNRELIABLE,RELIABLE,RELIABLE,RELIABLE,PARTIAL,PARTIAL,UNCERTAIN,MOVING,MOVING,STATIONARY,STATIONARY,STATIONARY,MOVING
98251,2901,,0.02036729,0.00492717,0.00176214,0.00291770,0.00194158,UNRELIABLE,RELIABLE,RELIABLE,RELIABLE,PARTIAL,PARTIAL,UNCERTAIN,MOVING,MOVING,STATIONARY,STATIONARY,STATIONARY,MOVING
98283,2902,,0.01836595,0.00475128,0.00162222,0.00237614,0.00169735,UNRELIABLE,RELIABLE,RELIABLE,RELIABLE,PARTIAL,PARTIAL,UNCERTAIN,MOVING,MOVING,STATIONARY,STATIONARY,STATIONARY,MOVING
98323,2903,,0.02466502,0.00578525,0.00168388,0.00186865,0.00191325,UNRELIABLE,RELIABLE,RELIABLE,RELIABLE,PARTIAL,PARTIAL,UNCERTAIN,MOVING,MOVING,STATIONARY,STATIONARY,STATIONARY,MOVING
98355,2904,,0.02578369,0.00579243,0.00251979,0.00284976,0.00274559,UNRELIABLE,RELIABLE,PARTIAL,PARTIAL,PARTIAL,PARTIAL,UNCERTAIN,MOVING,MOVING,STATIONARY,STATIONARY,STATIONARY,MOVING
98387,2905,,0.02684551,0.00550078,0.00384242,0.00500303,0.00307244,UNRELIABLE,RELIABLE,PARTIAL,PARTIAL,PARTIAL,PARTIAL,UNCERTAIN,MOVING,MOVING,STATIONARY,STATIONARY,STATIONARY,MOVING
98419,2906,,0.02970978,0.00689909,0.00470134,0.00558470,0.00435623,UNRELIABLE,RELIABLE,PARTIAL,PARTIAL,PARTIAL,PARTIAL,UNCERTAIN,MOVING,MOVING,STATIONARY,STATIONARY,STATIONARY,MOVING
98451,2907,,0.03322838,0.00693751,0.00555313,0.00609129,0.00457169,UNRELIABLE,RELIABLE,PARTIAL,PARTIAL,PARTIAL,PARTIAL,UNCERTAIN,MOVING,MOVING,STATIONARY,STATIONARY,STATIONARY,MOVING
98499,2908,,0.02944820,0.00711100,0.00610409,0.00662165,0.00513699,UNRELIABLE,RELIABLE,PARTIAL,PARTIAL,PARTIAL,PARTIAL,UNCERTAIN,MOVING,MOVING,STATIONARY,STATIONARY,STATIONARY,MOVING
98531,2909,,0.03083677,0.00748781,0.00693634,0.00774139,0.00508487,UNRELIABLE,RELIABLE,PARTIAL,PARTIAL,PARTIAL,PARTIAL,UNCERTAIN,MOVING,MOVING,STATIONARY,STATIONARY,STATIONARY,MOVING
98551,2910,,0.03168253,0.00740845,0.00713886,0.00826833,0.00521491,UNRELIABLE,RELIABLE,PARTIAL,PARTIAL,PARTIAL,PARTIAL,UNCERTAIN,MOVING,MOVING,STATIONARY,STATIONARY,STATIONARY,MOVING
98582,2911,,0.02658459,0.00777006,0.00797770,0.00903463,0.00464651,UNRELIABLE,RELIABLE,PARTIAL,PARTIAL,PARTIAL,PARTIAL,UNCERTAIN,MOVING,MOVING,STATIONARY,STATIONARY,STATIONARY,MOVING
98614,2912,,0.02342582,0.00761975,0.00757947,0.00810249,0.00445674,UNRELIABLE,RELIABLE,PARTIAL,PARTIAL,PARTIAL,PARTIAL,UNCERTAIN,MOVING,MOVING,STATIONARY,STATIONARY,STATIONARY,MOVING
98645,2913,,0.02249814,0.00909116,0.00669616,0.00579436,0.00561509,UNRELIABLE,RELIABLE,PARTIAL,PARTIAL,PARTIAL,PARTIAL,UNCERTAIN,MOVING,MOVING,STATIONARY,STATIONARY,STATIONARY,MOVING
98676,2914,,0.02000723,0.00884592,0.00685531,0.00546683,0.00484644,UNRELIABLE,RELIABLE,RELIABLE,RELIABLE,PARTIAL,PARTIAL,UNCERTAIN,MOVING,MOVING,STATIONARY,STATIONARY,STATIONARY,MOVING
98723,2915,,0.01895920,0.01126711,0.00847136,0.00524206,0.00615939,UNRELIABLE,RELIABLE,RELIABLE,RELIABLE,PARTIAL,PARTIAL,UNCERTAIN,MOVING,MOVING,STATIONARY,STATIONARY,STATIONARY,MOVING
98755,2916,,0.01731106,0.01352976,0.00942366,0.00519019,0.00623077,UNRELIABLE,RELIABLE,RELIABLE,RELIABLE,PARTIAL,PARTIAL,UNCERTAIN,MOVING,MOVING,STATIONARY,STATIONARY,STATIONARY,MOVING
98786,2917,,0.01603543,0.01447970,0.00970512,0.00532193,0.00668262,UNRELIABLE,RELIABLE,RELIABLE,RELIABLE,PARTIAL,PARTIAL,UNCERTAIN,MOVING,MOVING,STATIONARY,STATIONARY,STATIONARY,MOVING
98818,2918,,0.01521868,0.01528127,0.01030931,0.00513382,0.00661204,UNRELIABLE,RELIABLE,RELIABLE,RELIABLE,PARTIAL,PARTIAL,UNCERTAIN,MOVING,MOVING,STATIONARY,STATIONARY,STATIONARY,MOVING
98851,2919,,0.01336179,0.01425608,0.01009382,0.00458264,0.00698164,UNRELIABLE,RELIABLE,RELIABLE,RELIABLE,PARTIAL,PARTIAL,UNCERTAIN,MOVING,MOVING,STATIONARY,STATIONARY,STATIONARY,MOVING
98899,2920,,0.01327260,0.01325856,0.01004869,0.00508343,0.00672158,UNRELIABLE,RELIABLE,RELIABLE,RELIABLE,PARTIAL,PARTIAL,UNCERTAIN,MOVING,MOVING,STATIONARY,STATIONARY,STATIONARY,MOVING
98927,2921,,0.01245873,0.01148284,0.00942507,0.00501134,0.00528920,UNRELIABLE,RELIABLE,RELIABLE,RELIABLE,PARTIAL,PARTIAL,UNCERTAIN,MOVING,MOVING,STATIONARY,STATIONARY,STATIONARY,MOVING
98959,2922,,0.01118810,0.01077716,0.00872473,0.00482593,0.00500484,UNRELIABLE,RELIABLE,RELIABLE,RELIABLE,PARTIAL,PARTIAL,UNCERTAIN,MOVING,MOVING,STATIONARY,STATIONARY,STATIONARY,MOVING
98991,2923,,0.00859482,0.00864461,0.00684677,0.00499675,0.00384353,UNRELIABLE,RELIABLE,RELIABLE,RELIABLE,PARTIAL,PARTIAL,UNCERTAIN,MOVING,MOVING,STATIONARY,STATIONARY,STATIONARY,MOVING
99022,2924,,0.00782943,0.00627219,0.00586592,0.00466381,0.00324010,UNRELIABLE,RELIABLE,RELIABLE,RELIABLE,PARTIAL,PARTIAL,UNCERTAIN,MOVING,MOVING,STATIONARY,STATIONARY,STATIONARY,MOVING
99054,2925,,0.00733900,0.00501577,0.00500485,0.00344471,0.00289407,UNRELIABLE,RELIABLE,RELIABLE,RELIABLE,PARTIAL,PARTIAL,UNCERTAIN,MOVING,MOVING,STATIONARY,STATIONARY,STATIONARY,MOVING
99086,2926,,0.00664946,0.00440032,0.00467541,0.00323595,0.00287588,UNRELIABLE,RELIABLE,RELIABLE,RELIABLE,PARTIAL,PARTIAL,UNCERTAIN,MOVING,MOVING,STATIONARY,STATIONARY,STATIONARY,MOVING
99123,2927,,0.00637256,0.00385706,0.00409322,0.00347522,0.00267230,UNRELIABLE,RELIABLE,RELIABLE,RELIABLE,PARTIAL,PARTIAL,UNCERTAIN,MOVING,MOVING,STATIONARY,STATIONARY,STATIONARY,MOVING
99155,2928,,0.00585954,0.00341509,0.00378153,0.00283293,0.00279712,UNRELIABLE,RELIABLE,RELIABLE,RELIABLE,PARTIAL,PARTIAL,UNCERTAIN,MOVING,MOVING,STATIONARY,STATIONARY,STATIONARY,MOVING
99186,2929,,0.00614856,0.00354478,0.00442243,0.00400421,0.00439877,UNRELIABLE,RELIABLE,RELIABLE,RELIABLE,PARTIAL,PARTIAL,UNCERTAIN,MOVING,MOVING,STATIONARY,STATIONARY,STATIONARY,MOVING
99219,2930,,0.00617498,0.00326447,0.00464187,0.00465963,0.00509999,UNRELIABLE,RELIABLE,RELIABLE,RELIABLE,PARTIAL,PARTIAL,UNCERTAIN,MOVING,MOVING,STATIONARY,STATIONARY,STATIONARY,MOVING
99267,2931,,0.03779578,0.03211441,0.01801642,0.01367056,0.01527434,UNRELIABLE,RELIABLE,RELIABLE,RELIABLE,PARTIAL,PARTIAL,UNCERTAIN,MOVING,MOVING,STATIONARY,STATIONARY,STATIONARY,MOVING
99299,2932,0.00000000,0.04075644,0.04060489,0.01908893,0.01431863,0.01640306,PARTIAL,RELIABLE,RELIABLE,RELIABLE,PARTIAL,PARTIAL,STATIONARY,MOVING,MOVING,STATIONARY,STATIONARY,STATIONARY,MOVING
99319,2933,0.00210258,0.05803427,0.05399466,0.02473379,0.01585540,0.01764130,RELIABLE,RELIABLE,RELIABLE,RELIABLE,PARTIAL,PARTIAL,STATIONARY,MOVING,MOVING,MOVING,MOVING,MOVING,MOVING
99350,2934,0.00234978,0.06596720,0.05768303,0.02789364,0.02127785,0.02179069,PARTIAL,RELIABLE,RELIABLE,RELIABLE,PARTIAL,PARTIAL,STATIONARY,MOVING,MOVING,MOVING,MOVING,MOVING,MOVING
99382,2935,0.00315458,0.06560351,0.05819165,0.02783088,0.02150318,0.02171031,RELIABLE,RELIABLE,RELIABLE,RELIABLE,PARTIAL,PARTIAL,STATIONARY,MOVING,MOVING,MOVING,MOVING,MOVING,MOVING
99414,2936,0.00521462,0.09307352,0.08680461,0.03989034,0.02861423,0.02777966,RELIABLE,RELIABLE,RELIABLE,RELIABLE,PARTIAL,PARTIAL,STATIONARY,MOVING,MOVING,MOVING,MOVING,MOVING,MOVING
99445,2937,0.00521624,0.10016239,0.10119166,0.04337804,0.02867412,0.02725872,RELIABLE,RELIABLE,RELIABLE,RELIABLE,PARTIAL,PARTIAL,STATIONARY,MOVING,MOVING,MOVING,MOVING,MOVING,MOVING
99477,2938,0.00627272,0.11871809,0.11042114,0.05029083,0.03561866,0.03292507,RELIABLE,RELIABLE,RELIABLE,RELIABLE,PARTIAL,PARTIAL,STATIONARY,MOVING,MOVING,MOVING,MOVING,MOVING,MOVING
99523,2939,0.00573971,0.08966646,0.08269794,0.03762035,0.02698410,0.02269954,RELIABLE,RELIABLE,RELIABLE,RELIABLE,PARTIAL,PARTIAL,STATIONARY,MOVING,MOVING,MOVING,MOVING,MOVING,MOVING
99555,2940,0.00570279,0.08702848,0.07425211,0.03719955,0.02832790,0.02296068,RELIABLE,RELIABLE,RELIABLE,RELIABLE,PARTIAL,PARTIAL,STATIONARY,MOVING,MOVING,MOVING,MOVING,MOVING,MOVING
99587,2941,0.00587806,0.06978878,0.06100400,0.03201702,0.02748993,0.02257968,RELIABLE,RELIABLE,RELIABLE,RELIABLE,PARTIAL,PARTIAL,STATIONARY,MOVING,MOVING,MOVING,MOVING,MOVING,MOVING
99621,2942,0.00579425,0.06160890,0.05707721,0.02859351,0.02218163,0.01865126,RELIABLE,RELIABLE,RELIABLE,RELIABLE,PARTIAL,PARTIAL,STATIONARY,MOVING,MOVING,MOVING,MOVING,MOVING,MOVING
99668,2943,0.00539382,0.06137611,0.05645408,0.02838949,0.02172678,0.01879437,RELIABLE,RELIABLE,RELIABLE,RELIABLE,PARTIAL,PARTIAL,STATIONARY,MOVING,MOVING,MOVING,MOVING,MOVING,MOVING
99700,2944,0.00408264,0.03359714,0.02773878,0.01621387,0.01465606,0.01213165,RELIABLE,RELIABLE,RELIABLE,RELIABLE,PARTIAL,PARTIAL,STATIONARY,MOVING,MOVING,MOVING,MOVING,MOVING,MOVING
99730,2945,0.00348677,0.02630214,0.01323491,0.01201640,0.01322967,0.01096131,RELIABLE,RELIABLE,RELIABLE,RELIABLE,PARTIAL,PARTIAL,STATIONARY,MOVING,MOVING,MOVING,MOVING,MOVING,MOVING
99761,2946,0.00223286,0.00725926,0.00380075,0.00462914,0.00560698,0.00467476,RELIABLE,RELIABLE,RELIABLE,RELIABLE,PARTIAL,PARTIAL,STATIONARY,MOVING,MOVING,MOVING,MOVING,MOVING,MOVING
99793,2947,0.00234431,0.00417357,0.00221082,0.00355930,0.00471445,0.00462655,RELIABLE,RELIABLE,RELIABLE,RELIABLE,PARTIAL,PARTIAL,STATIONARY,MOVING,MOVING,MOVING,MOVING,MOVING,MOVING
99825,2948,0.00172379,0.00284021,0.00210338,0.00236880,0.00275001,0.00311504,RELIABLE,RELIABLE,RELIABLE,RELIABLE,PARTIAL,PARTIAL,STATIONARY,MOVING,MOVING,MOVING,MOVING,MOVING,MOVING
99857,2949,0.00172245,0.00210148,0.00181048,0.00165986,0.00203068,0.00217079,RELIABLE,RELIABLE,RELIABLE,RELIABLE,PARTIAL,PARTIAL,STATIONARY,MOVING,MOVING,MOVING,MOVING,MOVING,MOVING
99888,2950,0.00155786,0.00200343,0.00183503,0.00151924,0.00210278,0.00204747,RELIABLE,RELIABLE,RELIABLE,RELIABLE,PARTIAL,PARTIAL,STATIONARY,MOVING,MOVING,MOVING,MOVING,MOVING,MOVING
99924,2951,0.00164705,0.00174757,0.00232639,0.00169676,0.00175981,0.00181619,RELIABLE,RELIABLE,RELIABLE,RELIABLE,PARTIAL,PARTIAL,STATIONARY,MOVING,MOVING,MOVING,MOVING,MOVING,MOVING
99955,2952,0.00159283,0.00152975,0.00267570,0.00182275,0.00185213,0.00229366,RELIABLE,RELIABLE,RELIABLE,RELIABLE,PARTIAL,PARTIAL,STATIONARY,MOVING,MOVING,MOVING,MOVING,MOVING,MOVING
99987,2953,0.00176201,0.00137607,0.00263994,0.00180844,0.00180730,0.00238487,RELIABLE,RELIABLE,RELIABLE,RELIABLE,PARTIAL,PARTIAL,STATIONARY,MOVING,STATIONARY,STATIONARY,STATIONARY,STATIONARY,MOVING
100035,2954,0.00193376,0.00134367,0.00289676,0.00191873,0.00186186,0.00221772,RELIABLE,RELIABLE,RELIABLE,RELIABLE,PARTIAL,PARTIAL,STATIONARY,STATIONARY,STATIONARY,STATIONARY,STATIONARY,STATIONARY,STATIONARY
100068,2955,0.00193358,0.00116782,0.00291927,0.00175924,0.00151967,0.00205975,RELIABLE,RELIABLE,RELIABLE,RELIABLE,PARTIAL,PARTIAL,STATIONARY,STATIONARY,STATIONARY,STATIONARY,STATIONARY,STATIONARY,STATIONARY
100093,2956,0.00194706,0.00112534,0.00273113,0.00167655,0.00132994,0.00199387,RELIABLE,RELIABLE,RELIABLE,RELIABLE,PARTIAL,PARTIAL,STATIONARY,STATIONARY,STATIONARY,STATIONARY,STATIONARY,STATIONARY,STATIONARY
100125,2957,0.00170933,0.00099721,0.00280996,0.00163801,0.00138099,0.00199616,RELIABLE,RELIABLE,RELIABLE,RELIABLE,PARTIAL,PARTIAL,STATIONARY,STATIONARY,STATIONARY,STATIONARY,STATIONARY,STATIONARY,STATIONARY
100156,2958,0.00167152,0.00088020,0.00283255,0.00178579,0.00169146,0.00228448,RELIABLE,RELIABLE,RELIABLE,RELIABLE,PARTIAL,PARTIAL,STATIONARY,STATIONARY,STATIONARY,STATIONARY,STATIONARY,STATIONARY,STATIONARY
100187,2959,0.00144101,0.00082890,0.00218113,0.00150609,0.00165398,0.00211341,RELIABLE,RELIABLE,RELIABLE,RELIABLE,PARTIAL,PARTIAL,STATIONARY,STATIONARY,STATIONARY,STATIONARY,STATIONARY,STATIONARY,STATIONARY
100219,2960,0.00158623,0.00091339,0.00174919,0.00134686,0.00148605,0.00152741,RELIABLE,RELIABLE,RELIABLE,RELIABLE,PARTIAL,PARTIAL,STATIONARY,STATIONARY,STATIONARY,STATIONARY,STATIONARY,STATIONARY,STATIONARY
100250,2961,0.00140475,0.00084653,0.00164481,0.00128435,0.00143130,0.00162916,RELIABLE,RELIABLE,RELIABLE,RELIABLE,PARTIAL,PARTIAL,STATIONARY,STATIONARY,STATIONARY,STATIONARY,STATIONARY,STATIONARY,STATIONARY
100282,2962,0.00115067,0.00079940,0.00143137,0.00108849,0.00125150,0.00149338,RELIABLE,RELIABLE,RELIABLE,RELIABLE,PARTIAL,PARTIAL,STATIONARY,STATIONARY,STATIONARY,STATIONARY,STATIONARY,STATIONARY,STATIONARY
100323,2963,0.00092500,0.00083207,0.00141851,0.00109590,0.00118012,0.00145738,RELIABLE,RELIABLE,RELIABLE,RELIABLE,PARTIAL,PARTIAL,STATIONARY,STATIONARY,STATIONARY,STATIONARY,STATIONARY,STATIONARY,STATIONARY
100355,2964,0.00095992,0.00086815,0.00127787,0.00111256,0.00115720,0.00143658,RELIABLE,RELIABLE,RELIABLE,RELIABLE,PARTIAL,PARTIAL,STATIONARY,STATIONARY,STATIONARY,STATIONARY,STATIONARY,STATIONARY,STATIONARY
100387,2965,0.00108197,0.00087907,0.00137970,0.00111230,0.00097882,0.00155756,RELIABLE,RELIABLE,RELIABLE,RELIABLE,PARTIAL,PARTIAL,STATIONARY,STATIONARY,STATIONARY,STATIONARY,STATIONARY,STATIONARY,STATIONARY
100435,2966,0.00130930,0.00080584,0.00138224,0.00087901,0.00039774,0.00098176,RELIABLE,RELIABLE,RELIABLE,RELIABLE,PARTIAL,PARTIAL,STATIONARY,STATIONARY,STATIONARY,STATIONARY,STATIONARY,STATIONARY,STATIONARY
100468,2967,0.00147678,0.00073654,0.00150124,0.00087142,0.00068788,0.00099023,RELIABLE,RELIABLE,RELIABLE,RELIABLE,PARTIAL,PARTIAL,STATIONARY,STATIONARY,STATIONARY,STATIONARY,STATIONARY,STATIONARY,STATIONARY
100501,2968,0.00136102,0.00054010,0.00172613,0.00082471,0.00074190,0.00123251,RELIABLE,RELIABLE,RELIABLE,RELIABLE,PARTIAL,PARTIAL,STATIONARY,STATIONARY,STATIONARY,STATIONARY,STATIONARY,STATIONARY,STATIONARY
100532,2969,0.00168970,0.00051015,0.00178916,0.00082269,0.00091515,0.00125498,RELIABLE,RELIABLE,RELIABLE,RELIABLE,PARTIAL,PARTIAL,STATIONARY,STATIONARY,STATIONARY,STATIONARY,STATIONARY,STATIONARY,STATIONARY
100564,2970,0.00171744,0.00046994,0.00186440,0.00083215,0.00092394,0.00128130,RELIABLE,RELIABLE,RELIABLE,RELIABLE,PARTIAL,PARTIAL,STATIONARY,STATIONARY,STATIONARY,STATIONARY,STATIONARY,STATIONARY,STATIONARY
100595,2971,0.00173059,0.00041206,0.00195720,0.00075736,0.00092398,0.00121483,RELIABLE,RELIABLE,RELIABLE,RELIABLE,PARTIAL,PARTIAL,STATIONARY,STATIONARY,STATIONARY,STATIONARY,STATIONARY,STATIONARY,STATIONARY
100627,2972,0.00178476,0.00036532,0.00223155,0.00073209,0.00088560,0.00136216,RELIABLE,RELIABLE,RELIABLE,RELIABLE,PARTIAL,PARTIAL,STATIONARY,STATIONARY,STATIONARY,STATIONARY,STATIONARY,STATIONARY,STATIONARY
100659,2973,0.00167710,0.00036330,0.00209715,0.00076200,0.00101207,0.00185204,RELIABLE,RELIABLE,RELIABLE,RELIABLE,PARTIAL,PARTIAL,STATIONARY,STATIONARY,STATIONARY,STATIONARY,STATIONARY,STATIONARY,STATIONARY
100691,2974,0.00150046,0.00040460,0.00203745,0.00079813,0.00127138,0.00209606,RELIABLE,RELIABLE,RELIABLE,RELIABLE,PARTIAL,PARTIAL,STATIONARY,STATIONARY,STATIONARY,STATIONARY,STATIONARY,STATIONARY,STATIONARY
100723,2975,0.00137567,0.00044878,0.00232622,0.00087253,0.00101675,0.00252510,RELIABLE,RELIABLE,RELIABLE,RELIABLE,PARTIAL,PARTIAL,STATIONARY,STATIONARY,STATIONARY,STATIONARY,STATIONARY,STATIONARY,STATIONARY
100755,2976,0.00141101,0.00044697,0.00221916,0.00084211,0.00100460,0.00223567,RELIABLE,RELIABLE,RELIABLE,RELIABLE,PARTIAL,PARTIAL,STATIONARY,STATIONARY,STATIONARY,STATIONARY,STATIONARY,STATIONARY,STATIONARY
100803,2977,0.00114387,0.00044692,0.00213521,0.00081849,0.00086860,0.00196652,RELIABLE,RELIABLE,RELIABLE,RELIABLE,PARTIAL,PARTIAL,STATIONARY,STATIONARY,STATIONARY,STATIONARY,STATIONARY,STATIONARY,STATIONARY
100836,2978,0.00108747,0.00052603,0.00206377,0.00083308,0.00106320,0.00187374,RELIABLE,RELIABLE,RELIABLE,RELIABLE,PARTIAL,PARTIAL,STATIONARY,STATIONARY,STATIONARY,STATIONARY,STATIONARY,STATIONARY,STATIONARY
100867,2979,0.00091847,0.00049006,0.00195630,0.00083955,0.00110362,0.00206719,RELIABLE,RELIABLE,RELIABLE,RELIABLE,PARTIAL,PARTIAL,STATIONARY,STATIONARY,STATIONARY,STATIONARY,STATIONARY,STATIONARY,STATIONARY
100898,2980,0.00082328,0.00052221,0.00170475,0.00091517,0.00122266,0.00196335,RELIABLE,RELIABLE,RELIABLE,RELIABLE,PARTIAL,PARTIAL,STATIONARY,STATIONARY,STATIONARY,STATIONARY,STATIONARY,STATIONARY,STATIONARY
100930,2981,0.00063754,0.00055193,0.00177803,0.00089579,0.00109584,0.00142286,RELIABLE,RELIABLE,RELIABLE,RELIABLE,PARTIAL,PARTIAL,STATIONARY,STATIONARY,STATIONARY,STATIONARY,STATIONARY,STATIONARY,STATIONARY
100962,2982,0.00057587,0.00052336,0.00156699,0.00076475,0.00075962,0.00110816,RELIABLE,RELIABLE,RELIABLE,RELIABLE,PARTIAL,PARTIAL,STATIONARY,STATIONARY,STATIONARY,STATIONARY,STATIONARY,STATIONARY,STATIONARY
100994,2983,0.00057112,0.00056464,0.00113762,0.00066963,0.00077543,0.00073313,RELIABLE,RELIABLE,RELIABLE,RELIABLE,PARTIAL,PARTIAL,STATIONARY,STATIONARY,STATIONARY,STATIONARY,STATIONARY,STATIONARY,STATIONARY
101025,2984,0.00046121,0.00061980,0.00092503,0.00071926,0.00087429,0.00091261,RELIABLE,RELIABLE,RELIABLE,RELIABLE,PARTIAL,PARTIAL,STATIONARY,STATIONARY,STATIONARY,STATIONARY,STATIONARY,STATIONARY,STATIONARY
101057,2985,0.00051559,0.00062669,0.00095366,0.00068843,0.00084122,0.00092313,RELIABLE,RELIABLE,RELIABLE,RELIABLE,PARTIAL,PARTIAL,STATIONARY,STATIONARY,STATIONARY,STATIONARY,STATIONARY,STATIONARY,STATIONARY
101089,2986,0.00051568,0.00058911,0.00097257,0.00069280,0.00084139,0.00112268,RELIABLE,RELIABLE,RELIABLE,RELIABLE,PARTIAL,PARTIAL,STATIONARY,STATIONARY,STATIONARY,STATIONARY,STATIONARY,STATIONARY,STATIONARY
101123,2987,0.00048698,0.00058409,0.00085640,0.00064254,0.00081795,0.00107535,RELIABLE,RELIABLE,RELIABLE,RELIABLE,PARTIAL,PARTIAL,STATIONARY,STATIONARY,STATIONARY,STATIONARY,STATIONARY,STATIONARY,STATIONARY
101155,2988,0.00046895,0.00054955,0.00070400,0.00051587,0.00079175,0.00106076,RELIABLE,RELIABLE,RELIABLE,RELIABLE,PARTIAL,PARTIAL,STATIONARY,STATIONARY,STATIONARY,STATIONARY,STATIONARY,STATIONARY,STATIONARY
101203,2989,0.00049527,0.00068818,0.00052544,0.00064557,0.00142195,0.00119933,RELIABLE,RELIABLE,RELIABLE,RELIABLE,PARTIAL,PARTIAL,STATIONARY,STATIONARY,STATIONARY,STATIONARY,STATIONARY,STATIONARY,STATIONARY
101234,2990,0.00062238,0.00077437,0.00049491,0.00065916,0.00144591,0.00119761,RELIABLE,RELIABLE,RELIABLE,RELIABLE,PARTIAL,PARTIAL,STATIONARY,STATIONARY,STATIONARY,STATIONARY,STATIONARY,STATIONARY,STATIONARY
101262,2991,0.00055224,0.00072935,0.00046908,0.00063262,0.00167363,0.00134102,RELIABLE,RELIABLE,RELIABLE,RELIABLE,PARTIAL,PARTIAL,STATIONARY,STATIONARY,STATIONARY,STATIONARY,STATIONARY,STATIONARY,STATIONARY
101294,2992,0.00064225,0.00085549,0.00053160,0.00048807,0.00169006,0.00151367,RELIABLE,RELIABLE,RELIABLE,RELIABLE,PARTIAL,PARTIAL,STATIONARY,STATIONARY,STATIONARY,STATIONARY,STATIONARY,STATIONARY,STATIONARY
101326,2993,0.00054490,0.00138939,0.00067853,0.00052895,0.00201222,0.00157296,RELIABLE,RELIABLE,RELIABLE,RELIABLE,PARTIAL,PARTIAL,STATIONARY,STATIONARY,STATIONARY,STATIONARY,STATIONARY,STATIONARY,STATIONARY
101357,2994,0.00054442,0.00217899,0.00064804,0.00050249,0.00182212,0.00161172,RELIABLE,RELIABLE,RELIABLE,RELIABLE,PARTIAL,PARTIAL,STATIONARY,STATIONARY,STATIONARY,STATIONARY,STATIONARY,STATIONARY,STATIONARY
101389,2995,0.00056586,0.00294789,0.00068768,0.00050975,0.00197124,0.00162172,RELIABLE,RELIABLE,RELIABLE,RELIABLE,PARTIAL,PARTIAL,STATIONARY,STATIONARY,STATIONARY,STATIONARY,STATIONARY,STATIONARY,STATIONARY
101420,2996,0.00060162,0.00435166,0.00073839,0.00054101,0.00189155,0.00180578,RELIABLE,RELIABLE,RELIABLE,RELIABLE,PARTIAL,PARTIAL,STATIONARY,STATIONARY,STATIONARY,STATIONARY,STATIONARY,STATIONARY,STATIONARY
101451,2997,0.00059164,0.00547870,0.00077083,0.00041441,0.00135345,0.00175195,RELIABLE,RELIABLE,RELIABLE,RELIABLE,PARTIAL,PARTIAL,STATIONARY,STATIONARY,STATIONARY,STATIONARY,STATIONARY,STATIONARY,STATIONARY
101483,2998,0.00049849,0.00673368,0.00081489,0.00042642,0.00141104,0.00193583,RELIABLE,RELIABLE,RELIABLE,RELIABLE,PARTIAL,PARTIAL,STATIONARY,STATIONARY,STATIONARY,STATIONARY,STATIONARY,STATIONARY,STATIONARY
101523,2999,0.00057709,0.00952249,0.00095863,0.00063265,0.00130624,0.00188640,RELIABLE,RELIABLE,RELIABLE,RELIABLE,PARTIAL,PARTIAL,STATIONARY,STATIONARY,STATIONARY,STATIONARY,STATIONARY,STATIONARY,STATIONARY
101571,3000,0.00075829,0.01105463,0.00101723,0.00083634,0.00183545,0.00220912,RELIABLE,RELIABLE,RELIABLE,RELIABLE,PARTIAL,PARTIAL,STATIONARY,STATIONARY,STATIONARY,STATIONARY,STATIONARY,STATIONARY,STATIONARY
101604,3001,0.00076160,0.01216388,0.00108386,0.00102945,0.00163515,0.00260960,RELIABLE,RELIABLE,RELIABLE,RELIABLE,PARTIAL,PARTIAL,STATIONARY,STATIONARY,STATIONARY,STATIONARY,STATIONARY,STATIONARY,STATIONARY
101625,3002,0.00073194,0.01164082,0.00103069,0.00103455,0.00169922,0.00273655,RELIABLE,RELIABLE,RELIABLE,RELIABLE,PARTIAL,PARTIAL,STATIONARY,STATIONARY,STATIONARY,STATIONARY,STATIONARY,STATIONARY,STATIONARY
101657,3003,0.00085080,0.01218000,0.00111633,0.00104528,0.00156913,0.00276643,RELIABLE,RELIABLE,RELIABLE,RELIABLE,PARTIAL,PARTIAL,STATIONARY,STATIONARY,STATIONARY,STATIONARY,STATIONARY,STATIONARY,STATIONARY
101688,3004,0.00089585,0.01173279,0.00106821,0.00102621,0.00159820,0.00257226,RELIABLE,RELIABLE,RELIABLE,RELIABLE,PARTIAL,PARTIAL,STATIONARY,STATIONARY,STATIONARY,STATIONARY,STATIONARY,STATIONARY,STATIONARY
101719,3005,0.00092052,0.01151777,0.00113466,0.00102974,0.00151784,0.00240075,RELIABLE,RELIABLE,RELIABLE,RELIABLE,PARTIAL,PARTIAL,STATIONARY,STATIONARY,STATIONARY,STATIONARY,STATIONARY,STATIONARY,STATIONARY
101749,3006,0.00091227,0.01078175,0.00107095,0.00104609,0.00146841,0.00223121,RELIABLE,RELIABLE,RELIABLE,RELIABLE,PARTIAL,PARTIAL,STATIONARY,STATIONARY,STATIONARY,STATIONARY,STATIONARY,STATIONARY,STATIONARY
101782,3007,0.00085854,0.00854968,0.00093021,0.00085248,0.00126856,0.00262816,RELIABLE,RELIABLE,RELIABLE,RELIABLE,PARTIAL,PARTIAL,STATIONARY,STATIONARY,STATIONARY,STATIONARY,STATIONARY,STATIONARY,STATIONARY
101813,3008,0.00063453,0.00708199,0.00090468,0.00068201,0.00055881,0.00200021,RELIABLE,RELIABLE,RELIABLE,RELIABLE,PARTIAL,PARTIAL,STATIONARY,STATIONARY,STATIONARY,STATIONARY,STATIONARY,STATIONARY,STATIONARY
101845,3009,0.00071715,0.00549968,0.00060206,0.00043450,0.00045949,0.00166579,RELIABLE,RELIABLE,RELIABLE,RELIABLE,PARTIAL,PARTIAL,STATIONARY,STATIONARY,STATIONARY,STATIONARY,STATIONARY,STATIONARY,STATIONARY
101876,3010,0.00071427,0.00544707,0.00077118,0.00041695,0.00043918,0.00136853,RELIABLE,RELIABLE,RELIABLE,RELIABLE,PARTIAL,PARTIAL,STATIONARY,STATIONARY,STATIONARY,STATIONARY,STATIONARY,STATIONARY,STATIONARY
101923,3011,0.00062736,0.00469754,0.00069792,0.00051142,0.00051139,0.00129876,RELIABLE,RELIABLE,RELIABLE,RELIABLE,PARTIAL,PARTIAL,STATIONARY,STATIONARY,STATIONARY,STATIONARY,STATIONARY,STATIONARY,STATIONARY
101971,3012,0.00051333,0.00414467,0.00072785,0.00051414,0.00048169,0.00137221,RELIABLE,RELIABLE,RELIABLE,RELIABLE,PARTIAL,PARTIAL,STATIONARY,STATIONARY,STATIONARY,STATIONARY,STATIONARY,STATIONARY,STATIONARY
102004,3013,0.00048853,0.00464079,0.00058521,0.00058893,0.00074864,0.00159928,RELIABLE,RELIABLE,RELIABLE,RELIABLE,PARTIAL,PARTIAL,STATIONARY,STATIONARY,STATIONARY,STATIONARY,STATIONARY,STATIONARY,STATIONARY
102035,3014,0.00051080,0.00457931,0.00057445,0.00054334,0.00071758,0.00163690,RELIABLE,RELIABLE,RELIABLE,RELIABLE,PARTIAL,PARTIAL,STATIONARY,STATIONARY,STATIONARY,STATIONARY,STATIONARY,STATIONARY,STATIONARY
102067,3015,0.00049666,0.00522313,0.00061438,0.00061786,0.00082501,0.00123308,RELIABLE,RELIABLE,RELIABLE,RELIABLE,PARTIAL,PARTIAL,STATIONARY,STATIONARY,STATIONARY,STATIONARY,STATIONARY,STATIONARY,STATIONARY
102099,3016,0.00045533,0.00673397,0.00053507,0.00085463,0.00099181,0.00171306,RELIABLE,RELIABLE,RELIABLE,RELIABLE,PARTIAL,PARTIAL,STATIONARY,STATIONARY,STATIONARY,STATIONARY,STATIONARY,STATIONARY,STATIONARY
102130,3017,0.00047654,0.00817055,0.00062035,0.00088601,0.00098631,0.00203214,RELIABLE,RELIABLE,RELIABLE,RELIABLE,PARTIAL,PARTIAL,STATIONARY,STATIONARY,STATIONARY,STATIONARY,STATIONARY,STATIONARY,STATIONARY
102162,3018,0.00052250,0.00939385,0.00053020,0.00097864,0.00173109,0.00261279,RELIABLE,RELIABLE,RELIABLE,RELIABLE,PARTIAL,PARTIAL,STATIONARY,STATIONARY,STATIONARY,STATIONARY,STATIONARY,STATIONARY,STATIONARY
102194,3019,0.00051726,0.00974591,0.00054683,0.00094275,0.00175888,0.00303299,RELIABLE,RELIABLE,RELIABLE,RELIABLE,PARTIAL,PARTIAL,STATIONARY,STATIONARY,STATIONARY,STATIONARY,STATIONARY,STATIONARY,STATIONARY
102226,3020,0.00069619,0.00959306,0.00053326,0.00096656,0.00183166,0.00343064,RELIABLE,RELIABLE,RELIABLE,RELIABLE,PARTIAL,PARTIAL,STATIONARY,STATIONARY,STATIONARY,STATIONARY,STATIONARY,STATIONARY,STATIONARY
102257,3021,0.00069688,0.00803398,0.00068551,0.00090946,0.00174583,0.00353949,RELIABLE,RELIABLE,RELIABLE,RELIABLE,PARTIAL,PARTIAL,STATIONARY,STATIONARY,STATIONARY,STATIONARY,STATIONARY,STATIONARY,STATIONARY
102288,3022,0.00063739,0.00786336,0.00073571,0.00102845,0.00197245,0.00398786,RELIABLE,RELIABLE,RELIABLE,RELIABLE,PARTIAL,PARTIAL,STATIONARY,STATIONARY,STATIONARY,STATIONARY,STATIONARY,STATIONARY,STATIONARY
102322,3023,0.00067156,0.00823199,0.00082308,0.00133649,0.00246842,0.00458542,RELIABLE,RELIABLE,RELIABLE,RELIABLE,PARTIAL,PARTIAL,STATIONARY,STATIONARY,STATIONARY,STATIONARY,STATIONARY,STATIONARY,STATIONARY
102371,3024,0.00071615,0.00891822,0.00095008,0.00125330,0.00242307,0.00473296,RELIABLE,RELIABLE,RELIABLE,RELIABLE,PARTIAL,PARTIAL,STATIONARY,STATIONARY,STATIONARY,STATIONARY,STATIONARY,STATIONARY,STATIONARY
102399,3025,0.00056974,0.00801974,0.00087801,0.00130880,0.00284109,0.00489142,RELIABLE,RELIABLE,RELIABLE,RELIABLE,PARTIAL,PARTIAL,STATIONARY,STATIONARY,STATIONARY,STATIONARY,STATIONARY,STATIONARY,STATIONARY
102431,3026,0.00053520,0.00824262,0.00094591,0.00134018,0.00215933,0.00478097,RELIABLE,RELIABLE,RELIABLE,RELIABLE,PARTIAL,PARTIAL,STATIONARY,STATIONARY,STATIONARY,STATIONARY,STATIONARY,STATIONARY,STATIONARY
102462,3027,0.00049377,0.00900238,0.00089581,0.00126818,0.00203807,0.00431971,RELIABLE,RELIABLE,RELIABLE,RELIABLE,PARTIAL,PARTIAL,STATIONARY,STATIONARY,STATIONARY,STATIONARY,STATIONARY,STATIONARY,STATIONARY
102494,3028,0.00034790,0.01055674,0.00087443,0.00145092,0.00228379,0.00464303,RELIABLE,RELIABLE,RELIABLE,RELIABLE,PARTIAL,PARTIAL,STATIONARY,STATIONARY,STATIONARY,STATIONARY,STATIONARY,STATIONARY,STATIONARY
102527,3029,0.00035265,0.01302283,0.00080556,0.00147657,0.00209496,0.00428628,RELIABLE,RELIABLE,RELIABLE,RELIABLE,PARTIAL,PARTIAL,STATIONARY,STATIONARY,STATIONARY,STATIONARY,STATIONARY,STATIONARY,STATIONARY
102558,3030,0.00035319,0.01450309,0.00074696,0.00138790,0.00188017,0.00400287,RELIABLE,RELIABLE,RELIABLE,RELIABLE,PARTIAL,PARTIAL,STATIONARY,STATIONARY,STATIONARY,STATIONARY,STATIONARY,STATIONARY,STATIONARY
102590,3031,0.00045888,0.01485932,0.00064770,0.00106140,0.00127305,0.00330825,RELIABLE,RELIABLE,RELIABLE,RELIABLE,PARTIAL,PARTIAL,STATIONARY,MOVING,STATIONARY,STATIONARY,STATIONARY,STATIONARY,MOVING
102622,3032,0.00046911,0.01481215,0.00057520,0.00098890,0.00115808,0.00268057,RELIABLE,RELIABLE,RELIABLE,RELIABLE,PARTIAL,PARTIAL,STATIONARY,MOVING,STATIONARY,STATIONARY,STATIONARY,STATIONARY,MOVING
102653,3033,0.00047548,0.01495879,0.00062911,0.00100881,0.00108391,0.00213753,RELIABLE,RELIABLE,RELIABLE,RELIABLE,PARTIAL,PARTIAL,STATIONARY,MOVING,STATIONARY,STATIONARY,STATIONARY,STATIONARY,MOVING
102685,3034,0.00051806,0.01466414,0.00059070,0.00125175,0.00141812,0.00302286,RELIABLE,RELIABLE,RELIABLE,RELIABLE,PARTIAL,PARTIAL,STATIONARY,MOVING,STATIONARY,STATIONARY,STATIONARY,STATIONARY,MOVING
102739,3035,0.00057002,0.01559993,0.00111887,0.00152836,0.00149846,0.00335258,RELIABLE,RELIABLE,RELIABLE,RELIABLE,PARTIAL,PARTIAL,STATIONARY,MOVING,STATIONARY,STATIONARY,STATIONARY,STATIONARY,MOVING
102771,3036,0.00059332,0.01480151,0.00145636,0.00150302,0.00162069,0.00301944,RELIABLE,RELIABLE,RELIABLE,RELIABLE,PARTIAL,PARTIAL,STATIONARY,MOVING,STATIONARY,STATIONARY,STATIONARY,STATIONARY,MOVING
102795,3037,0.00057335,0.01294018,0.00148285,0.00147479,0.00168567,0.00330848,RELIABLE,RELIABLE,RELIABLE,RELIABLE,PARTIAL,PARTIAL,STATIONARY,MOVING,STATIONARY,STATIONARY,STATIONARY,STATIONARY,MOVING
102825,3038,0.00059463,0.01132645,0.00150181,0.00161886,0.00224863,0.00433394,RELIABLE,RELIABLE,RELIABLE,RELIABLE,PARTIAL,PARTIAL,STATIONARY,MOVING,STATIONARY,STATIONARY,STATIONARY,STATIONARY,MOVING
102856,3039,0.00050729,0.00970372,0.00188421,0.00166932,0.00242920,0.00563389,RELIABLE,RELIABLE,RELIABLE,RELIABLE,PARTIAL,PARTIAL,STATIONARY,MOVING,STATIONARY,STATIONARY,STATIONARY,STATIONARY,MOVING
102889,3040,0.00048438,0.00783866,0.00224642,0.00176534,0.00289905,0.00639159,RELIABLE,RELIABLE,RELIABLE,RELIABLE,PARTIAL,PARTIAL,STATIONARY,MOVING,STATIONARY,STATIONARY,STATIONARY,STATIONARY,MOVING
102920,3041,0.00048211,0.00731435,0.00230058,0.00172427,0.00257889,0.00669995,RELIABLE,RELIABLE,RELIABLE,RELIABLE,PARTIAL,PARTIAL,STATIONARY,MOVING,STATIONARY,STATIONARY,STATIONARY,STATIONARY,MOVING
102952,3042,0.00044219,0.00605106,0.00224567,0.00138205,0.00227668,0.00550685,RELIABLE,RELIABLE,RELIABLE,RELIABLE,PARTIAL,PARTIAL,STATIONARY,MOVING,STATIONARY,STATIONARY,STATIONARY,STATIONARY,MOVING
102984,3043,0.00038957,0.00370663,0.00196282,0.00120530,0.00224053,0.00551523,RELIABLE,RELIABLE,RELIABLE,RELIABLE,PARTIAL,PARTIAL,STATIONARY,MOVING,STATIONARY,STATIONARY,STATIONARY,STATIONARY,MOVING
103016,3044,0.00033540,0.00295214,0.00165761,0.00099691,0.00178487,0.00502551,RELIABLE,RELIABLE,RELIABLE,RELIABLE,PARTIAL,PARTIAL,STATIONARY,MOVING,STATIONARY,STATIONARY,STATIONARY,STATIONARY,MOVING
103047,3045,0.00031764,0.00245335,0.00159980,0.00103571,0.00204169,0.00528587,RELIABLE,RELIABLE,RELIABLE,RELIABLE,PARTIAL,PARTIAL,STATIONARY,MOVING,STATIONARY,STATIONARY,STATIONARY,STATIONARY,MOVING
103079,3046,0.00042519,0.00236265,0.00178870,0.00088480,0.00148295,0.00444227,RELIABLE,RELIABLE,RELIABLE,RELIABLE,PARTIAL,PARTIAL,STATIONARY,MOVING,STATIONARY,STATIONARY,STATIONARY,STATIONARY,MOVING
103139,3047,0.00060071,0.00271898,0.00144231,0.00080513,0.00141092,0.00365964,RELIABLE,RELIABLE,RELIABLE,RELIABLE,PARTIAL,PARTIAL,STATIONARY,MOVING,STATIONARY,STATIONARY,STATIONARY,STATIONARY,MOVING
103157,3048,0.00066019,0.00238097,0.00108073,0.00064531,0.00097728,0.00292039,RELIABLE,RELIABLE,RELIABLE,RELIABLE,PARTIAL,PARTIAL,STATIONARY,MOVING,STATIONARY,STATIONARY,STATIONARY,STATIONARY,MOVING
103187,3049,0.00066615,0.00319452,0.00105059,0.00058208,0.00093540,0.00263771,RELIABLE,RELIABLE,RELIABLE,RELIABLE,PARTIAL,PARTIAL,STATIONARY,MOVING,STATIONARY,STATIONARY,STATIONARY,STATIONARY,MOVING
103219,3050,0.00073344,0.00433643,0.00102741,0.00061854,0.00085549,0.00256023,RELIABLE,RELIABLE,RELIABLE,RELIABLE,PARTIAL,PARTIAL,STATIONARY,STATIONARY,STATIONARY,STATIONARY,STATIONARY,STATIONARY,STATIONARY
103250,3051,0.00079463,0.00485481,0.00082419,0.00051041,0.00080268,0.00231787,RELIABLE,RELIABLE,RELIABLE,RELIABLE,PARTIAL,PARTIAL,STATIONARY,STATIONARY,STATIONARY,STATIONARY,STATIONARY,STATIONARY,STATIONARY
103283,3052,0.00085637,0.00506017,0.00085542,0.00052571,0.00112551,0.00261845,RELIABLE,RELIABLE,RELIABLE,RELIABLE,PARTIAL,PARTIAL,STATIONARY,STATIONARY,STATIONARY,STATIONARY,STATIONARY,STATIONARY,STATIONARY
103314,3053,0.00092474,0.00511567,0.00082986,0.00046020,0.00094608,0.00204550,RELIABLE,RELIABLE,RELIABLE,RELIABLE,PARTIAL,PARTIAL,STATIONARY,STATIONARY,STATIONARY,STATIONARY,STATIONARY,STATIONARY,STATIONARY
103345,3054,0.00080076,0.00519629,0.00078985,0.00054015,0.00126579,0.00214427,RELIABLE,RELIABLE,RELIABLE,RELIABLE,PARTIAL,PARTIAL,STATIONARY,STATIONARY,STATIONARY,STATIONARY,STATIONARY,STATIONARY,STATIONARY
103378,3055,0.00056156,0.00464792,0.00080411,0.00053549,0.00118953,0.00157747,RELIABLE,RELIABLE,RELIABLE,RELIABLE,PARTIAL,PARTIAL,STATIONARY,STATIONARY,STATIONARY,STATIONARY,STATIONARY,STATIONARY,STATIONARY
103409,3056,0.00047097,0.00460672,0.00077055,0.00054451,0.00151882,0.00226717,RELIABLE,RELIABLE,RELIABLE,RELIABLE,PARTIAL,PARTIAL,STATIONARY,STATIONARY,STATIONARY,STATIONARY,STATIONARY,STATIONARY,STATIONARY
103441,3057,0.00049165,0.00399398,0.00070412,0.00067453,0.00217115,0.00245908,RELIABLE,RELIABLE,RELIABLE,RELIABLE,PARTIAL,PARTIAL,STATIONARY,STATIONARY,STATIONARY,STATIONARY,STATIONARY,STATIONARY,STATIONARY
103473,3058,0.00043088,0.00391952,0.00082466,0.00068352,0.00234507,0.00246982,RELIABLE,RELIABLE,RELIABLE,RELIABLE,PARTIAL,PARTIAL,STATIONARY,STATIONARY,STATIONARY,STATIONARY,STATIONARY,STATIONARY,STATIONARY
103539,3059,0.00076007,0.00402899,0.00085879,0.00078580,0.00277480,0.00280458,RELIABLE,RELIABLE,RELIABLE,RELIABLE,PARTIAL,PARTIAL,STATIONARY,STATIONARY,STATIONARY,STATIONARY,STATIONARY,STATIONARY,STATIONARY
103567,3060,0.00068845,0.00499341,0.00086864,0.00087997,0.00280299,0.00286387,RELIABLE,RELIABLE,RELIABLE,RELIABLE,PARTIAL,PARTIAL,STATIONARY,STATIONARY,STATIONARY,STATIONARY,STATIONARY,STATIONARY,STATIONARY
103599,3061,0.00065245,0.00507118,0.00093458,0.00092835,0.00270287,0.00320417,RELIABLE,RELIABLE,RELIABLE,RELIABLE,PARTIAL,PARTIAL,STATIONARY,STATIONARY,STATIONARY,STATIONARY,STATIONARY,STATIONARY,STATIONARY
103631,3062,0.00067894,0.00505192,0.00085871,0.00087332,0.00238979,0.00301526,RELIABLE,RELIABLE,RELIABLE,RELIABLE,PARTIAL,PARTIAL,STATIONARY,STATIONARY,STATIONARY,STATIONARY,STATIONARY,STATIONARY,STATIONARY
103662,3063,0.00069829,0.00502106,0.00079992,0.00088712,0.00268031,0.00309316,RELIABLE,RELIABLE,RELIABLE,RELIABLE,PARTIAL,PARTIAL,STATIONARY,STATIONARY,STATIONARY,STATIONARY,STATIONARY,STATIONARY,STATIONARY
103694,3064,0.00070516,0.00498590,0.00099102,0.00094811,0.00245579,0.00238086,RELIABLE,RELIABLE,RELIABLE,RELIABLE,PARTIAL,PARTIAL,STATIONARY,STATIONARY,STATIONARY,STATIONARY,STATIONARY,STATIONARY,STATIONARY
103724,3065,0.00075338,0.00479423,0.00102488,0.00092679,0.00185487,0.00216602,RELIABLE,RELIABLE,RELIABLE,RELIABLE,PARTIAL,PARTIAL,STATIONARY,STATIONARY,STATIONARY,STATIONARY,STATIONARY,STATIONARY,STATIONARY
103755,3066,0.00071725,0.00378389,0.00096146,0.00105030,0.00208700,0.00286322,RELIABLE,RELIABLE,RELIABLE,RELIABLE,PARTIAL,PARTIAL,STATIONARY,STATIONARY,STATIONARY,STATIONARY,STATIONARY,STATIONARY,STATIONARY
103787,3067,0.00038822,0.00350530,0.00093029,0.00099059,0.00210089,0.00259990,RELIABLE,RELIABLE,RELIABLE,RELIABLE,PARTIAL,PARTIAL,STATIONARY,STATIONARY,STATIONARY,STATIONARY,STATIONARY,STATIONARY,STATIONARY
103819,3068,0.00040055,0.00230814,0.00107549,0.00090536,0.00228456,0.00281465,RELIABLE,RELIABLE,RELIABLE,RELIABLE,PARTIAL,PARTIAL,STATIONARY,STATIONARY,STATIONARY,STATIONARY,STATIONARY,STATIONARY,STATIONARY
103851,3069,0.00044066,0.00248576,0.00102842,0.00084891,0.00238853,0.00253611,RELIABLE,RELIABLE,RELIABLE,RELIABLE,PARTIAL,PARTIAL,STATIONARY,STATIONARY,STATIONARY,STATIONARY,STATIONARY,STATIONARY,STATIONARY
103882,3070,0.00046079,0.00284310,0.00111906,0.00087484,0.00307119,0.00228393,RELIABLE,RELIABLE,RELIABLE,RELIABLE,PARTIAL,PARTIAL,STATIONARY,STATIONARY,STATIONARY,STATIONARY,STATIONARY,STATIONARY,STATIONARY
103913,3071,0.00048548,0.00346928,0.00133082,0.00094331,0.00292394,0.00221129,RELIABLE,RELIABLE,RELIABLE,RELIABLE,PARTIAL,PARTIAL,STATIONARY,STATIONARY,STATIONARY,STATIONARY,STATIONARY,STATIONARY,STATIONARY
103945,3072,0.00047597,0.00425993,0.00119960,0.00104816,0.00331401,0.00277227,RELIABLE,RELIABLE,RELIABLE,RELIABLE,PARTIAL,PARTIAL,STATIONARY,STATIONARY,STATIONARY,STATIONARY,STATIONARY,STATIONARY,STATIONARY
103977,3073,0.00048517,0.00512401,0.00120782,0.00106304,0.00335867,0.00287352,RELIABLE,RELIABLE,RELIABLE,RELIABLE,PARTIAL,PARTIAL,STATIONARY,STATIONARY,STATIONARY,STATIONARY,STATIONARY,STATIONARY,STATIONARY
104009,3074,0.00055054,0.00655428,0.00114777,0.00090074,0.00305952,0.00208474,RELIABLE,RELIABLE,RELIABLE,RELIABLE,PARTIAL,PARTIAL,STATIONARY,STATIONARY,STATIONARY,STATIONARY,STATIONARY,STATIONARY,STATIONARY
104041,3075,0.00053895,0.00754223,0.00119022,0.00107598,0.00298748,0.00189189,RELIABLE,RELIABLE,RELIABLE,RELIABLE,PARTIAL,PARTIAL,STATIONARY,STATIONARY,STATIONARY,STATIONARY,STATIONARY,STATIONARY,STATIONARY
104073,3076,0.00060094,0.00924250,0.00102481,0.00113886,0.00250892,0.00142087,RELIABLE,RELIABLE,RELIABLE,RELIABLE,PARTIAL,PARTIAL,STATIONARY,STATIONARY,STATIONARY,STATIONARY,STATIONARY,STATIONARY,STATIONARY
104104,3077,0.00078434,0.01077821,0.00117198,0.00118419,0.00238916,0.00138538,RELIABLE,RELIABLE,RELIABLE,RELIABLE,PARTIAL,PARTIAL,STATIONARY,STATIONARY,STATIONARY,STATIONARY,STATIONARY,STATIONARY,STATIONARY
104135,3078,0.00083163,0.01271585,0.00127801,0.00118142,0.00174098,0.00135030,RELIABLE,RELIABLE,RELIABLE,RELIABLE,PARTIAL,PARTIAL,STATIONARY,STATIONARY,STATIONARY,STATIONARY,STATIONARY,STATIONARY,STATIONARY
104167,3079,0.00108091,0.01403587,0.00113173,0.00119027,0.00183563,0.00203068,RELIABLE,RELIABLE,RELIABLE,RELIABLE,PARTIAL,PARTIAL,STATIONARY,STATIONARY,STATIONARY,STATIONARY,STATIONARY,STATIONARY,STATIONARY
104198,3080,0.00119153,0.01514577,0.00120594,0.00099760,0.00134265,0.00153996,RELIABLE,RELIABLE,RELIABLE,RELIABLE,PARTIAL,PARTIAL,STATIONARY,MOVING,STATIONARY,STATIONARY,STATIONARY,STATIONARY,MOVING
104229,3081,0.00121845,0.01622979,0.00133795,0.00091667,0.00131156,0.00151146,RELIABLE,RELIABLE,RELIABLE,RELIABLE,PARTIAL,PARTIAL,STATIONARY,MOVING,STATIONARY,STATIONARY,STATIONARY,STATIONARY,MOVING
104275,3082,0.00124140,0.01672907,0.00136523,0.00094592,0.00143032,0.00160058,RELIABLE,RELIABLE,RELIABLE,RELIABLE,PARTIAL,PARTIAL,STATIONARY,MOVING,STATIONARY,STATIONARY,STATIONARY,STATIONARY,MOVING
104308,3083,0.00123444,0.01736955,0.00135787,0.00082171,0.00108515,0.00158280,RELIABLE,RELIABLE,RELIABLE,RELIABLE,PARTIAL,PARTIAL,STATIONARY,MOVING,STATIONARY,STATIONARY,STATIONARY,STATIONARY,MOVING
104339,3084,0.00123775,0.01714616,0.00146927,0.00088859,0.00126610,0.00175419,RELIABLE,RELIABLE,RELIABLE,RELIABLE,PARTIAL,PARTIAL,STATIONARY,MOVING,STATIONARY,STATIONARY,STATIONARY,STATIONARY,MOVING
104371,3085,0.00127895,0.01662193,0.00138035,0.00112719,0.00152748,0.00200674,RELIABLE,RELIABLE,RELIABLE,RELIABLE,PARTIAL,PARTIAL,STATIONARY,MOVING,STATIONARY,STATIONARY,STATIONARY,STATIONARY,MOVING
104403,3086,0.00120915,0.01538429,0.00146005,0.00110797,0.00158671,0.00214692,RELIABLE,RELIABLE,RELIABLE,RELIABLE,PARTIAL,PARTIAL,STATIONARY,MOVING,STATIONARY,STATIONARY,STATIONARY,STATIONARY,MOVING
104435,3087,0.00101640,0.01440154,0.00142411,0.00108515,0.00143212,0.00152891,RELIABLE,RELIABLE,RELIABLE,RELIABLE,PARTIAL,PARTIAL,STATIONARY,MOVING,STATIONARY,STATIONARY,STATIONARY,STATIONARY,MOVING
104467,3088,0.00095393,0.01308540,0.00210333,0.00110892,0.00136942,0.00143729,RELIABLE,RELIABLE,RELIABLE,RELIABLE,PARTIAL,PARTIAL,STATIONARY,MOVING,STATIONARY,STATIONARY,STATIONARY,STATIONARY,MOVING
104499,3089,0.00106810,0.01159940,0.00198390,0.00113030,0.00127862,0.00143986,RELIABLE,RELIABLE,RELIABLE,RELIABLE,PARTIAL,PARTIAL,STATIONARY,MOVING,STATIONARY,STATIONARY,STATIONARY,STATIONARY,MOVING
104531,3090,0.00101186,0.00986695,0.00207049,0.00112984,0.00107011,0.00229868,RELIABLE,RELIABLE,RELIABLE,RELIABLE,PARTIAL,PARTIAL,STATIONARY,MOVING,STATIONARY,STATIONARY,STATIONARY,STATIONARY,MOVING
104563,3091,0.00100268,0.00781175,0.00202320,0.00105023,0.00102858,0.00230122,RELIABLE,RELIABLE,RELIABLE,RELIABLE,PARTIAL,PARTIAL,STATIONARY,MOVING,STATIONARY,STATIONARY,STATIONARY,STATIONARY,MOVING
104594,3092,0.00095120,0.00632459,0.00201690,0.00103002,0.00095931,0.00250719,RELIABLE,RELIABLE,RELIABLE,RELIABLE,PARTIAL,PARTIAL,STATIONARY,MOVING,STATIONARY,STATIONARY,STATIONARY,STATIONARY,MOVING
104627,3093,0.00069110,0.00533041,0.00196714,0.00076549,0.00068624,0.00225479,RELIABLE,RELIABLE,RELIABLE,RELIABLE,PARTIAL,PARTIAL,STATIONARY,MOVING,STATIONARY,STATIONARY,STATIONARY,STATIONARY,MOVING
104675,3094,0.00066573,0.00460168,0.00196326,0.00072313,0.00055281,0.00212916,RELIABLE,RELIABLE,RELIABLE,RELIABLE,PARTIAL,PARTIAL,STATIONARY,MOVING,STATIONARY,STATIONARY,STATIONARY,STATIONARY,MOVING
104707,3095,0.00058869,0.00403845,0.00213204,0.00079960,0.00056367,0.00235092,RELIABLE,RELIABLE,RELIABLE,RELIABLE,PARTIAL,PARTIAL,STATIONARY,MOVING,STATIONARY,STATIONARY,STATIONARY,STATIONARY,MOVING
104739,3096,0.00060493,0.00451935,0.00146552,0.00076579,0.00055312,0.00230912,RELIABLE,RELIABLE,RELIABLE,RELIABLE,PARTIAL,PARTIAL,STATIONARY,MOVING,STATIONARY,STATIONARY,STATIONARY,STATIONARY,MOVING
104771,3097,0.00037788,0.00579180,0.00144408,0.00070040,0.00064153,0.00215392,RELIABLE,RELIABLE,RELIABLE,RELIABLE,PARTIAL,PARTIAL,STATIONARY,MOVING,STATIONARY,STATIONARY,STATIONARY,STATIONARY,MOVING
104803,3098,0.00039366,0.00780544,0.00134809,0.00067414,0.00072118,0.00137767,RELIABLE,RELIABLE,RELIABLE,RELIABLE,PARTIAL,PARTIAL,STATIONARY,MOVING,STATIONARY,STATIONARY,STATIONARY,STATIONARY,MOVING
104835,3099,0.00039515,0.00967496,0.00186578,0.00067535,0.00071942,0.00137854,RELIABLE,RELIABLE,RELIABLE,RELIABLE,PARTIAL,PARTIAL,STATIONARY,MOVING,STATIONARY,STATIONARY,STATIONARY,STATIONARY,MOVING
104867,3100,0.00045398,0.01183765,0.00196018,0.00081802,0.00111590,0.00206493,RELIABLE,RELIABLE,RELIABLE,RELIABLE,PARTIAL,PARTIAL,STATIONARY,MOVING,STATIONARY,STATIONARY,STATIONARY,STATIONARY,MOVING
104899,3101,0.00046227,0.01387717,0.00246941,0.00082621,0.00123647,0.00234682,RELIABLE,RELIABLE,RELIABLE,RELIABLE,PARTIAL,PARTIAL,STATIONARY,MOVING,STATIONARY,STATIONARY,STATIONARY,STATIONARY,MOVING
104931,3102,0.00049399,0.01515392,0.00222613,0.00170516,0.00337679,0.00457720,RELIABLE,RELIABLE,RELIABLE,RELIABLE,PARTIAL,PARTIAL,STATIONARY,MOVING,STATIONARY,STATIONARY,STATIONARY,STATIONARY,MOVING
104963,3103,0.00048943,0.01745649,0.00212341,0.00187962,0.00392543,0.00580689,RELIABLE,RELIABLE,RELIABLE,RELIABLE,PARTIAL,PARTIAL,STATIONARY,MOVING,STATIONARY,STATIONARY,STATIONARY,STATIONARY,MOVING
104995,3104,0.00045627,0.01816704,0.00231137,0.00208374,0.00408754,0.00632216,RELIABLE,RELIABLE,RELIABLE,RELIABLE,PARTIAL,PARTIAL,STATIONARY,MOVING,STATIONARY,STATIONARY,STATIONARY,STATIONARY,MOVING
105043,3105,0.00061505,0.01847056,0.00240989,0.00227642,0.00414960,0.00638779,RELIABLE,RELIABLE,RELIABLE,RELIABLE,PARTIAL,PARTIAL,STATIONARY,MOVING,STATIONARY,STATIONARY,STATIONARY,STATIONARY,MOVING
105076,3106,0.00061571,0.01763306,0.00239708,0.00231073,0.00405137,0.00614979,RELIABLE,RELIABLE,RELIABLE,RELIABLE,PARTIAL,PARTIAL,STATIONARY,MOVING,STATIONARY,STATIONARY,STATIONARY,STATIONARY,MOVING
105108,3107,0.00065679,0.01685669,0.00193117,0.00232577,0.00429520,0.00646288,RELIABLE,RELIABLE,RELIABLE,RELIABLE,PARTIAL,PARTIAL,STATIONARY,MOVING,STATIONARY,STATIONARY,STATIONARY,STATIONARY,MOVING
105139,3108,0.00070140,0.01560560,0.00171282,0.00217705,0.00411028,0.00609627,RELIABLE,RELIABLE,RELIABLE,RELIABLE,PARTIAL,PARTIAL,STATIONARY,MOVING,STATIONARY,STATIONARY,STATIONARY,STATIONARY,MOVING
105171,3109,0.00070161,0.01430337,0.00122120,0.00219168,0.00397816,0.00576254,RELIABLE,RELIABLE,RELIABLE,RELIABLE,PARTIAL,PARTIAL,STATIONARY,MOVING,STATIONARY,STATIONARY,STATIONARY,STATIONARY,MOVING
105203,3110,0.00077418,0.01299857,0.00125420,0.00148946,0.00206095,0.00405130,RELIABLE,RELIABLE,RELIABLE,RELIABLE,PARTIAL,PARTIAL,STATIONARY,MOVING,STATIONARY,STATIONARY,STATIONARY,STATIONARY,MOVING
105235,3111,0.00076287,0.01066701,0.00119460,0.00121143,0.00149853,0.00254368,RELIABLE,RELIABLE,RELIABLE,RELIABLE,PARTIAL,PARTIAL,STATIONARY,MOVING,STATIONARY,STATIONARY,STATIONARY,STATIONARY,MOVING
105267,3112,0.00100040,0.00884595,0.00090212,0.00137883,0.00220305,0.00287924,RELIABLE,RELIABLE,RELIABLE,RELIABLE,PARTIAL,PARTIAL,STATIONARY,MOVING,STATIONARY,STATIONARY,STATIONARY,STATIONARY,MOVING
105299,3113,0.00087252,0.00722741,0.00080257,0.00118858,0.00255164,0.00339661,RELIABLE,RELIABLE,RELIABLE,RELIABLE,PARTIAL,PARTIAL,STATIONARY,MOVING,STATIONARY,STATIONARY,STATIONARY,STATIONARY,MOVING
105331,3114,0.00091010,0.00609398,0.00081968,0.00114052,0.00263626,0.00347694,RELIABLE,RELIABLE,RELIABLE,RELIABLE,PARTIAL,PARTIAL,STATIONARY,MOVING,STATIONARY,STATIONARY,STATIONARY,STATIONARY,MOVING
105364,3115,0.00084613,0.00489935,0.00079465,0.00108795,0.00238691,0.00332120,RELIABLE,RELIABLE,RELIABLE,RELIABLE,PARTIAL,PARTIAL,STATIONARY,MOVING,STATIONARY,STATIONARY,STATIONARY,STATIONARY,MOVING
105395,3116,0.00074872,0.00415174,0.00134635,0.00100831,0.00199692,0.00264783,RELIABLE,RELIABLE,RELIABLE,RELIABLE,PARTIAL,PARTIAL,STATIONARY,MOVING,STATIONARY,STATIONARY,STATIONARY,STATIONARY,MOVING
105444,3117,0.00072358,0.00338929,0.00132144,0.00117137,0.00252529,0.00310629,RELIABLE,RELIABLE,RELIABLE,RELIABLE,PARTIAL,PARTIAL,STATIONARY,MOVING,STATIONARY,STATIONARY,STATIONARY,STATIONARY,MOVING
105475,3118,0.00064655,0.00329070,0.00156523,0.00116865,0.00251517,0.00311506,RELIABLE,RELIABLE,RELIABLE,RELIABLE,PARTIAL,PARTIAL,STATIONARY,MOVING,STATIONARY,STATIONARY,STATIONARY,STATIONARY,MOVING
105508,3119,0.00064969,0.00358133,0.00157362,0.00124464,0.00274297,0.00325419,RELIABLE,RELIABLE,RELIABLE,RELIABLE,PARTIAL,PARTIAL,STATIONARY,MOVING,STATIONARY,STATIONARY,STATIONARY,STATIONARY,MOVING
105539,3120,0.00047333,0.00498314,0.00152340,0.00090598,0.00221096,0.00306656,RELIABLE,RELIABLE,RELIABLE,RELIABLE,PARTIAL,PARTIAL,STATIONARY,MOVING,STATIONARY,STATIONARY,STATIONARY,STATIONARY,MOVING
105572,3121,0.00051786,0.00634926,0.00151789,0.00117112,0.00237708,0.00348988,RELIABLE,RELIABLE,RELIABLE,RELIABLE,PARTIAL,PARTIAL,STATIONARY,MOVING,STATIONARY,STATIONARY,STATIONARY,STATIONARY,MOVING
105603,3122,0.00045666,0.00761685,0.00171950,0.00122731,0.00266294,0.00375335,RELIABLE,RELIABLE,RELIABLE,RELIABLE,PARTIAL,PARTIAL,STATIONARY,MOVING,STATIONARY,STATIONARY,STATIONARY,STATIONARY,MOVING
105636,3123,0.00048241,0.00967516,0.00185683,0.00134048,0.00272738,0.00376206,RELIABLE,RELIABLE,RELIABLE,RELIABLE,PARTIAL,PARTIAL,STATIONARY,MOVING,STATIONARY,STATIONARY,STATIONARY,STATIONARY,MOVING
105667,3124,0.00050354,0.01103708,0.00134403,0.00151327,0.00311746,0.00441679,RELIABLE,RELIABLE,RELIABLE,RELIABLE,PARTIAL,PARTIAL,STATIONARY,MOVING,STATIONARY,STATIONARY,STATIONARY,STATIONARY,MOVING
105699,3125,0.00049179,0.01250512,0.00147086,0.00136222,0.00265654,0.00413136,RELIABLE,RELIABLE,RELIABLE,RELIABLE,PARTIAL,PARTIAL,STATIONARY,MOVING,STATIONARY,STATIONARY,STATIONARY,STATIONARY,MOVING
105732,3126,0.00052935,0.01375797,0.00125935,0.00127484,0.00269106,0.00381965,RELIABLE,RELIABLE,RELIABLE,RELIABLE,PARTIAL,PARTIAL,STATIONARY,MOVING,STATIONARY,STATIONARY,STATIONARY,STATIONARY,MOVING
105763,3127,0.00050725,0.01526980,0.00161478,0.00135998,0.00281227,0.00408421,RELIABLE,RELIABLE,RELIABLE,RELIABLE,PARTIAL,PARTIAL,STATIONARY,MOVING,STATIONARY,STATIONARY,STATIONARY,STATIONARY,MOVING
105811,3128,0.00049344,0.01592085,0.00168853,0.00150547,0.00265303,0.00359667,RELIABLE,RELIABLE,RELIABLE,RELIABLE,PARTIAL,PARTIAL,STATIONARY,MOVING,STATIONARY,STATIONARY,STATIONARY,STATIONARY,MOVING
105843,3129,0.00042493,0.01544530,0.00175050,0.00129616,0.00201045,0.00317437,RELIABLE,RELIABLE,RELIABLE,RELIABLE,PARTIAL,PARTIAL,STATIONARY,MOVING,STATIONARY,STATIONARY,STATIONARY,STATIONARY,MOVING
105875,3130,0.00060795,0.01551952,0.00162684,0.00124554,0.00177096,0.00290212,RELIABLE,RELIABLE,RELIABLE,RELIABLE,PARTIAL,PARTIAL,STATIONARY,MOVING,STATIONARY,STATIONARY,STATIONARY,STATIONARY,MOVING
105907,3131,0.00062337,0.01460550,0.00170191,0.00115183,0.00173912,0.00291291,RELIABLE,RELIABLE,RELIABLE,RELIABLE,PARTIAL,PARTIAL,STATIONARY,MOVING,STATIONARY,STATIONARY,STATIONARY,STATIONARY,MOVING
105939,3132,0.00064402,0.01394794,0.00178091,0.00097567,0.00152123,0.00249045,RELIABLE,RELIABLE,RELIABLE,RELIABLE,PARTIAL,PARTIAL,STATIONARY,MOVING,STATIONARY,STATIONARY,STATIONARY,STATIONARY,MOVING
105972,3133,0.00075176,0.01284004,0.00166169,0.00092334,0.00148363,0.00260053,RELIABLE,RELIABLE,RELIABLE,RELIABLE,PARTIAL,PARTIAL,STATIONARY,MOVING,STATIONARY,STATIONARY,STATIONARY,STATIONARY,MOVING
106004,3134,0.00069553,0.01128586,0.00163436,0.00085272,0.00166069,0.00279962,RELIABLE,RELIABLE,RELIABLE,RELIABLE,PARTIAL,PARTIAL,STATIONARY,MOVING,STATIONARY,STATIONARY,STATIONARY,STATIONARY,MOVING
106036,3135,0.00071340,0.00921812,0.00125664,0.00065824,0.00139739,0.00255225,RELIABLE,RELIABLE,RELIABLE,RELIABLE,PARTIAL,PARTIAL,STATIONARY,MOVING,STATIONARY,STATIONARY,STATIONARY,STATIONARY,MOVING
106068,3136,0.00062012,0.00762574,0.00140524,0.00061391,0.00169267,0.00286027,RELIABLE,RELIABLE,RELIABLE,RELIABLE,PARTIAL,PARTIAL,STATIONARY,MOVING,STATIONARY,STATIONARY,STATIONARY,STATIONARY,MOVING
106100,3137,0.00073059,0.00677608,0.00178103,0.00094079,0.00219431,0.00389905,RELIABLE,RELIABLE,RELIABLE,RELIABLE,PARTIAL,PARTIAL,STATIONARY,MOVING,STATIONARY,STATIONARY,STATIONARY,STATIONARY,MOVING
106131,3138,0.00054761,0.00658562,0.00189731,0.00094748,0.00213922,0.00455812,RELIABLE,RELIABLE,RELIABLE,RELIABLE,PARTIAL,PARTIAL,STATIONARY,MOVING,STATIONARY,STATIONARY,STATIONARY,STATIONARY,MOVING
106163,3139,0.00059659,0.00758447,0.00196655,0.00102077,0.00239625,0.00444368,RELIABLE,RELIABLE,RELIABLE,RELIABLE,PARTIAL,PARTIAL,STATIONARY,MOVING,STATIONARY,STATIONARY,STATIONARY,STATIONARY,MOVING
106211,3140,0.00071215,0.00941262,0.00193817,0.00144175,0.00337634,0.00551100,RELIABLE,RELIABLE,RELIABLE,RELIABLE,PARTIAL,PARTIAL,STATIONARY,MOVING,STATIONARY,STATIONARY,STATIONARY,STATIONARY,MOVING
106243,3141,0.00062552,0.01051958,0.00214020,0.00152717,0.00339583,0.00541251,RELIABLE,RELIABLE,RELIABLE,RELIABLE,PARTIAL,PARTIAL,STATIONARY,MOVING,STATIONARY,STATIONARY,STATIONARY,STATIONARY,MOVING
106275,3142,0.00065087,0.01216365,0.00215002,0.00150214,0.00308688,0.00519041,RELIABLE,RELIABLE,RELIABLE,RELIABLE,PARTIAL,PARTIAL,STATIONARY,MOVING,STATIONARY,STATIONARY,STATIONARY,STATIONARY,MOVING
106308,3143,0.00070980,0.01412853,0.00224996,0.00152452,0.00292946,0.00522781,RELIABLE,RELIABLE,RELIABLE,RELIABLE,PARTIAL,PARTIAL,STATIONARY,MOVING,STATIONARY,STATIONARY,STATIONARY,STATIONARY,MOVING
106339,3144,0.00072876,0.01563356,0.00213401,0.00143250,0.00287751,0.00486335,RELIABLE,RELIABLE,RELIABLE,RELIABLE,PARTIAL,PARTIAL,STATIONARY,MOVING,STATIONARY,STATIONARY,STATIONARY,STATIONARY,MOVING
106371,3145,0.00060146,0.01601363,0.00175301,0.00106296,0.00237052,0.00342828,RELIABLE,RELIABLE,RELIABLE,RELIABLE,PARTIAL,PARTIAL,STATIONARY,MOVING,STATIONARY,STATIONARY,STATIONARY,STATIONARY,MOVING
106403,3146,0.00062251,0.01607878,0.00168156,0.00121899,0.00243385,0.00321960,RELIABLE,RELIABLE,RELIABLE,RELIABLE,PARTIAL,PARTIAL,STATIONARY,MOVING,STATIONARY,STATIONARY,STATIONARY,STATIONARY,MOVING
106435,3147,0.00055449,0.01552070,0.00136840,0.00121088,0.00215387,0.00329464,RELIABLE,RELIABLE,RELIABLE,RELIABLE,PARTIAL,PARTIAL,STATIONARY,MOVING,STATIONARY,STATIONARY,STATIONARY,STATIONARY,MOVING
106467,3148,0.00043507,0.01382854,0.00142594,0.00082358,0.00187735,0.00188682,RELIABLE,RELIABLE,RELIABLE,RELIABLE,PARTIAL,PARTIAL,STATIONARY,MOVING,STATIONARY,STATIONARY,STATIONARY,STATIONARY,MOVING
106499,3149,0.00045057,0.01236978,0.00121910,0.00079802,0.00193392,0.00175671,RELIABLE,RELIABLE,RELIABLE,RELIABLE,PARTIAL,PARTIAL,STATIONARY,MOVING,STATIONARY,STATIONARY,STATIONARY,STATIONARY,MOVING
106532,3150,0.00043000,0.01087383,0.00121376,0.00087527,0.00187551,0.00160586,RELIABLE,RELIABLE,RELIABLE,RELIABLE,PARTIAL,PARTIAL,STATIONARY,MOVING,STATIONARY,STATIONARY,STATIONARY,STATIONARY,MOVING
106580,3151,0.00039555,0.00884122,0.00134323,0.00135319,0.00343288,0.00366038,RELIABLE,RELIABLE,RELIABLE,RELIABLE,PARTIAL,PARTIAL,STATIONARY,MOVING,STATIONARY,STATIONARY,STATIONARY,STATIONARY,MOVING
106612,3152,0.00042769,0.00706093,0.00145026,0.00135578,0.00307092,0.00364937,RELIABLE,RELIABLE,RELIABLE,RELIABLE,PARTIAL,PARTIAL,STATIONARY,MOVING,STATIONARY,STATIONARY,STATIONARY,STATIONARY,MOVING
106643,3153,0.00041975,0.00637047,0.00170396,0.00148484,0.00376024,0.00381846,RELIABLE,RELIABLE,RELIABLE,RELIABLE,PARTIAL,PARTIAL,STATIONARY,MOVING,STATIONARY,STATIONARY,STATIONARY,STATIONARY,MOVING
106675,3154,0.00038780,0.00507060,0.00187758,0.00129618,0.00370954,0.00403984,RELIABLE,RELIABLE,RELIABLE,RELIABLE,PARTIAL,PARTIAL,STATIONARY,MOVING,STATIONARY,STATIONARY,STATIONARY,STATIONARY,MOVING
106707,3155,0.00045852,0.00488113,0.00203379,0.00129990,0.00369148,0.00399269,RELIABLE,RELIABLE,RELIABLE,RELIABLE,PARTIAL,PARTIAL,STATIONARY,MOVING,STATIONARY,STATIONARY,STATIONARY,STATIONARY,MOVING
106740,3156,0.00047465,0.00506495,0.00187360,0.00128252,0.00298493,0.00404772,RELIABLE,RELIABLE,RELIABLE,RELIABLE,PARTIAL,PARTIAL,STATIONARY,MOVING,STATIONARY,STATIONARY,STATIONARY,STATIONARY,MOVING
106771,3157,0.00046035,0.00674701,0.00193097,0.00130278,0.00309154,0.00418785,RELIABLE,RELIABLE,RELIABLE,RELIABLE,PARTIAL,PARTIAL,STATIONARY,MOVING,STATIONARY,STATIONARY,STATIONARY,STATIONARY,MOVING
106804,3158,0.00053554,0.00881259,0.00200346,0.00134592,0.00333244,0.00457981,RELIABLE,RELIABLE,RELIABLE,RELIABLE,PARTIAL,PARTIAL,STATIONARY,MOVING,STATIONARY,STATIONARY,STATIONARY,STATIONARY,MOVING
106836,3159,0.00050656,0.01060750,0.00177019,0.00085796,0.00175875,0.00227746,RELIABLE,RELIABLE,RELIABLE,RELIABLE,PARTIAL,PARTIAL,STATIONARY,MOVING,STATIONARY,STATIONARY,STATIONARY,STATIONARY,MOVING
106868,3160,0.00050737,0.01204811,0.00163473,0.00086312,0.00176842,0.00234610,RELIABLE,RELIABLE,RELIABLE,RELIABLE,PARTIAL,PARTIAL,STATIONARY,MOVING,STATIONARY,STATIONARY,STATIONARY,STATIONARY,MOVING
106899,3161,0.00054005,0.01400708,0.00139910,0.00080066,0.00112525,0.00211951,RELIABLE,RELIABLE,RELIABLE,RELIABLE,PARTIAL,PARTIAL,STATIONARY,MOVING,STATIONARY,STATIONARY,STATIONARY,STATIONARY,MOVING
106931,3162,0.00071667,0.01528249,0.00136574,0.00103529,0.00189455,0.00205926,RELIABLE,RELIABLE,RELIABLE,RELIABLE,PARTIAL,PARTIAL,STATIONARY,MOVING,STATIONARY,STATIONARY,STATIONARY,STATIONARY,MOVING
106979,3163,0.00072227,0.01567133,0.00124051,0.00098081,0.00190042,0.00237122,RELIABLE,RELIABLE,RELIABLE,RELIABLE,PARTIAL,PARTIAL,STATIONARY,MOVING,STATIONARY,STATIONARY,STATIONARY,STATIONARY,MOVING
107010,3164,0.00071673,0.01597943,0.00126233,0.00095330,0.00202015,0.00230061,RELIABLE,RELIABLE,RELIABLE,RELIABLE,PARTIAL,PARTIAL,STATIONARY,MOVING,STATIONARY,STATIONARY,STATIONARY,STATIONARY,MOVING
107043,3165,0.00071905,0.01506527,0.00138523,0.00119060,0.00222475,0.00275420,RELIABLE,RELIABLE,RELIABLE,RELIABLE,PARTIAL,PARTIAL,STATIONARY,MOVING,STATIONARY,STATIONARY,STATIONARY,STATIONARY,MOVING
107075,3166,0.00076726,0.01390421,0.00115122,0.00114262,0.00206714,0.00240711,RELIABLE,RELIABLE,RELIABLE,RELIABLE,PARTIAL,PARTIAL,STATIONARY,MOVING,STATIONARY,STATIONARY,STATIONARY,STATIONARY,MOVING
107107,3167,0.00076196,0.01267885,0.00125684,0.00108009,0.00207737,0.00253921,RELIABLE,RELIABLE,RELIABLE,RELIABLE,PARTIAL,PARTIAL,STATIONARY,MOVING,STATIONARY,STATIONARY,STATIONARY,STATIONARY,MOVING
107139,3168,0.00074020,0.01131345,0.00122634,0.00106748,0.00205564,0.00243517,RELIABLE,RELIABLE,RELIABLE,RELIABLE,PARTIAL,PARTIAL,STATIONARY,MOVING,STATIONARY,STATIONARY,STATIONARY,STATIONARY,MOVING
107172,3169,0.00072136,0.00923380,0.00114969,0.00103870,0.00209315,0.00241484,RELIABLE,RELIABLE,RELIABLE,RELIABLE,PARTIAL,PARTIAL,STATIONARY,MOVING,STATIONARY,STATIONARY,STATIONARY,STATIONARY,MOVING
107203,3170,0.00052297,0.00805859,0.00103073,0.00078077,0.00123423,0.00182666,RELIABLE,RELIABLE,RELIABLE,RELIABLE,PARTIAL,PARTIAL,STATIONARY,MOVING,STATIONARY,STATIONARY,STATIONARY,STATIONARY,MOVING
107235,3171,0.00047875,0.00660905,0.00099418,0.00091276,0.00130651,0.00160236,RELIABLE,RELIABLE,RELIABLE,RELIABLE,PARTIAL,PARTIAL,STATIONARY,MOVING,STATIONARY,STATIONARY,STATIONARY,STATIONARY,MOVING
107267,3172,0.00040240,0.00518487,0.00116544,0.00090499,0.00110512,0.00160524,RELIABLE,RELIABLE,RELIABLE,RELIABLE,PARTIAL,PARTIAL,STATIONARY,MOVING,STATIONARY,STATIONARY,STATIONARY,STATIONARY,MOVING
107299,3173,0.00080022,0.00580822,0.00156287,0.00071591,0.00094635,0.00101122,RELIABLE,RELIABLE,RELIABLE,RELIABLE,PARTIAL,PARTIAL,STATIONARY,MOVING,STATIONARY,STATIONARY,STATIONARY,STATIONARY,MOVING
107347,3174,0.00068684,0.00679939,0.00167814,0.00068948,0.00090302,0.00118453,RELIABLE,RELIABLE,RELIABLE,RELIABLE,PARTIAL,PARTIAL,STATIONARY,MOVING,STATIONARY,STATIONARY,STATIONARY,STATIONARY,MOVING
107379,3175,0.00072076,0.00827100,0.00204036,0.00090106,0.00118455,0.00178762,RELIABLE,RELIABLE,RELIABLE,RELIABLE,PARTIAL,PARTIAL,STATIONARY,MOVING,STATIONARY,STATIONARY,STATIONARY,STATIONARY,MOVING
107411,3176,0.00071451,0.01048971,0.00209944,0.00093303,0.00119085,0.00192404,RELIABLE,RELIABLE,RELIABLE,RELIABLE,PARTIAL,PARTIAL,STATIONARY,MOVING,STATIONARY,STATIONARY,STATIONARY,STATIONARY,MOVING
107443,3177,0.00073959,0.01234058,0.00225013,0.00106070,0.00124984,0.00254712,RELIABLE,RELIABLE,RELIABLE,RELIABLE,PARTIAL,PARTIAL,STATIONARY,MOVING,STATIONARY,STATIONARY,STATIONARY,STATIONARY,MOVING
107475,3178,0.00079929,0.01448334,0.00225972,0.00111190,0.00118662,0.00245061,RELIABLE,RELIABLE,RELIABLE,RELIABLE,PARTIAL,PARTIAL,STATIONARY,MOVING,STATIONARY,STATIONARY,STATIONARY,STATIONARY,MOVING
107506,3179,0.00081488,0.01588602,0.00231360,0.00101259,0.00127774,0.00243325,RELIABLE,RELIABLE,RELIABLE,RELIABLE,PARTIAL,PARTIAL,STATIONARY,MOVING,STATIONARY,STATIONARY,STATIONARY,STATIONARY,MOVING
107539,3180,0.00091833,0.01713895,0.00218421,0.00102494,0.00131804,0.00248013,RELIABLE,RELIABLE,RELIABLE,RELIABLE,PARTIAL,PARTIAL,STATIONARY,MOVING,STATIONARY,STATIONARY,STATIONARY,STATIONARY,MOVING
107571,3181,0.00053999,0.01685046,0.00164671,0.00098329,0.00115234,0.00266156,RELIABLE,RELIABLE,RELIABLE,RELIABLE,PARTIAL,PARTIAL,STATIONARY,MOVING,STATIONARY,STATIONARY,STATIONARY,STATIONARY,MOVING
107603,3182,0.00065572,0.01599205,0.00160096,0.00104096,0.00110971,0.00268267,RELIABLE,RELIABLE,RELIABLE,RELIABLE,PARTIAL,PARTIAL,STATIONARY,MOVING,STATIONARY,STATIONARY,STATIONARY,STATIONARY,MOVING
107635,3183,0.00067514,0.01486603,0.00126074,0.00102737,0.00099936,0.00197591,RELIABLE,RELIABLE,RELIABLE,RELIABLE,PARTIAL,PARTIAL,STATIONARY,MOVING,STATIONARY,STATIONARY,STATIONARY,STATIONARY,MOVING
107667,3184,0.00071267,0.01300629,0.00121427,0.00112107,0.00113097,0.00203746,RELIABLE,RELIABLE,RELIABLE,RELIABLE,PARTIAL,PARTIAL,STATIONARY,MOVING,STATIONARY,STATIONARY,STATIONARY,STATIONARY,MOVING
107699,3185,0.00074773,0.01138045,0.00107295,0.00111309,0.00129117,0.00177785,RELIABLE,RELIABLE,RELIABLE,RELIABLE,PARTIAL,PARTIAL,STATIONARY,MOVING,STATIONARY,STATIONARY,STATIONARY,STATIONARY,MOVING
107747,3186,0.00069940,0.00921825,0.00106376,0.00114862,0.00139932,0.00207187,RELIABLE,RELIABLE,RELIABLE,RELIABLE,PARTIAL,PARTIAL,STATIONARY,MOVING,STATIONARY,STATIONARY,STATIONARY,STATIONARY,MOVING
107779,3187,0.00068785,0.00758814,0.00148267,0.00113048,0.00122889,0.00229526,RELIABLE,RELIABLE,RELIABLE,RELIABLE,PARTIAL,PARTIAL,STATIONARY,MOVING,STATIONARY,STATIONARY,STATIONARY,STATIONARY,MOVING
107811,3188,0.00061156,0.00659120,0.00161105,0.00117720,0.00133863,0.00267898,RELIABLE,RELIABLE,RELIABLE,RELIABLE,PARTIAL,PARTIAL,STATIONARY,MOVING,STATIONARY,STATIONARY,STATIONARY,STATIONARY,MOVING
107844,3189,0.00061796,0.00553349,0.00166114,0.00121903,0.00201526,0.00284172,RELIABLE,RELIABLE,RELIABLE,RELIABLE,PARTIAL,PARTIAL,STATIONARY,MOVING,STATIONARY,STATIONARY,STATIONARY,STATIONARY,MOVING
107875,3190,0.00053841,0.00468248,0.00171668,0.00125037,0.00217336,0.00303541,RELIABLE,RELIABLE,RELIABLE,RELIABLE,PARTIAL,PARTIAL,STATIONARY,MOVING,STATIONARY,STATIONARY,STATIONARY,STATIONARY,MOVING
107907,3191,0.00049021,0.00399310,0.00155905,0.00107411,0.00204685,0.00313417,RELIABLE,RELIABLE,RELIABLE,RELIABLE,PARTIAL,PARTIAL,STATIONARY,MOVING,STATIONARY,STATIONARY,STATIONARY,STATIONARY,MOVING
107939,3192,0.00065401,0.00501766,0.00147590,0.00093614,0.00190898,0.00299769,RELIABLE,RELIABLE,RELIABLE,RELIABLE,PARTIAL,PARTIAL,STATIONARY,MOVING,STATIONARY,STATIONARY,STATIONARY,STATIONARY,MOVING
107971,3193,0.00059707,0.00636038,0.00151582,0.00079248,0.00164026,0.00252706,RELIABLE,RELIABLE,RELIABLE,RELIABLE,PARTIAL,PARTIAL,STATIONARY,MOVING,STATIONARY,STATIONARY,STATIONARY,STATIONARY,MOVING
108003,3194,0.00062915,0.00801833,0.00144852,0.00074635,0.00177600,0.00230695,RELIABLE,RELIABLE,RELIABLE,RELIABLE,PARTIAL,PARTIAL,STATIONARY,MOVING,STATIONARY,STATIONARY,STATIONARY,STATIONARY,MOVING
108036,3195,0.00061661,0.01028090,0.00121342,0.00082517,0.00197431,0.00235285,RELIABLE,RELIABLE,RELIABLE,RELIABLE,PARTIAL,PARTIAL,STATIONARY,MOVING,STATIONARY,STATIONARY,STATIONARY,STATIONARY,MOVING
108068,3196,0.00064410,0.01168971,0.00124560,0.00077349,0.00185809,0.00213025,RELIABLE,RELIABLE,RELIABLE,RELIABLE,PARTIAL,PARTIAL,STATIONARY,MOVING,STATIONARY,STATIONARY,STATIONARY,STATIONARY,MOVING
108099,3197,0.00062185,0.01301991,0.00120127,0.00074589,0.00122791,0.00177798,RELIABLE,RELIABLE,RELIABLE,RELIABLE,PARTIAL,PARTIAL,STATIONARY,MOVING,STATIONARY,STATIONARY,STATIONARY,STATIONARY,MOVING
108147,3198,0.00066322,0.01512953,0.00112122,0.00077108,0.00153209,0.00140508,RELIABLE,RELIABLE,RELIABLE,RELIABLE,PARTIAL,PARTIAL,STATIONARY,MOVING,STATIONARY,STATIONARY,STATIONARY,STATIONARY,MOVING
108180,3199,0.00070429,0.01656121,0.00119178,0.00081017,0.00154475,0.00176831,RELIABLE,RELIABLE,RELIABLE,RELIABLE,PARTIAL,PARTIAL,STATIONARY,MOVING,STATIONARY,STATIONARY,STATIONARY,STATIONARY,MOVING
108212,3200,0.00051870,0.01611471,0.00122426,0.00079452,0.00154500,0.00166659,RELIABLE,RELIABLE,RELIABLE,RELIABLE,PARTIAL,PARTIAL,STATIONARY,MOVING,STATIONARY,STATIONARY,STATIONARY,STATIONARY,MOVING
108244,3201,0.00081790,0.01628816,0.00118339,0.00084285,0.00193182,0.00208487,RELIABLE,RELIABLE,RELIABLE,RELIABLE,PARTIAL,PARTIAL,STATIONARY,MOVING,STATIONARY,STATIONARY,STATIONARY,STATIONARY,MOVING
108276,3202,0.00083031,0.01546337,0.00114151,0.00084372,0.00175650,0.00207600,RELIABLE,RELIABLE,RELIABLE,RELIABLE,PARTIAL,PARTIAL,STATIONARY,MOVING,STATIONARY,STATIONARY,STATIONARY,STATIONARY,MOVING
108307,3203,0.00089737,0.01402214,0.00104204,0.00088589,0.00241157,0.00309831,RELIABLE,RELIABLE,RELIABLE,RELIABLE,PARTIAL,PARTIAL,STATIONARY,MOVING,STATIONARY,STATIONARY,STATIONARY,STATIONARY,MOVING
108340,3204,0.00085012,0.01257563,0.00110288,0.00087478,0.00231760,0.00300783,RELIABLE,RELIABLE,RELIABLE,RELIABLE,PARTIAL,PARTIAL,STATIONARY,MOVING,STATIONARY,STATIONARY,STATIONARY,STATIONARY,MOVING
108372,3205,0.00091416,0.01096497,0.00109294,0.00099145,0.00259394,0.00370790,RELIABLE,RELIABLE,RELIABLE,RELIABLE,PARTIAL,PARTIAL,STATIONARY,MOVING,STATIONARY,STATIONARY,STATIONARY,STATIONARY,MOVING
108404,3206,0.00083168,0.00850051,0.00120459,0.00092413,0.00246491,0.00403861,RELIABLE,RELIABLE,RELIABLE,RELIABLE,PARTIAL,PARTIAL,STATIONARY,MOVING,STATIONARY,STATIONARY,STATIONARY,STATIONARY,MOVING
108436,3207,0.00081524,0.00723927,0.00119274,0.00096460,0.00245644,0.00378093,RELIABLE,RELIABLE,RELIABLE,RELIABLE,PARTIAL,PARTIAL,STATIONARY,MOVING,STATIONARY,STATIONARY,STATIONARY,STATIONARY,MOVING
108467,3208,0.00078890,0.00650823,0.00128842,0.00102754,0.00246779,0.00394561,RELIABLE,RELIABLE,RELIABLE,RELIABLE,PARTIAL,PARTIAL,STATIONARY,MOVING,STATIONARY,STATIONARY,STATIONARY,STATIONARY,MOVING
108515,3209,0.00047321,0.00570598,0.00135627,0.00120008,0.00237684,0.00395187,RELIABLE,RELIABLE,RELIABLE,RELIABLE,PARTIAL,PARTIAL,STATIONARY,MOVING,STATIONARY,STATIONARY,STATIONARY,STATIONARY,MOVING
108548,3210,0.00048555,0.00626684,0.00150944,0.00119483,0.00236651,0.00393711,RELIABLE,RELIABLE,RELIABLE,RELIABLE,PARTIAL,PARTIAL,STATIONARY,MOVING,STATIONARY,STATIONARY,STATIONARY,STATIONARY,MOVING
108581,3211,0.00037941,0.00774115,0.00145547,0.00112790,0.00153134,0.00261732,RELIABLE,RELIABLE,RELIABLE,RELIABLE,PARTIAL,PARTIAL,STATIONARY,MOVING,STATIONARY,STATIONARY,STATIONARY,STATIONARY,MOVING
108613,3212,0.00043833,0.00995763,0.00130022,0.00115962,0.00158761,0.00279564,RELIABLE,RELIABLE,RELIABLE,RELIABLE,PARTIAL,PARTIAL,STATIONARY,MOVING,STATIONARY,STATIONARY,STATIONARY,STATIONARY,MOVING
108644,3213,0.00039290,0.01170611,0.00125775,0.00109414,0.00172985,0.00243490,RELIABLE,RELIABLE,RELIABLE,RELIABLE,PARTIAL,PARTIAL,STATIONARY,MOVING,STATIONARY,STATIONARY,STATIONARY,STATIONARY,MOVING
108675,3214,0.00047737,0.01378539,0.00158861,0.00123307,0.00178221,0.00259634,RELIABLE,RELIABLE,RELIABLE,RELIABLE,PARTIAL,PARTIAL,STATIONARY,MOVING,STATIONARY,STATIONARY,STATIONARY,STATIONARY,MOVING
108707,3215,0.00046432,0.01551983,0.00158788,0.00130112,0.00237825,0.00331221,RELIABLE,RELIABLE,RELIABLE,RELIABLE,PARTIAL,PARTIAL,STATIONARY,MOVING,STATIONARY,STATIONARY,STATIONARY,STATIONARY,MOVING
108740,3216,0.00052767,0.01739370,0.00162953,0.00137118,0.00245074,0.00325089,RELIABLE,RELIABLE,RELIABLE,RELIABLE,PARTIAL,PARTIAL,STATIONARY,MOVING,STATIONARY,STATIONARY,STATIONARY,STATIONARY,MOVING
108771,3217,0.00060983,0.01821434,0.00163568,0.00131930,0.00218884,0.00311124,RELIABLE,RELIABLE,RELIABLE,RELIABLE,PARTIAL,PARTIAL,STATIONARY,MOVING,STATIONARY,STATIONARY,STATIONARY,STATIONARY,MOVING
108803,3218,0.00056331,0.01761297,0.00165487,0.00137886,0.00228745,0.00316766,RELIABLE,RELIABLE,RELIABLE,RELIABLE,PARTIAL,PARTIAL,STATIONARY,MOVING,STATIONARY,STATIONARY,STATIONARY,STATIONARY,MOVING
108835,3219,0.00060164,0.01585659,0.00178222,0.00145659,0.00232296,0.00369610,RELIABLE,RELIABLE,RELIABLE,RELIABLE,PARTIAL,PARTIAL,STATIONARY,MOVING,STATIONARY,STATIONARY,STATIONARY,STATIONARY,MOVING
108867,3220,0.00058266,0.01412179,0.00173642,0.00143225,0.00226384,0.00351123,RELIABLE,RELIABLE,RELIABLE,RELIABLE,PARTIAL,PARTIAL,STATIONARY,MOVING,STATIONARY,STATIONARY,STATIONARY,STATIONARY,MOVING
108916,3221,0.00064224,0.01288295,0.00195939,0.00137780,0.00170234,0.00318981,RELIABLE,RELIABLE,RELIABLE,RELIABLE,PARTIAL,PARTIAL,STATIONARY,MOVING,STATIONARY,STATIONARY,STATIONARY,STATIONARY,MOVING
108947,3222,0.00065346,0.01114165,0.00152616,0.00117159,0.00132343,0.00274710,RELIABLE,RELIABLE,RELIABLE,RELIABLE,PARTIAL,PARTIAL,STATIONARY,MOVING,STATIONARY,STATIONARY,STATIONARY,STATIONARY,MOVING
108979,3223,0.00080150,0.00939924,0.00153761,0.00109968,0.00073181,0.00215760,RELIABLE,RELIABLE,RELIABLE,RELIABLE,PARTIAL,PARTIAL,STATIONARY,MOVING,STATIONARY,STATIONARY,STATIONARY,STATIONARY,MOVING
109012,3224,0.00094361,0.00727398,0.00137680,0.00128875,0.00120010,0.00339661,RELIABLE,RELIABLE,RELIABLE,RELIABLE,PARTIAL,PARTIAL,STATIONARY,MOVING,STATIONARY,STATIONARY,STATIONARY,STATIONARY,MOVING
109043,3225,0.00088703,0.00567343,0.00133594,0.00125218,0.00179597,0.00411377,RELIABLE,RELIABLE,RELIABLE,RELIABLE,PARTIAL,PARTIAL,STATIONARY,MOVING,STATIONARY,STATIONARY,STATIONARY,STATIONARY,MOVING
109075,3226,0.00102376,0.00484780,0.00110945,0.00117694,0.00172970,0.00401425,RELIABLE,RELIABLE,RELIABLE,RELIABLE,PARTIAL,PARTIAL,STATIONARY,MOVING,STATIONARY,STATIONARY,STATIONARY,STATIONARY,MOVING
109107,3227,0.00112038,0.00454462,0.00125596,0.00127521,0.00183231,0.00349324,RELIABLE,RELIABLE,RELIABLE,RELIABLE,PARTIAL,PARTIAL,STATIONARY,MOVING,STATIONARY,STATIONARY,STATIONARY,STATIONARY,MOVING
109139,3228,0.00130925,0.00412535,0.00149334,0.00145739,0.00201113,0.00376905,RELIABLE,RELIABLE,RELIABLE,RELIABLE,PARTIAL,PARTIAL,STATIONARY,MOVING,STATIONARY,STATIONARY,STATIONARY,STATIONARY,MOVING
109171,3229,0.00144769,0.00415918,0.00133709,0.00178421,0.00318000,0.00586036,RELIABLE,RELIABLE,RELIABLE,RELIABLE,PARTIAL,PARTIAL,STATIONARY,MOVING,STATIONARY,STATIONARY,STATIONARY,STATIONARY,MOVING
109203,3230,0.00143066,0.00500745,0.00157400,0.00213235,0.00379846,0.00691854,RELIABLE,RELIABLE,RELIABLE,RELIABLE,PARTIAL,PARTIAL,STATIONARY,MOVING,STATIONARY,STATIONARY,STATIONARY,STATIONARY,MOVING
109235,3231,0.00143951,0.00634475,0.00155065,0.00223157,0.00391714,0.00687129,RELIABLE,RELIABLE,RELIABLE,RELIABLE,PARTIAL,PARTIAL,STATIONARY,MOVING,STATIONARY,STATIONARY,STATIONARY,STATIONARY,MOVING
109284,3232,0.00141924,0.00773981,0.00238461,0.00210213,0.00343929,0.00560946,RELIABLE,RELIABLE,RELIABLE,RELIABLE,PARTIAL,PARTIAL,STATIONARY,MOVING,STATIONARY,STATIONARY,STATIONARY,STATIONARY,MOVING
109316,3233,0.00165237,0.00997520,0.00286290,0.00215422,0.00293512,0.00471763,RELIABLE,RELIABLE,RELIABLE,RELIABLE,PARTIAL,PARTIAL,STATIONARY,MOVING,STATIONARY,STATIONARY,STATIONARY,STATIONARY,MOVING
109347,3234,0.00163083,0.01150168,0.00326026,0.00220448,0.00302683,0.00490114,RELIABLE,RELIABLE,RELIABLE,RELIABLE,PARTIAL,PARTIAL,STATIONARY,MOVING,STATIONARY,STATIONARY,STATIONARY,STATIONARY,MOVING
109379,3235,0.00150962,0.01299109,0.00303457,0.00199940,0.00286833,0.00515672,RELIABLE,RELIABLE,RELIABLE,RELIABLE,PARTIAL,PARTIAL,STATIONARY,MOVING,STATIONARY,STATIONARY,STATIONARY,STATIONARY,MOVING
109412,3236,0.00132888,0.01479170,0.00309332,0.00205359,0.00303423,0.00534576,RELIABLE,RELIABLE,RELIABLE,RELIABLE,PARTIAL,PARTIAL,STATIONARY,MOVING,STATIONARY,STATIONARY,STATIONARY,STATIONARY,MOVING
109444,3237,0.00117687,0.01593484,0.00326385,0.00177703,0.00237021,0.00335661,RELIABLE,RELIABLE,RELIABLE,RELIABLE,PARTIAL,PARTIAL,STATIONARY,MOVING,STATIONARY,STATIONARY,STATIONARY,STATIONARY,MOVING
109476,3238,0.00108893,0.01688880,0.00331720,0.00145016,0.00187602,0.00242355,RELIABLE,RELIABLE,RELIABLE,RELIABLE,PARTIAL,PARTIAL,STATIONARY,MOVING,STATIONARY,STATIONARY,STATIONARY,STATIONARY,MOVING
109508,3239,0.00128011,0.01692285,0.00366257,0.00148478,0.00221810,0.00358887,RELIABLE,RELIABLE,RELIABLE,RELIABLE,PARTIAL,PARTIAL,STATIONARY,MOVING,STATIONARY,STATIONARY,STATIONARY,STATIONARY,MOVING
109539,3240,0.00115304,0.01671118,0.00288319,0.00129659,0.00236778,0.00353577,RELIABLE,RELIABLE,RELIABLE,RELIABLE,PARTIAL,PARTIAL,STATIONARY,MOVING,STATIONARY,STATIONARY,STATIONARY,STATIONARY,MOVING
109571,3241,0.00175771,0.01524665,0.00248038,0.00124095,0.00299620,0.00396420,RELIABLE,RELIABLE,RELIABLE,RELIABLE,PARTIAL,PARTIAL,STATIONARY,MOVING,STATIONARY,STATIONARY,STATIONARY,STATIONARY,MOVING
109603,3242,0.00167120,0.01401882,0.00213564,0.00161261,0.00360652,0.00494688,RELIABLE,RELIABLE,RELIABLE,RELIABLE,PARTIAL,PARTIAL,STATIONARY,MOVING,STATIONARY,STATIONARY,STATIONARY,STATIONARY,MOVING
109635,3243,0.00167367,0.01249897,0.00216915,0.00174459,0.00379948,0.00491127,RELIABLE,RELIABLE,RELIABLE,RELIABLE,PARTIAL,PARTIAL,STATIONARY,MOVING,STATIONARY,STATIONARY,STATIONARY,STATIONARY,MOVING
109683,3244,0.00207585,0.01049868,0.00205828,0.00164348,0.00375730,0.00469510,RELIABLE,RELIABLE,RELIABLE,RELIABLE,PARTIAL,PARTIAL,STATIONARY,MOVING,STATIONARY,STATIONARY,STATIONARY,STATIONARY,MOVING
109714,3245,0.00215952,0.00883447,0.00182118,0.00176389,0.00416374,0.00663844,RELIABLE,RELIABLE,RELIABLE,RELIABLE,PARTIAL,PARTIAL,STATIONARY,MOVING,STATIONARY,STATIONARY,STATIONARY,STATIONARY,MOVING
109748,3246,0.00230339,0.00695757,0.00190293,0.00184247,0.00405038,0.00650494,RELIABLE,RELIABLE,RELIABLE,RELIABLE,PARTIAL,PARTIAL,STATIONARY,MOVING,STATIONARY,STATIONARY,STATIONARY,STATIONARY,MOVING
109780,3247,0.00203864,0.00556368,0.00154924,0.00171259,0.00358574,0.00510557,RELIABLE,RELIABLE,RELIABLE,RELIABLE,PARTIAL,PARTIAL,STATIONARY,MOVING,STATIONARY,STATIONARY,STATIONARY,STATIONARY,MOVING
109811,3248,0.00207652,0.00448955,0.00155917,0.00173260,0.00339907,0.00542297,RELIABLE,RELIABLE,RELIABLE,RELIABLE,PARTIAL,PARTIAL,STATIONARY,MOVING,STATIONARY,STATIONARY,STATIONARY,STATIONARY,MOVING
109843,3249,0.00129004,0.00448527,0.00143285,0.00183520,0.00344486,0.00547585,RELIABLE,RELIABLE,RELIABLE,RELIABLE,PARTIAL,PARTIAL,STATIONARY,MOVING,STATIONARY,STATIONARY,STATIONARY,STATIONARY,MOVING
109875,3250,0.00135686,0.00563568,0.00203180,0.00173023,0.00350321,0.00471935,RELIABLE,RELIABLE,RELIABLE,RELIABLE,PARTIAL,PARTIAL,STATIONARY,MOVING,STATIONARY,STATIONARY,STATIONARY,STATIONARY,MOVING
109907,3251,0.00171568,0.00737050,0.00189320,0.00155894,0.00352267,0.00462718,RELIABLE,RELIABLE,RELIABLE,RELIABLE,PARTIAL,PARTIAL,STATIONARY,MOVING,STATIONARY,STATIONARY,STATIONARY,STATIONARY,MOVING
109940,3252,0.00129334,0.00925925,0.00163280,0.00138754,0.00323688,0.00431675,RELIABLE,RELIABLE,RELIABLE,RELIABLE,PARTIAL,PARTIAL,STATIONARY,MOVING,STATIONARY,STATIONARY,STATIONARY,STATIONARY,MOVING
109971,3253,0.00129845,0.01155169,0.00182194,0.00129545,0.00285422,0.00251486,RELIABLE,RELIABLE,RELIABLE,RELIABLE,PARTIAL,PARTIAL,STATIONARY,MOVING,STATIONARY,STATIONARY,STATIONARY,STATIONARY,MOVING
110003,3254,0.00128590,0.01280907,0.00172145,0.00138324,0.00297086,0.00282394,RELIABLE,RELIABLE,RELIABLE,RELIABLE,PARTIAL,PARTIAL,STATIONARY,MOVING,STATIONARY,STATIONARY,STATIONARY,STATIONARY,MOVING
110052,3255,0.00176115,0.01453435,0.00173299,0.00143487,0.00313261,0.00302729,RELIABLE,RELIABLE,RELIABLE,RELIABLE,PARTIAL,PARTIAL,STATIONARY,MOVING,STATIONARY,STATIONARY,STATIONARY,STATIONARY,MOVING
110083,3256,0.00178115,0.01611037,0.00174081,0.00152771,0.00334313,0.00329911,RELIABLE,RELIABLE,RELIABLE,RELIABLE,PARTIAL,PARTIAL,STATIONARY,MOVING,STATIONARY,STATIONARY,STATIONARY,STATIONARY,MOVING
110115,3257,0.00203523,0.01689478,0.00191105,0.00145238,0.00266727,0.00296037,RELIABLE,RELIABLE,RELIABLE,RELIABLE,PARTIAL,PARTIAL,STATIONARY,MOVING,STATIONARY,STATIONARY,STATIONARY,STATIONARY,MOVING
110147,3258,0.00208759,0.01662359,0.00133216,0.00122962,0.00188905,0.00281105,RELIABLE,RELIABLE,RELIABLE,RELIABLE,PARTIAL,PARTIAL,STATIONARY,MOVING,STATIONARY,STATIONARY,STATIONARY,STATIONARY,MOVING
110179,3259,0.00185289,0.01568833,0.00178031,0.00139171,0.00175342,0.00256550,RELIABLE,RELIABLE,RELIABLE,RELIABLE,PARTIAL,PARTIAL,STATIONARY,MOVING,STATIONARY,STATIONARY,STATIONARY,STATIONARY,MOVING
110211,3260,0.00194721,0.01389861,0.00206407,0.00170186,0.00218092,0.00316190,RELIABLE,RELIABLE,RELIABLE,RELIABLE,PARTIAL,PARTIAL,STATIONARY,MOVING,STATIONARY,STATIONARY,STATIONARY,STATIONARY,MOVING
110243,3261,0.00204626,0.01217136,0.00247124,0.00162082,0.00172046,0.00294855,RELIABLE,RELIABLE,RELIABLE,RELIABLE,PARTIAL,PARTIAL,STATIONARY,MOVING,STATIONARY,STATIONARY,STATIONARY,STATIONARY,MOVING
110275,3262,0.00225026,0.01104650,0.00248349,0.00153133,0.00204596,0.00361538,RELIABLE,RELIABLE,RELIABLE,RELIABLE,PARTIAL,PARTIAL,STATIONARY,MOVING,STATIONARY,STATIONARY,STATIONARY,STATIONARY,MOVING
110307,3263,0.00170995,0.00923434,0.00286071,0.00147405,0.00181421,0.00368119,RELIABLE,RELIABLE,RELIABLE,RELIABLE,PARTIAL,PARTIAL,STATIONARY,MOVING,STATIONARY,STATIONARY,STATIONARY,STATIONARY,MOVING
110339,3264,0.00222036,0.00737106,0.00312929,0.00161330,0.00261568,0.00368027,RELIABLE,RELIABLE,RELIABLE,RELIABLE,PARTIAL,PARTIAL,STATIONARY,MOVING,STATIONARY,STATIONARY,STATIONARY,STATIONARY,MOVING
110371,3265,0.00198864,0.00551558,0.00300205,0.00147450,0.00263253,0.00351712,RELIABLE,RELIABLE,RELIABLE,RELIABLE,PARTIAL,PARTIAL,STATIONARY,MOVING,STATIONARY,STATIONARY,STATIONARY,STATIONARY,MOVING
110404,3266,0.00216397,0.00420916,0.00289647,0.00149614,0.00295534,0.00354038,RELIABLE,RELIABLE,RELIABLE,RELIABLE,PARTIAL,PARTIAL,STATIONARY,MOVING,STATIONARY,STATIONARY,STATIONARY,STATIONARY,MOVING
110451,3267,0.00225906,0.00350610,0.00244915,0.00137621,0.00337865,0.00398938,RELIABLE,RELIABLE,RELIABLE,RELIABLE,PARTIAL,PARTIAL,STATIONARY,MOVING,STATIONARY,STATIONARY,STATIONARY,STATIONARY,MOVING
110483,3268,0.00218689,0.00343367,0.00226296,0.00113877,0.00303642,0.00342702,RELIABLE,RELIABLE,RELIABLE,RELIABLE,PARTIAL,PARTIAL,STATIONARY,MOVING,STATIONARY,STATIONARY,STATIONARY,STATIONARY,MOVING
110515,3269,0.00202612,0.00352592,0.00173221,0.00110566,0.00330831,0.00352903,RELIABLE,RELIABLE,RELIABLE,RELIABLE,PARTIAL,PARTIAL,STATIONARY,MOVING,STATIONARY,STATIONARY,STATIONARY,STATIONARY,MOVING
110548,3270,0.00176641,0.00441347,0.00151942,0.00135107,0.00384212,0.00303058,RELIABLE,RELIABLE,RELIABLE,RELIABLE,PARTIAL,PARTIAL,STATIONARY,MOVING,STATIONARY,STATIONARY,STATIONARY,STATIONARY,MOVING
110580,3271,0.00252585,0.00602131,0.00118856,0.00152961,0.00511130,0.00311828,RELIABLE,RELIABLE,RELIABLE,RELIABLE,PARTIAL,PARTIAL,STATIONARY,MOVING,STATIONARY,STATIONARY,STATIONARY,STATIONARY,MOVING
110612,3272,0.00205501,0.00853620,0.00173591,0.00159597,0.00521073,0.00286422,RELIABLE,RELIABLE,RELIABLE,RELIABLE,PARTIAL,PARTIAL,STATIONARY,MOVING,STATIONARY,STATIONARY,STATIONARY,STATIONARY,MOVING
110644,3273,0.00227059,0.01078080,0.00176202,0.00198436,0.00549636,0.00358827,RELIABLE,RELIABLE,RELIABLE,RELIABLE,PARTIAL,PARTIAL,STATIONARY,MOVING,STATIONARY,STATIONARY,STATIONARY,STATIONARY,MOVING
110676,3274,0.00217751,0.01309625,0.00182243,0.00222709,0.00624731,0.00463135,RELIABLE,RELIABLE,RELIABLE,RELIABLE,PARTIAL,PARTIAL,STATIONARY,MOVING,STATIONARY,STATIONARY,STATIONARY,STATIONARY,MOVING
110707,3275,0.00212877,0.01486513,0.00196319,0.00235367,0.00620023,0.00445341,RELIABLE,RELIABLE,RELIABLE,RELIABLE,PARTIAL,PARTIAL,STATIONARY,MOVING,STATIONARY,STATIONARY,STATIONARY,STATIONARY,MOVING
110739,3276,0.00220134,0.01660550,0.00201083,0.00235297,0.00617351,0.00454115,RELIABLE,RELIABLE,RELIABLE,RELIABLE,PARTIAL,PARTIAL,STATIONARY,MOVING,STATIONARY,STATIONARY,STATIONARY,STATIONARY,MOVING
110771,3277,0.00255069,0.01803946,0.00199774,0.00248395,0.00676170,0.00501303,RELIABLE,RELIABLE,RELIABLE,RELIABLE,PARTIAL,PARTIAL,STATIONARY,MOVING,STATIONARY,STATIONARY,STATIONARY,STATIONARY,MOVING
110819,3278,0.00265466,0.01822045,0.00203867,0.00234470,0.00659605,0.00548487,RELIABLE,RELIABLE,RELIABLE,RELIABLE,PARTIAL,PARTIAL,STATIONARY,MOVING,STATIONARY,STATIONARY,STATIONARY,STATIONARY,MOVING
110851,3279,0.00234671,0.01711495,0.00193790,0.00220234,0.00605976,0.00533896,RELIABLE,RELIABLE,RELIABLE,RELIABLE,PARTIAL,PARTIAL,STATIONARY,MOVING,STATIONARY,STATIONARY,STATIONARY,STATIONARY,MOVING
110883,3280,0.00227406,0.01494954,0.00113331,0.00187667,0.00497957,0.00509356,RELIABLE,RELIABLE,RELIABLE,RELIABLE,PARTIAL,PARTIAL,STATIONARY,MOVING,STATIONARY,STATIONARY,STATIONARY,STATIONARY,MOVING
110915,3281,0.00209427,0.01273012,0.00106095,0.00153623,0.00485119,0.00479808,RELIABLE,RELIABLE,RELIABLE,RELIABLE,PARTIAL,PARTIAL,STATIONARY,MOVING,STATIONARY,STATIONARY,STATIONARY,STATIONARY,MOVING
110948,3282,0.00229274,0.01045675,0.00105145,0.00155309,0.00505554,0.00454445,RELIABLE,RELIABLE,RELIABLE,RELIABLE,PARTIAL,PARTIAL,STATIONARY,MOVING,STATIONARY,STATIONARY,STATIONARY,STATIONARY,MOVING
110979,3283,0.00220498,0.00853801,0.00087764,0.00138610,0.00462892,0.00443187,RELIABLE,RELIABLE,RELIABLE,RELIABLE,PARTIAL,PARTIAL,STATIONARY,MOVING,STATIONARY,STATIONARY,STATIONARY,STATIONARY,MOVING
111012,3284,0.00236017,0.00679146,0.00080677,0.00161326,0.00553778,0.00525011,RELIABLE,RELIABLE,RELIABLE,RELIABLE,PARTIAL,PARTIAL,STATIONARY,MOVING,STATIONARY,STATIONARY,STATIONARY,STATIONARY,MOVING
111043,3285,0.00216124,0.00569597,0.00100334,0.00179909,0.00593486,0.00501444,RELIABLE,RELIABLE,RELIABLE,RELIABLE,PARTIAL,PARTIAL,STATIONARY,MOVING,STATIONARY,STATIONARY,STATIONARY,STATIONARY,MOVING
111075,3286,0.00197554,0.00608863,0.00089187,0.00166187,0.00586190,0.00421526,RELIABLE,RELIABLE,RELIABLE,RELIABLE,PARTIAL,PARTIAL,STATIONARY,MOVING,STATIONARY,STATIONARY,STATIONARY,STATIONARY,MOVING
111107,3287,0.00196950,0.00696874,0.00119531,0.00166435,0.00578992,0.00446871,RELIABLE,RELIABLE,RELIABLE,RELIABLE,PARTIAL,PARTIAL,STATIONARY,MOVING,STATIONARY,STATIONARY,STATIONARY,STATIONARY,MOVING
111139,3288,0.00226920,0.00874539,0.00158498,0.00180939,0.00612061,0.00574039,RELIABLE,RELIABLE,RELIABLE,RELIABLE,PARTIAL,PARTIAL,STATIONARY,MOVING,STATIONARY,STATIONARY,STATIONARY,STATIONARY,MOVING
111171,3289,0.00229044,0.01097968,0.00173735,0.00205065,0.00644126,0.00592807,RELIABLE,RELIABLE,RELIABLE,RELIABLE,PARTIAL,PARTIAL,STATIONARY,MOVING,STATIONARY,STATIONARY,STATIONARY,STATIONARY,MOVING
111219,3290,0.00191325,0.01281666,0.00190985,0.00181230,0.00617846,0.00488153,RELIABLE,RELIABLE,RELIABLE,RELIABLE,PARTIAL,PARTIAL,STATIONARY,MOVING,STATIONARY,STATIONARY,STATIONARY,STATIONARY,MOVING
111251,3291,0.00196328,0.01433136,0.00204982,0.00205418,0.00640172,0.00560400,RELIABLE,RELIABLE,RELIABLE,RELIABLE,PARTIAL,PARTIAL,STATIONARY,MOVING,STATIONARY,STATIONARY,STATIONARY,STATIONARY,MOVING
111282,3292,0.00186760,0.01608393,0.00195739,0.00181521,0.00555614,0.00468305,RELIABLE,RELIABLE,RELIABLE,RELIABLE,PARTIAL,PARTIAL,STATIONARY,MOVING,STATIONARY,STATIONARY,STATIONARY,STATIONARY,MOVING
111316,3293,0.00180978,0.01667300,0.00179983,0.00153640,0.00457733,0.00474334,RELIABLE,RELIABLE,RELIABLE,RELIABLE,PARTIAL,PARTIAL,STATIONARY,MOVING,STATIONARY,STATIONARY,STATIONARY,STATIONARY,MOVING
111347,3294,0.00199700,0.01620642,0.00185146,0.00157261,0.00387454,0.00463900,RELIABLE,RELIABLE,RELIABLE,RELIABLE,PARTIAL,PARTIAL,STATIONARY,MOVING,STATIONARY,STATIONARY,STATIONARY,STATIONARY,MOVING
111379,3295,0.00158887,0.01510843,0.00172089,0.00167939,0.00352662,0.00515004,RELIABLE,RELIABLE,RELIABLE,RELIABLE,PARTIAL,PARTIAL,STATIONARY,MOVING,STATIONARY,STATIONARY,STATIONARY,STATIONARY,MOVING
111412,3296,0.00122898,0.01406348,0.00145321,0.00159706,0.00336387,0.00426733,RELIABLE,RELIABLE,RELIABLE,RELIABLE,PARTIAL,PARTIAL,STATIONARY,MOVING,STATIONARY,STATIONARY,STATIONARY,STATIONARY,MOVING
111443,3297,0.00112522,0.01242641,0.00152266,0.00143213,0.00300551,0.00411251,RELIABLE,RELIABLE,RELIABLE,RELIABLE,PARTIAL,PARTIAL,STATIONARY,MOVING,STATIONARY,STATIONARY,STATIONARY,STATIONARY,MOVING
111475,3298,0.00120791,0.01099853,0.00167600,0.00139504,0.00214493,0.00497980,RELIABLE,RELIABLE,RELIABLE,RELIABLE,PARTIAL,PARTIAL,STATIONARY,MOVING,STATIONARY,STATIONARY,STATIONARY,STATIONARY,MOVING
111507,3299,0.00129206,0.00935365,0.00162142,0.00141430,0.00276091,0.00449149,RELIABLE,RELIABLE,RELIABLE,RELIABLE,PARTIAL,PARTIAL,STATIONARY,MOVING,STATIONARY,STATIONARY,STATIONARY,STATIONARY,MOVING
111539,3300,0.00112056,0.00732375,0.00168804,0.00137270,0.00294432,0.00441450,RELIABLE,RELIABLE,RELIABLE,RELIABLE,PARTIAL,PARTIAL,STATIONARY,MOVING,STATIONARY,STATIONARY,STATIONARY,STATIONARY,MOVING
111587,3301,0.00116238,0.00589701,0.00174998,0.00135959,0.00268506,0.00414730,RELIABLE,RELIABLE,RELIABLE,RELIABLE,PARTIAL,PARTIAL,STATIONARY,MOVING,STATIONARY,STATIONARY,STATIONARY,STATIONARY,MOVING
111619,3302,0.00113014,0.00483820,0.00170642,0.00127963,0.00270678,0.00396168,RELIABLE,RELIABLE,RELIABLE,RELIABLE,PARTIAL,PARTIAL,STATIONARY,MOVING,STATIONARY,STATIONARY,STATIONARY,STATIONARY,MOVING
111651,3303,0.00108392,0.00474465,0.00182143,0.00113765,0.00248737,0.00310421,RELIABLE,RELIABLE,RELIABLE,RELIABLE,PARTIAL,PARTIAL,STATIONARY,MOVING,STATIONARY,STATIONARY,STATIONARY,STATIONARY,MOVING
111683,3304,0.00113672,0.00402992,0.00164580,0.00113817,0.00225223,0.00293593,RELIABLE,RELIABLE,RELIABLE,RELIABLE,PARTIAL,PARTIAL,STATIONARY,MOVING,STATIONARY,STATIONARY,STATIONARY,STATIONARY,MOVING
111716,3305,0.00122073,0.00499088,0.00186054,0.00106293,0.00247464,0.00272139,RELIABLE,RELIABLE,RELIABLE,RELIABLE,PARTIAL,PARTIAL,STATIONARY,MOVING,STATIONARY,STATIONARY,STATIONARY,STATIONARY,MOVING
111747,3306,0.00113416,0.00642889,0.00144669,0.00098051,0.00233581,0.00190855,RELIABLE,RELIABLE,RELIABLE,RELIABLE,PARTIAL,PARTIAL,STATIONARY,MOVING,STATIONARY,STATIONARY,STATIONARY,STATIONARY,MOVING
111779,3307,0.00091919,0.00917436,0.00157158,0.00086674,0.00175132,0.00187258,RELIABLE,RELIABLE,RELIABLE,RELIABLE,PARTIAL,PARTIAL,STATIONARY,MOVING,STATIONARY,STATIONARY,STATIONARY,STATIONARY,MOVING
111811,3308,0.00102739,0.01139481,0.00171133,0.00095547,0.00152631,0.00208721,RELIABLE,RELIABLE,RELIABLE,RELIABLE,PARTIAL,PARTIAL,STATIONARY,MOVING,STATIONARY,STATIONARY,STATIONARY,STATIONARY,MOVING
111843,3309,0.00080465,0.01416879,0.00171641,0.00092206,0.00167502,0.00198845,RELIABLE,RELIABLE,RELIABLE,RELIABLE,PARTIAL,PARTIAL,STATIONARY,MOVING,STATIONARY,STATIONARY,STATIONARY,STATIONARY,MOVING
111875,3310,0.00069654,0.01612174,0.00196879,0.00106181,0.00250886,0.00214070,RELIABLE,RELIABLE,RELIABLE,RELIABLE,PARTIAL,PARTIAL,STATIONARY,MOVING,STATIONARY,STATIONARY,STATIONARY,STATIONARY,MOVING
111907,3311,0.00069377,0.01840330,0.00191546,0.00112626,0.00248527,0.00203056,RELIABLE,RELIABLE,RELIABLE,RELIABLE,PARTIAL,PARTIAL,STATIONARY,MOVING,STATIONARY,STATIONARY,STATIONARY,STATIONARY,MOVING
111939,3312,0.00065213,0.01994943,0.00195340,0.00113292,0.00246756,0.00179446,RELIABLE,RELIABLE,RELIABLE,RELIABLE,PARTIAL,PARTIAL,STATIONARY,MOVING,STATIONARY,STATIONARY,STATIONARY,STATIONARY,MOVING
111988,3313,0.00057277,0.01969999,0.00174439,0.00118957,0.00220092,0.00202374,RELIABLE,RELIABLE,RELIABLE,RELIABLE,PARTIAL,PARTIAL,STATIONARY,MOVING,STATIONARY,STATIONARY,STATIONARY,STATIONARY,MOVING
112019,3314,0.00050248,0.01856427,0.00223194,0.00137052,0.00230390,0.00307929,RELIABLE,RELIABLE,RELIABLE,RELIABLE,PARTIAL,PARTIAL,STATIONARY,MOVING,STATIONARY,STATIONARY,STATIONARY,STATIONARY,MOVING
112051,3315,0.00049160,0.01605083,0.00222093,0.00122192,0.00206730,0.00278271,RELIABLE,RELIABLE,RELIABLE,RELIABLE,PARTIAL,PARTIAL,STATIONARY,MOVING,STATIONARY,STATIONARY,STATIONARY,STATIONARY,MOVING
112083,3316,0.00045115,0.01390452,0.00202554,0.00123161,0.00239489,0.00282370,RELIABLE,RELIABLE,RELIABLE,RELIABLE,PARTIAL,PARTIAL,STATIONARY,MOVING,STATIONARY,STATIONARY,STATIONARY,STATIONARY,MOVING
112115,3317,0.00044908,0.01110376,0.00187607,0.00125088,0.00222881,0.00280508,RELIABLE,RELIABLE,RELIABLE,RELIABLE,PARTIAL,PARTIAL,STATIONARY,MOVING,STATIONARY,STATIONARY,STATIONARY,STATIONARY,MOVING
112147,3318,0.00046213,0.00920068,0.00159568,0.00117058,0.00142830,0.00275978,RELIABLE,RELIABLE,RELIABLE,RELIABLE,PARTIAL,PARTIAL,STATIONARY,MOVING,STATIONARY,STATIONARY,STATIONARY,STATIONARY,MOVING
112180,3319,0.00076219,0.00698247,0.00158923,0.00112471,0.00140240,0.00270970,RELIABLE,RELIABLE,RELIABLE,RELIABLE,PARTIAL,PARTIAL,STATIONARY,MOVING,STATIONARY,STATIONARY,STATIONARY,STATIONARY,MOVING
112211,3320,0.00073172,0.00634414,0.00163537,0.00113339,0.00151444,0.00278919,RELIABLE,RELIABLE,RELIABLE,RELIABLE,PARTIAL,PARTIAL,STATIONARY,MOVING,STATIONARY,STATIONARY,STATIONARY,STATIONARY,MOVING
112243,3321,0.00078002,0.00723550,0.00207452,0.00115966,0.00179903,0.00278233,RELIABLE,RELIABLE,RELIABLE,RELIABLE,PARTIAL,PARTIAL,STATIONARY,MOVING,STATIONARY,STATIONARY,STATIONARY,STATIONARY,MOVING
112275,3322,0.00078462,0.00839727,0.00174981,0.00096556,0.00163986,0.00184490,RELIABLE,RELIABLE,RELIABLE,RELIABLE,PARTIAL,PARTIAL,STATIONARY,MOVING,STATIONARY,STATIONARY,STATIONARY,STATIONARY,MOVING
112307,3323,0.00086672,0.01089325,0.00218264,0.00103696,0.00174831,0.00202427,RELIABLE,RELIABLE,RELIABLE,RELIABLE,PARTIAL,PARTIAL,STATIONARY,MOVING,STATIONARY,STATIONARY,STATIONARY,STATIONARY,MOVING
112355,3324,0.00078076,0.01284693,0.00225986,0.00097789,0.00138761,0.00196598,RELIABLE,RELIABLE,RELIABLE,RELIABLE,PARTIAL,PARTIAL,STATIONARY,MOVING,STATIONARY,STATIONARY,STATIONARY,STATIONARY,MOVING
112387,3325,0.00077314,0.01477141,0.00224175,0.00106598,0.00239930,0.00268354,RELIABLE,RELIABLE,RELIABLE,RELIABLE,PARTIAL,PARTIAL,STATIONARY,MOVING,STATIONARY,STATIONARY,STATIONARY,STATIONARY,MOVING
112419,3326,0.00073608,0.01701854,0.00226842,0.00113550,0.00246247,0.00291139,RELIABLE,RELIABLE,RELIABLE,RELIABLE,PARTIAL,PARTIAL,STATIONARY,MOVING,STATIONARY,STATIONARY,STATIONARY,STATIONARY,MOVING
112451,3327,0.00042893,0.01826506,0.00203297,0.00119280,0.00280985,0.00307061,RELIABLE,RELIABLE,RELIABLE,RELIABLE,PARTIAL,PARTIAL,STATIONARY,MOVING,STATIONARY,STATIONARY,STATIONARY,STATIONARY,MOVING
112483,3328,0.00060493,0.01779231,0.00218409,0.00121846,0.00279216,0.00295912,RELIABLE,RELIABLE,RELIABLE,RELIABLE,PARTIAL,PARTIAL,STATIONARY,MOVING,STATIONARY,STATIONARY,STATIONARY,STATIONARY,MOVING
112515,3329,0.00055230,0.01621005,0.00154347,0.00121041,0.00229361,0.00268423,RELIABLE,RELIABLE,RELIABLE,RELIABLE,PARTIAL,PARTIAL,STATIONARY,MOVING,STATIONARY,STATIONARY,STATIONARY,STATIONARY,MOVING
112547,3330,0.00061034,0.01478371,0.00139534,0.00124950,0.00234582,0.00249395,RELIABLE,RELIABLE,RELIABLE,RELIABLE,PARTIAL,PARTIAL,STATIONARY,MOVING,STATIONARY,STATIONARY,STATIONARY,STATIONARY,MOVING
112579,3331,0.00050367,0.01220962,0.00157090,0.00122408,0.00219943,0.00228517,RELIABLE,RELIABLE,RELIABLE,RELIABLE,PARTIAL,PARTIAL,STATIONARY,MOVING,STATIONARY,STATIONARY,STATIONARY,STATIONARY,MOVING
112611,3332,0.00072040,0.01035137,0.00168001,0.00136577,0.00220172,0.00225067,RELIABLE,RELIABLE,RELIABLE,RELIABLE,PARTIAL,PARTIAL,STATIONARY,MOVING,STATIONARY,STATIONARY,STATIONARY,STATIONARY,MOVING
112644,3333,0.00079654,0.00830667,0.00217967,0.00124782,0.00141462,0.00146168,RELIABLE,RELIABLE,RELIABLE,RELIABLE,PARTIAL,PARTIAL,STATIONARY,MOVING,STATIONARY,STATIONARY,STATIONARY,STATIONARY,MOVING
112676,3334,0.00092242,0.00582964,0.00228582,0.00118149,0.00129409,0.00116998,RELIABLE,RELIABLE,RELIABLE,RELIABLE,PARTIAL,PARTIAL,STATIONARY,MOVING,STATIONARY,STATIONARY,STATIONARY,STATIONARY,MOVING
112707,3335,0.00103944,0.00408731,0.00232914,0.00110995,0.00101379,0.00168148,RELIABLE,RELIABLE,RELIABLE,RELIABLE,PARTIAL,PARTIAL,STATIONARY,MOVING,STATIONARY,STATIONARY,STATIONARY,STATIONARY,MOVING
112756,3336,0.00091122,0.00347033,0.00216265,0.00102268,0.00106833,0.00176762,RELIABLE,RELIABLE,RELIABLE,RELIABLE,PARTIAL,PARTIAL,STATIONARY,MOVING,STATIONARY,STATIONARY,STATIONARY,STATIONARY,MOVING
112787,3337,0.00096221,0.00298316,0.00214624,0.00088118,0.00106204,0.00150946,RELIABLE,RELIABLE,RELIABLE,RELIABLE,PARTIAL,PARTIAL,STATIONARY,MOVING,STATIONARY,STATIONARY,STATIONARY,STATIONARY,MOVING
112819,3338,0.00105143,0.00311010,0.00213320,0.00082815,0.00099253,0.00152971,RELIABLE,RELIABLE,RELIABLE,RELIABLE,PARTIAL,PARTIAL,STATIONARY,MOVING,STATIONARY,STATIONARY,STATIONARY,STATIONARY,MOVING
112852,3339,0.00121061,0.00470289,0.00133845,0.00080122,0.00104140,0.00169754,RELIABLE,RELIABLE,RELIABLE,RELIABLE,PARTIAL,PARTIAL,STATIONARY,MOVING,STATIONARY,STATIONARY,STATIONARY,STATIONARY,MOVING
112884,3340,0.00117942,0.00724823,0.00133857,0.00084980,0.00103170,0.00197548,RELIABLE,RELIABLE,RELIABLE,RELIABLE,PARTIAL,PARTIAL,STATIONARY,MOVING,STATIONARY,STATIONARY,STATIONARY,STATIONARY,MOVING
112916,3341,0.00122928,0.00918896,0.00117932,0.00094541,0.00095230,0.00279652,RELIABLE,RELIABLE,RELIABLE,RELIABLE,PARTIAL,PARTIAL,STATIONARY,MOVING,STATIONARY,STATIONARY,STATIONARY,STATIONARY,MOVING
112947,3342,0.00147445,0.01116672,0.00108951,0.00137141,0.00187283,0.00401655,RELIABLE,RELIABLE,RELIABLE,RELIABLE,PARTIAL,PARTIAL,STATIONARY,MOVING,STATIONARY,STATIONARY,STATIONARY,STATIONARY,MOVING
112979,3343,0.00143207,0.01336598,0.00123428,0.00147863,0.00187871,0.00414673,RELIABLE,RELIABLE,RELIABLE,RELIABLE,PARTIAL,PARTIAL,STATIONARY,MOVING,STATIONARY,STATIONARY,STATIONARY,STATIONARY,MOVING
113011,3344,0.00143399,0.01457481,0.00133662,0.00181651,0.00245068,0.00474626,RELIABLE,RELIABLE,RELIABLE,RELIABLE,PARTIAL,PARTIAL,STATIONARY,MOVING,STATIONARY,STATIONARY,STATIONARY,STATIONARY,MOVING
113043,3345,0.00133122,0.01643244,0.00160574,0.00197565,0.00254406,0.00543959,RELIABLE,RELIABLE,RELIABLE,RELIABLE,PARTIAL,PARTIAL,STATIONARY,MOVING,STATIONARY,STATIONARY,STATIONARY,STATIONARY,MOVING
113075,3346,0.00118776,0.01701896,0.00177547,0.00204555,0.00266308,0.00604036,RELIABLE,RELIABLE,RELIABLE,RELIABLE,PARTIAL,PARTIAL,STATIONARY,MOVING,STATIONARY,STATIONARY,STATIONARY,STATIONARY,MOVING
113124,3347,0.00102616,0.01644711,0.00195562,0.00221172,0.00286408,0.00653315,RELIABLE,RELIABLE,RELIABLE,RELIABLE,PARTIAL,PARTIAL,STATIONARY,MOVING,STATIONARY,STATIONARY,STATIONARY,STATIONARY,MOVING
113156,3348,0.00086435,0.01444779,0.00193603,0.00204129,0.00295973,0.00632116,RELIABLE,RELIABLE,RELIABLE,RELIABLE,PARTIAL,PARTIAL,STATIONARY,MOVING,STATIONARY,STATIONARY,STATIONARY,STATIONARY,MOVING
113187,3349,0.00085619,0.01279062,0.00163182,0.00187734,0.00282581,0.00550554,RELIABLE,RELIABLE,RELIABLE,RELIABLE,PARTIAL,PARTIAL,STATIONARY,MOVING,STATIONARY,STATIONARY,STATIONARY,STATIONARY,MOVING
113219,3350,0.00052223,0.01090356,0.00170582,0.00138693,0.00185728,0.00437235,RELIABLE,RELIABLE,RELIABLE,RELIABLE,PARTIAL,PARTIAL,STATIONARY,MOVING,STATIONARY,STATIONARY,STATIONARY,STATIONARY,MOVING
113251,3351,0.00051910,0.00872067,0.00185406,0.00127529,0.00179323,0.00381052,RELIABLE,RELIABLE,RELIABLE,RELIABLE,PARTIAL,PARTIAL,STATIONARY,MOVING,STATIONARY,STATIONARY,STATIONARY,STATIONARY,MOVING
113284,3352,0.00065947,0.00755208,0.00173635,0.00116726,0.00158484,0.00426657,RELIABLE,RELIABLE,RELIABLE,RELIABLE,PARTIAL,PARTIAL,STATIONARY,MOVING,STATIONARY,STATIONARY,STATIONARY,STATIONARY,MOVING
113315,3353,0.00069572,0.00570122,0.00177835,0.00117944,0.00161280,0.00371714,RELIABLE,RELIABLE,RELIABLE,RELIABLE,PARTIAL,PARTIAL,STATIONARY,MOVING,STATIONARY,STATIONARY,STATIONARY,STATIONARY,MOVING
113347,3354,0.00084743,0.00461025,0.00164694,0.00127269,0.00192391,0.00402089,RELIABLE,RELIABLE,RELIABLE,RELIABLE,PARTIAL,PARTIAL,STATIONARY,MOVING,STATIONARY,STATIONARY,STATIONARY,STATIONARY,MOVING
113379,3355,0.00109630,0.00394185,0.00174170,0.00138286,0.00198822,0.00397545,RELIABLE,RELIABLE,RELIABLE,RELIABLE,PARTIAL,PARTIAL,STATIONARY,MOVING,STATIONARY,STATIONARY,STATIONARY,STATIONARY,MOVING
113411,3356,0.00115916,0.00457870,0.00172913,0.00150998,0.00196103,0.00443669,RELIABLE,RELIABLE,RELIABLE,RELIABLE,PARTIAL,PARTIAL,STATIONARY,MOVING,STATIONARY,STATIONARY,STATIONARY,STATIONARY,MOVING
113443,3357,0.00118704,0.00590740,0.00189791,0.00169265,0.00200802,0.00451104,RELIABLE,RELIABLE,RELIABLE,RELIABLE,PARTIAL,PARTIAL,STATIONARY,MOVING,STATIONARY,STATIONARY,STATIONARY,STATIONARY,MOVING
113475,3358,0.00114583,0.00720144,0.00191415,0.00190280,0.00215746,0.00469768,RELIABLE,RELIABLE,RELIABLE,RELIABLE,PARTIAL,PARTIAL,STATIONARY,MOVING,STATIONARY,STATIONARY,STATIONARY,STATIONARY,MOVING
113524,3359,0.00150404,0.00883007,0.00167355,0.00218475,0.00319066,0.00550727,RELIABLE,RELIABLE,RELIABLE,RELIABLE,PARTIAL,PARTIAL,STATIONARY,MOVING,STATIONARY,STATIONARY,STATIONARY,STATIONARY,MOVING
113556,3360,0.00159058,0.01030450,0.00198163,0.00216211,0.00289452,0.00489704,RELIABLE,RELIABLE,RELIABLE,RELIABLE,PARTIAL,PARTIAL,STATIONARY,MOVING,STATIONARY,STATIONARY,STATIONARY,STATIONARY,MOVING
113587,3361,0.00191042,0.01179976,0.00174046,0.00218314,0.00289740,0.00516777,RELIABLE,RELIABLE,RELIABLE,RELIABLE,PARTIAL,PARTIAL,STATIONARY,MOVING,STATIONARY,STATIONARY,STATIONARY,STATIONARY,MOVING
113619,3362,0.00207001,0.01302281,0.00205244,0.00230049,0.00289744,0.00509536,RELIABLE,RELIABLE,RELIABLE,RELIABLE,PARTIAL,PARTIAL,STATIONARY,MOVING,STATIONARY,STATIONARY,STATIONARY,STATIONARY,MOVING
113652,3363,0.00182488,0.01303459,0.00187805,0.00219781,0.00283847,0.00479329,RELIABLE,RELIABLE,RELIABLE,RELIABLE,PARTIAL,PARTIAL,STATIONARY,MOVING,STATIONARY,STATIONARY,STATIONARY,STATIONARY,MOVING
113685,3364,0.00182738,0.01219110,0.00197176,0.00212974,0.00280995,0.00497406,RELIABLE,RELIABLE,RELIABLE,RELIABLE,PARTIAL,PARTIAL,STATIONARY,MOVING,STATIONARY,STATIONARY,STATIONARY,STATIONARY,MOVING
113717,3365,0.00199068,0.01058290,0.00192490,0.00204611,0.00272566,0.00497963,RELIABLE,RELIABLE,RELIABLE,RELIABLE,PARTIAL,PARTIAL,STATIONARY,MOVING,STATIONARY,STATIONARY,STATIONARY,STATIONARY,MOVING
113747,3366,0.00203778,0.00917129,0.00192334,0.00198247,0.00263359,0.00476369,RELIABLE,RELIABLE,RELIABLE,RELIABLE,PARTIAL,PARTIAL,STATIONARY,MOVING,STATIONARY,STATIONARY,STATIONARY,STATIONARY,MOVING
113779,3367,0.00174619,0.00765683,0.00195084,0.00170854,0.00169100,0.00375051,RELIABLE,RELIABLE,RELIABLE,RELIABLE,PARTIAL,PARTIAL,STATIONARY,MOVING,STATIONARY,STATIONARY,STATIONARY,STATIONARY,MOVING
113810,3368,0.00172263,0.00606224,0.00188759,0.00157779,0.00153089,0.00314976,RELIABLE,RELIABLE,RELIABLE,RELIABLE,PARTIAL,PARTIAL,STATIONARY,MOVING,STATIONARY,STATIONARY,STATIONARY,STATIONARY,MOVING
113843,3369,0.00166393,0.00457755,0.00202341,0.00154725,0.00153471,0.00295498,RELIABLE,RELIABLE,RELIABLE,RELIABLE,PARTIAL,PARTIAL,STATIONARY,MOVING,STATIONARY,STATIONARY,STATIONARY,STATIONARY,MOVING
113875,3370,0.00155592,0.00329492,0.00196407,0.00152321,0.00176508,0.00325596,RELIABLE,RELIABLE,RELIABLE,RELIABLE,PARTIAL,PARTIAL,STATIONARY,MOVING,STATIONARY,STATIONARY,STATIONARY,STATIONARY,MOVING
113924,3371,0.00162514,0.00352782,0.00221074,0.00159098,0.00154595,0.00334698,RELIABLE,RELIABLE,RELIABLE,RELIABLE,PARTIAL,PARTIAL,STATIONARY,MOVING,STATIONARY,STATIONARY,STATIONARY,STATIONARY,MOVING
113955,3372,0.00183006,0.00443389,0.00195556,0.00165967,0.00205817,0.00262171,RELIABLE,RELIABLE,RELIABLE,RELIABLE,PARTIAL,PARTIAL,STATIONARY,MOVING,STATIONARY,STATIONARY,STATIONARY,STATIONARY,MOVING
113987,3373,0.00155111,0.00632934,0.00210236,0.00174600,0.00218931,0.00261274,RELIABLE,RELIABLE,RELIABLE,RELIABLE,PARTIAL,PARTIAL,STATIONARY,MOVING,STATIONARY,STATIONARY,STATIONARY,STATIONARY,MOVING
114019,3374,0.00157093,0.00790508,0.00226297,0.00173975,0.00267098,0.00297362,RELIABLE,RELIABLE,RELIABLE,RELIABLE,PARTIAL,PARTIAL,STATIONARY,MOVING,STATIONARY,STATIONARY,STATIONARY,STATIONARY,MOVING
114051,3375,0.00147014,0.00891911,0.00231241,0.00180649,0.00264955,0.00308961,RELIABLE,RELIABLE,RELIABLE,RELIABLE,PARTIAL,PARTIAL,STATIONARY,MOVING,STATIONARY,STATIONARY,STATIONARY,STATIONARY,MOVING
114083,3376,0.00181818,0.00970473,0.00229227,0.00223917,0.00435016,0.00507224,RELIABLE,RELIABLE,RELIABLE,RELIABLE,PARTIAL,PARTIAL,STATIONARY,MOVING,STATIONARY,STATIONARY,STATIONARY,STATIONARY,MOVING
114115,3377,0.00214199,0.01022852,0.00226717,0.00227201,0.00517780,0.00578096,RELIABLE,RELIABLE,RELIABLE,RELIABLE,PARTIAL,PARTIAL,STATIONARY,MOVING,STATIONARY,STATIONARY,STATIONARY,STATIONARY,MOVING
114148,3378,0.00209426,0.01069183,0.00229828,0.00210536,0.00477558,0.00501774,RELIABLE,RELIABLE,RELIABLE,RELIABLE,PARTIAL,PARTIAL,STATIONARY,MOVING,STATIONARY,STATIONARY,STATIONARY,STATIONARY,MOVING
114179,3379,0.00226334,0.01013578,0.00214568,0.00189500,0.00499468,0.00463505,RELIABLE,RELIABLE,RELIABLE,RELIABLE,PARTIAL,PARTIAL,STATIONARY,MOVING,STATIONARY,STATIONARY,STATIONARY,STATIONARY,MOVING
114211,3380,0.00241379,0.00910431,0.00271519,0.00197052,0.00450960,0.00457645,RELIABLE,RELIABLE,RELIABLE,RELIABLE,PARTIAL,PARTIAL,STATIONARY,MOVING,STATIONARY,STATIONARY,STATIONARY,STATIONARY,MOVING
114243,3381,0.00297207,0.00736995,0.00261618,0.00219300,0.00483726,0.00469888,RELIABLE,RELIABLE,RELIABLE,RELIABLE,PARTIAL,PARTIAL,STATIONARY,MOVING,STATIONARY,STATIONARY,STATIONARY,STATIONARY,MOVING
114291,3382,0.00348394,0.00597753,0.00257724,0.00252026,0.00497760,0.00509413,RELIABLE,RELIABLE,RELIABLE,RELIABLE,PARTIAL,PARTIAL,STATIONARY,MOVING,STATIONARY,STATIONARY,STATIONARY,STATIONARY,MOVING
114323,3383,0.00375523,0.00479508,0.00288884,0.00273259,0.00523115,0.00544942,RELIABLE,RELIABLE,RELIABLE,RELIABLE,PARTIAL,PARTIAL,STATIONARY,MOVING,STATIONARY,STATIONARY,STATIONARY,STATIONARY,MOVING
114355,3384,0.00352798,0.00501794,0.00287348,0.00405254,0.00586257,0.00712497,RELIABLE,RELIABLE,RELIABLE,RELIABLE,PARTIAL,PARTIAL,STATIONARY,MOVING,STATIONARY,STATIONARY,STATIONARY,STATIONARY,MOVING
114388,3385,0.00304781,0.00440868,0.00283621,0.00433940,0.00577790,0.00721705,RELIABLE,RELIABLE,RELIABLE,RELIABLE,PARTIAL,PARTIAL,STATIONARY,MOVING,STATIONARY,STATIONARY,STATIONARY,STATIONARY,MOVING
114419,3386,0.00369821,0.00436004,0.00278521,0.00486488,0.00566544,0.00753714,PARTIAL,RELIABLE,RELIABLE,RELIABLE,PARTIAL,PARTIAL,STATIONARY,MOVING,STATIONARY,STATIONARY,STATIONARY,STATIONARY,MOVING
114451,3387,,0.01640302,0.01367096,0.01053903,0.00983890,0.01268101,UNRELIABLE,RELIABLE,RELIABLE,RELIABLE,PARTIAL,PARTIAL,UNCERTAIN,MOVING,STATIONARY,STATIONARY,STATIONARY,STATIONARY,MOVING
114484,3388,,0.03931036,0.04023330,0.01979181,0.01370981,0.01594379,UNRELIABLE,RELIABLE,RELIABLE,RELIABLE,PARTIAL,PARTIAL,UNCERTAIN,MOVING,STATIONARY,STATIONARY,STATIONARY,STATIONARY,MOVING
114515,3389,,0.04041538,0.04187648,0.02070774,0.01443663,0.01715723,UNRELIABLE,RELIABLE,RELIABLE,RELIABLE,PARTIAL,PARTIAL,UNCERTAIN,MOVING,MOVING,STATIONARY,STATIONARY,MOVING,MOVING
114547,3390,,0.04050689,0.04257240,0.02066687,0.01411363,0.01658640,UNRELIABLE,RELIABLE,RELIABLE,RELIABLE,PARTIAL,PARTIAL,UNCERTAIN,MOVING,MOVING,MOVING,MOVING,MOVING,MOVING
114579,3391,,0.04161825,0.04310691,0.02098587,0.01382751,0.01645413,UNRELIABLE,RELIABLE,RELIABLE,RELIABLE,PARTIAL,PARTIAL,UNCERTAIN,MOVING,MOVING,MOVING,MOVING,MOVING,MOVING
114611,3392,,0.04135634,0.04503794,0.02078078,0.01218670,0.01306113,UNRELIABLE,RELIABLE,RELIABLE,RELIABLE,PARTIAL,PARTIAL,UNCERTAIN,MOVING,MOVING,MOVING,MOVING,MOVING,MOVING
114643,3393,,0.04266311,0.04591746,0.02119858,0.01235321,0.01255085,UNRELIABLE,RELIABLE,RELIABLE,RELIABLE,PARTIAL,PARTIAL,UNCERTAIN,MOVING,MOVING,MOVING,MOVING,MOVING,MOVING
114691,3394,,0.04268320,0.04716134,0.02163432,0.01249351,0.01289268,UNRELIABLE,RELIABLE,RELIABLE,RELIABLE,PARTIAL,PARTIAL,UNCERTAIN,MOVING,MOVING,MOVING,MOVING,MOVING,MOVING
114723,3395,,0.03081559,0.03738581,0.01655335,0.00858587,0.00807708,UNRELIABLE,RELIABLE,RELIABLE,RELIABLE,PARTIAL,PARTIAL,UNCERTAIN,MOVING,MOVING,MOVING,MOVING,MOVING,MOVING
114755,3396,,0.00839801,0.01222894,0.00808209,0.00503194,0.00612185,UNRELIABLE,RELIABLE,RELIABLE,RELIABLE,PARTIAL,PARTIAL,UNCERTAIN,MOVING,MOVING,MOVING,MOVING,MOVING,MOVING
114788,3397,,0.00813688,0.01240470,0.00804363,0.00479103,0.00639984,UNRELIABLE,RELIABLE,RELIABLE,RELIABLE,PARTIAL,PARTIAL,UNCERTAIN,MOVING,MOVING,MOVING,MOVING,MOVING,MOVING
114820,3398,,0.02055232,0.02521155,0.01249925,0.00865470,0.00686273,UNRELIABLE,RELIABLE,RELIABLE,RELIABLE,PARTIAL,PARTIAL,UNCERTAIN,MOVING,MOVING,MOVING,MOVING,MOVING,MOVING
114851,3399,,0.03311263,0.03456547,0.01867932,0.01629024,0.00930360,UNRELIABLE,RELIABLE,RELIABLE,RELIABLE,PARTIAL,PARTIAL,UNCERTAIN,MOVING,MOVING,MOVING,MOVING,MOVING,MOVING
114884,3400,,0.04686790,0.04612618,0.02286413,0.02171419,0.01561344,UNRELIABLE,RELIABLE,PARTIAL,PARTIAL,PARTIAL,PARTIAL,UNCERTAIN,MOVING,MOVING,MOVING,MOVING,MOVING,MOVING
114916,3401,,0.07686895,0.07359606,0.02525185,0.02326821,0.01680890,UNRELIABLE,PARTIAL,RELIABLE,PARTIAL,PARTIAL,PARTIAL,UNCERTAIN,MOVING,MOVING,MOVING,MOVING,MOVING,MOVING
114948,3402,,0.08175967,0.07741959,0.02505356,0.02466920,0.01749957,UNRELIABLE,PARTIAL,PARTIAL,PARTIAL,PARTIAL,PARTIAL,UNCERTAIN,MOVING,MOVING,MOVING,MOVING,MOVING,MOVING
114979,3403,,0.09285388,0.08756350,0.02766485,0.02634333,0.02047887,UNRELIABLE,PARTIAL,PARTIAL,PARTIAL,PARTIAL,PARTIAL,UNCERTAIN,MOVING,MOVING,MOVING,MOVING,MOVING,MOVING
115011,3404,,0.09570536,0.09101788,0.02856185,0.02708118,0.02119294,UNRELIABLE,PARTIAL,PARTIAL,PARTIAL,PARTIAL,PARTIAL,UNCERTAIN,MOVING,MOVING,MOVING,MOVING,MOVING,MOVING
115060,3405,,0.09589052,0.09215315,0.02832667,0.02771089,0.02113919,UNRELIABLE,PARTIAL,PARTIAL,PARTIAL,PARTIAL,PARTIAL,UNCERTAIN,MOVING,MOVING,MOVING,MOVING,MOVING,MOVING
115091,3406,,0.13874388,0.11404127,0.03081996,0.02902438,0.02526665,UNRELIABLE,PARTIAL,PARTIAL,PARTIAL,PARTIAL,PARTIAL,UNCERTAIN,MOVING,MOVING,MOVING,MOVING,MOVING,MOVING
115124,3407,,,,,,,UNRELIABLE,UNRELIABLE,UNRELIABLE,UNRELIABLE,UNRELIABLE,UNRELIABLE,UNCERTAIN,UNCERTAIN,UNCERTAIN,UNCERTAIN,UNCERTAIN,UNCERTAIN,UNCERTAIN
115155,3408,,,,,,,UNRELIABLE,UNRELIABLE,UNRELIABLE,UNRELIABLE,UNRELIABLE,UNRELIABLE,UNCERTAIN,UNCERTAIN,UNCERTAIN,UNCERTAIN,UNCERTAIN,UNCERTAIN,UNCERTAIN
115188,3409,,,,,,,UNRELIABLE,UNRELIABLE,UNRELIABLE,UNRELIABLE,UNRELIABLE,UNRELIABLE,UNCERTAIN,UNCERTAIN,UNCERTAIN,UNCERTAIN,UNCERTAIN,UNCERTAIN,UNCERTAIN
115219,3410,,,,,,,UNRELIABLE,UNRELIABLE,UNRELIABLE,UNRELIABLE,UNRELIABLE,UNRELIABLE,UNCERTAIN,UNCERTAIN,UNCERTAIN,UNCERTAIN,UNCERTAIN,UNCERTAIN,UNCERTAIN
115251,3411,,,,,,,UNRELIABLE,UNRELIABLE,UNRELIABLE,UNRELIABLE,UNRELIABLE,UNRELIABLE,UNCERTAIN,UNCERTAIN,UNCERTAIN,UNCERTAIN,UNCERTAIN,UNCERTAIN,UNCERTAIN
115284,3412,,,,,,,UNRELIABLE,UNRELIABLE,UNRELIABLE,UNRELIABLE,UNRELIABLE,UNRELIABLE,UNCERTAIN,UNCERTAIN,UNCERTAIN,UNCERTAIN,UNCERTAIN,UNCERTAIN,UNCERTAIN
115315,3413,,,,,,,UNRELIABLE,UNRELIABLE,UNRELIABLE,UNRELIABLE,UNRELIABLE,UNRELIABLE,UNCERTAIN,UNCERTAIN,UNCERTAIN,UNCERTAIN,UNCERTAIN,UNCERTAIN,UNCERTAIN
115347,3414,,,,,,,UNRELIABLE,UNRELIABLE,UNRELIABLE,UNRELIABLE,UNRELIABLE,UNRELIABLE,UNCERTAIN,UNCERTAIN,UNCERTAIN,UNCERTAIN,UNCERTAIN,UNCERTAIN,UNCERTAIN
115379,3415,,,,,,,UNRELIABLE,UNRELIABLE,UNRELIABLE,UNRELIABLE,UNRELIABLE,UNRELIABLE,UNCERTAIN,UNCERTAIN,UNCERTAIN,UNCERTAIN,UNCERTAIN,UNCERTAIN,UNCERTAIN
115411,3416,,,,,,,UNRELIABLE,UNRELIABLE,UNRELIABLE,UNRELIABLE,UNRELIABLE,UNRELIABLE,UNCERTAIN,UNCERTAIN,UNCERTAIN,UNCERTAIN,UNCERTAIN,UNCERTAIN,UNCERTAIN
121020,3584,0.00391650,0.00636306,0.00333730,0.00321319,,0.00283443,RELIABLE,RELIABLE,PARTIAL,RELIABLE,UNRELIABLE,PARTIAL,MOVING,MOVING,STATIONARY,STATIONARY,UNCERTAIN,STATIONARY,MOVING
121051,3585,0.00298829,0.00595766,0.00324301,0.00290378,,0.00260733,RELIABLE,RELIABLE,PARTIAL,RELIABLE,UNRELIABLE,PARTIAL,MOVING,MOVING,STATIONARY,STATIONARY,UNCERTAIN,STATIONARY,MOVING
121083,3586,0.00294235,0.00524314,0.00305031,0.00260402,,0.00253892,RELIABLE,RELIABLE,PARTIAL,RELIABLE,UNRELIABLE,PARTIAL,MOVING,MOVING,STATIONARY,STATIONARY,UNCERTAIN,STATIONARY,MOVING
121123,3587,0.00306720,0.00446492,0.00322336,0.00264862,,0.00272150,RELIABLE,RELIABLE,PARTIAL,RELIABLE,UNRELIABLE,PARTIAL,MOVING,MOVING,STATIONARY,STATIONARY,UNCERTAIN,STATIONARY,MOVING
121155,3588,0.00297594,0.00443083,0.00298050,0.00266853,,0.00299054,RELIABLE,RELIABLE,PARTIAL,RELIABLE,UNRELIABLE,PARTIAL,STATIONARY,MOVING,STATIONARY,STATIONARY,UNCERTAIN,STATIONARY,MOVING
121187,3589,0.00304225,0.00399210,0.00295462,0.00254516,,0.00300526,RELIABLE,RELIABLE,PARTIAL,RELIABLE,UNRELIABLE,PARTIAL,STATIONARY,MOVING,STATIONARY,STATIONARY,UNCERTAIN,STATIONARY,MOVING
121235,3590,0.00272424,0.00418486,0.00307525,0.00246127,,0.00279043,RELIABLE,RELIABLE,PARTIAL,RELIABLE,UNRELIABLE,PARTIAL,STATIONARY,MOVING,STATIONARY,STATIONARY,UNCERTAIN,STATIONARY,MOVING
121258,3591,0.00231071,0.00413765,0.00270677,0.00222600,,0.00246383,RELIABLE,RELIABLE,PARTIAL,RELIABLE,UNRELIABLE,PARTIAL,STATIONARY,MOVING,STATIONARY,STATIONARY,UNCERTAIN,STATIONARY,MOVING
121290,3592,0.00225632,0.00430629,0.00253601,0.00200698,,0.00235440,RELIABLE,RELIABLE,PARTIAL,RELIABLE,UNRELIABLE,PARTIAL,STATIONARY,STATIONARY,STATIONARY,STATIONARY,UNCERTAIN,STATIONARY,STATIONARY
121322,3593,0.00300748,0.00642647,0.00236117,0.00178950,,0.00218970,RELIABLE,RELIABLE,PARTIAL,RELIABLE,UNRELIABLE,PARTIAL,STATIONARY,STATIONARY,STATIONARY,STATIONARY,UNCERTAIN,STATIONARY,STATIONARY
121354,3594,0.00320640,0.00929175,0.00212066,0.00148839,,0.00191679,RELIABLE,RELIABLE,PARTIAL,RELIABLE,UNRELIABLE,PARTIAL,STATIONARY,STATIONARY,STATIONARY,STATIONARY,UNCERTAIN,STATIONARY,STATIONARY
121385,3595,0.00325129,0.01232542,0.00233681,0.00119916,,0.00143465,RELIABLE,RELIABLE,PARTIAL,RELIABLE,UNRELIABLE,PARTIAL,STATIONARY,STATIONARY,STATIONARY,STATIONARY,UNCERTAIN,STATIONARY,STATIONARY
121415,3596,0.00372497,0.01571533,0.00274687,0.00115967,,0.00142479,RELIABLE,RELIABLE,PARTIAL,RELIABLE,UNRELIABLE,PARTIAL,STATIONARY,STATIONARY,STATIONARY,STATIONARY,UNCERTAIN,STATIONARY,STATIONARY
121447,3597,0.00491981,0.01794441,0.00320861,0.00126862,,0.00155663,RELIABLE,RELIABLE,PARTIAL,RELIABLE,UNRELIABLE,PARTIAL,STATIONARY,MOVING,STATIONARY,STATIONARY,UNCERTAIN,STATIONARY,MOVING
121479,3598,0.00538998,0.01942632,0.00306708,0.00127043,0.00000000,0.00133569,RELIABLE,RELIABLE,PARTIAL,RELIABLE,PARTIAL,PARTIAL,STATIONARY,MOVING,STATIONARY,STATIONARY,STATIONARY,STATIONARY,MOVING
121523,3599,0.00662534,0.02212088,0.00378955,0.00170068,0.00066642,0.00203667,RELIABLE,RELIABLE,PARTIAL,RELIABLE,PARTIAL,PARTIAL,STATIONARY,MOVING,STATIONARY,STATIONARY,STATIONARY,STATIONARY,MOVING
121555,3600,0.00807374,0.02241911,0.00503951,0.00200857,0.00138011,0.00269862,RELIABLE,RELIABLE,PARTIAL,RELIABLE,PARTIAL,PARTIAL,STATIONARY,MOVING,STATIONARY,STATIONARY,STATIONARY,STATIONARY,MOVING
121603,3601,0.00925260,0.02133772,0.00564568,0.00241484,0.00525033,0.00412189,PARTIAL,RELIABLE,RELIABLE,RELIABLE,PARTIAL,PARTIAL,STATIONARY,MOVING,STATIONARY,STATIONARY,STATIONARY,STATIONARY,MOVING
121635,3602,,0.01907282,0.00617385,0.00274947,0.00421401,0.00415420,UNRELIABLE,RELIABLE,RELIABLE,RELIABLE,PARTIAL,PARTIAL,UNCERTAIN,MOVING,STATIONARY,STATIONARY,STATIONARY,STATIONARY,MOVING
121663,3603,,0.01586709,0.00592914,0.00281063,0.00347614,0.00445879,UNRELIABLE,RELIABLE,RELIABLE,RELIABLE,PARTIAL,PARTIAL,UNCERTAIN,MOVING,STATIONARY,STATIONARY,STATIONARY,STATIONARY,MOVING
121695,3604,,0.01327405,0.00564081,0.00294633,0.00318707,0.00426992,UNRELIABLE,RELIABLE,RELIABLE,RELIABLE,PARTIAL,PARTIAL,UNCERTAIN,MOVING,STATIONARY,STATIONARY,STATIONARY,STATIONARY,MOVING
121726,3605,,0.01510418,0.00595665,0.00331172,0.00429360,0.00413713,UNRELIABLE,RELIABLE,RELIABLE,RELIABLE,PARTIAL,PARTIAL,UNCERTAIN,MOVING,STATIONARY,STATIONARY,STATIONARY,STATIONARY,MOVING
121757,3606,,0.01607734,0.00774692,0.00395489,0.00415004,0.00415584,UNRELIABLE,RELIABLE,RELIABLE,RELIABLE,PARTIAL,PARTIAL,UNCERTAIN,MOVING,STATIONARY,STATIONARY,STATIONARY,STATIONARY,MOVING
121789,3607,,0.01431768,0.00930906,0.00427023,0.00443866,0.00358686,UNRELIABLE,RELIABLE,RELIABLE,RELIABLE,PARTIAL,PARTIAL,UNCERTAIN,MOVING,STATIONARY,STATIONARY,STATIONARY,STATIONARY,MOVING
121820,3608,,0.01526916,0.00922507,0.00490732,0.00490859,0.00332683,UNRELIABLE,RELIABLE,RELIABLE,RELIABLE,PARTIAL,PARTIAL,UNCERTAIN,MOVING,STATIONARY,STATIONARY,STATIONARY,STATIONARY,MOVING
121851,3609,,0.01457921,0.00892727,0.00506562,0.00355878,0.00225666,UNRELIABLE,RELIABLE,RELIABLE,RELIABLE,PARTIAL,PARTIAL,UNCERTAIN,MOVING,STATIONARY,STATIONARY,STATIONARY,STATIONARY,MOVING
121882,3610,,0.01414901,0.00880712,0.00508204,0.00353920,0.00227382,UNRELIABLE,RELIABLE,RELIABLE,RELIABLE,PARTIAL,PARTIAL,UNCERTAIN,MOVING,STATIONARY,STATIONARY,STATIONARY,STATIONARY,MOVING
121923,3611,,0.01574075,0.00916104,0.00537609,0.00354906,0.00199638,UNRELIABLE,RELIABLE,RELIABLE,RELIABLE,PARTIAL,PARTIAL,UNCERTAIN,MOVING,STATIONARY,STATIONARY,STATIONARY,STATIONARY,MOVING
121955,3612,,0.01526637,0.00941732,0.00532774,0.00370238,0.00234280,UNRELIABLE,RELIABLE,RELIABLE,RELIABLE,PARTIAL,PARTIAL,UNCERTAIN,MOVING,STATIONARY,STATIONARY,STATIONARY,STATIONARY,MOVING
122002,3613,,0.01202960,0.00933326,0.00512754,0.00259633,0.00237568,UNRELIABLE,RELIABLE,RELIABLE,RELIABLE,PARTIAL,PARTIAL,UNCERTAIN,MOVING,STATIONARY,STATIONARY,STATIONARY,STATIONARY,MOVING
122035,3614,,0.00962694,0.00826200,0.00473207,0.00273383,0.00249516,UNRELIABLE,RELIABLE,RELIABLE,RELIABLE,PARTIAL,PARTIAL,UNCERTAIN,MOVING,STATIONARY,STATIONARY,STATIONARY,STATIONARY,MOVING
122053,3615,,0.00911904,0.00647984,0.00413746,0.00264083,0.00244468,UNRELIABLE,RELIABLE,RELIABLE,RELIABLE,PARTIAL,PARTIAL,UNCERTAIN,MOVING,STATIONARY,STATIONARY,STATIONARY,STATIONARY,MOVING
122084,3616,,0.00725208,0.00591438,0.00340206,0.00234716,0.00198452,UNRELIABLE,RELIABLE,RELIABLE,RELIABLE,PARTIAL,PARTIAL,UNCERTAIN,MOVING,STATIONARY,STATIONARY,STATIONARY,STATIONARY,MOVING
122115,3617,,0.00707399,0.00617902,0.00320838,0.00234061,0.00213333,UNRELIABLE,RELIABLE,RELIABLE,RELIABLE,PARTIAL,PARTIAL,UNCERTAIN,MOVING,STATIONARY,STATIONARY,STATIONARY,STATIONARY,MOVING
122146,3618,,0.00709843,0.00607853,0.00317496,0.00251291,0.00227768,UNRELIABLE,RELIABLE,RELIABLE,RELIABLE,PARTIAL,PARTIAL,UNCERTAIN,MOVING,STATIONARY,STATIONARY,STATIONARY,STATIONARY,MOVING
122177,3619,,0.00634835,0.00615447,0.00297732,0.00270542,0.00234641,UNRELIABLE,RELIABLE,RELIABLE,RELIABLE,PARTIAL,PARTIAL,UNCERTAIN,MOVING,STATIONARY,STATIONARY,STATIONARY,STATIONARY,MOVING
122209,3620,,0.00636640,0.00576944,0.00280027,0.00263268,0.00206295,UNRELIABLE,RELIABLE,RELIABLE,RELIABLE,PARTIAL,PARTIAL,UNCERTAIN,MOVING,STATIONARY,STATIONARY,STATIONARY,STATIONARY,MOVING
122241,3621,,0.00609744,0.00528229,0.00281539,0.00302373,0.00209602,UNRELIABLE,RELIABLE,RELIABLE,RELIABLE,PARTIAL,PARTIAL,UNCERTAIN,MOVING,STATIONARY,STATIONARY,STATIONARY,STATIONARY,MOVING
122272,3622,,0.00611472,0.00476954,0.00321827,0.00460427,0.00286947,UNRELIABLE,RELIABLE,RELIABLE,RELIABLE,PARTIAL,PARTIAL,UNCERTAIN,MOVING,STATIONARY,STATIONARY,STATIONARY,STATIONARY,MOVING
122323,3623,,0.01334610,0.00561054,0.00457713,0.00897309,0.00475433,UNRELIABLE,RELIABLE,RELIABLE,RELIABLE,PARTIAL,PARTIAL,UNCERTAIN,MOVING,STATIONARY,STATIONARY,STATIONARY,STATIONARY,MOVING
122372,3624,,0.01481969,0.00565847,0.00480109,0.01053289,0.00652257,UNRELIABLE,RELIABLE,RELIABLE,RELIABLE,PARTIAL,PARTIAL,UNCERTAIN,MOVING,STATIONARY,STATIONARY,STATIONARY,STATIONARY,MOVING
122404,3625,,0.01796379,0.00563316,0.00534666,0.01133423,0.00749756,UNRELIABLE,RELIABLE,RELIABLE,RELIABLE,PARTIAL,PARTIAL,UNCERTAIN,MOVING,STATIONARY,STATIONARY,STATIONARY,STATIONARY,MOVING
122429,3626,,0.03068214,0.00906818,0.00771281,0.01452397,0.01113842,UNRELIABLE,RELIABLE,RELIABLE,RELIABLE,PARTIAL,PARTIAL,UNCERTAIN,MOVING,STATIONARY,STATIONARY,STATIONARY,STATIONARY,MOVING
122460,3627,,0.03434470,0.01099609,0.00812261,0.01510351,0.01149749,UNRELIABLE,RELIABLE,RELIABLE,RELIABLE,PARTIAL,PARTIAL,UNCERTAIN,MOVING,STATIONARY,STATIONARY,STATIONARY,STATIONARY,MOVING
122492,3628,,0.04092075,0.01214853,0.00866287,0.01531938,0.01208558,UNRELIABLE,RELIABLE,RELIABLE,RELIABLE,PARTIAL,PARTIAL,UNCERTAIN,MOVING,STATIONARY,STATIONARY,MOVING,STATIONARY,MOVING
122524,3629,,0.07090259,0.04500064,0.02179612,0.02314397,0.01954433,UNRELIABLE,RELIABLE,RELIABLE,RELIABLE,PARTIAL,PARTIAL,UNCERTAIN,MOVING,STATIONARY,STATIONARY,MOVING,STATIONARY,MOVING
122555,3630,,0.08336950,0.06885792,0.02617571,0.02495836,0.02150062,UNRELIABLE,RELIABLE,RELIABLE,RELIABLE,PARTIAL,PARTIAL,UNCERTAIN,MOVING,MOVING,STATIONARY,MOVING,MOVING,MOVING
122587,3631,,0.09015272,0.07485236,0.02890167,0.02173844,0.02075784,UNRELIABLE,RELIABLE,RELIABLE,RELIABLE,PARTIAL,PARTIAL,UNCERTAIN,MOVING,MOVING,MOVING,MOVING,MOVING,MOVING
122618,3632,,0.09096158,0.07561481,0.03019860,0.02199410,0.01984738,UNRELIABLE,RELIABLE,RELIABLE,RELIABLE,PARTIAL,PARTIAL,UNCERTAIN,MOVING,MOVING,MOVING,MOVING,MOVING,MOVING
122650,3633,,0.08836026,0.07580491,0.02977581,0.02197104,0.01891998,UNRELIABLE,RELIABLE,RELIABLE,RELIABLE,PARTIAL,PARTIAL,UNCERTAIN,MOVING,MOVING,MOVING,MOVING,MOVING,MOVING
122682,3634,,0.08904685,0.07792206,0.03038139,0.02030204,0.01648689,UNRELIABLE,RELIABLE,RELIABLE,RELIABLE,PARTIAL,PARTIAL,UNCERTAIN,MOVING,MOVING,MOVING,MOVING,MOVING,MOVING
122723,3635,,0.10271049,0.09991650,0.03801751,0.02092859,0.02008732,UNRELIABLE,RELIABLE,RELIABLE,RELIABLE,PARTIAL,PARTIAL,UNCERTAIN,MOVING,MOVING,MOVING,MOVING,MOVING,MOVING
122771,3636,0.00000000,0.09702171,0.10399011,0.03830705,0.02065878,0.02047616,RELIABLE,RELIABLE,RELIABLE,RELIABLE,PARTIAL,PARTIAL,STATIONARY,MOVING,MOVING,MOVING,MOVING,MOVING,MOVING
122803,3637,0.00700613,0.06710809,0.07296159,0.02596693,0.01346183,0.01435912,RELIABLE,RELIABLE,RELIABLE,RELIABLE,PARTIAL,PARTIAL,STATIONARY,MOVING,MOVING,MOVING,MOVING,MOVING,MOVING
122823,3638,0.00436505,0.05679391,0.05979754,0.02259660,0.01027330,0.01200799,RELIABLE,RELIABLE,RELIABLE,RELIABLE,PARTIAL,PARTIAL,STATIONARY,MOVING,MOVING,MOVING,MOVING,MOVING,MOVING
122854,3639,0.00526879,0.07502717,0.07503638,0.03046076,0.01703820,0.01860120,RELIABLE,RELIABLE,RELIABLE,RELIABLE,PARTIAL,PARTIAL,STATIONARY,MOVING,MOVING,MOVING,MOVING,MOVING,MOVING
122885,3640,0.00608680,0.10154093,0.10239535,0.03852375,0.01951697,0.02198291,RELIABLE,RELIABLE,RELIABLE,RELIABLE,PARTIAL,PARTIAL,STATIONARY,MOVING,MOVING,MOVING,MOVING,MOVING,MOVING
122917,3641,0.00567885,0.11359756,0.12576302,0.04409411,0.02013790,0.02168766,RELIABLE,RELIABLE,RELIABLE,RELIABLE,PARTIAL,PARTIAL,STATIONARY,MOVING,MOVING,MOVING,MOVING,MOVING,MOVING
122950,3642,0.00596397,0.11912709,0.12392353,0.04629709,0.02579770,0.02466707,RELIABLE,RELIABLE,RELIABLE,RELIABLE,PARTIAL,PARTIAL,STATIONARY,MOVING,MOVING,MOVING,MOVING,MOVING,MOVING
122980,3643,0.00589153,0.10282505,0.09950935,0.03956237,0.02708636,0.02259670,RELIABLE,RELIABLE,RELIABLE,RELIABLE,PARTIAL,PARTIAL,STATIONARY,MOVING,MOVING,MOVING,MOVING,MOVING,MOVING
123012,3644,0.00573881,0.10233198,0.09451384,0.03933774,0.02765131,0.02170850,RELIABLE,RELIABLE,RELIABLE,RELIABLE,PARTIAL,PARTIAL,STATIONARY,MOVING,MOVING,MOVING,MOVING,MOVING,MOVING
123043,3645,0.00531785,0.10245351,0.09279866,0.03863225,0.02764614,0.02037515,RELIABLE,RELIABLE,RELIABLE,RELIABLE,PARTIAL,PARTIAL,STATIONARY,MOVING,MOVING,MOVING,MOVING,MOVING,MOVING
123075,3646,0.00549962,0.09993142,0.08217801,0.03725082,0.02826654,0.02056934,RELIABLE,RELIABLE,RELIABLE,RELIABLE,PARTIAL,PARTIAL,STATIONARY,MOVING,MOVING,MOVING,MOVING,MOVING,MOVING
123139,3647,0.00569895,0.06808946,0.06085684,0.02594020,0.02055649,0.01290949,RELIABLE,RELIABLE,RELIABLE,RELIABLE,PARTIAL,PARTIAL,STATIONARY,MOVING,MOVING,MOVING,MOVING,MOVING,MOVING
123171,3648,0.00492052,0.03899726,0.03230138,0.01637390,0.01638142,0.00892149,RELIABLE,RELIABLE,RELIABLE,RELIABLE,PARTIAL,PARTIAL,STATIONARY,MOVING,MOVING,MOVING,MOVING,MOVING,MOVING
123201,3649,0.00468866,0.02607451,0.00827329,0.01040478,0.01494577,0.00868192,RELIABLE,RELIABLE,RELIABLE,RELIABLE,PARTIAL,PARTIAL,STATIONARY,MOVING,MOVING,MOVING,MOVING,MOVING,MOVING
123233,3650,0.00390746,0.00679150,0.00450451,0.00508697,0.00785369,0.00426224,RELIABLE,RELIABLE,RELIABLE,RELIABLE,PARTIAL,PARTIAL,STATIONARY,MOVING,MOVING,MOVING,MOVING,MOVING,MOVING
123265,3651,0.00346578,0.00491766,0.00439523,0.00369027,0.00638292,0.00309634,RELIABLE,RELIABLE,RELIABLE,RELIABLE,PARTIAL,PARTIAL,STATIONARY,MOVING,MOVING,MOVING,MOVING,MOVING,MOVING
123297,3652,0.00317437,0.00404012,0.00399745,0.00313872,0.00641854,0.00373781,RELIABLE,RELIABLE,RELIABLE,RELIABLE,PARTIAL,PARTIAL,STATIONARY,MOVING,MOVING,MOVING,MOVING,MOVING,MOVING
123328,3653,0.00328077,0.00319147,0.00349496,0.00271972,0.00553076,0.00373170,RELIABLE,RELIABLE,RELIABLE,RELIABLE,PARTIAL,PARTIAL,STATIONARY,MOVING,MOVING,MOVING,MOVING,MOVING,MOVING
123360,3654,0.00299883,0.00291349,0.00374611,0.00242197,0.00448987,0.00303201,RELIABLE,RELIABLE,RELIABLE,RELIABLE,PARTIAL,PARTIAL,STATIONARY,MOVING,MOVING,MOVING,MOVING,MOVING,MOVING
123391,3655,0.00212889,0.00199290,0.00252891,0.00172482,0.00424286,0.00321496,RELIABLE,RELIABLE,RELIABLE,RELIABLE,PARTIAL,PARTIAL,STATIONARY,MOVING,MOVING,MOVING,MOVING,MOVING,MOVING
123422,3656,0.00212542,0.00168136,0.00231221,0.00153386,0.00387379,0.00297167,RELIABLE,RELIABLE,RELIABLE,RELIABLE,PARTIAL,PARTIAL,STATIONARY,MOVING,MOVING,MOVING,MOVING,MOVING,MOVING
123453,3657,0.00209505,0.00150118,0.00227230,0.00149905,0.00382953,0.00326759,RELIABLE,RELIABLE,RELIABLE,RELIABLE,PARTIAL,PARTIAL,STATIONARY,MOVING,STATIONARY,STATIONARY,MOVING,STATIONARY,MOVING
123484,3658,0.00218301,0.00140378,0.00194560,0.00136956,0.00351343,0.00328281,RELIABLE,RELIABLE,RELIABLE,RELIABLE,PARTIAL,PARTIAL,STATIONARY,STATIONARY,STATIONARY,STATIONARY,MOVING,STATIONARY,MOVING
123540,3659,0.00260578,0.00152780,0.00236431,0.00164579,0.00247937,0.00352354,RELIABLE,RELIABLE,RELIABLE,RELIABLE,PARTIAL,PARTIAL,STATIONARY,STATIONARY,STATIONARY,STATIONARY,MOVING,STATIONARY,MOVING
123571,3660,0.00262835,0.00162639,0.00267694,0.00180956,0.00177776,0.00280601,RELIABLE,RELIABLE,RELIABLE,RELIABLE,PARTIAL,PARTIAL,STATIONARY,STATIONARY,STATIONARY,STATIONARY,STATIONARY,STATIONARY,STATIONARY
123594,3661,0.00222118,0.00157501,0.00276313,0.00178401,0.00145361,0.00292590,RELIABLE,RELIABLE,RELIABLE,RELIABLE,PARTIAL,PARTIAL,STATIONARY,STATIONARY,STATIONARY,STATIONARY,STATIONARY,STATIONARY,STATIONARY
123625,3662,0.00246110,0.00179920,0.00232329,0.00180585,0.00141484,0.00308346,RELIABLE,RELIABLE,RELIABLE,RELIABLE,PARTIAL,PARTIAL,STATIONARY,STATIONARY,STATIONARY,STATIONARY,STATIONARY,STATIONARY,STATIONARY
123657,3663,0.00248468,0.00190654,0.00275588,0.00205004,0.00261371,0.00392077,RELIABLE,RELIABLE,RELIABLE,RELIABLE,PARTIAL,PARTIAL,STATIONARY,STATIONARY,STATIONARY,STATIONARY,STATIONARY,STATIONARY,STATIONARY
123689,3664,0.00265556,0.00213315,0.00285415,0.00218679,0.00310999,0.00414467,RELIABLE,RELIABLE,RELIABLE,RELIABLE,PARTIAL,PARTIAL,STATIONARY,STATIONARY,STATIONARY,STATIONARY,STATIONARY,STATIONARY,STATIONARY
123720,3665,0.00288557,0.00235899,0.00319798,0.00255172,0.00319281,0.00410802,RELIABLE,RELIABLE,RELIABLE,RELIABLE,PARTIAL,PARTIAL,STATIONARY,STATIONARY,STATIONARY,STATIONARY,STATIONARY,STATIONARY,STATIONARY
123753,3666,0.00294107,0.00273195,0.00341749,0.00268740,0.00340038,0.00436396,RELIABLE,RELIABLE,RELIABLE,RELIABLE,PARTIAL,PARTIAL,STATIONARY,STATIONARY,STATIONARY,STATIONARY,STATIONARY,STATIONARY,STATIONARY
123783,3667,0.00258904,0.00271716,0.00321377,0.00259025,0.00344289,0.00356501,RELIABLE,RELIABLE,RELIABLE,RELIABLE,PARTIAL,PARTIAL,STATIONARY,STATIONARY,STATIONARY,STATIONARY,STATIONARY,STATIONARY,STATIONARY
123814,3668,0.00248116,0.00271881,0.00314821,0.00262711,0.00365301,0.00356275,RELIABLE,RELIABLE,RELIABLE,RELIABLE,PARTIAL,PARTIAL,STATIONARY,STATIONARY,STATIONARY,STATIONARY,STATIONARY,STATIONARY,STATIONARY
123846,3669,0.00252809,0.00270497,0.00350140,0.00254639,0.00384100,0.00341377,RELIABLE,RELIABLE,RELIABLE,RELIABLE,PARTIAL,PARTIAL,STATIONARY,STATIONARY,STATIONARY,STATIONARY,STATIONARY,STATIONARY,STATIONARY
123879,3670,0.00232525,0.00250934,0.00368423,0.00253375,0.00380565,0.00339790,RELIABLE,RELIABLE,RELIABLE,RELIABLE,PARTIAL,PARTIAL,STATIONARY,STATIONARY,STATIONARY,STATIONARY,STATIONARY,STATIONARY,STATIONARY
123939,3671,0.00238687,0.00254190,0.00406391,0.00264609,0.00302239,0.00255269,RELIABLE,RELIABLE,RELIABLE,RELIABLE,PARTIAL,PARTIAL,STATIONARY,STATIONARY,STATIONARY,STATIONARY,STATIONARY,STATIONARY,STATIONARY
123959,3672,0.00201623,0.00226637,0.00401890,0.00238102,0.00238784,0.00223476,RELIABLE,RELIABLE,RELIABLE,RELIABLE,PARTIAL,PARTIAL,STATIONARY,STATIONARY,STATIONARY,STATIONARY,STATIONARY,STATIONARY,STATIONARY
123990,3673,0.00189252,0.00202598,0.00386835,0.00221953,0.00252202,0.00287143,RELIABLE,RELIABLE,RELIABLE,RELIABLE,PARTIAL,PARTIAL,STATIONARY,STATIONARY,STATIONARY,STATIONARY,STATIONARY,STATIONARY,STATIONARY
124022,3674,0.00190597,0.00161415,0.00380626,0.00214508,0.00240423,0.00261860,RELIABLE,RELIABLE,RELIABLE,RELIABLE,PARTIAL,PARTIAL,STATIONARY,STATIONARY,STATIONARY,STATIONARY,STATIONARY,STATIONARY,STATIONARY
124054,3675,0.00173852,0.00134071,0.00352727,0.00196275,0.00237440,0.00253319,RELIABLE,RELIABLE,RELIABLE,RELIABLE,PARTIAL,PARTIAL,STATIONARY,STATIONARY,STATIONARY,STATIONARY,STATIONARY,STATIONARY,STATIONARY
124086,3676,0.00184238,0.00108997,0.00324425,0.00168781,0.00208873,0.00243716,RELIABLE,RELIABLE,RELIABLE,RELIABLE,PARTIAL,PARTIAL,STATIONARY,STATIONARY,STATIONARY,STATIONARY,STATIONARY,STATIONARY,STATIONARY
124118,3677,0.00185476,0.00095308,0.00295900,0.00183670,0.00209881,0.00259696,RELIABLE,RELIABLE,RELIABLE,RELIABLE,PARTIAL,PARTIAL,STATIONARY,STATIONARY,STATIONARY,STATIONARY,STATIONARY,STATIONARY,STATIONARY
124150,3678,0.00172492,0.00082852,0.00264786,0.00167848,0.00191460,0.00236890,RELIABLE,RELIABLE,RELIABLE,RELIABLE,PARTIAL,PARTIAL,STATIONARY,STATIONARY,STATIONARY,STATIONARY,STATIONARY,STATIONARY,STATIONARY
124181,3679,0.00151319,0.00056111,0.00191948,0.00127695,0.00181614,0.00211311,RELIABLE,RELIABLE,RELIABLE,RELIABLE,PARTIAL,PARTIAL,STATIONARY,STATIONARY,STATIONARY,STATIONARY,STATIONARY,STATIONARY,STATIONARY
124212,3680,0.00144636,0.00046653,0.00194485,0.00128941,0.00183942,0.00212622,RELIABLE,RELIABLE,RELIABLE,RELIABLE,PARTIAL,PARTIAL,STATIONARY,STATIONARY,STATIONARY,STATIONARY,STATIONARY,STATIONARY,STATIONARY
124244,3681,0.00115054,0.00040668,0.00170184,0.00104871,0.00153575,0.00119175,RELIABLE,RELIABLE,RELIABLE,RELIABLE,PARTIAL,PARTIAL,STATIONARY,STATIONARY,STATIONARY,STATIONARY,STATIONARY,STATIONARY,STATIONARY
124275,3682,0.00097175,0.00036300,0.00151048,0.00091841,0.00149795,0.00110331,RELIABLE,RELIABLE,RELIABLE,RELIABLE,PARTIAL,PARTIAL,STATIONARY,STATIONARY,STATIONARY,STATIONARY,STATIONARY,STATIONARY,STATIONARY
124340,3683,0.00096361,0.00041094,0.00169281,0.00076236,0.00144155,0.00111694,RELIABLE,RELIABLE,RELIABLE,RELIABLE,PARTIAL,PARTIAL,STATIONARY,STATIONARY,STATIONARY,STATIONARY,STATIONARY,STATIONARY,STATIONARY
124369,3684,0.00067328,0.00038692,0.00167370,0.00068320,0.00146547,0.00108790,RELIABLE,RELIABLE,RELIABLE,RELIABLE,PARTIAL,PARTIAL,STATIONARY,STATIONARY,STATIONARY,STATIONARY,STATIONARY,STATIONARY,STATIONARY
124400,3685,0.00057077,0.00036817,0.00179665,0.00046713,0.00123523,0.00077479,RELIABLE,RELIABLE,RELIABLE,RELIABLE,PARTIAL,PARTIAL,STATIONARY,STATIONARY,STATIONARY,STATIONARY,STATIONARY,STATIONARY,STATIONARY
124432,3686,0.00062417,0.00035884,0.00251383,0.00055613,0.00207885,0.00098409,RELIABLE,RELIABLE,RELIABLE,RELIABLE,PARTIAL,PARTIAL,STATIONARY,STATIONARY,STATIONARY,STATIONARY,STATIONARY,STATIONARY,STATIONARY
124463,3687,0.00056265,0.00038172,0.00448321,0.00059224,0.00189270,0.00105541,RELIABLE,RELIABLE,RELIABLE,RELIABLE,PARTIAL,PARTIAL,STATIONARY,STATIONARY,STATIONARY,STATIONARY,STATIONARY,STATIONARY,STATIONARY
124494,3688,0.00055450,0.00049078,0.00627287,0.00063569,0.00220347,0.00110487,RELIABLE,RELIABLE,RELIABLE,RELIABLE,PARTIAL,PARTIAL,STATIONARY,STATIONARY,STATIONARY,STATIONARY,STATIONARY,STATIONARY,STATIONARY
124526,3689,0.00053037,0.00057609,0.00879266,0.00067040,0.00222673,0.00112897,RELIABLE,RELIABLE,RELIABLE,RELIABLE,PARTIAL,PARTIAL,STATIONARY,STATIONARY,STATIONARY,STATIONARY,STATIONARY,STATIONARY,STATIONARY
124558,3690,0.00043376,0.00062449,0.01071731,0.00077296,0.00263384,0.00122525,RELIABLE,RELIABLE,RELIABLE,RELIABLE,PARTIAL,PARTIAL,STATIONARY,STATIONARY,STATIONARY,STATIONARY,STATIONARY,STATIONARY,STATIONARY
124588,3691,0.00047047,0.00067461,0.01257303,0.00085872,0.00263598,0.00109254,RELIABLE,RELIABLE,RELIABLE,RELIABLE,PARTIAL,PARTIAL,STATIONARY,STATIONARY,STATIONARY,STATIONARY,STATIONARY,STATIONARY,STATIONARY
124620,3692,0.00056479,0.00089395,0.01595184,0.00107693,0.00276765,0.00159501,RELIABLE,RELIABLE,RELIABLE,RELIABLE,PARTIAL,PARTIAL,STATIONARY,STATIONARY,STATIONARY,STATIONARY,STATIONARY,STATIONARY,STATIONARY
124650,3693,0.00050011,0.00100678,0.01703833,0.00124919,0.00319953,0.00225622,RELIABLE,RELIABLE,RELIABLE,RELIABLE,PARTIAL,PARTIAL,STATIONARY,STATIONARY,MOVING,STATIONARY,STATIONARY,STATIONARY,MOVING
124682,3694,0.00047404,0.00113080,0.01871121,0.00124700,0.00243187,0.00215838,RELIABLE,RELIABLE,RELIABLE,RELIABLE,PARTIAL,PARTIAL,STATIONARY,STATIONARY,MOVING,STATIONARY,STATIONARY,STATIONARY,MOVING
124714,3695,0.00048133,0.00125443,0.01805307,0.00123696,0.00216562,0.00233573,RELIABLE,RELIABLE,RELIABLE,RELIABLE,PARTIAL,PARTIAL,STATIONARY,STATIONARY,MOVING,STATIONARY,STATIONARY,STATIONARY,MOVING
124745,3696,0.00048875,0.00122405,0.01715706,0.00123390,0.00195335,0.00255297,RELIABLE,RELIABLE,RELIABLE,RELIABLE,PARTIAL,PARTIAL,STATIONARY,STATIONARY,MOVING,STATIONARY,STATIONARY,STATIONARY,MOVING
124777,3697,0.00058527,0.00113238,0.01576193,0.00119296,0.00208456,0.00256822,RELIABLE,RELIABLE,RELIABLE,RELIABLE,PARTIAL,PARTIAL,STATIONARY,STATIONARY,MOVING,STATIONARY,STATIONARY,STATIONARY,MOVING
124809,3698,0.00073944,0.00106253,0.01429763,0.00115832,0.00222649,0.00307243,RELIABLE,RELIABLE,RELIABLE,RELIABLE,PARTIAL,PARTIAL,STATIONARY,STATIONARY,MOVING,STATIONARY,STATIONARY,STATIONARY,MOVING
124840,3699,0.00071916,0.00097034,0.01249196,0.00110178,0.00210799,0.00300931,RELIABLE,RELIABLE,RELIABLE,RELIABLE,PARTIAL,PARTIAL,STATIONARY,STATIONARY,MOVING,STATIONARY,STATIONARY,STATIONARY,MOVING
124872,3700,0.00069918,0.00076567,0.00950272,0.00091349,0.00223566,0.00242036,RELIABLE,RELIABLE,RELIABLE,RELIABLE,PARTIAL,PARTIAL,STATIONARY,STATIONARY,MOVING,STATIONARY,STATIONARY,STATIONARY,MOVING
124904,3701,0.00074922,0.00066524,0.00856164,0.00081750,0.00222522,0.00185398,RELIABLE,RELIABLE,RELIABLE,RELIABLE,PARTIAL,PARTIAL,STATIONARY,STATIONARY,MOVING,STATIONARY,STATIONARY,STATIONARY,MOVING
124936,3702,0.00087119,0.00055153,0.00675282,0.00077390,0.00212450,0.00198411,RELIABLE,RELIABLE,RELIABLE,RELIABLE,PARTIAL,PARTIAL,STATIONARY,STATIONARY,MOVING,STATIONARY,STATIONARY,STATIONARY,MOVING
124968,3703,0.00109379,0.00047340,0.00676851,0.00075833,0.00212397,0.00164693,RELIABLE,RELIABLE,RELIABLE,RELIABLE,PARTIAL,PARTIAL,STATIONARY,STATIONARY,MOVING,STATIONARY,STATIONARY,STATIONARY,MOVING
125000,3704,0.00125206,0.00048467,0.00710988,0.00084073,0.00198044,0.00133811,RELIABLE,RELIABLE,RELIABLE,RELIABLE,PARTIAL,PARTIAL,STATIONARY,STATIONARY,MOVING,STATIONARY,STATIONARY,STATIONARY,MOVING
125032,3705,0.00119836,0.00058931,0.00909657,0.00097695,0.00194798,0.00128830,RELIABLE,RELIABLE,RELIABLE,RELIABLE,PARTIAL,PARTIAL,STATIONARY,STATIONARY,MOVING,STATIONARY,STATIONARY,STATIONARY,MOVING
125075,3706,0.00112035,0.00070638,0.01086419,0.00107238,0.00151751,0.00074343,RELIABLE,RELIABLE,RELIABLE,RELIABLE,PARTIAL,PARTIAL,STATIONARY,STATIONARY,MOVING,STATIONARY,STATIONARY,STATIONARY,MOVING
125107,3707,0.00110125,0.00080185,0.01263665,0.00119910,0.00150818,0.00086683,RELIABLE,RELIABLE,RELIABLE,RELIABLE,PARTIAL,PARTIAL,STATIONARY,STATIONARY,MOVING,STATIONARY,STATIONARY,STATIONARY,MOVING
125139,3708,0.00119370,0.00090641,0.01623287,0.00146661,0.00128916,0.00164632,RELIABLE,RELIABLE,RELIABLE,RELIABLE,PARTIAL,PARTIAL,STATIONARY,STATIONARY,MOVING,STATIONARY,STATIONARY,STATIONARY,MOVING
125173,3709,0.00116866,0.00098435,0.01912733,0.00154476,0.00104392,0.00166529,RELIABLE,RELIABLE,RELIABLE,RELIABLE,PARTIAL,PARTIAL,STATIONARY,STATIONARY,MOVING,STATIONARY,STATIONARY,STATIONARY,MOVING
125205,3710,0.00112039,0.00118254,0.02090557,0.00152815,0.00139600,0.00207250,RELIABLE,RELIABLE,RELIABLE,RELIABLE,PARTIAL,PARTIAL,STATIONARY,STATIONARY,MOVING,STATIONARY,STATIONARY,STATIONARY,MOVING
125237,3711,0.00114525,0.00117580,0.02157602,0.00160835,0.00154233,0.00255398,RELIABLE,RELIABLE,RELIABLE,RELIABLE,PARTIAL,PARTIAL,STATIONARY,STATIONARY,MOVING,STATIONARY,STATIONARY,STATIONARY,MOVING
125268,3712,0.00105058,0.00122150,0.02218467,0.00150486,0.00163412,0.00261159,RELIABLE,RELIABLE,RELIABLE,RELIABLE,PARTIAL,PARTIAL,STATIONARY,STATIONARY,MOVING,STATIONARY,STATIONARY,STATIONARY,MOVING
125300,3713,0.00099070,0.00133431,0.02072700,0.00142038,0.00151886,0.00288123,RELIABLE,RELIABLE,RELIABLE,RELIABLE,PARTIAL,PARTIAL,STATIONARY,STATIONARY,MOVING,STATIONARY,STATIONARY,STATIONARY,MOVING
125332,3714,0.00091805,0.00131329,0.01973124,0.00130065,0.00151318,0.00289382,RELIABLE,RELIABLE,RELIABLE,RELIABLE,PARTIAL,PARTIAL,STATIONARY,STATIONARY,MOVING,STATIONARY,STATIONARY,STATIONARY,MOVING
125364,3715,0.00083610,0.00134599,0.01824282,0.00135224,0.00157088,0.00308941,RELIABLE,RELIABLE,RELIABLE,RELIABLE,PARTIAL,PARTIAL,STATIONARY,STATIONARY,MOVING,STATIONARY,STATIONARY,STATIONARY,MOVING
125395,3716,0.00082655,0.00135361,0.01482275,0.00127046,0.00167668,0.00244247,RELIABLE,RELIABLE,RELIABLE,RELIABLE,PARTIAL,PARTIAL,STATIONARY,STATIONARY,MOVING,STATIONARY,STATIONARY,STATIONARY,MOVING
125427,3717,0.00093420,0.00138993,0.01181062,0.00122630,0.00151421,0.00253428,RELIABLE,RELIABLE,RELIABLE,RELIABLE,PARTIAL,PARTIAL,STATIONARY,STATIONARY,MOVING,STATIONARY,STATIONARY,STATIONARY,MOVING
125475,3718,0.00125859,0.00128007,0.01018803,0.00134532,0.00146977,0.00200939,RELIABLE,RELIABLE,RELIABLE,RELIABLE,PARTIAL,PARTIAL,STATIONARY,STATIONARY,MOVING,STATIONARY,STATIONARY,STATIONARY,MOVING
125507,3719,0.00110999,0.00132508,0.00854842,0.00129112,0.00133563,0.00151257,RELIABLE,RELIABLE,RELIABLE,RELIABLE,PARTIAL,PARTIAL,STATIONARY,STATIONARY,MOVING,STATIONARY,STATIONARY,STATIONARY,MOVING
125539,3720,0.00114883,0.00126937,0.00822973,0.00135152,0.00148958,0.00175331,RELIABLE,RELIABLE,RELIABLE,RELIABLE,PARTIAL,PARTIAL,STATIONARY,STATIONARY,MOVING,STATIONARY,STATIONARY,STATIONARY,MOVING
125571,3721,0.00121847,0.00122080,0.00951646,0.00133506,0.00143917,0.00148310,RELIABLE,RELIABLE,RELIABLE,RELIABLE,PARTIAL,PARTIAL,STATIONARY,STATIONARY,MOVING,STATIONARY,STATIONARY,STATIONARY,MOVING
125604,3722,0.00134317,0.00117604,0.01117399,0.00145801,0.00149729,0.00178710,RELIABLE,RELIABLE,RELIABLE,RELIABLE,PARTIAL,PARTIAL,STATIONARY,STATIONARY,MOVING,STATIONARY,STATIONARY,STATIONARY,MOVING
125636,3723,0.00153755,0.00122378,0.01301474,0.00129260,0.00162544,0.00156700,RELIABLE,RELIABLE,RELIABLE,RELIABLE,PARTIAL,PARTIAL,STATIONARY,STATIONARY,MOVING,STATIONARY,STATIONARY,STATIONARY,MOVING
125667,3724,0.00142647,0.00122612,0.01534278,0.00115466,0.00164213,0.00169555,RELIABLE,RELIABLE,RELIABLE,RELIABLE,PARTIAL,PARTIAL,STATIONARY,STATIONARY,MOVING,STATIONARY,STATIONARY,STATIONARY,MOVING
125699,3725,0.00134675,0.00118998,0.01673372,0.00116876,0.00182065,0.00168243,RELIABLE,RELIABLE,RELIABLE,RELIABLE,PARTIAL,PARTIAL,STATIONARY,STATIONARY,MOVING,STATIONARY,STATIONARY,STATIONARY,MOVING
125731,3726,0.00092744,0.00124808,0.01797774,0.00109127,0.00165166,0.00181033,RELIABLE,RELIABLE,RELIABLE,RELIABLE,PARTIAL,PARTIAL,STATIONARY,STATIONARY,MOVING,STATIONARY,STATIONARY,STATIONARY,MOVING
125763,3727,0.00084715,0.00119902,0.01925483,0.00099092,0.00169458,0.00194231,RELIABLE,RELIABLE,RELIABLE,RELIABLE,PARTIAL,PARTIAL,STATIONARY,STATIONARY,MOVING,STATIONARY,STATIONARY,STATIONARY,MOVING
125796,3728,0.00074270,0.00120598,0.01936333,0.00094472,0.00151416,0.00174266,RELIABLE,RELIABLE,RELIABLE,RELIABLE,PARTIAL,PARTIAL,STATIONARY,STATIONARY,MOVING,STATIONARY,STATIONARY,STATIONARY,MOVING
125844,3729,0.00070326,0.00108017,0.01760952,0.00089994,0.00169674,0.00180756,RELIABLE,RELIABLE,RELIABLE,RELIABLE,PARTIAL,PARTIAL,STATIONARY,STATIONARY,MOVING,STATIONARY,STATIONARY,STATIONARY,MOVING
125876,3730,0.00058662,0.00111409,0.01544829,0.00083607,0.00145632,0.00153351,RELIABLE,RELIABLE,RELIABLE,RELIABLE,PARTIAL,PARTIAL,STATIONARY,STATIONARY,MOVING,STATIONARY,STATIONARY,STATIONARY,MOVING
125908,3731,0.00038169,0.00096079,0.01325031,0.00079469,0.00119321,0.00142645,RELIABLE,RELIABLE,RELIABLE,RELIABLE,PARTIAL,PARTIAL,STATIONARY,STATIONARY,MOVING,STATIONARY,STATIONARY,STATIONARY,MOVING
125939,3732,0.00036073,0.00083890,0.01083558,0.00080768,0.00098995,0.00137915,RELIABLE,RELIABLE,RELIABLE,RELIABLE,PARTIAL,PARTIAL,STATIONARY,STATIONARY,MOVING,STATIONARY,STATIONARY,STATIONARY,MOVING
125971,3733,0.00030689,0.00082020,0.00940579,0.00076032,0.00117411,0.00137529,RELIABLE,RELIABLE,RELIABLE,RELIABLE,PARTIAL,PARTIAL,STATIONARY,STATIONARY,MOVING,STATIONARY,STATIONARY,STATIONARY,MOVING
126004,3734,0.00030365,0.00068516,0.00774772,0.00066755,0.00152943,0.00118177,RELIABLE,RELIABLE,RELIABLE,RELIABLE,PARTIAL,PARTIAL,STATIONARY,STATIONARY,MOVING,STATIONARY,STATIONARY,STATIONARY,MOVING
126035,3735,0.00031751,0.00074843,0.00661408,0.00076873,0.00149850,0.00150896,RELIABLE,RELIABLE,RELIABLE,RELIABLE,PARTIAL,PARTIAL,STATIONARY,STATIONARY,MOVING,STATIONARY,STATIONARY,STATIONARY,MOVING
126067,3736,0.00042005,0.00069251,0.00527177,0.00074430,0.00153671,0.00152747,RELIABLE,RELIABLE,RELIABLE,RELIABLE,PARTIAL,PARTIAL,STATIONARY,STATIONARY,MOVING,STATIONARY,STATIONARY,STATIONARY,MOVING
126099,3737,0.00060190,0.00074070,0.00422375,0.00079656,0.00148543,0.00151985,RELIABLE,RELIABLE,RELIABLE,RELIABLE,PARTIAL,PARTIAL,STATIONARY,STATIONARY,MOVING,STATIONARY,STATIONARY,STATIONARY,MOVING
126131,3738,0.00066880,0.00071701,0.00389979,0.00080636,0.00162719,0.00158809,RELIABLE,RELIABLE,RELIABLE,RELIABLE,PARTIAL,PARTIAL,STATIONARY,STATIONARY,MOVING,STATIONARY,STATIONARY,STATIONARY,MOVING
126164,3739,0.00076931,0.00081918,0.00515236,0.00096958,0.00188834,0.00194848,RELIABLE,RELIABLE,RELIABLE,RELIABLE,PARTIAL,PARTIAL,STATIONARY,STATIONARY,MOVING,STATIONARY,STATIONARY,STATIONARY,MOVING
126195,3740,0.00081902,0.00097031,0.00783219,0.00094134,0.00189271,0.00175691,RELIABLE,RELIABLE,RELIABLE,RELIABLE,PARTIAL,PARTIAL,STATIONARY,STATIONARY,MOVING,STATIONARY,STATIONARY,STATIONARY,MOVING
126243,3741,0.00084004,0.00099432,0.00924683,0.00095884,0.00198133,0.00174911,RELIABLE,RELIABLE,RELIABLE,RELIABLE,PARTIAL,PARTIAL,STATIONARY,STATIONARY,MOVING,STATIONARY,STATIONARY,STATIONARY,MOVING
126275,3742,0.00095681,0.00109820,0.01114419,0.00098886,0.00160363,0.00207950,RELIABLE,RELIABLE,RELIABLE,RELIABLE,PARTIAL,PARTIAL,STATIONARY,STATIONARY,MOVING,STATIONARY,STATIONARY,STATIONARY,MOVING
126307,3743,0.00096256,0.00112933,0.01436524,0.00094097,0.00157560,0.00172223,RELIABLE,RELIABLE,RELIABLE,RELIABLE,PARTIAL,PARTIAL,STATIONARY,STATIONARY,MOVING,STATIONARY,STATIONARY,STATIONARY,MOVING
126343,3744,0.00086477,0.00114967,0.01641159,0.00108658,0.00201799,0.00168539,RELIABLE,RELIABLE,RELIABLE,RELIABLE,PARTIAL,PARTIAL,STATIONARY,STATIONARY,MOVING,STATIONARY,STATIONARY,STATIONARY,MOVING
126371,3745,0.00070608,0.00122956,0.01835834,0.00106901,0.00200488,0.00166002,RELIABLE,RELIABLE,RELIABLE,RELIABLE,PARTIAL,PARTIAL,STATIONARY,STATIONARY,MOVING,STATIONARY,STATIONARY,STATIONARY,MOVING
126403,3746,0.00066418,0.00123921,0.02057602,0.00107429,0.00192597,0.00165856,RELIABLE,RELIABLE,RELIABLE,RELIABLE,PARTIAL,PARTIAL,STATIONARY,STATIONARY,MOVING,STATIONARY,STATIONARY,STATIONARY,MOVING
126435,3747,0.00071418,0.00116010,0.02077255,0.00110658,0.00228125,0.00148637,RELIABLE,RELIABLE,RELIABLE,RELIABLE,PARTIAL,PARTIAL,STATIONARY,STATIONARY,MOVING,STATIONARY,STATIONARY,STATIONARY,MOVING
126467,3748,0.00073262,0.00111932,0.01862245,0.00119483,0.00245702,0.00160069,RELIABLE,RELIABLE,RELIABLE,RELIABLE,PARTIAL,PARTIAL,STATIONARY,STATIONARY,MOVING,STATIONARY,STATIONARY,STATIONARY,MOVING
126499,3749,0.00087673,0.00111117,0.01892675,0.00150036,0.00224825,0.00212214,RELIABLE,RELIABLE,RELIABLE,RELIABLE,PARTIAL,PARTIAL,STATIONARY,STATIONARY,MOVING,STATIONARY,STATIONARY,STATIONARY,MOVING
126531,3750,0.00077348,0.00114015,0.01664563,0.00150506,0.00221509,0.00192752,RELIABLE,RELIABLE,RELIABLE,RELIABLE,PARTIAL,PARTIAL,STATIONARY,STATIONARY,MOVING,STATIONARY,STATIONARY,STATIONARY,MOVING
126563,3751,0.00090205,0.00104450,0.01394818,0.00165794,0.00258848,0.00247965,RELIABLE,RELIABLE,RELIABLE,RELIABLE,PARTIAL,PARTIAL,STATIONARY,STATIONARY,MOVING,STATIONARY,STATIONARY,STATIONARY,MOVING
126611,3752,0.00092107,0.00101142,0.01256696,0.00157597,0.00218911,0.00257616,RELIABLE,RELIABLE,RELIABLE,RELIABLE,PARTIAL,PARTIAL,STATIONARY,STATIONARY,MOVING,STATIONARY,STATIONARY,STATIONARY,MOVING
126643,3753,0.00086863,0.00085072,0.01085775,0.00151804,0.00235712,0.00253783,RELIABLE,RELIABLE,RELIABLE,RELIABLE,PARTIAL,PARTIAL,STATIONARY,STATIONARY,MOVING,STATIONARY,STATIONARY,STATIONARY,MOVING
126675,3754,0.00105908,0.00078916,0.00976130,0.00143125,0.00226750,0.00246581,RELIABLE,RELIABLE,RELIABLE,RELIABLE,PARTIAL,PARTIAL,STATIONARY,STATIONARY,MOVING,STATIONARY,STATIONARY,STATIONARY,MOVING
126707,3755,0.00094439,0.00076330,0.01047318,0.00124730,0.00172700,0.00257414,RELIABLE,RELIABLE,RELIABLE,RELIABLE,PARTIAL,PARTIAL,STATIONARY,STATIONARY,MOVING,STATIONARY,STATIONARY,STATIONARY,MOVING
126739,3756,0.00094468,0.00076148,0.01226247,0.00116932,0.00151040,0.00256088,RELIABLE,RELIABLE,RELIABLE,RELIABLE,PARTIAL,PARTIAL,STATIONARY,STATIONARY,MOVING,STATIONARY,STATIONARY,STATIONARY,MOVING
126771,3757,0.00079679,0.00079287,0.01303110,0.00094419,0.00190215,0.00224013,RELIABLE,RELIABLE,RELIABLE,RELIABLE,PARTIAL,PARTIAL,STATIONARY,STATIONARY,MOVING,STATIONARY,STATIONARY,STATIONARY,MOVING
126803,3758,0.00076688,0.00082754,0.01626714,0.00093591,0.00189989,0.00204943,RELIABLE,RELIABLE,RELIABLE,RELIABLE,PARTIAL,PARTIAL,STATIONARY,STATIONARY,MOVING,STATIONARY,STATIONARY,STATIONARY,MOVING
126835,3759,0.00066442,0.00094479,0.01780341,0.00072767,0.00167885,0.00147051,RELIABLE,RELIABLE,RELIABLE,RELIABLE,PARTIAL,PARTIAL,STATIONARY,STATIONARY,MOVING,STATIONARY,STATIONARY,STATIONARY,MOVING
126867,3760,0.00081000,0.00108185,0.01726812,0.00061628,0.00154068,0.00135692,RELIABLE,RELIABLE,RELIABLE,RELIABLE,PARTIAL,PARTIAL,STATIONARY,STATIONARY,MOVING,STATIONARY,STATIONARY,STATIONARY,MOVING
126899,3761,0.00081370,0.00115122,0.01943759,0.00068078,0.00134603,0.00142297,RELIABLE,RELIABLE,RELIABLE,RELIABLE,PARTIAL,PARTIAL,STATIONARY,STATIONARY,MOVING,STATIONARY,STATIONARY,STATIONARY,MOVING
126931,3762,0.00059265,0.00121709,0.01907120,0.00072539,0.00160351,0.00142501,RELIABLE,RELIABLE,RELIABLE,RELIABLE,PARTIAL,PARTIAL,STATIONARY,STATIONARY,MOVING,STATIONARY,STATIONARY,STATIONARY,MOVING
126963,3763,0.00052791,0.00123621,0.01855400,0.00075707,0.00231505,0.00109070,RELIABLE,RELIABLE,RELIABLE,RELIABLE,PARTIAL,PARTIAL,STATIONARY,STATIONARY,MOVING,STATIONARY,STATIONARY,STATIONARY,MOVING
127011,3764,0.00043452,0.00118197,0.01697706,0.00087689,0.00311688,0.00152206,RELIABLE,RELIABLE,RELIABLE,RELIABLE,PARTIAL,PARTIAL,STATIONARY,STATIONARY,MOVING,STATIONARY,STATIONARY,STATIONARY,MOVING
127043,3765,0.00052289,0.00109282,0.01502756,0.00081806,0.00273564,0.00139726,RELIABLE,RELIABLE,RELIABLE,RELIABLE,PARTIAL,PARTIAL,STATIONARY,STATIONARY,MOVING,STATIONARY,STATIONARY,STATIONARY,MOVING
127075,3766,0.00058748,0.00105222,0.01235788,0.00076826,0.00270235,0.00142511,RELIABLE,RELIABLE,RELIABLE,RELIABLE,PARTIAL,PARTIAL,STATIONARY,STATIONARY,MOVING,STATIONARY,STATIONARY,STATIONARY,MOVING
127107,3767,0.00054633,0.00088172,0.01058227,0.00079991,0.00249153,0.00164273,RELIABLE,RELIABLE,RELIABLE,RELIABLE,PARTIAL,PARTIAL,STATIONARY,STATIONARY,MOVING,STATIONARY,STATIONARY,STATIONARY,MOVING
127140,3768,0.00044409,0.00070728,0.01064294,0.00084684,0.00262597,0.00167008,RELIABLE,RELIABLE,RELIABLE,RELIABLE,PARTIAL,PARTIAL,STATIONARY,STATIONARY,MOVING,STATIONARY,STATIONARY,STATIONARY,MOVING
127171,3769,0.00053959,0.00064545,0.00838567,0.00081588,0.00254612,0.00174026,RELIABLE,RELIABLE,RELIABLE,RELIABLE,PARTIAL,PARTIAL,STATIONARY,STATIONARY,MOVING,STATIONARY,STATIONARY,STATIONARY,MOVING
127203,3770,0.00053887,0.00055207,0.00780279,0.00072528,0.00233278,0.00166018,RELIABLE,RELIABLE,RELIABLE,RELIABLE,PARTIAL,PARTIAL,STATIONARY,STATIONARY,MOVING,STATIONARY,STATIONARY,STATIONARY,MOVING
127235,3771,0.00056140,0.00049265,0.00613161,0.00072823,0.00176176,0.00170984,RELIABLE,RELIABLE,RELIABLE,RELIABLE,PARTIAL,PARTIAL,STATIONARY,STATIONARY,MOVING,STATIONARY,STATIONARY,STATIONARY,MOVING
127268,3772,0.00062042,0.00048580,0.00516448,0.00059218,0.00105550,0.00126051,RELIABLE,RELIABLE,RELIABLE,RELIABLE,PARTIAL,PARTIAL,STATIONARY,STATIONARY,MOVING,STATIONARY,STATIONARY,STATIONARY,MOVING
127299,3773,0.00053499,0.00050358,0.00498017,0.00048131,0.00078437,0.00117504,RELIABLE,RELIABLE,RELIABLE,RELIABLE,PARTIAL,PARTIAL,STATIONARY,STATIONARY,MOVING,STATIONARY,STATIONARY,STATIONARY,MOVING
127331,3774,0.00051452,0.00041588,0.00645569,0.00066280,0.00093334,0.00142547,RELIABLE,RELIABLE,RELIABLE,RELIABLE,PARTIAL,PARTIAL,STATIONARY,STATIONARY,MOVING,STATIONARY,STATIONARY,STATIONARY,MOVING
127379,3775,0.00079132,0.00049052,0.00792560,0.00079443,0.00104589,0.00220102,RELIABLE,RELIABLE,RELIABLE,RELIABLE,PARTIAL,PARTIAL,STATIONARY,STATIONARY,MOVING,STATIONARY,STATIONARY,STATIONARY,MOVING
127412,3776,0.00082198,0.00057524,0.00885867,0.00078873,0.00092883,0.00248270,RELIABLE,RELIABLE,RELIABLE,RELIABLE,PARTIAL,PARTIAL,STATIONARY,STATIONARY,MOVING,STATIONARY,STATIONARY,STATIONARY,MOVING
127443,3777,0.00080081,0.00055208,0.01134574,0.00074507,0.00090443,0.00242258,RELIABLE,RELIABLE,RELIABLE,RELIABLE,PARTIAL,PARTIAL,STATIONARY,STATIONARY,MOVING,STATIONARY,STATIONARY,STATIONARY,MOVING
127475,3778,0.00092215,0.00064382,0.01299640,0.00075597,0.00099060,0.00242137,RELIABLE,RELIABLE,RELIABLE,RELIABLE,PARTIAL,PARTIAL,STATIONARY,STATIONARY,MOVING,STATIONARY,STATIONARY,STATIONARY,MOVING
127507,3779,0.00094881,0.00068379,0.01562922,0.00077342,0.00083149,0.00231617,RELIABLE,RELIABLE,RELIABLE,RELIABLE,PARTIAL,PARTIAL,STATIONARY,STATIONARY,MOVING,STATIONARY,STATIONARY,STATIONARY,MOVING
127539,3780,0.00102934,0.00067075,0.01813673,0.00089840,0.00119422,0.00329503,RELIABLE,RELIABLE,RELIABLE,RELIABLE,PARTIAL,PARTIAL,STATIONARY,STATIONARY,MOVING,STATIONARY,STATIONARY,STATIONARY,MOVING
127571,3781,0.00108346,0.00075262,0.01956501,0.00104430,0.00134434,0.00330566,RELIABLE,RELIABLE,RELIABLE,RELIABLE,PARTIAL,PARTIAL,STATIONARY,STATIONARY,MOVING,STATIONARY,STATIONARY,STATIONARY,MOVING
127603,3782,0.00110385,0.00086228,0.02052001,0.00095054,0.00173256,0.00307728,RELIABLE,RELIABLE,RELIABLE,RELIABLE,PARTIAL,PARTIAL,STATIONARY,STATIONARY,MOVING,STATIONARY,STATIONARY,STATIONARY,MOVING
127635,3783,0.00081373,0.00082072,0.01958228,0.00079299,0.00222272,0.00229991,RELIABLE,RELIABLE,RELIABLE,RELIABLE,PARTIAL,PARTIAL,STATIONARY,STATIONARY,MOVING,STATIONARY,STATIONARY,STATIONARY,MOVING
127667,3784,0.00071337,0.00089172,0.01953461,0.00080726,0.00224692,0.00262795,RELIABLE,RELIABLE,RELIABLE,RELIABLE,PARTIAL,PARTIAL,STATIONARY,STATIONARY,MOVING,STATIONARY,STATIONARY,STATIONARY,MOVING
127700,3785,0.00084866,0.00101133,0.01840947,0.00086008,0.00236608,0.00287989,RELIABLE,RELIABLE,RELIABLE,RELIABLE,PARTIAL,PARTIAL,STATIONARY,STATIONARY,MOVING,STATIONARY,STATIONARY,STATIONARY,MOVING
127732,3786,0.00070771,0.00103349,0.01703081,0.00088588,0.00228595,0.00293320,RELIABLE,RELIABLE,RELIABLE,RELIABLE,PARTIAL,PARTIAL,STATIONARY,STATIONARY,MOVING,STATIONARY,STATIONARY,STATIONARY,MOVING
127779,3787,0.00070119,0.00115962,0.01447236,0.00085666,0.00232950,0.00324592,RELIABLE,RELIABLE,RELIABLE,RELIABLE,PARTIAL,PARTIAL,STATIONARY,STATIONARY,MOVING,STATIONARY,STATIONARY,STATIONARY,MOVING
127811,3788,0.00062441,0.00118609,0.01170905,0.00079325,0.00210206,0.00234012,RELIABLE,RELIABLE,RELIABLE,RELIABLE,PARTIAL,PARTIAL,STATIONARY,STATIONARY,MOVING,STATIONARY,STATIONARY,STATIONARY,MOVING
127843,3789,0.00053250,0.00113714,0.01007353,0.00071871,0.00204274,0.00222012,RELIABLE,RELIABLE,RELIABLE,RELIABLE,PARTIAL,PARTIAL,STATIONARY,STATIONARY,MOVING,STATIONARY,STATIONARY,STATIONARY,MOVING
127875,3790,0.00047512,0.00099846,0.00792925,0.00063536,0.00151969,0.00219795,RELIABLE,RELIABLE,RELIABLE,RELIABLE,PARTIAL,PARTIAL,STATIONARY,STATIONARY,MOVING,STATIONARY,STATIONARY,STATIONARY,MOVING
127907,3791,0.00044562,0.00104178,0.00803713,0.00065905,0.00140674,0.00191760,RELIABLE,RELIABLE,RELIABLE,RELIABLE,PARTIAL,PARTIAL,STATIONARY,STATIONARY,MOVING,STATIONARY,STATIONARY,STATIONARY,MOVING
127939,3792,0.00052788,0.00092974,0.00923310,0.00069689,0.00153513,0.00139566,RELIABLE,RELIABLE,RELIABLE,RELIABLE,PARTIAL,PARTIAL,STATIONARY,STATIONARY,MOVING,STATIONARY,STATIONARY,STATIONARY,MOVING
127971,3793,0.00032391,0.00080549,0.01023793,0.00070103,0.00141505,0.00121667,RELIABLE,RELIABLE,RELIABLE,RELIABLE,PARTIAL,PARTIAL,STATIONARY,STATIONARY,MOVING,STATIONARY,STATIONARY,STATIONARY,MOVING
128003,3794,0.00041070,0.00068758,0.01265197,0.00078563,0.00165136,0.00123794,RELIABLE,RELIABLE,RELIABLE,RELIABLE,PARTIAL,PARTIAL,STATIONARY,STATIONARY,MOVING,STATIONARY,STATIONARY,STATIONARY,MOVING
128035,3795,0.00036695,0.00050206,0.01574992,0.00078521,0.00265708,0.00099607,RELIABLE,RELIABLE,RELIABLE,RELIABLE,PARTIAL,PARTIAL,STATIONARY,STATIONARY,MOVING,STATIONARY,STATIONARY,STATIONARY,MOVING
128067,3796,0.00030973,0.00051329,0.01735991,0.00066978,0.00256198,0.00079391,RELIABLE,RELIABLE,RELIABLE,RELIABLE,PARTIAL,PARTIAL,STATIONARY,STATIONARY,MOVING,STATIONARY,STATIONARY,STATIONARY,MOVING
128099,3797,0.00030704,0.00052985,0.01948107,0.00061074,0.00268552,0.00076055,RELIABLE,RELIABLE,RELIABLE,RELIABLE,PARTIAL,PARTIAL,STATIONARY,STATIONARY,MOVING,STATIONARY,STATIONARY,STATIONARY,MOVING
128147,3798,0.00031481,0.00051535,0.02042771,0.00061245,0.00264263,0.00079779,RELIABLE,RELIABLE,RELIABLE,RELIABLE,PARTIAL,PARTIAL,STATIONARY,STATIONARY,MOVING,STATIONARY,STATIONARY,STATIONARY,MOVING
128179,3799,0.00033644,0.00048573,0.02087303,0.00058547,0.00244277,0.00085687,RELIABLE,RELIABLE,RELIABLE,RELIABLE,PARTIAL,PARTIAL,STATIONARY,STATIONARY,MOVING,STATIONARY,STATIONARY,STATIONARY,MOVING
128211,3800,0.00027838,0.00047347,0.01958292,0.00055508,0.00249405,0.00094336,RELIABLE,RELIABLE,RELIABLE,RELIABLE,PARTIAL,PARTIAL,STATIONARY,STATIONARY,MOVING,STATIONARY,STATIONARY,STATIONARY,MOVING
128244,3801,0.00030924,0.00053381,0.01836122,0.00052403,0.00248588,0.00084874,RELIABLE,RELIABLE,RELIABLE,RELIABLE,PARTIAL,PARTIAL,STATIONARY,STATIONARY,MOVING,STATIONARY,STATIONARY,STATIONARY,MOVING
128276,3802,0.00024471,0.00056437,0.01759992,0.00053857,0.00227308,0.00079473,RELIABLE,RELIABLE,RELIABLE,RELIABLE,PARTIAL,PARTIAL,STATIONARY,STATIONARY,MOVING,STATIONARY,STATIONARY,STATIONARY,MOVING
128307,3803,0.00049010,0.00058746,0.01489790,0.00059381,0.00120083,0.00095984,RELIABLE,RELIABLE,RELIABLE,RELIABLE,PARTIAL,PARTIAL,STATIONARY,STATIONARY,MOVING,STATIONARY,STATIONARY,STATIONARY,MOVING
128339,3804,0.00047679,0.00057800,0.01462897,0.00074191,0.00122395,0.00167057,RELIABLE,RELIABLE,RELIABLE,RELIABLE,PARTIAL,PARTIAL,STATIONARY,STATIONARY,MOVING,STATIONARY,STATIONARY,STATIONARY,MOVING
128372,3805,0.00062168,0.00055749,0.01262812,0.00089008,0.00144800,0.00194908,RELIABLE,RELIABLE,RELIABLE,RELIABLE,PARTIAL,PARTIAL,STATIONARY,STATIONARY,MOVING,STATIONARY,STATIONARY,STATIONARY,MOVING
128404,3806,0.00075603,0.00065076,0.01105193,0.00090765,0.00164787,0.00186675,RELIABLE,RELIABLE,RELIABLE,RELIABLE,PARTIAL,PARTIAL,STATIONARY,STATIONARY,MOVING,STATIONARY,STATIONARY,STATIONARY,MOVING
128435,3807,0.00079746,0.00063180,0.00943668,0.00093195,0.00169505,0.00191590,RELIABLE,RELIABLE,RELIABLE,RELIABLE,PARTIAL,PARTIAL,STATIONARY,STATIONARY,MOVING,STATIONARY,STATIONARY,STATIONARY,MOVING
128467,3808,0.00083900,0.00072944,0.00891258,0.00090373,0.00176632,0.00211681,RELIABLE,RELIABLE,RELIABLE,RELIABLE,PARTIAL,PARTIAL,STATIONARY,STATIONARY,MOVING,STATIONARY,STATIONARY,STATIONARY,MOVING
128499,3809,0.00082455,0.00073399,0.00781624,0.00088249,0.00184461,0.00208028,RELIABLE,RELIABLE,RELIABLE,RELIABLE,PARTIAL,PARTIAL,STATIONARY,STATIONARY,MOVING,STATIONARY,STATIONARY,STATIONARY,MOVING
128548,3810,0.00082164,0.00071197,0.00606283,0.00080453,0.00178705,0.00223979,RELIABLE,RELIABLE,RELIABLE,RELIABLE,PARTIAL,PARTIAL,STATIONARY,STATIONARY,MOVING,STATIONARY,STATIONARY,STATIONARY,MOVING
128579,3811,0.00057602,0.00071687,0.00712241,0.00086218,0.00210553,0.00212228,RELIABLE,RELIABLE,RELIABLE,RELIABLE,PARTIAL,PARTIAL,STATIONARY,STATIONARY,MOVING,STATIONARY,STATIONARY,STATIONARY,MOVING
128611,3812,0.00071536,0.00085691,0.00750342,0.00075856,0.00209933,0.00149382,RELIABLE,RELIABLE,RELIABLE,RELIABLE,PARTIAL,PARTIAL,STATIONARY,STATIONARY,MOVING,STATIONARY,STATIONARY,STATIONARY,MOVING
128644,3813,0.00059778,0.00085053,0.00883925,0.00066023,0.00200161,0.00119415,RELIABLE,RELIABLE,RELIABLE,RELIABLE,PARTIAL,PARTIAL,STATIONARY,STATIONARY,MOVING,STATIONARY,STATIONARY,STATIONARY,MOVING
128676,3814,0.00049163,0.00088420,0.01130822,0.00068540,0.00203496,0.00135553,RELIABLE,RELIABLE,RELIABLE,RELIABLE,PARTIAL,PARTIAL,STATIONARY,STATIONARY,MOVING,STATIONARY,STATIONARY,STATIONARY,MOVING
128707,3815,0.00044819,0.00084517,0.01341780,0.00083936,0.00188850,0.00164208,RELIABLE,RELIABLE,RELIABLE,RELIABLE,PARTIAL,PARTIAL,STATIONARY,STATIONARY,MOVING,STATIONARY,STATIONARY,STATIONARY,MOVING
128739,3816,0.00039016,0.00075426,0.01690507,0.00090400,0.00163191,0.00206698,RELIABLE,RELIABLE,RELIABLE,RELIABLE,PARTIAL,PARTIAL,STATIONARY,STATIONARY,MOVING,STATIONARY,STATIONARY,STATIONARY,MOVING
128771,3817,0.00040483,0.00069446,0.01911698,0.00099779,0.00163426,0.00246925,RELIABLE,RELIABLE,RELIABLE,RELIABLE,PARTIAL,PARTIAL,STATIONARY,STATIONARY,MOVING,STATIONARY,STATIONARY,STATIONARY,MOVING
128804,3818,0.00050366,0.00070944,0.02082710,0.00104984,0.00180752,0.00261328,RELIABLE,RELIABLE,RELIABLE,RELIABLE,PARTIAL,PARTIAL,STATIONARY,STATIONARY,MOVING,STATIONARY,STATIONARY,STATIONARY,MOVING
128835,3819,0.00052872,0.00077150,0.02172495,0.00110917,0.00168754,0.00356166,RELIABLE,RELIABLE,RELIABLE,RELIABLE,PARTIAL,PARTIAL,STATIONARY,STATIONARY,MOVING,STATIONARY,STATIONARY,STATIONARY,MOVING
128868,3820,0.00047104,0.00066105,0.02206115,0.00110682,0.00190832,0.00436675,RELIABLE,RELIABLE,RELIABLE,RELIABLE,PARTIAL,PARTIAL,STATIONARY,STATIONARY,MOVING,STATIONARY,STATIONARY,STATIONARY,MOVING
128915,3821,0.00050668,0.00067917,0.02180949,0.00119616,0.00218492,0.00462789,RELIABLE,RELIABLE,RELIABLE,RELIABLE,PARTIAL,PARTIAL,STATIONARY,STATIONARY,MOVING,STATIONARY,STATIONARY,STATIONARY,MOVING
128947,3822,0.00058123,0.00055320,0.01977577,0.00119808,0.00206962,0.00451645,RELIABLE,RELIABLE,RELIABLE,RELIABLE,PARTIAL,PARTIAL,STATIONARY,STATIONARY,MOVING,STATIONARY,STATIONARY,STATIONARY,MOVING
128980,3823,0.00072015,0.00056443,0.01796751,0.00104652,0.00201377,0.00458265,RELIABLE,RELIABLE,RELIABLE,RELIABLE,PARTIAL,PARTIAL,STATIONARY,STATIONARY,MOVING,STATIONARY,STATIONARY,STATIONARY,MOVING
129012,3824,0.00073867,0.00058951,0.01413032,0.00106599,0.00204631,0.00377382,RELIABLE,RELIABLE,RELIABLE,RELIABLE,PARTIAL,PARTIAL,STATIONARY,STATIONARY,MOVING,STATIONARY,STATIONARY,STATIONARY,MOVING
129043,3825,0.00069951,0.00064887,0.01178874,0.00100921,0.00196132,0.00412625,RELIABLE,RELIABLE,RELIABLE,RELIABLE,PARTIAL,PARTIAL,STATIONARY,STATIONARY,MOVING,STATIONARY,STATIONARY,STATIONARY,MOVING
129075,3826,0.00069963,0.00072140,0.01002844,0.00107599,0.00198374,0.00390374,RELIABLE,RELIABLE,RELIABLE,RELIABLE,PARTIAL,PARTIAL,STATIONARY,STATIONARY,MOVING,STATIONARY,STATIONARY,STATIONARY,MOVING
129108,3827,0.00070702,0.00072876,0.00834513,0.00090230,0.00215893,0.00318624,RELIABLE,RELIABLE,RELIABLE,RELIABLE,PARTIAL,PARTIAL,STATIONARY,STATIONARY,MOVING,STATIONARY,STATIONARY,STATIONARY,MOVING
129139,3828,0.00064370,0.00070560,0.00829418,0.00091317,0.00205022,0.00237313,RELIABLE,RELIABLE,RELIABLE,RELIABLE,PARTIAL,PARTIAL,STATIONARY,STATIONARY,MOVING,STATIONARY,STATIONARY,STATIONARY,MOVING
129171,3829,0.00062833,0.00106758,0.00932007,0.00083546,0.00147705,0.00222635,RELIABLE,RELIABLE,RELIABLE,RELIABLE,PARTIAL,PARTIAL,STATIONARY,STATIONARY,MOVING,STATIONARY,STATIONARY,STATIONARY,MOVING
129203,3830,0.00060822,0.00114328,0.01166186,0.00082584,0.00133037,0.00221589,RELIABLE,RELIABLE,RELIABLE,RELIABLE,PARTIAL,PARTIAL,STATIONARY,STATIONARY,MOVING,STATIONARY,STATIONARY,STATIONARY,MOVING
129235,3831,0.00054326,0.00138280,0.01378840,0.00085817,0.00170219,0.00194728,RELIABLE,RELIABLE,RELIABLE,RELIABLE,PARTIAL,PARTIAL,STATIONARY,STATIONARY,MOVING,STATIONARY,STATIONARY,STATIONARY,MOVING
129267,3832,0.00055396,0.00153251,0.01553502,0.00075522,0.00191315,0.00188352,RELIABLE,RELIABLE,RELIABLE,RELIABLE,PARTIAL,PARTIAL,STATIONARY,STATIONARY,MOVING,STATIONARY,STATIONARY,STATIONARY,MOVING
129315,3833,0.00069302,0.00172607,0.01819095,0.00084703,0.00199854,0.00127064,RELIABLE,RELIABLE,RELIABLE,RELIABLE,PARTIAL,PARTIAL,STATIONARY,STATIONARY,MOVING,STATIONARY,STATIONARY,STATIONARY,MOVING
129347,3834,0.00063858,0.00170008,0.01949154,0.00067768,0.00178873,0.00117113,RELIABLE,RELIABLE,RELIABLE,RELIABLE,PARTIAL,PARTIAL,STATIONARY,STATIONARY,MOVING,STATIONARY,STATIONARY,STATIONARY,MOVING
129379,3835,0.00069137,0.00182637,0.01982829,0.00074872,0.00189056,0.00106509,RELIABLE,RELIABLE,RELIABLE,RELIABLE,PARTIAL,PARTIAL,STATIONARY,STATIONARY,MOVING,STATIONARY,STATIONARY,STATIONARY,MOVING
129411,3836,0.00074256,0.00183689,0.01921141,0.00075225,0.00189743,0.00108505,RELIABLE,RELIABLE,RELIABLE,RELIABLE,PARTIAL,PARTIAL,STATIONARY,STATIONARY,MOVING,STATIONARY,STATIONARY,STATIONARY,MOVING
129443,3837,0.00071022,0.00147472,0.01812148,0.00074388,0.00206739,0.00098448,RELIABLE,RELIABLE,RELIABLE,RELIABLE,PARTIAL,PARTIAL,STATIONARY,STATIONARY,MOVING,STATIONARY,STATIONARY,STATIONARY,MOVING
129475,3838,0.00062409,0.00143920,0.01646724,0.00069237,0.00226164,0.00105720,RELIABLE,RELIABLE,RELIABLE,RELIABLE,PARTIAL,PARTIAL,STATIONARY,STATIONARY,MOVING,STATIONARY,STATIONARY,STATIONARY,MOVING
129507,3839,0.00053881,0.00124094,0.01420589,0.00070585,0.00203688,0.00110258,RELIABLE,RELIABLE,RELIABLE,RELIABLE,PARTIAL,PARTIAL,STATIONARY,STATIONARY,MOVING,STATIONARY,STATIONARY,STATIONARY,MOVING
129539,3840,0.00058245,0.00105635,0.01325186,0.00081784,0.00218026,0.00142149,RELIABLE,RELIABLE,RELIABLE,RELIABLE,PARTIAL,PARTIAL,STATIONARY,STATIONARY,MOVING,STATIONARY,STATIONARY,STATIONARY,MOVING
129571,3841,0.00053408,0.00081427,0.01101004,0.00074664,0.00263370,0.00147161,RELIABLE,RELIABLE,RELIABLE,RELIABLE,PARTIAL,PARTIAL,STATIONARY,STATIONARY,MOVING,STATIONARY,STATIONARY,STATIONARY,MOVING
129603,3842,0.00050881,0.00083034,0.00916208,0.00082703,0.00323170,0.00196743,RELIABLE,RELIABLE,RELIABLE,RELIABLE,PARTIAL,PARTIAL,STATIONARY,STATIONARY,MOVING,STATIONARY,STATIONARY,STATIONARY,MOVING
129636,3843,0.00052163,0.00074912,0.00802218,0.00076545,0.00287649,0.00181340,RELIABLE,RELIABLE,RELIABLE,RELIABLE,PARTIAL,PARTIAL,STATIONARY,STATIONARY,MOVING,STATIONARY,STATIONARY,STATIONARY,MOVING
129683,3844,0.00047525,0.00072055,0.00692770,0.00070095,0.00263502,0.00170567,RELIABLE,RELIABLE,RELIABLE,RELIABLE,PARTIAL,PARTIAL,STATIONARY,STATIONARY,MOVING,STATIONARY,STATIONARY,STATIONARY,MOVING
129715,3845,0.00057373,0.00065710,0.00535815,0.00074206,0.00251368,0.00209990,RELIABLE,RELIABLE,RELIABLE,RELIABLE,PARTIAL,PARTIAL,STATIONARY,STATIONARY,MOVING,STATIONARY,STATIONARY,STATIONARY,MOVING
129748,3846,0.00065697,0.00073376,0.00432358,0.00074602,0.00267866,0.00229121,RELIABLE,RELIABLE,RELIABLE,RELIABLE,PARTIAL,PARTIAL,STATIONARY,STATIONARY,MOVING,STATIONARY,STATIONARY,STATIONARY,MOVING
129779,3847,0.00094697,0.00106959,0.00443851,0.00066933,0.00238306,0.00211402,RELIABLE,RELIABLE,RELIABLE,RELIABLE,PARTIAL,PARTIAL,STATIONARY,STATIONARY,MOVING,STATIONARY,STATIONARY,STATIONARY,MOVING
129811,3848,0.00088661,0.00129098,0.00509520,0.00062445,0.00223725,0.00192064,RELIABLE,RELIABLE,RELIABLE,RELIABLE,PARTIAL,PARTIAL,STATIONARY,STATIONARY,MOVING,STATIONARY,STATIONARY,STATIONARY,MOVING
129843,3849,0.00081359,0.00134784,0.00584558,0.00069531,0.00176264,0.00203933,RELIABLE,RELIABLE,RELIABLE,RELIABLE,PARTIAL,PARTIAL,STATIONARY,STATIONARY,MOVING,STATIONARY,STATIONARY,STATIONARY,MOVING
129876,3850,0.00081992,0.00128875,0.00657453,0.00065029,0.00138169,0.00156299,RELIABLE,RELIABLE,RELIABLE,RELIABLE,PARTIAL,PARTIAL,STATIONARY,STATIONARY,MOVING,STATIONARY,STATIONARY,STATIONARY,MOVING
129908,3851,0.00074612,0.00123298,0.00789135,0.00072773,0.00149193,0.00157247,RELIABLE,RELIABLE,RELIABLE,RELIABLE,PARTIAL,PARTIAL,STATIONARY,STATIONARY,MOVING,STATIONARY,STATIONARY,STATIONARY,MOVING
129940,3852,0.00075020,0.00133330,0.00948919,0.00079624,0.00155816,0.00177337,RELIABLE,RELIABLE,RELIABLE,RELIABLE,PARTIAL,PARTIAL,STATIONARY,STATIONARY,MOVING,STATIONARY,STATIONARY,STATIONARY,MOVING
129972,3853,0.00062683,0.00134364,0.01151885,0.00071428,0.00208894,0.00159473,RELIABLE,RELIABLE,RELIABLE,RELIABLE,PARTIAL,PARTIAL,STATIONARY,STATIONARY,MOVING,STATIONARY,STATIONARY,STATIONARY,MOVING
130004,3854,0.00056901,0.00139423,0.01300540,0.00074481,0.00177464,0.00143165,RELIABLE,RELIABLE,RELIABLE,RELIABLE,PARTIAL,PARTIAL,STATIONARY,STATIONARY,MOVING,STATIONARY,STATIONARY,STATIONARY,MOVING
130036,3855,0.00034965,0.00112467,0.01568212,0.00119847,0.00283179,0.00275027,RELIABLE,RELIABLE,RELIABLE,RELIABLE,PARTIAL,PARTIAL,STATIONARY,STATIONARY,MOVING,STATIONARY,STATIONARY,STATIONARY,MOVING
130084,3856,0.00043862,0.00093149,0.01666582,0.00123831,0.00298675,0.00271672,RELIABLE,RELIABLE,RELIABLE,RELIABLE,PARTIAL,PARTIAL,STATIONARY,STATIONARY,MOVING,STATIONARY,STATIONARY,STATIONARY,MOVING
130116,3857,0.00043789,0.00087089,0.01681444,0.00110363,0.00293890,0.00243511,RELIABLE,RELIABLE,RELIABLE,RELIABLE,PARTIAL,PARTIAL,STATIONARY,STATIONARY,MOVING,STATIONARY,STATIONARY,STATIONARY,MOVING
130147,3858,0.00042430,0.00085011,0.01853838,0.00128288,0.00297935,0.00284513,RELIABLE,RELIABLE,RELIABLE,RELIABLE,PARTIAL,PARTIAL,STATIONARY,STATIONARY,MOVING,STATIONARY,STATIONARY,STATIONARY,MOVING
130179,3859,0.00049504,0.00092845,0.01800538,0.00136828,0.00296614,0.00330233,RELIABLE,RELIABLE,RELIABLE,RELIABLE,PARTIAL,PARTIAL,STATIONARY,STATIONARY,MOVING,STATIONARY,STATIONARY,STATIONARY,MOVING
130211,3860,0.00052693,0.00093156,0.01754039,0.00133267,0.00289251,0.00327499,RELIABLE,RELIABLE,RELIABLE,RELIABLE,PARTIAL,PARTIAL,STATIONARY,STATIONARY,MOVING,STATIONARY,STATIONARY,STATIONARY,MOVING
130243,3861,0.00062296,0.00093525,0.01600469,0.00146585,0.00286051,0.00410878,RELIABLE,RELIABLE,RELIABLE,RELIABLE,PARTIAL,PARTIAL,STATIONARY,STATIONARY,MOVING,STATIONARY,STATIONARY,STATIONARY,MOVING
130275,3862,0.00058920,0.00078190,0.01450474,0.00147701,0.00323994,0.00409604,RELIABLE,RELIABLE,RELIABLE,RELIABLE,PARTIAL,PARTIAL,STATIONARY,STATIONARY,MOVING,STATIONARY,STATIONARY,STATIONARY,MOVING
130307,3863,0.00070733,0.00067320,0.01159036,0.00110582,0.00226567,0.00286658,RELIABLE,RELIABLE,RELIABLE,RELIABLE,PARTIAL,PARTIAL,STATIONARY,STATIONARY,MOVING,STATIONARY,STATIONARY,STATIONARY,MOVING
130340,3864,0.00062237,0.00061850,0.00985068,0.00112526,0.00214779,0.00284606,RELIABLE,RELIABLE,RELIABLE,RELIABLE,PARTIAL,PARTIAL,STATIONARY,STATIONARY,MOVING,STATIONARY,STATIONARY,STATIONARY,MOVING
130371,3865,0.00071337,0.00071741,0.00890656,0.00131557,0.00332869,0.00335088,RELIABLE,RELIABLE,RELIABLE,RELIABLE,PARTIAL,PARTIAL,STATIONARY,STATIONARY,MOVING,STATIONARY,STATIONARY,STATIONARY,MOVING
130403,3866,0.00073328,0.00074696,0.00863469,0.00117150,0.00325335,0.00337002,RELIABLE,RELIABLE,RELIABLE,RELIABLE,PARTIAL,PARTIAL,STATIONARY,STATIONARY,MOVING,STATIONARY,STATIONARY,STATIONARY,MOVING
130435,3867,0.00075762,0.00065552,0.01054177,0.00115835,0.00330805,0.00353878,RELIABLE,RELIABLE,RELIABLE,RELIABLE,PARTIAL,PARTIAL,STATIONARY,STATIONARY,MOVING,STATIONARY,STATIONARY,STATIONARY,MOVING
130483,3868,0.00082796,0.00067097,0.01225653,0.00138188,0.00379446,0.00363681,RELIABLE,RELIABLE,RELIABLE,RELIABLE,PARTIAL,PARTIAL,STATIONARY,STATIONARY,MOVING,STATIONARY,STATIONARY,STATIONARY,MOVING
130515,3869,0.00080004,0.00069730,0.01424346,0.00155920,0.00419607,0.00328598,RELIABLE,RELIABLE,RELIABLE,RELIABLE,PARTIAL,PARTIAL,STATIONARY,STATIONARY,MOVING,STATIONARY,STATIONARY,STATIONARY,MOVING
130547,3870,0.00090682,0.00089557,0.01609357,0.00160647,0.00400021,0.00342495,RELIABLE,RELIABLE,RELIABLE,RELIABLE,PARTIAL,PARTIAL,STATIONARY,STATIONARY,MOVING,STATIONARY,STATIONARY,STATIONARY,MOVING
130579,3871,0.00088850,0.00103913,0.01756280,0.00158885,0.00414062,0.00399950,RELIABLE,RELIABLE,RELIABLE,RELIABLE,PARTIAL,PARTIAL,STATIONARY,STATIONARY,MOVING,STATIONARY,STATIONARY,STATIONARY,MOVING
130611,3872,0.00092263,0.00118138,0.01745635,0.00161386,0.00445036,0.00432687,RELIABLE,RELIABLE,RELIABLE,RELIABLE,PARTIAL,PARTIAL,STATIONARY,STATIONARY,MOVING,STATIONARY,STATIONARY,STATIONARY,MOVING
130643,3873,0.00087717,0.00118069,0.01873447,0.00155298,0.00367472,0.00424069,RELIABLE,RELIABLE,RELIABLE,RELIABLE,PARTIAL,PARTIAL,STATIONARY,STATIONARY,MOVING,STATIONARY,STATIONARY,STATIONARY,MOVING
130675,3874,0.00088778,0.00158209,0.01851503,0.00158747,0.00392490,0.00390532,RELIABLE,RELIABLE,RELIABLE,RELIABLE,PARTIAL,PARTIAL,STATIONARY,STATIONARY,MOVING,STATIONARY,STATIONARY,STATIONARY,MOVING
130707,3875,0.00080592,0.00161324,0.01663722,0.00141493,0.00365926,0.00323326,RELIABLE,RELIABLE,RELIABLE,RELIABLE,PARTIAL,PARTIAL,STATIONARY,STATIONARY,MOVING,STATIONARY,STATIONARY,STATIONARY,MOVING
130739,3876,0.00081166,0.00165059,0.01417148,0.00126076,0.00326254,0.00315883,RELIABLE,RELIABLE,RELIABLE,RELIABLE,PARTIAL,PARTIAL,STATIONARY,STATIONARY,MOVING,STATIONARY,STATIONARY,STATIONARY,MOVING
130771,3877,0.00075926,0.00163595,0.01231230,0.00096473,0.00231315,0.00248146,RELIABLE,RELIABLE,RELIABLE,RELIABLE,PARTIAL,PARTIAL,STATIONARY,STATIONARY,MOVING,STATIONARY,STATIONARY,STATIONARY,MOVING
130803,3878,0.00068414,0.00144290,0.01029939,0.00085263,0.00254221,0.00246782,RELIABLE,RELIABLE,RELIABLE,RELIABLE,PARTIAL,PARTIAL,STATIONARY,STATIONARY,MOVING,STATIONARY,STATIONARY,STATIONARY,MOVING
130852,3879,0.00062742,0.00132348,0.00868581,0.00091511,0.00282750,0.00194552,RELIABLE,RELIABLE,RELIABLE,RELIABLE,PARTIAL,PARTIAL,STATIONARY,STATIONARY,MOVING,STATIONARY,STATIONARY,STATIONARY,MOVING
130883,3880,0.00066719,0.00119035,0.00779475,0.00082880,0.00223905,0.00161158,RELIABLE,RELIABLE,RELIABLE,RELIABLE,PARTIAL,PARTIAL,STATIONARY,STATIONARY,MOVING,STATIONARY,STATIONARY,STATIONARY,MOVING
130916,3881,0.00061741,0.00119462,0.00603567,0.00087388,0.00285311,0.00204778,RELIABLE,RELIABLE,RELIABLE,RELIABLE,PARTIAL,PARTIAL,STATIONARY,STATIONARY,MOVING,STATIONARY,STATIONARY,STATIONARY,MOVING
130947,3882,0.00055983,0.00101161,0.00410272,0.00083940,0.00275661,0.00198173,RELIABLE,RELIABLE,RELIABLE,RELIABLE,PARTIAL,PARTIAL,STATIONARY,STATIONARY,MOVING,STATIONARY,STATIONARY,STATIONARY,MOVING
130979,3883,0.00054676,0.00100058,0.00354660,0.00115223,0.00304473,0.00234468,RELIABLE,RELIABLE,RELIABLE,RELIABLE,PARTIAL,PARTIAL,STATIONARY,STATIONARY,MOVING,STATIONARY,STATIONARY,STATIONARY,MOVING
131011,3884,0.00042194,0.00090470,0.00354475,0.00109336,0.00318748,0.00229751,RELIABLE,RELIABLE,RELIABLE,RELIABLE,PARTIAL,PARTIAL,STATIONARY,STATIONARY,MOVING,STATIONARY,STATIONARY,STATIONARY,MOVING
131043,3885,0.00041454,0.00106334,0.00496852,0.00106724,0.00326291,0.00234299,RELIABLE,RELIABLE,RELIABLE,RELIABLE,PARTIAL,PARTIAL,STATIONARY,STATIONARY,MOVING,STATIONARY,STATIONARY,STATIONARY,MOVING
131075,3886,0.00042570,0.00107136,0.00730652,0.00106348,0.00287237,0.00211019,RELIABLE,RELIABLE,RELIABLE,RELIABLE,PARTIAL,PARTIAL,STATIONARY,STATIONARY,MOVING,STATIONARY,STATIONARY,STATIONARY,MOVING
131107,3887,0.00038909,0.00115746,0.00973950,0.00116427,0.00325344,0.00213498,RELIABLE,RELIABLE,RELIABLE,RELIABLE,PARTIAL,PARTIAL,STATIONARY,STATIONARY,MOVING,STATIONARY,STATIONARY,STATIONARY,MOVING
131139,3888,0.00034472,0.00121734,0.01199826,0.00130006,0.00333440,0.00258000,RELIABLE,RELIABLE,RELIABLE,RELIABLE,PARTIAL,PARTIAL,STATIONARY,STATIONARY,MOVING,STATIONARY,STATIONARY,STATIONARY,MOVING
131172,3889,0.00039415,0.00113364,0.01570047,0.00127963,0.00282919,0.00179307,RELIABLE,RELIABLE,RELIABLE,RELIABLE,PARTIAL,PARTIAL,STATIONARY,STATIONARY,MOVING,STATIONARY,STATIONARY,STATIONARY,MOVING
131204,3890,0.00048140,0.00102091,0.01841376,0.00122912,0.00252200,0.00178204,RELIABLE,RELIABLE,RELIABLE,RELIABLE,PARTIAL,PARTIAL,STATIONARY,STATIONARY,MOVING,STATIONARY,STATIONARY,STATIONARY,MOVING
131251,3891,0.00052947,0.00109728,0.02014146,0.00101264,0.00226535,0.00185768,RELIABLE,RELIABLE,RELIABLE,RELIABLE,PARTIAL,PARTIAL,STATIONARY,STATIONARY,MOVING,STATIONARY,STATIONARY,STATIONARY,MOVING
131283,3892,0.00084168,0.00108156,0.02202447,0.00105681,0.00217657,0.00178764,RELIABLE,RELIABLE,RELIABLE,RELIABLE,PARTIAL,PARTIAL,STATIONARY,STATIONARY,MOVING,STATIONARY,STATIONARY,STATIONARY,MOVING
131315,3893,0.00083118,0.00095793,0.02158235,0.00115593,0.00294443,0.00193214,RELIABLE,RELIABLE,RELIABLE,RELIABLE,PARTIAL,PARTIAL,STATIONARY,STATIONARY,MOVING,STATIONARY,STATIONARY,STATIONARY,MOVING
131348,3894,0.00078524,0.00093606,0.02113930,0.00120290,0.00297777,0.00190005,RELIABLE,RELIABLE,RELIABLE,RELIABLE,PARTIAL,PARTIAL,STATIONARY,STATIONARY,MOVING,STATIONARY,STATIONARY,STATIONARY,MOVING
131379,3895,0.00076482,0.00086684,0.01914106,0.00115719,0.00250163,0.00191680,RELIABLE,RELIABLE,RELIABLE,RELIABLE,PARTIAL,PARTIAL,STATIONARY,STATIONARY,MOVING,STATIONARY,STATIONARY,STATIONARY,MOVING
131411,3896,0.00076359,0.00081437,0.01678697,0.00106185,0.00252927,0.00180003,RELIABLE,RELIABLE,RELIABLE,RELIABLE,PARTIAL,PARTIAL,STATIONARY,STATIONARY,MOVING,STATIONARY,STATIONARY,STATIONARY,MOVING
131443,3897,0.00079979,0.00083866,0.01391519,0.00104315,0.00208538,0.00177267,RELIABLE,RELIABLE,RELIABLE,RELIABLE,PARTIAL,PARTIAL,STATIONARY,STATIONARY,MOVING,STATIONARY,STATIONARY,STATIONARY,MOVING
131475,3898,0.00089775,0.00073834,0.01173907,0.00104699,0.00206052,0.00176532,RELIABLE,RELIABLE,RELIABLE,RELIABLE,PARTIAL,PARTIAL,STATIONARY,STATIONARY,MOVING,STATIONARY,STATIONARY,STATIONARY,MOVING
131507,3899,0.00087242,0.00060624,0.01036381,0.00104113,0.00220219,0.00141774,RELIABLE,RELIABLE,RELIABLE,RELIABLE,PARTIAL,PARTIAL,STATIONARY,STATIONARY,MOVING,STATIONARY,STATIONARY,STATIONARY,MOVING
131539,3900,0.00057254,0.00054582,0.00942037,0.00099356,0.00210817,0.00141699,RELIABLE,RELIABLE,RELIABLE,RELIABLE,PARTIAL,PARTIAL,STATIONARY,STATIONARY,MOVING,STATIONARY,STATIONARY,STATIONARY,MOVING
131571,3901,0.00057650,0.00055026,0.01026129,0.00093673,0.00123315,0.00117494,RELIABLE,RELIABLE,RELIABLE,RELIABLE,PARTIAL,PARTIAL,STATIONARY,STATIONARY,MOVING,STATIONARY,STATIONARY,STATIONARY,MOVING
131619,3902,0.00065110,0.00073826,0.01101235,0.00103389,0.00123396,0.00181570,RELIABLE,RELIABLE,RELIABLE,RELIABLE,PARTIAL,PARTIAL,STATIONARY,STATIONARY,MOVING,STATIONARY,STATIONARY,STATIONARY,MOVING
131651,3903,0.00066286,0.00075620,0.01266749,0.00094223,0.00096897,0.00161601,RELIABLE,RELIABLE,RELIABLE,RELIABLE,PARTIAL,PARTIAL,STATIONARY,STATIONARY,MOVING,STATIONARY,STATIONARY,STATIONARY,MOVING
131683,3904,0.00069676,0.00078774,0.01491440,0.00091788,0.00090344,0.00123060,RELIABLE,RELIABLE,RELIABLE,RELIABLE,PARTIAL,PARTIAL,STATIONARY,STATIONARY,MOVING,STATIONARY,STATIONARY,STATIONARY,MOVING
131715,3905,0.00060503,0.00089701,0.01620438,0.00106144,0.00166638,0.00187100,RELIABLE,RELIABLE,RELIABLE,RELIABLE,PARTIAL,PARTIAL,STATIONARY,STATIONARY,MOVING,STATIONARY,STATIONARY,STATIONARY,MOVING
131747,3906,0.00052364,0.00091945,0.01834153,0.00147367,0.00205449,0.00244100,RELIABLE,RELIABLE,RELIABLE,RELIABLE,PARTIAL,PARTIAL,STATIONARY,STATIONARY,MOVING,STATIONARY,STATIONARY,STATIONARY,MOVING
131780,3907,0.00050938,0.00099302,0.02018892,0.00133862,0.00224094,0.00235830,RELIABLE,RELIABLE,RELIABLE,RELIABLE,PARTIAL,PARTIAL,STATIONARY,STATIONARY,MOVING,STATIONARY,STATIONARY,STATIONARY,MOVING
131811,3908,0.00071783,0.00102525,0.01927495,0.00134612,0.00233409,0.00267456,RELIABLE,RELIABLE,RELIABLE,RELIABLE,PARTIAL,PARTIAL,STATIONARY,STATIONARY,MOVING,STATIONARY,STATIONARY,STATIONARY,MOVING
131842,3909,0.00077569,0.00101479,0.01758363,0.00129927,0.00234719,0.00267801,RELIABLE,RELIABLE,RELIABLE,RELIABLE,PARTIAL,PARTIAL,STATIONARY,STATIONARY,MOVING,STATIONARY,STATIONARY,STATIONARY,MOVING
131875,3910,0.00077886,0.00085268,0.01535732,0.00116392,0.00254371,0.00254721,RELIABLE,RELIABLE,RELIABLE,RELIABLE,PARTIAL,PARTIAL,STATIONARY,STATIONARY,MOVING,STATIONARY,STATIONARY,STATIONARY,MOVING
131907,3911,0.00070824,0.00090792,0.01407516,0.00109714,0.00238592,0.00257933,RELIABLE,RELIABLE,RELIABLE,RELIABLE,PARTIAL,PARTIAL,STATIONARY,STATIONARY,MOVING,STATIONARY,STATIONARY,STATIONARY,MOVING
131939,3912,0.00062520,0.00085900,0.01204479,0.00101885,0.00263778,0.00255462,RELIABLE,RELIABLE,RELIABLE,RELIABLE,PARTIAL,PARTIAL,STATIONARY,STATIONARY,MOVING,STATIONARY,STATIONARY,STATIONARY,MOVING
131971,3913,0.00061682,0.00074301,0.01000964,0.00073187,0.00185987,0.00180958,RELIABLE,RELIABLE,RELIABLE,RELIABLE,PARTIAL,PARTIAL,STATIONARY,STATIONARY,MOVING,STATIONARY,STATIONARY,STATIONARY,MOVING
132020,3914,0.00055102,0.00072835,0.00750541,0.00038398,0.00167037,0.00140082,RELIABLE,RELIABLE,RELIABLE,RELIABLE,PARTIAL,PARTIAL,STATIONARY,STATIONARY,MOVING,STATIONARY,STATIONARY,STATIONARY,MOVING
132052,3915,0.00051390,0.00079037,0.00507231,0.00044323,0.00166228,0.00166294,RELIABLE,RELIABLE,RELIABLE,RELIABLE,PARTIAL,PARTIAL,STATIONARY,STATIONARY,MOVING,STATIONARY,STATIONARY,STATIONARY,MOVING
132083,3916,0.00031058,0.00071723,0.00448758,0.00042183,0.00155784,0.00151677,RELIABLE,RELIABLE,RELIABLE,RELIABLE,PARTIAL,PARTIAL,STATIONARY,STATIONARY,MOVING,STATIONARY,STATIONARY,STATIONARY,MOVING
132115,3917,0.00024080,0.00071819,0.00376043,0.00041924,0.00186302,0.00156037,RELIABLE,RELIABLE,RELIABLE,RELIABLE,PARTIAL,PARTIAL,STATIONARY,STATIONARY,MOVING,STATIONARY,STATIONARY,STATIONARY,MOVING
132147,3918,0.00017398,0.00064289,0.00375149,0.00060118,0.00184032,0.00129336,RELIABLE,RELIABLE,RELIABLE,RELIABLE,PARTIAL,PARTIAL,STATIONARY,STATIONARY,MOVING,STATIONARY,STATIONARY,STATIONARY,MOVING
132179,3919,0.00017310,0.00056379,0.00320583,0.00063689,0.00191439,0.00139074,RELIABLE,RELIABLE,RELIABLE,RELIABLE,PARTIAL,PARTIAL,STATIONARY,STATIONARY,MOVING,STATIONARY,STATIONARY,STATIONARY,MOVING
132211,3920,0.00032010,0.00064121,0.00480334,0.00081738,0.00208489,0.00198949,RELIABLE,RELIABLE,RELIABLE,RELIABLE,PARTIAL,PARTIAL,STATIONARY,STATIONARY,MOVING,STATIONARY,STATIONARY,STATIONARY,MOVING
132243,3921,0.00037421,0.00065995,0.00669367,0.00106885,0.00267597,0.00294379,RELIABLE,RELIABLE,RELIABLE,RELIABLE,PARTIAL,PARTIAL,STATIONARY,STATIONARY,MOVING,STATIONARY,STATIONARY,STATIONARY,MOVING
132275,3922,0.00033894,0.00068124,0.00910897,0.00100822,0.00246920,0.00291130,RELIABLE,RELIABLE,RELIABLE,RELIABLE,PARTIAL,PARTIAL,STATIONARY,STATIONARY,MOVING,STATIONARY,STATIONARY,STATIONARY,MOVING
132307,3923,0.00043177,0.00059642,0.01157175,0.00096780,0.00233414,0.00276801,RELIABLE,RELIABLE,RELIABLE,RELIABLE,PARTIAL,PARTIAL,STATIONARY,STATIONARY,MOVING,STATIONARY,STATIONARY,STATIONARY,MOVING
132339,3924,0.00040169,0.00065945,0.01388235,0.00099417,0.00238883,0.00275815,RELIABLE,RELIABLE,RELIABLE,RELIABLE,PARTIAL,PARTIAL,STATIONARY,STATIONARY,MOVING,STATIONARY,STATIONARY,STATIONARY,MOVING
132387,3925,0.00041989,0.00066198,0.01581501,0.00110258,0.00239352,0.00292616,RELIABLE,RELIABLE,RELIABLE,RELIABLE,PARTIAL,PARTIAL,STATIONARY,STATIONARY,MOVING,STATIONARY,STATIONARY,STATIONARY,MOVING
132420,3926,0.00046114,0.00082661,0.01828461,0.00093397,0.00212890,0.00268068,RELIABLE,RELIABLE,RELIABLE,RELIABLE,PARTIAL,PARTIAL,STATIONARY,STATIONARY,MOVING,STATIONARY,STATIONARY,STATIONARY,MOVING
132451,3927,0.00052673,0.00082603,0.01998314,0.00095333,0.00219697,0.00255440,RELIABLE,RELIABLE,RELIABLE,RELIABLE,PARTIAL,PARTIAL,STATIONARY,STATIONARY,MOVING,STATIONARY,STATIONARY,STATIONARY,MOVING
132483,3928,0.00046059,0.00081983,0.01891268,0.00117568,0.00313241,0.00297211,RELIABLE,RELIABLE,RELIABLE,RELIABLE,PARTIAL,PARTIAL,STATIONARY,STATIONARY,MOVING,STATIONARY,STATIONARY,STATIONARY,MOVING
132515,3929,0.00044477,0.00079870,0.01753343,0.00097909,0.00255981,0.00222279,RELIABLE,RELIABLE,RELIABLE,RELIABLE,PARTIAL,PARTIAL,STATIONARY,STATIONARY,MOVING,STATIONARY,STATIONARY,STATIONARY,MOVING
132547,3930,0.00050345,0.00072522,0.01542990,0.00098809,0.00267712,0.00208171,RELIABLE,RELIABLE,RELIABLE,RELIABLE,PARTIAL,PARTIAL,STATIONARY,STATIONARY,MOVING,STATIONARY,STATIONARY,STATIONARY,MOVING
132579,3931,0.00045318,0.00068605,0.01325519,0.00102944,0.00247678,0.00195289,RELIABLE,RELIABLE,RELIABLE,RELIABLE,PARTIAL,PARTIAL,STATIONARY,STATIONARY,MOVING,STATIONARY,STATIONARY,STATIONARY,MOVING
132611,3932,0.00047390,0.00062602,0.01093021,0.00097851,0.00241597,0.00173112,RELIABLE,RELIABLE,RELIABLE,RELIABLE,PARTIAL,PARTIAL,STATIONARY,STATIONARY,MOVING,STATIONARY,STATIONARY,STATIONARY,MOVING
132643,3933,0.00060782,0.00054153,0.00905543,0.00095980,0.00213972,0.00213381,RELIABLE,RELIABLE,RELIABLE,RELIABLE,PARTIAL,PARTIAL,STATIONARY,STATIONARY,MOVING,STATIONARY,STATIONARY,STATIONARY,MOVING
132675,3934,0.00071960,0.00053391,0.00614371,0.00100110,0.00238231,0.00214450,RELIABLE,RELIABLE,RELIABLE,RELIABLE,PARTIAL,PARTIAL,STATIONARY,STATIONARY,MOVING,STATIONARY,STATIONARY,STATIONARY,MOVING
132708,3935,0.00076940,0.00053435,0.00465455,0.00092672,0.00237081,0.00253887,RELIABLE,RELIABLE,RELIABLE,RELIABLE,PARTIAL,PARTIAL,STATIONARY,STATIONARY,MOVING,STATIONARY,STATIONARY,STATIONARY,MOVING
132740,3936,0.00068993,0.00053514,0.00541912,0.00067867,0.00103708,0.00208502,RELIABLE,RELIABLE,RELIABLE,RELIABLE,PARTIAL,PARTIAL,STATIONARY,STATIONARY,MOVING,STATIONARY,STATIONARY,STATIONARY,MOVING
132787,3937,0.00072185,0.00053388,0.00814961,0.00069757,0.00106740,0.00191275,RELIABLE,RELIABLE,RELIABLE,RELIABLE,PARTIAL,PARTIAL,STATIONARY,STATIONARY,MOVING,STATIONARY,STATIONARY,STATIONARY,MOVING
132820,3938,0.00076234,0.00060966,0.00989675,0.00071095,0.00099290,0.00199136,RELIABLE,RELIABLE,RELIABLE,RELIABLE,PARTIAL,PARTIAL,STATIONARY,STATIONARY,MOVING,STATIONARY,STATIONARY,STATIONARY,MOVING
132851,3939,0.00078362,0.00072342,0.01253655,0.00093343,0.00210576,0.00247591,RELIABLE,RELIABLE,RELIABLE,RELIABLE,PARTIAL,PARTIAL,STATIONARY,STATIONARY,MOVING,STATIONARY,STATIONARY,STATIONARY,MOVING
132884,3940,0.00084814,0.00101532,0.01438995,0.00131174,0.00244644,0.00303084,RELIABLE,RELIABLE,RELIABLE,RELIABLE,PARTIAL,PARTIAL,STATIONARY,STATIONARY,MOVING,STATIONARY,STATIONARY,STATIONARY,MOVING
132915,3941,0.00072571,0.00124365,0.01737743,0.00127989,0.00239659,0.00250179,RELIABLE,RELIABLE,RELIABLE,RELIABLE,PARTIAL,PARTIAL,STATIONARY,STATIONARY,MOVING,STATIONARY,STATIONARY,STATIONARY,MOVING
132947,3942,0.00067797,0.00124555,0.01882332,0.00124010,0.00218914,0.00246597,RELIABLE,RELIABLE,RELIABLE,RELIABLE,PARTIAL,PARTIAL,STATIONARY,STATIONARY,MOVING,STATIONARY,STATIONARY,STATIONARY,MOVING
132979,3943,0.00057130,0.00127847,0.01903676,0.00129829,0.00224416,0.00224243,RELIABLE,RELIABLE,RELIABLE,RELIABLE,PARTIAL,PARTIAL,STATIONARY,STATIONARY,MOVING,STATIONARY,STATIONARY,STATIONARY,MOVING
133011,3944,0.00060712,0.00128273,0.01807884,0.00144804,0.00251202,0.00200002,RELIABLE,RELIABLE,RELIABLE,RELIABLE,PARTIAL,PARTIAL,STATIONARY,STATIONARY,MOVING,STATIONARY,STATIONARY,STATIONARY,MOVING
133043,3945,0.00055068,0.00143113,0.01567950,0.00153943,0.00241741,0.00230081,RELIABLE,RELIABLE,RELIABLE,RELIABLE,PARTIAL,PARTIAL,STATIONARY,STATIONARY,MOVING,STATIONARY,STATIONARY,STATIONARY,MOVING
133076,3946,0.00046741,0.00156640,0.01382051,0.00153500,0.00239388,0.00254042,RELIABLE,RELIABLE,RELIABLE,RELIABLE,PARTIAL,PARTIAL,STATIONARY,STATIONARY,MOVING,STATIONARY,STATIONARY,STATIONARY,MOVING
133107,3947,0.00046677,0.00144539,0.01151555,0.00136105,0.00125472,0.00205527,RELIABLE,RELIABLE,RELIABLE,RELIABLE,PARTIAL,PARTIAL,STATIONARY,STATIONARY,MOVING,STATIONARY,STATIONARY,STATIONARY,MOVING
133156,3948,0.00048882,0.00120084,0.01004962,0.00100100,0.00114653,0.00151118,RELIABLE,RELIABLE,RELIABLE,RELIABLE,PARTIAL,PARTIAL,STATIONARY,STATIONARY,MOVING,STATIONARY,STATIONARY,STATIONARY,MOVING
133188,3949,0.00053721,0.00106780,0.00742068,0.00110151,0.00160113,0.00179176,RELIABLE,RELIABLE,RELIABLE,RELIABLE,PARTIAL,PARTIAL,STATIONARY,STATIONARY,MOVING,STATIONARY,STATIONARY,STATIONARY,MOVING
133218,3950,0.00053572,0.00092003,0.00592160,0.00118455,0.00193191,0.00198324,RELIABLE,RELIABLE,RELIABLE,RELIABLE,PARTIAL,PARTIAL,STATIONARY,STATIONARY,MOVING,STATIONARY,STATIONARY,STATIONARY,MOVING
133252,3951,0.00058117,0.00084933,0.00548678,0.00111049,0.00195397,0.00184068,RELIABLE,RELIABLE,RELIABLE,RELIABLE,PARTIAL,PARTIAL,STATIONARY,STATIONARY,MOVING,STATIONARY,STATIONARY,STATIONARY,MOVING
133283,3952,0.00067889,0.00089930,0.00511865,0.00086673,0.00186021,0.00173531,RELIABLE,RELIABLE,RELIABLE,RELIABLE,PARTIAL,PARTIAL,STATIONARY,STATIONARY,MOVING,STATIONARY,STATIONARY,STATIONARY,MOVING
133315,3953,0.00068959,0.00078470,0.00468857,0.00073845,0.00184272,0.00154015,RELIABLE,RELIABLE,RELIABLE,RELIABLE,PARTIAL,PARTIAL,STATIONARY,STATIONARY,MOVING,STATIONARY,STATIONARY,STATIONARY,MOVING
133347,3954,0.00068305,0.00064326,0.00467086,0.00071215,0.00210699,0.00161437,RELIABLE,RELIABLE,RELIABLE,RELIABLE,PARTIAL,PARTIAL,STATIONARY,STATIONARY,MOVING,STATIONARY,STATIONARY,STATIONARY,MOVING
133379,3955,0.00069943,0.00065154,0.00448961,0.00089293,0.00272966,0.00299088,RELIABLE,RELIABLE,RELIABLE,RELIABLE,PARTIAL,PARTIAL,STATIONARY,STATIONARY,MOVING,STATIONARY,STATIONARY,STATIONARY,MOVING
133411,3956,0.00061043,0.00072004,0.00546189,0.00089527,0.00273365,0.00308759,RELIABLE,RELIABLE,RELIABLE,RELIABLE,PARTIAL,PARTIAL,STATIONARY,STATIONARY,MOVING,STATIONARY,STATIONARY,STATIONARY,MOVING
133443,3957,0.00063479,0.00081330,0.00898182,0.00071226,0.00237444,0.00305588,RELIABLE,RELIABLE,RELIABLE,RELIABLE,PARTIAL,PARTIAL,STATIONARY,STATIONARY,MOVING,STATIONARY,STATIONARY,STATIONARY,MOVING
133475,3958,0.00056630,0.00092908,0.01171096,0.00063335,0.00212569,0.00288858,RELIABLE,RELIABLE,RELIABLE,RELIABLE,PARTIAL,PARTIAL,STATIONARY,STATIONARY,MOVING,STATIONARY,STATIONARY,STATIONARY,MOVING
133508,3959,0.00056206,0.00097219,0.01450465,0.00070013,0.00201517,0.00302759,RELIABLE,RELIABLE,RELIABLE,RELIABLE,PARTIAL,PARTIAL,STATIONARY,STATIONARY,MOVING,STATIONARY,STATIONARY,STATIONARY,MOVING
133555,3960,0.00043573,0.00106711,0.01891450,0.00084964,0.00175269,0.00298171,RELIABLE,RELIABLE,RELIABLE,RELIABLE,PARTIAL,PARTIAL,STATIONARY,STATIONARY,MOVING,STATIONARY,STATIONARY,STATIONARY,MOVING
133587,3961,0.00047309,0.00125179,0.01985507,0.00112383,0.00247551,0.00379200,RELIABLE,RELIABLE,RELIABLE,RELIABLE,PARTIAL,PARTIAL,STATIONARY,STATIONARY,MOVING,STATIONARY,STATIONARY,STATIONARY,MOVING
133619,3962,0.00065342,0.00123266,0.02145174,0.00135902,0.00241041,0.00385843,RELIABLE,RELIABLE,RELIABLE,RELIABLE,PARTIAL,PARTIAL,STATIONARY,STATIONARY,MOVING,STATIONARY,STATIONARY,STATIONARY,MOVING
133651,3963,0.00068944,0.00122091,0.02259355,0.00109842,0.00179682,0.00343909,RELIABLE,RELIABLE,RELIABLE,RELIABLE,PARTIAL,PARTIAL,STATIONARY,STATIONARY,MOVING,STATIONARY,STATIONARY,STATIONARY,MOVING
133684,3964,0.00078096,0.00113941,0.02207222,0.00119130,0.00164239,0.00349160,RELIABLE,RELIABLE,RELIABLE,RELIABLE,PARTIAL,PARTIAL,STATIONARY,STATIONARY,MOVING,STATIONARY,STATIONARY,STATIONARY,MOVING
133715,3965,0.00080951,0.00097218,0.01848704,0.00127442,0.00172691,0.00337764,RELIABLE,RELIABLE,RELIABLE,RELIABLE,PARTIAL,PARTIAL,STATIONARY,STATIONARY,MOVING,STATIONARY,STATIONARY,STATIONARY,MOVING
133747,3966,0.00081416,0.00107732,0.01570852,0.00157054,0.00226704,0.00397858,RELIABLE,RELIABLE,RELIABLE,RELIABLE,PARTIAL,PARTIAL,STATIONARY,STATIONARY,MOVING,STATIONARY,STATIONARY,STATIONARY,MOVING
133779,3967,0.00110415,0.00118340,0.01284448,0.00190934,0.00276221,0.00406253,RELIABLE,RELIABLE,RELIABLE,RELIABLE,PARTIAL,PARTIAL,STATIONARY,STATIONARY,MOVING,STATIONARY,STATIONARY,STATIONARY,MOVING
133812,3968,0.00145458,0.00107584,0.00870510,0.00200084,0.00310918,0.00416039,RELIABLE,RELIABLE,RELIABLE,RELIABLE,PARTIAL,PARTIAL,STATIONARY,STATIONARY,MOVING,STATIONARY,STATIONARY,STATIONARY,MOVING
133844,3969,0.00159807,0.00088986,0.00789499,0.00181946,0.00269416,0.00486927,RELIABLE,RELIABLE,RELIABLE,RELIABLE,PARTIAL,PARTIAL,STATIONARY,STATIONARY,MOVING,STATIONARY,STATIONARY,STATIONARY,MOVING
133876,3970,0.00208282,0.00090865,0.00748413,0.00173115,0.00266976,0.00477182,RELIABLE,RELIABLE,RELIABLE,RELIABLE,PARTIAL,PARTIAL,STATIONARY,STATIONARY,MOVING,STATIONARY,STATIONARY,STATIONARY,MOVING
133924,3971,0.00211440,0.00093909,0.00856790,0.00181075,0.00269482,0.00436016,RELIABLE,RELIABLE,RELIABLE,RELIABLE,PARTIAL,PARTIAL,STATIONARY,STATIONARY,MOVING,STATIONARY,STATIONARY,STATIONARY,MOVING
133956,3972,0.00210710,0.00099974,0.01079202,0.00189810,0.00272301,0.00447915,RELIABLE,RELIABLE,RELIABLE,RELIABLE,PARTIAL,PARTIAL,STATIONARY,STATIONARY,MOVING,STATIONARY,STATIONARY,STATIONARY,MOVING
133990,3973,0.00208963,0.00128401,0.01288043,0.00207274,0.00272321,0.00471596,RELIABLE,RELIABLE,RELIABLE,RELIABLE,PARTIAL,PARTIAL,STATIONARY,STATIONARY,MOVING,STATIONARY,STATIONARY,STATIONARY,MOVING
134019,3974,0.00208374,0.00115746,0.01482157,0.00186813,0.00297852,0.00541819,RELIABLE,RELIABLE,RELIABLE,RELIABLE,PARTIAL,PARTIAL,STATIONARY,STATIONARY,MOVING,STATIONARY,STATIONARY,STATIONARY,MOVING
134051,3975,0.00205434,0.00127199,0.01940498,0.00176374,0.00270996,0.00531841,RELIABLE,RELIABLE,RELIABLE,RELIABLE,PARTIAL,PARTIAL,STATIONARY,STATIONARY,MOVING,STATIONARY,STATIONARY,STATIONARY,MOVING
134084,3976,0.00194296,0.00128615,0.02107390,0.00163451,0.00247605,0.00536991,RELIABLE,RELIABLE,RELIABLE,RELIABLE,PARTIAL,PARTIAL,STATIONARY,STATIONARY,MOVING,STATIONARY,STATIONARY,STATIONARY,MOVING
134115,3977,0.00219969,0.00137725,0.02093784,0.00226548,0.00405310,0.00589064,RELIABLE,RELIABLE,RELIABLE,RELIABLE,PARTIAL,PARTIAL,STATIONARY,STATIONARY,MOVING,STATIONARY,STATIONARY,STATIONARY,MOVING
134147,3978,0.00177864,0.00147177,0.02010716,0.00236169,0.00458173,0.00621748,RELIABLE,RELIABLE,RELIABLE,RELIABLE,PARTIAL,PARTIAL,STATIONARY,STATIONARY,MOVING,STATIONARY,STATIONARY,STATIONARY,MOVING
134179,3979,0.00176875,0.00142841,0.01788819,0.00238493,0.00474774,0.00585183,RELIABLE,RELIABLE,RELIABLE,RELIABLE,PARTIAL,PARTIAL,STATIONARY,STATIONARY,MOVING,STATIONARY,STATIONARY,STATIONARY,MOVING
134211,3980,0.00199258,0.00157081,0.01536083,0.00259147,0.00473240,0.00659274,RELIABLE,RELIABLE,RELIABLE,RELIABLE,PARTIAL,PARTIAL,STATIONARY,STATIONARY,MOVING,STATIONARY,STATIONARY,STATIONARY,MOVING
134243,3981,0.00197424,0.00132147,0.01406153,0.00278709,0.00587195,0.00727275,RELIABLE,RELIABLE,RELIABLE,RELIABLE,PARTIAL,PARTIAL,STATIONARY,STATIONARY,MOVING,STATIONARY,STATIONARY,STATIONARY,MOVING
134275,3982,0.00226088,0.00124833,0.01326022,0.00294107,0.00511903,0.00638042,RELIABLE,RELIABLE,RELIABLE,RELIABLE,PARTIAL,PARTIAL,STATIONARY,STATIONARY,MOVING,STATIONARY,STATIONARY,STATIONARY,MOVING
134324,3983,0.00253780,0.00193291,0.00874521,0.00465956,0.01142097,0.01285051,RELIABLE,RELIABLE,RELIABLE,RELIABLE,PARTIAL,PARTIAL,STATIONARY,STATIONARY,MOVING,STATIONARY,STATIONARY,STATIONARY,MOVING
134355,3984,0.00235801,0.00199529,0.00759159,0.00533350,0.01229419,0.01661762,RELIABLE,RELIABLE,RELIABLE,RELIABLE,PARTIAL,PARTIAL,STATIONARY,STATIONARY,MOVING,STATIONARY,STATIONARY,STATIONARY,MOVING
134387,3985,0.00219692,0.00219213,0.00719896,0.00480101,0.01145833,0.01480117,RELIABLE,RELIABLE,RELIABLE,RELIABLE,PARTIAL,PARTIAL,STATIONARY,STATIONARY,MOVING,STATIONARY,STATIONARY,MOVING,MOVING
134419,3986,0.00227850,0.00247641,0.00693634,0.00478831,0.01120864,0.01428698,RELIABLE,RELIABLE,RELIABLE,RELIABLE,PARTIAL,PARTIAL,STATIONARY,STATIONARY,MOVING,STATIONARY,STATIONARY,MOVING,MOVING
134451,3987,0.00219835,0.00286830,0.00694107,0.00516580,0.01155043,0.01483584,RELIABLE,RELIABLE,RELIABLE,RELIABLE,PARTIAL,PARTIAL,STATIONARY,STATIONARY,MOVING,STATIONARY,STATIONARY,MOVING,MOVING
134483,3988,0.00272090,0.00325899,0.00735702,0.00543306,0.01176472,0.01591386,RELIABLE,RELIABLE,RELIABLE,RELIABLE,PARTIAL,PARTIAL,STATIONARY,STATIONARY,MOVING,STATIONARY,STATIONARY,MOVING,MOVING
134516,3989,0.00340052,0.00420413,0.00715505,0.00595638,0.01347676,0.01732018,RELIABLE,RELIABLE,RELIABLE,RELIABLE,PARTIAL,PARTIAL,STATIONARY,STATIONARY,MOVING,STATIONARY,STATIONARY,MOVING,MOVING
134548,3990,0.00400416,0.00478861,0.00879281,0.00614329,0.01350620,0.01700252,PARTIAL,RELIABLE,RELIABLE,RELIABLE,PARTIAL,PARTIAL,STATIONARY,STATIONARY,MOVING,STATIONARY,STATIONARY,MOVING,MOVING
134579,3991,,0.00393431,0.01111225,0.00500009,0.00896536,0.01351553,UNRELIABLE,RELIABLE,RELIABLE,RELIABLE,PARTIAL,PARTIAL,UNCERTAIN,STATIONARY,MOVING,STATIONARY,STATIONARY,MOVING,MOVING
134611,3992,,0.00516569,0.01210298,0.00667871,0.01670439,0.01943646,UNRELIABLE,RELIABLE,RELIABLE,RELIABLE,PARTIAL,PARTIAL,UNCERTAIN,STATIONARY,MOVING,STATIONARY,STATIONARY,MOVING,MOVING
134643,3993,,0.02179114,0.02749541,0.01300353,0.01922752,0.02261395,UNRELIABLE,RELIABLE,RELIABLE,RELIABLE,PARTIAL,PARTIAL,UNCERTAIN,STATIONARY,MOVING,STATIONARY,STATIONARY,MOVING,MOVING
134691,3994,,0.02851685,0.03238053,0.01550537,0.02020961,0.02293260,UNRELIABLE,RELIABLE,RELIABLE,RELIABLE,PARTIAL,PARTIAL,UNCERTAIN,STATIONARY,MOVING,STATIONARY,MOVING,MOVING,MOVING
134723,3995,,0.03343781,0.03551756,0.01910146,0.03167215,0.03360266,UNRELIABLE,RELIABLE,RELIABLE,RELIABLE,PARTIAL,PARTIAL,UNCERTAIN,MOVING,MOVING,MOVING,MOVING,MOVING,MOVING
134755,3996,,0.03477492,0.03606648,0.01946781,0.03350171,0.03257319,UNRELIABLE,RELIABLE,RELIABLE,RELIABLE,PARTIAL,PARTIAL,UNCERTAIN,MOVING,MOVING,MOVING,MOVING,MOVING,MOVING
134788,3997,,0.03489221,0.03657900,0.01954978,0.03281092,0.03229667,UNRELIABLE,RELIABLE,RELIABLE,RELIABLE,PARTIAL,PARTIAL,UNCERTAIN,MOVING,MOVING,MOVING,MOVING,MOVING,MOVING
134819,3998,,0.03517724,0.03468041,0.02022582,0.03756931,0.03713186,UNRELIABLE,RELIABLE,RELIABLE,RELIABLE,PARTIAL,PARTIAL,UNCERTAIN,MOVING,MOVING,MOVING,MOVING,MOVING,MOVING
134852,3999,,0.03608257,0.03258695,0.01985751,0.03714790,0.03644172,UNRELIABLE,RELIABLE,RELIABLE,RELIABLE,PARTIAL,PARTIAL,UNCERTAIN,MOVING,MOVING,MOVING,MOVING,MOVING,MOVING
134883,4000,,0.03612760,0.03321323,0.01877348,0.02914499,0.02851971,UNRELIABLE,RELIABLE,RELIABLE,RELIABLE,PARTIAL,PARTIAL,UNCERTAIN,MOVING,MOVING,MOVING,MOVING,MOVING,MOVING
134915,4001,,0.02110045,0.01803059,0.01351832,0.02957152,0.02911944,UNRELIABLE,RELIABLE,RELIABLE,RELIABLE,PARTIAL,PARTIAL,UNCERTAIN,MOVING,MOVING,MOVING,MOVING,MOVING,MOVING
134948,4002,,0.01546286,0.01331695,0.01261158,0.03045757,0.03133938,UNRELIABLE,RELIABLE,RELIABLE,RELIABLE,PARTIAL,PARTIAL,UNCERTAIN,MOVING,MOVING,MOVING,MOVING,MOVING,MOVING
134978,4003,,0.01185988,0.00998273,0.00908710,0.01870827,0.02037563,UNRELIABLE,RELIABLE,RELIABLE,RELIABLE,PARTIAL,PARTIAL,UNCERTAIN,MOVING,MOVING,MOVING,MOVING,MOVING,MOVING
135011,4004,,0.01181222,0.00884403,0.00902068,0.01809983,0.02000507,UNRELIABLE,RELIABLE,RELIABLE,RELIABLE,PARTIAL,PARTIAL,UNCERTAIN,MOVING,MOVING,MOVING,MOVING,MOVING,MOVING
135043,4005,,0.01220711,0.00782759,0.00856301,0.01701070,0.01849828,UNRELIABLE,RELIABLE,RELIABLE,RELIABLE,PARTIAL,PARTIAL,UNCERTAIN,MOVING,MOVING,MOVING,MOVING,MOVING,MOVING
135091,4006,,0.01428540,0.00757035,0.00891669,0.01418371,0.01441429,UNRELIABLE,RELIABLE,RELIABLE,RELIABLE,PARTIAL,PARTIAL,UNCERTAIN,MOVING,MOVING,MOVING,MOVING,MOVING,MOVING
135123,4007,,0.01507679,0.00754032,0.00952113,0.01361192,0.01264177,UNRELIABLE,RELIABLE,RELIABLE,RELIABLE,PARTIAL,PARTIAL,UNCERTAIN,MOVING,MOVING,MOVING,MOVING,MOVING,MOVING
135155,4008,,0.01611983,0.00572664,0.00928206,0.01366613,0.01158553,UNRELIABLE,RELIABLE,RELIABLE,RELIABLE,PARTIAL,PARTIAL,UNCERTAIN,MOVING,MOVING,MOVING,MOVING,MOVING,MOVING
135187,4009,,0.01617883,0.00629053,0.00916860,0.01059450,0.00858227,UNRELIABLE,RELIABLE,RELIABLE,RELIABLE,PARTIAL,PARTIAL,UNCERTAIN,MOVING,MOVING,MOVING,MOVING,MOVING,MOVING
135219,4010,,0.01671956,0.00623943,0.00810105,0.00997458,0.00634157,UNRELIABLE,RELIABLE,RELIABLE,RELIABLE,PARTIAL,PARTIAL,UNCERTAIN,MOVING,MOVING,MOVING,MOVING,MOVING,MOVING
135251,4011,,0.01639987,0.00706808,0.00851202,0.01000003,0.00742847,UNRELIABLE,RELIABLE,RELIABLE,RELIABLE,PARTIAL,PARTIAL,UNCERTAIN,MOVING,MOVING,MOVING,MOVING,MOVING,MOVING
135283,4012,,0.02025787,0.00724485,0.00888885,0.00990093,0.00819402,UNRELIABLE,RELIABLE,RELIABLE,RELIABLE,PARTIAL,PARTIAL,UNCERTAIN,MOVING,MOVING,MOVING,MOVING,MOVING,MOVING
135316,4013,,0.01979414,0.00829714,0.00936186,0.00988627,0.00823219,UNRELIABLE,RELIABLE,RELIABLE,RELIABLE,PARTIAL,PARTIAL,UNCERTAIN,MOVING,MOVING,MOVING,MOVING,MOVING,MOVING
135349,4014,,0.01817402,0.00857953,0.00899496,0.00880607,0.00782648,UNRELIABLE,RELIABLE,RELIABLE,RELIABLE,PARTIAL,PARTIAL,UNCERTAIN,MOVING,MOVING,MOVING,MOVING,MOVING,MOVING
135381,4015,,0.02007567,0.00903054,0.00881585,0.00808518,0.00785258,UNRELIABLE,RELIABLE,RELIABLE,RELIABLE,PARTIAL,PARTIAL,UNCERTAIN,MOVING,MOVING,MOVING,MOVING,MOVING,MOVING
146899,4277,0.01202183,0.02105470,0.01943178,0.01658526,,,RELIABLE,RELIABLE,RELIABLE,PARTIAL,UNRELIABLE,UNRELIABLE,MOVING,MOVING,MOVING,MOVING,UNCERTAIN,UNCERTAIN,MOVING
146931,4278,0.01068478,0.02041360,0.02009754,0.01788662,,,RELIABLE,RELIABLE,RELIABLE,RELIABLE,UNRELIABLE,UNRELIABLE,MOVING,MOVING,MOVING,MOVING,UNCERTAIN,UNCERTAIN,MOVING
146963,4279,0.01101962,0.02234656,0.01932153,0.01956422,,,RELIABLE,RELIABLE,RELIABLE,RELIABLE,UNRELIABLE,UNRELIABLE,MOVING,MOVING,MOVING,MOVING,UNCERTAIN,UNCERTAIN,MOVING
146994,4280,0.01064196,0.02460123,0.01977791,0.01937409,,,RELIABLE,RELIABLE,RELIABLE,RELIABLE,UNRELIABLE,UNRELIABLE,MOVING,MOVING,MOVING,MOVING,UNCERTAIN,UNCERTAIN,MOVING
147043,4281,0.01334494,0.02273657,0.01765616,0.01739838,,,RELIABLE,RELIABLE,RELIABLE,RELIABLE,UNRELIABLE,UNRELIABLE,MOVING,MOVING,MOVING,MOVING,UNCERTAIN,UNCERTAIN,MOVING
147075,4282,0.01243571,0.02188331,0.01645776,0.01705144,,,RELIABLE,RELIABLE,RELIABLE,RELIABLE,UNRELIABLE,UNRELIABLE,MOVING,MOVING,MOVING,MOVING,UNCERTAIN,UNCERTAIN,MOVING
147107,4283,0.01076697,0.02072753,0.01683753,0.01624250,,,RELIABLE,RELIABLE,RELIABLE,RELIABLE,UNRELIABLE,UNRELIABLE,MOVING,MOVING,MOVING,MOVING,UNCERTAIN,UNCERTAIN,MOVING
147140,4284,0.01043213,0.01972196,0.01778589,0.01550868,,,RELIABLE,RELIABLE,RELIABLE,RELIABLE,UNRELIABLE,UNRELIABLE,MOVING,MOVING,MOVING,MOVING,UNCERTAIN,UNCERTAIN,MOVING
147171,4285,0.01801419,0.01769547,0.01644994,0.01505889,,,PARTIAL,RELIABLE,RELIABLE,RELIABLE,UNRELIABLE,UNRELIABLE,MOVING,MOVING,MOVING,MOVING,UNCERTAIN,UNCERTAIN,MOVING
147203,4286,0.01883899,0.01697175,0.01693840,0.01338615,,,PARTIAL,RELIABLE,RELIABLE,RELIABLE,UNRELIABLE,UNRELIABLE,MOVING,MOVING,MOVING,MOVING,UNCERTAIN,UNCERTAIN,MOVING
147235,4287,,0.01498459,0.01784980,0.01114052,,,UNRELIABLE,RELIABLE,RELIABLE,RELIABLE,UNRELIABLE,UNRELIABLE,UNCERTAIN,MOVING,MOVING,MOVING,UNCERTAIN,UNCERTAIN,MOVING
147267,4288,,0.01241751,0.01809920,0.00970306,,0.00000000,UNRELIABLE,RELIABLE,RELIABLE,RELIABLE,UNRELIABLE,PARTIAL,UNCERTAIN,MOVING,MOVING,MOVING,UNCERTAIN,STATIONARY,MOVING
147299,4289,,0.01256655,0.01825799,0.00920923,,0.00291186,UNRELIABLE,RELIABLE,RELIABLE,RELIABLE,UNRELIABLE,PARTIAL,UNCERTAIN,MOVING,MOVING,MOVING,UNCERTAIN,STATIONARY,MOVING
147331,4290,,0.01341050,0.01778311,0.00767967,,0.00263414,UNRELIABLE,RELIABLE,RELIABLE,RELIABLE,UNRELIABLE,PARTIAL,UNCERTAIN,MOVING,MOVING,MOVING,UNCERTAIN,STATIONARY,MOVING
147363,4291,,0.01420758,0.01720542,0.00672458,,0.00297726,UNRELIABLE,RELIABLE,RELIABLE,RELIABLE,UNRELIABLE,PARTIAL,UNCERTAIN,MOVING,MOVING,MOVING,UNCERTAIN,STATIONARY,MOVING
147410,4292,,0.01559433,0.01561621,0.00633748,,0.00774948,UNRELIABLE,RELIABLE,RELIABLE,RELIABLE,UNRELIABLE,PARTIAL,UNCERTAIN,MOVING,MOVING,MOVING,UNCERTAIN,STATIONARY,MOVING
147443,4293,,0.01661045,0.01553760,0.00563005,,0.00690295,UNRELIABLE,RELIABLE,RELIABLE,RELIABLE,UNRELIABLE,PARTIAL,UNCERTAIN,MOVING,MOVING,MOVING,UNCERTAIN,STATIONARY,MOVING
147475,4294,,0.01770886,0.01461493,0.00540493,,0.00652796,UNRELIABLE,RELIABLE,RELIABLE,RELIABLE,UNRELIABLE,PARTIAL,UNCERTAIN,MOVING,MOVING,MOVING,UNCERTAIN,STATIONARY,MOVING
147507,4295,,0.01894824,0.01220906,0.00468218,0.00000000,0.00724541,UNRELIABLE,RELIABLE,RELIABLE,RELIABLE,PARTIAL,PARTIAL,UNCERTAIN,MOVING,MOVING,MOVING,STATIONARY,STATIONARY,MOVING
147539,4296,,0.01879444,0.01023587,0.00471360,0.00725674,0.00741311,UNRELIABLE,RELIABLE,RELIABLE,RELIABLE,PARTIAL,PARTIAL,UNCERTAIN,MOVING,MOVING,MOVING,STATIONARY,STATIONARY,MOVING
147571,4297,,0.01820285,0.00854744,0.00466080,0.00655574,0.00754875,UNRELIABLE,RELIABLE,RELIABLE,RELIABLE,PARTIAL,PARTIAL,UNCERTAIN,MOVING,MOVING,MOVING,STATIONARY,STATIONARY,MOVING
147603,4298,,0.01728826,0.00745969,0.00454863,0.00665143,0.01058045,UNRELIABLE,RELIABLE,RELIABLE,RELIABLE,PARTIAL,PARTIAL,UNCERTAIN,MOVING,MOVING,MOVING,STATIONARY,STATIONARY,MOVING
147635,4299,,0.01638905,0.00711195,0.00516010,0.00669009,0.01133941,UNRELIABLE,RELIABLE,RELIABLE,RELIABLE,PARTIAL,PARTIAL,UNCERTAIN,MOVING,MOVING,MOVING,STATIONARY,STATIONARY,MOVING
147667,4300,,0.01432214,0.00681334,0.00513627,0.00606374,0.00935079,UNRELIABLE,RELIABLE,RELIABLE,RELIABLE,PARTIAL,PARTIAL,UNCERTAIN,MOVING,MOVING,STATIONARY,STATIONARY,STATIONARY,MOVING
147699,4301,,0.01501960,0.00679907,0.00580352,0.00709693,0.00956324,UNRELIABLE,RELIABLE,RELIABLE,RELIABLE,PARTIAL,PARTIAL,UNCERTAIN,MOVING,MOVING,STATIONARY,STATIONARY,STATIONARY,MOVING
147731,4302,,0.01516640,0.00692854,0.00647771,0.00738694,0.00958070,UNRELIABLE,RELIABLE,RELIABLE,RELIABLE,PARTIAL,PARTIAL,UNCERTAIN,MOVING,MOVING,STATIONARY,STATIONARY,STATIONARY,MOVING
147763,4303,,0.01380077,0.00681590,0.00670698,0.00722767,0.00908869,UNRELIABLE,RELIABLE,RELIABLE,RELIABLE,PARTIAL,PARTIAL,UNCERTAIN,MOVING,MOVING,STATIONARY,STATIONARY,STATIONARY,MOVING
147811,4304,,0.01401974,0.00728628,0.00733156,0.00703902,0.00900537,UNRELIABLE,RELIABLE,RELIABLE,RELIABLE,PARTIAL,PARTIAL,UNCERTAIN,MOVING,MOVING,STATIONARY,STATIONARY,STATIONARY,MOVING
147843,4305,,0.01489585,0.00730612,0.00750467,0.00692540,0.00874103,UNRELIABLE,RELIABLE,RELIABLE,RELIABLE,PARTIAL,PARTIAL,UNCERTAIN,MOVING,MOVING,STATIONARY,STATIONARY,STATIONARY,MOVING
147875,4306,,0.01551377,0.00788517,0.00805003,0.00670913,0.00561297,UNRELIABLE,RELIABLE,RELIABLE,RELIABLE,PARTIAL,PARTIAL,UNCERTAIN,MOVING,MOVING,STATIONARY,STATIONARY,STATIONARY,MOVING
147906,4307,,0.01588393,0.00805519,0.00748047,0.00635461,0.00446372,UNRELIABLE,RELIABLE,RELIABLE,RELIABLE,PARTIAL,PARTIAL,UNCERTAIN,MOVING,MOVING,STATIONARY,STATIONARY,STATIONARY,MOVING
147939,4308,,0.01570480,0.00799215,0.00738926,0.00788628,0.00459886,UNRELIABLE,RELIABLE,RELIABLE,RELIABLE,PARTIAL,PARTIAL,UNCERTAIN,MOVING,MOVING,STATIONARY,STATIONARY,STATIONARY,MOVING
147971,4309,,0.01402564,0.00744296,0.00638470,0.00673793,0.00409379,UNRELIABLE,RELIABLE,RELIABLE,RELIABLE,PARTIAL,PARTIAL,UNCERTAIN,MOVING,MOVING,STATIONARY,STATIONARY,STATIONARY,MOVING
148003,4310,,0.01241722,0.00710277,0.00560305,0.00596702,0.00388753,UNRELIABLE,RELIABLE,RELIABLE,RELIABLE,PARTIAL,PARTIAL,UNCERTAIN,MOVING,MOVING,STATIONARY,STATIONARY,STATIONARY,MOVING
148035,4311,,0.01200152,0.00663460,0.00533688,0.00526996,0.00323606,UNRELIABLE,RELIABLE,RELIABLE,RELIABLE,PARTIAL,PARTIAL,UNCERTAIN,MOVING,MOVING,STATIONARY,STATIONARY,STATIONARY,MOVING
148067,4312,,0.01105555,0.00641583,0.00445118,0.00570560,0.00277899,UNRELIABLE,RELIABLE,RELIABLE,RELIABLE,PARTIAL,PARTIAL,UNCERTAIN,MOVING,MOVING,STATIONARY,STATIONARY,STATIONARY,MOVING
148099,4313,,0.00890542,0.00584348,0.00448351,0.00784197,0.00434888,UNRELIABLE,RELIABLE,RELIABLE,RELIABLE,PARTIAL,PARTIAL,UNCERTAIN,MOVING,MOVING,STATIONARY,STATIONARY,STATIONARY,MOVING
148131,4314,,0.00747316,0.00542466,0.00427998,0.00788928,0.00523320,UNRELIABLE,RELIABLE,RELIABLE,RELIABLE,PARTIAL,PARTIAL,UNCERTAIN,MOVING,MOVING,STATIONARY,STATIONARY,STATIONARY,MOVING
148179,4315,,0.01001048,0.00703189,0.00511533,0.01056821,0.00836574,UNRELIABLE,RELIABLE,RELIABLE,RELIABLE,PARTIAL,PARTIAL,UNCERTAIN,MOVING,MOVING,STATIONARY,STATIONARY,STATIONARY,MOVING
148211,4316,,0.01198193,0.00827497,0.00567852,0.00962095,0.00885837,UNRELIABLE,RELIABLE,RELIABLE,RELIABLE,PARTIAL,PARTIAL,UNCERTAIN,MOVING,MOVING,STATIONARY,STATIONARY,STATIONARY,MOVING
148242,4317,,0.01688739,0.01457233,0.00914661,0.01389008,0.01167397,UNRELIABLE,RELIABLE,RELIABLE,RELIABLE,PARTIAL,PARTIAL,UNCERTAIN,MOVING,MOVING,STATIONARY,STATIONARY,STATIONARY,MOVING
148274,4318,,0.02614977,0.02424215,0.01423115,0.01455921,0.01340188,UNRELIABLE,RELIABLE,RELIABLE,RELIABLE,PARTIAL,PARTIAL,UNCERTAIN,MOVING,MOVING,STATIONARY,STATIONARY,STATIONARY,MOVING
148307,4319,,0.03500266,0.03107461,0.01810178,0.01845952,0.01490006,UNRELIABLE,RELIABLE,RELIABLE,RELIABLE,PARTIAL,PARTIAL,UNCERTAIN,MOVING,MOVING,STATIONARY,MOVING,STATIONARY,MOVING
148339,4320,0.00000000,0.04117457,0.03310815,0.02022972,0.02116012,0.01587660,PARTIAL,RELIABLE,RELIABLE,RELIABLE,PARTIAL,PARTIAL,STATIONARY,MOVING,MOVING,MOVING,MOVING,MOVING,MOVING
148371,4321,0.01587939,0.05996664,0.05135607,0.03028571,0.02530706,0.02198501,RELIABLE,RELIABLE,RELIABLE,RELIABLE,PARTIAL,PARTIAL,STATIONARY,MOVING,MOVING,MOVING,MOVING,MOVING,MOVING
148403,4322,0.01588591,0.06254174,0.05270430,0.03092806,0.02535684,0.02187064,RELIABLE,PARTIAL,RELIABLE,RELIABLE,PARTIAL,PARTIAL,STATIONARY,MOVING,MOVING,MOVING,MOVING,MOVING,MOVING
148435,4323,0.01397961,0.06288857,0.05830816,0.03290688,0.02297068,0.02170787,RELIABLE,PARTIAL,RELIABLE,RELIABLE,PARTIAL,PARTIAL,MOVING,MOVING,MOVING,MOVING,MOVING,MOVING,MOVING
148467,4324,0.01449273,0.08361329,0.07797963,0.04433476,0.03480568,0.02861872,RELIABLE,PARTIAL,RELIABLE,RELIABLE,PARTIAL,PARTIAL,MOVING,MOVING,MOVING,MOVING,MOVING,MOVING,MOVING
148500,4325,0.01350013,0.08159008,0.07502415,0.04431000,0.03373277,0.03139289,RELIABLE,PARTIAL,RELIABLE,RELIABLE,PARTIAL,PARTIAL,MOVING,MOVING,MOVING,MOVING,MOVING,MOVING,MOVING
148532,4326,0.01196760,0.07344001,0.06533480,0.04002465,0.03371550,0.02990921,RELIABLE,PARTIAL,RELIABLE,RELIABLE,PARTIAL,PARTIAL,MOVING,MOVING,MOVING,MOVING,MOVING,MOVING,MOVING
148579,4327,0.01055598,0.06427439,0.05888685,0.03629436,0.03017445,0.02870552,RELIABLE,PARTIAL,RELIABLE,RELIABLE,PARTIAL,PARTIAL,MOVING,MOVING,MOVING,MOVING,MOVING,MOVING,MOVING
148612,4328,0.00955010,0.05758773,0.05672437,0.03421211,0.02685810,0.02764089,RELIABLE,PARTIAL,RELIABLE,RELIABLE,PARTIAL,PARTIAL,MOVING,MOVING,MOVING,MOVING,MOVING,MOVING,MOVING
148644,4329,0.00798612,0.03875216,0.03869900,0.02360475,0.02034027,0.01981494,RELIABLE,PARTIAL,RELIABLE,RELIABLE,PARTIAL,PARTIAL,MOVING,MOVING,MOVING,MOVING,MOVING,MOVING,MOVING
148676,4330,0.00631753,0.03575015,0.03693286,0.02252433,0.02011099,0.01961374,RELIABLE,PARTIAL,RELIABLE,RELIABLE,PARTIAL,PARTIAL,MOVING,MOVING,MOVING,MOVING,MOVING,MOVING,MOVING
148708,4331,0.00525274,0.03149671,0.02870312,0.01955473,0.01946198,0.01685625,RELIABLE,PARTIAL,RELIABLE,RELIABLE,PARTIAL,PARTIAL,MOVING,MOVING,MOVING,MOVING,MOVING,MOVING,MOVING
148739,4332,0.00352972,0.00812257,0.00762348,0.00710116,0.00678884,0.00884912,RELIABLE,RELIABLE,RELIABLE,RELIABLE,PARTIAL,PARTIAL,MOVING,MOVING,MOVING,MOVING,MOVING,MOVING,MOVING
148771,4333,0.00276492,0.00480620,0.00411457,0.00371970,0.00346307,0.00334281,RELIABLE,RELIABLE,RELIABLE,RELIABLE,PARTIAL,PARTIAL,MOVING,MOVING,MOVING,MOVING,MOVING,MOVING,MOVING
148803,4334,0.00288378,0.00371527,0.00436172,0.00301026,0.00261710,0.00291347,RELIABLE,RELIABLE,RELIABLE,RELIABLE,PARTIAL,PARTIAL,MOVING,MOVING,MOVING,MOVING,MOVING,MOVING,MOVING
148836,4335,0.00356165,0.00333504,0.00450197,0.00274637,0.00227313,0.00270924,RELIABLE,RELIABLE,RELIABLE,RELIABLE,PARTIAL,PARTIAL,MOVING,MOVING,MOVING,MOVING,MOVING,MOVING,MOVING
148867,4336,0.00382094,0.00340707,0.00443945,0.00266137,0.00181833,0.00238433,RELIABLE,RELIABLE,RELIABLE,RELIABLE,PARTIAL,PARTIAL,MOVING,MOVING,MOVING,MOVING,MOVING,MOVING,MOVING
148899,4337,0.00429463,0.00293709,0.00430810,0.00258642,0.00156915,0.00266435,RELIABLE,RELIABLE,RELIABLE,RELIABLE,PARTIAL,PARTIAL,MOVING,MOVING,MOVING,MOVING,MOVING,MOVING,MOVING
148948,4338,0.00479709,0.00306476,0.00467619,0.00266629,0.00126180,0.00241277,RELIABLE,RELIABLE,RELIABLE,RELIABLE,PARTIAL,PARTIAL,STATIONARY,MOVING,MOVING,MOVING,MOVING,MOVING,MOVING
148980,4339,0.00509232,0.00288062,0.00489675,0.00273931,0.00128000,0.00239654,RELIABLE,RELIABLE,RELIABLE,RELIABLE,PARTIAL,PARTIAL,STATIONARY,MOVING,MOVING,MOVING,MOVING,MOVING,MOVING
149011,4340,0.00535816,0.00252475,0.00472573,0.00273029,0.00132028,0.00244894,RELIABLE,RELIABLE,RELIABLE,RELIABLE,PARTIAL,PARTIAL,STATIONARY,STATIONARY,STATIONARY,STATIONARY,STATIONARY,STATIONARY,STATIONARY
149043,4341,0.00527119,0.00261794,0.00459012,0.00272815,0.00135844,0.00281724,RELIABLE,RELIABLE,RELIABLE,RELIABLE,PARTIAL,PARTIAL,STATIONARY,STATIONARY,STATIONARY,STATIONARY,STATIONARY,STATIONARY,STATIONARY
149076,4342,0.00505871,0.00234823,0.00370091,0.00254080,0.00142826,0.00295744,RELIABLE,RELIABLE,RELIABLE,RELIABLE,PARTIAL,PARTIAL,STATIONARY,STATIONARY,STATIONARY,STATIONARY,STATIONARY,STATIONARY,STATIONARY
149107,4343,0.00428958,0.00235116,0.00284452,0.00239156,0.00174975,0.00297720,RELIABLE,RELIABLE,RELIABLE,RELIABLE,PARTIAL,PARTIAL,STATIONARY,STATIONARY,STATIONARY,STATIONARY,STATIONARY,STATIONARY,STATIONARY
149139,4344,0.00403943,0.00219875,0.00253600,0.00235156,0.00185358,0.00301937,RELIABLE,RELIABLE,RELIABLE,RELIABLE,PARTIAL,PARTIAL,STATIONARY,STATIONARY,STATIONARY,STATIONARY,STATIONARY,STATIONARY,STATIONARY
149171,4345,0.00335286,0.00218753,0.00214003,0.00229065,0.00229092,0.00332269,RELIABLE,RELIABLE,RELIABLE,RELIABLE,PARTIAL,PARTIAL,STATIONARY,STATIONARY,STATIONARY,STATIONARY,STATIONARY,STATIONARY,STATIONARY
149203,4346,0.00262658,0.00205208,0.00183505,0.00202250,0.00218164,0.00295400,RELIABLE,RELIABLE,RELIABLE,RELIABLE,PARTIAL,PARTIAL,STATIONARY,STATIONARY,STATIONARY,STATIONARY,STATIONARY,STATIONARY,STATIONARY
149235,4347,0.00217645,0.00197792,0.00158382,0.00188735,0.00218898,0.00276805,RELIABLE,RELIABLE,RELIABLE,RELIABLE,PARTIAL,PARTIAL,STATIONARY,STATIONARY,STATIONARY,STATIONARY,STATIONARY,STATIONARY,STATIONARY
149267,4348,0.00191743,0.00190222,0.00173869,0.00190067,0.00221140,0.00283503,RELIABLE,RELIABLE,RELIABLE,RELIABLE,PARTIAL,PARTIAL,STATIONARY,STATIONARY,STATIONARY,STATIONARY,STATIONARY,STATIONARY,STATIONARY
149299,4349,0.00192016,0.00162384,0.00156361,0.00167844,0.00195584,0.00234468,RELIABLE,RELIABLE,RELIABLE,RELIABLE,PARTIAL,PARTIAL,STATIONARY,STATIONARY,STATIONARY,STATIONARY,STATIONARY,STATIONARY,STATIONARY
149347,4350,0.00157806,0.00166435,0.00164040,0.00161471,0.00219317,0.00239751,RELIABLE,RELIABLE,RELIABLE,RELIABLE,PARTIAL,PARTIAL,STATIONARY,STATIONARY,STATIONARY,STATIONARY,STATIONARY,STATIONARY,STATIONARY
149379,4351,0.00166399,0.00172657,0.00170285,0.00146198,0.00204002,0.00246542,RELIABLE,RELIABLE,RELIABLE,RELIABLE,PARTIAL,PARTIAL,STATIONARY,STATIONARY,STATIONARY,STATIONARY,STATIONARY,STATIONARY,STATIONARY
149411,4352,0.00148735,0.00173585,0.00166377,0.00127567,0.00199284,0.00242172,RELIABLE,RELIABLE,RELIABLE,RELIABLE,PARTIAL,PARTIAL,STATIONARY,STATIONARY,STATIONARY,STATIONARY,STATIONARY,STATIONARY,STATIONARY
149443,4353,0.00130059,0.00182960,0.00167822,0.00114395,0.00154265,0.00201671,RELIABLE,RELIABLE,RELIABLE,RELIABLE,PARTIAL,PARTIAL,STATIONARY,STATIONARY,STATIONARY,STATIONARY,STATIONARY,STATIONARY,STATIONARY
149475,4354,0.00124228,0.00180279,0.00148768,0.00092854,0.00149381,0.00189778,RELIABLE,RELIABLE,RELIABLE,RELIABLE,PARTIAL,PARTIAL,STATIONARY,STATIONARY,STATIONARY,STATIONARY,STATIONARY,STATIONARY,STATIONARY
149507,4355,0.00122567,0.00191047,0.00149513,0.00085536,0.00148082,0.00191020,RELIABLE,RELIABLE,RELIABLE,RELIABLE,PARTIAL,PARTIAL,STATIONARY,STATIONARY,STATIONARY,STATIONARY,STATIONARY,STATIONARY,STATIONARY
149539,4356,0.00098311,0.00204679,0.00120538,0.00055707,0.00131937,0.00175033,RELIABLE,RELIABLE,RELIABLE,RELIABLE,PARTIAL,PARTIAL,STATIONARY,STATIONARY,STATIONARY,STATIONARY,STATIONARY,STATIONARY,STATIONARY
149571,4357,0.00072610,0.00206348,0.00099839,0.00051539,0.00146461,0.00174366,RELIABLE,RELIABLE,RELIABLE,RELIABLE,PARTIAL,PARTIAL,STATIONARY,STATIONARY,STATIONARY,STATIONARY,STATIONARY,STATIONARY,STATIONARY
149603,4358,0.00073039,0.00203068,0.00080918,0.00035345,0.00099961,0.00143795,RELIABLE,RELIABLE,RELIABLE,RELIABLE,PARTIAL,PARTIAL,STATIONARY,STATIONARY,STATIONARY,STATIONARY,STATIONARY,STATIONARY,STATIONARY
149635,4359,0.00061965,0.00197938,0.00071994,0.00031215,0.00082094,0.00113657,RELIABLE,RELIABLE,RELIABLE,RELIABLE,PARTIAL,PARTIAL,STATIONARY,STATIONARY,STATIONARY,STATIONARY,STATIONARY,STATIONARY,STATIONARY
149668,4360,0.00059261,0.00194991,0.00079147,0.00033129,0.00082408,0.00127853,RELIABLE,RELIABLE,RELIABLE,RELIABLE,PARTIAL,PARTIAL,STATIONARY,STATIONARY,STATIONARY,STATIONARY,STATIONARY,STATIONARY,STATIONARY
149715,4361,0.00075022,0.00193409,0.00077893,0.00038629,0.00077934,0.00129258,RELIABLE,RELIABLE,RELIABLE,RELIABLE,PARTIAL,PARTIAL,STATIONARY,STATIONARY,STATIONARY,STATIONARY,STATIONARY,STATIONARY,STATIONARY
149747,4362,0.00076981,0.00203637,0.00088346,0.00043226,0.00110830,0.00162794,RELIABLE,RELIABLE,RELIABLE,RELIABLE,PARTIAL,PARTIAL,STATIONARY,STATIONARY,STATIONARY,STATIONARY,STATIONARY,STATIONARY,STATIONARY
149779,4363,0.00094530,0.00193035,0.00087645,0.00052048,0.00109997,0.00191833,RELIABLE,RELIABLE,RELIABLE,RELIABLE,PARTIAL,PARTIAL,STATIONARY,STATIONARY,STATIONARY,STATIONARY,STATIONARY,STATIONARY,STATIONARY
149811,4364,0.00126188,0.00185085,0.00094341,0.00056106,0.00114166,0.00169419,RELIABLE,RELIABLE,RELIABLE,RELIABLE,PARTIAL,PARTIAL,STATIONARY,STATIONARY,STATIONARY,STATIONARY,STATIONARY,STATIONARY,STATIONARY
149844,4365,0.00128590,0.00189247,0.00109243,0.00062379,0.00103412,0.00164109,RELIABLE,RELIABLE,RELIABLE,RELIABLE,PARTIAL,PARTIAL,STATIONARY,STATIONARY,STATIONARY,STATIONARY,STATIONARY,STATIONARY,STATIONARY
149876,4366,0.00139752,0.00176256,0.00133496,0.00092647,0.00137797,0.00255405,RELIABLE,RELIABLE,RELIABLE,RELIABLE,PARTIAL,PARTIAL,STATIONARY,STATIONARY,STATIONARY,STATIONARY,STATIONARY,STATIONARY,STATIONARY
149908,4367,0.00129055,0.00173989,0.00171191,0.00112655,0.00163750,0.00260840,RELIABLE,RELIABLE,RELIABLE,RELIABLE,PARTIAL,PARTIAL,STATIONARY,STATIONARY,STATIONARY,STATIONARY,STATIONARY,STATIONARY,STATIONARY
149939,4368,0.00129844,0.00161085,0.00164815,0.00111825,0.00158526,0.00240598,RELIABLE,RELIABLE,RELIABLE,RELIABLE,PARTIAL,PARTIAL,STATIONARY,STATIONARY,STATIONARY,STATIONARY,STATIONARY,STATIONARY,STATIONARY
149971,4369,0.00147609,0.00160997,0.00182760,0.00111287,0.00203920,0.00236621,RELIABLE,RELIABLE,RELIABLE,RELIABLE,PARTIAL,PARTIAL,STATIONARY,STATIONARY,STATIONARY,STATIONARY,STATIONARY,STATIONARY,STATIONARY
150004,4370,0.00183769,0.00139172,0.00170052,0.00117830,0.00258346,0.00275696,RELIABLE,RELIABLE,RELIABLE,RELIABLE,PARTIAL,PARTIAL,STATIONARY,STATIONARY,STATIONARY,STATIONARY,STATIONARY,STATIONARY,STATIONARY
150035,4371,0.00231300,0.00140763,0.00184803,0.00125198,0.00281750,0.00351481,RELIABLE,RELIABLE,RELIABLE,RELIABLE,PARTIAL,PARTIAL,STATIONARY,STATIONARY,STATIONARY,STATIONARY,STATIONARY,STATIONARY,STATIONARY
150068,4372,0.00283138,0.00137851,0.00204129,0.00136676,0.00362596,0.00378492,RELIABLE,RELIABLE,RELIABLE,RELIABLE,PARTIAL,PARTIAL,STATIONARY,STATIONARY,STATIONARY,STATIONARY,STATIONARY,STATIONARY,STATIONARY
150116,4373,0.00325806,0.00148924,0.00237509,0.00145397,0.00377188,0.00381376,RELIABLE,RELIABLE,RELIABLE,RELIABLE,PARTIAL,PARTIAL,STATIONARY,STATIONARY,STATIONARY,STATIONARY,STATIONARY,STATIONARY,STATIONARY
150147,4374,0.00402495,0.00153706,0.00212883,0.00120444,0.00361966,0.00348762,RELIABLE,RELIABLE,RELIABLE,RELIABLE,PARTIAL,PARTIAL,STATIONARY,STATIONARY,STATIONARY,STATIONARY,STATIONARY,STATIONARY,STATIONARY
150179,4375,0.00458606,0.00152322,0.00191834,0.00119182,0.00362639,0.00415863,RELIABLE,RELIABLE,RELIABLE,RELIABLE,PARTIAL,PARTIAL,STATIONARY,STATIONARY,STATIONARY,STATIONARY,STATIONARY,STATIONARY,STATIONARY
150211,4376,0.00499167,0.00165931,0.00206175,0.00120284,0.00356617,0.00422020,RELIABLE,RELIABLE,RELIABLE,RELIABLE,PARTIAL,PARTIAL,STATIONARY,STATIONARY,STATIONARY,STATIONARY,STATIONARY,STATIONARY,STATIONARY
150243,4377,0.00526400,0.00158699,0.00196222,0.00114391,0.00335199,0.00404662,RELIABLE,RELIABLE,RELIABLE,RELIABLE,PARTIAL,PARTIAL,STATIONARY,STATIONARY,STATIONARY,STATIONARY,STATIONARY,STATIONARY,STATIONARY
150276,4378,0.00531948,0.00159220,0.00221310,0.00109634,0.00270714,0.00337449,RELIABLE,RELIABLE,RELIABLE,RELIABLE,PARTIAL,PARTIAL,STATIONARY,STATIONARY,STATIONARY,STATIONARY,STATIONARY,STATIONARY,STATIONARY
150307,4379,0.00490132,0.00185362,0.00230457,0.00091701,0.00235871,0.00241408,RELIABLE,RELIABLE,RELIABLE,RELIABLE,PARTIAL,PARTIAL,STATIONARY,STATIONARY,STATIONARY,STATIONARY,STATIONARY,STATIONARY,STATIONARY
150340,4380,0.00419213,0.00189441,0.00198730,0.00076723,0.00162133,0.00254127,RELIABLE,RELIABLE,RELIABLE,RELIABLE,PARTIAL,PARTIAL,STATIONARY,STATIONARY,STATIONARY,STATIONARY,STATIONARY,STATIONARY,STATIONARY
150371,4381,0.00381897,0.00174317,0.00166895,0.00078892,0.00168967,0.00353685,RELIABLE,RELIABLE,RELIABLE,RELIABLE,PARTIAL,PARTIAL,STATIONARY,STATIONARY,STATIONARY,STATIONARY,STATIONARY,STATIONARY,STATIONARY
150403,4382,0.00317958,0.00180192,0.00167728,0.00075643,0.00210840,0.00293573,RELIABLE,RELIABLE,RELIABLE,RELIABLE,PARTIAL,PARTIAL,STATIONARY,STATIONARY,STATIONARY,STATIONARY,STATIONARY,STATIONARY,STATIONARY
150435,4383,0.00294865,0.00197438,0.00161420,0.00082889,0.00229600,0.00252732,RELIABLE,RELIABLE,RELIABLE,RELIABLE,PARTIAL,PARTIAL,STATIONARY,STATIONARY,STATIONARY,STATIONARY,STATIONARY,STATIONARY,STATIONARY
150484,4384,0.00328358,0.00188442,0.00154589,0.00096732,0.00249550,0.00266239,RELIABLE,RELIABLE,RELIABLE,RELIABLE,PARTIAL,PARTIAL,STATIONARY,STATIONARY,STATIONARY,STATIONARY,STATIONARY,STATIONARY,STATIONARY
150516,4385,0.00313114,0.01655239,0.01118330,0.00654869,0.00888852,0.00900387,RELIABLE,RELIABLE,RELIABLE,RELIABLE,PARTIAL,PARTIAL,STATIONARY,STATIONARY,STATIONARY,STATIONARY,STATIONARY,STATIONARY,STATIONARY
150548,4386,0.00311206,0.02852638,0.02685626,0.01512445,0.01692078,0.01627482,RELIABLE,RELIABLE,RELIABLE,RELIABLE,PARTIAL,PARTIAL,STATIONARY,STATIONARY,STATIONARY,STATIONARY,STATIONARY,STATIONARY,STATIONARY
150580,4387,0.00314234,0.02981581,0.02748185,0.01597117,0.01884610,0.01698818,RELIABLE,RELIABLE,RELIABLE,RELIABLE,PARTIAL,PARTIAL,STATIONARY,MOVING,STATIONARY,STATIONARY,STATIONARY,STATIONARY,MOVING
150612,4388,0.00348398,0.03076096,0.03041992,0.01790142,0.02108425,0.01754210,RELIABLE,RELIABLE,RELIABLE,RELIABLE,PARTIAL,PARTIAL,STATIONARY,MOVING,MOVING,MOVING,MOVING,MOVING,MOVING
150644,4389,0.00369509,0.03106232,0.03100940,0.01836850,0.02137751,0.01695869,RELIABLE,RELIABLE,RELIABLE,RELIABLE,PARTIAL,PARTIAL,STATIONARY,MOVING,MOVING,MOVING,MOVING,MOVING,MOVING
150676,4390,0.00351618,0.04101824,0.04647274,0.02569036,0.02399828,0.02053625,RELIABLE,RELIABLE,RELIABLE,RELIABLE,PARTIAL,PARTIAL,STATIONARY,MOVING,MOVING,MOVING,MOVING,MOVING,MOVING
150708,4391,0.00359448,0.04764258,0.05439537,0.02901777,0.02622979,0.02109266,RELIABLE,RELIABLE,RELIABLE,RELIABLE,PARTIAL,PARTIAL,STATIONARY,MOVING,MOVING,MOVING,MOVING,MOVING,MOVING
150739,4392,0.00330216,0.04967521,0.05956342,0.03070015,0.02817478,0.02222221,RELIABLE,RELIABLE,RELIABLE,RELIABLE,PARTIAL,PARTIAL,STATIONARY,MOVING,MOVING,MOVING,MOVING,MOVING,MOVING
150771,4393,0.00306845,0.03641692,0.05325455,0.02608636,0.02302487,0.01634342,RELIABLE,RELIABLE,RELIABLE,RELIABLE,PARTIAL,PARTIAL,STATIONARY,MOVING,MOVING,MOVING,MOVING,MOVING,MOVING
150803,4394,0.00324891,0.04279344,0.05221033,0.02540061,0.02029781,0.01389899,RELIABLE,RELIABLE,RELIABLE,RELIABLE,PARTIAL,PARTIAL,STATIONARY,MOVING,MOVING,MOVING,MOVING,MOVING,MOVING
150835,4395,0.00350496,0.05549675,0.06389916,0.03043818,0.02183311,0.01630164,RELIABLE,RELIABLE,RELIABLE,RELIABLE,PARTIAL,PARTIAL,STATIONARY,MOVING,MOVING,MOVING,MOVING,MOVING,MOVING
150883,4396,0.00332694,0.05560709,0.06397960,0.02914918,0.02006658,0.01696393,RELIABLE,RELIABLE,RELIABLE,RELIABLE,PARTIAL,PARTIAL,STATIONARY,MOVING,MOVING,MOVING,MOVING,MOVING,MOVING
150916,4397,0.00386593,0.06446086,0.07583964,0.03340025,0.02237946,0.01897197,RELIABLE,RELIABLE,RELIABLE,RELIABLE,PARTIAL,PARTIAL,STATIONARY,MOVING,MOVING,MOVING,MOVING,MOVING,MOVING
150947,4398,0.00425469,0.06456934,0.06402964,0.03053850,0.02561601,0.02158967,RELIABLE,RELIABLE,RELIABLE,RELIABLE,PARTIAL,PARTIAL,STATIONARY,MOVING,MOVING,MOVING,MOVING,MOVING,MOVING
150979,4399,0.00422242,0.05989644,0.05745949,0.02881934,0.02482490,0.02263623,RELIABLE,RELIABLE,RELIABLE,RELIABLE,PARTIAL,PARTIAL,STATIONARY,MOVING,MOVING,MOVING,MOVING,MOVING,MOVING
151011,4400,0.00385098,0.05831608,0.05259862,0.02762728,0.02312530,0.02248141,RELIABLE,RELIABLE,RELIABLE,RELIABLE,PARTIAL,PARTIAL,STATIONARY,MOVING,MOVING,MOVING,MOVING,MOVING,MOVING
151043,4401,0.00398656,0.05695531,0.04980638,0.02706284,0.02241476,0.02270638,RELIABLE,RELIABLE,RELIABLE,RELIABLE,PARTIAL,PARTIAL,STATIONARY,MOVING,MOVING,MOVING,MOVING,MOVING,MOVING
151075,4402,0.00374568,0.03929579,0.03532685,0.01968385,0.01799561,0.01839242,RELIABLE,RELIABLE,RELIABLE,RELIABLE,PARTIAL,PARTIAL,STATIONARY,MOVING,MOVING,MOVING,MOVING,MOVING,MOVING
151108,4403,0.00357104,0.02526680,0.02315261,0.01402174,0.01473116,0.01615058,RELIABLE,RELIABLE,RELIABLE,RELIABLE,PARTIAL,PARTIAL,STATIONARY,MOVING,MOVING,MOVING,MOVING,MOVING,MOVING
151139,4404,0.00353238,0.02431552,0.02033012,0.01347770,0.01433220,0.01486713,RELIABLE,RELIABLE,RELIABLE,RELIABLE,PARTIAL,PARTIAL,STATIONARY,MOVING,MOVING,MOVING,MOVING,MOVING,MOVING
151171,4405,0.00297498,0.01516665,0.00796405,0.00867763,0.01172781,0.01261239,RELIABLE,RELIABLE,RELIABLE,RELIABLE,PARTIAL,PARTIAL,STATIONARY,MOVING,MOVING,MOVING,MOVING,MOVING,MOVING
151203,4406,0.00274975,0.00507681,0.00446330,0.00434835,0.00546452,0.00649374,RELIABLE,RELIABLE,RELIABLE,RELIABLE,PARTIAL,PARTIAL,STATIONARY,MOVING,MOVING,MOVING,MOVING,MOVING,MOVING
151251,4407,0.00324533,0.00310233,0.00347832,0.00253519,0.00376336,0.00468670,RELIABLE,RELIABLE,RELIABLE,RELIABLE,PARTIAL,PARTIAL,STATIONARY,MOVING,MOVING,MOVING,MOVING,MOVING,MOVING
151284,4408,0.00380161,0.00265299,0.00341592,0.00190457,0.00344510,0.00365541,RELIABLE,RELIABLE,RELIABLE,RELIABLE,PARTIAL,PARTIAL,STATIONARY,MOVING,MOVING,MOVING,MOVING,MOVING,MOVING
151315,4409,0.00430293,0.00257458,0.00282149,0.00173928,0.00353801,0.00371528,RELIABLE,RELIABLE,RELIABLE,RELIABLE,PARTIAL,PARTIAL,STATIONARY,MOVING,MOVING,MOVING,MOVING,MOVING,MOVING
151347,4410,0.00471297,0.00190954,0.00238670,0.00124588,0.00248796,0.00322186,RELIABLE,RELIABLE,RELIABLE,RELIABLE,PARTIAL,PARTIAL,STATIONARY,MOVING,MOVING,MOVING,MOVING,MOVING,MOVING
151379,4411,0.00528258,0.00174706,0.00201818,0.00113453,0.00239757,0.00230210,RELIABLE,RELIABLE,RELIABLE,RELIABLE,PARTIAL,PARTIAL,STATIONARY,MOVING,MOVING,MOVING,MOVING,MOVING,MOVING
151411,4412,0.00586178,0.00165069,0.00189663,0.00109545,0.00237486,0.00199039,RELIABLE,RELIABLE,RELIABLE,RELIABLE,PARTIAL,PARTIAL,STATIONARY,MOVING,MOVING,MOVING,MOVING,MOVING,MOVING
151443,4413,0.00680070,0.00176373,0.00184767,0.00112921,0.00216481,0.00207342,RELIABLE,RELIABLE,RELIABLE,RELIABLE,PARTIAL,PARTIAL,STATIONARY,STATIONARY,STATIONARY,STATIONARY,STATIONARY,MOVING,MOVING
151475,4414,0.00715976,0.00171336,0.00191436,0.00110732,0.00201763,0.00205923,RELIABLE,RELIABLE,RELIABLE,RELIABLE,PARTIAL,PARTIAL,STATIONARY,STATIONARY,STATIONARY,STATIONARY,STATIONARY,STATIONARY,STATIONARY
151508,4415,0.00687220,0.00181819,0.00149698,0.00114804,0.00191591,0.00196085,RELIABLE,RELIABLE,RELIABLE,RELIABLE,PARTIAL,PARTIAL,STATIONARY,STATIONARY,STATIONARY,STATIONARY,STATIONARY,STATIONARY,STATIONARY
151540,4416,0.00668512,0.00225109,0.00136282,0.00128131,0.00194094,0.00199280,RELIABLE,RELIABLE,RELIABLE,RELIABLE,PARTIAL,PARTIAL,STATIONARY,STATIONARY,STATIONARY,STATIONARY,STATIONARY,STATIONARY,STATIONARY
151571,4417,0.00651438,0.00241339,0.00155316,0.00109427,0.00108606,0.00122711,RELIABLE,RELIABLE,RELIABLE,RELIABLE,PARTIAL,PARTIAL,STATIONARY,STATIONARY,STATIONARY,STATIONARY,STATIONARY,STATIONARY,STATIONARY
151603,4418,0.00621054,0.00241355,0.00169960,0.00122361,0.00163370,0.00182094,RELIABLE,RELIABLE,RELIABLE,RELIABLE,PARTIAL,PARTIAL,STATIONARY,STATIONARY,STATIONARY,STATIONARY,STATIONARY,STATIONARY,STATIONARY
151651,4419,0.00574361,0.00234729,0.00187739,0.00115768,0.00153664,0.00184046,RELIABLE,RELIABLE,RELIABLE,RELIABLE,PARTIAL,PARTIAL,STATIONARY,STATIONARY,STATIONARY,STATIONARY,STATIONARY,STATIONARY,STATIONARY
151685,4420,0.00508040,0.00222310,0.00194586,0.00124097,0.00141227,0.00189863,RELIABLE,RELIABLE,RELIABLE,RELIABLE,PARTIAL,PARTIAL,STATIONARY,STATIONARY,STATIONARY,STATIONARY,STATIONARY,STATIONARY,STATIONARY
151716,4421,0.00396327,0.00195060,0.00186946,0.00131662,0.00159703,0.00279060,RELIABLE,RELIABLE,RELIABLE,RELIABLE,PARTIAL,PARTIAL,STATIONARY,STATIONARY,STATIONARY,STATIONARY,STATIONARY,STATIONARY,STATIONARY
151748,4422,0.00336296,0.00194533,0.00181619,0.00142519,0.00183081,0.00286641,RELIABLE,RELIABLE,RELIABLE,RELIABLE,PARTIAL,PARTIAL,STATIONARY,STATIONARY,STATIONARY,STATIONARY,STATIONARY,STATIONARY,STATIONARY
151780,4423,0.00279940,0.00157123,0.00187172,0.00134544,0.00175403,0.00292438,RELIABLE,RELIABLE,RELIABLE,RELIABLE,PARTIAL,PARTIAL,STATIONARY,STATIONARY,STATIONARY,STATIONARY,STATIONARY,STATIONARY,STATIONARY
151812,4424,0.00232719,0.00099413,0.00162673,0.00116792,0.00185693,0.00290949,RELIABLE,RELIABLE,RELIABLE,RELIABLE,PARTIAL,PARTIAL,STATIONARY,STATIONARY,STATIONARY,STATIONARY,STATIONARY,STATIONARY,STATIONARY
151846,4425,0.00167750,0.00075922,0.00142771,0.00120560,0.00188289,0.00336234,RELIABLE,RELIABLE,RELIABLE,RELIABLE,PARTIAL,PARTIAL,STATIONARY,STATIONARY,STATIONARY,STATIONARY,STATIONARY,STATIONARY,STATIONARY
151876,4426,0.00125704,0.00072141,0.00127029,0.00104830,0.00126601,0.00299572,RELIABLE,RELIABLE,RELIABLE,RELIABLE,PARTIAL,PARTIAL,STATIONARY,STATIONARY,STATIONARY,STATIONARY,STATIONARY,STATIONARY,STATIONARY
151908,4427,0.00088987,0.00069172,0.00105044,0.00106506,0.00134610,0.00319827,RELIABLE,RELIABLE,RELIABLE,RELIABLE,PARTIAL,PARTIAL,STATIONARY,STATIONARY,STATIONARY,STATIONARY,STATIONARY,STATIONARY,STATIONARY
151939,4428,0.00150412,0.00067327,0.00098830,0.00102973,0.00131907,0.00419421,RELIABLE,RELIABLE,RELIABLE,RELIABLE,PARTIAL,PARTIAL,STATIONARY,STATIONARY,STATIONARY,STATIONARY,STATIONARY,STATIONARY,STATIONARY
151971,4429,0.00279069,0.00068923,0.00090075,0.00087126,0.00116725,0.00312669,RELIABLE,RELIABLE,RELIABLE,RELIABLE,PARTIAL,PARTIAL,STATIONARY,STATIONARY,STATIONARY,STATIONARY,STATIONARY,STATIONARY,STATIONARY
152003,4430,0.00426409,0.00060280,0.00068919,0.00068515,0.00111522,0.00305324,RELIABLE,RELIABLE,RELIABLE,RELIABLE,PARTIAL,PARTIAL,STATIONARY,STATIONARY,STATIONARY,STATIONARY,STATIONARY,STATIONARY,STATIONARY
152051,4431,0.00567458,0.00119460,0.00063919,0.00080527,0.00129618,0.00343092,RELIABLE,RELIABLE,RELIABLE,RELIABLE,PARTIAL,PARTIAL,STATIONARY,STATIONARY,STATIONARY,STATIONARY,STATIONARY,STATIONARY,STATIONARY
152083,4432,0.00643540,0.00141229,0.00078571,0.00105917,0.00121057,0.00437647,RELIABLE,RELIABLE,RELIABLE,RELIABLE,PARTIAL,PARTIAL,STATIONARY,STATIONARY,STATIONARY,STATIONARY,STATIONARY,STATIONARY,STATIONARY
152115,4433,0.00719892,0.00156750,0.00084592,0.00103072,0.00158689,0.00429214,RELIABLE,RELIABLE,RELIABLE,RELIABLE,PARTIAL,PARTIAL,STATIONARY,STATIONARY,STATIONARY,STATIONARY,STATIONARY,STATIONARY,STATIONARY
152148,4434,0.00779460,0.00162371,0.00095150,0.00101633,0.00168300,0.00419067,RELIABLE,RELIABLE,RELIABLE,RELIABLE,PARTIAL,PARTIAL,STATIONARY,STATIONARY,STATIONARY,STATIONARY,STATIONARY,STATIONARY,STATIONARY
152179,4435,0.00826806,0.00173310,0.00096273,0.00097737,0.00193861,0.00413822,RELIABLE,RELIABLE,RELIABLE,RELIABLE,PARTIAL,PARTIAL,STATIONARY,STATIONARY,STATIONARY,STATIONARY,STATIONARY,STATIONARY,STATIONARY
152211,4436,0.00775558,0.00183721,0.00129927,0.00104476,0.00198064,0.00308394,RELIABLE,RELIABLE,RELIABLE,RELIABLE,PARTIAL,PARTIAL,STATIONARY,STATIONARY,STATIONARY,STATIONARY,STATIONARY,STATIONARY,STATIONARY
152242,4437,0.00664942,0.00190707,0.00150911,0.00107300,0.00199034,0.00294842,RELIABLE,RELIABLE,RELIABLE,RELIABLE,PARTIAL,PARTIAL,STATIONARY,STATIONARY,STATIONARY,STATIONARY,STATIONARY,STATIONARY,STATIONARY
152275,4438,0.00527657,0.00211597,0.00180920,0.00115346,0.00184444,0.00296694,RELIABLE,RELIABLE,RELIABLE,RELIABLE,PARTIAL,PARTIAL,STATIONARY,STATIONARY,STATIONARY,STATIONARY,STATIONARY,STATIONARY,STATIONARY
152307,4439,0.00393584,0.00156997,0.00178637,0.00101572,0.00201458,0.00248758,RELIABLE,RELIABLE,RELIABLE,RELIABLE,PARTIAL,PARTIAL,STATIONARY,STATIONARY,STATIONARY,STATIONARY,STATIONARY,STATIONARY,STATIONARY
152339,4440,0.00316524,0.00139189,0.00181653,0.00080303,0.00183175,0.00144571,RELIABLE,RELIABLE,RELIABLE,RELIABLE,PARTIAL,PARTIAL,STATIONARY,STATIONARY,STATIONARY,STATIONARY,STATIONARY,STATIONARY,STATIONARY
152371,4441,0.00263573,0.00144503,0.00184884,0.00113366,0.00189349,0.00205492,RELIABLE,RELIABLE,RELIABLE,RELIABLE,PARTIAL,PARTIAL,STATIONARY,STATIONARY,STATIONARY,STATIONARY,STATIONARY,STATIONARY,STATIONARY
152419,4442,0.00210598,0.00132564,0.00176163,0.00116581,0.00189059,0.00216984,RELIABLE,RELIABLE,RELIABLE,RELIABLE,PARTIAL,PARTIAL,STATIONARY,STATIONARY,STATIONARY,STATIONARY,STATIONARY,STATIONARY,STATIONARY
152451,4443,0.00155355,0.00114481,0.00171345,0.00112213,0.00160748,0.00190889,RELIABLE,RELIABLE,RELIABLE,RELIABLE,PARTIAL,PARTIAL,STATIONARY,STATIONARY,STATIONARY,STATIONARY,STATIONARY,STATIONARY,STATIONARY
152483,4444,0.00128707,0.00101251,0.00143010,0.00100813,0.00157232,0.00202077,RELIABLE,RELIABLE,RELIABLE,RELIABLE,PARTIAL,PARTIAL,STATIONARY,STATIONARY,STATIONARY,STATIONARY,STATIONARY,STATIONARY,STATIONARY
152515,4445,0.00096858,0.00093132,0.00135432,0.00109477,0.00209274,0.00262096,RELIABLE,RELIABLE,RELIABLE,RELIABLE,PARTIAL,PARTIAL,STATIONARY,STATIONARY,STATIONARY,STATIONARY,STATIONARY,STATIONARY,STATIONARY
152547,4446,0.00086035,0.00076121,0.00114961,0.00101473,0.00228350,0.00285720,RELIABLE,RELIABLE,RELIABLE,RELIABLE,PARTIAL,PARTIAL,STATIONARY,STATIONARY,STATIONARY,STATIONARY,STATIONARY,STATIONARY,STATIONARY
152579,4447,0.00101216,0.00076987,0.00141975,0.00129300,0.00255372,0.00432781,RELIABLE,RELIABLE,RELIABLE,RELIABLE,PARTIAL,PARTIAL,STATIONARY,STATIONARY,STATIONARY,STATIONARY,STATIONARY,STATIONARY,STATIONARY
152611,4448,0.00099306,0.00075485,0.00132871,0.00126600,0.00260069,0.00426790,RELIABLE,RELIABLE,RELIABLE,RELIABLE,PARTIAL,PARTIAL,STATIONARY,STATIONARY,STATIONARY,STATIONARY,STATIONARY,STATIONARY,STATIONARY
152644,4449,0.00077670,0.00055734,0.00126936,0.00087789,0.00239912,0.00356178,RELIABLE,RELIABLE,RELIABLE,RELIABLE,PARTIAL,PARTIAL,STATIONARY,STATIONARY,STATIONARY,STATIONARY,STATIONARY,STATIONARY,STATIONARY
152675,4450,0.00081150,0.00049244,0.00121087,0.00094087,0.00269227,0.00398008,RELIABLE,RELIABLE,RELIABLE,RELIABLE,PARTIAL,PARTIAL,STATIONARY,STATIONARY,STATIONARY,STATIONARY,STATIONARY,STATIONARY,STATIONARY
152707,4451,0.00112242,0.00061331,0.00123237,0.00097763,0.00263682,0.00416495,RELIABLE,RELIABLE,RELIABLE,RELIABLE,PARTIAL,PARTIAL,STATIONARY,STATIONARY,STATIONARY,STATIONARY,STATIONARY,STATIONARY,STATIONARY
152739,4452,0.00167455,0.00063144,0.00122244,0.00098209,0.00270099,0.00402879,RELIABLE,RELIABLE,RELIABLE,RELIABLE,PARTIAL,PARTIAL,STATIONARY,STATIONARY,STATIONARY,STATIONARY,STATIONARY,STATIONARY,STATIONARY
152771,4453,0.00257190,0.00076492,0.00111103,0.00098657,0.00218835,0.00353627,RELIABLE,RELIABLE,RELIABLE,RELIABLE,PARTIAL,PARTIAL,STATIONARY,STATIONARY,STATIONARY,STATIONARY,STATIONARY,STATIONARY,STATIONARY
152819,4454,0.00385930,0.00080792,0.00163403,0.00139256,0.00229827,0.00370327,RELIABLE,RELIABLE,RELIABLE,RELIABLE,PARTIAL,PARTIAL,STATIONARY,STATIONARY,STATIONARY,STATIONARY,STATIONARY,STATIONARY,STATIONARY
152852,4455,0.00447352,0.00070824,0.00157192,0.00121267,0.00170091,0.00226056,RELIABLE,RELIABLE,RELIABLE,RELIABLE,PARTIAL,PARTIAL,STATIONARY,STATIONARY,STATIONARY,STATIONARY,STATIONARY,STATIONARY,STATIONARY
152883,4456,0.00506100,0.00083952,0.00154712,0.00131615,0.00171467,0.00243629,RELIABLE,RELIABLE,RELIABLE,RELIABLE,PARTIAL,PARTIAL,STATIONARY,STATIONARY,STATIONARY,STATIONARY,STATIONARY,STATIONARY,STATIONARY
152915,4457,0.00576155,0.00131925,0.00171688,0.00143781,0.00141032,0.00220526,RELIABLE,RELIABLE,RELIABLE,RELIABLE,PARTIAL,PARTIAL,STATIONARY,STATIONARY,STATIONARY,STATIONARY,STATIONARY,STATIONARY,STATIONARY
152947,4458,0.00652313,0.00181760,0.00206469,0.00154516,0.00116379,0.00163984,RELIABLE,RELIABLE,RELIABLE,RELIABLE,PARTIAL,PARTIAL,STATIONARY,STATIONARY,STATIONARY,STATIONARY,STATIONARY,STATIONARY,STATIONARY
152979,4459,0.00728864,0.00215981,0.00263908,0.00212022,0.00156837,0.00215846,RELIABLE,RELIABLE,RELIABLE,RELIABLE,PARTIAL,PARTIAL,STATIONARY,STATIONARY,STATIONARY,STATIONARY,STATIONARY,STATIONARY,STATIONARY
153011,4460,0.00775551,0.00280332,0.00276781,0.00235151,0.00173868,0.00251252,RELIABLE,RELIABLE,RELIABLE,RELIABLE,PARTIAL,PARTIAL,STATIONARY,STATIONARY,STATIONARY,STATIONARY,STATIONARY,STATIONARY,STATIONARY
153043,4461,0.00791207,0.00315779,0.00311372,0.00250905,0.00206904,0.00252359,RELIABLE,RELIABLE,RELIABLE,RELIABLE,PARTIAL,PARTIAL,STATIONARY,STATIONARY,STATIONARY,STATIONARY,STATIONARY,STATIONARY,STATIONARY
153075,4462,0.00730814,0.00338460,0.00355872,0.00235460,0.00196170,0.00310570,RELIABLE,RELIABLE,RELIABLE,RELIABLE,PARTIAL,PARTIAL,STATIONARY,STATIONARY,STATIONARY,STATIONARY,STATIONARY,STATIONARY,STATIONARY
153107,4463,0.00792319,0.00376236,0.00349309,0.00258125,0.00224377,0.00335692,RELIABLE,RELIABLE,RELIABLE,RELIABLE,PARTIAL,PARTIAL,STATIONARY,STATIONARY,STATIONARY,STATIONARY,STATIONARY,STATIONARY,STATIONARY
153139,4464,0.00756313,0.00380842,0.00408238,0.00284194,0.00254114,0.00401955,RELIABLE,RELIABLE,RELIABLE,RELIABLE,PARTIAL,PARTIAL,STATIONARY,STATIONARY,STATIONARY,STATIONARY,STATIONARY,STATIONARY,STATIONARY
153188,4465,0.00812918,0.00377415,0.00459468,0.00318609,0.00270061,0.00425565,RELIABLE,RELIABLE,RELIABLE,RELIABLE,PARTIAL,PARTIAL,STATIONARY,STATIONARY,STATIONARY,STATIONARY,STATIONARY,STATIONARY,STATIONARY
153219,4466,0.00805532,0.00352361,0.00468533,0.00329968,0.00310963,0.00496334,RELIABLE,RELIABLE,RELIABLE,RELIABLE,PARTIAL,PARTIAL,STATIONARY,STATIONARY,STATIONARY,STATIONARY,STATIONARY,STATIONARY,STATIONARY
153251,4467,0.00763715,0.00334302,0.00426710,0.00286285,0.00276677,0.00454255,RELIABLE,RELIABLE,RELIABLE,RELIABLE,PARTIAL,PARTIAL,STATIONARY,STATIONARY,STATIONARY,STATIONARY,STATIONARY,STATIONARY,STATIONARY
153283,4468,0.00735099,0.00310350,0.00414018,0.00299386,0.00306496,0.00479535,RELIABLE,RELIABLE,RELIABLE,RELIABLE,PARTIAL,PARTIAL,STATIONARY,STATIONARY,STATIONARY,STATIONARY,STATIONARY,STATIONARY,STATIONARY
153315,4469,0.00739903,0.00280662,0.00400996,0.00285435,0.00303074,0.00557283,RELIABLE,RELIABLE,RELIABLE,RELIABLE,PARTIAL,PARTIAL,STATIONARY,STATIONARY,STATIONARY,STATIONARY,STATIONARY,STATIONARY,STATIONARY
153347,4470,0.00706152,0.00263929,0.00314979,0.00271284,0.00290773,0.00450906,RELIABLE,RELIABLE,RELIABLE,RELIABLE,PARTIAL,PARTIAL,STATIONARY,STATIONARY,STATIONARY,STATIONARY,STATIONARY,STATIONARY,STATIONARY
153379,4471,0.00622336,0.00235476,0.00323986,0.00255967,0.00257570,0.00436182,RELIABLE,RELIABLE,RELIABLE,RELIABLE,PARTIAL,PARTIAL,STATIONARY,STATIONARY,STATIONARY,STATIONARY,STATIONARY,STATIONARY,STATIONARY
153411,4472,0.00644104,0.00226319,0.00269422,0.00222145,0.00225590,0.00358853,RELIABLE,RELIABLE,RELIABLE,RELIABLE,PARTIAL,PARTIAL,STATIONARY,STATIONARY,STATIONARY,STATIONARY,STATIONARY,STATIONARY,STATIONARY
153443,4473,0.00539760,0.00202919,0.00214551,0.00180804,0.00213900,0.00332920,RELIABLE,RELIABLE,RELIABLE,RELIABLE,PARTIAL,PARTIAL,STATIONARY,STATIONARY,STATIONARY,STATIONARY,STATIONARY,STATIONARY,STATIONARY
153475,4474,0.00475217,0.00197048,0.00179559,0.00155404,0.00159570,0.00247130,RELIABLE,RELIABLE,RELIABLE,RELIABLE,PARTIAL,PARTIAL,STATIONARY,STATIONARY,STATIONARY,STATIONARY,STATIONARY,STATIONARY,STATIONARY
153508,4475,0.00428496,0.00206906,0.00173800,0.00150959,0.00161102,0.00225482,RELIABLE,RELIABLE,RELIABLE,RELIABLE,PARTIAL,PARTIAL,STATIONARY,STATIONARY,STATIONARY,STATIONARY,STATIONARY,STATIONARY,STATIONARY
153539,4476,0.00372930,0.00221953,0.00169308,0.00139505,0.00146024,0.00230232,RELIABLE,RELIABLE,RELIABLE,RELIABLE,PARTIAL,PARTIAL,STATIONARY,STATIONARY,STATIONARY,STATIONARY,STATIONARY,STATIONARY,STATIONARY
153588,4477,0.00319640,0.00207448,0.00159243,0.00155197,0.00186701,0.00193898,RELIABLE,RELIABLE,RELIABLE,RELIABLE,PARTIAL,PARTIAL,STATIONARY,STATIONARY,STATIONARY,STATIONARY,STATIONARY,STATIONARY,STATIONARY
153619,4478,0.00308091,0.00194947,0.00163391,0.00153882,0.00179804,0.00192262,RELIABLE,RELIABLE,RELIABLE,RELIABLE,PARTIAL,PARTIAL,STATIONARY,STATIONARY,STATIONARY,STATIONARY,STATIONARY,STATIONARY,STATIONARY
153652,4479,0.00247048,0.00200797,0.00145613,0.00153425,0.00203575,0.00176422,RELIABLE,RELIABLE,RELIABLE,RELIABLE,PARTIAL,PARTIAL,STATIONARY,STATIONARY,STATIONARY,STATIONARY,STATIONARY,STATIONARY,STATIONARY
153684,4480,0.00220205,0.00224566,0.00151197,0.00172514,0.00214703,0.00217375,RELIABLE,RELIABLE,RELIABLE,RELIABLE,PARTIAL,PARTIAL,STATIONARY,STATIONARY,STATIONARY,STATIONARY,STATIONARY,STATIONARY,STATIONARY
153716,4481,0.00218231,0.00208603,0.00158931,0.00195669,0.00225267,0.00305012,RELIABLE,RELIABLE,RELIABLE,RELIABLE,PARTIAL,PARTIAL,STATIONARY,STATIONARY,STATIONARY,STATIONARY,STATIONARY,STATIONARY,STATIONARY
153747,4482,0.00216921,0.00206137,0.00198187,0.00233466,0.00297571,0.00369414,RELIABLE,RELIABLE,RELIABLE,RELIABLE,PARTIAL,PARTIAL,STATIONARY,STATIONARY,STATIONARY,STATIONARY,STATIONARY,STATIONARY,STATIONARY
153779,4483,0.00200234,0.00228155,0.00240824,0.00295021,0.00499801,0.00530188,RELIABLE,RELIABLE,RELIABLE,RELIABLE,PARTIAL,PARTIAL,STATIONARY,STATIONARY,STATIONARY,STATIONARY,STATIONARY,STATIONARY,STATIONARY
153811,4484,0.00198412,0.00193433,0.00249734,0.00278104,0.00486457,0.00475839,RELIABLE,RELIABLE,RELIABLE,RELIABLE,PARTIAL,PARTIAL,STATIONARY,STATIONARY,STATIONARY,STATIONARY,STATIONARY,STATIONARY,STATIONARY
153843,4485,0.00144614,0.00217212,0.00263228,0.00264767,0.00426967,0.00491761,RELIABLE,RELIABLE,RELIABLE,RELIABLE,PARTIAL,PARTIAL,STATIONARY,STATIONARY,STATIONARY,STATIONARY,STATIONARY,STATIONARY,STATIONARY
153875,4486,0.00130374,0.00229285,0.00265396,0.00276396,0.00484661,0.00530365,RELIABLE,RELIABLE,RELIABLE,RELIABLE,PARTIAL,PARTIAL,STATIONARY,STATIONARY,STATIONARY,STATIONARY,STATIONARY,STATIONARY,STATIONARY
153907,4487,0.00131103,0.00225674,0.00279495,0.00279748,0.00482977,0.00549569,RELIABLE,RELIABLE,RELIABLE,RELIABLE,PARTIAL,PARTIAL,STATIONARY,STATIONARY,STATIONARY,STATIONARY,STATIONARY,STATIONARY,STATIONARY
153956,4488,0.00118316,0.00228544,0.00319783,0.00279282,0.00493210,0.00552721,RELIABLE,RELIABLE,RELIABLE,RELIABLE,PARTIAL,PARTIAL,STATIONARY,STATIONARY,STATIONARY,STATIONARY,STATIONARY,STATIONARY,STATIONARY
153987,4489,0.00148285,0.00260714,0.00301169,0.00264143,0.00504672,0.00558568,RELIABLE,RELIABLE,RELIABLE,RELIABLE,PARTIAL,PARTIAL,STATIONARY,STATIONARY,STATIONARY,STATIONARY,STATIONARY,STATIONARY,STATIONARY
154019,4490,0.00197257,0.00268885,0.00287208,0.00249270,0.00490370,0.00578375,RELIABLE,RELIABLE,RELIABLE,RELIABLE,PARTIAL,PARTIAL,STATIONARY,STATIONARY,STATIONARY,STATIONARY,STATIONARY,STATIONARY,STATIONARY
154051,4491,0.00265213,0.00254146,0.00272421,0.00197520,0.00305360,0.00453868,RELIABLE,RELIABLE,RELIABLE,RELIABLE,PARTIAL,PARTIAL,STATIONARY,STATIONARY,STATIONARY,STATIONARY,STATIONARY,STATIONARY,STATIONARY
154083,4492,0.00409671,0.00271193,0.00294381,0.00240508,0.00333978,0.00508780,RELIABLE,RELIABLE,RELIABLE,RELIABLE,PARTIAL,PARTIAL,STATIONARY,STATIONARY,STATIONARY,STATIONARY,STATIONARY,STATIONARY,STATIONARY
154115,4493,0.00515337,0.00285663,0.00288785,0.00245745,0.00315698,0.00472105,RELIABLE,RELIABLE,RELIABLE,RELIABLE,PARTIAL,PARTIAL,STATIONARY,STATIONARY,STATIONARY,STATIONARY,STATIONARY,STATIONARY,STATIONARY
154147,4494,0.00641687,0.00344640,0.00309319,0.00272119,0.00262308,0.00475584,RELIABLE,RELIABLE,RELIABLE,RELIABLE,PARTIAL,PARTIAL,STATIONARY,STATIONARY,STATIONARY,STATIONARY,STATIONARY,STATIONARY,STATIONARY
154180,4495,0.00758720,0.00405837,0.00348073,0.00295442,0.00241706,0.00481643,RELIABLE,RELIABLE,RELIABLE,RELIABLE,PARTIAL,PARTIAL,STATIONARY,STATIONARY,STATIONARY,STATIONARY,STATIONARY,STATIONARY,STATIONARY
154211,4496,0.00891056,0.00454487,0.00352567,0.00316373,0.00240261,0.00481665,RELIABLE,RELIABLE,RELIABLE,RELIABLE,PARTIAL,PARTIAL,STATIONARY,STATIONARY,STATIONARY,STATIONARY,STATIONARY,STATIONARY,STATIONARY
154243,4497,0.00973034,0.00479675,0.00382993,0.00346999,0.00238781,0.00394442,RELIABLE,RELIABLE,RELIABLE,RELIABLE,PARTIAL,PARTIAL,STATIONARY,STATIONARY,STATIONARY,STATIONARY,STATIONARY,STATIONARY,STATIONARY
154275,4498,0.01060046,0.00555231,0.00393538,0.00359969,0.00185318,0.00322088,RELIABLE,RELIABLE,RELIABLE,RELIABLE,PARTIAL,PARTIAL,STATIONARY,STATIONARY,STATIONARY,STATIONARY,STATIONARY,STATIONARY,STATIONARY
154307,4499,0.01163325,0.00601247,0.00443112,0.00404842,0.00201968,0.00289246,RELIABLE,RELIABLE,RELIABLE,RELIABLE,PARTIAL,PARTIAL,STATIONARY,STATIONARY,STATIONARY,STATIONARY,STATIONARY,STATIONARY,STATIONARY
154355,4500,0.01210466,0.00654825,0.00472365,0.00411503,0.00238658,0.00265136,RELIABLE,RELIABLE,RELIABLE,RELIABLE,PARTIAL,PARTIAL,STATIONARY,STATIONARY,STATIONARY,STATIONARY,STATIONARY,STATIONARY,STATIONARY
154389,4501,0.01244689,0.00779433,0.00560486,0.00485093,0.00284089,0.00289500,RELIABLE,RELIABLE,RELIABLE,RELIABLE,PARTIAL,PARTIAL,STATIONARY,STATIONARY,STATIONARY,STATIONARY,STATIONARY,STATIONARY,STATIONARY
154418,4502,0.01270469,0.00744713,0.00585532,0.00498870,0.00282086,0.00289722,RELIABLE,RELIABLE,RELIABLE,RELIABLE,PARTIAL,PARTIAL,MOVING,STATIONARY,STATIONARY,STATIONARY,STATIONARY,STATIONARY,MOVING
154451,4503,0.01281031,0.00708952,0.00628923,0.00525901,0.00341627,0.00321104,RELIABLE,RELIABLE,RELIABLE,RELIABLE,PARTIAL,PARTIAL,MOVING,STATIONARY,STATIONARY,STATIONARY,STATIONARY,STATIONARY,MOVING
154483,4504,0.01289267,0.00678856,0.00668067,0.00551981,0.00380591,0.00296929,RELIABLE,RELIABLE,RELIABLE,RELIABLE,PARTIAL,PARTIAL,MOVING,STATIONARY,STATIONARY,STATIONARY,STATIONARY,STATIONARY,MOVING
154515,4505,0.01296758,0.00682671,0.00759540,0.00596617,0.00409335,0.00327550,RELIABLE,RELIABLE,RELIABLE,RELIABLE,PARTIAL,PARTIAL,MOVING,STATIONARY,STATIONARY,STATIONARY,STATIONARY,STATIONARY,MOVING
154548,4506,0.01263860,0.00613206,0.00833886,0.00625244,0.00438619,0.00372373,RELIABLE,RELIABLE,RELIABLE,RELIABLE,PARTIAL,PARTIAL,MOVING,STATIONARY,STATIONARY,STATIONARY,STATIONARY,STATIONARY,MOVING
154579,4507,0.01190082,0.00545454,0.00791764,0.00594220,0.00443468,0.00402696,RELIABLE,RELIABLE,RELIABLE,RELIABLE,PARTIAL,PARTIAL,MOVING,STATIONARY,STATIONARY,STATIONARY,STATIONARY,STATIONARY,MOVING
154611,4508,0.01095204,0.00491682,0.00785726,0.00573569,0.00361046,0.00387554,RELIABLE,RELIABLE,RELIABLE,RELIABLE,PARTIAL,PARTIAL,MOVING,STATIONARY,STATIONARY,STATIONARY,STATIONARY,STATIONARY,MOVING
154643,4509,0.01080237,0.00352715,0.00743507,0.00534046,0.00355632,0.00378171,RELIABLE,RELIABLE,RELIABLE,RELIABLE,PARTIAL,PARTIAL,MOVING,STATIONARY,STATIONARY,STATIONARY,STATIONARY,STATIONARY,MOVING
154674,4510,0.01000477,0.00354673,0.00739625,0.00505988,0.00363868,0.00354672,RELIABLE,RELIABLE,RELIABLE,RELIABLE,PARTIAL,PARTIAL,MOVING,STATIONARY,STATIONARY,STATIONARY,STATIONARY,STATIONARY,MOVING
154723,4511,0.00938344,0.00345055,0.00702995,0.00470183,0.00309232,0.00363856,RELIABLE,RELIABLE,RELIABLE,RELIABLE,PARTIAL,PARTIAL,MOVING,STATIONARY,STATIONARY,STATIONARY,STATIONARY,STATIONARY,MOVING
154755,4512,0.00837883,0.00305303,0.00638388,0.00423516,0.00255626,0.00351466,RELIABLE,RELIABLE,RELIABLE,RELIABLE,PARTIAL,PARTIAL,MOVING,STATIONARY,STATIONARY,STATIONARY,STATIONARY,STATIONARY,MOVING
154787,4513,0.00739409,0.00243694,0.00534733,0.00352391,0.00205175,0.00322842,RELIABLE,RELIABLE,RELIABLE,RELIABLE,PARTIAL,PARTIAL,MOVING,STATIONARY,STATIONARY,STATIONARY,STATIONARY,STATIONARY,MOVING
154819,4514,0.00640275,0.00215642,0.00453090,0.00310059,0.00192037,0.00354679,RELIABLE,RELIABLE,RELIABLE,RELIABLE,PARTIAL,PARTIAL,MOVING,STATIONARY,STATIONARY,STATIONARY,STATIONARY,STATIONARY,MOVING
154852,4515,0.00563271,0.00202927,0.00421198,0.00297699,0.00167729,0.00327989,RELIABLE,RELIABLE,RELIABLE,RELIABLE,PARTIAL,PARTIAL,MOVING,STATIONARY,STATIONARY,STATIONARY,STATIONARY,STATIONARY,MOVING
154884,4516,0.00459110,0.00219877,0.00400612,0.00293078,0.00222621,0.00362529,RELIABLE,RELIABLE,RELIABLE,RELIABLE,PARTIAL,PARTIAL,MOVING,STATIONARY,STATIONARY,STATIONARY,STATIONARY,STATIONARY,MOVING
154915,4517,0.00347319,0.00198393,0.00340494,0.00263583,0.00265548,0.00382968,RELIABLE,RELIABLE,RELIABLE,RELIABLE,PARTIAL,PARTIAL,MOVING,STATIONARY,STATIONARY,STATIONARY,STATIONARY,STATIONARY,MOVING
154947,4518,0.00283736,0.00161400,0.00278072,0.00233552,0.00257553,0.00374022,RELIABLE,RELIABLE,RELIABLE,RELIABLE,PARTIAL,PARTIAL,MOVING,STATIONARY,STATIONARY,STATIONARY,STATIONARY,STATIONARY,MOVING
154979,4519,0.00255475,0.00147617,0.00221113,0.00206677,0.00265635,0.00329271,RELIABLE,RELIABLE,RELIABLE,RELIABLE,PARTIAL,PARTIAL,MOVING,STATIONARY,STATIONARY,STATIONARY,STATIONARY,STATIONARY,MOVING
155011,4520,0.00280622,0.00130418,0.00197505,0.00188184,0.00263231,0.00316260,RELIABLE,RELIABLE,RELIABLE,RELIABLE,PARTIAL,PARTIAL,MOVING,STATIONARY,STATIONARY,STATIONARY,STATIONARY,STATIONARY,MOVING
155045,4521,0.00314645,0.00168568,0.00213314,0.00197016,0.00268787,0.00317101,RELIABLE,RELIABLE,RELIABLE,RELIABLE,PARTIAL,PARTIAL,MOVING,STATIONARY,STATIONARY,STATIONARY,STATIONARY,STATIONARY,MOVING
155077,4522,0.00403837,0.00204799,0.00200429,0.00199394,0.00251358,0.00232003,RELIABLE,RELIABLE,RELIABLE,RELIABLE,PARTIAL,PARTIAL,STATIONARY,STATIONARY,STATIONARY,STATIONARY,STATIONARY,STATIONARY,STATIONARY
155123,4523,0.00554400,0.00249353,0.00231259,0.00223453,0.00231845,0.00289344,RELIABLE,RELIABLE,RELIABLE,RELIABLE,PARTIAL,PARTIAL,STATIONARY,STATIONARY,STATIONARY,STATIONARY,STATIONARY,STATIONARY,STATIONARY
155156,4524,0.00674668,0.00238168,0.00233784,0.00247186,0.00189408,0.00255111,RELIABLE,RELIABLE,RELIABLE,RELIABLE,PARTIAL,PARTIAL,STATIONARY,STATIONARY,STATIONARY,STATIONARY,STATIONARY,STATIONARY,STATIONARY
155188,4525,0.00800960,0.00280663,0.00264534,0.00264037,0.00110779,0.00248828,RELIABLE,RELIABLE,RELIABLE,RELIABLE,PARTIAL,PARTIAL,STATIONARY,STATIONARY,STATIONARY,STATIONARY,STATIONARY,STATIONARY,STATIONARY
155220,4526,0.00902681,0.00318466,0.00293250,0.00307240,0.00138817,0.00238031,RELIABLE,RELIABLE,RELIABLE,RELIABLE,PARTIAL,PARTIAL,STATIONARY,STATIONARY,STATIONARY,STATIONARY,STATIONARY,STATIONARY,STATIONARY
155252,4527,0.00999662,0.00348228,0.00386893,0.00379048,0.00191920,0.00310939,RELIABLE,RELIABLE,RELIABLE,RELIABLE,PARTIAL,PARTIAL,STATIONARY,STATIONARY,STATIONARY,STATIONARY,STATIONARY,STATIONARY,STATIONARY
155283,4528,0.01027513,0.00453786,0.00436484,0.00457555,0.00316932,0.00381153,RELIABLE,RELIABLE,RELIABLE,RELIABLE,PARTIAL,PARTIAL,STATIONARY,STATIONARY,STATIONARY,STATIONARY,STATIONARY,STATIONARY,STATIONARY
155315,4529,0.01081244,0.00437168,0.00488837,0.00482645,0.00317163,0.00413803,RELIABLE,RELIABLE,RELIABLE,RELIABLE,PARTIAL,PARTIAL,STATIONARY,STATIONARY,STATIONARY,STATIONARY,STATIONARY,STATIONARY,STATIONARY
155347,4530,0.01070269,0.00474802,0.00519732,0.00510748,0.00394210,0.00451064,RELIABLE,RELIABLE,RELIABLE,RELIABLE,PARTIAL,PARTIAL,STATIONARY,STATIONARY,STATIONARY,STATIONARY,STATIONARY,STATIONARY,STATIONARY
155379,4531,0.00986105,0.00455098,0.00548306,0.00520360,0.00420997,0.00440776,RELIABLE,RELIABLE,RELIABLE,RELIABLE,PARTIAL,PARTIAL,STATIONARY,STATIONARY,STATIONARY,STATIONARY,STATIONARY,STATIONARY,STATIONARY
155411,4532,0.00934911,0.00423253,0.00571944,0.00488421,0.00402496,0.00516492,RELIABLE,RELIABLE,RELIABLE,RELIABLE,PARTIAL,PARTIAL,STATIONARY,STATIONARY,STATIONARY,STATIONARY,STATIONARY,STATIONARY,STATIONARY
155444,4533,0.00865531,0.00413576,0.00582056,0.00476359,0.00418261,0.00480943,RELIABLE,RELIABLE,RELIABLE,RELIABLE,PARTIAL,PARTIAL,STATIONARY,STATIONARY,STATIONARY,STATIONARY,STATIONARY,STATIONARY,STATIONARY
155491,4534,0.00779868,0.00378674,0.00560136,0.00438413,0.00392740,0.00518100,RELIABLE,RELIABLE,RELIABLE,RELIABLE,PARTIAL,PARTIAL,STATIONARY,STATIONARY,STATIONARY,STATIONARY,STATIONARY,STATIONARY,STATIONARY
155523,4535,0.00670629,0.00366673,0.00520108,0.00387780,0.00332776,0.00421705,RELIABLE,RELIABLE,RELIABLE,RELIABLE,PARTIAL,PARTIAL,STATIONARY,STATIONARY,STATIONARY,STATIONARY,STATIONARY,STATIONARY,STATIONARY
155555,4536,0.00627638,0.00267846,0.00514986,0.00316155,0.00206346,0.00368518,RELIABLE,RELIABLE,RELIABLE,RELIABLE,PARTIAL,PARTIAL,STATIONARY,STATIONARY,STATIONARY,STATIONARY,STATIONARY,STATIONARY,STATIONARY
155587,4537,0.00507355,0.00246007,0.00433236,0.00272628,0.00217678,0.00329636,RELIABLE,RELIABLE,RELIABLE,RELIABLE,PARTIAL,PARTIAL,STATIONARY,STATIONARY,STATIONARY,STATIONARY,STATIONARY,STATIONARY,STATIONARY
155619,4538,0.00429328,0.00172226,0.00387974,0.00216737,0.00136444,0.00291594,RELIABLE,RELIABLE,RELIABLE,RELIABLE,PARTIAL,PARTIAL,STATIONARY,STATIONARY,STATIONARY,STATIONARY,STATIONARY,STATIONARY,STATIONARY
155651,4539,0.00353239,0.00135070,0.00318554,0.00160696,0.00132983,0.00232757,RELIABLE,RELIABLE,RELIABLE,RELIABLE,PARTIAL,PARTIAL,STATIONARY,STATIONARY,STATIONARY,STATIONARY,STATIONARY,STATIONARY,STATIONARY
155683,4540,0.00286560,0.00125024,0.00253468,0.00147581,0.00162440,0.00185662,RELIABLE,RELIABLE,RELIABLE,RELIABLE,PARTIAL,PARTIAL,STATIONARY,STATIONARY,STATIONARY,STATIONARY,STATIONARY,STATIONARY,STATIONARY
155715,4541,0.00220341,0.00087193,0.00203262,0.00122597,0.00155053,0.00181757,RELIABLE,RELIABLE,RELIABLE,RELIABLE,PARTIAL,PARTIAL,STATIONARY,STATIONARY,STATIONARY,STATIONARY,STATIONARY,STATIONARY,STATIONARY
155747,4542,0.00227608,0.00089075,0.00271314,0.00193982,0.00297429,0.00368951,RELIABLE,RELIABLE,RELIABLE,RELIABLE,PARTIAL,PARTIAL,STATIONARY,STATIONARY,STATIONARY,STATIONARY,STATIONARY,STATIONARY,STATIONARY
155779,4543,0.00317037,0.00628021,0.00854744,0.00265397,0.00591796,0.00721985,RELIABLE,RELIABLE,RELIABLE,RELIABLE,PARTIAL,PARTIAL,STATIONARY,STATIONARY,STATIONARY,STATIONARY,STATIONARY,STATIONARY,STATIONARY
155811,4544,0.00410989,0.00894062,0.00995759,0.00289050,0.00695837,0.00842571,RELIABLE,RELIABLE,RELIABLE,RELIABLE,PARTIAL,PARTIAL,STATIONARY,STATIONARY,STATIONARY,STATIONARY,STATIONARY,STATIONARY,STATIONARY
155844,4545,0.00507042,0.00995734,0.01147915,0.00325153,0.00718267,0.00874887,RELIABLE,RELIABLE,RELIABLE,RELIABLE,PARTIAL,PARTIAL,STATIONARY,STATIONARY,STATIONARY,STATIONARY,STATIONARY,STATIONARY,STATIONARY
155891,4546,0.00622709,0.01159004,0.01259754,0.00436608,0.01040426,0.01059876,RELIABLE,RELIABLE,RELIABLE,RELIABLE,PARTIAL,PARTIAL,STATIONARY,STATIONARY,STATIONARY,STATIONARY,STATIONARY,STATIONARY,STATIONARY
155923,4547,0.00736995,0.01300077,0.01346475,0.00499194,0.01056632,0.01139692,RELIABLE,RELIABLE,RELIABLE,RELIABLE,PARTIAL,PARTIAL,STATIONARY,STATIONARY,STATIONARY,STATIONARY,STATIONARY,STATIONARY,STATIONARY
155955,4548,0.00884489,0.01390427,0.01383553,0.00541778,0.01061086,0.01157077,RELIABLE,RELIABLE,RELIABLE,RELIABLE,PARTIAL,PARTIAL,STATIONARY,STATIONARY,MOVING,STATIONARY,STATIONARY,STATIONARY,MOVING
155987,4549,0.00980560,0.01453480,0.01429737,0.00584707,0.01083942,0.01177114,RELIABLE,RELIABLE,RELIABLE,RELIABLE,PARTIAL,PARTIAL,STATIONARY,MOVING,MOVING,STATIONARY,STATIONARY,STATIONARY,MOVING
156019,4550,0.01105779,0.01469552,0.01391724,0.00554800,0.01009524,0.00986752,RELIABLE,RELIABLE,RELIABLE,RELIABLE,PARTIAL,PARTIAL,STATIONARY,MOVING,MOVING,STATIONARY,STATIONARY,STATIONARY,MOVING
156051,4551,0.01114600,0.01002632,0.00788209,0.00491080,0.00741244,0.00636168,RELIABLE,RELIABLE,RELIABLE,RELIABLE,PARTIAL,PARTIAL,STATIONARY,MOVING,MOVING,STATIONARY,STATIONARY,STATIONARY,MOVING
156082,4552,0.01122212,0.00735165,0.00688233,0.00531477,0.00707550,0.00697998,RELIABLE,RELIABLE,RELIABLE,RELIABLE,PARTIAL,PARTIAL,STATIONARY,MOVING,MOVING,STATIONARY,STATIONARY,STATIONARY,MOVING
156115,4553,0.01132194,0.00698321,0.00602412,0.00522487,0.00704980,0.00706866,RELIABLE,RELIABLE,RELIABLE,RELIABLE,PARTIAL,PARTIAL,STATIONARY,MOVING,MOVING,STATIONARY,STATIONARY,STATIONARY,MOVING
156147,4554,0.01140431,0.00589645,0.00522494,0.00437056,0.00405555,0.00539378,RELIABLE,RELIABLE,RELIABLE,RELIABLE,PARTIAL,PARTIAL,STATIONARY,MOVING,MOVING,STATIONARY,STATIONARY,STATIONARY,MOVING
156179,4555,0.01067943,0.00460006,0.00480897,0.00390293,0.00384585,0.00464868,RELIABLE,RELIABLE,RELIABLE,RELIABLE,PARTIAL,PARTIAL,STATIONARY,MOVING,MOVING,STATIONARY,STATIONARY,STATIONARY,MOVING
156212,4556,0.00975145,0.00403552,0.00476515,0.00350970,0.00384845,0.00478600,RELIABLE,RELIABLE,RELIABLE,RELIABLE,PARTIAL,PARTIAL,STATIONARY,MOVING,MOVING,STATIONARY,STATIONARY,STATIONARY,MOVING
156259,4557,0.00884384,0.00356505,0.00452877,0.00306969,0.00372472,0.00457165,RELIABLE,RELIABLE,RELIABLE,RELIABLE,PARTIAL,PARTIAL,STATIONARY,MOVING,MOVING,STATIONARY,STATIONARY,STATIONARY,MOVING
156291,4558,0.00739621,0.00335424,0.00478463,0.00260599,0.00304886,0.00428998,RELIABLE,RELIABLE,RELIABLE,RELIABLE,PARTIAL,PARTIAL,STATIONARY,MOVING,MOVING,STATIONARY,STATIONARY,STATIONARY,MOVING
156323,4559,0.00621854,0.00247276,0.00453066,0.00229082,0.00270889,0.00419388,RELIABLE,RELIABLE,RELIABLE,RELIABLE,PARTIAL,PARTIAL,STATIONARY,MOVING,MOVING,STATIONARY,STATIONARY,STATIONARY,MOVING
156356,4560,0.00473069,0.00258365,0.00368111,0.00158276,0.00199369,0.00222306,RELIABLE,RELIABLE,RELIABLE,RELIABLE,PARTIAL,PARTIAL,STATIONARY,MOVING,MOVING,STATIONARY,STATIONARY,STATIONARY,MOVING
156388,4561,0.00371517,0.00250266,0.00299515,0.00126130,0.00169794,0.00186458,RELIABLE,RELIABLE,RELIABLE,RELIABLE,PARTIAL,PARTIAL,STATIONARY,STATIONARY,STATIONARY,STATIONARY,STATIONARY,STATIONARY,STATIONARY
156420,4562,0.00253864,0.00206761,0.00275427,0.00117479,0.00176318,0.00197915,RELIABLE,PARTIAL,RELIABLE,RELIABLE,PARTIAL,PARTIAL,STATIONARY,STATIONARY,STATIONARY,STATIONARY,STATIONARY,STATIONARY,STATIONARY
156452,4563,0.00208458,0.00219006,0.00234437,0.00122928,0.00197598,0.00229888,RELIABLE,PARTIAL,RELIABLE,RELIABLE,PARTIAL,PARTIAL,STATIONARY,STATIONARY,STATIONARY,STATIONARY,STATIONARY,STATIONARY,STATIONARY
156484,4564,0.00317990,0.00206740,0.00228571,0.00130881,0.00196890,0.00237469,RELIABLE,PARTIAL,RELIABLE,RELIABLE,PARTIAL,PARTIAL,STATIONARY,STATIONARY,STATIONARY,STATIONARY,STATIONARY,STATIONARY,STATIONARY
156515,4565,0.00507040,0.00239037,0.00249072,0.00164250,0.00234684,0.00272431,RELIABLE,PARTIAL,RELIABLE,RELIABLE,PARTIAL,PARTIAL,STATIONARY,STATIONARY,STATIONARY,STATIONARY,STATIONARY,STATIONARY,STATIONARY
156547,4566,0.00627933,0.00241982,0.00227297,0.00181636,0.00222950,0.00273712,RELIABLE,RELIABLE,RELIABLE,RELIABLE,PARTIAL,PARTIAL,STATIONARY,STATIONARY,STATIONARY,STATIONARY,STATIONARY,STATIONARY,STATIONARY
156580,4567,0.00811841,0.00255731,0.00257984,0.00208882,0.00293336,0.00336883,RELIABLE,RELIABLE,RELIABLE,RELIABLE,PARTIAL,PARTIAL,STATIONARY,STATIONARY,STATIONARY,STATIONARY,STATIONARY,STATIONARY,STATIONARY
156610,4568,0.01000949,0.00262305,0.00338293,0.00224807,0.00296042,0.00355837,RELIABLE,RELIABLE,RELIABLE,RELIABLE,PARTIAL,PARTIAL,STATIONARY,STATIONARY,STATIONARY,STATIONARY,STATIONARY,STATIONARY,STATIONARY
156660,4569,0.01114045,0.00256544,0.00414678,0.00247219,0.00292644,0.00365257,RELIABLE,RELIABLE,RELIABLE,RELIABLE,PARTIAL,PARTIAL,STATIONARY,STATIONARY,STATIONARY,STATIONARY,STATIONARY,STATIONARY,STATIONARY
156691,4570,0.01218979,0.00273474,0.00449171,0.00262131,0.00284104,0.00356221,RELIABLE,RELIABLE,RELIABLE,RELIABLE,PARTIAL,PARTIAL,STATIONARY,STATIONARY,STATIONARY,STATIONARY,STATIONARY,STATIONARY,STATIONARY
156723,4571,0.01328920,0.00269657,0.00507066,0.00268094,0.00268902,0.00365923,RELIABLE,RELIABLE,RELIABLE,RELIABLE,PARTIAL,PARTIAL,STATIONARY,STATIONARY,STATIONARY,STATIONARY,STATIONARY,STATIONARY,STATIONARY
156755,4572,0.01241617,0.00322819,0.00528208,0.00277066,0.00229583,0.00286106,RELIABLE,RELIABLE,RELIABLE,RELIABLE,PARTIAL,PARTIAL,MOVING,STATIONARY,STATIONARY,STATIONARY,STATIONARY,STATIONARY,MOVING
156787,4573,0.01138326,0.00292907,0.00521702,0.00256796,0.00170945,0.00271605,RELIABLE,RELIABLE,RELIABLE,RELIABLE,PARTIAL,PARTIAL,MOVING,STATIONARY,STATIONARY,STATIONARY,STATIONARY,STATIONARY,MOVING
156820,4574,0.01104522,0.00319811,0.00509141,0.00274848,0.00205252,0.00286655,RELIABLE,RELIABLE,RELIABLE,RELIABLE,PARTIAL,PARTIAL,MOVING,STATIONARY,STATIONARY,STATIONARY,STATIONARY,STATIONARY,MOVING
156853,4575,0.00974412,0.00302173,0.00514101,0.00262702,0.00147409,0.00233748,RELIABLE,RELIABLE,RELIABLE,RELIABLE,PARTIAL,PARTIAL,MOVING,STATIONARY,STATIONARY,STATIONARY,STATIONARY,STATIONARY,MOVING
156883,4576,0.00835298,0.00346457,0.00434562,0.00262100,0.00145951,0.00235485,RELIABLE,RELIABLE,RELIABLE,RELIABLE,PARTIAL,PARTIAL,MOVING,STATIONARY,STATIONARY,STATIONARY,STATIONARY,STATIONARY,MOVING
156916,4577,0.00767100,0.00306886,0.00381508,0.00250709,0.00156975,0.00234940,RELIABLE,RELIABLE,RELIABLE,RELIABLE,PARTIAL,PARTIAL,MOVING,STATIONARY,STATIONARY,STATIONARY,STATIONARY,STATIONARY,MOVING
156947,4578,0.00700869,0.00327511,0.00372114,0.00324614,0.00406143,0.00524173,RELIABLE,RELIABLE,RELIABLE,RELIABLE,PARTIAL,PARTIAL,MOVING,STATIONARY,STATIONARY,STATIONARY,STATIONARY,STATIONARY,MOVING
156979,4579,0.00626994,0.00319143,0.00322751,0.00309295,0.00419852,0.00516283,RELIABLE,RELIABLE,RELIABLE,RELIABLE,PARTIAL,PARTIAL,MOVING,STATIONARY,STATIONARY,STATIONARY,STATIONARY,STATIONARY,MOVING
157011,4580,0.00548728,0.00246778,0.00275769,0.00277419,0.00437817,0.00521185,RELIABLE,RELIABLE,RELIABLE,RELIABLE,PARTIAL,PARTIAL,MOVING,STATIONARY,STATIONARY,STATIONARY,STATIONARY,STATIONARY,MOVING
157060,4581,0.00488193,0.00238053,0.00263400,0.00289281,0.00540459,0.00794208,RELIABLE,RELIABLE,RELIABLE,RELIABLE,PARTIAL,PARTIAL,MOVING,STATIONARY,STATIONARY,STATIONARY,STATIONARY,STATIONARY,MOVING
157091,4582,0.00383568,0.00207662,0.00234284,0.00256232,0.00581387,0.00828931,RELIABLE,RELIABLE,RELIABLE,RELIABLE,PARTIAL,PARTIAL,MOVING,STATIONARY,STATIONARY,STATIONARY,STATIONARY,STATIONARY,MOVING
157123,4583,0.00336276,0.00199692,0.00186278,0.00242281,0.00589745,0.00841788,RELIABLE,RELIABLE,RELIABLE,RELIABLE,PARTIAL,PARTIAL,MOVING,STATIONARY,STATIONARY,STATIONARY,STATIONARY,STATIONARY,MOVING
157155,4584,0.00284097,0.00173106,0.00179750,0.00227822,0.00588380,0.00823471,RELIABLE,RELIABLE,RELIABLE,RELIABLE,PARTIAL,PARTIAL,MOVING,STATIONARY,STATIONARY,STATIONARY,STATIONARY,STATIONARY,MOVING
157187,4585,0.00247370,0.00154979,0.00158085,0.00214531,0.00573490,0.00823768,RELIABLE,RELIABLE,RELIABLE,RELIABLE,PARTIAL,PARTIAL,MOVING,STATIONARY,STATIONARY,STATIONARY,STATIONARY,STATIONARY,MOVING
157219,4586,0.00252383,0.00104744,0.00123311,0.00108713,0.00330399,0.00527805,RELIABLE,RELIABLE,RELIABLE,RELIABLE,PARTIAL,PARTIAL,MOVING,STATIONARY,STATIONARY,STATIONARY,STATIONARY,STATIONARY,MOVING
157251,4587,0.00424514,0.02681246,0.02449560,0.01569946,0.01744061,0.01819537,RELIABLE,RELIABLE,RELIABLE,RELIABLE,PARTIAL,PARTIAL,STATIONARY,STATIONARY,STATIONARY,STATIONARY,STATIONARY,STATIONARY,STATIONARY
157283,4588,0.00539136,0.04420250,0.04106178,0.02373961,0.02284308,0.02428008,RELIABLE,RELIABLE,RELIABLE,RELIABLE,PARTIAL,PARTIAL,STATIONARY,STATIONARY,STATIONARY,STATIONARY,STATIONARY,STATIONARY,STATIONARY
157315,4589,0.00557748,0.04867622,0.04550019,0.02573363,0.02336730,0.02374979,RELIABLE,RELIABLE,RELIABLE,RELIABLE,PARTIAL,PARTIAL,STATIONARY,MOVING,MOVING,MOVING,MOVING,MOVING,MOVING
157347,4590,0.00622637,0.05037881,0.04698232,0.02754225,0.02593465,0.02587367,RELIABLE,RELIABLE,RELIABLE,RELIABLE,PARTIAL,PARTIAL,STATIONARY,MOVING,MOVING,MOVING,MOVING,MOVING,MOVING
157379,4591,0.00687497,0.05100316,0.04787144,0.02794732,0.02575762,0.02613338,RELIABLE,RELIABLE,RELIABLE,RELIABLE,PARTIAL,PARTIAL,STATIONARY,MOVING,MOVING,MOVING,MOVING,MOVING,MOVING
157428,4592,0.00709117,0.05070162,0.04835206,0.02822647,0.02618869,0.02617921,RELIABLE,RELIABLE,RELIABLE,RELIABLE,PARTIAL,PARTIAL,STATIONARY,MOVING,MOVING,MOVING,MOVING,MOVING,MOVING
157459,4593,0.00719976,0.05105748,0.04870322,0.02906535,0.02769990,0.02711830,RELIABLE,RELIABLE,RELIABLE,RELIABLE,PARTIAL,PARTIAL,STATIONARY,MOVING,MOVING,MOVING,MOVING,MOVING,MOVING
157483,4594,0.00664525,0.05186908,0.04865562,0.02929004,0.02839688,0.02756652,RELIABLE,RELIABLE,RELIABLE,RELIABLE,PARTIAL,PARTIAL,STATIONARY,MOVING,MOVING,MOVING,MOVING,MOVING,MOVING
157523,4595,0.00452047,0.02602587,0.02570622,0.01513650,0.01442137,0.01469571,RELIABLE,RELIABLE,RELIABLE,RELIABLE,PARTIAL,PARTIAL,STATIONARY,MOVING,MOVING,MOVING,MOVING,MOVING,MOVING
157555,4596,0.00338562,0.00918168,0.00939717,0.00748810,0.00983631,0.00919287,RELIABLE,RELIABLE,RELIABLE,RELIABLE,PARTIAL,PARTIAL,STATIONARY,MOVING,MOVING,MOVING,MOVING,MOVING,MOVING
157587,4597,0.00300555,0.00465735,0.00486951,0.00547644,0.00894039,0.00703739,RELIABLE,RELIABLE,RELIABLE,RELIABLE,PARTIAL,PARTIAL,STATIONARY,MOVING,MOVING,MOVING,MOVING,MOVING,MOVING
157620,4598,0.00249962,0.00320243,0.00355263,0.00378089,0.00605924,0.00463093,RELIABLE,RELIABLE,RELIABLE,RELIABLE,PARTIAL,PARTIAL,STATIONARY,MOVING,MOVING,MOVING,MOVING,MOVING,MOVING
157651,4599,0.00171568,0.00258459,0.00259784,0.00331035,0.00610034,0.00426243,RELIABLE,RELIABLE,RELIABLE,RELIABLE,PARTIAL,PARTIAL,STATIONARY,MOVING,MOVING,MOVING,MOVING,MOVING,MOVING
157683,4600,0.00167240,0.00385833,0.00334582,0.00489769,0.00953046,0.00724322,RELIABLE,RELIABLE,RELIABLE,RELIABLE,PARTIAL,PARTIAL,STATIONARY,MOVING,MOVING,MOVING,MOVING,MOVING,MOVING
157715,4601,0.00156277,0.00393231,0.00339720,0.00477961,0.01019137,0.00754143,RELIABLE,RELIABLE,RELIABLE,RELIABLE,PARTIAL,PARTIAL,STATIONARY,MOVING,MOVING,MOVING,MOVING,MOVING,MOVING
157747,4602,0.00166174,0.00360662,0.00366679,0.00530920,0.01089442,0.00829489,RELIABLE,RELIABLE,RELIABLE,RELIABLE,PARTIAL,PARTIAL,STATIONARY,MOVING,MOVING,MOVING,MOVING,MOVING,MOVING
157780,4603,0.00191495,0.00385915,0.00334714,0.00526784,0.01090118,0.00885146,RELIABLE,RELIABLE,RELIABLE,RELIABLE,PARTIAL,PARTIAL,STATIONARY,MOVING,MOVING,MOVING,MOVING,MOVING,MOVING
157827,4604,0.00258388,0.00355406,0.00321464,0.00511404,0.01038602,0.00841313,RELIABLE,RELIABLE,RELIABLE,RELIABLE,PARTIAL,PARTIAL,STATIONARY,STATIONARY,STATIONARY,STATIONARY,MOVING,MOVING,MOVING
157845,4605,0.00297216,0.00361960,0.00309320,0.00502145,0.01029106,0.00849228,RELIABLE,RELIABLE,RELIABLE,RELIABLE,PARTIAL,PARTIAL,STATIONARY,STATIONARY,STATIONARY,STATIONARY,MOVING,MOVING,MOVING
157876,4606,0.00362635,0.00345550,0.00287150,0.00489970,0.01019519,0.00835882,RELIABLE,RELIABLE,RELIABLE,RELIABLE,PARTIAL,PARTIAL,STATIONARY,STATIONARY,STATIONARY,STATIONARY,MOVING,MOVING,MOVING
157924,4607,0.00488963,0.00423662,0.00301663,0.00525500,0.01137604,0.00966884,RELIABLE,RELIABLE,RELIABLE,RELIABLE,PARTIAL,PARTIAL,STATIONARY,STATIONARY,STATIONARY,STATIONARY,MOVING,MOVING,MOVING
157955,4608,0.00533184,0.00309979,0.00177497,0.00344130,0.00767841,0.00666806,RELIABLE,RELIABLE,RELIABLE,RELIABLE,PARTIAL,PARTIAL,STATIONARY,STATIONARY,STATIONARY,STATIONARY,MOVING,MOVING,MOVING
157987,4609,0.00578054,0.00278437,0.00150084,0.00280381,0.00551838,0.00555982,RELIABLE,RELIABLE,RELIABLE,RELIABLE,PARTIAL,PARTIAL,STATIONARY,STATIONARY,STATIONARY,STATIONARY,MOVING,MOVING,MOVING
158019,4610,0.00606749,0.00237940,0.00122769,0.00215655,0.00454512,0.00462630,RELIABLE,RELIABLE,RELIABLE,RELIABLE,PARTIAL,PARTIAL,STATIONARY,STATIONARY,STATIONARY,STATIONARY,MOVING,MOVING,MOVING
158051,4611,0.00634444,0.00267086,0.00118067,0.00202372,0.00454531,0.00452851,RELIABLE,RELIABLE,RELIABLE,RELIABLE,PARTIAL,PARTIAL,STATIONARY,STATIONARY,STATIONARY,STATIONARY,MOVING,MOVING,MOVING
158083,4612,0.00622892,0.00261451,0.00134276,0.00189698,0.00403423,0.00452125,RELIABLE,RELIABLE,RELIABLE,RELIABLE,PARTIAL,PARTIAL,STATIONARY,STATIONARY,STATIONARY,STATIONARY,MOVING,MOVING,MOVING
158115,4613,0.00584616,0.00261345,0.00131808,0.00187454,0.00375084,0.00481051,RELIABLE,RELIABLE,RELIABLE,RELIABLE,PARTIAL,PARTIAL,STATIONARY,STATIONARY,STATIONARY,STATIONARY,MOVING,MOVING,MOVING
158147,4614,0.00520000,0.00269352,0.00134738,0.00249995,0.00513289,0.00610664,RELIABLE,RELIABLE,RELIABLE,RELIABLE,PARTIAL,PARTIAL,STATIONARY,STATIONARY,STATIONARY,STATIONARY,MOVING,MOVING,MOVING
158195,4615,0.00416103,0.00192543,0.00123155,0.00234620,0.00410879,0.00502475,RELIABLE,RELIABLE,RELIABLE,RELIABLE,PARTIAL,PARTIAL,STATIONARY,STATIONARY,STATIONARY,STATIONARY,MOVING,MOVING,MOVING
158228,4616,0.00358880,0.00196341,0.00127357,0.00271449,0.00488180,0.00640676,RELIABLE,RELIABLE,RELIABLE,RELIABLE,PARTIAL,PARTIAL,STATIONARY,STATIONARY,STATIONARY,STATIONARY,STATIONARY,MOVING,MOVING
158253,4617,0.00291294,0.00188728,0.00124207,0.00272864,0.00510779,0.00652571,RELIABLE,RELIABLE,RELIABLE,RELIABLE,PARTIAL,PARTIAL,STATIONARY,STATIONARY,STATIONARY,STATIONARY,STATIONARY,MOVING,MOVING
158285,4618,0.00238929,0.00180755,0.00145138,0.00268675,0.00452899,0.00622104,RELIABLE,RELIABLE,RELIABLE,RELIABLE,PARTIAL,PARTIAL,STATIONARY,STATIONARY,STATIONARY,STATIONARY,STATIONARY,MOVING,MOVING
158324,4619,0.00216987,0.00129194,0.00140736,0.00262841,0.00456320,0.00676611,RELIABLE,RELIABLE,RELIABLE,RELIABLE,PARTIAL,PARTIAL,STATIONARY,STATIONARY,STATIONARY,STATIONARY,STATIONARY,MOVING,MOVING
158356,4620,0.00237141,0.00119535,0.00114196,0.00264699,0.00523588,0.00675470,RELIABLE,RELIABLE,RELIABLE,RELIABLE,PARTIAL,PARTIAL,STATIONARY,STATIONARY,STATIONARY,STATIONARY,STATIONARY,MOVING,MOVING
158388,4621,0.00324815,0.00107364,0.00118650,0.00257105,0.00541311,0.00652625,RELIABLE,RELIABLE,RELIABLE,RELIABLE,PARTIAL,PARTIAL,STATIONARY,STATIONARY,STATIONARY,STATIONARY,STATIONARY,MOVING,MOVING
158419,4622,0.00397574,0.00088559,0.00144615,0.00187625,0.00388372,0.00539474,RELIABLE,RELIABLE,RELIABLE,RELIABLE,PARTIAL,PARTIAL,STATIONARY,STATIONARY,STATIONARY,STATIONARY,STATIONARY,MOVING,MOVING
158450,4623,0.00508660,0.00098962,0.00168179,0.00194487,0.00414372,0.00603988,RELIABLE,RELIABLE,RELIABLE,RELIABLE,PARTIAL,PARTIAL,STATIONARY,STATIONARY,STATIONARY,STATIONARY,STATIONARY,MOVING,MOVING
158483,4624,0.00760817,0.01772113,0.01939249,0.00983926,0.01281037,0.01259929,RELIABLE,RELIABLE,RELIABLE,RELIABLE,PARTIAL,PARTIAL,STATIONARY,STATIONARY,STATIONARY,STATIONARY,STATIONARY,MOVING,MOVING
158515,4625,0.00867877,0.02631998,0.02818738,0.01295816,0.01674817,0.01615547,RELIABLE,RELIABLE,RELIABLE,RELIABLE,PARTIAL,PARTIAL,STATIONARY,STATIONARY,STATIONARY,STATIONARY,STATIONARY,MOVING,MOVING
158548,4626,0.01030610,0.03059353,0.03215117,0.01515791,0.01984937,0.01966964,RELIABLE,RELIABLE,RELIABLE,RELIABLE,PARTIAL,PARTIAL,STATIONARY,MOVING,MOVING,STATIONARY,MOVING,MOVING,MOVING
158596,4627,0.01037661,0.03356777,0.03423027,0.01576214,0.02013282,0.01946335,RELIABLE,RELIABLE,RELIABLE,RELIABLE,PARTIAL,PARTIAL,STATIONARY,MOVING,MOVING,MOVING,MOVING,MOVING,MOVING
158627,4628,0.01008197,0.03432437,0.03528620,0.01652180,0.02038499,0.01968909,RELIABLE,RELIABLE,RELIABLE,RELIABLE,PARTIAL,PARTIAL,STATIONARY,MOVING,MOVING,MOVING,MOVING,MOVING,MOVING
158659,4629,0.00930835,0.03506487,0.03583752,0.01693069,0.02091380,0.02021826,RELIABLE,RELIABLE,RELIABLE,RELIABLE,PARTIAL,PARTIAL,STATIONARY,MOVING,MOVING,MOVING,MOVING,MOVING,MOVING
158690,4630,0.00883139,0.03527860,0.03586695,0.01723783,0.02112691,0.02014607,RELIABLE,RELIABLE,RELIABLE,RELIABLE,PARTIAL,PARTIAL,STATIONARY,MOVING,MOVING,MOVING,MOVING,MOVING,MOVING
158723,4631,0.00762964,0.03545262,0.03570750,0.01733022,0.02083735,0.01939812,RELIABLE,RELIABLE,RELIABLE,RELIABLE,PARTIAL,PARTIAL,STATIONARY,MOVING,MOVING,MOVING,MOVING,MOVING,MOVING
158755,4632,0.00519273,0.01853883,0.01816663,0.00897910,0.01162111,0.01165155,RELIABLE,RELIABLE,RELIABLE,RELIABLE,PARTIAL,PARTIAL,STATIONARY,MOVING,MOVING,MOVING,MOVING,MOVING,MOVING
158787,4633,0.00423327,0.00994841,0.00924192,0.00621705,0.00823074,0.00903129,RELIABLE,RELIABLE,RELIABLE,RELIABLE,PARTIAL,PARTIAL,STATIONARY,MOVING,MOVING,MOVING,MOVING,MOVING,MOVING
158819,4634,0.00274607,0.00568967,0.00510016,0.00391597,0.00501940,0.00614589,RELIABLE,RELIABLE,RELIABLE,RELIABLE,PARTIAL,PARTIAL,STATIONARY,MOVING,MOVING,MOVING,MOVING,MOVING,MOVING
158851,4635,0.00253074,0.00273123,0.00315499,0.00321319,0.00462686,0.00554141,RELIABLE,RELIABLE,RELIABLE,RELIABLE,PARTIAL,PARTIAL,STATIONARY,MOVING,MOVING,MOVING,MOVING,MOVING,MOVING
158883,4636,0.00203193,0.00186413,0.00209519,0.00234149,0.00369060,0.00521418,RELIABLE,RELIABLE,RELIABLE,RELIABLE,PARTIAL,PARTIAL,STATIONARY,MOVING,MOVING,MOVING,MOVING,MOVING,MOVING
158915,4637,0.00224724,0.00114677,0.00169371,0.00194528,0.00268947,0.00423118,RELIABLE,RELIABLE,RELIABLE,RELIABLE,PARTIAL,PARTIAL,STATIONARY,MOVING,MOVING,MOVING,MOVING,MOVING,MOVING
158964,4638,0.00288309,0.00117611,0.00185127,0.00168391,0.00239034,0.00405527,RELIABLE,RELIABLE,RELIABLE,RELIABLE,PARTIAL,PARTIAL,STATIONARY,MOVING,MOVING,MOVING,MOVING,MOVING,MOVING
158995,4639,0.00376486,0.00106850,0.00178195,0.00149161,0.00233652,0.00402018,RELIABLE,RELIABLE,RELIABLE,RELIABLE,PARTIAL,PARTIAL,STATIONARY,MOVING,MOVING,MOVING,MOVING,MOVING,MOVING
159021,4640,0.00410929,0.00100927,0.00160997,0.00159257,0.00198494,0.00392427,RELIABLE,RELIABLE,RELIABLE,RELIABLE,PARTIAL,PARTIAL,STATIONARY,MOVING,MOVING,MOVING,MOVING,MOVING,MOVING
159052,4641,0.00492741,0.00110443,0.00153154,0.00119587,0.00129214,0.00252858,RELIABLE,RELIABLE,RELIABLE,RELIABLE,PARTIAL,PARTIAL,STATIONARY,STATIONARY,STATIONARY,STATIONARY,STATIONARY,MOVING,MOVING
159084,4642,0.00605677,0.00112275,0.00154997,0.00133105,0.00178384,0.00191482,RELIABLE,RELIABLE,RELIABLE,RELIABLE,PARTIAL,PARTIAL,STATIONARY,STATIONARY,STATIONARY,STATIONARY,STATIONARY,STATIONARY,STATIONARY
159124,4643,0.00788401,0.00151270,0.00151159,0.00130497,0.00193489,0.00275288,RELIABLE,RELIABLE,RELIABLE,RELIABLE,PARTIAL,PARTIAL,STATIONARY,STATIONARY,STATIONARY,STATIONARY,STATIONARY,STATIONARY,STATIONARY
159155,4644,0.00879194,0.00154562,0.00191081,0.00160534,0.00231233,0.00284528,RELIABLE,RELIABLE,RELIABLE,RELIABLE,PARTIAL,PARTIAL,STATIONARY,STATIONARY,STATIONARY,STATIONARY,STATIONARY,STATIONARY,STATIONARY
159187,4645,0.00879978,0.00193977,0.00173250,0.00171744,0.00232373,0.00355379,RELIABLE,RELIABLE,RELIABLE,RELIABLE,PARTIAL,PARTIAL,STATIONARY,STATIONARY,STATIONARY,STATIONARY,STATIONARY,STATIONARY,STATIONARY
159220,4646,0.00796482,0.00206478,0.00155000,0.00185609,0.00254938,0.00407324,RELIABLE,RELIABLE,RELIABLE,RELIABLE,PARTIAL,PARTIAL,STATIONARY,STATIONARY,STATIONARY,STATIONARY,STATIONARY,STATIONARY,STATIONARY
159251,4647,0.00720285,0.00194855,0.00162599,0.00171887,0.00237205,0.00391465,RELIABLE,RELIABLE,RELIABLE,RELIABLE,PARTIAL,PARTIAL,STATIONARY,STATIONARY,STATIONARY,STATIONARY,STATIONARY,STATIONARY,STATIONARY
159283,4648,0.00668054,0.00207824,0.00160434,0.00170431,0.00242502,0.00399941,RELIABLE,RELIABLE,RELIABLE,RELIABLE,PARTIAL,PARTIAL,STATIONARY,STATIONARY,STATIONARY,STATIONARY,STATIONARY,STATIONARY,STATIONARY
159315,4649,0.00600219,0.00196131,0.00159712,0.00168827,0.00230338,0.00414025,RELIABLE,RELIABLE,RELIABLE,RELIABLE,PARTIAL,PARTIAL,STATIONARY,STATIONARY,STATIONARY,STATIONARY,STATIONARY,STATIONARY,STATIONARY
159363,4650,0.00486139,0.00195328,0.00162764,0.00159530,0.00180369,0.00458320,RELIABLE,RELIABLE,RELIABLE,RELIABLE,PARTIAL,PARTIAL,STATIONARY,STATIONARY,STATIONARY,STATIONARY,STATIONARY,STATIONARY,STATIONARY
159381,4651,0.00287675,0.00147548,0.00141153,0.00134538,0.00141911,0.00315423,RELIABLE,RELIABLE,RELIABLE,RELIABLE,PARTIAL,PARTIAL,STATIONARY,STATIONARY,STATIONARY,STATIONARY,STATIONARY,STATIONARY,STATIONARY
159413,4652,0.00192625,0.00144327,0.00114571,0.00101347,0.00105808,0.00296518,RELIABLE,RELIABLE,RELIABLE,RELIABLE,PARTIAL,PARTIAL,STATIONARY,STATIONARY,STATIONARY,STATIONARY,STATIONARY,STATIONARY,STATIONARY
159443,4653,0.00160331,0.00127365,0.00131203,0.00084188,0.00148082,0.00376270,RELIABLE,RELIABLE,RELIABLE,RELIABLE,PARTIAL,PARTIAL,STATIONARY,STATIONARY,STATIONARY,STATIONARY,STATIONARY,STATIONARY,STATIONARY
159477,4654,0.00183158,0.00114589,0.00119168,0.00074823,0.00123326,0.00340573,RELIABLE,RELIABLE,RELIABLE,RELIABLE,PARTIAL,PARTIAL,STATIONARY,STATIONARY,STATIONARY,STATIONARY,STATIONARY,STATIONARY,STATIONARY
159523,4655,0.00324357,0.00116352,0.00141844,0.00142414,0.00271053,0.00588562,RELIABLE,RELIABLE,RELIABLE,RELIABLE,PARTIAL,PARTIAL,STATIONARY,STATIONARY,STATIONARY,STATIONARY,STATIONARY,STATIONARY,STATIONARY
159556,4656,0.00418930,0.00131806,0.00140134,0.00178595,0.00368997,0.00647857,RELIABLE,RELIABLE,RELIABLE,RELIABLE,PARTIAL,PARTIAL,STATIONARY,STATIONARY,STATIONARY,STATIONARY,STATIONARY,STATIONARY,STATIONARY
159588,4657,0.00497195,0.00132246,0.00144127,0.00175655,0.00381751,0.00643246,RELIABLE,RELIABLE,RELIABLE,RELIABLE,PARTIAL,PARTIAL,STATIONARY,STATIONARY,STATIONARY,STATIONARY,STATIONARY,STATIONARY,STATIONARY
159620,4658,0.00605553,0.00134163,0.00151774,0.00191354,0.00414145,0.00618134,RELIABLE,RELIABLE,RELIABLE,RELIABLE,PARTIAL,PARTIAL,STATIONARY,STATIONARY,STATIONARY,STATIONARY,STATIONARY,STATIONARY,STATIONARY
159651,4659,0.00627206,0.00149413,0.00149928,0.00193407,0.00402196,0.00614129,RELIABLE,RELIABLE,RELIABLE,RELIABLE,PARTIAL,PARTIAL,STATIONARY,STATIONARY,STATIONARY,STATIONARY,STATIONARY,STATIONARY,STATIONARY
159683,4660,0.00687521,0.00156239,0.00151284,0.00224105,0.00509401,0.00643305,RELIABLE,RELIABLE,RELIABLE,RELIABLE,PARTIAL,PARTIAL,STATIONARY,STATIONARY,STATIONARY,STATIONARY,STATIONARY,STATIONARY,STATIONARY
159730,4661,0.00722319,0.00156858,0.00135233,0.00228700,0.00502271,0.00503470,RELIABLE,RELIABLE,RELIABLE,RELIABLE,PARTIAL,PARTIAL,STATIONARY,STATIONARY,STATIONARY,STATIONARY,STATIONARY,STATIONARY,STATIONARY
159763,4662,0.00739520,0.00186152,0.00124072,0.00246310,0.00564763,0.00576219,RELIABLE,RELIABLE,RELIABLE,RELIABLE,PARTIAL,PARTIAL,STATIONARY,STATIONARY,STATIONARY,STATIONARY,STATIONARY,STATIONARY,STATIONARY
159793,4663,0.00586243,0.00189429,0.00099986,0.00183910,0.00426489,0.00372638,RELIABLE,RELIABLE,RELIABLE,RELIABLE,PARTIAL,PARTIAL,STATIONARY,STATIONARY,STATIONARY,STATIONARY,STATIONARY,STATIONARY,STATIONARY
159825,4664,0.00494390,0.00172694,0.00102621,0.00141256,0.00388218,0.00297751,RELIABLE,RELIABLE,RELIABLE,RELIABLE,PARTIAL,PARTIAL,STATIONARY,STATIONARY,STATIONARY,STATIONARY,STATIONARY,STATIONARY,STATIONARY
159856,4665,0.00396760,0.00216480,0.00116287,0.00147295,0.00412735,0.00326198,RELIABLE,RELIABLE,RELIABLE,RELIABLE,PARTIAL,PARTIAL,STATIONARY,STATIONARY,STATIONARY,STATIONARY,STATIONARY,STATIONARY,STATIONARY
159888,4666,0.00279319,0.00214463,0.00105957,0.00132146,0.00399066,0.00313742,RELIABLE,RELIABLE,RELIABLE,RELIABLE,PARTIAL,PARTIAL,STATIONARY,STATIONARY,STATIONARY,STATIONARY,STATIONARY,STATIONARY,STATIONARY
159923,4667,0.00271205,0.00209091,0.00111133,0.00138553,0.00406512,0.00324763,RELIABLE,RELIABLE,RELIABLE,RELIABLE,PARTIAL,PARTIAL,STATIONARY,STATIONARY,STATIONARY,STATIONARY,STATIONARY,STATIONARY,STATIONARY
159955,4668,0.00211876,0.00204285,0.00108875,0.00120221,0.00305183,0.00397431,RELIABLE,RELIABLE,RELIABLE,RELIABLE,PARTIAL,PARTIAL,STATIONARY,STATIONARY,STATIONARY,STATIONARY,STATIONARY,STATIONARY,STATIONARY
159987,4669,0.00169941,0.00209978,0.00120162,0.00145616,0.00323854,0.00442675,RELIABLE,RELIABLE,RELIABLE,RELIABLE,PARTIAL,PARTIAL,STATIONARY,STATIONARY,STATIONARY,STATIONARY,STATIONARY,STATIONARY,STATIONARY
160019,4670,0.00127318,0.00157971,0.00149951,0.00119283,0.00309023,0.00362732,RELIABLE,RELIABLE,RELIABLE,RELIABLE,PARTIAL,PARTIAL,STATIONARY,STATIONARY,STATIONARY,STATIONARY,STATIONARY,STATIONARY,STATIONARY
160051,4671,0.00155681,0.00155239,0.00157219,0.00124464,0.00336190,0.00374596,RELIABLE,RELIABLE,RELIABLE,RELIABLE,PARTIAL,PARTIAL,STATIONARY,STATIONARY,STATIONARY,STATIONARY,STATIONARY,STATIONARY,STATIONARY
160083,4672,0.00225625,0.00159098,0.00171500,0.00131366,0.00287213,0.00394298,RELIABLE,RELIABLE,RELIABLE,RELIABLE,PARTIAL,PARTIAL,STATIONARY,STATIONARY,STATIONARY,STATIONARY,STATIONARY,STATIONARY,STATIONARY
160132,4673,0.00296707,0.00119614,0.00164179,0.00129808,0.00261128,0.00405671,RELIABLE,RELIABLE,RELIABLE,RELIABLE,PARTIAL,PARTIAL,STATIONARY,STATIONARY,STATIONARY,STATIONARY,STATIONARY,STATIONARY,STATIONARY
160164,4674,0.00326776,0.00118372,0.00161465,0.00124682,0.00247539,0.00397265,RELIABLE,RELIABLE,RELIABLE,RELIABLE,PARTIAL,PARTIAL,STATIONARY,STATIONARY,STATIONARY,STATIONARY,STATIONARY,STATIONARY,STATIONARY
160187,4675,0.00339132,0.00112092,0.00168577,0.00118356,0.00252604,0.00413015,RELIABLE,RELIABLE,RELIABLE,RELIABLE,PARTIAL,PARTIAL,STATIONARY,STATIONARY,STATIONARY,STATIONARY,STATIONARY,STATIONARY,STATIONARY
160218,4676,0.00386473,0.00106840,0.00157216,0.00113219,0.00275537,0.00411464,RELIABLE,RELIABLE,RELIABLE,RELIABLE,PARTIAL,PARTIAL,STATIONARY,STATIONARY,STATIONARY,STATIONARY,STATIONARY,STATIONARY,STATIONARY
160249,4677,0.00378204,0.00083844,0.00148466,0.00085534,0.00228860,0.00387711,RELIABLE,RELIABLE,RELIABLE,RELIABLE,PARTIAL,PARTIAL,STATIONARY,STATIONARY,STATIONARY,STATIONARY,STATIONARY,STATIONARY,STATIONARY
160281,4678,0.00353972,0.00085220,0.00121331,0.00083129,0.00184177,0.00413276,RELIABLE,RELIABLE,RELIABLE,RELIABLE,PARTIAL,PARTIAL,STATIONARY,STATIONARY,STATIONARY,STATIONARY,STATIONARY,STATIONARY,STATIONARY
160323,4679,0.00325234,0.00112874,0.00118641,0.00080635,0.00162663,0.00360084,RELIABLE,RELIABLE,RELIABLE,RELIABLE,PARTIAL,PARTIAL,STATIONARY,STATIONARY,STATIONARY,STATIONARY,STATIONARY,STATIONARY,STATIONARY
160355,4680,0.00279433,0.00103241,0.00160967,0.00111240,0.00200292,0.00393393,RELIABLE,RELIABLE,RELIABLE,RELIABLE,PARTIAL,PARTIAL,STATIONARY,STATIONARY,STATIONARY,STATIONARY,STATIONARY,STATIONARY,STATIONARY
160387,4681,0.00247678,0.00124787,0.00209277,0.00173776,0.00232639,0.00494773,RELIABLE,RELIABLE,RELIABLE,RELIABLE,PARTIAL,PARTIAL,STATIONARY,STATIONARY,STATIONARY,STATIONARY,STATIONARY,STATIONARY,STATIONARY
160419,4682,0.00270565,0.00134132,0.00214249,0.00185616,0.00244750,0.00503135,RELIABLE,RELIABLE,RELIABLE,RELIABLE,PARTIAL,PARTIAL,STATIONARY,STATIONARY,STATIONARY,STATIONARY,STATIONARY,STATIONARY,STATIONARY
160452,4683,0.00289088,0.00137760,0.00214965,0.00224225,0.00265461,0.00535476,RELIABLE,RELIABLE,RELIABLE,RELIABLE,PARTIAL,PARTIAL,STATIONARY,STATIONARY,STATIONARY,STATIONARY,STATIONARY,STATIONARY,STATIONARY
160499,4684,0.00270620,0.00158603,0.00226036,0.00235256,0.00296207,0.00499455,RELIABLE,RELIABLE,RELIABLE,RELIABLE,PARTIAL,PARTIAL,STATIONARY,STATIONARY,STATIONARY,STATIONARY,STATIONARY,STATIONARY,STATIONARY
160531,4685,0.00290755,0.00151199,0.00220933,0.00235741,0.00326482,0.00518425,RELIABLE,RELIABLE,RELIABLE,RELIABLE,PARTIAL,PARTIAL,STATIONARY,STATIONARY,STATIONARY,STATIONARY,STATIONARY,STATIONARY,STATIONARY
160560,4686,0.00297931,0.00178340,0.00229051,0.00269939,0.00354984,0.00526097,RELIABLE,RELIABLE,RELIABLE,RELIABLE,PARTIAL,PARTIAL,STATIONARY,STATIONARY,STATIONARY,STATIONARY,STATIONARY,STATIONARY,STATIONARY
160592,4687,0.00326643,0.00142577,0.00222474,0.00267157,0.00386141,0.00643697,RELIABLE,RELIABLE,RELIABLE,RELIABLE,PARTIAL,PARTIAL,STATIONARY,STATIONARY,STATIONARY,STATIONARY,STATIONARY,STATIONARY,STATIONARY
160623,4688,0.00301911,0.00141918,0.00203291,0.00228533,0.00373976,0.00608006,RELIABLE,RELIABLE,RELIABLE,RELIABLE,PARTIAL,PARTIAL,STATIONARY,STATIONARY,STATIONARY,STATIONARY,STATIONARY,STATIONARY,STATIONARY
160654,4689,0.00301326,0.00119994,0.00152974,0.00160485,0.00336712,0.00462243,RELIABLE,RELIABLE,RELIABLE,RELIABLE,PARTIAL,PARTIAL,STATIONARY,STATIONARY,STATIONARY,STATIONARY,STATIONARY,STATIONARY,STATIONARY
160686,4690,0.00242080,0.00110170,0.00172448,0.00154066,0.00349162,0.00548743,RELIABLE,RELIABLE,RELIABLE,RELIABLE,PARTIAL,PARTIAL,STATIONARY,STATIONARY,STATIONARY,STATIONARY,STATIONARY,STATIONARY,STATIONARY
160723,4691,0.00211785,0.00112685,0.00181890,0.00125432,0.00305641,0.00501896,RELIABLE,RELIABLE,RELIABLE,RELIABLE,PARTIAL,PARTIAL,STATIONARY,STATIONARY,STATIONARY,STATIONARY,STATIONARY,STATIONARY,STATIONARY
160756,4692,0.00194577,0.00103588,0.00163795,0.00136726,0.00358756,0.00677789,RELIABLE,RELIABLE,RELIABLE,RELIABLE,PARTIAL,PARTIAL,STATIONARY,STATIONARY,STATIONARY,STATIONARY,STATIONARY,STATIONARY,STATIONARY
160788,4693,0.00250497,0.00107014,0.00171096,0.00134385,0.00381669,0.00650650,RELIABLE,RELIABLE,RELIABLE,RELIABLE,PARTIAL,PARTIAL,STATIONARY,STATIONARY,STATIONARY,STATIONARY,STATIONARY,STATIONARY,STATIONARY
160819,4694,0.00312737,0.00132134,0.00184806,0.00168201,0.00505200,0.00703340,RELIABLE,RELIABLE,RELIABLE,RELIABLE,PARTIAL,PARTIAL,STATIONARY,STATIONARY,STATIONARY,STATIONARY,STATIONARY,STATIONARY,STATIONARY
160851,4695,0.00352466,0.00149957,0.00194361,0.00184543,0.00486751,0.00601135,RELIABLE,RELIABLE,RELIABLE,RELIABLE,PARTIAL,PARTIAL,STATIONARY,STATIONARY,STATIONARY,STATIONARY,STATIONARY,STATIONARY,STATIONARY
160899,4696,0.00388047,0.00320446,0.00227288,0.00361081,0.00750865,0.00906274,RELIABLE,RELIABLE,RELIABLE,RELIABLE,PARTIAL,PARTIAL,STATIONARY,STATIONARY,STATIONARY,STATIONARY,STATIONARY,STATIONARY,STATIONARY
160932,4697,0.00503139,0.02761686,0.02658866,0.01708277,0.01797608,0.01893048,RELIABLE,RELIABLE,RELIABLE,RELIABLE,PARTIAL,PARTIAL,STATIONARY,STATIONARY,STATIONARY,STATIONARY,STATIONARY,STATIONARY,STATIONARY
160957,4698,0.00510160,0.03677750,0.03383600,0.02081581,0.01962600,0.01966260,RELIABLE,RELIABLE,RELIABLE,RELIABLE,PARTIAL,PARTIAL,STATIONARY,STATIONARY,STATIONARY,STATIONARY,STATIONARY,STATIONARY,STATIONARY
160989,4699,0.00597973,0.04683389,0.04271997,0.02585971,0.02261108,0.02227522,RELIABLE,RELIABLE,RELIABLE,RELIABLE,PARTIAL,PARTIAL,STATIONARY,MOVING,MOVING,MOVING,MOVING,MOVING,MOVING
161020,4700,0.00688397,0.04798338,0.04417336,0.02672953,0.02256124,0.02114133,RELIABLE,RELIABLE,RELIABLE,RELIABLE,PARTIAL,PARTIAL,STATIONARY,MOVING,MOVING,MOVING,MOVING,MOVING,MOVING
161051,4701,0.00634523,0.04793655,0.04458256,0.02688303,0.02240866,0.02100564,RELIABLE,RELIABLE,RELIABLE,RELIABLE,PARTIAL,PARTIAL,STATIONARY,MOVING,MOVING,MOVING,MOVING,MOVING,MOVING
161083,4702,0.00603499,0.04765110,0.04451177,0.02648918,0.02123977,0.02061061,RELIABLE,RELIABLE,RELIABLE,RELIABLE,PARTIAL,PARTIAL,STATIONARY,MOVING,MOVING,MOVING,MOVING,MOVING,MOVING
161123,4703,0.00677455,0.07238826,0.06871737,0.04091917,0.03229431,0.03231663,RELIABLE,RELIABLE,RELIABLE,RELIABLE,PARTIAL,PARTIAL,STATIONARY,MOVING,MOVING,MOVING,MOVING,MOVING,MOVING
161155,4704,0.00734758,0.07309689,0.07039453,0.04133649,0.03248729,0.03185489,RELIABLE,RELIABLE,RELIABLE,RELIABLE,PARTIAL,PARTIAL,STATIONARY,MOVING,MOVING,MOVING,MOVING,MOVING,MOVING
161187,4705,0.00651084,0.04952458,0.04722679,0.02903722,0.02470534,0.02324027,RELIABLE,RELIABLE,RELIABLE,RELIABLE,PARTIAL,PARTIAL,STATIONARY,MOVING,MOVING,MOVING,MOVING,MOVING,MOVING
161220,4706,0.00716380,0.04080811,0.04004956,0.02563401,0.02380758,0.02208919,RELIABLE,RELIABLE,RELIABLE,RELIABLE,PARTIAL,PARTIAL,STATIONARY,MOVING,MOVING,MOVING,MOVING,MOVING,MOVING
161267,4707,0.00663936,0.03146266,0.03152444,0.02096475,0.02137622,0.02035504,RELIABLE,RELIABLE,RELIABLE,RELIABLE,PARTIAL,PARTIAL,STATIONARY,MOVING,MOVING,MOVING,MOVING,MOVING,MOVING
161299,4708,0.00567835,0.03037573,0.03057500,0.02003029,0.02107087,0.01925236,RELIABLE,RELIABLE,RELIABLE,RELIABLE,PARTIAL,PARTIAL,STATIONARY,MOVING,MOVING,MOVING,MOVING,MOVING,MOVING
161331,4709,0.00551809,0.03062147,0.03025447,0.01997642,0.02102653,0.01917564,RELIABLE,RELIABLE,RELIABLE,RELIABLE,PARTIAL,PARTIAL,STATIONARY,MOVING,MOVING,MOVING,MOVING,MOVING,MOVING
161363,4710,0.00525659,0.03109431,0.03019453,0.01988511,0.02123541,0.01913396,RELIABLE,RELIABLE,RELIABLE,RELIABLE,PARTIAL,PARTIAL,STATIONARY,MOVING,MOVING,MOVING,MOVING,MOVING,MOVING
161394,4711,0.00382212,0.00628363,0.00595437,0.00546668,0.01053773,0.00840104,RELIABLE,RELIABLE,RELIABLE,RELIABLE,PARTIAL,PARTIAL,STATIONARY,MOVING,MOVING,MOVING,MOVING,MOVING,MOVING
161427,4712,0.00304716,0.00397685,0.00365406,0.00361017,0.00750994,0.00563404,RELIABLE,RELIABLE,RELIABLE,RELIABLE,PARTIAL,PARTIAL,STATIONARY,MOVING,MOVING,MOVING,MOVING,MOVING,MOVING
161459,4713,0.00245616,0.00330293,0.00254843,0.00284948,0.00521270,0.00483177,RELIABLE,RELIABLE,RELIABLE,RELIABLE,PARTIAL,PARTIAL,STATIONARY,MOVING,MOVING,MOVING,MOVING,MOVING,MOVING
161491,4714,0.00188486,0.00292543,0.00227256,0.00249338,0.00499204,0.00516580,RELIABLE,RELIABLE,RELIABLE,RELIABLE,PARTIAL,PARTIAL,STATIONARY,MOVING,MOVING,MOVING,MOVING,MOVING,MOVING
161524,4715,0.00134795,0.00220442,0.00173702,0.00215311,0.00477923,0.00458318,RELIABLE,RELIABLE,RELIABLE,RELIABLE,PARTIAL,PARTIAL,STATIONARY,MOVING,MOVING,MOVING,MOVING,MOVING,MOVING
161555,4716,0.00129263,0.00206246,0.00135500,0.00194151,0.00417790,0.00445988,RELIABLE,RELIABLE,RELIABLE,RELIABLE,PARTIAL,PARTIAL,STATIONARY,MOVING,MOVING,MOVING,MOVING,MOVING,MOVING
161587,4717,0.00135113,0.00211991,0.00127786,0.00184674,0.00391590,0.00437597,RELIABLE,RELIABLE,RELIABLE,RELIABLE,PARTIAL,PARTIAL,STATIONARY,MOVING,MOVING,MOVING,MOVING,MOVING,MOVING
161619,4718,0.00137107,0.00145213,0.00125870,0.00170352,0.00324849,0.00485578,RELIABLE,RELIABLE,RELIABLE,RELIABLE,PARTIAL,PARTIAL,STATIONARY,MOVING,STATIONARY,STATIONARY,MOVING,MOVING,MOVING
161667,4719,0.00148963,0.00133050,0.00122376,0.00156674,0.00280472,0.00402631,RELIABLE,RELIABLE,RELIABLE,RELIABLE,PARTIAL,PARTIAL,STATIONARY,STATIONARY,STATIONARY,STATIONARY,MOVING,STATIONARY,MOVING
161700,4720,0.00176975,0.00116720,0.00132203,0.00127186,0.00270214,0.00456450,RELIABLE,RELIABLE,RELIABLE,RELIABLE,PARTIAL,PARTIAL,STATIONARY,STATIONARY,STATIONARY,STATIONARY,STATIONARY,STATIONARY,STATIONARY
161726,4721,0.00161871,0.00122728,0.00122099,0.00104132,0.00246211,0.00431522,RELIABLE,RELIABLE,RELIABLE,RELIABLE,PARTIAL,PARTIAL,STATIONARY,STATIONARY,STATIONARY,STATIONARY,STATIONARY,STATIONARY,STATIONARY
161756,4722,0.00151995,0.00124761,0.00128074,0.00098430,0.00212183,0.00359110,RELIABLE,RELIABLE,RELIABLE,RELIABLE,PARTIAL,PARTIAL,STATIONARY,STATIONARY,STATIONARY,STATIONARY,STATIONARY,STATIONARY,STATIONARY
161788,4723,0.00154875,0.00141086,0.00124555,0.00095627,0.00232779,0.00337006,RELIABLE,RELIABLE,RELIABLE,RELIABLE,PARTIAL,PARTIAL,STATIONARY,STATIONARY,STATIONARY,STATIONARY,STATIONARY,STATIONARY,STATIONARY
161819,4724,0.00171052,0.00151267,0.00127468,0.00096546,0.00219931,0.00338023,RELIABLE,RELIABLE,RELIABLE,RELIABLE,PARTIAL,PARTIAL,STATIONARY,STATIONARY,STATIONARY,STATIONARY,STATIONARY,STATIONARY,STATIONARY
161851,4725,0.00194350,0.00165239,0.00126190,0.00113038,0.00294279,0.00383572,RELIABLE,RELIABLE,RELIABLE,RELIABLE,PARTIAL,PARTIAL,STATIONARY,STATIONARY,STATIONARY,STATIONARY,STATIONARY,STATIONARY,STATIONARY
161882,4726,0.00252485,0.00167685,0.00118706,0.00161772,0.00357921,0.00313100,RELIABLE,RELIABLE,RELIABLE,RELIABLE,PARTIAL,PARTIAL,STATIONARY,STATIONARY,STATIONARY,STATIONARY,STATIONARY,STATIONARY,STATIONARY
161924,4727,0.00299189,0.00208485,0.00134009,0.00199174,0.00462005,0.00356331,RELIABLE,RELIABLE,RELIABLE,RELIABLE,PARTIAL,PARTIAL,STATIONARY,STATIONARY,STATIONARY,STATIONARY,STATIONARY,STATIONARY,STATIONARY
161955,4728,0.00282811,0.00238478,0.00113462,0.00230897,0.00521058,0.00333533,RELIABLE,RELIABLE,RELIABLE,RELIABLE,PARTIAL,PARTIAL,STATIONARY,STATIONARY,STATIONARY,STATIONARY,STATIONARY,STATIONARY,STATIONARY
161987,4729,0.00302460,0.00217881,0.00111090,0.00225901,0.00526076,0.00322603,RELIABLE,RELIABLE,RELIABLE,RELIABLE,PARTIAL,PARTIAL,STATIONARY,STATIONARY,STATIONARY,STATIONARY,STATIONARY,STATIONARY,STATIONARY
162035,4730,0.00333084,0.00233327,0.00109329,0.00262085,0.00583038,0.00407632,RELIABLE,RELIABLE,RELIABLE,RELIABLE,PARTIAL,PARTIAL,STATIONARY,STATIONARY,STATIONARY,STATIONARY,STATIONARY,STATIONARY,STATIONARY
162069,4731,0.00377179,0.00526020,0.00511499,0.00350574,0.00574773,0.00532429,RELIABLE,RELIABLE,RELIABLE,RELIABLE,PARTIAL,PARTIAL,STATIONARY,STATIONARY,STATIONARY,STATIONARY,STATIONARY,STATIONARY,STATIONARY
162101,4732,0.00397751,0.02440337,0.02080515,0.01325642,0.01184268,0.00994170,RELIABLE,RELIABLE,RELIABLE,RELIABLE,PARTIAL,PARTIAL,STATIONARY,STATIONARY,STATIONARY,STATIONARY,STATIONARY,STATIONARY,STATIONARY
162132,4733,0.00375566,0.03163685,0.02601905,0.01594932,0.01174242,0.01019397,RELIABLE,RELIABLE,RELIABLE,RELIABLE,PARTIAL,PARTIAL,STATIONARY,STATIONARY,STATIONARY,STATIONARY,STATIONARY,STATIONARY,STATIONARY
162164,4734,0.00352834,0.03682773,0.03018706,0.01730817,0.01132882,0.01046012,RELIABLE,RELIABLE,RELIABLE,RELIABLE,PARTIAL,PARTIAL,STATIONARY,MOVING,MOVING,MOVING,STATIONARY,STATIONARY,MOVING
162196,4735,0.00323552,0.04031921,0.03225848,0.01817851,0.01061759,0.01014762,RELIABLE,RELIABLE,RELIABLE,RELIABLE,PARTIAL,PARTIAL,STATIONARY,MOVING,MOVING,MOVING,STATIONARY,STATIONARY,MOVING
162228,4736,0.00342342,0.05220631,0.04589987,0.02399581,0.01401034,0.01382324,RELIABLE,RELIABLE,RELIABLE,RELIABLE,PARTIAL,PARTIAL,STATIONARY,MOVING,MOVING,MOVING,STATIONARY,STATIONARY,MOVING
162260,4737,0.00380780,0.05302188,0.04755023,0.02467803,0.01382800,0.01441743,RELIABLE,RELIABLE,RELIABLE,RELIABLE,PARTIAL,PARTIAL,STATIONARY,MOVING,MOVING,MOVING,STATIONARY,STATIONARY,MOVING
162292,4738,0.00464825,0.07492244,0.06822569,0.03794078,0.02324255,0.02342651,RELIABLE,RELIABLE,RELIABLE,RELIABLE,PARTIAL,PARTIAL,STATIONARY,MOVING,MOVING,MOVING,MOVING,MOVING,MOVING
162323,4739,0.00494914,0.07372715,0.06562137,0.03832947,0.02484551,0.02390393,RELIABLE,RELIABLE,RELIABLE,RELIABLE,PARTIAL,PARTIAL,STATIONARY,MOVING,MOVING,MOVING,MOVING,MOVING,MOVING
162356,4740,0.00489182,0.05471797,0.05039467,0.02904120,0.01953244,0.01981182,RELIABLE,RELIABLE,RELIABLE,RELIABLE,PARTIAL,PARTIAL,STATIONARY,MOVING,MOVING,MOVING,MOVING,MOVING,MOVING
162388,4741,0.00531548,0.04753741,0.04553935,0.02657864,0.01951547,0.01948035,RELIABLE,RELIABLE,RELIABLE,RELIABLE,PARTIAL,PARTIAL,STATIONARY,MOVING,MOVING,MOVING,MOVING,MOVING,MOVING
162435,4742,0.00569052,0.04303360,0.04144051,0.02520828,0.01991096,0.01932536,RELIABLE,RELIABLE,RELIABLE,RELIABLE,PARTIAL,PARTIAL,STATIONARY,MOVING,MOVING,MOVING,MOVING,MOVING,MOVING
162468,4743,0.00587532,0.03953535,0.03956617,0.02423867,0.02020550,0.01982070,RELIABLE,RELIABLE,RELIABLE,RELIABLE,PARTIAL,PARTIAL,STATIONARY,MOVING,MOVING,MOVING,MOVING,MOVING,MOVING
162496,4744,0.00562745,0.02762346,0.02621989,0.01825150,0.01614903,0.01580166,RELIABLE,RELIABLE,RELIABLE,RELIABLE,PARTIAL,PARTIAL,STATIONARY,MOVING,MOVING,MOVING,MOVING,MOVING,MOVING
162529,4745,0.00511905,0.02726934,0.02493207,0.01761258,0.01674101,0.01507927,RELIABLE,RELIABLE,RELIABLE,RELIABLE,PARTIAL,PARTIAL,STATIONARY,MOVING,MOVING,MOVING,MOVING,MOVING,MOVING
162560,4746,0.00434968,0.00566274,0.00432191,0.00424703,0.00646561,0.00503113,RELIABLE,RELIABLE,RELIABLE,RELIABLE,PARTIAL,PARTIAL,STATIONARY,MOVING,MOVING,MOVING,MOVING,MOVING,MOVING
162592,4747,0.00380792,0.00387077,0.00314740,0.00309765,0.00469908,0.00335005,RELIABLE,RELIABLE,RELIABLE,RELIABLE,PARTIAL,PARTIAL,STATIONARY,MOVING,MOVING,MOVING,MOVING,MOVING,MOVING
162624,4748,0.00406997,0.00362477,0.00263953,0.00262639,0.00409596,0.00272447,RELIABLE,PARTIAL,RELIABLE,RELIABLE,PARTIAL,PARTIAL,STATIONARY,MOVING,MOVING,MOVING,MOVING,MOVING,MOVING
162656,4749,0.00387148,0.00321451,0.00239394,0.00231085,0.00366934,0.00284441,RELIABLE,RELIABLE,RELIABLE,RELIABLE,PARTIAL,PARTIAL,STATIONARY,MOVING,MOVING,MOVING,MOVING,MOVING,MOVING
162688,4750,0.00309954,0.00247824,0.00232572,0.00186598,0.00337913,0.00250458,RELIABLE,PARTIAL,RELIABLE,RELIABLE,PARTIAL,PARTIAL,STATIONARY,MOVING,MOVING,MOVING,MOVING,MOVING,MOVING
162724,4751,0.00272014,0.00258918,0.00190068,0.00164933,0.00302151,0.00160607,RELIABLE,RELIABLE,PARTIAL,RELIABLE,PARTIAL,PARTIAL,STATIONARY,MOVING,MOVING,MOVING,MOVING,MOVING,MOVING
162755,4752,0.00258071,0.00245134,0.00166092,0.00152462,0.00301486,0.00160499,RELIABLE,RELIABLE,PARTIAL,RELIABLE,PARTIAL,PARTIAL,STATIONARY,MOVING,MOVING,MOVING,MOVING,MOVING,MOVING
162787,4753,0.00263658,0.00198957,0.00133762,0.00136996,0.00259576,0.00169019,RELIABLE,PARTIAL,PARTIAL,RELIABLE,PARTIAL,PARTIAL,STATIONARY,STATIONARY,STATIONARY,STATIONARY,MOVING,STATIONARY,MOVING
162836,4754,0.00228938,0.00171063,0.00129896,0.00122892,0.00240735,0.00169822,RELIABLE,PARTIAL,PARTIAL,RELIABLE,PARTIAL,PARTIAL,STATIONARY,STATIONARY,STATIONARY,STATIONARY,STATIONARY,STATIONARY,STATIONARY
162859,4755,0.00214536,0.00165757,0.00106785,0.00109340,0.00216246,0.00155009,RELIABLE,PARTIAL,PARTIAL,RELIABLE,PARTIAL,PARTIAL,STATIONARY,STATIONARY,STATIONARY,STATIONARY,STATIONARY,STATIONARY,STATIONARY
162891,4756,0.00153013,0.00175470,0.00101842,0.00111364,0.00202126,0.00161554,RELIABLE,PARTIAL,PARTIAL,RELIABLE,PARTIAL,PARTIAL,STATIONARY,STATIONARY,STATIONARY,STATIONARY,STATIONARY,STATIONARY,STATIONARY
162923,4757,0.00123023,0.00176840,0.00081009,0.00106080,0.00205755,0.00108151,RELIABLE,PARTIAL,PARTIAL,RELIABLE,PARTIAL,PARTIAL,STATIONARY,STATIONARY,STATIONARY,STATIONARY,STATIONARY,STATIONARY,STATIONARY
162954,4758,0.00127726,0.00182199,0.00071967,0.00102611,0.00189820,0.00114207,RELIABLE,PARTIAL,PARTIAL,RELIABLE,PARTIAL,PARTIAL,STATIONARY,STATIONARY,STATIONARY,STATIONARY,STATIONARY,STATIONARY,STATIONARY
162985,4759,0.00234962,0.02346591,0.02058092,0.01463060,0.01116187,0.00999028,RELIABLE,RELIABLE,PARTIAL,RELIABLE,PARTIAL,PARTIAL,STATIONARY,STATIONARY,STATIONARY,STATIONARY,STATIONARY,STATIONARY,STATIONARY
163016,4760,0.00257343,0.03965284,0.03370952,0.02299118,0.01650838,0.01396507,RELIABLE,RELIABLE,PARTIAL,RELIABLE,PARTIAL,PARTIAL,STATIONARY,STATIONARY,STATIONARY,STATIONARY,STATIONARY,STATIONARY,STATIONARY
163047,4761,0.00257679,0.04305154,0.03761594,0.02537434,0.01788284,0.01455703,RELIABLE,RELIABLE,PARTIAL,RELIABLE,PARTIAL,PARTIAL,STATIONARY,MOVING,MOVING,MOVING,STATIONARY,STATIONARY,MOVING
163077,4762,0.00298990,0.04440135,0.03954213,0.02650043,0.01934474,0.01582790,RELIABLE,RELIABLE,PARTIAL,RELIABLE,PARTIAL,PARTIAL,STATIONARY,MOVING,MOVING,MOVING,MOVING,MOVING,MOVING
163123,4763,0.00338322,0.04468769,0.04053430,0.02712798,0.02017494,0.01630675,RELIABLE,RELIABLE,RELIABLE,RELIABLE,PARTIAL,PARTIAL,STATIONARY,MOVING,MOVING,MOVING,MOVING,MOVING,MOVING
163155,4764,0.00406137,0.04476131,0.04082710,0.02733312,0.02036005,0.01635141,RELIABLE,RELIABLE,RELIABLE,RELIABLE,PARTIAL,PARTIAL,STATIONARY,MOVING,MOVING,MOVING,MOVING,MOVING,MOVING
163203,4765,0.00509802,0.04495381,0.04126527,0.02755708,0.02015393,0.01686442,PARTIAL,RELIABLE,RELIABLE,RELIABLE,PARTIAL,PARTIAL,STATIONARY,MOVING,MOVING,MOVING,MOVING,MOVING,MOVING
163235,4766,,0.07127757,0.06698251,0.04268467,0.03146226,0.02756884,UNRELIABLE,RELIABLE,RELIABLE,RELIABLE,PARTIAL,PARTIAL,UNCERTAIN,MOVING,MOVING,MOVING,MOVING,MOVING,MOVING
163267,4767,,0.05066816,0.04922839,0.03024839,0.02294530,0.01937160,UNRELIABLE,RELIABLE,RELIABLE,RELIABLE,PARTIAL,PARTIAL,UNCERTAIN,MOVING,MOVING,MOVING,MOVING,MOVING,MOVING
163300,4768,,0.04347691,0.04548896,0.02608166,0.01987355,0.01860055,UNRELIABLE,RELIABLE,RELIABLE,RELIABLE,PARTIAL,PARTIAL,UNCERTAIN,MOVING,MOVING,MOVING,MOVING,MOVING,MOVING
163331,4769,,0.04909935,0.04969721,0.02820039,0.02166534,0.02264193,UNRELIABLE,RELIABLE,RELIABLE,RELIABLE,PARTIAL,PARTIAL,UNCERTAIN,MOVING,MOVING,MOVING,MOVING,MOVING,MOVING
163362,4770,,0.05321603,0.05089445,0.02908691,0.02285974,0.02417771,UNRELIABLE,RELIABLE,RELIABLE,RELIABLE,PARTIAL,PARTIAL,UNCERTAIN,MOVING,MOVING,MOVING,MOVING,MOVING,MOVING
163394,4771,,0.05360957,0.05289519,0.02948182,0.02255569,0.02394966,UNRELIABLE,RELIABLE,RELIABLE,RELIABLE,PARTIAL,PARTIAL,UNCERTAIN,MOVING,MOVING,MOVING,MOVING,MOVING,MOVING
163426,4772,,0.06034875,0.05893255,0.03200562,0.02634357,0.02691967,UNRELIABLE,RELIABLE,RELIABLE,RELIABLE,PARTIAL,PARTIAL,UNCERTAIN,MOVING,MOVING,MOVING,MOVING,MOVING,MOVING
163458,4773,,0.06207284,0.05959721,0.03320982,0.02827159,0.02761696,UNRELIABLE,RELIABLE,RELIABLE,RELIABLE,PARTIAL,PARTIAL,UNCERTAIN,MOVING,MOVING,MOVING,MOVING,MOVING,MOVING
163489,4774,,0.03895583,0.03624516,0.01937282,0.01861354,0.01743551,UNRELIABLE,RELIABLE,RELIABLE,RELIABLE,PARTIAL,PARTIAL,UNCERTAIN,MOVING,MOVING,MOVING,MOVING,MOVING,MOVING
163523,4775,,0.03990113,0.03590344,0.01922898,0.01779757,0.01684159,UNRELIABLE,RELIABLE,RELIABLE,RELIABLE,PARTIAL,PARTIAL,UNCERTAIN,MOVING,MOVING,MOVING,MOVING,MOVING,MOVING
163555,4776,,0.03229136,0.02710214,0.01578479,0.01674649,0.01488247,UNRELIABLE,RELIABLE,RELIABLE,RELIABLE,PARTIAL,PARTIAL,UNCERTAIN,MOVING,MOVING,MOVING,MOVING,MOVING,MOVING
163604,4777,0.00000000,0.02406416,0.01948750,0.01213031,0.01489118,0.01131896,PARTIAL,RELIABLE,RELIABLE,RELIABLE,PARTIAL,PARTIAL,STATIONARY,MOVING,MOVING,MOVING,MOVING,MOVING,MOVING
163631,4778,0.00542223,0.01853688,0.01632998,0.01017584,0.01258327,0.00892552,PARTIAL,RELIABLE,RELIABLE,RELIABLE,PARTIAL,PARTIAL,STATIONARY,MOVING,MOVING,MOVING,MOVING,MOVING,MOVING
163663,4779,0.00491283,0.01831626,0.01353842,0.00937816,0.01245373,0.00881074,PARTIAL,RELIABLE,RELIABLE,RELIABLE,PARTIAL,PARTIAL,STATIONARY,MOVING,MOVING,MOVING,MOVING,MOVING,MOVING
163694,4780,0.00653231,0.01188961,0.00737030,0.00683580,0.00860170,0.00577550,RELIABLE,RELIABLE,RELIABLE,RELIABLE,PARTIAL,PARTIAL,STATIONARY,MOVING,MOVING,MOVING,MOVING,MOVING,MOVING
163725,4781,0.00674070,0.01116181,0.00657569,0.00597907,0.00707079,0.00514300,RELIABLE,RELIABLE,RELIABLE,RELIABLE,PARTIAL,PARTIAL,STATIONARY,MOVING,MOVING,MOVING,MOVING,MOVING,MOVING
163755,4782,0.00598870,0.00920790,0.00501408,0.00545495,0.00584477,0.00479092,RELIABLE,RELIABLE,RELIABLE,RELIABLE,PARTIAL,PARTIAL,STATIONARY,MOVING,MOVING,MOVING,MOVING,MOVING,MOVING
163787,4783,0.00574980,0.00750542,0.00377216,0.00501763,0.00581762,0.00528489,RELIABLE,RELIABLE,RELIABLE,RELIABLE,PARTIAL,PARTIAL,STATIONARY,MOVING,MOVING,MOVING,MOVING,MOVING,MOVING
163818,4784,0.00563728,0.00637702,0.00347883,0.00478882,0.00489136,0.00444961,RELIABLE,RELIABLE,RELIABLE,RELIABLE,PARTIAL,PARTIAL,STATIONARY,MOVING,MOVING,MOVING,MOVING,MOVING,MOVING
163849,4785,0.00580292,0.00624385,0.00380419,0.00468861,0.00386722,0.00418915,RELIABLE,RELIABLE,RELIABLE,RELIABLE,PARTIAL,PARTIAL,STATIONARY,MOVING,MOVING,MOVING,MOVING,MOVING,MOVING
163881,4786,0.00589007,0.00633574,0.00427622,0.00483333,0.00357827,0.00382857,RELIABLE,RELIABLE,RELIABLE,RELIABLE,PARTIAL,PARTIAL,STATIONARY,MOVING,MOVING,MOVING,MOVING,MOVING,MOVING
163923,4787,0.00640024,0.00666631,0.00539423,0.00541369,0.00437034,0.00478960,RELIABLE,RELIABLE,RELIABLE,RELIABLE,PARTIAL,PARTIAL,STATIONARY,MOVING,MOVING,MOVING,MOVING,STATIONARY,MOVING
163972,4788,0.00652647,0.00690173,0.00641059,0.00573511,0.00483312,0.00575016,RELIABLE,RELIABLE,RELIABLE,RELIABLE,PARTIAL,PARTIAL,STATIONARY,MOVING,MOVING,STATIONARY,MOVING,STATIONARY,MOVING
164003,4789,0.00659651,0.00605484,0.00653809,0.00541432,0.00435721,0.00523369,RELIABLE,RELIABLE,RELIABLE,RELIABLE,PARTIAL,PARTIAL,STATIONARY,MOVING,MOVING,STATIONARY,STATIONARY,STATIONARY,MOVING
164023,4790,0.00645631,0.00492219,0.00583551,0.00465901,0.00377801,0.00487278,RELIABLE,RELIABLE,RELIABLE,RELIABLE,PARTIAL,PARTIAL,STATIONARY,MOVING,MOVING,STATIONARY,STATIONARY,STATIONARY,MOVING
164054,4791,0.00676114,0.00438205,0.00537297,0.00403469,0.00351781,0.00429134,RELIABLE,RELIABLE,RELIABLE,RELIABLE,PARTIAL,PARTIAL,STATIONARY,MOVING,MOVING,STATIONARY,STATIONARY,STATIONARY,MOVING
164084,4792,0.00675263,0.00480327,0.00537963,0.00377165,0.00347627,0.00382122,RELIABLE,RELIABLE,RELIABLE,RELIABLE,PARTIAL,PARTIAL,STATIONARY,MOVING,MOVING,STATIONARY,STATIONARY,STATIONARY,MOVING
164115,4793,0.00636251,0.00483827,0.00580407,0.00335890,0.00309982,0.00307226,RELIABLE,RELIABLE,RELIABLE,RELIABLE,PARTIAL,PARTIAL,STATIONARY,MOVING,MOVING,STATIONARY,STATIONARY,STATIONARY,MOVING
164147,4794,0.00593204,0.00463527,0.00590680,0.00325200,0.00316896,0.00310918,RELIABLE,RELIABLE,RELIABLE,RELIABLE,PARTIAL,PARTIAL,STATIONARY,MOVING,MOVING,STATIONARY,STATIONARY,STATIONARY,MOVING
164179,4795,0.00603065,0.00383542,0.00487510,0.00250650,0.00206107,0.00191228,RELIABLE,RELIABLE,RELIABLE,RELIABLE,PARTIAL,PARTIAL,STATIONARY,MOVING,MOVING,STATIONARY,STATIONARY,STATIONARY,MOVING
164210,4796,0.00547642,0.00326639,0.00380084,0.00223085,0.00170522,0.00118726,RELIABLE,RELIABLE,RELIABLE,RELIABLE,PARTIAL,PARTIAL,STATIONARY,MOVING,MOVING,STATIONARY,STATIONARY,STATIONARY,MOVING
164240,4797,0.00505010,0.00347241,0.00385083,0.00209446,0.00193185,0.00127390,RELIABLE,RELIABLE,RELIABLE,RELIABLE,PARTIAL,PARTIAL,STATIONARY,STATIONARY,STATIONARY,STATIONARY,STATIONARY,STATIONARY,STATIONARY
164272,4798,0.00537572,0.00352303,0.00416119,0.00215039,0.00213643,0.00123579,RELIABLE,RELIABLE,RELIABLE,RELIABLE,PARTIAL,PARTIAL,STATIONARY,STATIONARY,STATIONARY,STATIONARY,STATIONARY,STATIONARY,STATIONARY
164324,4799,0.00508276,0.00396084,0.00460164,0.00233038,0.00224678,0.00120857,RELIABLE,RELIABLE,RELIABLE,RELIABLE,PARTIAL,PARTIAL,STATIONARY,STATIONARY,STATIONARY,STATIONARY,STATIONARY,STATIONARY,STATIONARY
164372,4800,0.00507862,0.00329118,0.00441175,0.00219987,0.00289573,0.00120449,RELIABLE,RELIABLE,RELIABLE,RELIABLE,PARTIAL,PARTIAL,STATIONARY,STATIONARY,STATIONARY,STATIONARY,STATIONARY,STATIONARY,STATIONARY
164397,4801,0.00477211,0.00281444,0.00378357,0.00193091,0.00270337,0.00135377,RELIABLE,RELIABLE,RELIABLE,RELIABLE,PARTIAL,PARTIAL,STATIONARY,STATIONARY,STATIONARY,STATIONARY,STATIONARY,STATIONARY,STATIONARY
164428,4802,0.00462204,0.00271697,0.00329878,0.00172764,0.00262822,0.00117028,RELIABLE,RELIABLE,RELIABLE,RELIABLE,PARTIAL,PARTIAL,STATIONARY,STATIONARY,STATIONARY,STATIONARY,STATIONARY,STATIONARY,STATIONARY
164460,4803,0.00353026,0.00277199,0.00318246,0.00166788,0.00274749,0.00117621,RELIABLE,RELIABLE,RELIABLE,RELIABLE,PARTIAL,PARTIAL,STATIONARY,STATIONARY,STATIONARY,STATIONARY,STATIONARY,STATIONARY,STATIONARY
164491,4804,0.00289150,0.00266171,0.00312357,0.00142336,0.00265046,0.00084986,RELIABLE,RELIABLE,RELIABLE,RELIABLE,PARTIAL,PARTIAL,STATIONARY,STATIONARY,STATIONARY,STATIONARY,STATIONARY,STATIONARY,STATIONARY
164523,4805,0.00246761,0.00209914,0.00274562,0.00128832,0.00253641,0.00068578,RELIABLE,RELIABLE,RELIABLE,RELIABLE,PARTIAL,PARTIAL,STATIONARY,STATIONARY,STATIONARY,STATIONARY,STATIONARY,STATIONARY,STATIONARY
164555,4806,0.00209775,0.00198530,0.00240735,0.00123224,0.00239950,0.00072296,RELIABLE,RELIABLE,RELIABLE,RELIABLE,PARTIAL,PARTIAL,STATIONARY,STATIONARY,STATIONARY,STATIONARY,STATIONARY,STATIONARY,STATIONARY
164587,4807,0.00183130,0.00182276,0.00190449,0.00096775,0.00360329,0.00092323,RELIABLE,RELIABLE,RELIABLE,RELIABLE,PARTIAL,PARTIAL,STATIONARY,STATIONARY,STATIONARY,STATIONARY,STATIONARY,STATIONARY,STATIONARY
164618,4808,0.00154195,0.00175798,0.00179500,0.00083006,0.00272238,0.00097306,RELIABLE,RELIABLE,RELIABLE,RELIABLE,PARTIAL,PARTIAL,STATIONARY,STATIONARY,STATIONARY,STATIONARY,STATIONARY,STATIONARY,STATIONARY
164649,4809,0.00193751,0.00153544,0.00134767,0.00080515,0.00292160,0.00141088,RELIABLE,RELIABLE,RELIABLE,RELIABLE,PARTIAL,PARTIAL,STATIONARY,STATIONARY,STATIONARY,STATIONARY,STATIONARY,STATIONARY,STATIONARY
164680,4810,0.00263868,0.00159294,0.00118078,0.00082537,0.00305653,0.00174297,RELIABLE,RELIABLE,RELIABLE,RELIABLE,PARTIAL,PARTIAL,STATIONARY,STATIONARY,STATIONARY,STATIONARY,STATIONARY,STATIONARY,STATIONARY
164739,4811,0.00503048,0.00146856,0.00115133,0.00099644,0.00298236,0.00232859,RELIABLE,RELIABLE,RELIABLE,RELIABLE,PARTIAL,PARTIAL,STATIONARY,STATIONARY,STATIONARY,STATIONARY,STATIONARY,STATIONARY,STATIONARY
164772,4812,0.00624504,0.00151338,0.00114012,0.00100621,0.00303589,0.00289544,RELIABLE,RELIABLE,RELIABLE,RELIABLE,PARTIAL,PARTIAL,STATIONARY,STATIONARY,STATIONARY,STATIONARY,STATIONARY,STATIONARY,STATIONARY
164805,4813,0.00713277,0.00154340,0.00109959,0.00110131,0.00293233,0.00324835,RELIABLE,RELIABLE,RELIABLE,RELIABLE,PARTIAL,PARTIAL,STATIONARY,STATIONARY,STATIONARY,STATIONARY,STATIONARY,STATIONARY,STATIONARY
164836,4814,0.00770641,0.00136235,0.00129805,0.00119753,0.00291860,0.00364590,RELIABLE,RELIABLE,RELIABLE,RELIABLE,PARTIAL,PARTIAL,STATIONARY,STATIONARY,STATIONARY,STATIONARY,STATIONARY,STATIONARY,STATIONARY
164867,4815,0.00798263,0.00087939,0.00127756,0.00127960,0.00224980,0.00436707,RELIABLE,RELIABLE,RELIABLE,RELIABLE,PARTIAL,PARTIAL,STATIONARY,STATIONARY,STATIONARY,STATIONARY,STATIONARY,STATIONARY,STATIONARY
164898,4816,0.00790125,0.00086893,0.00122572,0.00125804,0.00212123,0.00439942,RELIABLE,RELIABLE,RELIABLE,RELIABLE,PARTIAL,PARTIAL,STATIONARY,STATIONARY,STATIONARY,STATIONARY,STATIONARY,STATIONARY,STATIONARY
164929,4817,0.00748521,0.00080276,0.00098668,0.00118580,0.00214604,0.00406353,RELIABLE,RELIABLE,RELIABLE,RELIABLE,PARTIAL,PARTIAL,STATIONARY,STATIONARY,STATIONARY,STATIONARY,STATIONARY,STATIONARY,STATIONARY
164960,4818,0.00675140,0.00076979,0.00093833,0.00117074,0.00210738,0.00420316,RELIABLE,RELIABLE,RELIABLE,RELIABLE,PARTIAL,PARTIAL,STATIONARY,STATIONARY,STATIONARY,STATIONARY,STATIONARY,STATIONARY,STATIONARY
164990,4819,0.00444740,0.00083452,0.00086190,0.00093556,0.00193850,0.00402126,RELIABLE,RELIABLE,RELIABLE,RELIABLE,PARTIAL,PARTIAL,STATIONARY,STATIONARY,STATIONARY,STATIONARY,STATIONARY,STATIONARY,STATIONARY
165021,4820,0.00322783,0.00075311,0.00084488,0.00105662,0.00185925,0.00416976,RELIABLE,RELIABLE,RELIABLE,RELIABLE,PARTIAL,PARTIAL,STATIONARY,STATIONARY,STATIONARY,STATIONARY,STATIONARY,STATIONARY,STATIONARY
165052,4821,0.00224452,0.00084448,0.00088148,0.00100288,0.00185111,0.00458609,RELIABLE,RELIABLE,RELIABLE,RELIABLE,PARTIAL,PARTIAL,STATIONARY,STATIONARY,STATIONARY,STATIONARY,STATIONARY,STATIONARY,STATIONARY
165084,4822,0.00207649,0.00082465,0.00080043,0.00087213,0.00209232,0.00442694,RELIABLE,RELIABLE,RELIABLE,RELIABLE,PARTIAL,PARTIAL,STATIONARY,STATIONARY,STATIONARY,STATIONARY,STATIONARY,STATIONARY,STATIONARY
165142,4823,0.00316862,0.00123592,0.00085198,0.00077736,0.00165214,0.00455127,RELIABLE,RELIABLE,RELIABLE,RELIABLE,PARTIAL,PARTIAL,STATIONARY,STATIONARY,STATIONARY,STATIONARY,STATIONARY,STATIONARY,STATIONARY
165172,4824,0.00392648,0.00115389,0.00083563,0.00079829,0.00185716,0.00499468,RELIABLE,RELIABLE,RELIABLE,RELIABLE,PARTIAL,PARTIAL,STATIONARY,STATIONARY,STATIONARY,STATIONARY,STATIONARY,STATIONARY,STATIONARY
165193,4825,0.00410237,0.00120212,0.00108807,0.00080187,0.00214919,0.00475516,RELIABLE,RELIABLE,RELIABLE,RELIABLE,PARTIAL,PARTIAL,STATIONARY,STATIONARY,STATIONARY,STATIONARY,STATIONARY,STATIONARY,STATIONARY
165224,4826,0.00498450,0.00125242,0.00111986,0.00086934,0.00268873,0.00445212,RELIABLE,RELIABLE,RELIABLE,RELIABLE,PARTIAL,PARTIAL,STATIONARY,STATIONARY,STATIONARY,STATIONARY,STATIONARY,STATIONARY,STATIONARY
165255,4827,0.00710668,0.00111784,0.00110335,0.00083959,0.00264089,0.00445047,RELIABLE,RELIABLE,RELIABLE,RELIABLE,PARTIAL,PARTIAL,STATIONARY,STATIONARY,STATIONARY,STATIONARY,STATIONARY,STATIONARY,STATIONARY
165287,4828,0.00855016,0.00159829,0.00113260,0.00071431,0.00264046,0.00383952,RELIABLE,RELIABLE,RELIABLE,RELIABLE,PARTIAL,PARTIAL,STATIONARY,STATIONARY,STATIONARY,STATIONARY,STATIONARY,STATIONARY,STATIONARY
165318,4829,0.01020540,0.00140561,0.00112858,0.00060487,0.00327264,0.00354081,RELIABLE,RELIABLE,RELIABLE,RELIABLE,PARTIAL,PARTIAL,STATIONARY,STATIONARY,STATIONARY,STATIONARY,STATIONARY,STATIONARY,STATIONARY
165349,4830,0.01038044,0.00141169,0.00101340,0.00060296,0.00294016,0.00350925,RELIABLE,RELIABLE,RELIABLE,RELIABLE,PARTIAL,PARTIAL,STATIONARY,STATIONARY,STATIONARY,STATIONARY,STATIONARY,STATIONARY,STATIONARY
165381,4831,0.00972247,0.00099523,0.00099317,0.00058166,0.00265438,0.00267137,RELIABLE,RELIABLE,RELIABLE,RELIABLE,PARTIAL,PARTIAL,STATIONARY,STATIONARY,STATIONARY,STATIONARY,STATIONARY,STATIONARY,STATIONARY
165411,4832,0.01021736,0.00103724,0.00127391,0.00061872,0.00247806,0.00287453,RELIABLE,RELIABLE,RELIABLE,RELIABLE,PARTIAL,PARTIAL,STATIONARY,STATIONARY,STATIONARY,STATIONARY,STATIONARY,STATIONARY,STATIONARY
165441,4833,0.01135959,0.00097135,0.00122928,0.00064338,0.00200901,0.00312210,RELIABLE,RELIABLE,RELIABLE,RELIABLE,PARTIAL,PARTIAL,STATIONARY,STATIONARY,STATIONARY,STATIONARY,STATIONARY,STATIONARY,STATIONARY
165473,4834,0.01069515,0.00110325,0.00129452,0.00063940,0.00195975,0.00303346,RELIABLE,RELIABLE,RELIABLE,RELIABLE,PARTIAL,PARTIAL,STATIONARY,STATIONARY,STATIONARY,STATIONARY,STATIONARY,STATIONARY,STATIONARY
165540,4835,0.00896702,0.00125873,0.00160144,0.00083787,0.00274723,0.00264294,RELIABLE,RELIABLE,RELIABLE,RELIABLE,PARTIAL,PARTIAL,STATIONARY,STATIONARY,STATIONARY,STATIONARY,STATIONARY,STATIONARY,STATIONARY
165567,4836,0.00758091,0.00085807,0.00167459,0.00085513,0.00303783,0.00263858,RELIABLE,RELIABLE,RELIABLE,RELIABLE,PARTIAL,PARTIAL,STATIONARY,STATIONARY,STATIONARY,STATIONARY,STATIONARY,STATIONARY,STATIONARY
165599,4837,0.00611765,0.00092506,0.00189689,0.00094223,0.00253317,0.00236203,RELIABLE,RELIABLE,RELIABLE,RELIABLE,PARTIAL,PARTIAL,STATIONARY,STATIONARY,STATIONARY,STATIONARY,STATIONARY,STATIONARY,STATIONARY
165631,4838,0.00576308,0.00108973,0.00226661,0.00097769,0.00274134,0.00228773,RELIABLE,RELIABLE,RELIABLE,RELIABLE,PARTIAL,PARTIAL,STATIONARY,STATIONARY,STATIONARY,STATIONARY,STATIONARY,STATIONARY,STATIONARY
165661,4839,0.00511316,0.00113817,0.00228461,0.00104199,0.00333911,0.00241843,RELIABLE,RELIABLE,RELIABLE,RELIABLE,PARTIAL,PARTIAL,STATIONARY,STATIONARY,STATIONARY,STATIONARY,STATIONARY,STATIONARY,STATIONARY
165691,4840,0.00469860,0.00114795,0.00213655,0.00111477,0.00366935,0.00214528,RELIABLE,RELIABLE,RELIABLE,RELIABLE,PARTIAL,PARTIAL,STATIONARY,STATIONARY,STATIONARY,STATIONARY,STATIONARY,STATIONARY,STATIONARY
165722,4841,0.00517675,0.00128322,0.00200875,0.00120608,0.00368655,0.00196530,RELIABLE,RELIABLE,RELIABLE,RELIABLE,PARTIAL,PARTIAL,STATIONARY,STATIONARY,STATIONARY,STATIONARY,STATIONARY,STATIONARY,STATIONARY
165753,4842,0.00696705,0.00117951,0.00204243,0.00126883,0.00363973,0.00210646,RELIABLE,RELIABLE,RELIABLE,RELIABLE,PARTIAL,PARTIAL,STATIONARY,STATIONARY,STATIONARY,STATIONARY,STATIONARY,STATIONARY,STATIONARY
165785,4843,0.00782649,0.00109496,0.00179404,0.00114412,0.00314731,0.00218276,RELIABLE,RELIABLE,RELIABLE,RELIABLE,PARTIAL,PARTIAL,STATIONARY,STATIONARY,STATIONARY,STATIONARY,STATIONARY,STATIONARY,STATIONARY
165818,4844,0.00821519,0.00103539,0.00185360,0.00113959,0.00266755,0.00210336,RELIABLE,RELIABLE,RELIABLE,RELIABLE,PARTIAL,PARTIAL,STATIONARY,STATIONARY,STATIONARY,STATIONARY,STATIONARY,STATIONARY,STATIONARY
165850,4845,0.00825540,0.00103251,0.00153659,0.00121414,0.00271859,0.00204498,RELIABLE,RELIABLE,RELIABLE,RELIABLE,PARTIAL,PARTIAL,STATIONARY,STATIONARY,STATIONARY,STATIONARY,STATIONARY,STATIONARY,STATIONARY
165881,4846,0.00805270,0.00088692,0.00121353,0.00136572,0.00295838,0.00224129,RELIABLE,RELIABLE,RELIABLE,RELIABLE,PARTIAL,PARTIAL,STATIONARY,STATIONARY,STATIONARY,STATIONARY,STATIONARY,STATIONARY,STATIONARY
165939,4847,0.00787691,0.00092153,0.00164302,0.00132538,0.00275159,0.00206376,RELIABLE,RELIABLE,RELIABLE,RELIABLE,PARTIAL,PARTIAL,STATIONARY,STATIONARY,STATIONARY,STATIONARY,STATIONARY,STATIONARY,STATIONARY
165959,4848,0.00693912,0.00084295,0.00155163,0.00114798,0.00243743,0.00157842,RELIABLE,RELIABLE,RELIABLE,RELIABLE,PARTIAL,PARTIAL,STATIONARY,STATIONARY,STATIONARY,STATIONARY,STATIONARY,STATIONARY,STATIONARY
165991,4849,0.00532013,0.00083180,0.00153779,0.00108164,0.00250731,0.00169579,RELIABLE,RELIABLE,RELIABLE,RELIABLE,PARTIAL,PARTIAL,STATIONARY,STATIONARY,STATIONARY,STATIONARY,STATIONARY,STATIONARY,STATIONARY
166022,4850,0.00340152,0.00080176,0.00138413,0.00101485,0.00209098,0.00152888,RELIABLE,RELIABLE,RELIABLE,RELIABLE,PARTIAL,PARTIAL,STATIONARY,STATIONARY,STATIONARY,STATIONARY,STATIONARY,STATIONARY,STATIONARY
166054,4851,0.00230651,0.00086655,0.00130000,0.00105812,0.00190161,0.00175742,RELIABLE,RELIABLE,RELIABLE,RELIABLE,PARTIAL,PARTIAL,STATIONARY,STATIONARY,STATIONARY,STATIONARY,STATIONARY,STATIONARY,STATIONARY
166086,4852,0.00199474,0.00092862,0.00119820,0.00105711,0.00201053,0.00188309,RELIABLE,RELIABLE,RELIABLE,RELIABLE,PARTIAL,PARTIAL,STATIONARY,STATIONARY,STATIONARY,STATIONARY,STATIONARY,STATIONARY,STATIONARY
166118,4853,0.00208684,0.00093980,0.00119303,0.00116367,0.00295055,0.00198208,RELIABLE,RELIABLE,RELIABLE,RELIABLE,PARTIAL,PARTIAL,STATIONARY,STATIONARY,STATIONARY,STATIONARY,STATIONARY,STATIONARY,STATIONARY
166149,4854,0.00233416,0.00105293,0.00113455,0.00099674,0.00253217,0.00205314,RELIABLE,RELIABLE,RELIABLE,RELIABLE,PARTIAL,PARTIAL,STATIONARY,STATIONARY,STATIONARY,STATIONARY,STATIONARY,STATIONARY,STATIONARY
166181,4855,0.00261328,0.00109342,0.00074427,0.00097929,0.00228072,0.00219730,RELIABLE,RELIABLE,RELIABLE,RELIABLE,PARTIAL,PARTIAL,STATIONARY,STATIONARY,STATIONARY,STATIONARY,STATIONARY,STATIONARY,STATIONARY
166211,4856,0.00349011,0.00126155,0.00077301,0.00109004,0.00229580,0.00224386,RELIABLE,RELIABLE,RELIABLE,RELIABLE,PARTIAL,PARTIAL,STATIONARY,STATIONARY,STATIONARY,STATIONARY,STATIONARY,STATIONARY,STATIONARY
166242,4857,0.00392899,0.00118087,0.00081736,0.00144718,0.00292911,0.00236006,RELIABLE,RELIABLE,RELIABLE,RELIABLE,PARTIAL,PARTIAL,STATIONARY,STATIONARY,STATIONARY,STATIONARY,STATIONARY,STATIONARY,STATIONARY
166275,4858,0.00383610,0.00134275,0.00093320,0.00156072,0.00336075,0.00243516,RELIABLE,RELIABLE,RELIABLE,RELIABLE,PARTIAL,PARTIAL,STATIONARY,STATIONARY,STATIONARY,STATIONARY,STATIONARY,STATIONARY,STATIONARY
166308,4859,0.00361720,0.00130355,0.00096669,0.00142477,0.00323642,0.00210639,RELIABLE,RELIABLE,RELIABLE,RELIABLE,PARTIAL,PARTIAL,STATIONARY,STATIONARY,STATIONARY,STATIONARY,STATIONARY,STATIONARY,STATIONARY
166339,4860,0.00347208,0.00146655,0.00092097,0.00206195,0.00370323,0.00360581,RELIABLE,RELIABLE,RELIABLE,RELIABLE,PARTIAL,PARTIAL,STATIONARY,STATIONARY,STATIONARY,STATIONARY,STATIONARY,STATIONARY,STATIONARY
166371,4861,0.00328929,0.00226002,0.00171925,0.00177745,0.00299872,0.00380677,RELIABLE,RELIABLE,RELIABLE,RELIABLE,PARTIAL,PARTIAL,STATIONARY,STATIONARY,STATIONARY,STATIONARY,STATIONARY,STATIONARY,STATIONARY
166404,4862,0.00322862,0.00220977,0.00191487,0.00175040,0.00410185,0.00337132,RELIABLE,RELIABLE,RELIABLE,RELIABLE,PARTIAL,PARTIAL,STATIONARY,STATIONARY,STATIONARY,STATIONARY,STATIONARY,STATIONARY,STATIONARY
166435,4863,0.00307237,0.00204722,0.00186012,0.00183654,0.00410203,0.00321054,RELIABLE,RELIABLE,RELIABLE,RELIABLE,PARTIAL,PARTIAL,STATIONARY,STATIONARY,STATIONARY,STATIONARY,STATIONARY,STATIONARY,STATIONARY
166467,4864,0.00267369,0.00257420,0.00175690,0.00200582,0.00485146,0.00370037,RELIABLE,RELIABLE,RELIABLE,RELIABLE,PARTIAL,PARTIAL,STATIONARY,STATIONARY,STATIONARY,STATIONARY,STATIONARY,STATIONARY,STATIONARY
166500,4865,0.00326555,0.00276967,0.00167663,0.00165693,0.00410865,0.00327687,RELIABLE,RELIABLE,RELIABLE,RELIABLE,PARTIAL,PARTIAL,STATIONARY,STATIONARY,STATIONARY,STATIONARY,STATIONARY,STATIONARY,STATIONARY
166531,4866,0.00432230,0.00268434,0.00192687,0.00158867,0.00377762,0.00323257,RELIABLE,RELIABLE,RELIABLE,RELIABLE,PARTIAL,PARTIAL,STATIONARY,STATIONARY,STATIONARY,STATIONARY,STATIONARY,STATIONARY,STATIONARY
166563,4867,0.00608155,0.00288332,0.00189482,0.00171477,0.00383631,0.00325167,RELIABLE,RELIABLE,RELIABLE,RELIABLE,PARTIAL,PARTIAL,STATIONARY,STATIONARY,STATIONARY,STATIONARY,STATIONARY,STATIONARY,STATIONARY
166595,4868,0.00739451,0.00294279,0.00193379,0.00115418,0.00332296,0.00161322,RELIABLE,RELIABLE,RELIABLE,RELIABLE,PARTIAL,PARTIAL,STATIONARY,STATIONARY,STATIONARY,STATIONARY,STATIONARY,STATIONARY,STATIONARY
166628,4869,0.00901027,0.00210803,0.00121257,0.00130588,0.00369649,0.00133973,RELIABLE,RELIABLE,RELIABLE,RELIABLE,PARTIAL,PARTIAL,STATIONARY,STATIONARY,STATIONARY,STATIONARY,STATIONARY,STATIONARY,STATIONARY
166675,4870,0.00979490,0.00216270,0.00116862,0.00140710,0.00283893,0.00151032,RELIABLE,RELIABLE,RELIABLE,RELIABLE,PARTIAL,PARTIAL,STATIONARY,STATIONARY,STATIONARY,STATIONARY,STATIONARY,STATIONARY,STATIONARY
166707,4871,0.01061786,0.00221484,0.00121095,0.00142342,0.00288011,0.00149527,RELIABLE,RELIABLE,RELIABLE,RELIABLE,PARTIAL,PARTIAL,STATIONARY,STATIONARY,STATIONARY,STATIONARY,STATIONARY,STATIONARY,STATIONARY
166739,4872,0.01088083,0.00165508,0.00124992,0.00118453,0.00226218,0.00106115,RELIABLE,RELIABLE,RELIABLE,RELIABLE,PARTIAL,PARTIAL,STATIONARY,STATIONARY,STATIONARY,STATIONARY,STATIONARY,STATIONARY,STATIONARY
166771,4873,0.00986609,0.00161802,0.00131899,0.00115150,0.00263645,0.00170688,RELIABLE,RELIABLE,RELIABLE,RELIABLE,PARTIAL,PARTIAL,STATIONARY,STATIONARY,STATIONARY,STATIONARY,STATIONARY,STATIONARY,STATIONARY
166804,4874,0.00914689,0.00150403,0.00115487,0.00112168,0.00244172,0.00165916,RELIABLE,RELIABLE,RELIABLE,RELIABLE,PARTIAL,PARTIAL,STATIONARY,STATIONARY,STATIONARY,STATIONARY,STATIONARY,STATIONARY,STATIONARY
166836,4875,0.00751937,0.00129989,0.00129810,0.00107679,0.00280539,0.00173863,RELIABLE,RELIABLE,RELIABLE,RELIABLE,PARTIAL,PARTIAL,STATIONARY,STATIONARY,STATIONARY,STATIONARY,STATIONARY,STATIONARY,STATIONARY
166867,4876,0.00635748,0.00123759,0.00138971,0.00100328,0.00289975,0.00177744,RELIABLE,RELIABLE,RELIABLE,RELIABLE,PARTIAL,PARTIAL,STATIONARY,STATIONARY,STATIONARY,STATIONARY,STATIONARY,STATIONARY,STATIONARY
166900,4877,0.00486125,0.00151084,0.00143729,0.00095525,0.00324510,0.00270558,RELIABLE,RELIABLE,RELIABLE,RELIABLE,PARTIAL,PARTIAL,STATIONARY,STATIONARY,STATIONARY,STATIONARY,STATIONARY,STATIONARY,STATIONARY
166931,4878,0.00393049,0.00142192,0.00152807,0.00086447,0.00314350,0.00278827,RELIABLE,RELIABLE,RELIABLE,RELIABLE,PARTIAL,PARTIAL,STATIONARY,STATIONARY,STATIONARY,STATIONARY,STATIONARY,STATIONARY,STATIONARY
166963,4879,0.00292941,0.00143439,0.00176287,0.00078772,0.00320339,0.00271626,RELIABLE,RELIABLE,RELIABLE,RELIABLE,PARTIAL,PARTIAL,STATIONARY,STATIONARY,STATIONARY,STATIONARY,STATIONARY,STATIONARY,STATIONARY
166995,4880,0.00216312,0.00130569,0.00171398,0.00082315,0.00325679,0.00304733,RELIABLE,RELIABLE,RELIABLE,RELIABLE,PARTIAL,PARTIAL,STATIONARY,STATIONARY,STATIONARY,STATIONARY,STATIONARY,STATIONARY,STATIONARY
167043,4881,0.00200844,0.00109968,0.00169777,0.00085587,0.00333979,0.00253803,RELIABLE,RELIABLE,RELIABLE,RELIABLE,PARTIAL,PARTIAL,STATIONARY,STATIONARY,STATIONARY,STATIONARY,STATIONARY,STATIONARY,STATIONARY
167076,4882,0.00190947,0.00112528,0.00153520,0.00103146,0.00436117,0.00318768,RELIABLE,RELIABLE,RELIABLE,RELIABLE,PARTIAL,PARTIAL,STATIONARY,STATIONARY,STATIONARY,STATIONARY,STATIONARY,STATIONARY,STATIONARY
167107,4883,0.00277178,0.00109940,0.00141628,0.00118378,0.00497342,0.00448095,RELIABLE,RELIABLE,RELIABLE,RELIABLE,PARTIAL,PARTIAL,STATIONARY,STATIONARY,STATIONARY,STATIONARY,STATIONARY,STATIONARY,STATIONARY
167139,4884,0.00564509,0.00093517,0.00146435,0.00140009,0.00574905,0.00518907,RELIABLE,RELIABLE,RELIABLE,RELIABLE,PARTIAL,PARTIAL,STATIONARY,STATIONARY,STATIONARY,STATIONARY,STATIONARY,STATIONARY,STATIONARY
167171,4885,0.00793543,0.00070166,0.00147592,0.00156650,0.00541892,0.00504294,RELIABLE,RELIABLE,RELIABLE,RELIABLE,PARTIAL,PARTIAL,STATIONARY,STATIONARY,STATIONARY,STATIONARY,STATIONARY,STATIONARY,STATIONARY
167203,4886,0.01045402,0.00085346,0.00121415,0.00162910,0.00546111,0.00505738,RELIABLE,RELIABLE,RELIABLE,RELIABLE,PARTIAL,PARTIAL,STATIONARY,STATIONARY,STATIONARY,STATIONARY,STATIONARY,STATIONARY,STATIONARY
167235,4887,0.01195621,0.00129382,0.00114145,0.00180529,0.00554852,0.00507423,RELIABLE,RELIABLE,RELIABLE,RELIABLE,PARTIAL,PARTIAL,STATIONARY,STATIONARY,STATIONARY,STATIONARY,STATIONARY,STATIONARY,STATIONARY
167267,4888,0.01266816,0.00186058,0.00135931,0.00212595,0.00568362,0.00477104,RELIABLE,RELIABLE,RELIABLE,RELIABLE,PARTIAL,PARTIAL,STATIONARY,STATIONARY,STATIONARY,STATIONARY,STATIONARY,STATIONARY,STATIONARY
167299,4889,0.01397546,0.00226377,0.00140982,0.00267395,0.00586686,0.00493161,RELIABLE,RELIABLE,RELIABLE,RELIABLE,PARTIAL,PARTIAL,STATIONARY,STATIONARY,STATIONARY,STATIONARY,STATIONARY,STATIONARY,STATIONARY
167332,4890,0.01432005,0.00245140,0.00177751,0.00273106,0.00488977,0.00515069,RELIABLE,RELIABLE,RELIABLE,RELIABLE,PARTIAL,PARTIAL,MOVING,STATIONARY,STATIONARY,STATIONARY,STATIONARY,STATIONARY,MOVING
167363,4891,0.01344191,0.00275355,0.00215867,0.00297086,0.00418076,0.00479559,RELIABLE,RELIABLE,RELIABLE,RELIABLE,PARTIAL,PARTIAL,MOVING,STATIONARY,STATIONARY,STATIONARY,STATIONARY,STATIONARY,MOVING
167395,4892,0.01068259,0.00301676,0.00212905,0.00294622,0.00332685,0.00438837,RELIABLE,RELIABLE,RELIABLE,RELIABLE,PARTIAL,PARTIAL,MOVING,STATIONARY,STATIONARY,STATIONARY,STATIONARY,STATIONARY,MOVING
167443,4893,0.00840460,0.00299237,0.00249557,0.00269358,0.00251198,0.00349496,RELIABLE,RELIABLE,RELIABLE,RELIABLE,PARTIAL,PARTIAL,MOVING,STATIONARY,STATIONARY,STATIONARY,STATIONARY,STATIONARY,MOVING
167476,4894,0.00595191,0.00318743,0.00266040,0.00299509,0.00280165,0.00357608,RELIABLE,RELIABLE,RELIABLE,RELIABLE,PARTIAL,PARTIAL,MOVING,STATIONARY,STATIONARY,STATIONARY,STATIONARY,STATIONARY,MOVING
167508,4895,0.00442406,0.00344270,0.00261195,0.00291127,0.00311285,0.00390684,RELIABLE,RELIABLE,RELIABLE,RELIABLE,PARTIAL,PARTIAL,MOVING,STATIONARY,STATIONARY,STATIONARY,STATIONARY,STATIONARY,MOVING
167539,4896,0.00368891,0.00288955,0.00253599,0.00257448,0.00293815,0.00392776,RELIABLE,RELIABLE,RELIABLE,RELIABLE,PARTIAL,PARTIAL,MOVING,STATIONARY,STATIONARY,STATIONARY,STATIONARY,STATIONARY,MOVING
167572,4897,0.00229832,0.00263344,0.00271962,0.00206420,0.00243064,0.00370803,RELIABLE,RELIABLE,RELIABLE,RELIABLE,PARTIAL,PARTIAL,MOVING,STATIONARY,STATIONARY,STATIONARY,STATIONARY,STATIONARY,MOVING
167603,4898,0.00177523,0.00282643,0.00237940,0.00177139,0.00237273,0.00291228,RELIABLE,RELIABLE,RELIABLE,RELIABLE,PARTIAL,PARTIAL,MOVING,STATIONARY,STATIONARY,STATIONARY,STATIONARY,STATIONARY,MOVING
167636,4899,0.00171803,0.00247417,0.00197848,0.00133410,0.00207864,0.00193557,RELIABLE,RELIABLE,RELIABLE,RELIABLE,PARTIAL,PARTIAL,MOVING,STATIONARY,STATIONARY,STATIONARY,STATIONARY,STATIONARY,MOVING
167667,4900,0.00188137,0.00222625,0.00204925,0.00112290,0.00204852,0.00157353,RELIABLE,RELIABLE,RELIABLE,RELIABLE,PARTIAL,PARTIAL,MOVING,STATIONARY,STATIONARY,STATIONARY,STATIONARY,STATIONARY,MOVING
167699,4901,0.00284996,0.00232114,0.00158066,0.00115332,0.00196803,0.00149712,RELIABLE,RELIABLE,RELIABLE,RELIABLE,PARTIAL,PARTIAL,STATIONARY,STATIONARY,STATIONARY,STATIONARY,STATIONARY,STATIONARY,STATIONARY
167731,4902,0.00444512,0.00195936,0.00143775,0.00079367,0.00152199,0.00117421,RELIABLE,RELIABLE,RELIABLE,RELIABLE,PARTIAL,PARTIAL,STATIONARY,STATIONARY,STATIONARY,STATIONARY,STATIONARY,STATIONARY,STATIONARY
167763,4903,0.00762014,0.00127878,0.00135819,0.00097855,0.00117928,0.00103302,RELIABLE,RELIABLE,RELIABLE,RELIABLE,PARTIAL,PARTIAL,STATIONARY,STATIONARY,STATIONARY,STATIONARY,STATIONARY,STATIONARY,STATIONARY
167812,4904,0.01046665,0.00143478,0.00133612,0.00118390,0.00116529,0.00113082,RELIABLE,RELIABLE,RELIABLE,RELIABLE,PARTIAL,PARTIAL,STATIONARY,STATIONARY,STATIONARY,STATIONARY,STATIONARY,STATIONARY,STATIONARY
167844,4905,0.01268861,0.00137401,0.00122117,0.00146532,0.00198369,0.00178937,RELIABLE,RELIABLE,RELIABLE,RELIABLE,PARTIAL,PARTIAL,STATIONARY,STATIONARY,STATIONARY,STATIONARY,STATIONARY,STATIONARY,STATIONARY
167875,4906,0.01431376,0.00103067,0.00139985,0.00154058,0.00197000,0.00168682,RELIABLE,RELIABLE,RELIABLE,RELIABLE,PARTIAL,PARTIAL,STATIONARY,STATIONARY,STATIONARY,STATIONARY,STATIONARY,STATIONARY,STATIONARY
167907,4907,0.01505760,0.00111032,0.00164431,0.00173913,0.00370243,0.00197174,RELIABLE,RELIABLE,RELIABLE,RELIABLE,PARTIAL,PARTIAL,MOVING,STATIONARY,STATIONARY,STATIONARY,STATIONARY,STATIONARY,MOVING
167939,4908,0.01506970,0.00126465,0.00169181,0.00183731,0.00383706,0.00219473,RELIABLE,RELIABLE,RELIABLE,RELIABLE,PARTIAL,PARTIAL,MOVING,STATIONARY,STATIONARY,STATIONARY,STATIONARY,STATIONARY,MOVING
167972,4909,0.01430485,0.00120106,0.00199853,0.00196949,0.00411128,0.00225578,RELIABLE,RELIABLE,RELIABLE,RELIABLE,PARTIAL,PARTIAL,MOVING,STATIONARY,STATIONARY,STATIONARY,STATIONARY,STATIONARY,MOVING
168006,4910,0.01267648,0.00130763,0.00220105,0.00247001,0.00455773,0.00299910,RELIABLE,RELIABLE,RELIABLE,RELIABLE,PARTIAL,PARTIAL,MOVING,STATIONARY,STATIONARY,STATIONARY,STATIONARY,STATIONARY,MOVING
168036,4911,0.00964736,0.00130748,0.00238498,0.00224092,0.00432207,0.00277079,RELIABLE,RELIABLE,RELIABLE,RELIABLE,PARTIAL,PARTIAL,MOVING,STATIONARY,STATIONARY,STATIONARY,STATIONARY,STATIONARY,MOVING
168067,4912,0.00689588,0.00119109,0.00262981,0.00217856,0.00429911,0.00266911,RELIABLE,RELIABLE,RELIABLE,RELIABLE,PARTIAL,PARTIAL,MOVING,STATIONARY,STATIONARY,STATIONARY,STATIONARY,STATIONARY,MOVING
168099,4913,0.00492465,0.00114375,0.00244436,0.00178526,0.00341108,0.00192436,RELIABLE,RELIABLE,RELIABLE,RELIABLE,PARTIAL,PARTIAL,MOVING,STATIONARY,STATIONARY,STATIONARY,STATIONARY,STATIONARY,MOVING
168130,4914,0.00330373,0.00106686,0.00219331,0.00196507,0.00397717,0.00236349,RELIABLE,RELIABLE,RELIABLE,RELIABLE,PARTIAL,PARTIAL,MOVING,STATIONARY,STATIONARY,STATIONARY,STATIONARY,STATIONARY,MOVING
168163,4915,0.00265952,0.00109059,0.00203236,0.00211345,0.00257630,0.00298821,RELIABLE,RELIABLE,RELIABLE,RELIABLE,PARTIAL,PARTIAL,MOVING,STATIONARY,STATIONARY,STATIONARY,STATIONARY,STATIONARY,MOVING
168211,4916,0.00227831,0.00127355,0.00170147,0.00216148,0.00258029,0.00344015,RELIABLE,RELIABLE,RELIABLE,RELIABLE,PARTIAL,PARTIAL,MOVING,STATIONARY,STATIONARY,STATIONARY,STATIONARY,STATIONARY,MOVING
168243,4917,0.00186469,0.00122823,0.00133470,0.00231322,0.00363476,0.00381185,RELIABLE,RELIABLE,RELIABLE,RELIABLE,PARTIAL,PARTIAL,MOVING,STATIONARY,STATIONARY,STATIONARY,STATIONARY,STATIONARY,MOVING
168275,4918,0.00296919,0.00119809,0.00198913,0.00180194,0.00330979,0.00346761,RELIABLE,RELIABLE,RELIABLE,RELIABLE,PARTIAL,PARTIAL,MOVING,STATIONARY,STATIONARY,STATIONARY,STATIONARY,STATIONARY,MOVING
168307,4919,0.00461764,0.00130341,0.00174886,0.00186241,0.00332836,0.00440607,RELIABLE,RELIABLE,RELIABLE,RELIABLE,PARTIAL,PARTIAL,MOVING,STATIONARY,STATIONARY,STATIONARY,STATIONARY,STATIONARY,MOVING
168339,4920,0.00635812,0.00140024,0.00166872,0.00179190,0.00373927,0.00443993,RELIABLE,RELIABLE,RELIABLE,RELIABLE,PARTIAL,PARTIAL,MOVING,STATIONARY,STATIONARY,STATIONARY,STATIONARY,STATIONARY,MOVING
168370,4921,0.00814097,0.00150486,0.00178407,0.00203972,0.00465460,0.00522175,RELIABLE,RELIABLE,RELIABLE,RELIABLE,PARTIAL,PARTIAL,MOVING,STATIONARY,STATIONARY,STATIONARY,STATIONARY,STATIONARY,MOVING
168403,4922,0.01012358,0.00157190,0.00201402,0.00209075,0.00466438,0.00511302,RELIABLE,RELIABLE,RELIABLE,RELIABLE,PARTIAL,PARTIAL,MOVING,STATIONARY,STATIONARY,STATIONARY,STATIONARY,STATIONARY,MOVING
168436,4923,0.01056699,0.00265864,0.00200732,0.00219389,0.00466840,0.00462132,RELIABLE,RELIABLE,RELIABLE,RELIABLE,PARTIAL,PARTIAL,MOVING,STATIONARY,STATIONARY,STATIONARY,STATIONARY,STATIONARY,MOVING
168467,4924,0.01060036,0.00227894,0.00304113,0.00203025,0.00456890,0.00450144,RELIABLE,RELIABLE,RELIABLE,RELIABLE,PARTIAL,PARTIAL,MOVING,STATIONARY,STATIONARY,STATIONARY,STATIONARY,STATIONARY,MOVING
168499,4925,0.01114148,0.00226950,0.00311899,0.00179284,0.00347882,0.00414548,RELIABLE,RELIABLE,RELIABLE,RELIABLE,PARTIAL,PARTIAL,MOVING,STATIONARY,STATIONARY,STATIONARY,STATIONARY,STATIONARY,MOVING
168531,4926,0.00987183,0.00221496,0.00251346,0.00186905,0.00381104,0.00380731,RELIABLE,RELIABLE,RELIABLE,RELIABLE,PARTIAL,PARTIAL,MOVING,STATIONARY,STATIONARY,STATIONARY,STATIONARY,STATIONARY,MOVING
168563,4927,0.00811959,0.00217870,0.00248772,0.00179255,0.00385450,0.00293112,RELIABLE,RELIABLE,RELIABLE,RELIABLE,PARTIAL,PARTIAL,MOVING,STATIONARY,STATIONARY,STATIONARY,STATIONARY,STATIONARY,MOVING
168612,4928,0.00633005,0.00215994,0.00227780,0.00173622,0.00348557,0.00282224,RELIABLE,RELIABLE,RELIABLE,RELIABLE,PARTIAL,PARTIAL,MOVING,STATIONARY,STATIONARY,STATIONARY,STATIONARY,STATIONARY,MOVING
168643,4929,0.00425322,0.00207829,0.00238286,0.00180532,0.00281866,0.00239171,RELIABLE,RELIABLE,RELIABLE,RELIABLE,PARTIAL,PARTIAL,MOVING,STATIONARY,STATIONARY,STATIONARY,STATIONARY,STATIONARY,MOVING
168675,4930,0.00225974,0.00276477,0.00220690,0.00148093,0.00272464,0.00334597,RELIABLE,RELIABLE,RELIABLE,RELIABLE,PARTIAL,PARTIAL,MOVING,STATIONARY,STATIONARY,STATIONARY,STATIONARY,STATIONARY,MOVING
168707,4931,0.00167017,0.00156085,0.00221966,0.00102652,0.00261452,0.00367509,RELIABLE,RELIABLE,RELIABLE,RELIABLE,PARTIAL,PARTIAL,MOVING,STATIONARY,STATIONARY,STATIONARY,STATIONARY,STATIONARY,MOVING
168740,4932,0.00155259,0.00150704,0.00120764,0.00103306,0.00289152,0.00360695,RELIABLE,RELIABLE,RELIABLE,RELIABLE,PARTIAL,PARTIAL,MOVING,STATIONARY,STATIONARY,STATIONARY,STATIONARY,STATIONARY,MOVING
168771,4933,0.00097537,0.00169901,0.00144427,0.00095393,0.00311787,0.00400707,RELIABLE,RELIABLE,RELIABLE,RELIABLE,PARTIAL,PARTIAL,MOVING,STATIONARY,STATIONARY,STATIONARY,STATIONARY,STATIONARY,MOVING
168804,4934,0.00094620,0.00172065,0.00139936,0.00088754,0.00288420,0.00411779,RELIABLE,RELIABLE,RELIABLE,RELIABLE,PARTIAL,PARTIAL,MOVING,STATIONARY,STATIONARY,STATIONARY,STATIONARY,STATIONARY,MOVING
168835,4935,0.00121027,0.00158410,0.00136257,0.00077410,0.00309910,0.00408414,RELIABLE,RELIABLE,RELIABLE,RELIABLE,PARTIAL,PARTIAL,MOVING,STATIONARY,STATIONARY,STATIONARY,STATIONARY,STATIONARY,MOVING
168867,4936,0.00206098,0.00150628,0.00132523,0.00074576,0.00317560,0.00412263,RELIABLE,RELIABLE,RELIABLE,RELIABLE,PARTIAL,PARTIAL,STATIONARY,STATIONARY,STATIONARY,STATIONARY,STATIONARY,STATIONARY,STATIONARY
168899,4937,0.00388308,0.00160473,0.00128915,0.00046850,0.00331786,0.00374659,RELIABLE,RELIABLE,RELIABLE,RELIABLE,PARTIAL,PARTIAL,STATIONARY,STATIONARY,STATIONARY,STATIONARY,STATIONARY,STATIONARY,STATIONARY
168931,4938,0.00650301,0.00089775,0.00134492,0.00051969,0.00307639,0.00263173,RELIABLE,RELIABLE,RELIABLE,RELIABLE,PARTIAL,PARTIAL,STATIONARY,STATIONARY,STATIONARY,STATIONARY,STATIONARY,STATIONARY,STATIONARY
168980,4939,0.00913183,0.00102347,0.00155280,0.00071257,0.00334937,0.00297484,RELIABLE,RELIABLE,RELIABLE,RELIABLE,PARTIAL,PARTIAL,STATIONARY,STATIONARY,STATIONARY,STATIONARY,STATIONARY,STATIONARY,STATIONARY
169011,4940,0.01005095,0.00127886,0.00159967,0.00084272,0.00449140,0.00276726,RELIABLE,RELIABLE,RELIABLE,RELIABLE,PARTIAL,PARTIAL,STATIONARY,STATIONARY,STATIONARY,STATIONARY,STATIONARY,STATIONARY,STATIONARY
169044,4941,0.01089002,0.00111294,0.00149747,0.00100984,0.00410390,0.00244418,RELIABLE,RELIABLE,RELIABLE,RELIABLE,PARTIAL,PARTIAL,STATIONARY,STATIONARY,STATIONARY,STATIONARY,STATIONARY,STATIONARY,STATIONARY
169076,4942,0.01144220,0.00125885,0.00131666,0.00116881,0.00409892,0.00260028,RELIABLE,RELIABLE,RELIABLE,RELIABLE,PARTIAL,PARTIAL,STATIONARY,STATIONARY,STATIONARY,STATIONARY,STATIONARY,STATIONARY,STATIONARY
169107,4943,0.01172412,0.00125116,0.00135649,0.00123619,0.00383447,0.00340940,RELIABLE,RELIABLE,RELIABLE,RELIABLE,PARTIAL,PARTIAL,STATIONARY,STATIONARY,STATIONARY,STATIONARY,STATIONARY,STATIONARY,STATIONARY
169140,4944,0.01109782,0.00123677,0.00144399,0.00130623,0.00428609,0.00341743,RELIABLE,RELIABLE,RELIABLE,RELIABLE,PARTIAL,PARTIAL,STATIONARY,STATIONARY,STATIONARY,STATIONARY,STATIONARY,STATIONARY,STATIONARY
169172,4945,0.00949243,0.00135105,0.00129173,0.00139119,0.00388528,0.00377167,RELIABLE,RELIABLE,RELIABLE,RELIABLE,PARTIAL,PARTIAL,STATIONARY,STATIONARY,STATIONARY,STATIONARY,STATIONARY,STATIONARY,STATIONARY
169204,4946,0.00674384,0.00157733,0.00121986,0.00138992,0.00455515,0.00377621,RELIABLE,RELIABLE,RELIABLE,RELIABLE,PARTIAL,PARTIAL,STATIONARY,STATIONARY,STATIONARY,STATIONARY,STATIONARY,STATIONARY,STATIONARY
169235,4947,0.00408306,0.00164009,0.00086764,0.00116977,0.00415584,0.00384775,RELIABLE,RELIABLE,RELIABLE,RELIABLE,PARTIAL,PARTIAL,STATIONARY,STATIONARY,STATIONARY,STATIONARY,STATIONARY,STATIONARY,STATIONARY
169267,4948,0.00323502,0.00140954,0.00078586,0.00101460,0.00280643,0.00379265,RELIABLE,RELIABLE,RELIABLE,RELIABLE,PARTIAL,PARTIAL,STATIONARY,STATIONARY,STATIONARY,STATIONARY,STATIONARY,STATIONARY,STATIONARY
169300,4949,0.00243747,0.00133698,0.00077490,0.00082622,0.00272469,0.00451734,RELIABLE,RELIABLE,RELIABLE,RELIABLE,PARTIAL,PARTIAL,STATIONARY,STATIONARY,STATIONARY,STATIONARY,STATIONARY,STATIONARY,STATIONARY
169332,4950,0.00185273,0.00112748,0.00075520,0.00065353,0.00248986,0.00444183,RELIABLE,RELIABLE,RELIABLE,RELIABLE,PARTIAL,PARTIAL,STATIONARY,STATIONARY,STATIONARY,STATIONARY,STATIONARY,STATIONARY,STATIONARY
169379,4951,0.00122260,0.00129676,0.00080594,0.00060570,0.00263382,0.00379860,RELIABLE,RELIABLE,RELIABLE,RELIABLE,PARTIAL,PARTIAL,STATIONARY,STATIONARY,STATIONARY,STATIONARY,STATIONARY,STATIONARY,STATIONARY
169411,4952,0.00123656,0.00134403,0.00074490,0.00054273,0.00220303,0.00368496,RELIABLE,RELIABLE,RELIABLE,RELIABLE,PARTIAL,PARTIAL,STATIONARY,STATIONARY,STATIONARY,STATIONARY,STATIONARY,STATIONARY,STATIONARY
169443,4953,0.00198803,0.00110892,0.00097895,0.00042860,0.00281584,0.00378718,RELIABLE,RELIABLE,RELIABLE,RELIABLE,PARTIAL,PARTIAL,STATIONARY,STATIONARY,STATIONARY,STATIONARY,STATIONARY,STATIONARY,STATIONARY
169476,4954,0.00429053,0.00096604,0.00097352,0.00044173,0.00193299,0.00376888,RELIABLE,RELIABLE,RELIABLE,RELIABLE,PARTIAL,PARTIAL,STATIONARY,STATIONARY,STATIONARY,STATIONARY,STATIONARY,STATIONARY,STATIONARY
169507,4955,0.00590105,0.00112043,0.00112472,0.00047545,0.00263294,0.00261362,RELIABLE,RELIABLE,RELIABLE,RELIABLE,PARTIAL,PARTIAL,STATIONARY,STATIONARY,STATIONARY,STATIONARY,STATIONARY,STATIONARY,STATIONARY
169539,4956,0.00738623,0.00141464,0.00120272,0.00055539,0.00268466,0.00284681,RELIABLE,RELIABLE,RELIABLE,RELIABLE,PARTIAL,PARTIAL,STATIONARY,STATIONARY,STATIONARY,STATIONARY,STATIONARY,STATIONARY,STATIONARY
169572,4957,0.00950186,0.00149126,0.00113709,0.00069403,0.00308556,0.00203066,RELIABLE,RELIABLE,RELIABLE,RELIABLE,PARTIAL,PARTIAL,STATIONARY,STATIONARY,STATIONARY,STATIONARY,STATIONARY,STATIONARY,STATIONARY
169603,4958,0.01072788,0.00167302,0.00127043,0.00077946,0.00332604,0.00189983,RELIABLE,RELIABLE,RELIABLE,RELIABLE,PARTIAL,PARTIAL,STATIONARY,STATIONARY,STATIONARY,STATIONARY,STATIONARY,STATIONARY,STATIONARY
169635,4959,0.01164176,0.00182257,0.00117220,0.00096585,0.00344556,0.00176885,RELIABLE,RELIABLE,RELIABLE,RELIABLE,PARTIAL,PARTIAL,STATIONARY,STATIONARY,STATIONARY,STATIONARY,STATIONARY,STATIONARY,STATIONARY
169667,4960,0.01187549,0.00196668,0.00181825,0.00111494,0.00326583,0.00193942,RELIABLE,RELIABLE,RELIABLE,RELIABLE,PARTIAL,PARTIAL,STATIONARY,STATIONARY,STATIONARY,STATIONARY,STATIONARY,STATIONARY,STATIONARY
169699,4961,0.01143668,0.00203089,0.00163528,0.00123808,0.00308218,0.00166405,RELIABLE,RELIABLE,RELIABLE,RELIABLE,PARTIAL,PARTIAL,STATIONARY,STATIONARY,STATIONARY,STATIONARY,STATIONARY,STATIONARY,STATIONARY
169747,4962,0.00926371,0.00238169,0.00177209,0.00157135,0.00368030,0.00173503,RELIABLE,RELIABLE,RELIABLE,RELIABLE,PARTIAL,PARTIAL,STATIONARY,STATIONARY,STATIONARY,STATIONARY,STATIONARY,STATIONARY,STATIONARY
169779,4963,0.00784547,0.00206178,0.00177501,0.00182085,0.00336718,0.00179635,RELIABLE,RELIABLE,RELIABLE,RELIABLE,PARTIAL,PARTIAL,STATIONARY,STATIONARY,STATIONARY,STATIONARY,STATIONARY,STATIONARY,STATIONARY
169811,4964,0.00648766,0.00236649,0.00188470,0.00201555,0.00410423,0.00154726,RELIABLE,RELIABLE,RELIABLE,RELIABLE,PARTIAL,PARTIAL,STATIONARY,STATIONARY,STATIONARY,STATIONARY,STATIONARY,STATIONARY,STATIONARY
169843,4965,0.00434444,0.00283097,0.00187842,0.00200889,0.00376965,0.00170403,RELIABLE,RELIABLE,RELIABLE,RELIABLE,PARTIAL,PARTIAL,STATIONARY,STATIONARY,STATIONARY,STATIONARY,STATIONARY,STATIONARY,STATIONARY
169875,4966,0.00337531,0.00295216,0.00196679,0.00199033,0.00351652,0.00214164,RELIABLE,RELIABLE,RELIABLE,RELIABLE,PARTIAL,PARTIAL,STATIONARY,STATIONARY,STATIONARY,STATIONARY,STATIONARY,STATIONARY,STATIONARY
169907,4967,0.00254824,0.00266282,0.00202094,0.00187033,0.00358357,0.00203834,RELIABLE,RELIABLE,RELIABLE,RELIABLE,PARTIAL,PARTIAL,STATIONARY,STATIONARY,STATIONARY,STATIONARY,STATIONARY,STATIONARY,STATIONARY
169939,4968,0.00200557,0.00290210,0.00141954,0.00179392,0.00393718,0.00190229,RELIABLE,RELIABLE,RELIABLE,RELIABLE,PARTIAL,PARTIAL,STATIONARY,STATIONARY,STATIONARY,STATIONARY,STATIONARY,STATIONARY,STATIONARY
169971,4969,0.00150954,0.00294338,0.00136557,0.00179405,0.00393286,0.00184180,RELIABLE,RELIABLE,RELIABLE,RELIABLE,PARTIAL,PARTIAL,STATIONARY,STATIONARY,STATIONARY,STATIONARY,STATIONARY,STATIONARY,STATIONARY
170003,4970,0.00142376,0.00260470,0.00148903,0.00142982,0.00341252,0.00174911,RELIABLE,RELIABLE,RELIABLE,RELIABLE,PARTIAL,PARTIAL,STATIONARY,STATIONARY,STATIONARY,STATIONARY,STATIONARY,STATIONARY,STATIONARY
170035,4971,0.00125489,0.00264336,0.00137266,0.00115638,0.00296170,0.00160411,RELIABLE,RELIABLE,RELIABLE,RELIABLE,PARTIAL,PARTIAL,STATIONARY,STATIONARY,STATIONARY,STATIONARY,STATIONARY,STATIONARY,STATIONARY
170068,4972,0.00105719,0.00212665,0.00120505,0.00101834,0.00224795,0.00232681,RELIABLE,RELIABLE,RELIABLE,RELIABLE,PARTIAL,PARTIAL,STATIONARY,STATIONARY,STATIONARY,STATIONARY,STATIONARY,STATIONARY,STATIONARY
170098,4973,0.00145908,0.00161476,0.00148032,0.00107719,0.00232789,0.00247583,RELIABLE,RELIABLE,RELIABLE,RELIABLE,PARTIAL,PARTIAL,STATIONARY,STATIONARY,STATIONARY,STATIONARY,STATIONARY,STATIONARY,STATIONARY
170147,4974,0.00322409,0.00183077,0.00143987,0.00112404,0.00250174,0.00190510,RELIABLE,RELIABLE,RELIABLE,RELIABLE,PARTIAL,PARTIAL,STATIONARY,STATIONARY,STATIONARY,STATIONARY,STATIONARY,STATIONARY,STATIONARY
170179,4975,0.00613846,0.00189392,0.00150510,0.00123713,0.00299828,0.00210966,RELIABLE,RELIABLE,RELIABLE,RELIABLE,PARTIAL,PARTIAL,STATIONARY,STATIONARY,STATIONARY,STATIONARY,STATIONARY,STATIONARY,STATIONARY
170211,4976,0.00900306,0.00147252,0.00155567,0.00125437,0.00313547,0.00227262,RELIABLE,RELIABLE,RELIABLE,RELIABLE,PARTIAL,PARTIAL,STATIONARY,STATIONARY,STATIONARY,STATIONARY,STATIONARY,STATIONARY,STATIONARY
170243,4977,0.01139377,0.00169656,0.00177498,0.00148999,0.00286642,0.00325813,RELIABLE,RELIABLE,RELIABLE,RELIABLE,PARTIAL,PARTIAL,STATIONARY,STATIONARY,STATIONARY,STATIONARY,STATIONARY,STATIONARY,STATIONARY
170276,4978,0.01408493,0.00182519,0.00238481,0.00166244,0.00370587,0.00319466,RELIABLE,RELIABLE,RELIABLE,RELIABLE,PARTIAL,PARTIAL,STATIONARY,STATIONARY,STATIONARY,STATIONARY,STATIONARY,STATIONARY,STATIONARY
170308,4979,0.01646321,0.00234440,0.00279380,0.00188439,0.00456065,0.00319083,RELIABLE,RELIABLE,RELIABLE,RELIABLE,PARTIAL,PARTIAL,STATIONARY,STATIONARY,STATIONARY,STATIONARY,STATIONARY,STATIONARY,STATIONARY
170340,4980,0.01771660,0.00243369,0.00389127,0.00211221,0.00501809,0.00266259,RELIABLE,RELIABLE,RELIABLE,RELIABLE,PARTIAL,PARTIAL,MOVING,STATIONARY,STATIONARY,STATIONARY,STATIONARY,STATIONARY,MOVING
170371,4981,0.01820713,0.00258953,0.00386444,0.00229723,0.00509250,0.00264884,RELIABLE,RELIABLE,RELIABLE,RELIABLE,PARTIAL,PARTIAL,MOVING,STATIONARY,STATIONARY,STATIONARY,STATIONARY,STATIONARY,MOVING
170404,4982,0.01659231,0.00232447,0.00404586,0.00248109,0.00548879,0.00308493,RELIABLE,RELIABLE,RELIABLE,RELIABLE,PARTIAL,PARTIAL,MOVING,STATIONARY,STATIONARY,STATIONARY,STATIONARY,STATIONARY,MOVING
170435,4983,0.01392348,0.00268791,0.00404633,0.00249779,0.00500199,0.00293050,RELIABLE,RELIABLE,RELIABLE,RELIABLE,PARTIAL,PARTIAL,MOVING,STATIONARY,STATIONARY,STATIONARY,STATIONARY,STATIONARY,MOVING
170468,4984,0.01147500,0.00272930,0.00459246,0.00244803,0.00535927,0.00367486,RELIABLE,RELIABLE,RELIABLE,RELIABLE,PARTIAL,PARTIAL,MOVING,STATIONARY,STATIONARY,STATIONARY,STATIONARY,STATIONARY,MOVING
170516,4985,0.00922763,0.00305014,0.00453576,0.00214458,0.00538432,0.00270985,RELIABLE,RELIABLE,RELIABLE,RELIABLE,PARTIAL,PARTIAL,MOVING,STATIONARY,STATIONARY,STATIONARY,STATIONARY,STATIONARY,MOVING
170547,4986,0.00668571,0.00279232,0.00379149,0.00197468,0.00464667,0.00332138,RELIABLE,RELIABLE,RELIABLE,RELIABLE,PARTIAL,PARTIAL,MOVING,STATIONARY,STATIONARY,STATIONARY,STATIONARY,STATIONARY,MOVING
170579,4987,0.00430861,0.00261121,0.00347941,0.00185568,0.00396312,0.00365025,RELIABLE,RELIABLE,RELIABLE,RELIABLE,PARTIAL,PARTIAL,MOVING,STATIONARY,STATIONARY,STATIONARY,STATIONARY,STATIONARY,MOVING
170611,4988,0.00313999,0.00256791,0.00264882,0.00147514,0.00376430,0.00336418,RELIABLE,RELIABLE,RELIABLE,RELIABLE,PARTIAL,PARTIAL,MOVING,STATIONARY,STATIONARY,STATIONARY,STATIONARY,STATIONARY,MOVING
170643,4989,0.00238518,0.00262228,0.00258421,0.00124003,0.00413308,0.00389049,RELIABLE,RELIABLE,RELIABLE,RELIABLE,PARTIAL,PARTIAL,MOVING,STATIONARY,STATIONARY,STATIONARY,STATIONARY,STATIONARY,MOVING
170676,4990,0.00259038,0.00257333,0.00217311,0.00094197,0.00402106,0.00479202,RELIABLE,RELIABLE,RELIABLE,RELIABLE,PARTIAL,PARTIAL,MOVING,STATIONARY,STATIONARY,STATIONARY,STATIONARY,STATIONARY,MOVING
170708,4991,0.00333333,0.00221385,0.00219437,0.00077249,0.00540073,0.00567570,RELIABLE,RELIABLE,RELIABLE,RELIABLE,PARTIAL,PARTIAL,MOVING,STATIONARY,STATIONARY,STATIONARY,STATIONARY,STATIONARY,MOVING
170740,4992,0.00430377,0.00310286,0.00160487,0.00079698,0.00505358,0.00515905,RELIABLE,RELIABLE,RELIABLE,RELIABLE,PARTIAL,PARTIAL,MOVING,STATIONARY,STATIONARY,STATIONARY,STATIONARY,STATIONARY,MOVING
170771,4993,0.00602486,0.00273892,0.00167841,0.00086538,0.00530618,0.00573473,RELIABLE,RELIABLE,RELIABLE,RELIABLE,PARTIAL,PARTIAL,MOVING,STATIONARY,STATIONARY,STATIONARY,STATIONARY,STATIONARY,MOVING
170804,4994,0.00855252,0.00294867,0.00172822,0.00106737,0.00568354,0.00572476,RELIABLE,RELIABLE,RELIABLE,RELIABLE,PARTIAL,PARTIAL,MOVING,STATIONARY,STATIONARY,STATIONARY,STATIONARY,STATIONARY,MOVING
170835,4995,0.01180156,0.00371473,0.00211895,0.00105650,0.00596621,0.00582318,RELIABLE,RELIABLE,RELIABLE,RELIABLE,PARTIAL,PARTIAL,MOVING,STATIONARY,STATIONARY,STATIONARY,STATIONARY,STATIONARY,MOVING
170868,4996,0.01412850,0.00370824,0.00209639,0.00152040,0.00733333,0.00702396,RELIABLE,RELIABLE,RELIABLE,RELIABLE,PARTIAL,PARTIAL,MOVING,STATIONARY,STATIONARY,STATIONARY,STATIONARY,STATIONARY,MOVING
170916,4997,0.01567360,0.00400935,0.00225334,0.00166553,0.00731526,0.00647882,RELIABLE,RELIABLE,RELIABLE,RELIABLE,PARTIAL,PARTIAL,MOVING,STATIONARY,STATIONARY,STATIONARY,STATIONARY,STATIONARY,MOVING
170947,4998,0.01598696,0.00394913,0.00253535,0.00187434,0.00754397,0.00530663,RELIABLE,RELIABLE,RELIABLE,RELIABLE,PARTIAL,PARTIAL,MOVING,STATIONARY,STATIONARY,STATIONARY,STATIONARY,STATIONARY,MOVING
170981,4999,0.01597197,0.00431157,0.00256221,0.00222208,0.00597393,0.00469733,RELIABLE,RELIABLE,RELIABLE,RELIABLE,PARTIAL,PARTIAL,MOVING,STATIONARY,STATIONARY,STATIONARY,STATIONARY,STATIONARY,MOVING
171011,5000,0.01525740,0.00418509,0.00257376,0.00247057,0.00573760,0.00478378,RELIABLE,RELIABLE,RELIABLE,RELIABLE,PARTIAL,PARTIAL,MOVING,STATIONARY,STATIONARY,STATIONARY,STATIONARY,STATIONARY,MOVING
171044,5001,0.01377994,0.00400883,0.00260689,0.00272910,0.00626287,0.00486813,RELIABLE,RELIABLE,RELIABLE,RELIABLE,PARTIAL,PARTIAL,MOVING,STATIONARY,STATIONARY,STATIONARY,STATIONARY,STATIONARY,MOVING
171076,5002,0.01112629,0.00392017,0.00287395,0.00260873,0.00657336,0.00472611,RELIABLE,RELIABLE,RELIABLE,RELIABLE,PARTIAL,PARTIAL,MOVING,STATIONARY,STATIONARY,STATIONARY,STATIONARY,STATIONARY,MOVING
171107,5003,0.00796567,0.00291827,0.00266108,0.00271261,0.00657347,0.00437317,RELIABLE,RELIABLE,RELIABLE,RELIABLE,PARTIAL,PARTIAL,MOVING,STATIONARY,STATIONARY,STATIONARY,STATIONARY,STATIONARY,MOVING
171140,5004,0.00555955,0.00350492,0.00250955,0.00246911,0.00499831,0.00395331,RELIABLE,RELIABLE,RELIABLE,RELIABLE,PARTIAL,PARTIAL,MOVING,STATIONARY,STATIONARY,STATIONARY,STATIONARY,STATIONARY,MOVING
171171,5005,0.00407218,0.00305709,0.00229489,0.00228894,0.00446495,0.00373137,RELIABLE,RELIABLE,RELIABLE,RELIABLE,PARTIAL,PARTIAL,MOVING,STATIONARY,STATIONARY,STATIONARY,STATIONARY,STATIONARY,MOVING
171204,5006,0.00327560,0.00306046,0.00202996,0.00208177,0.00391845,0.00367313,RELIABLE,RELIABLE,RELIABLE,RELIABLE,PARTIAL,PARTIAL,MOVING,STATIONARY,STATIONARY,STATIONARY,STATIONARY,STATIONARY,MOVING
171235,5007,0.00230445,0.00270954,0.00190294,0.00170961,0.00473428,0.00345846,RELIABLE,RELIABLE,RELIABLE,RELIABLE,PARTIAL,PARTIAL,MOVING,STATIONARY,STATIONARY,STATIONARY,STATIONARY,STATIONARY,MOVING
171283,5008,0.00201943,0.00188603,0.00186365,0.00137869,0.00445219,0.00325752,RELIABLE,RELIABLE,RELIABLE,RELIABLE,PARTIAL,PARTIAL,MOVING,STATIONARY,STATIONARY,STATIONARY,STATIONARY,STATIONARY,MOVING
171314,5009,0.00276023,0.00178921,0.00180284,0.00121596,0.00363711,0.00274156,RELIABLE,RELIABLE,RELIABLE,RELIABLE,PARTIAL,PARTIAL,MOVING,STATIONARY,STATIONARY,STATIONARY,STATIONARY,STATIONARY,MOVING
171347,5010,0.00467113,0.00184213,0.00143887,0.00117513,0.00330691,0.00235626,RELIABLE,RELIABLE,RELIABLE,RELIABLE,PARTIAL,PARTIAL,MOVING,STATIONARY,STATIONARY,STATIONARY,STATIONARY,STATIONARY,MOVING
171379,5011,0.00748892,0.00343870,0.00170210,0.00121481,0.00325581,0.00240844,RELIABLE,RELIABLE,RELIABLE,RELIABLE,PARTIAL,PARTIAL,MOVING,STATIONARY,STATIONARY,STATIONARY,STATIONARY,STATIONARY,MOVING
171411,5012,0.01008214,0.00287340,0.00163012,0.00113082,0.00316510,0.00297204,RELIABLE,RELIABLE,RELIABLE,RELIABLE,PARTIAL,PARTIAL,MOVING,STATIONARY,STATIONARY,STATIONARY,STATIONARY,STATIONARY,MOVING
171443,5013,0.01219784,0.00313312,0.00160932,0.00163917,0.00526775,0.00532572,RELIABLE,RELIABLE,RELIABLE,RELIABLE,PARTIAL,PARTIAL,MOVING,STATIONARY,STATIONARY,STATIONARY,STATIONARY,STATIONARY,MOVING
171475,5014,0.01389428,0.00331321,0.00169627,0.00189948,0.00659677,0.00562108,RELIABLE,RELIABLE,RELIABLE,RELIABLE,PARTIAL,PARTIAL,MOVING,STATIONARY,STATIONARY,STATIONARY,STATIONARY,STATIONARY,MOVING
171507,5015,0.01448759,0.00333723,0.00211043,0.00206931,0.00570083,0.00565799,RELIABLE,RELIABLE,RELIABLE,RELIABLE,PARTIAL,PARTIAL,MOVING,STATIONARY,STATIONARY,STATIONARY,STATIONARY,STATIONARY,MOVING
171539,5016,0.01465640,0.00358792,0.00240745,0.00233388,0.00585565,0.00556624,RELIABLE,RELIABLE,RELIABLE,RELIABLE,PARTIAL,PARTIAL,MOVING,STATIONARY,STATIONARY,STATIONARY,STATIONARY,STATIONARY,MOVING
171571,5017,0.01436671,0.00370669,0.00232372,0.00230477,0.00578106,0.00560423,RELIABLE,RELIABLE,RELIABLE,RELIABLE,PARTIAL,PARTIAL,MOVING,STATIONARY,STATIONARY,STATIONARY,STATIONARY,STATIONARY,MOVING
171603,5018,0.01243300,0.00369183,0.00240936,0.00236112,0.00523176,0.00564966,RELIABLE,RELIABLE,RELIABLE,RELIABLE,PARTIAL,PARTIAL,MOVING,STATIONARY,STATIONARY,STATIONARY,STATIONARY,STATIONARY,MOVING
171634,5019,0.00961846,0.00212066,0.00202338,0.00227097,0.00484437,0.00589084,RELIABLE,RELIABLE,RELIABLE,RELIABLE,PARTIAL,PARTIAL,MOVING,STATIONARY,STATIONARY,STATIONARY,STATIONARY,STATIONARY,MOVING
171683,5020,0.00726752,0.00251894,0.00204058,0.00217116,0.00537428,0.00566802,RELIABLE,RELIABLE,RELIABLE,RELIABLE,PARTIAL,PARTIAL,MOVING,STATIONARY,STATIONARY,STATIONARY,STATIONARY,STATIONARY,MOVING
171715,5021,0.00512588,0.00216646,0.00187449,0.00168372,0.00366940,0.00396763,RELIABLE,RELIABLE,RELIABLE,RELIABLE,PARTIAL,PARTIAL,MOVING,STATIONARY,STATIONARY,STATIONARY,STATIONARY,STATIONARY,MOVING
171747,5022,0.00346040,0.00188313,0.00173898,0.00140934,0.00218745,0.00421518,RELIABLE,RELIABLE,RELIABLE,RELIABLE,PARTIAL,PARTIAL,MOVING,STATIONARY,STATIONARY,STATIONARY,STATIONARY,STATIONARY,MOVING
171779,5023,0.00285599,0.00188752,0.00136074,0.00130865,0.00244518,0.00456107,RELIABLE,RELIABLE,RELIABLE,RELIABLE,PARTIAL,PARTIAL,MOVING,STATIONARY,STATIONARY,STATIONARY,STATIONARY,STATIONARY,MOVING
171811,5024,0.00291105,0.00224973,0.00110908,0.00126130,0.00227440,0.00504077,RELIABLE,RELIABLE,RELIABLE,RELIABLE,PARTIAL,PARTIAL,MOVING,STATIONARY,STATIONARY,STATIONARY,STATIONARY,STATIONARY,MOVING
171843,5025,0.00336730,0.00225576,0.00130193,0.00138502,0.00328738,0.00565797,RELIABLE,RELIABLE,RELIABLE,RELIABLE,PARTIAL,PARTIAL,MOVING,STATIONARY,STATIONARY,STATIONARY,STATIONARY,STATIONARY,MOVING
171877,5026,0.00532410,0.00232120,0.00153269,0.00146803,0.00420225,0.00575536,RELIABLE,RELIABLE,RELIABLE,RELIABLE,PARTIAL,PARTIAL,MOVING,STATIONARY,STATIONARY,STATIONARY,STATIONARY,STATIONARY,MOVING
171908,5027,0.00822653,0.00228241,0.00162513,0.00157657,0.00468471,0.00583085,RELIABLE,RELIABLE,RELIABLE,RELIABLE,PARTIAL,PARTIAL,MOVING,STATIONARY,STATIONARY,STATIONARY,STATIONARY,STATIONARY,MOVING
171940,5028,0.01084349,0.00184801,0.00174422,0.00193857,0.00538182,0.00517662,RELIABLE,RELIABLE,RELIABLE,RELIABLE,PARTIAL,PARTIAL,MOVING,STATIONARY,STATIONARY,STATIONARY,STATIONARY,STATIONARY,MOVING
171971,5029,0.01263238,0.00184079,0.00174151,0.00195445,0.00525644,0.00461727,RELIABLE,RELIABLE,RELIABLE,RELIABLE,PARTIAL,PARTIAL,MOVING,STATIONARY,STATIONARY,STATIONARY,STATIONARY,STATIONARY,MOVING
172003,5030,0.01415524,0.00191692,0.00197693,0.00209161,0.00571645,0.00410522,RELIABLE,RELIABLE,RELIABLE,RELIABLE,PARTIAL,PARTIAL,MOVING,STATIONARY,STATIONARY,STATIONARY,STATIONARY,STATIONARY,MOVING
172051,5031,0.01553587,0.00220256,0.00210782,0.00228853,0.00594154,0.00504731,RELIABLE,RELIABLE,RELIABLE,RELIABLE,PARTIAL,PARTIAL,MOVING,STATIONARY,STATIONARY,STATIONARY,STATIONARY,STATIONARY,MOVING
172083,5032,0.01598201,0.00174462,0.00203096,0.00215945,0.00589325,0.00497897,RELIABLE,RELIABLE,RELIABLE,RELIABLE,PARTIAL,PARTIAL,MOVING,STATIONARY,STATIONARY,STATIONARY,STATIONARY,STATIONARY,MOVING
172115,5033,0.01521321,0.00244472,0.00170605,0.00213490,0.00518421,0.00448971,RELIABLE,RELIABLE,RELIABLE,RELIABLE,PARTIAL,PARTIAL,MOVING,STATIONARY,STATIONARY,STATIONARY,STATIONARY,STATIONARY,MOVING
172147,5034,0.01388442,0.00236199,0.00145728,0.00203805,0.00448834,0.00537078,RELIABLE,RELIABLE,RELIABLE,RELIABLE,PARTIAL,PARTIAL,MOVING,STATIONARY,STATIONARY,STATIONARY,STATIONARY,STATIONARY,MOVING
172179,5035,0.01101426,0.00237515,0.00160281,0.00207878,0.00425547,0.00543406,RELIABLE,RELIABLE,RELIABLE,RELIABLE,PARTIAL,PARTIAL,MOVING,STATIONARY,STATIONARY,STATIONARY,STATIONARY,STATIONARY,MOVING
172211,5036,0.00860416,0.00226987,0.00143369,0.00173933,0.00291941,0.00535470,RELIABLE,RELIABLE,RELIABLE,RELIABLE,PARTIAL,PARTIAL,MOVING,STATIONARY,STATIONARY,STATIONARY,STATIONARY,STATIONARY,MOVING
172243,5037,0.00673956,0.00360231,0.00154711,0.00183648,0.00276503,0.00556583,RELIABLE,RELIABLE,RELIABLE,RELIABLE,PARTIAL,PARTIAL,MOVING,STATIONARY,STATIONARY,STATIONARY,STATIONARY,STATIONARY,MOVING
172276,5038,0.00570963,0.00356990,0.00203062,0.00182959,0.00288307,0.00585181,RELIABLE,RELIABLE,RELIABLE,RELIABLE,PARTIAL,PARTIAL,MOVING,STATIONARY,STATIONARY,STATIONARY,STATIONARY,STATIONARY,MOVING
172308,5039,0.00427265,0.00360372,0.00199578,0.00166380,0.00246236,0.00461307,RELIABLE,RELIABLE,RELIABLE,RELIABLE,PARTIAL,PARTIAL,MOVING,STATIONARY,STATIONARY,STATIONARY,STATIONARY,STATIONARY,MOVING
172340,5040,0.00330133,0.00359515,0.00196419,0.00155672,0.00265829,0.00503512,RELIABLE,RELIABLE,RELIABLE,RELIABLE,PARTIAL,PARTIAL,MOVING,STATIONARY,STATIONARY,STATIONARY,STATIONARY,STATIONARY,MOVING
172371,5041,0.00288332,0.00294519,0.00210796,0.00127982,0.00231227,0.00501558,RELIABLE,RELIABLE,RELIABLE,RELIABLE,PARTIAL,PARTIAL,MOVING,STATIONARY,STATIONARY,STATIONARY,STATIONARY,STATIONARY,MOVING
172403,5042,0.00222896,0.00319075,0.00208102,0.00120123,0.00245231,0.00414492,RELIABLE,RELIABLE,RELIABLE,RELIABLE,PARTIAL,PARTIAL,MOVING,STATIONARY,STATIONARY,STATIONARY,STATIONARY,STATIONARY,MOVING
172451,5043,0.00264898,0.00329126,0.00191724,0.00113287,0.00264030,0.00387013,RELIABLE,RELIABLE,RELIABLE,RELIABLE,PARTIAL,PARTIAL,MOVING,STATIONARY,STATIONARY,STATIONARY,STATIONARY,STATIONARY,MOVING
172483,5044,0.00323305,0.00336581,0.00218725,0.00117151,0.00283696,0.00335355,RELIABLE,RELIABLE,RELIABLE,RELIABLE,PARTIAL,PARTIAL,MOVING,STATIONARY,STATIONARY,STATIONARY,STATIONARY,STATIONARY,MOVING
172515,5045,0.00444726,0.00216299,0.00208199,0.00109608,0.00274654,0.00383826,RELIABLE,RELIABLE,RELIABLE,RELIABLE,PARTIAL,PARTIAL,STATIONARY,STATIONARY,STATIONARY,STATIONARY,STATIONARY,STATIONARY,STATIONARY
172547,5046,0.00573747,0.00219632,0.00145320,0.00104041,0.00223192,0.00381361,RELIABLE,RELIABLE,RELIABLE,RELIABLE,PARTIAL,PARTIAL,STATIONARY,STATIONARY,STATIONARY,STATIONARY,STATIONARY,STATIONARY,STATIONARY
172579,5047,0.00787595,0.00189101,0.00143897,0.00115782,0.00250737,0.00416711,RELIABLE,RELIABLE,RELIABLE,RELIABLE,PARTIAL,PARTIAL,STATIONARY,STATIONARY,STATIONARY,STATIONARY,STATIONARY,STATIONARY,STATIONARY
172612,5048,0.00943449,0.00298016,0.00227193,0.00176235,0.00277246,0.00526786,RELIABLE,RELIABLE,RELIABLE,RELIABLE,PARTIAL,PARTIAL,STATIONARY,STATIONARY,STATIONARY,STATIONARY,STATIONARY,STATIONARY,STATIONARY
172643,5049,0.01145216,0.00290771,0.00255329,0.00210325,0.00296390,0.00535930,RELIABLE,RELIABLE,RELIABLE,RELIABLE,PARTIAL,PARTIAL,STATIONARY,STATIONARY,STATIONARY,STATIONARY,STATIONARY,STATIONARY,STATIONARY
172675,5050,0.01229524,0.00276122,0.00280941,0.00230209,0.00330542,0.00522109,RELIABLE,RELIABLE,RELIABLE,RELIABLE,PARTIAL,PARTIAL,STATIONARY,STATIONARY,STATIONARY,STATIONARY,STATIONARY,STATIONARY,STATIONARY
172707,5051,0.01246738,0.00267651,0.00279832,0.00235922,0.00338268,0.00514361,RELIABLE,RELIABLE,RELIABLE,RELIABLE,PARTIAL,PARTIAL,STATIONARY,STATIONARY,STATIONARY,STATIONARY,STATIONARY,STATIONARY,STATIONARY
172739,5052,0.01184795,0.00293333,0.00278275,0.00250749,0.00465444,0.00578224,RELIABLE,RELIABLE,RELIABLE,RELIABLE,PARTIAL,PARTIAL,STATIONARY,STATIONARY,STATIONARY,STATIONARY,STATIONARY,STATIONARY,STATIONARY
172771,5053,0.01068121,0.00311089,0.00298505,0.00276117,0.00564834,0.00503342,RELIABLE,RELIABLE,RELIABLE,RELIABLE,PARTIAL,PARTIAL,STATIONARY,STATIONARY,STATIONARY,STATIONARY,STATIONARY,STATIONARY,STATIONARY
172819,5054,0.00928027,0.00304949,0.00308880,0.00289280,0.00625242,0.00474269,RELIABLE,RELIABLE,RELIABLE,RELIABLE,PARTIAL,PARTIAL,STATIONARY,STATIONARY,STATIONARY,STATIONARY,STATIONARY,STATIONARY,STATIONARY
172851,5055,0.00736177,0.00295675,0.00308214,0.00286073,0.00640874,0.00423352,RELIABLE,RELIABLE,RELIABLE,RELIABLE,PARTIAL,PARTIAL,STATIONARY,STATIONARY,STATIONARY,STATIONARY,STATIONARY,STATIONARY,STATIONARY
172883,5056,0.00579067,0.00194101,0.00245045,0.00235385,0.00621263,0.00218507,RELIABLE,RELIABLE,RELIABLE,RELIABLE,PARTIAL,PARTIAL,STATIONARY,STATIONARY,STATIONARY,STATIONARY,STATIONARY,STATIONARY,STATIONARY
172915,5057,0.00371869,0.00224392,0.00282131,0.00218264,0.00679721,0.00189862,RELIABLE,RELIABLE,RELIABLE,RELIABLE,PARTIAL,PARTIAL,STATIONARY,STATIONARY,STATIONARY,STATIONARY,STATIONARY,STATIONARY,STATIONARY
172947,5058,0.00326993,0.00230409,0.00275280,0.00219995,0.00757593,0.00237934,RELIABLE,RELIABLE,RELIABLE,RELIABLE,PARTIAL,PARTIAL,STATIONARY,STATIONARY,STATIONARY,STATIONARY,STATIONARY,STATIONARY,STATIONARY
172979,5059,0.00333900,0.00218724,0.00257078,0.00204443,0.00740617,0.00235068,RELIABLE,RELIABLE,RELIABLE,RELIABLE,PARTIAL,PARTIAL,STATIONARY,STATIONARY,STATIONARY,STATIONARY,STATIONARY,STATIONARY,STATIONARY
173011,5060,0.00471135,0.00240999,0.00300173,0.00216970,0.00634795,0.00206737,RELIABLE,RELIABLE,RELIABLE,RELIABLE,PARTIAL,PARTIAL,STATIONARY,STATIONARY,STATIONARY,STATIONARY,STATIONARY,STATIONARY,STATIONARY
173044,5061,0.00596707,0.00246709,0.00284564,0.00187373,0.00603851,0.00194961,RELIABLE,RELIABLE,RELIABLE,RELIABLE,PARTIAL,PARTIAL,STATIONARY,STATIONARY,STATIONARY,STATIONARY,STATIONARY,STATIONARY,STATIONARY
173076,5062,0.00733637,0.00247496,0.00271637,0.00177181,0.00602622,0.00212727,RELIABLE,RELIABLE,RELIABLE,RELIABLE,PARTIAL,PARTIAL,STATIONARY,STATIONARY,STATIONARY,STATIONARY,STATIONARY,STATIONARY,STATIONARY
173108,5063,0.00905817,0.00318751,0.00283161,0.00187828,0.00611682,0.00224984,RELIABLE,RELIABLE,RELIABLE,RELIABLE,PARTIAL,PARTIAL,STATIONARY,STATIONARY,STATIONARY,STATIONARY,STATIONARY,STATIONARY,STATIONARY
173139,5064,0.01050296,0.00332268,0.00297366,0.00193662,0.00657336,0.00224777,RELIABLE,RELIABLE,RELIABLE,RELIABLE,PARTIAL,PARTIAL,STATIONARY,STATIONARY,STATIONARY,STATIONARY,STATIONARY,STATIONARY,STATIONARY
173171,5065,0.01094386,0.00316244,0.00230969,0.00208499,0.00597657,0.00225865,RELIABLE,RELIABLE,RELIABLE,RELIABLE,PARTIAL,PARTIAL,STATIONARY,STATIONARY,STATIONARY,STATIONARY,STATIONARY,STATIONARY,STATIONARY
173219,5066,0.01126809,0.00377730,0.00230538,0.00244684,0.00536832,0.00258189,RELIABLE,RELIABLE,RELIABLE,RELIABLE,PARTIAL,PARTIAL,STATIONARY,STATIONARY,STATIONARY,STATIONARY,STATIONARY,STATIONARY,STATIONARY
173251,5067,0.01083193,0.00451109,0.00234386,0.00270613,0.00520821,0.00352121,RELIABLE,RELIABLE,RELIABLE,RELIABLE,PARTIAL,PARTIAL,STATIONARY,STATIONARY,STATIONARY,STATIONARY,STATIONARY,STATIONARY,STATIONARY
173283,5068,0.00935015,0.00446890,0.00182953,0.00249179,0.00519893,0.00407758,RELIABLE,RELIABLE,RELIABLE,RELIABLE,PARTIAL,PARTIAL,STATIONARY,STATIONARY,STATIONARY,STATIONARY,STATIONARY,STATIONARY,STATIONARY
173315,5069,0.00847757,0.00442607,0.00208947,0.00245890,0.00503716,0.00404859,RELIABLE,RELIABLE,RELIABLE,RELIABLE,PARTIAL,PARTIAL,STATIONARY,STATIONARY,STATIONARY,STATIONARY,STATIONARY,STATIONARY,STATIONARY
173347,5070,0.00683924,0.00467094,0.00232769,0.00250616,0.00447647,0.00451946,RELIABLE,RELIABLE,RELIABLE,RELIABLE,PARTIAL,PARTIAL,STATIONARY,STATIONARY,STATIONARY,STATIONARY,STATIONARY,STATIONARY,STATIONARY
173379,5071,0.00504702,0.00398207,0.00225372,0.00229235,0.00425453,0.00489213,RELIABLE,RELIABLE,RELIABLE,RELIABLE,PARTIAL,PARTIAL,STATIONARY,STATIONARY,STATIONARY,STATIONARY,STATIONARY,STATIONARY,STATIONARY
173411,5072,0.00377776,0.00365305,0.00204243,0.00243049,0.00372878,0.00498862,RELIABLE,RELIABLE,RELIABLE,RELIABLE,PARTIAL,PARTIAL,STATIONARY,STATIONARY,STATIONARY,STATIONARY,STATIONARY,STATIONARY,STATIONARY
173443,5073,0.00348794,0.00367711,0.00201324,0.00214303,0.00348187,0.00485191,RELIABLE,RELIABLE,RELIABLE,RELIABLE,PARTIAL,PARTIAL,STATIONARY,STATIONARY,STATIONARY,STATIONARY,STATIONARY,STATIONARY,STATIONARY
173475,5074,0.00281837,0.00292644,0.00183280,0.00153353,0.00289307,0.00478587,RELIABLE,RELIABLE,RELIABLE,RELIABLE,PARTIAL,PARTIAL,STATIONARY,STATIONARY,STATIONARY,STATIONARY,STATIONARY,STATIONARY,STATIONARY
173507,5075,0.00246285,0.00242922,0.00238860,0.00152165,0.00300345,0.00540273,RELIABLE,RELIABLE,RELIABLE,RELIABLE,PARTIAL,PARTIAL,STATIONARY,STATIONARY,STATIONARY,STATIONARY,STATIONARY,STATIONARY,STATIONARY
173539,5076,0.00441478,0.00207098,0.00266456,0.00155842,0.00295271,0.00478879,RELIABLE,RELIABLE,RELIABLE,RELIABLE,PARTIAL,PARTIAL,STATIONARY,STATIONARY,STATIONARY,STATIONARY,STATIONARY,STATIONARY,STATIONARY
173571,5077,0.00550467,0.00247738,0.00261681,0.00168899,0.00243547,0.00500647,RELIABLE,RELIABLE,RELIABLE,RELIABLE,PARTIAL,PARTIAL,STATIONARY,STATIONARY,STATIONARY,STATIONARY,STATIONARY,STATIONARY,STATIONARY
173619,5078,0.00997459,0.00314749,0.00335309,0.00194494,0.00301562,0.00447296,RELIABLE,RELIABLE,RELIABLE,RELIABLE,PARTIAL,PARTIAL,STATIONARY,STATIONARY,STATIONARY,STATIONARY,STATIONARY,STATIONARY,STATIONARY
173651,5079,0.01065047,0.00338038,0.00345436,0.00210960,0.00277167,0.00489010,RELIABLE,RELIABLE,RELIABLE,RELIABLE,PARTIAL,PARTIAL,STATIONARY,STATIONARY,STATIONARY,STATIONARY,STATIONARY,STATIONARY,STATIONARY
173683,5080,0.01114422,0.00354230,0.00352736,0.00218214,0.00308139,0.00638276,RELIABLE,RELIABLE,RELIABLE,RELIABLE,PARTIAL,PARTIAL,STATIONARY,STATIONARY,STATIONARY,STATIONARY,STATIONARY,STATIONARY,STATIONARY
173715,5081,0.01127707,0.00456829,0.00363541,0.00248366,0.00335161,0.00672118,RELIABLE,RELIABLE,RELIABLE,RELIABLE,PARTIAL,PARTIAL,STATIONARY,STATIONARY,STATIONARY,STATIONARY,STATIONARY,STATIONARY,STATIONARY
173747,5082,0.01139071,0.00497243,0.00354199,0.00272251,0.00343798,0.00622373,RELIABLE,RELIABLE,RELIABLE,RELIABLE,PARTIAL,PARTIAL,STATIONARY,STATIONARY,STATIONARY,STATIONARY,STATIONARY,STATIONARY,STATIONARY
173779,5083,0.01173168,0.00528669,0.00303930,0.00263780,0.00392475,0.00478763,RELIABLE,RELIABLE,RELIABLE,RELIABLE,PARTIAL,PARTIAL,STATIONARY,STATIONARY,STATIONARY,STATIONARY,STATIONARY,STATIONARY,STATIONARY
173811,5084,0.00973034,0.00514801,0.00301184,0.00255459,0.00434634,0.00534971,RELIABLE,RELIABLE,RELIABLE,RELIABLE,PARTIAL,PARTIAL,STATIONARY,STATIONARY,STATIONARY,STATIONARY,STATIONARY,STATIONARY,STATIONARY
173843,5085,0.00814773,0.00473501,0.00282516,0.00254223,0.00445439,0.00529662,RELIABLE,RELIABLE,RELIABLE,RELIABLE,PARTIAL,PARTIAL,STATIONARY,STATIONARY,STATIONARY,STATIONARY,STATIONARY,STATIONARY,STATIONARY
173875,5086,0.00340892,0.00379608,0.00195060,0.00226442,0.00425796,0.00513973,RELIABLE,RELIABLE,RELIABLE,RELIABLE,PARTIAL,PARTIAL,STATIONARY,STATIONARY,STATIONARY,STATIONARY,STATIONARY,STATIONARY,STATIONARY
173907,5087,0.00267618,0.00348920,0.00174019,0.00208625,0.00437837,0.00472105,RELIABLE,RELIABLE,RELIABLE,RELIABLE,PARTIAL,PARTIAL,STATIONARY,STATIONARY,STATIONARY,STATIONARY,STATIONARY,STATIONARY,STATIONARY
173939,5088,0.00196591,0.00350075,0.00157024,0.00174363,0.00390121,0.00317978,RELIABLE,RELIABLE,RELIABLE,RELIABLE,PARTIAL,PARTIAL,STATIONARY,STATIONARY,STATIONARY,STATIONARY,STATIONARY,STATIONARY,STATIONARY
173987,5089,0.00174352,0.00215994,0.00150477,0.00145202,0.00372406,0.00306989,RELIABLE,RELIABLE,RELIABLE,RELIABLE,PARTIAL,PARTIAL,STATIONARY,STATIONARY,STATIONARY,STATIONARY,STATIONARY,STATIONARY,STATIONARY
174020,5090,0.00199599,0.00156670,0.00187226,0.00122559,0.00475859,0.00264930,RELIABLE,RELIABLE,RELIABLE,RELIABLE,PARTIAL,PARTIAL,STATIONARY,STATIONARY,STATIONARY,STATIONARY,STATIONARY,STATIONARY,STATIONARY
174051,5091,0.00234648,0.00099706,0.00204807,0.00095217,0.00532730,0.00247055,RELIABLE,RELIABLE,RELIABLE,RELIABLE,PARTIAL,PARTIAL,STATIONARY,STATIONARY,STATIONARY,STATIONARY,STATIONARY,STATIONARY,STATIONARY
174083,5092,0.00306558,0.00098683,0.00161275,0.00102559,0.00501231,0.00268375,RELIABLE,RELIABLE,RELIABLE,RELIABLE,PARTIAL,PARTIAL,STATIONARY,STATIONARY,STATIONARY,STATIONARY,STATIONARY,STATIONARY,STATIONARY
174115,5093,0.00406869,0.00105292,0.00155227,0.00090701,0.00560225,0.00307610,RELIABLE,RELIABLE,RELIABLE,RELIABLE,PARTIAL,PARTIAL,STATIONARY,STATIONARY,STATIONARY,STATIONARY,STATIONARY,STATIONARY,STATIONARY
174148,5094,0.00541321,0.00107212,0.00144651,0.00094627,0.00550630,0.00305696,RELIABLE,RELIABLE,RELIABLE,RELIABLE,PARTIAL,PARTIAL,STATIONARY,STATIONARY,STATIONARY,STATIONARY,STATIONARY,STATIONARY,STATIONARY
174180,5095,0.00721033,0.00142592,0.00151105,0.00104518,0.00546588,0.00263737,RELIABLE,RELIABLE,RELIABLE,RELIABLE,PARTIAL,PARTIAL,STATIONARY,STATIONARY,STATIONARY,STATIONARY,STATIONARY,STATIONARY,STATIONARY
174213,5096,0.00872685,0.00128288,0.00191465,0.00115656,0.00585067,0.00253701,RELIABLE,RELIABLE,RELIABLE,RELIABLE,PARTIAL,PARTIAL,STATIONARY,STATIONARY,STATIONARY,STATIONARY,STATIONARY,STATIONARY,STATIONARY
174245,5097,0.00977827,0.00195351,0.00231852,0.00142609,0.00653372,0.00238743,RELIABLE,RELIABLE,RELIABLE,RELIABLE,PARTIAL,PARTIAL,STATIONARY,STATIONARY,STATIONARY,STATIONARY,STATIONARY,STATIONARY,STATIONARY
174276,5098,0.01038515,0.00253141,0.00208835,0.00188465,0.00591356,0.00308374,RELIABLE,RELIABLE,RELIABLE,RELIABLE,PARTIAL,PARTIAL,STATIONARY,STATIONARY,STATIONARY,STATIONARY,STATIONARY,STATIONARY,STATIONARY
174307,5099,0.01026035,0.00269045,0.00193617,0.00227345,0.00468664,0.00329226,RELIABLE,RELIABLE,RELIABLE,RELIABLE,PARTIAL,PARTIAL,STATIONARY,STATIONARY,STATIONARY,STATIONARY,STATIONARY,STATIONARY,STATIONARY
174339,5100,0.00967241,0.00384827,0.00218974,0.00237944,0.00450135,0.00265943,RELIABLE,RELIABLE,RELIABLE,RELIABLE,PARTIAL,PARTIAL,STATIONARY,STATIONARY,STATIONARY,STATIONARY,STATIONARY,STATIONARY,STATIONARY
174388,5101,0.00896195,0.00364923,0.00237228,0.00261535,0.00397056,0.00366617,RELIABLE,RELIABLE,RELIABLE,RELIABLE,PARTIAL,PARTIAL,STATIONARY,STATIONARY,STATIONARY,STATIONARY,STATIONARY,STATIONARY,STATIONARY
174420,5102,0.00802559,0.00371970,0.00242307,0.00296735,0.00430871,0.00509291,RELIABLE,RELIABLE,RELIABLE,RELIABLE,PARTIAL,PARTIAL,STATIONARY,STATIONARY,STATIONARY,STATIONARY,STATIONARY,STATIONARY,STATIONARY
174452,5103,0.00645631,0.00353956,0.00290428,0.00298392,0.00434314,0.00588552,RELIABLE,RELIABLE,RELIABLE,RELIABLE,PARTIAL,PARTIAL,STATIONARY,STATIONARY,STATIONARY,STATIONARY,STATIONARY,STATIONARY,STATIONARY
174484,5104,0.00519411,0.00359067,0.00254769,0.00292828,0.00419271,0.00644720,RELIABLE,RELIABLE,RELIABLE,RELIABLE,PARTIAL,PARTIAL,STATIONARY,STATIONARY,STATIONARY,STATIONARY,STATIONARY,STATIONARY,STATIONARY
174516,5105,0.00420972,0.00296923,0.00213147,0.00267372,0.00389891,0.00663957,RELIABLE,RELIABLE,RELIABLE,RELIABLE,PARTIAL,PARTIAL,STATIONARY,STATIONARY,STATIONARY,STATIONARY,STATIONARY,STATIONARY,STATIONARY
174547,5106,0.00324762,0.00242093,0.00205403,0.00222427,0.00317844,0.00608924,RELIABLE,RELIABLE,RELIABLE,RELIABLE,PARTIAL,PARTIAL,STATIONARY,STATIONARY,STATIONARY,STATIONARY,STATIONARY,STATIONARY,STATIONARY
174579,5107,0.00276487,0.00263304,0.00195150,0.00184386,0.00325439,0.00598018,RELIABLE,RELIABLE,RELIABLE,RELIABLE,PARTIAL,PARTIAL,STATIONARY,STATIONARY,STATIONARY,STATIONARY,STATIONARY,STATIONARY,STATIONARY
174612,5108,0.00243757,0.00157161,0.00174163,0.00179467,0.00358077,0.00586430,RELIABLE,RELIABLE,RELIABLE,RELIABLE,PARTIAL,PARTIAL,STATIONARY,STATIONARY,STATIONARY,STATIONARY,STATIONARY,STATIONARY,STATIONARY
174643,5109,0.00318208,0.00157005,0.00164694,0.00172079,0.00340791,0.00511049,RELIABLE,RELIABLE,RELIABLE,RELIABLE,PARTIAL,PARTIAL,STATIONARY,STATIONARY,STATIONARY,STATIONARY,STATIONARY,STATIONARY,STATIONARY
174676,5110,0.00437618,0.00158514,0.00234993,0.00143988,0.00274690,0.00372715,RELIABLE,RELIABLE,RELIABLE,RELIABLE,PARTIAL,PARTIAL,STATIONARY,STATIONARY,STATIONARY,STATIONARY,STATIONARY,STATIONARY,STATIONARY
174708,5111,0.00700257,0.00214613,0.00202887,0.00140203,0.00334133,0.00371867,RELIABLE,RELIABLE,RELIABLE,RELIABLE,PARTIAL,PARTIAL,STATIONARY,STATIONARY,STATIONARY,STATIONARY,STATIONARY,STATIONARY,STATIONARY
174756,5112,0.01230519,0.00216754,0.00227462,0.00139948,0.00317767,0.00367343,RELIABLE,RELIABLE,RELIABLE,RELIABLE,PARTIAL,PARTIAL,STATIONARY,STATIONARY,STATIONARY,STATIONARY,STATIONARY,STATIONARY,STATIONARY
174787,5113,0.01348787,0.00238824,0.00228930,0.00158279,0.00311329,0.00369832,RELIABLE,RELIABLE,RELIABLE,RELIABLE,PARTIAL,PARTIAL,STATIONARY,STATIONARY,STATIONARY,STATIONARY,STATIONARY,STATIONARY,STATIONARY
174820,5114,0.01477448,0.00313869,0.00261134,0.00184592,0.00343386,0.00392890,RELIABLE,RELIABLE,RELIABLE,RELIABLE,PARTIAL,PARTIAL,MOVING,STATIONARY,STATIONARY,STATIONARY,STATIONARY,STATIONARY,MOVING
174851,5115,0.01536540,0.00330029,0.00300179,0.00218649,0.00346793,0.00389416,RELIABLE,RELIABLE,RELIABLE,RELIABLE,PARTIAL,PARTIAL,MOVING,STATIONARY,STATIONARY,STATIONARY,STATIONARY,STATIONARY,MOVING
174884,5116,0.01595911,0.00337290,0.00325767,0.00218822,0.00316977,0.00390424,RELIABLE,RELIABLE,RELIABLE,RELIABLE,PARTIAL,PARTIAL,MOVING,STATIONARY,STATIONARY,STATIONARY,STATIONARY,STATIONARY,MOVING
174915,5117,0.01542897,0.00360337,0.00321711,0.00254117,0.00392394,0.00470921,RELIABLE,RELIABLE,RELIABLE,RELIABLE,PARTIAL,PARTIAL,MOVING,STATIONARY,STATIONARY,STATIONARY,STATIONARY,STATIONARY,MOVING
174947,5118,0.01448415,0.00433637,0.00273553,0.00250032,0.00527761,0.00477516,RELIABLE,RELIABLE,RELIABLE,RELIABLE,PARTIAL,PARTIAL,MOVING,STATIONARY,STATIONARY,STATIONARY,STATIONARY,STATIONARY,MOVING
174979,5119,0.01184063,0.00450588,0.00259886,0.00300333,0.00520010,0.00551472,RELIABLE,RELIABLE,RELIABLE,RELIABLE,PARTIAL,PARTIAL,MOVING,STATIONARY,STATIONARY,STATIONARY,STATIONARY,STATIONARY,MOVING
175011,5120,0.00653381,0.00504117,0.00338423,0.00305830,0.00532258,0.00530765,RELIABLE,RELIABLE,RELIABLE,RELIABLE,PARTIAL,PARTIAL,MOVING,STATIONARY,STATIONARY,STATIONARY,STATIONARY,STATIONARY,MOVING
175043,5121,0.00529247,0.00488348,0.00326708,0.00282311,0.00507140,0.00515026,RELIABLE,RELIABLE,RELIABLE,RELIABLE,PARTIAL,PARTIAL,MOVING,STATIONARY,STATIONARY,STATIONARY,STATIONARY,STATIONARY,MOVING
175075,5122,0.00447965,0.00418247,0.00300039,0.00261974,0.00505610,0.00504293,RELIABLE,RELIABLE,RELIABLE,RELIABLE,PARTIAL,PARTIAL,MOVING,STATIONARY,STATIONARY,STATIONARY,STATIONARY,STATIONARY,MOVING
175108,5123,0.00434097,0.00378895,0.00302265,0.00229743,0.00479516,0.00614116,RELIABLE,RELIABLE,RELIABLE,RELIABLE,PARTIAL,PARTIAL,MOVING,STATIONARY,STATIONARY,STATIONARY,STATIONARY,STATIONARY,MOVING
175156,5124,0.00479900,0.00360546,0.00293151,0.00216146,0.00458409,0.00592600,RELIABLE,RELIABLE,RELIABLE,RELIABLE,PARTIAL,PARTIAL,MOVING,STATIONARY,STATIONARY,STATIONARY,STATIONARY,STATIONARY,MOVING
175188,5125,0.00603291,0.00323086,0.00288620,0.00190826,0.00441075,0.00494722,RELIABLE,RELIABLE,RELIABLE,RELIABLE,PARTIAL,PARTIAL,MOVING,STATIONARY,STATIONARY,STATIONARY,STATIONARY,STATIONARY,MOVING
175220,5126,0.00732932,0.00244450,0.00283374,0.00174164,0.00371685,0.00536573,RELIABLE,RELIABLE,RELIABLE,RELIABLE,PARTIAL,PARTIAL,MOVING,STATIONARY,STATIONARY,STATIONARY,STATIONARY,STATIONARY,MOVING
175251,5127,0.00875014,0.00161596,0.00275045,0.00153350,0.00385826,0.00479515,RELIABLE,RELIABLE,RELIABLE,RELIABLE,PARTIAL,PARTIAL,MOVING,STATIONARY,STATIONARY,STATIONARY,STATIONARY,STATIONARY,MOVING
175283,5128,0.01005544,0.00173847,0.00198800,0.00223399,0.00450268,0.00590658,RELIABLE,RELIABLE,RELIABLE,RELIABLE,PARTIAL,PARTIAL,MOVING,STATIONARY,STATIONARY,STATIONARY,STATIONARY,STATIONARY,MOVING
175315,5129,0.01113450,0.00208477,0.00211498,0.00253070,0.00454059,0.00574580,RELIABLE,RELIABLE,RELIABLE,RELIABLE,PARTIAL,PARTIAL,MOVING,STATIONARY,STATIONARY,STATIONARY,STATIONARY,STATIONARY,MOVING
175348,5130,0.01188712,0.00226440,0.00214873,0.00273518,0.00428396,0.00564551,RELIABLE,RELIABLE,RELIABLE,RELIABLE,PARTIAL,PARTIAL,MOVING,STATIONARY,STATIONARY,STATIONARY,STATIONARY,STATIONARY,MOVING
175380,5131,0.01217879,0.00428851,0.00199614,0.00326136,0.00470680,0.00470012,RELIABLE,RELIABLE,RELIABLE,RELIABLE,PARTIAL,PARTIAL,MOVING,STATIONARY,STATIONARY,STATIONARY,STATIONARY,STATIONARY,MOVING
175414,5132,0.01177684,0.00468629,0.00261265,0.00363191,0.00475561,0.00616894,RELIABLE,RELIABLE,RELIABLE,RELIABLE,PARTIAL,PARTIAL,MOVING,STATIONARY,STATIONARY,STATIONARY,STATIONARY,STATIONARY,MOVING
175446,5133,0.01071355,0.00559615,0.00263652,0.00371519,0.00443590,0.00625193,RELIABLE,RELIABLE,RELIABLE,RELIABLE,PARTIAL,PARTIAL,MOVING,STATIONARY,STATIONARY,STATIONARY,STATIONARY,STATIONARY,MOVING
175477,5134,0.00917952,0.00632355,0.00272132,0.00413591,0.00412576,0.00599919,RELIABLE,RELIABLE,RELIABLE,RELIABLE,PARTIAL,PARTIAL,MOVING,STATIONARY,STATIONARY,STATIONARY,STATIONARY,STATIONARY,MOVING
175523,5135,0.00834098,0.00665821,0.00299943,0.00443132,0.00375478,0.00628816,RELIABLE,RELIABLE,RELIABLE,RELIABLE,PARTIAL,PARTIAL,MOVING,STATIONARY,STATIONARY,STATIONARY,STATIONARY,STATIONARY,MOVING
175557,5136,0.00728647,0.00709636,0.00278788,0.00384348,0.00343461,0.00520628,RELIABLE,RELIABLE,RELIABLE,RELIABLE,PARTIAL,PARTIAL,MOVING,STATIONARY,STATIONARY,STATIONARY,STATIONARY,STATIONARY,MOVING
175589,5137,0.00657895,0.00697574,0.00318981,0.00379805,0.00351787,0.00540715,RELIABLE,RELIABLE,RELIABLE,RELIABLE,PARTIAL,PARTIAL,MOVING,STATIONARY,STATIONARY,STATIONARY,STATIONARY,STATIONARY,MOVING
175620,5138,0.00569704,0.00682554,0.00331157,0.00386378,0.00360070,0.00651977,RELIABLE,RELIABLE,RELIABLE,RELIABLE,PARTIAL,PARTIAL,MOVING,STATIONARY,STATIONARY,STATIONARY,STATIONARY,STATIONARY,MOVING
175652,5139,0.00547962,0.00479069,0.00336354,0.00351836,0.00353134,0.00650186,RELIABLE,RELIABLE,RELIABLE,RELIABLE,PARTIAL,PARTIAL,MOVING,STATIONARY,STATIONARY,STATIONARY,STATIONARY,STATIONARY,MOVING
175684,5140,0.00523263,0.00469556,0.00303530,0.00331569,0.00367237,0.00506492,RELIABLE,RELIABLE,RELIABLE,RELIABLE,PARTIAL,PARTIAL,MOVING,STATIONARY,STATIONARY,STATIONARY,STATIONARY,STATIONARY,MOVING
175716,5141,0.00482050,0.00425022,0.00338637,0.00320369,0.00364561,0.00451220,RELIABLE,RELIABLE,RELIABLE,RELIABLE,PARTIAL,PARTIAL,MOVING,STATIONARY,STATIONARY,STATIONARY,STATIONARY,STATIONARY,MOVING
175748,5142,0.00494766,0.00367374,0.00364236,0.00318571,0.00333417,0.00522837,RELIABLE,RELIABLE,RELIABLE,RELIABLE,PARTIAL,PARTIAL,MOVING,STATIONARY,STATIONARY,STATIONARY,STATIONARY,STATIONARY,MOVING
175779,5143,0.00480830,0.00372397,0.00374162,0.00293094,0.00307222,0.00408583,RELIABLE,RELIABLE,RELIABLE,RELIABLE,PARTIAL,PARTIAL,MOVING,STATIONARY,STATIONARY,STATIONARY,STATIONARY,STATIONARY,MOVING
175812,5144,0.00521518,0.00301054,0.00423889,0.00312799,0.00264042,0.00398484,RELIABLE,RELIABLE,RELIABLE,RELIABLE,PARTIAL,PARTIAL,MOVING,STATIONARY,STATIONARY,STATIONARY,STATIONARY,STATIONARY,MOVING
175843,5145,0.00508702,0.00462476,0.00446776,0.00341314,0.00285324,0.00482448,RELIABLE,RELIABLE,RELIABLE,RELIABLE,PARTIAL,PARTIAL,STATIONARY,STATIONARY,STATIONARY,STATIONARY,STATIONARY,STATIONARY,STATIONARY
175876,5146,0.00523327,0.00537797,0.00480141,0.00374405,0.00313187,0.00386248,RELIABLE,RELIABLE,RELIABLE,RELIABLE,PARTIAL,PARTIAL,STATIONARY,STATIONARY,STATIONARY,STATIONARY,STATIONARY,STATIONARY,STATIONARY
175923,5147,0.00498555,0.00621246,0.00537796,0.00466949,0.00340124,0.00461898,RELIABLE,RELIABLE,RELIABLE,RELIABLE,PARTIAL,PARTIAL,STATIONARY,STATIONARY,STATIONARY,STATIONARY,STATIONARY,STATIONARY,STATIONARY
175956,5148,0.00552503,0.00639943,0.00545260,0.00549706,0.00477398,0.00649708,PARTIAL,RELIABLE,RELIABLE,RELIABLE,PARTIAL,PARTIAL,STATIONARY,STATIONARY,STATIONARY,STATIONARY,STATIONARY,STATIONARY,STATIONARY
175988,5149,0.00539195,0.00667062,0.00567002,0.00582987,0.00502723,0.00703471,PARTIAL,RELIABLE,RELIABLE,RELIABLE,PARTIAL,PARTIAL,STATIONARY,STATIONARY,STATIONARY,STATIONARY,STATIONARY,STATIONARY,STATIONARY
176020,5150,0.00511693,0.00714071,0.00583498,0.00582414,0.00565263,0.00643293,RELIABLE,RELIABLE,RELIABLE,RELIABLE,PARTIAL,PARTIAL,STATIONARY,STATIONARY,STATIONARY,STATIONARY,STATIONARY,STATIONARY,STATIONARY
176051,5151,0.00448430,0.00711659,0.00617207,0.00587956,0.00692091,0.00689951,RELIABLE,RELIABLE,RELIABLE,RELIABLE,PARTIAL,PARTIAL,STATIONARY,STATIONARY,STATIONARY,STATIONARY,STATIONARY,STATIONARY,STATIONARY
176084,5152,0.00378317,0.00725724,0.00585234,0.00585315,0.00718313,0.00762702,RELIABLE,RELIABLE,RELIABLE,RELIABLE,PARTIAL,PARTIAL,STATIONARY,STATIONARY,STATIONARY,STATIONARY,STATIONARY,STATIONARY,STATIONARY
176116,5153,0.00458058,0.00619237,0.00511611,0.00552941,0.00695820,0.00673789,RELIABLE,RELIABLE,RELIABLE,RELIABLE,PARTIAL,PARTIAL,STATIONARY,STATIONARY,STATIONARY,STATIONARY,STATIONARY,STATIONARY,STATIONARY
176148,5154,0.00520244,0.00626561,0.00472349,0.00510843,0.00726403,0.00694421,RELIABLE,RELIABLE,RELIABLE,RELIABLE,PARTIAL,PARTIAL,STATIONARY,STATIONARY,STATIONARY,STATIONARY,STATIONARY,STATIONARY,STATIONARY
176179,5155,0.00540391,0.00601369,0.00425158,0.00443864,0.00668880,0.00625752,RELIABLE,RELIABLE,RELIABLE,RELIABLE,PARTIAL,PARTIAL,STATIONARY,STATIONARY,STATIONARY,STATIONARY,STATIONARY,STATIONARY,STATIONARY
176212,5156,0.00504415,0.00726061,0.00457824,0.00373774,0.00513128,0.00442356,RELIABLE,RELIABLE,RELIABLE,RELIABLE,PARTIAL,PARTIAL,STATIONARY,STATIONARY,STATIONARY,STATIONARY,STATIONARY,STATIONARY,STATIONARY
176243,5157,0.00554392,0.00931663,0.00566221,0.00379056,0.00545190,0.00391663,RELIABLE,RELIABLE,RELIABLE,RELIABLE,PARTIAL,PARTIAL,STATIONARY,STATIONARY,STATIONARY,STATIONARY,STATIONARY,STATIONARY,STATIONARY
176292,5158,0.00755873,0.01121630,0.00610720,0.00465810,0.00688781,0.00433076,RELIABLE,RELIABLE,RELIABLE,RELIABLE,PARTIAL,PARTIAL,STATIONARY,STATIONARY,STATIONARY,STATIONARY,STATIONARY,STATIONARY,STATIONARY
176323,5159,0.00798815,0.01273803,0.00649108,0.00505487,0.00577630,0.00457137,RELIABLE,RELIABLE,RELIABLE,RELIABLE,PARTIAL,PARTIAL,STATIONARY,STATIONARY,STATIONARY,STATIONARY,STATIONARY,STATIONARY,STATIONARY
176355,5160,0.00891628,0.01504789,0.00697277,0.00567692,0.00649054,0.00433429,PARTIAL,RELIABLE,RELIABLE,RELIABLE,PARTIAL,PARTIAL,STATIONARY,STATIONARY,STATIONARY,STATIONARY,STATIONARY,STATIONARY,STATIONARY
176387,5161,0.01031615,0.01736282,0.00862161,0.00690698,0.00804366,0.00562106,PARTIAL,RELIABLE,RELIABLE,RELIABLE,PARTIAL,PARTIAL,STATIONARY,MOVING,STATIONARY,STATIONARY,STATIONARY,STATIONARY,MOVING
176420,5162,0.01038586,0.01952278,0.01030854,0.00805407,0.00870755,0.00654028,PARTIAL,RELIABLE,RELIABLE,RELIABLE,PARTIAL,PARTIAL,STATIONARY,MOVING,STATIONARY,STATIONARY,STATIONARY,STATIONARY,MOVING
176452,5163,0.01202415,0.02081238,0.01099691,0.00912262,0.01039728,0.00828738,PARTIAL,RELIABLE,RELIABLE,RELIABLE,PARTIAL,PARTIAL,STATIONARY,MOVING,STATIONARY,STATIONARY,STATIONARY,STATIONARY,MOVING
176484,5164,0.01402816,0.02138112,0.01156439,0.01010222,0.01196168,0.00870514,PARTIAL,RELIABLE,RELIABLE,RELIABLE,PARTIAL,PARTIAL,STATIONARY,MOVING,STATIONARY,STATIONARY,STATIONARY,STATIONARY,MOVING
176515,5165,0.01534772,0.02095766,0.01102251,0.01103140,0.01240447,0.01137276,PARTIAL,RELIABLE,RELIABLE,RELIABLE,PARTIAL,PARTIAL,MOVING,MOVING,STATIONARY,STATIONARY,STATIONARY,STATIONARY,MOVING
176548,5166,0.01531787,0.02102512,0.01101692,0.01132917,0.01121742,0.01163517,PARTIAL,RELIABLE,RELIABLE,RELIABLE,PARTIAL,PARTIAL,MOVING,MOVING,STATIONARY,STATIONARY,STATIONARY,STATIONARY,MOVING
176579,5167,,0.02044334,0.01155864,0.01177828,0.01164690,0.01133385,UNRELIABLE,RELIABLE,RELIABLE,RELIABLE,PARTIAL,PARTIAL,UNCERTAIN,MOVING,STATIONARY,STATIONARY,STATIONARY,STATIONARY,MOVING
176611,5168,0.00000000,0.01866179,0.01154689,0.01203813,0.01199993,0.01185315,PARTIAL,RELIABLE,RELIABLE,RELIABLE,PARTIAL,PARTIAL,STATIONARY,MOVING,STATIONARY,STATIONARY,STATIONARY,STATIONARY,MOVING
181025,5300,,0.00729829,0.00423417,0.00263106,0.00451682,0.00685128,UNRELIABLE,RELIABLE,RELIABLE,RELIABLE,PARTIAL,PARTIAL,UNCERTAIN,STATIONARY,STATIONARY,STATIONARY,STATIONARY,STATIONARY,STATIONARY
181055,5301,,0.00547129,0.00281643,0.00212182,0.00400401,0.00618618,UNRELIABLE,RELIABLE,RELIABLE,RELIABLE,PARTIAL,PARTIAL,UNCERTAIN,STATIONARY,STATIONARY,STATIONARY,STATIONARY,STATIONARY,STATIONARY
181086,5302,,0.00512505,0.00266436,0.00190803,0.00340716,0.00682975,UNRELIABLE,RELIABLE,RELIABLE,RELIABLE,PARTIAL,PARTIAL,UNCERTAIN,STATIONARY,STATIONARY,STATIONARY,STATIONARY,STATIONARY,STATIONARY
181123,5303,,0.00525762,0.00275178,0.00205249,0.00335208,0.00693444,UNRELIABLE,RELIABLE,RELIABLE,RELIABLE,PARTIAL,PARTIAL,UNCERTAIN,STATIONARY,STATIONARY,STATIONARY,STATIONARY,STATIONARY,STATIONARY
181155,5304,,0.00531409,0.00362889,0.00219307,0.00379319,0.00672524,UNRELIABLE,RELIABLE,RELIABLE,RELIABLE,PARTIAL,PARTIAL,UNCERTAIN,STATIONARY,STATIONARY,STATIONARY,STATIONARY,STATIONARY,STATIONARY
181188,5305,,0.00476685,0.00522118,0.00210264,0.00378664,0.00631198,UNRELIABLE,RELIABLE,RELIABLE,RELIABLE,PARTIAL,PARTIAL,UNCERTAIN,STATIONARY,STATIONARY,STATIONARY,STATIONARY,STATIONARY,STATIONARY
181219,5306,,0.00449372,0.00568315,0.00249552,0.00385109,0.00705815,UNRELIABLE,RELIABLE,RELIABLE,RELIABLE,PARTIAL,PARTIAL,UNCERTAIN,STATIONARY,STATIONARY,STATIONARY,STATIONARY,STATIONARY,STATIONARY
181251,5307,,0.00709711,0.00542713,0.00272302,0.00346146,0.00722048,UNRELIABLE,RELIABLE,RELIABLE,RELIABLE,PARTIAL,PARTIAL,UNCERTAIN,STATIONARY,STATIONARY,STATIONARY,STATIONARY,STATIONARY,STATIONARY
181299,5308,,0.00929778,0.00559449,0.00325987,0.00364990,0.00775978,UNRELIABLE,RELIABLE,RELIABLE,RELIABLE,PARTIAL,PARTIAL,UNCERTAIN,STATIONARY,STATIONARY,STATIONARY,STATIONARY,STATIONARY,STATIONARY
181331,5309,,0.01171214,0.00612174,0.00369792,0.00409183,0.00734585,UNRELIABLE,RELIABLE,RELIABLE,RELIABLE,PARTIAL,PARTIAL,UNCERTAIN,STATIONARY,STATIONARY,STATIONARY,STATIONARY,STATIONARY,STATIONARY
181355,5310,,0.01217259,0.00621126,0.00395581,0.00460180,0.00579437,UNRELIABLE,RELIABLE,RELIABLE,RELIABLE,PARTIAL,PARTIAL,UNCERTAIN,STATIONARY,STATIONARY,STATIONARY,STATIONARY,STATIONARY,STATIONARY
181387,5311,,0.01435742,0.00680478,0.00436719,0.00513478,0.00562830,UNRELIABLE,RELIABLE,RELIABLE,RELIABLE,PARTIAL,PARTIAL,UNCERTAIN,STATIONARY,STATIONARY,STATIONARY,STATIONARY,STATIONARY,STATIONARY
181419,5312,,0.01633645,0.00653413,0.00517495,0.00483750,0.00544529,UNRELIABLE,RELIABLE,RELIABLE,RELIABLE,PARTIAL,PARTIAL,UNCERTAIN,MOVING,STATIONARY,STATIONARY,STATIONARY,STATIONARY,MOVING
181451,5313,,0.01821757,0.00526230,0.00602537,0.00533055,0.00589180,UNRELIABLE,RELIABLE,RELIABLE,RELIABLE,PARTIAL,PARTIAL,UNCERTAIN,MOVING,STATIONARY,STATIONARY,STATIONARY,STATIONARY,MOVING
181482,5314,,0.01904136,0.00571960,0.00650966,0.00626080,0.00543987,UNRELIABLE,RELIABLE,RELIABLE,RELIABLE,PARTIAL,PARTIAL,UNCERTAIN,MOVING,STATIONARY,STATIONARY,STATIONARY,STATIONARY,MOVING
181523,5315,,0.01984722,0.00830143,0.00836419,0.00820041,0.00632069,UNRELIABLE,RELIABLE,RELIABLE,RELIABLE,PARTIAL,PARTIAL,UNCERTAIN,MOVING,STATIONARY,STATIONARY,STATIONARY,STATIONARY,MOVING
181555,5316,,0.02074707,0.00913782,0.00944034,0.00910574,0.00643844,UNRELIABLE,RELIABLE,RELIABLE,RELIABLE,PARTIAL,PARTIAL,UNCERTAIN,MOVING,STATIONARY,STATIONARY,STATIONARY,STATIONARY,MOVING
181588,5317,,0.02050248,0.00980505,0.01029825,0.01006305,0.00743614,UNRELIABLE,RELIABLE,RELIABLE,RELIABLE,PARTIAL,PARTIAL,UNCERTAIN,MOVING,STATIONARY,STATIONARY,STATIONARY,STATIONARY,MOVING
181619,5318,,0.02145609,0.01105550,0.01118331,0.01019937,0.00834005,UNRELIABLE,RELIABLE,RELIABLE,RELIABLE,PARTIAL,PARTIAL,UNCERTAIN,MOVING,STATIONARY,STATIONARY,STATIONARY,STATIONARY,MOVING
181651,5319,,0.02063884,0.01164733,0.01161911,0.01021004,0.00861810,UNRELIABLE,RELIABLE,RELIABLE,RELIABLE,PARTIAL,PARTIAL,UNCERTAIN,MOVING,STATIONARY,STATIONARY,STATIONARY,STATIONARY,MOVING
181700,5320,,0.01988255,0.01196825,0.01134738,0.01039462,0.00906082,UNRELIABLE,RELIABLE,RELIABLE,RELIABLE,PARTIAL,PARTIAL,UNCERTAIN,MOVING,STATIONARY,STATIONARY,STATIONARY,STATIONARY,MOVING
181732,5321,,0.01926362,0.01211187,0.01110810,0.01109926,0.00934384,UNRELIABLE,RELIABLE,RELIABLE,RELIABLE,PARTIAL,PARTIAL,UNCERTAIN,MOVING,STATIONARY,STATIONARY,STATIONARY,STATIONARY,MOVING
181750,5322,,0.01722608,0.01142631,0.01000113,0.00973669,0.00884504,UNRELIABLE,RELIABLE,RELIABLE,RELIABLE,PARTIAL,PARTIAL,UNCERTAIN,MOVING,STATIONARY,STATIONARY,STATIONARY,STATIONARY,MOVING
181780,5323,,0.01650623,0.00903117,0.00904453,0.01049180,0.00759963,UNRELIABLE,RELIABLE,RELIABLE,RELIABLE,PARTIAL,PARTIAL,UNCERTAIN,MOVING,STATIONARY,STATIONARY,STATIONARY,STATIONARY,MOVING
181811,5324,,0.01493674,0.00897750,0.00814611,0.00971152,0.00694462,UNRELIABLE,RELIABLE,RELIABLE,RELIABLE,PARTIAL,PARTIAL,UNCERTAIN,MOVING,STATIONARY,STATIONARY,STATIONARY,STATIONARY,MOVING
181842,5325,,0.01353407,0.00902498,0.00750669,0.00915918,0.00551751,UNRELIABLE,RELIABLE,RELIABLE,RELIABLE,PARTIAL,PARTIAL,UNCERTAIN,MOVING,STATIONARY,STATIONARY,STATIONARY,STATIONARY,MOVING
181874,5326,,0.01306075,0.00855742,0.00686713,0.00872759,0.00473836,UNRELIABLE,RELIABLE,RELIABLE,RELIABLE,PARTIAL,PARTIAL,UNCERTAIN,MOVING,STATIONARY,STATIONARY,STATIONARY,STATIONARY,MOVING
181924,5327,,0.01340260,0.00949622,0.00656000,0.00826577,0.00460787,UNRELIABLE,RELIABLE,RELIABLE,RELIABLE,PARTIAL,PARTIAL,UNCERTAIN,MOVING,STATIONARY,STATIONARY,STATIONARY,STATIONARY,MOVING
181956,5328,,0.01181847,0.00924165,0.00611779,0.00797546,0.00457463,UNRELIABLE,RELIABLE,RELIABLE,RELIABLE,PARTIAL,PARTIAL,UNCERTAIN,MOVING,STATIONARY,STATIONARY,STATIONARY,STATIONARY,MOVING
181987,5329,,0.01067726,0.00912247,0.00544482,0.00676009,0.00383521,UNRELIABLE,RELIABLE,RELIABLE,RELIABLE,PARTIAL,PARTIAL,UNCERTAIN,MOVING,STATIONARY,STATIONARY,STATIONARY,STATIONARY,MOVING
182020,5330,,0.01114312,0.00939973,0.00562124,0.00748035,0.00455648,UNRELIABLE,RELIABLE,RELIABLE,RELIABLE,PARTIAL,PARTIAL,UNCERTAIN,MOVING,STATIONARY,STATIONARY,STATIONARY,STATIONARY,MOVING
182067,5331,,0.00866029,0.00921969,0.00459235,0.00528015,0.00425139,UNRELIABLE,RELIABLE,RELIABLE,RELIABLE,PARTIAL,PARTIAL,UNCERTAIN,MOVING,STATIONARY,STATIONARY,STATIONARY,STATIONARY,MOVING
182099,5332,,0.00726226,0.00841508,0.00420449,0.00541751,0.00420580,UNRELIABLE,RELIABLE,RELIABLE,RELIABLE,PARTIAL,PARTIAL,UNCERTAIN,MOVING,STATIONARY,STATIONARY,STATIONARY,STATIONARY,MOVING
182125,5333,,0.00669483,0.00706352,0.00386853,0.00553596,0.00453833,UNRELIABLE,RELIABLE,RELIABLE,RELIABLE,PARTIAL,PARTIAL,UNCERTAIN,MOVING,STATIONARY,STATIONARY,STATIONARY,STATIONARY,MOVING
182157,5334,,0.02263635,0.02273952,0.01006544,0.01119809,0.00949269,UNRELIABLE,RELIABLE,RELIABLE,RELIABLE,PARTIAL,PARTIAL,UNCERTAIN,MOVING,STATIONARY,STATIONARY,STATIONARY,STATIONARY,MOVING
182189,5335,,0.02804402,0.03059275,0.01208445,0.01235960,0.01005669,UNRELIABLE,RELIABLE,RELIABLE,RELIABLE,PARTIAL,PARTIAL,UNCERTAIN,MOVING,STATIONARY,STATIONARY,STATIONARY,STATIONARY,MOVING
182220,5336,,0.05227017,0.05526183,0.02542772,0.01986663,0.01770218,UNRELIABLE,RELIABLE,RELIABLE,RELIABLE,PARTIAL,PARTIAL,UNCERTAIN,MOVING,MOVING,STATIONARY,STATIONARY,STATIONARY,MOVING
182251,5337,,0.05557139,0.05773368,0.02702272,0.02077776,0.01831258,UNRELIABLE,RELIABLE,RELIABLE,RELIABLE,PARTIAL,PARTIAL,UNCERTAIN,MOVING,MOVING,MOVING,MOVING,STATIONARY,MOVING
182282,5338,,0.05793929,0.05988517,0.02773881,0.02073998,0.01837649,UNRELIABLE,RELIABLE,RELIABLE,RELIABLE,PARTIAL,PARTIAL,UNCERTAIN,MOVING,MOVING,MOVING,MOVING,MOVING,MOVING
182324,5339,,0.07035415,0.08154651,0.03250555,0.02261436,0.02057293,UNRELIABLE,RELIABLE,RELIABLE,RELIABLE,PARTIAL,PARTIAL,UNCERTAIN,MOVING,MOVING,MOVING,MOVING,MOVING,MOVING
182356,5340,0.00000000,0.08982285,0.08885481,0.04054541,0.02789034,0.02555589,PARTIAL,RELIABLE,RELIABLE,RELIABLE,PARTIAL,PARTIAL,STATIONARY,MOVING,MOVING,MOVING,MOVING,MOVING,MOVING
182388,5341,0.00579183,0.09246662,0.08993991,0.04258491,0.03067606,0.02708256,PARTIAL,RELIABLE,RELIABLE,RELIABLE,PARTIAL,PARTIAL,STATIONARY,MOVING,MOVING,MOVING,MOVING,MOVING,MOVING
182420,5342,0.00458901,0.07636478,0.07367745,0.03632766,0.02487926,0.02204978,PARTIAL,RELIABLE,RELIABLE,RELIABLE,PARTIAL,PARTIAL,STATIONARY,MOVING,MOVING,MOVING,MOVING,MOVING,MOVING
182467,5343,0.00615184,0.06978990,0.06401414,0.03406530,0.02442268,0.02111467,RELIABLE,RELIABLE,RELIABLE,RELIABLE,PARTIAL,PARTIAL,STATIONARY,MOVING,MOVING,MOVING,MOVING,MOVING,MOVING
182499,5344,0.00592417,0.04654746,0.03909201,0.02114869,0.01766644,0.01313452,RELIABLE,RELIABLE,RELIABLE,RELIABLE,PARTIAL,PARTIAL,STATIONARY,MOVING,MOVING,MOVING,MOVING,MOVING,MOVING
182520,5345,0.00488585,0.04290562,0.03589846,0.01936151,0.01662100,0.01205627,RELIABLE,RELIABLE,RELIABLE,RELIABLE,PARTIAL,PARTIAL,STATIONARY,MOVING,MOVING,MOVING,MOVING,MOVING,MOVING
182551,5346,0.00535618,0.04069032,0.03377669,0.01891648,0.01642436,0.01172725,RELIABLE,RELIABLE,RELIABLE,RELIABLE,PARTIAL,PARTIAL,STATIONARY,MOVING,MOVING,MOVING,MOVING,MOVING,MOVING
182583,5347,0.00520056,0.02924718,0.01196715,0.01451762,0.01455639,0.00973388,RELIABLE,RELIABLE,RELIABLE,RELIABLE,PARTIAL,PARTIAL,STATIONARY,MOVING,MOVING,MOVING,MOVING,MOVING,MOVING
182615,5348,0.00539835,0.01053881,0.00449452,0.00740730,0.01106888,0.00842823,RELIABLE,RELIABLE,RELIABLE,RELIABLE,PARTIAL,PARTIAL,STATIONARY,MOVING,MOVING,MOVING,MOVING,MOVING,MOVING
182646,5349,0.00489631,0.00943065,0.00356856,0.00551565,0.00811095,0.00694736,RELIABLE,RELIABLE,RELIABLE,RELIABLE,PARTIAL,PARTIAL,STATIONARY,MOVING,MOVING,MOVING,MOVING,MOVING,MOVING
182677,5350,0.00483221,0.00992812,0.00355585,0.00592913,0.01044991,0.00829945,RELIABLE,RELIABLE,RELIABLE,RELIABLE,PARTIAL,PARTIAL,STATIONARY,MOVING,MOVING,MOVING,MOVING,MOVING,MOVING
182723,5351,0.00427480,0.01060678,0.00387502,0.00647803,0.01170410,0.00880924,RELIABLE,RELIABLE,RELIABLE,RELIABLE,PARTIAL,PARTIAL,STATIONARY,MOVING,MOVING,MOVING,MOVING,MOVING,MOVING
182756,5352,0.00413651,0.00953352,0.00381775,0.00607451,0.01078131,0.00863818,RELIABLE,RELIABLE,RELIABLE,RELIABLE,PARTIAL,PARTIAL,STATIONARY,MOVING,MOVING,MOVING,MOVING,MOVING,MOVING
182788,5353,0.00451936,0.00997681,0.00427101,0.00637745,0.01122160,0.00869024,RELIABLE,RELIABLE,RELIABLE,RELIABLE,PARTIAL,PARTIAL,STATIONARY,MOVING,MOVING,MOVING,MOVING,MOVING,MOVING
182836,5354,0.00384127,0.00972433,0.00409475,0.00622258,0.01096001,0.00824055,RELIABLE,RELIABLE,RELIABLE,RELIABLE,PARTIAL,PARTIAL,STATIONARY,MOVING,MOVING,MOVING,MOVING,MOVING,MOVING
182868,5355,0.00369093,0.00910692,0.00415286,0.00589898,0.01062636,0.00800192,RELIABLE,RELIABLE,RELIABLE,RELIABLE,PARTIAL,PARTIAL,STATIONARY,MOVING,STATIONARY,MOVING,MOVING,MOVING,MOVING
182899,5356,0.00307841,0.00821595,0.00397235,0.00486942,0.00825908,0.00427556,RELIABLE,RELIABLE,RELIABLE,RELIABLE,PARTIAL,PARTIAL,STATIONARY,MOVING,STATIONARY,MOVING,MOVING,MOVING,MOVING
182931,5357,0.00311214,0.00622290,0.00396974,0.00462481,0.00772873,0.00385272,RELIABLE,RELIABLE,RELIABLE,RELIABLE,PARTIAL,PARTIAL,STATIONARY,MOVING,STATIONARY,MOVING,MOVING,MOVING,MOVING
182961,5358,0.00310072,0.00500010,0.00385163,0.00388735,0.00526890,0.00233910,RELIABLE,RELIABLE,RELIABLE,RELIABLE,PARTIAL,PARTIAL,STATIONARY,MOVING,STATIONARY,MOVING,MOVING,MOVING,MOVING
182993,5359,0.00273173,0.00345454,0.00327586,0.00299889,0.00319520,0.00167804,RELIABLE,RELIABLE,RELIABLE,RELIABLE,PARTIAL,PARTIAL,STATIONARY,MOVING,STATIONARY,MOVING,MOVING,MOVING,MOVING
183025,5360,0.00234667,0.00303449,0.00297534,0.00322499,0.00394235,0.00293268,RELIABLE,RELIABLE,RELIABLE,RELIABLE,PARTIAL,PARTIAL,STATIONARY,MOVING,STATIONARY,MOVING,MOVING,MOVING,MOVING
183057,5361,0.00209295,0.00249318,0.00259404,0.00300953,0.00333991,0.00297713,RELIABLE,RELIABLE,RELIABLE,RELIABLE,PARTIAL,PARTIAL,STATIONARY,MOVING,STATIONARY,MOVING,MOVING,MOVING,MOVING
183089,5362,0.00199315,0.00201745,0.00230507,0.00281428,0.00324183,0.00347010,RELIABLE,RELIABLE,RELIABLE,RELIABLE,PARTIAL,PARTIAL,STATIONARY,MOVING,STATIONARY,STATIONARY,MOVING,MOVING,MOVING
183123,5363,0.00177677,0.00131881,0.00203620,0.00269663,0.00367726,0.00419624,RELIABLE,RELIABLE,RELIABLE,RELIABLE,PARTIAL,PARTIAL,STATIONARY,MOVING,STATIONARY,STATIONARY,MOVING,STATIONARY,MOVING
183155,5364,0.00163542,0.00115719,0.00178642,0.00247983,0.00363032,0.00415506,RELIABLE,RELIABLE,RELIABLE,RELIABLE,PARTIAL,PARTIAL,STATIONARY,MOVING,STATIONARY,STATIONARY,MOVING,STATIONARY,MOVING
183187,5365,0.00159551,0.00114441,0.00155093,0.00221946,0.00344698,0.00408118,RELIABLE,RELIABLE,RELIABLE,RELIABLE,PARTIAL,PARTIAL,STATIONARY,STATIONARY,STATIONARY,STATIONARY,STATIONARY,STATIONARY,STATIONARY
183236,5366,0.00131534,0.00116160,0.00117025,0.00211286,0.00336918,0.00396978,RELIABLE,RELIABLE,RELIABLE,RELIABLE,PARTIAL,PARTIAL,STATIONARY,STATIONARY,STATIONARY,STATIONARY,STATIONARY,STATIONARY,STATIONARY
183268,5367,0.00112361,0.00107170,0.00092479,0.00184596,0.00323295,0.00378445,RELIABLE,RELIABLE,RELIABLE,RELIABLE,PARTIAL,PARTIAL,STATIONARY,STATIONARY,STATIONARY,STATIONARY,STATIONARY,STATIONARY,STATIONARY
183293,5368,0.00103318,0.00101449,0.00080098,0.00121476,0.00220780,0.00243555,RELIABLE,RELIABLE,RELIABLE,RELIABLE,PARTIAL,PARTIAL,STATIONARY,STATIONARY,STATIONARY,STATIONARY,STATIONARY,STATIONARY,STATIONARY
183325,5369,0.00088135,0.00083539,0.00061996,0.00102180,0.00216123,0.00227896,RELIABLE,RELIABLE,RELIABLE,RELIABLE,PARTIAL,PARTIAL,STATIONARY,STATIONARY,STATIONARY,STATIONARY,STATIONARY,STATIONARY,STATIONARY
183357,5370,0.00073307,0.00081627,0.00052850,0.00086185,0.00188119,0.00174307,RELIABLE,RELIABLE,RELIABLE,RELIABLE,PARTIAL,PARTIAL,STATIONARY,STATIONARY,STATIONARY,STATIONARY,STATIONARY,STATIONARY,STATIONARY
183388,5371,0.00057664,0.00072602,0.00047441,0.00066153,0.00109548,0.00110327,RELIABLE,RELIABLE,RELIABLE,RELIABLE,PARTIAL,PARTIAL,STATIONARY,STATIONARY,STATIONARY,STATIONARY,STATIONARY,STATIONARY,STATIONARY
183420,5372,0.00051526,0.00072570,0.00049586,0.00057467,0.00091831,0.00090060,RELIABLE,RELIABLE,RELIABLE,RELIABLE,PARTIAL,PARTIAL,STATIONARY,STATIONARY,STATIONARY,STATIONARY,STATIONARY,STATIONARY,STATIONARY
183452,5373,0.00030954,0.00079132,0.00049294,0.00063448,0.00133758,0.00110792,RELIABLE,RELIABLE,RELIABLE,RELIABLE,PARTIAL,PARTIAL,STATIONARY,STATIONARY,STATIONARY,STATIONARY,STATIONARY,STATIONARY,STATIONARY
183483,5374,0.00027154,0.00061750,0.00072928,0.00051276,0.00140029,0.00117233,RELIABLE,RELIABLE,RELIABLE,RELIABLE,PARTIAL,PARTIAL,STATIONARY,STATIONARY,STATIONARY,STATIONARY,STATIONARY,STATIONARY,STATIONARY
183524,5375,0.00026533,0.00067279,0.00080145,0.00055387,0.00150913,0.00115227,RELIABLE,RELIABLE,RELIABLE,RELIABLE,PARTIAL,PARTIAL,STATIONARY,STATIONARY,STATIONARY,STATIONARY,STATIONARY,STATIONARY,STATIONARY
183555,5376,0.00023965,0.00071206,0.00089094,0.00047566,0.00131468,0.00087592,RELIABLE,RELIABLE,RELIABLE,RELIABLE,PARTIAL,PARTIAL,STATIONARY,STATIONARY,STATIONARY,STATIONARY,STATIONARY,STATIONARY,STATIONARY
183604,5377,0.00018841,0.00075842,0.00099580,0.00053871,0.00132788,0.00087033,RELIABLE,RELIABLE,RELIABLE,RELIABLE,PARTIAL,PARTIAL,STATIONARY,STATIONARY,STATIONARY,STATIONARY,STATIONARY,STATIONARY,STATIONARY
183635,5378,0.00017834,0.00071132,0.00130971,0.00054136,0.00142175,0.00085401,RELIABLE,RELIABLE,RELIABLE,RELIABLE,PARTIAL,PARTIAL,STATIONARY,STATIONARY,STATIONARY,STATIONARY,STATIONARY,STATIONARY,STATIONARY
183659,5379,0.00023420,0.00067177,0.00128448,0.00046849,0.00133306,0.00072665,RELIABLE,RELIABLE,RELIABLE,RELIABLE,PARTIAL,PARTIAL,STATIONARY,STATIONARY,STATIONARY,STATIONARY,STATIONARY,STATIONARY,STATIONARY
183691,5380,0.00024662,0.00058219,0.00135317,0.00058261,0.00142274,0.00086588,RELIABLE,RELIABLE,RELIABLE,RELIABLE,PARTIAL,PARTIAL,STATIONARY,STATIONARY,STATIONARY,STATIONARY,STATIONARY,STATIONARY,STATIONARY
183723,5381,0.00035353,0.00046987,0.00133870,0.00048899,0.00110988,0.00069148,RELIABLE,RELIABLE,RELIABLE,RELIABLE,PARTIAL,PARTIAL,STATIONARY,STATIONARY,STATIONARY,STATIONARY,STATIONARY,STATIONARY,STATIONARY
183755,5382,0.00037427,0.00048789,0.00127070,0.00051733,0.00115754,0.00055252,RELIABLE,RELIABLE,RELIABLE,RELIABLE,PARTIAL,PARTIAL,STATIONARY,STATIONARY,STATIONARY,STATIONARY,STATIONARY,STATIONARY,STATIONARY
183787,5383,0.00038369,0.00040642,0.00132030,0.00073037,0.00156611,0.00119181,RELIABLE,RELIABLE,RELIABLE,RELIABLE,PARTIAL,PARTIAL,STATIONARY,STATIONARY,STATIONARY,STATIONARY,STATIONARY,STATIONARY,STATIONARY
183819,5384,0.00054759,0.00035339,0.00135657,0.00079376,0.00153839,0.00122330,RELIABLE,RELIABLE,RELIABLE,RELIABLE,PARTIAL,PARTIAL,STATIONARY,STATIONARY,STATIONARY,STATIONARY,STATIONARY,STATIONARY,STATIONARY
183851,5385,0.00071293,0.00050883,0.00144956,0.00089495,0.00154155,0.00136507,RELIABLE,RELIABLE,RELIABLE,RELIABLE,PARTIAL,PARTIAL,STATIONARY,STATIONARY,STATIONARY,STATIONARY,STATIONARY,STATIONARY,STATIONARY
183883,5386,0.00086415,0.00063115,0.00128102,0.00117752,0.00181004,0.00163208,RELIABLE,RELIABLE,RELIABLE,RELIABLE,PARTIAL,PARTIAL,STATIONARY,STATIONARY,STATIONARY,STATIONARY,STATIONARY,STATIONARY,STATIONARY
183924,5387,0.00115987,0.00110760,0.00163334,0.00154359,0.00212130,0.00228673,RELIABLE,RELIABLE,RELIABLE,RELIABLE,PARTIAL,PARTIAL,STATIONARY,STATIONARY,STATIONARY,STATIONARY,STATIONARY,STATIONARY,STATIONARY
183955,5388,0.00151068,0.00139176,0.00200027,0.00179341,0.00220332,0.00236575,RELIABLE,RELIABLE,RELIABLE,RELIABLE,PARTIAL,PARTIAL,STATIONARY,STATIONARY,STATIONARY,STATIONARY,STATIONARY,STATIONARY,STATIONARY
184003,5389,0.00175770,0.00194627,0.00254315,0.00216340,0.00237598,0.00298027,RELIABLE,RELIABLE,RELIABLE,RELIABLE,PARTIAL,PARTIAL,STATIONARY,STATIONARY,STATIONARY,STATIONARY,STATIONARY,STATIONARY,STATIONARY
184035,5390,0.00198313,0.00222498,0.00288778,0.00245006,0.00246458,0.00320106,RELIABLE,RELIABLE,RELIABLE,RELIABLE,PARTIAL,PARTIAL,STATIONARY,STATIONARY,STATIONARY,STATIONARY,STATIONARY,STATIONARY,STATIONARY
184057,5391,0.00205036,0.00229547,0.00285745,0.00229449,0.00220762,0.00284547,RELIABLE,RELIABLE,RELIABLE,RELIABLE,PARTIAL,PARTIAL,STATIONARY,STATIONARY,STATIONARY,STATIONARY,STATIONARY,STATIONARY,STATIONARY
184089,5392,0.00226348,0.00256447,0.00310052,0.00251094,0.00305914,0.00297378,RELIABLE,RELIABLE,RELIABLE,RELIABLE,PARTIAL,PARTIAL,STATIONARY,STATIONARY,STATIONARY,STATIONARY,STATIONARY,STATIONARY,STATIONARY
184122,5393,0.00236079,0.00257810,0.00331310,0.00264596,0.00378841,0.00334875,RELIABLE,RELIABLE,RELIABLE,RELIABLE,PARTIAL,PARTIAL,STATIONARY,STATIONARY,STATIONARY,STATIONARY,STATIONARY,STATIONARY,STATIONARY
184153,5394,0.00267601,0.00281298,0.00364262,0.00294213,0.00499232,0.00390681,RELIABLE,RELIABLE,RELIABLE,RELIABLE,PARTIAL,PARTIAL,STATIONARY,STATIONARY,STATIONARY,STATIONARY,STATIONARY,STATIONARY,STATIONARY
184184,5395,0.00273148,0.00269897,0.00389315,0.00339901,0.00683873,0.00423018,RELIABLE,RELIABLE,RELIABLE,RELIABLE,PARTIAL,PARTIAL,STATIONARY,STATIONARY,STATIONARY,STATIONARY,STATIONARY,STATIONARY,STATIONARY
184215,5396,0.00239944,0.00313616,0.00415428,0.00350957,0.00919179,0.00427921,RELIABLE,RELIABLE,RELIABLE,RELIABLE,PARTIAL,PARTIAL,STATIONARY,STATIONARY,STATIONARY,STATIONARY,STATIONARY,STATIONARY,STATIONARY
184246,5397,0.00223981,0.00283354,0.00428804,0.00345393,0.01137478,0.00418881,RELIABLE,RELIABLE,RELIABLE,RELIABLE,PARTIAL,PARTIAL,STATIONARY,STATIONARY,STATIONARY,STATIONARY,STATIONARY,STATIONARY,STATIONARY
184278,5398,0.00232640,0.00332489,0.00435179,0.00378795,0.01430679,0.00433620,RELIABLE,RELIABLE,RELIABLE,RELIABLE,PARTIAL,PARTIAL,STATIONARY,STATIONARY,STATIONARY,STATIONARY,STATIONARY,STATIONARY,STATIONARY
184324,5399,0.00285484,0.00380985,0.00574185,0.00464846,0.02101672,0.00444836,RELIABLE,RELIABLE,RELIABLE,RELIABLE,RELIABLE,PARTIAL,STATIONARY,STATIONARY,STATIONARY,STATIONARY,STATIONARY,STATIONARY,STATIONARY
184358,5400,0.00258966,0.00432799,0.00626334,0.00483258,0.02480706,0.00547275,RELIABLE,RELIABLE,RELIABLE,RELIABLE,RELIABLE,PARTIAL,STATIONARY,STATIONARY,STATIONARY,STATIONARY,MOVING,STATIONARY,MOVING
184404,5401,0.00241267,0.00493748,0.00670620,0.00529598,0.02694417,0.00563697,RELIABLE,RELIABLE,RELIABLE,RELIABLE,RELIABLE,PARTIAL,STATIONARY,STATIONARY,STATIONARY,STATIONARY,MOVING,STATIONARY,MOVING
184437,5402,0.00197525,0.00492286,0.00637129,0.00484323,0.02624947,0.00491037,RELIABLE,RELIABLE,RELIABLE,RELIABLE,RELIABLE,PARTIAL,STATIONARY,STATIONARY,STATIONARY,STATIONARY,MOVING,STATIONARY,MOVING
184469,5403,0.00177402,0.00541954,0.00606020,0.00420437,0.02650247,0.00451075,RELIABLE,RELIABLE,RELIABLE,RELIABLE,RELIABLE,PARTIAL,STATIONARY,STATIONARY,STATIONARY,STATIONARY,MOVING,STATIONARY,MOVING
184501,5404,0.00175824,0.00534450,0.00590460,0.00393954,0.02660058,0.00510055,RELIABLE,RELIABLE,RELIABLE,RELIABLE,RELIABLE,PARTIAL,STATIONARY,STATIONARY,STATIONARY,STATIONARY,MOVING,STATIONARY,MOVING
184532,5405,0.00169230,0.00625085,0.00553398,0.00367306,0.02600413,0.00548322,RELIABLE,RELIABLE,RELIABLE,RELIABLE,RELIABLE,PARTIAL,STATIONARY,STATIONARY,STATIONARY,STATIONARY,MOVING,STATIONARY,MOVING
184563,5406,0.00190923,0.00655993,0.00518981,0.00320533,0.02444057,0.00611537,RELIABLE,RELIABLE,RELIABLE,RELIABLE,RELIABLE,PARTIAL,STATIONARY,STATIONARY,STATIONARY,STATIONARY,MOVING,STATIONARY,MOVING
184596,5407,0.00132877,0.00679825,0.00399807,0.00246888,0.01918792,0.00659977,RELIABLE,RELIABLE,RELIABLE,RELIABLE,RELIABLE,PARTIAL,STATIONARY,STATIONARY,STATIONARY,STATIONARY,MOVING,STATIONARY,MOVING
184627,5408,0.00135344,0.00644571,0.00326087,0.00251175,0.01553192,0.00597181,RELIABLE,RELIABLE,RELIABLE,RELIABLE,RELIABLE,PARTIAL,STATIONARY,STATIONARY,STATIONARY,STATIONARY,MOVING,STATIONARY,MOVING
184658,5409,0.00129545,0.00590675,0.00251260,0.00196546,0.01310406,0.00557465,RELIABLE,RELIABLE,RELIABLE,RELIABLE,RELIABLE,PARTIAL,STATIONARY,STATIONARY,STATIONARY,STATIONARY,MOVING,STATIONARY,MOVING
184690,5410,0.00194754,0.00576337,0.00268655,0.00204225,0.01259306,0.00555538,RELIABLE,RELIABLE,PARTIAL,RELIABLE,RELIABLE,PARTIAL,STATIONARY,STATIONARY,STATIONARY,STATIONARY,MOVING,STATIONARY,MOVING
184723,5411,0.00183415,0.00566158,0.00249563,0.00200926,0.01170820,0.00555856,RELIABLE,RELIABLE,PARTIAL,RELIABLE,RELIABLE,PARTIAL,STATIONARY,STATIONARY,STATIONARY,STATIONARY,MOVING,STATIONARY,MOVING
184772,5412,0.00185172,0.00591593,0.00219290,0.00200182,0.01060643,0.00525785,RELIABLE,RELIABLE,PARTIAL,RELIABLE,RELIABLE,PARTIAL,STATIONARY,STATIONARY,STATIONARY,STATIONARY,MOVING,STATIONARY,MOVING
184803,5413,0.00184000,0.00553344,0.00215057,0.00206329,0.00981503,0.00456828,RELIABLE,RELIABLE,PARTIAL,RELIABLE,RELIABLE,PARTIAL,STATIONARY,STATIONARY,STATIONARY,STATIONARY,MOVING,STATIONARY,MOVING
184832,5414,0.00135028,0.00515734,0.00195504,0.00197715,0.00864452,0.00372926,RELIABLE,RELIABLE,PARTIAL,RELIABLE,RELIABLE,PARTIAL,STATIONARY,STATIONARY,STATIONARY,STATIONARY,MOVING,STATIONARY,MOVING
184863,5415,0.00131699,0.00475994,0.00170378,0.00181373,0.00911890,0.00351015,RELIABLE,RELIABLE,PARTIAL,RELIABLE,RELIABLE,PARTIAL,STATIONARY,STATIONARY,STATIONARY,STATIONARY,MOVING,STATIONARY,MOVING
184895,5416,0.00132908,0.00451012,0.00165587,0.00139203,0.01142655,0.00309748,RELIABLE,RELIABLE,PARTIAL,RELIABLE,RELIABLE,PARTIAL,STATIONARY,STATIONARY,STATIONARY,STATIONARY,MOVING,STATIONARY,MOVING
184927,5417,0.00133368,0.00612871,0.00159992,0.00122146,0.01360357,0.00368441,RELIABLE,RELIABLE,PARTIAL,RELIABLE,RELIABLE,PARTIAL,STATIONARY,STATIONARY,STATIONARY,STATIONARY,MOVING,STATIONARY,MOVING
184959,5418,0.00069943,0.00728000,0.00132448,0.00118817,0.01610465,0.00444113,RELIABLE,RELIABLE,PARTIAL,RELIABLE,RELIABLE,PARTIAL,STATIONARY,STATIONARY,STATIONARY,STATIONARY,MOVING,STATIONARY,MOVING
184991,5419,0.00062950,0.00672955,0.00127442,0.00115470,0.01580223,0.00398697,RELIABLE,RELIABLE,PARTIAL,RELIABLE,RELIABLE,PARTIAL,STATIONARY,STATIONARY,STATIONARY,STATIONARY,MOVING,STATIONARY,MOVING
185024,5420,0.00091768,0.00628908,0.00130278,0.00122097,0.01658061,0.00464356,RELIABLE,RELIABLE,PARTIAL,RELIABLE,RELIABLE,PARTIAL,STATIONARY,STATIONARY,STATIONARY,STATIONARY,MOVING,STATIONARY,MOVING
185054,5421,0.00093073,0.00573818,0.00120784,0.00123262,0.01813108,0.00457318,RELIABLE,RELIABLE,PARTIAL,RELIABLE,RELIABLE,PARTIAL,STATIONARY,STATIONARY,STATIONARY,STATIONARY,MOVING,STATIONARY,MOVING
185084,5422,0.00095775,0.00535337,0.00121677,0.00136059,0.02019266,0.00544254,RELIABLE,RELIABLE,PARTIAL,RELIABLE,PARTIAL,PARTIAL,STATIONARY,STATIONARY,STATIONARY,STATIONARY,MOVING,STATIONARY,MOVING
185123,5423,0.00197315,0.00518440,0.00131079,0.00163034,0.02171097,0.00519219,RELIABLE,RELIABLE,PARTIAL,RELIABLE,PARTIAL,PARTIAL,STATIONARY,STATIONARY,STATIONARY,STATIONARY,MOVING,STATIONARY,MOVING
185172,5424,0.00192093,0.00516499,0.00122201,0.00178116,0.02002064,0.00556192,RELIABLE,RELIABLE,PARTIAL,RELIABLE,PARTIAL,PARTIAL,STATIONARY,STATIONARY,STATIONARY,STATIONARY,MOVING,STATIONARY,MOVING
185196,5425,0.00208261,0.00327002,0.00126468,0.00183599,0.01769485,0.00472561,RELIABLE,RELIABLE,PARTIAL,RELIABLE,PARTIAL,PARTIAL,STATIONARY,STATIONARY,STATIONARY,STATIONARY,MOVING,STATIONARY,MOVING
185228,5426,0.00218848,0.00204493,0.00114439,0.00175601,0.01538866,0.00439008,RELIABLE,RELIABLE,PARTIAL,RELIABLE,PARTIAL,PARTIAL,STATIONARY,STATIONARY,STATIONARY,STATIONARY,MOVING,STATIONARY,MOVING
185259,5427,0.00223502,0.00197886,0.00107723,0.00182282,0.01563869,0.00448752,RELIABLE,RELIABLE,PARTIAL,RELIABLE,PARTIAL,PARTIAL,STATIONARY,STATIONARY,STATIONARY,STATIONARY,MOVING,STATIONARY,MOVING
185291,5428,0.00193889,0.00185088,0.00094725,0.00170402,0.01433946,0.00332247,RELIABLE,RELIABLE,PARTIAL,RELIABLE,PARTIAL,PARTIAL,STATIONARY,STATIONARY,STATIONARY,STATIONARY,MOVING,STATIONARY,MOVING
185323,5429,0.00186734,0.00163577,0.00098296,0.00185160,0.01223734,0.00388442,RELIABLE,RELIABLE,RELIABLE,RELIABLE,PARTIAL,PARTIAL,STATIONARY,STATIONARY,STATIONARY,STATIONARY,MOVING,STATIONARY,MOVING
185355,5430,0.00179784,0.00151263,0.00103074,0.00178040,0.01008464,0.00294804,RELIABLE,RELIABLE,RELIABLE,RELIABLE,PARTIAL,PARTIAL,STATIONARY,STATIONARY,STATIONARY,STATIONARY,MOVING,STATIONARY,MOVING
185386,5431,0.00081764,0.00144892,0.00138256,0.00148865,0.00657332,0.00253182,RELIABLE,RELIABLE,RELIABLE,RELIABLE,PARTIAL,PARTIAL,STATIONARY,STATIONARY,STATIONARY,STATIONARY,MOVING,STATIONARY,MOVING
185418,5432,0.00079635,0.00130742,0.00140099,0.00127656,0.00543943,0.00216182,RELIABLE,RELIABLE,RELIABLE,RELIABLE,PARTIAL,PARTIAL,STATIONARY,STATIONARY,STATIONARY,STATIONARY,MOVING,STATIONARY,MOVING
185450,5433,0.00067570,0.00137279,0.00158242,0.00121851,0.00550049,0.00233853,RELIABLE,RELIABLE,RELIABLE,RELIABLE,PARTIAL,PARTIAL,STATIONARY,STATIONARY,STATIONARY,STATIONARY,MOVING,STATIONARY,MOVING
185482,5434,0.00066528,0.00129546,0.00164407,0.00120666,0.00610542,0.00215158,RELIABLE,RELIABLE,RELIABLE,RELIABLE,PARTIAL,PARTIAL,STATIONARY,STATIONARY,STATIONARY,STATIONARY,MOVING,STATIONARY,MOVING
185540,5435,0.00068635,0.00200167,0.00178974,0.00152961,0.00932946,0.00213350,RELIABLE,RELIABLE,RELIABLE,RELIABLE,PARTIAL,PARTIAL,STATIONARY,STATIONARY,STATIONARY,STATIONARY,MOVING,STATIONARY,MOVING
185572,5436,0.00068336,0.00178498,0.00166072,0.00149818,0.01098638,0.00210148,RELIABLE,RELIABLE,RELIABLE,RELIABLE,PARTIAL,PARTIAL,STATIONARY,STATIONARY,STATIONARY,STATIONARY,MOVING,STATIONARY,MOVING
185592,5437,0.00073295,0.00176145,0.00152631,0.00126277,0.01098422,0.00194060,RELIABLE,RELIABLE,RELIABLE,RELIABLE,RELIABLE,PARTIAL,STATIONARY,STATIONARY,STATIONARY,STATIONARY,MOVING,STATIONARY,MOVING
185623,5438,0.00073808,0.00156407,0.00153232,0.00119480,0.01262978,0.00260819,RELIABLE,RELIABLE,RELIABLE,RELIABLE,RELIABLE,PARTIAL,STATIONARY,STATIONARY,STATIONARY,STATIONARY,MOVING,STATIONARY,MOVING
185654,5439,0.00094205,0.00155710,0.00145442,0.00132454,0.01442634,0.00280860,RELIABLE,RELIABLE,RELIABLE,RELIABLE,RELIABLE,PARTIAL,STATIONARY,STATIONARY,STATIONARY,STATIONARY,MOVING,STATIONARY,MOVING
185684,5440,0.00102686,0.00189372,0.00146790,0.00152306,0.01657953,0.00264481,RELIABLE,RELIABLE,RELIABLE,RELIABLE,RELIABLE,PARTIAL,STATIONARY,STATIONARY,STATIONARY,STATIONARY,MOVING,STATIONARY,MOVING
185716,5441,0.00106433,0.00256535,0.00136863,0.00165179,0.01890007,0.00350141,RELIABLE,RELIABLE,RELIABLE,RELIABLE,RELIABLE,PARTIAL,STATIONARY,STATIONARY,STATIONARY,STATIONARY,MOVING,STATIONARY,MOVING
185747,5442,0.00099277,0.00265844,0.00139254,0.00179345,0.01973825,0.00398478,RELIABLE,RELIABLE,RELIABLE,RELIABLE,RELIABLE,PARTIAL,STATIONARY,STATIONARY,STATIONARY,STATIONARY,MOVING,STATIONARY,MOVING
185778,5443,0.00090599,0.00263039,0.00141849,0.00152524,0.01804277,0.00414739,RELIABLE,RELIABLE,RELIABLE,RELIABLE,RELIABLE,PARTIAL,STATIONARY,STATIONARY,STATIONARY,STATIONARY,MOVING,STATIONARY,MOVING
185809,5444,0.00094484,0.00382114,0.00162154,0.00162090,0.01774834,0.00525230,RELIABLE,RELIABLE,RELIABLE,RELIABLE,RELIABLE,PARTIAL,STATIONARY,STATIONARY,STATIONARY,STATIONARY,MOVING,STATIONARY,MOVING
185841,5445,0.00100819,0.00409241,0.00180911,0.00178703,0.01863144,0.00506883,RELIABLE,RELIABLE,RELIABLE,RELIABLE,RELIABLE,PARTIAL,STATIONARY,STATIONARY,STATIONARY,STATIONARY,MOVING,STATIONARY,MOVING
185873,5446,0.00118423,0.00425504,0.00178112,0.00181278,0.01731663,0.00447224,RELIABLE,RELIABLE,PARTIAL,RELIABLE,RELIABLE,PARTIAL,STATIONARY,STATIONARY,STATIONARY,STATIONARY,MOVING,STATIONARY,MOVING
185940,5447,0.00107441,0.00469661,0.00159411,0.00192492,0.01692002,0.00486027,RELIABLE,RELIABLE,PARTIAL,RELIABLE,RELIABLE,PARTIAL,STATIONARY,STATIONARY,STATIONARY,STATIONARY,MOVING,STATIONARY,MOVING
185967,5448,0.00134366,0.00506562,0.00158744,0.00177035,0.01515674,0.00522578,RELIABLE,RELIABLE,PARTIAL,RELIABLE,RELIABLE,PARTIAL,STATIONARY,STATIONARY,STATIONARY,STATIONARY,MOVING,STATIONARY,MOVING
185999,5449,0.00127214,0.00553161,0.00146100,0.00170099,0.01294650,0.00468774,RELIABLE,RELIABLE,PARTIAL,RELIABLE,RELIABLE,PARTIAL,STATIONARY,STATIONARY,STATIONARY,STATIONARY,MOVING,STATIONARY,MOVING
186031,5450,0.00169979,0.00601385,0.00155285,0.00164087,0.01162765,0.00463332,RELIABLE,RELIABLE,PARTIAL,RELIABLE,RELIABLE,PARTIAL,STATIONARY,STATIONARY,STATIONARY,STATIONARY,MOVING,STATIONARY,MOVING
186063,5451,0.00213296,0.00545679,0.00177258,0.00164274,0.00922973,0.00451500,RELIABLE,RELIABLE,PARTIAL,RELIABLE,RELIABLE,PARTIAL,STATIONARY,STATIONARY,STATIONARY,STATIONARY,MOVING,STATIONARY,MOVING
186094,5452,0.00206744,0.00429216,0.00148281,0.00162458,0.00766669,0.00372098,RELIABLE,RELIABLE,PARTIAL,RELIABLE,RELIABLE,PARTIAL,STATIONARY,STATIONARY,STATIONARY,STATIONARY,MOVING,STATIONARY,MOVING
186125,5453,0.00194734,0.00407063,0.00124270,0.00143339,0.00672958,0.00331413,RELIABLE,PARTIAL,PARTIAL,RELIABLE,RELIABLE,PARTIAL,STATIONARY,STATIONARY,STATIONARY,STATIONARY,MOVING,STATIONARY,MOVING
186157,5454,0.00209100,0.00453960,0.00130026,0.00146784,0.00634248,0.00394341,RELIABLE,PARTIAL,PARTIAL,RELIABLE,RELIABLE,PARTIAL,STATIONARY,STATIONARY,STATIONARY,STATIONARY,MOVING,STATIONARY,MOVING
186188,5455,0.00223237,0.00418247,0.00113819,0.00128529,0.00486086,0.00393421,RELIABLE,PARTIAL,PARTIAL,RELIABLE,RELIABLE,PARTIAL,STATIONARY,STATIONARY,STATIONARY,STATIONARY,MOVING,STATIONARY,MOVING
186220,5456,0.00204288,0.00365714,0.00128771,0.00137077,0.00419344,0.00378020,RELIABLE,PARTIAL,PARTIAL,RELIABLE,RELIABLE,PARTIAL,STATIONARY,STATIONARY,STATIONARY,STATIONARY,MOVING,STATIONARY,MOVING
186252,5457,0.00228312,0.00273380,0.00153087,0.00137066,0.00408968,0.00374093,RELIABLE,PARTIAL,PARTIAL,RELIABLE,RELIABLE,PARTIAL,STATIONARY,STATIONARY,STATIONARY,STATIONARY,MOVING,STATIONARY,MOVING
186284,5458,0.00180353,,0.00159826,0.00134959,0.00382390,0.00325589,RELIABLE,UNRELIABLE,PARTIAL,RELIABLE,RELIABLE,PARTIAL,STATIONARY,UNCERTAIN,STATIONARY,STATIONARY,MOVING,STATIONARY,MOVING
186340,5459,0.00157173,,0.00132622,0.00134650,0.00465021,0.00383986,RELIABLE,UNRELIABLE,PARTIAL,RELIABLE,RELIABLE,PARTIAL,STATIONARY,UNCERTAIN,STATIONARY,STATIONARY,MOVING,STATIONARY,MOVING
186363,5460,0.00190947,,0.00141591,0.00137586,0.00489249,0.00461024,RELIABLE,UNRELIABLE,RELIABLE,RELIABLE,RELIABLE,PARTIAL,STATIONARY,UNCERTAIN,STATIONARY,STATIONARY,MOVING,STATIONARY,MOVING
186395,5461,0.00198178,,0.00142424,0.00142072,0.00462140,0.00471535,RELIABLE,UNRELIABLE,RELIABLE,RELIABLE,RELIABLE,PARTIAL,STATIONARY,UNCERTAIN,STATIONARY,STATIONARY,MOVING,STATIONARY,MOVING
186427,5462,0.00163429,,0.00137463,0.00142329,0.00538607,0.00410727,RELIABLE,UNRELIABLE,RELIABLE,RELIABLE,RELIABLE,PARTIAL,STATIONARY,UNCERTAIN,STATIONARY,STATIONARY,STATIONARY,STATIONARY,STATIONARY
186460,5463,0.00143991,,0.00139949,0.00142209,0.00631141,0.00402248,RELIABLE,UNRELIABLE,RELIABLE,RELIABLE,RELIABLE,PARTIAL,STATIONARY,UNCERTAIN,STATIONARY,STATIONARY,STATIONARY,STATIONARY,STATIONARY
186491,5464,0.00136865,,0.00141520,0.00141082,0.00734899,0.00397181,RELIABLE,UNRELIABLE,RELIABLE,RELIABLE,RELIABLE,PARTIAL,STATIONARY,UNCERTAIN,STATIONARY,STATIONARY,STATIONARY,STATIONARY,STATIONARY
186521,5465,0.00136360,,0.00127325,0.00145587,0.00723865,0.00400328,RELIABLE,UNRELIABLE,RELIABLE,RELIABLE,RELIABLE,PARTIAL,STATIONARY,UNCERTAIN,STATIONARY,STATIONARY,STATIONARY,STATIONARY,STATIONARY
186553,5466,0.00170065,,0.00119232,0.00142319,0.00758693,0.00401785,RELIABLE,UNRELIABLE,RELIABLE,RELIABLE,RELIABLE,PARTIAL,STATIONARY,UNCERTAIN,STATIONARY,STATIONARY,STATIONARY,STATIONARY,STATIONARY
186584,5467,0.00165831,,0.00122326,0.00124432,0.00655151,0.00329539,RELIABLE,UNRELIABLE,RELIABLE,RELIABLE,RELIABLE,PARTIAL,STATIONARY,UNCERTAIN,STATIONARY,STATIONARY,STATIONARY,STATIONARY,STATIONARY
186615,5468,0.00152488,,0.00131227,0.00115483,0.00622336,0.00307442,RELIABLE,UNRELIABLE,RELIABLE,RELIABLE,RELIABLE,PARTIAL,STATIONARY,UNCERTAIN,STATIONARY,STATIONARY,STATIONARY,STATIONARY,STATIONARY
186646,5469,0.00145144,,0.00137588,0.00109067,0.00661037,0.00293091,RELIABLE,UNRELIABLE,RELIABLE,RELIABLE,RELIABLE,PARTIAL,STATIONARY,UNCERTAIN,STATIONARY,STATIONARY,STATIONARY,STATIONARY,STATIONARY
186678,5470,0.00147160,,0.00131335,0.00102776,0.00622685,0.00330631,RELIABLE,UNRELIABLE,RELIABLE,RELIABLE,RELIABLE,PARTIAL,STATIONARY,UNCERTAIN,STATIONARY,STATIONARY,STATIONARY,STATIONARY,STATIONARY
186740,5471,0.00182667,,0.00148447,0.00140464,0.00765165,0.00515781,RELIABLE,UNRELIABLE,RELIABLE,RELIABLE,RELIABLE,PARTIAL,STATIONARY,UNCERTAIN,STATIONARY,STATIONARY,STATIONARY,STATIONARY,STATIONARY
186772,5472,0.00250256,,0.00149691,0.00159450,0.00728715,0.00555515,RELIABLE,UNRELIABLE,RELIABLE,RELIABLE,RELIABLE,PARTIAL,STATIONARY,UNCERTAIN,STATIONARY,STATIONARY,STATIONARY,STATIONARY,STATIONARY
186804,5473,0.00236279,,0.00149198,0.00177477,0.00749915,0.00621295,RELIABLE,UNRELIABLE,RELIABLE,RELIABLE,RELIABLE,PARTIAL,STATIONARY,UNCERTAIN,STATIONARY,STATIONARY,STATIONARY,STATIONARY,STATIONARY
186836,5474,0.00213689,,0.00139087,0.00193813,0.00768577,0.00660815,RELIABLE,UNRELIABLE,RELIABLE,RELIABLE,RELIABLE,PARTIAL,STATIONARY,UNCERTAIN,STATIONARY,STATIONARY,STATIONARY,STATIONARY,STATIONARY
186868,5475,0.00201172,,0.00141733,0.00198808,0.00888858,0.00659710,RELIABLE,UNRELIABLE,RELIABLE,RELIABLE,RELIABLE,PARTIAL,STATIONARY,UNCERTAIN,STATIONARY,STATIONARY,STATIONARY,STATIONARY,STATIONARY
186900,5476,0.00179175,,0.00140567,0.00214278,0.00911127,0.00598724,RELIABLE,UNRELIABLE,RELIABLE,RELIABLE,RELIABLE,PARTIAL,STATIONARY,UNCERTAIN,STATIONARY,STATIONARY,STATIONARY,STATIONARY,STATIONARY
186932,5477,0.00209616,,0.00141181,0.00228059,0.00956612,0.00661229,RELIABLE,UNRELIABLE,RELIABLE,RELIABLE,RELIABLE,PARTIAL,STATIONARY,UNCERTAIN,STATIONARY,STATIONARY,STATIONARY,STATIONARY,STATIONARY
186963,5478,0.00230152,,0.00174257,0.00228167,0.00974643,0.00648790,RELIABLE,UNRELIABLE,RELIABLE,RELIABLE,RELIABLE,PARTIAL,STATIONARY,UNCERTAIN,STATIONARY,STATIONARY,STATIONARY,STATIONARY,STATIONARY
186995,5479,0.00221534,,0.00183218,0.00199681,0.00820868,0.00688307,RELIABLE,UNRELIABLE,RELIABLE,RELIABLE,RELIABLE,PARTIAL,STATIONARY,UNCERTAIN,STATIONARY,STATIONARY,STATIONARY,STATIONARY,STATIONARY
187027,5480,0.00197032,0.00000000,0.00160892,0.00175668,0.00773559,0.00645935,RELIABLE,PARTIAL,RELIABLE,RELIABLE,RELIABLE,PARTIAL,STATIONARY,STATIONARY,STATIONARY,STATIONARY,STATIONARY,STATIONARY,STATIONARY
187058,5481,0.00194548,0.00068606,0.00151745,0.00144098,0.00757818,0.00529933,RELIABLE,PARTIAL,PARTIAL,RELIABLE,RELIABLE,PARTIAL,STATIONARY,STATIONARY,STATIONARY,STATIONARY,STATIONARY,STATIONARY,STATIONARY
187090,5482,0.00185147,0.00047649,0.00149193,0.00117213,0.00701226,0.00480965,RELIABLE,PARTIAL,PARTIAL,RELIABLE,RELIABLE,PARTIAL,STATIONARY,STATIONARY,STATIONARY,STATIONARY,STATIONARY,STATIONARY,STATIONARY
187122,5483,0.00189151,0.00036664,0.00139558,0.00109937,0.00593567,0.00493577,RELIABLE,PARTIAL,PARTIAL,RELIABLE,RELIABLE,PARTIAL,STATIONARY,STATIONARY,STATIONARY,STATIONARY,STATIONARY,STATIONARY,STATIONARY
187154,5484,0.00194862,0.00037544,0.00123692,0.00088017,0.00636547,0.00477025,RELIABLE,PARTIAL,PARTIAL,RELIABLE,RELIABLE,PARTIAL,STATIONARY,STATIONARY,STATIONARY,STATIONARY,STATIONARY,STATIONARY,STATIONARY
187186,5485,0.00172186,0.00057586,0.00115329,0.00077005,0.00646862,0.00492675,RELIABLE,PARTIAL,PARTIAL,RELIABLE,RELIABLE,PARTIAL,STATIONARY,STATIONARY,STATIONARY,STATIONARY,STATIONARY,STATIONARY,STATIONARY
187217,5486,0.00202251,0.00062983,0.00082780,0.00104065,0.01599412,0.01202502,RELIABLE,PARTIAL,PARTIAL,RELIABLE,RELIABLE,PARTIAL,STATIONARY,STATIONARY,STATIONARY,STATIONARY,STATIONARY,STATIONARY,STATIONARY
187249,5487,0.00198781,0.00075150,0.00068233,0.00098549,0.01862244,0.01250724,RELIABLE,PARTIAL,PARTIAL,RELIABLE,RELIABLE,PARTIAL,STATIONARY,STATIONARY,STATIONARY,STATIONARY,STATIONARY,STATIONARY,STATIONARY
187279,5488,0.00257603,0.00085308,0.00082009,0.00108162,0.02062913,0.01437284,RELIABLE,PARTIAL,PARTIAL,RELIABLE,RELIABLE,PARTIAL,STATIONARY,STATIONARY,STATIONARY,STATIONARY,MOVING,MOVING,MOVING
187311,5489,0.00262837,0.00084694,0.00085803,0.00122323,0.02135859,0.01754371,RELIABLE,PARTIAL,PARTIAL,RELIABLE,RELIABLE,PARTIAL,STATIONARY,STATIONARY,STATIONARY,STATIONARY,MOVING,MOVING,MOVING
187344,5490,0.00280073,0.00089738,0.00087805,0.00137395,0.02224465,0.01865523,RELIABLE,PARTIAL,PARTIAL,RELIABLE,RELIABLE,PARTIAL,STATIONARY,STATIONARY,STATIONARY,STATIONARY,MOVING,MOVING,MOVING
187375,5491,0.00274167,0.00098555,0.00101981,0.00158230,0.02331475,0.02123026,RELIABLE,PARTIAL,RELIABLE,RELIABLE,RELIABLE,PARTIAL,STATIONARY,STATIONARY,STATIONARY,STATIONARY,MOVING,MOVING,MOVING
187407,5492,0.00275994,0.00105206,0.00136444,0.00159082,0.02339746,0.02153267,RELIABLE,PARTIAL,RELIABLE,RELIABLE,RELIABLE,PARTIAL,STATIONARY,STATIONARY,STATIONARY,STATIONARY,MOVING,MOVING,MOVING
187439,5493,0.00314474,0.00101911,0.00139024,0.00165327,0.02465774,0.02359916,RELIABLE,RELIABLE,RELIABLE,RELIABLE,RELIABLE,PARTIAL,STATIONARY,STATIONARY,STATIONARY,STATIONARY,MOVING,MOVING,MOVING
187475,5494,0.00280563,0.00135738,0.00144571,0.00186234,0.02283965,0.01956138,RELIABLE,RELIABLE,RELIABLE,RELIABLE,RELIABLE,PARTIAL,STATIONARY,STATIONARY,STATIONARY,STATIONARY,MOVING,MOVING,MOVING
187508,5495,0.00260749,0.00135670,0.00144415,0.00198270,0.02383823,0.01849061,RELIABLE,RELIABLE,RELIABLE,RELIABLE,RELIABLE,PARTIAL,STATIONARY,STATIONARY,STATIONARY,STATIONARY,MOVING,MOVING,MOVING
187539,5496,0.00147173,0.00135480,0.00145832,0.00200709,0.02261202,0.01788068,RELIABLE,RELIABLE,RELIABLE,RELIABLE,PARTIAL,PARTIAL,STATIONARY,STATIONARY,STATIONARY,STATIONARY,MOVING,MOVING,MOVING
187572,5497,0.00149306,0.00158909,0.00161918,0.00235527,0.02761691,0.01695328,RELIABLE,RELIABLE,RELIABLE,RELIABLE,PARTIAL,PARTIAL,STATIONARY,STATIONARY,STATIONARY,STATIONARY,MOVING,MOVING,MOVING
187604,5498,0.00151502,0.00156417,0.00175040,0.00230991,0.02807549,0.01624876,RELIABLE,RELIABLE,RELIABLE,RELIABLE,PARTIAL,PARTIAL,STATIONARY,STATIONARY,STATIONARY,STATIONARY,MOVING,MOVING,MOVING
187636,5499,0.00154949,0.00168775,0.00190074,0.00231367,0.02800089,0.01399720,RELIABLE,RELIABLE,RELIABLE,RELIABLE,PARTIAL,PARTIAL,STATIONARY,STATIONARY,STATIONARY,STATIONARY,MOVING,MOVING,MOVING
187668,5500,0.00247962,0.00250860,0.00168999,0.00437874,0.03641429,0.01899190,RELIABLE,RELIABLE,RELIABLE,RELIABLE,PARTIAL,PARTIAL,STATIONARY,STATIONARY,STATIONARY,STATIONARY,MOVING,MOVING,MOVING
187700,5501,0.00249892,0.00268213,0.00182547,0.00452522,0.03601900,0.01689375,RELIABLE,RELIABLE,RELIABLE,RELIABLE,PARTIAL,PARTIAL,STATIONARY,STATIONARY,STATIONARY,STATIONARY,MOVING,MOVING,MOVING
187731,5502,0.00240073,0.00230934,0.00182137,0.00414570,0.03085220,0.01412747,RELIABLE,RELIABLE,RELIABLE,RELIABLE,PARTIAL,PARTIAL,STATIONARY,STATIONARY,STATIONARY,STATIONARY,MOVING,MOVING,MOVING
187763,5503,0.00253086,0.00235116,0.00183862,0.00457359,0.02994906,0.01526238,RELIABLE,RELIABLE,RELIABLE,RELIABLE,PARTIAL,PARTIAL,STATIONARY,STATIONARY,STATIONARY,STATIONARY,MOVING,MOVING,MOVING
187795,5504,0.00259341,0.00239544,0.00180113,0.00443758,0.02985827,0.01611563,RELIABLE,RELIABLE,RELIABLE,RELIABLE,PARTIAL,PARTIAL,STATIONARY,STATIONARY,STATIONARY,STATIONARY,MOVING,MOVING,MOVING
187843,5505,0.00269932,0.00218249,0.00175855,0.00433608,0.02781123,0.01550106,RELIABLE,RELIABLE,RELIABLE,RELIABLE,PARTIAL,PARTIAL,STATIONARY,STATIONARY,STATIONARY,STATIONARY,MOVING,MOVING,MOVING
187876,5506,0.00249903,0.00227529,0.00169730,0.00484448,0.02897756,0.01637989,RELIABLE,RELIABLE,RELIABLE,RELIABLE,PARTIAL,PARTIAL,STATIONARY,STATIONARY,STATIONARY,STATIONARY,MOVING,MOVING,MOVING
187908,5507,0.00252444,0.00215715,0.00164695,0.00508454,0.03170440,0.01702602,RELIABLE,RELIABLE,RELIABLE,RELIABLE,PARTIAL,PARTIAL,STATIONARY,STATIONARY,STATIONARY,STATIONARY,MOVING,MOVING,MOVING
187940,5508,0.00156572,0.00127963,0.00153965,0.00329145,0.02468980,0.01387693,RELIABLE,RELIABLE,RELIABLE,RELIABLE,PARTIAL,PARTIAL,STATIONARY,STATIONARY,STATIONARY,STATIONARY,MOVING,MOVING,MOVING
187971,5509,0.00110751,0.00135497,0.00145275,0.00337367,0.02521973,0.01332987,RELIABLE,RELIABLE,RELIABLE,RELIABLE,PARTIAL,PARTIAL,STATIONARY,STATIONARY,STATIONARY,STATIONARY,MOVING,MOVING,MOVING
188003,5510,0.00167950,0.00184830,0.00174400,0.00375972,0.02377778,0.01335397,RELIABLE,RELIABLE,RELIABLE,RELIABLE,PARTIAL,PARTIAL,STATIONARY,STATIONARY,STATIONARY,STATIONARY,MOVING,MOVING,MOVING
188035,5511,0.00159400,0.00215690,0.00181145,0.00327914,0.02224209,0.01092893,RELIABLE,RELIABLE,RELIABLE,RELIABLE,PARTIAL,PARTIAL,STATIONARY,STATIONARY,STATIONARY,STATIONARY,MOVING,MOVING,MOVING
188068,5512,0.00155806,0.00285744,0.00192124,0.00335009,0.02323607,0.00906516,RELIABLE,RELIABLE,PARTIAL,RELIABLE,PARTIAL,PARTIAL,STATIONARY,STATIONARY,STATIONARY,STATIONARY,MOVING,MOVING,MOVING
188103,5513,0.00130485,0.00319311,0.00180037,0.00301604,0.02036208,0.00788299,RELIABLE,RELIABLE,PARTIAL,RELIABLE,PARTIAL,PARTIAL,STATIONARY,STATIONARY,STATIONARY,STATIONARY,MOVING,MOVING,MOVING
188134,5514,0.00127135,0.00328119,0.00168786,0.00252594,0.01821002,0.00688847,RELIABLE,PARTIAL,PARTIAL,RELIABLE,PARTIAL,PARTIAL,STATIONARY,STATIONARY,STATIONARY,STATIONARY,MOVING,MOVING,MOVING
188165,5515,0.00144237,0.00319815,0.00139203,0.00207807,0.01457241,0.00580373,RELIABLE,PARTIAL,PARTIAL,RELIABLE,RELIABLE,PARTIAL,STATIONARY,STATIONARY,STATIONARY,STATIONARY,MOVING,MOVING,MOVING
188197,5516,0.00141226,0.00327020,0.00147892,0.00175530,0.01199708,0.00371847,RELIABLE,PARTIAL,PARTIAL,RELIABLE,RELIABLE,PARTIAL,STATIONARY,STATIONARY,STATIONARY,STATIONARY,MOVING,MOVING,MOVING
188243,5517,0.00152748,0.00300749,0.00170409,0.00143357,0.00994943,0.00364440,RELIABLE,PARTIAL,PARTIAL,RELIABLE,RELIABLE,PARTIAL,STATIONARY,STATIONARY,STATIONARY,STATIONARY,MOVING,MOVING,MOVING
188277,5518,0.00134778,0.00256257,0.00141001,0.00087287,0.00889871,0.00370921,RELIABLE,PARTIAL,PARTIAL,RELIABLE,RELIABLE,PARTIAL,STATIONARY,STATIONARY,STATIONARY,STATIONARY,MOVING,MOVING,MOVING
188309,5519,0.00123484,,0.00114854,0.00067199,0.00754402,0.00294954,RELIABLE,UNRELIABLE,PARTIAL,RELIABLE,RELIABLE,PARTIAL,STATIONARY,UNCERTAIN,STATIONARY,STATIONARY,MOVING,MOVING,MOVING
188340,5520,0.00137264,,0.00094439,0.00051172,0.00645853,0.00294810,RELIABLE,UNRELIABLE,PARTIAL,RELIABLE,RELIABLE,PARTIAL,STATIONARY,UNCERTAIN,STATIONARY,STATIONARY,MOVING,MOVING,MOVING
188371,5521,0.00151390,,0.00087178,0.00051823,0.00795458,0.00254349,RELIABLE,UNRELIABLE,PARTIAL,RELIABLE,RELIABLE,PARTIAL,STATIONARY,UNCERTAIN,STATIONARY,STATIONARY,MOVING,MOVING,MOVING
188403,5522,0.00199796,0.00000000,0.00108906,0.00041011,0.01023502,0.00246720,RELIABLE,PARTIAL,PARTIAL,RELIABLE,RELIABLE,PARTIAL,STATIONARY,STATIONARY,STATIONARY,STATIONARY,MOVING,STATIONARY,MOVING
188436,5523,0.00199417,0.00025607,0.00114231,0.00039712,0.01206807,0.00279467,RELIABLE,PARTIAL,PARTIAL,RELIABLE,RELIABLE,PARTIAL,STATIONARY,STATIONARY,STATIONARY,STATIONARY,MOVING,STATIONARY,MOVING
188468,5524,0.00225669,0.00054378,0.00136784,0.00051944,0.01361488,0.00394798,RELIABLE,PARTIAL,PARTIAL,RELIABLE,RELIABLE,PARTIAL,STATIONARY,STATIONARY,STATIONARY,STATIONARY,MOVING,STATIONARY,MOVING
188500,5525,0.00248751,0.00057327,0.00105467,0.00068126,0.01406739,0.00440019,RELIABLE,PARTIAL,PARTIAL,RELIABLE,RELIABLE,PARTIAL,STATIONARY,STATIONARY,STATIONARY,STATIONARY,MOVING,STATIONARY,MOVING
188532,5526,0.00201157,0.00086914,0.00115528,0.00076099,0.01532352,0.00370401,RELIABLE,RELIABLE,PARTIAL,RELIABLE,PARTIAL,PARTIAL,STATIONARY,STATIONARY,STATIONARY,STATIONARY,MOVING,STATIONARY,MOVING
188563,5527,0.00298236,0.00195662,0.00143057,0.00319933,0.03057730,0.01477959,RELIABLE,RELIABLE,PARTIAL,RELIABLE,PARTIAL,PARTIAL,STATIONARY,STATIONARY,STATIONARY,STATIONARY,MOVING,STATIONARY,MOVING
188611,5528,0.00308451,0.00213641,0.00163226,0.00376531,0.03724024,0.01952834,RELIABLE,RELIABLE,RELIABLE,RELIABLE,PARTIAL,PARTIAL,STATIONARY,STATIONARY,STATIONARY,STATIONARY,MOVING,STATIONARY,MOVING
188644,5529,0.00348812,0.00281285,0.00200867,0.00529411,0.04433870,0.02665747,RELIABLE,RELIABLE,RELIABLE,RELIABLE,PARTIAL,PARTIAL,STATIONARY,STATIONARY,STATIONARY,STATIONARY,MOVING,MOVING,MOVING
188675,5530,0.00354694,0.00312183,0.00218022,0.00637885,0.04772397,0.03537752,RELIABLE,RELIABLE,RELIABLE,RELIABLE,PARTIAL,PARTIAL,STATIONARY,STATIONARY,STATIONARY,STATIONARY,MOVING,MOVING,MOVING
188707,5531,0.00389675,0.00356472,0.00220213,0.00802390,0.05773512,0.04337219,RELIABLE,RELIABLE,RELIABLE,RELIABLE,PARTIAL,PARTIAL,STATIONARY,STATIONARY,STATIONARY,STATIONARY,MOVING,MOVING,MOVING
188739,5532,0.00398493,0.00371718,0.00217448,0.00836915,0.05977503,0.04520005,RELIABLE,PARTIAL,RELIABLE,RELIABLE,PARTIAL,PARTIAL,STATIONARY,STATIONARY,STATIONARY,STATIONARY,MOVING,MOVING,MOVING
188772,5533,0.00358826,0.00411048,0.00218352,0.00863289,0.06233234,0.04579027,RELIABLE,RELIABLE,RELIABLE,RELIABLE,PARTIAL,PARTIAL,STATIONARY,STATIONARY,STATIONARY,STATIONARY,MOVING,MOVING,MOVING
188804,5534,0.00475132,0.00476121,0.00213141,0.01025691,0.06634293,0.05238230,RELIABLE,RELIABLE,PARTIAL,RELIABLE,PARTIAL,PARTIAL,STATIONARY,STATIONARY,STATIONARY,STATIONARY,MOVING,MOVING,MOVING
188836,5535,0.00445197,0.00452039,0.00408710,0.00939040,0.06329416,0.05240332,RELIABLE,RELIABLE,PARTIAL,RELIABLE,PARTIAL,PARTIAL,STATIONARY,STATIONARY,STATIONARY,STATIONARY,MOVING,MOVING,MOVING
188868,5536,0.00457806,0.00443600,0.00442178,0.00981069,0.06930994,0.05458684,RELIABLE,RELIABLE,PARTIAL,RELIABLE,PARTIAL,PARTIAL,STATIONARY,STATIONARY,STATIONARY,STATIONARY,MOVING,MOVING,MOVING
188900,5537,0.00410567,0.00375030,0.00494946,0.00877868,0.06356464,0.04913104,RELIABLE,RELIABLE,PARTIAL,RELIABLE,PARTIAL,PARTIAL,STATIONARY,STATIONARY,STATIONARY,STATIONARY,MOVING,MOVING,MOVING
188931,5538,0.00435063,0.00358177,0.00469323,0.00887215,0.06131776,0.04468628,RELIABLE,RELIABLE,PARTIAL,RELIABLE,PARTIAL,PARTIAL,STATIONARY,STATIONARY,STATIONARY,STATIONARY,MOVING,MOVING,MOVING
188963,5539,0.00414538,0.00320503,0.00491976,0.00747246,0.05117813,0.03725778,RELIABLE,RELIABLE,PARTIAL,RELIABLE,PARTIAL,PARTIAL,STATIONARY,STATIONARY,STATIONARY,STATIONARY,MOVING,MOVING,MOVING
189011,5540,0.00390761,0.00311776,0.00483309,0.00733286,0.04991740,0.03460055,RELIABLE,RELIABLE,PARTIAL,RELIABLE,PARTIAL,PARTIAL,STATIONARY,STATIONARY,STATIONARY,STATIONARY,MOVING,MOVING,MOVING
189043,5541,0.00425268,0.00320120,0.00533720,0.00725773,0.04830988,0.03390997,RELIABLE,RELIABLE,PARTIAL,RELIABLE,PARTIAL,PARTIAL,STATIONARY,STATIONARY,STATIONARY,STATIONARY,MOVING,MOVING,MOVING
189075,5542,0.00328782,0.00276824,0.00532103,0.00587188,0.04414715,0.02769487,RELIABLE,RELIABLE,PARTIAL,RELIABLE,PARTIAL,PARTIAL,STATIONARY,STATIONARY,STATIONARY,STATIONARY,MOVING,MOVING,MOVING
189107,5543,0.00268969,0.00282679,0.00325760,0.00451893,0.03343631,0.01684787,RELIABLE,RELIABLE,PARTIAL,RELIABLE,PARTIAL,PARTIAL,STATIONARY,STATIONARY,STATIONARY,STATIONARY,MOVING,MOVING,MOVING
189139,5544,0.00257814,0.00306861,0.00282166,0.00365476,0.02175610,0.00989222,RELIABLE,RELIABLE,PARTIAL,RELIABLE,PARTIAL,PARTIAL,STATIONARY,STATIONARY,STATIONARY,STATIONARY,MOVING,MOVING,MOVING
189171,5545,0.00254618,0.00359062,0.00224419,0.00312729,0.01921918,0.00875518,RELIABLE,RELIABLE,PARTIAL,RELIABLE,PARTIAL,PARTIAL,STATIONARY,STATIONARY,STATIONARY,STATIONARY,MOVING,MOVING,MOVING
189204,5546,0.00190617,0.00326123,0.00212875,0.00197041,0.01643247,0.00418841,RELIABLE,RELIABLE,PARTIAL,RELIABLE,RELIABLE,PARTIAL,STATIONARY,STATIONARY,STATIONARY,STATIONARY,MOVING,MOVING,MOVING
189235,5547,0.00186766,0.00347706,0.00184808,0.00181682,0.01505940,0.00333020,RELIABLE,RELIABLE,PARTIAL,RELIABLE,RELIABLE,PARTIAL,STATIONARY,STATIONARY,STATIONARY,STATIONARY,MOVING,MOVING,MOVING
189267,5548,0.00211954,0.00349145,0.00206938,0.00149031,0.01305581,0.00304625,RELIABLE,RELIABLE,PARTIAL,RELIABLE,RELIABLE,PARTIAL,STATIONARY,STATIONARY,STATIONARY,STATIONARY,MOVING,MOVING,MOVING
189300,5549,0.00180015,0.00296991,0.00162359,0.00115181,0.01143730,0.00276654,RELIABLE,PARTIAL,PARTIAL,RELIABLE,RELIABLE,PARTIAL,STATIONARY,STATIONARY,STATIONARY,STATIONARY,MOVING,MOVING,MOVING
189332,5550,0.00177598,0.00257910,0.00168338,0.00087817,0.01034238,0.00243688,RELIABLE,PARTIAL,PARTIAL,RELIABLE,RELIABLE,PARTIAL,STATIONARY,STATIONARY,STATIONARY,STATIONARY,MOVING,MOVING,MOVING
189379,5551,0.00175658,0.00236409,0.00155890,0.00098407,0.00943720,0.00284337,RELIABLE,PARTIAL,PARTIAL,RELIABLE,RELIABLE,PARTIAL,STATIONARY,STATIONARY,STATIONARY,STATIONARY,MOVING,MOVING,MOVING
189411,5552,0.00195553,0.00187544,0.00145818,0.00098955,0.00834753,0.00401556,RELIABLE,PARTIAL,PARTIAL,RELIABLE,RELIABLE,PARTIAL,STATIONARY,STATIONARY,STATIONARY,STATIONARY,MOVING,MOVING,MOVING
189443,5553,0.00194509,0.00129300,0.00115015,0.00101566,0.00945127,0.00507625,RELIABLE,PARTIAL,PARTIAL,RELIABLE,RELIABLE,PARTIAL,STATIONARY,STATIONARY,STATIONARY,STATIONARY,MOVING,STATIONARY,MOVING
189477,5554,0.00201501,0.00117332,0.00111200,0.00101719,0.01100299,0.00557345,RELIABLE,PARTIAL,PARTIAL,RELIABLE,RELIABLE,PARTIAL,STATIONARY,STATIONARY,STATIONARY,STATIONARY,MOVING,STATIONARY,MOVING
189509,5555,0.00236078,0.00097215,0.00131167,0.00113015,0.01184746,0.00755551,RELIABLE,PARTIAL,PARTIAL,RELIABLE,RELIABLE,PARTIAL,STATIONARY,STATIONARY,STATIONARY,STATIONARY,MOVING,STATIONARY,MOVING
189541,5556,0.00218739,0.00099644,0.00104948,0.00120005,0.01483753,0.00815499,RELIABLE,PARTIAL,PARTIAL,RELIABLE,RELIABLE,PARTIAL,STATIONARY,STATIONARY,STATIONARY,STATIONARY,MOVING,STATIONARY,MOVING
189573,5557,0.00273815,0.00151387,0.00112156,0.00267205,0.03317504,0.02609941,RELIABLE,PARTIAL,RELIABLE,RELIABLE,PARTIAL,RELIABLE,STATIONARY,STATIONARY,STATIONARY,STATIONARY,MOVING,STATIONARY,MOVING
189603,5558,0.00275295,0.00160231,0.00115205,0.00312498,0.04209461,0.03862696,RELIABLE,RELIABLE,RELIABLE,RELIABLE,RELIABLE,PARTIAL,STATIONARY,STATIONARY,STATIONARY,STATIONARY,MOVING,STATIONARY,MOVING
189636,5559,0.00343672,0.00159429,0.00146606,0.00322196,0.04304031,0.04326194,RELIABLE,RELIABLE,RELIABLE,RELIABLE,RELIABLE,PARTIAL,STATIONARY,STATIONARY,STATIONARY,STATIONARY,MOVING,MOVING,MOVING
189667,5560,0.00313142,0.00176639,0.00166919,0.00351790,0.04439828,0.04340685,RELIABLE,RELIABLE,RELIABLE,RELIABLE,PARTIAL,PARTIAL,STATIONARY,STATIONARY,STATIONARY,STATIONARY,MOVING,MOVING,MOVING
189700,5561,0.00332000,0.00183917,0.00176823,0.00390963,0.04797054,0.04690415,RELIABLE,RELIABLE,RELIABLE,RELIABLE,PARTIAL,PARTIAL,STATIONARY,STATIONARY,STATIONARY,STATIONARY,MOVING,MOVING,MOVING
189732,5562,0.00314308,0.00217818,0.00194012,0.00403310,0.04838792,0.05096341,RELIABLE,RELIABLE,RELIABLE,RELIABLE,PARTIAL,PARTIAL,STATIONARY,STATIONARY,STATIONARY,STATIONARY,MOVING,MOVING,MOVING
189779,5563,0.00386101,0.00281654,0.00200312,0.00572608,0.05728259,0.05883531,RELIABLE,RELIABLE,RELIABLE,RELIABLE,PARTIAL,PARTIAL,STATIONARY,STATIONARY,STATIONARY,STATIONARY,MOVING,MOVING,MOVING
189812,5564,0.00373941,0.00308953,0.00191859,0.00630420,0.06155041,0.06427070,RELIABLE,RELIABLE,RELIABLE,RELIABLE,PARTIAL,PARTIAL,STATIONARY,STATIONARY,STATIONARY,STATIONARY,MOVING,MOVING,MOVING
189844,5565,0.00344704,0.00271235,0.00191864,0.00498715,0.04551066,0.04642487,RELIABLE,RELIABLE,RELIABLE,RELIABLE,PARTIAL,PARTIAL,STATIONARY,STATIONARY,STATIONARY,STATIONARY,MOVING,MOVING,MOVING
189875,5566,0.00339296,0.00302521,0.00200353,0.00538825,0.05011160,0.04210730,RELIABLE,RELIABLE,RELIABLE,RELIABLE,PARTIAL,PARTIAL,STATIONARY,STATIONARY,STATIONARY,STATIONARY,MOVING,MOVING,MOVING
189908,5567,0.00282874,0.00281687,0.00172581,0.00546509,0.05168619,0.03768618,RELIABLE,RELIABLE,RELIABLE,RELIABLE,PARTIAL,PARTIAL,STATIONARY,STATIONARY,STATIONARY,STATIONARY,MOVING,MOVING,MOVING
189939,5568,0.00281518,0.00327820,0.00183477,0.00617738,0.06340280,0.04577376,RELIABLE,RELIABLE,RELIABLE,RELIABLE,PARTIAL,PARTIAL,STATIONARY,STATIONARY,STATIONARY,STATIONARY,MOVING,MOVING,MOVING
189971,5569,0.00320819,0.00385529,0.00197442,0.00656362,0.06192283,0.04309396,RELIABLE,RELIABLE,RELIABLE,RELIABLE,PARTIAL,PARTIAL,STATIONARY,STATIONARY,STATIONARY,STATIONARY,MOVING,MOVING,MOVING
190003,5570,0.00359420,0.00373130,0.00192844,0.00702146,0.06014474,0.03952787,RELIABLE,RELIABLE,RELIABLE,RELIABLE,PARTIAL,PARTIAL,STATIONARY,STATIONARY,STATIONARY,STATIONARY,MOVING,MOVING,MOVING
190035,5571,0.00260150,0.00360528,0.00174329,0.00542136,0.05130008,0.03121087,RELIABLE,RELIABLE,RELIABLE,RELIABLE,PARTIAL,PARTIAL,STATIONARY,STATIONARY,STATIONARY,STATIONARY,MOVING,MOVING,MOVING
190068,5572,0.00282882,0.00338096,0.00177709,0.00532942,0.04473347,0.02592021,RELIABLE,RELIABLE,RELIABLE,RELIABLE,PARTIAL,PARTIAL,STATIONARY,STATIONARY,STATIONARY,STATIONARY,MOVING,MOVING,MOVING
190100,5573,0.00269020,0.00347677,0.00168571,0.00537351,0.04341610,0.02626658,RELIABLE,RELIABLE,RELIABLE,RELIABLE,PARTIAL,PARTIAL,STATIONARY,STATIONARY,STATIONARY,STATIONARY,MOVING,MOVING,MOVING
190132,5574,0.00306743,0.00385648,0.00148762,0.00458310,0.03018014,0.01846372,RELIABLE,RELIABLE,RELIABLE,RELIABLE,PARTIAL,PARTIAL,STATIONARY,STATIONARY,STATIONARY,STATIONARY,MOVING,MOVING,MOVING
190179,5575,0.00321966,0.00428627,0.00144631,0.00412508,0.02814221,0.01772268,RELIABLE,RELIABLE,RELIABLE,RELIABLE,PARTIAL,PARTIAL,STATIONARY,STATIONARY,STATIONARY,STATIONARY,MOVING,MOVING,MOVING
190212,5576,0.00339346,0.00413682,0.00127315,0.00309826,0.01537573,0.00809427,RELIABLE,RELIABLE,RELIABLE,RELIABLE,PARTIAL,PARTIAL,STATIONARY,STATIONARY,STATIONARY,STATIONARY,MOVING,MOVING,MOVING
190243,5577,0.00294841,0.00357279,0.00117410,0.00234439,0.01092493,0.00574725,RELIABLE,RELIABLE,RELIABLE,RELIABLE,PARTIAL,PARTIAL,STATIONARY,STATIONARY,STATIONARY,STATIONARY,MOVING,MOVING,MOVING
190275,5578,0.00282395,0.00348063,0.00117323,0.00177354,0.00952962,0.00482177,RELIABLE,RELIABLE,RELIABLE,RELIABLE,PARTIAL,PARTIAL,STATIONARY,STATIONARY,STATIONARY,STATIONARY,MOVING,MOVING,MOVING
190308,5579,0.00250890,0.00305792,0.00108023,0.00154971,0.00797858,0.00327746,RELIABLE,RELIABLE,RELIABLE,RELIABLE,RELIABLE,PARTIAL,STATIONARY,STATIONARY,STATIONARY,STATIONARY,MOVING,MOVING,MOVING
190339,5580,0.00236261,0.00308251,0.00106503,0.00098074,0.00759585,0.00241230,RELIABLE,RELIABLE,RELIABLE,RELIABLE,RELIABLE,PARTIAL,STATIONARY,STATIONARY,STATIONARY,STATIONARY,MOVING,MOVING,MOVING
190372,5581,0.00232443,0.00318209,0.00107124,0.00091181,0.00718882,0.00229737,RELIABLE,RELIABLE,RELIABLE,RELIABLE,RELIABLE,PARTIAL,STATIONARY,STATIONARY,STATIONARY,STATIONARY,MOVING,MOVING,MOVING
190403,5582,0.00231424,0.00257415,0.00100570,0.00087094,0.00804346,0.00183876,RELIABLE,RELIABLE,RELIABLE,RELIABLE,RELIABLE,PARTIAL,STATIONARY,STATIONARY,STATIONARY,STATIONARY,MOVING,MOVING,MOVING
190436,5583,0.00203076,0.00261050,0.00101421,0.00083175,0.00976313,0.00233642,RELIABLE,RELIABLE,RELIABLE,RELIABLE,RELIABLE,PARTIAL,STATIONARY,STATIONARY,STATIONARY,STATIONARY,MOVING,MOVING,MOVING
190467,5584,0.00197165,0.00251517,0.00094896,0.00096852,0.01093942,0.00282500,RELIABLE,RELIABLE,RELIABLE,RELIABLE,RELIABLE,PARTIAL,STATIONARY,STATIONARY,STATIONARY,STATIONARY,MOVING,STATIONARY,MOVING
190499,5585,0.00185154,0.00357172,0.00085069,0.00101299,0.01213771,0.00348316,RELIABLE,RELIABLE,RELIABLE,RELIABLE,RELIABLE,PARTIAL,STATIONARY,STATIONARY,STATIONARY,STATIONARY,MOVING,STATIONARY,MOVING
190548,5586,0.00177784,0.00384334,0.00088429,0.00121284,0.01459369,0.00398995,RELIABLE,RELIABLE,RELIABLE,RELIABLE,RELIABLE,PARTIAL,STATIONARY,STATIONARY,STATIONARY,STATIONARY,MOVING,STATIONARY,MOVING
190582,5587,0.00187415,0.00377729,0.00113696,0.00141184,0.01695678,0.00396222,RELIABLE,RELIABLE,RELIABLE,RELIABLE,RELIABLE,PARTIAL,STATIONARY,STATIONARY,STATIONARY,STATIONARY,MOVING,STATIONARY,MOVING
190614,5588,0.00184266,0.00405605,0.00142754,0.00194404,0.01866346,0.00429096,RELIABLE,RELIABLE,RELIABLE,RELIABLE,PARTIAL,PARTIAL,STATIONARY,STATIONARY,STATIONARY,STATIONARY,MOVING,STATIONARY,MOVING
190646,5589,0.00186789,0.00401828,0.00154852,0.00227818,0.01986760,0.00668158,RELIABLE,RELIABLE,RELIABLE,RELIABLE,PARTIAL,PARTIAL,STATIONARY,STATIONARY,STATIONARY,STATIONARY,MOVING,STATIONARY,MOVING
190677,5590,0.00156981,0.00449988,0.00192774,0.00265452,0.02033364,0.00701851,RELIABLE,RELIABLE,RELIABLE,RELIABLE,PARTIAL,PARTIAL,STATIONARY,STATIONARY,STATIONARY,STATIONARY,MOVING,STATIONARY,MOVING
190709,5591,0.00253596,0.00407360,0.00239035,0.00372794,0.02356932,0.01077064,RELIABLE,RELIABLE,RELIABLE,RELIABLE,PARTIAL,PARTIAL,STATIONARY,STATIONARY,STATIONARY,STATIONARY,MOVING,STATIONARY,MOVING
190741,5592,0.00284231,0.00407890,0.00251250,0.00455974,0.02518970,0.01121706,RELIABLE,RELIABLE,RELIABLE,RELIABLE,PARTIAL,PARTIAL,STATIONARY,STATIONARY,STATIONARY,STATIONARY,MOVING,STATIONARY,MOVING
190773,5593,0.00298113,0.00336314,0.00278908,0.00472862,0.02569024,0.01165140,RELIABLE,RELIABLE,RELIABLE,RELIABLE,PARTIAL,PARTIAL,STATIONARY,STATIONARY,STATIONARY,STATIONARY,MOVING,STATIONARY,MOVING
190805,5594,0.00296129,0.00346334,0.00296122,0.00470992,0.02516326,0.01187401,RELIABLE,RELIABLE,RELIABLE,RELIABLE,PARTIAL,PARTIAL,STATIONARY,STATIONARY,STATIONARY,STATIONARY,MOVING,STATIONARY,MOVING
190837,5595,0.00296970,0.00373960,0.00280339,0.00466468,0.02385342,0.01217285,RELIABLE,RELIABLE,RELIABLE,RELIABLE,PARTIAL,PARTIAL,STATIONARY,STATIONARY,STATIONARY,STATIONARY,MOVING,STATIONARY,MOVING
190868,5596,0.00316209,0.00331368,0.00265609,0.00417983,0.02178861,0.01206682,RELIABLE,RELIABLE,RELIABLE,RELIABLE,PARTIAL,PARTIAL,STATIONARY,STATIONARY,STATIONARY,STATIONARY,MOVING,STATIONARY,MOVING
190899,5597,0.00341527,0.00336903,0.00286291,0.00393793,0.02025546,0.00941499,RELIABLE,RELIABLE,RELIABLE,RELIABLE,PARTIAL,PARTIAL,STATIONARY,STATIONARY,STATIONARY,STATIONARY,MOVING,STATIONARY,MOVING
190948,5598,0.00358868,0.00284236,0.00293889,0.00370032,0.01807380,0.00958480,RELIABLE,RELIABLE,RELIABLE,RELIABLE,PARTIAL,PARTIAL,STATIONARY,STATIONARY,STATIONARY,STATIONARY,MOVING,STATIONARY,MOVING
190980,5599,0.00316689,0.00301741,0.00254157,0.00303980,0.01190731,0.00612487,RELIABLE,RELIABLE,RELIABLE,RELIABLE,PARTIAL,PARTIAL,STATIONARY,STATIONARY,STATIONARY,STATIONARY,MOVING,STATIONARY,MOVING
191012,5600,0.00259738,0.00271529,0.00245947,0.00212178,0.00826455,0.00585954,RELIABLE,RELIABLE,RELIABLE,RELIABLE,PARTIAL,PARTIAL,STATIONARY,STATIONARY,STATIONARY,STATIONARY,MOVING,STATIONARY,MOVING
191044,5601,0.00280659,0.00260511,0.00241150,0.00199915,0.00673322,0.00523337,RELIABLE,RELIABLE,RELIABLE,RELIABLE,PARTIAL,PARTIAL,STATIONARY,STATIONARY,STATIONARY,STATIONARY,MOVING,STATIONARY,MOVING
191076,5602,0.00289929,0.00245675,0.00220338,0.00191847,0.00750422,0.00481127,RELIABLE,RELIABLE,RELIABLE,RELIABLE,PARTIAL,PARTIAL,STATIONARY,STATIONARY,STATIONARY,STATIONARY,MOVING,STATIONARY,MOVING
191108,5603,0.00289275,0.00251194,0.00228292,0.00216400,0.00756680,0.00545072,RELIABLE,RELIABLE,RELIABLE,RELIABLE,PARTIAL,PARTIAL,STATIONARY,STATIONARY,STATIONARY,STATIONARY,MOVING,STATIONARY,MOVING
191140,5604,0.00322174,0.00265561,0.00218653,0.00238652,0.00909441,0.00550176,PARTIAL,RELIABLE,RELIABLE,RELIABLE,PARTIAL,PARTIAL,STATIONARY,STATIONARY,STATIONARY,STATIONARY,MOVING,STATIONARY,MOVING
191172,5605,0.00379257,0.00264839,0.00214295,0.00306782,0.00996498,0.00743188,PARTIAL,RELIABLE,RELIABLE,RELIABLE,PARTIAL,PARTIAL,STATIONARY,STATIONARY,STATIONARY,STATIONARY,MOVING,STATIONARY,MOVING
191204,5606,,0.00289141,0.00237037,0.00362898,0.01035188,0.00858809,UNRELIABLE,RELIABLE,RELIABLE,RELIABLE,PARTIAL,PARTIAL,UNCERTAIN,STATIONARY,STATIONARY,STATIONARY,MOVING,STATIONARY,MOVING
191235,5607,,0.00329616,0.00277512,0.00358658,0.01144874,0.00794679,UNRELIABLE,RELIABLE,RELIABLE,RELIABLE,PARTIAL,PARTIAL,UNCERTAIN,STATIONARY,STATIONARY,STATIONARY,MOVING,STATIONARY,MOVING
191268,5608,,0.00386368,0.00325059,0.00411171,0.01259811,0.00772710,UNRELIABLE,RELIABLE,RELIABLE,RELIABLE,PARTIAL,PARTIAL,UNCERTAIN,STATIONARY,STATIONARY,STATIONARY,MOVING,STATIONARY,MOVING
191316,5609,,0.01428769,0.00747876,0.00982002,0.01927385,0.01699783,UNRELIABLE,RELIABLE,RELIABLE,RELIABLE,PARTIAL,PARTIAL,UNCERTAIN,STATIONARY,STATIONARY,STATIONARY,MOVING,STATIONARY,MOVING
191348,5610,,0.02162802,0.00832844,0.01161325,0.01769515,0.01968282,UNRELIABLE,RELIABLE,RELIABLE,RELIABLE,PARTIAL,PARTIAL,UNCERTAIN,STATIONARY,STATIONARY,STATIONARY,MOVING,STATIONARY,MOVING
191379,5611,,0.02409085,0.00934377,0.01210583,0.01812098,0.01919443,UNRELIABLE,RELIABLE,RELIABLE,RELIABLE,PARTIAL,PARTIAL,UNCERTAIN,MOVING,STATIONARY,STATIONARY,MOVING,MOVING,MOVING
191411,5612,,0.02492478,0.01025931,0.01286688,0.02118371,0.02156583,UNRELIABLE,RELIABLE,RELIABLE,RELIABLE,PARTIAL,PARTIAL,UNCERTAIN,MOVING,STATIONARY,STATIONARY,MOVING,MOVING,MOVING
191443,5613,,0.03195100,0.01181198,0.01431064,0.02141574,0.02434900,UNRELIABLE,RELIABLE,RELIABLE,RELIABLE,PARTIAL,PARTIAL,UNCERTAIN,MOVING,STATIONARY,MOVING,MOVING,MOVING,MOVING
191476,5614,,0.05909940,0.04864627,0.02514301,0.02415540,0.02509541,UNRELIABLE,RELIABLE,RELIABLE,RELIABLE,PARTIAL,PARTIAL,UNCERTAIN,MOVING,STATIONARY,MOVING,MOVING,MOVING,MOVING
191508,5615,,0.05995928,0.05218212,0.02560000,0.02297724,0.02558607,UNRELIABLE,RELIABLE,RELIABLE,RELIABLE,PARTIAL,PARTIAL,UNCERTAIN,MOVING,STATIONARY,MOVING,MOVING,MOVING,MOVING
191539,5616,,0.07719574,0.06627446,0.03103587,0.02418117,0.02646575,UNRELIABLE,RELIABLE,RELIABLE,RELIABLE,PARTIAL,PARTIAL,UNCERTAIN,MOVING,MOVING,MOVING,MOVING,MOVING,MOVING
191572,5617,,0.08845576,0.07149652,0.03068211,0.02085683,0.01783315,UNRELIABLE,RELIABLE,RELIABLE,RELIABLE,PARTIAL,PARTIAL,UNCERTAIN,MOVING,MOVING,MOVING,MOVING,MOVING,MOVING
191604,5618,,0.08499840,0.07286720,0.03084813,0.02192799,0.01521680,UNRELIABLE,RELIABLE,RELIABLE,RELIABLE,PARTIAL,PARTIAL,UNCERTAIN,MOVING,MOVING,MOVING,MOVING,MOVING,MOVING
191635,5619,,0.11655975,0.10976986,0.04321197,0.02445640,0.02027243,UNRELIABLE,RELIABLE,RELIABLE,RELIABLE,PARTIAL,PARTIAL,UNCERTAIN,MOVING,MOVING,MOVING,MOVING,MOVING,MOVING
191667,5620,,0.15183641,0.13732969,0.05474436,0.03207593,0.02833426,UNRELIABLE,RELIABLE,RELIABLE,RELIABLE,PARTIAL,PARTIAL,UNCERTAIN,MOVING,MOVING,MOVING,MOVING,MOVING,MOVING
191715,5621,,0.14666725,0.13957013,0.05369252,0.03321790,0.02722850,UNRELIABLE,RELIABLE,RELIABLE,RELIABLE,PARTIAL,PARTIAL,UNCERTAIN,MOVING,MOVING,MOVING,MOVING,MOVING,MOVING
191748,5622,,0.12272686,0.10452938,0.04390143,0.03331153,0.02707181,UNRELIABLE,RELIABLE,RELIABLE,RELIABLE,PARTIAL,PARTIAL,UNCERTAIN,MOVING,MOVING,MOVING,MOVING,MOVING,MOVING
191780,5623,,0.12438049,0.10117449,0.04470849,0.03673960,0.02842973,UNRELIABLE,RELIABLE,RELIABLE,RELIABLE,PARTIAL,PARTIAL,UNCERTAIN,MOVING,MOVING,MOVING,MOVING,MOVING,MOVING
191812,5624,,0.10798968,0.08694159,0.03974302,0.03574224,0.02801741,UNRELIABLE,RELIABLE,RELIABLE,RELIABLE,PARTIAL,PARTIAL,UNCERTAIN,MOVING,MOVING,MOVING,MOVING,MOVING,MOVING
191844,5625,,0.08841752,0.07807395,0.03528611,0.03289578,0.02726565,UNRELIABLE,RELIABLE,RELIABLE,RELIABLE,PARTIAL,PARTIAL,UNCERTAIN,MOVING,MOVING,MOVING,MOVING,MOVING,MOVING
191875,5626,,0.08530372,0.07605043,0.03355002,0.03082042,0.02716484,UNRELIABLE,RELIABLE,RELIABLE,RELIABLE,PARTIAL,PARTIAL,UNCERTAIN,MOVING,MOVING,MOVING,MOVING,MOVING,MOVING
191907,5627,,0.05514227,0.04326351,0.02424731,0.03015549,0.02724645,UNRELIABLE,RELIABLE,RELIABLE,RELIABLE,PARTIAL,PARTIAL,UNCERTAIN,MOVING,MOVING,MOVING,MOVING,MOVING,MOVING
191939,5628,,0.02567499,0.01591654,0.01362512,0.01968921,0.01880299,UNRELIABLE,RELIABLE,RELIABLE,RELIABLE,PARTIAL,PARTIAL,UNCERTAIN,MOVING,MOVING,MOVING,MOVING,MOVING,MOVING
191972,5629,,0.02500523,0.01232551,0.01325346,0.01768698,0.01607285,UNRELIABLE,RELIABLE,RELIABLE,RELIABLE,PARTIAL,PARTIAL,UNCERTAIN,MOVING,MOVING,MOVING,MOVING,MOVING,MOVING
192003,5630,,0.02244048,0.01054906,0.01241678,0.01696130,0.01490756,UNRELIABLE,RELIABLE,RELIABLE,RELIABLE,PARTIAL,PARTIAL,UNCERTAIN,MOVING,MOVING,MOVING,MOVING,MOVING,MOVING
192036,5631,,0.02011594,0.01077993,0.01124728,0.01355450,0.01352567,UNRELIABLE,RELIABLE,RELIABLE,RELIABLE,PARTIAL,PARTIAL,UNCERTAIN,MOVING,MOVING,MOVING,MOVING,MOVING,MOVING
193971,5689,,,,0.01704993,0.01947978,0.00951140,UNRELIABLE,UNRELIABLE,UNRELIABLE,PARTIAL,PARTIAL,PARTIAL,UNCERTAIN,UNCERTAIN,UNCERTAIN,MOVING,MOVING,MOVING,MOVING
194019,5690,,0.00000000,,0.01810003,0.02138420,0.01040652,UNRELIABLE,PARTIAL,UNRELIABLE,PARTIAL,PARTIAL,PARTIAL,UNCERTAIN,STATIONARY,UNCERTAIN,MOVING,MOVING,MOVING,MOVING
194051,5691,,0.01186486,,0.01521425,0.01871380,0.00884773,UNRELIABLE,PARTIAL,UNRELIABLE,PARTIAL,PARTIAL,PARTIAL,UNCERTAIN,STATIONARY,UNCERTAIN,MOVING,MOVING,MOVING,MOVING
194084,5692,,0.01026136,,0.01515214,0.01819723,0.00780106,UNRELIABLE,PARTIAL,UNRELIABLE,PARTIAL,PARTIAL,PARTIAL,UNCERTAIN,STATIONARY,UNCERTAIN,MOVING,MOVING,MOVING,MOVING
194115,5693,,0.01011356,,0.01548064,0.01806517,0.00792211,UNRELIABLE,PARTIAL,UNRELIABLE,PARTIAL,PARTIAL,PARTIAL,UNCERTAIN,STATIONARY,UNCERTAIN,MOVING,MOVING,MOVING,MOVING
194147,5694,,0.00925067,,0.01375379,0.01652744,0.00744475,UNRELIABLE,PARTIAL,UNRELIABLE,PARTIAL,PARTIAL,PARTIAL,UNCERTAIN,STATIONARY,UNCERTAIN,MOVING,MOVING,MOVING,MOVING
194179,5695,,0.00852810,,0.01326000,0.01608282,0.00733629,UNRELIABLE,PARTIAL,UNRELIABLE,PARTIAL,PARTIAL,PARTIAL,UNCERTAIN,STATIONARY,UNCERTAIN,MOVING,MOVING,MOVING,MOVING
194211,5696,,0.00778728,,0.01090016,0.01194653,0.00657372,UNRELIABLE,PARTIAL,UNRELIABLE,PARTIAL,PARTIAL,PARTIAL,UNCERTAIN,STATIONARY,UNCERTAIN,MOVING,MOVING,MOVING,MOVING
194244,5697,,0.00738595,,0.00891329,0.00909423,0.00636615,UNRELIABLE,PARTIAL,UNRELIABLE,PARTIAL,PARTIAL,PARTIAL,UNCERTAIN,STATIONARY,UNCERTAIN,MOVING,MOVING,MOVING,MOVING
194276,5698,,0.00719742,,0.00540592,0.00466268,0.00378313,UNRELIABLE,PARTIAL,UNRELIABLE,PARTIAL,PARTIAL,PARTIAL,UNCERTAIN,STATIONARY,UNCERTAIN,MOVING,MOVING,MOVING,MOVING
194308,5699,,0.00640568,,0.00484695,0.00439073,0.00371149,UNRELIABLE,PARTIAL,UNRELIABLE,PARTIAL,PARTIAL,PARTIAL,UNCERTAIN,STATIONARY,UNCERTAIN,MOVING,MOVING,MOVING,MOVING
194339,5700,,0.00702513,,0.00487593,0.00402283,0.00375964,UNRELIABLE,PARTIAL,UNRELIABLE,PARTIAL,PARTIAL,PARTIAL,UNCERTAIN,STATIONARY,UNCERTAIN,MOVING,MOVING,MOVING,MOVING
194387,5701,,0.00774842,0.00000000,0.00520698,0.00418580,0.00491390,UNRELIABLE,RELIABLE,PARTIAL,RELIABLE,PARTIAL,PARTIAL,UNCERTAIN,STATIONARY,STATIONARY,MOVING,MOVING,MOVING,MOVING
194419,5702,,0.00977468,0.01057943,0.00634505,0.00509641,0.00628407,UNRELIABLE,RELIABLE,PARTIAL,RELIABLE,PARTIAL,PARTIAL,UNCERTAIN,STATIONARY,STATIONARY,MOVING,MOVING,MOVING,MOVING
194451,5703,,0.01116889,0.00890493,0.00658009,0.00481119,0.00700017,UNRELIABLE,RELIABLE,RELIABLE,RELIABLE,PARTIAL,PARTIAL,UNCERTAIN,STATIONARY,STATIONARY,MOVING,MOVING,MOVING,MOVING
194483,5704,,0.01272663,0.00861012,0.00697597,0.00424256,0.00704486,UNRELIABLE,RELIABLE,RELIABLE,RELIABLE,PARTIAL,PARTIAL,UNCERTAIN,STATIONARY,STATIONARY,MOVING,MOVING,MOVING,MOVING
194517,5705,,0.01394478,0.00881726,0.00756578,0.00429401,0.00757987,UNRELIABLE,RELIABLE,RELIABLE,RELIABLE,PARTIAL,PARTIAL,UNCERTAIN,STATIONARY,STATIONARY,MOVING,STATIONARY,MOVING,MOVING
194548,5706,,0.01511842,0.00849456,0.00816509,0.00585564,0.00728532,UNRELIABLE,RELIABLE,RELIABLE,RELIABLE,PARTIAL,PARTIAL,UNCERTAIN,MOVING,STATIONARY,MOVING,STATIONARY,MOVING,MOVING
194580,5707,,0.01642514,0.00847885,0.00869354,0.00569228,0.00748098,UNRELIABLE,RELIABLE,RELIABLE,RELIABLE,PARTIAL,PARTIAL,UNCERTAIN,MOVING,STATIONARY,MOVING,STATIONARY,MOVING,MOVING
194612,5708,,0.01614582,0.00796591,0.00876565,0.00611975,0.00813788,UNRELIABLE,RELIABLE,RELIABLE,RELIABLE,PARTIAL,PARTIAL,UNCERTAIN,MOVING,STATIONARY,MOVING,STATIONARY,MOVING,MOVING
194643,5709,,0.01587817,0.00793357,0.00883412,0.00622040,0.00706532,UNRELIABLE,RELIABLE,RELIABLE,RELIABLE,PARTIAL,PARTIAL,UNCERTAIN,MOVING,STATIONARY,MOVING,STATIONARY,MOVING,MOVING
194675,5710,,0.01511612,0.00725429,0.00806634,0.00559375,0.00600081,UNRELIABLE,RELIABLE,RELIABLE,RELIABLE,PARTIAL,PARTIAL,UNCERTAIN,MOVING,STATIONARY,MOVING,STATIONARY,MOVING,MOVING
194707,5711,,0.01497500,0.00774557,0.00808413,0.00556568,0.00579011,UNRELIABLE,RELIABLE,RELIABLE,RELIABLE,PARTIAL,PARTIAL,UNCERTAIN,MOVING,STATIONARY,MOVING,STATIONARY,MOVING,MOVING
194739,5712,,0.01405813,0.00760249,0.00756477,0.00561661,0.00516053,UNRELIABLE,RELIABLE,RELIABLE,RELIABLE,PARTIAL,PARTIAL,UNCERTAIN,MOVING,STATIONARY,MOVING,STATIONARY,MOVING,MOVING
194788,5713,,0.01354781,0.00747511,0.00750057,0.00568028,0.00477261,UNRELIABLE,RELIABLE,RELIABLE,RELIABLE,PARTIAL,PARTIAL,UNCERTAIN,MOVING,STATIONARY,MOVING,STATIONARY,MOVING,MOVING
194820,5714,,0.01263563,0.00723377,0.00696662,0.00422382,0.00496419,UNRELIABLE,RELIABLE,RELIABLE,RELIABLE,PARTIAL,PARTIAL,UNCERTAIN,MOVING,STATIONARY,MOVING,STATIONARY,MOVING,MOVING
194852,5715,,0.01148360,0.00727440,0.00650087,0.00431193,0.00467730,UNRELIABLE,RELIABLE,RELIABLE,RELIABLE,PARTIAL,PARTIAL,UNCERTAIN,MOVING,STATIONARY,MOVING,STATIONARY,MOVING,MOVING
194883,5716,,0.01114877,0.00700361,0.00623414,0.00371006,0.00417763,UNRELIABLE,RELIABLE,RELIABLE,RELIABLE,PARTIAL,PARTIAL,UNCERTAIN,MOVING,STATIONARY,MOVING,STATIONARY,MOVING,MOVING
194915,5717,,0.00973012,0.00685769,0.00561595,0.00331013,0.00403160,UNRELIABLE,RELIABLE,RELIABLE,RELIABLE,PARTIAL,PARTIAL,UNCERTAIN,MOVING,STATIONARY,MOVING,STATIONARY,MOVING,MOVING
194948,5718,,0.00849582,0.00672374,0.00591357,0.00531256,0.00551898,UNRELIABLE,RELIABLE,RELIABLE,RELIABLE,PARTIAL,PARTIAL,UNCERTAIN,MOVING,STATIONARY,MOVING,STATIONARY,STATIONARY,MOVING
194979,5719,,0.01452968,0.00587400,0.00751659,0.00955204,0.00976330,UNRELIABLE,RELIABLE,RELIABLE,RELIABLE,PARTIAL,PARTIAL,UNCERTAIN,MOVING,STATIONARY,MOVING,STATIONARY,STATIONARY,MOVING
195012,5720,,0.01712428,0.00534885,0.00777984,0.01034106,0.01089244,UNRELIABLE,RELIABLE,RELIABLE,RELIABLE,PARTIAL,PARTIAL,UNCERTAIN,MOVING,STATIONARY,MOVING,STATIONARY,STATIONARY,MOVING
195044,5721,,0.02422507,0.00515456,0.00843295,0.01133576,0.01286065,UNRELIABLE,RELIABLE,RELIABLE,RELIABLE,PARTIAL,PARTIAL,UNCERTAIN,MOVING,STATIONARY,MOVING,STATIONARY,STATIONARY,MOVING
195075,5722,,0.04304857,0.03564187,0.02070338,0.01837729,0.01970078,UNRELIABLE,RELIABLE,RELIABLE,RELIABLE,PARTIAL,PARTIAL,UNCERTAIN,MOVING,STATIONARY,MOVING,STATIONARY,STATIONARY,MOVING
195107,5723,,0.06709728,0.05726037,0.02793236,0.01984787,0.02519346,UNRELIABLE,RELIABLE,RELIABLE,RELIABLE,PARTIAL,PARTIAL,UNCERTAIN,MOVING,STATIONARY,MOVING,STATIONARY,MOVING,MOVING
195155,5724,,0.07127452,0.06221702,0.03078440,0.02259676,0.02719110,UNRELIABLE,RELIABLE,RELIABLE,RELIABLE,PARTIAL,PARTIAL,UNCERTAIN,MOVING,MOVING,MOVING,MOVING,MOVING,MOVING
195187,5725,0.00000000,0.09708573,0.08616200,0.03936474,0.02402762,0.03290289,RELIABLE,RELIABLE,RELIABLE,RELIABLE,PARTIAL,PARTIAL,STATIONARY,MOVING,MOVING,MOVING,MOVING,MOVING,MOVING
195220,5726,0.00290504,0.10526094,0.10215494,0.04137384,0.02312514,0.03281847,RELIABLE,RELIABLE,RELIABLE,RELIABLE,PARTIAL,PARTIAL,STATIONARY,MOVING,MOVING,MOVING,MOVING,MOVING,MOVING
195251,5727,0.00387520,0.11257016,0.10825406,0.04528164,0.02263048,0.03070666,RELIABLE,RELIABLE,RELIABLE,RELIABLE,PARTIAL,PARTIAL,STATIONARY,MOVING,MOVING,MOVING,MOVING,MOVING,MOVING
195284,5728,0.00686562,0.11401291,0.10942050,0.04735328,0.02657638,0.03221738,RELIABLE,RELIABLE,RELIABLE,RELIABLE,PARTIAL,PARTIAL,STATIONARY,MOVING,MOVING,MOVING,MOVING,MOVING,MOVING
195315,5729,0.00693014,0.10783999,0.10914773,0.04711518,0.02642556,0.03083930,RELIABLE,RELIABLE,RELIABLE,RELIABLE,PARTIAL,PARTIAL,STATIONARY,MOVING,MOVING,MOVING,MOVING,MOVING,MOVING
195348,5730,0.00654027,0.08941907,0.07838767,0.03481016,0.02063798,0.02523895,RELIABLE,RELIABLE,RELIABLE,RELIABLE,PARTIAL,PARTIAL,STATIONARY,MOVING,MOVING,MOVING,MOVING,MOVING,MOVING
195379,5731,0.00586645,0.06540870,0.05597062,0.02748767,0.01934055,0.01964274,RELIABLE,RELIABLE,RELIABLE,RELIABLE,PARTIAL,PARTIAL,STATIONARY,MOVING,MOVING,MOVING,MOVING,MOVING,MOVING
195412,5732,0.00520368,0.06094382,0.05112903,0.02484265,0.01700025,0.01738640,RELIABLE,RELIABLE,RELIABLE,RELIABLE,PARTIAL,PARTIAL,STATIONARY,MOVING,MOVING,MOVING,MOVING,MOVING,MOVING
195443,5733,0.00512883,0.03574409,0.02702336,0.01660016,0.01587918,0.01182759,RELIABLE,RELIABLE,RELIABLE,RELIABLE,PARTIAL,PARTIAL,STATIONARY,MOVING,MOVING,MOVING,MOVING,MOVING,MOVING
195476,5734,0.00513987,0.02734668,0.01101813,0.01399983,0.01459325,0.01040282,RELIABLE,RELIABLE,RELIABLE,RELIABLE,PARTIAL,PARTIAL,STATIONARY,MOVING,MOVING,MOVING,MOVING,MOVING,MOVING
195507,5735,0.00495464,0.01254387,0.00489146,0.00822231,0.01074169,0.00769835,RELIABLE,RELIABLE,RELIABLE,RELIABLE,PARTIAL,PARTIAL,STATIONARY,MOVING,MOVING,MOVING,MOVING,MOVING,MOVING
195556,5736,0.00378851,0.00805524,0.00385206,0.00577442,0.00594619,0.00525237,RELIABLE,RELIABLE,RELIABLE,RELIABLE,PARTIAL,PARTIAL,STATIONARY,MOVING,MOVING,MOVING,MOVING,MOVING,MOVING
195587,5737,0.00327563,0.00676335,0.00355776,0.00494394,0.00481939,0.00471932,RELIABLE,RELIABLE,RELIABLE,RELIABLE,PARTIAL,PARTIAL,STATIONARY,MOVING,MOVING,MOVING,MOVING,MOVING,MOVING
195619,5738,0.00317504,0.00569908,0.00337088,0.00440169,0.00340595,0.00355292,RELIABLE,RELIABLE,RELIABLE,RELIABLE,PARTIAL,PARTIAL,STATIONARY,MOVING,MOVING,MOVING,MOVING,MOVING,MOVING
195651,5739,0.00295801,0.00514053,0.00354143,0.00399255,0.00269941,0.00385800,RELIABLE,RELIABLE,RELIABLE,RELIABLE,PARTIAL,PARTIAL,STATIONARY,MOVING,MOVING,MOVING,MOVING,MOVING,MOVING
195683,5740,0.00324871,0.00463630,0.00365273,0.00347468,0.00242512,0.00349889,RELIABLE,RELIABLE,RELIABLE,RELIABLE,PARTIAL,PARTIAL,STATIONARY,MOVING,MOVING,MOVING,MOVING,MOVING,MOVING
195716,5741,0.00302518,0.00400839,0.00331335,0.00274870,0.00203686,0.00305043,RELIABLE,RELIABLE,RELIABLE,RELIABLE,PARTIAL,PARTIAL,STATIONARY,MOVING,MOVING,MOVING,MOVING,MOVING,MOVING
195750,5742,0.00274519,0.00367227,0.00330726,0.00231869,0.00171576,0.00274270,RELIABLE,RELIABLE,RELIABLE,RELIABLE,PARTIAL,PARTIAL,STATIONARY,MOVING,STATIONARY,MOVING,MOVING,MOVING,MOVING
195781,5743,0.00238809,0.00346948,0.00323675,0.00189040,0.00154301,0.00262870,RELIABLE,RELIABLE,RELIABLE,RELIABLE,PARTIAL,PARTIAL,STATIONARY,MOVING,STATIONARY,STATIONARY,STATIONARY,STATIONARY,MOVING
195813,5744,0.00206501,0.00291788,0.00328219,0.00148370,0.00123654,0.00256763,RELIABLE,RELIABLE,RELIABLE,RELIABLE,PARTIAL,PARTIAL,STATIONARY,MOVING,STATIONARY,STATIONARY,STATIONARY,STATIONARY,MOVING
195845,5745,0.00200378,0.00232017,0.00410185,0.00143417,0.00218759,0.00362900,RELIABLE,RELIABLE,RELIABLE,RELIABLE,PARTIAL,PARTIAL,STATIONARY,STATIONARY,STATIONARY,STATIONARY,STATIONARY,STATIONARY,STATIONARY
195877,5746,0.00195789,0.00215152,0.00452378,0.00152337,0.00242591,0.00384472,RELIABLE,RELIABLE,RELIABLE,RELIABLE,PARTIAL,PARTIAL,STATIONARY,STATIONARY,STATIONARY,STATIONARY,STATIONARY,STATIONARY,STATIONARY
195909,5747,0.00227434,0.00199389,0.00473763,0.00178344,0.00308024,0.00349573,RELIABLE,RELIABLE,RELIABLE,RELIABLE,PARTIAL,PARTIAL,STATIONARY,STATIONARY,STATIONARY,STATIONARY,STATIONARY,STATIONARY,STATIONARY
195956,5748,0.00235993,0.00215629,0.00531318,0.00227178,0.00320627,0.00402476,RELIABLE,RELIABLE,RELIABLE,RELIABLE,PARTIAL,PARTIAL,STATIONARY,STATIONARY,STATIONARY,STATIONARY,STATIONARY,STATIONARY,STATIONARY
195988,5749,0.00243616,0.00215333,0.00551519,0.00272831,0.00451684,0.00528419,RELIABLE,RELIABLE,RELIABLE,RELIABLE,PARTIAL,PARTIAL,STATIONARY,STATIONARY,STATIONARY,STATIONARY,STATIONARY,STATIONARY,STATIONARY
196019,5750,0.00251517,0.00206701,0.00575744,0.00306058,0.00477780,0.00552649,RELIABLE,RELIABLE,RELIABLE,RELIABLE,PARTIAL,PARTIAL,STATIONARY,STATIONARY,STATIONARY,STATIONARY,STATIONARY,STATIONARY,STATIONARY
196051,5751,0.00283315,0.00204863,0.00575431,0.00317396,0.00623447,0.00558813,RELIABLE,RELIABLE,RELIABLE,RELIABLE,PARTIAL,PARTIAL,STATIONARY,STATIONARY,STATIONARY,STATIONARY,STATIONARY,STATIONARY,STATIONARY
196084,5752,0.00311974,0.00235379,0.00588501,0.00344043,0.00656797,0.00569265,RELIABLE,RELIABLE,RELIABLE,RELIABLE,PARTIAL,PARTIAL,STATIONARY,STATIONARY,STATIONARY,STATIONARY,STATIONARY,STATIONARY,STATIONARY
196115,5753,0.00319505,0.00237698,0.00526704,0.00338107,0.00576117,0.00449017,RELIABLE,RELIABLE,RELIABLE,RELIABLE,PARTIAL,PARTIAL,STATIONARY,STATIONARY,STATIONARY,STATIONARY,STATIONARY,STATIONARY,STATIONARY
196148,5754,0.00306557,0.00242755,0.00541410,0.00338848,0.00552622,0.00449074,RELIABLE,RELIABLE,RELIABLE,RELIABLE,PARTIAL,PARTIAL,STATIONARY,STATIONARY,STATIONARY,STATIONARY,STATIONARY,STATIONARY,STATIONARY
196179,5755,0.00296299,0.00237389,0.00503567,0.00322317,0.00513860,0.00481198,RELIABLE,RELIABLE,RELIABLE,RELIABLE,PARTIAL,PARTIAL,STATIONARY,STATIONARY,STATIONARY,STATIONARY,STATIONARY,STATIONARY,STATIONARY
196212,5756,0.00264455,0.00203484,0.00434977,0.00276321,0.00496306,0.00465374,RELIABLE,RELIABLE,RELIABLE,RELIABLE,PARTIAL,PARTIAL,STATIONARY,STATIONARY,STATIONARY,STATIONARY,STATIONARY,STATIONARY,STATIONARY
196244,5757,0.00254704,0.00193147,0.00433833,0.00246037,0.00384227,0.00364557,RELIABLE,RELIABLE,RELIABLE,RELIABLE,PARTIAL,PARTIAL,STATIONARY,STATIONARY,STATIONARY,STATIONARY,STATIONARY,STATIONARY,STATIONARY
196275,5758,0.00257707,0.00202147,0.00391555,0.00209900,0.00355108,0.00328152,RELIABLE,RELIABLE,RELIABLE,RELIABLE,PARTIAL,PARTIAL,STATIONARY,STATIONARY,STATIONARY,STATIONARY,STATIONARY,STATIONARY,STATIONARY
196324,5759,0.00242742,0.00186609,0.00363528,0.00187772,0.00203469,0.00311646,RELIABLE,RELIABLE,RELIABLE,RELIABLE,PARTIAL,PARTIAL,STATIONARY,STATIONARY,STATIONARY,STATIONARY,STATIONARY,STATIONARY,STATIONARY
196356,5760,0.00217722,0.00157386,0.00318709,0.00161543,0.00167597,0.00363246,RELIABLE,RELIABLE,RELIABLE,RELIABLE,PARTIAL,PARTIAL,STATIONARY,STATIONARY,STATIONARY,STATIONARY,STATIONARY,STATIONARY,STATIONARY
196388,5761,0.00182627,0.00130544,0.00279915,0.00137899,0.00213471,0.00358897,RELIABLE,RELIABLE,RELIABLE,RELIABLE,PARTIAL,PARTIAL,STATIONARY,STATIONARY,STATIONARY,STATIONARY,STATIONARY,STATIONARY,STATIONARY
196420,5762,0.00154454,0.00121806,0.00212399,0.00113123,0.00186078,0.00313174,RELIABLE,RELIABLE,RELIABLE,RELIABLE,PARTIAL,PARTIAL,STATIONARY,STATIONARY,STATIONARY,STATIONARY,STATIONARY,STATIONARY,STATIONARY
196451,5763,0.00128050,0.00122449,0.00188079,0.00105500,0.00173861,0.00266907,RELIABLE,RELIABLE,RELIABLE,RELIABLE,PARTIAL,PARTIAL,STATIONARY,STATIONARY,STATIONARY,STATIONARY,STATIONARY,STATIONARY,STATIONARY
196484,5764,0.00109044,0.00132150,0.00159662,0.00120449,0.00206437,0.00249465,RELIABLE,RELIABLE,RELIABLE,RELIABLE,PARTIAL,PARTIAL,STATIONARY,STATIONARY,STATIONARY,STATIONARY,STATIONARY,STATIONARY,STATIONARY
196516,5765,0.00090648,0.00144415,0.00129808,0.00132131,0.00209807,0.00252519,RELIABLE,RELIABLE,RELIABLE,RELIABLE,PARTIAL,PARTIAL,STATIONARY,STATIONARY,STATIONARY,STATIONARY,STATIONARY,STATIONARY,STATIONARY
196548,5766,0.00081914,0.00160887,0.00146860,0.00153867,0.00236270,0.00282093,RELIABLE,RELIABLE,RELIABLE,RELIABLE,PARTIAL,PARTIAL,STATIONARY,STATIONARY,STATIONARY,STATIONARY,STATIONARY,STATIONARY,STATIONARY
196579,5767,0.00085914,0.00210172,0.00189189,0.00197861,0.00253775,0.00320104,RELIABLE,RELIABLE,RELIABLE,RELIABLE,PARTIAL,PARTIAL,STATIONARY,STATIONARY,STATIONARY,STATIONARY,STATIONARY,STATIONARY,STATIONARY
196611,5768,0.00089535,0.00259471,0.00247753,0.00233339,0.00255328,0.00282060,RELIABLE,RELIABLE,RELIABLE,RELIABLE,PARTIAL,PARTIAL,STATIONARY,STATIONARY,STATIONARY,STATIONARY,STATIONARY,STATIONARY,STATIONARY
196643,5769,0.00145612,0.00304165,0.00326844,0.00302623,0.00219436,0.00342836,RELIABLE,RELIABLE,RELIABLE,RELIABLE,PARTIAL,PARTIAL,STATIONARY,STATIONARY,STATIONARY,STATIONARY,STATIONARY,STATIONARY,STATIONARY
196675,5770,0.00210848,0.00369422,0.00429460,0.00368598,0.00279871,0.00349304,RELIABLE,RELIABLE,RELIABLE,RELIABLE,PARTIAL,PARTIAL,STATIONARY,STATIONARY,STATIONARY,STATIONARY,STATIONARY,STATIONARY,STATIONARY
196724,5771,0.00295243,0.00440503,0.00529876,0.00441372,0.00313982,0.00393894,RELIABLE,RELIABLE,RELIABLE,RELIABLE,PARTIAL,PARTIAL,STATIONARY,STATIONARY,STATIONARY,STATIONARY,STATIONARY,STATIONARY,STATIONARY
196755,5772,0.00359545,0.00485722,0.00564735,0.00460041,0.00313408,0.00386086,RELIABLE,RELIABLE,RELIABLE,RELIABLE,PARTIAL,PARTIAL,STATIONARY,STATIONARY,STATIONARY,STATIONARY,STATIONARY,STATIONARY,STATIONARY
196788,5773,0.00398208,0.00515950,0.00624111,0.00481476,0.00327334,0.00591096,RELIABLE,RELIABLE,RELIABLE,RELIABLE,PARTIAL,PARTIAL,STATIONARY,STATIONARY,STATIONARY,STATIONARY,STATIONARY,STATIONARY,STATIONARY
196820,5774,0.00446461,0.00519756,0.00669088,0.00506231,0.00378548,0.00906204,RELIABLE,RELIABLE,RELIABLE,RELIABLE,PARTIAL,PARTIAL,STATIONARY,STATIONARY,STATIONARY,STATIONARY,STATIONARY,STATIONARY,STATIONARY
196851,5775,0.00475284,0.00515664,0.00676010,0.00544850,0.00536617,0.01075915,RELIABLE,RELIABLE,RELIABLE,RELIABLE,PARTIAL,PARTIAL,STATIONARY,STATIONARY,STATIONARY,STATIONARY,STATIONARY,STATIONARY,STATIONARY
196883,5776,0.00510656,0.00495206,0.00642279,0.00565391,0.00569138,0.01449521,RELIABLE,RELIABLE,RELIABLE,RELIABLE,PARTIAL,PARTIAL,STATIONARY,STATIONARY,STATIONARY,STATIONARY,STATIONARY,STATIONARY,STATIONARY
196915,5777,0.00494047,0.00502786,0.00616611,0.00557615,0.00556261,0.01834068,RELIABLE,RELIABLE,RELIABLE,RELIABLE,PARTIAL,RELIABLE,STATIONARY,STATIONARY,STATIONARY,STATIONARY,STATIONARY,STATIONARY,STATIONARY
196947,5778,0.00458599,0.00484254,0.00550548,0.00561789,0.00668116,0.02304584,RELIABLE,RELIABLE,RELIABLE,RELIABLE,PARTIAL,RELIABLE,STATIONARY,STATIONARY,STATIONARY,STATIONARY,STATIONARY,MOVING,MOVING
196980,5779,0.00406253,0.00462953,0.00508351,0.00529052,0.00791536,0.02640143,RELIABLE,RELIABLE,RELIABLE,RELIABLE,PARTIAL,RELIABLE,STATIONARY,STATIONARY,STATIONARY,STATIONARY,STATIONARY,MOVING,MOVING
197012,5780,0.00365037,0.00445363,0.00505347,0.00517727,0.00930080,0.02881370,RELIABLE,RELIABLE,RELIABLE,RELIABLE,PARTIAL,RELIABLE,STATIONARY,STATIONARY,STATIONARY,STATIONARY,STATIONARY,MOVING,MOVING
197043,5781,0.00335166,0.00405302,0.00444118,0.00492809,0.00966579,0.03057977,RELIABLE,RELIABLE,RELIABLE,RELIABLE,PARTIAL,RELIABLE,STATIONARY,STATIONARY,STATIONARY,STATIONARY,STATIONARY,MOVING,MOVING
197091,5782,0.00323871,0.00389347,0.00378212,0.00449850,0.00984477,0.02910703,RELIABLE,RELIABLE,RELIABLE,RELIABLE,PARTIAL,RELIABLE,STATIONARY,STATIONARY,STATIONARY,STATIONARY,STATIONARY,MOVING,MOVING
197123,5783,0.00306357,0.00346345,0.00334366,0.00366235,0.00806759,0.02871544,RELIABLE,RELIABLE,RELIABLE,RELIABLE,PARTIAL,RELIABLE,STATIONARY,STATIONARY,STATIONARY,STATIONARY,STATIONARY,MOVING,MOVING
197155,5784,0.00278792,0.00323046,0.00340400,0.00317856,0.00796243,0.02573890,RELIABLE,RELIABLE,RELIABLE,RELIABLE,PARTIAL,RELIABLE,STATIONARY,STATIONARY,STATIONARY,STATIONARY,STATIONARY,MOVING,MOVING
197189,5785,0.00274683,0.00276443,0.00319609,0.00272016,0.00783512,0.02360293,RELIABLE,RELIABLE,RELIABLE,RELIABLE,PARTIAL,RELIABLE,STATIONARY,STATIONARY,STATIONARY,STATIONARY,STATIONARY,MOVING,MOVING
197220,5786,0.00269709,0.00238151,0.00314617,0.00207075,0.00624227,0.01925720,RELIABLE,RELIABLE,RELIABLE,RELIABLE,PARTIAL,RELIABLE,STATIONARY,STATIONARY,STATIONARY,STATIONARY,STATIONARY,MOVING,MOVING
197252,5787,0.00252990,0.00190462,0.00284824,0.00178366,0.00466419,0.01564132,RELIABLE,RELIABLE,RELIABLE,RELIABLE,PARTIAL,RELIABLE,STATIONARY,STATIONARY,STATIONARY,STATIONARY,STATIONARY,MOVING,MOVING
197284,5788,0.00275578,0.00153266,0.00278537,0.00164246,0.00283686,0.01497871,RELIABLE,RELIABLE,RELIABLE,RELIABLE,PARTIAL,RELIABLE,STATIONARY,STATIONARY,STATIONARY,STATIONARY,STATIONARY,MOVING,MOVING
197315,5789,0.00303453,0.00168469,0.00329896,0.00166445,0.00277488,0.01213311,RELIABLE,RELIABLE,RELIABLE,RELIABLE,PARTIAL,RELIABLE,STATIONARY,STATIONARY,STATIONARY,STATIONARY,STATIONARY,MOVING,MOVING
197347,5790,0.00295250,0.00171244,0.00344844,0.00183117,0.00252155,0.01111014,RELIABLE,RELIABLE,RELIABLE,RELIABLE,PARTIAL,RELIABLE,STATIONARY,STATIONARY,STATIONARY,STATIONARY,STATIONARY,MOVING,MOVING
197380,5791,0.00279376,0.00202587,0.00365123,0.00204937,0.00311024,0.01068469,RELIABLE,RELIABLE,RELIABLE,RELIABLE,PARTIAL,RELIABLE,STATIONARY,STATIONARY,STATIONARY,STATIONARY,STATIONARY,MOVING,MOVING
197412,5792,0.00284917,0.00215092,0.00354056,0.00215694,0.00438211,0.01319480,RELIABLE,RELIABLE,RELIABLE,RELIABLE,PARTIAL,RELIABLE,STATIONARY,STATIONARY,STATIONARY,STATIONARY,STATIONARY,MOVING,MOVING
197443,5793,0.00254149,0.00227933,0.00342477,0.00216422,0.00454023,0.01530708,RELIABLE,RELIABLE,RELIABLE,RELIABLE,PARTIAL,RELIABLE,STATIONARY,STATIONARY,STATIONARY,STATIONARY,STATIONARY,MOVING,MOVING
197492,5794,0.00230435,0.00241923,0.00342179,0.00236213,0.00524831,0.01760654,RELIABLE,RELIABLE,RELIABLE,RELIABLE,PARTIAL,RELIABLE,STATIONARY,STATIONARY,STATIONARY,STATIONARY,STATIONARY,MOVING,MOVING
197524,5795,0.00216227,0.00245267,0.00321441,0.00226779,0.00548920,0.01970863,RELIABLE,RELIABLE,RELIABLE,RELIABLE,PARTIAL,RELIABLE,STATIONARY,STATIONARY,STATIONARY,STATIONARY,STATIONARY,MOVING,MOVING
197556,5796,0.00181474,0.00247749,0.00291840,0.00220940,0.00627057,0.01885438,RELIABLE,RELIABLE,RELIABLE,RELIABLE,PARTIAL,RELIABLE,STATIONARY,STATIONARY,STATIONARY,STATIONARY,STATIONARY,MOVING,MOVING
197588,5797,0.00146356,0.00232890,0.00231665,0.00207215,0.00589114,0.01856132,RELIABLE,RELIABLE,RELIABLE,RELIABLE,PARTIAL,RELIABLE,STATIONARY,STATIONARY,STATIONARY,STATIONARY,STATIONARY,MOVING,MOVING
197619,5798,0.00108962,0.00213661,0.00198293,0.00180900,0.00536287,0.01837158,RELIABLE,RELIABLE,RELIABLE,RELIABLE,PARTIAL,RELIABLE,STATIONARY,STATIONARY,STATIONARY,STATIONARY,STATIONARY,MOVING,MOVING
197651,5799,0.00092116,0.00174537,0.00166545,0.00162801,0.00486704,0.01790728,RELIABLE,RELIABLE,RELIABLE,RELIABLE,PARTIAL,RELIABLE,STATIONARY,STATIONARY,STATIONARY,STATIONARY,STATIONARY,MOVING,MOVING
197684,5800,0.00063667,0.00144972,0.00131100,0.00134797,0.00360124,0.01511196,RELIABLE,RELIABLE,RELIABLE,RELIABLE,PARTIAL,RELIABLE,STATIONARY,STATIONARY,STATIONARY,STATIONARY,STATIONARY,MOVING,MOVING
197716,5801,0.00057058,0.00117958,0.00109129,0.00121774,0.00356345,0.01124118,RELIABLE,RELIABLE,RELIABLE,RELIABLE,PARTIAL,RELIABLE,STATIONARY,STATIONARY,STATIONARY,STATIONARY,STATIONARY,MOVING,MOVING
197748,5802,0.00052577,0.00084277,0.00078859,0.00101481,0.00332274,0.00876282,RELIABLE,RELIABLE,RELIABLE,RELIABLE,PARTIAL,RELIABLE,STATIONARY,STATIONARY,STATIONARY,STATIONARY,STATIONARY,MOVING,MOVING
197779,5803,0.00053201,0.00082315,0.00070438,0.00090745,0.00310827,0.00747501,RELIABLE,RELIABLE,RELIABLE,RELIABLE,PARTIAL,RELIABLE,STATIONARY,STATIONARY,STATIONARY,STATIONARY,STATIONARY,MOVING,MOVING
197811,5804,0.00041794,0.00077297,0.00062644,0.00086952,0.00295204,0.00887289,RELIABLE,RELIABLE,RELIABLE,RELIABLE,PARTIAL,RELIABLE,STATIONARY,STATIONARY,STATIONARY,STATIONARY,STATIONARY,MOVING,MOVING
197860,5805,0.00027027,0.00083907,0.00066134,0.00083633,0.00364875,0.01148014,RELIABLE,RELIABLE,RELIABLE,RELIABLE,PARTIAL,RELIABLE,STATIONARY,STATIONARY,STATIONARY,STATIONARY,STATIONARY,MOVING,MOVING
197892,5806,0.00030671,0.00072904,0.00068314,0.00088565,0.00400395,0.01299042,RELIABLE,RELIABLE,RELIABLE,RELIABLE,PARTIAL,RELIABLE,STATIONARY,STATIONARY,STATIONARY,STATIONARY,STATIONARY,MOVING,MOVING
197924,5807,0.00027426,0.00083244,0.00087686,0.00087491,0.00451561,0.01428807,RELIABLE,RELIABLE,RELIABLE,RELIABLE,PARTIAL,RELIABLE,STATIONARY,STATIONARY,STATIONARY,STATIONARY,STATIONARY,MOVING,MOVING
197956,5808,0.00025918,0.00094522,0.00093473,0.00103019,0.00454804,0.01520910,RELIABLE,RELIABLE,RELIABLE,RELIABLE,PARTIAL,RELIABLE,STATIONARY,STATIONARY,STATIONARY,STATIONARY,STATIONARY,MOVING,MOVING
197987,5809,0.00025886,0.00105911,0.00118951,0.00108635,0.00466375,0.01860230,RELIABLE,RELIABLE,RELIABLE,RELIABLE,PARTIAL,RELIABLE,STATIONARY,STATIONARY,STATIONARY,STATIONARY,STATIONARY,MOVING,MOVING
198019,5810,0.00028169,0.00123431,0.00148931,0.00104072,0.00436675,0.02124421,RELIABLE,RELIABLE,RELIABLE,RELIABLE,PARTIAL,RELIABLE,STATIONARY,STATIONARY,STATIONARY,STATIONARY,STATIONARY,MOVING,MOVING
198051,5811,0.00031123,0.00124630,0.00236635,0.00117408,0.00432971,0.02165201,RELIABLE,RELIABLE,RELIABLE,RELIABLE,PARTIAL,RELIABLE,STATIONARY,STATIONARY,STATIONARY,STATIONARY,STATIONARY,MOVING,MOVING
198084,5812,0.00048050,0.00129596,0.00273496,0.00123439,0.00399517,0.02236194,RELIABLE,RELIABLE,RELIABLE,RELIABLE,PARTIAL,RELIABLE,STATIONARY,STATIONARY,STATIONARY,STATIONARY,STATIONARY,MOVING,MOVING
198116,5813,0.00056166,0.00114295,0.00281664,0.00120863,0.00363756,0.02049122,RELIABLE,RELIABLE,RELIABLE,RELIABLE,PARTIAL,RELIABLE,STATIONARY,STATIONARY,STATIONARY,STATIONARY,STATIONARY,MOVING,MOVING
198148,5814,0.00057121,0.00109906,0.00286963,0.00116037,0.00403072,0.01885926,RELIABLE,RELIABLE,RELIABLE,RELIABLE,PARTIAL,RELIABLE,STATIONARY,STATIONARY,STATIONARY,STATIONARY,STATIONARY,MOVING,MOVING
198179,5815,0.00060213,0.00095539,0.00271406,0.00110878,0.00338094,0.01681475,RELIABLE,RELIABLE,RELIABLE,RELIABLE,PARTIAL,RELIABLE,STATIONARY,STATIONARY,STATIONARY,STATIONARY,STATIONARY,MOVING,MOVING
198212,5816,0.00062355,0.00088767,0.00283891,0.00112205,0.00338828,0.01673539,RELIABLE,RELIABLE,RELIABLE,RELIABLE,PARTIAL,RELIABLE,STATIONARY,STATIONARY,STATIONARY,STATIONARY,STATIONARY,MOVING,MOVING
198260,5817,0.00063626,0.00080069,0.00260066,0.00109653,0.00375534,0.01436100,RELIABLE,RELIABLE,RELIABLE,RELIABLE,PARTIAL,RELIABLE,STATIONARY,STATIONARY,STATIONARY,STATIONARY,STATIONARY,MOVING,MOVING
198294,5818,0.00060733,0.00065992,0.00265834,0.00108595,0.00394323,0.01918716,RELIABLE,RELIABLE,RELIABLE,RELIABLE,PARTIAL,RELIABLE,STATIONARY,STATIONARY,STATIONARY,STATIONARY,STATIONARY,MOVING,MOVING
198326,5819,0.00052639,0.00055396,0.00236975,0.00092926,0.00445775,0.02104542,RELIABLE,RELIABLE,RELIABLE,RELIABLE,PARTIAL,RELIABLE,STATIONARY,STATIONARY,STATIONARY,STATIONARY,STATIONARY,MOVING,MOVING
198358,5820,0.00035578,0.00045409,0.00276028,0.00083159,0.00554043,0.02057427,RELIABLE,RELIABLE,RELIABLE,RELIABLE,PARTIAL,RELIABLE,STATIONARY,STATIONARY,STATIONARY,STATIONARY,STATIONARY,MOVING,MOVING
198389,5821,0.00032404,0.00051510,0.00325508,0.00098576,0.00545913,0.01925756,RELIABLE,RELIABLE,RELIABLE,RELIABLE,PARTIAL,RELIABLE,STATIONARY,STATIONARY,STATIONARY,STATIONARY,STATIONARY,MOVING,MOVING
198421,5822,0.00039458,0.00062249,0.00328331,0.00100800,0.00581537,0.02131274,RELIABLE,RELIABLE,RELIABLE,RELIABLE,PARTIAL,RELIABLE,STATIONARY,STATIONARY,STATIONARY,STATIONARY,STATIONARY,MOVING,MOVING
198453,5823,0.00039974,0.00075797,0.00346241,0.00116222,0.00642622,0.02513622,RELIABLE,RELIABLE,RELIABLE,RELIABLE,PARTIAL,RELIABLE,STATIONARY,STATIONARY,STATIONARY,STATIONARY,STATIONARY,MOVING,MOVING
198485,5824,0.00039805,0.00082896,0.00342820,0.00111552,0.00662255,0.02705426,RELIABLE,RELIABLE,RELIABLE,RELIABLE,PARTIAL,RELIABLE,STATIONARY,STATIONARY,STATIONARY,STATIONARY,STATIONARY,MOVING,MOVING
198516,5825,0.00053717,0.00080956,0.00353094,0.00128004,0.00648309,0.02979928,RELIABLE,RELIABLE,RELIABLE,RELIABLE,PARTIAL,PARTIAL,STATIONARY,STATIONARY,STATIONARY,STATIONARY,STATIONARY,MOVING,MOVING
198548,5826,0.00052617,0.00080515,0.00318787,0.00163297,0.00732981,0.02397651,RELIABLE,RELIABLE,RELIABLE,RELIABLE,PARTIAL,RELIABLE,STATIONARY,STATIONARY,STATIONARY,STATIONARY,STATIONARY,MOVING,MOVING
198580,5827,0.00056246,0.00077627,0.00261710,0.00179513,0.00699685,0.02170026,RELIABLE,RELIABLE,RELIABLE,RELIABLE,PARTIAL,RELIABLE,STATIONARY,STATIONARY,STATIONARY,STATIONARY,STATIONARY,MOVING,MOVING
198628,5828,0.00064954,0.00080267,0.00189300,0.00217316,0.00709230,0.02092254,RELIABLE,RELIABLE,RELIABLE,RELIABLE,PARTIAL,PARTIAL,STATIONARY,STATIONARY,STATIONARY,STATIONARY,STATIONARY,MOVING,MOVING
198660,5829,0.00060466,0.00072878,0.00123517,0.00206227,0.00690841,0.02136412,RELIABLE,RELIABLE,RELIABLE,RELIABLE,PARTIAL,PARTIAL,STATIONARY,STATIONARY,STATIONARY,STATIONARY,STATIONARY,MOVING,MOVING
198690,5830,0.00048085,0.00061575,0.00107385,0.00208573,0.00593203,0.01883210,RELIABLE,RELIABLE,RELIABLE,RELIABLE,PARTIAL,PARTIAL,STATIONARY,STATIONARY,STATIONARY,STATIONARY,STATIONARY,MOVING,MOVING
198723,5831,0.00044619,0.00049926,0.00086002,0.00200425,0.00634909,0.01568199,RELIABLE,RELIABLE,RELIABLE,RELIABLE,PARTIAL,RELIABLE,STATIONARY,STATIONARY,STATIONARY,STATIONARY,STATIONARY,MOVING,MOVING
198755,5832,0.00041520,0.00037045,0.00080835,0.00190006,0.00599936,0.01269766,RELIABLE,RELIABLE,RELIABLE,RELIABLE,PARTIAL,RELIABLE,STATIONARY,STATIONARY,STATIONARY,STATIONARY,STATIONARY,MOVING,MOVING
198788,5833,0.00027496,0.00043502,0.00067405,0.00171086,0.00565147,0.00900056,RELIABLE,RELIABLE,RELIABLE,RELIABLE,PARTIAL,RELIABLE,STATIONARY,STATIONARY,STATIONARY,STATIONARY,STATIONARY,MOVING,MOVING
198820,5834,0.00034054,0.00057697,0.00066604,0.00135855,0.00444409,0.00731027,RELIABLE,RELIABLE,RELIABLE,RELIABLE,PARTIAL,RELIABLE,STATIONARY,STATIONARY,STATIONARY,STATIONARY,STATIONARY,MOVING,MOVING
198852,5835,0.00042003,0.00067258,0.00062602,0.00137554,0.00457356,0.00702431,RELIABLE,RELIABLE,RELIABLE,RELIABLE,PARTIAL,RELIABLE,STATIONARY,STATIONARY,STATIONARY,STATIONARY,STATIONARY,MOVING,MOVING
198884,5836,0.00040753,0.00081613,0.00064750,0.00106279,0.00420345,0.00666428,RELIABLE,RELIABLE,RELIABLE,RELIABLE,PARTIAL,RELIABLE,STATIONARY,STATIONARY,STATIONARY,STATIONARY,STATIONARY,MOVING,MOVING
198915,5837,0.00068414,0.00089134,0.00063258,0.00117397,0.00407724,0.00740374,RELIABLE,RELIABLE,RELIABLE,RELIABLE,PARTIAL,RELIABLE,STATIONARY,STATIONARY,STATIONARY,STATIONARY,STATIONARY,MOVING,MOVING
198947,5838,0.00079529,0.00105471,0.00061962,0.00142184,0.00479820,0.00951941,RELIABLE,RELIABLE,RELIABLE,RELIABLE,PARTIAL,RELIABLE,STATIONARY,STATIONARY,STATIONARY,STATIONARY,STATIONARY,MOVING,MOVING
198980,5839,0.00095914,0.00122711,0.00058676,0.00161599,0.00505788,0.01251153,RELIABLE,RELIABLE,RELIABLE,RELIABLE,PARTIAL,RELIABLE,STATIONARY,STATIONARY,STATIONARY,STATIONARY,STATIONARY,MOVING,MOVING
199028,5840,0.00116207,0.00140124,0.00052185,0.00174475,0.00660502,0.01507826,RELIABLE,RELIABLE,RELIABLE,RELIABLE,PARTIAL,RELIABLE,STATIONARY,STATIONARY,STATIONARY,STATIONARY,STATIONARY,MOVING,MOVING
199059,5841,0.00128874,0.00161092,0.00075917,0.00188126,0.00658601,0.01776456,RELIABLE,RELIABLE,RELIABLE,RELIABLE,PARTIAL,RELIABLE,STATIONARY,STATIONARY,STATIONARY,STATIONARY,STATIONARY,MOVING,MOVING
199086,5842,0.00132339,0.00152292,0.00087894,0.00193027,0.00723873,0.01830058,RELIABLE,RELIABLE,RELIABLE,RELIABLE,PARTIAL,RELIABLE,STATIONARY,STATIONARY,STATIONARY,STATIONARY,STATIONARY,MOVING,MOVING
199123,5843,0.00128369,0.00164414,0.00101604,0.00196375,0.00725099,0.02277256,RELIABLE,RELIABLE,RELIABLE,RELIABLE,PARTIAL,RELIABLE,STATIONARY,STATIONARY,STATIONARY,STATIONARY,STATIONARY,MOVING,MOVING
199156,5844,0.00131752,0.00173254,0.00102123,0.00191532,0.00692987,0.02400071,RELIABLE,RELIABLE,RELIABLE,RELIABLE,PARTIAL,RELIABLE,STATIONARY,STATIONARY,STATIONARY,STATIONARY,STATIONARY,MOVING,MOVING
199188,5845,0.00118605,0.00175762,0.00125194,0.00188995,0.00753541,0.02405524,RELIABLE,RELIABLE,RELIABLE,RELIABLE,PARTIAL,RELIABLE,STATIONARY,STATIONARY,STATIONARY,STATIONARY,STATIONARY,MOVING,MOVING
199220,5846,0.00126234,0.00165465,0.00158908,0.00160380,0.00660501,0.02242302,RELIABLE,RELIABLE,RELIABLE,RELIABLE,PARTIAL,RELIABLE,STATIONARY,STATIONARY,STATIONARY,STATIONARY,STATIONARY,MOVING,MOVING
199252,5847,0.00122699,0.00156667,0.00188125,0.00134406,0.00615613,0.01905180,RELIABLE,RELIABLE,RELIABLE,RELIABLE,PARTIAL,RELIABLE,STATIONARY,STATIONARY,STATIONARY,STATIONARY,STATIONARY,MOVING,MOVING
199283,5848,0.00117083,0.00141557,0.00206666,0.00143538,0.00532545,0.01744455,RELIABLE,RELIABLE,RELIABLE,RELIABLE,PARTIAL,RELIABLE,STATIONARY,STATIONARY,STATIONARY,STATIONARY,STATIONARY,MOVING,MOVING
199315,5849,0.00123130,0.00114271,0.00207558,0.00143395,0.00637563,0.01448975,RELIABLE,RELIABLE,RELIABLE,RELIABLE,PARTIAL,RELIABLE,STATIONARY,STATIONARY,STATIONARY,STATIONARY,STATIONARY,MOVING,MOVING
199347,5850,0.00123594,0.00106566,0.00252931,0.00145266,0.00617590,0.01935009,RELIABLE,RELIABLE,RELIABLE,RELIABLE,PARTIAL,RELIABLE,STATIONARY,STATIONARY,STATIONARY,STATIONARY,STATIONARY,MOVING,MOVING
199396,5851,0.00119832,0.00083375,0.00360612,0.00131988,0.00651766,0.01667933,RELIABLE,RELIABLE,RELIABLE,RELIABLE,PARTIAL,RELIABLE,STATIONARY,STATIONARY,STATIONARY,STATIONARY,STATIONARY,MOVING,MOVING
199428,5852,0.00110957,0.00062219,0.00400958,0.00131467,0.00628021,0.01565979,RELIABLE,RELIABLE,RELIABLE,RELIABLE,PARTIAL,RELIABLE,STATIONARY,STATIONARY,STATIONARY,STATIONARY,STATIONARY,MOVING,MOVING
199450,5853,0.00108614,0.00049027,0.00380324,0.00117545,0.00657003,0.01491861,RELIABLE,RELIABLE,RELIABLE,RELIABLE,PARTIAL,RELIABLE,STATIONARY,STATIONARY,STATIONARY,STATIONARY,STATIONARY,MOVING,MOVING
199482,5854,0.00089406,0.00065167,0.00369995,0.00121281,0.00728059,0.01645541,RELIABLE,RELIABLE,RELIABLE,RELIABLE,PARTIAL,RELIABLE,STATIONARY,STATIONARY,STATIONARY,STATIONARY,STATIONARY,MOVING,MOVING
199524,5855,0.00075418,0.00069025,0.00347583,0.00130840,0.00670059,0.02271931,RELIABLE,RELIABLE,RELIABLE,RELIABLE,PARTIAL,RELIABLE,STATIONARY,STATIONARY,STATIONARY,STATIONARY,STATIONARY,MOVING,MOVING
199556,5856,0.00072254,0.00080957,0.00341407,0.00127306,0.00617427,0.02456208,RELIABLE,RELIABLE,RELIABLE,RELIABLE,PARTIAL,RELIABLE,STATIONARY,STATIONARY,STATIONARY,STATIONARY,STATIONARY,MOVING,MOVING
199587,5857,0.00078879,0.00086193,0.00331212,0.00130658,0.00617643,0.02721718,RELIABLE,RELIABLE,RELIABLE,RELIABLE,PARTIAL,PARTIAL,STATIONARY,STATIONARY,STATIONARY,STATIONARY,STATIONARY,MOVING,MOVING
199619,5858,0.00073986,0.00095716,0.00289312,0.00183971,0.00681921,0.02432755,RELIABLE,RELIABLE,RELIABLE,RELIABLE,PARTIAL,PARTIAL,STATIONARY,STATIONARY,STATIONARY,STATIONARY,STATIONARY,MOVING,MOVING
199651,5859,0.00079052,0.00104471,0.00179467,0.00218757,0.00687757,0.02515569,RELIABLE,RELIABLE,RELIABLE,RELIABLE,PARTIAL,PARTIAL,STATIONARY,STATIONARY,STATIONARY,STATIONARY,STATIONARY,MOVING,MOVING
199684,5860,0.00088006,0.00118024,0.00132242,0.00235370,0.00674755,0.02461039,RELIABLE,RELIABLE,RELIABLE,RELIABLE,PARTIAL,PARTIAL,STATIONARY,STATIONARY,STATIONARY,STATIONARY,STATIONARY,MOVING,MOVING
199718,5861,0.00090364,0.00128898,0.00134517,0.00258254,0.00672703,0.02427006,RELIABLE,RELIABLE,RELIABLE,RELIABLE,PARTIAL,PARTIAL,STATIONARY,STATIONARY,STATIONARY,STATIONARY,STATIONARY,MOVING,MOVING
199750,5862,0.00101333,0.00123954,0.00126367,0.00256094,0.00605765,0.02225351,RELIABLE,RELIABLE,RELIABLE,RELIABLE,PARTIAL,PARTIAL,STATIONARY,STATIONARY,STATIONARY,STATIONARY,STATIONARY,MOVING,MOVING
199795,5863,0.00107553,0.00109411,0.00120825,0.00243831,0.00609034,0.01607395,RELIABLE,RELIABLE,RELIABLE,RELIABLE,PARTIAL,PARTIAL,STATIONARY,STATIONARY,STATIONARY,STATIONARY,STATIONARY,MOVING,MOVING
199829,5864,0.00097037,0.00106451,0.00117035,0.00225215,0.00574666,0.01383902,RELIABLE,RELIABLE,RELIABLE,RELIABLE,PARTIAL,PARTIAL,STATIONARY,STATIONARY,STATIONARY,STATIONARY,STATIONARY,MOVING,MOVING
199847,5865,0.00076978,0.00098696,0.00099965,0.00204650,0.00455009,0.01088840,RELIABLE,RELIABLE,RELIABLE,RELIABLE,PARTIAL,PARTIAL,STATIONARY,STATIONARY,STATIONARY,STATIONARY,STATIONARY,MOVING,MOVING
199877,5866,0.00086070,0.00096221,0.00088637,0.00169927,0.00410142,0.00885651,RELIABLE,RELIABLE,RELIABLE,RELIABLE,PARTIAL,PARTIAL,STATIONARY,STATIONARY,STATIONARY,STATIONARY,STATIONARY,MOVING,MOVING
199924,5867,0.00081827,0.00092298,0.00089293,0.00196038,0.00432425,0.00979037,RELIABLE,RELIABLE,RELIABLE,RELIABLE,PARTIAL,PARTIAL,STATIONARY,STATIONARY,STATIONARY,STATIONARY,STATIONARY,MOVING,MOVING
199956,5868,0.00073517,0.00088000,0.00094315,0.00207559,0.00437206,0.01122838,RELIABLE,RELIABLE,RELIABLE,RELIABLE,PARTIAL,PARTIAL,STATIONARY,STATIONARY,STATIONARY,STATIONARY,STATIONARY,MOVING,MOVING
199988,5869,0.00061616,0.00083068,0.00094378,0.00193905,0.00333417,0.01384993,RELIABLE,RELIABLE,RELIABLE,RELIABLE,PARTIAL,RELIABLE,STATIONARY,STATIONARY,STATIONARY,STATIONARY,STATIONARY,MOVING,MOVING
200020,5870,0.00052495,0.00085991,0.00088023,0.00229033,0.00463911,0.01737161,RELIABLE,RELIABLE,RELIABLE,RELIABLE,PARTIAL,RELIABLE,STATIONARY,STATIONARY,STATIONARY,STATIONARY,STATIONARY,MOVING,MOVING
200052,5871,0.00047647,0.00093907,0.00105457,0.00252010,0.00461274,0.02067183,RELIABLE,RELIABLE,RELIABLE,RELIABLE,PARTIAL,RELIABLE,STATIONARY,STATIONARY,STATIONARY,STATIONARY,STATIONARY,MOVING,MOVING
200083,5872,0.00056726,0.00088460,0.00161324,0.00267054,0.00563986,0.02134401,RELIABLE,RELIABLE,RELIABLE,RELIABLE,PARTIAL,RELIABLE,STATIONARY,STATIONARY,STATIONARY,STATIONARY,STATIONARY,MOVING,MOVING
200115,5873,0.00054507,0.00090532,0.00173867,0.00273510,0.00705326,0.02189971,RELIABLE,RELIABLE,RELIABLE,RELIABLE,PARTIAL,RELIABLE,STATIONARY,STATIONARY,STATIONARY,STATIONARY,STATIONARY,MOVING,MOVING
200163,5874,0.00046172,0.00108116,0.00201222,0.00263393,0.00681578,0.02457253,RELIABLE,RELIABLE,RELIABLE,RELIABLE,PARTIAL,RELIABLE,STATIONARY,STATIONARY,STATIONARY,STATIONARY,STATIONARY,MOVING,MOVING
200195,5875,0.00066641,0.00105783,0.00197839,0.00197741,0.00599327,0.02273787,RELIABLE,RELIABLE,RELIABLE,RELIABLE,PARTIAL,RELIABLE,STATIONARY,STATIONARY,STATIONARY,STATIONARY,STATIONARY,MOVING,MOVING
200226,5876,0.00081804,0.00093949,0.00196583,0.00163320,0.00575416,0.02072985,RELIABLE,RELIABLE,RELIABLE,RELIABLE,PARTIAL,RELIABLE,STATIONARY,STATIONARY,STATIONARY,STATIONARY,STATIONARY,MOVING,MOVING
200258,5877,0.00087341,0.00089941,0.00208611,0.00165255,0.00703204,0.01951462,RELIABLE,RELIABLE,RELIABLE,RELIABLE,PARTIAL,RELIABLE,STATIONARY,STATIONARY,STATIONARY,STATIONARY,STATIONARY,MOVING,MOVING
200289,5878,0.00088558,0.00079865,0.00264256,0.00134145,0.00646382,0.01772920,RELIABLE,RELIABLE,RELIABLE,RELIABLE,PARTIAL,RELIABLE,STATIONARY,STATIONARY,STATIONARY,STATIONARY,STATIONARY,MOVING,MOVING
200324,5879,0.00095777,0.00075880,0.00280318,0.00116746,0.00661711,0.01447078,RELIABLE,RELIABLE,RELIABLE,RELIABLE,PARTIAL,RELIABLE,STATIONARY,STATIONARY,STATIONARY,STATIONARY,STATIONARY,MOVING,MOVING
200356,5880,0.00093982,0.00078010,0.00232769,0.00114987,0.00566944,0.01360051,RELIABLE,RELIABLE,RELIABLE,RELIABLE,PARTIAL,RELIABLE,STATIONARY,STATIONARY,STATIONARY,STATIONARY,STATIONARY,MOVING,MOVING
200387,5881,0.00093330,0.00078152,0.00234070,0.00108554,0.00476206,0.01393729,RELIABLE,RELIABLE,RELIABLE,RELIABLE,PARTIAL,RELIABLE,STATIONARY,STATIONARY,STATIONARY,STATIONARY,STATIONARY,MOVING,MOVING
200419,5882,0.00088430,0.00070489,0.00196331,0.00118253,0.00464733,0.01309183,RELIABLE,RELIABLE,RELIABLE,RELIABLE,PARTIAL,RELIABLE,STATIONARY,STATIONARY,STATIONARY,STATIONARY,STATIONARY,MOVING,MOVING
200451,5883,0.00073187,0.00076678,0.00219700,0.00123491,0.00510358,0.01491565,RELIABLE,RELIABLE,RELIABLE,RELIABLE,PARTIAL,RELIABLE,STATIONARY,STATIONARY,STATIONARY,STATIONARY,STATIONARY,MOVING,MOVING
200484,5884,0.00066978,0.00076577,0.00266591,0.00125874,0.00587200,0.01653520,RELIABLE,RELIABLE,RELIABLE,RELIABLE,PARTIAL,RELIABLE,STATIONARY,STATIONARY,STATIONARY,STATIONARY,STATIONARY,MOVING,MOVING
200515,5885,0.00061930,0.00079980,0.00250631,0.00124054,0.00490054,0.01709657,RELIABLE,RELIABLE,RELIABLE,RELIABLE,PARTIAL,RELIABLE,STATIONARY,STATIONARY,STATIONARY,STATIONARY,STATIONARY,MOVING,MOVING
200563,5886,0.00059430,0.00085331,0.00205307,0.00130801,0.00452554,0.01761788,RELIABLE,RELIABLE,RELIABLE,RELIABLE,PARTIAL,RELIABLE,STATIONARY,STATIONARY,STATIONARY,STATIONARY,STATIONARY,MOVING,MOVING
200596,5887,0.00054863,0.00097267,0.00168773,0.00154653,0.00672276,0.02165189,RELIABLE,RELIABLE,RELIABLE,RELIABLE,PARTIAL,RELIABLE,STATIONARY,STATIONARY,STATIONARY,STATIONARY,STATIONARY,MOVING,MOVING
200619,5888,0.00048365,0.00088486,0.00171263,0.00153464,0.00724855,0.02128870,RELIABLE,RELIABLE,RELIABLE,RELIABLE,PARTIAL,RELIABLE,STATIONARY,STATIONARY,STATIONARY,STATIONARY,STATIONARY,MOVING,MOVING
200651,5889,0.00044829,0.00088381,0.00153773,0.00204928,0.00791543,0.02309331,RELIABLE,RELIABLE,RELIABLE,RELIABLE,PARTIAL,PARTIAL,STATIONARY,STATIONARY,STATIONARY,STATIONARY,STATIONARY,MOVING,MOVING
200682,5890,0.00053672,0.00070728,0.00158979,0.00204951,0.00870224,0.02401150,RELIABLE,RELIABLE,RELIABLE,RELIABLE,PARTIAL,PARTIAL,STATIONARY,STATIONARY,STATIONARY,STATIONARY,STATIONARY,MOVING,MOVING
200723,5891,0.00068111,0.00065095,0.00155596,0.00241691,0.00866815,0.02083649,RELIABLE,RELIABLE,RELIABLE,RELIABLE,PARTIAL,PARTIAL,STATIONARY,STATIONARY,STATIONARY,STATIONARY,STATIONARY,MOVING,MOVING
200755,5892,0.00072972,0.00077593,0.00111484,0.00246123,0.00785210,0.01890562,RELIABLE,RELIABLE,RELIABLE,RELIABLE,PARTIAL,PARTIAL,STATIONARY,STATIONARY,STATIONARY,STATIONARY,STATIONARY,MOVING,MOVING
200788,5893,0.00088718,0.00095752,0.00120365,0.00247013,0.00751283,0.01864595,RELIABLE,RELIABLE,RELIABLE,RELIABLE,PARTIAL,PARTIAL,STATIONARY,STATIONARY,STATIONARY,STATIONARY,STATIONARY,MOVING,MOVING
200820,5894,0.00109149,0.00113859,0.00119926,0.00243854,0.00719615,0.01666851,RELIABLE,RELIABLE,RELIABLE,RELIABLE,PARTIAL,RELIABLE,STATIONARY,STATIONARY,STATIONARY,STATIONARY,STATIONARY,MOVING,MOVING
200851,5895,0.00135424,0.00117256,0.00136055,0.00217026,0.00462955,0.01380878,RELIABLE,RELIABLE,RELIABLE,RELIABLE,PARTIAL,RELIABLE,STATIONARY,STATIONARY,STATIONARY,STATIONARY,STATIONARY,MOVING,MOVING
200883,5896,0.00175620,0.00163794,0.00128310,0.00227056,0.00414394,0.01636385,RELIABLE,RELIABLE,RELIABLE,RELIABLE,PARTIAL,RELIABLE,STATIONARY,STATIONARY,STATIONARY,STATIONARY,STATIONARY,MOVING,MOVING
200915,5897,0.00221072,0.00213636,0.00141373,0.00200085,0.00382057,0.01749660,RELIABLE,RELIABLE,RELIABLE,RELIABLE,PARTIAL,RELIABLE,STATIONARY,STATIONARY,STATIONARY,STATIONARY,STATIONARY,MOVING,MOVING
200964,5898,0.00256755,0.00294888,0.00190563,0.00214999,0.00332426,0.01910463,RELIABLE,RELIABLE,RELIABLE,RELIABLE,PARTIAL,RELIABLE,STATIONARY,STATIONARY,STATIONARY,STATIONARY,STATIONARY,MOVING,MOVING
200982,5899,0.00245580,0.00316089,0.00176119,0.00179802,0.00309229,0.01798529,RELIABLE,RELIABLE,RELIABLE,RELIABLE,PARTIAL,RELIABLE,STATIONARY,STATIONARY,STATIONARY,STATIONARY,STATIONARY,MOVING,MOVING
201013,5900,0.00266188,0.00363449,0.00195706,0.00206507,0.00453967,0.02081786,RELIABLE,RELIABLE,RELIABLE,RELIABLE,PARTIAL,RELIABLE,STATIONARY,STATIONARY,STATIONARY,STATIONARY,STATIONARY,MOVING,MOVING
201045,5901,0.00284019,0.00384273,0.00203273,0.00216317,0.00487582,0.02173479,RELIABLE,RELIABLE,RELIABLE,RELIABLE,PARTIAL,RELIABLE,STATIONARY,STATIONARY,STATIONARY,STATIONARY,STATIONARY,MOVING,MOVING
201077,5902,0.00314893,0.00411769,0.00222147,0.00239184,0.00593390,0.02385149,RELIABLE,RELIABLE,RELIABLE,RELIABLE,PARTIAL,RELIABLE,STATIONARY,STATIONARY,STATIONARY,STATIONARY,STATIONARY,MOVING,MOVING
201124,5903,0.00348677,0.00485548,0.00267577,0.00272632,0.00615610,0.02506468,RELIABLE,RELIABLE,RELIABLE,RELIABLE,PARTIAL,RELIABLE,STATIONARY,STATIONARY,STATIONARY,STATIONARY,STATIONARY,MOVING,MOVING
201156,5904,0.00330194,0.00478954,0.00299970,0.00276501,0.00631634,0.02256620,RELIABLE,RELIABLE,RELIABLE,RELIABLE,PARTIAL,RELIABLE,STATIONARY,STATIONARY,STATIONARY,STATIONARY,STATIONARY,MOVING,MOVING
201187,5905,0.00297975,0.00454294,0.00300701,0.00253441,0.00638749,0.02026674,RELIABLE,RELIABLE,RELIABLE,RELIABLE,PARTIAL,RELIABLE,STATIONARY,STATIONARY,STATIONARY,STATIONARY,STATIONARY,MOVING,MOVING
201220,5906,0.00282157,0.00382312,0.00276215,0.00219740,0.00592080,0.01750875,RELIABLE,RELIABLE,RELIABLE,RELIABLE,PARTIAL,RELIABLE,STATIONARY,STATIONARY,STATIONARY,STATIONARY,STATIONARY,MOVING,MOVING
201251,5907,0.00280504,0.00365023,0.00318998,0.00219916,0.00602299,0.02143086,RELIABLE,RELIABLE,RELIABLE,RELIABLE,PARTIAL,RELIABLE,STATIONARY,STATIONARY,STATIONARY,STATIONARY,STATIONARY,MOVING,MOVING
201284,5908,0.00250493,0.00319003,0.00354451,0.00212434,0.00835627,0.02479377,RELIABLE,RELIABLE,RELIABLE,RELIABLE,PARTIAL,RELIABLE,STATIONARY,STATIONARY,STATIONARY,STATIONARY,STATIONARY,MOVING,MOVING
201332,5909,0.00217952,0.00285829,0.00365202,0.00202581,0.00823803,0.02744246,RELIABLE,RELIABLE,RELIABLE,RELIABLE,PARTIAL,RELIABLE,STATIONARY,STATIONARY,STATIONARY,STATIONARY,STATIONARY,MOVING,MOVING
201364,5910,0.00180580,0.00227320,0.00353973,0.00178789,0.00732349,0.02839669,RELIABLE,RELIABLE,RELIABLE,RELIABLE,PARTIAL,RELIABLE,STATIONARY,STATIONARY,STATIONARY,STATIONARY,STATIONARY,MOVING,MOVING
201392,5911,0.00122637,0.00137711,0.00305183,0.00152497,0.00768192,0.02679242,RELIABLE,RELIABLE,RELIABLE,RELIABLE,PARTIAL,PARTIAL,STATIONARY,STATIONARY,STATIONARY,STATIONARY,STATIONARY,MOVING,MOVING
201424,5912,0.00102830,0.00100709,0.00266089,0.00164859,0.00809517,0.02952208,RELIABLE,RELIABLE,RELIABLE,RELIABLE,PARTIAL,PARTIAL,STATIONARY,STATIONARY,STATIONARY,STATIONARY,STATIONARY,MOVING,MOVING
201455,5913,0.00103037,0.00102068,0.00274861,0.00204623,0.00751410,0.03345124,RELIABLE,RELIABLE,RELIABLE,RELIABLE,PARTIAL,PARTIAL,STATIONARY,STATIONARY,STATIONARY,STATIONARY,STATIONARY,MOVING,MOVING
201487,5914,0.00080547,0.00128705,0.00276928,0.00212992,0.00732643,0.03161969,RELIABLE,RELIABLE,RELIABLE,RELIABLE,PARTIAL,PARTIAL,STATIONARY,STATIONARY,STATIONARY,STATIONARY,STATIONARY,MOVING,MOVING
201524,5915,0.00131372,0.00199595,0.00280420,0.00248719,0.00694195,0.02900070,RELIABLE,RELIABLE,RELIABLE,RELIABLE,PARTIAL,PARTIAL,STATIONARY,STATIONARY,STATIONARY,STATIONARY,STATIONARY,MOVING,MOVING
201556,5916,0.00139769,0.00229894,0.00259085,0.00247541,0.00299464,0.02290889,RELIABLE,RELIABLE,RELIABLE,RELIABLE,PARTIAL,PARTIAL,STATIONARY,STATIONARY,STATIONARY,STATIONARY,STATIONARY,MOVING,MOVING
201587,5917,0.00157257,0.00268226,0.00270704,0.00246818,0.00309974,0.01785256,RELIABLE,RELIABLE,RELIABLE,RELIABLE,PARTIAL,PARTIAL,STATIONARY,STATIONARY,STATIONARY,STATIONARY,STATIONARY,MOVING,MOVING
201619,5918,0.00158386,0.00299704,0.00285578,0.00254795,0.00413230,0.01473793,RELIABLE,RELIABLE,RELIABLE,RELIABLE,PARTIAL,PARTIAL,STATIONARY,STATIONARY,STATIONARY,STATIONARY,STATIONARY,MOVING,MOVING
201651,5919,0.00172708,0.00338960,0.00319918,0.00263971,0.00361568,0.01353720,RELIABLE,RELIABLE,RELIABLE,RELIABLE,PARTIAL,PARTIAL,STATIONARY,STATIONARY,STATIONARY,STATIONARY,STATIONARY,MOVING,MOVING
201684,5920,0.00193245,0.00359102,0.00343521,0.00229107,0.00289561,0.01072392,RELIABLE,RELIABLE,RELIABLE,RELIABLE,PARTIAL,PARTIAL,STATIONARY,STATIONARY,STATIONARY,STATIONARY,STATIONARY,MOVING,MOVING
201732,5921,0.00183696,0.00345918,0.00365846,0.00191631,0.00260080,0.00532052,RELIABLE,RELIABLE,RELIABLE,RELIABLE,PARTIAL,PARTIAL,STATIONARY,STATIONARY,STATIONARY,STATIONARY,STATIONARY,MOVING,MOVING
201757,5922,0.00181135,0.00315193,0.00352443,0.00182477,0.00266433,0.00504666,RELIABLE,RELIABLE,RELIABLE,RELIABLE,PARTIAL,PARTIAL,STATIONARY,STATIONARY,STATIONARY,STATIONARY,STATIONARY,MOVING,MOVING
201788,5923,0.00125986,0.00241729,0.00315593,0.00140889,0.00258377,0.00387561,RELIABLE,RELIABLE,RELIABLE,RELIABLE,PARTIAL,PARTIAL,STATIONARY,STATIONARY,STATIONARY,STATIONARY,STATIONARY,MOVING,MOVING
201820,5924,0.00115698,0.00200344,0.00286531,0.00115645,0.00267444,0.00384805,RELIABLE,RELIABLE,RELIABLE,RELIABLE,PARTIAL,PARTIAL,STATIONARY,STATIONARY,STATIONARY,STATIONARY,STATIONARY,MOVING,MOVING
201852,5925,0.00107409,0.00155738,0.00249310,0.00102588,0.00229832,0.00336738,RELIABLE,RELIABLE,RELIABLE,RELIABLE,PARTIAL,PARTIAL,STATIONARY,STATIONARY,STATIONARY,STATIONARY,STATIONARY,MOVING,MOVING
201882,5926,0.00118490,0.00134509,0.00236825,0.00101655,0.00107541,0.00334069,RELIABLE,RELIABLE,RELIABLE,RELIABLE,PARTIAL,PARTIAL,STATIONARY,STATIONARY,STATIONARY,STATIONARY,STATIONARY,MOVING,MOVING
201923,5927,0.00150728,0.00136338,0.00240194,0.00114539,0.00125448,0.00414220,RELIABLE,RELIABLE,RELIABLE,RELIABLE,PARTIAL,PARTIAL,STATIONARY,STATIONARY,STATIONARY,STATIONARY,STATIONARY,MOVING,MOVING
201955,5928,0.00181117,0.00151728,0.00250129,0.00146791,0.00168625,0.00465928,RELIABLE,RELIABLE,RELIABLE,RELIABLE,PARTIAL,PARTIAL,STATIONARY,STATIONARY,STATIONARY,STATIONARY,STATIONARY,STATIONARY,STATIONARY
201987,5929,0.00196872,0.00163769,0.00237628,0.00169128,0.00211455,0.00781293,RELIABLE,RELIABLE,RELIABLE,RELIABLE,PARTIAL,PARTIAL,STATIONARY,STATIONARY,STATIONARY,STATIONARY,STATIONARY,STATIONARY,STATIONARY
202019,5930,0.00200495,0.00191598,0.00251790,0.00196955,0.00203671,0.01023561,RELIABLE,RELIABLE,RELIABLE,RELIABLE,PARTIAL,PARTIAL,STATIONARY,STATIONARY,STATIONARY,STATIONARY,STATIONARY,STATIONARY,STATIONARY
202052,5931,0.00208267,0.00212561,0.00274218,0.00226761,0.00283965,0.01279485,RELIABLE,RELIABLE,RELIABLE,RELIABLE,PARTIAL,PARTIAL,STATIONARY,STATIONARY,STATIONARY,STATIONARY,STATIONARY,STATIONARY,STATIONARY
202099,5932,0.00249724,0.00262477,0.00310865,0.00285967,0.00519100,0.01607358,RELIABLE,RELIABLE,RELIABLE,RELIABLE,PARTIAL,RELIABLE,STATIONARY,STATIONARY,STATIONARY,STATIONARY,STATIONARY,STATIONARY,STATIONARY
202131,5933,0.00239983,0.00269592,0.00333537,0.00339958,0.00715239,0.01840403,RELIABLE,RELIABLE,RELIABLE,RELIABLE,PARTIAL,RELIABLE,STATIONARY,STATIONARY,STATIONARY,STATIONARY,STATIONARY,MOVING,MOVING
202151,5934,0.00235732,0.00268422,0.00317607,0.00330098,0.00708897,0.01822136,RELIABLE,RELIABLE,RELIABLE,RELIABLE,PARTIAL,RELIABLE,STATIONARY,STATIONARY,STATIONARY,STATIONARY,STATIONARY,MOVING,MOVING
202183,5935,0.00193529,0.00226877,0.00356410,0.00307807,0.00814628,0.02149548,RELIABLE,RELIABLE,RELIABLE,RELIABLE,PARTIAL,RELIABLE,STATIONARY,STATIONARY,STATIONARY,STATIONARY,STATIONARY,MOVING,MOVING
202214,5936,0.00174266,0.00199302,0.00335642,0.00305705,0.00928490,0.02473379,RELIABLE,RELIABLE,RELIABLE,RELIABLE,PARTIAL,RELIABLE,STATIONARY,STATIONARY,STATIONARY,STATIONARY,STATIONARY,MOVING,MOVING
202246,5937,0.00172568,0.00176504,0.00321385,0.00300416,0.00908999,0.02454054,RELIABLE,RELIABLE,RELIABLE,RELIABLE,PARTIAL,RELIABLE,STATIONARY,STATIONARY,STATIONARY,STATIONARY,STATIONARY,MOVING,MOVING
202278,5938,0.00169731,0.00150310,0.00318818,0.00275067,0.01088801,0.02471381,RELIABLE,RELIABLE,RELIABLE,RELIABLE,PARTIAL,RELIABLE,STATIONARY,STATIONARY,STATIONARY,STATIONARY,STATIONARY,MOVING,MOVING
202324,5939,0.00166487,0.00130079,0.00315720,0.00251775,0.01252870,0.02837004,RELIABLE,RELIABLE,RELIABLE,RELIABLE,PARTIAL,RELIABLE,STATIONARY,STATIONARY,STATIONARY,STATIONARY,STATIONARY,MOVING,MOVING
202356,5940,0.00126174,0.00078904,0.00280466,0.00200451,0.01271858,0.02564611,RELIABLE,RELIABLE,RELIABLE,RELIABLE,PARTIAL,RELIABLE,STATIONARY,STATIONARY,STATIONARY,STATIONARY,STATIONARY,MOVING,MOVING
202387,5941,0.00135586,0.00068346,0.00320060,0.00154192,0.01207614,0.02404034,RELIABLE,RELIABLE,RELIABLE,RELIABLE,PARTIAL,RELIABLE,STATIONARY,STATIONARY,STATIONARY,STATIONARY,MOVING,MOVING,MOVING
202419,5942,0.00115581,0.00057498,0.00316861,0.00154003,0.01322992,0.02466600,RELIABLE,RELIABLE,RELIABLE,RELIABLE,PARTIAL,RELIABLE,STATIONARY,STATIONARY,STATIONARY,STATIONARY,MOVING,MOVING,MOVING
202451,5943,0.00123165,0.00060746,0.00252182,0.00155868,0.01196645,0.02128512,RELIABLE,RELIABLE,RELIABLE,RELIABLE,PARTIAL,RELIABLE,STATIONARY,STATIONARY,STATIONARY,STATIONARY,MOVING,MOVING,MOVING
202500,5944,0.00093065,0.00056088,0.00255716,0.00142331,0.01088999,0.01955219,RELIABLE,RELIABLE,RELIABLE,RELIABLE,PARTIAL,RELIABLE,STATIONARY,STATIONARY,STATIONARY,STATIONARY,MOVING,MOVING,MOVING
202531,5945,0.00084928,0.00050978,0.00279717,0.00123353,0.01157330,0.01673814,RELIABLE,RELIABLE,RELIABLE,RELIABLE,PARTIAL,RELIABLE,STATIONARY,STATIONARY,STATIONARY,STATIONARY,MOVING,MOVING,MOVING
202563,5946,0.00080464,0.00053313,0.00342521,0.00122580,0.01040111,0.01784405,RELIABLE,RELIABLE,RELIABLE,RELIABLE,PARTIAL,RELIABLE,STATIONARY,STATIONARY,STATIONARY,STATIONARY,MOVING,MOVING,MOVING
202594,5947,0.00069871,0.00051474,0.00359491,0.00126492,0.00809839,0.01414248,RELIABLE,RELIABLE,RELIABLE,RELIABLE,PARTIAL,RELIABLE,STATIONARY,STATIONARY,STATIONARY,STATIONARY,MOVING,MOVING,MOVING
202625,5948,0.00086721,0.00055113,0.00432633,0.00132992,0.00696503,0.01663822,RELIABLE,RELIABLE,RELIABLE,RELIABLE,PARTIAL,RELIABLE,STATIONARY,STATIONARY,STATIONARY,STATIONARY,MOVING,MOVING,MOVING
202656,5949,0.00077242,0.00054678,0.00407523,0.00146312,0.00733044,0.02026848,RELIABLE,RELIABLE,RELIABLE,RELIABLE,PARTIAL,RELIABLE,STATIONARY,STATIONARY,STATIONARY,STATIONARY,MOVING,MOVING,MOVING
202686,5950,0.00074416,0.00063204,0.00425463,0.00151935,0.00647322,0.02210045,RELIABLE,RELIABLE,RELIABLE,RELIABLE,PARTIAL,RELIABLE,STATIONARY,STATIONARY,STATIONARY,STATIONARY,MOVING,MOVING,MOVING
202724,5951,0.00061508,0.00066352,0.00459732,0.00166116,0.00741413,0.02292359,RELIABLE,RELIABLE,RELIABLE,RELIABLE,PARTIAL,RELIABLE,STATIONARY,STATIONARY,STATIONARY,STATIONARY,MOVING,MOVING,MOVING
202755,5952,0.00064360,0.00061835,0.00445884,0.00160057,0.00728332,0.02150891,RELIABLE,RELIABLE,RELIABLE,RELIABLE,PARTIAL,RELIABLE,STATIONARY,STATIONARY,STATIONARY,STATIONARY,MOVING,MOVING,MOVING
202788,5953,0.00061196,0.00066599,0.00414043,0.00166498,0.00711109,0.02215167,RELIABLE,RELIABLE,RELIABLE,RELIABLE,PARTIAL,RELIABLE,STATIONARY,STATIONARY,STATIONARY,STATIONARY,MOVING,MOVING,MOVING
202820,5954,0.00072549,0.00063371,0.00335377,0.00172788,0.00723867,0.01897394,RELIABLE,RELIABLE,RELIABLE,RELIABLE,PARTIAL,RELIABLE,STATIONARY,STATIONARY,STATIONARY,STATIONARY,MOVING,MOVING,MOVING
202868,5955,0.00122580,0.00079005,0.00283502,0.00164308,0.00718932,0.01776190,RELIABLE,RELIABLE,RELIABLE,RELIABLE,PARTIAL,RELIABLE,STATIONARY,STATIONARY,STATIONARY,STATIONARY,MOVING,MOVING,MOVING
202900,5956,0.00131367,0.00079576,0.00235211,0.00165115,0.00597003,0.01528737,RELIABLE,RELIABLE,RELIABLE,RELIABLE,PARTIAL,RELIABLE,STATIONARY,STATIONARY,STATIONARY,STATIONARY,MOVING,MOVING,MOVING
202922,5957,0.00129890,0.00079495,0.00197143,0.00140548,0.00506843,0.01131732,RELIABLE,RELIABLE,RELIABLE,RELIABLE,PARTIAL,RELIABLE,STATIONARY,STATIONARY,STATIONARY,STATIONARY,MOVING,MOVING,MOVING
202954,5958,0.00159336,0.00099207,0.00187792,0.00150283,0.00491482,0.01085531,RELIABLE,RELIABLE,RELIABLE,RELIABLE,PARTIAL,RELIABLE,STATIONARY,STATIONARY,STATIONARY,STATIONARY,MOVING,MOVING,MOVING
202986,5959,0.00180387,0.00115912,0.00150144,0.00135494,0.00469830,0.01045637,RELIABLE,RELIABLE,RELIABLE,RELIABLE,PARTIAL,RELIABLE,STATIONARY,STATIONARY,STATIONARY,STATIONARY,MOVING,MOVING,MOVING
203018,5960,0.00186524,0.00136576,0.00173425,0.00142247,0.00448242,0.01000216,RELIABLE,RELIABLE,RELIABLE,RELIABLE,PARTIAL,RELIABLE,STATIONARY,STATIONARY,STATIONARY,STATIONARY,MOVING,MOVING,MOVING
203049,5961,0.00194417,0.00151199,0.00184656,0.00145500,0.00448115,0.00922894,RELIABLE,RELIABLE,RELIABLE,RELIABLE,PARTIAL,RELIABLE,STATIONARY,STATIONARY,STATIONARY,STATIONARY,MOVING,MOVING,MOVING
203079,5962,0.00284657,0.00190165,0.00200445,0.00157350,0.00476925,0.00886542,RELIABLE,RELIABLE,RELIABLE,RELIABLE,PARTIAL,RELIABLE,STATIONARY,STATIONARY,STATIONARY,STATIONARY,MOVING,MOVING,MOVING
203124,5963,0.00307747,0.00195660,0.00281905,0.00197416,0.00536790,0.01124740,RELIABLE,RELIABLE,RELIABLE,RELIABLE,PARTIAL,RELIABLE,STATIONARY,STATIONARY,STATIONARY,STATIONARY,STATIONARY,MOVING,MOVING
203157,5964,0.00285068,0.00223298,0.00293404,0.00215223,0.00677540,0.01397103,RELIABLE,RELIABLE,RELIABLE,RELIABLE,PARTIAL,RELIABLE,STATIONARY,STATIONARY,STATIONARY,STATIONARY,STATIONARY,MOVING,MOVING
203189,5965,0.00296986,0.00251671,0.00332579,0.00255917,0.00628303,0.01713403,RELIABLE,RELIABLE,RELIABLE,RELIABLE,PARTIAL,RELIABLE,STATIONARY,STATIONARY,STATIONARY,STATIONARY,STATIONARY,MOVING,MOVING
203221,5966,0.00296173,0.00250632,0.00358823,0.00300019,0.00661788,0.02398856,RELIABLE,RELIABLE,RELIABLE,RELIABLE,PARTIAL,PARTIAL,STATIONARY,STATIONARY,STATIONARY,STATIONARY,STATIONARY,MOVING,MOVING
203267,5967,0.00294376,0.00314026,0.00385194,0.00395709,0.00665673,0.02506368,RELIABLE,RELIABLE,RELIABLE,RELIABLE,PARTIAL,PARTIAL,STATIONARY,STATIONARY,STATIONARY,STATIONARY,STATIONARY,MOVING,MOVING
203300,5968,0.00567322,0.04096311,0.04099591,0.02036326,0.01938605,0.03736386,RELIABLE,RELIABLE,RELIABLE,RELIABLE,PARTIAL,PARTIAL,STATIONARY,STATIONARY,STATIONARY,STATIONARY,STATIONARY,MOVING,MOVING
203331,5969,0.00581001,0.04240258,0.04235741,0.02142599,0.01992594,0.03886936,RELIABLE,RELIABLE,RELIABLE,RELIABLE,PARTIAL,PARTIAL,STATIONARY,STATIONARY,STATIONARY,STATIONARY,STATIONARY,MOVING,MOVING
203361,5970,0.00531319,0.04262382,0.04226536,0.02164976,0.01982314,0.03879952,RELIABLE,RELIABLE,RELIABLE,RELIABLE,PARTIAL,PARTIAL,STATIONARY,MOVING,MOVING,MOVING,MOVING,MOVING,MOVING
203393,5971,0.00683027,0.07668937,0.07653025,0.03363716,0.02386308,0.04113774,RELIABLE,RELIABLE,RELIABLE,RELIABLE,PARTIAL,PARTIAL,STATIONARY,MOVING,MOVING,MOVING,MOVING,MOVING,MOVING
203424,5972,,0.08012172,0.07979606,0.03589938,0.02397459,0.03930229,UNRELIABLE,RELIABLE,RELIABLE,RELIABLE,PARTIAL,PARTIAL,UNCERTAIN,MOVING,MOVING,MOVING,MOVING,MOVING,MOVING
203455,5973,,0.08035613,0.08063227,0.03632590,0.02410361,0.03623166,UNRELIABLE,RELIABLE,RELIABLE,RELIABLE,PARTIAL,PARTIAL,UNCERTAIN,MOVING,MOVING,MOVING,MOVING,MOVING,MOVING
203487,5974,,0.08073886,0.08114813,0.03654782,0.02420949,0.02794998,UNRELIABLE,RELIABLE,RELIABLE,RELIABLE,PARTIAL,PARTIAL,UNCERTAIN,MOVING,MOVING,MOVING,MOVING,MOVING,MOVING
203524,5975,,0.08115127,0.08248529,0.03775235,0.02675881,0.02880566,UNRELIABLE,RELIABLE,RELIABLE,RELIABLE,PARTIAL,PARTIAL,UNCERTAIN,MOVING,MOVING,MOVING,MOVING,MOVING,MOVING
203556,5976,,0.04377813,0.04636461,0.02291033,0.01609504,0.01913016,UNRELIABLE,RELIABLE,RELIABLE,RELIABLE,PARTIAL,PARTIAL,UNCERTAIN,MOVING,MOVING,MOVING,MOVING,MOVING,MOVING
203588,5977,,0.04291949,0.04556822,0.02275842,0.01614613,0.01938270,UNRELIABLE,RELIABLE,RELIABLE,RELIABLE,PARTIAL,PARTIAL,UNCERTAIN,MOVING,MOVING,MOVING,MOVING,MOVING,MOVING
203635,5978,,0.04323266,0.04679697,0.02307801,0.01645064,0.02100824,UNRELIABLE,RELIABLE,RELIABLE,RELIABLE,PARTIAL,PARTIAL,UNCERTAIN,MOVING,MOVING,MOVING,MOVING,MOVING,MOVING
203667,5979,,0.00959659,0.01259995,0.01124074,0.01199193,0.01629537,UNRELIABLE,RELIABLE,RELIABLE,RELIABLE,PARTIAL,PARTIAL,UNCERTAIN,MOVING,MOVING,MOVING,MOVING,MOVING,MOVING
203692,5980,,0.00615226,0.00904383,0.00879075,0.01046078,0.01510668,UNRELIABLE,RELIABLE,RELIABLE,RELIABLE,PARTIAL,PARTIAL,UNCERTAIN,MOVING,MOVING,MOVING,MOVING,MOVING,MOVING
203724,5981,,0.00599809,0.00886184,0.00843919,0.01030435,0.01491073,UNRELIABLE,RELIABLE,RELIABLE,RELIABLE,PARTIAL,PARTIAL,UNCERTAIN,MOVING,MOVING,MOVING,MOVING,MOVING,MOVING
203756,5982,,0.00603878,0.00844829,0.00807766,0.01007200,0.01485725,UNRELIABLE,RELIABLE,RELIABLE,RELIABLE,PARTIAL,PARTIAL,UNCERTAIN,MOVING,MOVING,MOVING,MOVING,MOVING,MOVING
203788,5983,,0.00606165,0.00701160,0.00625268,0.00702635,0.01205293,UNRELIABLE,RELIABLE,RELIABLE,RELIABLE,PARTIAL,PARTIAL,UNCERTAIN,MOVING,MOVING,MOVING,MOVING,MOVING,MOVING
203819,5984,,0.00659015,0.00619551,0.00491088,0.00505841,0.00909719,UNRELIABLE,RELIABLE,RELIABLE,RELIABLE,PARTIAL,PARTIAL,UNCERTAIN,MOVING,MOVING,MOVING,MOVING,MOVING,MOVING
203851,5985,,0.00701230,0.00655678,0.00409816,0.00384353,0.00753206,UNRELIABLE,RELIABLE,RELIABLE,RELIABLE,PARTIAL,PARTIAL,UNCERTAIN,MOVING,MOVING,MOVING,MOVING,MOVING,MOVING
203882,5986,,0.00636184,0.00596451,0.00363728,0.00277685,0.00569242,UNRELIABLE,RELIABLE,RELIABLE,RELIABLE,PARTIAL,PARTIAL,UNCERTAIN,MOVING,MOVING,MOVING,MOVING,MOVING,MOVING
203923,5987,,0.00760332,0.00564232,0.00383571,0.00287574,0.00499809,UNRELIABLE,RELIABLE,RELIABLE,RELIABLE,PARTIAL,PARTIAL,UNCERTAIN,MOVING,MOVING,MOVING,MOVING,MOVING,MOVING
203955,5988,,0.00768377,0.00725992,0.00457862,0.00347179,0.00508754,UNRELIABLE,RELIABLE,RELIABLE,RELIABLE,PARTIAL,PARTIAL,UNCERTAIN,MOVING,MOVING,MOVING,MOVING,MOVING,MOVING
203988,5989,,0.00803086,0.00669230,0.00453707,0.00341295,0.00506931,UNRELIABLE,RELIABLE,RELIABLE,RELIABLE,PARTIAL,PARTIAL,UNCERTAIN,MOVING,MOVING,MOVING,MOVING,MOVING,MOVING
204035,5990,,0.01027523,0.00791721,0.00521877,0.00396301,0.00499195,UNRELIABLE,RELIABLE,RELIABLE,RELIABLE,PARTIAL,PARTIAL,UNCERTAIN,MOVING,MOVING,MOVING,MOVING,MOVING,MOVING
206568,6067,,0.00584726,0.00288269,0.00122504,0.00276982,0.00205398,UNRELIABLE,RELIABLE,PARTIAL,RELIABLE,PARTIAL,PARTIAL,UNCERTAIN,STATIONARY,STATIONARY,STATIONARY,STATIONARY,STATIONARY,STATIONARY
206598,6068,,0.00519047,0.00266856,0.00122505,0.00260439,0.00212202,UNRELIABLE,RELIABLE,PARTIAL,RELIABLE,PARTIAL,PARTIAL,UNCERTAIN,STATIONARY,STATIONARY,STATIONARY,STATIONARY,STATIONARY,STATIONARY
206629,6069,,0.00616708,0.00318958,0.00139884,0.00339990,0.00256983,UNRELIABLE,RELIABLE,PARTIAL,RELIABLE,PARTIAL,PARTIAL,UNCERTAIN,STATIONARY,STATIONARY,STATIONARY,STATIONARY,STATIONARY,STATIONARY
206661,6070,,0.00564066,0.00298563,0.00156899,0.00341584,0.00299057,UNRELIABLE,RELIABLE,PARTIAL,RELIABLE,PARTIAL,PARTIAL,UNCERTAIN,STATIONARY,STATIONARY,STATIONARY,STATIONARY,STATIONARY,STATIONARY
206740,6071,,0.00566089,0.00307460,0.00166831,0.00359529,0.00291797,UNRELIABLE,RELIABLE,PARTIAL,RELIABLE,PARTIAL,PARTIAL,UNCERTAIN,STATIONARY,STATIONARY,STATIONARY,STATIONARY,STATIONARY,STATIONARY
206771,6072,,0.00477416,0.00240178,0.00156743,0.00351893,0.00274077,UNRELIABLE,RELIABLE,PARTIAL,RELIABLE,PARTIAL,PARTIAL,UNCERTAIN,STATIONARY,STATIONARY,STATIONARY,STATIONARY,STATIONARY,STATIONARY
206802,6073,,0.00433942,0.00235709,0.00127907,0.00280834,0.00244537,UNRELIABLE,RELIABLE,PARTIAL,RELIABLE,PARTIAL,PARTIAL,UNCERTAIN,STATIONARY,STATIONARY,STATIONARY,STATIONARY,STATIONARY,STATIONARY
206834,6074,,0.00548567,0.00168286,0.00128737,0.00254956,0.00258684,UNRELIABLE,RELIABLE,RELIABLE,RELIABLE,PARTIAL,PARTIAL,UNCERTAIN,STATIONARY,STATIONARY,STATIONARY,STATIONARY,STATIONARY,STATIONARY
206867,6075,,0.00664590,0.00227745,0.00145684,0.00255496,0.00279398,UNRELIABLE,RELIABLE,RELIABLE,RELIABLE,PARTIAL,PARTIAL,UNCERTAIN,STATIONARY,STATIONARY,STATIONARY,STATIONARY,STATIONARY,STATIONARY
206897,6076,,0.00843156,0.00247593,0.00143745,0.00265592,0.00283496,UNRELIABLE,RELIABLE,RELIABLE,RELIABLE,PARTIAL,PARTIAL,UNCERTAIN,STATIONARY,STATIONARY,STATIONARY,STATIONARY,STATIONARY,STATIONARY
206929,6077,,0.00961751,0.00209423,0.00143260,0.00199080,0.00251417,UNRELIABLE,RELIABLE,RELIABLE,RELIABLE,PARTIAL,PARTIAL,UNCERTAIN,STATIONARY,STATIONARY,STATIONARY,STATIONARY,STATIONARY,STATIONARY
206961,6078,,0.01116290,0.00234747,0.00145133,0.00223072,0.00237246,UNRELIABLE,RELIABLE,RELIABLE,RELIABLE,PARTIAL,PARTIAL,UNCERTAIN,STATIONARY,STATIONARY,STATIONARY,STATIONARY,STATIONARY,STATIONARY
206992,6079,,0.01311814,0.00289712,0.00194106,0.00283456,0.00326182,UNRELIABLE,RELIABLE,RELIABLE,RELIABLE,PARTIAL,PARTIAL,UNCERTAIN,STATIONARY,STATIONARY,STATIONARY,STATIONARY,STATIONARY,STATIONARY
207024,6080,,0.01533957,0.00317721,0.00284526,0.00357654,0.00445927,UNRELIABLE,RELIABLE,RELIABLE,RELIABLE,PARTIAL,PARTIAL,UNCERTAIN,STATIONARY,STATIONARY,STATIONARY,STATIONARY,STATIONARY,STATIONARY
207056,6081,,0.01635244,0.00339873,0.00319045,0.00471807,0.00467466,UNRELIABLE,RELIABLE,RELIABLE,RELIABLE,PARTIAL,PARTIAL,UNCERTAIN,MOVING,STATIONARY,STATIONARY,STATIONARY,STATIONARY,MOVING
207087,6082,,0.01735706,0.00485218,0.00413500,0.00554286,0.00683674,UNRELIABLE,RELIABLE,RELIABLE,RELIABLE,PARTIAL,PARTIAL,UNCERTAIN,MOVING,STATIONARY,STATIONARY,STATIONARY,STATIONARY,MOVING
207139,6083,,0.01849169,0.00666120,0.00457029,0.00644317,0.00767571,UNRELIABLE,RELIABLE,RELIABLE,RELIABLE,PARTIAL,PARTIAL,UNCERTAIN,MOVING,STATIONARY,STATIONARY,STATIONARY,STATIONARY,MOVING
207167,6084,,0.01693016,0.00702811,0.00487699,0.00749925,0.00929711,UNRELIABLE,RELIABLE,RELIABLE,RELIABLE,PARTIAL,PARTIAL,UNCERTAIN,MOVING,STATIONARY,STATIONARY,STATIONARY,STATIONARY,MOVING
207198,6085,,0.01627164,0.00753155,0.00503152,0.00752661,0.00965764,UNRELIABLE,RELIABLE,RELIABLE,RELIABLE,PARTIAL,PARTIAL,UNCERTAIN,MOVING,STATIONARY,STATIONARY,STATIONARY,STATIONARY,MOVING
207229,6086,,0.01615488,0.00893239,0.00527856,0.00763906,0.00965967,UNRELIABLE,RELIABLE,RELIABLE,RELIABLE,PARTIAL,PARTIAL,UNCERTAIN,MOVING,STATIONARY,STATIONARY,STATIONARY,STATIONARY,MOVING
207260,6087,,0.01500433,0.00881212,0.00521635,0.00750571,0.00923733,UNRELIABLE,RELIABLE,RELIABLE,RELIABLE,PARTIAL,PARTIAL,UNCERTAIN,MOVING,STATIONARY,STATIONARY,STATIONARY,STATIONARY,MOVING
207292,6088,,0.01499019,0.00924926,0.00509912,0.00735746,0.00962426,UNRELIABLE,RELIABLE,RELIABLE,RELIABLE,PARTIAL,PARTIAL,UNCERTAIN,MOVING,STATIONARY,STATIONARY,STATIONARY,STATIONARY,MOVING
207324,6089,,0.01493502,0.01036886,0.00565094,0.00705148,0.00983998,UNRELIABLE,RELIABLE,RELIABLE,RELIABLE,PARTIAL,PARTIAL,UNCERTAIN,MOVING,STATIONARY,STATIONARY,STATIONARY,STATIONARY,MOVING
207354,6090,,0.01417373,0.00954623,0.00555590,0.00659538,0.00819000,UNRELIABLE,RELIABLE,RELIABLE,RELIABLE,PARTIAL,PARTIAL,UNCERTAIN,MOVING,STATIONARY,STATIONARY,STATIONARY,STATIONARY,MOVING
207386,6091,,0.01225112,0.00768943,0.00622093,0.00691635,0.01008289,UNRELIABLE,RELIABLE,RELIABLE,RELIABLE,PARTIAL,PARTIAL,UNCERTAIN,MOVING,STATIONARY,STATIONARY,STATIONARY,STATIONARY,MOVING
207418,6092,,0.01259456,0.00808972,0.00665461,0.00660391,0.00882646,UNRELIABLE,RELIABLE,RELIABLE,RELIABLE,PARTIAL,PARTIAL,UNCERTAIN,MOVING,STATIONARY,STATIONARY,STATIONARY,STATIONARY,MOVING
207449,6093,,0.01190661,0.00786865,0.00710525,0.00756413,0.00849952,UNRELIABLE,RELIABLE,RELIABLE,RELIABLE,PARTIAL,PARTIAL,UNCERTAIN,MOVING,STATIONARY,STATIONARY,STATIONARY,STATIONARY,MOVING
207480,6094,,0.01021968,0.00824035,0.00709572,0.00770054,0.00884353,UNRELIABLE,RELIABLE,RELIABLE,RELIABLE,PARTIAL,PARTIAL,UNCERTAIN,MOVING,STATIONARY,STATIONARY,STATIONARY,STATIONARY,MOVING
207512,6095,,0.01025418,0.00922505,0.00770339,0.00740947,0.00937878,UNRELIABLE,RELIABLE,RELIABLE,RELIABLE,PARTIAL,PARTIAL,UNCERTAIN,MOVING,STATIONARY,STATIONARY,STATIONARY,STATIONARY,MOVING
207544,6096,,0.00988297,0.00985305,0.00838857,0.00759337,0.00874187,UNRELIABLE,RELIABLE,RELIABLE,RELIABLE,PARTIAL,PARTIAL,UNCERTAIN,MOVING,STATIONARY,STATIONARY,STATIONARY,STATIONARY,MOVING
207576,6097,,0.00987685,0.00942361,0.00836572,0.00703151,0.00845427,UNRELIABLE,RELIABLE,RELIABLE,RELIABLE,PARTIAL,PARTIAL,UNCERTAIN,MOVING,STATIONARY,STATIONARY,STATIONARY,STATIONARY,MOVING
207607,6098,,0.01065396,0.01009616,0.00861473,0.00729623,0.00832002,UNRELIABLE,RELIABLE,RELIABLE,RELIABLE,PARTIAL,PARTIAL,UNCERTAIN,MOVING,STATIONARY,STATIONARY,STATIONARY,STATIONARY,MOVING
207639,6099,,0.01124637,0.01046635,0.00817085,0.00641914,0.00623467,UNRELIABLE,RELIABLE,RELIABLE,RELIABLE,PARTIAL,PARTIAL,UNCERTAIN,MOVING,STATIONARY,STATIONARY,STATIONARY,STATIONARY,MOVING
207670,6100,,0.01236842,0.01066615,0.00825282,0.00614395,0.00662314,UNRELIABLE,RELIABLE,RELIABLE,RELIABLE,PARTIAL,PARTIAL,UNCERTAIN,MOVING,STATIONARY,STATIONARY,STATIONARY,STATIONARY,MOVING
207701,6101,,0.01239494,0.01136253,0.00826178,0.00563232,0.00715093,UNRELIABLE,RELIABLE,RELIABLE,RELIABLE,PARTIAL,PARTIAL,UNCERTAIN,MOVING,STATIONARY,STATIONARY,STATIONARY,STATIONARY,MOVING
207733,6102,,0.01327976,0.01006022,0.00925705,0.00775985,0.00815111,UNRELIABLE,RELIABLE,RELIABLE,RELIABLE,PARTIAL,PARTIAL,UNCERTAIN,MOVING,STATIONARY,STATIONARY,STATIONARY,STATIONARY,MOVING
207765,6103,,0.01302226,0.00995198,0.00897252,0.00820360,0.00747791,UNRELIABLE,RELIABLE,RELIABLE,RELIABLE,PARTIAL,PARTIAL,UNCERTAIN,MOVING,STATIONARY,STATIONARY,STATIONARY,STATIONARY,MOVING
207797,6104,,0.01267128,0.01000082,0.00882633,0.01028448,0.00815390,UNRELIABLE,RELIABLE,RELIABLE,RELIABLE,PARTIAL,PARTIAL,UNCERTAIN,MOVING,STATIONARY,STATIONARY,STATIONARY,STATIONARY,MOVING
207829,6105,,0.01227814,0.00971957,0.00937556,0.01550258,0.01395606,UNRELIABLE,RELIABLE,RELIABLE,RELIABLE,PARTIAL,PARTIAL,UNCERTAIN,MOVING,STATIONARY,STATIONARY,STATIONARY,STATIONARY,MOVING
207875,6106,,0.01092855,0.01131238,0.00889174,0.01568889,0.01397227,UNRELIABLE,RELIABLE,RELIABLE,RELIABLE,PARTIAL,PARTIAL,UNCERTAIN,MOVING,STATIONARY,STATIONARY,STATIONARY,STATIONARY,MOVING
207908,6107,,0.01050368,0.01128181,0.00841351,0.01547532,0.01338608,UNRELIABLE,RELIABLE,RELIABLE,RELIABLE,PARTIAL,PARTIAL,UNCERTAIN,MOVING,STATIONARY,STATIONARY,MOVING,MOVING,MOVING
207940,6108,,0.01058767,0.01049171,0.00813596,0.01510075,0.01338143,UNRELIABLE,RELIABLE,RELIABLE,RELIABLE,PARTIAL,PARTIAL,UNCERTAIN,MOVING,STATIONARY,STATIONARY,MOVING,MOVING,MOVING
207972,6109,,0.01061335,0.01057042,0.00790093,0.01532650,0.01357507,UNRELIABLE,RELIABLE,RELIABLE,RELIABLE,PARTIAL,PARTIAL,UNCERTAIN,MOVING,STATIONARY,STATIONARY,MOVING,MOVING,MOVING
208003,6110,,0.02432568,0.02782515,0.01530410,0.01808324,0.01825977,UNRELIABLE,RELIABLE,RELIABLE,RELIABLE,PARTIAL,PARTIAL,UNCERTAIN,MOVING,STATIONARY,STATIONARY,MOVING,MOVING,MOVING
208035,6111,,0.03200049,0.03820048,0.02025243,0.02594182,0.02689637,UNRELIABLE,RELIABLE,RELIABLE,RELIABLE,PARTIAL,PARTIAL,UNCERTAIN,MOVING,STATIONARY,STATIONARY,MOVING,MOVING,MOVING
208067,6112,0.00000000,0.03444087,0.03973011,0.02152255,0.02513920,0.02665765,PARTIAL,RELIABLE,RELIABLE,RELIABLE,PARTIAL,PARTIAL,STATIONARY,MOVING,MOVING,MOVING,MOVING,MOVING,MOVING
208100,6113,0.00498957,0.03483513,0.03991871,0.02073132,0.01978757,0.02089409,PARTIAL,RELIABLE,RELIABLE,RELIABLE,PARTIAL,PARTIAL,STATIONARY,MOVING,MOVING,MOVING,MOVING,MOVING,MOVING
208132,6114,0.00515246,0.03482873,0.03745751,0.02055432,0.01954315,0.02014137,PARTIAL,RELIABLE,RELIABLE,RELIABLE,PARTIAL,PARTIAL,STATIONARY,MOVING,MOVING,MOVING,MOVING,MOVING,MOVING
208163,6115,0.00754791,0.03631302,0.03727552,0.02070902,0.01941688,0.02115992,RELIABLE,RELIABLE,RELIABLE,RELIABLE,PARTIAL,PARTIAL,STATIONARY,MOVING,MOVING,MOVING,MOVING,MOVING,MOVING
208195,6116,0.00739152,0.03552572,0.03719583,0.02072763,0.02054926,0.02043444,RELIABLE,RELIABLE,RELIABLE,RELIABLE,PARTIAL,PARTIAL,STATIONARY,MOVING,MOVING,MOVING,MOVING,MOVING,MOVING
208227,6117,0.00743809,0.03559766,0.03688996,0.02105442,0.02074123,0.01977786,RELIABLE,RELIABLE,RELIABLE,RELIABLE,PARTIAL,PARTIAL,STATIONARY,MOVING,MOVING,MOVING,MOVING,MOVING,MOVING
208275,6118,0.00760741,0.02226224,0.02055585,0.01321762,0.01676727,0.01380425,RELIABLE,RELIABLE,RELIABLE,RELIABLE,PARTIAL,PARTIAL,STATIONARY,MOVING,MOVING,MOVING,MOVING,MOVING,MOVING
208308,6119,0.00775779,0.01443266,0.01051286,0.00838026,0.00851641,0.00682721,RELIABLE,RELIABLE,RELIABLE,RELIABLE,PARTIAL,PARTIAL,STATIONARY,MOVING,MOVING,MOVING,MOVING,MOVING,MOVING
208339,6120,0.00759796,0.01138782,0.00965106,0.00691652,0.00699870,0.00642028,RELIABLE,RELIABLE,RELIABLE,RELIABLE,PARTIAL,PARTIAL,STATIONARY,MOVING,MOVING,MOVING,MOVING,MOVING,MOVING
208371,6121,0.00821312,0.01347983,0.01096502,0.00715182,0.00904376,0.00651716,RELIABLE,RELIABLE,RELIABLE,RELIABLE,PARTIAL,PARTIAL,STATIONARY,MOVING,MOVING,MOVING,MOVING,MOVING,MOVING
208403,6122,0.00837993,0.01502901,0.01287404,0.00758000,0.00905960,0.00694774,RELIABLE,RELIABLE,RELIABLE,RELIABLE,PARTIAL,PARTIAL,STATIONARY,MOVING,MOVING,MOVING,MOVING,MOVING,MOVING
208435,6123,0.00792270,0.01434238,0.01376868,0.00785632,0.00934216,0.00670041,RELIABLE,RELIABLE,RELIABLE,RELIABLE,PARTIAL,PARTIAL,STATIONARY,MOVING,MOVING,MOVING,MOVING,MOVING,MOVING
208467,6124,0.00793664,0.01440631,0.01552495,0.00810635,0.00873251,0.00727472,RELIABLE,RELIABLE,RELIABLE,RELIABLE,PARTIAL,PARTIAL,STATIONARY,MOVING,MOVING,MOVING,MOVING,MOVING,MOVING
208499,6125,0.00789167,0.01414069,0.01555011,0.00795867,0.00850695,0.00802564,RELIABLE,RELIABLE,RELIABLE,RELIABLE,PARTIAL,PARTIAL,STATIONARY,MOVING,MOVING,MOVING,MOVING,MOVING,MOVING
208531,6126,0.00732293,0.01384423,0.01463483,0.00750722,0.00705626,0.00817544,RELIABLE,RELIABLE,RELIABLE,RELIABLE,PARTIAL,PARTIAL,STATIONARY,MOVING,MOVING,MOVING,MOVING,MOVING,MOVING
208563,6127,0.00647309,0.01416687,0.01309194,0.00684775,0.00679472,0.00619822,RELIABLE,RELIABLE,RELIABLE,RELIABLE,PARTIAL,PARTIAL,STATIONARY,MOVING,MOVING,MOVING,MOVING,MOVING,MOVING
208595,6128,0.00630405,0.01382446,0.01188833,0.00609169,0.00652824,0.00548579,RELIABLE,RELIABLE,RELIABLE,RELIABLE,PARTIAL,PARTIAL,STATIONARY,MOVING,MOVING,MOVING,MOVING,MOVING,MOVING
208643,6129,0.00546501,0.01117074,0.01028016,0.00559674,0.00450667,0.00510045,RELIABLE,RELIABLE,RELIABLE,RELIABLE,PARTIAL,PARTIAL,STATIONARY,MOVING,MOVING,MOVING,MOVING,MOVING,MOVING
208675,6130,0.00502399,0.00928197,0.00858844,0.00488588,0.00382607,0.00482104,RELIABLE,RELIABLE,RELIABLE,RELIABLE,PARTIAL,PARTIAL,STATIONARY,MOVING,MOVING,MOVING,MOVING,MOVING,MOVING
208708,6131,0.00427560,0.00808596,0.00795297,0.00428530,0.00340566,0.00380353,RELIABLE,RELIABLE,RELIABLE,RELIABLE,PARTIAL,PARTIAL,STATIONARY,MOVING,MOVING,MOVING,MOVING,MOVING,MOVING
208739,6132,0.00373021,0.00705279,0.00643043,0.00353189,0.00268426,0.00312421,RELIABLE,RELIABLE,RELIABLE,RELIABLE,PARTIAL,PARTIAL,STATIONARY,MOVING,MOVING,MOVING,MOVING,MOVING,MOVING
208771,6133,0.00313718,0.00662437,0.00610237,0.00295963,0.00187561,0.00233240,RELIABLE,RELIABLE,RELIABLE,RELIABLE,PARTIAL,PARTIAL,STATIONARY,MOVING,MOVING,MOVING,MOVING,MOVING,MOVING
208803,6134,0.00301704,0.00558435,0.00619518,0.00251381,0.00189339,0.00205395,RELIABLE,RELIABLE,RELIABLE,RELIABLE,PARTIAL,PARTIAL,STATIONARY,MOVING,MOVING,MOVING,MOVING,MOVING,MOVING
208836,6135,0.00325634,0.00488361,0.00706454,0.00227938,0.00174400,0.00199733,RELIABLE,RELIABLE,RELIABLE,RELIABLE,PARTIAL,PARTIAL,STATIONARY,MOVING,MOVING,MOVING,MOVING,STATIONARY,MOVING
208867,6136,0.00275323,0.00429361,0.00700693,0.00202889,0.00139746,0.00198637,RELIABLE,RELIABLE,RELIABLE,RELIABLE,PARTIAL,PARTIAL,STATIONARY,MOVING,MOVING,STATIONARY,STATIONARY,STATIONARY,MOVING
208899,6137,0.00255502,0.00337694,0.00773493,0.00178853,0.00125986,0.00226224,RELIABLE,RELIABLE,RELIABLE,RELIABLE,PARTIAL,PARTIAL,STATIONARY,MOVING,MOVING,STATIONARY,STATIONARY,STATIONARY,MOVING
208931,6138,0.00223875,0.00294580,0.00787612,0.00171439,0.00172330,0.00282345,RELIABLE,RELIABLE,RELIABLE,RELIABLE,PARTIAL,PARTIAL,STATIONARY,MOVING,MOVING,STATIONARY,STATIONARY,STATIONARY,MOVING
208963,6139,0.00194747,0.00287541,0.00776254,0.00173334,0.00170972,0.00320398,RELIABLE,RELIABLE,RELIABLE,RELIABLE,PARTIAL,PARTIAL,STATIONARY,MOVING,MOVING,STATIONARY,STATIONARY,STATIONARY,MOVING
208995,6140,0.00181653,0.00318892,0.00834405,0.00190194,0.00207427,0.00371113,RELIABLE,RELIABLE,RELIABLE,RELIABLE,PARTIAL,PARTIAL,STATIONARY,MOVING,MOVING,STATIONARY,STATIONARY,STATIONARY,MOVING
209043,6141,0.00159624,0.00393210,0.00878748,0.00237723,0.00261902,0.00457121,RELIABLE,RELIABLE,RELIABLE,RELIABLE,PARTIAL,PARTIAL,STATIONARY,STATIONARY,MOVING,STATIONARY,STATIONARY,STATIONARY,MOVING
209075,6142,0.00154619,0.00446359,0.00917752,0.00281587,0.00288019,0.00530784,RELIABLE,RELIABLE,RELIABLE,RELIABLE,PARTIAL,PARTIAL,STATIONARY,STATIONARY,MOVING,STATIONARY,STATIONARY,STATIONARY,MOVING
209107,6143,0.00158580,0.00493345,0.00903459,0.00355918,0.00341203,0.00670341,RELIABLE,RELIABLE,RELIABLE,RELIABLE,PARTIAL,PARTIAL,STATIONARY,STATIONARY,MOVING,STATIONARY,STATIONARY,STATIONARY,MOVING
209138,6144,0.00215054,0.00614776,0.00945391,0.00439099,0.00396481,0.00724691,RELIABLE,RELIABLE,RELIABLE,RELIABLE,PARTIAL,PARTIAL,STATIONARY,STATIONARY,MOVING,STATIONARY,STATIONARY,STATIONARY,MOVING
209171,6145,0.00300293,0.00714251,0.00968196,0.00538222,0.00463155,0.00828671,RELIABLE,RELIABLE,RELIABLE,RELIABLE,PARTIAL,PARTIAL,STATIONARY,STATIONARY,MOVING,STATIONARY,STATIONARY,STATIONARY,MOVING
209203,6146,0.00413787,0.00846608,0.01009909,0.00631954,0.00504417,0.00838779,RELIABLE,RELIABLE,RELIABLE,RELIABLE,PARTIAL,PARTIAL,STATIONARY,STATIONARY,MOVING,STATIONARY,STATIONARY,STATIONARY,MOVING
209235,6147,0.00597916,0.01004019,0.01101070,0.00772444,0.00673673,0.00960777,RELIABLE,RELIABLE,RELIABLE,RELIABLE,PARTIAL,PARTIAL,STATIONARY,STATIONARY,MOVING,STATIONARY,STATIONARY,STATIONARY,MOVING
209267,6148,0.00836227,0.01093509,0.01196588,0.00921045,0.00732203,0.01095163,RELIABLE,RELIABLE,RELIABLE,RELIABLE,PARTIAL,PARTIAL,STATIONARY,STATIONARY,MOVING,STATIONARY,STATIONARY,STATIONARY,MOVING
209300,6149,0.01010019,0.01169978,0.01223263,0.01047687,0.01237048,0.01041193,RELIABLE,RELIABLE,RELIABLE,RELIABLE,PARTIAL,PARTIAL,STATIONARY,STATIONARY,MOVING,STATIONARY,STATIONARY,STATIONARY,MOVING
209331,6150,0.01169893,0.01657163,0.01242411,0.01205577,0.01886552,0.01324746,RELIABLE,RELIABLE,RELIABLE,RELIABLE,PARTIAL,PARTIAL,STATIONARY,STATIONARY,MOVING,STATIONARY,STATIONARY,STATIONARY,MOVING
209364,6151,0.01345948,0.03727269,0.02199900,0.01988914,0.02847633,0.01559181,RELIABLE,RELIABLE,RELIABLE,RELIABLE,PARTIAL,PARTIAL,STATIONARY,STATIONARY,MOVING,STATIONARY,MOVING,STATIONARY,MOVING
209412,6152,0.01602716,0.04850248,0.03631208,0.02547154,0.03269451,0.02083435,RELIABLE,RELIABLE,RELIABLE,RELIABLE,PARTIAL,PARTIAL,STATIONARY,MOVING,MOVING,MOVING,MOVING,MOVING,MOVING
209443,6153,0.01751422,0.04913387,0.03598978,0.02547976,0.03340345,0.02021783,PARTIAL,RELIABLE,RELIABLE,RELIABLE,PARTIAL,PARTIAL,MOVING,MOVING,MOVING,MOVING,MOVING,MOVING,MOVING
209476,6154,,0.05012816,0.03739159,0.02603980,0.03427344,0.01967048,UNRELIABLE,RELIABLE,RELIABLE,RELIABLE,PARTIAL,PARTIAL,UNCERTAIN,MOVING,MOVING,MOVING,MOVING,MOVING,MOVING
209507,6155,,0.04956008,0.03791295,0.02523418,0.03270615,0.01816317,UNRELIABLE,RELIABLE,RELIABLE,RELIABLE,PARTIAL,PARTIAL,UNCERTAIN,MOVING,MOVING,MOVING,MOVING,MOVING,MOVING
209539,6156,,0.04976228,0.03851021,0.02470295,0.03250273,0.01664793,UNRELIABLE,RELIABLE,RELIABLE,RELIABLE,PARTIAL,PARTIAL,UNCERTAIN,MOVING,MOVING,MOVING,MOVING,MOVING,MOVING
209571,6157,,0.05429635,0.04634441,0.02603996,0.02808496,0.01798845,UNRELIABLE,RELIABLE,RELIABLE,RELIABLE,PARTIAL,PARTIAL,UNCERTAIN,MOVING,MOVING,MOVING,MOVING,MOVING,MOVING
209603,6158,,0.05633264,0.04941027,0.02551650,0.02291920,0.01460583,UNRELIABLE,RELIABLE,RELIABLE,RELIABLE,PARTIAL,PARTIAL,UNCERTAIN,MOVING,MOVING,MOVING,MOVING,MOVING,MOVING
209635,6159,,0.03631532,0.03917598,0.01752781,0.01343677,0.01127931,UNRELIABLE,RELIABLE,RELIABLE,RELIABLE,PARTIAL,PARTIAL,UNCERTAIN,MOVING,MOVING,MOVING,MOVING,MOVING,MOVING
209667,6160,,0.02411792,0.02472110,0.01164526,0.00958368,0.00544899,UNRELIABLE,RELIABLE,RELIABLE,RELIABLE,PARTIAL,PARTIAL,UNCERTAIN,MOVING,MOVING,MOVING,MOVING,MOVING,MOVING
209699,6161,,0.02274511,0.02585500,0.01185192,0.00891417,0.00552717,UNRELIABLE,RELIABLE,RELIABLE,RELIABLE,PARTIAL,PARTIAL,UNCERTAIN,MOVING,MOVING,MOVING,MOVING,MOVING,MOVING
209731,6162,,0.02132509,0.02375663,0.01090882,0.00798508,0.00547921,UNRELIABLE,RELIABLE,RELIABLE,RELIABLE,PARTIAL,PARTIAL,UNCERTAIN,MOVING,MOVING,MOVING,MOVING,MOVING,MOVING
209763,6163,,0.02078330,0.02274090,0.01057158,0.00802314,0.00581936,UNRELIABLE,RELIABLE,RELIABLE,RELIABLE,PARTIAL,PARTIAL,UNCERTAIN,MOVING,MOVING,MOVING,MOVING,MOVING,MOVING
209812,6164,,0.02043180,0.02080772,0.01012990,0.00782248,0.00604212,UNRELIABLE,RELIABLE,RELIABLE,RELIABLE,PARTIAL,PARTIAL,UNCERTAIN,MOVING,MOVING,MOVING,MOVING,MOVING,MOVING
209843,6165,,0.01463888,0.01234785,0.00713776,0.00680847,0.00448932,UNRELIABLE,RELIABLE,RELIABLE,RELIABLE,PARTIAL,PARTIAL,UNCERTAIN,MOVING,MOVING,MOVING,MOVING,MOVING,MOVING
209875,6166,,0.00765567,0.00834132,0.00569598,0.00529816,0.00441034,UNRELIABLE,RELIABLE,PARTIAL,RELIABLE,PARTIAL,PARTIAL,UNCERTAIN,MOVING,MOVING,MOVING,MOVING,MOVING,MOVING
209907,6167,,0.00645968,0.00798717,0.00534281,0.00482530,0.00454979,UNRELIABLE,RELIABLE,PARTIAL,RELIABLE,PARTIAL,PARTIAL,UNCERTAIN,MOVING,MOVING,MOVING,MOVING,MOVING,MOVING
209939,6168,,0.00660700,0.00754560,0.00481711,0.00402881,0.00439576,UNRELIABLE,RELIABLE,PARTIAL,RELIABLE,PARTIAL,PARTIAL,UNCERTAIN,MOVING,MOVING,MOVING,MOVING,MOVING,MOVING
209971,6169,,0.00641505,0.00566792,0.00355141,0.00334933,0.00348577,UNRELIABLE,RELIABLE,PARTIAL,RELIABLE,PARTIAL,PARTIAL,UNCERTAIN,MOVING,MOVING,MOVING,MOVING,MOVING,MOVING
210003,6170,,0.00567724,0.00566548,0.00296527,0.00270458,0.00315341,UNRELIABLE,RELIABLE,PARTIAL,RELIABLE,PARTIAL,PARTIAL,UNCERTAIN,MOVING,MOVING,MOVING,MOVING,MOVING,MOVING
210036,6171,,0.00520071,0.00453895,0.00254455,0.00243689,0.00308079,UNRELIABLE,RELIABLE,PARTIAL,RELIABLE,PARTIAL,PARTIAL,UNCERTAIN,MOVING,MOVING,MOVING,MOVING,MOVING,MOVING
210067,6172,,0.00449131,0.00489586,0.00189159,0.00185652,0.00261254,UNRELIABLE,RELIABLE,PARTIAL,RELIABLE,PARTIAL,PARTIAL,UNCERTAIN,MOVING,MOVING,MOVING,MOVING,STATIONARY,MOVING
210099,6173,,0.00443528,0.00546590,0.00207352,0.00175468,0.00266599,UNRELIABLE,RELIABLE,PARTIAL,RELIABLE,PARTIAL,PARTIAL,UNCERTAIN,MOVING,MOVING,STATIONARY,STATIONARY,STATIONARY,MOVING
210131,6174,,0.00376549,0.00618795,0.00255398,0.00179263,0.00315024,UNRELIABLE,RELIABLE,PARTIAL,RELIABLE,PARTIAL,PARTIAL,UNCERTAIN,MOVING,MOVING,STATIONARY,STATIONARY,STATIONARY,MOVING
210180,6175,,0.00410727,0.00754764,0.00324504,0.00218589,0.00364410,UNRELIABLE,RELIABLE,PARTIAL,RELIABLE,PARTIAL,PARTIAL,UNCERTAIN,MOVING,MOVING,STATIONARY,STATIONARY,STATIONARY,MOVING
210211,6176,,0.00589839,0.00922136,0.00455853,0.00334977,0.00468028,UNRELIABLE,RELIABLE,PARTIAL,RELIABLE,PARTIAL,PARTIAL,UNCERTAIN,MOVING,MOVING,STATIONARY,STATIONARY,STATIONARY,MOVING
210243,6177,,0.00644545,0.01089965,0.00563183,0.00379686,0.00568905,UNRELIABLE,RELIABLE,PARTIAL,RELIABLE,PARTIAL,PARTIAL,UNCERTAIN,MOVING,MOVING,STATIONARY,STATIONARY,STATIONARY,MOVING
210276,6178,,0.00738280,0.01244070,0.00727592,0.00500354,0.00665679,UNRELIABLE,RELIABLE,PARTIAL,RELIABLE,PARTIAL,PARTIAL,UNCERTAIN,MOVING,MOVING,STATIONARY,STATIONARY,STATIONARY,MOVING
210307,6179,,0.01262197,0.01726217,0.01023142,0.00738647,0.00775802,UNRELIABLE,RELIABLE,PARTIAL,RELIABLE,PARTIAL,PARTIAL,UNCERTAIN,MOVING,MOVING,STATIONARY,STATIONARY,STATIONARY,MOVING
210339,6180,,0.01450385,0.02090036,0.01241708,0.00851309,0.00915366,UNRELIABLE,RELIABLE,PARTIAL,RELIABLE,PARTIAL,PARTIAL,UNCERTAIN,MOVING,MOVING,STATIONARY,STATIONARY,STATIONARY,MOVING
210371,6181,,0.03960645,0.03806434,0.02464311,0.01774482,0.01348611,UNRELIABLE,RELIABLE,PARTIAL,RELIABLE,PARTIAL,PARTIAL,UNCERTAIN,MOVING,MOVING,STATIONARY,STATIONARY,STATIONARY,MOVING
210404,6182,0.00000000,0.05385061,0.03900831,0.02886204,0.03066911,0.02317916,PARTIAL,RELIABLE,PARTIAL,RELIABLE,PARTIAL,PARTIAL,STATIONARY,MOVING,MOVING,MOVING,STATIONARY,STATIONARY,MOVING
210435,6183,0.01520278,0.05532180,0.03885052,0.02970456,0.03494262,0.02247112,RELIABLE,RELIABLE,RELIABLE,RELIABLE,PARTIAL,PARTIAL,STATIONARY,MOVING,MOVING,MOVING,MOVING,MOVING,MOVING
210467,6184,0.01689878,0.05559198,0.03869452,0.02999007,0.03612200,0.02267642,RELIABLE,RELIABLE,RELIABLE,RELIABLE,PARTIAL,PARTIAL,STATIONARY,MOVING,MOVING,MOVING,MOVING,MOVING,MOVING
210499,6185,0.01811756,0.05668945,0.03856677,0.03056239,0.03722628,0.02335129,RELIABLE,RELIABLE,RELIABLE,RELIABLE,PARTIAL,PARTIAL,MOVING,MOVING,MOVING,MOVING,MOVING,MOVING,MOVING
210531,6186,0.01783636,0.05703937,0.03829526,0.03065016,0.03734000,0.02535505,RELIABLE,RELIABLE,RELIABLE,RELIABLE,PARTIAL,PARTIAL,MOVING,MOVING,MOVING,MOVING,MOVING,MOVING,MOVING
210579,6187,0.01774448,0.05295330,0.03555413,0.02978011,0.03722326,0.02556480,RELIABLE,RELIABLE,RELIABLE,RELIABLE,PARTIAL,PARTIAL,MOVING,MOVING,MOVING,MOVING,MOVING,MOVING,MOVING
210613,6188,0.01746242,0.05216729,0.03329605,0.02915476,0.03736223,0.02517016,RELIABLE,RELIABLE,RELIABLE,RELIABLE,PARTIAL,PARTIAL,MOVING,MOVING,MOVING,MOVING,MOVING,MOVING,MOVING
210644,6189,0.01659940,0.02801047,0.01833318,0.01774740,0.02856731,0.02095559,RELIABLE,RELIABLE,RELIABLE,RELIABLE,PARTIAL,PARTIAL,MOVING,MOVING,MOVING,MOVING,MOVING,MOVING,MOVING
210677,6190,0.01581227,0.01495066,0.01896188,0.01418921,0.01606710,0.01162554,RELIABLE,RELIABLE,RELIABLE,RELIABLE,PARTIAL,PARTIAL,MOVING,MOVING,MOVING,MOVING,MOVING,MOVING,MOVING
210709,6191,0.01505895,0.01405066,0.01956791,0.01353912,0.01174933,0.01311473,RELIABLE,RELIABLE,RELIABLE,RELIABLE,PARTIAL,PARTIAL,MOVING,MOVING,MOVING,MOVING,MOVING,MOVING,MOVING
210740,6192,0.01371657,0.01225422,0.01858288,0.01276035,0.00989089,0.01312464,RELIABLE,RELIABLE,RELIABLE,RELIABLE,PARTIAL,PARTIAL,MOVING,MOVING,MOVING,MOVING,MOVING,MOVING,MOVING
210772,6193,0.01176233,0.01136779,0.01780452,0.01161860,0.00895425,0.01201399,RELIABLE,RELIABLE,RELIABLE,RELIABLE,PARTIAL,PARTIAL,MOVING,MOVING,MOVING,MOVING,MOVING,MOVING,MOVING
210804,6194,0.01022989,0.01038288,0.01677151,0.01035803,0.00782044,0.00997027,RELIABLE,RELIABLE,RELIABLE,RELIABLE,PARTIAL,PARTIAL,MOVING,MOVING,MOVING,MOVING,MOVING,MOVING,MOVING
210835,6195,0.00851594,0.00977147,0.01570004,0.00888377,0.00597553,0.00887136,RELIABLE,RELIABLE,RELIABLE,RELIABLE,PARTIAL,PARTIAL,MOVING,MOVING,MOVING,MOVING,MOVING,MOVING,MOVING
210868,6196,0.00689876,0.00850116,0.01359854,0.00755000,0.00494922,0.00861729,RELIABLE,RELIABLE,RELIABLE,RELIABLE,PARTIAL,PARTIAL,MOVING,MOVING,MOVING,MOVING,MOVING,MOVING,MOVING
210900,6197,0.00582860,0.00702833,0.01104728,0.00657385,0.00454399,0.00840924,RELIABLE,RELIABLE,RELIABLE,RELIABLE,PARTIAL,PARTIAL,MOVING,MOVING,MOVING,MOVING,MOVING,MOVING,MOVING
210947,6198,0.00468980,0.00617389,0.00901876,0.00559238,0.00418256,0.00733012,RELIABLE,RELIABLE,RELIABLE,RELIABLE,PARTIAL,PARTIAL,MOVING,MOVING,MOVING,MOVING,MOVING,MOVING,MOVING
210980,6199,0.00373607,0.00507292,0.00773879,0.00468752,0.00376663,0.00558793,RELIABLE,RELIABLE,RELIABLE,RELIABLE,PARTIAL,PARTIAL,MOVING,MOVING,MOVING,MOVING,MOVING,MOVING,MOVING
211011,6200,0.00283809,0.00444032,0.00688294,0.00380568,0.00311021,0.00441910,RELIABLE,RELIABLE,RELIABLE,RELIABLE,PARTIAL,PARTIAL,MOVING,MOVING,MOVING,MOVING,MOVING,MOVING,MOVING
211043,6201,0.00232994,0.00352035,0.00590332,0.00315949,0.00228085,0.00373588,RELIABLE,RELIABLE,RELIABLE,RELIABLE,PARTIAL,PARTIAL,MOVING,MOVING,MOVING,MOVING,MOVING,MOVING,MOVING
211075,6202,0.00194653,0.00300052,0.00524561,0.00268168,0.00196107,0.00344730,RELIABLE,RELIABLE,RELIABLE,RELIABLE,PARTIAL,PARTIAL,MOVING,MOVING,MOVING,MOVING,STATIONARY,MOVING,MOVING
211107,6203,0.00167117,0.00215332,0.00417154,0.00201506,0.00162756,0.00286239,RELIABLE,RELIABLE,RELIABLE,RELIABLE,PARTIAL,PARTIAL,MOVING,MOVING,MOVING,MOVING,STATIONARY,MOVING,MOVING
211139,6204,0.00140974,0.00194503,0.00371976,0.00173066,0.00140892,0.00215515,RELIABLE,RELIABLE,RELIABLE,RELIABLE,PARTIAL,PARTIAL,STATIONARY,MOVING,MOVING,MOVING,STATIONARY,MOVING,MOVING
211171,6205,0.00120697,0.00194301,0.00298586,0.00149606,0.00129216,0.00214612,RELIABLE,RELIABLE,RELIABLE,RELIABLE,PARTIAL,PARTIAL,STATIONARY,MOVING,MOVING,STATIONARY,STATIONARY,MOVING,MOVING
211203,6206,0.00129621,0.00165017,0.00289163,0.00121523,0.00117511,0.00249407,RELIABLE,RELIABLE,RELIABLE,RELIABLE,PARTIAL,PARTIAL,STATIONARY,STATIONARY,MOVING,STATIONARY,STATIONARY,STATIONARY,MOVING
211235,6207,0.00159577,0.00148466,0.00280913,0.00121499,0.00106487,0.00327391,RELIABLE,RELIABLE,RELIABLE,RELIABLE,PARTIAL,PARTIAL,STATIONARY,STATIONARY,MOVING,STATIONARY,STATIONARY,STATIONARY,MOVING
211267,6208,0.00207016,0.00183693,0.00321789,0.00175394,0.00170705,0.00537545,RELIABLE,RELIABLE,RELIABLE,RELIABLE,PARTIAL,PARTIAL,STATIONARY,STATIONARY,STATIONARY,STATIONARY,STATIONARY,STATIONARY,STATIONARY
211299,6209,0.00252912,0.00272494,0.00408679,0.00242984,0.00217028,0.00633535,RELIABLE,RELIABLE,RELIABLE,RELIABLE,PARTIAL,PARTIAL,STATIONARY,STATIONARY,STATIONARY,STATIONARY,STATIONARY,STATIONARY,STATIONARY
211347,6210,0.00306060,0.00351728,0.00450359,0.00316068,0.00271066,0.00712533,RELIABLE,RELIABLE,RELIABLE,RELIABLE,PARTIAL,PARTIAL,STATIONARY,STATIONARY,STATIONARY,STATIONARY,STATIONARY,STATIONARY,STATIONARY
211379,6211,0.00354394,0.00426401,0.00560968,0.00400483,0.00349604,0.00816809,RELIABLE,RELIABLE,RELIABLE,RELIABLE,PARTIAL,PARTIAL,STATIONARY,STATIONARY,STATIONARY,STATIONARY,STATIONARY,STATIONARY,STATIONARY
211412,6212,0.00411780,0.00527034,0.00709117,0.00509605,0.00455884,0.00970233,RELIABLE,RELIABLE,RELIABLE,RELIABLE,PARTIAL,PARTIAL,STATIONARY,STATIONARY,STATIONARY,STATIONARY,STATIONARY,STATIONARY,STATIONARY
211443,6213,0.00484364,0.00617750,0.00788649,0.00618574,0.00519023,0.01104449,RELIABLE,RELIABLE,RELIABLE,RELIABLE,PARTIAL,PARTIAL,STATIONARY,STATIONARY,STATIONARY,STATIONARY,STATIONARY,STATIONARY,STATIONARY
211475,6214,0.00571894,0.00720951,0.00876679,0.00757585,0.00632265,0.01324026,RELIABLE,RELIABLE,RELIABLE,RELIABLE,PARTIAL,PARTIAL,STATIONARY,STATIONARY,STATIONARY,STATIONARY,STATIONARY,STATIONARY,STATIONARY
211507,6215,0.00657579,0.00839898,0.01043759,0.00909435,0.00796066,0.01459770,RELIABLE,RELIABLE,RELIABLE,RELIABLE,PARTIAL,PARTIAL,STATIONARY,STATIONARY,STATIONARY,STATIONARY,STATIONARY,STATIONARY,STATIONARY
211540,6216,0.00760781,0.00918490,0.01147037,0.00989030,0.00896285,0.01448420,RELIABLE,RELIABLE,RELIABLE,RELIABLE,PARTIAL,PARTIAL,STATIONARY,STATIONARY,STATIONARY,STATIONARY,STATIONARY,MOVING,MOVING
211572,6217,0.00864039,0.00990529,0.01268986,0.01104896,0.01005802,0.01623301,RELIABLE,RELIABLE,RELIABLE,RELIABLE,PARTIAL,PARTIAL,STATIONARY,STATIONARY,STATIONARY,STATIONARY,STATIONARY,MOVING,MOVING
211603,6218,0.00959719,0.01075590,0.01413655,0.01186613,0.01215603,0.01761332,RELIABLE,RELIABLE,RELIABLE,RELIABLE,RELIABLE,PARTIAL,STATIONARY,STATIONARY,STATIONARY,STATIONARY,STATIONARY,MOVING,MOVING
211635,6219,0.01063451,0.01159239,0.01512910,0.01278158,0.01417895,0.01984866,RELIABLE,RELIABLE,RELIABLE,RELIABLE,RELIABLE,PARTIAL,STATIONARY,STATIONARY,MOVING,STATIONARY,STATIONARY,MOVING,MOVING
211666,6220,0.01167168,0.01170785,0.01556378,0.01342292,0.01475022,0.02064108,RELIABLE,RELIABLE,RELIABLE,RELIABLE,PARTIAL,PARTIAL,STATIONARY,STATIONARY,MOVING,STATIONARY,MOVING,MOVING,MOVING
211699,6221,0.01252681,0.01208461,0.01665605,0.01413393,0.01589956,0.02202849,RELIABLE,RELIABLE,RELIABLE,RELIABLE,PARTIAL,PARTIAL,STATIONARY,STATIONARY,MOVING,MOVING,MOVING,MOVING,MOVING
211748,6222,0.01315597,0.01312171,0.01808603,0.01449254,0.01618341,0.02236111,RELIABLE,RELIABLE,RELIABLE,RELIABLE,PARTIAL,PARTIAL,STATIONARY,STATIONARY,MOVING,MOVING,MOVING,MOVING,MOVING
211781,6223,0.01314127,0.01310911,0.01821936,0.01378591,0.01621602,0.02223069,RELIABLE,RELIABLE,RELIABLE,RELIABLE,PARTIAL,PARTIAL,MOVING,MOVING,MOVING,MOVING,MOVING,MOVING,MOVING
211813,6224,0.01295341,0.01333889,0.01811521,0.01421841,0.01642809,0.02157422,RELIABLE,RELIABLE,RELIABLE,RELIABLE,PARTIAL,PARTIAL,MOVING,MOVING,MOVING,MOVING,MOVING,MOVING,MOVING
211844,6225,0.01269679,0.01297928,0.01733881,0.01360531,0.01646571,0.02124984,RELIABLE,RELIABLE,RELIABLE,RELIABLE,PARTIAL,PARTIAL,MOVING,MOVING,MOVING,MOVING,MOVING,MOVING,MOVING
211876,6226,0.01216874,0.01213330,0.01707501,0.01303919,0.01465080,0.01934738,RELIABLE,RELIABLE,RELIABLE,RELIABLE,PARTIAL,PARTIAL,MOVING,MOVING,MOVING,MOVING,MOVING,MOVING,MOVING
211907,6227,0.01146968,0.01175533,0.01664458,0.01235353,0.01277872,0.01682426,RELIABLE,RELIABLE,RELIABLE,RELIABLE,PARTIAL,PARTIAL,MOVING,MOVING,MOVING,MOVING,MOVING,MOVING,MOVING
211939,6228,0.01058298,0.01140074,0.01600049,0.01122096,0.01208235,0.01495659,RELIABLE,RELIABLE,RELIABLE,RELIABLE,PARTIAL,PARTIAL,MOVING,MOVING,MOVING,MOVING,MOVING,MOVING,MOVING
211971,6229,0.00988740,0.01203013,0.01454917,0.01008398,0.01115946,0.01237524,RELIABLE,RELIABLE,PARTIAL,RELIABLE,PARTIAL,PARTIAL,MOVING,MOVING,MOVING,MOVING,MOVING,MOVING,MOVING
212003,6230,0.00921605,0.01117383,0.01257526,0.00890317,0.00971338,0.00982498,RELIABLE,RELIABLE,PARTIAL,RELIABLE,PARTIAL,PARTIAL,MOVING,MOVING,MOVING,MOVING,MOVING,MOVING,MOVING
212036,6231,0.00891517,0.01168119,0.01075161,0.00869529,0.00894765,0.00842214,RELIABLE,RELIABLE,PARTIAL,RELIABLE,PARTIAL,PARTIAL,MOVING,MOVING,MOVING,MOVING,MOVING,MOVING,MOVING
212068,6232,0.00785637,0.01093437,0.00973065,0.00743313,0.00762275,0.00731608,RELIABLE,RELIABLE,PARTIAL,RELIABLE,PARTIAL,PARTIAL,MOVING,MOVING,MOVING,MOVING,MOVING,MOVING,MOVING
212115,6233,0.00824415,0.01035434,0.00893734,0.00706085,0.00709694,0.00569382,RELIABLE,RELIABLE,PARTIAL,RELIABLE,PARTIAL,PARTIAL,MOVING,MOVING,MOVING,MOVING,MOVING,MOVING,MOVING
212148,6234,0.00759942,0.00959885,0.00742450,0.00621475,0.00642928,0.00496709,RELIABLE,RELIABLE,PARTIAL,RELIABLE,PARTIAL,PARTIAL,MOVING,MOVING,MOVING,MOVING,MOVING,MOVING,MOVING
212179,6235,0.00778238,0.00880127,0.00607595,0.00540953,0.00571550,0.00478953,PARTIAL,RELIABLE,PARTIAL,RELIABLE,PARTIAL,PARTIAL,MOVING,MOVING,MOVING,MOVING,MOVING,MOVING,MOVING
212211,6236,0.00724374,0.00814158,0.00504932,0.00491242,0.00609454,0.00526993,PARTIAL,RELIABLE,PARTIAL,RELIABLE,PARTIAL,PARTIAL,MOVING,MOVING,MOVING,MOVING,MOVING,MOVING,MOVING
212243,6237,0.00660986,0.00664533,0.00456923,0.00476712,0.00693714,0.00847400,PARTIAL,RELIABLE,PARTIAL,RELIABLE,PARTIAL,PARTIAL,MOVING,MOVING,MOVING,MOVING,MOVING,MOVING,MOVING
212275,6238,0.00626022,0.00613993,0.00387319,0.00522274,0.00805457,0.01016960,PARTIAL,RELIABLE,PARTIAL,RELIABLE,PARTIAL,PARTIAL,MOVING,MOVING,MOVING,MOVING,MOVING,MOVING,MOVING
212307,6239,0.00689339,0.00622636,0.00450468,0.00588346,0.00850392,0.01166762,PARTIAL,RELIABLE,PARTIAL,RELIABLE,PARTIAL,PARTIAL,MOVING,MOVING,MOVING,MOVING,MOVING,MOVING,MOVING
212339,6240,0.00836555,0.00648877,0.00582581,0.00691363,0.00921763,0.01329622,RELIABLE,RELIABLE,RELIABLE,RELIABLE,PARTIAL,PARTIAL,MOVING,MOVING,MOVING,MOVING,MOVING,MOVING,MOVING
212371,6241,0.00799300,0.00830871,0.00742357,0.00777851,0.00978163,0.01439254,RELIABLE,RELIABLE,RELIABLE,RELIABLE,PARTIAL,PARTIAL,MOVING,MOVING,MOVING,MOVING,MOVING,MOVING,MOVING
212403,6242,0.00948150,0.01034057,0.00962273,0.00976231,0.01196714,0.01682844,RELIABLE,PARTIAL,RELIABLE,RELIABLE,PARTIAL,PARTIAL,MOVING,MOVING,MOVING,MOVING,MOVING,MOVING,MOVING
212435,6243,0.01040148,0.01235775,0.01250634,0.01176754,0.01347849,0.01896494,RELIABLE,PARTIAL,RELIABLE,RELIABLE,PARTIAL,PARTIAL,MOVING,MOVING,MOVING,MOVING,MOVING,MOVING,MOVING
212468,6244,0.01163431,0.01414197,0.01510870,0.01380649,0.01371768,0.02047486,RELIABLE,PARTIAL,RELIABLE,RELIABLE,PARTIAL,PARTIAL,MOVING,MOVING,MOVING,MOVING,MOVING,MOVING,MOVING
212516,6245,0.01395583,0.01554576,0.01782001,0.01527547,0.01342218,0.01903343,RELIABLE,RELIABLE,RELIABLE,RELIABLE,PARTIAL,PARTIAL,MOVING,MOVING,MOVING,MOVING,MOVING,MOVING,MOVING
212549,6246,0.01539121,0.01636723,0.02036171,0.01650137,0.01365600,0.02009075,RELIABLE,RELIABLE,RELIABLE,RELIABLE,PARTIAL,PARTIAL,MOVING,MOVING,MOVING,MOVING,MOVING,MOVING,MOVING
212580,6247,0.01612011,0.01669500,0.02187964,0.01677038,0.01425544,0.02020610,RELIABLE,RELIABLE,RELIABLE,RELIABLE,PARTIAL,PARTIAL,MOVING,MOVING,MOVING,MOVING,MOVING,MOVING,MOVING
212611,6248,0.01611940,0.01715227,0.02275022,0.01687445,0.01478392,0.02149165,RELIABLE,RELIABLE,RELIABLE,RELIABLE,PARTIAL,PARTIAL,MOVING,MOVING,MOVING,MOVING,MOVING,MOVING,MOVING
212643,6249,0.01655383,0.01604983,0.02292356,0.01658063,0.01444058,0.02156219,RELIABLE,RELIABLE,RELIABLE,RELIABLE,PARTIAL,PARTIAL,MOVING,MOVING,MOVING,MOVING,MOVING,MOVING,MOVING
212676,6250,0.01588601,0.01520253,0.02273960,0.01557914,0.01355088,0.02046999,RELIABLE,RELIABLE,RELIABLE,RELIABLE,PARTIAL,PARTIAL,MOVING,MOVING,MOVING,MOVING,MOVING,MOVING,MOVING
212707,6251,0.01492210,0.01372632,0.02137807,0.01438026,0.01295838,0.01924886,RELIABLE,RELIABLE,RELIABLE,RELIABLE,PARTIAL,PARTIAL,MOVING,MOVING,MOVING,MOVING,MOVING,MOVING,MOVING
212739,6252,0.01430131,0.01254154,0.01987481,0.01300733,0.01234028,0.01742145,RELIABLE,RELIABLE,RELIABLE,RELIABLE,PARTIAL,PARTIAL,MOVING,MOVING,MOVING,MOVING,MOVING,MOVING,MOVING
212771,6253,0.01218425,0.01114222,0.01806991,0.01159996,0.01217117,0.01599739,RELIABLE,RELIABLE,RELIABLE,RELIABLE,PARTIAL,PARTIAL,MOVING,MOVING,MOVING,MOVING,MOVING,MOVING,MOVING
212803,6254,0.01044535,0.00994728,0.01683403,0.01006635,0.01138770,0.01415961,RELIABLE,RELIABLE,RELIABLE,RELIABLE,PARTIAL,PARTIAL,MOVING,MOVING,MOVING,MOVING,MOVING,MOVING,MOVING
212836,6255,0.00853749,0.00806579,0.01490031,0.00863253,0.00991238,0.01239233,RELIABLE,RELIABLE,RELIABLE,RELIABLE,PARTIAL,PARTIAL,MOVING,MOVING,MOVING,MOVING,MOVING,MOVING,MOVING
212883,6256,0.00742089,0.00683020,0.01287435,0.00724801,0.00849085,0.00986145,RELIABLE,RELIABLE,RELIABLE,RELIABLE,PARTIAL,PARTIAL,MOVING,MOVING,MOVING,MOVING,MOVING,MOVING,MOVING
212916,6257,0.00599533,0.00543472,0.01066449,0.00595759,0.00783791,0.00805904,RELIABLE,RELIABLE,RELIABLE,RELIABLE,PARTIAL,PARTIAL,MOVING,MOVING,MOVING,MOVING,MOVING,MOVING,MOVING
212948,6258,0.00486570,0.00419932,0.00910386,0.00484196,0.00633091,0.00703461,RELIABLE,RELIABLE,RELIABLE,RELIABLE,PARTIAL,PARTIAL,MOVING,MOVING,MOVING,MOVING,MOVING,MOVING,MOVING
212979,6259,0.00393732,0.00342397,0.00737574,0.00393548,0.00546403,0.00604828,RELIABLE,RELIABLE,RELIABLE,RELIABLE,PARTIAL,PARTIAL,MOVING,MOVING,MOVING,MOVING,MOVING,MOVING,MOVING
213011,6260,0.00313938,0.00266048,0.00642110,0.00332787,0.00468313,0.00565209,RELIABLE,RELIABLE,RELIABLE,RELIABLE,PARTIAL,PARTIAL,MOVING,MOVING,MOVING,MOVING,MOVING,MOVING,MOVING
213043,6261,0.00288521,0.00223805,0.00571460,0.00288300,0.00415750,0.00518549,RELIABLE,RELIABLE,RELIABLE,RELIABLE,PARTIAL,PARTIAL,MOVING,MOVING,MOVING,MOVING,MOVING,MOVING,MOVING
213075,6262,0.00349736,0.00211083,0.00592787,0.00259407,0.00359242,0.00470983,RELIABLE,RELIABLE,RELIABLE,RELIABLE,PARTIAL,PARTIAL,MOVING,MOVING,MOVING,MOVING,MOVING,MOVING,MOVING
213107,6263,0.00415349,0.00236438,0.00662907,0.00289100,0.00357357,0.00510182,RELIABLE,RELIABLE,RELIABLE,RELIABLE,PARTIAL,PARTIAL,MOVING,MOVING,MOVING,MOVING,MOVING,MOVING,MOVING
213140,6264,0.00484595,0.00314840,0.00696959,0.00398976,0.00491916,0.00595567,RELIABLE,RELIABLE,RELIABLE,RELIABLE,PARTIAL,PARTIAL,STATIONARY,STATIONARY,MOVING,STATIONARY,MOVING,MOVING,MOVING
213171,6265,0.00599627,0.00474745,0.00817570,0.00521827,0.00622085,0.00756598,RELIABLE,RELIABLE,RELIABLE,RELIABLE,PARTIAL,PARTIAL,STATIONARY,STATIONARY,MOVING,STATIONARY,MOVING,MOVING,MOVING
213203,6266,0.00760148,0.00639130,0.00976877,0.00638022,0.00717559,0.00930866,RELIABLE,RELIABLE,RELIABLE,RELIABLE,PARTIAL,PARTIAL,STATIONARY,STATIONARY,MOVING,STATIONARY,MOVING,MOVING,MOVING
213235,6267,0.00966446,0.00929172,0.01169981,0.00779547,0.00842402,0.01018997,RELIABLE,RELIABLE,RELIABLE,RELIABLE,PARTIAL,PARTIAL,STATIONARY,STATIONARY,MOVING,STATIONARY,MOVING,MOVING,MOVING
213283,6268,0.01172397,0.01170492,0.01332990,0.00960012,0.01020086,0.01179882,RELIABLE,RELIABLE,RELIABLE,RELIABLE,PARTIAL,PARTIAL,STATIONARY,STATIONARY,MOVING,STATIONARY,MOVING,MOVING,MOVING
213315,6269,0.01391585,0.01318858,0.01593106,0.01133916,0.01106760,0.01493289,RELIABLE,RELIABLE,RELIABLE,RELIABLE,PARTIAL,PARTIAL,STATIONARY,STATIONARY,MOVING,STATIONARY,MOVING,MOVING,MOVING
213347,6270,0.01533987,0.01516264,0.01570714,0.01283013,0.01344222,0.01572034,RELIABLE,RELIABLE,RELIABLE,RELIABLE,PARTIAL,PARTIAL,STATIONARY,STATIONARY,MOVING,STATIONARY,MOVING,MOVING,MOVING
213379,6271,0.01724579,0.01780667,0.01696946,0.01456821,0.01542393,0.01786328,RELIABLE,RELIABLE,RELIABLE,RELIABLE,PARTIAL,PARTIAL,MOVING,MOVING,MOVING,STATIONARY,MOVING,MOVING,MOVING
213412,6272,0.01828748,0.01924612,0.01838890,0.01546781,0.01673548,0.01938633,RELIABLE,RELIABLE,RELIABLE,RELIABLE,PARTIAL,PARTIAL,MOVING,MOVING,MOVING,MOVING,MOVING,MOVING,MOVING
213444,6273,0.01860643,0.02184567,0.01964123,0.01602374,0.01769635,0.01976098,RELIABLE,RELIABLE,RELIABLE,RELIABLE,PARTIAL,PARTIAL,MOVING,MOVING,MOVING,MOVING,MOVING,MOVING,MOVING
213475,6274,0.01925290,0.02261325,0.01936052,0.01635407,0.01891301,0.02000548,RELIABLE,RELIABLE,RELIABLE,RELIABLE,PARTIAL,PARTIAL,MOVING,MOVING,MOVING,MOVING,MOVING,MOVING,MOVING
213507,6275,0.01897454,0.02232729,0.01935501,0.01604853,0.01894456,0.02037111,RELIABLE,RELIABLE,RELIABLE,RELIABLE,PARTIAL,PARTIAL,MOVING,MOVING,MOVING,MOVING,MOVING,MOVING,MOVING
213540,6276,0.01842142,0.02252437,0.01988635,0.01597016,0.01853477,0.02091445,RELIABLE,RELIABLE,RELIABLE,RELIABLE,PARTIAL,PARTIAL,MOVING,MOVING,MOVING,MOVING,MOVING,MOVING,MOVING
213571,6277,0.01715139,0.02390065,0.01865609,0.01611543,0.01936424,0.01909832,RELIABLE,RELIABLE,PARTIAL,RELIABLE,PARTIAL,PARTIAL,MOVING,MOVING,MOVING,MOVING,MOVING,MOVING,MOVING
213604,6278,0.01589015,0.02352127,0.01907253,0.01536936,0.01848438,0.01859567,RELIABLE,RELIABLE,PARTIAL,RELIABLE,PARTIAL,PARTIAL,MOVING,MOVING,MOVING,MOVING,MOVING,MOVING,MOVING
213652,6279,0.01348712,0.02326312,0.01731151,0.01351023,0.01766498,0.01669608,RELIABLE,RELIABLE,PARTIAL,RELIABLE,PARTIAL,PARTIAL,MOVING,MOVING,MOVING,MOVING,MOVING,MOVING,MOVING
213685,6280,0.01330143,0.02372850,0.01656751,0.01207898,0.01554089,0.01443201,RELIABLE,RELIABLE,PARTIAL,RELIABLE,PARTIAL,PARTIAL,MOVING,MOVING,MOVING,MOVING,MOVING,MOVING,MOVING
213716,6281,,,,,,,UNRELIABLE,UNRELIABLE,UNRELIABLE,UNRELIABLE,UNRELIABLE,UNRELIABLE,UNCERTAIN,UNCERTAIN,UNCERTAIN,UNCERTAIN,UNCERTAIN,UNCERTAIN,UNCERTAIN
213748,6282,0.00000000,0.00000000,0.00000000,0.00000000,0.00000000,0.00000000,RELIABLE,RELIABLE,PARTIAL,RELIABLE,PARTIAL,PARTIAL,STATIONARY,STATIONARY,STATIONARY,STATIONARY,STATIONARY,STATIONARY,STATIONARY
213780,6283,0.00290136,0.00388484,0.00475701,0.00145641,0.00245208,0.00274612,RELIABLE,RELIABLE,PARTIAL,RELIABLE,PARTIAL,PARTIAL,STATIONARY,STATIONARY,STATIONARY,STATIONARY,STATIONARY,STATIONARY,STATIONARY
213811,6284,0.00498270,0.00339582,0.00284798,0.00178713,0.00412816,0.00342514,RELIABLE,RELIABLE,PARTIAL,RELIABLE,PARTIAL,PARTIAL,STATIONARY,STATIONARY,STATIONARY,STATIONARY,STATIONARY,STATIONARY,STATIONARY
213844,6285,0.00386253,0.00327439,0.00218876,0.00226363,0.00401587,0.00464291,RELIABLE,RELIABLE,PARTIAL,RELIABLE,PARTIAL,PARTIAL,STATIONARY,STATIONARY,STATIONARY,STATIONARY,STATIONARY,STATIONARY,STATIONARY
213875,6286,0.00434150,0.00741040,0.00278096,0.00375385,0.00422992,0.00450396,RELIABLE,RELIABLE,PARTIAL,RELIABLE,PARTIAL,PARTIAL,STATIONARY,STATIONARY,STATIONARY,STATIONARY,STATIONARY,STATIONARY,STATIONARY
213907,6287,,,,,,,UNRELIABLE,UNRELIABLE,UNRELIABLE,UNRELIABLE,UNRELIABLE,UNRELIABLE,UNCERTAIN,UNCERTAIN,UNCERTAIN,UNCERTAIN,UNCERTAIN,UNCERTAIN,UNCERTAIN
213939,6288,,,,,,,UNRELIABLE,UNRELIABLE,UNRELIABLE,UNRELIABLE,UNRELIABLE,UNRELIABLE,UNCERTAIN,UNCERTAIN,UNCERTAIN,UNCERTAIN,UNCERTAIN,UNCERTAIN,UNCERTAIN
213971,6289,0.00000000,0.00000000,0.00000000,0.00000000,0.00000000,0.00000000,RELIABLE,RELIABLE,PARTIAL,RELIABLE,PARTIAL,PARTIAL,STATIONARY,STATIONARY,STATIONARY,STATIONARY,STATIONARY,STATIONARY,STATIONARY
214003,6290,0.00947694,0.01150512,0.01183063,0.00506607,0.00160014,0.01685010,RELIABLE,RELIABLE,PARTIAL,RELIABLE,PARTIAL,PARTIAL,STATIONARY,STATIONARY,STATIONARY,STATIONARY,STATIONARY,STATIONARY,STATIONARY
214051,6291,0.01176032,0.02206226,0.01290065,0.00810538,0.00632429,0.01224645,RELIABLE,RELIABLE,PARTIAL,RELIABLE,PARTIAL,PARTIAL,STATIONARY,STATIONARY,STATIONARY,STATIONARY,STATIONARY,STATIONARY,STATIONARY
214083,6292,0.01339790,0.02349480,0.01336399,0.01033367,0.00679775,0.01508430,RELIABLE,RELIABLE,PARTIAL,RELIABLE,PARTIAL,PARTIAL,STATIONARY,STATIONARY,STATIONARY,STATIONARY,STATIONARY,MOVING,MOVING
214116,6293,0.01471579,0.02278983,0.01553254,0.01181336,0.00847449,0.01538461,RELIABLE,RELIABLE,PARTIAL,RELIABLE,PARTIAL,PARTIAL,STATIONARY,MOVING,MOVING,STATIONARY,STATIONARY,MOVING,MOVING
214147,6294,0.01563087,0.02513086,0.01720182,0.01285119,0.01059197,0.01610276,RELIABLE,RELIABLE,PARTIAL,RELIABLE,PARTIAL,PARTIAL,MOVING,MOVING,MOVING,STATIONARY,STATIONARY,MOVING,MOVING
214179,6295,0.01563161,0.02696094,0.01690146,0.01201644,0.00997442,0.01540144,RELIABLE,RELIABLE,PARTIAL,RELIABLE,PARTIAL,PARTIAL,MOVING,MOVING,MOVING,STATIONARY,STATIONARY,MOVING,MOVING
214211,6296,0.01543212,0.02631384,0.01702485,0.01215175,0.01139834,0.01557728,RELIABLE,RELIABLE,RELIABLE,RELIABLE,PARTIAL,PARTIAL,MOVING,MOVING,MOVING,MOVING,STATIONARY,MOVING,MOVING
214243,6297,0.01510601,0.02601982,0.01701644,0.01194637,0.01259352,0.01611237,RELIABLE,RELIABLE,RELIABLE,RELIABLE,PARTIAL,PARTIAL,MOVING,MOVING,MOVING,MOVING,STATIONARY,MOVING,MOVING
214274,6298,0.01488572,0.02809533,0.01842278,0.01271589,0.01416635,0.01621445,RELIABLE,RELIABLE,RELIABLE,RELIABLE,PARTIAL,PARTIAL,MOVING,MOVING,MOVING,MOVING,STATIONARY,MOVING,MOVING
214307,6299,0.01385002,0.02661426,0.01784565,0.01223586,0.01416060,0.01624796,RELIABLE,RELIABLE,PARTIAL,RELIABLE,PARTIAL,PARTIAL,MOVING,MOVING,MOVING,MOVING,MOVING,MOVING,MOVING
214339,6300,0.01234689,0.02525868,0.01747406,0.01105647,0.01400985,0.01435385,RELIABLE,RELIABLE,PARTIAL,RELIABLE,PARTIAL,PARTIAL,MOVING,MOVING,MOVING,MOVING,MOVING,MOVING,MOVING
214370,6301,0.01029844,0.02429029,0.01520562,0.00934466,0.01268449,0.01282969,RELIABLE,RELIABLE,PARTIAL,RELIABLE,PARTIAL,PARTIAL,MOVING,MOVING,MOVING,MOVING,MOVING,MOVING,MOVING
214420,6302,0.00821698,0.02150317,0.01252219,0.00740349,0.01050815,0.01066279,RELIABLE,RELIABLE,PARTIAL,RELIABLE,PARTIAL,PARTIAL,MOVING,MOVING,MOVING,MOVING,MOVING,MOVING,MOVING
214452,6303,0.00652446,0.01787015,0.01081095,0.00652810,0.00977073,0.00956168,RELIABLE,RELIABLE,PARTIAL,RELIABLE,PARTIAL,PARTIAL,MOVING,MOVING,MOVING,MOVING,MOVING,MOVING,MOVING
214484,6304,0.00480287,0.01602683,0.00887919,0.00503338,0.00751562,0.00785028,RELIABLE,RELIABLE,PARTIAL,RELIABLE,PARTIAL,PARTIAL,MOVING,MOVING,MOVING,MOVING,MOVING,MOVING,MOVING
214516,6305,0.00342715,0.01380228,0.00732403,0.00407191,0.00527853,0.00580894,RELIABLE,RELIABLE,RELIABLE,RELIABLE,PARTIAL,PARTIAL,MOVING,MOVING,MOVING,MOVING,MOVING,MOVING,MOVING
214548,6306,0.00274410,0.01061553,0.00494038,0.00291882,0.00392121,0.00392695,RELIABLE,RELIABLE,RELIABLE,RELIABLE,PARTIAL,PARTIAL,MOVING,MOVING,MOVING,MOVING,MOVING,MOVING,MOVING
214580,6307,0.00271540,0.00825099,0.00454361,0.00227000,0.00362790,0.00321523,RELIABLE,RELIABLE,RELIABLE,RELIABLE,PARTIAL,PARTIAL,MOVING,MOVING,MOVING,MOVING,MOVING,MOVING,MOVING
214611,6308,0.00264909,0.00696166,0.00478147,0.00269685,0.00386095,0.00512123,RELIABLE,RELIABLE,RELIABLE,RELIABLE,PARTIAL,PARTIAL,MOVING,MOVING,MOVING,MOVING,MOVING,MOVING,MOVING
214643,6309,0.00325503,0.00608421,0.00675903,0.00383384,0.00480962,0.00635568,RELIABLE,RELIABLE,RELIABLE,RELIABLE,PARTIAL,PARTIAL,MOVING,MOVING,MOVING,MOVING,MOVING,MOVING,MOVING
214675,6310,0.00408179,0.00566686,0.00871168,0.00540322,0.00655186,0.00825554,RELIABLE,RELIABLE,RELIABLE,RELIABLE,PARTIAL,PARTIAL,MOVING,MOVING,MOVING,MOVING,MOVING,MOVING,MOVING
214708,6311,0.00518841,0.00656216,0.01139248,0.00676886,0.00832663,0.00980901,RELIABLE,RELIABLE,RELIABLE,RELIABLE,PARTIAL,PARTIAL,STATIONARY,MOVING,MOVING,MOVING,MOVING,MOVING,MOVING
214740,6312,0.00676795,0.00865053,0.01311623,0.00807951,0.00981284,0.01188323,RELIABLE,RELIABLE,RELIABLE,RELIABLE,PARTIAL,PARTIAL,STATIONARY,MOVING,MOVING,MOVING,MOVING,MOVING,MOVING
214771,6313,0.00745686,0.01133291,0.01511957,0.00907717,0.01084560,0.01336799,RELIABLE,RELIABLE,RELIABLE,RELIABLE,PARTIAL,PARTIAL,STATIONARY,MOVING,MOVING,MOVING,MOVING,MOVING,MOVING
214820,6314,0.00832536,0.01424645,0.01741645,0.00982962,0.01141110,0.01393498,RELIABLE,RELIABLE,RELIABLE,RELIABLE,PARTIAL,PARTIAL,STATIONARY,MOVING,MOVING,MOVING,MOVING,MOVING,MOVING
214852,6315,0.00787252,0.01630211,0.01883046,0.01017078,0.01117356,0.01483852,RELIABLE,RELIABLE,RELIABLE,RELIABLE,PARTIAL,PARTIAL,STATIONARY,MOVING,MOVING,MOVING,MOVING,MOVING,MOVING
214883,6316,0.00803177,0.01810876,0.02098861,0.00979434,0.01071149,0.01283620,RELIABLE,RELIABLE,RELIABLE,RELIABLE,PARTIAL,PARTIAL,STATIONARY,MOVING,MOVING,MOVING,MOVING,MOVING,MOVING
214915,6317,0.00765921,0.02026647,0.02159997,0.00887599,0.00979936,0.01232225,RELIABLE,RELIABLE,RELIABLE,RELIABLE,PARTIAL,PARTIAL,STATIONARY,MOVING,MOVING,MOVING,MOVING,MOVING,MOVING
214947,6318,0.00700974,0.02175313,0.02120872,0.00758970,0.00853870,0.01101641,RELIABLE,RELIABLE,RELIABLE,RELIABLE,PARTIAL,PARTIAL,STATIONARY,MOVING,MOVING,MOVING,MOVING,MOVING,MOVING
214979,6319,0.00593054,0.02242265,0.01981888,0.00700392,0.00756173,0.00999492,RELIABLE,RELIABLE,RELIABLE,RELIABLE,PARTIAL,PARTIAL,STATIONARY,MOVING,MOVING,MOVING,MOVING,MOVING,MOVING
215010,6320,0.00456132,0.02089288,0.01891290,0.00581794,0.00601309,0.00801558,RELIABLE,RELIABLE,RELIABLE,RELIABLE,PARTIAL,PARTIAL,STATIONARY,MOVING,MOVING,MOVING,MOVING,MOVING,MOVING
215043,6321,0.00406394,0.01923999,0.01749849,0.00471206,0.00486680,0.00666190,RELIABLE,RELIABLE,RELIABLE,RELIABLE,PARTIAL,PARTIAL,STATIONARY,MOVING,MOVING,MOVING,MOVING,MOVING,MOVING
215075,6322,0.00309149,0.01713576,0.01539199,0.00391548,0.00423725,0.00641396,RELIABLE,RELIABLE,RELIABLE,RELIABLE,PARTIAL,PARTIAL,STATIONARY,MOVING,MOVING,MOVING,MOVING,MOVING,MOVING
215107,6323,0.00338430,0.01570846,0.01395152,0.00376907,0.00428901,0.00566499,RELIABLE,RELIABLE,RELIABLE,RELIABLE,PARTIAL,PARTIAL,STATIONARY,MOVING,MOVING,MOVING,MOVING,MOVING,MOVING
215139,6324,0.00344629,0.01474145,0.01104986,0.00399022,0.00463597,0.00581148,RELIABLE,RELIABLE,RELIABLE,RELIABLE,PARTIAL,PARTIAL,STATIONARY,MOVING,MOVING,MOVING,MOVING,MOVING,MOVING
215188,6325,0.00394241,0.01504809,0.00976004,0.00490827,0.00529373,0.00677052,RELIABLE,RELIABLE,RELIABLE,RELIABLE,PARTIAL,PARTIAL,STATIONARY,MOVING,MOVING,MOVING,MOVING,MOVING,MOVING
215219,6326,0.00434383,0.01466187,0.00951234,0.00569493,0.00547025,0.00741340,RELIABLE,RELIABLE,RELIABLE,RELIABLE,PARTIAL,PARTIAL,STATIONARY,MOVING,MOVING,MOVING,MOVING,MOVING,MOVING
215252,6327,0.00481200,0.01721362,0.01120057,0.00623706,0.00564192,0.00750712,RELIABLE,RELIABLE,RELIABLE,RELIABLE,PARTIAL,PARTIAL,STATIONARY,MOVING,MOVING,MOVING,MOVING,MOVING,MOVING
215283,6328,0.00563947,0.01796354,0.01375283,0.00733221,0.00673756,0.00793374,RELIABLE,RELIABLE,RELIABLE,RELIABLE,PARTIAL,PARTIAL,STATIONARY,MOVING,MOVING,MOVING,MOVING,MOVING,MOVING
215316,6329,0.00623011,0.01810602,0.01657300,0.00813954,0.00740798,0.00804601,RELIABLE,RELIABLE,RELIABLE,RELIABLE,PARTIAL,PARTIAL,STATIONARY,MOVING,MOVING,MOVING,MOVING,MOVING,MOVING
215348,6330,0.00684258,0.01988727,0.02281791,0.00851527,0.00803047,0.00764113,RELIABLE,RELIABLE,RELIABLE,RELIABLE,PARTIAL,PARTIAL,STATIONARY,MOVING,MOVING,MOVING,MOVING,MOVING,MOVING
215379,6331,0.00692394,0.02213689,0.02585885,0.00830454,0.00742484,0.00769779,RELIABLE,RELIABLE,RELIABLE,RELIABLE,PARTIAL,PARTIAL,STATIONARY,MOVING,MOVING,MOVING,MOVING,MOVING,MOVING
215412,6332,0.00659101,0.02275791,0.02755672,0.00760322,0.00664777,0.00721947,RELIABLE,RELIABLE,RELIABLE,RELIABLE,PARTIAL,PARTIAL,STATIONARY,MOVING,MOVING,MOVING,MOVING,MOVING,MOVING
215443,6333,0.00593640,0.02147108,0.02947251,0.00645894,0.00621153,0.00604809,RELIABLE,RELIABLE,RELIABLE,RELIABLE,PARTIAL,PARTIAL,STATIONARY,MOVING,MOVING,MOVING,MOVING,MOVING,MOVING
215475,6334,0.00519052,0.02171051,0.02998398,0.00581145,0.00578204,0.00568746,RELIABLE,RELIABLE,RELIABLE,RELIABLE,PARTIAL,PARTIAL,STATIONARY,MOVING,MOVING,MOVING,MOVING,MOVING,MOVING
215507,6335,0.00469348,0.01811348,0.02906833,0.00527627,0.00518754,0.00560118,RELIABLE,RELIABLE,RELIABLE,RELIABLE,PARTIAL,PARTIAL,STATIONARY,MOVING,MOVING,MOVING,MOVING,MOVING,MOVING
215540,6336,0.00388190,0.01744624,0.02732734,0.00498361,0.00485598,0.00619885,RELIABLE,RELIABLE,RELIABLE,RELIABLE,PARTIAL,PARTIAL,STATIONARY,MOVING,MOVING,MOVING,MOVING,MOVING,MOVING
215588,6337,0.00480650,0.01642881,0.02526535,0.00550724,0.00514981,0.00672024,RELIABLE,RELIABLE,RELIABLE,RELIABLE,PARTIAL,PARTIAL,STATIONARY,MOVING,MOVING,MOVING,MOVING,MOVING,MOVING
215618,6338,0.00476412,0.01456020,0.01957183,0.00624498,0.00509953,0.00783688,RELIABLE,RELIABLE,RELIABLE,RELIABLE,PARTIAL,PARTIAL,STATIONARY,MOVING,MOVING,MOVING,MOVING,MOVING,MOVING
215650,6339,0.00428654,0.01255101,0.01894356,0.00717768,0.00591688,0.00926661,RELIABLE,RELIABLE,RELIABLE,RELIABLE,PARTIAL,PARTIAL,STATIONARY,MOVING,MOVING,MOVING,MOVING,MOVING,MOVING
215682,6340,0.00450023,0.01221759,0.02042598,0.00789028,0.00686367,0.01071101,RELIABLE,RELIABLE,RELIABLE,RELIABLE,PARTIAL,PARTIAL,STATIONARY,MOVING,MOVING,MOVING,MOVING,MOVING,MOVING
215715,6341,0.00424866,0.01295511,0.02162558,0.00865397,0.00741997,0.01157145,RELIABLE,RELIABLE,RELIABLE,RELIABLE,PARTIAL,PARTIAL,STATIONARY,MOVING,MOVING,MOVING,MOVING,MOVING,MOVING
215747,6342,0.00417909,0.01437138,0.02142194,0.00875883,0.00804686,0.01130607,RELIABLE,RELIABLE,RELIABLE,RELIABLE,PARTIAL,PARTIAL,STATIONARY,MOVING,MOVING,MOVING,MOVING,MOVING,MOVING
215779,6343,0.00419711,0.01783315,0.02273767,0.00951614,0.00906960,0.01221906,RELIABLE,RELIABLE,RELIABLE,RELIABLE,PARTIAL,PARTIAL,STATIONARY,MOVING,MOVING,MOVING,MOVING,MOVING,MOVING
215812,6344,0.00419227,0.02061676,0.02507697,0.00977111,0.00972985,0.01131000,RELIABLE,RELIABLE,RELIABLE,RELIABLE,PARTIAL,PARTIAL,STATIONARY,MOVING,MOVING,MOVING,MOVING,MOVING,MOVING
215843,6345,0.00275703,0.02295729,0.02531454,0.00942541,0.00989421,0.01148368,RELIABLE,RELIABLE,RELIABLE,RELIABLE,PARTIAL,PARTIAL,STATIONARY,MOVING,MOVING,MOVING,MOVING,MOVING,MOVING
215875,6346,0.00230330,0.02574923,0.02516274,0.00872300,0.00936726,0.01064107,RELIABLE,RELIABLE,PARTIAL,RELIABLE,PARTIAL,PARTIAL,STATIONARY,MOVING,MOVING,MOVING,MOVING,MOVING,MOVING
215907,6347,0.00302438,0.02690844,0.02344012,0.00804442,0.00876689,0.01001767,RELIABLE,RELIABLE,PARTIAL,RELIABLE,PARTIAL,PARTIAL,STATIONARY,MOVING,MOVING,MOVING,MOVING,MOVING,MOVING
215955,6348,,,,,,,UNRELIABLE,UNRELIABLE,UNRELIABLE,UNRELIABLE,UNRELIABLE,UNRELIABLE,UNCERTAIN,UNCERTAIN,UNCERTAIN,UNCERTAIN,UNCERTAIN,UNCERTAIN,UNCERTAIN
215987,6349,,,,,,,UNRELIABLE,UNRELIABLE,UNRELIABLE,UNRELIABLE,UNRELIABLE,UNRELIABLE,UNCERTAIN,UNCERTAIN,UNCERTAIN,UNCERTAIN,UNCERTAIN,UNCERTAIN,UNCERTAIN
216028,6350,,,,,,,UNRELIABLE,UNRELIABLE,UNRELIABLE,UNRELIABLE,UNRELIABLE,UNRELIABLE,UNCERTAIN,UNCERTAIN,UNCERTAIN,UNCERTAIN,UNCERTAIN,UNCERTAIN,UNCERTAIN
216059,6351,,,,,,,UNRELIABLE,UNRELIABLE,UNRELIABLE,UNRELIABLE,UNRELIABLE,UNRELIABLE,UNCERTAIN,UNCERTAIN,UNCERTAIN,UNCERTAIN,UNCERTAIN,UNCERTAIN,UNCERTAIN
216091,6352,0.00000000,0.00000000,0.00000000,0.00000000,0.00000000,0.00000000,RELIABLE,RELIABLE,PARTIAL,RELIABLE,PARTIAL,PARTIAL,STATIONARY,STATIONARY,STATIONARY,STATIONARY,STATIONARY,STATIONARY,STATIONARY
216121,6353,0.00162134,0.01394558,0.00579615,0.00459519,0.00823146,0.00858753,RELIABLE,RELIABLE,RELIABLE,RELIABLE,PARTIAL,PARTIAL,STATIONARY,STATIONARY,STATIONARY,STATIONARY,STATIONARY,STATIONARY,STATIONARY
216153,6354,0.00221664,0.01951676,0.00774564,0.00685136,0.01218829,0.01122577,RELIABLE,RELIABLE,RELIABLE,RELIABLE,PARTIAL,PARTIAL,STATIONARY,STATIONARY,STATIONARY,STATIONARY,STATIONARY,STATIONARY,STATIONARY
216185,6355,0.00277441,0.02078194,0.01309572,0.00790965,0.01288022,0.01241605,RELIABLE,RELIABLE,RELIABLE,RELIABLE,PARTIAL,PARTIAL,STATIONARY,MOVING,STATIONARY,STATIONARY,STATIONARY,STATIONARY,MOVING
216215,6356,0.00438601,0.01944217,0.01697552,0.00914933,0.01448251,0.01200058,RELIABLE,RELIABLE,RELIABLE,RELIABLE,PARTIAL,PARTIAL,STATIONARY,MOVING,STATIONARY,STATIONARY,MOVING,STATIONARY,MOVING
216247,6357,0.00630544,0.01846901,0.02109705,0.00979355,0.01479518,0.01161621,RELIABLE,RELIABLE,RELIABLE,RELIABLE,PARTIAL,PARTIAL,STATIONARY,MOVING,MOVING,STATIONARY,MOVING,STATIONARY,MOVING
216278,6358,0.00865541,0.02028778,0.02490087,0.01058053,0.01459662,0.01189034,RELIABLE,RELIABLE,RELIABLE,RELIABLE,PARTIAL,PARTIAL,STATIONARY,MOVING,MOVING,STATIONARY,MOVING,STATIONARY,MOVING
216309,6359,0.00966627,0.02038995,0.02579355,0.01057733,0.01372447,0.01125621,RELIABLE,RELIABLE,RELIABLE,RELIABLE,PARTIAL,PARTIAL,STATIONARY,MOVING,MOVING,STATIONARY,MOVING,STATIONARY,MOVING
216356,6360,0.01017869,0.02000126,0.02852677,0.01067772,0.01255996,0.01037337,RELIABLE,RELIABLE,RELIABLE,RELIABLE,PARTIAL,PARTIAL,STATIONARY,MOVING,MOVING,STATIONARY,MOVING,STATIONARY,MOVING
216389,6361,0.01103141,0.01994747,0.04220287,0.01082588,0.01186220,0.01032519,RELIABLE,RELIABLE,RELIABLE,RELIABLE,PARTIAL,PARTIAL,STATIONARY,MOVING,MOVING,STATIONARY,MOVING,STATIONARY,MOVING
216420,6362,0.01096062,0.01760241,0.04829191,0.00994294,0.01024490,0.00918609,RELIABLE,RELIABLE,RELIABLE,RELIABLE,PARTIAL,PARTIAL,STATIONARY,MOVING,MOVING,STATIONARY,MOVING,STATIONARY,MOVING
216453,6363,0.01092592,0.01613822,0.04894822,0.00940285,0.00933460,0.00786234,RELIABLE,RELIABLE,RELIABLE,RELIABLE,PARTIAL,PARTIAL,STATIONARY,MOVING,MOVING,STATIONARY,MOVING,STATIONARY,MOVING
216485,6364,0.01033313,0.01555980,0.04702247,0.00838434,0.00802910,0.00713250,RELIABLE,RELIABLE,RELIABLE,RELIABLE,PARTIAL,PARTIAL,STATIONARY,MOVING,MOVING,STATIONARY,MOVING,STATIONARY,MOVING
216516,6365,0.00977302,0.01533043,0.04406770,0.00852707,0.00821564,0.00767329,RELIABLE,RELIABLE,RELIABLE,RELIABLE,PARTIAL,PARTIAL,STATIONARY,MOVING,MOVING,STATIONARY,MOVING,STATIONARY,MOVING
216547,6366,0.00998740,0.01293932,0.04045810,0.00913036,0.00874538,0.00945714,RELIABLE,RELIABLE,RELIABLE,RELIABLE,PARTIAL,PARTIAL,STATIONARY,MOVING,MOVING,STATIONARY,MOVING,STATIONARY,MOVING
216579,6367,0.01134410,0.01220921,0.04128068,0.01091695,0.01009331,0.01232559,RELIABLE,RELIABLE,RELIABLE,RELIABLE,PARTIAL,PARTIAL,STATIONARY,MOVING,MOVING,STATIONARY,MOVING,STATIONARY,MOVING
216611,6368,0.01180209,0.01121476,0.03979046,0.01172743,0.01181394,0.01403787,RELIABLE,RELIABLE,RELIABLE,RELIABLE,PARTIAL,PARTIAL,STATIONARY,MOVING,MOVING,STATIONARY,MOVING,STATIONARY,MOVING
216643,6369,0.01210519,0.01079194,0.02787145,0.01270779,0.01345498,0.01551738,RELIABLE,RELIABLE,RELIABLE,RELIABLE,PARTIAL,PARTIAL,STATIONARY,MOVING,MOVING,STATIONARY,MOVING,MOVING,MOVING
216675,6370,0.01246998,0.01216630,0.02319074,0.01410873,0.01476052,0.01718328,RELIABLE,RELIABLE,RELIABLE,RELIABLE,PARTIAL,PARTIAL,STATIONARY,MOVING,MOVING,STATIONARY,MOVING,MOVING,MOVING
216723,6371,0.01240029,0.01394127,0.02383242,0.01501210,0.01642333,0.01930192,RELIABLE,RELIABLE,RELIABLE,RELIABLE,PARTIAL,PARTIAL,MOVING,MOVING,MOVING,MOVING,MOVING,MOVING,MOVING
216756,6372,0.01241539,0.01500244,0.02531519,0.01541091,0.01665050,0.02090228,RELIABLE,RELIABLE,RELIABLE,RELIABLE,PARTIAL,PARTIAL,MOVING,MOVING,MOVING,MOVING,MOVING,MOVING,MOVING
216788,6373,0.01181734,0.01647779,0.02558662,0.01454945,0.01538172,0.02038185,RELIABLE,RELIABLE,RELIABLE,RELIABLE,PARTIAL,PARTIAL,MOVING,MOVING,MOVING,MOVING,MOVING,MOVING,MOVING
216820,6374,0.00981546,0.01950968,0.02622493,0.01424398,0.01589259,0.01918879,RELIABLE,RELIABLE,RELIABLE,RELIABLE,PARTIAL,PARTIAL,MOVING,MOVING,MOVING,MOVING,MOVING,MOVING,MOVING
216852,6375,0.00751350,0.02320971,0.02427748,0.01310540,0.01504553,0.01782942,RELIABLE,RELIABLE,RELIABLE,RELIABLE,PARTIAL,PARTIAL,MOVING,MOVING,MOVING,MOVING,MOVING,MOVING,MOVING
216884,6376,0.00589298,0.02809924,0.02345866,0.01174000,0.01377998,0.01667033,RELIABLE,RELIABLE,RELIABLE,RELIABLE,PARTIAL,PARTIAL,MOVING,MOVING,MOVING,MOVING,MOVING,MOVING,MOVING
216915,6377,0.00494059,0.03052956,0.02551591,0.01102860,0.01315389,0.01498517,RELIABLE,RELIABLE,RELIABLE,RELIABLE,PARTIAL,PARTIAL,MOVING,MOVING,MOVING,MOVING,MOVING,MOVING,MOVING
216947,6378,,,,,,,UNRELIABLE,UNRELIABLE,UNRELIABLE,UNRELIABLE,UNRELIABLE,UNRELIABLE,UNCERTAIN,UNCERTAIN,UNCERTAIN,UNCERTAIN,UNCERTAIN,UNCERTAIN,UNCERTAIN
216979,6379,,,,,,,UNRELIABLE,UNRELIABLE,UNRELIABLE,UNRELIABLE,UNRELIABLE,UNRELIABLE,UNCERTAIN,UNCERTAIN,UNCERTAIN,UNCERTAIN,UNCERTAIN,UNCERTAIN,UNCERTAIN
217016,6380,,,,,,,UNRELIABLE,UNRELIABLE,UNRELIABLE,UNRELIABLE,UNRELIABLE,UNRELIABLE,UNCERTAIN,UNCERTAIN,UNCERTAIN,UNCERTAIN,UNCERTAIN,UNCERTAIN,UNCERTAIN
217046,6381,0.00000000,0.00000000,0.00000000,0.00000000,0.00000000,0.00000000,RELIABLE,RELIABLE,PARTIAL,RELIABLE,PARTIAL,PARTIAL,STATIONARY,STATIONARY,STATIONARY,STATIONARY,STATIONARY,STATIONARY,STATIONARY
217080,6382,0.00812923,0.01094982,0.00477625,0.00448741,0.00872808,0.02088172,RELIABLE,RELIABLE,PARTIAL,RELIABLE,PARTIAL,PARTIAL,STATIONARY,STATIONARY,STATIONARY,STATIONARY,STATIONARY,STATIONARY,STATIONARY
217124,6383,0.00921749,0.02194815,0.00989539,0.00896936,0.01039589,0.01941511,RELIABLE,RELIABLE,RELIABLE,RELIABLE,PARTIAL,PARTIAL,STATIONARY,STATIONARY,STATIONARY,STATIONARY,STATIONARY,STATIONARY,STATIONARY
217156,6384,0.00778349,0.01714276,0.01112503,0.00979721,0.01148717,0.01836698,RELIABLE,RELIABLE,RELIABLE,RELIABLE,PARTIAL,PARTIAL,STATIONARY,STATIONARY,STATIONARY,STATIONARY,STATIONARY,MOVING,MOVING
217188,6385,0.00646903,0.02363715,0.01069504,0.01030552,0.01198138,0.01734310,RELIABLE,RELIABLE,RELIABLE,RELIABLE,PARTIAL,PARTIAL,STATIONARY,MOVING,STATIONARY,STATIONARY,STATIONARY,MOVING,MOVING
217220,6386,0.00585440,0.02432684,0.01158480,0.01000736,0.01248412,0.01719422,RELIABLE,RELIABLE,RELIABLE,RELIABLE,PARTIAL,PARTIAL,STATIONARY,MOVING,STATIONARY,STATIONARY,STATIONARY,MOVING,MOVING
217251,6387,0.00496401,0.02726999,0.01450369,0.01008907,0.01300834,0.01729942,RELIABLE,RELIABLE,RELIABLE,RELIABLE,PARTIAL,PARTIAL,STATIONARY,MOVING,STATIONARY,STATIONARY,STATIONARY,MOVING,MOVING
217284,6388,0.00461914,0.02708264,0.01742582,0.01032667,0.01317899,0.01712896,RELIABLE,RELIABLE,RELIABLE,RELIABLE,PARTIAL,PARTIAL,STATIONARY,MOVING,STATIONARY,STATIONARY,MOVING,MOVING,MOVING
217315,6389,0.00538760,0.02563342,0.02022214,0.01081126,0.01341645,0.01653405,RELIABLE,RELIABLE,RELIABLE,RELIABLE,PARTIAL,PARTIAL,STATIONARY,MOVING,MOVING,STATIONARY,MOVING,MOVING,MOVING
217347,6390,0.00569863,0.02603011,0.02528955,0.01200215,0.01437214,0.01593964,RELIABLE,RELIABLE,RELIABLE,RELIABLE,PARTIAL,PARTIAL,STATIONARY,MOVING,MOVING,STATIONARY,MOVING,MOVING,MOVING
217379,6391,0.00613281,0.02376832,0.02856838,0.01223428,0.01493743,0.01587359,RELIABLE,RELIABLE,RELIABLE,RELIABLE,PARTIAL,PARTIAL,STATIONARY,MOVING,MOVING,STATIONARY,MOVING,MOVING,MOVING
217411,6392,0.00810754,0.02454193,0.03435077,0.01236893,0.01475504,0.01528129,RELIABLE,RELIABLE,RELIABLE,RELIABLE,PARTIAL,PARTIAL,STATIONARY,MOVING,MOVING,MOVING,MOVING,MOVING,MOVING
217443,6393,0.00916152,0.02126595,0.03761610,0.01188462,0.01403704,0.01479905,RELIABLE,RELIABLE,RELIABLE,RELIABLE,PARTIAL,PARTIAL,STATIONARY,MOVING,MOVING,MOVING,MOVING,MOVING,MOVING
217475,6394,0.00998285,0.01990374,0.03950353,0.01126590,0.01280324,0.01338000,RELIABLE,RELIABLE,RELIABLE,RELIABLE,PARTIAL,PARTIAL,STATIONARY,MOVING,MOVING,MOVING,MOVING,MOVING,MOVING
217523,6395,0.01115792,0.01670130,0.03758798,0.01042408,0.01183409,0.01169018,RELIABLE,RELIABLE,RELIABLE,RELIABLE,PARTIAL,PARTIAL,STATIONARY,MOVING,MOVING,MOVING,MOVING,MOVING,MOVING
217555,6396,0.01168717,0.01496422,0.03576748,0.00993850,0.01065706,0.01192247,RELIABLE,RELIABLE,RELIABLE,RELIABLE,PARTIAL,PARTIAL,STATIONARY,MOVING,MOVING,MOVING,MOVING,MOVING,MOVING
217587,6397,0.01187586,0.01630308,0.03271817,0.01015208,0.01075160,0.01246344,RELIABLE,RELIABLE,RELIABLE,RELIABLE,PARTIAL,PARTIAL,STATIONARY,MOVING,MOVING,MOVING,MOVING,MOVING,MOVING
217619,6398,0.01254532,0.01833917,0.02929485,0.01150535,0.01107814,0.01294945,RELIABLE,RELIABLE,RELIABLE,RELIABLE,PARTIAL,PARTIAL,STATIONARY,MOVING,MOVING,MOVING,MOVING,MOVING,MOVING
217651,6399,0.01179130,0.01968392,0.02796698,0.01282879,0.01287545,0.01242501,RELIABLE,RELIABLE,RELIABLE,RELIABLE,PARTIAL,PARTIAL,STATIONARY,MOVING,MOVING,MOVING,MOVING,MOVING,MOVING
217683,6400,0.01069596,0.02055888,0.02399375,0.01348473,0.01406832,0.01293601,RELIABLE,RELIABLE,RELIABLE,RELIABLE,PARTIAL,PARTIAL,STATIONARY,MOVING,MOVING,MOVING,MOVING,MOVING,MOVING
217715,6401,0.01137983,0.01997151,0.02189460,0.01489808,0.01536320,0.01468946,RELIABLE,RELIABLE,RELIABLE,RELIABLE,PARTIAL,PARTIAL,STATIONARY,MOVING,MOVING,MOVING,MOVING,MOVING,MOVING
217747,6402,0.01168555,0.01963236,0.02081284,0.01683528,0.01844326,0.01532638,RELIABLE,RELIABLE,RELIABLE,RELIABLE,PARTIAL,PARTIAL,STATIONARY,MOVING,MOVING,MOVING,MOVING,MOVING,MOVING
217779,6403,0.01206377,0.01930134,0.02432721,0.01825266,0.01975068,0.01673297,RELIABLE,RELIABLE,RELIABLE,RELIABLE,PARTIAL,PARTIAL,STATIONARY,MOVING,MOVING,MOVING,MOVING,MOVING,MOVING
217811,6404,0.01271037,0.01935093,0.02512678,0.01923662,0.02225074,0.01994707,RELIABLE,RELIABLE,RELIABLE,RELIABLE,PARTIAL,PARTIAL,STATIONARY,MOVING,MOVING,MOVING,MOVING,MOVING,MOVING
217843,6405,0.01211531,0.01847723,0.02596343,0.01975187,0.02238937,0.02221130,RELIABLE,RELIABLE,RELIABLE,RELIABLE,PARTIAL,PARTIAL,MOVING,MOVING,MOVING,MOVING,MOVING,MOVING,MOVING
217891,6406,0.01131512,0.01791885,0.02750484,0.01852747,0.02207749,0.02318031,PARTIAL,RELIABLE,RELIABLE,RELIABLE,PARTIAL,PARTIAL,MOVING,MOVING,MOVING,MOVING,MOVING,MOVING,MOVING
217923,6407,0.01140529,0.01753942,0.02693217,0.01711439,0.02018120,0.02354861,RELIABLE,RELIABLE,RELIABLE,RELIABLE,PARTIAL,PARTIAL,MOVING,MOVING,MOVING,MOVING,MOVING,MOVING,MOVING
217955,6408,0.01246519,0.02559028,0.02623275,0.01804736,0.02221037,0.02363073,PARTIAL,RELIABLE,RELIABLE,RELIABLE,PARTIAL,PARTIAL,MOVING,MOVING,MOVING,MOVING,MOVING,MOVING,MOVING
217987,6409,0.01176873,0.03128940,0.03281510,0.01880988,0.02210428,,PARTIAL,RELIABLE,RELIABLE,RELIABLE,PARTIAL,UNRELIABLE,MOVING,MOVING,MOVING,MOVING,MOVING,UNCERTAIN,MOVING
218020,6410,0.01077789,0.03448264,0.03377826,0.01810308,0.02006159,,PARTIAL,RELIABLE,RELIABLE,RELIABLE,PARTIAL,UNRELIABLE,MOVING,MOVING,MOVING,MOVING,MOVING,UNCERTAIN,MOVING
218051,6411,,0.03525853,0.04550629,0.01707408,0.01849558,,UNRELIABLE,RELIABLE,RELIABLE,RELIABLE,PARTIAL,UNRELIABLE,UNCERTAIN,MOVING,MOVING,MOVING,MOVING,UNCERTAIN,MOVING
218083,6412,,0.04123438,0.04625473,0.01583233,0.01620779,,UNRELIABLE,RELIABLE,RELIABLE,RELIABLE,PARTIAL,UNRELIABLE,UNCERTAIN,MOVING,MOVING,MOVING,MOVING,UNCERTAIN,MOVING
218115,6413,,0.04529946,0.04397383,0.01362617,0.01448988,,UNRELIABLE,RELIABLE,PARTIAL,RELIABLE,PARTIAL,UNRELIABLE,UNCERTAIN,MOVING,MOVING,MOVING,MOVING,UNCERTAIN,MOVING
218148,6414,,,,,,,UNRELIABLE,UNRELIABLE,UNRELIABLE,UNRELIABLE,UNRELIABLE,UNRELIABLE,UNCERTAIN,UNCERTAIN,UNCERTAIN,UNCERTAIN,UNCERTAIN,UNCERTAIN,UNCERTAIN
218179,6415,,,,,,,UNRELIABLE,UNRELIABLE,UNRELIABLE,UNRELIABLE,UNRELIABLE,UNRELIABLE,UNCERTAIN,UNCERTAIN,UNCERTAIN,UNCERTAIN,UNCERTAIN,UNCERTAIN,UNCERTAIN
218211,6416,,0.00000000,0.00000000,0.00000000,0.00000000,0.00000000,UNRELIABLE,RELIABLE,PARTIAL,RELIABLE,PARTIAL,PARTIAL,UNCERTAIN,STATIONARY,STATIONARY,STATIONARY,STATIONARY,STATIONARY,STATIONARY
218243,6417,,0.11211451,0.05852528,0.04587146,0.07980103,0.05152123,UNRELIABLE,RELIABLE,PARTIAL,RELIABLE,PARTIAL,PARTIAL,UNCERTAIN,STATIONARY,STATIONARY,STATIONARY,STATIONARY,STATIONARY,STATIONARY
218291,6418,,0.07069748,0.03245168,0.02971562,0.05272217,0.03066440,UNRELIABLE,RELIABLE,PARTIAL,RELIABLE,PARTIAL,PARTIAL,UNCERTAIN,STATIONARY,STATIONARY,STATIONARY,STATIONARY,STATIONARY,STATIONARY
218323,6419,,0.05116426,0.02288805,0.02276336,0.04446392,0.02354501,UNRELIABLE,RELIABLE,PARTIAL,RELIABLE,PARTIAL,PARTIAL,UNCERTAIN,MOVING,MOVING,MOVING,MOVING,MOVING,MOVING
218356,6420,,0.04285089,0.01840246,0.01907695,0.03587991,0.01996301,UNRELIABLE,RELIABLE,PARTIAL,RELIABLE,PARTIAL,PARTIAL,UNCERTAIN,MOVING,MOVING,MOVING,MOVING,MOVING,MOVING
218388,6421,,0.05138176,0.01617999,0.01758933,0.03129937,0.01782209,UNRELIABLE,RELIABLE,PARTIAL,RELIABLE,PARTIAL,PARTIAL,UNCERTAIN,MOVING,MOVING,MOVING,MOVING,MOVING,MOVING
218419,6422,,0.04639033,0.01705535,0.01698814,0.02863068,0.01719221,UNRELIABLE,RELIABLE,PARTIAL,RELIABLE,PARTIAL,PARTIAL,UNCERTAIN,MOVING,MOVING,MOVING,MOVING,MOVING,MOVING
218451,6423,,0.04170426,0.01902299,0.01683089,0.02737317,0.01721341,UNRELIABLE,RELIABLE,PARTIAL,RELIABLE,PARTIAL,PARTIAL,UNCERTAIN,MOVING,MOVING,MOVING,MOVING,MOVING,MOVING
218483,6424,0.00000000,0.03827215,0.02310191,0.01733135,0.02539768,0.01796623,RELIABLE,RELIABLE,PARTIAL,RELIABLE,PARTIAL,PARTIAL,STATIONARY,MOVING,MOVING,MOVING,MOVING,MOVING,MOVING
218515,6425,0.00835897,0.02650205,0.02003357,0.01401966,0.01818702,0.01425893,RELIABLE,PARTIAL,PARTIAL,RELIABLE,PARTIAL,PARTIAL,STATIONARY,MOVING,MOVING,MOVING,MOVING,MOVING,MOVING
218547,6426,0.01280444,0.02410412,0.02401350,0.01424542,0.01653422,0.01620320,RELIABLE,PARTIAL,PARTIAL,RELIABLE,PARTIAL,PARTIAL,STATIONARY,MOVING,MOVING,MOVING,MOVING,MOVING,MOVING
218579,6427,0.01207416,0.02476239,0.02637666,0.01489441,0.01421293,0.01694917,RELIABLE,PARTIAL,PARTIAL,RELIABLE,PARTIAL,PARTIAL,STATIONARY,MOVING,MOVING,MOVING,MOVING,MOVING,MOVING
218611,6428,0.01021996,0.02412861,0.02963524,0.01522674,0.01362352,0.01795756,RELIABLE,RELIABLE,PARTIAL,RELIABLE,PARTIAL,PARTIAL,STATIONARY,MOVING,MOVING,MOVING,MOVING,MOVING,MOVING
218659,6429,0.00950496,0.01587627,0.03281354,0.01561727,0.01326262,0.01997297,RELIABLE,RELIABLE,PARTIAL,RELIABLE,PARTIAL,PARTIAL,STATIONARY,MOVING,MOVING,MOVING,MOVING,MOVING,MOVING
218691,6430,0.00918936,0.01527954,0.03323761,0.01508563,0.01272056,0.01977652,RELIABLE,RELIABLE,PARTIAL,RELIABLE,PARTIAL,PARTIAL,STATIONARY,MOVING,MOVING,MOVING,MOVING,MOVING,MOVING
218723,6431,0.00906361,0.01635441,0.03231574,0.01484702,0.01193769,0.02020443,RELIABLE,RELIABLE,PARTIAL,RELIABLE,PARTIAL,PARTIAL,STATIONARY,MOVING,MOVING,MOVING,MOVING,MOVING,MOVING
218755,6432,0.00931011,0.01698555,0.02769262,0.01360417,0.01249087,0.01949583,RELIABLE,RELIABLE,RELIABLE,RELIABLE,PARTIAL,PARTIAL,STATIONARY,MOVING,MOVING,MOVING,MOVING,MOVING,MOVING
218787,6433,0.00947123,0.01649535,0.02551611,0.01253791,0.01122870,0.01913876,RELIABLE,RELIABLE,RELIABLE,RELIABLE,PARTIAL,PARTIAL,STATIONARY,MOVING,MOVING,MOVING,MOVING,MOVING,MOVING
218819,6434,0.00833602,0.01660663,0.02328132,0.01170889,0.01078134,0.01749900,RELIABLE,RELIABLE,RELIABLE,RELIABLE,PARTIAL,PARTIAL,STATIONARY,MOVING,MOVING,MOVING,MOVING,MOVING,MOVING
218852,6435,0.00768251,0.01534765,0.02133921,0.01091310,0.01075239,0.01643115,RELIABLE,RELIABLE,RELIABLE,RELIABLE,PARTIAL,PARTIAL,STATIONARY,MOVING,MOVING,MOVING,MOVING,MOVING,MOVING
218883,6436,0.00808898,0.01451835,0.01787601,0.01024735,0.01117378,0.01511698,RELIABLE,RELIABLE,RELIABLE,RELIABLE,PARTIAL,PARTIAL,STATIONARY,MOVING,MOVING,MOVING,MOVING,MOVING,MOVING
218915,6437,0.00828038,0.01271996,0.01456720,0.00895252,0.01047566,0.01280470,RELIABLE,RELIABLE,RELIABLE,RELIABLE,PARTIAL,PARTIAL,STATIONARY,MOVING,MOVING,MOVING,MOVING,MOVING,MOVING
218947,6438,0.00820757,0.01177581,0.01229020,0.00864483,0.00998973,0.01216787,RELIABLE,RELIABLE,RELIABLE,RELIABLE,PARTIAL,PARTIAL,STATIONARY,MOVING,MOVING,MOVING,MOVING,MOVING,MOVING
218980,6439,0.00864383,0.01177730,0.01135441,0.00848132,0.00939978,0.01042710,RELIABLE,RELIABLE,RELIABLE,RELIABLE,PARTIAL,PARTIAL,STATIONARY,MOVING,MOVING,MOVING,MOVING,MOVING,MOVING
219012,6440,0.00895132,0.01310496,0.01274127,0.00910847,0.00894587,0.00956266,RELIABLE,RELIABLE,RELIABLE,RELIABLE,PARTIAL,PARTIAL,STATIONARY,MOVING,MOVING,MOVING,MOVING,MOVING,MOVING
219060,6441,0.00997621,0.01488653,0.01604691,0.00924215,0.00820997,0.00810492,RELIABLE,RELIABLE,RELIABLE,RELIABLE,PARTIAL,PARTIAL,STATIONARY,MOVING,MOVING,MOVING,MOVING,MOVING,MOVING
219092,6442,0.00922925,0.01436250,0.01398350,0.00850653,0.00741837,0.00703266,RELIABLE,RELIABLE,RELIABLE,RELIABLE,PARTIAL,PARTIAL,STATIONARY,MOVING,MOVING,MOVING,MOVING,MOVING,MOVING
219123,6443,0.00979969,0.01658968,0.01754707,0.00955538,0.00815243,0.00843530,RELIABLE,RELIABLE,RELIABLE,RELIABLE,PARTIAL,PARTIAL,STATIONARY,MOVING,MOVING,MOVING,MOVING,MOVING,MOVING
219155,6444,0.00940875,0.01759539,0.02086431,0.00961759,0.00765596,0.00905745,RELIABLE,RELIABLE,RELIABLE,RELIABLE,PARTIAL,PARTIAL,STATIONARY,MOVING,MOVING,MOVING,MOVING,MOVING,MOVING
219188,6445,0.00885224,0.01836607,0.02219776,0.00944901,0.00769934,0.00884730,RELIABLE,RELIABLE,RELIABLE,RELIABLE,PARTIAL,PARTIAL,STATIONARY,MOVING,MOVING,MOVING,MOVING,MOVING,MOVING
219219,6446,0.00830455,0.01814132,0.02327180,0.00894322,0.00722940,0.00826131,RELIABLE,RELIABLE,RELIABLE,RELIABLE,PARTIAL,PARTIAL,STATIONARY,MOVING,MOVING,MOVING,MOVING,MOVING,MOVING
219251,6447,0.00704581,0.01693201,0.02345265,0.00769836,0.00679235,0.00789274,RELIABLE,RELIABLE,RELIABLE,RELIABLE,PARTIAL,PARTIAL,STATIONARY,MOVING,MOVING,MOVING,MOVING,MOVING,MOVING
219283,6448,0.00602915,0.01590854,0.02252812,0.00609592,0.00558657,0.00690288,RELIABLE,RELIABLE,RELIABLE,RELIABLE,PARTIAL,PARTIAL,STATIONARY,MOVING,MOVING,MOVING,MOVING,MOVING,MOVING
219316,6449,0.00481188,0.01447069,0.01839060,0.00519445,0.00504008,0.00622964,RELIABLE,RELIABLE,RELIABLE,RELIABLE,PARTIAL,PARTIAL,STATIONARY,MOVING,MOVING,MOVING,MOVING,MOVING,MOVING
219348,6450,0.00610194,0.01565822,0.01853639,0.00576246,0.00543682,0.00649190,RELIABLE,RELIABLE,RELIABLE,RELIABLE,PARTIAL,PARTIAL,STATIONARY,MOVING,MOVING,MOVING,MOVING,MOVING,MOVING
219379,6451,0.00620726,0.01435054,0.01486040,0.00468659,0.00441842,0.00519325,RELIABLE,RELIABLE,RELIABLE,RELIABLE,PARTIAL,PARTIAL,STATIONARY,MOVING,MOVING,MOVING,MOVING,MOVING,MOVING
219427,6452,0.00613425,0.01394291,0.01187044,0.00472228,0.00470269,0.00514858,RELIABLE,RELIABLE,RELIABLE,RELIABLE,PARTIAL,PARTIAL,STATIONARY,MOVING,MOVING,MOVING,MOVING,MOVING,MOVING
219459,6453,0.00579201,0.01320816,0.01028514,0.00494564,0.00476618,0.00565012,RELIABLE,RELIABLE,RELIABLE,RELIABLE,PARTIAL,PARTIAL,STATIONARY,MOVING,MOVING,MOVING,MOVING,MOVING,MOVING
219488,6454,0.00550332,0.01243459,0.00868560,0.00479261,0.00473927,0.00587478,RELIABLE,RELIABLE,RELIABLE,RELIABLE,PARTIAL,PARTIAL,STATIONARY,MOVING,MOVING,MOVING,MOVING,MOVING,MOVING
219523,6455,0.00596008,0.01188001,0.00790053,0.00558737,0.00533987,0.00766078,RELIABLE,RELIABLE,RELIABLE,RELIABLE,PARTIAL,PARTIAL,STATIONARY,MOVING,MOVING,MOVING,STATIONARY,MOVING,MOVING
219555,6456,0.00620776,0.01114081,0.00812198,0.00652948,0.00654082,0.01069702,RELIABLE,RELIABLE,RELIABLE,RELIABLE,PARTIAL,PARTIAL,STATIONARY,MOVING,MOVING,MOVING,STATIONARY,MOVING,MOVING
219587,6457,0.00634868,0.01171201,0.00844646,0.00730343,0.00936888,0.01221121,RELIABLE,RELIABLE,RELIABLE,RELIABLE,PARTIAL,PARTIAL,STATIONARY,MOVING,MOVING,MOVING,STATIONARY,MOVING,MOVING
219620,6458,0.00623771,0.01290831,0.00950329,0.00778867,0.00987133,0.01372648,RELIABLE,RELIABLE,RELIABLE,RELIABLE,PARTIAL,PARTIAL,STATIONARY,MOVING,MOVING,MOVING,STATIONARY,MOVING,MOVING
219652,6459,0.00564914,0.01370214,0.00954703,0.00819464,0.01136760,0.01493884,RELIABLE,RELIABLE,RELIABLE,RELIABLE,PARTIAL,PARTIAL,STATIONARY,MOVING,MOVING,MOVING,STATIONARY,MOVING,MOVING
219683,6460,0.00559779,0.01500550,0.00983040,0.00855521,0.01224468,0.01543684,RELIABLE,RELIABLE,RELIABLE,RELIABLE,PARTIAL,PARTIAL,STATIONARY,MOVING,MOVING,MOVING,STATIONARY,MOVING,MOVING
219715,6461,0.00623974,0.01780934,0.01220094,0.00906769,0.01358004,0.01674957,RELIABLE,RELIABLE,RELIABLE,RELIABLE,PARTIAL,PARTIAL,STATIONARY,MOVING,MOVING,MOVING,STATIONARY,MOVING,MOVING
219747,6462,0.00779934,0.02154387,0.01628926,0.01012788,,0.01797438,RELIABLE,RELIABLE,RELIABLE,RELIABLE,UNRELIABLE,PARTIAL,STATIONARY,MOVING,MOVING,MOVING,UNCERTAIN,MOVING,MOVING
219779,6463,0.00759101,0.02364411,0.01958048,0.01077653,,0.01761050,RELIABLE,RELIABLE,RELIABLE,RELIABLE,UNRELIABLE,PARTIAL,STATIONARY,MOVING,MOVING,MOVING,UNCERTAIN,MOVING,MOVING
219827,6464,0.00772274,0.02458261,0.02364152,0.01210071,0.00000000,0.01582134,RELIABLE,RELIABLE,RELIABLE,RELIABLE,PARTIAL,PARTIAL,STATIONARY,MOVING,MOVING,MOVING,STATIONARY,MOVING,MOVING
219859,6465,0.00750055,0.02634256,0.02620838,0.01270953,0.01059215,0.01644748,RELIABLE,RELIABLE,RELIABLE,RELIABLE,PARTIAL,PARTIAL,STATIONARY,MOVING,MOVING,MOVING,STATIONARY,MOVING,MOVING
219882,6466,0.00750841,0.02420095,0.02534457,0.01194262,0.00688007,0.01674593,RELIABLE,RELIABLE,RELIABLE,RELIABLE,PARTIAL,PARTIAL,STATIONARY,MOVING,MOVING,MOVING,STATIONARY,MOVING,MOVING
219923,6467,0.00795256,0.02651925,0.03353027,0.01429312,0.01942271,0.01658281,RELIABLE,RELIABLE,RELIABLE,RELIABLE,PARTIAL,PARTIAL,STATIONARY,MOVING,MOVING,MOVING,STATIONARY,MOVING,MOVING
219954,6468,0.00956015,0.02545498,0.03823455,0.01519910,0.01783532,0.01676683,RELIABLE,RELIABLE,RELIABLE,RELIABLE,PARTIAL,PARTIAL,STATIONARY,MOVING,MOVING,MOVING,STATIONARY,MOVING,MOVING
219987,6469,0.01052443,0.02315051,0.04002691,0.01607116,0.01835008,0.01600498,PARTIAL,RELIABLE,RELIABLE,RELIABLE,PARTIAL,PARTIAL,STATIONARY,MOVING,MOVING,MOVING,MOVING,MOVING,MOVING
220019,6470,0.01022539,0.02072609,0.03855127,0.01652888,0.01826655,0.01617702,PARTIAL,RELIABLE,RELIABLE,RELIABLE,PARTIAL,PARTIAL,STATIONARY,MOVING,MOVING,MOVING,MOVING,MOVING,MOVING
220053,6471,0.01029062,0.01906104,0.03614039,0.01686317,0.01850612,0.01630222,RELIABLE,RELIABLE,PARTIAL,RELIABLE,PARTIAL,PARTIAL,STATIONARY,MOVING,MOVING,MOVING,MOVING,MOVING,MOVING
220084,6472,0.01092357,0.01713738,0.03230434,0.01572741,0.01644599,0.01748758,RELIABLE,RELIABLE,PARTIAL,RELIABLE,PARTIAL,PARTIAL,STATIONARY,MOVING,MOVING,MOVING,MOVING,MOVING,MOVING
220116,6473,0.01159889,0.01522165,0.03023500,0.01522206,0.01767697,0.01680990,RELIABLE,RELIABLE,PARTIAL,RELIABLE,PARTIAL,PARTIAL,STATIONARY,MOVING,MOVING,MOVING,MOVING,MOVING,MOVING
220148,6474,0.01227443,0.01776811,0.03066007,0.01644528,0.01896267,,RELIABLE,RELIABLE,PARTIAL,RELIABLE,PARTIAL,UNRELIABLE,STATIONARY,MOVING,MOVING,MOVING,MOVING,UNCERTAIN,MOVING
220196,6475,0.01293350,0.01686903,0.02289249,0.01474618,0.01582767,,PARTIAL,RELIABLE,PARTIAL,RELIABLE,PARTIAL,UNRELIABLE,STATIONARY,MOVING,MOVING,MOVING,MOVING,UNCERTAIN,MOVING
220227,6476,0.01214961,0.01700135,0.01819504,0.01392157,0.01581747,,RELIABLE,RELIABLE,PARTIAL,RELIABLE,PARTIAL,UNRELIABLE,MOVING,MOVING,MOVING,MOVING,MOVING,UNCERTAIN,MOVING
220259,6477,0.01132655,0.01640323,0.01387003,0.01266366,0.01461009,,RELIABLE,RELIABLE,PARTIAL,RELIABLE,PARTIAL,UNRELIABLE,MOVING,MOVING,MOVING,MOVING,MOVING,UNCERTAIN,MOVING
220291,6478,0.01087429,0.01567940,0.01303958,0.01176328,0.01312091,,PARTIAL,RELIABLE,PARTIAL,RELIABLE,PARTIAL,UNRELIABLE,MOVING,MOVING,MOVING,MOVING,MOVING,UNCERTAIN,MOVING
220323,6479,0.01382936,0.01830053,0.01540746,0.01025110,0.01103592,,RELIABLE,RELIABLE,PARTIAL,RELIABLE,PARTIAL,UNRELIABLE,MOVING,MOVING,MOVING,MOVING,MOVING,UNCERTAIN,MOVING
220355,6480,0.01262837,0.02000852,0.01356671,0.00970006,0.01153953,,RELIABLE,RELIABLE,PARTIAL,RELIABLE,PARTIAL,UNRELIABLE,MOVING,MOVING,MOVING,MOVING,MOVING,UNCERTAIN,MOVING
220387,6481,0.01164235,0.02025916,0.01244626,0.00983339,0.01108299,,RELIABLE,RELIABLE,PARTIAL,RELIABLE,PARTIAL,UNRELIABLE,MOVING,MOVING,MOVING,MOVING,MOVING,UNCERTAIN,MOVING
220420,6482,0.00984880,0.01938173,0.01223543,0.01013459,0.01220507,,RELIABLE,RELIABLE,PARTIAL,RELIABLE,PARTIAL,UNRELIABLE,MOVING,MOVING,MOVING,MOVING,MOVING,UNCERTAIN,MOVING
220452,6483,0.00927954,0.01888149,0.01212753,0.00986609,0.01229820,0.00000000,RELIABLE,RELIABLE,PARTIAL,RELIABLE,PARTIAL,PARTIAL,MOVING,MOVING,MOVING,MOVING,MOVING,STATIONARY,MOVING
220483,6484,0.01064252,0.02137868,0.01284024,0.01028198,0.01190438,0.01495235,PARTIAL,RELIABLE,PARTIAL,RELIABLE,PARTIAL,PARTIAL,MOVING,MOVING,MOVING,MOVING,MOVING,STATIONARY,MOVING
220515,6485,,0.02462319,0.01301345,0.01009177,0.01189870,0.01306048,UNRELIABLE,RELIABLE,PARTIAL,RELIABLE,PARTIAL,PARTIAL,UNCERTAIN,MOVING,MOVING,MOVING,MOVING,STATIONARY,MOVING
220547,6486,,0.02598999,0.01159071,0.00989047,0.01211993,0.01288232,UNRELIABLE,RELIABLE,PARTIAL,RELIABLE,PARTIAL,PARTIAL,UNCERTAIN,MOVING,MOVING,MOVING,MOVING,MOVING,MOVING
220595,6487,,0.02537185,0.00800058,0.00989063,0.01253429,0.01079109,UNRELIABLE,RELIABLE,PARTIAL,RELIABLE,PARTIAL,PARTIAL,UNCERTAIN,MOVING,MOVING,MOVING,MOVING,MOVING,MOVING
220627,6488,,0.02439162,0.00822361,0.00935445,0.01261162,0.01043077,UNRELIABLE,RELIABLE,PARTIAL,RELIABLE,PARTIAL,PARTIAL,UNCERTAIN,MOVING,MOVING,MOVING,MOVING,MOVING,MOVING
220656,6489,,0.02237887,0.00740497,0.00790992,0.01067623,0.00904054,UNRELIABLE,RELIABLE,PARTIAL,RELIABLE,PARTIAL,PARTIAL,UNCERTAIN,MOVING,MOVING,MOVING,MOVING,MOVING,MOVING
220687,6490,,0.02097623,0.00965896,0.00649168,0.00888296,0.00899728,UNRELIABLE,RELIABLE,PARTIAL,RELIABLE,PARTIAL,PARTIAL,UNCERTAIN,MOVING,MOVING,MOVING,MOVING,MOVING,MOVING
220724,6491,,0.02055025,0.01740285,0.00708531,0.00840525,0.00904558,UNRELIABLE,RELIABLE,PARTIAL,RELIABLE,PARTIAL,PARTIAL,UNCERTAIN,MOVING,MOVING,MOVING,MOVING,MOVING,MOVING
220755,6492,,,,,,,UNRELIABLE,UNRELIABLE,UNRELIABLE,UNRELIABLE,UNRELIABLE,UNRELIABLE,UNCERTAIN,UNCERTAIN,UNCERTAIN,UNCERTAIN,UNCERTAIN,UNCERTAIN,UNCERTAIN
220787,6493,,,,,,,UNRELIABLE,UNRELIABLE,UNRELIABLE,UNRELIABLE,UNRELIABLE,UNRELIABLE,UNCERTAIN,UNCERTAIN,UNCERTAIN,UNCERTAIN,UNCERTAIN,UNCERTAIN,UNCERTAIN
220819,6494,0.00000000,0.00000000,0.00000000,0.00000000,0.00000000,0.00000000,RELIABLE,RELIABLE,RELIABLE,RELIABLE,PARTIAL,PARTIAL,STATIONARY,STATIONARY,STATIONARY,STATIONARY,STATIONARY,STATIONARY,STATIONARY
220860,6495,0.00117245,0.02441354,0.01426384,0.00596688,0.00626895,0.01060966,RELIABLE,RELIABLE,PARTIAL,RELIABLE,PARTIAL,PARTIAL,STATIONARY,STATIONARY,STATIONARY,STATIONARY,STATIONARY,STATIONARY,STATIONARY
220883,6496,0.00431577,0.03859676,0.01994746,0.00763758,0.00685531,0.01727115,RELIABLE,RELIABLE,PARTIAL,RELIABLE,PARTIAL,PARTIAL,STATIONARY,STATIONARY,STATIONARY,STATIONARY,STATIONARY,STATIONARY,STATIONARY
220915,6497,0.00973365,0.04098980,0.02162808,0.01059688,0.00955567,0.02732916,RELIABLE,RELIABLE,PARTIAL,RELIABLE,PARTIAL,PARTIAL,STATIONARY,MOVING,MOVING,STATIONARY,STATIONARY,STATIONARY,MOVING
220963,6498,0.01185478,0.04225648,0.02336596,0.01373622,0.01148383,0.02811965,RELIABLE,RELIABLE,PARTIAL,RELIABLE,PARTIAL,PARTIAL,STATIONARY,MOVING,MOVING,STATIONARY,STATIONARY,MOVING,MOVING
220995,6499,0.01450594,0.03967869,0.02420552,0.01418965,0.01374451,0.02638798,RELIABLE,RELIABLE,PARTIAL,RELIABLE,PARTIAL,PARTIAL,STATIONARY,MOVING,MOVING,STATIONARY,STATIONARY,MOVING,MOVING
221018,6500,0.01337683,0.03405731,0.02097491,0.01281248,0.01342951,0.02320975,RELIABLE,RELIABLE,PARTIAL,RELIABLE,PARTIAL,PARTIAL,STATIONARY,MOVING,MOVING,MOVING,STATIONARY,MOVING,MOVING
221050,6501,0.01346288,0.03425285,0.01980301,0.01284533,0.01420675,0.02256077,RELIABLE,RELIABLE,PARTIAL,RELIABLE,PARTIAL,PARTIAL,MOVING,MOVING,MOVING,MOVING,MOVING,MOVING,MOVING
221082,6502,0.01358546,0.03248827,0.01974494,0.01311126,0.01391807,0.02206493,RELIABLE,RELIABLE,PARTIAL,RELIABLE,PARTIAL,PARTIAL,MOVING,MOVING,MOVING,MOVING,MOVING,MOVING,MOVING
221123,6503,0.01584857,0.03476620,0.02157645,0.01560275,0.01710048,0.02442517,RELIABLE,RELIABLE,PARTIAL,RELIABLE,PARTIAL,PARTIAL,MOVING,MOVING,MOVING,MOVING,MOVING,MOVING,MOVING
221154,6504,0.01689733,0.03014557,0.02026839,0.01650911,0.01865580,0.02381960,RELIABLE,RELIABLE,PARTIAL,RELIABLE,PARTIAL,PARTIAL,MOVING,MOVING,MOVING,MOVING,MOVING,MOVING,MOVING
221187,6505,0.01631028,0.02599335,0.01938970,0.01615939,0.01839191,0.01991777,RELIABLE,RELIABLE,RELIABLE,RELIABLE,PARTIAL,PARTIAL,MOVING,MOVING,MOVING,MOVING,MOVING,MOVING,MOVING
221220,6506,0.01506093,0.02138618,0.01784319,0.01518621,0.01796869,0.01824857,RELIABLE,RELIABLE,RELIABLE,RELIABLE,PARTIAL,PARTIAL,MOVING,MOVING,MOVING,MOVING,MOVING,MOVING,MOVING
221252,6507,0.01229603,0.01886745,0.01617568,0.01473317,0.01702690,0.01721574,RELIABLE,RELIABLE,RELIABLE,RELIABLE,PARTIAL,PARTIAL,MOVING,MOVING,MOVING,MOVING,MOVING,MOVING,MOVING
221283,6508,0.01225375,0.01938388,0.01784402,0.01585815,0.01795527,0.01809246,RELIABLE,RELIABLE,RELIABLE,RELIABLE,PARTIAL,PARTIAL,MOVING,MOVING,MOVING,MOVING,MOVING,MOVING,MOVING
221316,6509,0.01141795,0.01675633,0.02009901,0.01609117,0.01769773,0.01786579,RELIABLE,RELIABLE,RELIABLE,RELIABLE,PARTIAL,PARTIAL,MOVING,MOVING,MOVING,MOVING,MOVING,MOVING,MOVING
221364,6510,0.01063502,0.01766964,0.02293817,0.01604582,0.01794884,0.01680369,RELIABLE,RELIABLE,RELIABLE,RELIABLE,PARTIAL,PARTIAL,MOVING,MOVING,MOVING,MOVING,MOVING,MOVING,MOVING
221395,6511,0.00939331,0.01581985,0.02228456,0.01405107,0.01462130,0.01391981,RELIABLE,RELIABLE,RELIABLE,RELIABLE,PARTIAL,PARTIAL,MOVING,MOVING,MOVING,MOVING,MOVING,MOVING,MOVING
221414,6512,0.00791299,0.01468251,0.02106095,0.01224890,0.01239613,0.01170122,RELIABLE,RELIABLE,RELIABLE,RELIABLE,PARTIAL,PARTIAL,MOVING,MOVING,MOVING,MOVING,MOVING,MOVING,MOVING
221444,6513,0.00672470,0.01526394,0.02044016,0.01125071,0.01135213,0.01045856,RELIABLE,RELIABLE,RELIABLE,RELIABLE,PARTIAL,PARTIAL,MOVING,MOVING,MOVING,MOVING,MOVING,MOVING,MOVING
221476,6514,0.00671271,0.01641929,0.02014070,0.00993830,0.01004039,0.00893228,RELIABLE,RELIABLE,RELIABLE,RELIABLE,PARTIAL,PARTIAL,MOVING,MOVING,MOVING,MOVING,MOVING,MOVING,MOVING
221523,6515,0.00746537,0.01764101,0.02136271,0.00883721,0.00858783,0.00841023,RELIABLE,RELIABLE,RELIABLE,RELIABLE,PARTIAL,PARTIAL,MOVING,MOVING,MOVING,MOVING,MOVING,MOVING,MOVING
221555,6516,0.00725607,0.01707238,0.02176751,0.00730398,0.00651572,0.00682415,RELIABLE,RELIABLE,RELIABLE,RELIABLE,PARTIAL,PARTIAL,MOVING,MOVING,MOVING,MOVING,MOVING,MOVING,MOVING
221587,6517,0.00673818,0.01607280,0.01921332,0.00561992,0.00470525,0.00484472,RELIABLE,RELIABLE,RELIABLE,RELIABLE,PARTIAL,PARTIAL,MOVING,MOVING,MOVING,MOVING,MOVING,MOVING,MOVING
221619,6518,0.00661700,0.01316747,0.01681411,0.00433635,0.00355793,0.00394047,RELIABLE,RELIABLE,RELIABLE,RELIABLE,PARTIAL,PARTIAL,MOVING,MOVING,MOVING,MOVING,MOVING,MOVING,MOVING
221651,6519,0.00670883,0.01091247,0.01619717,0.00369077,0.00314913,0.00378595,RELIABLE,RELIABLE,RELIABLE,RELIABLE,PARTIAL,PARTIAL,MOVING,MOVING,MOVING,MOVING,MOVING,MOVING,MOVING
221683,6520,0.00685987,0.01168549,0.01760157,0.00372095,0.00315028,0.00379183,RELIABLE,RELIABLE,RELIABLE,RELIABLE,PARTIAL,PARTIAL,MOVING,MOVING,MOVING,MOVING,MOVING,MOVING,MOVING
221732,6521,0.00620803,0.01117741,0.01791575,0.00319323,0.00276327,0.00330035,RELIABLE,RELIABLE,RELIABLE,RELIABLE,PARTIAL,PARTIAL,MOVING,MOVING,MOVING,MOVING,MOVING,MOVING,MOVING
221763,6522,0.00534244,0.00980875,0.01750539,0.00283698,0.00270015,0.00339684,RELIABLE,RELIABLE,RELIABLE,RELIABLE,PARTIAL,PARTIAL,MOVING,MOVING,MOVING,MOVING,MOVING,MOVING,MOVING
221793,6523,0.00428553,0.00763342,0.01476063,0.00254475,0.00242718,0.00287674,RELIABLE,RELIABLE,RELIABLE,RELIABLE,PARTIAL,PARTIAL,MOVING,MOVING,MOVING,MOVING,MOVING,MOVING,MOVING
221824,6524,0.00371576,0.00761756,0.01340165,0.00291155,0.00276370,0.00433240,RELIABLE,RELIABLE,RELIABLE,RELIABLE,PARTIAL,PARTIAL,MOVING,MOVING,MOVING,STATIONARY,STATIONARY,STATIONARY,MOVING
221854,6525,0.00377703,0.00872936,0.01306918,0.00352834,0.00320510,0.00521542,RELIABLE,RELIABLE,RELIABLE,RELIABLE,PARTIAL,PARTIAL,MOVING,MOVING,MOVING,STATIONARY,STATIONARY,STATIONARY,MOVING
221886,6526,0.00378230,0.01002762,0.01120815,0.00378587,0.00333388,0.00603487,RELIABLE,RELIABLE,RELIABLE,RELIABLE,PARTIAL,PARTIAL,MOVING,MOVING,MOVING,STATIONARY,STATIONARY,STATIONARY,MOVING
221923,6527,0.00336470,0.01179805,0.01058026,0.00457546,0.00540293,0.00774760,RELIABLE,RELIABLE,RELIABLE,RELIABLE,PARTIAL,PARTIAL,MOVING,MOVING,MOVING,STATIONARY,STATIONARY,STATIONARY,MOVING
221956,6528,0.00345340,0.01292073,0.01021692,0.00571026,0.00688056,0.00928511,RELIABLE,RELIABLE,RELIABLE,RELIABLE,PARTIAL,PARTIAL,MOVING,MOVING,MOVING,STATIONARY,STATIONARY,STATIONARY,MOVING
221987,6529,0.00430843,0.01527501,0.00962981,0.00694219,0.00876262,0.01043946,RELIABLE,RELIABLE,RELIABLE,RELIABLE,PARTIAL,PARTIAL,STATIONARY,MOVING,MOVING,STATIONARY,STATIONARY,STATIONARY,MOVING
222019,6530,0.00532597,0.01800524,0.01006748,0.00834440,0.01000841,0.01145563,RELIABLE,RELIABLE,RELIABLE,RELIABLE,PARTIAL,PARTIAL,STATIONARY,MOVING,MOVING,STATIONARY,STATIONARY,STATIONARY,MOVING
222051,6531,0.00662945,0.02110519,0.01160720,0.01070088,0.01216685,0.01367396,RELIABLE,RELIABLE,RELIABLE,RELIABLE,PARTIAL,PARTIAL,STATIONARY,MOVING,MOVING,STATIONARY,STATIONARY,STATIONARY,MOVING
222083,6532,0.00787322,0.02455178,0.01337242,0.01248422,0.01383252,0.01434882,RELIABLE,RELIABLE,RELIABLE,RELIABLE,PARTIAL,PARTIAL,STATIONARY,MOVING,MOVING,STATIONARY,STATIONARY,STATIONARY,MOVING
222132,6533,0.00912229,0.02982868,0.01540815,0.01456487,0.01723722,0.01609940,RELIABLE,RELIABLE,RELIABLE,RELIABLE,PARTIAL,PARTIAL,STATIONARY,MOVING,MOVING,STATIONARY,MOVING,MOVING,MOVING
222163,6534,0.00968001,0.03038112,0.01745153,0.01585435,0.01869290,0.01742173,PARTIAL,RELIABLE,RELIABLE,RELIABLE,PARTIAL,PARTIAL,STATIONARY,MOVING,MOVING,MOVING,MOVING,MOVING,MOVING
222186,6535,0.00916264,0.02894633,0.01687205,0.01488194,0.01681523,0.01613377,PARTIAL,RELIABLE,RELIABLE,RELIABLE,PARTIAL,PARTIAL,STATIONARY,MOVING,MOVING,MOVING,MOVING,MOVING,MOVING
222214,6536,0.00936190,0.02859474,0.01882471,0.01518786,0.01612834,0.01700186,PARTIAL,RELIABLE,RELIABLE,RELIABLE,PARTIAL,PARTIAL,STATIONARY,MOVING,MOVING,MOVING,MOVING,MOVING,MOVING
222246,6537,0.00949233,0.03099203,0.02152924,0.01559872,0.01639334,0.01805214,PARTIAL,RELIABLE,RELIABLE,RELIABLE,PARTIAL,PARTIAL,STATIONARY,MOVING,MOVING,MOVING,MOVING,MOVING,MOVING
222278,6538,,0.03081245,0.02303644,0.01592489,0.01647558,0.01889151,UNRELIABLE,RELIABLE,RELIABLE,RELIABLE,PARTIAL,PARTIAL,UNCERTAIN,MOVING,MOVING,MOVING,MOVING,MOVING,MOVING
222323,6539,,0.03930922,0.02960227,0.01685645,0.01695682,0.02158236,UNRELIABLE,RELIABLE,RELIABLE,RELIABLE,PARTIAL,PARTIAL,UNCERTAIN,MOVING,MOVING,MOVING,MOVING,MOVING,MOVING
222354,6540,,0.03795511,0.02962931,0.01617930,0.01668364,0.02291772,UNRELIABLE,RELIABLE,PARTIAL,RELIABLE,PARTIAL,PARTIAL,UNCERTAIN,MOVING,MOVING,MOVING,MOVING,MOVING,MOVING
222387,6541,,0.03240809,0.03050036,0.01541360,0.01563101,0.02341050,UNRELIABLE,RELIABLE,PARTIAL,RELIABLE,PARTIAL,RELIABLE,UNCERTAIN,MOVING,MOVING,MOVING,MOVING,MOVING,MOVING
222419,6542,,,,,,,UNRELIABLE,UNRELIABLE,UNRELIABLE,UNRELIABLE,UNRELIABLE,UNRELIABLE,UNCERTAIN,UNCERTAIN,UNCERTAIN,UNCERTAIN,UNCERTAIN,UNCERTAIN,UNCERTAIN
222451,6543,,,,,,,UNRELIABLE,UNRELIABLE,UNRELIABLE,UNRELIABLE,UNRELIABLE,UNRELIABLE,UNCERTAIN,UNCERTAIN,UNCERTAIN,UNCERTAIN,UNCERTAIN,UNCERTAIN,UNCERTAIN
222499,6544,,,,,,,UNRELIABLE,UNRELIABLE,UNRELIABLE,UNRELIABLE,UNRELIABLE,UNRELIABLE,UNCERTAIN,UNCERTAIN,UNCERTAIN,UNCERTAIN,UNCERTAIN,UNCERTAIN,UNCERTAIN
222531,6545,,0.00000000,0.00000000,0.00000000,0.00000000,0.00000000,UNRELIABLE,RELIABLE,PARTIAL,RELIABLE,PARTIAL,PARTIAL,UNCERTAIN,STATIONARY,STATIONARY,STATIONARY,STATIONARY,STATIONARY,STATIONARY
222561,6546,,0.01419306,0.01353434,0.00428444,0.00403061,0.00448524,UNRELIABLE,RELIABLE,PARTIAL,RELIABLE,PARTIAL,PARTIAL,UNCERTAIN,STATIONARY,STATIONARY,STATIONARY,STATIONARY,STATIONARY,STATIONARY
222593,6547,,0.02176156,0.00863286,0.00380798,0.00425145,0.00327361,UNRELIABLE,RELIABLE,PARTIAL,RELIABLE,PARTIAL,PARTIAL,UNCERTAIN,STATIONARY,STATIONARY,STATIONARY,STATIONARY,STATIONARY,STATIONARY
222624,6548,,0.02725437,0.00782252,0.00551454,0.00743330,0.00684256,UNRELIABLE,RELIABLE,PARTIAL,RELIABLE,PARTIAL,PARTIAL,UNCERTAIN,MOVING,STATIONARY,STATIONARY,STATIONARY,STATIONARY,MOVING
222656,6549,,0.02574297,0.00767059,0.00836695,0.00981987,0.00996583,UNRELIABLE,RELIABLE,PARTIAL,RELIABLE,PARTIAL,PARTIAL,UNCERTAIN,MOVING,STATIONARY,STATIONARY,STATIONARY,STATIONARY,MOVING
222689,6550,,0.02784753,0.00789632,0.01057153,0.01052230,0.01198852,UNRELIABLE,RELIABLE,PARTIAL,RELIABLE,PARTIAL,PARTIAL,UNCERTAIN,MOVING,STATIONARY,STATIONARY,STATIONARY,STATIONARY,MOVING
222724,6551,,0.03332333,0.00979135,0.01331878,0.01384919,0.01410798,UNRELIABLE,RELIABLE,PARTIAL,RELIABLE,PARTIAL,PARTIAL,UNCERTAIN,MOVING,STATIONARY,STATIONARY,STATIONARY,STATIONARY,MOVING
222754,6552,,0.03346534,0.01040571,0.01356115,0.01357798,0.01420593,UNRELIABLE,RELIABLE,PARTIAL,RELIABLE,PARTIAL,PARTIAL,UNCERTAIN,MOVING,STATIONARY,STATIONARY,STATIONARY,STATIONARY,MOVING
222786,6553,,0.03187153,0.01205040,0.01413782,0.01464644,0.01417677,UNRELIABLE,RELIABLE,PARTIAL,RELIABLE,PARTIAL,PARTIAL,UNCERTAIN,MOVING,STATIONARY,MOVING,MOVING,MOVING,MOVING
222819,6554,,0.03105477,0.01375860,0.01501567,0.01510261,0.01486532,UNRELIABLE,RELIABLE,RELIABLE,RELIABLE,PARTIAL,PARTIAL,UNCERTAIN,MOVING,STATIONARY,MOVING,MOVING,MOVING,MOVING
222851,6555,,0.02976475,0.01714106,0.01538323,0.01519766,0.01631673,UNRELIABLE,RELIABLE,RELIABLE,RELIABLE,PARTIAL,PARTIAL,UNCERTAIN,MOVING,MOVING,MOVING,MOVING,MOVING,MOVING
222899,6556,,0.02647847,0.02025281,0.01486668,0.01409398,0.01608766,UNRELIABLE,RELIABLE,RELIABLE,RELIABLE,PARTIAL,PARTIAL,UNCERTAIN,MOVING,MOVING,MOVING,MOVING,MOVING,MOVING
222932,6557,,0.02551653,0.02226294,0.01329800,0.01221374,0.01419206,UNRELIABLE,RELIABLE,RELIABLE,RELIABLE,PARTIAL,PARTIAL,UNCERTAIN,MOVING,MOVING,MOVING,MOVING,MOVING,MOVING
222958,6558,,0.02152625,0.02166157,0.01123585,0.01083370,0.01189032,UNRELIABLE,RELIABLE,RELIABLE,RELIABLE,PARTIAL,PARTIAL,UNCERTAIN,MOVING,MOVING,MOVING,MOVING,MOVING,MOVING
222990,6559,,0.01618734,0.02251494,0.00897574,0.00794602,0.00923012,UNRELIABLE,RELIABLE,RELIABLE,RELIABLE,PARTIAL,PARTIAL,UNCERTAIN,MOVING,MOVING,MOVING,MOVING,MOVING,MOVING
223021,6560,,0.01379633,0.02614411,0.00818468,0.00892849,0.00795063,UNRELIABLE,RELIABLE,RELIABLE,RELIABLE,PARTIAL,PARTIAL,UNCERTAIN,MOVING,MOVING,MOVING,MOVING,MOVING,MOVING
223052,6561,,0.01329277,0.02579971,0.00704381,0.00716921,0.00638754,UNRELIABLE,RELIABLE,RELIABLE,RELIABLE,PARTIAL,PARTIAL,UNCERTAIN,MOVING,MOVING,MOVING,MOVING,MOVING,MOVING
223083,6562,,0.01536458,0.02550187,0.00724097,0.00872307,0.00660821,UNRELIABLE,RELIABLE,RELIABLE,RELIABLE,PARTIAL,PARTIAL,UNCERTAIN,MOVING,MOVING,MOVING,MOVING,MOVING,MOVING
223123,6563,,0.01896003,0.02406927,0.01084913,0.01014623,0.00834682,UNRELIABLE,RELIABLE,RELIABLE,RELIABLE,PARTIAL,PARTIAL,UNCERTAIN,MOVING,MOVING,MOVING,MOVING,MOVING,MOVING
223156,6564,,0.02083035,0.02146992,0.01271261,0.01244279,0.00887765,UNRELIABLE,RELIABLE,RELIABLE,RELIABLE,PARTIAL,PARTIAL,UNCERTAIN,MOVING,MOVING,MOVING,MOVING,MOVING,MOVING
223187,6565,,0.02223098,0.02018625,0.01423916,0.01455850,0.00984288,UNRELIABLE,RELIABLE,RELIABLE,RELIABLE,PARTIAL,PARTIAL,UNCERTAIN,MOVING,MOVING,MOVING,MOVING,MOVING,MOVING
223220,6566,,0.02587903,0.02134585,0.01624235,0.01622237,0.01330701,UNRELIABLE,RELIABLE,RELIABLE,RELIABLE,PARTIAL,PARTIAL,UNCERTAIN,MOVING,MOVING,MOVING,MOVING,MOVING,MOVING
223251,6567,,0.02485580,0.02008468,0.01691243,0.01713902,0.01387562,UNRELIABLE,RELIABLE,RELIABLE,RELIABLE,PARTIAL,PARTIAL,UNCERTAIN,MOVING,MOVING,MOVING,MOVING,MOVING,MOVING
223299,6568,,0.02773957,0.01671005,0.01842609,0.01689084,0.01596944,UNRELIABLE,RELIABLE,RELIABLE,RELIABLE,PARTIAL,PARTIAL,UNCERTAIN,MOVING,MOVING,MOVING,MOVING,MOVING,MOVING
223318,6569,,0.02596308,0.01475735,0.01784763,0.01736214,0.01635985,UNRELIABLE,RELIABLE,RELIABLE,RELIABLE,PARTIAL,PARTIAL,UNCERTAIN,MOVING,MOVING,MOVING,MOVING,MOVING,MOVING
223350,6570,,0.02482266,0.01254673,0.01806055,0.01623896,0.01650027,UNRELIABLE,RELIABLE,RELIABLE,RELIABLE,PARTIAL,PARTIAL,UNCERTAIN,MOVING,MOVING,MOVING,MOVING,MOVING,MOVING
