timestamp_ms,frame_number,track_id,trial,body_scale,HEAD_raw_motion,HEAD_normalized_motion,HEAD_motion,LEFT_EYE_motion,RIGHT_EYE_motion,LEFT_ARM_motion,RIGHT_ARM_motion,TORSO_motion,LEFT_LEG_motion,RIGHT_LEG_motion,HEAD_observability,LEFT_EYE_observability,RIGHT_EYE_observability,LEFT_ARM_observability,RIGHT_ARM_observability,TORSO_observability,LEFT_LEG_observability,RIGHT_LEG_observability,HEAD_state,LEFT_EYE_state,RIGHT_EYE_state,LEFT_ARM_state,RIGHT_ARM_state,TORSO_state,LEFT_LEG_state,RIGHT_LEG_state,OVERALL_state
3355,72,1,NO TRIAL,0.12917416,0.00112653,0.00872104,0.00701708,0.01002382,0.01130434,0.02219159,0.01089702,0.00974694,0.01123496,0.01180634,RELIABLE,RELIABLE,RELIABLE,RELIABLE,RELIABLE,RELIABLE,RELIABLE,RELIABLE,STATIONARY,STATIONARY,STATIONARY,STATIONARY,STATIONARY,STATIONARY,STATIONARY,STATIONARY,STATIONARY
3401,73,1,NO TRIAL,0.12912561,0.00056327,0.00436216,0.00718318,0.01040992,0.01169239,0.02172377,0.01082911,0.00977373,0.01202415,0.01196852,RELIABLE,RELIABLE,RELIABLE,RELIABLE,RELIABLE,RELIABLE,RELIABLE,RELIABLE,STATIONARY,STATIONARY,STATIONARY,STATIONARY,STATIONARY,STATIONARY,STATIONARY,STATIONARY,STATIONARY
3433,74,1,NO TRIAL,0.12841706,0.00118937,0.00926178,0.00680725,0.00951033,0.01027572,0.01980413,0.00990406,0.01017757,0.01300297,0.01223818,RELIABLE,RELIABLE,RELIABLE,RELIABLE,RELIABLE,RELIABLE,RELIABLE,RELIABLE,STATIONARY,STATIONARY,STATIONARY,STATIONARY,STATIONARY,STATIONARY,STATIONARY,STATIONARY,STATIONARY
3479,75,1,NO TRIAL,0.12772186,0.00059469,0.00465610,0.00662302,0.00906705,0.00957404,0.01884967,0.00944558,0.01038515,0.01359288,0.01233394,RELIABLE,RELIABLE,RELIABLE,RELIABLE,RELIABLE,RELIABLE,RELIABLE,RELIABLE,STATIONARY,STATIONARY,STATIONARY,STATIONARY,STATIONARY,STATIONARY,STATIONARY,STATIONARY,STATIONARY
3511,76,1,NO TRIAL,0.12737142,0.00180877,0.01420077,0.00720597,0.01047322,0.01058254,0.01700911,0.00911175,0.00990157,0.01262912,0.01302728,RELIABLE,RELIABLE,RELIABLE,RELIABLE,RELIABLE,RELIABLE,RELIABLE,RELIABLE,STATIONARY,STATIONARY,STATIONARY,STATIONARY,STATIONARY,STATIONARY,STATIONARY,STATIONARY,STATIONARY
3543,77,1,NO TRIAL,0.12719511,0.00090439,0.00711023,0.00750239,0.01118165,0.01109475,0.01610158,0.00895466,0.00966772,0.01204866,0.01359526,RELIABLE,RELIABLE,RELIABLE,RELIABLE,RELIABLE,RELIABLE,RELIABLE,RELIABLE,STATIONARY,STATIONARY,STATIONARY,STATIONARY,STATIONARY,STATIONARY,STATIONARY,STATIONARY,STATIONARY
3574,78,1,NO TRIAL,0.12720507,0.00109354,0.00859664,0.00760192,0.01139129,0.01211640,0.01645083,0.01013275,0.01014093,0.01188621,0.01418730,RELIABLE,RELIABLE,RELIABLE,RELIABLE,RELIABLE,RELIABLE,RELIABLE,RELIABLE,STATIONARY,STATIONARY,STATIONARY,STATIONARY,STATIONARY,STATIONARY,STATIONARY,STATIONARY,STATIONARY
3606,79,1,NO TRIAL,0.12725911,0.00054677,0.00429649,0.00765065,0.01149459,0.01262623,0.01662132,0.01072065,0.01037642,0.01171615,0.01449773,RELIABLE,RELIABLE,RELIABLE,RELIABLE,RELIABLE,RELIABLE,RELIABLE,RELIABLE,STATIONARY,STATIONARY,STATIONARY,STATIONARY,STATIONARY,STATIONARY,STATIONARY,STATIONARY,STATIONARY
3637,80,1,NO TRIAL,0.12634484,0.00280654,0.02221330,0.00933718,0.01525461,0.01576184,0.01858963,0.01080765,0.01112129,0.01195997,0.01353113,RELIABLE,RELIABLE,RELIABLE,RELIABLE,RELIABLE,RELIABLE,RELIABLE,RELIABLE,STATIONARY,STATIONARY,STATIONARY,STATIONARY,STATIONARY,STATIONARY,STATIONARY,STATIONARY,STATIONARY
3669,81,1,NO TRIAL,0.12543237,0.00140327,0.01118744,0.01019034,0.01715346,0.01734713,0.01959304,0.01085700,0.01150300,0.01211623,0.01292765,RELIABLE,RELIABLE,RELIABLE,RELIABLE,RELIABLE,RELIABLE,RELIABLE,RELIABLE,STATIONARY,STATIONARY,STATIONARY,STATIONARY,STATIONARY,STATIONARY,STATIONARY,STATIONARY,STATIONARY
3700,82,1,NO TRIAL,0.12469457,0.00330643,0.02651626,0.01234715,0.02264977,0.02231288,0.02274271,0.01191438,0.01192663,0.01101083,0.01221541,RELIABLE,RELIABLE,RELIABLE,RELIABLE,RELIABLE,RELIABLE,RELIABLE,RELIABLE,STATIONARY,STATIONARY,STATIONARY,STATIONARY,STATIONARY,STATIONARY,STATIONARY,STATIONARY,STATIONARY
3731,83,1,NO TRIAL,0.12418986,0.00165322,0.01331201,0.01342914,0.02540771,0.02480449,0.02432292,0.01244439,0.01213802,0.01033108,0.01186093,RELIABLE,RELIABLE,RELIABLE,RELIABLE,RELIABLE,RELIABLE,RELIABLE,RELIABLE,STATIONARY,STATIONARY,STATIONARY,STATIONARY,STATIONARY,STATIONARY,STATIONARY,STATIONARY,STATIONARY
3762,84,1,NO TRIAL,0.12426055,0.00457154,0.03678992,0.01625279,0.03355661,0.03282918,0.02753466,0.01396849,0.01332132,0.01006762,0.01023052,RELIABLE,RELIABLE,RELIABLE,RELIABLE,RELIABLE,RELIABLE,RELIABLE,RELIABLE,STATIONARY,STATIONARY,STATIONARY,STATIONARY,STATIONARY,STATIONARY,STATIONARY,STATIONARY,STATIONARY
3793,85,1,NO TRIAL,0.12447293,0.00228577,0.01836358,0.01765946,0.03762016,0.03683017,0.02913495,0.01472567,0.01390935,0.00993822,0.00909647,RELIABLE,RELIABLE,RELIABLE,RELIABLE,RELIABLE,RELIABLE,RELIABLE,RELIABLE,STATIONARY,STATIONARY,STATIONARY,STATIONARY,STATIONARY,STATIONARY,STATIONARY,STATIONARY,STATIONARY
3825,86,1,NO TRIAL,0.12370153,0.00469157,0.03792651,0.02132569,0.04672963,0.04661153,0.03354069,0.01683904,0.01737090,0.01041408,0.00915106,RELIABLE,RELIABLE,RELIABLE,RELIABLE,RELIABLE,RELIABLE,RELIABLE,RELIABLE,STATIONARY,STATIONARY,STATIONARY,STATIONARY,STATIONARY,STATIONARY,STATIONARY,STATIONARY,STATIONARY
3855,87,1,NO TRIAL,0.12290565,0.00234578,0.01908605,0.02317438,0.05131942,0.05153997,0.03577244,0.01790960,0.01911787,0.01062339,0.00914222,RELIABLE,RELIABLE,RELIABLE,RELIABLE,RELIABLE,RELIABLE,RELIABLE,RELIABLE,STATIONARY,STATIONARY,STATIONARY,STATIONARY,STATIONARY,STATIONARY,STATIONARY,STATIONARY,STATIONARY
3887,88,1,NO TRIAL,0.12179688,0.00434177,0.03564761,0.02485367,0.05692341,0.05688249,0.03799795,0.02174626,0.02143474,0.00964596,0.00962365,RELIABLE,RELIABLE,RELIABLE,RELIABLE,RELIABLE,RELIABLE,RELIABLE,RELIABLE,STATIONARY,STATIONARY,STATIONARY,STATIONARY,STATIONARY,STATIONARY,STATIONARY,STATIONARY,STATIONARY
3920,89,1,NO TRIAL,0.12089926,0.00217088,0.01795614,0.02569976,0.05974660,0.05957395,0.03911937,0.02367896,0.02260197,0.00890917,0.00988829,RELIABLE,RELIABLE,RELIABLE,RELIABLE,RELIABLE,RELIABLE,RELIABLE,RELIABLE,STATIONARY,STATIONARY,STATIONARY,STATIONARY,STATIONARY,STATIONARY,STATIONARY,STATIONARY,STATIONARY
3952,90,1,NO TRIAL,0.12021242,0.00454358,0.03779627,0.02710976,0.06082470,0.06095245,0.04166393,0.02771956,0.02439832,0.01024386,0.01127686,RELIABLE,RELIABLE,RELIABLE,RELIABLE,RELIABLE,RELIABLE,RELIABLE,RELIABLE,STATIONARY,STATIONARY,STATIONARY,STATIONARY,STATIONARY,STATIONARY,STATIONARY,STATIONARY,STATIONARY
3983,91,1,NO TRIAL,0.11979785,0.00227179,0.01896354,0.02781620,0.06136335,0.06164199,0.04293921,0.02974617,0.02529890,0.01110521,0.01216489,RELIABLE,RELIABLE,RELIABLE,RELIABLE,RELIABLE,RELIABLE,RELIABLE,RELIABLE,STATIONARY,STATIONARY,STATIONARY,STATIONARY,STATIONARY,STATIONARY,STATIONARY,STATIONARY,STATIONARY
4014,92,1,NO TRIAL,0.11930810,0.00329937,0.02765417,0.02667423,0.05753286,0.05758257,0.04218585,0.03130594,0.02583741,0.01170935,0.01254863,RELIABLE,RELIABLE,RELIABLE,RELIABLE,RELIABLE,RELIABLE,RELIABLE,RELIABLE,STATIONARY,STATIONARY,STATIONARY,STATIONARY,STATIONARY,STATIONARY,STATIONARY,STATIONARY,STATIONARY
4046,93,1,NO TRIAL,0.11892405,0.00164968,0.01387173,0.02611275,0.05563784,0.05557331,0.04182043,0.03209779,0.02611461,0.01195386,0.01275005,RELIABLE,RELIABLE,RELIABLE,RELIABLE,RELIABLE,RELIABLE,RELIABLE,RELIABLE,STATIONARY,STATIONARY,STATIONARY,STATIONARY,STATIONARY,STATIONARY,STATIONARY,STATIONARY,STATIONARY
4077,94,1,NO TRIAL,0.11876676,0.00272800,0.02296935,0.02424311,0.05193285,0.05084210,0.03947015,0.03422368,0.02435737,0.01116693,0.01143013,RELIABLE,RELIABLE,RELIABLE,RELIABLE,RELIABLE,RELIABLE,RELIABLE,RELIABLE,STATIONARY,STATIONARY,STATIONARY,STATIONARY,STATIONARY,STATIONARY,STATIONARY,STATIONARY,STATIONARY
4108,95,1,NO TRIAL,0.11871670,0.00136400,0.01148952,0.02329354,0.05004712,0.04844055,0.03826835,0.03527451,0.02346352,0.01070900,0.01065865,RELIABLE,RELIABLE,RELIABLE,RELIABLE,RELIABLE,RELIABLE,RELIABLE,RELIABLE,STATIONARY,STATIONARY,STATIONARY,STATIONARY,STATIONARY,STATIONARY,STATIONARY,STATIONARY,STATIONARY
4140,96,1,NO TRIAL,0.11843988,0.00177068,0.01495005,0.02070634,0.04368614,0.04219946,0.03598759,0.03513913,0.02184366,0.01095632,0.01017856,RELIABLE,RELIABLE,RELIABLE,RELIABLE,RELIABLE,RELIABLE,RELIABLE,RELIABLE,STATIONARY,STATIONARY,STATIONARY,STATIONARY,STATIONARY,STATIONARY,STATIONARY,STATIONARY,STATIONARY
4172,97,1,NO TRIAL,0.11817599,0.00088534,0.00749171,0.01939829,0.04047035,0.03904536,0.03482467,0.03505694,0.02101904,0.01111361,0.00987137,RELIABLE,RELIABLE,RELIABLE,RELIABLE,RELIABLE,RELIABLE,RELIABLE,RELIABLE,STATIONARY,STATIONARY,STATIONARY,STATIONARY,STATIONARY,STATIONARY,STATIONARY,STATIONARY,STATIONARY
4218,98,1,NO TRIAL,0.11755987,0.00207965,0.01769013,0.01688502,0.03594932,0.03536202,0.03302612,0.03223061,0.01902173,0.00979613,0.00940450,RELIABLE,RELIABLE,RELIABLE,RELIABLE,RELIABLE,RELIABLE,RELIABLE,RELIABLE,STATIONARY,STATIONARY,STATIONARY,STATIONARY,STATIONARY,STATIONARY,STATIONARY,STATIONARY,STATIONARY
4283,99,1,NO TRIAL,0.11702118,0.00251084,0.02145629,0.01719662,0.03704168,0.03609597,0.03506657,0.03347286,0.01939802,0.01043072,0.00954835,RELIABLE,RELIABLE,RELIABLE,RELIABLE,RELIABLE,RELIABLE,RELIABLE,RELIABLE,STATIONARY,STATIONARY,STATIONARY,STATIONARY,STATIONARY,STATIONARY,STATIONARY,STATIONARY,STATIONARY
4312,100,1,NO TRIAL,0.11664097,0.00125542,0.01076311,0.01508524,0.03287491,0.03167741,0.03359963,0.03028807,0.01720815,0.01036669,0.00909263,RELIABLE,RELIABLE,RELIABLE,RELIABLE,RELIABLE,RELIABLE,RELIABLE,RELIABLE,STATIONARY,STATIONARY,STATIONARY,STATIONARY,STATIONARY,STATIONARY,STATIONARY,STATIONARY,STATIONARY
4343,101,1,NO TRIAL,0.11639655,0.00062771,0.00539286,0.01402538,0.03078328,0.02945961,0.03286219,0.02868929,0.01610899,0.01044048,0.00888622,RELIABLE,RELIABLE,RELIABLE,RELIABLE,RELIABLE,RELIABLE,RELIABLE,RELIABLE,STATIONARY,STATIONARY,STATIONARY,STATIONARY,STATIONARY,STATIONARY,STATIONARY,STATIONARY,STATIONARY
4374,102,1,NO TRIAL,0.11527798,0.00152834,0.01325786,0.01281144,0.02489061,0.02471906,0.02900393,0.02460413,0.01464557,0.01127545,0.01201392,RELIABLE,RELIABLE,RELIABLE,RELIABLE,RELIABLE,RELIABLE,RELIABLE,RELIABLE,STATIONARY,STATIONARY,STATIONARY,STATIONARY,STATIONARY,STATIONARY,STATIONARY,STATIONARY,STATIONARY
4405,103,1,NO TRIAL,0.11422073,0.00076417,0.00669029,0.01221154,0.02194800,0.02235696,0.02708474,0.02257036,0.01392102,0.01184726,0.01413600,RELIABLE,RELIABLE,RELIABLE,RELIABLE,RELIABLE,RELIABLE,RELIABLE,RELIABLE,STATIONARY,STATIONARY,STATIONARY,STATIONARY,STATIONARY,STATIONARY,STATIONARY,STATIONARY,STATIONARY
4436,104,1,NO TRIAL,0.11332596,0.00159954,0.01411454,0.01210710,0.01976823,0.02100481,0.02388159,0.01923874,0.01224201,0.01265307,0.01353474,RELIABLE,RELIABLE,RELIABLE,RELIABLE,RELIABLE,RELIABLE,RELIABLE,RELIABLE,STATIONARY,STATIONARY,STATIONARY,STATIONARY,STATIONARY,STATIONARY,STATIONARY,STATIONARY,STATIONARY
4467,105,1,NO TRIAL,0.11269853,0.00079977,0.00709656,0.01205771,0.01867978,0.02033164,0.02228014,0.01757266,0.01140341,0.01331306,0.01320563,RELIABLE,RELIABLE,RELIABLE,RELIABLE,RELIABLE,RELIABLE,RELIABLE,RELIABLE,STATIONARY,STATIONARY,STATIONARY,STATIONARY,STATIONARY,STATIONARY,STATIONARY,STATIONARY,STATIONARY
4499,106,1,NO TRIAL,0.11219780,0.00100393,0.00894787,0.01096492,0.01639711,0.01759169,0.02041333,0.01546145,0.01129361,0.01404251,0.01380265,RELIABLE,RELIABLE,RELIABLE,RELIABLE,RELIABLE,RELIABLE,RELIABLE,RELIABLE,STATIONARY,STATIONARY,STATIONARY,STATIONARY,STATIONARY,STATIONARY,STATIONARY,STATIONARY,STATIONARY
4531,107,1,NO TRIAL,0.11185467,0.00050197,0.00448766,0.00884384,0.01189077,0.01363461,0.01653316,0.01174162,0.00985973,0.01298559,0.01368133,RELIABLE,RELIABLE,RELIABLE,RELIABLE,RELIABLE,RELIABLE,RELIABLE,RELIABLE,STATIONARY,STATIONARY,STATIONARY,STATIONARY,STATIONARY,STATIONARY,STATIONARY,STATIONARY,STATIONARY
4562,108,1,NO TRIAL,0.11167047,0.00099271,0.00888964,0.00860966,0.01135124,0.01317050,0.01602174,0.01154782,0.01005036,0.01325198,0.01367263,RELIABLE,RELIABLE,RELIABLE,RELIABLE,RELIABLE,RELIABLE,RELIABLE,RELIABLE,STATIONARY,STATIONARY,STATIONARY,STATIONARY,STATIONARY,STATIONARY,STATIONARY,STATIONARY,STATIONARY
4594,109,1,NO TRIAL,0.11157212,0.00049636,0.00444874,0.00849164,0.01107959,0.01293674,0.01576407,0.01144949,0.01014501,0.01338499,0.01365443,RELIABLE,RELIABLE,RELIABLE,RELIABLE,RELIABLE,RELIABLE,RELIABLE,RELIABLE,STATIONARY,STATIONARY,STATIONARY,STATIONARY,STATIONARY,STATIONARY,STATIONARY,STATIONARY,STATIONARY
4626,110,1,NO TRIAL,0.11059641,0.00285425,0.02580776,0.01006038,0.01288139,0.01516573,0.01544420,0.01101574,0.01006459,0.01298786,0.01101125,RELIABLE,RELIABLE,RELIABLE,RELIABLE,RELIABLE,RELIABLE,RELIABLE,RELIABLE,STATIONARY,STATIONARY,STATIONARY,STATIONARY,STATIONARY,STATIONARY,STATIONARY,STATIONARY,STATIONARY
4682,111,1,NO TRIAL,0.11021502,0.00101839,0.00924006,0.01037910,0.01452026,0.01633411,0.01718675,0.01128453,0.01074057,0.01332646,0.01047912,RELIABLE,RELIABLE,RELIABLE,RELIABLE,RELIABLE,RELIABLE,RELIABLE,RELIABLE,STATIONARY,STATIONARY,STATIONARY,STATIONARY,STATIONARY,STATIONARY,STATIONARY,STATIONARY,STATIONARY
4722,112,1,NO TRIAL,0.11007928,0.00050920,0.00462573,0.00919300,0.01330270,0.01479796,0.01645646,0.00990903,0.00984170,0.01171990,0.01083876,RELIABLE,RELIABLE,RELIABLE,RELIABLE,RELIABLE,RELIABLE,RELIABLE,RELIABLE,STATIONARY,STATIONARY,STATIONARY,STATIONARY,STATIONARY,STATIONARY,STATIONARY,STATIONARY,STATIONARY
4754,113,1,NO TRIAL,0.11003931,0.00025460,0.00231371,0.00859515,0.01268765,0.01402273,0.01608540,0.00921565,0.00938778,0.01065980,0.01111512,RELIABLE,RELIABLE,RELIABLE,RELIABLE,RELIABLE,RELIABLE,RELIABLE,RELIABLE,STATIONARY,STATIONARY,STATIONARY,STATIONARY,STATIONARY,STATIONARY,STATIONARY,STATIONARY,STATIONARY
4800,114,1,NO TRIAL,0.10991560,0.00155181,0.01411822,0.00924144,0.01436862,0.01538689,0.01349267,0.00977222,0.00838117,0.01026202,0.01000758,RELIABLE,RELIABLE,RELIABLE,RELIABLE,RELIABLE,RELIABLE,RELIABLE,RELIABLE,STATIONARY,STATIONARY,STATIONARY,STATIONARY,STATIONARY,STATIONARY,STATIONARY,STATIONARY,STATIONARY
4832,115,1,NO TRIAL,0.10980480,0.00077591,0.00706623,0.00956376,0.01520814,0.01606771,0.01219137,0.01004939,0.00787531,0.01008668,0.00932053,RELIABLE,RELIABLE,RELIABLE,RELIABLE,RELIABLE,RELIABLE,RELIABLE,RELIABLE,STATIONARY,STATIONARY,STATIONARY,STATIONARY,STATIONARY,STATIONARY,STATIONARY,STATIONARY,STATIONARY
4863,116,1,NO TRIAL,0.11021876,0.00079185,0.00718437,0.00935060,0.01372899,0.01468652,0.01166299,0.00924744,0.00766426,0.00979381,0.00944747,RELIABLE,RELIABLE,RELIABLE,RELIABLE,RELIABLE,RELIABLE,RELIABLE,RELIABLE,STATIONARY,STATIONARY,STATIONARY,STATIONARY,STATIONARY,STATIONARY,STATIONARY,STATIONARY,STATIONARY
4895,117,1,NO TRIAL,0.11066049,0.00039593,0.00357784,0.00924174,0.01298709,0.01399382,0.01139419,0.00884315,0.00755571,0.00964145,0.00953820,RELIABLE,RELIABLE,RELIABLE,RELIABLE,RELIABLE,RELIABLE,RELIABLE,RELIABLE,STATIONARY,STATIONARY,STATIONARY,STATIONARY,STATIONARY,STATIONARY,STATIONARY,STATIONARY,STATIONARY
4927,118,1,NO TRIAL,0.11081844,0.00138018,0.01245443,0.00757257,0.01111883,0.01082718,0.01156957,0.00861279,0.00706945,0.00902372,0.01017457,RELIABLE,RELIABLE,RELIABLE,RELIABLE,RELIABLE,RELIABLE,RELIABLE,RELIABLE,STATIONARY,STATIONARY,STATIONARY,STATIONARY,STATIONARY,STATIONARY,STATIONARY,STATIONARY,STATIONARY
4958,119,1,NO TRIAL,0.11086991,0.00069009,0.00622433,0.00719561,0.00944127,0.00918012,0.00974296,0.00800145,0.00610205,0.00802550,0.00933135,RELIABLE,RELIABLE,RELIABLE,RELIABLE,RELIABLE,RELIABLE,RELIABLE,RELIABLE,STATIONARY,STATIONARY,STATIONARY,STATIONARY,STATIONARY,STATIONARY,STATIONARY,STATIONARY,STATIONARY
4989,120,1,NO TRIAL,0.11162752,0.00079549,0.00712632,0.00750818,0.00963394,0.00944952,0.01016024,0.00891654,0.00729469,0.00886225,0.00911283,RELIABLE,RELIABLE,RELIABLE,RELIABLE,RELIABLE,RELIABLE,RELIABLE,RELIABLE,STATIONARY,STATIONARY,STATIONARY,STATIONARY,STATIONARY,STATIONARY,STATIONARY,STATIONARY,STATIONARY
5020,121,1,NO TRIAL,0.11238043,0.00039775,0.00353929,0.00766138,0.00972573,0.00957940,0.01036223,0.00936859,0.00788431,0.00932143,0.00888987,RELIABLE,RELIABLE,RELIABLE,RELIABLE,RELIABLE,RELIABLE,RELIABLE,RELIABLE,STATIONARY,STATIONARY,STATIONARY,STATIONARY,STATIONARY,STATIONARY,STATIONARY,STATIONARY,STATIONARY
5051,122,1,NO TRIAL,0.11279513,0.00088992,0.00788968,0.00688281,0.00766679,0.00711853,0.01142296,0.00830392,0.00794559,0.00911916,0.00978018,RELIABLE,RELIABLE,RELIABLE,RELIABLE,RELIABLE,RELIABLE,RELIABLE,RELIABLE,STATIONARY,STATIONARY,STATIONARY,STATIONARY,STATIONARY,STATIONARY,STATIONARY,STATIONARY,STATIONARY
5083,123,1,NO TRIAL,0.11284472,0.00069909,0.00619515,0.00677393,0.00699769,0.00642357,0.01413226,0.01027901,0.00842130,0.00979768,0.01036180,RELIABLE,RELIABLE,RELIABLE,RELIABLE,RELIABLE,RELIABLE,RELIABLE,RELIABLE,STATIONARY,STATIONARY,STATIONARY,STATIONARY,STATIONARY,STATIONARY,STATIONARY,STATIONARY,STATIONARY
5115,124,1,NO TRIAL,0.11279064,0.00034955,0.00309906,0.00626326,0.00683988,0.00627548,0.01392755,0.01053452,0.00770598,0.00951769,0.01010009,RELIABLE,RELIABLE,RELIABLE,RELIABLE,RELIABLE,RELIABLE,RELIABLE,RELIABLE,STATIONARY,STATIONARY,STATIONARY,STATIONARY,STATIONARY,STATIONARY,STATIONARY,STATIONARY,STATIONARY
5147,125,1,NO TRIAL,0.11234069,0.00111290,0.00990649,0.00705434,0.00952390,0.00885674,0.01469048,0.01644667,0.00783261,0.00983232,0.01027283,RELIABLE,RELIABLE,RELIABLE,RELIABLE,RELIABLE,RELIABLE,RELIABLE,RELIABLE,STATIONARY,STATIONARY,STATIONARY,STATIONARY,STATIONARY,STATIONARY,STATIONARY,STATIONARY,STATIONARY
5178,126,1,NO TRIAL,0.11190429,0.00055645,0.00497256,0.00611911,0.00998377,0.00916908,0.01323121,0.01818966,0.00707335,0.00943710,0.00882704,RELIABLE,RELIABLE,RELIABLE,RELIABLE,RELIABLE,RELIABLE,RELIABLE,RELIABLE,STATIONARY,STATIONARY,STATIONARY,STATIONARY,STATIONARY,STATIONARY,STATIONARY,STATIONARY,STATIONARY
5210,127,1,NO TRIAL,0.11158039,0.00027823,0.00249350,0.00565276,0.01021616,0.00932762,0.01250332,0.01906625,0.00669450,0.00922431,0.00786877,RELIABLE,RELIABLE,RELIABLE,RELIABLE,RELIABLE,RELIABLE,RELIABLE,RELIABLE,STATIONARY,STATIONARY,STATIONARY,STATIONARY,STATIONARY,STATIONARY,STATIONARY,STATIONARY,STATIONARY
5242,128,1,NO TRIAL,0.11161921,0.00181491,0.01625979,0.00679444,0.01122311,0.01056607,0.01383650,0.02974955,0.00647599,0.00884501,0.00873830,RELIABLE,RELIABLE,RELIABLE,RELIABLE,RELIABLE,RELIABLE,RELIABLE,RELIABLE,STATIONARY,STATIONARY,STATIONARY,STATIONARY,STATIONARY,STATIONARY,STATIONARY,STATIONARY,STATIONARY
5272,129,1,NO TRIAL,0.11174600,0.00090745,0.00812067,0.00736711,0.01172962,0.01118843,0.01450764,0.03508960,0.00637231,0.00861629,0.00931447,RELIABLE,RELIABLE,RELIABLE,RELIABLE,RELIABLE,RELIABLE,RELIABLE,RELIABLE,STATIONARY,STATIONARY,STATIONARY,STATIONARY,STATIONARY,STATIONARY,STATIONARY,STATIONARY,STATIONARY
5305,130,1,NO TRIAL,0.11248383,0.00156760,0.01393623,0.00812293,0.01177876,0.01261907,0.01442454,0.04827279,0.00629896,0.00825283,0.00816450,RELIABLE,RELIABLE,RELIABLE,RELIABLE,RELIABLE,RELIABLE,RELIABLE,RELIABLE,STATIONARY,STATIONARY,STATIONARY,STATIONARY,STATIONARY,STATIONARY,STATIONARY,STATIONARY,STATIONARY
5337,131,1,NO TRIAL,0.11319001,0.00078380,0.00692464,0.00821412,0.01143674,0.01279034,0.01219765,0.05231224,0.00581369,0.00716414,0.00742754,RELIABLE,RELIABLE,RELIABLE,RELIABLE,RELIABLE,RELIABLE,RELIABLE,RELIABLE,STATIONARY,STATIONARY,STATIONARY,STATIONARY,STATIONARY,STATIONARY,STATIONARY,STATIONARY,STATIONARY
5368,132,1,NO TRIAL,0.11491350,0.00124853,0.01086500,0.00918486,0.01282207,0.01470784,0.01197594,0.06816988,0.00691831,0.00682132,0.00740036,RELIABLE,RELIABLE,RELIABLE,RELIABLE,RELIABLE,RELIABLE,RELIABLE,RELIABLE,STATIONARY,STATIONARY,STATIONARY,STATIONARY,MOVING,STATIONARY,STATIONARY,STATIONARY,MOVING
5400,133,1,NO TRIAL,0.11646705,0.00062427,0.00536003,0.00861655,0.01074042,0.01299661,0.01099427,0.07020118,0.00697813,0.00611780,0.00700215,RELIABLE,RELIABLE,RELIABLE,RELIABLE,RELIABLE,RELIABLE,RELIABLE,RELIABLE,STATIONARY,STATIONARY,STATIONARY,STATIONARY,MOVING,STATIONARY,STATIONARY,STATIONARY,MOVING
5431,134,1,NO TRIAL,0.11749172,0.00101329,0.00862437,0.00907303,0.00985013,0.01216636,0.01151006,0.08121303,0.00872772,0.00691384,0.00924940,RELIABLE,RELIABLE,RELIABLE,RELIABLE,RELIABLE,RELIABLE,RELIABLE,RELIABLE,STATIONARY,STATIONARY,STATIONARY,STATIONARY,MOVING,STATIONARY,STATIONARY,STATIONARY,MOVING
5467,135,1,NO TRIAL,0.11830730,0.00193041,0.01631691,0.01080096,0.01233339,0.01468980,0.01300491,0.08997096,0.01006902,0.00763478,0.01132240,RELIABLE,RELIABLE,RELIABLE,RELIABLE,RELIABLE,RELIABLE,RELIABLE,RELIABLE,STATIONARY,STATIONARY,STATIONARY,STATIONARY,MOVING,STATIONARY,STATIONARY,STATIONARY,MOVING
5511,136,1,NO TRIAL,0.11886882,0.00096520,0.00811992,0.00978347,0.01164379,0.01369036,0.01071828,0.08285875,0.00908789,0.00688752,0.01088894,RELIABLE,RELIABLE,RELIABLE,RELIABLE,RELIABLE,RELIABLE,RELIABLE,RELIABLE,STATIONARY,STATIONARY,STATIONARY,STATIONARY,MOVING,STATIONARY,STATIONARY,STATIONARY,MOVING
5547,137,1,NO TRIAL,0.11951782,0.00106088,0.00887636,0.00987793,0.01222292,0.01430682,0.00978596,0.07879274,0.00894661,0.00742236,0.01120697,RELIABLE,RELIABLE,RELIABLE,RELIABLE,RELIABLE,RELIABLE,RELIABLE,RELIABLE,STATIONARY,STATIONARY,STATIONARY,STATIONARY,MOVING,STATIONARY,STATIONARY,STATIONARY,MOVING
5589,138,1,NO TRIAL,0.12002644,0.00053044,0.00441937,0.00868833,0.01164916,0.01303727,0.00822165,0.06579552,0.00833845,0.00769185,0.01138509,RELIABLE,RELIABLE,RELIABLE,RELIABLE,RELIABLE,RELIABLE,RELIABLE,RELIABLE,STATIONARY,STATIONARY,STATIONARY,STATIONARY,MOVING,STATIONARY,STATIONARY,STATIONARY,MOVING
5621,139,1,NO TRIAL,0.12011135,0.00181993,0.01515201,0.00971675,0.01280604,0.01412773,0.00783003,0.06970526,0.00889695,0.00855929,0.01190407,RELIABLE,RELIABLE,RELIABLE,RELIABLE,RELIABLE,RELIABLE,RELIABLE,RELIABLE,STATIONARY,STATIONARY,STATIONARY,STATIONARY,MOVING,STATIONARY,STATIONARY,STATIONARY,MOVING
5653,140,1,NO TRIAL,0.12007401,0.00090996,0.00757836,0.00930592,0.01182817,0.01284120,0.00674180,0.05782319,0.00782889,0.00881632,0.01181075,RELIABLE,RELIABLE,RELIABLE,RELIABLE,RELIABLE,RELIABLE,RELIABLE,RELIABLE,STATIONARY,STATIONARY,STATIONARY,STATIONARY,MOVING,STATIONARY,STATIONARY,STATIONARY,MOVING
5683,141,1,NO TRIAL,0.12001667,0.00045498,0.00379099,0.00910979,0.01135222,0.01221411,0.00620686,0.05199899,0.00730558,0.00902595,0.01180315,RELIABLE,RELIABLE,RELIABLE,RELIABLE,RELIABLE,RELIABLE,RELIABLE,RELIABLE,STATIONARY,STATIONARY,STATIONARY,STATIONARY,MOVING,STATIONARY,STATIONARY,STATIONARY,MOVING
5714,142,1,NO TRIAL,0.11918481,0.00150880,0.01265937,0.00961416,0.01332401,0.01377470,0.00604427,0.05582211,0.00620560,0.00846965,0.01042880,RELIABLE,RELIABLE,RELIABLE,RELIABLE,RELIABLE,RELIABLE,RELIABLE,RELIABLE,STATIONARY,STATIONARY,STATIONARY,STATIONARY,MOVING,STATIONARY,STATIONARY,STATIONARY,MOVING
5745,143,1,NO TRIAL,0.11836853,0.00075440,0.00637334,0.00837122,0.01138827,0.01162184,0.00472888,0.05453934,0.00519208,0.00785931,0.00899734,RELIABLE,RELIABLE,RELIABLE,RELIABLE,RELIABLE,RELIABLE,RELIABLE,RELIABLE,STATIONARY,STATIONARY,STATIONARY,STATIONARY,MOVING,STATIONARY,STATIONARY,STATIONARY,MOVING
5776,144,1,NO TRIAL,0.11688517,0.00123466,0.01056298,0.00867660,0.01113806,0.01116305,0.00444393,0.07373940,0.00676743,0.00874150,0.00884401,RELIABLE,RELIABLE,RELIABLE,RELIABLE,RELIABLE,RELIABLE,RELIABLE,RELIABLE,STATIONARY,STATIONARY,STATIONARY,STATIONARY,MOVING,STATIONARY,STATIONARY,STATIONARY,MOVING
5807,145,1,NO TRIAL,0.11560612,0.00061733,0.00533992,0.00823454,0.01009787,0.00982538,0.00409598,0.08399115,0.00721972,0.00829191,0.00806306,RELIABLE,RELIABLE,RELIABLE,RELIABLE,RELIABLE,RELIABLE,RELIABLE,RELIABLE,STATIONARY,STATIONARY,STATIONARY,STATIONARY,MOVING,STATIONARY,STATIONARY,STATIONARY,MOVING
5839,146,1,NO TRIAL,0.11398197,0.00085959,0.00754144,0.00862480,0.00989101,0.01014826,0.00473288,0.09947671,0.00847312,0.00957638,0.00831427,RELIABLE,RELIABLE,RELIABLE,RELIABLE,RELIABLE,RELIABLE,RELIABLE,RELIABLE,STATIONARY,STATIONARY,STATIONARY,STATIONARY,MOVING,STATIONARY,STATIONARY,STATIONARY,MOVING
5871,147,1,NO TRIAL,0.11320166,0.00157865,0.01394543,0.00847398,0.01076226,0.00988325,0.00527979,0.09977790,0.00825491,0.00937049,0.00846870,RELIABLE,RELIABLE,RELIABLE,RELIABLE,RELIABLE,RELIABLE,RELIABLE,RELIABLE,STATIONARY,STATIONARY,STATIONARY,STATIONARY,MOVING,STATIONARY,STATIONARY,STATIONARY,MOVING
5902,148,1,NO TRIAL,0.11283025,0.00078932,0.00699567,0.00840114,0.01120210,0.00975359,0.00555497,0.09994521,0.00814700,0.00917030,0.00859216,RELIABLE,RELIABLE,RELIABLE,RELIABLE,RELIABLE,RELIABLE,RELIABLE,RELIABLE,STATIONARY,STATIONARY,STATIONARY,STATIONARY,MOVING,STATIONARY,STATIONARY,STATIONARY,MOVING
5933,149,1,NO TRIAL,0.11306371,0.00087225,0.00771466,0.00889160,0.01233696,0.01079140,0.00633177,0.10230002,0.00890847,0.00948077,0.00935372,RELIABLE,RELIABLE,RELIABLE,RELIABLE,RELIABLE,RELIABLE,RELIABLE,RELIABLE,STATIONARY,STATIONARY,STATIONARY,STATIONARY,MOVING,STATIONARY,STATIONARY,STATIONARY,MOVING
5964,150,1,NO TRIAL,0.11339168,0.00043612,0.00384617,0.00778995,0.01053586,0.00940287,0.00560413,0.08672598,0.00840495,0.00905175,0.00872720,RELIABLE,RELIABLE,RELIABLE,RELIABLE,RELIABLE,RELIABLE,RELIABLE,RELIABLE,STATIONARY,STATIONARY,STATIONARY,STATIONARY,MOVING,STATIONARY,STATIONARY,STATIONARY,MOVING
6010,151,1,NO TRIAL,0.11400194,0.00144316,0.01265906,0.00857566,0.01065266,0.00930763,0.00565024,0.09168213,0.00936293,0.01018495,0.01023148,RELIABLE,RELIABLE,RELIABLE,RELIABLE,RELIABLE,RELIABLE,RELIABLE,RELIABLE,STATIONARY,STATIONARY,STATIONARY,STATIONARY,MOVING,STATIONARY,STATIONARY,STATIONARY,MOVING
6041,152,1,NO TRIAL,0.11453968,0.00072158,0.00629981,0.00804277,0.00999771,0.00864769,0.00530356,0.07431028,0.00775995,0.00966562,0.01034063,RELIABLE,RELIABLE,RELIABLE,RELIABLE,RELIABLE,RELIABLE,RELIABLE,RELIABLE,STATIONARY,STATIONARY,STATIONARY,STATIONARY,MOVING,STATIONARY,STATIONARY,STATIONARY,MOVING
6073,153,1,NO TRIAL,0.11492718,0.00036079,0.00313929,0.00776769,0.00966149,0.00831047,0.00512600,0.06547772,0.00694432,0.00942679,0.01053905,RELIABLE,RELIABLE,RELIABLE,RELIABLE,RELIABLE,RELIABLE,RELIABLE,RELIABLE,STATIONARY,STATIONARY,STATIONARY,STATIONARY,MOVING,STATIONARY,STATIONARY,STATIONARY,MOVING
6105,154,1,NO TRIAL,0.11540800,0.00212194,0.01838644,0.00912331,0.01056821,0.00952221,0.00517054,0.06551197,0.00659481,0.00912707,0.01041501,RELIABLE,RELIABLE,RELIABLE,RELIABLE,RELIABLE,RELIABLE,RELIABLE,RELIABLE,STATIONARY,STATIONARY,STATIONARY,STATIONARY,MOVING,STATIONARY,STATIONARY,STATIONARY,MOVING
6137,155,1,NO TRIAL,0.11580562,0.00106097,0.00916165,0.00852534,0.00860493,0.00883195,0.00457801,0.06257769,0.00640323,0.00930662,0.00997350,RELIABLE,RELIABLE,RELIABLE,RELIABLE,RELIABLE,RELIABLE,RELIABLE,RELIABLE,STATIONARY,STATIONARY,STATIONARY,STATIONARY,MOVING,STATIONARY,STATIONARY,STATIONARY,MOVING
6169,156,1,NO TRIAL,0.11658240,0.00116950,0.01003154,0.00890483,0.00766788,0.00880694,0.00590170,0.07463750,0.00791381,0.00948626,0.01041486,RELIABLE,RELIABLE,RELIABLE,RELIABLE,RELIABLE,RELIABLE,RELIABLE,RELIABLE,STATIONARY,STATIONARY,STATIONARY,STATIONARY,MOVING,STATIONARY,STATIONARY,STATIONARY,MOVING
6200,157,1,NO TRIAL,0.11728180,0.00058475,0.00498586,0.00856373,0.00628290,0.00768872,0.00591867,0.07834227,0.00784781,0.00911699,0.01005538,RELIABLE,RELIABLE,RELIABLE,RELIABLE,RELIABLE,RELIABLE,RELIABLE,RELIABLE,STATIONARY,STATIONARY,STATIONARY,STATIONARY,MOVING,STATIONARY,STATIONARY,STATIONARY,MOVING
6232,158,1,NO TRIAL,0.11834777,0.00054497,0.00460479,0.00865856,0.00616530,0.00717111,0.00649060,0.08932887,0.00872652,0.01000933,0.01125176,RELIABLE,RELIABLE,RELIABLE,RELIABLE,RELIABLE,RELIABLE,RELIABLE,RELIABLE,STATIONARY,STATIONARY,STATIONARY,STATIONARY,MOVING,STATIONARY,STATIONARY,STATIONARY,MOVING
6266,159,1,NO TRIAL,0.11945465,0.00119725,0.01002262,0.00832900,0.00531627,0.00762856,0.00695971,0.08584442,0.00885698,0.00980284,0.00971165,RELIABLE,RELIABLE,RELIABLE,RELIABLE,RELIABLE,RELIABLE,RELIABLE,RELIABLE,STATIONARY,STATIONARY,STATIONARY,STATIONARY,MOVING,STATIONARY,STATIONARY,STATIONARY,MOVING
6295,160,1,NO TRIAL,0.12029604,0.00059862,0.00497626,0.00816356,0.00489308,0.00785453,0.00719188,0.08409821,0.00892006,0.00958057,0.00871543,RELIABLE,RELIABLE,RELIABLE,RELIABLE,RELIABLE,RELIABLE,RELIABLE,RELIABLE,STATIONARY,STATIONARY,STATIONARY,STATIONARY,MOVING,STATIONARY,STATIONARY,STATIONARY,MOVING
6330,161,1,NO TRIAL,0.12047276,0.00076947,0.00638708,0.00856953,0.00501213,0.00848369,0.00837941,0.08173410,0.00972891,0.00995022,0.00883101,RELIABLE,RELIABLE,RELIABLE,RELIABLE,RELIABLE,RELIABLE,RELIABLE,RELIABLE,STATIONARY,STATIONARY,STATIONARY,STATIONARY,MOVING,STATIONARY,STATIONARY,STATIONARY,MOVING
6374,162,1,NO TRIAL,0.12044281,0.00038473,0.00319433,0.00667052,0.00368733,0.00643038,0.00803058,0.06574636,0.00904945,0.00869409,0.00832338,RELIABLE,RELIABLE,RELIABLE,RELIABLE,RELIABLE,RELIABLE,RELIABLE,RELIABLE,STATIONARY,STATIONARY,STATIONARY,STATIONARY,MOVING,STATIONARY,STATIONARY,STATIONARY,MOVING
6409,163,1,NO TRIAL,0.11999451,0.00116162,0.00968063,0.00673539,0.00374798,0.00591292,0.00911420,0.06608246,0.01059112,0.00877752,0.00963871,RELIABLE,RELIABLE,RELIABLE,RELIABLE,RELIABLE,RELIABLE,RELIABLE,RELIABLE,STATIONARY,STATIONARY,STATIONARY,STATIONARY,MOVING,STATIONARY,STATIONARY,STATIONARY,MOVING
6452,164,1,NO TRIAL,0.11955374,0.00058081,0.00485816,0.00608872,0.00373075,0.00533223,0.00803717,0.05272097,0.00975824,0.00871074,0.00967140,RELIABLE,RELIABLE,RELIABLE,RELIABLE,RELIABLE,RELIABLE,RELIABLE,RELIABLE,STATIONARY,STATIONARY,STATIONARY,STATIONARY,MOVING,STATIONARY,STATIONARY,STATIONARY,MOVING
6484,165,1,NO TRIAL,0.11814705,0.00106739,0.00903439,0.00659478,0.00548187,0.00653842,0.00903561,0.06019316,0.01052303,0.01028965,0.01215944,RELIABLE,RELIABLE,RELIABLE,RELIABLE,RELIABLE,RELIABLE,RELIABLE,RELIABLE,STATIONARY,STATIONARY,STATIONARY,STATIONARY,MOVING,STATIONARY,STATIONARY,STATIONARY,MOVING
6515,166,1,NO TRIAL,0.11685100,0.00053369,0.00456730,0.00659010,0.00579578,0.00711160,0.00898341,0.05489251,0.01000474,0.01022871,0.01239305,RELIABLE,RELIABLE,RELIABLE,RELIABLE,RELIABLE,RELIABLE,RELIABLE,RELIABLE,STATIONARY,STATIONARY,STATIONARY,STATIONARY,MOVING,STATIONARY,STATIONARY,STATIONARY,MOVING
6561,167,1,NO TRIAL,0.11590673,0.00026685,0.00230225,0.00562505,0.00572071,0.00607885,0.00836413,0.04844781,0.00884481,0.00960201,0.01292864,RELIABLE,RELIABLE,RELIABLE,RELIABLE,RELIABLE,RELIABLE,RELIABLE,RELIABLE,STATIONARY,STATIONARY,STATIONARY,STATIONARY,MOVING,STATIONARY,STATIONARY,STATIONARY,MOVING
6592,168,1,NO TRIAL,0.11506692,0.00097956,0.00851300,0.00606714,0.00832148,0.00779090,0.00889255,0.06725574,0.00872548,0.01005908,0.01317815,RELIABLE,RELIABLE,RELIABLE,RELIABLE,RELIABLE,RELIABLE,RELIABLE,RELIABLE,STATIONARY,STATIONARY,STATIONARY,STATIONARY,MOVING,STATIONARY,STATIONARY,STATIONARY,MOVING
6624,169,1,NO TRIAL,0.11446649,0.00048978,0.00427883,0.00580361,0.00929999,0.00813799,0.00808869,0.07822562,0.00789152,0.00986184,0.01258789,RELIABLE,RELIABLE,RELIABLE,RELIABLE,RELIABLE,RELIABLE,RELIABLE,RELIABLE,STATIONARY,STATIONARY,STATIONARY,STATIONARY,MOVING,STATIONARY,STATIONARY,STATIONARY,MOVING
6656,170,1,NO TRIAL,0.11386550,0.00122140,0.01072673,0.00674516,0.01008064,0.00954893,0.00907426,0.09378026,0.00919017,0.01099089,0.01333585,RELIABLE,RELIABLE,RELIABLE,RELIABLE,RELIABLE,RELIABLE,RELIABLE,RELIABLE,STATIONARY,STATIONARY,STATIONARY,STATIONARY,MOVING,STATIONARY,STATIONARY,STATIONARY,MOVING
6688,171,1,NO TRIAL,0.11309380,0.00090475,0.00799995,0.00653508,0.01130472,0.01069420,0.00888086,0.10285672,0.00865663,0.01059199,0.01212653,RELIABLE,RELIABLE,RELIABLE,RELIABLE,RELIABLE,RELIABLE,RELIABLE,RELIABLE,STATIONARY,STATIONARY,STATIONARY,STATIONARY,MOVING,STATIONARY,STATIONARY,STATIONARY,MOVING
6720,172,1,NO TRIAL,0.11248563,0.00045237,0.00402160,0.00643051,0.01192079,0.01127055,0.00878501,0.10742686,0.00839029,0.01038899,0.01136586,RELIABLE,RELIABLE,RELIABLE,RELIABLE,RELIABLE,RELIABLE,RELIABLE,RELIABLE,STATIONARY,STATIONARY,STATIONARY,STATIONARY,MOVING,STATIONARY,STATIONARY,STATIONARY,MOVING
6751,173,1,NO TRIAL,0.11271613,0.00130532,0.01158059,0.00674878,0.01132649,0.01014230,0.00856356,0.10061445,0.00821939,0.00915340,0.00969933,RELIABLE,RELIABLE,RELIABLE,RELIABLE,RELIABLE,RELIABLE,RELIABLE,RELIABLE,STATIONARY,STATIONARY,STATIONARY,STATIONARY,MOVING,STATIONARY,STATIONARY,STATIONARY,MOVING
6782,174,1,NO TRIAL,0.11311706,0.00065266,0.00576977,0.00689909,0.01101598,0.00956792,0.00843910,0.09710138,0.00812165,0.00834646,0.00856620,RELIABLE,RELIABLE,RELIABLE,RELIABLE,RELIABLE,RELIABLE,RELIABLE,RELIABLE,STATIONARY,STATIONARY,STATIONARY,STATIONARY,MOVING,STATIONARY,STATIONARY,STATIONARY,MOVING
6814,175,1,NO TRIAL,0.11290254,0.00105806,0.00937144,0.00778274,0.01196506,0.01002803,0.00946395,0.09477232,0.00865716,0.00813759,0.00796146,RELIABLE,RELIABLE,RELIABLE,RELIABLE,RELIABLE,RELIABLE,RELIABLE,RELIABLE,STATIONARY,STATIONARY,STATIONARY,STATIONARY,MOVING,STATIONARY,STATIONARY,STATIONARY,MOVING
6844,176,1,NO TRIAL,0.11258964,0.00052903,0.00469874,0.00730596,0.00980532,0.00803600,0.00914431,0.07161705,0.00847121,0.00717966,0.00769427,RELIABLE,RELIABLE,RELIABLE,RELIABLE,RELIABLE,RELIABLE,RELIABLE,RELIABLE,STATIONARY,STATIONARY,STATIONARY,STATIONARY,MOVING,STATIONARY,STATIONARY,STATIONARY,MOVING
6876,177,1,NO TRIAL,0.11252440,0.00180555,0.01604587,0.00877684,0.00923059,0.00841072,0.00923924,0.06078171,0.00890290,0.00690347,0.00806432,RELIABLE,RELIABLE,RELIABLE,RELIABLE,RELIABLE,RELIABLE,RELIABLE,RELIABLE,STATIONARY,STATIONARY,STATIONARY,STATIONARY,MOVING,STATIONARY,STATIONARY,STATIONARY,MOVING
6907,178,1,NO TRIAL,0.11254388,0.00090278,0.00802155,0.00843869,0.00865169,0.00736043,0.00789899,0.04529409,0.00740289,0.00548659,0.00723381,RELIABLE,RELIABLE,RELIABLE,RELIABLE,RELIABLE,RELIABLE,RELIABLE,RELIABLE,STATIONARY,STATIONARY,STATIONARY,STATIONARY,MOVING,STATIONARY,STATIONARY,STATIONARY,MOVING
6939,179,1,NO TRIAL,0.11310353,0.00048096,0.00425241,0.00797025,0.00698456,0.00591161,0.00727486,0.02969894,0.00704097,0.00555949,0.00750518,RELIABLE,RELIABLE,RELIABLE,RELIABLE,RELIABLE,RELIABLE,RELIABLE,RELIABLE,STATIONARY,STATIONARY,STATIONARY,STATIONARY,MOVING,STATIONARY,STATIONARY,STATIONARY,MOVING
6971,180,1,NO TRIAL,0.11366218,0.00024048,0.00211576,0.00773202,0.00614444,0.00518111,0.00695711,0.02184856,0.00685245,0.00559347,0.00774209,RELIABLE,RELIABLE,RELIABLE,RELIABLE,RELIABLE,RELIABLE,RELIABLE,RELIABLE,STATIONARY,STATIONARY,STATIONARY,STATIONARY,MOVING,STATIONARY,STATIONARY,STATIONARY,MOVING
7002,181,1,NO TRIAL,0.11408189,0.00012024,0.00105399,0.00641619,0.00486792,0.00473819,0.00543969,0.01291871,0.00561925,0.00509553,0.00657539,RELIABLE,RELIABLE,RELIABLE,RELIABLE,RELIABLE,RELIABLE,RELIABLE,RELIABLE,STATIONARY,STATIONARY,STATIONARY,STATIONARY,MOVING,STATIONARY,STATIONARY,STATIONARY,MOVING
7033,182,1,NO TRIAL,0.11375984,0.00064354,0.00565699,0.00640209,0.00591566,0.00608278,0.00614587,0.01062592,0.00593166,0.00611954,0.00644083,RELIABLE,RELIABLE,RELIABLE,RELIABLE,RELIABLE,RELIABLE,RELIABLE,RELIABLE,STATIONARY,STATIONARY,STATIONARY,STATIONARY,MOVING,STATIONARY,STATIONARY,STATIONARY,MOVING
7067,183,1,NO TRIAL,0.11348649,0.00054293,0.00478411,0.00582868,0.00529461,0.00627248,0.00622953,0.01128942,0.00567583,0.00677183,0.00611902,RELIABLE,RELIABLE,RELIABLE,RELIABLE,RELIABLE,RELIABLE,RELIABLE,RELIABLE,STATIONARY,STATIONARY,STATIONARY,STATIONARY,MOVING,STATIONARY,STATIONARY,STATIONARY,MOVING
7111,184,1,NO TRIAL,0.11329461,0.00027147,0.00239611,0.00554085,0.00498278,0.00636700,0.00627061,0.01162074,0.00554717,0.00718433,0.00590732,RELIABLE,RELIABLE,RELIABLE,RELIABLE,RELIABLE,RELIABLE,RELIABLE,RELIABLE,STATIONARY,STATIONARY,STATIONARY,STATIONARY,MOVING,STATIONARY,STATIONARY,STATIONARY,MOVING
7143,185,1,NO TRIAL,0.11325598,0.00155156,0.01369959,0.00524756,0.00602081,0.00724670,0.00754372,0.01254872,0.00562276,0.00771074,0.00610509,RELIABLE,RELIABLE,RELIABLE,RELIABLE,RELIABLE,RELIABLE,RELIABLE,RELIABLE,STATIONARY,STATIONARY,STATIONARY,STATIONARY,MOVING,STATIONARY,STATIONARY,STATIONARY,MOVING
7175,186,1,NO TRIAL,0.11326774,0.00077578,0.00684908,0.00510100,0.00653980,0.00768656,0.00818023,0.01301271,0.00566058,0.00804471,0.00619819,RELIABLE,RELIABLE,RELIABLE,RELIABLE,RELIABLE,RELIABLE,RELIABLE,RELIABLE,STATIONARY,STATIONARY,STATIONARY,STATIONARY,STATIONARY,STATIONARY,STATIONARY,STATIONARY,STATIONARY
7206,187,1,NO TRIAL,0.11275613,0.00100731,0.00893355,0.00568615,0.00728845,0.00853827,0.00966773,0.01291221,0.00498891,0.00756000,0.00716736,RELIABLE,RELIABLE,RELIABLE,RELIABLE,RELIABLE,RELIABLE,RELIABLE,RELIABLE,STATIONARY,STATIONARY,STATIONARY,STATIONARY,STATIONARY,STATIONARY,STATIONARY,STATIONARY,STATIONARY
7238,188,1,NO TRIAL,0.11224178,0.00050366,0.00448725,0.00598258,0.00766636,0.00896807,0.01041857,0.01287154,0.00465760,0.00726385,0.00788931,RELIABLE,RELIABLE,RELIABLE,RELIABLE,RELIABLE,RELIABLE,RELIABLE,RELIABLE,STATIONARY,STATIONARY,STATIONARY,STATIONARY,STATIONARY,STATIONARY,STATIONARY,STATIONARY,STATIONARY
7271,189,1,NO TRIAL,0.11238752,0.00071976,0.00640427,0.00665137,0.00820051,0.00950228,0.01124749,0.01426046,0.00529109,0.00819183,0.00847853,RELIABLE,RELIABLE,RELIABLE,RELIABLE,RELIABLE,RELIABLE,RELIABLE,RELIABLE,STATIONARY,STATIONARY,STATIONARY,STATIONARY,STATIONARY,STATIONARY,STATIONARY,STATIONARY,STATIONARY
7301,190,1,NO TRIAL,0.11266557,0.00035988,0.00319423,0.00634352,0.00678324,0.00820352,0.01019883,0.01279717,0.00468041,0.00747388,0.00822547,RELIABLE,RELIABLE,RELIABLE,RELIABLE,RELIABLE,RELIABLE,RELIABLE,RELIABLE,STATIONARY,STATIONARY,STATIONARY,STATIONARY,STATIONARY,STATIONARY,STATIONARY,STATIONARY,STATIONARY
7338,191,1,NO TRIAL,0.11240399,0.00053924,0.00479732,0.00634517,0.00659476,0.00731638,0.01452692,0.01210744,0.00511405,0.00780711,0.00831286,RELIABLE,RELIABLE,RELIABLE,RELIABLE,RELIABLE,RELIABLE,RELIABLE,RELIABLE,STATIONARY,STATIONARY,STATIONARY,STATIONARY,STATIONARY,STATIONARY,STATIONARY,STATIONARY,STATIONARY
7381,192,1,NO TRIAL,0.11207448,0.00026962,0.00240571,0.00634637,0.00650076,0.00687218,0.01669833,0.01176310,0.00533195,0.00802185,0.00835143,RELIABLE,RELIABLE,RELIABLE,RELIABLE,RELIABLE,RELIABLE,RELIABLE,RELIABLE,STATIONARY,STATIONARY,STATIONARY,STATIONARY,STATIONARY,STATIONARY,STATIONARY,STATIONARY,STATIONARY
7412,193,1,NO TRIAL,0.11181078,0.00013481,0.00120569,0.00478464,0.00474748,0.00444064,0.01627739,0.01002426,0.00477524,0.00750358,0.00747852,RELIABLE,RELIABLE,RELIABLE,RELIABLE,RELIABLE,RELIABLE,RELIABLE,RELIABLE,STATIONARY,STATIONARY,STATIONARY,STATIONARY,STATIONARY,STATIONARY,STATIONARY,STATIONARY,STATIONARY
7458,194,1,NO TRIAL,0.11186163,0.00099688,0.00891169,0.00504246,0.00579200,0.00462477,0.02683283,0.01143830,0.00509453,0.00753595,0.00748405,RELIABLE,RELIABLE,RELIABLE,RELIABLE,RELIABLE,RELIABLE,RELIABLE,RELIABLE,STATIONARY,STATIONARY,STATIONARY,STATIONARY,STATIONARY,STATIONARY,STATIONARY,STATIONARY,STATIONARY
7489,195,1,NO TRIAL,0.11092527,0.00093918,0.00846681,0.00498412,0.00624355,0.00480571,0.04145999,0.01092587,0.00564004,0.00834991,0.00636394,RELIABLE,RELIABLE,RELIABLE,RELIABLE,RELIABLE,RELIABLE,RELIABLE,RELIABLE,STATIONARY,STATIONARY,STATIONARY,STATIONARY,STATIONARY,STATIONARY,STATIONARY,STATIONARY,STATIONARY
7520,196,1,NO TRIAL,0.10997632,0.00046959,0.00426994,0.00495696,0.00647359,0.00489953,0.04884126,0.01067142,0.00591637,0.00889013,0.00551450,RELIABLE,RELIABLE,RELIABLE,RELIABLE,RELIABLE,RELIABLE,RELIABLE,RELIABLE,STATIONARY,STATIONARY,STATIONARY,STATIONARY,STATIONARY,STATIONARY,STATIONARY,STATIONARY,STATIONARY
7551,197,1,NO TRIAL,0.11033978,0.00185884,0.01684653,0.00626224,0.00701419,0.00726211,0.06555219,0.01085663,0.00611900,0.00883638,0.00484964,RELIABLE,RELIABLE,RELIABLE,RELIABLE,RELIABLE,RELIABLE,RELIABLE,RELIABLE,STATIONARY,STATIONARY,STATIONARY,STATIONARY,STATIONARY,STATIONARY,STATIONARY,STATIONARY,STATIONARY
7582,198,1,NO TRIAL,0.11094566,0.00092942,0.00837726,0.00691012,0.00728207,0.00843599,0.07386050,0.01094589,0.00621834,0.00876452,0.00442791,RELIABLE,RELIABLE,RELIABLE,RELIABLE,RELIABLE,RELIABLE,RELIABLE,RELIABLE,STATIONARY,STATIONARY,STATIONARY,STATIONARY,STATIONARY,STATIONARY,STATIONARY,STATIONARY,STATIONARY
7613,199,1,NO TRIAL,0.11138555,0.00045162,0.00405453,0.00681727,0.00673638,0.00873232,0.07871320,0.01184942,0.00617027,0.00891560,0.00572753,RELIABLE,RELIABLE,RELIABLE,RELIABLE,RELIABLE,RELIABLE,RELIABLE,RELIABLE,STATIONARY,STATIONARY,STATIONARY,MOVING,STATIONARY,STATIONARY,STATIONARY,STATIONARY,MOVING
7645,200,1,NO TRIAL,0.11167790,0.00022581,0.00202196,0.00676930,0.00646247,0.00887957,0.08111672,0.01229503,0.00614310,0.00907083,0.00659589,RELIABLE,RELIABLE,RELIABLE,RELIABLE,RELIABLE,RELIABLE,RELIABLE,RELIABLE,STATIONARY,STATIONARY,STATIONARY,MOVING,STATIONARY,STATIONARY,STATIONARY,STATIONARY,MOVING
7675,201,1,NO TRIAL,0.11175101,0.00118612,0.01061397,0.00794534,0.00743789,0.00973800,0.08410068,0.01280931,0.00666212,0.00938399,0.00674007,RELIABLE,RELIABLE,RELIABLE,RELIABLE,RELIABLE,RELIABLE,RELIABLE,RELIABLE,STATIONARY,STATIONARY,STATIONARY,MOVING,STATIONARY,STATIONARY,STATIONARY,STATIONARY,MOVING
7707,202,1,NO TRIAL,0.11175108,0.00059306,0.00530698,0.00749475,0.00600454,0.00876744,0.07482684,0.01078311,0.00632403,0.00919435,0.00626248,RELIABLE,RELIABLE,RELIABLE,RELIABLE,RELIABLE,RELIABLE,RELIABLE,RELIABLE,STATIONARY,STATIONARY,STATIONARY,MOVING,STATIONARY,STATIONARY,STATIONARY,STATIONARY,MOVING
7738,203,1,NO TRIAL,0.11181452,0.00108407,0.00969527,0.00764830,0.00620049,0.00866777,0.06071359,0.01152636,0.00670421,0.00908094,0.00832032,RELIABLE,RELIABLE,RELIABLE,RELIABLE,RELIABLE,RELIABLE,RELIABLE,RELIABLE,STATIONARY,STATIONARY,STATIONARY,MOVING,STATIONARY,STATIONARY,STATIONARY,STATIONARY,MOVING
7769,204,1,NO TRIAL,0.11187867,0.00054204,0.00484486,0.00772017,0.00629108,0.00861128,0.05358329,0.01189109,0.00688889,0.00901481,0.00973032,RELIABLE,RELIABLE,RELIABLE,RELIABLE,RELIABLE,RELIABLE,RELIABLE,RELIABLE,STATIONARY,STATIONARY,STATIONARY,MOVING,STATIONARY,STATIONARY,STATIONARY,STATIONARY,MOVING
7803,205,1,NO TRIAL,0.11216709,0.00190873,0.01701686,0.00774146,0.00727686,0.00824077,0.04927113,0.01121141,0.00658805,0.00816220,0.01042759,RELIABLE,RELIABLE,RELIABLE,RELIABLE,RELIABLE,RELIABLE,RELIABLE,RELIABLE,STATIONARY,STATIONARY,STATIONARY,MOVING,STATIONARY,STATIONARY,STATIONARY,STATIONARY,MOVING
7848,206,1,NO TRIAL,0.11244061,0.00095437,0.00848773,0.00775527,0.00777033,0.00806051,0.04714715,0.01087555,0.00643974,0.00761171,0.01085509,RELIABLE,RELIABLE,RELIABLE,RELIABLE,RELIABLE,RELIABLE,RELIABLE,RELIABLE,STATIONARY,STATIONARY,STATIONARY,MOVING,STATIONARY,STATIONARY,STATIONARY,STATIONARY,MOVING
7879,207,1,NO TRIAL,0.11229606,0.00076445,0.00680747,0.00809939,0.00815321,0.00869696,0.06132244,0.01015680,0.00725825,0.00718965,0.01117468,RELIABLE,RELIABLE,RELIABLE,RELIABLE,RELIABLE,RELIABLE,RELIABLE,RELIABLE,STATIONARY,STATIONARY,STATIONARY,MOVING,STATIONARY,STATIONARY,STATIONARY,STATIONARY,MOVING
7911,208,1,NO TRIAL,0.11208884,0.00038223,0.00341003,0.00827290,0.00834523,0.00901686,0.06844726,0.00980276,0.00767073,0.00680463,0.01132643,RELIABLE,RELIABLE,RELIABLE,RELIABLE,RELIABLE,RELIABLE,RELIABLE,RELIABLE,STATIONARY,STATIONARY,STATIONARY,MOVING,STATIONARY,STATIONARY,STATIONARY,STATIONARY,MOVING
7943,209,1,NO TRIAL,0.11193217,0.00131229,0.01172401,0.00841165,0.00871014,0.00862075,0.08255223,0.00990098,0.00890233,0.00911564,0.01244938,RELIABLE,RELIABLE,RELIABLE,RELIABLE,RELIABLE,RELIABLE,RELIABLE,RELIABLE,STATIONARY,STATIONARY,STATIONARY,MOVING,STATIONARY,STATIONARY,STATIONARY,STATIONARY,MOVING
7975,210,1,NO TRIAL,0.11182749,0.00065615,0.00586749,0.00848171,0.00889330,0.00842294,0.08961342,0.00995059,0.00951908,0.01059613,0.01310129,RELIABLE,RELIABLE,RELIABLE,RELIABLE,RELIABLE,RELIABLE,RELIABLE,RELIABLE,STATIONARY,STATIONARY,STATIONARY,MOVING,STATIONARY,STATIONARY,STATIONARY,STATIONARY,MOVING
8007,211,1,NO TRIAL,0.11130089,0.00063069,0.00566656,0.00797813,0.00816375,0.00805479,0.10382592,0.00965565,0.00919895,0.01158654,0.01053398,RELIABLE,RELIABLE,RELIABLE,RELIABLE,RELIABLE,RELIABLE,RELIABLE,RELIABLE,STATIONARY,STATIONARY,STATIONARY,MOVING,STATIONARY,STATIONARY,STATIONARY,STATIONARY,MOVING
8038,212,1,NO TRIAL,0.11080052,0.00031535,0.00284608,0.00772828,0.00780189,0.00787332,0.11097132,0.00951309,0.00904206,0.01224482,0.00880346,RELIABLE,RELIABLE,RELIABLE,RELIABLE,RELIABLE,RELIABLE,RELIABLE,RELIABLE,STATIONARY,STATIONARY,STATIONARY,MOVING,STATIONARY,STATIONARY,STATIONARY,STATIONARY,MOVING
8070,213,1,NO TRIAL,0.11030326,0.00065930,0.00597717,0.00634832,0.00630632,0.00581358,0.10493341,0.00999187,0.00895320,0.01236750,0.00857952,RELIABLE,RELIABLE,RELIABLE,RELIABLE,RELIABLE,RELIABLE,RELIABLE,RELIABLE,STATIONARY,STATIONARY,STATIONARY,MOVING,STATIONARY,STATIONARY,STATIONARY,STATIONARY,MOVING
8101,214,1,NO TRIAL,0.10993170,0.00032965,0.00299869,0.00566219,0.00556227,0.00478788,0.10194325,0.01023616,0.00891109,0.01245157,0.00848601,RELIABLE,RELIABLE,RELIABLE,RELIABLE,RELIABLE,RELIABLE,RELIABLE,RELIABLE,STATIONARY,STATIONARY,STATIONARY,MOVING,STATIONARY,STATIONARY,STATIONARY,STATIONARY,MOVING
8132,215,1,NO TRIAL,0.10949065,0.00138015,0.01260515,0.00638690,0.00707342,0.00592057,0.08520734,0.00951593,0.00778676,0.01201978,0.00656687,RELIABLE,RELIABLE,RELIABLE,RELIABLE,RELIABLE,RELIABLE,RELIABLE,RELIABLE,STATIONARY,STATIONARY,STATIONARY,MOVING,STATIONARY,STATIONARY,STATIONARY,STATIONARY,MOVING
8164,216,1,NO TRIAL,0.10914286,0.00069007,0.00632266,0.00675097,0.00783172,0.00648947,0.07682942,0.00915599,0.00722409,0.01179107,0.00537360,RELIABLE,RELIABLE,RELIABLE,RELIABLE,RELIABLE,RELIABLE,RELIABLE,RELIABLE,STATIONARY,STATIONARY,STATIONARY,MOVING,STATIONARY,STATIONARY,STATIONARY,STATIONARY,MOVING
8202,217,1,NO TRIAL,0.11059649,0.00112307,0.01015465,0.00655481,0.00718555,0.00661263,0.07323160,0.01011867,0.00820613,0.01245769,0.00621127,RELIABLE,RELIABLE,RELIABLE,RELIABLE,RELIABLE,RELIABLE,RELIABLE,RELIABLE,STATIONARY,STATIONARY,STATIONARY,MOVING,STATIONARY,STATIONARY,STATIONARY,STATIONARY,MOVING
8244,218,1,NO TRIAL,0.11213708,0.00056153,0.00500757,0.00644732,0.00685588,0.00666963,0.07132108,0.01058562,0.00867543,0.01283344,0.00667869,RELIABLE,RELIABLE,RELIABLE,RELIABLE,RELIABLE,RELIABLE,RELIABLE,RELIABLE,STATIONARY,STATIONARY,STATIONARY,MOVING,STATIONARY,STATIONARY,STATIONARY,STATIONARY,MOVING
8275,219,1,NO TRIAL,0.11241049,0.00166095,0.01477580,0.00758597,0.00821215,0.00702700,0.06621207,0.00990646,0.00914302,0.01163817,0.00774486,RELIABLE,RELIABLE,RELIABLE,RELIABLE,RELIABLE,RELIABLE,RELIABLE,RELIABLE,STATIONARY,STATIONARY,STATIONARY,MOVING,STATIONARY,STATIONARY,STATIONARY,STATIONARY,MOVING
8307,220,1,NO TRIAL,0.11229878,0.00083048,0.00739525,0.00815462,0.00888909,0.00720412,0.06362511,0.00956320,0.00937491,0.01080986,0.00837613,RELIABLE,RELIABLE,RELIABLE,RELIABLE,RELIABLE,RELIABLE,RELIABLE,RELIABLE,STATIONARY,STATIONARY,STATIONARY,MOVING,STATIONARY,STATIONARY,STATIONARY,STATIONARY,MOVING
8338,221,1,NO TRIAL,0.11110492,0.00119899,0.01079148,0.00875641,0.00959927,0.00786381,0.08121146,0.00887526,0.00998352,0.01169008,0.00862037,RELIABLE,RELIABLE,RELIABLE,RELIABLE,RELIABLE,RELIABLE,RELIABLE,RELIABLE,STATIONARY,STATIONARY,STATIONARY,MOVING,STATIONARY,STATIONARY,STATIONARY,STATIONARY,MOVING
8369,222,1,NO TRIAL,0.10994267,0.00059949,0.00545278,0.00906317,0.00996050,0.00819920,0.09012413,0.00853443,0.01029379,0.01225607,0.00876079,RELIABLE,RELIABLE,RELIABLE,RELIABLE,RELIABLE,RELIABLE,RELIABLE,RELIABLE,STATIONARY,STATIONARY,STATIONARY,MOVING,STATIONARY,STATIONARY,STATIONARY,STATIONARY,MOVING
8400,223,1,NO TRIAL,0.11027222,0.00194022,0.01759482,0.00968688,0.00856594,0.00778504,0.10115719,0.00948295,0.01104454,0.01230765,0.00944647,RELIABLE,RELIABLE,RELIABLE,RELIABLE,RELIABLE,RELIABLE,RELIABLE,RELIABLE,STATIONARY,STATIONARY,STATIONARY,MOVING,STATIONARY,STATIONARY,STATIONARY,STATIONARY,MOVING
8432,224,1,NO TRIAL,0.11090290,0.00097011,0.00874738,0.00998997,0.00786380,0.00756913,0.10660587,0.00994896,0.01141424,0.01238287,0.00988411,RELIABLE,RELIABLE,RELIABLE,RELIABLE,RELIABLE,RELIABLE,RELIABLE,RELIABLE,STATIONARY,STATIONARY,STATIONARY,MOVING,STATIONARY,STATIONARY,STATIONARY,STATIONARY,MOVING
8463,225,1,NO TRIAL,0.11116152,0.00149257,0.01342703,0.01039902,0.00844686,0.00862660,0.10045006,0.00998010,0.01066063,0.00992193,0.00924106,RELIABLE,RELIABLE,RELIABLE,RELIABLE,RELIABLE,RELIABLE,RELIABLE,RELIABLE,STATIONARY,STATIONARY,STATIONARY,MOVING,STATIONARY,STATIONARY,STATIONARY,STATIONARY,MOVING
8494,226,1,NO TRIAL,0.11126285,0.00074628,0.00670740,0.01061149,0.00874362,0.00915891,0.09747104,0.01000864,0.01030356,0.00834474,0.00894978,RELIABLE,RELIABLE,RELIABLE,RELIABLE,RELIABLE,RELIABLE,RELIABLE,RELIABLE,STATIONARY,STATIONARY,STATIONARY,MOVING,STATIONARY,STATIONARY,STATIONARY,STATIONARY,MOVING
8526,227,1,NO TRIAL,0.11214204,0.00120894,0.01078041,0.01011207,0.00771877,0.00918785,0.08748406,0.01024496,0.00980507,0.00891946,0.00826142,RELIABLE,RELIABLE,RELIABLE,RELIABLE,RELIABLE,RELIABLE,RELIABLE,RELIABLE,STATIONARY,STATIONARY,STATIONARY,MOVING,STATIONARY,STATIONARY,STATIONARY,STATIONARY,MOVING
8574,228,1,NO TRIAL,0.11299639,0.00060447,0.00534945,0.00985635,0.00719988,0.00919646,0.08247749,0.01035701,0.00955054,0.00928304,0.00786716,RELIABLE,RELIABLE,RELIABLE,RELIABLE,RELIABLE,RELIABLE,RELIABLE,RELIABLE,STATIONARY,STATIONARY,STATIONARY,MOVING,STATIONARY,STATIONARY,STATIONARY,STATIONARY,MOVING
8606,229,1,NO TRIAL,0.11262193,0.00070766,0.00628351,0.00929285,0.00624271,0.00813504,0.06438458,0.01084561,0.01050295,0.00959342,0.00840945,RELIABLE,RELIABLE,RELIABLE,RELIABLE,RELIABLE,RELIABLE,RELIABLE,RELIABLE,STATIONARY,STATIONARY,STATIONARY,MOVING,STATIONARY,STATIONARY,STATIONARY,STATIONARY,MOVING
8652,230,1,NO TRIAL,0.11203669,0.00035383,0.00315817,0.00900602,0.00575796,0.00759827,0.05522410,0.01108798,0.01097798,0.00974954,0.00867839,RELIABLE,RELIABLE,RELIABLE,RELIABLE,RELIABLE,RELIABLE,RELIABLE,RELIABLE,STATIONARY,STATIONARY,STATIONARY,MOVING,STATIONARY,STATIONARY,STATIONARY,STATIONARY,MOVING
8684,231,1,NO TRIAL,0.11272445,0.00160945,0.01427774,0.00859139,0.00645718,0.00708123,0.05084337,0.01112166,0.01075946,0.00939403,0.00910595,RELIABLE,RELIABLE,RELIABLE,RELIABLE,RELIABLE,RELIABLE,RELIABLE,RELIABLE,STATIONARY,STATIONARY,STATIONARY,MOVING,STATIONARY,STATIONARY,STATIONARY,STATIONARY,MOVING
8716,232,1,NO TRIAL,0.11356157,0.00080473,0.00708625,0.00838375,0.00680372,0.00682307,0.04865293,0.01113653,0.01064970,0.00915478,0.00938048,RELIABLE,RELIABLE,RELIABLE,RELIABLE,RELIABLE,RELIABLE,RELIABLE,RELIABLE,STATIONARY,STATIONARY,STATIONARY,MOVING,STATIONARY,STATIONARY,STATIONARY,STATIONARY,MOVING
8761,233,1,NO TRIAL,0.11343512,0.00141732,0.01249454,0.00826718,0.00686769,0.00678790,0.06252085,0.01051626,0.01040598,0.00869840,0.00941629,RELIABLE,RELIABLE,RELIABLE,RELIABLE,RELIABLE,RELIABLE,RELIABLE,RELIABLE,STATIONARY,STATIONARY,STATIONARY,MOVING,STATIONARY,STATIONARY,STATIONARY,STATIONARY,MOVING
8793,234,1,NO TRIAL,0.11310001,0.00070866,0.00626578,0.00821198,0.00690255,0.00677353,0.06949245,0.01020919,0.01028815,0.00841595,0.00936208,RELIABLE,RELIABLE,RELIABLE,RELIABLE,RELIABLE,RELIABLE,RELIABLE,RELIABLE,STATIONARY,STATIONARY,STATIONARY,MOVING,STATIONARY,STATIONARY,STATIONARY,STATIONARY,MOVING
8839,235,1,NO TRIAL,0.11301947,0.00137314,0.01214957,0.00838313,0.00601448,0.00644521,0.08340885,0.00978281,0.01142425,0.00824865,0.01088998,RELIABLE,RELIABLE,RELIABLE,RELIABLE,RELIABLE,RELIABLE,RELIABLE,RELIABLE,STATIONARY,STATIONARY,STATIONARY,MOVING,STATIONARY,STATIONARY,STATIONARY,STATIONARY,MOVING
8871,236,1,NO TRIAL,0.11302271,0.00068657,0.00607461,0.00847377,0.00557570,0.00628622,0.09037399,0.00957511,0.01199672,0.00808578,0.01185223,RELIABLE,RELIABLE,RELIABLE,RELIABLE,RELIABLE,RELIABLE,RELIABLE,RELIABLE,STATIONARY,STATIONARY,STATIONARY,MOVING,STATIONARY,STATIONARY,STATIONARY,STATIONARY,MOVING
8902,237,1,NO TRIAL,0.11276775,0.00081495,0.00722684,0.00859169,0.00589451,0.00709790,0.09560719,0.00933094,0.01167881,0.00791005,0.01160787,RELIABLE,RELIABLE,RELIABLE,RELIABLE,RELIABLE,RELIABLE,RELIABLE,RELIABLE,STATIONARY,STATIONARY,STATIONARY,MOVING,STATIONARY,STATIONARY,STATIONARY,STATIONARY,MOVING
8948,238,1,NO TRIAL,0.11251480,0.00040748,0.00362155,0.00864961,0.00605365,0.00750440,0.09821945,0.00920607,0.01151604,0.00777994,0.01147191,RELIABLE,RELIABLE,RELIABLE,RELIABLE,RELIABLE,RELIABLE,RELIABLE,RELIABLE,STATIONARY,STATIONARY,STATIONARY,MOVING,STATIONARY,STATIONARY,STATIONARY,STATIONARY,MOVING
8994,239,1,NO TRIAL,0.11188632,0.00298256,0.02665703,0.01019702,0.00840403,0.01055648,0.09559469,0.00940803,0.01142460,0.00766625,0.01091388,RELIABLE,RELIABLE,RELIABLE,RELIABLE,RELIABLE,RELIABLE,RELIABLE,RELIABLE,STATIONARY,STATIONARY,STATIONARY,MOVING,STATIONARY,STATIONARY,STATIONARY,STATIONARY,MOVING
9066,240,1,NO TRIAL,0.11107979,0.00287238,0.02585867,0.01254357,0.01344277,0.01603391,0.09244519,0.01176100,0.01208587,0.00756454,0.01050256,RELIABLE,RELIABLE,RELIABLE,RELIABLE,RELIABLE,RELIABLE,RELIABLE,RELIABLE,STATIONARY,STATIONARY,STATIONARY,MOVING,STATIONARY,STATIONARY,STATIONARY,STATIONARY,MOVING
9105,241,1,NO TRIAL,0.11044678,0.00143619,0.01300344,0.01260719,0.01479723,0.01746329,0.07188017,0.01206654,0.01072557,0.00671120,0.00905365,RELIABLE,RELIABLE,RELIABLE,RELIABLE,RELIABLE,RELIABLE,RELIABLE,RELIABLE,STATIONARY,STATIONARY,STATIONARY,MOVING,STATIONARY,STATIONARY,STATIONARY,STATIONARY,MOVING
9152,242,1,NO TRIAL,0.11015790,0.00440194,0.03996028,0.01681900,0.02321441,0.02507553,0.06617526,0.01653147,0.01321855,0.00794702,0.00955105,RELIABLE,RELIABLE,RELIABLE,RELIABLE,RELIABLE,RELIABLE,RELIABLE,RELIABLE,STATIONARY,STATIONARY,STATIONARY,MOVING,STATIONARY,STATIONARY,STATIONARY,STATIONARY,MOVING
9184,243,1,NO TRIAL,0.11013192,0.00220097,0.01998485,0.01779841,0.02729533,0.02825407,0.05320376,0.01809394,0.01265700,0.00762322,0.00803158,RELIABLE,RELIABLE,RELIABLE,RELIABLE,RELIABLE,RELIABLE,RELIABLE,RELIABLE,STATIONARY,STATIONARY,STATIONARY,MOVING,STATIONARY,STATIONARY,STATIONARY,STATIONARY,MOVING
9230,244,1,NO TRIAL,0.11111479,0.00644038,0.05796152,0.02428427,0.04090471,0.04096649,0.05551009,0.02355982,0.01567389,0.00949132,0.00826596,RELIABLE,RELIABLE,RELIABLE,RELIABLE,RELIABLE,RELIABLE,RELIABLE,RELIABLE,STATIONARY,STATIONARY,STATIONARY,MOVING,STATIONARY,STATIONARY,STATIONARY,STATIONARY,MOVING
9261,245,1,NO TRIAL,0.11220899,0.00322019,0.02869816,0.02696819,0.04703337,0.04653827,0.04845718,0.02507983,0.01573493,0.00954432,0.00789415,RELIABLE,RELIABLE,RELIABLE,RELIABLE,RELIABLE,RELIABLE,RELIABLE,RELIABLE,STATIONARY,STATIONARY,STATIONARY,MOVING,STATIONARY,STATIONARY,STATIONARY,STATIONARY,MOVING
9293,246,1,NO TRIAL,0.11273920,0.00484657,0.04298922,0.03188915,0.05723551,0.05754233,0.05250721,0.03051103,0.01839304,0.01050774,0.00903516,RELIABLE,RELIABLE,RELIABLE,RELIABLE,RELIABLE,RELIABLE,RELIABLE,RELIABLE,STATIONARY,STATIONARY,STATIONARY,MOVING,STATIONARY,STATIONARY,STATIONARY,STATIONARY,MOVING
9339,247,1,NO TRIAL,0.11308770,0.00242329,0.02142837,0.03123556,0.05885974,0.05889639,0.04530225,0.03114288,0.01898040,0.01111043,0.00937766,RELIABLE,RELIABLE,RELIABLE,RELIABLE,RELIABLE,RELIABLE,RELIABLE,RELIABLE,STATIONARY,STATIONARY,STATIONARY,MOVING,STATIONARY,STATIONARY,STATIONARY,STATIONARY,MOVING
9371,248,1,NO TRIAL,0.11490463,0.00483054,0.04203960,0.03325818,0.06318479,0.06377256,0.04908593,0.03436087,0.02104668,0.01240463,0.01051044,RELIABLE,RELIABLE,RELIABLE,RELIABLE,RELIABLE,RELIABLE,RELIABLE,RELIABLE,MOVING,STATIONARY,STATIONARY,MOVING,STATIONARY,STATIONARY,STATIONARY,STATIONARY,MOVING
9417,249,1,NO TRIAL,0.11672395,0.00241527,0.02069218,0.03421927,0.06525305,0.06610726,0.05090318,0.03590790,0.02204964,0.01320558,0.01127311,RELIABLE,RELIABLE,RELIABLE,RELIABLE,RELIABLE,RELIABLE,RELIABLE,RELIABLE,MOVING,STATIONARY,STATIONARY,MOVING,STATIONARY,STATIONARY,STATIONARY,STATIONARY,MOVING
9449,250,1,NO TRIAL,0.11846634,0.00420121,0.03546330,0.03365715,0.06284479,0.06636241,0.05220352,0.03426380,0.02097208,0.01379757,0.01148906,RELIABLE,RELIABLE,RELIABLE,RELIABLE,RELIABLE,RELIABLE,RELIABLE,RELIABLE,MOVING,STATIONARY,STATIONARY,MOVING,STATIONARY,STATIONARY,STATIONARY,STATIONARY,MOVING
9495,251,1,NO TRIAL,0.11977943,0.00210060,0.01753727,0.03335120,0.06160252,0.06644131,0.05281478,0.03342173,0.02041956,0.01418247,0.01165161,RELIABLE,RELIABLE,RELIABLE,RELIABLE,RELIABLE,RELIABLE,RELIABLE,RELIABLE,MOVING,STATIONARY,STATIONARY,MOVING,STATIONARY,STATIONARY,STATIONARY,STATIONARY,MOVING
9527,252,1,NO TRIAL,0.12030533,0.00195865,0.01628066,0.02814109,0.05072308,0.05515762,0.04567283,0.02949585,0.01749209,0.01223134,0.01260586,RELIABLE,RELIABLE,RELIABLE,RELIABLE,RELIABLE,RELIABLE,RELIABLE,RELIABLE,MOVING,STATIONARY,STATIONARY,MOVING,STATIONARY,STATIONARY,STATIONARY,STATIONARY,MOVING
9573,253,1,NO TRIAL,0.12050437,0.00097933,0.00812688,0.02556969,0.04534849,0.04957869,0.04214911,0.02756038,0.01604769,0.01107052,0.01328364,RELIABLE,RELIABLE,RELIABLE,RELIABLE,RELIABLE,RELIABLE,RELIABLE,RELIABLE,MOVING,STATIONARY,STATIONARY,MOVING,STATIONARY,STATIONARY,STATIONARY,STATIONARY,MOVING
9619,254,1,NO TRIAL,0.11892676,0.00649121,0.05458154,0.02701873,0.04584359,0.05026104,0.03933369,0.02720582,0.01691080,0.01073416,0.01302024,RELIABLE,RELIABLE,RELIABLE,RELIABLE,RELIABLE,RELIABLE,RELIABLE,RELIABLE,MOVING,STATIONARY,STATIONARY,MOVING,STATIONARY,STATIONARY,STATIONARY,STATIONARY,MOVING
9666,255,1,NO TRIAL,0.11641750,0.00782403,0.06720663,0.03274101,0.05642568,0.06312163,0.04357921,0.03224894,0.02052499,0.01131279,0.01362154,RELIABLE,RELIABLE,RELIABLE,RELIABLE,RELIABLE,RELIABLE,RELIABLE,RELIABLE,MOVING,STATIONARY,STATIONARY,MOVING,STATIONARY,STATIONARY,STATIONARY,STATIONARY,MOVING
9698,256,1,NO TRIAL,0.11454946,0.00391201,0.03415131,0.03175497,0.05447426,0.06155786,0.04028348,0.02969080,0.01990177,0.01082498,0.01317045,RELIABLE,RELIABLE,RELIABLE,RELIABLE,RELIABLE,RELIABLE,RELIABLE,RELIABLE,MOVING,STATIONARY,STATIONARY,MOVING,STATIONARY,STATIONARY,STATIONARY,STATIONARY,MOVING
9730,257,1,NO TRIAL,0.11293358,0.00725337,0.06422688,0.03719681,0.06617637,0.07326697,0.04542364,0.03493297,0.02290305,0.01154252,0.01457946,RELIABLE,RELIABLE,RELIABLE,RELIABLE,RELIABLE,RELIABLE,RELIABLE,RELIABLE,MOVING,STATIONARY,STATIONARY,MOVING,STATIONARY,STATIONARY,STATIONARY,STATIONARY,MOVING
9763,258,1,NO TRIAL,0.11198806,0.00362669,0.03238458,0.03681197,0.06779783,0.07320605,0.04302914,0.03569338,0.02282630,0.01026275,0.01442367,RELIABLE,RELIABLE,RELIABLE,RELIABLE,RELIABLE,RELIABLE,RELIABLE,RELIABLE,MOVING,STATIONARY,STATIONARY,MOVING,STATIONARY,STATIONARY,STATIONARY,STATIONARY,MOVING
9810,259,1,NO TRIAL,0.11131304,0.00681095,0.06118731,0.04226822,0.08128499,0.08592811,0.05005593,0.04247691,0.02718835,0.01029353,0.01582133,RELIABLE,RELIABLE,RELIABLE,RELIABLE,RELIABLE,RELIABLE,RELIABLE,RELIABLE,MOVING,STATIONARY,STATIONARY,MOVING,STATIONARY,STATIONARY,STATIONARY,STATIONARY,MOVING
9858,260,1,NO TRIAL,0.11109765,0.00340547,0.03065297,0.04406476,0.08673426,0.09250566,0.05223521,0.04469717,0.02872835,0.01052357,0.01456616,RELIABLE,RELIABLE,RELIABLE,RELIABLE,RELIABLE,RELIABLE,RELIABLE,RELIABLE,MOVING,STATIONARY,STATIONARY,MOVING,STATIONARY,STATIONARY,STATIONARY,STATIONARY,MOVING
9890,261,1,NO TRIAL,0.11115108,0.00918751,0.08265786,0.05338113,0.10400308,0.10930252,0.06155676,0.05290905,0.03289115,0.01134679,0.01466560,RELIABLE,RELIABLE,RELIABLE,RELIABLE,RELIABLE,RELIABLE,RELIABLE,RELIABLE,MOVING,MOVING,MOVING,MOVING,STATIONARY,STATIONARY,STATIONARY,STATIONARY,MOVING
9937,262,1,NO TRIAL,0.11156436,0.00459376,0.04117583,0.05170542,0.10228172,0.10597696,0.05966090,0.05171190,0.03074853,0.01056363,0.01414824,RELIABLE,RELIABLE,RELIABLE,RELIABLE,RELIABLE,RELIABLE,RELIABLE,RELIABLE,MOVING,MOVING,MOVING,MOVING,STATIONARY,STATIONARY,STATIONARY,STATIONARY,MOVING
9969,263,1,NO TRIAL,0.11130935,0.00759370,0.06822162,0.05183229,0.10304819,0.10357120,0.05920651,0.05324690,0.03028474,0.01129900,0.01472687,RELIABLE,RELIABLE,RELIABLE,RELIABLE,RELIABLE,RELIABLE,RELIABLE,RELIABLE,MOVING,MOVING,MOVING,MOVING,MOVING,STATIONARY,STATIONARY,STATIONARY,MOVING
10016,264,1,NO TRIAL,0.11115171,0.00379685,0.03415919,0.05183328,0.10331396,0.10222821,0.05890984,0.05395511,0.03001201,0.01170295,0.01501992,RELIABLE,RELIABLE,RELIABLE,RELIABLE,RELIABLE,RELIABLE,RELIABLE,RELIABLE,MOVING,MOVING,MOVING,MOVING,MOVING,STATIONARY,STATIONARY,STATIONARY,MOVING
10063,265,1,NO TRIAL,0.11320674,0.00772056,0.06819875,0.05232976,0.10329043,0.10063387,0.06199997,0.05511942,0.03094289,0.01208942,0.01584709,RELIABLE,RELIABLE,RELIABLE,RELIABLE,RELIABLE,RELIABLE,RELIABLE,RELIABLE,MOVING,MOVING,MOVING,MOVING,MOVING,STATIONARY,STATIONARY,STATIONARY,MOVING
10122,266,1,NO TRIAL,0.11345585,0.00545434,0.04807453,0.05429101,0.10131374,0.10357908,0.06485989,0.05806401,0.03188186,0.01620883,0.01719892,RELIABLE,RELIABLE,RELIABLE,RELIABLE,RELIABLE,RELIABLE,RELIABLE,RELIABLE,MOVING,MOVING,MOVING,MOVING,MOVING,STATIONARY,STATIONARY,STATIONARY,MOVING
10158,267,1,NO TRIAL,0.11322348,0.00272717,0.02408660,0.04965342,0.08769261,0.09235871,0.05811168,0.05315982,0.02796763,0.01794471,0.01665395,RELIABLE,RELIABLE,RELIABLE,RELIABLE,RELIABLE,RELIABLE,RELIABLE,RELIABLE,MOVING,MOVING,MOVING,MOVING,MOVING,STATIONARY,STATIONARY,STATIONARY,MOVING
10204,268,1,NO TRIAL,0.11409730,0.00218558,0.01915541,0.04821622,0.08037564,0.08606673,0.05604852,0.05131081,0.02650840,0.01924422,0.01817772,RELIABLE,RELIABLE,RELIABLE,RELIABLE,RELIABLE,RELIABLE,RELIABLE,RELIABLE,MOVING,MOVING,MOVING,MOVING,MOVING,STATIONARY,STATIONARY,STATIONARY,MOVING
10251,269,1,NO TRIAL,0.11503177,0.00109279,0.00949990,0.03907148,0.06217092,0.06940517,0.04677462,0.04327639,0.02238162,0.01946221,0.01830037,RELIABLE,RELIABLE,RELIABLE,RELIABLE,RELIABLE,RELIABLE,RELIABLE,RELIABLE,MOVING,MOVING,MOVING,MOVING,MOVING,STATIONARY,STATIONARY,STATIONARY,MOVING
10298,270,1,NO TRIAL,0.11570030,0.00279943,0.02419552,0.03694894,0.05564566,0.06558083,0.04329473,0.04039914,0.02193878,0.02058114,0.01860886,RELIABLE,RELIABLE,RELIABLE,RELIABLE,RELIABLE,RELIABLE,RELIABLE,RELIABLE,MOVING,MOVING,MOVING,MOVING,MOVING,STATIONARY,STATIONARY,STATIONARY,MOVING
10330,271,1,NO TRIAL,0.11613634,0.00139971,0.01205234,0.02992778,0.04043233,0.05190050,0.03541999,0.03161278,0.01792920,0.01927511,0.01711537,RELIABLE,RELIABLE,RELIABLE,RELIABLE,RELIABLE,RELIABLE,RELIABLE,RELIABLE,MOVING,MOVING,MOVING,MOVING,MOVING,STATIONARY,STATIONARY,STATIONARY,MOVING
10377,272,1,NO TRIAL,0.11492805,0.00288803,0.02512899,0.02879900,0.03822337,0.04978443,0.03391603,0.02957957,0.01871542,0.01972007,0.01692807,RELIABLE,RELIABLE,RELIABLE,RELIABLE,RELIABLE,RELIABLE,RELIABLE,RELIABLE,MOVING,MOVING,MOVING,MOVING,MOVING,STATIONARY,STATIONARY,STATIONARY,MOVING
10424,273,1,NO TRIAL,0.11363331,0.00144401,0.01270766,0.02186262,0.02471029,0.03727815,0.02321666,0.02129952,0.01477347,0.01878991,0.01441346,RELIABLE,RELIABLE,RELIABLE,RELIABLE,RELIABLE,RELIABLE,RELIABLE,RELIABLE,MOVING,MOVING,MOVING,MOVING,MOVING,STATIONARY,STATIONARY,STATIONARY,MOVING
10455,274,1,NO TRIAL,0.11340470,0.00258282,0.02277525,0.01870021,0.02343851,0.03048749,0.01767052,0.01770958,0.01349456,0.01495690,0.01339563,RELIABLE,RELIABLE,RELIABLE,RELIABLE,RELIABLE,RELIABLE,RELIABLE,RELIABLE,MOVING,MOVING,MOVING,MOVING,MOVING,STATIONARY,STATIONARY,STATIONARY,MOVING
10502,275,1,NO TRIAL,0.11350945,0.00129141,0.01137712,0.01711152,0.02279367,0.02707806,0.01488894,0.01590549,0.01285079,0.01251861,0.01268933,RELIABLE,RELIABLE,RELIABLE,RELIABLE,RELIABLE,RELIABLE,RELIABLE,RELIABLE,MOVING,MOVING,MOVING,MOVING,MOVING,STATIONARY,STATIONARY,STATIONARY,MOVING
10534,276,1,NO TRIAL,0.11329324,0.00420391,0.03710641,0.01935540,0.03054035,0.03269385,0.01701145,0.02053933,0.01479110,0.01235287,0.01086468,RELIABLE,RELIABLE,RELIABLE,RELIABLE,RELIABLE,RELIABLE,RELIABLE,RELIABLE,MOVING,STATIONARY,STATIONARY,STATIONARY,MOVING,STATIONARY,STATIONARY,STATIONARY,MOVING
10586,277,1,NO TRIAL,0.11242641,0.00342883,0.03049846,0.02198022,0.03751914,0.03836716,0.02074807,0.02535762,0.01718144,0.01284476,0.00966854,RELIABLE,RELIABLE,RELIABLE,RELIABLE,RELIABLE,RELIABLE,RELIABLE,RELIABLE,MOVING,STATIONARY,STATIONARY,STATIONARY,STATIONARY,STATIONARY,STATIONARY,STATIONARY,MOVING
10628,278,1,NO TRIAL,0.11168381,0.00171442,0.01535062,0.02087461,0.03849122,0.03675284,0.02149711,0.02666394,0.01677506,0.01211473,0.00864979,RELIABLE,RELIABLE,RELIABLE,RELIABLE,RELIABLE,RELIABLE,RELIABLE,RELIABLE,MOVING,STATIONARY,STATIONARY,STATIONARY,STATIONARY,STATIONARY,STATIONARY,STATIONARY,MOVING
10676,279,1,NO TRIAL,0.11150037,0.00195306,0.01751616,0.02155758,0.04109352,0.03808803,0.02396930,0.03017861,0.01824403,0.01210705,0.00960732,RELIABLE,RELIABLE,RELIABLE,RELIABLE,RELIABLE,RELIABLE,RELIABLE,RELIABLE,MOVING,STATIONARY,STATIONARY,STATIONARY,STATIONARY,STATIONARY,STATIONARY,STATIONARY,MOVING
10724,280,1,NO TRIAL,0.11150711,0.00097653,0.00875755,0.01951115,0.03698507,0.03401995,0.02276563,0.02956900,0.01618390,0.01076877,0.00939181,RELIABLE,RELIABLE,RELIABLE,RELIABLE,RELIABLE,RELIABLE,RELIABLE,RELIABLE,STATIONARY,STATIONARY,STATIONARY,STATIONARY,STATIONARY,STATIONARY,STATIONARY,STATIONARY,STATIONARY
10756,281,1,NO TRIAL,0.11182814,0.00236504,0.02114887,0.02056630,0.03805174,0.03351572,0.02253740,0.03158207,0.01631932,0.01111477,0.00992366,RELIABLE,RELIABLE,RELIABLE,RELIABLE,RELIABLE,RELIABLE,RELIABLE,RELIABLE,STATIONARY,STATIONARY,STATIONARY,STATIONARY,STATIONARY,STATIONARY,STATIONARY,STATIONARY,STATIONARY
10803,282,1,NO TRIAL,0.11216895,0.00118252,0.01054230,0.01903719,0.03498873,0.02998262,0.02126463,0.02963488,0.01519902,0.01061524,0.00885871,RELIABLE,RELIABLE,RELIABLE,RELIABLE,RELIABLE,RELIABLE,RELIABLE,RELIABLE,STATIONARY,STATIONARY,STATIONARY,STATIONARY,STATIONARY,STATIONARY,STATIONARY,STATIONARY,STATIONARY
10835,283,1,NO TRIAL,0.11203465,0.00129207,0.01153277,0.01905664,0.03433173,0.02865966,0.02351296,0.02866477,0.01573268,0.01061235,0.00863445,RELIABLE,RELIABLE,RELIABLE,RELIABLE,RELIABLE,RELIABLE,RELIABLE,RELIABLE,STATIONARY,STATIONARY,STATIONARY,STATIONARY,STATIONARY,STATIONARY,STATIONARY,STATIONARY,STATIONARY
10882,284,1,NO TRIAL,0.11182646,0.00064604,0.00577712,0.01514048,0.02642599,0.02134398,0.01980569,0.02203326,0.01323547,0.00898182,0.00808221,RELIABLE,RELIABLE,RELIABLE,RELIABLE,RELIABLE,RELIABLE,RELIABLE,RELIABLE,STATIONARY,STATIONARY,STATIONARY,STATIONARY,STATIONARY,STATIONARY,STATIONARY,STATIONARY,STATIONARY
10929,285,1,NO TRIAL,0.11195369,0.00128592,0.01148618,0.01276395,0.02131288,0.01721898,0.01723283,0.01865435,0.01163625,0.00829955,0.00793212,RELIABLE,RELIABLE,RELIABLE,RELIABLE,RELIABLE,RELIABLE,RELIABLE,RELIABLE,STATIONARY,STATIONARY,STATIONARY,STATIONARY,STATIONARY,STATIONARY,STATIONARY,STATIONARY,STATIONARY
10987,286,1,NO TRIAL,0.11257054,0.00176398,0.01566999,0.01280387,0.01890956,0.01620537,0.01517660,0.01786465,0.01141073,0.00832831,0.00897714,RELIABLE,RELIABLE,RELIABLE,RELIABLE,RELIABLE,RELIABLE,RELIABLE,RELIABLE,STATIONARY,STATIONARY,STATIONARY,STATIONARY,STATIONARY,STATIONARY,STATIONARY,STATIONARY,STATIONARY
11024,287,1,NO TRIAL,0.11316069,0.00088199,0.00779414,0.01158862,0.01559330,0.01355939,0.01205280,0.01460568,0.00962605,0.00790043,0.00810333,RELIABLE,RELIABLE,RELIABLE,RELIABLE,RELIABLE,RELIABLE,RELIABLE,RELIABLE,STATIONARY,STATIONARY,STATIONARY,STATIONARY,STATIONARY,STATIONARY,STATIONARY,STATIONARY,STATIONARY
11056,288,1,NO TRIAL,0.11368975,0.00090129,0.00792765,0.01148488,0.01455112,0.01197316,0.01250410,0.01336637,0.01016384,0.00977478,0.00826010,RELIABLE,RELIABLE,RELIABLE,RELIABLE,RELIABLE,RELIABLE,RELIABLE,RELIABLE,STATIONARY,STATIONARY,STATIONARY,STATIONARY,STATIONARY,STATIONARY,STATIONARY,STATIONARY,STATIONARY
11103,289,1,NO TRIAL,0.11407193,0.00045065,0.00395055,0.00933509,0.01087270,0.00961557,0.01233588,0.01041132,0.00924562,0.00988965,0.00770410,RELIABLE,RELIABLE,RELIABLE,RELIABLE,RELIABLE,RELIABLE,RELIABLE,RELIABLE,STATIONARY,STATIONARY,STATIONARY,STATIONARY,STATIONARY,STATIONARY,STATIONARY,STATIONARY,STATIONARY
11150,290,1,NO TRIAL,0.11381947,0.00117665,0.01033787,0.00930954,0.01080765,0.00941266,0.01420905,0.01128631,0.00969467,0.01023170,0.00794149,RELIABLE,RELIABLE,RELIABLE,RELIABLE,RELIABLE,RELIABLE,RELIABLE,RELIABLE,STATIONARY,STATIONARY,STATIONARY,STATIONARY,STATIONARY,STATIONARY,STATIONARY,STATIONARY,STATIONARY
11197,291,1,NO TRIAL,0.11347181,0.00058833,0.00518477,0.00851603,0.00990608,0.00887145,0.01226563,0.01172597,0.00882836,0.01020313,0.00763502,RELIABLE,RELIABLE,RELIABLE,RELIABLE,RELIABLE,RELIABLE,RELIABLE,RELIABLE,STATIONARY,STATIONARY,STATIONARY,STATIONARY,STATIONARY,STATIONARY,STATIONARY,STATIONARY,STATIONARY
11244,292,1,NO TRIAL,0.11318259,0.00354428,0.03131474,0.01170824,0.01630543,0.01540683,0.01906076,0.01626356,0.01241382,0.01083405,0.00837197,RELIABLE,RELIABLE,RELIABLE,RELIABLE,RELIABLE,RELIABLE,RELIABLE,RELIABLE,STATIONARY,STATIONARY,STATIONARY,STATIONARY,STATIONARY,STATIONARY,STATIONARY,STATIONARY,STATIONARY
11322,293,1,NO TRIAL,0.11332427,0.00393234,0.03469991,0.01460995,0.02316282,0.02175526,0.02324134,0.02200634,0.01614602,0.01215618,0.00907787,RELIABLE,RELIABLE,RELIABLE,RELIABLE,RELIABLE,RELIABLE,RELIABLE,RELIABLE,STATIONARY,STATIONARY,STATIONARY,STATIONARY,STATIONARY,STATIONARY,STATIONARY,STATIONARY,STATIONARY
11369,294,1,NO TRIAL,0.11361890,0.00196617,0.01730496,0.01481432,0.02640120,0.02384635,0.02607479,0.02394708,0.01742117,0.01252463,0.00834622,RELIABLE,RELIABLE,RELIABLE,RELIABLE,RELIABLE,RELIABLE,RELIABLE,RELIABLE,STATIONARY,STATIONARY,STATIONARY,STATIONARY,STATIONARY,STATIONARY,STATIONARY,STATIONARY,STATIONARY
11416,295,1,NO TRIAL,0.11442708,0.00419231,0.03663739,0.01841973,0.03532840,0.03185241,0.03144280,0.02559645,0.02162859,0.01388893,0.01018761,RELIABLE,RELIABLE,RELIABLE,RELIABLE,RELIABLE,RELIABLE,RELIABLE,RELIABLE,STATIONARY,STATIONARY,STATIONARY,STATIONARY,STATIONARY,STATIONARY,STATIONARY,STATIONARY,STATIONARY
11449,296,1,NO TRIAL,0.11518706,0.00209615,0.01819783,0.01970350,0.03914446,0.03608844,0.03209499,0.02602197,0.02228623,0.01257229,0.01070712,RELIABLE,RELIABLE,RELIABLE,RELIABLE,RELIABLE,RELIABLE,RELIABLE,RELIABLE,STATIONARY,STATIONARY,STATIONARY,STATIONARY,STATIONARY,STATIONARY,STATIONARY,STATIONARY,STATIONARY
11496,297,1,NO TRIAL,0.11670215,0.00465336,0.03987381,0.02419391,0.04973701,0.04764048,0.03876645,0.02827625,0.02666405,0.01372779,0.01173480,RELIABLE,RELIABLE,RELIABLE,RELIABLE,RELIABLE,RELIABLE,RELIABLE,RELIABLE,STATIONARY,STATIONARY,STATIONARY,STATIONARY,STATIONARY,STATIONARY,STATIONARY,STATIONARY,STATIONARY
11543,298,1,NO TRIAL,0.11805196,0.00232668,0.01970895,0.02536530,0.05320215,0.05237744,0.04010247,0.02704049,0.02791750,0.01413222,0.01167531,RELIABLE,RELIABLE,RELIABLE,RELIABLE,RELIABLE,RELIABLE,RELIABLE,RELIABLE,STATIONARY,STATIONARY,STATIONARY,STATIONARY,STATIONARY,STATIONARY,STATIONARY,STATIONARY,STATIONARY
11590,299,1,NO TRIAL,0.12076045,0.01023266,0.08473521,0.03530910,0.07844084,0.07842869,0.05330796,0.03196575,0.03692148,0.01804583,0.01361347,RELIABLE,RELIABLE,RELIABLE,RELIABLE,RELIABLE,RELIABLE,RELIABLE,RELIABLE,STATIONARY,STATIONARY,STATIONARY,STATIONARY,STATIONARY,STATIONARY,STATIONARY,STATIONARY,STATIONARY
11642,300,1,NO TRIAL,0.12273582,0.00931498,0.07589456,0.04088158,0.09459823,0.09531066,0.05446321,0.03296400,0.03933807,0.01863985,0.01394061,RELIABLE,RELIABLE,RELIABLE,RELIABLE,RELIABLE,RELIABLE,RELIABLE,RELIABLE,STATIONARY,STATIONARY,STATIONARY,STATIONARY,STATIONARY,STATIONARY,STATIONARY,STATIONARY,STATIONARY
11685,301,1,NO TRIAL,0.12409806,0.00465749,0.03753073,0.04123543,0.09694949,0.09815026,0.05226218,0.02752805,0.03750555,0.01695720,0.01370985,RELIABLE,RELIABLE,RELIABLE,RELIABLE,RELIABLE,RELIABLE,RELIABLE,RELIABLE,MOVING,MOVING,MOVING,MOVING,STATIONARY,MOVING,STATIONARY,STATIONARY,MOVING
11732,302,1,NO TRIAL,0.12509934,0.00650009,0.05195945,0.04556724,0.10540233,0.10866120,0.05754437,0.02904043,0.03929755,0.01866069,0.01405721,RELIABLE,RELIABLE,RELIABLE,RELIABLE,RELIABLE,RELIABLE,RELIABLE,RELIABLE,MOVING,MOVING,MOVING,MOVING,STATIONARY,MOVING,STATIONARY,STATIONARY,MOVING
11777,303,1,NO TRIAL,0.12576277,0.00325005,0.02584267,0.04421790,0.10228987,0.10692285,0.05621275,0.02910845,0.03661558,0.01873175,0.01201519,RELIABLE,RELIABLE,RELIABLE,RELIABLE,RELIABLE,RELIABLE,RELIABLE,RELIABLE,MOVING,MOVING,MOVING,MOVING,STATIONARY,MOVING,STATIONARY,STATIONARY,MOVING
11825,304,1,NO TRIAL,0.12674477,0.00401323,0.03166390,0.04590116,0.10763438,0.11282493,0.06106742,0.03122504,0.03739034,0.01910180,0.01230609,RELIABLE,RELIABLE,RELIABLE,RELIABLE,RELIABLE,RELIABLE,RELIABLE,RELIABLE,MOVING,MOVING,MOVING,MOVING,STATIONARY,MOVING,STATIONARY,STATIONARY,MOVING
11873,305,1,NO TRIAL,0.12756716,0.00200662,0.01572989,0.04288317,0.10159109,0.10630875,0.05712830,0.03023215,0.03372137,0.01735571,0.01185821,RELIABLE,RELIABLE,RELIABLE,RELIABLE,RELIABLE,RELIABLE,RELIABLE,RELIABLE,MOVING,MOVING,MOVING,MOVING,STATIONARY,MOVING,STATIONARY,STATIONARY,MOVING
11905,306,1,NO TRIAL,0.12825253,0.00337373,0.02630540,0.04370773,0.10396784,0.10937952,0.05661224,0.03199017,0.03427649,0.01659349,0.01372264,RELIABLE,RELIABLE,RELIABLE,RELIABLE,RELIABLE,RELIABLE,RELIABLE,RELIABLE,MOVING,MOVING,MOVING,MOVING,STATIONARY,MOVING,STATIONARY,STATIONARY,MOVING
11953,307,1,STILL,0.12873232,0.00168687,0.01310368,0.03475378,0.08163240,0.08721400,0.04380673,0.02731631,0.02616886,0.01241666,0.01299997,RELIABLE,RELIABLE,RELIABLE,RELIABLE,RELIABLE,RELIABLE,RELIABLE,RELIABLE,MOVING,MOVING,MOVING,MOVING,STATIONARY,MOVING,STATIONARY,STATIONARY,MOVING
11999,308,1,STILL,0.12892358,0.00445378,0.03454590,0.02958520,0.06820822,0.07398075,0.03766697,0.02567056,0.02214216,0.01146399,0.01351259,RELIABLE,RELIABLE,RELIABLE,RELIABLE,RELIABLE,RELIABLE,RELIABLE,RELIABLE,MOVING,MOVING,MOVING,MOVING,STATIONARY,MOVING,STATIONARY,STATIONARY,MOVING
12047,309,1,STILL,0.12933537,0.00314036,0.02428071,0.02792895,0.06412158,0.06956348,0.03906207,0.02599795,0.02136365,0.01152309,0.01398697,RELIABLE,RELIABLE,RELIABLE,RELIABLE,RELIABLE,RELIABLE,RELIABLE,RELIABLE,MOVING,MOVING,MOVING,MOVING,STATIONARY,MOVING,STATIONARY,STATIONARY,MOVING
12093,310,1,STILL,0.12970612,0.00157018,0.01210565,0.02294723,0.05480230,0.05826477,0.03337715,0.02193747,0.01826917,0.00885813,0.01381854,RELIABLE,RELIABLE,RELIABLE,RELIABLE,RELIABLE,RELIABLE,RELIABLE,RELIABLE,MOVING,MOVING,MOVING,MOVING,STATIONARY,MOVING,STATIONARY,STATIONARY,MOVING
12140,311,1,STILL,0.12990563,0.00285683,0.02199155,0.02246584,0.05193943,0.05556805,0.03583978,0.02072165,0.01783500,0.00866863,0.01547960,RELIABLE,RELIABLE,RELIABLE,RELIABLE,RELIABLE,RELIABLE,RELIABLE,RELIABLE,MOVING,MOVING,MOVING,MOVING,STATIONARY,MOVING,STATIONARY,STATIONARY,MOVING
12187,312,1,STILL,0.13001357,0.00142841,0.01098665,0.01988118,0.04363747,0.04747681,0.03156651,0.01803962,0.01551748,0.00836809,0.01506109,RELIABLE,RELIABLE,RELIABLE,RELIABLE,RELIABLE,RELIABLE,RELIABLE,RELIABLE,MOVING,MOVING,MOVING,MOVING,STATIONARY,MOVING,STATIONARY,STATIONARY,MOVING
12234,313,1,STILL,0.13020179,0.00207547,0.01594037,0.01990749,0.04163047,0.04524695,0.03306468,0.01789123,0.01582915,0.00921420,0.01596993,RELIABLE,RELIABLE,RELIABLE,RELIABLE,RELIABLE,RELIABLE,RELIABLE,RELIABLE,MOVING,MOVING,MOVING,MOVING,STATIONARY,MOVING,STATIONARY,STATIONARY,MOVING
12280,314,1,STILL,0.13036303,0.00103773,0.00796033,0.01761436,0.03529000,0.03786833,0.03240129,0.01557718,0.01362424,0.00945937,0.01449240,RELIABLE,RELIABLE,RELIABLE,RELIABLE,RELIABLE,RELIABLE,RELIABLE,RELIABLE,MOVING,MOVING,MOVING,STATIONARY,STATIONARY,STATIONARY,STATIONARY,STATIONARY,MOVING
12327,315,1,STILL,0.12918142,0.00294215,0.02277535,0.01882331,0.03595430,0.03906849,0.03537058,0.01596022,0.01372129,0.01060061,0.01566864,RELIABLE,RELIABLE,RELIABLE,RELIABLE,RELIABLE,RELIABLE,RELIABLE,RELIABLE,MOVING,STATIONARY,STATIONARY,STATIONARY,STATIONARY,STATIONARY,STATIONARY,STATIONARY,MOVING
12380,316,1,STILL,0.12869887,0.00216929,0.01685556,0.01661202,0.03004819,0.03301792,0.03713566,0.01418562,0.01280784,0.01074052,0.01448923,RELIABLE,RELIABLE,RELIABLE,RELIABLE,RELIABLE,RELIABLE,RELIABLE,RELIABLE,MOVING,STATIONARY,STATIONARY,STATIONARY,STATIONARY,STATIONARY,STATIONARY,STATIONARY,MOVING
12422,317,1,STILL,0.12851232,0.00108465,0.00844001,0.01463193,0.02460177,0.02792813,0.03360940,0.01218264,0.01115478,0.01034892,0.01350843,RELIABLE,RELIABLE,RELIABLE,RELIABLE,RELIABLE,RELIABLE,RELIABLE,RELIABLE,STATIONARY,STATIONARY,STATIONARY,STATIONARY,STATIONARY,STATIONARY,STATIONARY,STATIONARY,STATIONARY
12470,318,1,STILL,0.12866062,0.00215175,0.01672426,0.01520926,0.02573683,0.02906129,0.03425867,0.01208554,0.01207309,0.01140214,0.01348554,RELIABLE,RELIABLE,RELIABLE,RELIABLE,RELIABLE,RELIABLE,RELIABLE,RELIABLE,STATIONARY,STATIONARY,STATIONARY,STATIONARY,STATIONARY,STATIONARY,STATIONARY,STATIONARY,STATIONARY
12517,319,1,STILL,0.12885556,0.00107588,0.00834948,0.01350400,0.02453839,0.02671114,0.02929846,0.01123642,0.01142906,0.01047137,0.01157032,RELIABLE,RELIABLE,RELIABLE,RELIABLE,RELIABLE,RELIABLE,RELIABLE,RELIABLE,STATIONARY,STATIONARY,STATIONARY,STATIONARY,STATIONARY,STATIONARY,STATIONARY,STATIONARY,STATIONARY
12564,320,1,STILL,0.12873338,0.00204785,0.01590765,0.01411913,0.02590864,0.02788875,0.02958173,0.01178704,0.01277256,0.01057400,0.01313902,RELIABLE,RELIABLE,RELIABLE,RELIABLE,RELIABLE,RELIABLE,RELIABLE,RELIABLE,STATIONARY,STATIONARY,STATIONARY,STATIONARY,STATIONARY,STATIONARY,STATIONARY,STATIONARY,STATIONARY
12612,321,1,STILL,0.12856415,0.00102392,0.00796429,0.01312212,0.02448450,0.02669788,0.02611572,0.01088186,0.01198561,0.00951681,0.01299533,RELIABLE,RELIABLE,RELIABLE,RELIABLE,RELIABLE,RELIABLE,RELIABLE,RELIABLE,STATIONARY,STATIONARY,STATIONARY,STATIONARY,STATIONARY,STATIONARY,STATIONARY,STATIONARY,STATIONARY
12658,322,1,STILL,0.12775178,0.00170768,0.01336718,0.01379797,0.02580859,0.02782454,0.02570670,0.01308628,0.01218641,0.00896106,0.01366110,RELIABLE,RELIABLE,RELIABLE,RELIABLE,RELIABLE,RELIABLE,RELIABLE,RELIABLE,STATIONARY,STATIONARY,STATIONARY,STATIONARY,STATIONARY,STATIONARY,STATIONARY,STATIONARY,STATIONARY
12714,323,1,STILL,0.12758182,0.00085138,0.00667318,0.01178520,0.02252106,0.02379170,0.02463812,0.01201406,0.01185352,0.00859219,0.01266664,RELIABLE,RELIABLE,RELIABLE,RELIABLE,RELIABLE,RELIABLE,RELIABLE,RELIABLE,STATIONARY,STATIONARY,STATIONARY,STATIONARY,STATIONARY,STATIONARY,STATIONARY,STATIONARY,STATIONARY
12751,324,1,STILL,0.12762472,0.00042569,0.00333547,0.01009519,0.01898181,0.01991284,0.02123749,0.00989854,0.01068707,0.00852440,0.01308382,RELIABLE,RELIABLE,RELIABLE,RELIABLE,RELIABLE,RELIABLE,RELIABLE,RELIABLE,STATIONARY,STATIONARY,STATIONARY,STATIONARY,STATIONARY,STATIONARY,STATIONARY,STATIONARY,STATIONARY
12798,325,1,STILL,0.12835131,0.00111188,0.00866276,0.01012303,0.01848998,0.01922432,0.02617635,0.01020115,0.01121223,0.00862622,0.01483880,RELIABLE,RELIABLE,RELIABLE,RELIABLE,RELIABLE,RELIABLE,RELIABLE,RELIABLE,STATIONARY,STATIONARY,STATIONARY,STATIONARY,STATIONARY,STATIONARY,STATIONARY,STATIONARY,STATIONARY
12846,326,1,STILL,0.12906859,0.00055594,0.00430731,0.00857091,0.01439211,0.01520805,0.02622120,0.00944837,0.00972962,0.00741527,0.01538862,RELIABLE,RELIABLE,RELIABLE,RELIABLE,RELIABLE,RELIABLE,RELIABLE,RELIABLE,STATIONARY,STATIONARY,STATIONARY,STATIONARY,STATIONARY,STATIONARY,STATIONARY,STATIONARY,STATIONARY
12893,327,1,STILL,0.12874247,0.00130548,0.01014022,0.00879476,0.01410706,0.01514529,0.02738265,0.00983302,0.00930066,0.00790384,0.01824934,RELIABLE,RELIABLE,RELIABLE,RELIABLE,RELIABLE,RELIABLE,RELIABLE,RELIABLE,STATIONARY,STATIONARY,STATIONARY,STATIONARY,STATIONARY,STATIONARY,STATIONARY,STATIONARY,STATIONARY
12940,328,1,STILL,0.12823704,0.00065274,0.00509009,0.00744256,0.01200083,0.01276784,0.02520875,0.00905311,0.00742271,0.00754542,0.01741391,RELIABLE,RELIABLE,RELIABLE,RELIABLE,RELIABLE,RELIABLE,RELIABLE,RELIABLE,STATIONARY,STATIONARY,STATIONARY,STATIONARY,STATIONARY,STATIONARY,STATIONARY,STATIONARY,STATIONARY
12986,329,1,STILL,0.12798035,0.00127648,0.00997400,0.00769377,0.01185410,0.01204988,0.02654481,0.00901018,0.00749248,0.00770935,0.01654698,RELIABLE,RELIABLE,RELIABLE,RELIABLE,RELIABLE,RELIABLE,RELIABLE,RELIABLE,STATIONARY,STATIONARY,STATIONARY,STATIONARY,STATIONARY,STATIONARY,STATIONARY,STATIONARY,STATIONARY
13034,330,1,STILL,0.12785788,0.00063824,0.00499178,0.00664685,0.00974714,0.00997116,0.02589366,0.00633298,0.00693483,0.00766914,0.01531291,RELIABLE,RELIABLE,RELIABLE,RELIABLE,RELIABLE,RELIABLE,RELIABLE,RELIABLE,STATIONARY,STATIONARY,STATIONARY,STATIONARY,STATIONARY,STATIONARY,STATIONARY,STATIONARY,STATIONARY
13082,331,1,STILL,0.12853582,0.00199119,0.01549130,0.00774912,0.00967235,0.00950333,0.02495782,0.00707978,0.00725857,0.00816693,0.01573804,RELIABLE,RELIABLE,RELIABLE,RELIABLE,RELIABLE,RELIABLE,RELIABLE,RELIABLE,STATIONARY,STATIONARY,STATIONARY,STATIONARY,STATIONARY,STATIONARY,STATIONARY,STATIONARY,STATIONARY
13129,332,1,STILL,0.12856958,0.00122145,0.00950030,0.00851972,0.01062005,0.00985617,0.02540136,0.00792714,0.00789520,0.00853682,0.01695623,RELIABLE,RELIABLE,RELIABLE,RELIABLE,RELIABLE,RELIABLE,RELIABLE,RELIABLE,STATIONARY,STATIONARY,STATIONARY,STATIONARY,STATIONARY,STATIONARY,STATIONARY,STATIONARY,STATIONARY
13175,333,1,STILL,0.12845058,0.00061073,0.00475455,0.00803119,0.00981381,0.00877881,0.01898122,0.00698920,0.00710441,0.00860710,0.01637995,RELIABLE,RELIABLE,RELIABLE,RELIABLE,RELIABLE,RELIABLE,RELIABLE,RELIABLE,STATIONARY,STATIONARY,STATIONARY,STATIONARY,STATIONARY,STATIONARY,STATIONARY,STATIONARY,STATIONARY
13223,334,1,STILL,0.12799486,0.00124645,0.00973824,0.00871006,0.00977598,0.00891861,0.01790029,0.00748206,0.00758186,0.00950255,0.01679148,RELIABLE,RELIABLE,RELIABLE,RELIABLE,RELIABLE,RELIABLE,RELIABLE,RELIABLE,STATIONARY,STATIONARY,STATIONARY,STATIONARY,STATIONARY,STATIONARY,STATIONARY,STATIONARY,STATIONARY
13270,335,1,STILL,0.12757527,0.00062322,0.00488514,0.00805318,0.00799813,0.00704836,0.01622798,0.00697071,0.00751187,0.00881702,0.01468281,RELIABLE,RELIABLE,RELIABLE,RELIABLE,RELIABLE,RELIABLE,RELIABLE,RELIABLE,STATIONARY,STATIONARY,STATIONARY,STATIONARY,STATIONARY,STATIONARY,STATIONARY,STATIONARY,STATIONARY
13317,336,1,STILL,0.12763134,0.00235937,0.01848581,0.00972764,0.00845643,0.00841998,0.01853097,0.00757639,0.00795730,0.00851131,0.01608277,RELIABLE,RELIABLE,RELIABLE,RELIABLE,RELIABLE,RELIABLE,RELIABLE,RELIABLE,STATIONARY,STATIONARY,STATIONARY,STATIONARY,STATIONARY,STATIONARY,STATIONARY,STATIONARY,STATIONARY
13371,337,1,STILL,0.12736173,0.00120731,0.00947934,0.00966581,0.00788667,0.00868372,0.01769546,0.00809110,0.00758824,0.00867775,0.01568083,RELIABLE,RELIABLE,RELIABLE,RELIABLE,RELIABLE,RELIABLE,RELIABLE,RELIABLE,STATIONARY,STATIONARY,STATIONARY,STATIONARY,STATIONARY,STATIONARY,STATIONARY,STATIONARY,STATIONARY
13434,338,1,STILL,0.12776210,0.00088409,0.00691985,0.00990682,0.00735605,0.00848093,0.01888144,0.00833276,0.00795880,0.00901127,0.01622893,RELIABLE,RELIABLE,RELIABLE,RELIABLE,RELIABLE,RELIABLE,RELIABLE,RELIABLE,STATIONARY,STATIONARY,STATIONARY,STATIONARY,STATIONARY,STATIONARY,STATIONARY,STATIONARY,STATIONARY
13473,339,1,STILL,0.12823082,0.00044205,0.00344728,0.00840132,0.00624136,0.00753061,0.01764889,0.00700731,0.00677942,0.00775864,0.01463545,RELIABLE,RELIABLE,RELIABLE,RELIABLE,RELIABLE,RELIABLE,RELIABLE,RELIABLE,STATIONARY,STATIONARY,STATIONARY,STATIONARY,STATIONARY,STATIONARY,STATIONARY,STATIONARY,STATIONARY
13520,340,1,STILL,0.12715495,0.00155405,0.01222171,0.00874149,0.00581294,0.00809715,0.02075186,0.00668407,0.00689072,0.00776150,0.01592229,RELIABLE,RELIABLE,RELIABLE,RELIABLE,RELIABLE,RELIABLE,RELIABLE,RELIABLE,STATIONARY,STATIONARY,STATIONARY,STATIONARY,STATIONARY,STATIONARY,STATIONARY,STATIONARY,STATIONARY
13552,341,1,STILL,0.12596611,0.00077703,0.00616853,0.00891824,0.00560348,0.00838796,0.02232744,0.00652636,0.00695245,0.00775960,0.01682226,RELIABLE,RELIABLE,RELIABLE,RELIABLE,RELIABLE,RELIABLE,RELIABLE,RELIABLE,STATIONARY,STATIONARY,STATIONARY,STATIONARY,STATIONARY,STATIONARY,STATIONARY,STATIONARY,STATIONARY
13599,342,1,STILL,0.12504734,0.00038851,0.00310692,0.00808932,0.00514007,0.00786265,0.02101688,0.00549182,0.00611710,0.00691649,0.01671422,RELIABLE,RELIABLE,RELIABLE,RELIABLE,RELIABLE,RELIABLE,RELIABLE,RELIABLE,STATIONARY,STATIONARY,STATIONARY,STATIONARY,STATIONARY,STATIONARY,STATIONARY,STATIONARY,STATIONARY
13648,343,1,STILL,0.12479061,0.00152416,0.01221376,0.00900540,0.00629125,0.00978515,0.02329122,0.00568435,0.00664917,0.00737490,0.01832155,RELIABLE,RELIABLE,RELIABLE,RELIABLE,RELIABLE,RELIABLE,RELIABLE,RELIABLE,STATIONARY,STATIONARY,STATIONARY,STATIONARY,STATIONARY,STATIONARY,STATIONARY,STATIONARY,STATIONARY
14789,369,1,STILL,0.12234824,0.00133060,0.01087554,0.00695220,0.00868925,0.00787363,0.01265115,0.00516840,0.00692424,0.00948627,0.00816505,RELIABLE,RELIABLE,RELIABLE,RELIABLE,RELIABLE,RELIABLE,RELIABLE,PARTIAL,STATIONARY,STATIONARY,STATIONARY,STATIONARY,STATIONARY,STATIONARY,STATIONARY,STATIONARY,STATIONARY
14823,370,1,STILL,0.12229708,0.00066530,0.00544005,0.00660883,0.00876677,0.00803316,0.01276532,0.00487082,0.00680390,0.00908420,0.00777606,RELIABLE,RELIABLE,RELIABLE,RELIABLE,RELIABLE,RELIABLE,RELIABLE,PARTIAL,STATIONARY,STATIONARY,STATIONARY,STATIONARY,STATIONARY,STATIONARY,STATIONARY,STATIONARY,STATIONARY
14869,371,1,STILL,0.12187747,0.00168314,0.01381011,0.00782406,0.01097899,0.01098388,0.01508161,0.00546270,0.00745278,0.00906086,0.00780886,RELIABLE,RELIABLE,RELIABLE,RELIABLE,RELIABLE,RELIABLE,RELIABLE,RELIABLE,STATIONARY,STATIONARY,STATIONARY,STATIONARY,STATIONARY,STATIONARY,STATIONARY,STATIONARY,STATIONARY
14901,372,1,STILL,0.12147066,0.00084157,0.00692818,0.00726005,0.00979208,0.01010854,0.01123203,0.00486288,0.00663192,0.00787738,0.00806675,RELIABLE,RELIABLE,RELIABLE,RELIABLE,RELIABLE,RELIABLE,RELIABLE,RELIABLE,STATIONARY,STATIONARY,STATIONARY,STATIONARY,STATIONARY,STATIONARY,STATIONARY,STATIONARY,STATIONARY
14949,373,1,STILL,0.12116877,0.00042079,0.00347272,0.00696205,0.00949018,0.00989411,0.01055687,0.00418756,0.00604945,0.00695836,0.00857262,RELIABLE,RELIABLE,RELIABLE,RELIABLE,RELIABLE,RELIABLE,RELIABLE,RELIABLE,STATIONARY,STATIONARY,STATIONARY,STATIONARY,STATIONARY,STATIONARY,STATIONARY,STATIONARY,STATIONARY
14996,374,1,STILL,0.12100399,0.00084015,0.00694317,0.00746422,0.01029140,0.01095380,0.01183924,0.00446177,0.00650543,0.00761389,0.01073283,RELIABLE,RELIABLE,RELIABLE,RELIABLE,RELIABLE,RELIABLE,RELIABLE,RELIABLE,STATIONARY,STATIONARY,STATIONARY,STATIONARY,STATIONARY,STATIONARY,STATIONARY,STATIONARY,STATIONARY
15044,375,1,STILL,0.12121355,0.00427933,0.03530406,0.01085666,0.01910550,0.01990884,0.01743523,0.00755972,0.00943141,0.01043690,0.01365555,RELIABLE,RELIABLE,RELIABLE,RELIABLE,RELIABLE,RELIABLE,RELIABLE,RELIABLE,STATIONARY,STATIONARY,STATIONARY,STATIONARY,STATIONARY,STATIONARY,STATIONARY,STATIONARY,STATIONARY
15098,376,1,STILL,0.12158776,0.00495771,0.04077474,0.01544357,0.03135382,0.03235417,0.02277503,0.01215361,0.01365822,0.01243437,0.01528726,RELIABLE,RELIABLE,RELIABLE,RELIABLE,RELIABLE,RELIABLE,RELIABLE,RELIABLE,STATIONARY,STATIONARY,STATIONARY,STATIONARY,STATIONARY,STATIONARY,STATIONARY,STATIONARY,STATIONARY
15137,377,1,STILL,0.12191005,0.00247885,0.02033347,0.01662581,0.03633238,0.03806966,0.02371741,0.01375558,0.01415526,0.01231604,0.01585290,RELIABLE,RELIABLE,RELIABLE,RELIABLE,RELIABLE,RELIABLE,RELIABLE,RELIABLE,STATIONARY,STATIONARY,STATIONARY,STATIONARY,STATIONARY,STATIONARY,STATIONARY,STATIONARY,STATIONARY
15184,378,1,STILL,0.12248062,0.00416417,0.03399857,0.02019563,0.04736325,0.05005807,0.02723484,0.01626912,0.01676793,0.01279996,0.01753487,RELIABLE,RELIABLE,RELIABLE,RELIABLE,RELIABLE,RELIABLE,RELIABLE,RELIABLE,STATIONARY,STATIONARY,STATIONARY,STATIONARY,STATIONARY,STATIONARY,STATIONARY,STATIONARY,STATIONARY
15215,379,1,STILL,0.12297403,0.00208208,0.01693108,0.02058575,0.05068201,0.05315653,0.02672581,0.01677979,0.01735883,0.01284769,0.01837605,RELIABLE,RELIABLE,RELIABLE,RELIABLE,RELIABLE,RELIABLE,RELIABLE,RELIABLE,STATIONARY,STATIONARY,STATIONARY,STATIONARY,STATIONARY,STATIONARY,STATIONARY,STATIONARY,STATIONARY
15247,380,1,STILL,0.12176137,0.00461134,0.03787191,0.02445372,0.06224281,0.06446562,0.03161900,0.01877374,0.02044106,0.01356707,0.01927069,RELIABLE,RELIABLE,RELIABLE,RELIABLE,RELIABLE,RELIABLE,RELIABLE,RELIABLE,STATIONARY,STATIONARY,STATIONARY,STATIONARY,STATIONARY,STATIONARY,STATIONARY,STATIONARY,STATIONARY
15293,381,1,STILL,0.12044512,0.00230567,0.01914289,0.02641249,0.06809177,0.07018853,0.03409819,0.01978362,0.02200145,0.01402888,0.01991045,RELIABLE,RELIABLE,RELIABLE,RELIABLE,RELIABLE,RELIABLE,RELIABLE,RELIABLE,STATIONARY,STATIONARY,STATIONARY,STATIONARY,STATIONARY,STATIONARY,STATIONARY,STATIONARY,STATIONARY
15341,382,1,STILL,0.12040405,0.00377067,0.03131682,0.02945919,0.07700076,0.07923774,0.03577070,0.02210635,0.02523365,0.01410612,0.01892783,RELIABLE,RELIABLE,RELIABLE,RELIABLE,RELIABLE,RELIABLE,RELIABLE,RELIABLE,STATIONARY,STATIONARY,STATIONARY,STATIONARY,STATIONARY,STATIONARY,STATIONARY,STATIONARY,STATIONARY
15387,383,1,STILL,0.12071266,0.00188534,0.01561838,0.02699848,0.07174129,0.07385040,0.03069059,0.01997734,0.02373420,0.01161152,0.01562050,RELIABLE,RELIABLE,RELIABLE,RELIABLE,RELIABLE,RELIABLE,RELIABLE,RELIABLE,STATIONARY,STATIONARY,STATIONARY,STATIONARY,STATIONARY,STATIONARY,STATIONARY,STATIONARY,STATIONARY
15419,384,1,STILL,0.12103659,0.00094267,0.00778829,0.02287518,0.06126403,0.06318245,0.02560677,0.01586609,0.02021812,0.00977494,0.01370440,RELIABLE,RELIABLE,RELIABLE,RELIABLE,RELIABLE,RELIABLE,RELIABLE,RELIABLE,STATIONARY,STATIONARY,STATIONARY,STATIONARY,STATIONARY,STATIONARY,STATIONARY,STATIONARY,STATIONARY
15451,385,1,STILL,0.12168010,0.00326275,0.02681413,0.02368526,0.06238333,0.06374816,0.02624341,0.01514925,0.02023477,0.00922149,0.01362176,RELIABLE,RELIABLE,RELIABLE,RELIABLE,RELIABLE,RELIABLE,RELIABLE,RELIABLE,STATIONARY,STATIONARY,STATIONARY,STATIONARY,STATIONARY,STATIONARY,STATIONARY,STATIONARY,STATIONARY
15497,386,1,STILL,0.12273091,0.00384560,0.03133356,0.02335213,0.06081759,0.06192419,0.02622122,0.01425977,0.01948379,0.00965788,0.01217788,RELIABLE,RELIABLE,RELIABLE,RELIABLE,RELIABLE,RELIABLE,RELIABLE,RELIABLE,STATIONARY,STATIONARY,STATIONARY,STATIONARY,STATIONARY,STATIONARY,STATIONARY,STATIONARY,STATIONARY
15530,387,1,STILL,0.12362222,0.00192280,0.01555382,0.02317997,0.06002152,0.06099887,0.02620295,0.01381356,0.01910542,0.00997603,0.01114874,RELIABLE,RELIABLE,RELIABLE,RELIABLE,RELIABLE,RELIABLE,RELIABLE,RELIABLE,STATIONARY,STATIONARY,STATIONARY,STATIONARY,STATIONARY,STATIONARY,STATIONARY,STATIONARY,STATIONARY
15562,388,1,STILL,0.12397806,0.00603821,0.04870387,0.02453397,0.05690427,0.06020058,0.02639279,0.01348701,0.01852760,0.01016171,0.00950303,RELIABLE,RELIABLE,RELIABLE,RELIABLE,RELIABLE,RELIABLE,RELIABLE,RELIABLE,STATIONARY,STATIONARY,STATIONARY,STATIONARY,STATIONARY,STATIONARY,STATIONARY,STATIONARY,STATIONARY
15594,389,1,STILL,0.12411842,0.00301911,0.02432440,0.02518166,0.05526999,0.05972431,0.02644973,0.01330904,0.01821696,0.01022134,0.00833504,RELIABLE,RELIABLE,RELIABLE,RELIABLE,RELIABLE,RELIABLE,RELIABLE,RELIABLE,STATIONARY,STATIONARY,STATIONARY,STATIONARY,STATIONARY,STATIONARY,STATIONARY,STATIONARY,STATIONARY
15641,390,1,STILL,0.12312711,0.00979851,0.07958042,0.03121461,0.06521096,0.07208814,0.03671165,0.01722042,0.02245184,0.01196589,0.00917043,RELIABLE,RELIABLE,RELIABLE,RELIABLE,RELIABLE,RELIABLE,RELIABLE,RELIABLE,STATIONARY,STATIONARY,STATIONARY,STATIONARY,STATIONARY,STATIONARY,STATIONARY,STATIONARY,STATIONARY
15706,391,1,STILL,0.12152320,0.00809238,0.06659123,0.03758621,0.07836759,0.08631618,0.04665554,0.02057852,0.02632139,0.01340736,0.00942711,RELIABLE,RELIABLE,RELIABLE,RELIABLE,RELIABLE,RELIABLE,RELIABLE,RELIABLE,STATIONARY,STATIONARY,STATIONARY,STATIONARY,STATIONARY,STATIONARY,STATIONARY,STATIONARY,STATIONARY
15749,392,1,STILL,0.12019554,0.00404619,0.03366339,0.04082060,0.08505342,0.09354506,0.05169487,0.02228656,0.02829165,0.01427028,0.00957259,RELIABLE,RELIABLE,RELIABLE,RELIABLE,RELIABLE,RELIABLE,RELIABLE,RELIABLE,MOVING,STATIONARY,STATIONARY,STATIONARY,STATIONARY,STATIONARY,STATIONARY,STATIONARY,MOVING
15797,393,1,STILL,0.11937532,0.00557339,0.04668792,0.04330483,0.08858261,0.09568908,0.05123674,0.02481698,0.02916569,0.01498934,0.01008634,RELIABLE,RELIABLE,RELIABLE,RELIABLE,RELIABLE,RELIABLE,RELIABLE,RELIABLE,MOVING,MOVING,MOVING,STATIONARY,STATIONARY,STATIONARY,STATIONARY,STATIONARY,MOVING
15829,394,1,STILL,0.11889639,0.00278669,0.02343799,0.04231788,0.08395312,0.08975588,0.04830789,0.02490908,0.02800386,0.01408151,0.01056125,RELIABLE,RELIABLE,RELIABLE,RELIABLE,RELIABLE,RELIABLE,RELIABLE,RELIABLE,MOVING,MOVING,MOVING,STATIONARY,STATIONARY,STATIONARY,STATIONARY,STATIONARY,MOVING
15876,395,1,STILL,0.11844191,0.00384408,0.03245542,0.04443058,0.08603278,0.09183092,0.05044696,0.02748413,0.02861191,0.01512310,0.01167393,RELIABLE,RELIABLE,RELIABLE,RELIABLE,RELIABLE,RELIABLE,RELIABLE,RELIABLE,MOVING,MOVING,MOVING,STATIONARY,STATIONARY,STATIONARY,STATIONARY,STATIONARY,MOVING
15923,396,1,STILL,0.11811867,0.00192204,0.01627212,0.04037661,0.07989593,0.08344908,0.04617117,0.02713980,0.02651855,0.01515203,0.01155478,RELIABLE,RELIABLE,RELIABLE,RELIABLE,RELIABLE,RELIABLE,RELIABLE,RELIABLE,MOVING,MOVING,MOVING,STATIONARY,STATIONARY,STATIONARY,STATIONARY,STATIONARY,MOVING
15971,397,1,STILL,0.11767910,0.00273559,0.02324621,0.04024184,0.08124285,0.08393441,0.04781369,0.03270757,0.02783726,0.01521885,0.01294585,RELIABLE,RELIABLE,RELIABLE,RELIABLE,RELIABLE,RELIABLE,RELIABLE,RELIABLE,MOVING,MOVING,MOVING,STATIONARY,STATIONARY,STATIONARY,STATIONARY,STATIONARY,MOVING
16026,398,1,STILL,0.11782463,0.00384907,0.03266778,0.03437776,0.06723833,0.06785201,0.03900894,0.03056359,0.02204938,0.01350373,0.01148941,RELIABLE,RELIABLE,RELIABLE,RELIABLE,RELIABLE,RELIABLE,RELIABLE,RELIABLE,MOVING,MOVING,MOVING,STATIONARY,STATIONARY,STATIONARY,STATIONARY,STATIONARY,MOVING
16065,399,1,STILL,0.11808818,0.00192453,0.01629744,0.02809103,0.05205610,0.05177056,0.02979260,0.02808771,0.01740573,0.01210014,0.01088072,RELIABLE,RELIABLE,RELIABLE,RELIABLE,RELIABLE,RELIABLE,RELIABLE,RELIABLE,MOVING,MOVING,MOVING,STATIONARY,STATIONARY,STATIONARY,STATIONARY,STATIONARY,MOVING
16113,400,1,STILL,0.11820772,0.00103708,0.00877339,0.02497978,0.04483119,0.04358892,0.02644193,0.02824522,0.01623141,0.01227179,0.01146084,RELIABLE,RELIABLE,RELIABLE,RELIABLE,RELIABLE,RELIABLE,RELIABLE,RELIABLE,MOVING,MOVING,MOVING,STATIONARY,STATIONARY,STATIONARY,STATIONARY,STATIONARY,MOVING
16160,401,1,STILL,0.11826410,0.00051854,0.00438460,0.01969187,0.03469124,0.03508601,0.02457314,0.02531460,0.01398620,0.01146589,0.01015869,RELIABLE,RELIABLE,RELIABLE,RELIABLE,RELIABLE,RELIABLE,RELIABLE,RELIABLE,MOVING,MOVING,MOVING,STATIONARY,STATIONARY,STATIONARY,STATIONARY,STATIONARY,MOVING
16207,402,1,STILL,0.11842805,0.00113276,0.00956494,0.01795774,0.03106937,0.03262053,0.02428750,0.02508632,0.01321314,0.01154706,0.00945141,RELIABLE,RELIABLE,RELIABLE,RELIABLE,RELIABLE,RELIABLE,RELIABLE,RELIABLE,MOVING,MOVING,MOVING,STATIONARY,STATIONARY,STATIONARY,STATIONARY,STATIONARY,MOVING
16253,403,1,STILL,0.11857792,0.00056638,0.00477643,0.01449786,0.02489963,0.02638304,0.02055666,0.02244933,0.01164703,0.00999597,0.00823995,RELIABLE,RELIABLE,RELIABLE,RELIABLE,RELIABLE,RELIABLE,RELIABLE,RELIABLE,MOVING,MOVING,MOVING,STATIONARY,STATIONARY,STATIONARY,STATIONARY,STATIONARY,MOVING
16300,404,1,STILL,0.11871575,0.00095495,0.00804399,0.01346935,0.02214110,0.02387468,0.01953149,0.02229347,0.01147928,0.00899921,0.00834825,RELIABLE,RELIABLE,RELIABLE,RELIABLE,RELIABLE,RELIABLE,RELIABLE,RELIABLE,MOVING,MOVING,MOVING,STATIONARY,STATIONARY,STATIONARY,STATIONARY,STATIONARY,MOVING
16362,405,1,STILL,0.11815784,0.00160675,0.01359830,0.01226336,0.01745010,0.01905507,0.01627317,0.01758983,0.01020354,0.00901399,0.00727661,RELIABLE,RELIABLE,RELIABLE,RELIABLE,RELIABLE,RELIABLE,RELIABLE,RELIABLE,MOVING,STATIONARY,STATIONARY,STATIONARY,STATIONARY,STATIONARY,STATIONARY,STATIONARY,MOVING
16396,406,1,STILL,0.11756604,0.00080337,0.00683337,0.00903406,0.01209201,0.01301840,0.01198838,0.01374111,0.00842783,0.00808600,0.00689727,RELIABLE,RELIABLE,RELIABLE,RELIABLE,RELIABLE,RELIABLE,RELIABLE,RELIABLE,MOVING,STATIONARY,STATIONARY,STATIONARY,STATIONARY,STATIONARY,STATIONARY,STATIONARY,MOVING
16428,407,1,STILL,0.11642942,0.00137293,0.01179199,0.00847087,0.01096197,0.01179516,0.01154956,0.01357854,0.00879017,0.00783114,0.00753113,RELIABLE,RELIABLE,RELIABLE,RELIABLE,RELIABLE,RELIABLE,RELIABLE,RELIABLE,STATIONARY,STATIONARY,STATIONARY,STATIONARY,STATIONARY,STATIONARY,STATIONARY,STATIONARY,STATIONARY
16474,408,1,STILL,0.11545472,0.00068647,0.00594577,0.00811742,0.00993815,0.01122602,0.01001658,0.01208432,0.00779805,0.00664440,0.00699284,RELIABLE,RELIABLE,RELIABLE,RELIABLE,RELIABLE,RELIABLE,RELIABLE,RELIABLE,STATIONARY,STATIONARY,STATIONARY,STATIONARY,STATIONARY,STATIONARY,STATIONARY,STATIONARY,STATIONARY
16506,409,1,STILL,0.11546401,0.00090542,0.00784157,0.00854954,0.00971655,0.01125471,0.01015381,0.01163675,0.00758747,0.00654696,0.00719341,RELIABLE,RELIABLE,RELIABLE,RELIABLE,RELIABLE,RELIABLE,RELIABLE,RELIABLE,STATIONARY,STATIONARY,STATIONARY,STATIONARY,STATIONARY,STATIONARY,STATIONARY,STATIONARY,STATIONARY
16552,410,1,STILL,0.11571724,0.00045271,0.00391220,0.00784295,0.00813437,0.00946332,0.00956572,0.01016644,0.00712551,0.00592457,0.00717370,RELIABLE,RELIABLE,RELIABLE,RELIABLE,RELIABLE,RELIABLE,RELIABLE,RELIABLE,STATIONARY,STATIONARY,STATIONARY,STATIONARY,STATIONARY,STATIONARY,STATIONARY,STATIONARY,STATIONARY
16599,411,1,STILL,0.11649095,0.00114821,0.00985661,0.00847797,0.00918617,0.01004004,0.01053920,0.01012945,0.00760601,0.00584975,0.00740509,RELIABLE,RELIABLE,RELIABLE,RELIABLE,RELIABLE,RELIABLE,RELIABLE,RELIABLE,STATIONARY,STATIONARY,STATIONARY,STATIONARY,STATIONARY,STATIONARY,STATIONARY,STATIONARY,STATIONARY
16646,412,1,STILL,0.11720482,0.00057410,0.00489829,0.00808476,0.00936974,0.00970282,0.01017474,0.00894063,0.00722557,0.00572756,0.00663899,RELIABLE,RELIABLE,RELIABLE,RELIABLE,RELIABLE,RELIABLE,RELIABLE,RELIABLE,STATIONARY,STATIONARY,STATIONARY,STATIONARY,STATIONARY,STATIONARY,STATIONARY,STATIONARY,STATIONARY
16677,413,1,STILL,0.11718026,0.00129738,0.01107163,0.00776893,0.01000342,0.00969650,0.00980797,0.00816414,0.00679021,0.00667283,0.00673935,RELIABLE,RELIABLE,RELIABLE,RELIABLE,RELIABLE,RELIABLE,RELIABLE,RELIABLE,STATIONARY,STATIONARY,STATIONARY,STATIONARY,STATIONARY,STATIONARY,STATIONARY,STATIONARY,STATIONARY
16708,414,1,STILL,0.11698098,0.00064869,0.00554525,0.00760791,0.01031829,0.00969052,0.00962159,0.00777201,0.00656952,0.00726123,0.00684261,RELIABLE,RELIABLE,RELIABLE,RELIABLE,RELIABLE,RELIABLE,RELIABLE,RELIABLE,STATIONARY,STATIONARY,STATIONARY,STATIONARY,STATIONARY,STATIONARY,STATIONARY,STATIONARY,STATIONARY
16740,415,1,STILL,0.11661652,0.00042902,0.00367891,0.00659378,0.00885225,0.00790966,0.00818935,0.00695799,0.00562677,0.00757746,0.00634628,RELIABLE,RELIABLE,RELIABLE,RELIABLE,RELIABLE,RELIABLE,RELIABLE,RELIABLE,STATIONARY,STATIONARY,STATIONARY,STATIONARY,STATIONARY,STATIONARY,STATIONARY,STATIONARY,STATIONARY
16786,416,1,STILL,0.11630267,0.00021451,0.00184442,0.00608111,0.00811174,0.00701048,0.00746526,0.00654344,0.00514941,0.00780530,0.00607016,RELIABLE,RELIABLE,RELIABLE,RELIABLE,RELIABLE,RELIABLE,RELIABLE,RELIABLE,STATIONARY,STATIONARY,STATIONARY,STATIONARY,STATIONARY,STATIONARY,STATIONARY,STATIONARY,STATIONARY
16817,417,1,STILL,0.11645411,0.00135244,0.01161349,0.00655260,0.00911313,0.00765308,0.00746720,0.00615945,0.00538779,0.00818505,0.00697853,RELIABLE,RELIABLE,RELIABLE,RELIABLE,RELIABLE,RELIABLE,RELIABLE,RELIABLE,STATIONARY,STATIONARY,STATIONARY,STATIONARY,STATIONARY,STATIONARY,STATIONARY,STATIONARY,STATIONARY
16849,418,1,STILL,0.11668867,0.00067622,0.00579507,0.00678796,0.00961288,0.00797381,0.00746829,0.00596792,0.00550681,0.00840318,0.00764119,RELIABLE,RELIABLE,RELIABLE,RELIABLE,RELIABLE,RELIABLE,RELIABLE,RELIABLE,STATIONARY,STATIONARY,STATIONARY,STATIONARY,STATIONARY,STATIONARY,STATIONARY,STATIONARY,STATIONARY
16895,419,1,STILL,0.11704054,0.00134837,0.01152057,0.00699595,0.00804650,0.00726080,0.00807156,0.00574341,0.00579528,0.00945206,0.00797224,RELIABLE,RELIABLE,RELIABLE,RELIABLE,RELIABLE,RELIABLE,RELIABLE,RELIABLE,STATIONARY,STATIONARY,STATIONARY,STATIONARY,STATIONARY,STATIONARY,STATIONARY,STATIONARY,STATIONARY
16954,420,1,STILL,0.11767855,0.00150642,0.01280112,0.00798381,0.00894261,0.00910914,0.00843576,0.00602697,0.00643152,0.01039865,0.00864078,RELIABLE,RELIABLE,RELIABLE,RELIABLE,RELIABLE,RELIABLE,RELIABLE,RELIABLE,STATIONARY,STATIONARY,STATIONARY,STATIONARY,STATIONARY,STATIONARY,STATIONARY,STATIONARY,STATIONARY
16991,421,1,STILL,0.11823054,0.00075321,0.00637068,0.00739619,0.00774619,0.00876074,0.00776865,0.00523611,0.00582049,0.00928317,0.00812786,RELIABLE,RELIABLE,RELIABLE,RELIABLE,RELIABLE,RELIABLE,RELIABLE,RELIABLE,STATIONARY,STATIONARY,STATIONARY,STATIONARY,STATIONARY,STATIONARY,STATIONARY,STATIONARY,STATIONARY
17034,422,1,STILL,0.11767186,0.00166525,0.01415163,0.00847199,0.00854972,0.00954671,0.00825391,0.00643154,0.00654417,0.00950754,0.00806669,RELIABLE,RELIABLE,RELIABLE,RELIABLE,RELIABLE,RELIABLE,RELIABLE,RELIABLE,STATIONARY,STATIONARY,STATIONARY,STATIONARY,STATIONARY,STATIONARY,STATIONARY,STATIONARY,STATIONARY
17069,423,1,STILL,0.11697525,0.00083262,0.00711795,0.00890187,0.00903836,0.00993500,0.00814100,0.00589609,0.00649495,0.00943025,0.00773023,RELIABLE,RELIABLE,RELIABLE,RELIABLE,RELIABLE,RELIABLE,RELIABLE,RELIABLE,STATIONARY,STATIONARY,STATIONARY,STATIONARY,STATIONARY,STATIONARY,STATIONARY,STATIONARY,STATIONARY
17101,424,1,STILL,0.11661490,0.00062494,0.00535898,0.00934119,0.00972562,0.01075617,0.00844980,0.00586377,0.00661779,0.00996610,0.00874922,RELIABLE,RELIABLE,RELIABLE,RELIABLE,RELIABLE,RELIABLE,RELIABLE,RELIABLE,STATIONARY,STATIONARY,STATIONARY,STATIONARY,STATIONARY,STATIONARY,STATIONARY,STATIONARY,STATIONARY
17132,425,1,STILL,0.11642877,0.00031247,0.00268377,0.00822497,0.00840850,0.00976252,0.00733763,0.00572595,0.00591749,0.00945350,0.00789226,RELIABLE,RELIABLE,RELIABLE,RELIABLE,RELIABLE,RELIABLE,RELIABLE,RELIABLE,STATIONARY,STATIONARY,STATIONARY,STATIONARY,STATIONARY,STATIONARY,STATIONARY,STATIONARY,STATIONARY
17165,426,1,STILL,0.11633552,0.00072773,0.00625546,0.00828252,0.00833803,0.00978835,0.00721697,0.00639817,0.00659775,0.01006762,0.00724183,RELIABLE,RELIABLE,RELIABLE,RELIABLE,RELIABLE,RELIABLE,RELIABLE,RELIABLE,STATIONARY,STATIONARY,STATIONARY,STATIONARY,STATIONARY,STATIONARY,STATIONARY,STATIONARY,STATIONARY
17211,427,1,STILL,0.11628893,0.00036387,0.00312898,0.00723357,0.00827758,0.00920378,0.00528735,0.00616625,0.00599817,0.00919539,0.00663652,RELIABLE,RELIABLE,RELIABLE,RELIABLE,RELIABLE,RELIABLE,RELIABLE,RELIABLE,STATIONARY,STATIONARY,STATIONARY,STATIONARY,STATIONARY,STATIONARY,STATIONARY,STATIONARY,STATIONARY
17258,428,1,STILL,0.11601109,0.00127850,0.01102054,0.00701100,0.00780682,0.00756201,0.00499382,0.00612568,0.00535399,0.00802122,0.00658068,RELIABLE,RELIABLE,RELIABLE,RELIABLE,RELIABLE,RELIABLE,RELIABLE,RELIABLE,STATIONARY,STATIONARY,STATIONARY,STATIONARY,STATIONARY,STATIONARY,STATIONARY,STATIONARY,STATIONARY
17304,429,1,STILL,0.11574680,0.00063925,0.00552285,0.00690502,0.00757754,0.00674859,0.00485080,0.00610791,0.00503491,0.00730591,0.00657340,RELIABLE,RELIABLE,RELIABLE,RELIABLE,RELIABLE,RELIABLE,RELIABLE,RELIABLE,STATIONARY,STATIONARY,STATIONARY,STATIONARY,STATIONARY,STATIONARY,STATIONARY,STATIONARY,STATIONARY
17336,430,1,STILL,0.11580389,0.00058326,0.00503663,0.00576565,0.00661316,0.00603669,0.00497809,0.00506484,0.00460264,0.00724988,0.00646236,RELIABLE,RELIABLE,RELIABLE,RELIABLE,RELIABLE,RELIABLE,RELIABLE,RELIABLE,STATIONARY,STATIONARY,STATIONARY,STATIONARY,STATIONARY,STATIONARY,STATIONARY,STATIONARY,STATIONARY
17383,431,1,STILL,0.11592803,0.00029163,0.00251562,0.00519035,0.00612489,0.00567539,0.00503776,0.00453762,0.00438218,0.00719502,0.00639885,RELIABLE,RELIABLE,RELIABLE,RELIABLE,RELIABLE,RELIABLE,RELIABLE,RELIABLE,STATIONARY,STATIONARY,STATIONARY,STATIONARY,STATIONARY,STATIONARY,STATIONARY,STATIONARY,STATIONARY
17416,432,1,STILL,0.11580879,0.00130287,0.01125015,0.00592675,0.00652796,0.00548906,0.00534672,0.00535698,0.00516274,0.00727104,0.00614826,RELIABLE,RELIABLE,RELIABLE,RELIABLE,RELIABLE,RELIABLE,RELIABLE,RELIABLE,STATIONARY,STATIONARY,STATIONARY,STATIONARY,STATIONARY,STATIONARY,STATIONARY,STATIONARY,STATIONARY
17462,433,1,STILL,0.11567207,0.00065143,0.00563172,0.00629524,0.00672954,0.00539556,0.00550125,0.00576700,0.00555338,0.00731707,0.00593880,RELIABLE,RELIABLE,RELIABLE,RELIABLE,RELIABLE,RELIABLE,RELIABLE,RELIABLE,STATIONARY,STATIONARY,STATIONARY,STATIONARY,STATIONARY,STATIONARY,STATIONARY,STATIONARY,STATIONARY
17509,434,1,STILL,0.11614284,0.00115493,0.00994408,0.00675632,0.00709938,0.00528674,0.00582925,0.00644904,0.00538480,0.00730979,0.00666715,RELIABLE,RELIABLE,RELIABLE,RELIABLE,RELIABLE,RELIABLE,RELIABLE,RELIABLE,STATIONARY,STATIONARY,STATIONARY,STATIONARY,STATIONARY,STATIONARY,STATIONARY,STATIONARY,STATIONARY
17562,435,1,STILL,0.11631110,0.00187775,0.01614424,0.00838323,0.00874092,0.00648756,0.00636009,0.00704540,0.00567391,0.00785907,0.00718903,RELIABLE,RELIABLE,RELIABLE,RELIABLE,RELIABLE,RELIABLE,RELIABLE,RELIABLE,STATIONARY,STATIONARY,STATIONARY,STATIONARY,STATIONARY,STATIONARY,STATIONARY,STATIONARY,STATIONARY
17603,436,1,STILL,0.11636258,0.00093888,0.00806855,0.00801423,0.00832867,0.00623741,0.00589642,0.00687492,0.00567336,0.00853885,0.00672469,RELIABLE,RELIABLE,RELIABLE,RELIABLE,RELIABLE,RELIABLE,RELIABLE,RELIABLE,STATIONARY,STATIONARY,STATIONARY,STATIONARY,STATIONARY,STATIONARY,STATIONARY,STATIONARY,STATIONARY
17649,437,1,STILL,0.11647359,0.00169972,0.01459317,0.00914802,0.00957248,0.00848373,0.00617191,0.00803762,0.00638095,0.00996668,0.00719502,RELIABLE,RELIABLE,RELIABLE,RELIABLE,RELIABLE,RELIABLE,RELIABLE,RELIABLE,STATIONARY,STATIONARY,STATIONARY,STATIONARY,STATIONARY,STATIONARY,STATIONARY,STATIONARY,STATIONARY
17697,438,1,STILL,0.11657225,0.00084986,0.00729041,0.00942974,0.00963972,0.00894930,0.00529066,0.00806068,0.00597692,0.00954806,0.00731801,RELIABLE,RELIABLE,RELIABLE,RELIABLE,RELIABLE,RELIABLE,RELIABLE,RELIABLE,STATIONARY,STATIONARY,STATIONARY,STATIONARY,STATIONARY,STATIONARY,STATIONARY,STATIONARY,STATIONARY
17729,439,1,STILL,0.11621408,0.00207281,0.01783615,0.01134481,0.01023437,0.01041103,0.00681706,0.00907550,0.00698395,0.01102677,0.00955059,RELIABLE,RELIABLE,RELIABLE,RELIABLE,RELIABLE,RELIABLE,RELIABLE,RELIABLE,STATIONARY,STATIONARY,STATIONARY,STATIONARY,STATIONARY,STATIONARY,STATIONARY,STATIONARY,STATIONARY
17761,440,1,STILL,0.11583219,0.00103641,0.00894748,0.01105697,0.00944267,0.01052314,0.00693850,0.00826490,0.00645064,0.01131902,0.01002699,RELIABLE,RELIABLE,RELIABLE,RELIABLE,RELIABLE,RELIABLE,RELIABLE,RELIABLE,STATIONARY,STATIONARY,STATIONARY,STATIONARY,STATIONARY,STATIONARY,STATIONARY,STATIONARY,STATIONARY
17808,441,1,STILL,0.11647257,0.00169884,0.01458575,0.01217623,0.01000575,0.01117279,0.00763736,0.00948666,0.00736256,0.01190245,0.01081356,RELIABLE,RELIABLE,RELIABLE,RELIABLE,RELIABLE,RELIABLE,RELIABLE,RELIABLE,STATIONARY,STATIONARY,STATIONARY,STATIONARY,STATIONARY,STATIONARY,STATIONARY,STATIONARY,STATIONARY
17853,442,1,STILL,0.11721347,0.00084942,0.00724677,0.01183906,0.00942806,0.01103517,0.00729835,0.00887361,0.00714807,0.01133289,0.01048216,RELIABLE,RELIABLE,RELIABLE,RELIABLE,RELIABLE,RELIABLE,RELIABLE,RELIABLE,STATIONARY,STATIONARY,STATIONARY,STATIONARY,STATIONARY,STATIONARY,STATIONARY,STATIONARY,STATIONARY
17899,443,1,STILL,0.11743064,0.00165591,0.01410116,0.01158368,0.00876523,0.01046401,0.00828718,0.00920129,0.00759830,0.01143022,0.01054595,RELIABLE,RELIABLE,RELIABLE,RELIABLE,RELIABLE,RELIABLE,RELIABLE,RELIABLE,STATIONARY,STATIONARY,STATIONARY,STATIONARY,STATIONARY,STATIONARY,STATIONARY,STATIONARY,STATIONARY
17962,444,1,STILL,0.11729538,0.00129927,0.01107687,0.01195972,0.00969040,0.01160389,0.00854765,0.00934878,0.00771694,0.01218231,0.01071801,RELIABLE,RELIABLE,RELIABLE,RELIABLE,RELIABLE,RELIABLE,RELIABLE,RELIABLE,STATIONARY,STATIONARY,STATIONARY,STATIONARY,STATIONARY,STATIONARY,STATIONARY,STATIONARY,STATIONARY
18009,445,1,STILL,0.11710618,0.00064963,0.00554738,0.01082900,0.00870299,0.00980281,0.00817009,0.00817433,0.00706834,0.01173519,0.00999812,RELIABLE,RELIABLE,RELIABLE,RELIABLE,RELIABLE,RELIABLE,RELIABLE,RELIABLE,STATIONARY,STATIONARY,STATIONARY,STATIONARY,STATIONARY,STATIONARY,STATIONARY,STATIONARY,STATIONARY
18040,446,1,STILL,0.11717748,0.00101782,0.00868612,0.01100346,0.00934442,0.01014996,0.00893560,0.00798291,0.00702656,0.01173042,0.01025576,RELIABLE,RELIABLE,RELIABLE,RELIABLE,RELIABLE,RELIABLE,RELIABLE,RELIABLE,STATIONARY,STATIONARY,STATIONARY,STATIONARY,STATIONARY,STATIONARY,STATIONARY,STATIONARY,STATIONARY
18087,447,1,STILL,0.11729615,0.00050891,0.00433866,0.00931627,0.00910377,0.00909420,0.00735143,0.00688401,0.00579688,0.01003260,0.00828487,RELIABLE,RELIABLE,RELIABLE,RELIABLE,RELIABLE,RELIABLE,RELIABLE,RELIABLE,STATIONARY,STATIONARY,STATIONARY,STATIONARY,STATIONARY,STATIONARY,STATIONARY,STATIONARY,STATIONARY
18119,448,1,STILL,0.11767251,0.00084979,0.00722166,0.00910055,0.00931497,0.00869235,0.00721118,0.00666545,0.00620720,0.01068895,0.00846658,RELIABLE,RELIABLE,RELIABLE,RELIABLE,RELIABLE,RELIABLE,RELIABLE,RELIABLE,STATIONARY,STATIONARY,STATIONARY,STATIONARY,STATIONARY,STATIONARY,STATIONARY,STATIONARY,STATIONARY
18151,449,1,STILL,0.11802061,0.00042490,0.00360018,0.00772735,0.00845977,0.00789649,0.00650098,0.00492752,0.00523139,0.01072825,0.00809990,RELIABLE,RELIABLE,RELIABLE,RELIABLE,RELIABLE,RELIABLE,RELIABLE,RELIABLE,STATIONARY,STATIONARY,STATIONARY,STATIONARY,STATIONARY,STATIONARY,STATIONARY,STATIONARY,STATIONARY
18183,450,1,STILL,0.11778745,0.00116726,0.00990990,0.00806024,0.00861660,0.00850409,0.00711604,0.00511593,0.00596316,0.01105354,0.00875715,RELIABLE,RELIABLE,RELIABLE,RELIABLE,RELIABLE,RELIABLE,RELIABLE,RELIABLE,STATIONARY,STATIONARY,STATIONARY,STATIONARY,STATIONARY,STATIONARY,STATIONARY,STATIONARY,STATIONARY
18214,451,1,STILL,0.11746955,0.00058363,0.00496836,0.00691864,0.00761326,0.00805640,0.00589989,0.00432199,0.00539997,0.01017298,0.00883539,RELIABLE,RELIABLE,RELIABLE,RELIABLE,RELIABLE,RELIABLE,RELIABLE,RELIABLE,STATIONARY,STATIONARY,STATIONARY,STATIONARY,STATIONARY,STATIONARY,STATIONARY,STATIONARY,STATIONARY
18260,452,1,STILL,0.11685562,0.00084617,0.00724117,0.00643918,0.00589685,0.00695160,0.00771735,0.00432941,0.00565844,0.00968702,0.00856795,RELIABLE,RELIABLE,RELIABLE,RELIABLE,RELIABLE,RELIABLE,RELIABLE,RELIABLE,STATIONARY,STATIONARY,STATIONARY,STATIONARY,STATIONARY,STATIONARY,STATIONARY,STATIONARY,STATIONARY
18291,453,1,STILL,0.11632437,0.00042309,0.00363712,0.00620040,0.00503760,0.00639954,0.00863123,0.00433414,0.00578908,0.00933923,0.00843125,RELIABLE,RELIABLE,RELIABLE,RELIABLE,RELIABLE,RELIABLE,RELIABLE,RELIABLE,STATIONARY,STATIONARY,STATIONARY,STATIONARY,STATIONARY,STATIONARY,STATIONARY,STATIONARY,STATIONARY
18323,454,1,STILL,0.11654351,0.00098281,0.00843295,0.00616875,0.00425813,0.00486670,0.00888855,0.00428825,0.00647843,0.00975850,0.00972846,RELIABLE,RELIABLE,RELIABLE,RELIABLE,RELIABLE,RELIABLE,RELIABLE,RELIABLE,STATIONARY,STATIONARY,STATIONARY,STATIONARY,STATIONARY,STATIONARY,STATIONARY,STATIONARY,STATIONARY
18368,455,1,STILL,0.11689572,0.00049140,0.00420377,0.00615189,0.00386794,0.00410086,0.00901569,0.00426482,0.00682164,0.00990240,0.01063478,RELIABLE,RELIABLE,RELIABLE,RELIABLE,RELIABLE,RELIABLE,RELIABLE,RELIABLE,STATIONARY,STATIONARY,STATIONARY,STATIONARY,STATIONARY,STATIONARY,STATIONARY,STATIONARY,STATIONARY
18415,456,1,STILL,0.11701698,0.00057831,0.00494214,0.00586695,0.00356346,0.00404040,0.00896773,0.00446649,0.00638429,0.00857870,0.00979150,RELIABLE,RELIABLE,RELIABLE,RELIABLE,RELIABLE,RELIABLE,RELIABLE,RELIABLE,STATIONARY,STATIONARY,STATIONARY,STATIONARY,STATIONARY,STATIONARY,STATIONARY,STATIONARY,STATIONARY
18460,457,1,STILL,0.11705063,0.00028916,0.00247036,0.00572572,0.00341225,0.00401092,0.00894499,0.00456792,0.00616719,0.00771636,0.00923283,RELIABLE,RELIABLE,RELIABLE,RELIABLE,RELIABLE,RELIABLE,RELIABLE,RELIABLE,STATIONARY,STATIONARY,STATIONARY,STATIONARY,STATIONARY,STATIONARY,STATIONARY,STATIONARY,STATIONARY
18491,458,1,STILL,0.11679723,0.00141728,0.01213452,0.00600380,0.00345374,0.00435871,0.00856248,0.00384661,0.00534864,0.00772388,0.00798756,RELIABLE,RELIABLE,RELIABLE,RELIABLE,RELIABLE,RELIABLE,RELIABLE,RELIABLE,STATIONARY,STATIONARY,STATIONARY,STATIONARY,STATIONARY,STATIONARY,STATIONARY,STATIONARY,STATIONARY
18555,459,1,STILL,0.11643295,0.00089250,0.00766537,0.00634092,0.00341402,0.00436065,0.00845520,0.00417159,0.00566536,0.00860020,0.00817661,RELIABLE,RELIABLE,RELIABLE,RELIABLE,RELIABLE,RELIABLE,RELIABLE,RELIABLE,STATIONARY,STATIONARY,STATIONARY,STATIONARY,STATIONARY,STATIONARY,STATIONARY,STATIONARY,STATIONARY
18601,460,1,STILL,0.11613236,0.00044625,0.00384261,0.00591610,0.00335320,0.00381821,0.00621081,0.00394745,0.00539170,0.00837681,0.00849223,RELIABLE,RELIABLE,RELIABLE,RELIABLE,RELIABLE,RELIABLE,RELIABLE,RELIABLE,STATIONARY,STATIONARY,STATIONARY,STATIONARY,STATIONARY,STATIONARY,STATIONARY,STATIONARY,STATIONARY
18647,461,1,STILL,0.11639068,0.00101395,0.00871160,0.00655041,0.00381252,0.00457032,0.00618274,0.00456832,0.00564715,0.00849275,0.00890131,RELIABLE,RELIABLE,RELIABLE,RELIABLE,RELIABLE,RELIABLE,RELIABLE,RELIABLE,STATIONARY,STATIONARY,STATIONARY,STATIONARY,STATIONARY,STATIONARY,STATIONARY,STATIONARY,STATIONARY
18679,462,1,STILL,0.11672415,0.00050697,0.00434336,0.00603922,0.00325690,0.00495498,0.00541259,0.00453046,0.00486778,0.00756835,0.00708585,RELIABLE,RELIABLE,RELIABLE,RELIABLE,RELIABLE,RELIABLE,RELIABLE,RELIABLE,STATIONARY,STATIONARY,STATIONARY,STATIONARY,STATIONARY,STATIONARY,STATIONARY,STATIONARY,STATIONARY
18710,463,1,STILL,0.11694261,0.00067655,0.00578529,0.00623691,0.00405770,0.00592008,0.00570540,0.00491203,0.00479891,0.00765917,0.00653040,RELIABLE,RELIABLE,RELIABLE,RELIABLE,RELIABLE,RELIABLE,RELIABLE,RELIABLE,STATIONARY,STATIONARY,STATIONARY,STATIONARY,STATIONARY,STATIONARY,STATIONARY,STATIONARY,STATIONARY
18758,464,1,STILL,0.11707827,0.00033827,0.00288929,0.00598030,0.00423353,0.00595037,0.00530740,0.00455588,0.00434562,0.00737585,0.00608291,RELIABLE,RELIABLE,RELIABLE,RELIABLE,RELIABLE,RELIABLE,RELIABLE,RELIABLE,STATIONARY,STATIONARY,STATIONARY,STATIONARY,STATIONARY,STATIONARY,STATIONARY,STATIONARY,STATIONARY
18804,465,1,STILL,0.11716974,0.00056900,0.00485621,0.00627853,0.00443825,0.00638677,0.00575402,0.00480598,0.00472330,0.00798304,0.00632108,RELIABLE,RELIABLE,RELIABLE,RELIABLE,RELIABLE,RELIABLE,RELIABLE,RELIABLE,STATIONARY,STATIONARY,STATIONARY,STATIONARY,STATIONARY,STATIONARY,STATIONARY,STATIONARY,STATIONARY
18836,466,1,STILL,0.11722755,0.00028450,0.00242691,0.00506508,0.00384284,0.00524016,0.00538182,0.00465178,0.00440715,0.00753003,0.00646066,RELIABLE,RELIABLE,RELIABLE,RELIABLE,RELIABLE,RELIABLE,RELIABLE,RELIABLE,STATIONARY,STATIONARY,STATIONARY,STATIONARY,STATIONARY,STATIONARY,STATIONARY,STATIONARY,STATIONARY
18869,467,1,STILL,0.11732495,0.00092748,0.00790518,0.00509506,0.00476993,0.00584388,0.00577548,0.00413180,0.00395068,0.00689292,0.00611465,RELIABLE,RELIABLE,RELIABLE,RELIABLE,RELIABLE,RELIABLE,RELIABLE,RELIABLE,STATIONARY,STATIONARY,STATIONARY,STATIONARY,STATIONARY,STATIONARY,STATIONARY,STATIONARY,STATIONARY
18914,468,1,STILL,0.11740808,0.00046374,0.00394979,0.00510846,0.00523258,0.00614458,0.00597135,0.00387049,0.00372085,0.00650064,0.00588473,RELIABLE,RELIABLE,RELIABLE,RELIABLE,RELIABLE,RELIABLE,RELIABLE,RELIABLE,STATIONARY,STATIONARY,STATIONARY,STATIONARY,STATIONARY,STATIONARY,STATIONARY,STATIONARY,STATIONARY
18946,469,1,STILL,0.11767779,0.00180388,0.01532898,0.00593563,0.00566736,0.00677179,0.00588503,0.00417758,0.00499653,0.00769454,0.00683625,RELIABLE,RELIABLE,RELIABLE,RELIABLE,RELIABLE,RELIABLE,RELIABLE,RELIABLE,STATIONARY,STATIONARY,STATIONARY,STATIONARY,STATIONARY,STATIONARY,STATIONARY,STATIONARY,STATIONARY
18978,470,1,STILL,0.11794285,0.00090194,0.00764726,0.00634861,0.00588443,0.00708505,0.00584234,0.00433107,0.00563313,0.00848317,0.00736973,RELIABLE,RELIABLE,RELIABLE,RELIABLE,RELIABLE,RELIABLE,RELIABLE,RELIABLE,STATIONARY,STATIONARY,STATIONARY,STATIONARY,STATIONARY,STATIONARY,STATIONARY,STATIONARY,STATIONARY
19025,471,1,STILL,0.11767275,0.00102100,0.00867663,0.00671003,0.00586546,0.00656344,0.00610047,0.00465505,0.00649300,0.00896662,0.00691172,RELIABLE,RELIABLE,RELIABLE,RELIABLE,RELIABLE,RELIABLE,RELIABLE,RELIABLE,STATIONARY,STATIONARY,STATIONARY,STATIONARY,STATIONARY,STATIONARY,STATIONARY,STATIONARY,STATIONARY
19082,472,1,STILL,0.11751895,0.00167730,0.01427259,0.00813294,0.00733448,0.00776307,0.00611852,0.00493459,0.00674136,0.00973415,0.00688356,RELIABLE,RELIABLE,RELIABLE,RELIABLE,RELIABLE,RELIABLE,RELIABLE,RELIABLE,STATIONARY,STATIONARY,STATIONARY,STATIONARY,STATIONARY,STATIONARY,STATIONARY,STATIONARY,STATIONARY
19118,473,1,STILL,0.11743348,0.00083865,0.00714149,0.00841860,0.00795300,0.00794232,0.00548224,0.00464651,0.00626150,0.00949461,0.00633614,RELIABLE,RELIABLE,RELIABLE,RELIABLE,RELIABLE,RELIABLE,RELIABLE,RELIABLE,STATIONARY,STATIONARY,STATIONARY,STATIONARY,STATIONARY,STATIONARY,STATIONARY,STATIONARY,STATIONARY
19150,474,1,STILL,0.11720774,0.00030361,0.00259037,0.00843904,0.00803630,0.00799454,0.00683920,0.00518778,0.00660490,0.01009471,0.00666961,RELIABLE,RELIABLE,RELIABLE,RELIABLE,RELIABLE,RELIABLE,RELIABLE,RELIABLE,STATIONARY,STATIONARY,STATIONARY,STATIONARY,STATIONARY,STATIONARY,STATIONARY,STATIONARY,STATIONARY
19181,475,1,STILL,0.11700581,0.00015181,0.00129742,0.00761306,0.00691285,0.00701436,0.00685387,0.00521480,0.00634758,0.01007946,0.00636727,RELIABLE,RELIABLE,RELIABLE,RELIABLE,RELIABLE,RELIABLE,RELIABLE,RELIABLE,STATIONARY,STATIONARY,STATIONARY,STATIONARY,STATIONARY,STATIONARY,STATIONARY,STATIONARY,STATIONARY
19229,476,1,STILL,0.11654834,0.00108713,0.00932768,0.00828530,0.00806926,0.00787035,0.00783865,0.00554675,0.00683663,0.01094078,0.00678336,RELIABLE,RELIABLE,RELIABLE,RELIABLE,RELIABLE,RELIABLE,RELIABLE,RELIABLE,STATIONARY,STATIONARY,STATIONARY,STATIONARY,STATIONARY,STATIONARY,STATIONARY,STATIONARY,STATIONARY
19275,477,1,STILL,0.11614135,0.00054356,0.00468018,0.00695420,0.00795689,0.00679879,0.00741798,0.00454141,0.00529783,0.00975721,0.00572346,RELIABLE,RELIABLE,RELIABLE,RELIABLE,RELIABLE,RELIABLE,RELIABLE,RELIABLE,STATIONARY,STATIONARY,STATIONARY,STATIONARY,STATIONARY,STATIONARY,STATIONARY,STATIONARY,STATIONARY
19321,478,1,STILL,0.11618540,0.00053229,0.00458140,0.00657097,0.00767457,0.00618354,0.00754514,0.00472530,0.00483215,0.00907386,0.00523743,RELIABLE,RELIABLE,RELIABLE,RELIABLE,RELIABLE,RELIABLE,RELIABLE,RELIABLE,STATIONARY,STATIONARY,STATIONARY,STATIONARY,STATIONARY,STATIONARY,STATIONARY,STATIONARY,STATIONARY
19353,479,1,STILL,0.11633164,0.00026615,0.00228782,0.00577237,0.00658344,0.00578151,0.00665301,0.00416980,0.00373827,0.00807042,0.00502373,RELIABLE,RELIABLE,RELIABLE,RELIABLE,RELIABLE,RELIABLE,RELIABLE,RELIABLE,STATIONARY,STATIONARY,STATIONARY,STATIONARY,STATIONARY,STATIONARY,STATIONARY,STATIONARY,STATIONARY
19385,480,1,STILL,0.11682865,0.00107415,0.00919422,0.00513757,0.00619397,0.00529103,0.00718739,0.00466304,0.00470823,0.00792614,0.00572242,RELIABLE,RELIABLE,RELIABLE,RELIABLE,RELIABLE,RELIABLE,RELIABLE,RELIABLE,STATIONARY,STATIONARY,STATIONARY,STATIONARY,STATIONARY,STATIONARY,STATIONARY,STATIONARY,STATIONARY
19417,481,1,STILL,0.11728963,0.00053707,0.00457904,0.00481727,0.00599517,0.00504272,0.00745235,0.00490730,0.00519016,0.00769520,0.00614404,RELIABLE,RELIABLE,RELIABLE,RELIABLE,RELIABLE,RELIABLE,RELIABLE,RELIABLE,STATIONARY,STATIONARY,STATIONARY,STATIONARY,STATIONARY,STATIONARY,STATIONARY,STATIONARY,STATIONARY
19464,482,1,STILL,0.11772475,0.00026538,0.00225420,0.00477525,0.00583944,0.00495982,0.00683542,0.00582284,0.00568828,0.00761558,0.00620004,RELIABLE,RELIABLE,RELIABLE,RELIABLE,RELIABLE,RELIABLE,RELIABLE,RELIABLE,STATIONARY,STATIONARY,STATIONARY,STATIONARY,STATIONARY,STATIONARY,STATIONARY,STATIONARY,STATIONARY
19496,483,1,STILL,0.11804463,0.00013269,0.00112405,0.00475357,0.00576114,0.00491760,0.00652380,0.00627752,0.00593510,0.00745647,0.00621521,RELIABLE,RELIABLE,RELIABLE,RELIABLE,RELIABLE,RELIABLE,RELIABLE,RELIABLE,STATIONARY,STATIONARY,STATIONARY,STATIONARY,STATIONARY,STATIONARY,STATIONARY,STATIONARY,STATIONARY
19528,484,1,STILL,0.11754271,0.00173697,0.01477733,0.00543478,0.00540652,0.00519288,0.00606901,0.00633274,0.00617170,0.00711778,0.00667572,RELIABLE,RELIABLE,RELIABLE,RELIABLE,RELIABLE,RELIABLE,RELIABLE,RELIABLE,STATIONARY,STATIONARY,STATIONARY,STATIONARY,STATIONARY,STATIONARY,STATIONARY,STATIONARY,STATIONARY
19574,485,1,STILL,0.11696122,0.00086848,0.00742540,0.00577793,0.00522965,0.00533226,0.00584153,0.00636088,0.00629116,0.00687392,0.00698874,RELIABLE,RELIABLE,RELIABLE,RELIABLE,RELIABLE,RELIABLE,RELIABLE,RELIABLE,STATIONARY,STATIONARY,STATIONARY,STATIONARY,STATIONARY,STATIONARY,STATIONARY,STATIONARY,STATIONARY
19606,486,1,STILL,0.11596707,0.00081487,0.00702671,0.00608360,0.00594886,0.00613057,0.00571102,0.00652496,0.00708575,0.00737056,0.00732767,RELIABLE,RELIABLE,RELIABLE,RELIABLE,RELIABLE,RELIABLE,RELIABLE,RELIABLE,STATIONARY,STATIONARY,STATIONARY,STATIONARY,STATIONARY,STATIONARY,STATIONARY,STATIONARY,STATIONARY
19637,487,1,STILL,0.11511862,0.00040743,0.00353925,0.00624003,0.00631207,0.00653387,0.00564828,0.00661113,0.00748813,0.00762284,0.00753298,RELIABLE,RELIABLE,RELIABLE,RELIABLE,RELIABLE,RELIABLE,RELIABLE,RELIABLE,STATIONARY,STATIONARY,STATIONARY,STATIONARY,STATIONARY,STATIONARY,STATIONARY,STATIONARY,STATIONARY
19668,488,1,STILL,0.11495164,0.00044328,0.00385620,0.00557277,0.00485299,0.00557890,0.00547875,0.00638855,0.00669132,0.00721375,0.00785725,RELIABLE,RELIABLE,RELIABLE,RELIABLE,RELIABLE,RELIABLE,RELIABLE,RELIABLE,STATIONARY,STATIONARY,STATIONARY,STATIONARY,STATIONARY,STATIONARY,STATIONARY,STATIONARY,STATIONARY
19714,489,1,STILL,0.11499732,0.00022164,0.00192733,0.00524131,0.00412673,0.00510380,0.00539586,0.00627923,0.00629565,0.00704289,0.00810555,RELIABLE,RELIABLE,RELIABLE,RELIABLE,RELIABLE,RELIABLE,RELIABLE,RELIABLE,STATIONARY,STATIONARY,STATIONARY,STATIONARY,STATIONARY,STATIONARY,STATIONARY,STATIONARY,STATIONARY
19746,490,1,STILL,0.11533503,0.00171872,0.01490201,0.00682229,0.00537989,0.00652578,0.00495174,0.00541513,0.00586364,0.00690367,0.00829567,RELIABLE,RELIABLE,RELIABLE,RELIABLE,RELIABLE,RELIABLE,RELIABLE,RELIABLE,STATIONARY,STATIONARY,STATIONARY,STATIONARY,STATIONARY,STATIONARY,STATIONARY,STATIONARY,STATIONARY
19777,491,1,STILL,0.11566233,0.00085936,0.00742992,0.00761052,0.00600469,0.00723474,0.00473024,0.00498419,0.00564817,0.00687074,0.00846559,RELIABLE,RELIABLE,RELIABLE,RELIABLE,RELIABLE,RELIABLE,RELIABLE,RELIABLE,STATIONARY,STATIONARY,STATIONARY,STATIONARY,STATIONARY,STATIONARY,STATIONARY,STATIONARY,STATIONARY
19808,492,1,STILL,0.11589396,0.00151867,0.01310395,0.00740135,0.00638350,0.00807978,0.00492694,0.00553255,0.00542506,0.00827968,0.00824563,RELIABLE,RELIABLE,RELIABLE,RELIABLE,RELIABLE,RELIABLE,RELIABLE,RELIABLE,STATIONARY,STATIONARY,STATIONARY,STATIONARY,STATIONARY,STATIONARY,STATIONARY,STATIONARY,STATIONARY
19840,493,1,STILL,0.11604501,0.00075933,0.00654345,0.00729110,0.00656816,0.00849636,0.00502210,0.00580454,0.00531041,0.00924848,0.00811823,RELIABLE,RELIABLE,RELIABLE,RELIABLE,RELIABLE,RELIABLE,RELIABLE,RELIABLE,STATIONARY,STATIONARY,STATIONARY,STATIONARY,STATIONARY,STATIONARY,STATIONARY,STATIONARY,STATIONARY
19871,494,1,STILL,0.11639566,0.00042037,0.00361153,0.00686420,0.00642565,0.00801403,0.00510673,0.00564085,0.00462684,0.00942413,0.00824440,RELIABLE,RELIABLE,RELIABLE,RELIABLE,RELIABLE,RELIABLE,RELIABLE,RELIABLE,STATIONARY,STATIONARY,STATIONARY,STATIONARY,STATIONARY,STATIONARY,STATIONARY,STATIONARY,STATIONARY
19903,495,1,STILL,0.11670854,0.00021018,0.00180092,0.00664691,0.00634985,0.00776808,0.00514610,0.00555429,0.00427946,0.00957679,0.00837774,RELIABLE,RELIABLE,RELIABLE,RELIABLE,RELIABLE,RELIABLE,RELIABLE,RELIABLE,STATIONARY,STATIONARY,STATIONARY,STATIONARY,STATIONARY,STATIONARY,STATIONARY,STATIONARY,STATIONARY
19935,496,1,STILL,0.11736389,0.00131634,0.01121590,0.00756688,0.00842373,0.00942050,0.00532534,0.00545922,0.00436663,0.00980389,0.00736941,RELIABLE,RELIABLE,RELIABLE,RELIABLE,RELIABLE,RELIABLE,RELIABLE,RELIABLE,STATIONARY,STATIONARY,STATIONARY,STATIONARY,STATIONARY,STATIONARY,STATIONARY,STATIONARY,STATIONARY
19982,497,1,STILL,0.11794160,0.00065817,0.00558048,0.00802352,0.00945507,0.01024202,0.00541255,0.00540996,0.00440850,0.00992011,0.00670333,RELIABLE,RELIABLE,RELIABLE,RELIABLE,RELIABLE,RELIABLE,RELIABLE,RELIABLE,STATIONARY,STATIONARY,STATIONARY,STATIONARY,STATIONARY,STATIONARY,STATIONARY,STATIONARY,STATIONARY
20014,498,1,STILL,0.11755492,0.00192701,0.01639241,0.00820982,0.00885286,0.01031015,0.00611875,0.00555048,0.00533797,0.01045928,0.00656141,RELIABLE,RELIABLE,RELIABLE,RELIABLE,RELIABLE,RELIABLE,RELIABLE,RELIABLE,STATIONARY,STATIONARY,STATIONARY,STATIONARY,STATIONARY,STATIONARY,STATIONARY,STATIONARY,STATIONARY
20075,499,1,STILL,0.11748471,0.00095188,0.00810213,0.00829385,0.00839247,0.01019861,0.00689286,0.00556558,0.00537988,0.01044519,0.00666797,RELIABLE,RELIABLE,RELIABLE,RELIABLE,RELIABLE,RELIABLE,RELIABLE,RELIABLE,STATIONARY,STATIONARY,STATIONARY,STATIONARY,STATIONARY,STATIONARY,STATIONARY,STATIONARY,STATIONARY
20110,500,1,STILL,0.11751274,0.00047594,0.00405010,0.00716211,0.00669362,0.00801014,0.00629420,0.00466306,0.00478549,0.00840336,0.00605410,RELIABLE,RELIABLE,RELIABLE,RELIABLE,RELIABLE,RELIABLE,RELIABLE,RELIABLE,STATIONARY,STATIONARY,STATIONARY,STATIONARY,STATIONARY,STATIONARY,STATIONARY,STATIONARY,STATIONARY
20156,501,1,STILL,0.11722009,0.00101347,0.00864589,0.00742492,0.00709661,0.00821204,0.00713656,0.00491243,0.00537501,0.00802158,0.00611351,RELIABLE,RELIABLE,RELIABLE,RELIABLE,RELIABLE,RELIABLE,RELIABLE,RELIABLE,STATIONARY,STATIONARY,STATIONARY,STATIONARY,STATIONARY,STATIONARY,STATIONARY,STATIONARY,STATIONARY
20188,502,1,STILL,0.11692120,0.00050674,0.00433400,0.00751523,0.00695424,0.00835838,0.00720307,0.00450269,0.00526090,0.00746023,0.00566112,RELIABLE,RELIABLE,RELIABLE,RELIABLE,RELIABLE,RELIABLE,RELIABLE,RELIABLE,STATIONARY,STATIONARY,STATIONARY,STATIONARY,STATIONARY,STATIONARY,STATIONARY,STATIONARY,STATIONARY
20220,503,1,STILL,0.11713732,0.00058029,0.00495393,0.00790935,0.00740432,0.00894422,0.00776455,0.00517409,0.00603293,0.00796597,0.00728242,RELIABLE,RELIABLE,RELIABLE,RELIABLE,RELIABLE,RELIABLE,RELIABLE,RELIABLE,STATIONARY,STATIONARY,STATIONARY,STATIONARY,STATIONARY,STATIONARY,STATIONARY,STATIONARY,STATIONARY
20252,504,1,STILL,0.11742842,0.00029014,0.00247082,0.00681622,0.00552332,0.00744694,0.00715395,0.00493773,0.00581971,0.00774694,0.00817914,RELIABLE,RELIABLE,RELIABLE,RELIABLE,RELIABLE,RELIABLE,RELIABLE,RELIABLE,STATIONARY,STATIONARY,STATIONARY,STATIONARY,STATIONARY,STATIONARY,STATIONARY,STATIONARY,STATIONARY
20283,505,1,STILL,0.11781228,0.00083274,0.00706839,0.00700221,0.00527451,0.00742160,0.00822431,0.00604820,0.00660231,0.00854012,0.00867771,RELIABLE,RELIABLE,RELIABLE,RELIABLE,RELIABLE,RELIABLE,RELIABLE,RELIABLE,STATIONARY,STATIONARY,STATIONARY,STATIONARY,STATIONARY,STATIONARY,STATIONARY,STATIONARY,STATIONARY
20315,506,1,STILL,0.11812469,0.00041637,0.00352485,0.00539376,0.00493289,0.00608711,0.00757199,0.00576718,0.00547741,0.00783185,0.00820899,RELIABLE,RELIABLE,RELIABLE,RELIABLE,RELIABLE,RELIABLE,RELIABLE,RELIABLE,STATIONARY,STATIONARY,STATIONARY,STATIONARY,STATIONARY,STATIONARY,STATIONARY,STATIONARY,STATIONARY
20346,507,1,STILL,0.11832064,0.00077273,0.00653080,0.00519735,0.00602102,0.00683305,0.00801450,0.00614233,0.00577035,0.00825446,0.00833926,RELIABLE,RELIABLE,RELIABLE,RELIABLE,RELIABLE,RELIABLE,RELIABLE,RELIABLE,STATIONARY,STATIONARY,STATIONARY,STATIONARY,STATIONARY,STATIONARY,STATIONARY,STATIONARY,STATIONARY
20378,508,1,STILL,0.11843875,0.00038636,0.00326214,0.00509885,0.00656445,0.00720537,0.00823510,0.00632955,0.00591650,0.00851068,0.00839225,RELIABLE,RELIABLE,RELIABLE,RELIABLE,RELIABLE,RELIABLE,RELIABLE,RELIABLE,STATIONARY,STATIONARY,STATIONARY,STATIONARY,STATIONARY,STATIONARY,STATIONARY,STATIONARY,STATIONARY
20410,509,1,STILL,0.11769504,0.00151235,0.01284971,0.00562433,0.00664537,0.00740826,0.00770785,0.00656450,0.00587199,0.00815617,0.00842446,RELIABLE,RELIABLE,RELIABLE,RELIABLE,RELIABLE,RELIABLE,RELIABLE,RELIABLE,STATIONARY,STATIONARY,STATIONARY,STATIONARY,STATIONARY,STATIONARY,STATIONARY,STATIONARY,STATIONARY
20456,510,1,STILL,0.11692206,0.00075617,0.00646733,0.00589100,0.00668875,0.00751339,0.00744537,0.00668440,0.00585160,0.00796647,0.00847359,RELIABLE,RELIABLE,RELIABLE,RELIABLE,RELIABLE,RELIABLE,RELIABLE,RELIABLE,STATIONARY,STATIONARY,STATIONARY,STATIONARY,STATIONARY,STATIONARY,STATIONARY,STATIONARY,STATIONARY
20502,511,1,STILL,0.11704944,0.00100521,0.00858792,0.00634525,0.00665914,0.00768794,0.00745343,0.00660279,0.00553891,0.00798644,0.00677483,RELIABLE,RELIABLE,RELIABLE,RELIABLE,RELIABLE,RELIABLE,RELIABLE,RELIABLE,STATIONARY,STATIONARY,STATIONARY,STATIONARY,STATIONARY,STATIONARY,STATIONARY,STATIONARY,STATIONARY
20534,512,1,STILL,0.11737092,0.00050261,0.00428220,0.00657167,0.00664426,0.00777486,0.00745734,0.00656195,0.00538285,0.00799865,0.00562603,RELIABLE,RELIABLE,RELIABLE,RELIABLE,RELIABLE,RELIABLE,RELIABLE,RELIABLE,STATIONARY,STATIONARY,STATIONARY,STATIONARY,STATIONARY,STATIONARY,STATIONARY,STATIONARY,STATIONARY
20581,513,1,STILL,0.11774114,0.00116248,0.00987319,0.00692227,0.00683724,0.00825632,0.00653590,0.00599282,0.00480996,0.00782813,0.00609523,RELIABLE,RELIABLE,RELIABLE,RELIABLE,RELIABLE,RELIABLE,RELIABLE,RELIABLE,STATIONARY,STATIONARY,STATIONARY,STATIONARY,STATIONARY,STATIONARY,STATIONARY,STATIONARY,STATIONARY
20627,514,1,STILL,0.11803108,0.00058124,0.00492447,0.00709722,0.00693358,0.00849655,0.00607646,0.00570909,0.00452433,0.00771426,0.00645081,RELIABLE,RELIABLE,RELIABLE,RELIABLE,RELIABLE,RELIABLE,RELIABLE,RELIABLE,STATIONARY,STATIONARY,STATIONARY,STATIONARY,STATIONARY,STATIONARY,STATIONARY,STATIONARY,STATIONARY
20674,515,1,STILL,0.11819241,0.00033831,0.00286234,0.00663866,0.00595680,0.00734947,0.00623299,0.00567498,0.00520561,0.00816302,0.00682167,RELIABLE,RELIABLE,RELIABLE,RELIABLE,RELIABLE,RELIABLE,RELIABLE,RELIABLE,STATIONARY,STATIONARY,STATIONARY,STATIONARY,STATIONARY,STATIONARY,STATIONARY,STATIONARY,STATIONARY
20705,516,1,STILL,0.11828724,0.00016915,0.00143002,0.00640965,0.00546893,0.00677654,0.00631134,0.00565802,0.00554605,0.00842977,0.00701196,RELIABLE,RELIABLE,RELIABLE,RELIABLE,RELIABLE,RELIABLE,RELIABLE,RELIABLE,STATIONARY,STATIONARY,STATIONARY,STATIONARY,STATIONARY,STATIONARY,STATIONARY,STATIONARY,STATIONARY
20752,517,1,STILL,0.11781564,0.00067828,0.00575711,0.00552307,0.00489544,0.00575337,0.00583283,0.00559494,0.00556289,0.00925625,0.00704938,RELIABLE,RELIABLE,RELIABLE,RELIABLE,RELIABLE,RELIABLE,RELIABLE,RELIABLE,STATIONARY,STATIONARY,STATIONARY,STATIONARY,STATIONARY,STATIONARY,STATIONARY,STATIONARY,STATIONARY
20811,518,1,STILL,0.11783990,0.00069569,0.00590368,0.00545262,0.00461667,0.00560134,0.00670484,0.00637128,0.00563160,0.00954848,0.00740541,RELIABLE,RELIABLE,RELIABLE,RELIABLE,RELIABLE,RELIABLE,RELIABLE,RELIABLE,STATIONARY,STATIONARY,STATIONARY,STATIONARY,STATIONARY,STATIONARY,STATIONARY,STATIONARY,STATIONARY
20845,519,1,STILL,0.11798226,0.00034784,0.00294828,0.00474766,0.00400813,0.00489104,0.00647339,0.00602506,0.00513986,0.00876009,0.00746557,RELIABLE,RELIABLE,RELIABLE,RELIABLE,RELIABLE,RELIABLE,RELIABLE,RELIABLE,STATIONARY,STATIONARY,STATIONARY,STATIONARY,STATIONARY,STATIONARY,STATIONARY,STATIONARY,STATIONARY
20891,520,1,STILL,0.11775052,0.00153056,0.01299833,0.00583718,0.00535235,0.00624441,0.00760501,0.00697948,0.00548458,0.00866948,0.00822858,RELIABLE,RELIABLE,RELIABLE,RELIABLE,RELIABLE,RELIABLE,RELIABLE,RELIABLE,STATIONARY,STATIONARY,STATIONARY,STATIONARY,STATIONARY,STATIONARY,STATIONARY,STATIONARY,STATIONARY
20937,521,1,STILL,0.11748568,0.00076528,0.00651381,0.00541726,0.00513996,0.00576666,0.00772290,0.00678029,0.00526526,0.00788255,0.00760614,RELIABLE,RELIABLE,RELIABLE,RELIABLE,RELIABLE,RELIABLE,RELIABLE,RELIABLE,STATIONARY,STATIONARY,STATIONARY,STATIONARY,STATIONARY,STATIONARY,STATIONARY,STATIONARY,STATIONARY
20969,522,1,STILL,0.11749825,0.00113526,0.00966193,0.00600944,0.00658098,0.00684940,0.00882787,0.00693888,0.00612299,0.00818696,0.00792368,RELIABLE,RELIABLE,RELIABLE,RELIABLE,RELIABLE,RELIABLE,RELIABLE,RELIABLE,STATIONARY,STATIONARY,STATIONARY,STATIONARY,STATIONARY,STATIONARY,STATIONARY,STATIONARY,STATIONARY
21015,523,1,STILL,0.11757781,0.00056763,0.00482770,0.00625511,0.00722808,0.00739222,0.00780498,0.00645096,0.00529590,0.00725890,0.00731159,RELIABLE,RELIABLE,RELIABLE,RELIABLE,RELIABLE,RELIABLE,RELIABLE,RELIABLE,STATIONARY,STATIONARY,STATIONARY,STATIONARY,STATIONARY,STATIONARY,STATIONARY,STATIONARY,STATIONARY
21048,524,1,STILL,0.11759640,0.00141143,0.01200235,0.00757665,0.00800330,0.00881842,0.00786712,0.00671083,0.00530514,0.00744627,0.00812947,RELIABLE,RELIABLE,RELIABLE,RELIABLE,RELIABLE,RELIABLE,RELIABLE,RELIABLE,STATIONARY,STATIONARY,STATIONARY,STATIONARY,STATIONARY,STATIONARY,STATIONARY,STATIONARY,STATIONARY
21083,525,1,STILL,0.11641550,0.00178779,0.01535695,0.00877663,0.00847312,0.00895260,0.00842544,0.00679280,0.00568453,0.00718737,0.00775924,RELIABLE,RELIABLE,RELIABLE,RELIABLE,RELIABLE,RELIABLE,RELIABLE,RELIABLE,STATIONARY,STATIONARY,STATIONARY,STATIONARY,STATIONARY,STATIONARY,STATIONARY,STATIONARY,STATIONARY
21126,526,1,STILL,0.11523015,0.00089389,0.00775746,0.00900835,0.00870209,0.00865866,0.00759539,0.00602792,0.00581771,0.00722166,0.00716894,RELIABLE,RELIABLE,RELIABLE,RELIABLE,RELIABLE,RELIABLE,RELIABLE,RELIABLE,STATIONARY,STATIONARY,STATIONARY,STATIONARY,STATIONARY,STATIONARY,STATIONARY,STATIONARY,STATIONARY
21158,527,1,STILL,0.11434007,0.00044695,0.00390892,0.00912843,0.00881935,0.00851368,0.00718309,0.00564837,0.00588728,0.00720069,0.00676776,RELIABLE,RELIABLE,RELIABLE,RELIABLE,RELIABLE,RELIABLE,RELIABLE,RELIABLE,STATIONARY,STATIONARY,STATIONARY,STATIONARY,STATIONARY,STATIONARY,STATIONARY,STATIONARY,STATIONARY
21190,528,1,STILL,0.11499185,0.00121707,0.01058394,0.00882663,0.00733532,0.00776513,0.00740609,0.00507076,0.00650281,0.00823079,0.00660111,RELIABLE,RELIABLE,RELIABLE,RELIABLE,RELIABLE,RELIABLE,RELIABLE,RELIABLE,STATIONARY,STATIONARY,STATIONARY,STATIONARY,STATIONARY,STATIONARY,STATIONARY,STATIONARY,STATIONARY
21221,529,1,STILL,0.11586630,0.00060853,0.00525203,0.00866891,0.00659032,0.00738447,0.00750902,0.00477702,0.00680470,0.00883147,0.00649420,RELIABLE,RELIABLE,RELIABLE,RELIABLE,RELIABLE,RELIABLE,RELIABLE,RELIABLE,STATIONARY,STATIONARY,STATIONARY,STATIONARY,STATIONARY,STATIONARY,STATIONARY,STATIONARY,STATIONARY
21267,530,1,STILL,0.11643032,0.00138279,0.01187659,0.00894574,0.00690025,0.00758316,0.00757941,0.00498998,0.00661186,0.00883473,0.00662510,RELIABLE,RELIABLE,RELIABLE,RELIABLE,RELIABLE,RELIABLE,RELIABLE,RELIABLE,STATIONARY,STATIONARY,STATIONARY,STATIONARY,STATIONARY,STATIONARY,STATIONARY,STATIONARY,STATIONARY
21316,531,1,STILL,0.11677699,0.00069140,0.00592067,0.00908236,0.00705248,0.00768016,0.00761285,0.00509543,0.00651441,0.00891513,0.00672703,RELIABLE,RELIABLE,RELIABLE,RELIABLE,RELIABLE,RELIABLE,RELIABLE,RELIABLE,STATIONARY,STATIONARY,STATIONARY,STATIONARY,STATIONARY,STATIONARY,STATIONARY,STATIONARY,STATIONARY
21362,532,1,STILL,0.11690546,0.00125376,0.01072453,0.00892264,0.00818596,0.00796932,0.00747269,0.00499121,0.00686849,0.00903153,0.00648891,RELIABLE,RELIABLE,RELIABLE,RELIABLE,RELIABLE,RELIABLE,RELIABLE,RELIABLE,STATIONARY,STATIONARY,STATIONARY,STATIONARY,STATIONARY,STATIONARY,STATIONARY,STATIONARY,STATIONARY
21408,533,1,STILL,0.11707282,0.00164640,0.01406305,0.00876090,0.00995331,0.00984700,0.00801640,0.00564040,0.00656997,0.00922124,0.00679408,RELIABLE,RELIABLE,RELIABLE,RELIABLE,RELIABLE,RELIABLE,RELIABLE,RELIABLE,STATIONARY,STATIONARY,STATIONARY,STATIONARY,STATIONARY,STATIONARY,STATIONARY,STATIONARY,STATIONARY
21483,534,1,STILL,0.11676618,0.00080943,0.00693210,0.00865773,0.01070971,0.01083277,0.00860222,0.00658147,0.00664725,0.00941385,0.00690514,RELIABLE,RELIABLE,RELIABLE,RELIABLE,RELIABLE,RELIABLE,RELIABLE,RELIABLE,STATIONARY,STATIONARY,STATIONARY,STATIONARY,STATIONARY,STATIONARY,STATIONARY,STATIONARY,STATIONARY
21516,535,1,STILL,0.11642045,0.00040472,0.00347634,0.00860366,0.01108746,0.01132615,0.00889481,0.00705211,0.00668437,0.00955076,0.00697704,RELIABLE,RELIABLE,RELIABLE,RELIABLE,RELIABLE,RELIABLE,RELIABLE,RELIABLE,STATIONARY,STATIONARY,STATIONARY,STATIONARY,STATIONARY,STATIONARY,STATIONARY,STATIONARY,STATIONARY
21548,536,1,STILL,0.11615206,0.00020236,0.00174219,0.00749844,0.01117245,0.01054262,0.00736646,0.00654995,0.00553308,0.00819653,0.00620895,RELIABLE,RELIABLE,RELIABLE,RELIABLE,RELIABLE,RELIABLE,RELIABLE,RELIABLE,STATIONARY,STATIONARY,STATIONARY,STATIONARY,STATIONARY,STATIONARY,STATIONARY,STATIONARY,STATIONARY
21596,537,1,STILL,0.11634995,0.00066046,0.00567650,0.00755150,0.01220619,0.01074502,0.00747208,0.00715456,0.00550476,0.00822481,0.00646840,RELIABLE,RELIABLE,RELIABLE,RELIABLE,RELIABLE,RELIABLE,RELIABLE,RELIABLE,STATIONARY,STATIONARY,STATIONARY,STATIONARY,STATIONARY,STATIONARY,STATIONARY,STATIONARY,STATIONARY
21627,538,1,STILL,0.11661595,0.00033023,0.00283178,0.00642089,0.01049342,0.00913645,0.00645962,0.00683879,0.00486697,0.00782390,0.00567053,RELIABLE,RELIABLE,RELIABLE,RELIABLE,RELIABLE,RELIABLE,RELIABLE,RELIABLE,STATIONARY,STATIONARY,STATIONARY,STATIONARY,STATIONARY,STATIONARY,STATIONARY,STATIONARY,STATIONARY
21673,539,1,STILL,0.11632458,0.00328665,0.02825413,0.00921258,0.01253105,0.01159786,0.00712697,0.00759272,0.00650162,0.00932267,0.00603630,RELIABLE,RELIABLE,RELIABLE,RELIABLE,RELIABLE,RELIABLE,RELIABLE,RELIABLE,STATIONARY,STATIONARY,STATIONARY,STATIONARY,STATIONARY,STATIONARY,STATIONARY,STATIONARY,STATIONARY
21704,540,1,STILL,0.11597087,0.00164332,0.01417015,0.00964328,0.01204583,0.01143852,0.00704681,0.00762491,0.00649714,0.00930430,0.00535317,RELIABLE,RELIABLE,RELIABLE,RELIABLE,RELIABLE,RELIABLE,RELIABLE,RELIABLE,STATIONARY,STATIONARY,STATIONARY,STATIONARY,STATIONARY,STATIONARY,STATIONARY,STATIONARY,STATIONARY
21736,541,1,STILL,0.11646793,0.00170107,0.01460551,0.00971109,0.00936274,0.01043656,0.00672124,0.00714943,0.00723947,0.00943368,0.00696974,RELIABLE,RELIABLE,RELIABLE,RELIABLE,RELIABLE,RELIABLE,RELIABLE,RELIABLE,STATIONARY,STATIONARY,STATIONARY,STATIONARY,STATIONARY,STATIONARY,STATIONARY,STATIONARY,STATIONARY
21767,542,1,STILL,0.11705393,0.00085054,0.00726620,0.00975285,0.00814094,0.00988037,0.00623645,0.00628660,0.00737269,0.00935078,0.00811485,RELIABLE,RELIABLE,RELIABLE,RELIABLE,RELIABLE,RELIABLE,RELIABLE,RELIABLE,STATIONARY,STATIONARY,STATIONARY,STATIONARY,STATIONARY,STATIONARY,STATIONARY,STATIONARY,STATIONARY
21799,543,1,STILL,0.11712425,0.00129537,0.01105979,0.01070078,0.00930878,0.01107191,0.00667233,0.00757759,0.00770029,0.00976815,0.00885484,RELIABLE,RELIABLE,RELIABLE,RELIABLE,RELIABLE,RELIABLE,RELIABLE,RELIABLE,STATIONARY,STATIONARY,STATIONARY,STATIONARY,STATIONARY,STATIONARY,STATIONARY,STATIONARY,STATIONARY
21830,544,1,STILL,0.11705045,0.00064768,0.00553338,0.01117468,0.00989247,0.01166746,0.00688995,0.00822286,0.00786387,0.01005130,0.00936652,RELIABLE,RELIABLE,RELIABLE,RELIABLE,RELIABLE,RELIABLE,RELIABLE,RELIABLE,STATIONARY,STATIONARY,STATIONARY,STATIONARY,STATIONARY,STATIONARY,STATIONARY,STATIONARY,STATIONARY
21862,545,1,STILL,0.11682308,0.00123522,0.01057346,0.01178680,0.00921354,0.01194622,0.00711935,0.00766886,0.00767260,0.00979664,0.00944044,RELIABLE,RELIABLE,RELIABLE,RELIABLE,RELIABLE,RELIABLE,RELIABLE,RELIABLE,STATIONARY,STATIONARY,STATIONARY,STATIONARY,STATIONARY,STATIONARY,STATIONARY,STATIONARY,STATIONARY
21894,546,1,STILL,0.11665467,0.00078184,0.00670214,0.01227059,0.00963725,0.01238338,0.00819599,0.00783244,0.00809476,0.01000116,0.01009112,RELIABLE,RELIABLE,RELIABLE,RELIABLE,RELIABLE,RELIABLE,RELIABLE,RELIABLE,STATIONARY,STATIONARY,STATIONARY,STATIONARY,STATIONARY,STATIONARY,STATIONARY,STATIONARY,STATIONARY
21925,547,1,STILL,0.11654428,0.00039092,0.00335425,0.00915811,0.00695896,0.00933961,0.00756372,0.00700398,0.00635406,0.00837900,0.00966071,RELIABLE,RELIABLE,RELIABLE,RELIABLE,RELIABLE,RELIABLE,RELIABLE,RELIABLE,STATIONARY,STATIONARY,STATIONARY,STATIONARY,STATIONARY,STATIONARY,STATIONARY,STATIONARY,STATIONARY
21957,548,1,STILL,0.11633719,0.00068267,0.00586803,0.00812034,0.00653517,0.00841788,0.00778740,0.00741076,0.00602436,0.00820383,0.01004341,RELIABLE,RELIABLE,RELIABLE,RELIABLE,RELIABLE,RELIABLE,RELIABLE,RELIABLE,STATIONARY,STATIONARY,STATIONARY,STATIONARY,STATIONARY,STATIONARY,STATIONARY,STATIONARY,STATIONARY
22004,549,1,STILL,0.11615780,0.00034134,0.00293855,0.00666197,0.00675094,0.00715125,0.00705873,0.00666652,0.00460108,0.00713475,0.00829271,RELIABLE,RELIABLE,RELIABLE,RELIABLE,RELIABLE,RELIABLE,RELIABLE,RELIABLE,STATIONARY,STATIONARY,STATIONARY,STATIONARY,STATIONARY,STATIONARY,STATIONARY,STATIONARY,STATIONARY
22035,550,1,STILL,0.11603022,0.00017067,0.00147089,0.00593756,0.00686008,0.00652235,0.00669765,0.00629779,0.00389411,0.00661895,0.00715947,RELIABLE,RELIABLE,RELIABLE,RELIABLE,RELIABLE,RELIABLE,RELIABLE,RELIABLE,STATIONARY,STATIONARY,STATIONARY,STATIONARY,STATIONARY,STATIONARY,STATIONARY,STATIONARY,STATIONARY
22066,551,1,STILL,0.11633415,0.00129845,0.01116137,0.00595026,0.00677238,0.00633578,0.00665832,0.00580295,0.00436522,0.00670834,0.00732456,RELIABLE,RELIABLE,RELIABLE,RELIABLE,RELIABLE,RELIABLE,RELIABLE,RELIABLE,STATIONARY,STATIONARY,STATIONARY,STATIONARY,STATIONARY,STATIONARY,STATIONARY,STATIONARY,STATIONARY
22098,552,1,STILL,0.11667873,0.00064922,0.00556420,0.00595411,0.00672531,0.00623940,0.00663696,0.00555261,0.00459881,0.00674287,0.00738446,RELIABLE,RELIABLE,RELIABLE,RELIABLE,RELIABLE,RELIABLE,RELIABLE,RELIABLE,STATIONARY,STATIONARY,STATIONARY,STATIONARY,STATIONARY,STATIONARY,STATIONARY,STATIONARY,STATIONARY
22129,553,1,STILL,0.11724184,0.00102993,0.00878469,0.00573052,0.00765302,0.00647065,0.00654110,0.00612737,0.00508348,0.00695878,0.00752414,RELIABLE,RELIABLE,RELIABLE,RELIABLE,RELIABLE,RELIABLE,RELIABLE,RELIABLE,STATIONARY,STATIONARY,STATIONARY,STATIONARY,STATIONARY,STATIONARY,STATIONARY,STATIONARY,STATIONARY
22161,554,1,STILL,0.11772170,0.00051497,0.00437444,0.00543955,0.00735215,0.00628677,0.00553005,0.00597319,0.00480686,0.00670516,0.00700962,RELIABLE,RELIABLE,RELIABLE,RELIABLE,RELIABLE,RELIABLE,RELIABLE,RELIABLE,STATIONARY,STATIONARY,STATIONARY,STATIONARY,STATIONARY,STATIONARY,STATIONARY,STATIONARY,STATIONARY
22193,555,1,STILL,0.11756915,0.00112011,0.00952721,0.00621117,0.00871205,0.00733902,0.00590879,0.00650000,0.00511436,0.00661837,0.00812152,RELIABLE,RELIABLE,RELIABLE,RELIABLE,RELIABLE,RELIABLE,RELIABLE,RELIABLE,STATIONARY,STATIONARY,STATIONARY,STATIONARY,STATIONARY,STATIONARY,STATIONARY,STATIONARY,STATIONARY
22224,556,1,STILL,0.11729697,0.00056005,0.00477466,0.00607450,0.00847396,0.00726141,0.00555753,0.00594163,0.00472504,0.00583603,0.00828400,RELIABLE,RELIABLE,RELIABLE,RELIABLE,RELIABLE,RELIABLE,RELIABLE,RELIABLE,STATIONARY,STATIONARY,STATIONARY,STATIONARY,STATIONARY,STATIONARY,STATIONARY,STATIONARY,STATIONARY
22255,557,1,STILL,0.11683106,0.00129251,0.01106308,0.00709007,0.00861646,0.00745710,0.00652852,0.00632986,0.00551417,0.00646035,0.00930852,RELIABLE,RELIABLE,RELIABLE,RELIABLE,RELIABLE,RELIABLE,RELIABLE,RELIABLE,STATIONARY,STATIONARY,STATIONARY,STATIONARY,STATIONARY,STATIONARY,STATIONARY,STATIONARY,STATIONARY
22287,558,1,STILL,0.11636067,0.00072841,0.00625990,0.00768869,0.00980444,0.00882392,0.00724886,0.00733079,0.00605603,0.00677001,0.00964977,RELIABLE,RELIABLE,RELIABLE,RELIABLE,RELIABLE,RELIABLE,RELIABLE,RELIABLE,STATIONARY,STATIONARY,STATIONARY,STATIONARY,STATIONARY,STATIONARY,STATIONARY,STATIONARY,STATIONARY
22333,559,1,STILL,0.11600796,0.00036420,0.00313947,0.00668596,0.00876211,0.00791013,0.00678938,0.00641903,0.00524137,0.00608579,0.00895922,RELIABLE,RELIABLE,RELIABLE,RELIABLE,RELIABLE,RELIABLE,RELIABLE,RELIABLE,STATIONARY,STATIONARY,STATIONARY,STATIONARY,STATIONARY,STATIONARY,STATIONARY,STATIONARY,STATIONARY
22380,560,1,STILL,0.11602978,0.00115218,0.00993005,0.00723169,0.00890540,0.00865690,0.00722574,0.00626551,0.00603902,0.00641549,0.01053513,RELIABLE,RELIABLE,RELIABLE,RELIABLE,RELIABLE,RELIABLE,RELIABLE,RELIABLE,STATIONARY,STATIONARY,STATIONARY,STATIONARY,STATIONARY,STATIONARY,STATIONARY,STATIONARY,STATIONARY
22412,561,1,STILL,0.11668828,0.00113827,0.00975483,0.00735296,0.00874924,0.00880314,0.00767947,0.00610753,0.00619477,0.00672786,0.01057633,RELIABLE,RELIABLE,RELIABLE,RELIABLE,RELIABLE,RELIABLE,RELIABLE,RELIABLE,STATIONARY,STATIONARY,STATIONARY,STATIONARY,STATIONARY,STATIONARY,STATIONARY,STATIONARY,STATIONARY
22474,562,1,STILL,0.11644798,0.00146228,0.01255737,0.00837582,0.00918524,0.00975292,0.00827787,0.00646833,0.00654357,0.00775640,0.01070887,RELIABLE,RELIABLE,RELIABLE,RELIABLE,RELIABLE,RELIABLE,RELIABLE,RELIABLE,STATIONARY,STATIONARY,STATIONARY,STATIONARY,STATIONARY,STATIONARY,STATIONARY,STATIONARY,STATIONARY
22507,563,1,STILL,0.11604319,0.00073114,0.00630059,0.00797249,0.00789443,0.00908601,0.00769409,0.00604606,0.00627321,0.00835853,0.00936076,RELIABLE,RELIABLE,RELIABLE,RELIABLE,RELIABLE,RELIABLE,RELIABLE,RELIABLE,STATIONARY,STATIONARY,STATIONARY,STATIONARY,STATIONARY,STATIONARY,STATIONARY,STATIONARY,STATIONARY
22539,564,1,STILL,0.11472145,0.00145548,0.01268707,0.00896155,0.00815011,0.00870806,0.00833908,0.00770344,0.00827006,0.01025490,0.01042546,RELIABLE,RELIABLE,RELIABLE,RELIABLE,RELIABLE,RELIABLE,RELIABLE,RELIABLE,STATIONARY,STATIONARY,STATIONARY,STATIONARY,STATIONARY,STATIONARY,STATIONARY,STATIONARY,STATIONARY
22587,565,1,STILL,0.11350094,0.00072774,0.00641175,0.00838013,0.00802189,0.00828588,0.00752084,0.00787518,0.00829669,0.01020283,0.01017139,RELIABLE,RELIABLE,RELIABLE,RELIABLE,RELIABLE,RELIABLE,RELIABLE,RELIABLE,STATIONARY,STATIONARY,STATIONARY,STATIONARY,STATIONARY,STATIONARY,STATIONARY,STATIONARY,STATIONARY
22633,566,1,STILL,0.11346809,0.00112960,0.00995520,0.00884204,0.00811968,0.00731847,0.00704661,0.00843928,0.00873842,0.01069065,0.01141776,RELIABLE,RELIABLE,RELIABLE,RELIABLE,RELIABLE,RELIABLE,RELIABLE,RELIABLE,STATIONARY,STATIONARY,STATIONARY,STATIONARY,STATIONARY,STATIONARY,STATIONARY,STATIONARY,STATIONARY
22667,567,1,STILL,0.11382120,0.00158158,0.01389530,0.01018652,0.00819212,0.00795958,0.00771754,0.00851824,0.01000630,0.01182552,0.01276675,RELIABLE,RELIABLE,RELIABLE,RELIABLE,RELIABLE,RELIABLE,RELIABLE,RELIABLE,STATIONARY,STATIONARY,STATIONARY,STATIONARY,STATIONARY,STATIONARY,STATIONARY,STATIONARY,STATIONARY
22713,568,1,STILL,0.11418365,0.00079079,0.00692559,0.00981096,0.00756522,0.00707672,0.00738647,0.00825651,0.00943441,0.01167165,0.01164252,RELIABLE,RELIABLE,RELIABLE,RELIABLE,RELIABLE,RELIABLE,RELIABLE,RELIABLE,STATIONARY,STATIONARY,STATIONARY,STATIONARY,STATIONARY,STATIONARY,STATIONARY,STATIONARY,STATIONARY
22745,569,1,STILL,0.11476656,0.00095447,0.00831666,0.00963119,0.00765812,0.00654335,0.00698283,0.00843087,0.00936045,0.01138442,0.01151438,RELIABLE,RELIABLE,RELIABLE,RELIABLE,RELIABLE,RELIABLE,RELIABLE,RELIABLE,STATIONARY,STATIONARY,STATIONARY,STATIONARY,STATIONARY,STATIONARY,STATIONARY,STATIONARY,STATIONARY
22777,570,1,STILL,0.11525890,0.00047724,0.00414057,0.00857909,0.00719047,0.00540070,0.00640926,0.00807811,0.00905228,0.01041377,0.01127578,RELIABLE,RELIABLE,RELIABLE,RELIABLE,RELIABLE,RELIABLE,RELIABLE,RELIABLE,STATIONARY,STATIONARY,STATIONARY,STATIONARY,STATIONARY,STATIONARY,STATIONARY,STATIONARY,STATIONARY
22824,571,1,STILL,0.11587650,0.00086218,0.00744048,0.00872158,0.00839341,0.00606515,0.00717269,0.00881244,0.00924957,0.01028479,0.01109756,RELIABLE,RELIABLE,RELIABLE,RELIABLE,RELIABLE,RELIABLE,RELIABLE,RELIABLE,STATIONARY,STATIONARY,STATIONARY,STATIONARY,STATIONARY,STATIONARY,STATIONARY,STATIONARY,STATIONARY
22856,572,1,STILL,0.11637194,0.00043109,0.00370440,0.00759874,0.00808785,0.00643706,0.00661330,0.00730757,0.00721412,0.00874396,0.00900140,RELIABLE,RELIABLE,RELIABLE,RELIABLE,RELIABLE,RELIABLE,RELIABLE,RELIABLE,STATIONARY,STATIONARY,STATIONARY,STATIONARY,STATIONARY,STATIONARY,STATIONARY,STATIONARY,STATIONARY
22903,573,1,STILL,0.11671319,0.00021554,0.00184678,0.00702812,0.00792739,0.00662005,0.00632601,0.00654303,0.00618339,0.00789545,0.00767017,RELIABLE,RELIABLE,RELIABLE,RELIABLE,RELIABLE,RELIABLE,RELIABLE,RELIABLE,STATIONARY,STATIONARY,STATIONARY,STATIONARY,STATIONARY,STATIONARY,STATIONARY,STATIONARY,STATIONARY
22935,574,1,STILL,0.11611641,0.00083102,0.00715680,0.00667832,0.00802950,0.00753708,0.00696384,0.00593559,0.00612956,0.00779304,0.00655302,RELIABLE,RELIABLE,RELIABLE,RELIABLE,RELIABLE,RELIABLE,RELIABLE,RELIABLE,STATIONARY,STATIONARY,STATIONARY,STATIONARY,STATIONARY,STATIONARY,STATIONARY,STATIONARY,STATIONARY
22966,575,1,STILL,0.11543649,0.00041551,0.00359948,0.00539135,0.00805972,0.00687287,0.00637656,0.00583660,0.00505781,0.00691715,0.00529971,RELIABLE,RELIABLE,RELIABLE,RELIABLE,RELIABLE,RELIABLE,RELIABLE,RELIABLE,STATIONARY,STATIONARY,STATIONARY,STATIONARY,STATIONARY,STATIONARY,STATIONARY,STATIONARY,STATIONARY
22998,576,1,STILL,0.11579721,0.00149779,0.01293464,0.00614248,0.00992859,0.00833939,0.00686295,0.00660423,0.00508426,0.00704022,0.00587928,RELIABLE,RELIABLE,RELIABLE,RELIABLE,RELIABLE,RELIABLE,RELIABLE,RELIABLE,STATIONARY,STATIONARY,STATIONARY,STATIONARY,STATIONARY,STATIONARY,STATIONARY,STATIONARY,STATIONARY
23046,577,1,STILL,0.11632798,0.00074890,0.00643781,0.00590762,0.00970862,0.00853645,0.00620788,0.00608582,0.00448957,0.00662591,0.00606783,RELIABLE,RELIABLE,RELIABLE,RELIABLE,RELIABLE,RELIABLE,RELIABLE,RELIABLE,STATIONARY,STATIONARY,STATIONARY,STATIONARY,STATIONARY,STATIONARY,STATIONARY,STATIONARY,STATIONARY
23077,578,1,STILL,0.11574904,0.00110358,0.00953421,0.00658182,0.00994354,0.00939284,0.00856950,0.00855956,0.00525293,0.00776049,0.00626584,RELIABLE,RELIABLE,RELIABLE,RELIABLE,RELIABLE,RELIABLE,RELIABLE,RELIABLE,STATIONARY,STATIONARY,STATIONARY,STATIONARY,STATIONARY,STATIONARY,STATIONARY,STATIONARY,STATIONARY
23109,579,1,STILL,0.11682013,0.00125281,0.01072429,0.00699230,0.01011612,0.00966313,0.00889434,0.00916958,0.00671295,0.00869564,0.00755678,RELIABLE,RELIABLE,RELIABLE,RELIABLE,RELIABLE,RELIABLE,RELIABLE,RELIABLE,STATIONARY,STATIONARY,STATIONARY,STATIONARY,STATIONARY,STATIONARY,STATIONARY,STATIONARY,STATIONARY
23155,580,1,STILL,0.11803702,0.00062641,0.00530686,0.00719261,0.01019615,0.00979246,0.00905101,0.00946787,0.00743360,0.00915465,0.00832616,RELIABLE,RELIABLE,RELIABLE,RELIABLE,RELIABLE,RELIABLE,RELIABLE,RELIABLE,STATIONARY,STATIONARY,STATIONARY,STATIONARY,STATIONARY,STATIONARY,STATIONARY,STATIONARY,STATIONARY
23186,581,1,STILL,0.11818663,0.00063934,0.00540961,0.00763796,0.01087526,0.01025155,0.00962232,0.01075343,0.00853355,0.00977961,0.01020445,RELIABLE,RELIABLE,RELIABLE,RELIABLE,RELIABLE,RELIABLE,RELIABLE,RELIABLE,STATIONARY,STATIONARY,STATIONARY,STATIONARY,STATIONARY,STATIONARY,STATIONARY,STATIONARY,STATIONARY
23233,582,1,STILL,0.11803230,0.00031967,0.00270834,0.00708190,0.00975425,0.00914322,0.00895711,0.01033711,0.00804689,0.00924417,0.01057333,RELIABLE,RELIABLE,RELIABLE,RELIABLE,RELIABLE,RELIABLE,RELIABLE,RELIABLE,STATIONARY,STATIONARY,STATIONARY,STATIONARY,STATIONARY,STATIONARY,STATIONARY,STATIONARY,STATIONARY
23280,583,1,STILL,0.11800079,0.00127713,0.01082304,0.00798485,0.01096759,0.01051612,0.00920615,0.01101220,0.00832488,0.00940831,0.01099120,RELIABLE,RELIABLE,RELIABLE,RELIABLE,RELIABLE,RELIABLE,RELIABLE,RELIABLE,STATIONARY,STATIONARY,STATIONARY,STATIONARY,STATIONARY,STATIONARY,STATIONARY,STATIONARY,STATIONARY
23311,584,1,STILL,0.11801168,0.00063856,0.00541102,0.00704440,0.00972169,0.00940612,0.00855243,0.01053368,0.00790410,0.00892598,0.00986647,RELIABLE,RELIABLE,RELIABLE,RELIABLE,RELIABLE,RELIABLE,RELIABLE,RELIABLE,STATIONARY,STATIONARY,STATIONARY,STATIONARY,STATIONARY,STATIONARY,STATIONARY,STATIONARY,STATIONARY
23342,585,1,STILL,0.11715331,0.00284350,0.02427161,0.00927362,0.01068505,0.01196187,0.00999928,0.01140915,0.00931400,0.00984057,0.00966354,RELIABLE,RELIABLE,RELIABLE,RELIABLE,RELIABLE,RELIABLE,RELIABLE,RELIABLE,STATIONARY,STATIONARY,STATIONARY,STATIONARY,STATIONARY,STATIONARY,STATIONARY,STATIONARY,STATIONARY
23373,586,1,STILL,0.11629223,0.00142175,0.01222566,0.00961005,0.01083246,0.01249726,0.00804340,0.00912154,0.00896717,0.00892840,0.00946499,RELIABLE,RELIABLE,RELIABLE,RELIABLE,RELIABLE,RELIABLE,RELIABLE,RELIABLE,STATIONARY,STATIONARY,STATIONARY,STATIONARY,STATIONARY,STATIONARY,STATIONARY,STATIONARY,STATIONARY
23405,587,1,STILL,0.11618759,0.00093133,0.00801577,0.00927149,0.01013099,0.01247592,0.00798392,0.00935138,0.00820641,0.00809500,0.00894159,RELIABLE,RELIABLE,RELIABLE,RELIABLE,RELIABLE,RELIABLE,RELIABLE,RELIABLE,STATIONARY,STATIONARY,STATIONARY,STATIONARY,STATIONARY,STATIONARY,STATIONARY,STATIONARY,STATIONARY
23466,588,1,STILL,0.11588808,0.00149155,0.01287059,0.01021695,0.01213947,0.01414675,0.00888084,0.01044483,0.00861903,0.00831211,0.00927055,RELIABLE,RELIABLE,RELIABLE,RELIABLE,RELIABLE,RELIABLE,RELIABLE,RELIABLE,STATIONARY,STATIONARY,STATIONARY,STATIONARY,STATIONARY,STATIONARY,STATIONARY,STATIONARY,STATIONARY
23499,589,1,STILL,0.11562930,0.00074577,0.00644970,0.01034696,0.01250923,0.01459163,0.00883923,0.00985821,0.00808777,0.00812192,0.00808139,RELIABLE,RELIABLE,RELIABLE,RELIABLE,RELIABLE,RELIABLE,RELIABLE,RELIABLE,STATIONARY,STATIONARY,STATIONARY,STATIONARY,STATIONARY,STATIONARY,STATIONARY,STATIONARY,STATIONARY
23531,590,1,STILL,0.11540400,0.00145236,0.01258505,0.01158155,0.01438432,0.01698258,0.01135611,0.01094530,0.01007115,0.00908611,0.00852884,RELIABLE,RELIABLE,RELIABLE,RELIABLE,RELIABLE,RELIABLE,RELIABLE,RELIABLE,STATIONARY,STATIONARY,STATIONARY,STATIONARY,STATIONARY,STATIONARY,STATIONARY,STATIONARY,STATIONARY
23562,591,1,STILL,0.11524844,0.00072618,0.00630102,0.01101630,0.01354471,0.01624840,0.01203162,0.01060331,0.01054002,0.00905911,0.00856463,RELIABLE,RELIABLE,RELIABLE,RELIABLE,RELIABLE,RELIABLE,RELIABLE,RELIABLE,STATIONARY,STATIONARY,STATIONARY,STATIONARY,STATIONARY,STATIONARY,STATIONARY,STATIONARY,STATIONARY
23594,592,1,STILL,0.11538102,0.00233926,0.02027420,0.01287420,0.01658849,0.01951867,0.01462889,0.01361548,0.01172227,0.00928340,0.00857714,RELIABLE,RELIABLE,RELIABLE,RELIABLE,RELIABLE,RELIABLE,RELIABLE,RELIABLE,STATIONARY,STATIONARY,STATIONARY,STATIONARY,STATIONARY,STATIONARY,STATIONARY,STATIONARY,STATIONARY
23641,593,1,STILL,0.11556484,0.00116963,0.01012098,0.01110537,0.01652602,0.01804457,0.01415383,0.01400649,0.01069375,0.00819340,0.00802241,RELIABLE,RELIABLE,RELIABLE,RELIABLE,RELIABLE,RELIABLE,RELIABLE,RELIABLE,STATIONARY,STATIONARY,STATIONARY,STATIONARY,STATIONARY,STATIONARY,STATIONARY,STATIONARY,STATIONARY
23674,594,1,STILL,0.11585001,0.00290052,0.02503681,0.01270676,0.02241353,0.02199769,0.01611404,0.01685937,0.01254150,0.00899384,0.00858144,RELIABLE,RELIABLE,RELIABLE,RELIABLE,RELIABLE,RELIABLE,RELIABLE,RELIABLE,STATIONARY,STATIONARY,STATIONARY,STATIONARY,STATIONARY,STATIONARY,STATIONARY,STATIONARY,STATIONARY
23721,595,1,STILL,0.11610970,0.00145026,0.01249041,0.01326609,0.02463084,0.02317617,0.01597611,0.01662276,0.01261850,0.00903722,0.00808485,RELIABLE,RELIABLE,RELIABLE,RELIABLE,RELIABLE,RELIABLE,RELIABLE,RELIABLE,STATIONARY,STATIONARY,STATIONARY,STATIONARY,STATIONARY,STATIONARY,STATIONARY,STATIONARY,STATIONARY
23753,596,1,STILL,0.11663854,0.00498680,0.04275429,0.01700156,0.03146920,0.03123855,0.01666908,0.01632292,0.01333973,0.01054992,0.00843638,RELIABLE,RELIABLE,RELIABLE,RELIABLE,RELIABLE,RELIABLE,RELIABLE,RELIABLE,STATIONARY,STATIONARY,STATIONARY,STATIONARY,STATIONARY,STATIONARY,STATIONARY,STATIONARY,STATIONARY
23785,597,1,STILL,0.11710434,0.00249340,0.02129211,0.01885686,0.03486555,0.03524585,0.01700883,0.01616744,0.01369445,0.01155111,0.00868056,RELIABLE,RELIABLE,RELIABLE,RELIABLE,RELIABLE,RELIABLE,RELIABLE,RELIABLE,STATIONARY,STATIONARY,STATIONARY,STATIONARY,STATIONARY,STATIONARY,STATIONARY,STATIONARY,STATIONARY
23816,598,1,STILL,0.11743841,0.00124670,0.01061577,0.01861070,0.03486583,0.03507295,0.01463872,0.01470709,0.01162045,0.01120265,0.00763782,RELIABLE,RELIABLE,RELIABLE,RELIABLE,RELIABLE,RELIABLE,RELIABLE,RELIABLE,STATIONARY,STATIONARY,STATIONARY,STATIONARY,STATIONARY,STATIONARY,STATIONARY,STATIONARY,STATIONARY
23848,599,1,STILL,0.11871063,0.00333558,0.02809840,0.02133537,0.04124191,0.04099395,0.01781264,0.01578879,0.01360119,0.01208600,0.00814275,RELIABLE,RELIABLE,RELIABLE,RELIABLE,RELIABLE,RELIABLE,RELIABLE,RELIABLE,STATIONARY,STATIONARY,STATIONARY,STATIONARY,STATIONARY,STATIONARY,STATIONARY,STATIONARY,STATIONARY
23895,600,1,STILL,0.11968261,0.00508116,0.04245527,0.02410801,0.05026381,0.04878461,0.02104268,0.01531593,0.01747388,0.01508823,0.01022623,RELIABLE,RELIABLE,RELIABLE,RELIABLE,RELIABLE,RELIABLE,RELIABLE,RELIABLE,STATIONARY,STATIONARY,STATIONARY,STATIONARY,STATIONARY,STATIONARY,STATIONARY,STATIONARY,STATIONARY
23927,601,1,STILL,0.12035010,0.00254058,0.02110990,0.02548162,0.05474168,0.05264975,0.02264281,0.01507358,0.01939632,0.01689994,0.01150590,RELIABLE,RELIABLE,RELIABLE,RELIABLE,RELIABLE,RELIABLE,RELIABLE,RELIABLE,STATIONARY,STATIONARY,STATIONARY,STATIONARY,STATIONARY,STATIONARY,STATIONARY,STATIONARY,STATIONARY
23959,602,1,STILL,0.12123355,0.00463279,0.03821375,0.02712874,0.05920973,0.05878421,0.02472997,0.01382728,0.01986628,0.01641196,0.01153860,RELIABLE,RELIABLE,RELIABLE,RELIABLE,RELIABLE,RELIABLE,RELIABLE,RELIABLE,STATIONARY,STATIONARY,STATIONARY,STATIONARY,STATIONARY,STATIONARY,STATIONARY,STATIONARY,STATIONARY
24006,603,1,STILL,0.12195966,0.00231639,0.01899312,0.02794158,0.06141756,0.06182243,0.02576184,0.01320119,0.02009472,0.01612842,0.01166748,RELIABLE,RELIABLE,RELIABLE,RELIABLE,RELIABLE,RELIABLE,RELIABLE,RELIABLE,STATIONARY,STATIONARY,STATIONARY,STATIONARY,STATIONARY,STATIONARY,STATIONARY,STATIONARY,STATIONARY
24038,604,1,STILL,0.12315105,0.00499646,0.04057181,0.02766877,0.06372069,0.06362586,0.03052136,0.01337787,0.02151153,0.01477427,0.01136703,RELIABLE,RELIABLE,RELIABLE,RELIABLE,RELIABLE,RELIABLE,RELIABLE,RELIABLE,STATIONARY,STATIONARY,STATIONARY,STATIONARY,STATIONARY,STATIONARY,STATIONARY,STATIONARY,STATIONARY
24070,605,1,STILL,0.12417881,0.00249823,0.02011801,0.02752200,0.06484163,0.06449736,0.03287623,0.01346187,0.02220944,0.01381444,0.01115168,RELIABLE,RELIABLE,RELIABLE,RELIABLE,RELIABLE,RELIABLE,RELIABLE,RELIABLE,MOVING,STATIONARY,STATIONARY,STATIONARY,STATIONARY,STATIONARY,STATIONARY,STATIONARY,MOVING
24117,606,1,STILL,0.12478532,0.00406791,0.03259924,0.03026994,0.07267399,0.07281136,0.04096286,0.01633730,0.02516538,0.01346036,0.01174792,RELIABLE,RELIABLE,RELIABLE,RELIABLE,RELIABLE,RELIABLE,RELIABLE,RELIABLE,MOVING,STATIONARY,STATIONARY,STATIONARY,STATIONARY,STATIONARY,STATIONARY,STATIONARY,MOVING
24149,607,1,STILL,0.12550235,0.00493951,0.03935794,0.03167738,0.07565924,0.07732076,0.04244760,0.01669671,0.02476833,0.01362073,0.01144112,RELIABLE,RELIABLE,RELIABLE,PARTIAL,RELIABLE,RELIABLE,RELIABLE,RELIABLE,MOVING,STATIONARY,STATIONARY,STATIONARY,STATIONARY,STATIONARY,STATIONARY,STATIONARY,MOVING
24203,608,1,STILL,0.12610613,0.00416511,0.03302860,0.03049905,0.07228190,0.07581748,0.04152288,0.01587526,0.02258020,0.01152331,0.00929684,RELIABLE,RELIABLE,RELIABLE,PARTIAL,RELIABLE,RELIABLE,RELIABLE,RELIABLE,MOVING,STATIONARY,STATIONARY,STATIONARY,STATIONARY,STATIONARY,STATIONARY,STATIONARY,MOVING
26186,655,1,RIGHT_ARM,0.12241065,0.00050565,0.00413075,0.00550426,0.00550788,0.00573812,0.01346546,0.00699420,0.00721928,0.00965966,0.00808941,RELIABLE,RELIABLE,RELIABLE,RELIABLE,RELIABLE,RELIABLE,RELIABLE,RELIABLE,STATIONARY,STATIONARY,STATIONARY,STATIONARY,STATIONARY,STATIONARY,STATIONARY,STATIONARY,STATIONARY
26221,656,1,RIGHT_ARM,0.12299299,0.00025282,0.00205559,0.00498506,0.00528349,0.00504690,0.01185272,0.00640193,0.00643230,0.00969029,0.00760562,RELIABLE,RELIABLE,RELIABLE,RELIABLE,RELIABLE,RELIABLE,RELIABLE,RELIABLE,STATIONARY,STATIONARY,STATIONARY,STATIONARY,STATIONARY,STATIONARY,STATIONARY,STATIONARY,STATIONARY
26268,657,1,RIGHT_ARM,0.12272804,0.00134763,0.01098065,0.00597035,0.00659307,0.00575275,0.01493329,0.00662571,0.00681102,0.00981459,0.00771209,RELIABLE,RELIABLE,RELIABLE,RELIABLE,RELIABLE,RELIABLE,RELIABLE,RELIABLE,STATIONARY,STATIONARY,STATIONARY,STATIONARY,STATIONARY,STATIONARY,STATIONARY,STATIONARY,STATIONARY
26300,658,1,RIGHT_ARM,0.12231844,0.00067382,0.00550871,0.00581733,0.00585528,0.00511692,0.01585954,0.00580707,0.00586443,0.00816252,0.00625127,RELIABLE,RELIABLE,RELIABLE,RELIABLE,RELIABLE,RELIABLE,RELIABLE,RELIABLE,STATIONARY,STATIONARY,STATIONARY,STATIONARY,STATIONARY,STATIONARY,STATIONARY,STATIONARY,STATIONARY
26346,659,1,RIGHT_ARM,0.12070519,0.00134583,0.01114970,0.00678978,0.00783737,0.00780071,0.02035604,0.00622003,0.00687988,0.00749127,0.00688620,RELIABLE,RELIABLE,RELIABLE,RELIABLE,RELIABLE,RELIABLE,RELIABLE,RELIABLE,STATIONARY,STATIONARY,STATIONARY,STATIONARY,STATIONARY,STATIONARY,STATIONARY,STATIONARY,STATIONARY
26393,660,1,RIGHT_ARM,0.11920759,0.00067291,0.00564488,0.00644460,0.00798278,0.00815019,0.01936104,0.00569578,0.00672422,0.00646972,0.00695376,RELIABLE,RELIABLE,RELIABLE,RELIABLE,RELIABLE,RELIABLE,RELIABLE,RELIABLE,STATIONARY,STATIONARY,STATIONARY,STATIONARY,STATIONARY,STATIONARY,STATIONARY,STATIONARY,STATIONARY
26424,661,1,RIGHT_ARM,0.11910775,0.00198621,0.01667572,0.00800245,0.01169909,0.01169238,0.01914937,0.00659378,0.00806100,0.00689544,0.00802927,RELIABLE,RELIABLE,RELIABLE,RELIABLE,RELIABLE,RELIABLE,RELIABLE,RELIABLE,STATIONARY,STATIONARY,STATIONARY,STATIONARY,STATIONARY,STATIONARY,STATIONARY,STATIONARY,STATIONARY
26470,662,1,RIGHT_ARM,0.11938606,0.00099310,0.00831843,0.00805805,0.01307080,0.01297347,0.01787161,0.00614189,0.00791039,0.00611188,0.00781742,RELIABLE,RELIABLE,RELIABLE,RELIABLE,RELIABLE,RELIABLE,RELIABLE,RELIABLE,STATIONARY,STATIONARY,STATIONARY,STATIONARY,STATIONARY,STATIONARY,STATIONARY,STATIONARY,STATIONARY
26517,663,1,RIGHT_ARM,0.11920895,0.00397920,0.03338003,0.01171421,0.02150210,0.02252852,0.02218817,0.00844832,0.01092218,0.00608905,0.01019328,RELIABLE,RELIABLE,RELIABLE,RELIABLE,RELIABLE,RELIABLE,RELIABLE,RELIABLE,STATIONARY,STATIONARY,STATIONARY,STATIONARY,STATIONARY,STATIONARY,STATIONARY,STATIONARY,STATIONARY
26548,664,1,RIGHT_ARM,0.11897197,0.00198960,0.01672326,0.01354767,0.02572677,0.02731587,0.02433662,0.00960691,0.01243353,0.00607248,0.01185474,RELIABLE,RELIABLE,RELIABLE,RELIABLE,RELIABLE,RELIABLE,RELIABLE,RELIABLE,STATIONARY,STATIONARY,STATIONARY,STATIONARY,STATIONARY,STATIONARY,STATIONARY,STATIONARY,STATIONARY
26594,665,1,RIGHT_ARM,0.11969580,0.00824125,0.06885164,0.02078154,0.04882058,0.05117947,0.02658437,0.01589725,0.01801554,0.00770270,0.01294895,RELIABLE,RELIABLE,RELIABLE,RELIABLE,RELIABLE,RELIABLE,RELIABLE,RELIABLE,STATIONARY,STATIONARY,STATIONARY,STATIONARY,STATIONARY,STATIONARY,STATIONARY,STATIONARY,STATIONARY
26650,666,1,RIGHT_ARM,0.12074494,0.01089265,0.09021209,0.03136947,0.07649483,0.07916874,0.03333018,0.02315865,0.02551951,0.00984060,0.01499245,RELIABLE,RELIABLE,RELIABLE,RELIABLE,RELIABLE,RELIABLE,RELIABLE,RELIABLE,STATIONARY,STATIONARY,STATIONARY,STATIONARY,STATIONARY,STATIONARY,STATIONARY,STATIONARY,STATIONARY
26688,667,1,RIGHT_ARM,0.12164657,0.00544633,0.04477172,0.03557222,0.08787488,0.09005530,0.03263634,0.02593813,0.02775240,0.01065921,0.01469016,RELIABLE,RELIABLE,RELIABLE,RELIABLE,RELIABLE,RELIABLE,RELIABLE,RELIABLE,STATIONARY,STATIONARY,STATIONARY,STATIONARY,STATIONARY,STATIONARY,STATIONARY,STATIONARY,STATIONARY
26720,668,1,RIGHT_ARM,0.12263669,0.00960994,0.07836104,0.04466174,0.10697407,0.11117929,0.03817206,0.03196097,0.03113558,0.01155659,0.01466842,RELIABLE,RELIABLE,RELIABLE,RELIABLE,RELIABLE,RELIABLE,RELIABLE,RELIABLE,MOVING,MOVING,MOVING,STATIONARY,STATIONARY,STATIONARY,STATIONARY,STATIONARY,MOVING
26751,669,1,RIGHT_ARM,0.12341136,0.00480497,0.03893458,0.04744410,0.11281435,0.11830082,0.04062448,0.03379053,0.03139801,0.01099601,0.01365205,RELIABLE,RELIABLE,RELIABLE,RELIABLE,RELIABLE,RELIABLE,RELIABLE,RELIABLE,MOVING,MOVING,MOVING,STATIONARY,STATIONARY,STATIONARY,STATIONARY,STATIONARY,MOVING
26795,670,1,RIGHT_ARM,0.12273373,0.00718981,0.05858054,0.05372686,0.12632358,0.13397534,0.04970411,0.03847394,0.03490230,0.01186488,0.01379038,RELIABLE,RELIABLE,RELIABLE,RELIABLE,RELIABLE,RELIABLE,RELIABLE,RELIABLE,MOVING,MOVING,MOVING,STATIONARY,STATIONARY,STATIONARY,STATIONARY,STATIONARY,MOVING
26830,671,1,RIGHT_ARM,0.12187626,0.00359490,0.02949634,0.05324140,0.12559897,0.13327258,0.04928725,0.03796414,0.03338798,0.01177836,0.01157731,RELIABLE,RELIABLE,RELIABLE,RELIABLE,RELIABLE,RELIABLE,RELIABLE,RELIABLE,MOVING,MOVING,MOVING,STATIONARY,STATIONARY,STATIONARY,STATIONARY,STATIONARY,MOVING
26862,672,1,RIGHT_ARM,0.12110652,0.00412465,0.03405802,0.05540825,0.13211585,0.13908722,0.05098915,0.04027482,0.03478013,0.01350749,0.01062249,RELIABLE,RELIABLE,RELIABLE,RELIABLE,RELIABLE,RELIABLE,RELIABLE,RELIABLE,MOVING,MOVING,MOVING,STATIONARY,STATIONARY,STATIONARY,STATIONARY,STATIONARY,MOVING
26909,673,1,RIGHT_ARM,0.12056436,0.00206232,0.01710559,0.04893999,0.11299570,0.11949784,0.04679170,0.03520909,0.02988617,0.01287308,0.00961049,RELIABLE,RELIABLE,RELIABLE,RELIABLE,RELIABLE,RELIABLE,RELIABLE,RELIABLE,MOVING,MOVING,MOVING,STATIONARY,STATIONARY,STATIONARY,STATIONARY,STATIONARY,MOVING
26956,674,1,RIGHT_ARM,0.12095856,0.00331998,0.02744729,0.04109439,0.09215423,0.09815178,0.04195189,0.03171455,0.02513167,0.01182433,0.00971195,RELIABLE,RELIABLE,RELIABLE,RELIABLE,RELIABLE,RELIABLE,RELIABLE,RELIABLE,MOVING,MOVING,MOVING,STATIONARY,STATIONARY,STATIONARY,STATIONARY,STATIONARY,MOVING
26987,675,1,RIGHT_ARM,0.12149218,0.00165999,0.01366337,0.03720585,0.08182216,0.08756870,0.03955594,0.02998649,0.02277692,0.01123564,0.00989347,RELIABLE,RELIABLE,RELIABLE,RELIABLE,RELIABLE,RELIABLE,RELIABLE,RELIABLE,MOVING,MOVING,MOVING,STATIONARY,STATIONARY,STATIONARY,STATIONARY,STATIONARY,MOVING
27019,676,1,RIGHT_ARM,0.12133619,0.00202267,0.01666993,0.02949446,0.06623896,0.06908480,0.03711352,0.02701009,0.02139636,0.01224283,0.01048210,RELIABLE,RELIABLE,RELIABLE,RELIABLE,RELIABLE,RELIABLE,RELIABLE,RELIABLE,MOVING,MOVING,MOVING,STATIONARY,STATIONARY,STATIONARY,STATIONARY,STATIONARY,MOVING
27065,677,1,RIGHT_ARM,0.12105615,0.00101133,0.00835425,0.02567191,0.05851728,0.05991932,0.03592430,0.02554652,0.02072278,0.01286820,0.01078627,RELIABLE,RELIABLE,RELIABLE,RELIABLE,RELIABLE,RELIABLE,RELIABLE,RELIABLE,MOVING,MOVING,MOVING,STATIONARY,STATIONARY,STATIONARY,STATIONARY,STATIONARY,MOVING
27097,678,1,RIGHT_ARM,0.12097737,0.00251967,0.02082765,0.02095280,0.04750131,0.04698062,0.02822762,0.02435750,0.01698918,0.01257399,0.01064949,RELIABLE,RELIABLE,RELIABLE,RELIABLE,RELIABLE,RELIABLE,RELIABLE,RELIABLE,MOVING,MOVING,MOVING,STATIONARY,STATIONARY,STATIONARY,STATIONARY,STATIONARY,MOVING
27143,679,1,RIGHT_ARM,0.12096978,0.00125984,0.01041448,0.01856757,0.04193835,0.04044892,0.02434464,0.02374416,0.01510682,0.01245317,0.01060767,RELIABLE,RELIABLE,RELIABLE,RELIABLE,RELIABLE,RELIABLE,RELIABLE,RELIABLE,MOVING,MOVING,MOVING,STATIONARY,STATIONARY,STATIONARY,STATIONARY,STATIONARY,MOVING
27175,680,1,RIGHT_ARM,0.12074017,0.00112607,0.00932640,0.01547612,0.03319486,0.03142467,0.02242486,0.02688789,0.01356124,0.01160954,0.01135570,RELIABLE,RELIABLE,RELIABLE,RELIABLE,RELIABLE,RELIABLE,RELIABLE,RELIABLE,MOVING,MOVING,MOVING,STATIONARY,STATIONARY,STATIONARY,STATIONARY,STATIONARY,MOVING
27206,681,1,RIGHT_ARM,0.12051294,0.00056304,0.00467199,0.01392192,0.02880073,0.02689013,0.02145742,0.02845759,0.01278272,0.01096940,0.01173705,RELIABLE,RELIABLE,RELIABLE,RELIABLE,RELIABLE,RELIABLE,RELIABLE,RELIABLE,MOVING,MOVING,MOVING,STATIONARY,STATIONARY,STATIONARY,STATIONARY,STATIONARY,MOVING
27238,682,1,RIGHT_ARM,0.12075021,0.00124509,0.01031126,0.01177992,0.02214024,0.02086185,0.02053131,0.03317100,0.01095117,0.01060768,0.01059184,RELIABLE,RELIABLE,RELIABLE,RELIABLE,RELIABLE,RELIABLE,RELIABLE,RELIABLE,MOVING,MOVING,MOVING,STATIONARY,STATIONARY,STATIONARY,STATIONARY,STATIONARY,MOVING
27270,683,1,RIGHT_ARM,0.12104431,0.00062254,0.00514310,0.01071488,0.01882551,0.01786208,0.02007330,0.03552604,0.01004078,0.01042083,0.00977795,RELIABLE,RELIABLE,RELIABLE,RELIABLE,RELIABLE,RELIABLE,RELIABLE,RELIABLE,MOVING,STATIONARY,STATIONARY,STATIONARY,STATIONARY,STATIONARY,STATIONARY,STATIONARY,MOVING
27316,684,1,RIGHT_ARM,0.12060336,0.00047450,0.00393441,0.00912294,0.01466803,0.01397624,0.01607624,0.04465266,0.00852510,0.00885421,0.00909803,RELIABLE,RELIABLE,RELIABLE,RELIABLE,RELIABLE,RELIABLE,RELIABLE,RELIABLE,STATIONARY,STATIONARY,STATIONARY,STATIONARY,STATIONARY,STATIONARY,STATIONARY,STATIONARY,STATIONARY
27362,685,1,RIGHT_ARM,0.12008944,0.00023725,0.00197562,0.00832561,0.01258521,0.01202924,0.01407472,0.04923900,0.00776684,0.00788955,0.00869823,RELIABLE,RELIABLE,RELIABLE,RELIABLE,RELIABLE,RELIABLE,RELIABLE,RELIABLE,STATIONARY,STATIONARY,STATIONARY,STATIONARY,STATIONARY,STATIONARY,STATIONARY,STATIONARY,STATIONARY
27393,686,1,RIGHT_ARM,0.12030171,0.00135362,0.01125189,0.00712864,0.00953601,0.00879441,0.01437362,0.07584267,0.00846454,0.00812081,0.00953285,RELIABLE,RELIABLE,RELIABLE,RELIABLE,RELIABLE,RELIABLE,RELIABLE,RELIABLE,STATIONARY,STATIONARY,STATIONARY,STATIONARY,STATIONARY,STATIONARY,STATIONARY,STATIONARY,STATIONARY
27451,687,1,RIGHT_ARM,0.12022567,0.00161547,0.01343697,0.00750646,0.00966688,0.00849333,0.01457054,0.09701441,0.00931373,0.00814312,0.00989974,RELIABLE,RELIABLE,RELIABLE,RELIABLE,RELIABLE,RELIABLE,RELIABLE,RELIABLE,STATIONARY,STATIONARY,STATIONARY,STATIONARY,MOVING,STATIONARY,STATIONARY,STATIONARY,MOVING
27487,688,1,RIGHT_ARM,0.12010109,0.00080773,0.00672546,0.00718134,0.00880784,0.00792666,0.01273226,0.10159316,0.00819032,0.00709628,0.00879339,RELIABLE,RELIABLE,RELIABLE,RELIABLE,RELIABLE,RELIABLE,RELIABLE,RELIABLE,STATIONARY,STATIONARY,STATIONARY,STATIONARY,MOVING,STATIONARY,STATIONARY,STATIONARY,MOVING
27533,689,1,RIGHT_ARM,0.12013764,0.00196875,0.01638748,0.00864577,0.01014629,0.01006539,0.01298816,0.10597499,0.00849444,0.00828449,0.00885480,RELIABLE,RELIABLE,RELIABLE,RELIABLE,RELIABLE,RELIABLE,RELIABLE,RELIABLE,STATIONARY,STATIONARY,STATIONARY,STATIONARY,MOVING,STATIONARY,STATIONARY,STATIONARY,MOVING
27565,690,1,RIGHT_ARM,0.12020540,0.00098438,0.00818912,0.00838051,0.01042987,0.01038705,0.01067027,0.10107931,0.00768141,0.00852409,0.00809787,RELIABLE,RELIABLE,RELIABLE,RELIABLE,RELIABLE,RELIABLE,RELIABLE,RELIABLE,STATIONARY,STATIONARY,STATIONARY,STATIONARY,MOVING,STATIONARY,STATIONARY,STATIONARY,MOVING
27611,691,1,RIGHT_ARM,0.12073006,0.00196372,0.01626537,0.00977079,0.01215862,0.01183653,0.01118182,0.10415129,0.00950458,0.01035043,0.00931352,RELIABLE,RELIABLE,RELIABLE,RELIABLE,RELIABLE,RELIABLE,RELIABLE,RELIABLE,STATIONARY,STATIONARY,STATIONARY,STATIONARY,MOVING,STATIONARY,STATIONARY,STATIONARY,MOVING
27642,692,1,RIGHT_ARM,0.12123837,0.00098186,0.00809859,0.01029131,0.01250946,0.01243407,0.01053129,0.09519539,0.00939696,0.01115874,0.00949494,RELIABLE,RELIABLE,RELIABLE,RELIABLE,RELIABLE,RELIABLE,RELIABLE,RELIABLE,STATIONARY,STATIONARY,STATIONARY,STATIONARY,MOVING,STATIONARY,STATIONARY,STATIONARY,MOVING
27689,693,1,RIGHT_ARM,0.12117381,0.00129069,0.01065158,0.01137581,0.01336912,0.01434623,0.01178731,0.10022476,0.00960046,0.01112542,0.00957739,RELIABLE,RELIABLE,RELIABLE,RELIABLE,RELIABLE,RELIABLE,RELIABLE,RELIABLE,STATIONARY,STATIONARY,STATIONARY,STATIONARY,MOVING,STATIONARY,STATIONARY,STATIONARY,MOVING
27721,694,1,RIGHT_ARM,0.12098577,0.00064535,0.00533407,0.01063608,0.01237878,0.01381237,0.01036779,0.07512807,0.00865196,0.00977205,0.00807234,RELIABLE,RELIABLE,RELIABLE,RELIABLE,RELIABLE,RELIABLE,RELIABLE,RELIABLE,STATIONARY,STATIONARY,STATIONARY,STATIONARY,MOVING,STATIONARY,STATIONARY,STATIONARY,MOVING
27768,695,1,RIGHT_ARM,0.12019727,0.00058449,0.00486276,0.00956430,0.01052150,0.01251559,0.01057858,0.07480307,0.00880709,0.00988649,0.00875664,RELIABLE,RELIABLE,RELIABLE,RELIABLE,RELIABLE,RELIABLE,RELIABLE,RELIABLE,STATIONARY,STATIONARY,STATIONARY,STATIONARY,MOVING,STATIONARY,STATIONARY,STATIONARY,MOVING
27800,696,1,RIGHT_ARM,0.11945587,0.00029225,0.00244647,0.00902943,0.00959344,0.01186865,0.01068793,0.07469972,0.00888823,0.00999431,0.00914738,RELIABLE,RELIABLE,RELIABLE,RELIABLE,RELIABLE,RELIABLE,RELIABLE,RELIABLE,STATIONARY,STATIONARY,STATIONARY,STATIONARY,MOVING,STATIONARY,STATIONARY,STATIONARY,MOVING
27846,697,1,RIGHT_ARM,0.11833566,0.00205080,0.01733040,0.00914729,0.00932056,0.01097779,0.01082054,0.08217349,0.00907447,0.00896019,0.01111565,RELIABLE,RELIABLE,RELIABLE,RELIABLE,RELIABLE,RELIABLE,RELIABLE,RELIABLE,STATIONARY,STATIONARY,STATIONARY,STATIONARY,MOVING,STATIONARY,STATIONARY,STATIONARY,MOVING
27878,698,1,RIGHT_ARM,0.11740585,0.00102540,0.00873382,0.00921538,0.00919315,0.01054136,0.01089373,0.08597357,0.00917327,0.00832877,0.01251708,RELIABLE,RELIABLE,RELIABLE,RELIABLE,RELIABLE,RELIABLE,RELIABLE,RELIABLE,STATIONARY,STATIONARY,STATIONARY,STATIONARY,MOVING,STATIONARY,STATIONARY,STATIONARY,MOVING
27925,699,1,RIGHT_ARM,0.11666958,0.00117134,0.01003978,0.00843718,0.00877530,0.01032452,0.01074114,0.09492838,0.00841471,0.00732126,0.01249797,RELIABLE,RELIABLE,RELIABLE,RELIABLE,RELIABLE,RELIABLE,RELIABLE,RELIABLE,STATIONARY,STATIONARY,STATIONARY,STATIONARY,MOVING,STATIONARY,STATIONARY,STATIONARY,MOVING
27978,700,1,RIGHT_ARM,0.11691384,0.00088995,0.00761198,0.00837636,0.00817431,0.01008693,0.01107837,0.09618149,0.00834619,0.00757937,0.01249348,RELIABLE,RELIABLE,RELIABLE,RELIABLE,RELIABLE,RELIABLE,RELIABLE,RELIABLE,STATIONARY,STATIONARY,STATIONARY,STATIONARY,MOVING,STATIONARY,STATIONARY,STATIONARY,MOVING
28022,701,1,RIGHT_ARM,0.11734218,0.00044497,0.00379209,0.00751892,0.00718711,0.00835246,0.00965966,0.08726449,0.00804954,0.00834883,0.01254007,RELIABLE,RELIABLE,RELIABLE,RELIABLE,RELIABLE,RELIABLE,RELIABLE,RELIABLE,STATIONARY,STATIONARY,STATIONARY,STATIONARY,MOVING,STATIONARY,STATIONARY,STATIONARY,MOVING
28068,702,1,RIGHT_ARM,0.11754074,0.00126219,0.01073833,0.00819445,0.00735300,0.00811528,0.01036419,0.09279324,0.00895758,0.00894326,0.01329773,RELIABLE,RELIABLE,RELIABLE,RELIABLE,RELIABLE,RELIABLE,RELIABLE,RELIABLE,STATIONARY,STATIONARY,STATIONARY,STATIONARY,MOVING,STATIONARY,STATIONARY,STATIONARY,MOVING
28114,703,1,RIGHT_ARM,0.11763827,0.00063110,0.00536471,0.00825720,0.00714212,0.00770971,0.00974764,0.07545957,0.00828129,0.00846695,0.01225704,RELIABLE,RELIABLE,RELIABLE,RELIABLE,RELIABLE,RELIABLE,RELIABLE,RELIABLE,STATIONARY,STATIONARY,STATIONARY,STATIONARY,MOVING,STATIONARY,STATIONARY,STATIONARY,MOVING
28161,704,1,RIGHT_ARM,0.11800817,0.00126108,0.01068639,0.00928719,0.00855374,0.00873419,0.01032792,0.07955957,0.00913302,0.00992193,0.01312336,RELIABLE,RELIABLE,RELIABLE,RELIABLE,RELIABLE,RELIABLE,RELIABLE,RELIABLE,STATIONARY,STATIONARY,STATIONARY,STATIONARY,MOVING,STATIONARY,STATIONARY,STATIONARY,MOVING
28193,705,1,RIGHT_ARM,0.11836073,0.00063054,0.00532728,0.00778680,0.00729591,0.00738807,0.00936077,0.07196169,0.00854350,0.01019142,0.01124639,RELIABLE,RELIABLE,RELIABLE,RELIABLE,RELIABLE,RELIABLE,RELIABLE,RELIABLE,STATIONARY,STATIONARY,STATIONARY,STATIONARY,MOVING,STATIONARY,STATIONARY,STATIONARY,MOVING
28240,706,1,RIGHT_ARM,0.11901319,0.00098297,0.00825933,0.00772749,0.00737278,0.00689077,0.01212745,0.08690095,0.00928153,0.01018117,0.01054060,RELIABLE,RELIABLE,RELIABLE,RELIABLE,RELIABLE,RELIABLE,RELIABLE,RELIABLE,STATIONARY,STATIONARY,STATIONARY,STATIONARY,MOVING,STATIONARY,STATIONARY,STATIONARY,MOVING
28287,707,1,RIGHT_ARM,0.11957900,0.00049148,0.00411012,0.00698628,0.00617681,0.00535220,0.01202471,0.08175305,0.00822716,0.00910651,0.00939277,RELIABLE,RELIABLE,RELIABLE,RELIABLE,RELIABLE,RELIABLE,RELIABLE,RELIABLE,STATIONARY,STATIONARY,STATIONARY,STATIONARY,MOVING,STATIONARY,STATIONARY,STATIONARY,MOVING
28335,708,1,RIGHT_ARM,0.11977237,0.00214860,0.01793900,0.00827716,0.00798260,0.00665961,0.01353970,0.09727921,0.00888892,0.00830785,0.01165013,RELIABLE,RELIABLE,RELIABLE,RELIABLE,RELIABLE,RELIABLE,RELIABLE,RELIABLE,STATIONARY,STATIONARY,STATIONARY,STATIONARY,MOVING,STATIONARY,STATIONARY,STATIONARY,MOVING
28382,709,1,RIGHT_ARM,0.12020354,0.00060115,0.00500112,0.00842829,0.00829649,0.00728170,0.01420178,0.10799857,0.00955283,0.00783931,0.01176871,RELIABLE,RELIABLE,RELIABLE,RELIABLE,RELIABLE,RELIABLE,RELIABLE,RELIABLE,STATIONARY,STATIONARY,STATIONARY,STATIONARY,MOVING,STATIONARY,STATIONARY,STATIONARY,MOVING
28428,710,1,RIGHT_ARM,0.12059077,0.00030058,0.00249253,0.00739756,0.00779211,0.00695942,0.01311517,0.10334094,0.00882571,0.00744331,0.01117539,RELIABLE,RELIABLE,RELIABLE,RELIABLE,RELIABLE,RELIABLE,RELIABLE,RELIABLE,STATIONARY,STATIONARY,STATIONARY,STATIONARY,MOVING,STATIONARY,STATIONARY,STATIONARY,MOVING
28476,711,1,RIGHT_ARM,0.12072002,0.00107423,0.00889855,0.00783929,0.00779630,0.00746704,0.01412294,0.10108183,0.00883427,0.00787942,0.01174572,RELIABLE,RELIABLE,RELIABLE,RELIABLE,RELIABLE,RELIABLE,RELIABLE,RELIABLE,STATIONARY,STATIONARY,STATIONARY,STATIONARY,MOVING,STATIONARY,STATIONARY,STATIONARY,MOVING
28507,712,1,RIGHT_ARM,0.12075394,0.00053712,0.00444803,0.00705949,0.00627941,0.00649093,0.01373336,0.08711375,0.00764439,0.00640805,0.01064903,RELIABLE,RELIABLE,RELIABLE,RELIABLE,RELIABLE,RELIABLE,RELIABLE,RELIABLE,STATIONARY,STATIONARY,STATIONARY,STATIONARY,MOVING,STATIONARY,STATIONARY,STATIONARY,MOVING
28555,713,1,RIGHT_ARM,0.12021453,0.00169079,0.01406479,0.00815168,0.00704608,0.00755833,0.01671357,0.09166947,0.00837100,0.00655239,0.01066619,RELIABLE,RELIABLE,RELIABLE,RELIABLE,RELIABLE,RELIABLE,RELIABLE,RELIABLE,STATIONARY,STATIONARY,STATIONARY,STATIONARY,MOVING,STATIONARY,STATIONARY,STATIONARY,MOVING
28602,714,1,RIGHT_ARM,0.11966942,0.00084540,0.00706443,0.00800232,0.00671895,0.00791218,0.01495525,0.07517630,0.00769955,0.00677745,0.01004541,RELIABLE,RELIABLE,RELIABLE,RELIABLE,RELIABLE,RELIABLE,RELIABLE,RELIABLE,STATIONARY,STATIONARY,STATIONARY,STATIONARY,MOVING,STATIONARY,STATIONARY,STATIONARY,MOVING
28634,715,1,RIGHT_ARM,0.11896337,0.00124598,0.01047361,0.00879776,0.00798835,0.00891432,0.01545219,0.08201188,0.00852680,0.00786114,0.01125668,RELIABLE,RELIABLE,RELIABLE,RELIABLE,RELIABLE,RELIABLE,RELIABLE,RELIABLE,STATIONARY,STATIONARY,STATIONARY,STATIONARY,MOVING,STATIONARY,STATIONARY,STATIONARY,MOVING
28680,716,1,RIGHT_ARM,0.11839601,0.00062299,0.00526190,0.00721312,0.00662032,0.00747517,0.01373053,0.07061300,0.00744967,0.00775000,0.00913592,RELIABLE,RELIABLE,RELIABLE,RELIABLE,RELIABLE,RELIABLE,RELIABLE,RELIABLE,STATIONARY,STATIONARY,STATIONARY,STATIONARY,MOVING,STATIONARY,STATIONARY,STATIONARY,MOVING
28712,717,1,RIGHT_ARM,0.11803857,0.00055884,0.00473440,0.00717978,0.00727931,0.00767106,0.01594172,0.07622764,0.00723508,0.00908291,0.00973798,RELIABLE,RELIABLE,RELIABLE,RELIABLE,RELIABLE,RELIABLE,RELIABLE,RELIABLE,STATIONARY,STATIONARY,STATIONARY,STATIONARY,MOVING,STATIONARY,STATIONARY,STATIONARY,MOVING
28759,718,1,RIGHT_ARM,0.11782370,0.00027942,0.00237152,0.00716465,0.00761081,0.00777172,0.01705269,0.07907331,0.00713075,0.01001972,0.01015032,RELIABLE,RELIABLE,RELIABLE,RELIABLE,RELIABLE,RELIABLE,RELIABLE,RELIABLE,STATIONARY,STATIONARY,STATIONARY,STATIONARY,MOVING,STATIONARY,STATIONARY,STATIONARY,MOVING
28791,719,1,RIGHT_ARM,0.11750515,0.00057717,0.00491191,0.00666632,0.00777519,0.00720873,0.01630771,0.09267227,0.00734892,0.00996866,0.00971754,RELIABLE,RELIABLE,RELIABLE,RELIABLE,RELIABLE,RELIABLE,RELIABLE,RELIABLE,STATIONARY,STATIONARY,STATIONARY,STATIONARY,MOVING,STATIONARY,STATIONARY,STATIONARY,MOVING
28843,720,1,RIGHT_ARM,0.11804814,0.00142268,0.01205173,0.00761679,0.00941402,0.00819358,0.01675525,0.09779836,0.00819174,0.01049987,0.00982552,RELIABLE,RELIABLE,RELIABLE,RELIABLE,RELIABLE,RELIABLE,RELIABLE,RELIABLE,STATIONARY,STATIONARY,STATIONARY,STATIONARY,MOVING,STATIONARY,STATIONARY,STATIONARY,MOVING
28885,721,1,RIGHT_ARM,0.11867809,0.00071134,0.00599388,0.00660792,0.00870601,0.00712885,0.01380232,0.08882689,0.00729072,0.00977555,0.00921383,RELIABLE,RELIABLE,RELIABLE,RELIABLE,RELIABLE,RELIABLE,RELIABLE,RELIABLE,STATIONARY,STATIONARY,STATIONARY,STATIONARY,MOVING,STATIONARY,STATIONARY,STATIONARY,MOVING
28931,722,1,RIGHT_ARM,0.11898662,0.00140169,0.01178020,0.00719739,0.00835274,0.00723087,0.01359093,0.09031362,0.00873076,0.01088745,0.01089895,RELIABLE,RELIABLE,RELIABLE,RELIABLE,RELIABLE,RELIABLE,RELIABLE,RELIABLE,STATIONARY,STATIONARY,STATIONARY,STATIONARY,MOVING,STATIONARY,STATIONARY,STATIONARY,MOVING
28979,723,1,RIGHT_ARM,0.11913898,0.00070084,0.00588257,0.00662351,0.00674555,0.00645731,0.01211659,0.07602360,0.00828975,0.01058202,0.01034324,RELIABLE,RELIABLE,RELIABLE,RELIABLE,RELIABLE,RELIABLE,RELIABLE,RELIABLE,STATIONARY,STATIONARY,STATIONARY,STATIONARY,MOVING,STATIONARY,STATIONARY,STATIONARY,MOVING
29026,724,1,RIGHT_ARM,0.11898477,0.00115567,0.00971274,0.00717987,0.00802133,0.00779714,0.01195616,0.07922087,0.00840661,0.01119081,0.01025699,RELIABLE,RELIABLE,RELIABLE,RELIABLE,RELIABLE,RELIABLE,RELIABLE,RELIABLE,STATIONARY,STATIONARY,STATIONARY,STATIONARY,MOVING,STATIONARY,STATIONARY,STATIONARY,MOVING
29058,725,1,RIGHT_ARM,0.11879446,0.00057783,0.00486415,0.00719609,0.00790786,0.00758620,0.00890260,0.06656810,0.00781093,0.01016428,0.00960377,RELIABLE,RELIABLE,RELIABLE,RELIABLE,RELIABLE,RELIABLE,RELIABLE,RELIABLE,STATIONARY,STATIONARY,STATIONARY,STATIONARY,MOVING,STATIONARY,STATIONARY,STATIONARY,MOVING
29089,726,1,RIGHT_ARM,0.11895589,0.00120122,0.01009800,0.00816190,0.00875818,0.00836481,0.00838581,0.07645314,0.01050438,0.01099557,0.01308833,RELIABLE,RELIABLE,RELIABLE,RELIABLE,RELIABLE,RELIABLE,RELIABLE,RELIABLE,STATIONARY,STATIONARY,STATIONARY,STATIONARY,MOVING,STATIONARY,STATIONARY,STATIONARY,MOVING
29121,727,1,RIGHT_ARM,0.11916685,0.00060061,0.00504006,0.00817792,0.00892736,0.00869779,0.00787643,0.06913741,0.01120637,0.01131726,0.01497638,RELIABLE,RELIABLE,RELIABLE,RELIABLE,RELIABLE,RELIABLE,RELIABLE,RELIABLE,STATIONARY,STATIONARY,STATIONARY,STATIONARY,MOVING,STATIONARY,STATIONARY,STATIONARY,MOVING
29153,728,1,RIGHT_ARM,0.11939178,0.00067894,0.00568664,0.00738228,0.00850740,0.00811518,0.00828459,0.08008359,0.01132653,0.01186990,0.01564073,RELIABLE,RELIABLE,RELIABLE,RELIABLE,RELIABLE,RELIABLE,RELIABLE,RELIABLE,STATIONARY,STATIONARY,STATIONARY,STATIONARY,MOVING,STATIONARY,STATIONARY,STATIONARY,MOVING
29200,729,1,RIGHT_ARM,0.11956431,0.00033947,0.00283922,0.00698795,0.00830127,0.00782708,0.00849105,0.08556193,0.01138881,0.01214855,0.01601396,RELIABLE,RELIABLE,RELIABLE,RELIABLE,RELIABLE,RELIABLE,RELIABLE,RELIABLE,STATIONARY,STATIONARY,STATIONARY,STATIONARY,MOVING,STATIONARY,STATIONARY,STATIONARY,MOVING
29246,730,1,RIGHT_ARM,0.12064802,0.00175137,0.01451636,0.00732997,0.00900788,0.00752555,0.00886737,0.09944573,0.01191687,0.01175132,0.01528308,RELIABLE,RELIABLE,RELIABLE,RELIABLE,RELIABLE,RELIABLE,RELIABLE,RELIABLE,STATIONARY,STATIONARY,STATIONARY,STATIONARY,MOVING,STATIONARY,STATIONARY,STATIONARY,MOVING
29306,731,1,RIGHT_ARM,0.12145350,0.00149532,0.01231191,0.00813364,0.01025902,0.00899196,0.00982766,0.10377714,0.01173465,0.01118189,0.01486604,RELIABLE,RELIABLE,RELIABLE,RELIABLE,RELIABLE,RELIABLE,RELIABLE,RELIABLE,STATIONARY,STATIONARY,STATIONARY,STATIONARY,MOVING,STATIONARY,STATIONARY,STATIONARY,MOVING
29340,732,1,RIGHT_ARM,0.12199052,0.00074766,0.00612886,0.00768565,0.00879755,0.00799118,0.00972171,0.09553913,0.01130050,0.01003694,0.01431284,RELIABLE,RELIABLE,RELIABLE,RELIABLE,RELIABLE,RELIABLE,RELIABLE,RELIABLE,STATIONARY,STATIONARY,STATIONARY,STATIONARY,MOVING,STATIONARY,STATIONARY,STATIONARY,MOVING
29372,733,1,RIGHT_ARM,0.12184184,0.00193498,0.01588105,0.00906276,0.00935454,0.00937339,0.01036890,0.09763698,0.01221584,0.01107344,0.01481454,RELIABLE,RELIABLE,RELIABLE,RELIABLE,RELIABLE,RELIABLE,RELIABLE,RELIABLE,STATIONARY,STATIONARY,STATIONARY,STATIONARY,MOVING,STATIONARY,STATIONARY,STATIONARY,MOVING
29451,734,1,RIGHT_ARM,0.12139284,0.00062900,0.00518150,0.00844820,0.00865947,0.00850349,0.01003524,0.09352485,0.01008310,0.01062622,0.01127612,RELIABLE,RELIABLE,RELIABLE,RELIABLE,RELIABLE,RELIABLE,RELIABLE,RELIABLE,STATIONARY,STATIONARY,STATIONARY,STATIONARY,MOVING,STATIONARY,STATIONARY,STATIONARY,MOVING
29498,735,1,RIGHT_ARM,0.12098281,0.00031450,0.00259953,0.00814313,0.00831452,0.00807062,0.00987110,0.09151162,0.00902141,0.01053611,0.00909012,RELIABLE,RELIABLE,RELIABLE,RELIABLE,RELIABLE,RELIABLE,RELIABLE,RELIABLE,STATIONARY,STATIONARY,STATIONARY,STATIONARY,MOVING,STATIONARY,STATIONARY,STATIONARY,MOVING
29545,736,1,RIGHT_ARM,0.12068550,0.00015725,0.00130297,0.00759517,0.00709048,0.00733740,0.00830699,0.07758421,0.00798843,0.00960004,0.00777879,RELIABLE,RELIABLE,RELIABLE,RELIABLE,RELIABLE,RELIABLE,RELIABLE,RELIABLE,STATIONARY,STATIONARY,STATIONARY,STATIONARY,MOVING,STATIONARY,STATIONARY,STATIONARY,MOVING
29577,737,1,RIGHT_ARM,0.11930099,0.00087353,0.00732207,0.00815553,0.00761037,0.00719307,0.00903761,0.09348190,0.00888726,0.00952766,0.00933497,RELIABLE,RELIABLE,RELIABLE,RELIABLE,RELIABLE,RELIABLE,RELIABLE,RELIABLE,STATIONARY,STATIONARY,STATIONARY,STATIONARY,MOVING,STATIONARY,STATIONARY,STATIONARY,MOVING
29608,738,1,RIGHT_ARM,0.11799287,0.00043676,0.00370162,0.00680369,0.00706303,0.00664151,0.00786549,0.08442277,0.00695441,0.00850621,0.00933157,RELIABLE,RELIABLE,RELIABLE,RELIABLE,RELIABLE,RELIABLE,RELIABLE,RELIABLE,STATIONARY,STATIONARY,STATIONARY,STATIONARY,MOVING,STATIONARY,STATIONARY,STATIONARY,MOVING
29640,739,1,RIGHT_ARM,0.11711523,0.00093929,0.00802021,0.00626723,0.00715294,0.00627118,0.00797429,0.09275702,0.00683126,0.00904183,0.00955079,RELIABLE,RELIABLE,RELIABLE,RELIABLE,RELIABLE,RELIABLE,RELIABLE,RELIABLE,STATIONARY,STATIONARY,STATIONARY,STATIONARY,MOVING,STATIONARY,STATIONARY,STATIONARY,MOVING
29672,740,1,RIGHT_ARM,0.11656477,0.00046964,0.00402904,0.00600475,0.00720487,0.00609410,0.00803702,0.09698110,0.00677354,0.00940937,0.00977974,RELIABLE,RELIABLE,RELIABLE,RELIABLE,RELIABLE,RELIABLE,RELIABLE,RELIABLE,STATIONARY,STATIONARY,STATIONARY,STATIONARY,MOVING,STATIONARY,STATIONARY,STATIONARY,MOVING
29703,741,1,RIGHT_ARM,0.11643677,0.00051990,0.00446510,0.00457776,0.00589940,0.00399086,0.00797206,0.10389855,0.00643276,0.00870208,0.00974222,RELIABLE,RELIABLE,RELIABLE,RELIABLE,RELIABLE,RELIABLE,RELIABLE,RELIABLE,STATIONARY,STATIONARY,STATIONARY,STATIONARY,MOVING,STATIONARY,STATIONARY,STATIONARY,MOVING
29750,742,1,RIGHT_ARM,0.11644640,0.00025995,0.00223237,0.00420911,0.00531204,0.00361506,0.00758356,0.09628913,0.00586048,0.00781578,0.00957580,RELIABLE,RELIABLE,RELIABLE,RELIABLE,RELIABLE,RELIABLE,RELIABLE,RELIABLE,STATIONARY,STATIONARY,STATIONARY,STATIONARY,MOVING,STATIONARY,STATIONARY,STATIONARY,MOVING
29782,743,1,RIGHT_ARM,0.11617749,0.00295607,0.02544447,0.00706473,0.00673922,0.00663866,0.00927441,0.09400785,0.00653408,0.00773157,0.01037285,RELIABLE,RELIABLE,RELIABLE,RELIABLE,RELIABLE,RELIABLE,RELIABLE,RELIABLE,STATIONARY,STATIONARY,STATIONARY,STATIONARY,MOVING,STATIONARY,STATIONARY,STATIONARY,MOVING
29813,744,1,RIGHT_ARM,0.11591612,0.00147804,0.01275092,0.00849572,0.00745438,0.00815385,0.01012170,0.09286384,0.00687158,0.00763099,0.01092214,RELIABLE,RELIABLE,RELIABLE,RELIABLE,RELIABLE,RELIABLE,RELIABLE,RELIABLE,STATIONARY,STATIONARY,STATIONARY,STATIONARY,MOVING,STATIONARY,STATIONARY,STATIONARY,MOVING
29845,745,1,RIGHT_ARM,0.11594015,0.00208977,0.01802460,0.00983354,0.00679025,0.00894228,0.01035548,0.07381864,0.00711103,0.00769890,0.01043982,RELIABLE,RELIABLE,RELIABLE,RELIABLE,RELIABLE,RELIABLE,RELIABLE,RELIABLE,STATIONARY,STATIONARY,STATIONARY,STATIONARY,MOVING,STATIONARY,STATIONARY,STATIONARY,MOVING
29877,746,1,RIGHT_ARM,0.11621414,0.00114191,0.00982594,0.01059908,0.00867513,0.01099948,0.01141366,0.07449221,0.00734177,0.00807758,0.00996718,RELIABLE,RELIABLE,RELIABLE,RELIABLE,RELIABLE,RELIABLE,RELIABLE,RELIABLE,STATIONARY,STATIONARY,STATIONARY,STATIONARY,MOVING,STATIONARY,STATIONARY,STATIONARY,MOVING
29924,747,1,RIGHT_ARM,0.11619280,0.00066896,0.00575731,0.01031622,0.00886487,0.01067586,0.01135946,0.07774861,0.00746537,0.00878817,0.01065174,RELIABLE,RELIABLE,RELIABLE,RELIABLE,RELIABLE,RELIABLE,RELIABLE,RELIABLE,STATIONARY,STATIONARY,STATIONARY,STATIONARY,MOVING,STATIONARY,STATIONARY,STATIONARY,MOVING
29978,748,1,RIGHT_ARM,0.11720680,0.00122085,0.01041617,0.01111461,0.01010480,0.01183654,0.01360428,0.09495027,0.00900862,0.00979523,0.01204282,RELIABLE,RELIABLE,RELIABLE,RELIABLE,RELIABLE,RELIABLE,RELIABLE,RELIABLE,STATIONARY,STATIONARY,STATIONARY,STATIONARY,MOVING,STATIONARY,STATIONARY,STATIONARY,MOVING
30019,749,1,RIGHT_ARM,0.11822833,0.00061042,0.00516309,0.01120186,0.01075796,0.01253893,0.01410829,0.09240885,0.00895067,0.00946720,0.01225200,RELIABLE,RELIABLE,RELIABLE,RELIABLE,RELIABLE,RELIABLE,RELIABLE,RELIABLE,STATIONARY,STATIONARY,STATIONARY,STATIONARY,MOVING,STATIONARY,STATIONARY,STATIONARY,MOVING
30066,750,1,RIGHT_ARM,0.11996048,0.00229001,0.01908973,0.01330903,0.01248934,0.01365134,0.01612258,0.10259596,0.00940940,0.00981703,0.01244187,RELIABLE,RELIABLE,RELIABLE,RELIABLE,RELIABLE,RELIABLE,RELIABLE,RELIABLE,STATIONARY,STATIONARY,STATIONARY,STATIONARY,MOVING,STATIONARY,STATIONARY,STATIONARY,MOVING
30112,751,1,RIGHT_ARM,0.12144256,0.00114501,0.00942838,0.01130702,0.01162124,0.01098756,0.01522748,0.10603186,0.00867129,0.00957781,0.01171336,RELIABLE,RELIABLE,RELIABLE,RELIABLE,RELIABLE,RELIABLE,RELIABLE,RELIABLE,STATIONARY,STATIONARY,STATIONARY,STATIONARY,MOVING,STATIONARY,STATIONARY,STATIONARY,MOVING
30159,752,1,RIGHT_ARM,0.12202336,0.00201877,0.01654416,0.01178117,0.01233423,0.01117141,0.01559155,0.11584259,0.00934076,0.00928773,0.01224039,RELIABLE,RELIABLE,RELIABLE,RELIABLE,RELIABLE,RELIABLE,RELIABLE,RELIABLE,STATIONARY,STATIONARY,STATIONARY,STATIONARY,MOVING,STATIONARY,STATIONARY,STATIONARY,MOVING
30206,753,1,RIGHT_ARM,0.12225178,0.00100939,0.00825662,0.01056018,0.01258002,0.01100913,0.01445073,0.11636089,0.00818923,0.00846958,0.01110523,RELIABLE,RELIABLE,RELIABLE,RELIABLE,RELIABLE,RELIABLE,RELIABLE,RELIABLE,STATIONARY,STATIONARY,STATIONARY,STATIONARY,MOVING,STATIONARY,STATIONARY,STATIONARY,MOVING
30238,754,1,RIGHT_ARM,0.12219786,0.00090979,0.00744520,0.01026258,0.01065818,0.00994079,0.01379633,0.10868470,0.00845214,0.00847168,0.01107594,RELIABLE,RELIABLE,RELIABLE,RELIABLE,RELIABLE,RELIABLE,RELIABLE,RELIABLE,STATIONARY,STATIONARY,STATIONARY,STATIONARY,MOVING,STATIONARY,STATIONARY,STATIONARY,MOVING
30270,755,1,RIGHT_ARM,0.12187665,0.00106688,0.00875375,0.01063714,0.01057087,0.01061660,0.01248198,0.09136262,0.00857581,0.00813809,0.00996772,RELIABLE,RELIABLE,RELIABLE,RELIABLE,RELIABLE,RELIABLE,RELIABLE,RELIABLE,STATIONARY,STATIONARY,STATIONARY,STATIONARY,MOVING,STATIONARY,STATIONARY,STATIONARY,MOVING
30316,756,1,RIGHT_ARM,0.12213323,0.00155244,0.01271106,0.01092400,0.00921630,0.00944362,0.01109845,0.08043334,0.00808218,0.00742346,0.00918279,RELIABLE,RELIABLE,RELIABLE,RELIABLE,RELIABLE,RELIABLE,RELIABLE,RELIABLE,STATIONARY,STATIONARY,STATIONARY,STATIONARY,MOVING,STATIONARY,STATIONARY,STATIONARY,MOVING
30378,757,1,RIGHT_ARM,0.12161890,0.00168835,0.01388232,0.01201390,0.01065496,0.01084232,0.01087354,0.08822350,0.00826988,0.00770443,0.00915340,RELIABLE,RELIABLE,RELIABLE,RELIABLE,RELIABLE,RELIABLE,RELIABLE,RELIABLE,STATIONARY,STATIONARY,STATIONARY,STATIONARY,MOVING,STATIONARY,STATIONARY,STATIONARY,MOVING
30410,758,1,RIGHT_ARM,0.12104543,0.00084418,0.00697405,0.01049944,0.00997530,0.01078607,0.00900205,0.08070977,0.00787880,0.00736249,0.00917123,RELIABLE,RELIABLE,RELIABLE,RELIABLE,RELIABLE,RELIABLE,RELIABLE,RELIABLE,STATIONARY,STATIONARY,STATIONARY,STATIONARY,MOVING,STATIONARY,STATIONARY,STATIONARY,MOVING
30457,759,1,RIGHT_ARM,0.11993236,0.00050465,0.00420777,0.00984687,0.00988039,0.01104695,0.00847761,0.09742341,0.00895660,0.00776228,0.00984584,RELIABLE,RELIABLE,RELIABLE,RELIABLE,RELIABLE,RELIABLE,RELIABLE,RELIABLE,STATIONARY,STATIONARY,STATIONARY,STATIONARY,MOVING,STATIONARY,STATIONARY,STATIONARY,MOVING
30489,760,1,RIGHT_ARM,0.11896266,0.00025232,0.00212103,0.00804398,0.00868731,0.00966154,0.00740433,0.09778534,0.00846194,0.00812968,0.00924622,RELIABLE,RELIABLE,RELIABLE,RELIABLE,RELIABLE,RELIABLE,RELIABLE,RELIABLE,STATIONARY,STATIONARY,STATIONARY,STATIONARY,MOVING,STATIONARY,STATIONARY,STATIONARY,MOVING
30536,761,1,RIGHT_ARM,0.11826221,0.00044388,0.00375332,0.00748106,0.00885641,0.00949494,0.00885065,0.10493298,0.00894485,0.00912892,0.00930103,RELIABLE,RELIABLE,RELIABLE,RELIABLE,RELIABLE,RELIABLE,RELIABLE,RELIABLE,STATIONARY,STATIONARY,STATIONARY,STATIONARY,MOVING,STATIONARY,STATIONARY,STATIONARY,MOVING
30583,762,1,RIGHT_ARM,0.11781046,0.00022194,0.00188385,0.00678590,0.00876383,0.00873570,0.00871163,0.10613438,0.00823017,0.00890446,0.00876354,RELIABLE,RELIABLE,RELIABLE,RELIABLE,RELIABLE,RELIABLE,RELIABLE,RELIABLE,STATIONARY,STATIONARY,STATIONARY,STATIONARY,MOVING,STATIONARY,STATIONARY,STATIONARY,MOVING
30615,763,1,RIGHT_ARM,0.11717989,0.00111201,0.00948973,0.00687789,0.00831719,0.00817480,0.00948949,0.11834894,0.00824752,0.00887386,0.00922032,RELIABLE,RELIABLE,RELIABLE,RELIABLE,RELIABLE,RELIABLE,RELIABLE,RELIABLE,STATIONARY,STATIONARY,STATIONARY,STATIONARY,MOVING,STATIONARY,STATIONARY,STATIONARY,MOVING
30647,764,1,RIGHT_ARM,0.11718657,0.00128315,0.01094961,0.00665771,0.00916722,0.00939141,0.00920544,0.11189466,0.00786334,0.00913202,0.00846063,RELIABLE,RELIABLE,RELIABLE,RELIABLE,RELIABLE,RELIABLE,RELIABLE,RELIABLE,STATIONARY,STATIONARY,STATIONARY,STATIONARY,MOVING,STATIONARY,STATIONARY,STATIONARY,MOVING
30694,765,1,RIGHT_ARM,0.11735766,0.00064157,0.00546682,0.00560577,0.00748394,0.00802154,0.00860922,0.09551694,0.00724433,0.00868706,0.00749563,RELIABLE,RELIABLE,RELIABLE,RELIABLE,RELIABLE,RELIABLE,RELIABLE,RELIABLE,STATIONARY,STATIONARY,STATIONARY,STATIONARY,MOVING,STATIONARY,STATIONARY,STATIONARY,MOVING
30725,766,1,RIGHT_ARM,0.11750741,0.00168462,0.01433629,0.00652605,0.00864878,0.00954076,0.00874838,0.09132296,0.00787638,0.00950651,0.00758834,RELIABLE,RELIABLE,RELIABLE,RELIABLE,RELIABLE,RELIABLE,RELIABLE,RELIABLE,STATIONARY,STATIONARY,STATIONARY,STATIONARY,MOVING,STATIONARY,STATIONARY,STATIONARY,MOVING
30757,767,1,RIGHT_ARM,0.11761696,0.00084231,0.00716147,0.00689527,0.00899680,0.01001772,0.00842185,0.06886110,0.00692440,0.00938519,0.00699537,RELIABLE,RELIABLE,RELIABLE,RELIABLE,RELIABLE,RELIABLE,RELIABLE,RELIABLE,STATIONARY,STATIONARY,STATIONARY,STATIONARY,MOVING,STATIONARY,STATIONARY,STATIONARY,MOVING
30789,768,1,RIGHT_ARM,0.11774130,0.00053973,0.00458400,0.00720314,0.00932835,0.01045478,0.00969848,0.06915728,0.00723673,0.00967856,0.00749555,RELIABLE,RELIABLE,RELIABLE,RELIABLE,RELIABLE,RELIABLE,RELIABLE,RELIABLE,STATIONARY,STATIONARY,STATIONARY,STATIONARY,MOVING,STATIONARY,STATIONARY,STATIONARY,MOVING
30837,769,1,RIGHT_ARM,0.11784030,0.00026986,0.00229008,0.00702023,0.00872968,0.01014855,0.00835449,0.06234483,0.00666338,0.00909739,0.00729982,RELIABLE,RELIABLE,RELIABLE,RELIABLE,RELIABLE,RELIABLE,RELIABLE,RELIABLE,STATIONARY,STATIONARY,STATIONARY,STATIONARY,MOVING,STATIONARY,STATIONARY,STATIONARY,MOVING
30884,770,1,RIGHT_ARM,0.11790873,0.00013493,0.00114437,0.00692780,0.00842836,0.00999387,0.00767810,0.05891105,0.00637440,0.00873146,0.00716726,RELIABLE,RELIABLE,RELIABLE,RELIABLE,RELIABLE,RELIABLE,RELIABLE,RELIABLE,STATIONARY,STATIONARY,STATIONARY,STATIONARY,MOVING,STATIONARY,STATIONARY,STATIONARY,MOVING
30931,771,1,RIGHT_ARM,0.11854761,0.00218794,0.01845623,0.00804861,0.01094755,0.01176714,0.00860013,0.07437285,0.00714269,0.00839104,0.00670641,RELIABLE,RELIABLE,RELIABLE,RELIABLE,RELIABLE,RELIABLE,RELIABLE,RELIABLE,STATIONARY,STATIONARY,STATIONARY,STATIONARY,MOVING,STATIONARY,STATIONARY,STATIONARY,MOVING
30970,772,1,RIGHT_ARM,0.11973422,0.00141576,0.01182417,0.00815793,0.01099396,0.01085063,0.00838548,0.09207787,0.00741778,0.00831686,0.00682221,RELIABLE,RELIABLE,RELIABLE,RELIABLE,RELIABLE,RELIABLE,RELIABLE,RELIABLE,STATIONARY,STATIONARY,STATIONARY,STATIONARY,MOVING,STATIONARY,STATIONARY,STATIONARY,MOVING
31035,773,1,RIGHT_ARM,0.12104681,0.00110004,0.00908776,0.00861055,0.01158543,0.01081235,0.00882978,0.10853876,0.00876837,0.00933598,0.00755586,RELIABLE,RELIABLE,RELIABLE,RELIABLE,RELIABLE,RELIABLE,RELIABLE,RELIABLE,STATIONARY,STATIONARY,STATIONARY,STATIONARY,MOVING,STATIONARY,STATIONARY,STATIONARY,MOVING
31073,774,1,RIGHT_ARM,0.12208108,0.00055002,0.00450538,0.00738168,0.00986317,0.00857936,0.00860635,0.11263906,0.00849144,0.00882519,0.00726858,RELIABLE,RELIABLE,RELIABLE,RELIABLE,RELIABLE,RELIABLE,RELIABLE,RELIABLE,STATIONARY,STATIONARY,STATIONARY,STATIONARY,MOVING,STATIONARY,STATIONARY,STATIONARY,MOVING
31105,775,1,RIGHT_ARM,0.12224845,0.00222236,0.01817907,0.00875888,0.01014681,0.00939145,0.00925466,0.11864235,0.00868116,0.00823295,0.00749273,RELIABLE,RELIABLE,RELIABLE,RELIABLE,RELIABLE,RELIABLE,RELIABLE,RELIABLE,STATIONARY,STATIONARY,STATIONARY,STATIONARY,MOVING,STATIONARY,STATIONARY,STATIONARY,MOVING
31137,776,1,RIGHT_ARM,0.12215969,0.00111118,0.00909614,0.00932290,0.01012816,0.00959611,0.00813632,0.11001628,0.00798166,0.00752525,0.00678292,RELIABLE,RELIABLE,RELIABLE,RELIABLE,RELIABLE,RELIABLE,RELIABLE,RELIABLE,STATIONARY,STATIONARY,STATIONARY,STATIONARY,MOVING,STATIONARY,STATIONARY,STATIONARY,MOVING
31178,777,1,RIGHT_ARM,0.12239416,0.00058353,0.00476759,0.00963259,0.01052887,0.00973351,0.00836920,0.10629836,0.00805007,0.00798757,0.00676219,RELIABLE,RELIABLE,RELIABLE,RELIABLE,RELIABLE,RELIABLE,RELIABLE,RELIABLE,STATIONARY,STATIONARY,STATIONARY,STATIONARY,MOVING,STATIONARY,STATIONARY,STATIONARY,MOVING
31216,778,1,RIGHT_ARM,0.12265125,0.00029176,0.00237880,0.00978689,0.01072851,0.00980173,0.00848478,0.10443832,0.00808378,0.00831243,0.00672827,RELIABLE,RELIABLE,RELIABLE,RELIABLE,RELIABLE,RELIABLE,RELIABLE,RELIABLE,STATIONARY,STATIONARY,STATIONARY,STATIONARY,MOVING,STATIONARY,STATIONARY,STATIONARY,MOVING
31248,779,1,RIGHT_ARM,0.12257370,0.00083061,0.00677641,0.00832691,0.00824058,0.00739262,0.00754446,0.08222479,0.00752395,0.00797983,0.00719764,RELIABLE,RELIABLE,RELIABLE,RELIABLE,RELIABLE,RELIABLE,RELIABLE,RELIABLE,STATIONARY,STATIONARY,STATIONARY,STATIONARY,MOVING,STATIONARY,STATIONARY,STATIONARY,MOVING
31295,780,1,RIGHT_ARM,0.12243380,0.00041530,0.00339208,0.00727290,0.00729931,0.00667922,0.00687367,0.06036578,0.00681882,0.00726750,0.00713650,RELIABLE,RELIABLE,RELIABLE,RELIABLE,RELIABLE,RELIABLE,RELIABLE,RELIABLE,STATIONARY,STATIONARY,STATIONARY,STATIONARY,MOVING,STATIONARY,STATIONARY,STATIONARY,MOVING
31341,781,1,RIGHT_ARM,0.12231379,0.00020765,0.00169770,0.00634915,0.00626182,0.00590418,0.00598808,0.04183575,0.00525430,0.00569503,0.00640227,RELIABLE,RELIABLE,RELIABLE,RELIABLE,RELIABLE,RELIABLE,RELIABLE,RELIABLE,STATIONARY,STATIONARY,STATIONARY,STATIONARY,MOVING,STATIONARY,STATIONARY,STATIONARY,MOVING
31373,782,1,RIGHT_ARM,0.12201429,0.00067601,0.00554039,0.00647852,0.00652773,0.00639835,0.00737960,0.04336814,0.00521289,0.00626636,0.00686737,RELIABLE,RELIABLE,RELIABLE,RELIABLE,RELIABLE,RELIABLE,RELIABLE,RELIABLE,STATIONARY,STATIONARY,STATIONARY,STATIONARY,MOVING,STATIONARY,STATIONARY,STATIONARY,MOVING
31419,783,1,RIGHT_ARM,0.12174481,0.00033800,0.00277633,0.00455318,0.00551808,0.00471919,0.00731791,0.04019697,0.00486554,0.00687384,0.00673097,RELIABLE,RELIABLE,RELIABLE,RELIABLE,RELIABLE,RELIABLE,RELIABLE,RELIABLE,STATIONARY,STATIONARY,STATIONARY,STATIONARY,MOVING,STATIONARY,STATIONARY,STATIONARY,MOVING
31466,784,1,RIGHT_ARM,0.12067771,0.00131154,0.01086814,0.00477468,0.00771451,0.00566977,0.00787062,0.05566660,0.00601692,0.00766080,0.00722833,RELIABLE,RELIABLE,RELIABLE,RELIABLE,RELIABLE,RELIABLE,RELIABLE,RELIABLE,STATIONARY,STATIONARY,STATIONARY,STATIONARY,MOVING,STATIONARY,STATIONARY,STATIONARY,MOVING
31512,785,1,RIGHT_ARM,0.11955711,0.00110925,0.00927799,0.00533848,0.00836420,0.00595186,0.00920837,0.08778137,0.00641166,0.00786474,0.00779462,RELIABLE,RELIABLE,RELIABLE,RELIABLE,RELIABLE,RELIABLE,RELIABLE,RELIABLE,STATIONARY,STATIONARY,STATIONARY,STATIONARY,MOVING,STATIONARY,STATIONARY,STATIONARY,MOVING
31562,786,1,RIGHT_ARM,0.11824177,0.00063290,0.00535257,0.00571020,0.00888346,0.00633429,0.00967131,0.11094209,0.00730899,0.00920307,0.00803813,RELIABLE,RELIABLE,RELIABLE,RELIABLE,RELIABLE,RELIABLE,RELIABLE,RELIABLE,STATIONARY,STATIONARY,STATIONARY,STATIONARY,MOVING,STATIONARY,STATIONARY,STATIONARY,MOVING
31607,787,1,RIGHT_ARM,0.11720866,0.00031645,0.00269987,0.00520063,0.00808330,0.00592262,0.00890214,0.11543771,0.00665611,0.00969525,0.00715025,RELIABLE,RELIABLE,RELIABLE,RELIABLE,RELIABLE,RELIABLE,RELIABLE,RELIABLE,STATIONARY,STATIONARY,STATIONARY,STATIONARY,MOVING,STATIONARY,STATIONARY,STATIONARY,MOVING
31654,788,1,RIGHT_ARM,0.11642189,0.00034721,0.00298232,0.00514942,0.00821449,0.00633878,0.01008362,0.11559016,0.00716152,0.01045690,0.00750937,RELIABLE,RELIABLE,RELIABLE,RELIABLE,RELIABLE,RELIABLE,RELIABLE,RELIABLE,STATIONARY,STATIONARY,STATIONARY,STATIONARY,MOVING,STATIONARY,STATIONARY,STATIONARY,MOVING
31686,789,1,RIGHT_ARM,0.11589826,0.00017360,0.00149790,0.00512444,0.00828150,0.00654846,0.01067815,0.11567372,0.00741648,0.01091692,0.00777424,RELIABLE,RELIABLE,RELIABLE,RELIABLE,RELIABLE,RELIABLE,RELIABLE,RELIABLE,STATIONARY,STATIONARY,STATIONARY,STATIONARY,MOVING,STATIONARY,STATIONARY,STATIONARY,MOVING
31732,790,1,RIGHT_ARM,0.11557254,0.00008680,0.00075106,0.00452577,0.00753661,0.00577625,0.00914748,0.10500789,0.00681188,0.00962186,0.00703812,RELIABLE,RELIABLE,RELIABLE,RELIABLE,RELIABLE,RELIABLE,RELIABLE,RELIABLE,STATIONARY,STATIONARY,STATIONARY,STATIONARY,MOVING,STATIONARY,STATIONARY,STATIONARY,MOVING
31764,791,1,RIGHT_ARM,0.11561729,0.00034291,0.00296592,0.00454947,0.00758047,0.00571347,0.01033138,0.10818900,0.00706675,0.00939919,0.00713797,RELIABLE,RELIABLE,RELIABLE,RELIABLE,RELIABLE,RELIABLE,RELIABLE,RELIABLE,STATIONARY,STATIONARY,STATIONARY,STATIONARY,MOVING,STATIONARY,STATIONARY,STATIONARY,MOVING
31811,792,1,RIGHT_ARM,0.11574351,0.00017146,0.00148134,0.00337612,0.00490032,0.00389090,0.01033820,0.09271612,0.00586846,0.00885277,0.00661915,RELIABLE,RELIABLE,RELIABLE,RELIABLE,RELIABLE,RELIABLE,RELIABLE,RELIABLE,STATIONARY,STATIONARY,STATIONARY,STATIONARY,MOVING,STATIONARY,STATIONARY,STATIONARY,MOVING
31844,793,1,RIGHT_ARM,0.11660063,0.00083999,0.00720402,0.00311687,0.00469672,0.00366548,0.00919311,0.07046688,0.00584367,0.00891321,0.00578091,RELIABLE,RELIABLE,RELIABLE,RELIABLE,RELIABLE,RELIABLE,RELIABLE,RELIABLE,STATIONARY,STATIONARY,STATIONARY,STATIONARY,MOVING,STATIONARY,STATIONARY,STATIONARY,MOVING
31890,794,1,RIGHT_ARM,0.11789082,0.00162741,0.01380435,0.00417335,0.00441082,0.00449730,0.01057343,0.06545055,0.00597605,0.00832463,0.00623637,RELIABLE,RELIABLE,RELIABLE,RELIABLE,RELIABLE,RELIABLE,RELIABLE,RELIABLE,STATIONARY,STATIONARY,STATIONARY,STATIONARY,MOVING,STATIONARY,STATIONARY,STATIONARY,MOVING
31922,795,1,RIGHT_ARM,0.11896720,0.00081370,0.00683972,0.00469083,0.00426105,0.00490347,0.01124851,0.06274553,0.00603088,0.00791056,0.00643051,RELIABLE,RELIABLE,RELIABLE,RELIABLE,RELIABLE,RELIABLE,RELIABLE,RELIABLE,STATIONARY,STATIONARY,STATIONARY,STATIONARY,MOVING,STATIONARY,STATIONARY,STATIONARY,MOVING
31969,796,1,RIGHT_ARM,0.12000750,0.00213225,0.01776762,0.00653899,0.00515749,0.00576533,0.01104724,0.08684006,0.00632817,0.00721048,0.00608838,RELIABLE,RELIABLE,RELIABLE,RELIABLE,RELIABLE,RELIABLE,RELIABLE,RELIABLE,STATIONARY,STATIONARY,STATIONARY,STATIONARY,MOVING,STATIONARY,STATIONARY,STATIONARY,MOVING
32026,797,1,RIGHT_ARM,0.12136689,0.00132750,0.01093789,0.00771899,0.00625729,0.00684860,0.01149022,0.10555241,0.00767904,0.00741203,0.00629636,RELIABLE,RELIABLE,RELIABLE,RELIABLE,RELIABLE,RELIABLE,RELIABLE,RELIABLE,STATIONARY,STATIONARY,STATIONARY,STATIONARY,MOVING,STATIONARY,STATIONARY,STATIONARY,MOVING
32063,798,1,RIGHT_ARM,0.12247787,0.00066375,0.00541934,0.00830252,0.00679993,0.00738295,0.01170429,0.11481144,0.00834496,0.00751999,0.00640150,RELIABLE,RELIABLE,RELIABLE,RELIABLE,RELIABLE,RELIABLE,RELIABLE,RELIABLE,STATIONARY,STATIONARY,STATIONARY,STATIONARY,MOVING,STATIONARY,STATIONARY,STATIONARY,MOVING
32110,799,1,RIGHT_ARM,0.12284991,0.00066300,0.00539686,0.00860639,0.00740422,0.00754250,0.01040166,0.11238003,0.00926969,0.00803659,0.00679206,RELIABLE,RELIABLE,RELIABLE,RELIABLE,RELIABLE,RELIABLE,RELIABLE,RELIABLE,STATIONARY,STATIONARY,STATIONARY,STATIONARY,MOVING,STATIONARY,STATIONARY,STATIONARY,MOVING
32156,800,1,RIGHT_ARM,0.12294425,0.00033150,0.00269636,0.00875827,0.00770621,0.00762229,0.00975119,0.11116672,0.00973182,0.00827683,0.00694912,RELIABLE,RELIABLE,RELIABLE,RELIABLE,RELIABLE,RELIABLE,RELIABLE,RELIABLE,STATIONARY,STATIONARY,STATIONARY,STATIONARY,MOVING,STATIONARY,STATIONARY,STATIONARY,MOVING
32188,801,1,RIGHT_ARM,0.12294560,0.00016575,0.00134816,0.00802629,0.00675955,0.00713481,0.00872170,0.10010330,0.00915177,0.00738587,0.00686902,RELIABLE,RELIABLE,RELIABLE,RELIABLE,RELIABLE,RELIABLE,RELIABLE,RELIABLE,STATIONARY,STATIONARY,STATIONARY,STATIONARY,MOVING,STATIONARY,STATIONARY,STATIONARY,MOVING
32236,802,1,RIGHT_ARM,0.12310265,0.00144204,0.01171417,0.00776501,0.00830082,0.00830500,0.00806839,0.08557696,0.01011661,0.00740757,0.00732449,RELIABLE,RELIABLE,RELIABLE,RELIABLE,RELIABLE,RELIABLE,RELIABLE,RELIABLE,STATIONARY,STATIONARY,STATIONARY,STATIONARY,MOVING,STATIONARY,STATIONARY,STATIONARY,MOVING
32268,803,1,RIGHT_ARM,0.12341933,0.00143356,0.01161535,0.00836197,0.01088976,0.00989883,0.00905223,0.08743026,0.01060722,0.00741853,0.00776412,RELIABLE,RELIABLE,RELIABLE,RELIABLE,RELIABLE,RELIABLE,RELIABLE,RELIABLE,STATIONARY,STATIONARY,STATIONARY,STATIONARY,MOVING,STATIONARY,STATIONARY,STATIONARY,MOVING
32313,804,1,RIGHT_ARM,0.12369746,0.00071678,0.00579461,0.00686534,0.01067764,0.00941192,0.00851375,0.06498774,0.00974878,0.00737783,0.00766388,RELIABLE,RELIABLE,RELIABLE,RELIABLE,RELIABLE,RELIABLE,RELIABLE,RELIABLE,STATIONARY,STATIONARY,STATIONARY,STATIONARY,MOVING,STATIONARY,STATIONARY,STATIONARY,MOVING
32344,805,1,RIGHT_ARM,0.12307885,0.00157040,0.01275930,0.00709302,0.01209261,0.01015461,0.00891274,0.05698766,0.00959492,0.00770885,0.00711537,RELIABLE,RELIABLE,RELIABLE,RELIABLE,RELIABLE,RELIABLE,RELIABLE,RELIABLE,STATIONARY,STATIONARY,STATIONARY,STATIONARY,MOVING,STATIONARY,STATIONARY,STATIONARY,MOVING
32375,806,1,RIGHT_ARM,0.12239153,0.00078520,0.00641548,0.00721754,0.01281495,0.01053891,0.00912331,0.05311772,0.00953167,0.00792814,0.00678356,RELIABLE,RELIABLE,RELIABLE,RELIABLE,RELIABLE,RELIABLE,RELIABLE,RELIABLE,STATIONARY,STATIONARY,STATIONARY,STATIONARY,MOVING,STATIONARY,STATIONARY,STATIONARY,MOVING
32408,807,1,RIGHT_ARM,0.12173156,0.00161956,0.01330432,0.00820597,0.01532518,0.01353825,0.01114947,0.07100822,0.01009611,0.00720550,0.00708671,RELIABLE,RELIABLE,RELIABLE,RELIABLE,RELIABLE,RELIABLE,RELIABLE,RELIABLE,STATIONARY,STATIONARY,STATIONARY,STATIONARY,MOVING,STATIONARY,STATIONARY,STATIONARY,MOVING
32454,808,1,RIGHT_ARM,0.12125441,0.00080978,0.00667834,0.00870372,0.01658786,0.01504520,0.01216860,0.08000422,0.01038327,0.00685711,0.00739507,RELIABLE,RELIABLE,RELIABLE,RELIABLE,RELIABLE,RELIABLE,RELIABLE,RELIABLE,STATIONARY,STATIONARY,STATIONARY,STATIONARY,MOVING,STATIONARY,STATIONARY,STATIONARY,MOVING
32486,809,1,RIGHT_ARM,0.12041119,0.00222248,0.01845745,0.01084238,0.02156378,0.01940847,0.01527770,0.09021634,0.01153775,0.00783347,0.00882153,RELIABLE,RELIABLE,RELIABLE,RELIABLE,RELIABLE,RELIABLE,RELIABLE,RELIABLE,STATIONARY,STATIONARY,STATIONARY,STATIONARY,MOVING,STATIONARY,STATIONARY,STATIONARY,MOVING
32518,810,1,RIGHT_ARM,0.11969606,0.00111124,0.00928386,0.01053859,0.02204335,0.01900434,0.01523492,0.09114384,0.01002071,0.00732356,0.00848530,RELIABLE,RELIABLE,RELIABLE,RELIABLE,RELIABLE,RELIABLE,RELIABLE,RELIABLE,STATIONARY,STATIONARY,STATIONARY,STATIONARY,MOVING,STATIONARY,STATIONARY,STATIONARY,MOVING
32550,811,1,RIGHT_ARM,0.12048568,0.00366544,0.03042220,0.01288945,0.02669485,0.02342545,0.01545780,0.09478242,0.01224918,0.00961485,0.00919779,RELIABLE,RELIABLE,RELIABLE,RELIABLE,RELIABLE,RELIABLE,RELIABLE,RELIABLE,STATIONARY,STATIONARY,STATIONARY,STATIONARY,MOVING,STATIONARY,STATIONARY,STATIONARY,MOVING
32597,812,1,RIGHT_ARM,0.12145411,0.00183272,0.01508981,0.01405135,0.02899377,0.02561168,0.01556217,0.09655415,0.01335123,0.01098459,0.00953893,RELIABLE,RELIABLE,RELIABLE,RELIABLE,RELIABLE,RELIABLE,RELIABLE,RELIABLE,STATIONARY,STATIONARY,STATIONARY,STATIONARY,MOVING,STATIONARY,STATIONARY,STATIONARY,MOVING
32644,813,1,RIGHT_ARM,0.12250652,0.00899298,0.07340821,0.02163246,0.04814077,0.04528848,0.02675893,0.10405743,0.01828462,0.01394694,0.01064184,RELIABLE,RELIABLE,RELIABLE,RELIABLE,RELIABLE,RELIABLE,RELIABLE,RELIABLE,STATIONARY,STATIONARY,STATIONARY,STATIONARY,MOVING,STATIONARY,STATIONARY,STATIONARY,MOVING
32698,814,1,RIGHT_ARM,0.12359244,0.00948430,0.07673854,0.03042284,0.06780772,0.06663275,0.03536422,0.11133110,0.02483221,0.01666022,0.01301710,RELIABLE,RELIABLE,RELIABLE,RELIABLE,RELIABLE,RELIABLE,RELIABLE,RELIABLE,STATIONARY,STATIONARY,STATIONARY,STATIONARY,MOVING,STATIONARY,STATIONARY,STATIONARY,MOVING
32737,815,1,RIGHT_ARM,0.12443599,0.00474215,0.03810916,0.03352345,0.07467024,0.07420480,0.03717207,0.09363000,0.02633480,0.01804515,0.01301880,RELIABLE,RELIABLE,RELIABLE,RELIABLE,RELIABLE,RELIABLE,RELIABLE,RELIABLE,STATIONARY,STATIONARY,STATIONARY,STATIONARY,MOVING,STATIONARY,STATIONARY,STATIONARY,MOVING
32769,816,1,RIGHT_ARM,0.12497408,0.00535501,0.04284895,0.03804477,0.08690976,0.08665024,0.04258804,0.08610681,0.02960303,0.01952204,0.01353127,RELIABLE,RELIABLE,RELIABLE,RELIABLE,RELIABLE,RELIABLE,RELIABLE,RELIABLE,MOVING,STATIONARY,STATIONARY,STATIONARY,MOVING,STATIONARY,STATIONARY,STATIONARY,MOVING
32800,817,1,RIGHT_ARM,0.12532742,0.00267750,0.02136407,0.03840810,0.08866512,0.08924309,0.04268679,0.07662438,0.03022009,0.01924161,0.01266534,RELIABLE,RELIABLE,RELIABLE,RELIABLE,RELIABLE,RELIABLE,RELIABLE,RELIABLE,MOVING,MOVING,STATIONARY,STATIONARY,MOVING,STATIONARY,STATIONARY,STATIONARY,MOVING
32832,818,1,RIGHT_ARM,0.12515778,0.00447465,0.03575204,0.04171662,0.09594015,0.09745770,0.04633761,0.07272468,0.03203966,0.02032067,0.01250966,RELIABLE,RELIABLE,RELIABLE,RELIABLE,RELIABLE,RELIABLE,RELIABLE,RELIABLE,MOVING,MOVING,MOVING,STATIONARY,MOVING,STATIONARY,STATIONARY,STATIONARY,MOVING
32863,819,1,RIGHT_ARM,0.12489981,0.00223732,0.01791294,0.04015296,0.09336070,0.09595071,0.04662448,0.05857418,0.02996300,0.01847423,0.01142434,RELIABLE,RELIABLE,RELIABLE,RELIABLE,RELIABLE,RELIABLE,RELIABLE,RELIABLE,MOVING,MOVING,MOVING,STATIONARY,MOVING,STATIONARY,STATIONARY,STATIONARY,MOVING
35524,883,1,LEFT_ARM,0.12027765,0.00133236,0.01107736,0.00753930,0.00870085,0.01020209,0.01284945,0.00653949,0.00803164,0.01019187,0.01094787,RELIABLE,RELIABLE,RELIABLE,RELIABLE,RELIABLE,RELIABLE,RELIABLE,RELIABLE,STATIONARY,STATIONARY,STATIONARY,STATIONARY,STATIONARY,STATIONARY,STATIONARY,STATIONARY,STATIONARY
35570,884,1,LEFT_ARM,0.11995689,0.00066618,0.00555349,0.00704668,0.00779451,0.00924057,0.01294252,0.00653390,0.00849591,0.00955753,0.01041435,RELIABLE,RELIABLE,RELIABLE,RELIABLE,RELIABLE,RELIABLE,RELIABLE,RELIABLE,STATIONARY,STATIONARY,STATIONARY,STATIONARY,STATIONARY,STATIONARY,STATIONARY,STATIONARY,STATIONARY
35602,885,1,LEFT_ARM,0.12066547,0.00210464,0.01744196,0.00837771,0.00835922,0.00986263,0.01300229,0.00711362,0.00878922,0.00995022,0.00980026,RELIABLE,RELIABLE,RELIABLE,RELIABLE,RELIABLE,RELIABLE,RELIABLE,RELIABLE,STATIONARY,STATIONARY,STATIONARY,STATIONARY,STATIONARY,STATIONARY,STATIONARY,STATIONARY,STATIONARY
35650,886,1,LEFT_ARM,0.12145965,0.00105232,0.00866396,0.00903577,0.00863363,0.01016571,0.01302307,0.00739875,0.00893092,0.01023807,0.00937232,RELIABLE,RELIABLE,RELIABLE,RELIABLE,RELIABLE,RELIABLE,RELIABLE,RELIABLE,STATIONARY,STATIONARY,STATIONARY,STATIONARY,STATIONARY,STATIONARY,STATIONARY,STATIONARY,STATIONARY
35698,887,1,LEFT_ARM,0.12172358,0.00153812,0.01263616,0.00969737,0.01146422,0.01286220,0.01375420,0.00765896,0.00957968,0.00995779,0.01031039,RELIABLE,RELIABLE,RELIABLE,PARTIAL,RELIABLE,RELIABLE,RELIABLE,RELIABLE,STATIONARY,STATIONARY,STATIONARY,STATIONARY,STATIONARY,STATIONARY,STATIONARY,STATIONARY,STATIONARY
35754,888,1,LEFT_ARM,0.12177768,0.00548012,0.04500101,0.01486503,0.02147466,0.02430350,0.01863163,0.00990339,0.01207800,0.01031044,0.01109111,RELIABLE,RELIABLE,RELIABLE,RELIABLE,RELIABLE,RELIABLE,RELIABLE,RELIABLE,STATIONARY,STATIONARY,STATIONARY,STATIONARY,STATIONARY,STATIONARY,STATIONARY,STATIONARY,STATIONARY
35792,889,1,LEFT_ARM,0.12176690,0.00274006,0.02250250,0.01613363,0.02438894,0.02720363,0.01950187,0.01051614,0.01290601,0.00956495,0.01062202,RELIABLE,RELIABLE,RELIABLE,RELIABLE,RELIABLE,RELIABLE,RELIABLE,RELIABLE,STATIONARY,STATIONARY,STATIONARY,STATIONARY,STATIONARY,STATIONARY,STATIONARY,STATIONARY,STATIONARY
35838,890,1,LEFT_ARM,0.12125752,0.00505223,0.04166526,0.02056771,0.03609810,0.03786660,0.02366876,0.01451475,0.01685873,0.01053035,0.01196727,RELIABLE,RELIABLE,RELIABLE,RELIABLE,RELIABLE,RELIABLE,RELIABLE,RELIABLE,STATIONARY,STATIONARY,STATIONARY,STATIONARY,STATIONARY,STATIONARY,STATIONARY,STATIONARY,STATIONARY
35871,891,1,LEFT_ARM,0.12077401,0.00252611,0.02091603,0.02179755,0.04203098,0.04340538,0.02519411,0.01533306,0.01665457,0.01042800,0.01175165,RELIABLE,RELIABLE,RELIABLE,RELIABLE,RELIABLE,RELIABLE,RELIABLE,RELIABLE,STATIONARY,STATIONARY,STATIONARY,STATIONARY,STATIONARY,STATIONARY,STATIONARY,STATIONARY,STATIONARY
35916,892,1,LEFT_ARM,0.12037289,0.00706719,0.05871079,0.02844221,0.06173854,0.06322922,0.03289805,0.02054793,0.02172614,0.01190788,0.01318615,RELIABLE,RELIABLE,RELIABLE,RELIABLE,RELIABLE,RELIABLE,RELIABLE,RELIABLE,STATIONARY,STATIONARY,STATIONARY,STATIONARY,STATIONARY,STATIONARY,STATIONARY,STATIONARY,STATIONARY
35949,893,1,LEFT_ARM,0.12012846,0.00353359,0.02941512,0.02993885,0.06950732,0.07107221,0.03457748,0.02215733,0.02347965,0.01166953,0.01331548,RELIABLE,RELIABLE,RELIABLE,RELIABLE,RELIABLE,RELIABLE,RELIABLE,RELIABLE,STATIONARY,STATIONARY,STATIONARY,STATIONARY,STATIONARY,STATIONARY,STATIONARY,STATIONARY,STATIONARY
35980,894,1,LEFT_ARM,0.12002052,0.00794468,0.06619435,0.03713015,0.08676714,0.09000121,0.04423782,0.02872955,0.02806216,0.01211217,0.01408198,RELIABLE,RELIABLE,RELIABLE,RELIABLE,RELIABLE,RELIABLE,RELIABLE,RELIABLE,MOVING,STATIONARY,STATIONARY,STATIONARY,STATIONARY,STATIONARY,STATIONARY,STATIONARY,MOVING
36012,895,1,LEFT_ARM,0.11998773,0.00397234,0.03310622,0.03968891,0.09239138,0.09641252,0.04674386,0.03075689,0.02863640,0.01172970,0.01298615,RELIABLE,RELIABLE,RELIABLE,RELIABLE,RELIABLE,RELIABLE,RELIABLE,RELIABLE,MOVING,STATIONARY,STATIONARY,STATIONARY,STATIONARY,STATIONARY,STATIONARY,STATIONARY,MOVING
36058,896,1,LEFT_ARM,0.11960053,0.00714629,0.05975133,0.04153270,0.09971622,0.10267972,0.05517625,0.03574108,0.03307419,0.01252966,0.01345854,RELIABLE,RELIABLE,RELIABLE,RELIABLE,RELIABLE,RELIABLE,RELIABLE,RELIABLE,MOVING,MOVING,MOVING,STATIONARY,STATIONARY,STATIONARY,STATIONARY,STATIONARY,MOVING
36090,897,1,LEFT_ARM,0.11926316,0.00357315,0.02996018,0.04246491,0.10340322,0.10583848,0.05880784,0.03824421,0.03530375,0.01287660,0.01366631,RELIABLE,RELIABLE,RELIABLE,RELIABLE,RELIABLE,RELIABLE,RELIABLE,RELIABLE,MOVING,MOVING,MOVING,STATIONARY,STATIONARY,STATIONARY,STATIONARY,STATIONARY,MOVING
36137,898,1,LEFT_ARM,0.11939940,0.00724122,0.06064704,0.04483763,0.10771795,0.11115686,0.06251274,0.04005221,0.03618990,0.01387317,0.01443484,RELIABLE,RELIABLE,RELIABLE,RELIABLE,RELIABLE,RELIABLE,RELIABLE,RELIABLE,MOVING,MOVING,MOVING,MOVING,STATIONARY,STATIONARY,STATIONARY,STATIONARY,MOVING
36169,899,1,LEFT_ARM,0.11962926,0.00362061,0.03026525,0.04600629,0.10983310,0.11377483,0.06434524,0.04094137,0.03661927,0.01443645,0.01473390,RELIABLE,RELIABLE,RELIABLE,RELIABLE,RELIABLE,RELIABLE,RELIABLE,RELIABLE,MOVING,MOVING,MOVING,MOVING,STATIONARY,MOVING,STATIONARY,STATIONARY,MOVING
36214,900,1,LEFT_ARM,0.11969426,0.00532088,0.04445395,0.04422418,0.10095224,0.10575619,0.06378593,0.04023227,0.03351178,0.01444137,0.01326504,RELIABLE,RELIABLE,RELIABLE,RELIABLE,RELIABLE,RELIABLE,RELIABLE,RELIABLE,MOVING,MOVING,MOVING,MOVING,STATIONARY,MOVING,STATIONARY,STATIONARY,MOVING
36261,901,1,LEFT_ARM,0.11970198,0.00266044,0.02222554,0.04332548,0.09649114,0.10172602,0.06349755,0.03987153,0.03195157,0.01452993,0.01231946,RELIABLE,RELIABLE,RELIABLE,RELIABLE,RELIABLE,RELIABLE,RELIABLE,RELIABLE,MOVING,MOVING,MOVING,MOVING,STATIONARY,MOVING,STATIONARY,STATIONARY,MOVING
36293,902,1,LEFT_ARM,0.11913987,0.00402040,0.03374521,0.03926934,0.08756368,0.09014933,0.06061176,0.03985719,0.03134775,0.01454797,0.01257208,RELIABLE,RELIABLE,RELIABLE,RELIABLE,RELIABLE,RELIABLE,RELIABLE,RELIABLE,MOVING,MOVING,MOVING,MOVING,STATIONARY,MOVING,STATIONARY,STATIONARY,MOVING
36346,903,1,LEFT_ARM,0.11830979,0.00259991,0.02197547,0.03787800,0.08453169,0.08562116,0.06012357,0.04119526,0.03232516,0.01585135,0.01339605,RELIABLE,RELIABLE,RELIABLE,RELIABLE,RELIABLE,RELIABLE,RELIABLE,RELIABLE,MOVING,MOVING,MOVING,MOVING,STATIONARY,MOVING,STATIONARY,STATIONARY,MOVING
36386,904,1,LEFT_ARM,0.11762274,0.00129996,0.01105192,0.03179057,0.06992701,0.07022001,0.04820634,0.03579611,0.02650211,0.01503847,0.01251735,RELIABLE,RELIABLE,RELIABLE,RELIABLE,RELIABLE,RELIABLE,RELIABLE,RELIABLE,MOVING,MOVING,MOVING,MOVING,STATIONARY,MOVING,STATIONARY,STATIONARY,MOVING
36433,905,1,LEFT_ARM,0.11711234,0.00188638,0.01610745,0.03005898,0.06471029,0.06467438,0.04316868,0.03455419,0.02399371,0.01491485,0.01250075,RELIABLE,RELIABLE,RELIABLE,RELIABLE,RELIABLE,RELIABLE,RELIABLE,RELIABLE,MOVING,MOVING,MOVING,MOVING,STATIONARY,MOVING,STATIONARY,STATIONARY,MOVING
36465,906,1,LEFT_ARM,0.11677390,0.00094319,0.00807706,0.02348773,0.04938108,0.04895094,0.03502868,0.02968744,0.01943035,0.01258306,0.01016008,RELIABLE,RELIABLE,RELIABLE,RELIABLE,RELIABLE,RELIABLE,RELIABLE,RELIABLE,MOVING,MOVING,MOVING,MOVING,STATIONARY,MOVING,STATIONARY,STATIONARY,MOVING
36511,907,1,LEFT_ARM,0.11651465,0.00082468,0.00707789,0.02058931,0.04227831,0.04147798,0.03248437,0.02933735,0.01812732,0.01153062,0.00962318,RELIABLE,RELIABLE,RELIABLE,RELIABLE,RELIABLE,RELIABLE,RELIABLE,RELIABLE,MOVING,MOVING,MOVING,MOVING,STATIONARY,MOVING,STATIONARY,STATIONARY,MOVING
36559,908,1,LEFT_ARM,0.11634022,0.00041234,0.00354425,0.01547560,0.03192464,0.03001485,0.02574638,0.02551047,0.01562212,0.00972053,0.00948855,RELIABLE,RELIABLE,RELIABLE,RELIABLE,RELIABLE,RELIABLE,RELIABLE,RELIABLE,MOVING,MOVING,MOVING,MOVING,STATIONARY,MOVING,STATIONARY,STATIONARY,MOVING
36604,909,1,LEFT_ARM,0.11578739,0.00086208,0.00744533,0.01362807,0.02777694,0.02524912,0.02412606,0.02597702,0.01586132,0.00962548,0.01011031,RELIABLE,RELIABLE,RELIABLE,RELIABLE,RELIABLE,RELIABLE,RELIABLE,RELIABLE,MOVING,MOVING,MOVING,MOVING,STATIONARY,MOVING,STATIONARY,STATIONARY,MOVING
36651,910,1,LEFT_ARM,0.11527877,0.00043104,0.00373909,0.00987731,0.01903494,0.01743048,0.01725004,0.02028796,0.01210742,0.00890100,0.00892431,RELIABLE,RELIABLE,RELIABLE,RELIABLE,RELIABLE,RELIABLE,RELIABLE,RELIABLE,MOVING,MOVING,MOVING,MOVING,STATIONARY,MOVING,STATIONARY,STATIONARY,MOVING
36697,911,1,LEFT_ARM,0.11577621,0.00138595,0.01197097,0.00862675,0.01508751,0.01476340,0.01525657,0.02143854,0.01059663,0.00880089,0.00854727,RELIABLE,RELIABLE,RELIABLE,RELIABLE,RELIABLE,RELIABLE,RELIABLE,RELIABLE,MOVING,STATIONARY,STATIONARY,MOVING,STATIONARY,STATIONARY,STATIONARY,STATIONARY,MOVING
36746,912,1,LEFT_ARM,0.11585480,0.00151054,0.01303823,0.00887504,0.01287865,0.01332943,0.01479896,0.02552818,0.01007250,0.00815829,0.00875944,RELIABLE,RELIABLE,RELIABLE,RELIABLE,RELIABLE,RELIABLE,RELIABLE,RELIABLE,MOVING,STATIONARY,STATIONARY,STATIONARY,STATIONARY,STATIONARY,STATIONARY,STATIONARY,MOVING
36791,913,1,LEFT_ARM,0.11581501,0.00075527,0.00652135,0.00767677,0.00966371,0.01043203,0.01362916,0.02610531,0.00939673,0.00754963,0.00849195,RELIABLE,RELIABLE,RELIABLE,RELIABLE,RELIABLE,RELIABLE,RELIABLE,RELIABLE,STATIONARY,STATIONARY,STATIONARY,STATIONARY,STATIONARY,STATIONARY,STATIONARY,STATIONARY,STATIONARY
36838,914,1,LEFT_ARM,0.11510725,0.00091617,0.00795924,0.00766205,0.00840590,0.00966203,0.01333076,0.03067948,0.01027924,0.00958040,0.01033045,RELIABLE,RELIABLE,RELIABLE,RELIABLE,RELIABLE,RELIABLE,RELIABLE,RELIABLE,STATIONARY,STATIONARY,STATIONARY,STATIONARY,STATIONARY,STATIONARY,STATIONARY,STATIONARY,STATIONARY
36885,915,1,LEFT_ARM,0.11440949,0.00045808,0.00400389,0.00727780,0.00723340,0.00890819,0.01166717,0.03090735,0.00975158,0.01052581,0.01064592,RELIABLE,RELIABLE,RELIABLE,RELIABLE,RELIABLE,RELIABLE,RELIABLE,RELIABLE,STATIONARY,STATIONARY,STATIONARY,STATIONARY,STATIONARY,STATIONARY,STATIONARY,STATIONARY,STATIONARY
36932,916,1,LEFT_ARM,0.11423631,0.00115198,0.01008420,0.00809529,0.00803792,0.00905796,0.01322890,0.03461829,0.00984254,0.01091751,0.01063813,RELIABLE,RELIABLE,RELIABLE,RELIABLE,RELIABLE,RELIABLE,RELIABLE,RELIABLE,STATIONARY,STATIONARY,STATIONARY,STATIONARY,STATIONARY,STATIONARY,STATIONARY,STATIONARY,STATIONARY
36979,917,1,LEFT_ARM,0.11423837,0.00057599,0.00504201,0.00779487,0.00741139,0.00816739,0.01226132,0.03409390,0.00839630,0.01010241,0.00992419,RELIABLE,RELIABLE,RELIABLE,RELIABLE,RELIABLE,RELIABLE,RELIABLE,RELIABLE,STATIONARY,STATIONARY,STATIONARY,STATIONARY,STATIONARY,STATIONARY,STATIONARY,STATIONARY,STATIONARY
37026,918,1,LEFT_ARM,0.11450302,0.00184757,0.01613559,0.00934444,0.00774702,0.00902242,0.01448361,0.04429856,0.00865887,0.01025086,0.01037177,RELIABLE,RELIABLE,RELIABLE,RELIABLE,RELIABLE,RELIABLE,RELIABLE,RELIABLE,STATIONARY,STATIONARY,STATIONARY,STATIONARY,STATIONARY,STATIONARY,STATIONARY,STATIONARY,STATIONARY
37083,919,1,LEFT_ARM,0.11527806,0.00048542,0.00421086,0.00837442,0.00626548,0.00686337,0.01509818,0.04784246,0.00783619,0.00944065,0.00994060,RELIABLE,RELIABLE,RELIABLE,RELIABLE,RELIABLE,RELIABLE,RELIABLE,RELIABLE,STATIONARY,STATIONARY,STATIONARY,STATIONARY,STATIONARY,STATIONARY,STATIONARY,STATIONARY,STATIONARY
37121,920,1,LEFT_ARM,0.11598904,0.00024271,0.00209252,0.00700621,0.00573965,0.00586618,0.01484086,0.04605598,0.00717910,0.00953215,0.00931204,RELIABLE,RELIABLE,RELIABLE,RELIABLE,RELIABLE,RELIABLE,RELIABLE,RELIABLE,STATIONARY,STATIONARY,STATIONARY,STATIONARY,STATIONARY,STATIONARY,STATIONARY,STATIONARY,STATIONARY
37169,921,1,LEFT_ARM,0.11682473,0.00098486,0.00843025,0.00724482,0.00710943,0.00693612,0.01764798,0.04778454,0.00763640,0.01119094,0.00969545,RELIABLE,RELIABLE,RELIABLE,RELIABLE,RELIABLE,RELIABLE,RELIABLE,RELIABLE,STATIONARY,STATIONARY,STATIONARY,STATIONARY,MOVING,STATIONARY,STATIONARY,STATIONARY,MOVING
37201,922,1,LEFT_ARM,0.11748305,0.00049243,0.00419150,0.00677385,0.00743428,0.00678237,0.01875115,0.04434522,0.00663964,0.00984706,0.00791613,RELIABLE,RELIABLE,RELIABLE,RELIABLE,RELIABLE,RELIABLE,RELIABLE,RELIABLE,STATIONARY,STATIONARY,STATIONARY,STATIONARY,MOVING,STATIONARY,STATIONARY,STATIONARY,MOVING
37233,923,1,LEFT_ARM,0.11746128,0.00043637,0.00371504,0.00673775,0.00774498,0.00706013,0.02188305,0.04430807,0.00651457,0.00855896,0.00667629,RELIABLE,RELIABLE,RELIABLE,RELIABLE,RELIABLE,RELIABLE,RELIABLE,RELIABLE,STATIONARY,STATIONARY,STATIONARY,STATIONARY,MOVING,STATIONARY,STATIONARY,STATIONARY,MOVING
37264,924,1,LEFT_ARM,0.11727898,0.00021819,0.00186041,0.00570977,0.00650894,0.00667198,0.02105667,0.04069271,0.00609677,0.00797782,0.00609461,RELIABLE,RELIABLE,RELIABLE,RELIABLE,RELIABLE,RELIABLE,RELIABLE,RELIABLE,STATIONARY,STATIONARY,STATIONARY,STATIONARY,MOVING,STATIONARY,STATIONARY,STATIONARY,MOVING
37310,925,1,LEFT_ARM,0.11685781,0.00132844,0.01136799,0.00650052,0.00744269,0.00788347,0.02721395,0.03880780,0.00672812,0.00857168,0.00720327,RELIABLE,RELIABLE,RELIABLE,RELIABLE,RELIABLE,RELIABLE,RELIABLE,RELIABLE,STATIONARY,STATIONARY,STATIONARY,STATIONARY,MOVING,STATIONARY,STATIONARY,STATIONARY,MOVING
37341,926,1,LEFT_ARM,0.11648223,0.00066422,0.00570232,0.00519636,0.00726033,0.00718865,0.02759353,0.02739277,0.00605571,0.00836514,0.00707881,RELIABLE,RELIABLE,RELIABLE,RELIABLE,RELIABLE,RELIABLE,RELIABLE,RELIABLE,STATIONARY,STATIONARY,STATIONARY,STATIONARY,MOVING,STATIONARY,STATIONARY,STATIONARY,MOVING
37373,927,1,LEFT_ARM,0.11593437,0.00104863,0.00904501,0.00580063,0.00798645,0.00822427,0.03495168,0.01825503,0.00546587,0.00822309,0.00663276,RELIABLE,RELIABLE,RELIABLE,RELIABLE,RELIABLE,RELIABLE,RELIABLE,RELIABLE,STATIONARY,STATIONARY,STATIONARY,STATIONARY,MOVING,STATIONARY,STATIONARY,STATIONARY,MOVING
37420,928,1,LEFT_ARM,0.11548141,0.00052431,0.00454024,0.00610659,0.00835459,0.00874747,0.03866320,0.01371677,0.00517622,0.00819097,0.00636465,RELIABLE,RELIABLE,RELIABLE,RELIABLE,RELIABLE,RELIABLE,RELIABLE,RELIABLE,STATIONARY,STATIONARY,STATIONARY,STATIONARY,MOVING,STATIONARY,STATIONARY,STATIONARY,MOVING
37467,929,1,LEFT_ARM,0.11482463,0.00110730,0.00964338,0.00625824,0.00761207,0.00861086,0.05083321,0.00970245,0.00513005,0.00799520,0.00626598,RELIABLE,RELIABLE,RELIABLE,RELIABLE,RELIABLE,RELIABLE,RELIABLE,RELIABLE,STATIONARY,STATIONARY,STATIONARY,STATIONARY,MOVING,STATIONARY,STATIONARY,STATIONARY,MOVING
37513,930,1,LEFT_ARM,0.11428491,0.00055365,0.00484446,0.00633986,0.00724843,0.00855119,0.05696671,0.00771174,0.00511256,0.00789516,0.00628274,RELIABLE,RELIABLE,RELIABLE,RELIABLE,RELIABLE,RELIABLE,RELIABLE,RELIABLE,STATIONARY,STATIONARY,STATIONARY,STATIONARY,MOVING,STATIONARY,STATIONARY,STATIONARY,MOVING
37560,931,1,LEFT_ARM,0.11438491,0.00166311,0.01453958,0.00769292,0.00790838,0.00965654,0.07100366,0.00866197,0.00726327,0.00997948,0.00829565,RELIABLE,RELIABLE,RELIABLE,RELIABLE,RELIABLE,RELIABLE,RELIABLE,RELIABLE,STATIONARY,STATIONARY,STATIONARY,MOVING,STATIONARY,STATIONARY,STATIONARY,STATIONARY,MOVING
37610,932,1,LEFT_ARM,0.11418988,0.00124779,0.01092733,0.00882629,0.00899144,0.01113667,0.07345873,0.01023750,0.00801569,0.01124831,0.01095531,RELIABLE,RELIABLE,RELIABLE,RELIABLE,RELIABLE,RELIABLE,RELIABLE,RELIABLE,STATIONARY,STATIONARY,STATIONARY,MOVING,STATIONARY,STATIONARY,STATIONARY,STATIONARY,MOVING
37654,933,1,LEFT_ARM,0.11397062,0.00062389,0.00547417,0.00808956,0.00798254,0.01047298,0.06811988,0.01110548,0.00755271,0.01105908,0.01132887,RELIABLE,RELIABLE,RELIABLE,RELIABLE,RELIABLE,RELIABLE,RELIABLE,RELIABLE,STATIONARY,STATIONARY,STATIONARY,MOVING,STATIONARY,STATIONARY,STATIONARY,STATIONARY,MOVING
37701,934,1,LEFT_ARM,0.11363460,0.00114911,0.01011231,0.00864081,0.00844347,0.01027157,0.07762332,0.01230522,0.00844121,0.01174091,0.01172388,RELIABLE,RELIABLE,RELIABLE,RELIABLE,RELIABLE,RELIABLE,RELIABLE,RELIABLE,STATIONARY,STATIONARY,STATIONARY,MOVING,STATIONARY,STATIONARY,STATIONARY,STATIONARY,MOVING
37733,935,1,LEFT_ARM,0.11335480,0.00057455,0.00506864,0.00814376,0.00764981,0.00887001,0.07331886,0.01255430,0.00844859,0.01139139,0.01195482,RELIABLE,RELIABLE,RELIABLE,RELIABLE,RELIABLE,RELIABLE,RELIABLE,RELIABLE,STATIONARY,STATIONARY,STATIONARY,MOVING,STATIONARY,STATIONARY,STATIONARY,STATIONARY,MOVING
37779,936,1,LEFT_ARM,0.11299315,0.00202068,0.01788317,0.00981163,0.00993435,0.01091641,0.08705139,0.01486157,0.00911134,0.01271147,0.01253071,RELIABLE,RELIABLE,RELIABLE,RELIABLE,RELIABLE,RELIABLE,RELIABLE,RELIABLE,STATIONARY,STATIONARY,STATIONARY,MOVING,STATIONARY,STATIONARY,STATIONARY,STATIONARY,MOVING
37825,937,1,LEFT_ARM,0.11270214,0.00101034,0.00896467,0.00972679,0.01037425,0.01077281,0.08069210,0.01514078,0.00855931,0.01213925,0.01204661,RELIABLE,RELIABLE,RELIABLE,RELIABLE,RELIABLE,RELIABLE,RELIABLE,RELIABLE,STATIONARY,STATIONARY,STATIONARY,MOVING,STATIONARY,STATIONARY,STATIONARY,STATIONARY,MOVING
37871,938,1,LEFT_ARM,0.11290719,0.00103010,0.00912345,0.01026166,0.01137968,0.01164961,0.08442000,0.01609640,0.00917171,0.01263557,0.01260764,RELIABLE,RELIABLE,RELIABLE,RELIABLE,RELIABLE,RELIABLE,RELIABLE,RELIABLE,STATIONARY,STATIONARY,STATIONARY,MOVING,STATIONARY,STATIONARY,STATIONARY,STATIONARY,MOVING
37917,939,1,LEFT_ARM,0.11351750,0.00071494,0.00629805,0.00923147,0.01090740,0.01040374,0.07508816,0.01437099,0.00745905,0.01125347,0.01110125,RELIABLE,RELIABLE,RELIABLE,RELIABLE,RELIABLE,RELIABLE,RELIABLE,RELIABLE,STATIONARY,STATIONARY,STATIONARY,MOVING,STATIONARY,STATIONARY,STATIONARY,STATIONARY,MOVING
37963,940,1,LEFT_ARM,0.11407036,0.00083515,0.00732134,0.00878072,0.01093776,0.00947498,0.07433639,0.01173893,0.00691749,0.01108712,0.00921924,RELIABLE,RELIABLE,RELIABLE,RELIABLE,RELIABLE,RELIABLE,RELIABLE,RELIABLE,STATIONARY,STATIONARY,STATIONARY,MOVING,STATIONARY,STATIONARY,STATIONARY,STATIONARY,MOVING
38011,941,1,LEFT_ARM,0.11473501,0.00081788,0.00712840,0.00898750,0.01189925,0.01003263,0.08156882,0.01093725,0.00752726,0.01146775,0.00836276,RELIABLE,RELIABLE,RELIABLE,RELIABLE,RELIABLE,RELIABLE,RELIABLE,RELIABLE,STATIONARY,STATIONARY,STATIONARY,MOVING,STATIONARY,STATIONARY,STATIONARY,STATIONARY,MOVING
38057,942,1,LEFT_ARM,0.11526406,0.00040894,0.00354784,0.00816694,0.01140809,0.01017500,0.07297869,0.00976793,0.00670790,0.01090114,0.00763365,RELIABLE,RELIABLE,RELIABLE,RELIABLE,RELIABLE,RELIABLE,RELIABLE,RELIABLE,STATIONARY,STATIONARY,STATIONARY,MOVING,STATIONARY,STATIONARY,STATIONARY,STATIONARY,MOVING
38089,943,1,LEFT_ARM,0.11482056,0.00096033,0.00836372,0.00857883,0.01157075,0.01044941,0.08414577,0.01018154,0.00662809,0.01067896,0.00764641,RELIABLE,RELIABLE,RELIABLE,RELIABLE,RELIABLE,RELIABLE,RELIABLE,RELIABLE,STATIONARY,STATIONARY,STATIONARY,MOVING,STATIONARY,STATIONARY,STATIONARY,STATIONARY,MOVING
38121,944,1,LEFT_ARM,0.11424495,0.00048016,0.00420293,0.00686880,0.00896993,0.00783754,0.07386793,0.00820757,0.00592933,0.00900530,0.00722210,RELIABLE,RELIABLE,RELIABLE,RELIABLE,RELIABLE,RELIABLE,RELIABLE,RELIABLE,STATIONARY,STATIONARY,STATIONARY,MOVING,STATIONARY,STATIONARY,STATIONARY,STATIONARY,MOVING
38152,945,1,LEFT_ARM,0.11385900,0.00079002,0.00693856,0.00661554,0.00904883,0.00771579,0.08434733,0.00821981,0.00672134,0.00910640,0.00821405,RELIABLE,RELIABLE,RELIABLE,RELIABLE,RELIABLE,RELIABLE,RELIABLE,RELIABLE,STATIONARY,STATIONARY,STATIONARY,MOVING,STATIONARY,STATIONARY,STATIONARY,STATIONARY,MOVING
38199,946,1,LEFT_ARM,0.11362636,0.00039501,0.00347638,0.00590965,0.00830189,0.00670390,0.08266230,0.00740886,0.00622776,0.00826881,0.00793994,RELIABLE,RELIABLE,RELIABLE,RELIABLE,RELIABLE,RELIABLE,RELIABLE,RELIABLE,STATIONARY,STATIONARY,STATIONARY,MOVING,STATIONARY,STATIONARY,STATIONARY,STATIONARY,MOVING
38232,947,1,LEFT_ARM,0.11396401,0.00321985,0.02825323,0.00865405,0.00844885,0.00975874,0.09032472,0.00687670,0.00715887,0.00986989,0.00909697,RELIABLE,RELIABLE,RELIABLE,RELIABLE,RELIABLE,RELIABLE,RELIABLE,RELIABLE,STATIONARY,STATIONARY,STATIONARY,MOVING,STATIONARY,STATIONARY,STATIONARY,STATIONARY,MOVING
38283,948,1,LEFT_ARM,0.11461628,0.00164515,0.01435354,0.00953308,0.00831883,0.01128099,0.09568189,0.00818829,0.00779333,0.01053043,0.00969071,RELIABLE,RELIABLE,RELIABLE,RELIABLE,RELIABLE,RELIABLE,RELIABLE,RELIABLE,STATIONARY,STATIONARY,STATIONARY,MOVING,STATIONARY,STATIONARY,STATIONARY,STATIONARY,MOVING
38324,949,1,LEFT_ARM,0.11518572,0.00082257,0.00714129,0.00953469,0.00730299,0.01101218,0.09072627,0.00832253,0.00722607,0.01051540,0.00963428,RELIABLE,RELIABLE,RELIABLE,RELIABLE,RELIABLE,RELIABLE,RELIABLE,RELIABLE,STATIONARY,STATIONARY,STATIONARY,MOVING,STATIONARY,STATIONARY,STATIONARY,STATIONARY,MOVING
38372,950,1,LEFT_ARM,0.11559248,0.00041129,0.00355808,0.00953597,0.00679774,0.01087905,0.08826218,0.00838980,0.00694405,0.01057086,0.00965282,RELIABLE,RELIABLE,RELIABLE,RELIABLE,RELIABLE,RELIABLE,RELIABLE,RELIABLE,STATIONARY,STATIONARY,STATIONARY,MOVING,STATIONARY,STATIONARY,STATIONARY,STATIONARY,MOVING
38404,951,1,LEFT_ARM,0.11593539,0.00100784,0.00869312,0.00957714,0.00676775,0.01185002,0.07301824,0.00889620,0.00793084,0.01265137,0.01048825,RELIABLE,RELIABLE,RELIABLE,RELIABLE,RELIABLE,RELIABLE,RELIABLE,RELIABLE,STATIONARY,STATIONARY,STATIONARY,MOVING,STATIONARY,STATIONARY,STATIONARY,STATIONARY,MOVING
38451,952,1,LEFT_ARM,0.11617666,0.00050392,0.00433753,0.00959397,0.00674987,0.01233245,0.06534875,0.00914468,0.00842102,0.01391792,0.01098446,RELIABLE,RELIABLE,RELIABLE,RELIABLE,RELIABLE,RELIABLE,RELIABLE,RELIABLE,STATIONARY,STATIONARY,STATIONARY,MOVING,STATIONARY,STATIONARY,STATIONARY,STATIONARY,MOVING
38498,953,1,LEFT_ARM,0.11605828,0.00309213,0.02664291,0.01205701,0.00754666,0.01521600,0.08343524,0.00978323,0.00833445,0.01327333,0.01142140,RELIABLE,RELIABLE,RELIABLE,RELIABLE,RELIABLE,RELIABLE,RELIABLE,RELIABLE,STATIONARY,STATIONARY,STATIONARY,MOVING,STATIONARY,STATIONARY,STATIONARY,STATIONARY,MOVING
38539,954,1,LEFT_ARM,0.11602151,0.00159414,0.01374006,0.01333997,0.00856127,0.01703239,0.10297522,0.01065196,0.00917414,0.01394331,0.01269199,RELIABLE,RELIABLE,RELIABLE,RELIABLE,RELIABLE,RELIABLE,RELIABLE,RELIABLE,STATIONARY,STATIONARY,STATIONARY,MOVING,STATIONARY,STATIONARY,STATIONARY,STATIONARY,MOVING
38576,955,1,LEFT_ARM,0.11601749,0.00079707,0.00687027,0.01066710,0.00853137,0.01457120,0.10188362,0.00977006,0.00789749,0.01212937,0.01215785,RELIABLE,RELIABLE,RELIABLE,RELIABLE,RELIABLE,RELIABLE,RELIABLE,RELIABLE,STATIONARY,STATIONARY,STATIONARY,MOVING,STATIONARY,STATIONARY,STATIONARY,STATIONARY,MOVING
38607,956,1,LEFT_ARM,0.11567556,0.00249648,0.02158173,0.01157062,0.00868285,0.01481189,0.11348586,0.00966850,0.00795390,0.01170233,0.01184317,RELIABLE,RELIABLE,RELIABLE,RELIABLE,RELIABLE,RELIABLE,RELIABLE,RELIABLE,STATIONARY,STATIONARY,STATIONARY,MOVING,STATIONARY,STATIONARY,STATIONARY,STATIONARY,MOVING
38683,957,1,LEFT_ARM,0.11503297,0.00172608,0.01500507,0.01255360,0.00852109,0.01532386,0.12160546,0.00968901,0.00802268,0.01201375,0.01175697,RELIABLE,RELIABLE,RELIABLE,RELIABLE,RELIABLE,RELIABLE,RELIABLE,RELIABLE,STATIONARY,STATIONARY,STATIONARY,MOVING,STATIONARY,STATIONARY,STATIONARY,STATIONARY,MOVING
38717,958,1,LEFT_ARM,0.11447604,0.00086304,0.00753904,0.01305122,0.00844249,0.01558625,0.12570343,0.00970293,0.00805968,0.01221262,0.01171175,RELIABLE,RELIABLE,RELIABLE,RELIABLE,RELIABLE,RELIABLE,RELIABLE,RELIABLE,STATIONARY,STATIONARY,STATIONARY,MOVING,STATIONARY,STATIONARY,STATIONARY,STATIONARY,MOVING
38763,959,1,LEFT_ARM,0.11527790,0.00091391,0.00792789,0.01295556,0.00883695,0.01504920,0.13570605,0.00935055,0.00847382,0.01093294,0.01125080,RELIABLE,RELIABLE,RELIABLE,RELIABLE,RELIABLE,RELIABLE,RELIABLE,RELIABLE,STATIONARY,STATIONARY,STATIONARY,MOVING,STATIONARY,STATIONARY,STATIONARY,STATIONARY,MOVING
38795,960,1,LEFT_ARM,0.11622194,0.00045696,0.00393175,0.01290484,0.00903018,0.01477817,0.14065900,0.00917070,0.00867436,0.01005392,0.01094312,RELIABLE,RELIABLE,RELIABLE,RELIABLE,RELIABLE,RELIABLE,RELIABLE,RELIABLE,STATIONARY,STATIONARY,STATIONARY,MOVING,STATIONARY,STATIONARY,STATIONARY,STATIONARY,MOVING
38842,961,1,LEFT_ARM,0.11696622,0.00022848,0.00195336,0.00981865,0.00693599,0.01081079,0.10555128,0.00756182,0.00796040,0.00974284,0.00931469,RELIABLE,RELIABLE,RELIABLE,RELIABLE,RELIABLE,RELIABLE,RELIABLE,RELIABLE,STATIONARY,STATIONARY,STATIONARY,MOVING,STATIONARY,STATIONARY,STATIONARY,STATIONARY,MOVING
38873,962,1,LEFT_ARM,0.11795501,0.00064987,0.00550949,0.00878983,0.00566295,0.00920262,0.08533348,0.00756706,0.00756808,0.00910027,0.00818287,RELIABLE,RELIABLE,RELIABLE,RELIABLE,RELIABLE,RELIABLE,RELIABLE,RELIABLE,STATIONARY,STATIONARY,STATIONARY,MOVING,STATIONARY,STATIONARY,STATIONARY,STATIONARY,MOVING
38905,963,1,LEFT_ARM,0.11875776,0.00032494,0.00273613,0.00827306,0.00502458,0.00839553,0.07519229,0.00756450,0.00736818,0.00864753,0.00745752,RELIABLE,RELIABLE,RELIABLE,RELIABLE,RELIABLE,RELIABLE,RELIABLE,RELIABLE,STATIONARY,STATIONARY,STATIONARY,MOVING,STATIONARY,STATIONARY,STATIONARY,STATIONARY,MOVING
38937,964,1,LEFT_ARM,0.11846632,0.00152414,0.01286558,0.00718354,0.00485159,0.00667462,0.07465849,0.00688849,0.00746006,0.00811629,0.00761864,RELIABLE,RELIABLE,RELIABLE,RELIABLE,RELIABLE,RELIABLE,RELIABLE,RELIABLE,STATIONARY,STATIONARY,STATIONARY,MOVING,STATIONARY,STATIONARY,STATIONARY,STATIONARY,MOVING
38983,965,1,LEFT_ARM,0.11798069,0.00076207,0.00645927,0.00611531,0.00500838,0.00543067,0.07213590,0.00648544,0.00747103,0.00718177,0.00753968,RELIABLE,RELIABLE,RELIABLE,RELIABLE,RELIABLE,RELIABLE,RELIABLE,RELIABLE,STATIONARY,STATIONARY,STATIONARY,MOVING,STATIONARY,STATIONARY,STATIONARY,STATIONARY,MOVING
39015,966,1,LEFT_ARM,0.11767535,0.00100936,0.00857752,0.00624512,0.00600374,0.00517441,0.08880116,0.00744860,0.00825018,0.00679982,0.00807910,RELIABLE,RELIABLE,RELIABLE,RELIABLE,RELIABLE,RELIABLE,RELIABLE,RELIABLE,STATIONARY,STATIONARY,STATIONARY,MOVING,STATIONARY,STATIONARY,STATIONARY,STATIONARY,MOVING
39046,967,1,LEFT_ARM,0.11749855,0.00050468,0.00429522,0.00579104,0.00543609,0.00447348,0.08773084,0.00681763,0.00678555,0.00580817,0.00760635,RELIABLE,RELIABLE,RELIABLE,RELIABLE,RELIABLE,RELIABLE,RELIABLE,RELIABLE,STATIONARY,STATIONARY,STATIONARY,MOVING,STATIONARY,STATIONARY,STATIONARY,STATIONARY,MOVING
39078,968,1,LEFT_ARM,0.11720409,0.00146838,0.01252841,0.00686562,0.00612170,0.00604055,0.10017106,0.00845714,0.00705574,0.00650132,0.00780378,RELIABLE,RELIABLE,RELIABLE,RELIABLE,RELIABLE,RELIABLE,RELIABLE,RELIABLE,STATIONARY,STATIONARY,STATIONARY,MOVING,STATIONARY,STATIONARY,STATIONARY,STATIONARY,MOVING
39125,969,1,LEFT_ARM,0.11688629,0.00143694,0.01229350,0.00815814,0.00789984,0.00823246,0.10941870,0.01037576,0.00746949,0.00715079,0.00821839,RELIABLE,RELIABLE,RELIABLE,RELIABLE,RELIABLE,RELIABLE,RELIABLE,RELIABLE,STATIONARY,STATIONARY,STATIONARY,MOVING,STATIONARY,STATIONARY,STATIONARY,STATIONARY,MOVING
39157,970,1,LEFT_ARM,0.11664689,0.00071847,0.00615937,0.00823937,0.00839915,0.00857943,0.10620180,0.00997690,0.00682834,0.00693448,0.00757541,RELIABLE,RELIABLE,RELIABLE,RELIABLE,RELIABLE,RELIABLE,RELIABLE,RELIABLE,STATIONARY,STATIONARY,STATIONARY,MOVING,STATIONARY,STATIONARY,STATIONARY,STATIONARY,MOVING
39189,971,1,LEFT_ARM,0.11733463,0.00153361,0.01307042,0.00953116,0.00867515,0.00994074,0.10626752,0.01008759,0.00796143,0.00931890,0.00790767,RELIABLE,RELIABLE,RELIABLE,RELIABLE,RELIABLE,RELIABLE,RELIABLE,RELIABLE,STATIONARY,STATIONARY,STATIONARY,MOVING,STATIONARY,STATIONARY,STATIONARY,STATIONARY,MOVING
39234,972,1,LEFT_ARM,0.11706482,0.00165010,0.01409558,0.00968491,0.00941084,0.01134629,0.09219959,0.01036577,0.00719682,0.00899138,0.00759587,RELIABLE,RELIABLE,RELIABLE,RELIABLE,RELIABLE,RELIABLE,RELIABLE,RELIABLE,STATIONARY,STATIONARY,STATIONARY,MOVING,STATIONARY,STATIONARY,STATIONARY,STATIONARY,MOVING
39275,973,1,LEFT_ARM,0.11632844,0.00106304,0.00913822,0.01001978,0.01047264,0.01276225,0.10093231,0.01125829,0.00792304,0.00988438,0.00756047,RELIABLE,RELIABLE,RELIABLE,RELIABLE,RELIABLE,RELIABLE,RELIABLE,RELIABLE,STATIONARY,STATIONARY,STATIONARY,MOVING,STATIONARY,STATIONARY,STATIONARY,STATIONARY,MOVING
39313,974,1,LEFT_ARM,0.11566710,0.00053152,0.00459524,0.00952199,0.01009025,0.01310576,0.08739519,0.01054165,0.00751488,0.01023320,0.00689708,RELIABLE,RELIABLE,RELIABLE,RELIABLE,RELIABLE,RELIABLE,RELIABLE,RELIABLE,STATIONARY,STATIONARY,STATIONARY,MOVING,STATIONARY,STATIONARY,STATIONARY,STATIONARY,MOVING
39360,975,1,LEFT_ARM,0.11586671,0.00165578,0.01429037,0.01077139,0.01114872,0.01401090,0.10356085,0.01071173,0.00795678,0.01149559,0.00828939,RELIABLE,RELIABLE,RELIABLE,RELIABLE,RELIABLE,RELIABLE,RELIABLE,RELIABLE,STATIONARY,STATIONARY,STATIONARY,MOVING,STATIONARY,STATIONARY,STATIONARY,STATIONARY,MOVING
39392,976,1,LEFT_ARM,0.11623251,0.00082789,0.00712270,0.01009567,0.01071070,0.01254813,0.09867580,0.00884582,0.00718186,0.01107226,0.00880519,RELIABLE,RELIABLE,RELIABLE,RELIABLE,RELIABLE,RELIABLE,RELIABLE,RELIABLE,STATIONARY,STATIONARY,STATIONARY,MOVING,STATIONARY,STATIONARY,STATIONARY,STATIONARY,MOVING
39439,977,1,LEFT_ARM,0.11675883,0.00052172,0.00446835,0.00911753,0.00943973,0.01071260,0.10345577,0.00763675,0.00821533,0.01195847,0.00901841,RELIABLE,RELIABLE,RELIABLE,RELIABLE,RELIABLE,RELIABLE,RELIABLE,RELIABLE,STATIONARY,STATIONARY,STATIONARY,MOVING,STATIONARY,STATIONARY,STATIONARY,STATIONARY,MOVING
39485,978,1,LEFT_ARM,0.11624442,0.00099274,0.00854011,0.00941512,0.00875348,0.01055944,0.11661135,0.00816504,0.00888405,0.01247592,0.00960334,RELIABLE,RELIABLE,RELIABLE,RELIABLE,RELIABLE,RELIABLE,RELIABLE,RELIABLE,STATIONARY,STATIONARY,STATIONARY,MOVING,STATIONARY,STATIONARY,STATIONARY,STATIONARY,MOVING
39532,979,1,LEFT_ARM,0.11560331,0.00049637,0.00429373,0.00831804,0.00838681,0.00930095,0.12160037,0.00812881,0.00777158,0.01040108,0.00922162,RELIABLE,RELIABLE,RELIABLE,RELIABLE,RELIABLE,RELIABLE,RELIABLE,RELIABLE,STATIONARY,STATIONARY,STATIONARY,MOVING,STATIONARY,STATIONARY,STATIONARY,STATIONARY,MOVING
39564,980,1,LEFT_ARM,0.11478922,0.00075851,0.00660783,0.00738207,0.00673480,0.00745983,0.12011373,0.00796192,0.00855666,0.01035834,0.00968398,RELIABLE,RELIABLE,RELIABLE,RELIABLE,RELIABLE,RELIABLE,RELIABLE,RELIABLE,STATIONARY,STATIONARY,STATIONARY,MOVING,STATIONARY,STATIONARY,STATIONARY,STATIONARY,MOVING
39596,981,1,LEFT_ARM,0.11413717,0.00037925,0.00332279,0.00665514,0.00521324,0.00582562,0.10357519,0.00712612,0.00784179,0.00916298,0.00980913,RELIABLE,RELIABLE,RELIABLE,RELIABLE,RELIABLE,RELIABLE,RELIABLE,RELIABLE,STATIONARY,STATIONARY,STATIONARY,MOVING,STATIONARY,STATIONARY,STATIONARY,STATIONARY,MOVING
39643,982,1,LEFT_ARM,0.11441232,0.00091637,0.00800935,0.00708190,0.00493584,0.00546617,0.10814989,0.00776949,0.00847520,0.00916700,0.01094602,RELIABLE,RELIABLE,RELIABLE,RELIABLE,RELIABLE,RELIABLE,RELIABLE,RELIABLE,STATIONARY,STATIONARY,STATIONARY,MOVING,STATIONARY,STATIONARY,STATIONARY,STATIONARY,MOVING
39690,983,1,LEFT_ARM,0.11570553,0.00051036,0.00441085,0.00584696,0.00397898,0.00445565,0.09631163,0.00823513,0.00954267,0.00876609,0.01069508,RELIABLE,RELIABLE,RELIABLE,RELIABLE,RELIABLE,RELIABLE,RELIABLE,RELIABLE,STATIONARY,STATIONARY,STATIONARY,MOVING,STATIONARY,STATIONARY,STATIONARY,STATIONARY,MOVING
39737,984,1,LEFT_ARM,0.11601562,0.00120854,0.01041707,0.00625876,0.00418619,0.00544381,0.11132742,0.00913209,0.01027194,0.00862384,0.01039396,RELIABLE,RELIABLE,RELIABLE,RELIABLE,RELIABLE,RELIABLE,RELIABLE,RELIABLE,STATIONARY,STATIONARY,STATIONARY,MOVING,STATIONARY,STATIONARY,STATIONARY,STATIONARY,MOVING
39769,985,1,LEFT_ARM,0.11600649,0.00060427,0.00520894,0.00635133,0.00390833,0.00563531,0.10860626,0.00875998,0.00894023,0.00720847,0.01009149,RELIABLE,RELIABLE,RELIABLE,RELIABLE,RELIABLE,RELIABLE,RELIABLE,RELIABLE,STATIONARY,STATIONARY,STATIONARY,MOVING,STATIONARY,STATIONARY,STATIONARY,STATIONARY,MOVING
39817,986,1,LEFT_ARM,0.11610896,0.00082670,0.00712007,0.00617383,0.00491251,0.00594114,0.11452538,0.00855279,0.00931704,0.00760617,0.01036078,RELIABLE,RELIABLE,RELIABLE,RELIABLE,RELIABLE,RELIABLE,RELIABLE,RELIABLE,STATIONARY,STATIONARY,STATIONARY,MOVING,STATIONARY,STATIONARY,STATIONARY,STATIONARY,MOVING
39866,987,1,LEFT_ARM,0.11604990,0.00175168,0.01509422,0.00752389,0.00610781,0.00800419,0.12667636,0.01119266,0.01038042,0.00814830,0.01078197,RELIABLE,RELIABLE,RELIABLE,RELIABLE,RELIABLE,RELIABLE,RELIABLE,RELIABLE,STATIONARY,STATIONARY,STATIONARY,MOVING,STATIONARY,STATIONARY,STATIONARY,STATIONARY,MOVING
39910,988,1,LEFT_ARM,0.11597222,0.00087584,0.00755217,0.00764193,0.00644773,0.00875257,0.13327684,0.01186401,0.00985469,0.00822307,0.00989105,RELIABLE,RELIABLE,RELIABLE,RELIABLE,RELIABLE,RELIABLE,RELIABLE,RELIABLE,STATIONARY,STATIONARY,STATIONARY,MOVING,STATIONARY,STATIONARY,STATIONARY,STATIONARY,MOVING
39942,989,1,LEFT_ARM,0.11576962,0.00066034,0.00570396,0.00793958,0.00702765,0.00918740,0.14056552,0.01350018,0.01032890,0.00876855,0.00973045,RELIABLE,RELIABLE,RELIABLE,RELIABLE,RELIABLE,RELIABLE,RELIABLE,RELIABLE,STATIONARY,STATIONARY,STATIONARY,MOVING,STATIONARY,STATIONARY,STATIONARY,STATIONARY,MOVING
39989,990,1,LEFT_ARM,0.11558657,0.00033017,0.00285649,0.00729547,0.00682998,0.00894226,0.13131986,0.01325481,0.00957210,0.00829181,0.00855737,RELIABLE,RELIABLE,RELIABLE,RELIABLE,RELIABLE,RELIABLE,RELIABLE,RELIABLE,STATIONARY,STATIONARY,STATIONARY,MOVING,STATIONARY,STATIONARY,STATIONARY,STATIONARY,MOVING
40020,991,1,LEFT_ARM,0.11568718,0.00035974,0.00310962,0.00713282,0.00677812,0.00906973,0.11696083,0.01424577,0.00968895,0.00937647,0.00872975,RELIABLE,RELIABLE,RELIABLE,RELIABLE,RELIABLE,RELIABLE,RELIABLE,RELIABLE,STATIONARY,STATIONARY,STATIONARY,MOVING,STATIONARY,STATIONARY,STATIONARY,STATIONARY,MOVING
40067,992,1,LEFT_ARM,0.11583740,0.00017987,0.00155279,0.00602478,0.00606876,0.00764174,0.08888895,0.01407697,0.00955199,0.00989441,0.00882506,RELIABLE,RELIABLE,RELIABLE,RELIABLE,RELIABLE,RELIABLE,RELIABLE,RELIABLE,STATIONARY,STATIONARY,STATIONARY,MOVING,STATIONARY,STATIONARY,STATIONARY,STATIONARY,MOVING
40098,993,1,LEFT_ARM,0.11582194,0.00098161,0.00847518,0.00643306,0.00649391,0.00720127,0.08198439,0.01552107,0.01023635,0.01149538,0.00904991,RELIABLE,RELIABLE,RELIABLE,RELIABLE,RELIABLE,RELIABLE,RELIABLE,RELIABLE,STATIONARY,STATIONARY,STATIONARY,MOVING,STATIONARY,STATIONARY,STATIONARY,STATIONARY,MOVING
40143,994,1,LEFT_ARM,0.11540614,0.00095599,0.00828370,0.00657852,0.00664219,0.00691089,0.07545008,0.01532979,0.00986398,0.01164998,0.00860231,RELIABLE,RELIABLE,RELIABLE,RELIABLE,RELIABLE,RELIABLE,RELIABLE,RELIABLE,STATIONARY,STATIONARY,STATIONARY,MOVING,STATIONARY,STATIONARY,STATIONARY,STATIONARY,MOVING
40202,995,1,LEFT_ARM,0.11549275,0.00069144,0.00598690,0.00544010,0.00609912,0.00484036,0.08788472,0.01336415,0.00987055,0.01215206,0.00919126,RELIABLE,RELIABLE,RELIABLE,RELIABLE,RELIABLE,RELIABLE,RELIABLE,RELIABLE,STATIONARY,STATIONARY,STATIONARY,MOVING,STATIONARY,STATIONARY,STATIONARY,STATIONARY,MOVING
40266,996,1,LEFT_ARM,0.11591773,0.00095825,0.00826664,0.00552941,0.00665067,0.00526666,0.10463013,0.01240990,0.01011408,0.01334296,0.00898114,RELIABLE,RELIABLE,RELIABLE,RELIABLE,RELIABLE,RELIABLE,RELIABLE,RELIABLE,STATIONARY,STATIONARY,STATIONARY,MOVING,STATIONARY,STATIONARY,STATIONARY,STATIONARY,MOVING
40302,997,1,LEFT_ARM,0.11632187,0.00047912,0.00411896,0.00533129,0.00651335,0.00541460,0.10895388,0.01062787,0.00949310,0.01360342,0.00849577,RELIABLE,RELIABLE,RELIABLE,RELIABLE,RELIABLE,RELIABLE,RELIABLE,RELIABLE,STATIONARY,STATIONARY,STATIONARY,MOVING,STATIONARY,STATIONARY,STATIONARY,STATIONARY,MOVING
40349,998,1,LEFT_ARM,0.11550362,0.00099626,0.00862538,0.00605240,0.00675911,0.00576422,0.12238110,0.01153853,0.01008674,0.01432642,0.00902402,RELIABLE,RELIABLE,RELIABLE,RELIABLE,RELIABLE,RELIABLE,RELIABLE,RELIABLE,STATIONARY,STATIONARY,STATIONARY,MOVING,STATIONARY,STATIONARY,STATIONARY,STATIONARY,MOVING
40396,999,1,LEFT_ARM,0.11458560,0.00049813,0.00434724,0.00620710,0.00640509,0.00578877,0.13007782,0.01021480,0.00849541,0.01285323,0.00756858,RELIABLE,RELIABLE,RELIABLE,RELIABLE,RELIABLE,RELIABLE,RELIABLE,RELIABLE,STATIONARY,STATIONARY,STATIONARY,MOVING,STATIONARY,STATIONARY,STATIONARY,STATIONARY,MOVING
40427,1000,1,LEFT_ARM,0.11445161,0.00134029,0.01171058,0.00747682,0.00696897,0.00582347,0.13271903,0.01036917,0.00867008,0.01324456,0.00732205,RELIABLE,RELIABLE,RELIABLE,RELIABLE,RELIABLE,RELIABLE,RELIABLE,RELIABLE,STATIONARY,STATIONARY,STATIONARY,MOVING,STATIONARY,STATIONARY,STATIONARY,STATIONARY,MOVING
40459,1001,1,LEFT_ARM,0.11455030,0.00067015,0.00585024,0.00714870,0.00647064,0.00556715,0.12690567,0.00891724,0.00800398,0.01221866,0.00690874,RELIABLE,RELIABLE,RELIABLE,RELIABLE,RELIABLE,RELIABLE,RELIABLE,RELIABLE,STATIONARY,STATIONARY,STATIONARY,MOVING,STATIONARY,STATIONARY,STATIONARY,STATIONARY,MOVING
40491,1002,1,LEFT_ARM,0.11484587,0.00061147,0.00532430,0.00677878,0.00545295,0.00558744,0.11859013,0.00900184,0.00865071,0.01239710,0.00788578,RELIABLE,RELIABLE,RELIABLE,RELIABLE,RELIABLE,RELIABLE,RELIABLE,RELIABLE,STATIONARY,STATIONARY,STATIONARY,MOVING,STATIONARY,STATIONARY,STATIONARY,STATIONARY,MOVING
40522,1003,1,LEFT_ARM,0.11512146,0.00030574,0.00265578,0.00636239,0.00486654,0.00560851,0.08947305,0.00816447,0.00790110,0.01181310,0.00733301,RELIABLE,RELIABLE,RELIABLE,RELIABLE,RELIABLE,RELIABLE,RELIABLE,RELIABLE,STATIONARY,STATIONARY,STATIONARY,MOVING,STATIONARY,STATIONARY,STATIONARY,STATIONARY,MOVING
40569,1004,1,LEFT_ARM,0.11503436,0.00088171,0.00766477,0.00628715,0.00422322,0.00496167,0.07216826,0.00883346,0.00818020,0.01166136,0.00782404,RELIABLE,RELIABLE,RELIABLE,RELIABLE,RELIABLE,RELIABLE,RELIABLE,RELIABLE,STATIONARY,STATIONARY,STATIONARY,MOVING,STATIONARY,STATIONARY,STATIONARY,STATIONARY,MOVING
40600,1005,1,LEFT_ARM,0.11487887,0.00044086,0.00383757,0.00625198,0.00390411,0.00464198,0.06357100,0.00917031,0.00832250,0.01153630,0.00809135,RELIABLE,RELIABLE,RELIABLE,RELIABLE,RELIABLE,RELIABLE,RELIABLE,RELIABLE,STATIONARY,STATIONARY,STATIONARY,MOVING,STATIONARY,STATIONARY,STATIONARY,STATIONARY,MOVING
40647,1006,1,LEFT_ARM,0.11474528,0.00022043,0.00192102,0.00541394,0.00342971,0.00420623,0.04800255,0.00753575,0.00748900,0.01090147,0.00743784,RELIABLE,RELIABLE,RELIABLE,RELIABLE,RELIABLE,RELIABLE,RELIABLE,RELIABLE,STATIONARY,STATIONARY,STATIONARY,MOVING,STATIONARY,STATIONARY,STATIONARY,STATIONARY,MOVING
40695,1007,1,LEFT_ARM,0.11432150,0.00079206,0.00692832,0.00573657,0.00397919,0.00448086,0.05694185,0.00818759,0.00861618,0.01093189,0.00768954,RELIABLE,RELIABLE,RELIABLE,RELIABLE,RELIABLE,RELIABLE,RELIABLE,RELIABLE,STATIONARY,STATIONARY,STATIONARY,MOVING,STATIONARY,STATIONARY,STATIONARY,STATIONARY,MOVING
40742,1008,1,LEFT_ARM,0.11419554,0.00171334,0.01500355,0.00614819,0.00539046,0.00783913,0.08620616,0.00863118,0.00889272,0.01037125,0.00796560,RELIABLE,RELIABLE,RELIABLE,RELIABLE,RELIABLE,RELIABLE,RELIABLE,RELIABLE,STATIONARY,STATIONARY,STATIONARY,MOVING,STATIONARY,STATIONARY,STATIONARY,STATIONARY,MOVING
40794,1009,1,LEFT_ARM,0.11419753,0.00115328,0.01009903,0.00667929,0.00587804,0.00956452,0.10358333,0.00969599,0.00966159,0.01005820,0.00835873,RELIABLE,RELIABLE,RELIABLE,RELIABLE,RELIABLE,RELIABLE,RELIABLE,RELIABLE,STATIONARY,STATIONARY,STATIONARY,MOVING,STATIONARY,STATIONARY,STATIONARY,STATIONARY,MOVING
40836,1010,1,LEFT_ARM,0.11423270,0.00057664,0.00504796,0.00664475,0.00586004,0.00937144,0.10270191,0.00921690,0.00858499,0.00860772,0.00703332,RELIABLE,RELIABLE,RELIABLE,RELIABLE,RELIABLE,RELIABLE,RELIABLE,RELIABLE,STATIONARY,STATIONARY,STATIONARY,MOVING,STATIONARY,STATIONARY,STATIONARY,STATIONARY,MOVING
40883,1011,1,LEFT_ARM,0.11425579,0.00111387,0.00974895,0.00753140,0.00647072,0.01007439,0.10167668,0.00999757,0.00858536,0.00815830,0.00638987,RELIABLE,RELIABLE,RELIABLE,RELIABLE,RELIABLE,RELIABLE,RELIABLE,RELIABLE,STATIONARY,STATIONARY,STATIONARY,MOVING,STATIONARY,STATIONARY,STATIONARY,STATIONARY,MOVING
40930,1012,1,LEFT_ARM,0.11427034,0.00055694,0.00487385,0.00718253,0.00630257,0.00962072,0.09337464,0.00927040,0.00769078,0.00681994,0.00574913,RELIABLE,RELIABLE,RELIABLE,RELIABLE,RELIABLE,RELIABLE,RELIABLE,RELIABLE,STATIONARY,STATIONARY,STATIONARY,MOVING,STATIONARY,STATIONARY,STATIONARY,STATIONARY,MOVING
40976,1013,1,LEFT_ARM,0.11353644,0.00051317,0.00451989,0.00726782,0.00653872,0.00961002,0.09558502,0.00988599,0.00815189,0.00626048,0.00614660,RELIABLE,RELIABLE,RELIABLE,RELIABLE,RELIABLE,RELIABLE,RELIABLE,RELIABLE,STATIONARY,STATIONARY,STATIONARY,MOVING,STATIONARY,STATIONARY,STATIONARY,STATIONARY,MOVING
41024,1014,1,LEFT_ARM,0.11280114,0.00025659,0.00227468,0.00731203,0.00665837,0.00960608,0.09671134,0.01019774,0.00838575,0.00595683,0.00640166,RELIABLE,RELIABLE,RELIABLE,RELIABLE,RELIABLE,RELIABLE,RELIABLE,RELIABLE,STATIONARY,STATIONARY,STATIONARY,MOVING,STATIONARY,STATIONARY,STATIONARY,STATIONARY,MOVING
41071,1015,1,LEFT_ARM,0.11271393,0.00186507,0.01654694,0.00851436,0.00753836,0.01183094,0.11977223,0.01012994,0.00771193,0.00721793,0.00621712,RELIABLE,RELIABLE,RELIABLE,RELIABLE,RELIABLE,RELIABLE,RELIABLE,RELIABLE,STATIONARY,STATIONARY,STATIONARY,MOVING,STATIONARY,STATIONARY,STATIONARY,STATIONARY,MOVING
41130,1016,1,LEFT_ARM,0.11341535,0.00129492,0.01141752,0.00806610,0.00587062,0.01005747,0.11535380,0.01062116,0.00838346,0.00689700,0.00620011,RELIABLE,RELIABLE,RELIABLE,RELIABLE,RELIABLE,RELIABLE,RELIABLE,RELIABLE,STATIONARY,STATIONARY,STATIONARY,MOVING,STATIONARY,STATIONARY,STATIONARY,STATIONARY,MOVING
41164,1017,1,LEFT_ARM,0.11413878,0.00064746,0.00567258,0.00751280,0.00525316,0.00911891,0.11031161,0.01001718,0.00808217,0.00667526,0.00600854,RELIABLE,RELIABLE,RELIABLE,RELIABLE,RELIABLE,RELIABLE,RELIABLE,RELIABLE,STATIONARY,STATIONARY,STATIONARY,MOVING,STATIONARY,STATIONARY,STATIONARY,STATIONARY,MOVING
41211,1018,1,LEFT_ARM,0.11401173,0.00102888,0.00902433,0.00800984,0.00521256,0.00926025,0.12097279,0.01025244,0.00895560,0.00782226,0.00715775,RELIABLE,RELIABLE,RELIABLE,RELIABLE,RELIABLE,RELIABLE,RELIABLE,RELIABLE,STATIONARY,STATIONARY,STATIONARY,MOVING,STATIONARY,STATIONARY,STATIONARY,STATIONARY,MOVING
41258,1019,1,LEFT_ARM,0.11370545,0.00051444,0.00452432,0.00735676,0.00457374,0.00853417,0.12692755,0.00935294,0.00885790,0.00801967,0.00771493,RELIABLE,RELIABLE,RELIABLE,RELIABLE,RELIABLE,RELIABLE,RELIABLE,RELIABLE,STATIONARY,STATIONARY,STATIONARY,MOVING,STATIONARY,STATIONARY,STATIONARY,STATIONARY,MOVING
41290,1020,1,LEFT_ARM,0.11433885,0.00116883,0.01022252,0.00802535,0.00500072,0.00900433,0.13590253,0.01065613,0.00964310,0.00852802,0.00907517,RELIABLE,RELIABLE,RELIABLE,RELIABLE,RELIABLE,RELIABLE,RELIABLE,RELIABLE,STATIONARY,STATIONARY,STATIONARY,MOVING,STATIONARY,STATIONARY,STATIONARY,STATIONARY,MOVING
41321,1021,1,LEFT_ARM,0.11504989,0.00058442,0.00507967,0.00809532,0.00489094,0.00901916,0.13398742,0.01032130,0.00912258,0.00861515,0.00915070,RELIABLE,RELIABLE,RELIABLE,RELIABLE,RELIABLE,RELIABLE,RELIABLE,RELIABLE,STATIONARY,STATIONARY,STATIONARY,MOVING,STATIONARY,STATIONARY,STATIONARY,STATIONARY,MOVING
41368,1022,1,LEFT_ARM,0.11453832,0.00205454,0.01793757,0.01005318,0.00722018,0.01199370,0.14236890,0.01165468,0.01047553,0.00905032,0.00967808,RELIABLE,RELIABLE,RELIABLE,RELIABLE,RELIABLE,RELIABLE,RELIABLE,RELIABLE,STATIONARY,STATIONARY,STATIONARY,MOVING,STATIONARY,STATIONARY,STATIONARY,STATIONARY,MOVING
41414,1023,1,LEFT_ARM,0.11384918,0.00102727,0.00902308,0.00911270,0.00678331,0.01076862,0.10730226,0.01107401,0.01039996,0.00736201,0.00970958,RELIABLE,RELIABLE,RELIABLE,RELIABLE,RELIABLE,RELIABLE,RELIABLE,RELIABLE,STATIONARY,STATIONARY,STATIONARY,MOVING,STATIONARY,STATIONARY,STATIONARY,STATIONARY,MOVING
41446,1024,1,LEFT_ARM,0.11460272,0.00087659,0.00764893,0.00864162,0.00712543,0.00950964,0.09166996,0.00957769,0.00926517,0.00724615,0.00926469,RELIABLE,RELIABLE,RELIABLE,RELIABLE,RELIABLE,RELIABLE,RELIABLE,RELIABLE,STATIONARY,STATIONARY,STATIONARY,MOVING,STATIONARY,STATIONARY,STATIONARY,STATIONARY,MOVING
41493,1025,1,LEFT_ARM,0.11552965,0.00043829,0.00379378,0.00840677,0.00729459,0.00888370,0.08389275,0.00883363,0.00870047,0.00715051,0.00896676,RELIABLE,RELIABLE,RELIABLE,RELIABLE,RELIABLE,RELIABLE,RELIABLE,RELIABLE,STATIONARY,STATIONARY,STATIONARY,MOVING,STATIONARY,STATIONARY,STATIONARY,STATIONARY,MOVING
41525,1026,1,LEFT_ARM,0.11605746,0.00105920,0.00912650,0.00841955,0.00847640,0.00880216,0.07586395,0.00874625,0.00844908,0.00723341,0.00810353,RELIABLE,RELIABLE,RELIABLE,RELIABLE,RELIABLE,RELIABLE,RELIABLE,RELIABLE,STATIONARY,STATIONARY,STATIONARY,MOVING,STATIONARY,STATIONARY,STATIONARY,STATIONARY,MOVING
41572,1027,1,LEFT_ARM,0.11635627,0.00052960,0.00455153,0.00842295,0.00906467,0.00875872,0.07180674,0.00869978,0.00831958,0.00727980,0.00756544,RELIABLE,RELIABLE,RELIABLE,RELIABLE,RELIABLE,RELIABLE,RELIABLE,RELIABLE,STATIONARY,STATIONARY,STATIONARY,MOVING,STATIONARY,STATIONARY,STATIONARY,STATIONARY,MOVING
41604,1028,1,LEFT_ARM,0.11500145,0.00193406,0.01681771,0.00924735,0.01031317,0.01101504,0.09131087,0.00874667,0.00867883,0.00778119,0.00723455,RELIABLE,RELIABLE,RELIABLE,RELIABLE,RELIABLE,RELIABLE,RELIABLE,RELIABLE,STATIONARY,STATIONARY,STATIONARY,MOVING,STATIONARY,STATIONARY,STATIONARY,STATIONARY,MOVING
41659,1029,1,LEFT_ARM,0.11462183,0.00077595,0.00676964,0.00945859,0.01032572,0.01095337,0.10851550,0.00903249,0.00919364,0.00864420,0.00690247,RELIABLE,RELIABLE,RELIABLE,RELIABLE,RELIABLE,RELIABLE,RELIABLE,RELIABLE,STATIONARY,STATIONARY,STATIONARY,MOVING,STATIONARY,STATIONARY,STATIONARY,STATIONARY,MOVING
41697,1030,1,LEFT_ARM,0.11458268,0.00038797,0.00338598,0.00763964,0.00794621,0.00795376,0.10775850,0.00767044,0.00783434,0.00880464,0.00623935,RELIABLE,RELIABLE,RELIABLE,RELIABLE,RELIABLE,RELIABLE,RELIABLE,RELIABLE,STATIONARY,STATIONARY,STATIONARY,MOVING,STATIONARY,STATIONARY,STATIONARY,STATIONARY,MOVING
41744,1031,1,LEFT_ARM,0.11406642,0.00146115,0.01280963,0.00811296,0.00714520,0.00756753,0.10765258,0.00832057,0.00772612,0.00963786,0.00691733,RELIABLE,RELIABLE,RELIABLE,RELIABLE,RELIABLE,RELIABLE,RELIABLE,RELIABLE,STATIONARY,STATIONARY,STATIONARY,MOVING,STATIONARY,STATIONARY,STATIONARY,STATIONARY,MOVING
41775,1032,1,LEFT_ARM,0.11356151,0.00073057,0.00643329,0.00796101,0.00641600,0.00766634,0.09807422,0.00839781,0.00708060,0.00965050,0.00702223,RELIABLE,RELIABLE,RELIABLE,RELIABLE,RELIABLE,RELIABLE,RELIABLE,RELIABLE,STATIONARY,STATIONARY,STATIONARY,MOVING,STATIONARY,STATIONARY,STATIONARY,STATIONARY,MOVING
41807,1033,1,LEFT_ARM,0.11261778,0.00088789,0.00788406,0.00847229,0.00645953,0.00823861,0.09540585,0.00918412,0.00766179,0.01049305,0.00739026,RELIABLE,RELIABLE,RELIABLE,RELIABLE,RELIABLE,RELIABLE,RELIABLE,RELIABLE,STATIONARY,STATIONARY,STATIONARY,MOVING,STATIONARY,STATIONARY,STATIONARY,STATIONARY,MOVING
41838,1034,1,LEFT_ARM,0.11180610,0.00044394,0.00397065,0.00782781,0.00511799,0.00768600,0.08504549,0.00875987,0.00690161,0.00966729,0.00705188,RELIABLE,RELIABLE,RELIABLE,RELIABLE,RELIABLE,RELIABLE,RELIABLE,RELIABLE,STATIONARY,STATIONARY,STATIONARY,MOVING,STATIONARY,STATIONARY,STATIONARY,STATIONARY,MOVING
41885,1035,1,LEFT_ARM,0.11140986,0.00123232,0.01106115,0.00864151,0.00535128,0.00885505,0.09114506,0.01000709,0.00750281,0.00985889,0.00774942,RELIABLE,RELIABLE,RELIABLE,RELIABLE,RELIABLE,RELIABLE,RELIABLE,RELIABLE,STATIONARY,STATIONARY,STATIONARY,MOVING,STATIONARY,STATIONARY,STATIONARY,STATIONARY,MOVING
41916,1036,1,LEFT_ARM,0.11121798,0.00061616,0.00554012,0.00723182,0.00376811,0.00632984,0.06667527,0.00880924,0.00654650,0.00917889,0.00719511,RELIABLE,RELIABLE,RELIABLE,RELIABLE,RELIABLE,RELIABLE,RELIABLE,RELIABLE,STATIONARY,STATIONARY,STATIONARY,MOVING,STATIONARY,STATIONARY,STATIONARY,STATIONARY,MOVING
41948,1037,1,LEFT_ARM,0.11141747,0.00101626,0.00912124,0.00752576,0.00400620,0.00708386,0.06360775,0.00817577,0.00643188,0.00879985,0.00798159,RELIABLE,RELIABLE,RELIABLE,RELIABLE,RELIABLE,RELIABLE,RELIABLE,RELIABLE,STATIONARY,STATIONARY,STATIONARY,MOVING,STATIONARY,STATIONARY,STATIONARY,STATIONARY,MOVING
41980,1038,1,LEFT_ARM,0.11166522,0.00050813,0.00455050,0.00767133,0.00412441,0.00745941,0.06204834,0.00785808,0.00637325,0.00846327,0.00850218,RELIABLE,RELIABLE,RELIABLE,RELIABLE,RELIABLE,RELIABLE,RELIABLE,RELIABLE,STATIONARY,STATIONARY,STATIONARY,MOVING,STATIONARY,STATIONARY,STATIONARY,STATIONARY,MOVING
42027,1039,1,LEFT_ARM,0.11267097,0.00112364,0.00997275,0.00731672,0.00480535,0.00789822,0.07504942,0.00835555,0.00698850,0.00876820,0.00874387,RELIABLE,RELIABLE,RELIABLE,RELIABLE,RELIABLE,RELIABLE,RELIABLE,RELIABLE,STATIONARY,STATIONARY,STATIONARY,MOVING,STATIONARY,STATIONARY,STATIONARY,STATIONARY,MOVING
42074,1040,1,LEFT_ARM,0.11362010,0.00056182,0.00494472,0.00713065,0.00513973,0.00810784,0.08145735,0.00859158,0.00728806,0.00900363,0.00885367,RELIABLE,RELIABLE,RELIABLE,RELIABLE,RELIABLE,RELIABLE,RELIABLE,RELIABLE,STATIONARY,STATIONARY,STATIONARY,MOVING,STATIONARY,STATIONARY,STATIONARY,STATIONARY,MOVING
42122,1041,1,LEFT_ARM,0.11341198,0.00210505,0.01856108,0.00846527,0.00528789,0.00854059,0.09196255,0.00871781,0.00796190,0.00859021,0.00921742,RELIABLE,RELIABLE,RELIABLE,RELIABLE,RELIABLE,RELIABLE,RELIABLE,RELIABLE,STATIONARY,STATIONARY,STATIONARY,MOVING,STATIONARY,STATIONARY,STATIONARY,STATIONARY,MOVING
42169,1042,1,LEFT_ARM,0.11296897,0.00105252,0.00931693,0.00913356,0.00536137,0.00875643,0.09722978,0.00877924,0.00829827,0.00821090,0.00932697,RELIABLE,RELIABLE,RELIABLE,RELIABLE,RELIABLE,RELIABLE,RELIABLE,RELIABLE,STATIONARY,STATIONARY,STATIONARY,MOVING,STATIONARY,STATIONARY,STATIONARY,STATIONARY,MOVING
42201,1043,1,LEFT_ARM,0.11275719,0.00105731,0.00937686,0.00892302,0.00578225,0.00874472,0.09552801,0.00933429,0.00838490,0.00852774,0.00994573,RELIABLE,RELIABLE,RELIABLE,RELIABLE,RELIABLE,RELIABLE,RELIABLE,RELIABLE,STATIONARY,STATIONARY,STATIONARY,MOVING,STATIONARY,STATIONARY,STATIONARY,STATIONARY,MOVING
42266,1044,1,LEFT_ARM,0.11355672,0.00223784,0.01970681,0.01069386,0.00599053,0.01011923,0.09985300,0.01013651,0.00944700,0.00956201,0.01055201,RELIABLE,RELIABLE,RELIABLE,RELIABLE,RELIABLE,RELIABLE,RELIABLE,RELIABLE,STATIONARY,STATIONARY,STATIONARY,MOVING,STATIONARY,STATIONARY,STATIONARY,STATIONARY,MOVING
42312,1045,1,LEFT_ARM,0.11441047,0.00111892,0.00977987,0.01077619,0.00567662,0.00997487,0.08539085,0.01030981,0.00927682,0.00958600,0.00989535,RELIABLE,RELIABLE,RELIABLE,RELIABLE,RELIABLE,RELIABLE,RELIABLE,RELIABLE,STATIONARY,STATIONARY,STATIONARY,MOVING,STATIONARY,STATIONARY,STATIONARY,STATIONARY,MOVING
42343,1046,1,LEFT_ARM,0.11528176,0.00096279,0.00835164,0.01125133,0.00588799,0.00960034,0.08359578,0.01107187,0.00967559,0.01028115,0.00931248,RELIABLE,RELIABLE,RELIABLE,RELIABLE,RELIABLE,RELIABLE,RELIABLE,RELIABLE,STATIONARY,STATIONARY,STATIONARY,MOVING,STATIONARY,STATIONARY,STATIONARY,STATIONARY,MOVING
42376,1047,1,LEFT_ARM,0.11594375,0.00048140,0.00415198,0.01052374,0.00497368,0.00803796,0.06858539,0.00945623,0.00865059,0.00950205,0.00793466,RELIABLE,RELIABLE,RELIABLE,RELIABLE,RELIABLE,RELIABLE,RELIABLE,RELIABLE,STATIONARY,STATIONARY,STATIONARY,MOVING,STATIONARY,STATIONARY,STATIONARY,STATIONARY,MOVING
42407,1048,1,LEFT_ARM,0.11609475,0.00047744,0.00411250,0.01041971,0.00539842,0.00829579,0.07807678,0.00893663,0.00851969,0.00990043,0.00767115,RELIABLE,RELIABLE,RELIABLE,RELIABLE,RELIABLE,RELIABLE,RELIABLE,RELIABLE,STATIONARY,STATIONARY,STATIONARY,MOVING,STATIONARY,STATIONARY,STATIONARY,STATIONARY,MOVING
42453,1049,1,LEFT_ARM,0.11608113,0.00023872,0.00205649,0.00835664,0.00522571,0.00757606,0.07345201,0.00792398,0.00703058,0.00990525,0.00694603,RELIABLE,RELIABLE,RELIABLE,RELIABLE,RELIABLE,RELIABLE,RELIABLE,RELIABLE,STATIONARY,STATIONARY,STATIONARY,MOVING,STATIONARY,STATIONARY,STATIONARY,STATIONARY,MOVING
42501,1050,1,LEFT_ARM,0.11572229,0.00125493,0.01084433,0.00854756,0.00511243,0.00893204,0.08494177,0.00846102,0.00670709,0.01032174,0.00657816,RELIABLE,RELIABLE,RELIABLE,RELIABLE,RELIABLE,RELIABLE,RELIABLE,RELIABLE,STATIONARY,STATIONARY,STATIONARY,MOVING,STATIONARY,STATIONARY,STATIONARY,STATIONARY,MOVING
42533,1051,1,LEFT_ARM,0.11536764,0.00062747,0.00543883,0.00805531,0.00377001,0.00828862,0.08378644,0.00674897,0.00564820,0.00938785,0.00489886,RELIABLE,RELIABLE,RELIABLE,RELIABLE,RELIABLE,RELIABLE,RELIABLE,RELIABLE,STATIONARY,STATIONARY,STATIONARY,MOVING,STATIONARY,STATIONARY,STATIONARY,STATIONARY,MOVING
42565,1052,1,LEFT_ARM,0.11491374,0.00068726,0.00598069,0.00633954,0.00371460,0.00625584,0.09053245,0.00650729,0.00480842,0.00868021,0.00446359,RELIABLE,RELIABLE,RELIABLE,RELIABLE,RELIABLE,RELIABLE,RELIABLE,RELIABLE,STATIONARY,STATIONARY,STATIONARY,MOVING,STATIONARY,STATIONARY,STATIONARY,STATIONARY,MOVING
42596,1053,1,LEFT_ARM,0.11454866,0.00034363,0.00299988,0.00549204,0.00369068,0.00524795,0.09397167,0.00639500,0.00439621,0.00824527,0.00423264,RELIABLE,RELIABLE,RELIABLE,RELIABLE,RELIABLE,RELIABLE,RELIABLE,RELIABLE,STATIONARY,STATIONARY,STATIONARY,MOVING,STATIONARY,STATIONARY,STATIONARY,STATIONARY,MOVING
42628,1054,1,LEFT_ARM,0.11395260,0.00127711,0.01120740,0.00584901,0.00437178,0.00672999,0.09826121,0.00679506,0.00477472,0.00849943,0.00480037,RELIABLE,RELIABLE,RELIABLE,RELIABLE,RELIABLE,RELIABLE,RELIABLE,RELIABLE,STATIONARY,STATIONARY,STATIONARY,MOVING,STATIONARY,STATIONARY,STATIONARY,STATIONARY,MOVING
42659,1055,1,LEFT_ARM,0.11345305,0.00063856,0.00562838,0.00603356,0.00471659,0.00747551,0.10045587,0.00700148,0.00496938,0.00866709,0.00517688,RELIABLE,RELIABLE,RELIABLE,RELIABLE,RELIABLE,RELIABLE,RELIABLE,RELIABLE,STATIONARY,STATIONARY,STATIONARY,MOVING,STATIONARY,STATIONARY,STATIONARY,STATIONARY,MOVING
42706,1056,1,LEFT_ARM,0.11390263,0.00150791,0.01323862,0.00717433,0.00565811,0.00848126,0.08596895,0.00785530,0.00544117,0.00877639,0.00625945,RELIABLE,RELIABLE,RELIABLE,RELIABLE,RELIABLE,RELIABLE,RELIABLE,RELIABLE,STATIONARY,STATIONARY,STATIONARY,MOVING,STATIONARY,STATIONARY,STATIONARY,STATIONARY,MOVING
42738,1057,1,LEFT_ARM,0.11447720,0.00075396,0.00658609,0.00774053,0.00612390,0.00897880,0.07871330,0.00827866,0.00567434,0.00888415,0.00695444,RELIABLE,RELIABLE,RELIABLE,RELIABLE,RELIABLE,RELIABLE,RELIABLE,RELIABLE,STATIONARY,STATIONARY,STATIONARY,MOVING,STATIONARY,STATIONARY,STATIONARY,STATIONARY,MOVING
42784,1058,1,LEFT_ARM,0.11400538,0.00152263,0.01335575,0.00805445,0.00740739,0.00852662,0.06313063,0.00901298,0.00634312,0.00896055,0.00836973,RELIABLE,RELIABLE,RELIABLE,RELIABLE,RELIABLE,RELIABLE,RELIABLE,RELIABLE,STATIONARY,STATIONARY,STATIONARY,MOVING,STATIONARY,STATIONARY,STATIONARY,STATIONARY,MOVING
42816,1059,1,LEFT_ARM,0.11338991,0.00076131,0.00671412,0.00821386,0.00805289,0.00830165,0.05531884,0.00938353,0.00668000,0.00901037,0.00930366,RELIABLE,RELIABLE,RELIABLE,RELIABLE,RELIABLE,RELIABLE,RELIABLE,RELIABLE,STATIONARY,STATIONARY,STATIONARY,MOVING,STATIONARY,STATIONARY,STATIONARY,STATIONARY,MOVING
42862,1060,1,LEFT_ARM,0.11313005,0.00106487,0.00941278,0.00864288,0.00814428,0.00856151,0.06587990,0.00921102,0.00723832,0.00926100,0.00959632,RELIABLE,RELIABLE,RELIABLE,RELIABLE,RELIABLE,RELIABLE,RELIABLE,RELIABLE,STATIONARY,STATIONARY,STATIONARY,MOVING,STATIONARY,STATIONARY,STATIONARY,STATIONARY,MOVING
42923,1061,1,LEFT_ARM,0.11370324,0.00186087,0.01636598,0.01031364,0.00875667,0.01116150,0.09306028,0.00920643,0.00769673,0.01094120,0.00940819,RELIABLE,RELIABLE,RELIABLE,RELIABLE,RELIABLE,RELIABLE,RELIABLE,RELIABLE,STATIONARY,STATIONARY,STATIONARY,MOVING,STATIONARY,STATIONARY,STATIONARY,STATIONARY,MOVING
42956,1062,1,LEFT_ARM,0.11434593,0.00093043,0.00813700,0.00992984,0.00799957,0.01077168,0.09856574,0.00807124,0.00685609,0.01099317,0.00868991,RELIABLE,RELIABLE,RELIABLE,RELIABLE,RELIABLE,RELIABLE,RELIABLE,RELIABLE,STATIONARY,STATIONARY,STATIONARY,MOVING,STATIONARY,STATIONARY,STATIONARY,STATIONARY,MOVING
43003,1063,1,LEFT_ARM,0.11471789,0.00070504,0.00614587,0.00999452,0.00750598,0.01049011,0.10880329,0.00913311,0.00822299,0.01275368,0.00995971,RELIABLE,RELIABLE,RELIABLE,RELIABLE,RELIABLE,RELIABLE,RELIABLE,RELIABLE,STATIONARY,STATIONARY,STATIONARY,MOVING,STATIONARY,STATIONARY,STATIONARY,STATIONARY,MOVING
43034,1064,1,LEFT_ARM,0.11493013,0.00035252,0.00306726,0.00872310,0.00561302,0.00868381,0.11257387,0.00863256,0.00815467,0.01283029,0.00929047,RELIABLE,RELIABLE,RELIABLE,RELIABLE,RELIABLE,RELIABLE,RELIABLE,RELIABLE,STATIONARY,STATIONARY,STATIONARY,MOVING,STATIONARY,STATIONARY,STATIONARY,STATIONARY,MOVING
43066,1065,1,LEFT_ARM,0.11447120,0.00122067,0.01066360,0.00923279,0.00563789,0.00936624,0.12907861,0.00886824,0.00901200,0.01357144,0.00963784,RELIABLE,RELIABLE,RELIABLE,RELIABLE,RELIABLE,RELIABLE,RELIABLE,RELIABLE,STATIONARY,STATIONARY,STATIONARY,MOVING,STATIONARY,STATIONARY,STATIONARY,STATIONARY,MOVING
43113,1066,1,LEFT_ARM,0.11396648,0.00061034,0.00535541,0.00823275,0.00462752,0.00869390,0.13549748,0.00741960,0.00846697,0.01375575,0.00887738,RELIABLE,RELIABLE,RELIABLE,RELIABLE,RELIABLE,RELIABLE,RELIABLE,RELIABLE,STATIONARY,STATIONARY,STATIONARY,MOVING,STATIONARY,STATIONARY,STATIONARY,STATIONARY,MOVING
43160,1067,1,LEFT_ARM,0.11388402,0.00118065,0.01036708,0.00868937,0.00533905,0.00826676,0.14680803,0.00849662,0.00938814,0.01343816,0.00926574,RELIABLE,RELIABLE,RELIABLE,RELIABLE,RELIABLE,RELIABLE,RELIABLE,RELIABLE,STATIONARY,STATIONARY,STATIONARY,MOVING,STATIONARY,STATIONARY,STATIONARY,STATIONARY,MOVING
43192,1068,1,LEFT_ARM,0.11394275,0.00059032,0.00518087,0.00816038,0.00531126,0.00801002,0.12548300,0.00825183,0.00874890,0.01227087,0.00895159,RELIABLE,RELIABLE,RELIABLE,RELIABLE,RELIABLE,RELIABLE,RELIABLE,RELIABLE,STATIONARY,STATIONARY,STATIONARY,MOVING,STATIONARY,STATIONARY,STATIONARY,STATIONARY,MOVING
43224,1069,1,LEFT_ARM,0.11382866,0.00133432,0.01172214,0.00757990,0.00621916,0.00776156,0.09902660,0.00884401,0.00943673,0.01148575,0.00979325,RELIABLE,RELIABLE,RELIABLE,RELIABLE,RELIABLE,RELIABLE,RELIABLE,RELIABLE,STATIONARY,STATIONARY,STATIONARY,MOVING,STATIONARY,STATIONARY,STATIONARY,STATIONARY,MOVING
43255,1070,1,LEFT_ARM,0.11370356,0.00066716,0.00586752,0.00729622,0.00667679,0.00764621,0.08590412,0.00914283,0.00978400,0.01078569,0.01033415,RELIABLE,RELIABLE,RELIABLE,RELIABLE,RELIABLE,RELIABLE,RELIABLE,RELIABLE,STATIONARY,STATIONARY,STATIONARY,MOVING,STATIONARY,STATIONARY,STATIONARY,STATIONARY,MOVING
43287,1071,1,LEFT_ARM,0.11395461,0.00100656,0.00883298,0.00763211,0.00787941,0.00831077,0.07966868,0.00899344,0.00966635,0.01032258,0.00992063,RELIABLE,RELIABLE,RELIABLE,RELIABLE,RELIABLE,RELIABLE,RELIABLE,RELIABLE,STATIONARY,STATIONARY,STATIONARY,MOVING,STATIONARY,STATIONARY,STATIONARY,STATIONARY,MOVING
43334,1072,1,LEFT_ARM,0.11424652,0.00050328,0.00440520,0.00779935,0.00847914,0.00864200,0.07655312,0.00891830,0.00960696,0.01009940,0.00963546,RELIABLE,RELIABLE,RELIABLE,RELIABLE,RELIABLE,RELIABLE,RELIABLE,RELIABLE,STATIONARY,STATIONARY,STATIONARY,MOVING,STATIONARY,STATIONARY,STATIONARY,STATIONARY,MOVING
43381,1073,1,LEFT_ARM,0.11498709,0.00116220,0.01010724,0.00772981,0.00888025,0.00874535,0.06952603,0.00967809,0.00989932,0.01073685,0.01003605,RELIABLE,RELIABLE,RELIABLE,RELIABLE,RELIABLE,RELIABLE,RELIABLE,RELIABLE,STATIONARY,STATIONARY,STATIONARY,MOVING,STATIONARY,STATIONARY,STATIONARY,STATIONARY,MOVING
43427,1074,1,LEFT_ARM,0.11565661,0.00058110,0.00502436,0.00768843,0.00907455,0.00878792,0.06593727,0.01005102,0.01003755,0.01105847,0.01029716,RELIABLE,RELIABLE,RELIABLE,RELIABLE,RELIABLE,RELIABLE,RELIABLE,RELIABLE,STATIONARY,STATIONARY,STATIONARY,MOVING,STATIONARY,STATIONARY,STATIONARY,STATIONARY,MOVING
43474,1075,1,LEFT_ARM,0.11600031,0.00073360,0.00632413,0.00718306,0.00874529,0.00979968,0.08248726,0.00978948,0.00925644,0.01140265,0.00909022,RELIABLE,RELIABLE,RELIABLE,RELIABLE,RELIABLE,RELIABLE,RELIABLE,RELIABLE,STATIONARY,STATIONARY,STATIONARY,MOVING,STATIONARY,STATIONARY,STATIONARY,STATIONARY,MOVING
43513,1076,1,LEFT_ARM,0.11547916,0.00110929,0.00960596,0.00773619,0.00922163,0.01168104,0.10542883,0.01071606,0.01063228,0.01321028,0.01045401,RELIABLE,RELIABLE,RELIABLE,RELIABLE,RELIABLE,RELIABLE,RELIABLE,RELIABLE,STATIONARY,STATIONARY,STATIONARY,MOVING,STATIONARY,STATIONARY,STATIONARY,STATIONARY,MOVING
43554,1077,1,LEFT_ARM,0.11487278,0.00055464,0.00482833,0.00687447,0.00797344,0.01027690,0.11084374,0.01038596,0.01013781,0.01288188,0.01067782,RELIABLE,RELIABLE,RELIABLE,RELIABLE,RELIABLE,RELIABLE,RELIABLE,RELIABLE,STATIONARY,STATIONARY,STATIONARY,MOVING,STATIONARY,STATIONARY,STATIONARY,STATIONARY,MOVING
43593,1078,1,LEFT_ARM,0.11509362,0.00167054,0.01451460,0.00795535,0.00791389,0.01028162,0.11856169,0.01050204,0.01051017,0.01287042,0.01112460,RELIABLE,RELIABLE,RELIABLE,RELIABLE,RELIABLE,RELIABLE,RELIABLE,RELIABLE,STATIONARY,STATIONARY,STATIONARY,MOVING,STATIONARY,STATIONARY,STATIONARY,STATIONARY,MOVING
43633,1079,1,LEFT_ARM,0.11546699,0.00083527,0.00723383,0.00775546,0.00702124,0.00964263,0.11456295,0.00922489,0.00919574,0.01112468,0.01045651,RELIABLE,RELIABLE,RELIABLE,RELIABLE,RELIABLE,RELIABLE,RELIABLE,RELIABLE,STATIONARY,STATIONARY,STATIONARY,MOVING,STATIONARY,STATIONARY,STATIONARY,STATIONARY,MOVING
43665,1080,1,LEFT_ARM,0.11583494,0.00148996,0.01286283,0.00881266,0.00957335,0.01207615,0.11692209,0.01072578,0.00955385,0.01051032,0.01094847,RELIABLE,RELIABLE,RELIABLE,RELIABLE,RELIABLE,RELIABLE,RELIABLE,RELIABLE,STATIONARY,STATIONARY,STATIONARY,MOVING,STATIONARY,STATIONARY,STATIONARY,STATIONARY,MOVING
43696,1081,1,LEFT_ARM,0.11610994,0.00074498,0.00641618,0.00835128,0.00977791,0.01177122,0.10895381,0.01019367,0.00852052,0.00857144,0.00989392,RELIABLE,RELIABLE,RELIABLE,RELIABLE,RELIABLE,RELIABLE,RELIABLE,RELIABLE,STATIONARY,STATIONARY,STATIONARY,MOVING,STATIONARY,STATIONARY,STATIONARY,STATIONARY,MOVING
43742,1082,1,LEFT_ARM,0.11535542,0.00199132,0.01726245,0.00988104,0.01186498,0.01422009,0.10801301,0.01285378,0.00938273,0.00831709,0.01085924,RELIABLE,RELIABLE,RELIABLE,RELIABLE,RELIABLE,RELIABLE,RELIABLE,RELIABLE,STATIONARY,STATIONARY,STATIONARY,MOVING,STATIONARY,STATIONARY,STATIONARY,STATIONARY,MOVING
43774,1083,1,LEFT_ARM,0.11453456,0.00099566,0.00869308,0.01017716,0.01212408,0.01455286,0.08110650,0.01283785,0.00947309,0.00845966,0.01203220,RELIABLE,RELIABLE,RELIABLE,RELIABLE,RELIABLE,RELIABLE,RELIABLE,RELIABLE,STATIONARY,STATIONARY,STATIONARY,MOVING,STATIONARY,STATIONARY,STATIONARY,STATIONARY,MOVING
43805,1084,1,LEFT_ARM,0.11403228,0.00077974,0.00683789,0.00983115,0.01275423,0.01353506,0.06064635,0.01271193,0.00826159,0.00745961,0.01124627,RELIABLE,RELIABLE,RELIABLE,RELIABLE,RELIABLE,RELIABLE,RELIABLE,RELIABLE,STATIONARY,STATIONARY,STATIONARY,MOVING,STATIONARY,STATIONARY,STATIONARY,STATIONARY,MOVING
43836,1085,1,LEFT_ARM,0.11373814,0.00038987,0.00342779,0.00965608,0.01306850,0.01302208,0.05035032,0.01264619,0.00765138,0.00683933,0.01078319,RELIABLE,RELIABLE,RELIABLE,RELIABLE,RELIABLE,RELIABLE,RELIABLE,RELIABLE,STATIONARY,STATIONARY,STATIONARY,MOVING,STATIONARY,STATIONARY,STATIONARY,STATIONARY,MOVING
43868,1086,1,LEFT_ARM,0.11401494,0.00190418,0.01670112,0.00992940,0.01664619,0.01595767,0.05872613,0.01447972,0.00894267,0.00860419,0.01141119,RELIABLE,RELIABLE,RELIABLE,RELIABLE,RELIABLE,RELIABLE,RELIABLE,RELIABLE,STATIONARY,STATIONARY,STATIONARY,MOVING,STATIONARY,STATIONARY,STATIONARY,STATIONARY,MOVING
43900,1087,1,LEFT_ARM,0.11438543,0.00095209,0.00832351,0.01006561,0.01842924,0.01742071,0.06290044,0.01539351,0.00958622,0.00972403,0.01177615,RELIABLE,RELIABLE,RELIABLE,RELIABLE,RELIABLE,RELIABLE,RELIABLE,RELIABLE,STATIONARY,STATIONARY,STATIONARY,MOVING,STATIONARY,STATIONARY,STATIONARY,STATIONARY,MOVING
43931,1088,1,LEFT_ARM,0.11529123,0.00207833,0.01802681,0.01071110,0.01991054,0.01844020,0.07614632,0.01478422,0.01015964,0.01035093,0.01151411,RELIABLE,RELIABLE,RELIABLE,RELIABLE,RELIABLE,RELIABLE,RELIABLE,RELIABLE,STATIONARY,STATIONARY,STATIONARY,MOVING,STATIONARY,STATIONARY,STATIONARY,STATIONARY,MOVING
43978,1089,1,LEFT_ARM,0.11611022,0.00103917,0.00894983,0.01102781,0.02063844,0.01893919,0.08270513,0.01447627,0.01044128,0.01080832,0.01136788,RELIABLE,RELIABLE,RELIABLE,RELIABLE,RELIABLE,RELIABLE,RELIABLE,RELIABLE,STATIONARY,STATIONARY,STATIONARY,MOVING,STATIONARY,STATIONARY,STATIONARY,STATIONARY,MOVING
44009,1090,1,LEFT_ARM,0.11714935,0.00264019,0.02253698,0.01168713,0.02412886,0.02217787,0.09596116,0.01335979,0.01221767,0.01124069,0.01053319,RELIABLE,RELIABLE,RELIABLE,RELIABLE,RELIABLE,RELIABLE,RELIABLE,RELIABLE,STATIONARY,STATIONARY,STATIONARY,MOVING,STATIONARY,STATIONARY,STATIONARY,STATIONARY,MOVING
44041,1091,1,LEFT_ARM,0.11802983,0.00132010,0.01118443,0.01199854,0.02584071,0.02376057,0.10250416,0.01278011,0.01308682,0.01147984,0.00988502,RELIABLE,RELIABLE,RELIABLE,RELIABLE,RELIABLE,RELIABLE,RELIABLE,RELIABLE,STATIONARY,STATIONARY,STATIONARY,MOVING,STATIONARY,STATIONARY,STATIONARY,STATIONARY,MOVING
44072,1092,1,LEFT_ARM,0.11869456,0.00397484,0.03348801,0.01532981,0.03337008,0.03130233,0.10722187,0.01392476,0.01667002,0.01394703,0.01020133,RELIABLE,RELIABLE,RELIABLE,RELIABLE,RELIABLE,RELIABLE,RELIABLE,RELIABLE,STATIONARY,STATIONARY,STATIONARY,MOVING,STATIONARY,STATIONARY,STATIONARY,STATIONARY,MOVING
44103,1093,1,LEFT_ARM,0.11919334,0.00198742,0.01667394,0.01698558,0.03711278,0.03505392,0.10954079,0.01448853,0.01845095,0.01544828,0.01028798,RELIABLE,RELIABLE,RELIABLE,RELIABLE,RELIABLE,RELIABLE,RELIABLE,RELIABLE,STATIONARY,STATIONARY,STATIONARY,MOVING,STATIONARY,STATIONARY,STATIONARY,STATIONARY,MOVING
44150,1094,1,LEFT_ARM,0.11944278,0.00402809,0.03372402,0.01911344,0.04184874,0.04039901,0.10080097,0.01456970,0.01947652,0.01511316,0.01113962,RELIABLE,RELIABLE,RELIABLE,RELIABLE,RELIABLE,RELIABLE,RELIABLE,RELIABLE,STATIONARY,STATIONARY,STATIONARY,MOVING,STATIONARY,STATIONARY,STATIONARY,STATIONARY,MOVING
44181,1095,1,LEFT_ARM,0.11961649,0.00201405,0.01683752,0.02017769,0.04421725,0.04307139,0.09645595,0.01461255,0.01999076,0.01493032,0.01184147,RELIABLE,RELIABLE,RELIABLE,RELIABLE,RELIABLE,RELIABLE,RELIABLE,RELIABLE,STATIONARY,STATIONARY,STATIONARY,MOVING,STATIONARY,STATIONARY,STATIONARY,STATIONARY,MOVING
44228,1096,1,LEFT_ARM,0.12057949,0.00485237,0.04024211,0.02295460,0.05176191,0.05164212,0.09381869,0.01791449,0.02399096,0.01580557,0.01388486,RELIABLE,RELIABLE,RELIABLE,RELIABLE,RELIABLE,RELIABLE,RELIABLE,RELIABLE,STATIONARY,STATIONARY,STATIONARY,MOVING,STATIONARY,STATIONARY,STATIONARY,STATIONARY,MOVING
44274,1097,1,LEFT_ARM,0.12154418,0.00242619,0.01996135,0.02433105,0.05550223,0.05589168,0.09250139,0.01955160,0.02597436,0.01620854,0.01513697,RELIABLE,RELIABLE,RELIABLE,RELIABLE,RELIABLE,RELIABLE,RELIABLE,RELIABLE,STATIONARY,STATIONARY,STATIONARY,MOVING,STATIONARY,STATIONARY,STATIONARY,STATIONARY,MOVING
44306,1098,1,LEFT_ARM,0.12298685,0.00620931,0.05048761,0.02782487,0.06364482,0.06473540,0.08475024,0.02195683,0.02772179,0.01632550,0.01615491,RELIABLE,RELIABLE,RELIABLE,RELIABLE,RELIABLE,RELIABLE,RELIABLE,RELIABLE,STATIONARY,STATIONARY,STATIONARY,MOVING,STATIONARY,STATIONARY,STATIONARY,STATIONARY,MOVING
44338,1099,1,LEFT_ARM,0.12422037,0.00310466,0.02499313,0.02955096,0.06766793,0.06910521,0.08089078,0.02314456,0.02858253,0.01627019,0.01679559,RELIABLE,RELIABLE,RELIABLE,RELIABLE,RELIABLE,RELIABLE,RELIABLE,RELIABLE,STATIONARY,STATIONARY,STATIONARY,MOVING,STATIONARY,STATIONARY,STATIONARY,STATIONARY,MOVING
44384,1100,1,LEFT_ARM,0.12515237,0.01047416,0.08369126,0.03582637,0.08374833,0.08745139,0.08158614,0.03211086,0.03181319,0.01556177,0.01856113,RELIABLE,RELIABLE,RELIABLE,RELIABLE,RELIABLE,RELIABLE,RELIABLE,RELIABLE,MOVING,STATIONARY,STATIONARY,MOVING,STATIONARY,STATIONARY,STATIONARY,STATIONARY,MOVING
44458,1101,1,LEFT_ARM,0.12583587,0.00737138,0.05857931,0.04106454,0.09837412,0.10301896,0.08273742,0.04467323,0.03662243,0.01712481,0.02304891,RELIABLE,RELIABLE,RELIABLE,RELIABLE,RELIABLE,RELIABLE,RELIABLE,RELIABLE,MOVING,STATIONARY,STATIONARY,MOVING,STATIONARY,STATIONARY,STATIONARY,STATIONARY,MOVING
47607,1174,1,HEAD,0.11931616,0.00109964,0.00921618,0.01886287,0.03097178,0.03262646,0.02899850,0.01474974,0.01509319,0.00667096,0.02901031,RELIABLE,RELIABLE,RELIABLE,RELIABLE,RELIABLE,RELIABLE,RELIABLE,RELIABLE,STATIONARY,STATIONARY,STATIONARY,STATIONARY,STATIONARY,STATIONARY,STATIONARY,STATIONARY,STATIONARY
47649,1175,1,HEAD,0.11982939,0.00054982,0.00458835,0.01589079,0.02773894,0.03088967,0.02502845,0.01112041,0.01256712,0.00629757,0.02567769,RELIABLE,RELIABLE,RELIABLE,RELIABLE,RELIABLE,RELIABLE,RELIABLE,RELIABLE,STATIONARY,STATIONARY,STATIONARY,STATIONARY,STATIONARY,STATIONARY,STATIONARY,STATIONARY,STATIONARY
47681,1176,1,HEAD,0.11930242,0.00229115,0.01920455,0.01523157,0.02614976,0.02889402,0.02410333,0.00957415,0.01227345,0.00718779,0.01990324,RELIABLE,RELIABLE,RELIABLE,RELIABLE,RELIABLE,RELIABLE,RELIABLE,RELIABLE,STATIONARY,STATIONARY,STATIONARY,STATIONARY,STATIONARY,STATIONARY,STATIONARY,STATIONARY,STATIONARY
47727,1177,1,HEAD,0.11864827,0.00114557,0.00965522,0.01236012,0.02079077,0.02164335,0.01784308,0.00811864,0.01034047,0.00660367,0.01651957,RELIABLE,RELIABLE,RELIABLE,RELIABLE,RELIABLE,RELIABLE,RELIABLE,RELIABLE,STATIONARY,STATIONARY,STATIONARY,STATIONARY,STATIONARY,STATIONARY,STATIONARY,STATIONARY,STATIONARY
47775,1178,1,HEAD,0.11910131,0.00211336,0.01774420,0.01252765,0.02246340,0.02286967,0.01604111,0.00855174,0.01041786,0.00701937,0.01471993,RELIABLE,RELIABLE,RELIABLE,RELIABLE,RELIABLE,RELIABLE,RELIABLE,RELIABLE,STATIONARY,STATIONARY,STATIONARY,STATIONARY,STATIONARY,STATIONARY,STATIONARY,STATIONARY,STATIONARY
47806,1179,1,HEAD,0.11972154,0.00105668,0.00882614,0.01185612,0.02203843,0.02298216,0.01431064,0.00745694,0.00926166,0.00675662,0.01251549,RELIABLE,RELIABLE,RELIABLE,RELIABLE,RELIABLE,RELIABLE,RELIABLE,RELIABLE,STATIONARY,STATIONARY,STATIONARY,STATIONARY,STATIONARY,STATIONARY,STATIONARY,STATIONARY,STATIONARY
47838,1180,1,HEAD,0.11875537,0.00453304,0.03817120,0.01574387,0.02816242,0.03189415,0.01897443,0.00874773,0.01046966,0.00790587,0.01209465,RELIABLE,RELIABLE,RELIABLE,RELIABLE,RELIABLE,RELIABLE,RELIABLE,RELIABLE,STATIONARY,STATIONARY,STATIONARY,STATIONARY,STATIONARY,STATIONARY,STATIONARY,STATIONARY,STATIONARY
47870,1181,1,HEAD,0.11793668,0.00356795,0.03025307,0.01720736,0.03382478,0.03522648,0.01935201,0.01006843,0.01180800,0.00884477,0.01013431,RELIABLE,RELIABLE,RELIABLE,RELIABLE,RELIABLE,RELIABLE,RELIABLE,RELIABLE,STATIONARY,STATIONARY,STATIONARY,STATIONARY,STATIONARY,STATIONARY,STATIONARY,STATIONARY,STATIONARY
47917,1182,1,HEAD,0.11736189,0.00178397,0.01520062,0.01795542,0.03668831,0.03692372,0.01956355,0.01073995,0.01248895,0.00948754,0.00885396,RELIABLE,RELIABLE,RELIABLE,RELIABLE,RELIABLE,RELIABLE,RELIABLE,RELIABLE,STATIONARY,STATIONARY,STATIONARY,STATIONARY,STATIONARY,STATIONARY,STATIONARY,STATIONARY,STATIONARY
47948,1183,1,HEAD,0.11689373,0.00469946,0.04020287,0.02240723,0.04952137,0.04858599,0.02414540,0.01649792,0.01589934,0.01145270,0.00914406,RELIABLE,RELIABLE,RELIABLE,RELIABLE,RELIABLE,RELIABLE,RELIABLE,RELIABLE,STATIONARY,STATIONARY,STATIONARY,STATIONARY,STATIONARY,STATIONARY,STATIONARY,STATIONARY,STATIONARY
47981,1184,1,HEAD,0.11657486,0.00234973,0.02015642,0.02252622,0.05208682,0.05121896,0.02479299,0.01835293,0.01566496,0.01142662,0.00924834,RELIABLE,RELIABLE,RELIABLE,RELIABLE,RELIABLE,RELIABLE,RELIABLE,RELIABLE,STATIONARY,STATIONARY,STATIONARY,STATIONARY,STATIONARY,STATIONARY,STATIONARY,STATIONARY,STATIONARY
48012,1185,1,HEAD,0.11731075,0.00670609,0.05716516,0.02846496,0.06638538,0.06646152,0.02740311,0.02666856,0.01829665,0.01214903,0.01072333,RELIABLE,RELIABLE,RELIABLE,RELIABLE,RELIABLE,RELIABLE,RELIABLE,RELIABLE,STATIONARY,STATIONARY,STATIONARY,STATIONARY,STATIONARY,STATIONARY,STATIONARY,STATIONARY,STATIONARY
48059,1186,1,HEAD,0.11847412,0.00799684,0.06749863,0.03468426,0.08136276,0.08155003,0.03585247,0.03679376,0.02268087,0.01319339,0.01233708,RELIABLE,RELIABLE,RELIABLE,RELIABLE,RELIABLE,RELIABLE,RELIABLE,RELIABLE,STATIONARY,STATIONARY,STATIONARY,STATIONARY,STATIONARY,STATIONARY,STATIONARY,STATIONARY,STATIONARY
48107,1187,1,HEAD,0.11937685,0.00967677,0.08106071,0.04371359,0.09985505,0.10100266,0.04762311,0.04548801,0.02843898,0.01468644,0.01308237,RELIABLE,RELIABLE,RELIABLE,RELIABLE,RELIABLE,RELIABLE,RELIABLE,RELIABLE,MOVING,STATIONARY,STATIONARY,STATIONARY,STATIONARY,STATIONARY,STATIONARY,STATIONARY,MOVING
48152,1188,1,HEAD,0.12005000,0.00483839,0.04030309,0.04398007,0.10271189,0.10181644,0.04794939,0.04797436,0.02951768,0.01438232,0.01248492,RELIABLE,RELIABLE,RELIABLE,RELIABLE,RELIABLE,RELIABLE,RELIABLE,RELIABLE,MOVING,MOVING,MOVING,STATIONARY,STATIONARY,STATIONARY,STATIONARY,STATIONARY,MOVING
48184,1189,1,HEAD,0.12059574,0.00538064,0.04461719,0.04577559,0.10730735,0.10749059,0.05218094,0.05276991,0.03232838,0.01442932,0.01306959,RELIABLE,RELIABLE,RELIABLE,RELIABLE,RELIABLE,RELIABLE,RELIABLE,RELIABLE,MOVING,MOVING,MOVING,STATIONARY,MOVING,STATIONARY,STATIONARY,STATIONARY,MOVING
48234,1190,1,HEAD,0.12009019,0.00642079,0.05346641,0.05055881,0.11966484,0.12036418,0.05794181,0.06051287,0.03738938,0.01746438,0.01587091,RELIABLE,RELIABLE,RELIABLE,RELIABLE,RELIABLE,RELIABLE,RELIABLE,RELIABLE,MOVING,MOVING,MOVING,STATIONARY,MOVING,STATIONARY,STATIONARY,STATIONARY,MOVING
48279,1191,1,HEAD,0.11945217,0.00321040,0.02687600,0.04889295,0.11449100,0.11603621,0.05637161,0.05898808,0.03686900,0.01774569,0.01640096,RELIABLE,RELIABLE,RELIABLE,RELIABLE,RELIABLE,RELIABLE,RELIABLE,RELIABLE,MOVING,MOVING,MOVING,MOVING,MOVING,STATIONARY,STATIONARY,STATIONARY,MOVING
48311,1192,1,HEAD,0.11916942,0.00398485,0.03343856,0.05055322,0.11733171,0.11947802,0.05892960,0.06112745,0.03747739,0.01780607,0.01687386,RELIABLE,RELIABLE,RELIABLE,RELIABLE,RELIABLE,RELIABLE,RELIABLE,RELIABLE,MOVING,MOVING,MOVING,MOVING,MOVING,MOVING,STATIONARY,STATIONARY,MOVING
48357,1193,1,HEAD,0.11905166,0.00199243,0.01673582,0.04549955,0.10572921,0.10726740,0.05791900,0.05480825,0.03502805,0.01706607,0.01589570,RELIABLE,RELIABLE,RELIABLE,RELIABLE,RELIABLE,RELIABLE,RELIABLE,RELIABLE,MOVING,MOVING,MOVING,MOVING,MOVING,MOVING,STATIONARY,STATIONARY,MOVING
48404,1194,1,HEAD,0.11884865,0.00340524,0.02865191,0.04064371,0.09252901,0.09334750,0.05427445,0.04820569,0.03360672,0.01664568,0.01690953,RELIABLE,RELIABLE,RELIABLE,RELIABLE,RELIABLE,RELIABLE,RELIABLE,RELIABLE,MOVING,MOVING,MOVING,MOVING,MOVING,MOVING,STATIONARY,STATIONARY,MOVING
48450,1195,1,HEAD,0.11903040,0.00289030,0.02428204,0.03354638,0.07782596,0.07677190,0.04622633,0.04312685,0.02863912,0.01538320,0.01706378,RELIABLE,RELIABLE,RELIABLE,RELIABLE,RELIABLE,RELIABLE,RELIABLE,RELIABLE,MOVING,MOVING,MOVING,MOVING,MOVING,MOVING,STATIONARY,STATIONARY,MOVING
48506,1196,1,HEAD,0.11889951,0.00303445,0.02552113,0.03169863,0.07305263,0.07061285,0.04461855,0.04168980,0.02813734,0.01620008,0.01826550,RELIABLE,RELIABLE,RELIABLE,RELIABLE,RELIABLE,RELIABLE,RELIABLE,RELIABLE,MOVING,MOVING,MOVING,MOVING,MOVING,MOVING,STATIONARY,STATIONARY,MOVING
48544,1197,1,HEAD,0.11873962,0.00151722,0.01277775,0.02771870,0.06231571,0.05991050,0.03839221,0.03575337,0.02381817,0.01598995,0.01752357,RELIABLE,RELIABLE,RELIABLE,RELIABLE,RELIABLE,RELIABLE,RELIABLE,RELIABLE,MOVING,MOVING,MOVING,MOVING,MOVING,MOVING,STATIONARY,STATIONARY,MOVING
48576,1198,1,HEAD,0.11810426,0.00472609,0.04001629,0.02603744,0.05334187,0.05078212,0.03599311,0.02847126,0.01922345,0.01309946,0.01524308,RELIABLE,RELIABLE,RELIABLE,RELIABLE,RELIABLE,RELIABLE,RELIABLE,RELIABLE,MOVING,MOVING,MOVING,MOVING,MOVING,MOVING,STATIONARY,STATIONARY,MOVING
48633,1199,1,HEAD,0.11733335,0.00781744,0.06662590,0.03100617,0.05954779,0.05555011,0.04038642,0.02754286,0.02110634,0.01501826,0.01626406,RELIABLE,RELIABLE,RELIABLE,RELIABLE,RELIABLE,RELIABLE,RELIABLE,RELIABLE,MOVING,MOVING,MOVING,MOVING,MOVING,MOVING,STATIONARY,STATIONARY,MOVING
48671,1200,1,HEAD,0.11681697,0.00390872,0.03346021,0.03100888,0.05723692,0.05233999,0.03925092,0.02417662,0.02118542,0.01622250,0.01654215,RELIABLE,RELIABLE,RELIABLE,RELIABLE,RELIABLE,RELIABLE,RELIABLE,RELIABLE,MOVING,MOVING,MOVING,MOVING,MOVING,MOVING,STATIONARY,STATIONARY,MOVING
48703,1201,1,HEAD,0.11658354,0.00576610,0.04945892,0.03509927,0.06114708,0.06011258,0.04194657,0.02369287,0.02340747,0.01998924,0.01688291,RELIABLE,RELIABLE,RELIABLE,RELIABLE,RELIABLE,RELIABLE,RELIABLE,RELIABLE,MOVING,MOVING,MOVING,MOVING,MOVING,MOVING,STATIONARY,STATIONARY,MOVING
48749,1202,1,HEAD,0.11652877,0.00288305,0.02474109,0.03461041,0.05830210,0.05947223,0.03794210,0.01976049,0.02059538,0.02083236,0.01422776,RELIABLE,RELIABLE,RELIABLE,RELIABLE,RELIABLE,RELIABLE,RELIABLE,RELIABLE,MOVING,MOVING,MOVING,STATIONARY,MOVING,STATIONARY,STATIONARY,STATIONARY,MOVING
48796,1203,1,HEAD,0.11687878,0.00438273,0.03749808,0.03626242,0.06018177,0.06358566,0.03953886,0.01840694,0.02119515,0.02249062,0.01356683,RELIABLE,RELIABLE,RELIABLE,RELIABLE,RELIABLE,RELIABLE,RELIABLE,RELIABLE,MOVING,MOVING,STATIONARY,STATIONARY,STATIONARY,STATIONARY,STATIONARY,STATIONARY,MOVING
48828,1204,1,HEAD,0.11728287,0.00219136,0.01868444,0.03540783,0.05858842,0.06355924,0.03794582,0.01664908,0.01952762,0.02189365,0.01209837,RELIABLE,RELIABLE,RELIABLE,RELIABLE,RELIABLE,RELIABLE,RELIABLE,RELIABLE,MOVING,STATIONARY,STATIONARY,STATIONARY,STATIONARY,STATIONARY,STATIONARY,STATIONARY,MOVING
48874,1205,1,HEAD,0.11917302,0.00244217,0.02049264,0.03637220,0.05932675,0.06452359,0.04033442,0.01791196,0.02074499,0.02272107,0.01265541,RELIABLE,RELIABLE,RELIABLE,RELIABLE,RELIABLE,RELIABLE,RELIABLE,RELIABLE,MOVING,STATIONARY,STATIONARY,STATIONARY,STATIONARY,STATIONARY,STATIONARY,STATIONARY,MOVING
48906,1206,1,HEAD,0.12099160,0.00122108,0.01009231,0.03263170,0.05319216,0.05870220,0.03712321,0.01748362,0.02010658,0.02292327,0.01237498,RELIABLE,RELIABLE,RELIABLE,RELIABLE,RELIABLE,RELIABLE,RELIABLE,RELIABLE,MOVING,STATIONARY,STATIONARY,STATIONARY,STATIONARY,STATIONARY,STATIONARY,STATIONARY,MOVING
48938,1207,1,HEAD,0.12156568,0.00158158,0.01301010,0.02592972,0.04087596,0.04834091,0.03002307,0.01497785,0.01609138,0.02013365,0.01025824,RELIABLE,RELIABLE,RELIABLE,RELIABLE,RELIABLE,RELIABLE,RELIABLE,RELIABLE,MOVING,STATIONARY,STATIONARY,STATIONARY,STATIONARY,STATIONARY,STATIONARY,STATIONARY,MOVING
48969,1208,1,HEAD,0.12168772,0.00079079,0.00649853,0.02255951,0.03468418,0.04312985,0.02645382,0.01371629,0.01407182,0.01843599,0.00907536,RELIABLE,RELIABLE,RELIABLE,RELIABLE,RELIABLE,RELIABLE,RELIABLE,RELIABLE,MOVING,STATIONARY,STATIONARY,STATIONARY,STATIONARY,STATIONARY,STATIONARY,STATIONARY,MOVING
49001,1209,1,HEAD,0.12166689,0.00039540,0.00324982,0.01678337,0.02651801,0.03114193,0.02140319,0.01188362,0.01087833,0.01436603,0.00807712,RELIABLE,RELIABLE,RELIABLE,RELIABLE,RELIABLE,RELIABLE,RELIABLE,RELIABLE,MOVING,STATIONARY,STATIONARY,STATIONARY,STATIONARY,STATIONARY,STATIONARY,STATIONARY,MOVING
49048,1210,1,HEAD,0.12165763,0.00113291,0.00931225,0.01485477,0.02370103,0.02707679,0.02021512,0.01272226,0.01024878,0.01336441,0.00796994,RELIABLE,RELIABLE,RELIABLE,RELIABLE,RELIABLE,RELIABLE,RELIABLE,RELIABLE,MOVING,STATIONARY,STATIONARY,STATIONARY,STATIONARY,STATIONARY,STATIONARY,STATIONARY,MOVING
49080,1211,1,HEAD,0.12081265,0.00144851,0.01198968,0.01166622,0.01788346,0.01902952,0.01464925,0.01145940,0.00926901,0.01169255,0.00766781,RELIABLE,RELIABLE,RELIABLE,RELIABLE,RELIABLE,RELIABLE,RELIABLE,RELIABLE,MOVING,STATIONARY,STATIONARY,STATIONARY,STATIONARY,STATIONARY,STATIONARY,STATIONARY,MOVING
49112,1212,1,HEAD,0.11997496,0.00072425,0.00603670,0.01008525,0.01499805,0.01502933,0.01187952,0.01083917,0.00878708,0.01065850,0.00745734,RELIABLE,RELIABLE,RELIABLE,RELIABLE,RELIABLE,RELIABLE,RELIABLE,RELIABLE,MOVING,STATIONARY,STATIONARY,STATIONARY,STATIONARY,STATIONARY,STATIONARY,STATIONARY,MOVING
49143,1213,1,HEAD,0.11858769,0.00266068,0.02243638,0.01032822,0.01568853,0.01665195,0.00981711,0.00984578,0.00839467,0.01042956,0.00789909,RELIABLE,RELIABLE,RELIABLE,RELIABLE,RELIABLE,RELIABLE,RELIABLE,RELIABLE,MOVING,STATIONARY,STATIONARY,STATIONARY,STATIONARY,STATIONARY,STATIONARY,STATIONARY,MOVING
49190,1214,1,HEAD,0.11742856,0.00133034,0.01132893,0.01048280,0.01608233,0.01751414,0.00883483,0.00938016,0.00822885,0.01030935,0.00817206,RELIABLE,RELIABLE,RELIABLE,RELIABLE,RELIABLE,RELIABLE,RELIABLE,RELIABLE,STATIONARY,STATIONARY,STATIONARY,STATIONARY,STATIONARY,STATIONARY,STATIONARY,STATIONARY,STATIONARY
49221,1215,1,HEAD,0.11635529,0.00249898,0.02147716,0.01154118,0.01792278,0.02061395,0.01025206,0.01027424,0.00912866,0.01119015,0.00875656,RELIABLE,RELIABLE,RELIABLE,RELIABLE,RELIABLE,RELIABLE,RELIABLE,RELIABLE,STATIONARY,STATIONARY,STATIONARY,STATIONARY,STATIONARY,STATIONARY,STATIONARY,STATIONARY,STATIONARY
49254,1216,1,HEAD,0.11559060,0.00124949,0.01080962,0.01208007,0.01885817,0.02218468,0.01097027,0.01072864,0.00958589,0.01180654,0.00915631,RELIABLE,RELIABLE,RELIABLE,RELIABLE,RELIABLE,RELIABLE,RELIABLE,RELIABLE,STATIONARY,STATIONARY,STATIONARY,STATIONARY,STATIONARY,STATIONARY,STATIONARY,STATIONARY,STATIONARY
49301,1217,1,HEAD,0.11493555,0.00369802,0.03217475,0.01569568,0.02589321,0.02908207,0.01482854,0.01267259,0.01219280,0.01208044,0.01042920,RELIABLE,RELIABLE,RELIABLE,RELIABLE,RELIABLE,RELIABLE,RELIABLE,RELIABLE,STATIONARY,STATIONARY,STATIONARY,STATIONARY,STATIONARY,STATIONARY,STATIONARY,STATIONARY,STATIONARY
49332,1218,1,HEAD,0.11455715,0.00184901,0.01614051,0.01654922,0.02815516,0.03061150,0.01542609,0.01189278,0.01253302,0.01079819,0.01064230,RELIABLE,RELIABLE,RELIABLE,RELIABLE,RELIABLE,RELIABLE,RELIABLE,RELIABLE,STATIONARY,STATIONARY,STATIONARY,STATIONARY,STATIONARY,STATIONARY,STATIONARY,STATIONARY,STATIONARY
49363,1219,1,HEAD,0.11417722,0.00509751,0.04464562,0.02063121,0.03433809,0.03858605,0.01705124,0.01492096,0.01371485,0.01082893,0.01195525,RELIABLE,RELIABLE,RELIABLE,RELIABLE,RELIABLE,RELIABLE,RELIABLE,RELIABLE,STATIONARY,STATIONARY,STATIONARY,STATIONARY,STATIONARY,STATIONARY,STATIONARY,STATIONARY,STATIONARY
49409,1220,1,HEAD,0.11393203,0.00254876,0.02237085,0.02267298,0.03743002,0.04257747,0.01786389,0.01643413,0.01430413,0.01077465,0.01277618,RELIABLE,RELIABLE,RELIABLE,RELIABLE,RELIABLE,RELIABLE,RELIABLE,RELIABLE,STATIONARY,STATIONARY,STATIONARY,STATIONARY,STATIONARY,STATIONARY,STATIONARY,STATIONARY,STATIONARY
49441,1221,1,HEAD,0.11288475,0.01154170,0.10224319,0.03264883,0.05215336,0.05722067,0.02338607,0.02364492,0.01850951,0.01194913,0.01378004,RELIABLE,RELIABLE,RELIABLE,RELIABLE,RELIABLE,RELIABLE,RELIABLE,RELIABLE,STATIONARY,STATIONARY,STATIONARY,STATIONARY,STATIONARY,STATIONARY,STATIONARY,STATIONARY,STATIONARY
49498,1222,1,HEAD,0.17706853,0.01022565,0.05774966,0.03845142,0.06105872,0.06818390,0.09184638,0.08335569,0.04113695,0.02388296,0.02361777,RELIABLE,RELIABLE,RELIABLE,RELIABLE,RELIABLE,RELIABLE,RELIABLE,RELIABLE,STATIONARY,STATIONARY,STATIONARY,STATIONARY,STATIONARY,STATIONARY,STATIONARY,STATIONARY,STATIONARY
49535,1223,1,HEAD,0.21160030,0.00511282,0.02416265,0.03878711,0.06147427,0.06796747,0.11835185,0.10668841,0.04902918,0.02816294,0.02781017,RELIABLE,RELIABLE,RELIABLE,RELIABLE,RELIABLE,RELIABLE,RELIABLE,RELIABLE,MOVING,STATIONARY,STATIONARY,STATIONARY,STATIONARY,STATIONARY,STATIONARY,STATIONARY,MOVING
49566,1224,1,HEAD,0.22092218,0.00712965,0.03227220,0.04146993,0.06664223,0.07063211,0.15899105,0.14421180,0.06172987,0.03025817,0.03184576,RELIABLE,RELIABLE,RELIABLE,RELIABLE,RELIABLE,RELIABLE,RELIABLE,RELIABLE,MOVING,STATIONARY,STATIONARY,MOVING,MOVING,MOVING,STATIONARY,STATIONARY,MOVING
49613,1225,1,HEAD,0.14896228,0.00356482,0.02393104,0.04043946,0.06442033,0.06720995,0.18595625,0.17056935,0.06901766,0.03262687,0.03470275,RELIABLE,RELIABLE,RELIABLE,RELIABLE,RELIABLE,RELIABLE,RELIABLE,RELIABLE,MOVING,STATIONARY,STATIONARY,MOVING,MOVING,MOVING,STATIONARY,STATIONARY,MOVING
49644,1226,1,HEAD,0.12304538,0.00459751,0.03736436,0.04309245,0.06881535,0.06948646,0.20200521,0.18812365,0.07579202,0.03575345,0.04146452,RELIABLE,RELIABLE,RELIABLE,RELIABLE,RELIABLE,RELIABLE,RELIABLE,RELIABLE,MOVING,STATIONARY,STATIONARY,MOVING,MOVING,MOVING,STATIONARY,STATIONARY,MOVING
49693,1227,1,HEAD,0.11518015,0.00229876,0.01995792,0.04000648,0.06446204,0.06292605,0.20938047,0.19333957,0.07780253,0.03702169,0.04499820,RELIABLE,RELIABLE,RELIABLE,RELIABLE,RELIABLE,RELIABLE,RELIABLE,RELIABLE,MOVING,STATIONARY,STATIONARY,MOVING,MOVING,MOVING,STATIONARY,STATIONARY,MOVING
49739,1228,1,HEAD,0.11450466,0.00180557,0.01576853,0.03918119,0.06387817,0.06161512,0.21280458,0.19914125,0.07968511,0.03881821,0.04789633,RELIABLE,RELIABLE,RELIABLE,RELIABLE,RELIABLE,RELIABLE,RELIABLE,RELIABLE,MOVING,STATIONARY,STATIONARY,MOVING,MOVING,MOVING,STATIONARY,STATIONARY,MOVING
49786,1229,1,HEAD,0.11580438,0.00090279,0.00779578,0.02737527,0.04671548,0.04368834,0.20686430,0.19408123,0.07479685,0.03716514,0.04729545,RELIABLE,RELIABLE,RELIABLE,RELIABLE,RELIABLE,RELIABLE,RELIABLE,RELIABLE,MOVING,STATIONARY,STATIONARY,MOVING,MOVING,MOVING,STATIONARY,STATIONARY,MOVING
49833,1230,1,HEAD,0.11516959,0.00242140,0.02102467,0.02278464,0.03645660,0.03269854,0.14048572,0.13678711,0.05409748,0.02836164,0.03998288,RELIABLE,RELIABLE,RELIABLE,RELIABLE,RELIABLE,RELIABLE,RELIABLE,RELIABLE,MOVING,STATIONARY,STATIONARY,MOVING,MOVING,MOVING,STATIONARY,STATIONARY,MOVING
49880,1231,1,HEAD,0.11421130,0.00121070,0.01060054,0.02108938,0.03223515,0.02831754,0.11300760,0.11310454,0.04569768,0.02426700,0.03661274,RELIABLE,RELIABLE,RELIABLE,RELIABLE,RELIABLE,RELIABLE,RELIABLE,RELIABLE,MOVING,STATIONARY,STATIONARY,MOVING,MOVING,MOVING,STATIONARY,STATIONARY,MOVING
49926,1232,1,HEAD,0.11401010,0.00464426,0.04073549,0.02214729,0.03536698,0.03405726,0.07540361,0.07931973,0.03516201,0.02230795,0.03304071,RELIABLE,RELIABLE,RELIABLE,RELIABLE,RELIABLE,RELIABLE,RELIABLE,RELIABLE,MOVING,STATIONARY,STATIONARY,MOVING,MOVING,MOVING,STATIONARY,STATIONARY,MOVING
49961,1233,1,HEAD,0.11349738,0.00660354,0.05818234,0.02642870,0.04285605,0.04462776,0.04972304,0.05656989,0.02970584,0.02254323,0.03033107,RELIABLE,RELIABLE,RELIABLE,RELIABLE,RELIABLE,RELIABLE,RELIABLE,RELIABLE,MOVING,STATIONARY,STATIONARY,MOVING,MOVING,MOVING,STATIONARY,STATIONARY,MOVING
50004,1234,1,HEAD,0.11316579,0.00330177,0.02917641,0.02540521,0.04110092,0.04593448,0.03431749,0.04082432,0.02384944,0.02096976,0.02371997,RELIABLE,RELIABLE,RELIABLE,RELIABLE,RELIABLE,RELIABLE,RELIABLE,RELIABLE,MOVING,STATIONARY,STATIONARY,MOVING,MOVING,MOVING,STATIONARY,STATIONARY,MOVING
50050,1235,1,HEAD,0.11262684,0.00676034,0.06002426,0.03041350,0.05168375,0.05621884,0.02913959,0.03841933,0.02275202,0.01983545,0.02014446,RELIABLE,RELIABLE,RELIABLE,RELIABLE,RELIABLE,RELIABLE,RELIABLE,RELIABLE,MOVING,STATIONARY,STATIONARY,MOVING,MOVING,MOVING,STATIONARY,STATIONARY,MOVING
50097,1236,1,HEAD,0.11228777,0.00338017,0.03010276,0.03220528,0.05539557,0.05940161,0.02681848,0.03402942,0.02132841,0.01813909,0.01728370,RELIABLE,RELIABLE,RELIABLE,RELIABLE,RELIABLE,RELIABLE,RELIABLE,RELIABLE,MOVING,STATIONARY,STATIONARY,MOVING,MOVING,MOVING,STATIONARY,STATIONARY,MOVING
50129,1237,1,HEAD,0.11235260,0.00676419,0.06020502,0.03875644,0.06550308,0.06930128,0.02768288,0.03669450,0.02331243,0.01916410,0.01641456,RELIABLE,RELIABLE,RELIABLE,RELIABLE,RELIABLE,RELIABLE,RELIABLE,RELIABLE,MOVING,STATIONARY,STATIONARY,MOVING,MOVING,MOVING,STATIONARY,STATIONARY,MOVING
50175,1238,1,HEAD,0.11259260,0.00338210,0.03003834,0.03988315,0.07065659,0.07259843,0.02580772,0.03666925,0.02202032,0.01637811,0.01346676,RELIABLE,RELIABLE,RELIABLE,RELIABLE,RELIABLE,RELIABLE,RELIABLE,RELIABLE,MOVING,STATIONARY,STATIONARY,MOVING,MOVING,MOVING,STATIONARY,STATIONARY,MOVING
50207,1239,1,HEAD,0.11292999,0.00640565,0.05672228,0.04564836,0.08163043,0.08388250,0.02799699,0.03987835,0.02329677,0.01555368,0.01193359,RELIABLE,RELIABLE,RELIABLE,RELIABLE,RELIABLE,RELIABLE,RELIABLE,RELIABLE,MOVING,STATIONARY,STATIONARY,MOVING,MOVING,MOVING,STATIONARY,STATIONARY,MOVING
50237,1240,1,HEAD,0.11331888,0.00320282,0.02826381,0.04408940,0.07688111,0.07878047,0.02555442,0.03755418,0.02150460,0.01497277,0.01103467,RELIABLE,RELIABLE,RELIABLE,RELIABLE,RELIABLE,RELIABLE,RELIABLE,RELIABLE,MOVING,STATIONARY,STATIONARY,MOVING,MOVING,STATIONARY,STATIONARY,STATIONARY,MOVING
50270,1241,1,HEAD,0.11355224,0.00410226,0.03612659,0.04133243,0.07156277,0.07263217,0.02456182,0.03628066,0.01949485,0.01316678,0.01035563,RELIABLE,RELIABLE,RELIABLE,RELIABLE,RELIABLE,RELIABLE,RELIABLE,RELIABLE,MOVING,STATIONARY,STATIONARY,STATIONARY,STATIONARY,STATIONARY,STATIONARY,STATIONARY,MOVING
50317,1242,1,HEAD,0.11377185,0.00205113,0.01802843,0.03993894,0.06887739,0.06952813,0.02405319,0.03563093,0.01848044,0.01216447,0.00987570,RELIABLE,RELIABLE,RELIABLE,RELIABLE,RELIABLE,RELIABLE,RELIABLE,RELIABLE,MOVING,STATIONARY,STATIONARY,STATIONARY,STATIONARY,STATIONARY,STATIONARY,STATIONARY,MOVING
50348,1243,1,HEAD,0.11470105,0.00186236,0.01623664,0.03446548,0.05700852,0.06008158,0.02360419,0.03042141,0.01702987,0.01257305,0.00885429,RELIABLE,RELIABLE,RELIABLE,RELIABLE,RELIABLE,RELIABLE,RELIABLE,RELIABLE,MOVING,STATIONARY,STATIONARY,STATIONARY,STATIONARY,STATIONARY,STATIONARY,STATIONARY,MOVING
50380,1244,1,HEAD,0.11559700,0.00093118,0.00805540,0.03170956,0.05103943,0.05532203,0.02335712,0.02779608,0.01629245,0.01284754,0.00813277,RELIABLE,RELIABLE,RELIABLE,RELIABLE,RELIABLE,RELIABLE,RELIABLE,RELIABLE,MOVING,STATIONARY,STATIONARY,STATIONARY,STATIONARY,STATIONARY,STATIONARY,STATIONARY,MOVING
50412,1245,1,HEAD,0.11688133,0.00113798,0.00973623,0.02540096,0.03980955,0.04515763,0.02384804,0.02333034,0.01441341,0.01192926,0.00744621,RELIABLE,RELIABLE,RELIABLE,RELIABLE,RELIABLE,RELIABLE,RELIABLE,RELIABLE,MOVING,STATIONARY,STATIONARY,STATIONARY,STATIONARY,STATIONARY,STATIONARY,STATIONARY,MOVING
50443,1246,1,HEAD,0.11794397,0.00056899,0.00482425,0.02224920,0.03420397,0.04008105,0.02408052,0.02109450,0.01347029,0.01129714,0.00707457,RELIABLE,RELIABLE,RELIABLE,RELIABLE,RELIABLE,RELIABLE,RELIABLE,RELIABLE,MOVING,STATIONARY,STATIONARY,STATIONARY,STATIONARY,STATIONARY,STATIONARY,STATIONARY,MOVING
50475,1247,1,HEAD,0.11853238,0.00119245,0.01006014,0.01641643,0.02458521,0.03019160,0.02271832,0.01916183,0.01195444,0.01056712,0.00662070,RELIABLE,RELIABLE,RELIABLE,RELIABLE,RELIABLE,RELIABLE,RELIABLE,RELIABLE,MOVING,STATIONARY,STATIONARY,STATIONARY,STATIONARY,STATIONARY,STATIONARY,STATIONARY,MOVING
50522,1248,1,HEAD,0.11885549,0.00059623,0.00501640,0.01351051,0.01979296,0.02526480,0.02204047,0.01819987,0.01119958,0.01007373,0.00627830,RELIABLE,RELIABLE,RELIABLE,RELIABLE,RELIABLE,RELIABLE,RELIABLE,RELIABLE,MOVING,STATIONARY,STATIONARY,STATIONARY,STATIONARY,STATIONARY,STATIONARY,STATIONARY,MOVING
50553,1249,1,HEAD,0.11865800,0.00233546,0.01968227,0.01145497,0.01658619,0.02166106,0.02085567,0.01714922,0.01018657,0.00918764,0.00645011,RELIABLE,RELIABLE,RELIABLE,RELIABLE,RELIABLE,RELIABLE,RELIABLE,RELIABLE,MOVING,STATIONARY,STATIONARY,STATIONARY,STATIONARY,STATIONARY,STATIONARY,STATIONARY,MOVING
50585,1250,1,HEAD,0.11839373,0.00116773,0.00986310,0.01043430,0.01499500,0.01987304,0.02027125,0.01663223,0.00968458,0.00860548,0.00656526,RELIABLE,RELIABLE,RELIABLE,RELIABLE,RELIABLE,RELIABLE,RELIABLE,RELIABLE,MOVING,STATIONARY,STATIONARY,STATIONARY,STATIONARY,STATIONARY,STATIONARY,STATIONARY,MOVING
50616,1251,1,HEAD,0.11722321,0.00308321,0.02630208,0.01169248,0.01867443,0.02337739,0.01882311,0.01887040,0.00989261,0.00899463,0.00718269,RELIABLE,RELIABLE,RELIABLE,RELIABLE,RELIABLE,RELIABLE,RELIABLE,RELIABLE,MOVING,STATIONARY,STATIONARY,STATIONARY,STATIONARY,STATIONARY,STATIONARY,STATIONARY,MOVING
50662,1252,1,HEAD,0.11614684,0.00154161,0.01327292,0.01234467,0.02055761,0.02518059,0.01812692,0.02001995,0.01001329,0.00929200,0.00761022,RELIABLE,RELIABLE,RELIABLE,RELIABLE,RELIABLE,RELIABLE,RELIABLE,RELIABLE,STATIONARY,STATIONARY,STATIONARY,STATIONARY,STATIONARY,STATIONARY,STATIONARY,STATIONARY,STATIONARY
50693,1253,1,HEAD,0.11570521,0.00522589,0.04516555,0.01677334,0.02931972,0.03331246,0.01747667,0.02205722,0.01103115,0.00880921,0.00748891,RELIABLE,RELIABLE,RELIABLE,RELIABLE,RELIABLE,RELIABLE,RELIABLE,RELIABLE,STATIONARY,STATIONARY,STATIONARY,STATIONARY,STATIONARY,STATIONARY,STATIONARY,STATIONARY,STATIONARY
50739,1254,1,HEAD,0.11559845,0.00261294,0.02260363,0.01899576,0.03370857,0.03738968,0.01716923,0.02308796,0.01154862,0.00854998,0.00739386,RELIABLE,RELIABLE,RELIABLE,RELIABLE,RELIABLE,RELIABLE,RELIABLE,RELIABLE,STATIONARY,STATIONARY,STATIONARY,STATIONARY,STATIONARY,STATIONARY,STATIONARY,STATIONARY,STATIONARY
50787,1255,1,HEAD,0.11537126,0.00965136,0.08365477,0.02819509,0.04994162,0.05273570,0.01946864,0.03079808,0.01370925,0.01034150,0.00811610,RELIABLE,RELIABLE,RELIABLE,RELIABLE,RELIABLE,RELIABLE,RELIABLE,RELIABLE,STATIONARY,STATIONARY,STATIONARY,STATIONARY,STATIONARY,STATIONARY,STATIONARY,STATIONARY,STATIONARY
50826,1256,1,HEAD,0.11537314,0.00764086,0.06622741,0.03584647,0.06271641,0.06518482,0.02246610,0.04042297,0.01589470,0.01169915,0.00912027,RELIABLE,RELIABLE,RELIABLE,RELIABLE,RELIABLE,RELIABLE,RELIABLE,RELIABLE,STATIONARY,STATIONARY,STATIONARY,STATIONARY,STATIONARY,STATIONARY,STATIONARY,STATIONARY,STATIONARY
50865,1257,1,HEAD,0.11553303,0.00382043,0.03306788,0.03751967,0.06516394,0.06707916,0.02131283,0.04245362,0.01560726,0.01218576,0.00865098,RELIABLE,RELIABLE,RELIABLE,RELIABLE,RELIABLE,RELIABLE,RELIABLE,RELIABLE,MOVING,STATIONARY,STATIONARY,STATIONARY,STATIONARY,STATIONARY,STATIONARY,STATIONARY,MOVING
50897,1258,1,HEAD,0.11583251,0.00264299,0.02281738,0.03913895,0.06729110,0.06924547,0.02233597,0.04880967,0.01566437,0.01299078,0.00843601,RELIABLE,RELIABLE,RELIABLE,RELIABLE,RELIABLE,RELIABLE,RELIABLE,RELIABLE,MOVING,STATIONARY,STATIONARY,STATIONARY,STATIONARY,STATIONARY,STATIONARY,STATIONARY,MOVING
50929,1259,1,HEAD,0.11609826,0.00132150,0.01138258,0.03727401,0.06265976,0.06398072,0.02105069,0.04826098,0.01406460,0.01182023,0.00741607,RELIABLE,RELIABLE,RELIABLE,RELIABLE,RELIABLE,RELIABLE,RELIABLE,RELIABLE,MOVING,STATIONARY,STATIONARY,STATIONARY,STATIONARY,STATIONARY,STATIONARY,STATIONARY,MOVING
50960,1260,1,HEAD,0.11594309,0.00181223,0.01563031,0.03756869,0.06087074,0.06296615,0.02218406,0.05194573,0.01380547,0.01217446,0.00761560,RELIABLE,RELIABLE,RELIABLE,RELIABLE,RELIABLE,RELIABLE,RELIABLE,RELIABLE,MOVING,STATIONARY,STATIONARY,STATIONARY,MOVING,STATIONARY,STATIONARY,STATIONARY,MOVING
51007,1261,1,HEAD,0.11572164,0.00090611,0.00783011,0.03290176,0.05217235,0.05472785,0.02044158,0.05067034,0.01155090,0.01216421,0.00731487,RELIABLE,RELIABLE,RELIABLE,RELIABLE,RELIABLE,RELIABLE,RELIABLE,RELIABLE,MOVING,STATIONARY,STATIONARY,STATIONARY,MOVING,STATIONARY,STATIONARY,STATIONARY,MOVING
51054,1262,1,HEAD,0.11534360,0.00161951,0.01404071,0.03183139,0.05061836,0.05268488,0.02143510,0.05162220,0.01141748,0.01436491,0.00768724,RELIABLE,RELIABLE,RELIABLE,RELIABLE,RELIABLE,RELIABLE,RELIABLE,RELIABLE,MOVING,STATIONARY,STATIONARY,STATIONARY,MOVING,STATIONARY,STATIONARY,STATIONARY,MOVING
51086,1263,1,HEAD,0.11502094,0.00080975,0.00704005,0.02225455,0.03422267,0.03606495,0.01781938,0.04248658,0.00855959,0.01332185,0.00692794,RELIABLE,RELIABLE,RELIABLE,RELIABLE,RELIABLE,RELIABLE,RELIABLE,RELIABLE,MOVING,STATIONARY,STATIONARY,STATIONARY,MOVING,STATIONARY,STATIONARY,STATIONARY,MOVING
51133,1264,1,HEAD,0.11435153,0.00442061,0.03865812,0.01880839,0.02864188,0.03005758,0.01633668,0.03328283,0.00711310,0.01228502,0.00734824,RELIABLE,RELIABLE,RELIABLE,RELIABLE,RELIABLE,RELIABLE,RELIABLE,RELIABLE,MOVING,STATIONARY,STATIONARY,STATIONARY,MOVING,STATIONARY,STATIONARY,STATIONARY,MOVING
51180,1265,1,HEAD,0.11378085,0.00221031,0.01942601,0.01710316,0.02588120,0.02708292,0.01560528,0.02869341,0.00639529,0.01159828,0.00765515,RELIABLE,RELIABLE,RELIABLE,RELIABLE,RELIABLE,RELIABLE,RELIABLE,RELIABLE,MOVING,STATIONARY,STATIONARY,STATIONARY,MOVING,STATIONARY,STATIONARY,STATIONARY,MOVING
51228,1266,1,HEAD,0.11323634,0.00949613,0.08386116,0.02473363,0.03897053,0.04063622,0.01692898,0.02784097,0.00921729,0.01208512,0.00850026,RELIABLE,RELIABLE,RELIABLE,RELIABLE,RELIABLE,RELIABLE,RELIABLE,RELIABLE,MOVING,STATIONARY,STATIONARY,STATIONARY,MOVING,STATIONARY,STATIONARY,STATIONARY,MOVING
51290,1267,1,HEAD,0.11298633,0.00863071,0.07638725,0.03285921,0.05328992,0.05662748,0.01909414,0.03197092,0.01224195,0.01377943,0.00978372,RELIABLE,RELIABLE,RELIABLE,RELIABLE,RELIABLE,RELIABLE,RELIABLE,RELIABLE,MOVING,STATIONARY,STATIONARY,STATIONARY,MOVING,STATIONARY,STATIONARY,STATIONARY,MOVING
51322,1268,1,HEAD,0.11298006,0.00431536,0.03819575,0.03567989,0.05989197,0.06297065,0.01838867,0.03005572,0.01320412,0.01373609,0.00970409,RELIABLE,RELIABLE,RELIABLE,RELIABLE,RELIABLE,RELIABLE,RELIABLE,RELIABLE,MOVING,STATIONARY,STATIONARY,STATIONARY,MOVING,STATIONARY,STATIONARY,STATIONARY,MOVING
51355,1269,1,HEAD,0.11336953,0.00469080,0.04137618,0.03987315,0.06758388,0.07144548,0.01916696,0.03311264,0.01492235,0.01423132,0.00981498,RELIABLE,RELIABLE,RELIABLE,RELIABLE,RELIABLE,RELIABLE,RELIABLE,RELIABLE,MOVING,STATIONARY,STATIONARY,STATIONARY,MOVING,STATIONARY,STATIONARY,STATIONARY,MOVING
51401,1270,1,HEAD,0.11381426,0.00234540,0.02060725,0.04069397,0.06861361,0.07358294,0.01768604,0.03303772,0.01478226,0.01236133,0.00937708,RELIABLE,RELIABLE,RELIABLE,RELIABLE,RELIABLE,RELIABLE,RELIABLE,RELIABLE,MOVING,STATIONARY,STATIONARY,STATIONARY,STATIONARY,STATIONARY,STATIONARY,STATIONARY,MOVING
51449,1271,1,HEAD,0.11429964,0.00188420,0.01648476,0.04187456,0.07055552,0.07630931,0.01884801,0.03551632,0.01622183,0.01238635,0.01096034,RELIABLE,RELIABLE,RELIABLE,RELIABLE,RELIABLE,RELIABLE,RELIABLE,RELIABLE,MOVING,STATIONARY,STATIONARY,STATIONARY,STATIONARY,STATIONARY,STATIONARY,STATIONARY,MOVING
51480,1272,1,HEAD,0.11469226,0.00094210,0.00821416,0.03806906,0.06424749,0.07059037,0.01725545,0.03561889,0.01585229,0.01256820,0.01053625,RELIABLE,RELIABLE,RELIABLE,RELIABLE,RELIABLE,RELIABLE,RELIABLE,RELIABLE,MOVING,STATIONARY,STATIONARY,STATIONARY,STATIONARY,STATIONARY,STATIONARY,STATIONARY,MOVING
51512,1273,1,HEAD,0.11479609,0.00176774,0.01539897,0.03756569,0.06288146,0.06885861,0.01731627,0.03693053,0.01607977,0.01292923,0.01168417,RELIABLE,RELIABLE,RELIABLE,RELIABLE,RELIABLE,RELIABLE,RELIABLE,RELIABLE,MOVING,STATIONARY,STATIONARY,STATIONARY,STATIONARY,STATIONARY,STATIONARY,STATIONARY,MOVING
51543,1274,1,HEAD,0.11480420,0.00088387,0.00769894,0.02804541,0.04682040,0.05172734,0.01405378,0.03079936,0.01280986,0.01172091,0.01179655,RELIABLE,RELIABLE,RELIABLE,RELIABLE,RELIABLE,RELIABLE,RELIABLE,RELIABLE,MOVING,STATIONARY,STATIONARY,STATIONARY,STATIONARY,STATIONARY,STATIONARY,STATIONARY,MOVING
51590,1275,1,HEAD,0.11436297,0.00139221,0.01217357,0.02001870,0.03249396,0.03575689,0.01449372,0.02393342,0.01093268,0.01080036,0.01076884,RELIABLE,RELIABLE,RELIABLE,RELIABLE,RELIABLE,RELIABLE,RELIABLE,RELIABLE,MOVING,STATIONARY,STATIONARY,STATIONARY,STATIONARY,STATIONARY,STATIONARY,STATIONARY,MOVING
51637,1276,1,HEAD,0.11392426,0.00069610,0.00611022,0.01600801,0.02533443,0.02777568,0.01472118,0.02050276,0.00999708,0.01027096,0.01013675,RELIABLE,RELIABLE,RELIABLE,RELIABLE,RELIABLE,RELIABLE,RELIABLE,RELIABLE,MOVING,STATIONARY,STATIONARY,STATIONARY,STATIONARY,STATIONARY,STATIONARY,STATIONARY,MOVING
51683,1277,1,HEAD,0.11345345,0.00265444,0.02339672,0.01376057,0.02204440,0.02346548,0.01471202,0.01740128,0.01079876,0.01210039,0.01092935,RELIABLE,RELIABLE,RELIABLE,RELIABLE,RELIABLE,RELIABLE,RELIABLE,RELIABLE,MOVING,STATIONARY,STATIONARY,STATIONARY,STATIONARY,STATIONARY,STATIONARY,STATIONARY,MOVING
51715,1278,1,HEAD,0.11311972,0.00132722,0.01173287,0.01265128,0.02042372,0.02133791,0.01471431,0.01586677,0.01120802,0.01326838,0.01134187,RELIABLE,RELIABLE,RELIABLE,RELIABLE,RELIABLE,RELIABLE,RELIABLE,RELIABLE,MOVING,STATIONARY,STATIONARY,STATIONARY,STATIONARY,STATIONARY,STATIONARY,STATIONARY,MOVING
51761,1279,1,HEAD,0.11328691,0.00810564,0.07154964,0.01953439,0.03286535,0.03469854,0.01708395,0.01756275,0.01243241,0.01315039,0.01125185,RELIABLE,RELIABLE,RELIABLE,RELIABLE,RELIABLE,RELIABLE,RELIABLE,RELIABLE,MOVING,STATIONARY,STATIONARY,STATIONARY,STATIONARY,STATIONARY,STATIONARY,STATIONARY,MOVING
51818,1280,1,HEAD,0.11275807,0.00807684,0.07162986,0.02746135,0.04578129,0.04923266,0.01992278,0.02149459,0.01465108,0.01400051,0.01072653,RELIABLE,RELIABLE,RELIABLE,RELIABLE,RELIABLE,RELIABLE,RELIABLE,RELIABLE,MOVING,STATIONARY,STATIONARY,STATIONARY,STATIONARY,STATIONARY,STATIONARY,STATIONARY,MOVING
51857,1281,1,HEAD,0.11229744,0.00403842,0.03596184,0.03003171,0.05046114,0.05538654,0.02048637,0.02220756,0.01535133,0.01429356,0.00888246,RELIABLE,RELIABLE,RELIABLE,RELIABLE,RELIABLE,RELIABLE,RELIABLE,RELIABLE,MOVING,STATIONARY,STATIONARY,STATIONARY,STATIONARY,STATIONARY,STATIONARY,STATIONARY,MOVING
51905,1282,1,HEAD,0.11199481,0.00525185,0.04689366,0.03493105,0.05912107,0.06453887,0.02238917,0.02533490,0.01689135,0.01560940,0.00883515,RELIABLE,RELIABLE,RELIABLE,RELIABLE,RELIABLE,RELIABLE,RELIABLE,RELIABLE,MOVING,STATIONARY,STATIONARY,STATIONARY,STATIONARY,STATIONARY,STATIONARY,STATIONARY,MOVING
51937,1283,1,HEAD,0.11183851,0.00262592,0.02347960,0.03634430,0.06198415,0.06731772,0.01977096,0.02615502,0.01629234,0.01515763,0.00919788,RELIABLE,RELIABLE,RELIABLE,RELIABLE,RELIABLE,RELIABLE,RELIABLE,RELIABLE,MOVING,STATIONARY,STATIONARY,STATIONARY,STATIONARY,STATIONARY,STATIONARY,STATIONARY,MOVING
51983,1284,1,HEAD,0.11230092,0.00450802,0.04014232,0.04059831,0.06925678,0.07393192,0.01983808,0.02802436,0.01749782,0.01553918,0.00983198,RELIABLE,RELIABLE,RELIABLE,RELIABLE,RELIABLE,RELIABLE,RELIABLE,RELIABLE,MOVING,STATIONARY,STATIONARY,STATIONARY,STATIONARY,STATIONARY,STATIONARY,STATIONARY,MOVING
52014,1285,1,HEAD,0.11282043,0.00225401,0.01997874,0.04017106,0.06819168,0.07223474,0.01885646,0.02631907,0.01558856,0.01290812,0.00890916,RELIABLE,RELIABLE,RELIABLE,RELIABLE,RELIABLE,RELIABLE,RELIABLE,RELIABLE,MOVING,STATIONARY,STATIONARY,STATIONARY,STATIONARY,STATIONARY,STATIONARY,STATIONARY,MOVING
52046,1286,1,HEAD,0.11286465,0.00241017,0.02135448,0.04137377,0.06708709,0.07274622,0.01949833,0.02624763,0.01588042,0.01292132,0.00967518,RELIABLE,RELIABLE,RELIABLE,RELIABLE,RELIABLE,RELIABLE,RELIABLE,RELIABLE,MOVING,STATIONARY,STATIONARY,STATIONARY,STATIONARY,STATIONARY,STATIONARY,STATIONARY,MOVING
52077,1287,1,HEAD,0.11278035,0.00120508,0.01068522,0.03376571,0.05185183,0.05691725,0.01554548,0.02122879,0.01349595,0.01242335,0.00865447,RELIABLE,RELIABLE,RELIABLE,RELIABLE,RELIABLE,RELIABLE,RELIABLE,RELIABLE,MOVING,STATIONARY,STATIONARY,STATIONARY,STATIONARY,STATIONARY,STATIONARY,STATIONARY,MOVING
52109,1288,1,HEAD,0.11290822,0.00150568,0.01333542,0.02647891,0.03926800,0.04172369,0.01284929,0.01628518,0.01180064,0.01189556,0.00838150,RELIABLE,RELIABLE,RELIABLE,RELIABLE,RELIABLE,RELIABLE,RELIABLE,RELIABLE,MOVING,STATIONARY,STATIONARY,STATIONARY,STATIONARY,STATIONARY,STATIONARY,STATIONARY,MOVING
52141,1289,1,HEAD,0.11305815,0.00075284,0.00665887,0.02281604,0.03294457,0.03409196,0.01149203,0.01380053,0.01094533,0.01148803,0.00819620,RELIABLE,RELIABLE,RELIABLE,RELIABLE,RELIABLE,RELIABLE,RELIABLE,RELIABLE,MOVING,STATIONARY,STATIONARY,STATIONARY,STATIONARY,STATIONARY,STATIONARY,STATIONARY,MOVING
52173,1290,1,HEAD,0.11348114,0.00271575,0.02393128,0.01994574,0.02435794,0.02723254,0.00978637,0.01065728,0.00996615,0.01051967,0.00784635,RELIABLE,RELIABLE,RELIABLE,RELIABLE,RELIABLE,RELIABLE,RELIABLE,RELIABLE,MOVING,STATIONARY,STATIONARY,STATIONARY,STATIONARY,STATIONARY,STATIONARY,STATIONARY,MOVING
52205,1291,1,HEAD,0.11387051,0.00135787,0.01192472,0.01850138,0.02005520,0.02378989,0.00893012,0.00908076,0.00947342,0.00991633,0.00758568,RELIABLE,RELIABLE,RELIABLE,RELIABLE,RELIABLE,RELIABLE,RELIABLE,RELIABLE,MOVING,STATIONARY,STATIONARY,STATIONARY,STATIONARY,STATIONARY,STATIONARY,STATIONARY,MOVING
52237,1292,1,HEAD,0.11404146,0.00201244,0.01764658,0.01568941,0.01557204,0.02040966,0.00806347,0.00845474,0.00872446,0.01006829,0.00744386,RELIABLE,RELIABLE,RELIABLE,RELIABLE,RELIABLE,RELIABLE,RELIABLE,RELIABLE,MOVING,STATIONARY,STATIONARY,STATIONARY,STATIONARY,STATIONARY,STATIONARY,STATIONARY,MOVING
52284,1293,1,HEAD,0.11411813,0.00100622,0.00881736,0.01429424,0.01334839,0.01873600,0.00763446,0.00814692,0.00835418,0.01034256,0.00728764,RELIABLE,RELIABLE,RELIABLE,RELIABLE,RELIABLE,RELIABLE,RELIABLE,RELIABLE,MOVING,STATIONARY,STATIONARY,STATIONARY,STATIONARY,STATIONARY,STATIONARY,STATIONARY,MOVING
52316,1294,1,HEAD,0.11425486,0.00326246,0.02855425,0.01519421,0.01853518,0.02193797,0.00821639,0.00949018,0.00816233,0.00895070,0.00819000,RELIABLE,RELIABLE,RELIABLE,RELIABLE,RELIABLE,RELIABLE,RELIABLE,RELIABLE,MOVING,STATIONARY,STATIONARY,STATIONARY,STATIONARY,STATIONARY,STATIONARY,STATIONARY,MOVING
52363,1295,1,HEAD,0.11437599,0.00163123,0.01426200,0.01564131,0.02112446,0.02353426,0.00850556,0.01015983,0.00806493,0.00821667,0.00876172,RELIABLE,RELIABLE,RELIABLE,RELIABLE,RELIABLE,RELIABLE,RELIABLE,RELIABLE,MOVING,STATIONARY,STATIONARY,STATIONARY,STATIONARY,STATIONARY,STATIONARY,STATIONARY,MOVING
52410,1296,1,HEAD,0.11404395,0.00682301,0.05982788,0.02145287,0.03033373,0.03355679,0.00941382,0.01127677,0.00798006,0.00796458,0.00971918,RELIABLE,RELIABLE,RELIABLE,RELIABLE,RELIABLE,RELIABLE,RELIABLE,RELIABLE,STATIONARY,STATIONARY,STATIONARY,STATIONARY,STATIONARY,STATIONARY,STATIONARY,STATIONARY,STATIONARY
52458,1297,1,HEAD,0.11369917,0.00341150,0.03000465,0.02437109,0.03495692,0.03858628,0.00987225,0.01183910,0.00794084,0.00789124,0.01038873,RELIABLE,RELIABLE,RELIABLE,RELIABLE,RELIABLE,RELIABLE,RELIABLE,RELIABLE,STATIONARY,STATIONARY,STATIONARY,STATIONARY,STATIONARY,STATIONARY,STATIONARY,STATIONARY,STATIONARY
52504,1298,1,HEAD,0.11380226,0.00891642,0.07835015,0.03117345,0.04982979,0.05237480,0.01205289,0.01607523,0.01019288,0.00833048,0.01163606,RELIABLE,RELIABLE,RELIABLE,RELIABLE,RELIABLE,RELIABLE,RELIABLE,RELIABLE,STATIONARY,STATIONARY,STATIONARY,STATIONARY,STATIONARY,STATIONARY,STATIONARY,STATIONARY,STATIONARY
52554,1299,1,HEAD,0.11421949,0.00644855,0.05645754,0.03674005,0.06015824,0.06358078,0.01494202,0.01965052,0.01200091,0.00864259,0.01319785,RELIABLE,RELIABLE,RELIABLE,RELIABLE,RELIABLE,RELIABLE,RELIABLE,RELIABLE,STATIONARY,STATIONARY,STATIONARY,STATIONARY,STATIONARY,STATIONARY,STATIONARY,STATIONARY,STATIONARY
52600,1300,1,HEAD,0.11468671,0.00322428,0.02811377,0.03804845,0.06178655,0.06558713,0.01543447,0.01980569,0.01189475,0.00759192,0.01384953,RELIABLE,RELIABLE,RELIABLE,RELIABLE,RELIABLE,RELIABLE,RELIABLE,RELIABLE,MOVING,STATIONARY,STATIONARY,STATIONARY,STATIONARY,STATIONARY,STATIONARY,STATIONARY,MOVING
52632,1301,1,HEAD,0.11499299,0.00206406,0.01794948,0.03918997,0.06391590,0.06795603,0.01612965,0.02077296,0.01227434,0.00742902,0.01449774,RELIABLE,RELIABLE,RELIABLE,RELIABLE,RELIABLE,RELIABLE,RELIABLE,RELIABLE,MOVING,STATIONARY,STATIONARY,STATIONARY,STATIONARY,STATIONARY,STATIONARY,STATIONARY,MOVING
52679,1302,1,HEAD,0.11519240,0.00103203,0.00895921,0.03674059,0.05924278,0.06372944,0.01454406,0.01897218,0.01121919,0.00719988,0.01267399,RELIABLE,RELIABLE,RELIABLE,RELIABLE,RELIABLE,RELIABLE,RELIABLE,RELIABLE,MOVING,STATIONARY,STATIONARY,STATIONARY,STATIONARY,STATIONARY,STATIONARY,STATIONARY,MOVING
52711,1303,1,HEAD,0.11572264,0.00097496,0.00842501,0.03601096,0.05729915,0.06182583,0.01412737,0.01927643,0.01149338,0.00847952,0.01181448,RELIABLE,RELIABLE,RELIABLE,RELIABLE,RELIABLE,RELIABLE,RELIABLE,RELIABLE,MOVING,STATIONARY,STATIONARY,STATIONARY,STATIONARY,STATIONARY,STATIONARY,STATIONARY,MOVING
52756,1304,1,HEAD,0.11620668,0.00048748,0.00419496,0.02905685,0.04668693,0.05107916,0.01222377,0.01800017,0.01056455,0.00839730,0.01079992,RELIABLE,RELIABLE,RELIABLE,RELIABLE,RELIABLE,RELIABLE,RELIABLE,RELIABLE,MOVING,STATIONARY,STATIONARY,STATIONARY,STATIONARY,STATIONARY,STATIONARY,STATIONARY,MOVING
52804,1305,1,HEAD,0.11578974,0.00212757,0.01837444,0.02760307,0.04432107,0.04973912,0.01417988,0.01878193,0.01149104,0.00884267,0.01101613,RELIABLE,RELIABLE,RELIABLE,RELIABLE,RELIABLE,RELIABLE,RELIABLE,RELIABLE,MOVING,STATIONARY,STATIONARY,STATIONARY,STATIONARY,STATIONARY,STATIONARY,STATIONARY,MOVING
52849,1306,1,HEAD,0.11526302,0.00106379,0.00922920,0.01896295,0.02968942,0.03477358,0.01261963,0.01435221,0.00904807,0.00825798,0.00932164,RELIABLE,RELIABLE,RELIABLE,RELIABLE,RELIABLE,RELIABLE,RELIABLE,RELIABLE,MOVING,STATIONARY,STATIONARY,STATIONARY,STATIONARY,STATIONARY,STATIONARY,STATIONARY,MOVING
52881,1307,1,HEAD,0.11418286,0.00305227,0.02673144,0.01524719,0.02258053,0.02749224,0.01098642,0.01334733,0.00929716,0.00911683,0.00965424,RELIABLE,RELIABLE,RELIABLE,RELIABLE,RELIABLE,RELIABLE,RELIABLE,RELIABLE,MOVING,STATIONARY,STATIONARY,STATIONARY,STATIONARY,STATIONARY,STATIONARY,STATIONARY,MOVING
52928,1308,1,HEAD,0.11325103,0.00152614,0.01347569,0.01341743,0.01906472,0.02390091,0.01018372,0.01286617,0.00943698,0.00960060,0.00982559,RELIABLE,RELIABLE,RELIABLE,RELIABLE,RELIABLE,RELIABLE,RELIABLE,RELIABLE,MOVING,STATIONARY,STATIONARY,STATIONARY,STATIONARY,STATIONARY,STATIONARY,STATIONARY,MOVING
52959,1309,1,HEAD,0.11321051,0.00853807,0.07541763,0.02060095,0.03118899,0.03508453,0.01382191,0.01656487,0.01203488,0.01043532,0.01186814,RELIABLE,RELIABLE,RELIABLE,RELIABLE,RELIABLE,RELIABLE,RELIABLE,RELIABLE,MOVING,STATIONARY,STATIONARY,STATIONARY,STATIONARY,STATIONARY,STATIONARY,STATIONARY,MOVING
53019,1310,1,HEAD,0.11352044,0.00816127,0.07189248,0.02846761,0.04547289,0.04835742,0.01801244,0.02032016,0.01396857,0.01070948,0.01286635,RELIABLE,RELIABLE,RELIABLE,RELIABLE,RELIABLE,RELIABLE,RELIABLE,RELIABLE,MOVING,STATIONARY,STATIONARY,STATIONARY,STATIONARY,STATIONARY,STATIONARY,STATIONARY,MOVING
53053,1311,1,HEAD,0.11391025,0.00408063,0.03582323,0.03189238,0.05219755,0.05476101,0.01972451,0.02098656,0.01413031,0.00940649,0.01328579,RELIABLE,RELIABLE,RELIABLE,RELIABLE,RELIABLE,RELIABLE,RELIABLE,RELIABLE,MOVING,STATIONARY,STATIONARY,STATIONARY,STATIONARY,STATIONARY,STATIONARY,STATIONARY,MOVING
53085,1312,1,HEAD,0.11377282,0.00534665,0.04699405,0.03724227,0.06097253,0.06509197,0.02235259,0.02297138,0.01592813,0.00973171,0.01435219,RELIABLE,RELIABLE,RELIABLE,RELIABLE,RELIABLE,RELIABLE,RELIABLE,RELIABLE,MOVING,STATIONARY,STATIONARY,STATIONARY,STATIONARY,STATIONARY,STATIONARY,STATIONARY,MOVING
53116,1313,1,HEAD,0.11356676,0.00267332,0.02353966,0.03788792,0.06241122,0.06621684,0.02075800,0.02254326,0.01543605,0.00940228,0.01405989,RELIABLE,RELIABLE,RELIABLE,RELIABLE,RELIABLE,RELIABLE,RELIABLE,RELIABLE,MOVING,STATIONARY,STATIONARY,STATIONARY,STATIONARY,STATIONARY,STATIONARY,STATIONARY,MOVING
53147,1314,1,HEAD,0.11289460,0.00494350,0.04378864,0.04220785,0.06800890,0.07330806,0.02171649,0.02411912,0.01596953,0.01005144,0.01561358,RELIABLE,RELIABLE,RELIABLE,RELIABLE,RELIABLE,RELIABLE,RELIABLE,RELIABLE,MOVING,STATIONARY,STATIONARY,STATIONARY,STATIONARY,STATIONARY,STATIONARY,STATIONARY,MOVING
53179,1315,1,HEAD,0.11228061,0.00247175,0.02201405,0.04161818,0.06773107,0.07237172,0.02125846,0.02224861,0.01408918,0.00920845,0.01450648,RELIABLE,RELIABLE,RELIABLE,RELIABLE,RELIABLE,RELIABLE,RELIABLE,RELIABLE,MOVING,STATIONARY,STATIONARY,STATIONARY,STATIONARY,STATIONARY,STATIONARY,STATIONARY,MOVING
53210,1316,1,HEAD,0.11260833,0.00205469,0.01824637,0.04221451,0.06789317,0.07308841,0.02236314,0.02252077,0.01403531,0.00946628,0.01402113,RELIABLE,RELIABLE,RELIABLE,RELIABLE,RELIABLE,RELIABLE,RELIABLE,RELIABLE,MOVING,STATIONARY,STATIONARY,STATIONARY,STATIONARY,STATIONARY,STATIONARY,STATIONARY,MOVING
53256,1317,1,HEAD,0.11309082,0.00102735,0.00908426,0.03392284,0.05277358,0.05909566,0.01842316,0.01782458,0.01104549,0.00851846,0.01159268,RELIABLE,RELIABLE,RELIABLE,RELIABLE,RELIABLE,RELIABLE,RELIABLE,RELIABLE,MOVING,STATIONARY,STATIONARY,STATIONARY,STATIONARY,STATIONARY,STATIONARY,STATIONARY,MOVING
53291,1318,1,HEAD,0.11468474,0.00283655,0.02473349,0.02802797,0.03761952,0.04759712,0.01573324,0.01489114,0.01182227,0.01030610,0.01246243,RELIABLE,RELIABLE,RELIABLE,RELIABLE,RELIABLE,RELIABLE,RELIABLE,RELIABLE,MOVING,STATIONARY,STATIONARY,STATIONARY,STATIONARY,STATIONARY,STATIONARY,STATIONARY,MOVING
53335,1319,1,HEAD,0.11617561,0.00141828,0.01220804,0.02507607,0.03006298,0.04184843,0.01438281,0.01342107,0.01219420,0.01127191,0.01287551,RELIABLE,RELIABLE,RELIABLE,RELIABLE,RELIABLE,RELIABLE,RELIABLE,RELIABLE,MOVING,STATIONARY,STATIONARY,STATIONARY,STATIONARY,STATIONARY,STATIONARY,STATIONARY,MOVING
53366,1320,1,HEAD,0.11620744,0.00314893,0.02709753,0.02258901,0.02417675,0.03620510,0.01364109,0.01214428,0.01219492,0.01180902,0.01387304,RELIABLE,RELIABLE,RELIABLE,RELIABLE,RELIABLE,RELIABLE,RELIABLE,RELIABLE,MOVING,STATIONARY,STATIONARY,STATIONARY,STATIONARY,STATIONARY,STATIONARY,STATIONARY,MOVING
53398,1321,1,HEAD,0.11588349,0.00157447,0.01358664,0.02134488,0.02123005,0.03338094,0.01327066,0.01150548,0.01219642,0.01220326,0.01458256,RELIABLE,RELIABLE,RELIABLE,RELIABLE,RELIABLE,RELIABLE,RELIABLE,RELIABLE,MOVING,STATIONARY,STATIONARY,STATIONARY,STATIONARY,STATIONARY,STATIONARY,STATIONARY,MOVING
53446,1322,1,HEAD,0.11590081,0.00250746,0.02163455,0.01857562,0.01931444,0.02931314,0.01335396,0.01216783,0.01262086,0.01258635,0.01341097,RELIABLE,RELIABLE,RELIABLE,RELIABLE,RELIABLE,RELIABLE,RELIABLE,RELIABLE,MOVING,STATIONARY,STATIONARY,STATIONARY,STATIONARY,STATIONARY,STATIONARY,STATIONARY,MOVING
53494,1323,1,HEAD,0.11601929,0.00125373,0.01080623,0.01717464,0.01833405,0.02725116,0.01338744,0.01249055,0.01282843,0.01287504,0.01253598,RELIABLE,RELIABLE,RELIABLE,RELIABLE,RELIABLE,RELIABLE,RELIABLE,RELIABLE,MOVING,STATIONARY,STATIONARY,STATIONARY,STATIONARY,STATIONARY,STATIONARY,STATIONARY,MOVING
53527,1324,1,HEAD,0.11609153,0.00477261,0.04111079,0.02003269,0.02398698,0.03221580,0.01386381,0.01355074,0.01316394,0.01240128,0.01230116,RELIABLE,RELIABLE,RELIABLE,RELIABLE,RELIABLE,RELIABLE,RELIABLE,RELIABLE,MOVING,STATIONARY,STATIONARY,STATIONARY,STATIONARY,STATIONARY,STATIONARY,STATIONARY,MOVING
53557,1325,1,HEAD,0.11614771,0.00238631,0.02054545,0.02146534,0.02681613,0.03470362,0.01410560,0.01408408,0.01333395,0.01206162,0.01213576,RELIABLE,RELIABLE,RELIABLE,RELIABLE,RELIABLE,RELIABLE,RELIABLE,RELIABLE,MOVING,STATIONARY,STATIONARY,STATIONARY,STATIONARY,STATIONARY,STATIONARY,STATIONARY,MOVING
53604,1326,1,HEAD,0.11634858,0.00599191,0.05149963,0.02481111,0.03520023,0.04013593,0.01397086,0.01461425,0.01158510,0.01129125,0.01008820,RELIABLE,RELIABLE,RELIABLE,RELIABLE,RELIABLE,RELIABLE,RELIABLE,RELIABLE,STATIONARY,STATIONARY,STATIONARY,STATIONARY,STATIONARY,STATIONARY,STATIONARY,STATIONARY,STATIONARY
53651,1327,1,HEAD,0.11654940,0.00299595,0.02570545,0.02649828,0.03939148,0.04286994,0.01391549,0.01488875,0.01073004,0.01099771,0.00881034,RELIABLE,RELIABLE,RELIABLE,RELIABLE,RELIABLE,RELIABLE,RELIABLE,RELIABLE,STATIONARY,STATIONARY,STATIONARY,STATIONARY,STATIONARY,STATIONARY,STATIONARY,STATIONARY,STATIONARY
53697,1328,1,HEAD,0.11651823,0.00765492,0.06569719,0.03132324,0.04928356,0.05251748,0.01450691,0.01736806,0.01018244,0.00973803,0.00716414,RELIABLE,RELIABLE,RELIABLE,RELIABLE,RELIABLE,RELIABLE,RELIABLE,RELIABLE,STATIONARY,STATIONARY,STATIONARY,STATIONARY,STATIONARY,STATIONARY,STATIONARY,STATIONARY,STATIONARY
53754,1329,1,HEAD,0.11613315,0.00597499,0.05144945,0.03605609,0.05769427,0.06117228,0.01557331,0.01828557,0.01089429,0.00977153,0.00771029,RELIABLE,RELIABLE,RELIABLE,RELIABLE,RELIABLE,RELIABLE,RELIABLE,RELIABLE,STATIONARY,STATIONARY,STATIONARY,STATIONARY,STATIONARY,STATIONARY,STATIONARY,STATIONARY,STATIONARY
53793,1330,1,HEAD,0.11578820,0.00298749,0.02580136,0.03657694,0.05747120,0.06163348,0.01407841,0.01597096,0.01004600,0.00879190,0.00799601,RELIABLE,RELIABLE,RELIABLE,RELIABLE,RELIABLE,RELIABLE,RELIABLE,RELIABLE,MOVING,STATIONARY,STATIONARY,STATIONARY,STATIONARY,STATIONARY,STATIONARY,STATIONARY,MOVING
53825,1331,1,HEAD,0.11572681,0.00180351,0.01558421,0.03717419,0.05733313,0.06243103,0.01389459,0.01512898,0.00987256,0.00831035,0.00838389,RELIABLE,RELIABLE,RELIABLE,RELIABLE,RELIABLE,RELIABLE,RELIABLE,RELIABLE,MOVING,STATIONARY,STATIONARY,STATIONARY,STATIONARY,STATIONARY,STATIONARY,STATIONARY,MOVING
53872,1332,1,HEAD,0.11575397,0.00090176,0.00779027,0.03300913,0.05080351,0.05562584,0.01200214,0.01258878,0.00865718,0.00790535,0.00808659,RELIABLE,RELIABLE,RELIABLE,RELIABLE,RELIABLE,RELIABLE,RELIABLE,RELIABLE,MOVING,STATIONARY,STATIONARY,STATIONARY,STATIONARY,STATIONARY,STATIONARY,STATIONARY,MOVING
53903,1333,1,HEAD,0.11485960,0.00111686,0.00972371,0.03165641,0.04878029,0.05305085,0.01311376,0.01268066,0.01022189,0.00984866,0.01016083,RELIABLE,RELIABLE,RELIABLE,RELIABLE,RELIABLE,RELIABLE,RELIABLE,RELIABLE,MOVING,STATIONARY,STATIONARY,STATIONARY,STATIONARY,STATIONARY,STATIONARY,STATIONARY,MOVING
53949,1334,1,HEAD,0.11395945,0.00055843,0.00490026,0.02583149,0.04018255,0.04440663,0.01228405,0.01115030,0.00994182,0.00950149,0.01128093,RELIABLE,RELIABLE,RELIABLE,RELIABLE,RELIABLE,RELIABLE,RELIABLE,RELIABLE,MOVING,STATIONARY,STATIONARY,STATIONARY,STATIONARY,STATIONARY,STATIONARY,STATIONARY,MOVING
53996,1335,1,HEAD,0.11401910,0.00143271,0.01256553,0.02418900,0.03875537,0.04379455,0.01303576,0.01122288,0.01110387,0.00975501,0.01179344,RELIABLE,RELIABLE,RELIABLE,RELIABLE,RELIABLE,RELIABLE,RELIABLE,RELIABLE,MOVING,STATIONARY,STATIONARY,STATIONARY,STATIONARY,STATIONARY,STATIONARY,STATIONARY,MOVING
54027,1336,1,HEAD,0.11430419,0.00071636,0.00626709,0.01676024,0.02693941,0.03084544,0.01108623,0.00780923,0.01027310,0.00984130,0.01136295,RELIABLE,RELIABLE,RELIABLE,RELIABLE,RELIABLE,RELIABLE,RELIABLE,RELIABLE,MOVING,STATIONARY,STATIONARY,STATIONARY,STATIONARY,STATIONARY,STATIONARY,STATIONARY,MOVING
54059,1337,1,HEAD,0.11401899,0.00268754,0.02357101,0.01327543,0.02207507,0.02513682,0.01118835,0.00845690,0.01012016,0.00910302,0.01094096,RELIABLE,RELIABLE,RELIABLE,RELIABLE,RELIABLE,RELIABLE,RELIABLE,RELIABLE,MOVING,STATIONARY,STATIONARY,STATIONARY,STATIONARY,STATIONARY,STATIONARY,STATIONARY,MOVING
54105,1338,1,HEAD,0.11368894,0.00134377,0.01181972,0.01152773,0.01963545,0.02227379,0.01123948,0.00878161,0.01004340,0.00864959,0.01065522,RELIABLE,RELIABLE,RELIABLE,RELIABLE,RELIABLE,RELIABLE,RELIABLE,RELIABLE,MOVING,STATIONARY,STATIONARY,STATIONARY,STATIONARY,STATIONARY,STATIONARY,STATIONARY,MOVING
54152,1339,1,HEAD,0.11362587,0.00322052,0.02834318,0.01312260,0.02388668,0.02617490,0.01235801,0.01119426,0.01147548,0.00956974,0.01273820,RELIABLE,RELIABLE,RELIABLE,RELIABLE,RELIABLE,RELIABLE,RELIABLE,RELIABLE,MOVING,STATIONARY,STATIONARY,STATIONARY,STATIONARY,STATIONARY,STATIONARY,STATIONARY,MOVING
54199,1340,1,HEAD,0.11365112,0.00161026,0.01416844,0.01391987,0.02601184,0.02812505,0.01291715,0.01240032,0.01219136,0.01017936,0.01402865,RELIABLE,RELIABLE,RELIABLE,RELIABLE,RELIABLE,RELIABLE,RELIABLE,RELIABLE,MOVING,STATIONARY,STATIONARY,STATIONARY,STATIONARY,STATIONARY,STATIONARY,STATIONARY,MOVING
54246,1341,1,HEAD,0.11374795,0.01066296,0.09374200,0.02442215,0.04149132,0.04454871,0.01227053,0.01427642,0.01160686,0.00855701,0.01367520,RELIABLE,RELIABLE,RELIABLE,RELIABLE,RELIABLE,RELIABLE,RELIABLE,RELIABLE,STATIONARY,STATIONARY,STATIONARY,STATIONARY,STATIONARY,STATIONARY,STATIONARY,STATIONARY,STATIONARY
54282,1342,1,HEAD,0.11387603,0.00706890,0.06207544,0.03156905,0.05160418,0.05540356,0.01269465,0.01570171,0.01184426,0.00786409,0.01343849,RELIABLE,RELIABLE,RELIABLE,RELIABLE,RELIABLE,RELIABLE,RELIABLE,RELIABLE,STATIONARY,STATIONARY,STATIONARY,STATIONARY,STATIONARY,STATIONARY,STATIONARY,STATIONARY,STATIONARY
54326,1343,1,HEAD,0.11400414,0.00353445,0.03100284,0.03387372,0.05379094,0.05712256,0.01174098,0.01557734,0.01066133,0.00694147,0.01358143,RELIABLE,RELIABLE,RELIABLE,RELIABLE,RELIABLE,RELIABLE,RELIABLE,RELIABLE,STATIONARY,STATIONARY,STATIONARY,STATIONARY,STATIONARY,STATIONARY,STATIONARY,STATIONARY,STATIONARY
54372,1344,1,HEAD,0.11360784,0.00507802,0.04469777,0.03867755,0.05711636,0.06345088,0.01173154,0.01639714,0.01138904,0.00858122,0.01571698,RELIABLE,RELIABLE,RELIABLE,RELIABLE,RELIABLE,RELIABLE,RELIABLE,RELIABLE,MOVING,STATIONARY,STATIONARY,STATIONARY,STATIONARY,STATIONARY,STATIONARY,STATIONARY,MOVING
54404,1345,1,HEAD,0.11318169,0.00253901,0.02243303,0.03853530,0.05427514,0.06202639,0.00987776,0.01477522,0.01050471,0.00952236,0.01569377,RELIABLE,RELIABLE,RELIABLE,RELIABLE,RELIABLE,RELIABLE,RELIABLE,RELIABLE,MOVING,STATIONARY,STATIONARY,STATIONARY,STATIONARY,STATIONARY,STATIONARY,STATIONARY,MOVING
54451,1346,1,HEAD,0.11337135,0.00165725,0.01461790,0.03888507,0.05317966,0.06005437,0.00947792,0.01464496,0.01080758,0.01084906,0.01621176,RELIABLE,RELIABLE,RELIABLE,RELIABLE,RELIABLE,RELIABLE,RELIABLE,RELIABLE,MOVING,STATIONARY,STATIONARY,STATIONARY,STATIONARY,STATIONARY,STATIONARY,STATIONARY,MOVING
54497,1347,1,HEAD,0.11366813,0.00082863,0.00728986,0.03625341,0.04718808,0.05317035,0.00762176,0.01201448,0.00923722,0.01020732,0.01420672,RELIABLE,RELIABLE,RELIABLE,RELIABLE,RELIABLE,RELIABLE,RELIABLE,RELIABLE,MOVING,STATIONARY,STATIONARY,STATIONARY,STATIONARY,STATIONARY,STATIONARY,STATIONARY,MOVING
54529,1348,1,HEAD,0.11365413,0.00155978,0.01372389,0.03619784,0.04558786,0.05008812,0.00773647,0.01107185,0.00959576,0.01083517,0.01363127,RELIABLE,RELIABLE,RELIABLE,RELIABLE,RELIABLE,RELIABLE,RELIABLE,RELIABLE,MOVING,STATIONARY,STATIONARY,STATIONARY,STATIONARY,STATIONARY,STATIONARY,STATIONARY,MOVING
54576,1349,1,HEAD,0.11356935,0.00077989,0.00686707,0.02533848,0.02913182,0.03227308,0.00666323,0.00796642,0.00854599,0.01103848,0.01218732,RELIABLE,RELIABLE,RELIABLE,RELIABLE,RELIABLE,RELIABLE,RELIABLE,RELIABLE,MOVING,STATIONARY,STATIONARY,STATIONARY,STATIONARY,STATIONARY,STATIONARY,STATIONARY,MOVING
54623,1350,1,HEAD,0.11375056,0.00338906,0.02979376,0.02130327,0.02247826,0.02709774,0.00734038,0.00745063,0.00868323,0.01166386,0.01218044,RELIABLE,RELIABLE,RELIABLE,RELIABLE,RELIABLE,RELIABLE,RELIABLE,RELIABLE,MOVING,STATIONARY,STATIONARY,STATIONARY,STATIONARY,STATIONARY,STATIONARY,STATIONARY,MOVING
54654,1351,1,HEAD,0.11395508,0.00169453,0.01487014,0.01928668,0.01915375,0.02451078,0.00767781,0.00719246,0.00875125,0.01202725,0.01206250,RELIABLE,RELIABLE,RELIABLE,RELIABLE,RELIABLE,RELIABLE,RELIABLE,RELIABLE,MOVING,STATIONARY,STATIONARY,STATIONARY,STATIONARY,STATIONARY,STATIONARY,STATIONARY,MOVING
54686,1352,1,HEAD,0.11465882,0.00581076,0.05067870,0.02003429,0.02427970,0.02731721,0.01122309,0.01018299,0.00906955,0.01031861,0.01064561,RELIABLE,RELIABLE,RELIABLE,RELIABLE,RELIABLE,RELIABLE,RELIABLE,RELIABLE,MOVING,STATIONARY,STATIONARY,STATIONARY,STATIONARY,STATIONARY,STATIONARY,STATIONARY,MOVING
54746,1353,1,HEAD,0.11446187,0.00872063,0.07618807,0.02675367,0.03668845,0.03795498,0.01411710,0.01264369,0.01067194,0.01000341,0.01044016,RELIABLE,RELIABLE,RELIABLE,RELIABLE,RELIABLE,RELIABLE,RELIABLE,RELIABLE,MOVING,STATIONARY,STATIONARY,STATIONARY,STATIONARY,STATIONARY,STATIONARY,STATIONARY,MOVING
54779,1354,1,HEAD,0.11411163,0.00436031,0.03821096,0.02970281,0.04258282,0.04454824,0.01503883,0.01319482,0.01072935,0.00899377,0.00972575,RELIABLE,RELIABLE,RELIABLE,RELIABLE,RELIABLE,RELIABLE,RELIABLE,RELIABLE,MOVING,STATIONARY,STATIONARY,STATIONARY,STATIONARY,STATIONARY,STATIONARY,STATIONARY,MOVING
54827,1355,1,HEAD,0.11377364,0.00565867,0.04973619,0.03500860,0.05114112,0.05197920,0.01605829,0.01528137,0.01157685,0.00887661,0.00972007,RELIABLE,RELIABLE,RELIABLE,RELIABLE,RELIABLE,RELIABLE,RELIABLE,RELIABLE,MOVING,STATIONARY,STATIONARY,STATIONARY,STATIONARY,STATIONARY,STATIONARY,STATIONARY,MOVING
54859,1356,1,HEAD,0.11354457,0.00282933,0.02491826,0.03640789,0.05403488,0.05534363,0.01552689,0.01595501,0.01085857,0.00776010,0.00903037,RELIABLE,RELIABLE,RELIABLE,RELIABLE,RELIABLE,RELIABLE,RELIABLE,RELIABLE,MOVING,STATIONARY,STATIONARY,STATIONARY,STATIONARY,STATIONARY,STATIONARY,STATIONARY,MOVING
54906,1357,1,HEAD,0.11325238,0.00535765,0.04730718,0.04146291,0.06368842,0.06515485,0.01596084,0.01738596,0.01144073,0.00795711,0.00985226,RELIABLE,RELIABLE,RELIABLE,RELIABLE,RELIABLE,RELIABLE,RELIABLE,RELIABLE,MOVING,STATIONARY,STATIONARY,STATIONARY,STATIONARY,STATIONARY,STATIONARY,STATIONARY,MOVING
54952,1358,1,HEAD,0.11303552,0.00267883,0.02369897,0.04070106,0.06457032,0.06368832,0.01420840,0.01657284,0.01053200,0.00726715,0.00952889,RELIABLE,RELIABLE,RELIABLE,RELIABLE,RELIABLE,RELIABLE,RELIABLE,RELIABLE,MOVING,STATIONARY,STATIONARY,STATIONARY,STATIONARY,STATIONARY,STATIONARY,STATIONARY,MOVING
54998,1359,1,HEAD,0.11296808,0.00379223,0.03356907,0.04303842,0.06679864,0.06842098,0.01428208,0.01672765,0.01065874,0.00689545,0.01000378,RELIABLE,RELIABLE,RELIABLE,RELIABLE,RELIABLE,RELIABLE,RELIABLE,RELIABLE,MOVING,STATIONARY,STATIONARY,STATIONARY,STATIONARY,STATIONARY,STATIONARY,STATIONARY,MOVING
55046,1360,1,HEAD,0.11295522,0.00189612,0.01678644,0.03880189,0.05889695,0.06122418,0.01047720,0.01280503,0.00912106,0.00642435,0.00959984,RELIABLE,RELIABLE,RELIABLE,RELIABLE,RELIABLE,RELIABLE,RELIABLE,RELIABLE,MOVING,STATIONARY,STATIONARY,STATIONARY,STATIONARY,STATIONARY,STATIONARY,STATIONARY,MOVING
55078,1361,1,HEAD,0.11357048,0.00172920,0.01522576,0.03118160,0.04639084,0.04911533,0.00833283,0.01087178,0.00818988,0.00607681,0.01020473,RELIABLE,RELIABLE,RELIABLE,RELIABLE,RELIABLE,RELIABLE,RELIABLE,RELIABLE,MOVING,STATIONARY,STATIONARY,STATIONARY,STATIONARY,STATIONARY,STATIONARY,STATIONARY,MOVING
55109,1362,1,HEAD,0.11435792,0.00140321,0.01227031,0.02793902,0.03978112,0.04367254,0.00803739,0.01020870,0.00761551,0.00644020,0.01018997,RELIABLE,RELIABLE,RELIABLE,RELIABLE,RELIABLE,RELIABLE,RELIABLE,RELIABLE,MOVING,STATIONARY,STATIONARY,STATIONARY,STATIONARY,STATIONARY,STATIONARY,STATIONARY,MOVING
55156,1363,1,HEAD,0.11490211,0.00158199,0.01376817,0.02344302,0.03348259,0.03832974,0.00833815,0.00972134,0.00725079,0.00619883,0.01054465,RELIABLE,RELIABLE,RELIABLE,RELIABLE,RELIABLE,RELIABLE,RELIABLE,RELIABLE,MOVING,STATIONARY,STATIONARY,STATIONARY,STATIONARY,STATIONARY,STATIONARY,STATIONARY,MOVING
55210,1364,1,HEAD,0.11529559,0.00279646,0.02425467,0.02336007,0.03450634,0.04025359,0.00925593,0.01013013,0.00770242,0.00654600,0.01160329,RELIABLE,RELIABLE,RELIABLE,RELIABLE,RELIABLE,RELIABLE,RELIABLE,RELIABLE,MOVING,STATIONARY,STATIONARY,STATIONARY,STATIONARY,STATIONARY,STATIONARY,STATIONARY,MOVING
55250,1365,1,HEAD,0.11556465,0.00139823,0.01209910,0.01895906,0.02680424,0.03307948,0.00901284,0.00923815,0.00698503,0.00592821,0.01106851,RELIABLE,RELIABLE,RELIABLE,RELIABLE,RELIABLE,RELIABLE,RELIABLE,RELIABLE,MOVING,STATIONARY,STATIONARY,STATIONARY,STATIONARY,STATIONARY,STATIONARY,STATIONARY,MOVING
55282,1366,1,HEAD,0.11558804,0.00342337,0.02961699,0.01969881,0.02789383,0.03470799,0.01041014,0.01013191,0.00794429,0.00691384,0.01078588,RELIABLE,RELIABLE,RELIABLE,RELIABLE,RELIABLE,RELIABLE,RELIABLE,RELIABLE,MOVING,STATIONARY,STATIONARY,STATIONARY,STATIONARY,STATIONARY,STATIONARY,STATIONARY,MOVING
55313,1367,1,HEAD,0.11555644,0.00171169,0.01481255,0.01735425,0.02665608,0.03006310,0.01016120,0.01001918,0.00784443,0.00753864,0.00991203,RELIABLE,RELIABLE,RELIABLE,RELIABLE,RELIABLE,RELIABLE,RELIABLE,RELIABLE,MOVING,STATIONARY,STATIONARY,STATIONARY,STATIONARY,STATIONARY,STATIONARY,STATIONARY,MOVING
55344,1368,1,HEAD,0.11571054,0.00425718,0.03679162,0.01985490,0.03061924,0.03276713,0.01183526,0.01172248,0.00859264,0.00936634,0.01014367,RELIABLE,RELIABLE,RELIABLE,RELIABLE,RELIABLE,RELIABLE,RELIABLE,RELIABLE,MOVING,STATIONARY,STATIONARY,STATIONARY,STATIONARY,STATIONARY,STATIONARY,STATIONARY,MOVING
55376,1369,1,HEAD,0.11587977,0.00212859,0.01836895,0.02024779,0.03129643,0.03337437,0.01178956,0.01157634,0.00768181,0.00991860,0.00869003,RELIABLE,RELIABLE,RELIABLE,RELIABLE,RELIABLE,RELIABLE,RELIABLE,RELIABLE,MOVING,STATIONARY,STATIONARY,STATIONARY,STATIONARY,STATIONARY,STATIONARY,STATIONARY,MOVING
55423,1370,1,HEAD,0.11596774,0.00540872,0.04663991,0.02454399,0.04019536,0.04186007,0.01200777,0.01269058,0.00860094,0.01098458,0.00948700,RELIABLE,RELIABLE,RELIABLE,RELIABLE,RELIABLE,RELIABLE,RELIABLE,RELIABLE,STATIONARY,STATIONARY,STATIONARY,STATIONARY,STATIONARY,STATIONARY,STATIONARY,STATIONARY,STATIONARY
55483,1371,1,HEAD,0.11571820,0.00661516,0.05716612,0.02996874,0.04811295,0.05075522,0.01211789,0.01262647,0.00924477,0.01251518,0.00942420,RELIABLE,RELIABLE,RELIABLE,RELIABLE,RELIABLE,RELIABLE,RELIABLE,RELIABLE,STATIONARY,STATIONARY,STATIONARY,STATIONARY,STATIONARY,STATIONARY,STATIONARY,STATIONARY,STATIONARY
55517,1372,1,HEAD,0.11546108,0.00330758,0.02864671,0.03051774,0.04790153,0.05061231,0.01140615,0.01194161,0.00893315,0.01301557,0.00854668,RELIABLE,RELIABLE,RELIABLE,RELIABLE,RELIABLE,RELIABLE,RELIABLE,RELIABLE,STATIONARY,STATIONARY,STATIONARY,STATIONARY,STATIONARY,STATIONARY,STATIONARY,STATIONARY,STATIONARY
55548,1373,1,HEAD,0.11559204,0.00308708,0.02670664,0.03234369,0.05090453,0.05402986,0.01164632,0.01238802,0.01047929,0.01593247,0.00974505,RELIABLE,RELIABLE,RELIABLE,RELIABLE,RELIABLE,RELIABLE,RELIABLE,RELIABLE,MOVING,STATIONARY,STATIONARY,STATIONARY,STATIONARY,STATIONARY,STATIONARY,STATIONARY,MOVING
55580,1374,1,HEAD,0.11579049,0.00154354,0.01333043,0.03030787,0.04745026,0.05050795,0.01024565,0.01126869,0.00993134,0.01639405,0.01035202,RELIABLE,RELIABLE,RELIABLE,RELIABLE,RELIABLE,RELIABLE,RELIABLE,RELIABLE,MOVING,STATIONARY,STATIONARY,STATIONARY,STATIONARY,STATIONARY,STATIONARY,STATIONARY,MOVING
55611,1375,1,HEAD,0.11595700,0.00077177,0.00665565,0.02928825,0.04572015,0.04874380,0.00954468,0.01070831,0.00965638,0.01669461,0.01079969,RELIABLE,RELIABLE,RELIABLE,RELIABLE,RELIABLE,RELIABLE,RELIABLE,RELIABLE,MOVING,STATIONARY,STATIONARY,STATIONARY,STATIONARY,STATIONARY,STATIONARY,STATIONARY,MOVING
55642,1376,1,HEAD,0.11585225,0.00262675,0.02267327,0.02752346,0.04203947,0.04601780,0.00792640,0.00957308,0.00898365,0.01632452,0.01108835,RELIABLE,RELIABLE,RELIABLE,RELIABLE,RELIABLE,RELIABLE,RELIABLE,RELIABLE,MOVING,STATIONARY,STATIONARY,STATIONARY,STATIONARY,STATIONARY,STATIONARY,STATIONARY,MOVING
55673,1377,1,HEAD,0.11570587,0.00131337,0.01135098,0.02664621,0.04020521,0.04466220,0.00711935,0.00900775,0.00864849,0.01607421,0.01128031,RELIABLE,RELIABLE,RELIABLE,RELIABLE,RELIABLE,RELIABLE,RELIABLE,RELIABLE,MOVING,STATIONARY,STATIONARY,STATIONARY,STATIONARY,STATIONARY,STATIONARY,STATIONARY,MOVING
55720,1378,1,HEAD,0.11509504,0.00164018,0.01425062,0.02259755,0.03176353,0.03498564,0.00624926,0.00828731,0.00830575,0.01502516,0.01231011,RELIABLE,RELIABLE,RELIABLE,RELIABLE,RELIABLE,RELIABLE,RELIABLE,RELIABLE,MOVING,STATIONARY,STATIONARY,STATIONARY,STATIONARY,STATIONARY,STATIONARY,STATIONARY,MOVING
55766,1379,1,HEAD,0.11452102,0.00082009,0.00716103,0.01634692,0.02146250,0.02398529,0.00480891,0.00689783,0.00721346,0.01351897,0.01267169,RELIABLE,RELIABLE,RELIABLE,RELIABLE,RELIABLE,RELIABLE,RELIABLE,RELIABLE,MOVING,STATIONARY,STATIONARY,STATIONARY,STATIONARY,STATIONARY,STATIONARY,STATIONARY,MOVING
55798,1380,1,HEAD,0.11419723,0.00123326,0.01079936,0.01411600,0.01655632,0.01951349,0.00488637,0.00728257,0.00747204,0.01370030,0.01229890,RELIABLE,RELIABLE,RELIABLE,RELIABLE,RELIABLE,RELIABLE,RELIABLE,RELIABLE,MOVING,STATIONARY,STATIONARY,STATIONARY,STATIONARY,STATIONARY,STATIONARY,STATIONARY,MOVING
55844,1381,1,HEAD,0.11401738,0.00061663,0.00540819,0.01145369,0.01100162,0.01379639,0.00433171,0.00668921,0.00590162,0.01115201,0.01025920,RELIABLE,RELIABLE,RELIABLE,RELIABLE,RELIABLE,RELIABLE,RELIABLE,RELIABLE,MOVING,STATIONARY,STATIONARY,STATIONARY,STATIONARY,STATIONARY,STATIONARY,STATIONARY,MOVING
55891,1382,1,HEAD,0.11396934,0.00233866,0.02052007,0.01235240,0.01046684,0.01429197,0.00470909,0.00703952,0.00583288,0.01014489,0.00922377,RELIABLE,RELIABLE,RELIABLE,RELIABLE,RELIABLE,RELIABLE,RELIABLE,RELIABLE,MOVING,STATIONARY,STATIONARY,STATIONARY,STATIONARY,STATIONARY,STATIONARY,STATIONARY,MOVING
55923,1383,1,HEAD,0.11426352,0.00477301,0.04177195,0.01674193,0.01631040,0.02077241,0.00649843,0.00848937,0.00620739,0.01004667,0.00952218,RELIABLE,RELIABLE,RELIABLE,RELIABLE,RELIABLE,RELIABLE,RELIABLE,RELIABLE,MOVING,STATIONARY,STATIONARY,STATIONARY,STATIONARY,STATIONARY,STATIONARY,STATIONARY,MOVING
55969,1384,1,HEAD,0.11457912,0.00238650,0.02082844,0.01651133,0.01745547,0.02081853,0.00685947,0.00830717,0.00613047,0.00915078,0.00900901,RELIABLE,RELIABLE,RELIABLE,RELIABLE,RELIABLE,RELIABLE,RELIABLE,RELIABLE,MOVING,STATIONARY,STATIONARY,STATIONARY,STATIONARY,STATIONARY,STATIONARY,STATIONARY,MOVING
56001,1385,1,HEAD,0.11423428,0.00459254,0.04020278,0.02011781,0.02410937,0.02667247,0.00777223,0.00979062,0.00751712,0.00910620,0.01045232,RELIABLE,RELIABLE,RELIABLE,RELIABLE,RELIABLE,RELIABLE,RELIABLE,RELIABLE,STATIONARY,STATIONARY,STATIONARY,STATIONARY,STATIONARY,STATIONARY,STATIONARY,STATIONARY,STATIONARY
56048,1386,1,HEAD,0.11407105,0.00739914,0.06486429,0.02644451,0.03320072,0.03455959,0.00872743,0.01051284,0.00803412,0.00915287,0.00928407,RELIABLE,RELIABLE,RELIABLE,RELIABLE,RELIABLE,RELIABLE,RELIABLE,RELIABLE,STATIONARY,STATIONARY,STATIONARY,STATIONARY,STATIONARY,STATIONARY,STATIONARY,STATIONARY,STATIONARY
56081,1387,1,HEAD,0.11385974,0.00635649,0.05582734,0.03252780,0.04268716,0.04585381,0.00954168,0.01266122,0.00900252,0.00930716,0.00987141,RELIABLE,RELIABLE,RELIABLE,RELIABLE,RELIABLE,RELIABLE,RELIABLE,RELIABLE,STATIONARY,STATIONARY,STATIONARY,STATIONARY,STATIONARY,STATIONARY,STATIONARY,STATIONARY,STATIONARY
56128,1388,1,HEAD,0.11370674,0.00317824,0.02795123,0.03467179,0.04718066,0.05046771,0.00914995,0.01265554,0.00868116,0.00822001,0.01088108,RELIABLE,RELIABLE,RELIABLE,RELIABLE,RELIABLE,RELIABLE,RELIABLE,RELIABLE,STATIONARY,STATIONARY,STATIONARY,STATIONARY,STATIONARY,STATIONARY,STATIONARY,STATIONARY,STATIONARY
56159,1389,1,HEAD,0.11376335,0.00216014,0.01898800,0.03636926,0.05181052,0.05488507,0.01110202,0.01313894,0.00934328,0.00887099,0.01119073,RELIABLE,RELIABLE,RELIABLE,RELIABLE,RELIABLE,RELIABLE,RELIABLE,RELIABLE,MOVING,STATIONARY,STATIONARY,STATIONARY,STATIONARY,STATIONARY,STATIONARY,STATIONARY,MOVING
56206,1390,1,HEAD,0.11387360,0.00108007,0.00948481,0.03498985,0.05188550,0.05374260,0.01142306,0.01273419,0.00895911,0.00873574,0.01113815,RELIABLE,RELIABLE,RELIABLE,RELIABLE,RELIABLE,RELIABLE,RELIABLE,RELIABLE,MOVING,STATIONARY,STATIONARY,STATIONARY,STATIONARY,STATIONARY,STATIONARY,STATIONARY,MOVING
56253,1391,1,HEAD,0.11432152,0.00127720,0.01117203,0.03116487,0.04647871,0.04830849,0.01093492,0.01301327,0.00946273,0.00898653,0.01151155,RELIABLE,RELIABLE,RELIABLE,RELIABLE,RELIABLE,RELIABLE,RELIABLE,RELIABLE,MOVING,STATIONARY,STATIONARY,STATIONARY,STATIONARY,STATIONARY,STATIONARY,STATIONARY,MOVING
56299,1392,1,HEAD,0.11476836,0.00056314,0.00490674,0.02917465,0.04332839,0.04461480,0.01124617,0.01391628,0.00986610,0.00904463,0.01130688,RELIABLE,RELIABLE,RELIABLE,RELIABLE,RELIABLE,RELIABLE,RELIABLE,RELIABLE,MOVING,STATIONARY,STATIONARY,STATIONARY,STATIONARY,STATIONARY,STATIONARY,STATIONARY,MOVING
56347,1393,1,HEAD,0.11510366,0.00028157,0.00244622,0.02445508,0.03566957,0.03693410,0.01066719,0.01278996,0.00864109,0.00852964,0.00935258,RELIABLE,RELIABLE,RELIABLE,RELIABLE,RELIABLE,RELIABLE,RELIABLE,RELIABLE,MOVING,STATIONARY,STATIONARY,STATIONARY,STATIONARY,STATIONARY,STATIONARY,STATIONARY,MOVING
56393,1394,1,HEAD,0.11491787,0.00065016,0.00565763,0.01705425,0.02600915,0.02930510,0.01071471,0.01181492,0.00759546,0.00910841,0.00837861,RELIABLE,RELIABLE,RELIABLE,RELIABLE,RELIABLE,RELIABLE,RELIABLE,RELIABLE,MOVING,STATIONARY,STATIONARY,STATIONARY,STATIONARY,STATIONARY,STATIONARY,STATIONARY,MOVING
56424,1395,1,HEAD,0.11518247,0.00118769,0.01031137,0.01136475,0.01766447,0.01909104,0.01100183,0.01018932,0.00715233,0.00916799,0.00666381,RELIABLE,RELIABLE,RELIABLE,RELIABLE,RELIABLE,RELIABLE,RELIABLE,RELIABLE,MOVING,STATIONARY,STATIONARY,STATIONARY,STATIONARY,STATIONARY,STATIONARY,STATIONARY,MOVING
56474,1396,1,HEAD,0.11498813,0.00166816,0.01450723,0.00968425,0.01618392,0.01721310,0.01180554,0.01051411,0.00752477,0.01003614,0.00583378,RELIABLE,RELIABLE,RELIABLE,RELIABLE,RELIABLE,RELIABLE,RELIABLE,RELIABLE,MOVING,STATIONARY,STATIONARY,STATIONARY,STATIONARY,STATIONARY,STATIONARY,STATIONARY,MOVING
56519,1397,1,HEAD,0.11473072,0.00083408,0.00726989,0.00821949,0.01306412,0.01416721,0.01006026,0.01019109,0.00688862,0.00929372,0.00563424,RELIABLE,RELIABLE,RELIABLE,RELIABLE,RELIABLE,RELIABLE,RELIABLE,RELIABLE,MOVING,STATIONARY,STATIONARY,STATIONARY,STATIONARY,STATIONARY,STATIONARY,STATIONARY,MOVING
56565,1398,1,HEAD,0.11440502,0.00331418,0.02896882,0.01065499,0.01638730,0.01723078,0.01085776,0.01152750,0.00711403,0.01005907,0.00638095,RELIABLE,RELIABLE,RELIABLE,RELIABLE,RELIABLE,RELIABLE,RELIABLE,RELIABLE,MOVING,STATIONARY,STATIONARY,STATIONARY,STATIONARY,STATIONARY,STATIONARY,STATIONARY,MOVING
56611,1399,1,HEAD,0.11414662,0.00165709,0.01451720,0.01107314,0.01739086,0.01740140,0.01030718,0.01044220,0.00612385,0.00966488,0.00553930,RELIABLE,RELIABLE,RELIABLE,RELIABLE,RELIABLE,RELIABLE,RELIABLE,RELIABLE,MOVING,STATIONARY,STATIONARY,STATIONARY,STATIONARY,STATIONARY,STATIONARY,STATIONARY,MOVING
56656,1400,1,HEAD,0.11462747,0.00521237,0.04547228,0.01614383,0.02446705,0.02577536,0.01266850,0.01092504,0.00723121,0.01122052,0.00691285,RELIABLE,RELIABLE,RELIABLE,RELIABLE,RELIABLE,RELIABLE,RELIABLE,RELIABLE,STATIONARY,STATIONARY,STATIONARY,STATIONARY,STATIONARY,STATIONARY,STATIONARY,STATIONARY,STATIONARY
56704,1401,1,HEAD,0.11482967,0.00568415,0.04950071,0.02202564,0.03430590,0.03684952,0.01382912,0.01253214,0.00784823,0.01173804,0.00755112,RELIABLE,RELIABLE,RELIABLE,RELIABLE,RELIABLE,RELIABLE,RELIABLE,RELIABLE,STATIONARY,STATIONARY,STATIONARY,STATIONARY,STATIONARY,STATIONARY,STATIONARY,STATIONARY,STATIONARY
56736,1402,1,HEAD,0.11492006,0.00284208,0.02473089,0.02440980,0.03858598,0.04139292,0.01301653,0.01270813,0.00767143,0.01076524,0.00761140,RELIABLE,RELIABLE,RELIABLE,RELIABLE,RELIABLE,RELIABLE,RELIABLE,RELIABLE,STATIONARY,STATIONARY,STATIONARY,STATIONARY,STATIONARY,STATIONARY,STATIONARY,STATIONARY,STATIONARY
56783,1403,1,HEAD,0.11507551,0.00492736,0.04281846,0.02847319,0.04575514,0.04829850,0.01333719,0.01345541,0.00810886,0.01142136,0.00841471,RELIABLE,RELIABLE,RELIABLE,RELIABLE,RELIABLE,RELIABLE,RELIABLE,RELIABLE,STATIONARY,STATIONARY,STATIONARY,STATIONARY,STATIONARY,STATIONARY,STATIONARY,STATIONARY,STATIONARY
56830,1404,1,HEAD,0.11524378,0.00246368,0.02137797,0.02933203,0.04663455,0.04850820,0.01283527,0.01268816,0.00773135,0.01108637,0.00867122,RELIABLE,RELIABLE,RELIABLE,RELIABLE,RELIABLE,RELIABLE,RELIABLE,RELIABLE,STATIONARY,STATIONARY,STATIONARY,STATIONARY,STATIONARY,STATIONARY,STATIONARY,STATIONARY,STATIONARY
56861,1405,1,HEAD,0.11513322,0.00378113,0.03284131,0.03252846,0.05103053,0.05358223,0.01456997,0.01463897,0.00912974,0.01256971,0.00894207,RELIABLE,RELIABLE,RELIABLE,RELIABLE,RELIABLE,RELIABLE,RELIABLE,RELIABLE,MOVING,STATIONARY,STATIONARY,STATIONARY,STATIONARY,STATIONARY,STATIONARY,STATIONARY,MOVING
56908,1406,1,HEAD,0.11554005,0.00490894,0.04248694,0.03421822,0.05359818,0.05681484,0.01539511,0.01683586,0.01124417,0.01227121,0.00991038,RELIABLE,RELIABLE,RELIABLE,RELIABLE,RELIABLE,RELIABLE,RELIABLE,RELIABLE,MOVING,STATIONARY,STATIONARY,STATIONARY,STATIONARY,STATIONARY,STATIONARY,STATIONARY,MOVING
56940,1407,1,HEAD,0.11561976,0.00352525,0.03049005,0.03621483,0.05640358,0.06085832,0.01828598,0.01791204,0.01265313,0.01298526,0.01058949,RELIABLE,RELIABLE,RELIABLE,RELIABLE,RELIABLE,RELIABLE,RELIABLE,RELIABLE,MOVING,STATIONARY,STATIONARY,STATIONARY,STATIONARY,STATIONARY,STATIONARY,STATIONARY,MOVING
56971,1408,1,HEAD,0.11560841,0.00176263,0.01524652,0.03243661,0.05168914,0.05557947,0.01654249,0.01666371,0.01160494,0.01166803,0.00955264,RELIABLE,RELIABLE,RELIABLE,RELIABLE,RELIABLE,RELIABLE,RELIABLE,RELIABLE,MOVING,STATIONARY,STATIONARY,STATIONARY,STATIONARY,STATIONARY,STATIONARY,STATIONARY,MOVING
57018,1409,1,HEAD,0.11590782,0.00210425,0.01815449,0.02851833,0.04458931,0.04898113,0.01948331,0.01693241,0.01242531,0.01239584,0.01089116,RELIABLE,RELIABLE,RELIABLE,RELIABLE,RELIABLE,RELIABLE,RELIABLE,RELIABLE,MOVING,STATIONARY,STATIONARY,STATIONARY,STATIONARY,STATIONARY,STATIONARY,STATIONARY,MOVING
57066,1410,1,HEAD,0.08544662,0.00600698,0.07030100,0.03421459,0.04340081,0.05501977,0.10681466,0.10796641,0.04629323,0.03599725,0.03589786,RELIABLE,RELIABLE,RELIABLE,RELIABLE,RELIABLE,RELIABLE,RELIABLE,RELIABLE,MOVING,STATIONARY,STATIONARY,STATIONARY,STATIONARY,STATIONARY,STATIONARY,STATIONARY,MOVING
57111,1411,1,HEAD,0.16180731,0.00300349,0.01856215,0.03118256,0.03543955,0.04970255,0.12832952,0.13039655,0.05379421,0.04251735,0.04317463,RELIABLE,RELIABLE,RELIABLE,RELIABLE,RELIABLE,RELIABLE,RELIABLE,RELIABLE,MOVING,STATIONARY,STATIONARY,STATIONARY,STATIONARY,STATIONARY,STATIONARY,STATIONARY,MOVING
57142,1412,1,HEAD,0.11646260,0.00491846,0.04223212,0.03378932,0.03774447,0.04878934,0.17259818,0.17572027,0.07231109,0.05176886,0.05417807,RELIABLE,RELIABLE,RELIABLE,RELIABLE,RELIABLE,RELIABLE,RELIABLE,RELIABLE,MOVING,STATIONARY,STATIONARY,MOVING,MOVING,MOVING,STATIONARY,STATIONARY,MOVING
57189,1413,1,HEAD,0.10546677,0.00245923,0.02331759,0.03259886,0.03529043,0.04352994,0.19509943,0.19845883,0.08098744,0.05632329,0.06177376,RELIABLE,RELIABLE,RELIABLE,RELIABLE,RELIABLE,RELIABLE,RELIABLE,RELIABLE,MOVING,STATIONARY,STATIONARY,MOVING,MOVING,MOVING,STATIONARY,STATIONARY,MOVING
57236,1414,1,HEAD,0.10573409,0.00182139,0.01722613,0.02944126,0.03193335,0.03994418,0.20854578,0.20496337,0.08313038,0.05867780,0.06735591,RELIABLE,RELIABLE,RELIABLE,RELIABLE,RELIABLE,RELIABLE,RELIABLE,RELIABLE,MOVING,STATIONARY,STATIONARY,MOVING,MOVING,MOVING,STATIONARY,MOVING,MOVING
57282,1415,1,HEAD,0.10876301,0.00091069,0.00837320,0.02667665,0.02865715,0.03564500,0.21256154,0.20808767,0.08377824,0.05930790,0.07084586,RELIABLE,RELIABLE,RELIABLE,RELIABLE,RELIABLE,RELIABLE,RELIABLE,RELIABLE,MOVING,STATIONARY,STATIONARY,MOVING,MOVING,MOVING,STATIONARY,MOVING,MOVING
57314,1416,1,HEAD,0.11266742,0.00335845,0.02980855,0.02849690,0.03370099,0.03980370,0.21851071,0.21067567,0.08593786,0.06066130,0.07353632,RELIABLE,RELIABLE,RELIABLE,RELIABLE,RELIABLE,RELIABLE,RELIABLE,RELIABLE,MOVING,STATIONARY,STATIONARY,MOVING,MOVING,MOVING,MOVING,MOVING,MOVING
57347,1417,1,HEAD,0.11643105,0.00365251,0.03137061,0.03014892,0.03970658,0.04426617,0.22347674,0.21488105,0.08975722,0.06241773,0.07373757,RELIABLE,RELIABLE,RELIABLE,RELIABLE,RELIABLE,RELIABLE,RELIABLE,RELIABLE,MOVING,STATIONARY,STATIONARY,MOVING,MOVING,MOVING,MOVING,MOVING,MOVING
57403,1418,1,HEAD,0.11984495,0.00514241,0.04290885,0.02672490,0.04903305,0.04527599,0.14447615,0.13131383,0.06153085,0.04231093,0.05044321,RELIABLE,RELIABLE,RELIABLE,RELIABLE,RELIABLE,RELIABLE,RELIABLE,RELIABLE,MOVING,STATIONARY,STATIONARY,MOVING,MOVING,MOVING,MOVING,MOVING,MOVING
57466,1419,1,HEAD,0.12247177,0.00606159,0.04949379,0.03059136,0.06359063,0.05714423,0.13263457,0.12056941,0.05869737,0.03836067,0.04426897,RELIABLE,RELIABLE,RELIABLE,RELIABLE,RELIABLE,RELIABLE,RELIABLE,RELIABLE,MOVING,STATIONARY,STATIONARY,MOVING,MOVING,MOVING,MOVING,MOVING,MOVING
57501,1420,1,HEAD,0.12424995,0.00303080,0.02439273,0.02836143,0.06447898,0.06123215,0.09312187,0.08099249,0.04247069,0.03065444,0.03375665,RELIABLE,RELIABLE,RELIABLE,RELIABLE,RELIABLE,RELIABLE,RELIABLE,RELIABLE,MOVING,STATIONARY,STATIONARY,MOVING,MOVING,MOVING,MOVING,MOVING,MOVING
57547,1421,1,HEAD,0.12522230,0.00551549,0.04404555,0.03095243,0.07258576,0.07229783,0.07558665,0.06789346,0.03709929,0.02583135,0.02788200,RELIABLE,RELIABLE,RELIABLE,RELIABLE,RELIABLE,RELIABLE,RELIABLE,RELIABLE,MOVING,STATIONARY,STATIONARY,MOVING,MOVING,MOVING,MOVING,MOVING,MOVING
57579,1422,1,HEAD,0.12575076,0.00275774,0.02193023,0.03154044,0.07349394,0.07348001,0.06298103,0.06346367,0.03463959,0.02312390,0.02166268,RELIABLE,RELIABLE,RELIABLE,RELIABLE,RELIABLE,RELIABLE,RELIABLE,RELIABLE,MOVING,STATIONARY,STATIONARY,MOVING,MOVING,MOVING,MOVING,MOVING,MOVING
57626,1423,1,HEAD,0.12675635,0.00573089,0.04521185,0.03614527,0.08394750,0.08372901,0.06303554,0.06978389,0.03760093,0.02313687,0.02004945,RELIABLE,RELIABLE,RELIABLE,RELIABLE,RELIABLE,RELIABLE,RELIABLE,RELIABLE,MOVING,STATIONARY,STATIONARY,MOVING,MOVING,MOVING,MOVING,MOVING,MOVING
57674,1424,1,HEAD,0.12763215,0.00286544,0.02245080,0.03522555,0.08244786,0.08250101,0.05909397,0.07187862,0.03722716,0.02209628,0.01849640,RELIABLE,RELIABLE,RELIABLE,RELIABLE,RELIABLE,RELIABLE,RELIABLE,RELIABLE,MOVING,STATIONARY,STATIONARY,MOVING,MOVING,MOVING,MOVING,MOVING,MOVING
57705,1425,1,HEAD,0.12818866,0.00436913,0.03408357,0.03556467,0.08292026,0.08392180,0.05668922,0.07403378,0.03470459,0.01948255,0.01828297,RELIABLE,RELIABLE,RELIABLE,RELIABLE,RELIABLE,RELIABLE,RELIABLE,RELIABLE,MOVING,MOVING,MOVING,MOVING,MOVING,MOVING,STATIONARY,MOVING,MOVING
57734,1426,1,HEAD,0.12853183,0.00218456,0.01699629,0.03232560,0.07446271,0.07650618,0.05110045,0.06987040,0.03011780,0.01590274,0.01749777,RELIABLE,RELIABLE,RELIABLE,RELIABLE,RELIABLE,RELIABLE,RELIABLE,RELIABLE,MOVING,MOVING,MOVING,MOVING,MOVING,MOVING,STATIONARY,STATIONARY,MOVING
57768,1427,1,HEAD,0.12864919,0.00546843,0.04250656,0.03145220,0.06851713,0.07299639,0.04891633,0.06547518,0.02745679,0.01339192,0.01603713,RELIABLE,RELIABLE,RELIABLE,RELIABLE,RELIABLE,RELIABLE,RELIABLE,RELIABLE,MOVING,MOVING,MOVING,MOVING,MOVING,MOVING,STATIONARY,STATIONARY,MOVING
57800,1428,1,HEAD,0.12868764,0.00273422,0.02124693,0.03105897,0.06565435,0.07134673,0.04790487,0.06337366,0.02617045,0.01180793,0.01520542,RELIABLE,RELIABLE,RELIABLE,RELIABLE,RELIABLE,RELIABLE,RELIABLE,RELIABLE,MOVING,MOVING,MOVING,MOVING,MOVING,MOVING,STATIONARY,STATIONARY,MOVING
57833,1429,1,HEAD,0.12869848,0.00136711,0.01062257,0.02688110,0.05620634,0.06132907,0.04282366,0.05322020,0.02177889,0.01036078,0.01314529,RELIABLE,RELIABLE,RELIABLE,RELIABLE,RELIABLE,RELIABLE,RELIABLE,RELIABLE,MOVING,MOVING,MOVING,MOVING,MOVING,MOVING,STATIONARY,STATIONARY,MOVING
57879,1430,1,HEAD,0.12850612,0.00395282,0.03075981,0.02798480,0.05652332,0.06000064,0.04192899,0.05118672,0.02118729,0.01137113,0.01363824,RELIABLE,RELIABLE,RELIABLE,RELIABLE,RELIABLE,RELIABLE,RELIABLE,RELIABLE,MOVING,MOVING,MOVING,MOVING,MOVING,MOVING,STATIONARY,STATIONARY,MOVING
57926,1431,1,HEAD,0.12788924,0.00365242,0.02855926,0.02590322,0.05163068,0.05558556,0.03763564,0.04604776,0.01857930,0.01001944,0.01154703,RELIABLE,RELIABLE,RELIABLE,PARTIAL,RELIABLE,RELIABLE,RELIABLE,RELIABLE,MOVING,MOVING,MOVING,MOVING,MOVING,MOVING,STATIONARY,STATIONARY,MOVING
57972,1432,1,HEAD,0.12732614,0.00182621,0.01434278,0.02488972,0.04924622,0.05344042,0.03552445,0.04353174,0.01730021,0.00926171,0.01022699,RELIABLE,RELIABLE,RELIABLE,PARTIAL,RELIABLE,RELIABLE,RELIABLE,RELIABLE,MOVING,MOVING,MOVING,MOVING,MOVING,MOVING,STATIONARY,STATIONARY,MOVING
58004,1433,1,HEAD,0.12534743,0.00462340,0.03688466,0.02523986,0.04915712,0.05310190,0.03123726,0.04479720,0.01728950,0.01038647,0.01128618,RELIABLE,RELIABLE,RELIABLE,RELIABLE,RELIABLE,RELIABLE,RELIABLE,RELIABLE,MOVING,MOVING,MOVING,MOVING,MOVING,STATIONARY,STATIONARY,STATIONARY,MOVING
61222,1511,1,LEFT_LEG,0.12359595,0.00140712,0.01138482,0.01223607,0.01577452,0.01622116,0.03042657,0.00920188,0.01366770,,,RELIABLE,RELIABLE,RELIABLE,PARTIAL,RELIABLE,RELIABLE,UNRELIABLE,UNRELIABLE,STATIONARY,STATIONARY,STATIONARY,STATIONARY,STATIONARY,STATIONARY,UNCERTAIN,UNCERTAIN,STATIONARY
61269,1512,1,LEFT_LEG,0.12287314,0.00227692,0.01853069,0.01321808,0.01716149,0.01569916,0.03525794,0.01047807,0.01530240,,,RELIABLE,RELIABLE,RELIABLE,PARTIAL,RELIABLE,RELIABLE,PARTIAL,UNRELIABLE,STATIONARY,STATIONARY,STATIONARY,STATIONARY,STATIONARY,STATIONARY,UNCERTAIN,UNCERTAIN,STATIONARY
61316,1513,1,LEFT_LEG,0.12222079,0.00113846,0.00931480,0.01233893,0.01703242,0.01531908,0.03171459,0.01032920,0.01415104,0.00528541,,RELIABLE,RELIABLE,RELIABLE,PARTIAL,RELIABLE,RELIABLE,PARTIAL,UNRELIABLE,STATIONARY,STATIONARY,STATIONARY,STATIONARY,STATIONARY,STATIONARY,STATIONARY,UNCERTAIN,STATIONARY
61363,1514,1,LEFT_LEG,0.12176354,0.00153924,0.01264124,0.01290545,0.01845713,0.01606725,0.03272315,0.01117233,0.01497643,0.00932075,,RELIABLE,RELIABLE,RELIABLE,PARTIAL,RELIABLE,RELIABLE,PARTIAL,UNRELIABLE,STATIONARY,STATIONARY,STATIONARY,STATIONARY,STATIONARY,STATIONARY,STATIONARY,UNCERTAIN,STATIONARY
61410,1515,1,LEFT_LEG,0.12147015,0.00076962,0.00633588,0.01263831,0.01817902,0.01644803,0.03328435,0.01098493,0.01492375,0.00891879,,RELIABLE,RELIABLE,RELIABLE,PARTIAL,RELIABLE,RELIABLE,PARTIAL,UNRELIABLE,STATIONARY,STATIONARY,STATIONARY,STATIONARY,STATIONARY,STATIONARY,STATIONARY,UNCERTAIN,STATIONARY
61456,1516,1,LEFT_LEG,0.12100653,0.00249852,0.02064779,0.01469417,0.02236879,0.02098207,0.03933389,0.01373690,0.01867245,0.00924716,,RELIABLE,RELIABLE,RELIABLE,PARTIAL,RELIABLE,RELIABLE,RELIABLE,RELIABLE,STATIONARY,STATIONARY,STATIONARY,STATIONARY,STATIONARY,STATIONARY,STATIONARY,UNCERTAIN,STATIONARY
61514,1517,1,LEFT_LEG,0.12074355,0.00363486,0.03010395,0.01646596,0.02714324,0.02632953,0.03837830,0.01419417,0.01980957,0.00944733,0.06389988,RELIABLE,RELIABLE,RELIABLE,PARTIAL,RELIABLE,RELIABLE,RELIABLE,RELIABLE,STATIONARY,STATIONARY,STATIONARY,STATIONARY,STATIONARY,STATIONARY,STATIONARY,STATIONARY,STATIONARY
61549,1518,1,LEFT_LEG,0.12060765,0.00181743,0.01506893,0.01550351,0.02755151,0.02567254,0.03635379,0.01359503,0.01862731,0.00890975,0.05373553,RELIABLE,RELIABLE,RELIABLE,PARTIAL,RELIABLE,RELIABLE,RELIABLE,RELIABLE,STATIONARY,STATIONARY,STATIONARY,STATIONARY,STATIONARY,STATIONARY,STATIONARY,STATIONARY,STATIONARY
61581,1519,1,LEFT_LEG,0.11945484,0.00410509,0.03436521,0.01837606,0.03308188,0.03031251,0.04451297,0.01722595,0.02081368,0.00964148,0.05135094,RELIABLE,RELIABLE,RELIABLE,RELIABLE,RELIABLE,RELIABLE,RELIABLE,RELIABLE,STATIONARY,STATIONARY,STATIONARY,STATIONARY,STATIONARY,STATIONARY,STATIONARY,MOVING,MOVING
61612,1520,1,LEFT_LEG,0.11833982,0.00205255,0.01734450,0.01822779,0.03413658,0.03224829,0.04042414,0.01760910,0.01990961,0.00949361,0.04662726,RELIABLE,RELIABLE,RELIABLE,RELIABLE,RELIABLE,RELIABLE,RELIABLE,RELIABLE,STATIONARY,STATIONARY,STATIONARY,STATIONARY,STATIONARY,STATIONARY,STATIONARY,MOVING,MOVING
61644,1521,1,LEFT_LEG,0.11847253,0.00334289,0.02821661,0.02059051,0.04143311,0.03974523,0.04285413,0.01981472,0.02249794,0.01105036,0.04343627,RELIABLE,RELIABLE,RELIABLE,RELIABLE,RELIABLE,RELIABLE,RELIABLE,RELIABLE,STATIONARY,STATIONARY,STATIONARY,STATIONARY,STATIONARY,STATIONARY,STATIONARY,MOVING,MOVING
61675,1522,1,LEFT_LEG,0.11888413,0.00167145,0.01405946,0.02076779,0.04358310,0.04254596,0.04130795,0.01999895,0.02239424,0.01073946,0.03941424,RELIABLE,RELIABLE,RELIABLE,RELIABLE,RELIABLE,RELIABLE,RELIABLE,RELIABLE,STATIONARY,STATIONARY,STATIONARY,STATIONARY,STATIONARY,STATIONARY,STATIONARY,MOVING,MOVING
61722,1523,1,LEFT_LEG,0.11822173,0.00341614,0.02889604,0.02358781,0.05190341,0.05100510,0.04625127,0.02482644,0.02632791,0.01241108,0.03702073,RELIABLE,RELIABLE,RELIABLE,RELIABLE,RELIABLE,RELIABLE,RELIABLE,RELIABLE,STATIONARY,STATIONARY,STATIONARY,STATIONARY,STATIONARY,STATIONARY,STATIONARY,MOVING,MOVING
61753,1524,1,LEFT_LEG,0.11745660,0.00170807,0.01454213,0.02282460,0.05177113,0.05092208,0.04298568,0.02441628,0.02454054,0.01275584,0.03414980,RELIABLE,RELIABLE,RELIABLE,RELIABLE,RELIABLE,RELIABLE,RELIABLE,RELIABLE,STATIONARY,STATIONARY,STATIONARY,STATIONARY,STATIONARY,STATIONARY,STATIONARY,MOVING,MOVING
61800,1525,1,LEFT_LEG,0.11783966,0.00454350,0.03855662,0.02388119,0.05620945,0.05486993,0.04482882,0.02798478,0.02463930,0.01287442,0.03023321,RELIABLE,RELIABLE,RELIABLE,RELIABLE,RELIABLE,RELIABLE,RELIABLE,RELIABLE,STATIONARY,STATIONARY,STATIONARY,STATIONARY,STATIONARY,STATIONARY,STATIONARY,MOVING,MOVING
61831,1526,1,LEFT_LEG,0.11841400,0.00227175,0.01918481,0.02439567,0.05839141,0.05680695,0.04573075,0.02975178,0.02467744,0.01293629,0.02743072,RELIABLE,RELIABLE,RELIABLE,RELIABLE,RELIABLE,RELIABLE,RELIABLE,RELIABLE,STATIONARY,STATIONARY,STATIONARY,STATIONARY,STATIONARY,STATIONARY,STATIONARY,MOVING,MOVING
61878,1527,1,LEFT_LEG,0.11932692,0.00559679,0.04690300,0.02596290,0.06578346,0.06509341,0.04106549,0.03274455,0.02558453,0.01249316,0.02472063,RELIABLE,RELIABLE,RELIABLE,RELIABLE,RELIABLE,RELIABLE,RELIABLE,RELIABLE,STATIONARY,STATIONARY,STATIONARY,STATIONARY,STATIONARY,STATIONARY,STATIONARY,MOVING,MOVING
61910,1528,1,LEFT_LEG,0.12010130,0.00279840,0.02330029,0.02670737,0.06939582,0.06915234,0.03985381,0.03419439,0.02600580,0.01225788,0.02251365,RELIABLE,RELIABLE,RELIABLE,RELIABLE,RELIABLE,RELIABLE,RELIABLE,RELIABLE,STATIONARY,STATIONARY,STATIONARY,STATIONARY,STATIONARY,STATIONARY,STATIONARY,STATIONARY,STATIONARY
61956,1529,1,LEFT_LEG,0.12147600,0.00494977,0.04074694,0.02827366,0.07146520,0.07272972,0.03932380,0.04019591,0.02489269,0.01159090,0.01984074,RELIABLE,RELIABLE,RELIABLE,RELIABLE,RELIABLE,RELIABLE,RELIABLE,RELIABLE,STATIONARY,STATIONARY,STATIONARY,STATIONARY,STATIONARY,STATIONARY,STATIONARY,STATIONARY,STATIONARY
62002,1530,1,LEFT_LEG,0.12266499,0.00247489,0.02017599,0.02903823,0.07246282,0.07447501,0.03904100,0.04315764,0.02432913,0.01123071,0.01813246,RELIABLE,RELIABLE,RELIABLE,RELIABLE,RELIABLE,RELIABLE,RELIABLE,RELIABLE,STATIONARY,STATIONARY,STATIONARY,STATIONARY,STATIONARY,STATIONARY,STATIONARY,STATIONARY,STATIONARY
62049,1531,1,LEFT_LEG,0.12344769,0.00823326,0.06669429,0.03376301,0.08163845,0.08560256,0.04501045,0.04719567,0.02663015,0.01172608,0.01782367,RELIABLE,RELIABLE,RELIABLE,RELIABLE,RELIABLE,RELIABLE,RELIABLE,RELIABLE,MOVING,STATIONARY,STATIONARY,STATIONARY,STATIONARY,STATIONARY,STATIONARY,STATIONARY,MOVING
62123,1532,1,LEFT_LEG,0.12351943,0.00554070,0.04485688,0.03755235,0.09177168,0.09668687,0.05208927,0.05296691,0.02991955,0.01145787,0.01782893,RELIABLE,RELIABLE,RELIABLE,RELIABLE,RELIABLE,RELIABLE,RELIABLE,RELIABLE,MOVING,STATIONARY,STATIONARY,STATIONARY,STATIONARY,STATIONARY,STATIONARY,STATIONARY,MOVING
62158,1533,1,LEFT_LEG,0.12342251,0.00277035,0.02244605,0.03553853,0.08592716,0.09144363,0.05056279,0.05080217,0.02903970,0.01089662,0.01488202,RELIABLE,RELIABLE,RELIABLE,RELIABLE,RELIABLE,RELIABLE,RELIABLE,RELIABLE,MOVING,MOVING,MOVING,STATIONARY,MOVING,STATIONARY,STATIONARY,STATIONARY,MOVING
62205,1534,1,LEFT_LEG,0.12287660,0.00549239,0.04469846,0.03872774,0.09069845,0.09723612,0.05493659,0.05376414,0.02985259,0.01158262,0.01333092,RELIABLE,RELIABLE,RELIABLE,RELIABLE,RELIABLE,RELIABLE,RELIABLE,RELIABLE,MOVING,MOVING,MOVING,MOVING,MOVING,STATIONARY,STATIONARY,STATIONARY,MOVING
62237,1535,1,LEFT_LEG,0.12235939,0.00274620,0.02244370,0.03567033,0.08148075,0.08787181,0.05308469,0.04921834,0.02659913,0.01124973,0.01094003,RELIABLE,RELIABLE,RELIABLE,RELIABLE,RELIABLE,RELIABLE,RELIABLE,RELIABLE,MOVING,MOVING,MOVING,MOVING,MOVING,STATIONARY,STATIONARY,STATIONARY,MOVING
62269,1536,1,LEFT_LEG,0.12215311,0.00255136,0.02088659,0.03536861,0.08082469,0.08654551,0.05566490,0.04882636,0.02763200,0.01205379,0.01072252,RELIABLE,RELIABLE,RELIABLE,RELIABLE,RELIABLE,RELIABLE,RELIABLE,RELIABLE,MOVING,MOVING,MOVING,MOVING,MOVING,STATIONARY,STATIONARY,STATIONARY,MOVING
62316,1537,1,LEFT_LEG,0.12207962,0.00127568,0.01044958,0.03158144,0.07345898,0.07780271,0.05238462,0.04133551,0.02642541,0.01145059,0.01050965,RELIABLE,RELIABLE,RELIABLE,RELIABLE,RELIABLE,RELIABLE,RELIABLE,RELIABLE,MOVING,MOVING,MOVING,MOVING,MOVING,STATIONARY,STATIONARY,STATIONARY,MOVING
62348,1538,1,LEFT_LEG,0.12178680,0.00222063,0.01823373,0.03133866,0.07329075,0.07650619,0.05665697,0.04034178,0.02871670,0.01277329,0.01157344,RELIABLE,RELIABLE,RELIABLE,RELIABLE,RELIABLE,RELIABLE,RELIABLE,RELIABLE,MOVING,MOVING,MOVING,MOVING,MOVING,STATIONARY,STATIONARY,STATIONARY,MOVING
62395,1539,1,LEFT_LEG,0.12152059,0.00111031,0.00913684,0.02414398,0.05728753,0.05854765,0.04696801,0.03255458,0.02329557,0.01096758,0.01009490,RELIABLE,RELIABLE,RELIABLE,RELIABLE,RELIABLE,RELIABLE,RELIABLE,RELIABLE,MOVING,MOVING,MOVING,MOVING,MOVING,STATIONARY,STATIONARY,STATIONARY,MOVING
62427,1540,1,LEFT_LEG,0.12148443,0.00229814,0.01891719,0.02090152,0.04719099,0.04745265,0.04022779,0.02619084,0.02016761,0.01129369,0.01026144,RELIABLE,RELIABLE,RELIABLE,RELIABLE,RELIABLE,RELIABLE,RELIABLE,RELIABLE,MOVING,MOVING,MOVING,MOVING,MOVING,STATIONARY,STATIONARY,STATIONARY,MOVING
62474,1541,1,LEFT_LEG,0.12151482,0.00114907,0.00945623,0.01927779,0.04213629,0.04189842,0.03685294,0.02300534,0.01860103,0.01145730,0.01033706,RELIABLE,RELIABLE,RELIABLE,RELIABLE,RELIABLE,RELIABLE,RELIABLE,RELIABLE,MOVING,MOVING,MOVING,MOVING,MOVING,STATIONARY,STATIONARY,STATIONARY,MOVING
62520,1542,1,LEFT_LEG,0.12134304,0.00175474,0.01446096,0.01549810,0.03495293,0.03339822,0.03655601,0.02018356,0.01822584,0.01227889,0.01118711,RELIABLE,RELIABLE,RELIABLE,RELIABLE,RELIABLE,RELIABLE,RELIABLE,RELIABLE,MOVING,MOVING,MOVING,MOVING,MOVING,STATIONARY,STATIONARY,STATIONARY,MOVING
62587,1543,1,LEFT_LEG,0.12058895,0.00267071,0.02214725,0.01546105,0.03507554,0.03283417,0.03860296,0.01881112,0.01889845,0.01225736,0.01179430,RELIABLE,RELIABLE,RELIABLE,RELIABLE,RELIABLE,RELIABLE,RELIABLE,RELIABLE,MOVING,MOVING,MOVING,MOVING,MOVING,STATIONARY,STATIONARY,STATIONARY,MOVING
62630,1544,1,LEFT_LEG,0.11989572,0.00133536,0.01113765,0.01424243,0.03124905,0.02926265,0.03615617,0.01627360,0.01659587,0.01120681,0.01099507,RELIABLE,RELIABLE,RELIABLE,RELIABLE,RELIABLE,RELIABLE,RELIABLE,RELIABLE,MOVING,MOVING,MOVING,MOVING,STATIONARY,STATIONARY,STATIONARY,STATIONARY,MOVING
62662,1545,1,LEFT_LEG,0.11950499,0.00246183,0.02060019,0.01551126,0.03326548,0.03097702,0.03811101,0.01653363,0.01733250,0.01212920,0.01164298,RELIABLE,RELIABLE,RELIABLE,RELIABLE,RELIABLE,RELIABLE,RELIABLE,RELIABLE,MOVING,MOVING,MOVING,MOVING,STATIONARY,STATIONARY,STATIONARY,STATIONARY,MOVING
62709,1546,1,LEFT_LEG,0.11928823,0.00123091,0.01031881,0.01452189,0.03081607,0.02882168,0.03320931,0.01395828,0.01482232,0.01098990,0.01093553,RELIABLE,RELIABLE,RELIABLE,RELIABLE,RELIABLE,RELIABLE,RELIABLE,RELIABLE,STATIONARY,STATIONARY,STATIONARY,STATIONARY,STATIONARY,STATIONARY,STATIONARY,STATIONARY,STATIONARY
62741,1547,1,LEFT_LEG,0.11832216,0.00224553,0.01897808,0.01575204,0.03362934,0.03131139,0.03506333,0.01587570,0.01715978,0.01210718,0.01167042,RELIABLE,RELIABLE,RELIABLE,RELIABLE,RELIABLE,RELIABLE,RELIABLE,RELIABLE,STATIONARY,STATIONARY,STATIONARY,STATIONARY,STATIONARY,STATIONARY,STATIONARY,STATIONARY,STATIONARY
62773,1548,1,LEFT_LEG,0.11741790,0.00112276,0.00956211,0.01458266,0.03157561,0.02914015,0.03378918,0.01554855,0.01660696,0.01195318,0.01081335,RELIABLE,RELIABLE,RELIABLE,RELIABLE,RELIABLE,RELIABLE,RELIABLE,RELIABLE,STATIONARY,STATIONARY,STATIONARY,STATIONARY,STATIONARY,STATIONARY,STATIONARY,STATIONARY,STATIONARY
62804,1549,1,LEFT_LEG,0.11716037,0.00300447,0.02564404,0.01660614,0.03645685,0.03433192,0.03673247,0.02082924,0.02017599,0.01536810,0.01198643,RELIABLE,RELIABLE,RELIABLE,RELIABLE,RELIABLE,RELIABLE,RELIABLE,RELIABLE,STATIONARY,STATIONARY,STATIONARY,STATIONARY,STATIONARY,STATIONARY,STATIONARY,STATIONARY,STATIONARY
62836,1550,1,LEFT_LEG,0.11713039,0.00150223,0.01282530,0.01640168,0.03589308,0.03426950,0.03169398,0.02067073,0.02030937,0.01583895,0.01147210,RELIABLE,RELIABLE,RELIABLE,RELIABLE,RELIABLE,RELIABLE,RELIABLE,RELIABLE,STATIONARY,STATIONARY,STATIONARY,STATIONARY,STATIONARY,STATIONARY,STATIONARY,STATIONARY,STATIONARY
62868,1551,1,LEFT_LEG,0.11635815,0.00292606,0.02514704,0.01677665,0.03522524,0.03390914,0.03287357,0.02684674,0.02286675,0.02038845,0.01405211,RELIABLE,RELIABLE,RELIABLE,RELIABLE,RELIABLE,RELIABLE,RELIABLE,RELIABLE,STATIONARY,STATIONARY,STATIONARY,STATIONARY,STATIONARY,STATIONARY,STATIONARY,STATIONARY,STATIONARY
62899,1552,1,LEFT_LEG,0.11565797,0.00146303,0.01264964,0.01696565,0.03489009,0.03372863,0.03346774,0.02995367,0.02415346,0.02365203,0.01573348,RELIABLE,RELIABLE,RELIABLE,RELIABLE,RELIABLE,RELIABLE,RELIABLE,RELIABLE,STATIONARY,STATIONARY,STATIONARY,STATIONARY,STATIONARY,STATIONARY,STATIONARY,STATIONARY,STATIONARY
62946,1553,1,LEFT_LEG,0.11498645,0.00217039,0.01887520,0.01675003,0.03446521,0.03314905,0.03353612,0.03569901,0.02681937,0.04850119,0.01590964,RELIABLE,RELIABLE,RELIABLE,RELIABLE,RELIABLE,RELIABLE,RELIABLE,RELIABLE,STATIONARY,STATIONARY,STATIONARY,STATIONARY,STATIONARY,STATIONARY,STATIONARY,STATIONARY,STATIONARY
62978,1554,1,LEFT_LEG,0.11449258,0.00108520,0.00947831,0.01664497,0.03425859,0.03286415,0.03357630,0.03858652,0.02816107,0.06563321,0.01591879,RELIABLE,RELIABLE,RELIABLE,RELIABLE,RELIABLE,RELIABLE,RELIABLE,RELIABLE,STATIONARY,STATIONARY,STATIONARY,STATIONARY,STATIONARY,STATIONARY,STATIONARY,STATIONARY,STATIONARY
63010,1555,1,LEFT_LEG,0.11373744,0.00207324,0.01822831,0.01655124,0.03335570,0.03152487,0.03226949,0.04162817,0.02881790,0.08647800,0.01523753,RELIABLE,RELIABLE,RELIABLE,RELIABLE,RELIABLE,RELIABLE,RELIABLE,RELIABLE,STATIONARY,STATIONARY,STATIONARY,STATIONARY,STATIONARY,STATIONARY,STATIONARY,STATIONARY,STATIONARY
63049,1556,1,LEFT_LEG,0.11361216,0.00207774,0.01828800,0.01764198,0.03440311,0.03345068,0.03259603,0.04541021,0.03065548,0.10842679,0.01609901,RELIABLE,RELIABLE,RELIABLE,RELIABLE,RELIABLE,RELIABLE,RELIABLE,RELIABLE,STATIONARY,STATIONARY,STATIONARY,STATIONARY,STATIONARY,STATIONARY,MOVING,STATIONARY,MOVING
63088,1557,1,LEFT_LEG,0.11367572,0.00103887,0.00913889,0.01557884,0.02901825,0.02813556,0.02917858,0.04185567,0.02772806,0.12007483,0.01503605,RELIABLE,RELIABLE,RELIABLE,RELIABLE,RELIABLE,RELIABLE,RELIABLE,RELIABLE,STATIONARY,STATIONARY,STATIONARY,STATIONARY,STATIONARY,STATIONARY,MOVING,STATIONARY,MOVING
63119,1558,1,LEFT_LEG,0.11377063,0.00051943,0.00456563,0.01454638,0.02632411,0.02547613,0.02746857,0.04007641,0.02626290,0.12831328,0.01450233,RELIABLE,RELIABLE,RELIABLE,RELIABLE,RELIABLE,RELIABLE,RELIABLE,RELIABLE,STATIONARY,STATIONARY,STATIONARY,STATIONARY,STATIONARY,STATIONARY,MOVING,STATIONARY,MOVING
63165,1559,1,LEFT_LEG,0.11369855,0.00124835,0.01097951,0.01277544,0.02233644,0.02051729,0.02555758,0.03428072,0.02382960,0.13769614,0.01325720,RELIABLE,RELIABLE,RELIABLE,RELIABLE,RELIABLE,RELIABLE,RELIABLE,RELIABLE,STATIONARY,STATIONARY,STATIONARY,STATIONARY,STATIONARY,STATIONARY,MOVING,STATIONARY,MOVING
63197,1560,1,LEFT_LEG,0.11360895,0.00062418,0.00549408,0.01188099,0.02032742,0.01802208,0.02458250,0.03135979,0.02259993,0.14404281,0.01251485,RELIABLE,RELIABLE,RELIABLE,RELIABLE,RELIABLE,RELIABLE,RELIABLE,RELIABLE,STATIONARY,STATIONARY,STATIONARY,STATIONARY,STATIONARY,STATIONARY,MOVING,STATIONARY,MOVING
63229,1561,1,LEFT_LEG,0.11322855,0.00106855,0.00943708,0.01070123,0.01748584,0.01593220,0.02401741,0.02654107,0.01893609,0.12578709,0.01272830,RELIABLE,RELIABLE,RELIABLE,RELIABLE,RELIABLE,RELIABLE,RELIABLE,RELIABLE,STATIONARY,STATIONARY,STATIONARY,STATIONARY,STATIONARY,STATIONARY,MOVING,STATIONARY,MOVING
63277,1562,1,LEFT_LEG,0.11287252,0.00053427,0.00473342,0.01010811,0.01605768,0.01488146,0.02373122,0.02411964,0.01709546,0.11332295,0.01297768,RELIABLE,RELIABLE,RELIABLE,RELIABLE,RELIABLE,RELIABLE,RELIABLE,RELIABLE,STATIONARY,STATIONARY,STATIONARY,STATIONARY,STATIONARY,STATIONARY,MOVING,STATIONARY,MOVING
63308,1563,1,LEFT_LEG,0.11231602,0.00127581,0.01135907,0.00924946,0.01352657,0.01456525,0.02354827,0.01970428,0.01395834,0.09243560,0.01408607,RELIABLE,RELIABLE,RELIABLE,RELIABLE,RELIABLE,RELIABLE,RELIABLE,RELIABLE,STATIONARY,STATIONARY,STATIONARY,STATIONARY,STATIONARY,STATIONARY,MOVING,STATIONARY,MOVING
63370,1564,1,LEFT_LEG,0.11205375,0.00133022,0.01187127,0.00844737,0.01215441,0.01169374,0.02322544,0.01642336,0.01236114,0.07764738,0.01439142,RELIABLE,RELIABLE,RELIABLE,RELIABLE,RELIABLE,RELIABLE,RELIABLE,RELIABLE,STATIONARY,STATIONARY,STATIONARY,STATIONARY,STATIONARY,STATIONARY,MOVING,STATIONARY,MOVING
63451,1565,1,LEFT_LEG,0.11173048,0.00160774,0.01438948,0.00910369,0.01329743,0.01197457,0.02397026,0.01473599,0.01318050,0.07556058,0.01651490,RELIABLE,RELIABLE,RELIABLE,RELIABLE,RELIABLE,RELIABLE,RELIABLE,RELIABLE,STATIONARY,STATIONARY,STATIONARY,STATIONARY,STATIONARY,STATIONARY,MOVING,STATIONARY,MOVING
63496,1566,1,LEFT_LEG,0.11147278,0.00080387,0.00721137,0.00943441,0.01387322,0.01211873,0.02434596,0.01389479,0.01359423,0.07394925,0.01787127,RELIABLE,RELIABLE,RELIABLE,RELIABLE,RELIABLE,RELIABLE,RELIABLE,RELIABLE,STATIONARY,STATIONARY,STATIONARY,STATIONARY,STATIONARY,STATIONARY,MOVING,STATIONARY,MOVING
63528,1567,1,LEFT_LEG,0.11124254,0.00126797,0.01139829,0.00948676,0.01556018,0.01456554,0.02135454,0.01283451,0.01402225,0.07735054,0.01748174,RELIABLE,RELIABLE,RELIABLE,RELIABLE,RELIABLE,RELIABLE,RELIABLE,RELIABLE,STATIONARY,STATIONARY,STATIONARY,STATIONARY,STATIONARY,STATIONARY,MOVING,STATIONARY,MOVING
63560,1568,1,LEFT_LEG,0.11107675,0.00063399,0.00570765,0.00951345,0.01640534,0.01579088,0.01985844,0.01230432,0.01423733,0.07964199,0.01712334,RELIABLE,RELIABLE,RELIABLE,RELIABLE,RELIABLE,RELIABLE,RELIABLE,RELIABLE,STATIONARY,STATIONARY,STATIONARY,STATIONARY,STATIONARY,STATIONARY,MOVING,STATIONARY,MOVING
63608,1569,1,LEFT_LEG,0.11096854,0.00031699,0.00285661,0.00869090,0.01499130,0.01423375,0.01623732,0.00967606,0.01348303,0.07974886,0.01603797,RELIABLE,RELIABLE,RELIABLE,RELIABLE,RELIABLE,RELIABLE,RELIABLE,RELIABLE,STATIONARY,STATIONARY,STATIONARY,STATIONARY,STATIONARY,STATIONARY,MOVING,STATIONARY,MOVING
63640,1570,1,LEFT_LEG,0.11102111,0.00091771,0.00826607,0.00913248,0.01559804,0.01405541,0.01526653,0.00945947,0.01415621,0.09418121,0.01609428,RELIABLE,RELIABLE,RELIABLE,RELIABLE,RELIABLE,RELIABLE,RELIABLE,RELIABLE,STATIONARY,STATIONARY,STATIONARY,STATIONARY,STATIONARY,STATIONARY,MOVING,STATIONARY,MOVING
63672,1571,1,LEFT_LEG,0.11110115,0.00045885,0.00413006,0.00822885,0.01447380,0.01138114,0.01183467,0.00774849,0.01312651,0.10582971,0.01468525,RELIABLE,RELIABLE,RELIABLE,RELIABLE,RELIABLE,RELIABLE,RELIABLE,RELIABLE,STATIONARY,STATIONARY,STATIONARY,STATIONARY,STATIONARY,STATIONARY,MOVING,STATIONARY,MOVING
63718,1572,1,LEFT_LEG,0.11019476,0.00245159,0.02224779,0.00952591,0.01327061,0.01305204,0.01068720,0.00832722,0.01366574,0.11565801,0.01461643,RELIABLE,RELIABLE,RELIABLE,RELIABLE,RELIABLE,RELIABLE,RELIABLE,RELIABLE,STATIONARY,STATIONARY,STATIONARY,STATIONARY,STATIONARY,STATIONARY,MOVING,STATIONARY,MOVING
63770,1573,1,LEFT_LEG,0.10902694,0.00080758,0.00740719,0.00865313,0.01211693,0.01286328,0.00928972,0.00911563,0.01289121,0.11673106,0.01335115,RELIABLE,RELIABLE,RELIABLE,RELIABLE,RELIABLE,RELIABLE,RELIABLE,RELIABLE,STATIONARY,STATIONARY,STATIONARY,STATIONARY,STATIONARY,STATIONARY,MOVING,STATIONARY,MOVING
63834,1574,1,LEFT_LEG,0.10898142,0.00125564,0.01152163,0.00919191,0.01169502,0.01322224,0.01062026,0.01100820,0.01408014,0.11901949,0.01296501,RELIABLE,RELIABLE,RELIABLE,RELIABLE,RELIABLE,RELIABLE,RELIABLE,RELIABLE,STATIONARY,STATIONARY,STATIONARY,STATIONARY,STATIONARY,STATIONARY,MOVING,STATIONARY,MOVING
63877,1575,1,LEFT_LEG,0.10922789,0.00062782,0.00574782,0.00848560,0.00937198,0.01127140,0.00960725,0.01119070,0.01279465,0.10869943,0.01183791,RELIABLE,RELIABLE,RELIABLE,RELIABLE,RELIABLE,RELIABLE,RELIABLE,RELIABLE,STATIONARY,STATIONARY,STATIONARY,STATIONARY,STATIONARY,STATIONARY,MOVING,STATIONARY,MOVING
63914,1576,1,LEFT_LEG,0.10967604,0.00106702,0.00972886,0.00898825,0.00984181,0.01201596,0.01052759,0.01293775,0.01229983,0.10249562,0.01170681,RELIABLE,RELIABLE,RELIABLE,RELIABLE,RELIABLE,RELIABLE,RELIABLE,RELIABLE,STATIONARY,STATIONARY,STATIONARY,STATIONARY,STATIONARY,STATIONARY,MOVING,STATIONARY,MOVING
63956,1577,1,LEFT_LEG,0.11006538,0.00053351,0.00484722,0.00923708,0.01007266,0.01238382,0.01098359,0.01380700,0.01205038,0.09828223,0.01164063,RELIABLE,RELIABLE,RELIABLE,RELIABLE,RELIABLE,RELIABLE,RELIABLE,RELIABLE,STATIONARY,STATIONARY,STATIONARY,STATIONARY,STATIONARY,STATIONARY,MOVING,STATIONARY,MOVING
64002,1578,1,LEFT_LEG,0.11034337,0.00026676,0.00241751,0.00850601,0.00886976,0.01196265,0.01036394,0.01313809,0.01087262,0.08103248,0.01081698,RELIABLE,RELIABLE,RELIABLE,RELIABLE,RELIABLE,RELIABLE,RELIABLE,RELIABLE,STATIONARY,STATIONARY,STATIONARY,STATIONARY,STATIONARY,STATIONARY,MOVING,STATIONARY,MOVING
64034,1579,1,LEFT_LEG,0.11034378,0.00106981,0.00969521,0.00920166,0.00901989,0.01247239,0.01141043,0.01473391,0.01142330,0.06970615,0.01144360,RELIABLE,RELIABLE,RELIABLE,RELIABLE,RELIABLE,RELIABLE,RELIABLE,RELIABLE,STATIONARY,STATIONARY,STATIONARY,STATIONARY,STATIONARY,STATIONARY,MOVING,STATIONARY,MOVING
64080,1580,1,LEFT_LEG,0.11027612,0.00053490,0.00485058,0.00702700,0.00832330,0.00981896,0.01059600,0.01289605,0.00914824,0.05308837,0.01025105,RELIABLE,RELIABLE,RELIABLE,RELIABLE,RELIABLE,RELIABLE,RELIABLE,RELIABLE,STATIONARY,STATIONARY,STATIONARY,STATIONARY,STATIONARY,STATIONARY,MOVING,STATIONARY,MOVING
64127,1581,1,LEFT_LEG,0.11061258,0.00150905,0.01364265,0.00780644,0.00824572,0.00991091,0.01306951,0.01555759,0.00818166,0.03938810,0.00923556,RELIABLE,RELIABLE,RELIABLE,RELIABLE,RELIABLE,RELIABLE,RELIABLE,RELIABLE,STATIONARY,STATIONARY,STATIONARY,STATIONARY,STATIONARY,STATIONARY,MOVING,STATIONARY,MOVING
64169,1582,1,LEFT_LEG,0.11061140,0.00160813,0.01453858,0.00818355,0.01019809,0.01107076,0.01268657,0.01776122,0.00694925,0.02956025,0.01036268,RELIABLE,RELIABLE,RELIABLE,RELIABLE,RELIABLE,RELIABLE,RELIABLE,RELIABLE,STATIONARY,STATIONARY,STATIONARY,STATIONARY,STATIONARY,STATIONARY,MOVING,STATIONARY,MOVING
64235,1583,1,LEFT_LEG,0.11079484,0.00103287,0.00932236,0.00863037,0.01101238,0.01151047,0.01320681,0.02145876,0.00653260,0.02359533,0.01099918,RELIABLE,RELIABLE,RELIABLE,RELIABLE,RELIABLE,RELIABLE,RELIABLE,RELIABLE,STATIONARY,STATIONARY,STATIONARY,STATIONARY,STATIONARY,STATIONARY,MOVING,STATIONARY,MOVING
64268,1584,1,LEFT_LEG,0.11097866,0.00051643,0.00465346,0.00799595,0.00978491,0.01000728,0.01203695,0.02164687,0.00617370,0.01869175,0.01089296,RELIABLE,RELIABLE,RELIABLE,RELIABLE,RELIABLE,RELIABLE,RELIABLE,RELIABLE,STATIONARY,STATIONARY,STATIONARY,STATIONARY,STATIONARY,STATIONARY,MOVING,STATIONARY,MOVING
64314,1585,1,LEFT_LEG,0.11132231,0.00096506,0.00866906,0.00847368,0.00931283,0.00940570,0.01338162,0.02477771,0.00734397,0.01660406,0.01113971,RELIABLE,RELIABLE,RELIABLE,RELIABLE,RELIABLE,RELIABLE,RELIABLE,RELIABLE,STATIONARY,STATIONARY,STATIONARY,STATIONARY,STATIONARY,STATIONARY,MOVING,STATIONARY,MOVING
64359,1586,1,LEFT_LEG,0.11162648,0.00048253,0.00432272,0.00871183,0.00907734,0.00910563,0.01405202,0.02633874,0.00792747,0.01507054,0.01120310,RELIABLE,RELIABLE,RELIABLE,RELIABLE,RELIABLE,RELIABLE,RELIABLE,RELIABLE,STATIONARY,STATIONARY,STATIONARY,STATIONARY,STATIONARY,STATIONARY,MOVING,STATIONARY,MOVING
64391,1587,1,LEFT_LEG,0.11234608,0.00147137,0.01309674,0.00913702,0.01058994,0.01000547,0.01462539,0.02725052,0.00921108,0.01720358,0.01361458,RELIABLE,RELIABLE,RELIABLE,RELIABLE,RELIABLE,RELIABLE,RELIABLE,RELIABLE,STATIONARY,STATIONARY,STATIONARY,STATIONARY,STATIONARY,STATIONARY,STATIONARY,STATIONARY,STATIONARY
64423,1588,1,LEFT_LEG,0.11299001,0.00073568,0.00651105,0.00934458,0.01133881,0.01044972,0.01490537,0.02769683,0.00984532,0.01847233,0.01512891,RELIABLE,RELIABLE,RELIABLE,RELIABLE,RELIABLE,RELIABLE,RELIABLE,RELIABLE,STATIONARY,STATIONARY,STATIONARY,STATIONARY,STATIONARY,STATIONARY,STATIONARY,STATIONARY,STATIONARY
64470,1589,1,LEFT_LEG,0.11345412,0.00036784,0.00324221,0.00804452,0.01016403,0.00856012,0.01208078,0.02388579,0.00941622,0.01920677,0.01562409,RELIABLE,RELIABLE,RELIABLE,RELIABLE,RELIABLE,RELIABLE,RELIABLE,RELIABLE,STATIONARY,STATIONARY,STATIONARY,STATIONARY,STATIONARY,STATIONARY,STATIONARY,STATIONARY,STATIONARY
64516,1590,1,LEFT_LEG,0.11352865,0.00282814,0.02491123,0.00934110,0.00982196,0.00981636,0.01122710,0.02146175,0.01001083,0.03866013,0.01525316,RELIABLE,RELIABLE,RELIABLE,RELIABLE,RELIABLE,RELIABLE,RELIABLE,RELIABLE,STATIONARY,STATIONARY,STATIONARY,STATIONARY,STATIONARY,STATIONARY,STATIONARY,STATIONARY,STATIONARY
64570,1591,1,LEFT_LEG,0.11330493,0.00367246,0.03241221,0.01222733,0.01321102,0.01259709,0.01184632,0.01771502,0.01138060,0.06484341,0.01436942,RELIABLE,RELIABLE,RELIABLE,RELIABLE,RELIABLE,RELIABLE,RELIABLE,RELIABLE,STATIONARY,STATIONARY,STATIONARY,STATIONARY,STATIONARY,STATIONARY,STATIONARY,STATIONARY,STATIONARY
64634,1592,1,LEFT_LEG,0.11279777,0.00123646,0.01096172,0.01301587,0.01459820,0.01451103,0.01247220,0.01693269,0.01484087,0.09519065,0.01603954,RELIABLE,RELIABLE,RELIABLE,RELIABLE,RELIABLE,RELIABLE,RELIABLE,RELIABLE,STATIONARY,STATIONARY,STATIONARY,STATIONARY,STATIONARY,STATIONARY,STATIONARY,STATIONARY,STATIONARY
64673,1593,1,LEFT_LEG,0.11235307,0.00061823,0.00550256,0.01262005,0.01515759,0.01532673,0.01086213,0.01351208,0.01523041,0.11456573,0.01675022,RELIABLE,RELIABLE,RELIABLE,RELIABLE,RELIABLE,RELIABLE,RELIABLE,RELIABLE,STATIONARY,STATIONARY,STATIONARY,STATIONARY,STATIONARY,STATIONARY,MOVING,STATIONARY,MOVING
64719,1594,1,LEFT_LEG,0.11230973,0.00194986,0.01736147,0.01424990,0.01804444,0.01730090,0.01096687,0.01269035,0.01563004,0.13396260,0.01866192,RELIABLE,RELIABLE,RELIABLE,RELIABLE,RELIABLE,RELIABLE,RELIABLE,RELIABLE,STATIONARY,STATIONARY,STATIONARY,STATIONARY,STATIONARY,STATIONARY,MOVING,STATIONARY,MOVING
64766,1595,1,LEFT_LEG,0.11237852,0.00097493,0.00867542,0.01369723,0.01710559,0.01651746,0.00942476,0.01021800,0.01369856,0.14348654,0.01653123,RELIABLE,RELIABLE,RELIABLE,RELIABLE,RELIABLE,RELIABLE,RELIABLE,RELIABLE,STATIONARY,STATIONARY,STATIONARY,STATIONARY,STATIONARY,STATIONARY,MOVING,STATIONARY,MOVING
64797,1596,1,LEFT_LEG,0.11286472,0.00123096,0.01090650,0.01424666,0.01743033,0.01657465,0.01112194,0.01001623,0.01419073,0.15705941,0.01521491,RELIABLE,RELIABLE,RELIABLE,RELIABLE,RELIABLE,RELIABLE,RELIABLE,RELIABLE,STATIONARY,STATIONARY,STATIONARY,STATIONARY,STATIONARY,STATIONARY,MOVING,STATIONARY,MOVING
64828,1597,1,LEFT_LEG,0.11333565,0.00061548,0.00543059,0.01452021,0.01759198,0.01660310,0.01196697,0.00991572,0.01443576,0.16643138,0.01429291,RELIABLE,RELIABLE,RELIABLE,RELIABLE,RELIABLE,RELIABLE,RELIABLE,RELIABLE,STATIONARY,STATIONARY,STATIONARY,STATIONARY,STATIONARY,STATIONARY,MOVING,STATIONARY,MOVING
64859,1598,1,LEFT_LEG,0.11266734,0.00067919,0.00602830,0.01215984,0.01608170,0.01362263,0.01291158,0.00906059,0.01372642,0.15220272,0.01442702,RELIABLE,RELIABLE,RELIABLE,RELIABLE,RELIABLE,RELIABLE,RELIABLE,RELIABLE,STATIONARY,STATIONARY,STATIONARY,STATIONARY,STATIONARY,STATIONARY,MOVING,STATIONARY,MOVING
64906,1599,1,LEFT_LEG,0.11188302,0.00033960,0.00303528,0.00848773,0.01193377,0.01012540,0.01163655,0.00857964,0.01210701,0.12900770,0.01532403,RELIABLE,RELIABLE,RELIABLE,RELIABLE,RELIABLE,RELIABLE,RELIABLE,RELIABLE,STATIONARY,STATIONARY,STATIONARY,STATIONARY,STATIONARY,STATIONARY,MOVING,STATIONARY,MOVING
64937,1600,1,LEFT_LEG,0.11126622,0.00016980,0.00152605,0.00730827,0.01016995,0.00785564,0.01068728,0.00725416,0.00852437,0.10078879,0.01366909,RELIABLE,RELIABLE,RELIABLE,RELIABLE,RELIABLE,RELIABLE,RELIABLE,RELIABLE,STATIONARY,STATIONARY,STATIONARY,STATIONARY,STATIONARY,STATIONARY,MOVING,STATIONARY,MOVING
64984,1601,1,LEFT_LEG,0.11179355,0.00156918,0.01403640,0.00837500,0.01094426,0.00757290,0.01148269,0.00798489,0.00769684,0.08486728,0.01274575,RELIABLE,RELIABLE,RELIABLE,RELIABLE,RELIABLE,RELIABLE,RELIABLE,RELIABLE,STATIONARY,STATIONARY,STATIONARY,STATIONARY,STATIONARY,STATIONARY,MOVING,STATIONARY,MOVING
65015,1602,1,LEFT_LEG,0.11247664,0.00078459,0.00697558,0.00707676,0.00871940,0.00586283,0.01096913,0.00746272,0.00707691,0.06783861,0.01078101,RELIABLE,RELIABLE,RELIABLE,RELIABLE,RELIABLE,RELIABLE,RELIABLE,RELIABLE,STATIONARY,STATIONARY,STATIONARY,STATIONARY,STATIONARY,STATIONARY,MOVING,STATIONARY,MOVING
65063,1603,1,LEFT_LEG,0.11355637,0.00087378,0.00769466,0.00695417,0.00840875,0.00594721,0.01242718,0.00862159,0.00867050,0.06452507,0.01147479,RELIABLE,RELIABLE,RELIABLE,RELIABLE,RELIABLE,RELIABLE,RELIABLE,RELIABLE,STATIONARY,STATIONARY,STATIONARY,STATIONARY,STATIONARY,STATIONARY,MOVING,STATIONARY,MOVING
65094,1604,1,LEFT_LEG,0.11355232,0.00150071,0.01321606,0.00724286,0.00838137,0.00705651,0.01205079,0.00912815,0.00907293,0.06367178,0.01357434,RELIABLE,RELIABLE,RELIABLE,RELIABLE,RELIABLE,RELIABLE,RELIABLE,RELIABLE,STATIONARY,STATIONARY,STATIONARY,STATIONARY,STATIONARY,STATIONARY,MOVING,STATIONARY,MOVING
65126,1605,1,LEFT_LEG,0.11328027,0.00075036,0.00662390,0.00739203,0.00837279,0.00761575,0.01187126,0.00938646,0.00928035,0.06310153,0.01494588,RELIABLE,RELIABLE,RELIABLE,RELIABLE,RELIABLE,RELIABLE,RELIABLE,RELIABLE,STATIONARY,STATIONARY,STATIONARY,STATIONARY,STATIONARY,STATIONARY,MOVING,STATIONARY,MOVING
65174,1606,1,LEFT_LEG,0.11285076,0.00096678,0.00856686,0.00770935,0.00854352,0.00713683,0.01151842,0.00928868,0.01059505,0.08368115,0.01530812,RELIABLE,RELIABLE,RELIABLE,RELIABLE,RELIABLE,RELIABLE,RELIABLE,RELIABLE,STATIONARY,STATIONARY,STATIONARY,STATIONARY,STATIONARY,STATIONARY,MOVING,STATIONARY,MOVING
65206,1607,1,LEFT_LEG,0.11248978,0.00048339,0.00429718,0.00786709,0.00862689,0.00689466,0.01133728,0.00923700,0.01125215,0.09764981,0.01558377,RELIABLE,RELIABLE,RELIABLE,RELIABLE,RELIABLE,RELIABLE,RELIABLE,RELIABLE,STATIONARY,STATIONARY,STATIONARY,STATIONARY,STATIONARY,STATIONARY,MOVING,STATIONARY,MOVING
65238,1608,1,LEFT_LEG,0.11223630,0.00024169,0.00215344,0.00794551,0.00866768,0.00677246,0.01124470,0.00920996,0.01158041,0.10720583,0.01578760,RELIABLE,RELIABLE,RELIABLE,RELIABLE,RELIABLE,RELIABLE,RELIABLE,RELIABLE,STATIONARY,STATIONARY,STATIONARY,STATIONARY,STATIONARY,STATIONARY,MOVING,STATIONARY,MOVING
65270,1609,1,LEFT_LEG,0.11221777,0.00127898,0.01139733,0.00761562,0.00848729,0.00776872,0.01147497,0.00966120,0.01222120,0.12213763,0.01847848,RELIABLE,RELIABLE,RELIABLE,RELIABLE,RELIABLE,RELIABLE,RELIABLE,RELIABLE,STATIONARY,STATIONARY,STATIONARY,STATIONARY,STATIONARY,STATIONARY,MOVING,STATIONARY,MOVING
65338,1610,1,LEFT_LEG,0.11209138,0.00222501,0.01984993,0.00922492,0.00987436,0.01039386,0.01291050,0.01109509,0.01392645,0.13643884,0.02066470,RELIABLE,RELIABLE,RELIABLE,RELIABLE,RELIABLE,RELIABLE,RELIABLE,RELIABLE,STATIONARY,STATIONARY,STATIONARY,STATIONARY,STATIONARY,STATIONARY,MOVING,STATIONARY,MOVING
65380,1611,1,LEFT_LEG,0.11197015,0.00111250,0.00993571,0.00950505,0.00976831,0.01076937,0.01191503,0.01039368,0.01287712,0.13783303,0.02004702,RELIABLE,RELIABLE,RELIABLE,RELIABLE,RELIABLE,RELIABLE,RELIABLE,RELIABLE,STATIONARY,STATIONARY,STATIONARY,STATIONARY,STATIONARY,STATIONARY,MOVING,STATIONARY,MOVING
65411,1612,1,LEFT_LEG,0.11188063,0.00055625,0.00497183,0.00847452,0.00880076,0.00944709,0.01006114,0.00909079,0.01129654,0.13059923,0.01794839,RELIABLE,RELIABLE,RELIABLE,RELIABLE,RELIABLE,RELIABLE,RELIABLE,RELIABLE,STATIONARY,STATIONARY,STATIONARY,STATIONARY,STATIONARY,STATIONARY,MOVING,STATIONARY,MOVING
65442,1613,1,LEFT_LEG,0.11224888,0.00306538,0.02730874,0.01106013,0.01238412,0.01240407,0.01045267,0.00936197,0.01138616,0.12149563,0.01692684,RELIABLE,RELIABLE,RELIABLE,RELIABLE,RELIABLE,RELIABLE,RELIABLE,RELIABLE,STATIONARY,STATIONARY,STATIONARY,STATIONARY,STATIONARY,STATIONARY,MOVING,STATIONARY,MOVING
65489,1614,1,LEFT_LEG,0.11265238,0.00153269,0.01360546,0.01168995,0.01318918,0.01385750,0.00941571,0.00867318,0.00941030,0.09500992,0.01450232,RELIABLE,RELIABLE,RELIABLE,RELIABLE,RELIABLE,RELIABLE,RELIABLE,RELIABLE,STATIONARY,STATIONARY,STATIONARY,STATIONARY,STATIONARY,STATIONARY,MOVING,STATIONARY,MOVING
65530,1615,1,LEFT_LEG,0.11314365,0.00100811,0.00891001,0.01226656,0.01316862,0.01426155,0.01023208,0.00971379,0.00984077,0.09355639,0.01337589,RELIABLE,RELIABLE,RELIABLE,RELIABLE,RELIABLE,RELIABLE,RELIABLE,RELIABLE,STATIONARY,STATIONARY,STATIONARY,STATIONARY,STATIONARY,STATIONARY,MOVING,STATIONARY,MOVING
65568,1616,1,LEFT_LEG,0.11353619,0.00050406,0.00443960,0.01255233,0.01315642,0.01446210,0.01063623,0.01023044,0.01005160,0.09241459,0.01259422,RELIABLE,RELIABLE,RELIABLE,RELIABLE,RELIABLE,RELIABLE,RELIABLE,RELIABLE,STATIONARY,STATIONARY,STATIONARY,STATIONARY,STATIONARY,STATIONARY,MOVING,STATIONARY,MOVING
65600,1617,1,LEFT_LEG,0.11380644,0.00025203,0.00221453,0.01140448,0.01169040,0.01264746,0.00928771,0.00862621,0.00870785,0.07992900,0.00944078,RELIABLE,RELIABLE,RELIABLE,RELIABLE,RELIABLE,RELIABLE,RELIABLE,RELIABLE,STATIONARY,STATIONARY,STATIONARY,STATIONARY,STATIONARY,STATIONARY,MOVING,STATIONARY,MOVING
65632,1618,1,LEFT_LEG,0.11332121,0.00116553,0.01028515,0.01020888,0.01099474,0.01117374,0.00852337,0.00871450,0.00947622,0.08322876,0.00977991,RELIABLE,RELIABLE,RELIABLE,RELIABLE,RELIABLE,RELIABLE,RELIABLE,RELIABLE,STATIONARY,STATIONARY,STATIONARY,STATIONARY,STATIONARY,STATIONARY,MOVING,STATIONARY,MOVING
65663,1619,1,LEFT_LEG,0.11276987,0.00058276,0.00516772,0.00961288,0.01064956,0.01043921,0.00814353,0.00876308,0.00986660,0.08544586,0.00995844,RELIABLE,RELIABLE,RELIABLE,RELIABLE,RELIABLE,RELIABLE,RELIABLE,RELIABLE,STATIONARY,STATIONARY,STATIONARY,STATIONARY,STATIONARY,STATIONARY,MOVING,STATIONARY,MOVING
65696,1620,1,LEFT_LEG,0.11234020,0.00029138,0.00259374,0.00931562,0.01047804,0.01007290,0.00795455,0.00878914,0.01006425,0.08695340,0.01005362,RELIABLE,RELIABLE,RELIABLE,RELIABLE,RELIABLE,RELIABLE,RELIABLE,RELIABLE,STATIONARY,STATIONARY,STATIONARY,STATIONARY,STATIONARY,STATIONARY,MOVING,STATIONARY,MOVING
65738,1621,1,LEFT_LEG,0.11259978,0.00233190,0.02070964,0.00849073,0.00913982,0.00972130,0.00769041,0.00934888,0.01150640,0.10659007,0.01222414,RELIABLE,RELIABLE,RELIABLE,RELIABLE,RELIABLE,RELIABLE,RELIABLE,RELIABLE,STATIONARY,STATIONARY,STATIONARY,STATIONARY,STATIONARY,STATIONARY,MOVING,STATIONARY,MOVING
65775,1622,1,LEFT_LEG,0.11297277,0.00116595,0.01032063,0.00808013,0.00847353,0.00954665,0.00755900,0.00962800,0.01222526,0.11998749,0.01365474,RELIABLE,RELIABLE,RELIABLE,RELIABLE,RELIABLE,RELIABLE,RELIABLE,RELIABLE,STATIONARY,STATIONARY,STATIONARY,STATIONARY,STATIONARY,STATIONARY,MOVING,STATIONARY,MOVING
65806,1623,1,LEFT_LEG,0.11328235,0.00058298,0.00514621,0.00760965,0.00855924,0.00977861,0.00615459,0.00837930,0.01116040,0.11252532,0.01412069,RELIABLE,RELIABLE,RELIABLE,RELIABLE,RELIABLE,RELIABLE,RELIABLE,RELIABLE,STATIONARY,STATIONARY,STATIONARY,STATIONARY,STATIONARY,STATIONARY,MOVING,STATIONARY,MOVING
65853,1624,1,LEFT_LEG,0.11349905,0.00029149,0.00256819,0.00737573,0.00860252,0.00989490,0.00545507,0.00775744,0.01063031,0.10755157,0.01445822,RELIABLE,RELIABLE,RELIABLE,RELIABLE,RELIABLE,RELIABLE,RELIABLE,RELIABLE,STATIONARY,STATIONARY,STATIONARY,STATIONARY,STATIONARY,STATIONARY,MOVING,STATIONARY,MOVING
65899,1625,1,LEFT_LEG,0.11306973,0.00127017,0.01123352,0.00850310,0.00955221,0.01034077,0.00683558,0.00940888,0.01194659,0.11486318,0.01617260,RELIABLE,RELIABLE,RELIABLE,RELIABLE,RELIABLE,RELIABLE,RELIABLE,RELIABLE,STATIONARY,STATIONARY,STATIONARY,STATIONARY,STATIONARY,STATIONARY,MOVING,STATIONARY,MOVING
65930,1626,1,LEFT_LEG,0.11258830,0.00063509,0.00564078,0.00792255,0.00852033,0.00900742,0.00630410,0.00814512,0.00978678,0.10417491,0.01438312,RELIABLE,RELIABLE,RELIABLE,RELIABLE,RELIABLE,RELIABLE,RELIABLE,RELIABLE,STATIONARY,STATIONARY,STATIONARY,STATIONARY,STATIONARY,STATIONARY,MOVING,STATIONARY,MOVING
65962,1627,1,LEFT_LEG,0.11267034,0.00113905,0.01010959,0.00854029,0.00860446,0.00981320,0.00645507,0.00795397,0.00935611,0.09873195,0.01495309,RELIABLE,RELIABLE,RELIABLE,RELIABLE,RELIABLE,RELIABLE,RELIABLE,RELIABLE,STATIONARY,STATIONARY,STATIONARY,STATIONARY,STATIONARY,STATIONARY,MOVING,STATIONARY,MOVING
65994,1628,1,LEFT_LEG,0.11287286,0.00056953,0.00504572,0.00884679,0.00864420,0.01021305,0.00652838,0.00785532,0.00913688,0.09490898,0.01537408,RELIABLE,RELIABLE,RELIABLE,RELIABLE,RELIABLE,RELIABLE,RELIABLE,RELIABLE,STATIONARY,STATIONARY,STATIONARY,STATIONARY,STATIONARY,STATIONARY,MOVING,STATIONARY,MOVING
66024,1629,1,LEFT_LEG,0.11305490,0.00028476,0.00251880,0.00657293,0.00584719,0.00696012,0.00541299,0.00633404,0.00680101,0.07784364,0.01327250,RELIABLE,RELIABLE,RELIABLE,RELIABLE,RELIABLE,RELIABLE,RELIABLE,RELIABLE,STATIONARY,STATIONARY,STATIONARY,STATIONARY,STATIONARY,STATIONARY,MOVING,STATIONARY,MOVING
66057,1630,1,LEFT_LEG,0.11330168,0.00172707,0.01524315,0.00718824,0.00602647,0.00607460,0.00746056,0.00690925,0.00728202,0.07321675,0.01285499,RELIABLE,RELIABLE,RELIABLE,RELIABLE,RELIABLE,RELIABLE,RELIABLE,RELIABLE,STATIONARY,STATIONARY,STATIONARY,STATIONARY,STATIONARY,STATIONARY,MOVING,STATIONARY,MOVING
66102,1631,1,LEFT_LEG,0.11350646,0.00086354,0.00760782,0.00749595,0.00611664,0.00563348,0.00848281,0.00719674,0.00752269,0.06995035,0.01259669,RELIABLE,RELIABLE,RELIABLE,RELIABLE,RELIABLE,RELIABLE,RELIABLE,RELIABLE,STATIONARY,STATIONARY,STATIONARY,STATIONARY,STATIONARY,STATIONARY,MOVING,STATIONARY,MOVING
66134,1632,1,LEFT_LEG,0.11365041,0.00043177,0.00379909,0.00764981,0.00616191,0.00541349,0.00899340,0.00734044,0.00764308,0.06764980,0.01243274,RELIABLE,RELIABLE,RELIABLE,RELIABLE,RELIABLE,RELIABLE,RELIABLE,RELIABLE,STATIONARY,STATIONARY,STATIONARY,STATIONARY,STATIONARY,STATIONARY,MOVING,STATIONARY,MOVING
66180,1633,1,LEFT_LEG,0.11308249,0.00195573,0.01729473,0.00840746,0.00775368,0.00797023,0.00810863,0.00715761,0.00852603,0.06420418,0.01260732,RELIABLE,RELIABLE,RELIABLE,RELIABLE,RELIABLE,RELIABLE,RELIABLE,RELIABLE,STATIONARY,STATIONARY,STATIONARY,STATIONARY,STATIONARY,STATIONARY,MOVING,STATIONARY,MOVING
66234,1634,1,LEFT_LEG,0.11324579,0.00072480,0.00640022,0.00850239,0.00887952,0.00963021,0.00893905,0.00803970,0.01061420,0.08469209,0.01331228,RELIABLE,RELIABLE,RELIABLE,RELIABLE,RELIABLE,RELIABLE,RELIABLE,RELIABLE,STATIONARY,STATIONARY,STATIONARY,STATIONARY,STATIONARY,STATIONARY,MOVING,STATIONARY,MOVING
66276,1635,1,LEFT_LEG,0.11355141,0.00036240,0.00319150,0.00763763,0.00883621,0.00898108,0.00893169,0.00803179,0.01099764,0.09678701,0.01194496,RELIABLE,RELIABLE,RELIABLE,RELIABLE,RELIABLE,RELIABLE,RELIABLE,RELIABLE,STATIONARY,STATIONARY,STATIONARY,STATIONARY,STATIONARY,STATIONARY,MOVING,STATIONARY,MOVING
66330,1636,1,LEFT_LEG,0.11308764,0.00132482,0.01171501,0.00847129,0.00908190,0.00904273,0.01019693,0.00934760,0.01396705,0.12490644,0.01219196,RELIABLE,RELIABLE,RELIABLE,RELIABLE,RELIABLE,RELIABLE,RELIABLE,RELIABLE,STATIONARY,STATIONARY,STATIONARY,STATIONARY,STATIONARY,STATIONARY,MOVING,STATIONARY,MOVING
66371,1637,1,LEFT_LEG,0.11254872,0.00066241,0.00588555,0.00889213,0.00920674,0.00907631,0.01083398,0.01001019,0.01546061,0.14430401,0.01227212,RELIABLE,RELIABLE,RELIABLE,RELIABLE,RELIABLE,RELIABLE,RELIABLE,RELIABLE,STATIONARY,STATIONARY,STATIONARY,STATIONARY,STATIONARY,STATIONARY,MOVING,STATIONARY,MOVING
66419,1638,1,LEFT_LEG,0.11212607,0.00033121,0.00295387,0.00735597,0.00769701,0.00835903,0.00855104,0.00901026,0.01456608,0.15075591,0.01135672,RELIABLE,RELIABLE,RELIABLE,RELIABLE,RELIABLE,RELIABLE,RELIABLE,RELIABLE,STATIONARY,STATIONARY,STATIONARY,STATIONARY,STATIONARY,STATIONARY,MOVING,STATIONARY,MOVING
66451,1639,1,LEFT_LEG,0.11188677,0.00118680,0.01060718,0.00773089,0.00929911,0.01029390,0.00875719,0.00908545,0.01515837,0.15781877,0.01175634,RELIABLE,RELIABLE,RELIABLE,RELIABLE,RELIABLE,RELIABLE,RELIABLE,RELIABLE,STATIONARY,STATIONARY,STATIONARY,STATIONARY,STATIONARY,STATIONARY,MOVING,STATIONARY,MOVING
66482,1640,1,LEFT_LEG,0.11175336,0.00059340,0.00530992,0.00791975,0.01010216,0.01126306,0.00886205,0.00912399,0.01545596,0.16266878,0.01199624,RELIABLE,RELIABLE,RELIABLE,RELIABLE,RELIABLE,RELIABLE,RELIABLE,RELIABLE,STATIONARY,STATIONARY,STATIONARY,STATIONARY,STATIONARY,STATIONARY,MOVING,STATIONARY,MOVING
66514,1641,1,LEFT_LEG,0.11167983,0.00029670,0.00265671,0.00609000,0.00800729,0.00869399,0.00832555,0.00743670,0.01320195,0.15717343,0.01039054,RELIABLE,RELIABLE,RELIABLE,RELIABLE,RELIABLE,RELIABLE,RELIABLE,RELIABLE,STATIONARY,STATIONARY,STATIONARY,STATIONARY,STATIONARY,STATIONARY,MOVING,STATIONARY,MOVING
66546,1642,1,LEFT_LEG,0.11163265,0.00134758,0.01207153,0.00679891,0.00811521,0.00855585,0.00879436,0.00714255,0.01133736,0.12978417,0.00931070,RELIABLE,RELIABLE,RELIABLE,RELIABLE,RELIABLE,RELIABLE,RELIABLE,RELIABLE,STATIONARY,STATIONARY,STATIONARY,STATIONARY,STATIONARY,STATIONARY,MOVING,STATIONARY,MOVING
66593,1643,1,LEFT_LEG,0.11161068,0.00067379,0.00603696,0.00715459,0.00817161,0.00848962,0.00903132,0.00699822,0.01040915,0.11103636,0.00875632,RELIABLE,RELIABLE,RELIABLE,RELIABLE,RELIABLE,RELIABLE,RELIABLE,RELIABLE,STATIONARY,STATIONARY,STATIONARY,STATIONARY,STATIONARY,STATIONARY,MOVING,STATIONARY,MOVING
66625,1644,1,LEFT_LEG,0.11160221,0.00033689,0.00301871,0.00606755,0.00793330,0.00807177,0.00788170,0.00560719,0.00716836,0.07837913,0.00722416,RELIABLE,RELIABLE,RELIABLE,RELIABLE,RELIABLE,RELIABLE,RELIABLE,RELIABLE,STATIONARY,STATIONARY,STATIONARY,STATIONARY,STATIONARY,STATIONARY,MOVING,STATIONARY,MOVING
66657,1645,1,LEFT_LEG,0.11166678,0.00140581,0.01258933,0.00690553,0.00855818,0.00929349,0.00796298,0.00720000,0.00763219,0.06787618,0.00835355,RELIABLE,RELIABLE,RELIABLE,RELIABLE,RELIABLE,RELIABLE,RELIABLE,RELIABLE,STATIONARY,STATIONARY,STATIONARY,STATIONARY,STATIONARY,STATIONARY,MOVING,STATIONARY,MOVING
66688,1646,1,LEFT_LEG,0.11173420,0.00070291,0.00629087,0.00732265,0.00886968,0.00990302,0.00800173,0.00799395,0.00786010,0.06040114,0.00906958,RELIABLE,RELIABLE,RELIABLE,RELIABLE,RELIABLE,RELIABLE,RELIABLE,RELIABLE,STATIONARY,STATIONARY,STATIONARY,STATIONARY,STATIONARY,STATIONARY,MOVING,STATIONARY,MOVING
66735,1647,1,LEFT_LEG,0.11175678,0.00126034,0.01127749,0.00740644,0.00847891,0.00998382,0.00758145,0.00955285,0.00936429,0.07214436,0.01009562,RELIABLE,RELIABLE,RELIABLE,RELIABLE,RELIABLE,RELIABLE,RELIABLE,RELIABLE,STATIONARY,STATIONARY,STATIONARY,STATIONARY,STATIONARY,STATIONARY,MOVING,STATIONARY,MOVING
66827,1648,1,LEFT_LEG,0.11176857,0.00134719,0.01205340,0.00824937,0.00984029,0.01147365,0.00859667,0.01155837,0.01143983,0.09518026,0.01114560,RELIABLE,RELIABLE,RELIABLE,RELIABLE,RELIABLE,RELIABLE,RELIABLE,RELIABLE,STATIONARY,STATIONARY,STATIONARY,STATIONARY,STATIONARY,STATIONARY,MOVING,STATIONARY,MOVING
66861,1649,1,LEFT_LEG,0.11177699,0.00067360,0.00602625,0.00867057,0.01052047,0.01221807,0.00910395,0.01256091,0.01247725,0.11093122,0.01173149,RELIABLE,RELIABLE,RELIABLE,RELIABLE,RELIABLE,RELIABLE,RELIABLE,RELIABLE,STATIONARY,STATIONARY,STATIONARY,STATIONARY,STATIONARY,STATIONARY,MOVING,STATIONARY,MOVING
66907,1650,1,LEFT_LEG,0.11178304,0.00033680,0.00301296,0.00753824,0.00937286,0.01106091,0.00734383,0.01153472,0.01208308,0.12241781,0.01161070,RELIABLE,RELIABLE,RELIABLE,RELIABLE,RELIABLE,RELIABLE,RELIABLE,RELIABLE,STATIONARY,STATIONARY,STATIONARY,STATIONARY,STATIONARY,STATIONARY,MOVING,STATIONARY,MOVING
66955,1651,1,LEFT_LEG,0.11177475,0.00177397,0.01587091,0.00876749,0.01005701,0.01126206,0.00834061,0.01284912,0.01387174,0.14232177,0.01317840,RELIABLE,RELIABLE,RELIABLE,RELIABLE,RELIABLE,RELIABLE,RELIABLE,RELIABLE,STATIONARY,STATIONARY,STATIONARY,STATIONARY,STATIONARY,STATIONARY,MOVING,STATIONARY,MOVING
66986,1652,1,LEFT_LEG,0.11178167,0.00088698,0.00793496,0.00938202,0.01039900,0.01136256,0.00883889,0.01350623,0.01476597,0.15618797,0.01417914,RELIABLE,RELIABLE,RELIABLE,RELIABLE,RELIABLE,RELIABLE,RELIABLE,RELIABLE,STATIONARY,STATIONARY,STATIONARY,STATIONARY,STATIONARY,STATIONARY,MOVING,STATIONARY,MOVING
67032,1653,1,LEFT_LEG,0.11179484,0.00044349,0.00396701,0.00830423,0.00982426,0.00998004,0.00842781,0.01154209,0.01312038,0.15384997,0.01275240,RELIABLE,RELIABLE,RELIABLE,RELIABLE,RELIABLE,RELIABLE,RELIABLE,RELIABLE,STATIONARY,STATIONARY,STATIONARY,STATIONARY,STATIONARY,STATIONARY,MOVING,STATIONARY,MOVING
67079,1654,1,LEFT_LEG,0.11139561,0.00182997,0.01642764,0.00957133,0.01148661,0.01258553,0.00954112,0.01151387,0.01518147,0.15541465,0.01623089,RELIABLE,RELIABLE,RELIABLE,RELIABLE,RELIABLE,RELIABLE,RELIABLE,RELIABLE,STATIONARY,STATIONARY,STATIONARY,STATIONARY,STATIONARY,STATIONARY,MOVING,STATIONARY,MOVING
67111,1655,1,LEFT_LEG,0.11099845,0.00091498,0.00824321,0.00919204,0.01051269,0.01182572,0.00919508,0.00976617,0.01378952,0.13684403,0.01694246,RELIABLE,RELIABLE,RELIABLE,RELIABLE,RELIABLE,RELIABLE,RELIABLE,RELIABLE,STATIONARY,STATIONARY,STATIONARY,STATIONARY,STATIONARY,STATIONARY,MOVING,STATIONARY,MOVING
67142,1656,1,LEFT_LEG,0.11117870,0.00154179,0.01386765,0.00941882,0.01020533,0.01022618,0.00960214,0.00980254,0.01300923,0.11205596,0.01883668,RELIABLE,RELIABLE,RELIABLE,RELIABLE,RELIABLE,RELIABLE,RELIABLE,RELIABLE,STATIONARY,STATIONARY,STATIONARY,STATIONARY,STATIONARY,STATIONARY,MOVING,STATIONARY,MOVING
67227,1657,1,LEFT_LEG,0.11093910,0.00189665,0.01709628,0.01080258,0.00926008,0.01107927,0.01152232,0.01079923,0.01373119,0.10769551,0.01878958,RELIABLE,RELIABLE,RELIABLE,RELIABLE,RELIABLE,RELIABLE,RELIABLE,RELIABLE,STATIONARY,STATIONARY,STATIONARY,STATIONARY,STATIONARY,STATIONARY,MOVING,STATIONARY,MOVING
67267,1658,1,LEFT_LEG,0.11065461,0.00094832,0.00857012,0.01149722,0.00878794,0.01150868,0.01248606,0.01130044,0.01409495,0.10455831,0.01882889,RELIABLE,RELIABLE,RELIABLE,RELIABLE,RELIABLE,RELIABLE,RELIABLE,RELIABLE,STATIONARY,STATIONARY,STATIONARY,STATIONARY,STATIONARY,STATIONARY,MOVING,STATIONARY,MOVING
67313,1659,1,LEFT_LEG,0.11043007,0.00047416,0.00429377,0.01005008,0.00729391,0.01094461,0.01109230,0.00972451,0.01229207,0.09042173,0.01723365,RELIABLE,RELIABLE,RELIABLE,RELIABLE,RELIABLE,RELIABLE,RELIABLE,RELIABLE,STATIONARY,STATIONARY,STATIONARY,STATIONARY,STATIONARY,STATIONARY,MOVING,STATIONARY,MOVING
67359,1660,1,LEFT_LEG,0.11132884,0.00133168,0.01196169,0.01055342,0.00784819,0.01105775,0.01291294,0.01000776,0.01502600,0.10216972,0.01935153,RELIABLE,RELIABLE,RELIABLE,RELIABLE,RELIABLE,RELIABLE,RELIABLE,RELIABLE,STATIONARY,STATIONARY,STATIONARY,STATIONARY,STATIONARY,STATIONARY,MOVING,STATIONARY,MOVING
67406,1661,1,LEFT_LEG,0.11229059,0.00066584,0.00592962,0.01079875,0.00811962,0.01111149,0.01381103,0.01014367,0.01637632,0.10967377,0.02069989,RELIABLE,RELIABLE,RELIABLE,RELIABLE,RELIABLE,RELIABLE,RELIABLE,RELIABLE,STATIONARY,STATIONARY,STATIONARY,STATIONARY,STATIONARY,STATIONARY,MOVING,STATIONARY,MOVING
67438,1662,1,LEFT_LEG,0.11230700,0.00250562,0.02231042,0.01153410,0.00972128,0.01261547,0.01664243,0.01346803,0.01727956,0.13200174,0.01768872,RELIABLE,RELIABLE,RELIABLE,RELIABLE,RELIABLE,RELIABLE,RELIABLE,RELIABLE,STATIONARY,STATIONARY,STATIONARY,STATIONARY,STATIONARY,STATIONARY,MOVING,STATIONARY,MOVING
67530,1663,1,LEFT_LEG,0.11242910,0.00282097,0.02509109,0.01364008,0.01457342,0.01596284,0.02117726,0.01925402,0.02070077,0.15115595,0.01729980,RELIABLE,RELIABLE,RELIABLE,RELIABLE,RELIABLE,RELIABLE,RELIABLE,RELIABLE,STATIONARY,STATIONARY,STATIONARY,STATIONARY,STATIONARY,STATIONARY,MOVING,STATIONARY,MOVING
67563,1664,1,LEFT_LEG,0.11254749,0.00141048,0.01253235,0.01347317,0.01525856,0.01740262,0.02163550,0.02000689,0.02116873,0.16137447,0.01523473,RELIABLE,RELIABLE,RELIABLE,RELIABLE,RELIABLE,RELIABLE,RELIABLE,RELIABLE,STATIONARY,STATIONARY,STATIONARY,STATIONARY,STATIONARY,STATIONARY,MOVING,STATIONARY,MOVING
67610,1665,1,LEFT_LEG,0.11263545,0.00070524,0.00626128,0.01211879,0.01639164,0.01646876,0.02014701,0.01940366,0.02028973,0.15583061,0.01527911,RELIABLE,RELIABLE,RELIABLE,RELIABLE,RELIABLE,RELIABLE,RELIABLE,RELIABLE,STATIONARY,STATIONARY,STATIONARY,STATIONARY,STATIONARY,STATIONARY,MOVING,STATIONARY,MOVING
67642,1666,1,LEFT_LEG,0.11332773,0.00329288,0.02905627,0.01467956,0.02270858,0.02073599,0.02574549,0.02355575,0.02316518,0.15313369,0.01654970,RELIABLE,RELIABLE,RELIABLE,RELIABLE,RELIABLE,RELIABLE,RELIABLE,RELIABLE,STATIONARY,STATIONARY,STATIONARY,STATIONARY,STATIONARY,STATIONARY,MOVING,STATIONARY,MOVING
67688,1667,1,LEFT_LEG,0.11400682,0.00164644,0.01444160,0.01594804,0.02584754,0.02285249,0.02852242,0.02561502,0.02459008,0.15122597,0.01736496,RELIABLE,RELIABLE,RELIABLE,RELIABLE,RELIABLE,RELIABLE,RELIABLE,RELIABLE,STATIONARY,STATIONARY,STATIONARY,STATIONARY,STATIONARY,STATIONARY,MOVING,STATIONARY,MOVING
67734,1668,1,LEFT_LEG,0.11499239,0.00329182,0.02862641,0.01803113,0.03344688,0.03027443,0.03406544,0.03062808,0.02535950,0.12879729,0.01569100,RELIABLE,RELIABLE,RELIABLE,RELIABLE,RELIABLE,RELIABLE,RELIABLE,RELIABLE,STATIONARY,STATIONARY,STATIONARY,STATIONARY,STATIONARY,STATIONARY,MOVING,STATIONARY,MOVING
67818,1669,1,LEFT_LEG,0.11466914,0.00662533,0.05777782,0.02451216,0.04889758,0.04740595,0.04294600,0.04077691,0.03132735,0.11452295,0.01666307,RELIABLE,RELIABLE,RELIABLE,RELIABLE,RELIABLE,RELIABLE,RELIABLE,RELIABLE,STATIONARY,STATIONARY,STATIONARY,STATIONARY,STATIONARY,STATIONARY,MOVING,STATIONARY,MOVING
67859,1670,1,LEFT_LEG,0.11413158,0.00331267,0.02902498,0.02535148,0.05324554,0.05123948,0.04370963,0.04166730,0.03121858,0.08442603,0.01667215,RELIABLE,RELIABLE,RELIABLE,RELIABLE,RELIABLE,RELIABLE,RELIABLE,RELIABLE,STATIONARY,STATIONARY,STATIONARY,STATIONARY,STATIONARY,STATIONARY,MOVING,STATIONARY,MOVING
67890,1671,1,LEFT_LEG,0.11368304,0.00165633,0.01456975,0.02403631,0.05138032,0.05057202,0.04097970,0.03799722,0.02819676,0.06012857,0.01501264,RELIABLE,RELIABLE,RELIABLE,RELIABLE,RELIABLE,RELIABLE,RELIABLE,RELIABLE,STATIONARY,STATIONARY,STATIONARY,STATIONARY,STATIONARY,STATIONARY,MOVING,STATIONARY,MOVING
67930,1672,1,LEFT_LEG,0.11411536,0.00660038,0.05783956,0.02969971,0.06241302,0.05982426,0.04772126,0.04433971,0.03328104,0.04596214,0.01450088,RELIABLE,RELIABLE,RELIABLE,RELIABLE,RELIABLE,RELIABLE,RELIABLE,RELIABLE,STATIONARY,STATIONARY,STATIONARY,STATIONARY,STATIONARY,STATIONARY,MOVING,STATIONARY,MOVING
67970,1673,1,LEFT_LEG,0.11468949,0.00330019,0.02877501,0.03251392,0.06789550,0.06442187,0.05106954,0.04748833,0.03580517,0.03582170,0.01407381,RELIABLE,RELIABLE,RELIABLE,RELIABLE,RELIABLE,RELIABLE,RELIABLE,RELIABLE,STATIONARY,STATIONARY,STATIONARY,STATIONARY,STATIONARY,STATIONARY,MOVING,STATIONARY,MOVING
68002,1674,1,LEFT_LEG,0.11516281,0.00165010,0.01432837,0.03067294,0.06487159,0.06197165,0.04638771,0.04459635,0.03374178,0.02766067,0.01248734,RELIABLE,RELIABLE,RELIABLE,RELIABLE,RELIABLE,RELIABLE,RELIABLE,RELIABLE,MOVING,STATIONARY,STATIONARY,STATIONARY,STATIONARY,STATIONARY,MOVING,STATIONARY,MOVING
68033,1675,1,LEFT_LEG,0.11701328,0.00586338,0.05010863,0.03513132,0.07511464,0.07149870,0.05671874,0.04883623,0.03955830,0.02500676,0.01345531,RELIABLE,RELIABLE,RELIABLE,RELIABLE,RELIABLE,RELIABLE,RELIABLE,RELIABLE,MOVING,STATIONARY,STATIONARY,STATIONARY,STATIONARY,MOVING,MOVING,STATIONARY,MOVING
68066,1676,1,LEFT_LEG,0.11878208,0.00293169,0.02468123,0.03463817,0.07280477,0.06941258,0.05510937,0.04585058,0.03871639,0.02228864,0.01297823,RELIABLE,RELIABLE,RELIABLE,RELIABLE,RELIABLE,RELIABLE,RELIABLE,RELIABLE,MOVING,STATIONARY,STATIONARY,STATIONARY,STATIONARY,MOVING,MOVING,STATIONARY,MOVING
68112,1677,1,LEFT_LEG,0.12009697,0.00146584,0.01220550,0.02894163,0.05996825,0.05491896,0.04817068,0.03670275,0.03270804,0.01953022,0.01055548,RELIABLE,RELIABLE,RELIABLE,RELIABLE,RELIABLE,RELIABLE,RELIABLE,RELIABLE,MOVING,STATIONARY,STATIONARY,STATIONARY,STATIONARY,MOVING,MOVING,STATIONARY,MOVING
68159,1678,1,LEFT_LEG,0.12140310,0.00792504,0.06527876,0.03347335,0.07104668,0.06522993,0.05252270,0.03729826,0.03483008,0.02012238,0.01157351,RELIABLE,RELIABLE,RELIABLE,RELIABLE,RELIABLE,RELIABLE,RELIABLE,RELIABLE,MOVING,STATIONARY,STATIONARY,STATIONARY,STATIONARY,MOVING,MOVING,STATIONARY,MOVING
68206,1679,1,LEFT_LEG,0.12242474,0.00396252,0.03236700,0.03569801,0.07648991,0.07028847,0.05464874,0.03756013,0.03585785,0.02039699,0.01218529,RELIABLE,RELIABLE,RELIABLE,RELIABLE,RELIABLE,RELIABLE,RELIABLE,RELIABLE,MOVING,STATIONARY,STATIONARY,STATIONARY,STATIONARY,MOVING,STATIONARY,STATIONARY,MOVING
68238,1680,1,LEFT_LEG,0.12366586,0.00753255,0.06091054,0.03608188,0.07928604,0.07645682,0.05492313,0.03398267,0.03423704,0.01820264,0.01347451,RELIABLE,RELIABLE,RELIABLE,RELIABLE,RELIABLE,RELIABLE,RELIABLE,RELIABLE,MOVING,STATIONARY,STATIONARY,MOVING,STATIONARY,MOVING,STATIONARY,STATIONARY,MOVING
68331,1681,1,LEFT_LEG,0.12558824,0.00804480,0.06405697,0.04049213,0.09050875,0.09030288,0.06368514,0.03742394,0.03904531,0.01882431,0.01592364,RELIABLE,RELIABLE,RELIABLE,RELIABLE,RELIABLE,RELIABLE,RELIABLE,RELIABLE,MOVING,MOVING,STATIONARY,MOVING,STATIONARY,MOVING,STATIONARY,STATIONARY,MOVING
74823,1844,1,RIGHT_LEG,0.12201971,0.00121834,0.00998476,0.02007552,0.01441036,0.02550963,0.01871706,0.01148362,0.01123708,0.00799864,0.03648565,RELIABLE,RELIABLE,RELIABLE,PARTIAL,RELIABLE,RELIABLE,PARTIAL,PARTIAL,STATIONARY,STATIONARY,STATIONARY,STATIONARY,STATIONARY,STATIONARY,STATIONARY,STATIONARY,STATIONARY
74859,1845,1,RIGHT_LEG,0.12130564,0.00165456,0.01363958,0.01960944,0.01472705,0.02477822,0.02318274,0.01351519,0.01175803,0.00740941,0.02951728,RELIABLE,RELIABLE,RELIABLE,RELIABLE,RELIABLE,RELIABLE,RELIABLE,PARTIAL,STATIONARY,STATIONARY,STATIONARY,STATIONARY,STATIONARY,STATIONARY,STATIONARY,STATIONARY,STATIONARY
74891,1846,1,RIGHT_LEG,0.12070999,0.00082728,0.00685344,0.01564231,0.01191651,0.01922733,0.02259990,0.01253235,0.01087808,0.00705609,0.02480911,RELIABLE,RELIABLE,RELIABLE,RELIABLE,RELIABLE,RELIABLE,RELIABLE,PARTIAL,STATIONARY,STATIONARY,STATIONARY,STATIONARY,STATIONARY,STATIONARY,STATIONARY,STATIONARY,STATIONARY
74938,1847,1,RIGHT_LEG,0.12091129,0.00194664,0.01609972,0.01525224,0.01327675,0.01831885,0.02411320,0.01375238,0.01257625,0.01094316,0.02536226,RELIABLE,RELIABLE,RELIABLE,PARTIAL,RELIABLE,RELIABLE,RELIABLE,PARTIAL,STATIONARY,STATIONARY,STATIONARY,STATIONARY,STATIONARY,STATIONARY,STATIONARY,STATIONARY,STATIONARY
74969,1848,1,RIGHT_LEG,0.12127731,0.00097332,0.00802557,0.01505833,0.01395521,0.01786668,0.02486793,0.01436081,0.01342297,0.01167109,0.02361251,RELIABLE,RELIABLE,RELIABLE,PARTIAL,RELIABLE,RELIABLE,RELIABLE,PARTIAL,STATIONARY,STATIONARY,STATIONARY,STATIONARY,STATIONARY,STATIONARY,STATIONARY,STATIONARY,STATIONARY
75003,1849,1,RIGHT_LEG,0.12042370,0.00252228,0.02094504,0.01530891,0.01567855,0.01811927,0.02535981,0.01358667,0.01418957,0.01329016,0.02528880,RELIABLE,RELIABLE,RELIABLE,RELIABLE,RELIABLE,RELIABLE,RELIABLE,RELIABLE,STATIONARY,STATIONARY,STATIONARY,STATIONARY,STATIONARY,STATIONARY,STATIONARY,STATIONARY,STATIONARY
75047,1850,1,RIGHT_LEG,0.11949587,0.00126114,0.01055383,0.01324962,0.01466451,0.01484821,0.02862021,0.01346564,0.01417425,0.01342928,0.02843051,RELIABLE,RELIABLE,RELIABLE,RELIABLE,RELIABLE,RELIABLE,RELIABLE,RELIABLE,STATIONARY,STATIONARY,STATIONARY,STATIONARY,STATIONARY,STATIONARY,STATIONARY,STATIONARY,STATIONARY
75093,1851,1,RIGHT_LEG,0.11944758,0.00325875,0.02728187,0.01417298,0.02106610,0.02024166,0.02833203,0.01779532,0.01518642,0.01509058,0.03070899,RELIABLE,RELIABLE,RELIABLE,PARTIAL,RELIABLE,RELIABLE,RELIABLE,RELIABLE,STATIONARY,STATIONARY,STATIONARY,STATIONARY,STATIONARY,STATIONARY,STATIONARY,STATIONARY,STATIONARY
75124,1852,1,RIGHT_LEG,0.11965510,0.00162938,0.01361728,0.01462704,0.02426011,0.02292935,0.02818080,0.01995151,0.01568570,0.01617843,0.03014515,RELIABLE,RELIABLE,RELIABLE,PARTIAL,RELIABLE,RELIABLE,RELIABLE,RELIABLE,STATIONARY,STATIONARY,STATIONARY,STATIONARY,STATIONARY,STATIONARY,STATIONARY,STATIONARY,STATIONARY
75162,1853,1,RIGHT_LEG,0.11987658,0.00624502,0.05209545,0.01943402,0.03870621,0.03771741,0.02957445,0.02823061,0.01874977,0.01706740,0.03085493,RELIABLE,RELIABLE,RELIABLE,RELIABLE,RELIABLE,RELIABLE,RELIABLE,RELIABLE,STATIONARY,STATIONARY,STATIONARY,STATIONARY,STATIONARY,STATIONARY,STATIONARY,STATIONARY,STATIONARY
75204,1854,1,RIGHT_LEG,0.12006284,0.00312251,0.02600731,0.02182826,0.04591389,0.04509596,0.02994610,0.03235542,0.02027379,0.01739317,0.03128209,RELIABLE,RELIABLE,RELIABLE,RELIABLE,RELIABLE,RELIABLE,RELIABLE,RELIABLE,STATIONARY,STATIONARY,STATIONARY,STATIONARY,STATIONARY,STATIONARY,STATIONARY,STATIONARY,STATIONARY
75236,1855,1,RIGHT_LEG,0.12019787,0.00156126,0.01298905,0.02143942,0.04675451,0.04692575,0.02833164,0.03270774,0.01889971,0.01530156,0.02949108,RELIABLE,RELIABLE,RELIABLE,RELIABLE,RELIABLE,RELIABLE,RELIABLE,RELIABLE,STATIONARY,STATIONARY,STATIONARY,STATIONARY,STATIONARY,STATIONARY,STATIONARY,STATIONARY,STATIONARY
75283,1856,1,RIGHT_LEG,0.12086157,0.00686698,0.05681691,0.02753834,0.06637431,0.06686572,0.03421219,0.04137068,0.02335254,0.01587236,0.02879327,RELIABLE,RELIABLE,RELIABLE,RELIABLE,RELIABLE,RELIABLE,RELIABLE,RELIABLE,STATIONARY,STATIONARY,STATIONARY,STATIONARY,STATIONARY,STATIONARY,STATIONARY,STATIONARY,STATIONARY
75316,1857,1,RIGHT_LEG,0.12150757,0.00343349,0.02825742,0.02845239,0.07194111,0.07242818,0.03123573,0.04399841,0.02323672,0.01471321,0.02549507,RELIABLE,RELIABLE,RELIABLE,RELIABLE,RELIABLE,RELIABLE,RELIABLE,RELIABLE,STATIONARY,STATIONARY,STATIONARY,STATIONARY,STATIONARY,STATIONARY,STATIONARY,STATIONARY,STATIONARY
75364,1858,1,RIGHT_LEG,0.12198111,0.00995809,0.08163630,0.03733770,0.09395128,0.09582456,0.03743854,0.05268953,0.02885383,0.01539418,0.02256313,RELIABLE,RELIABLE,RELIABLE,RELIABLE,RELIABLE,RELIABLE,RELIABLE,RELIABLE,MOVING,STATIONARY,STATIONARY,STATIONARY,STATIONARY,STATIONARY,STATIONARY,STATIONARY,MOVING
75465,1859,1,RIGHT_LEG,0.12244666,0.00988829,0.08075590,0.04402195,0.11219261,0.11537552,0.05236627,0.05905783,0.03468049,0.01569524,0.01920997,RELIABLE,RELIABLE,RELIABLE,RELIABLE,RELIABLE,RELIABLE,RELIABLE,RELIABLE,MOVING,STATIONARY,STATIONARY,STATIONARY,STATIONARY,STATIONARY,STATIONARY,STATIONARY,MOVING
75506,1860,1,RIGHT_LEG,0.12292777,0.00494415,0.04021992,0.04734728,0.12127011,0.12510513,0.05979829,0.06222285,0.03757896,0.01572484,0.01662165,RELIABLE,RELIABLE,RELIABLE,RELIABLE,RELIABLE,RELIABLE,RELIABLE,RELIABLE,MOVING,MOVING,MOVING,STATIONARY,MOVING,STATIONARY,STATIONARY,STATIONARY,MOVING
75538,1861,1,RIGHT_LEG,0.12332556,0.00247207,0.02004510,0.04334099,0.11177029,0.11566613,0.05674390,0.05447863,0.03501409,0.01525062,0.01391653,RELIABLE,RELIABLE,RELIABLE,RELIABLE,RELIABLE,RELIABLE,RELIABLE,RELIABLE,MOVING,MOVING,MOVING,MOVING,MOVING,MOVING,STATIONARY,STATIONARY,MOVING
75569,1862,1,RIGHT_LEG,0.12327142,0.00568862,0.04614708,0.04585846,0.11689867,0.12051746,0.06588234,0.05524064,0.03836647,0.01717789,0.01596154,RELIABLE,RELIABLE,RELIABLE,RELIABLE,RELIABLE,RELIABLE,RELIABLE,RELIABLE,MOVING,MOVING,MOVING,MOVING,MOVING,MOVING,STATIONARY,STATIONARY,MOVING
75601,1863,1,RIGHT_LEG,0.12318244,0.00284431,0.02309021,0.04712110,0.11947196,0.12295226,0.07045757,0.05562692,0.04004608,0.01831928,0.01707203,RELIABLE,RELIABLE,RELIABLE,RELIABLE,RELIABLE,RELIABLE,RELIABLE,RELIABLE,MOVING,MOVING,MOVING,MOVING,MOVING,MOVING,STATIONARY,STATIONARY,MOVING
75633,1864,1,RIGHT_LEG,0.12312322,0.00142215,0.01155066,0.04146282,0.10156533,0.10514940,0.06606348,0.04733758,0.03575059,0.01710947,0.01739080,RELIABLE,RELIABLE,RELIABLE,RELIABLE,RELIABLE,RELIABLE,RELIABLE,RELIABLE,MOVING,MOVING,MOVING,MOVING,MOVING,MOVING,STATIONARY,STATIONARY,MOVING
75665,1865,1,RIGHT_LEG,0.12289469,0.00368155,0.02995692,0.04167526,0.09941188,0.10326328,0.07355004,0.04863153,0.03697073,0.01786348,0.03179688,RELIABLE,RELIABLE,RELIABLE,RELIABLE,RELIABLE,RELIABLE,RELIABLE,RELIABLE,MOVING,MOVING,MOVING,MOVING,MOVING,MOVING,STATIONARY,STATIONARY,MOVING
75711,1866,1,RIGHT_LEG,0.12271818,0.00184077,0.01500001,0.03334572,0.07909517,0.08169225,0.06816421,0.04189691,0.03189719,0.01686375,0.03916058,RELIABLE,RELIABLE,RELIABLE,RELIABLE,RELIABLE,RELIABLE,RELIABLE,RELIABLE,MOVING,MOVING,MOVING,MOVING,MOVING,MOVING,STATIONARY,STATIONARY,MOVING
75743,1867,1,RIGHT_LEG,0.12260814,0.00092039,0.00750673,0.02418958,0.05610220,0.05730499,0.05362558,0.03096100,0.02391410,0.01418573,0.04372946,RELIABLE,RELIABLE,RELIABLE,RELIABLE,RELIABLE,RELIABLE,RELIABLE,RELIABLE,MOVING,MOVING,MOVING,MOVING,MOVING,MOVING,STATIONARY,STATIONARY,MOVING
75789,1868,1,RIGHT_LEG,0.12205966,0.00212260,0.01738988,0.02133582,0.04691562,0.04744597,0.05299037,0.02723549,0.02716624,0.01655581,0.07468405,RELIABLE,RELIABLE,RELIABLE,RELIABLE,RELIABLE,RELIABLE,RELIABLE,RELIABLE,MOVING,MOVING,MOVING,MOVING,MOVING,MOVING,STATIONARY,STATIONARY,MOVING
75821,1869,1,RIGHT_LEG,0.12154060,0.00106130,0.00873207,0.01992170,0.04234955,0.04254493,0.05270378,0.02538808,0.02881606,0.01788952,0.09556441,RELIABLE,RELIABLE,RELIABLE,RELIABLE,RELIABLE,RELIABLE,RELIABLE,RELIABLE,MOVING,MOVING,MOVING,MOVING,MOVING,MOVING,STATIONARY,STATIONARY,MOVING
75852,1870,1,RIGHT_LEG,0.12115913,0.00053065,0.00437978,0.01470078,0.03020304,0.03053867,0.04265573,0.01984063,0.02501599,0.01639155,0.10588324,RELIABLE,RELIABLE,RELIABLE,RELIABLE,RELIABLE,RELIABLE,RELIABLE,RELIABLE,MOVING,MOVING,MOVING,MOVING,MOVING,MOVING,STATIONARY,MOVING,MOVING
75899,1871,1,RIGHT_LEG,0.12087374,0.00140331,0.01160974,0.01326572,0.02561583,0.02564740,0.04108319,0.02138577,0.02483289,0.01722527,0.12500694,RELIABLE,RELIABLE,RELIABLE,RELIABLE,RELIABLE,RELIABLE,RELIABLE,RELIABLE,MOVING,MOVING,MOVING,MOVING,MOVING,MOVING,STATIONARY,MOVING,MOVING
75946,1872,1,RIGHT_LEG,0.12071655,0.00070166,0.00581243,0.01254845,0.02332191,0.02320123,0.04029838,0.02216061,0.02474240,0.01781857,0.13833051,RELIABLE,RELIABLE,RELIABLE,RELIABLE,RELIABLE,RELIABLE,RELIABLE,RELIABLE,MOVING,MOVING,MOVING,MOVING,MOVING,MOVING,STATIONARY,MOVING,MOVING
75994,1873,1,RIGHT_LEG,0.12140302,0.00226084,0.01862257,0.01113165,0.01808456,0.01740928,0.03311345,0.01830174,0.02434734,0.01885131,0.14088577,RELIABLE,RELIABLE,RELIABLE,RELIABLE,RELIABLE,RELIABLE,RELIABLE,RELIABLE,MOVING,MOVING,MOVING,MOVING,STATIONARY,STATIONARY,STATIONARY,MOVING,MOVING
76058,1874,1,RIGHT_LEG,0.12212425,0.00119648,0.00979725,0.01048131,0.01553820,0.01449889,0.03101845,0.02026594,0.02502793,0.01905790,0.13918481,RELIABLE,RELIABLE,RELIABLE,RELIABLE,RELIABLE,RELIABLE,RELIABLE,RELIABLE,STATIONARY,STATIONARY,STATIONARY,MOVING,STATIONARY,STATIONARY,STATIONARY,MOVING,MOVING
76104,1875,1,RIGHT_LEG,0.12271694,0.00059824,0.00487497,0.01015234,0.01425917,0.01303844,0.02995999,0.02123442,0.02536075,0.01908840,0.13797198,RELIABLE,RELIABLE,RELIABLE,RELIABLE,RELIABLE,RELIABLE,RELIABLE,RELIABLE,STATIONARY,STATIONARY,STATIONARY,MOVING,STATIONARY,STATIONARY,STATIONARY,MOVING,MOVING
76136,1876,1,RIGHT_LEG,0.12313995,0.00029912,0.00242911,0.00828224,0.01135745,0.01002435,0.02282759,0.01999633,0.01829876,0.01520918,0.10958764,RELIABLE,RELIABLE,RELIABLE,RELIABLE,RELIABLE,RELIABLE,RELIABLE,RELIABLE,STATIONARY,STATIONARY,STATIONARY,MOVING,STATIONARY,STATIONARY,STATIONARY,MOVING,MOVING
76167,1877,1,RIGHT_LEG,0.12346861,0.00141277,0.01144235,0.00862102,0.01062943,0.00963524,0.02009925,0.02377971,0.01594671,0.01370162,0.09585480,RELIABLE,RELIABLE,RELIABLE,RELIABLE,RELIABLE,RELIABLE,RELIABLE,RELIABLE,STATIONARY,STATIONARY,STATIONARY,STATIONARY,STATIONARY,STATIONARY,STATIONARY,MOVING,MOVING
76198,1878,1,RIGHT_LEG,0.12369153,0.00070639,0.00571086,0.00878741,0.01026197,0.00943686,0.01872760,0.02566489,0.01476319,0.01279214,0.08656825,RELIABLE,RELIABLE,RELIABLE,RELIABLE,RELIABLE,RELIABLE,RELIABLE,RELIABLE,STATIONARY,STATIONARY,STATIONARY,STATIONARY,STATIONARY,STATIONARY,STATIONARY,MOVING,MOVING
76230,1879,1,RIGHT_LEG,0.12383230,0.00035319,0.00285219,0.00769272,0.00858724,0.00822080,0.01458556,0.02228496,0.01245199,0.01046775,0.06847260,RELIABLE,RELIABLE,RELIABLE,RELIABLE,RELIABLE,RELIABLE,RELIABLE,RELIABLE,STATIONARY,STATIONARY,STATIONARY,STATIONARY,STATIONARY,STATIONARY,STATIONARY,MOVING,MOVING
76267,1880,1,RIGHT_LEG,0.12359568,0.00067166,0.00543432,0.00764545,0.00777900,0.00772513,0.01582429,0.02143591,0.01438790,0.01102939,0.06817001,RELIABLE,RELIABLE,RELIABLE,RELIABLE,RELIABLE,RELIABLE,RELIABLE,RELIABLE,STATIONARY,STATIONARY,STATIONARY,STATIONARY,STATIONARY,STATIONARY,STATIONARY,MOVING,MOVING
76309,1881,1,RIGHT_LEG,0.12336556,0.00033583,0.00272223,0.00565791,0.00472177,0.00508697,0.01357551,0.01984656,0.01235609,0.00911184,0.06041848,RELIABLE,RELIABLE,RELIABLE,RELIABLE,RELIABLE,RELIABLE,RELIABLE,RELIABLE,STATIONARY,STATIONARY,STATIONARY,STATIONARY,STATIONARY,STATIONARY,STATIONARY,MOVING,MOVING
76356,1882,1,RIGHT_LEG,0.12320509,0.00016791,0.00136289,0.00460362,0.00311487,0.00377624,0.01094676,0.01515429,0.01046021,0.00828189,0.05877001,RELIABLE,RELIABLE,RELIABLE,RELIABLE,RELIABLE,RELIABLE,RELIABLE,RELIABLE,STATIONARY,STATIONARY,STATIONARY,STATIONARY,STATIONARY,STATIONARY,STATIONARY,MOVING,MOVING
76402,1883,1,RIGHT_LEG,0.12250634,0.00171236,0.01397769,0.00574146,0.00263930,0.00414270,0.01087647,0.01469454,0.01411066,0.01088841,0.08455068,RELIABLE,RELIABLE,RELIABLE,RELIABLE,RELIABLE,RELIABLE,RELIABLE,RELIABLE,STATIONARY,STATIONARY,STATIONARY,STATIONARY,STATIONARY,STATIONARY,STATIONARY,MOVING,MOVING
76434,1884,1,RIGHT_LEG,0.12185280,0.00085618,0.00702633,0.00631611,0.00240384,0.00432993,0.01084881,0.01447451,0.01595163,0.01247894,0.10204715,RELIABLE,RELIABLE,RELIABLE,RELIABLE,RELIABLE,RELIABLE,RELIABLE,RELIABLE,STATIONARY,STATIONARY,STATIONARY,STATIONARY,STATIONARY,STATIONARY,STATIONARY,MOVING,MOVING
76480,1885,1,RIGHT_LEG,0.12151488,0.00123353,0.01015128,0.00615472,0.00370586,0.00466692,0.01176334,0.01194376,0.01653646,0.01341062,0.11314089,RELIABLE,RELIABLE,RELIABLE,RELIABLE,RELIABLE,RELIABLE,RELIABLE,RELIABLE,STATIONARY,STATIONARY,STATIONARY,STATIONARY,STATIONARY,STATIONARY,STATIONARY,MOVING,MOVING
76554,1886,1,RIGHT_LEG,0.12171834,0.00067917,0.00557984,0.00613835,0.00380550,0.00464731,0.01266144,0.01337459,0.01687578,0.01559812,0.12146552,RELIABLE,RELIABLE,RELIABLE,RELIABLE,RELIABLE,RELIABLE,RELIABLE,RELIABLE,STATIONARY,STATIONARY,STATIONARY,STATIONARY,STATIONARY,STATIONARY,STATIONARY,MOVING,MOVING
76591,1887,1,RIGHT_LEG,0.12200760,0.00033958,0.00278330,0.00612974,0.00385492,0.00463712,0.01310902,0.01408676,0.01704456,0.01711013,0.12729016,RELIABLE,RELIABLE,RELIABLE,RELIABLE,RELIABLE,RELIABLE,RELIABLE,RELIABLE,STATIONARY,STATIONARY,STATIONARY,STATIONARY,STATIONARY,STATIONARY,STATIONARY,MOVING,MOVING
76638,1888,1,RIGHT_LEG,0.12224632,0.00016979,0.00138893,0.00562406,0.00384899,0.00451836,0.01001941,0.01359699,0.01403514,0.01605783,0.11921620,RELIABLE,RELIABLE,RELIABLE,RELIABLE,RELIABLE,RELIABLE,RELIABLE,RELIABLE,STATIONARY,STATIONARY,STATIONARY,STATIONARY,STATIONARY,STATIONARY,STATIONARY,MOVING,MOVING
76670,1889,1,RIGHT_LEG,0.12257278,0.00221631,0.01808162,0.00754399,0.00512546,0.00565486,0.01252956,0.01671937,0.01366771,0.01616587,0.11415329,RELIABLE,RELIABLE,RELIABLE,RELIABLE,RELIABLE,RELIABLE,RELIABLE,RELIABLE,STATIONARY,STATIONARY,STATIONARY,STATIONARY,STATIONARY,STATIONARY,STATIONARY,MOVING,MOVING
76717,1890,1,RIGHT_LEG,0.12283961,0.00110816,0.00902117,0.00850127,0.00576218,0.00622163,0.01377888,0.01827589,0.01348153,0.01629020,0.11057275,RELIABLE,RELIABLE,RELIABLE,RELIABLE,RELIABLE,RELIABLE,RELIABLE,RELIABLE,STATIONARY,STATIONARY,STATIONARY,STATIONARY,STATIONARY,STATIONARY,STATIONARY,MOVING,MOVING
76763,1891,1,RIGHT_LEG,0.12244908,0.00142939,0.01167330,0.00821322,0.00712764,0.00715176,0.01483073,0.02323050,0.01000076,0.01525703,0.08206821,RELIABLE,RELIABLE,RELIABLE,RELIABLE,RELIABLE,RELIABLE,RELIABLE,RELIABLE,STATIONARY,STATIONARY,STATIONARY,STATIONARY,STATIONARY,STATIONARY,STATIONARY,MOVING,MOVING
76858,1892,1,RIGHT_LEG,0.12215593,0.00126680,0.01037035,0.00863123,0.00785021,0.00743842,0.01973094,0.03103112,0.01150950,0.01497513,0.09248046,RELIABLE,RELIABLE,RELIABLE,RELIABLE,RELIABLE,RELIABLE,RELIABLE,RELIABLE,STATIONARY,STATIONARY,STATIONARY,STATIONARY,STATIONARY,STATIONARY,STATIONARY,MOVING,MOVING
76903,1893,1,RIGHT_LEG,0.12196045,0.00063340,0.00519349,0.00801150,0.00606254,0.00621393,0.02040232,0.03295150,0.01140728,0.01408710,0.09521512,RELIABLE,RELIABLE,RELIABLE,RELIABLE,RELIABLE,RELIABLE,RELIABLE,RELIABLE,STATIONARY,STATIONARY,STATIONARY,STATIONARY,STATIONARY,STATIONARY,STATIONARY,MOVING,MOVING
76934,1894,1,RIGHT_LEG,0.12183827,0.00031670,0.00259935,0.00763894,0.00572115,0.00579117,0.02029980,0.03122224,0.01131167,0.01195357,0.09645751,RELIABLE,RELIABLE,RELIABLE,RELIABLE,RELIABLE,RELIABLE,RELIABLE,RELIABLE,STATIONARY,STATIONARY,STATIONARY,STATIONARY,STATIONARY,STATIONARY,STATIONARY,MOVING,MOVING
76966,1895,1,RIGHT_LEG,0.12157032,0.00208976,0.01718974,0.00943974,0.00806400,0.00896184,0.02282512,0.03552035,0.01325403,0.01235417,0.11206937,RELIABLE,RELIABLE,RELIABLE,RELIABLE,RELIABLE,RELIABLE,RELIABLE,RELIABLE,STATIONARY,STATIONARY,STATIONARY,STATIONARY,STATIONARY,STATIONARY,STATIONARY,MOVING,MOVING
76998,1896,1,RIGHT_LEG,0.12134892,0.00104488,0.00861055,0.01034245,0.00923810,0.01055066,0.02409153,0.03767704,0.01422802,0.01260543,0.12278784,RELIABLE,RELIABLE,RELIABLE,RELIABLE,RELIABLE,RELIABLE,RELIABLE,RELIABLE,STATIONARY,STATIONARY,STATIONARY,STATIONARY,STATIONARY,STATIONARY,STATIONARY,MOVING,MOVING
77030,1897,1,RIGHT_LEG,0.12119853,0.00052244,0.00431062,0.00862107,0.00854640,0.01015003,0.02066757,0.03538870,0.01357545,0.01215521,0.12975836,RELIABLE,RELIABLE,RELIABLE,RELIABLE,RELIABLE,RELIABLE,RELIABLE,RELIABLE,STATIONARY,STATIONARY,STATIONARY,STATIONARY,STATIONARY,STATIONARY,STATIONARY,MOVING,MOVING
77062,1898,1,RIGHT_LEG,0.12050774,0.00160833,0.01334627,0.00916171,0.01097965,0.01230857,0.01974060,0.03668740,0.01597062,0.01466771,0.14359977,RELIABLE,RELIABLE,RELIABLE,RELIABLE,RELIABLE,RELIABLE,RELIABLE,RELIABLE,STATIONARY,STATIONARY,STATIONARY,STATIONARY,STATIONARY,STATIONARY,STATIONARY,MOVING,MOVING
77093,1899,1,RIGHT_LEG,0.11985492,0.00080416,0.00670948,0.00854123,0.01083372,0.01173023,0.01761753,0.03129501,0.01597233,0.01432016,0.15223080,RELIABLE,RELIABLE,RELIABLE,RELIABLE,RELIABLE,RELIABLE,RELIABLE,RELIABLE,STATIONARY,STATIONARY,STATIONARY,STATIONARY,STATIONARY,STATIONARY,STATIONARY,MOVING,MOVING
77125,1900,1,RIGHT_LEG,0.11937489,0.00040208,0.00336823,0.00766596,0.01072313,0.01161946,0.01217845,0.02327325,0.01271370,0.01384852,0.12839480,RELIABLE,RELIABLE,RELIABLE,RELIABLE,RELIABLE,RELIABLE,RELIABLE,RELIABLE,STATIONARY,STATIONARY,STATIONARY,STATIONARY,STATIONARY,STATIONARY,STATIONARY,MOVING,MOVING
77162,1901,1,RIGHT_LEG,0.11907458,0.00152472,0.01280477,0.00861738,0.01210999,0.01180555,0.01154791,0.02102780,0.01333672,0.01517152,0.11308804,RELIABLE,RELIABLE,RELIABLE,RELIABLE,RELIABLE,RELIABLE,RELIABLE,RELIABLE,STATIONARY,STATIONARY,STATIONARY,STATIONARY,STATIONARY,STATIONARY,STATIONARY,MOVING,MOVING
77204,1902,1,RIGHT_LEG,0.11889650,0.00076236,0.00641198,0.00909395,0.01280456,0.01189883,0.01123288,0.01990448,0.01364919,0.01592676,0.10241205,RELIABLE,RELIABLE,RELIABLE,RELIABLE,RELIABLE,RELIABLE,RELIABLE,RELIABLE,STATIONARY,STATIONARY,STATIONARY,STATIONARY,STATIONARY,STATIONARY,STATIONARY,MOVING,MOVING
77235,1903,1,RIGHT_LEG,0.11879407,0.00038118,0.00320875,0.00734633,0.01063936,0.00856430,0.00850109,0.01418523,0.01181714,0.01450609,0.08016050,RELIABLE,RELIABLE,RELIABLE,RELIABLE,RELIABLE,RELIABLE,RELIABLE,RELIABLE,STATIONARY,STATIONARY,STATIONARY,STATIONARY,STATIONARY,STATIONARY,STATIONARY,MOVING,MOVING
77267,1904,1,RIGHT_LEG,0.11879000,0.00158937,0.01337967,0.00794247,0.01101872,0.00876536,0.00828978,0.01280739,0.01171943,0.01411553,0.06885790,RELIABLE,RELIABLE,RELIABLE,RELIABLE,RELIABLE,RELIABLE,RELIABLE,RELIABLE,STATIONARY,STATIONARY,STATIONARY,STATIONARY,STATIONARY,STATIONARY,STATIONARY,MOVING,MOVING
77313,1905,1,RIGHT_LEG,0.11881267,0.00079469,0.00668856,0.00823971,0.01120742,0.00886463,0.00818296,0.01211636,0.01166970,0.01385844,0.06088106,RELIABLE,RELIABLE,RELIABLE,RELIABLE,RELIABLE,RELIABLE,RELIABLE,RELIABLE,STATIONARY,STATIONARY,STATIONARY,STATIONARY,STATIONARY,STATIONARY,STATIONARY,MOVING,MOVING
77360,1906,1,RIGHT_LEG,0.11854981,0.00142113,0.01198765,0.00806989,0.00851745,0.00752857,0.00953090,0.01190676,0.01149345,0.01188405,0.05918101,RELIABLE,RELIABLE,RELIABLE,RELIABLE,RELIABLE,RELIABLE,RELIABLE,RELIABLE,STATIONARY,STATIONARY,STATIONARY,STATIONARY,STATIONARY,STATIONARY,STATIONARY,MOVING,MOVING
77451,1907,1,RIGHT_LEG,0.11879996,0.00112552,0.00947406,0.00841546,0.00834088,0.00720059,0.01069832,0.01320761,0.01282669,0.01173551,0.08524751,RELIABLE,RELIABLE,RELIABLE,RELIABLE,RELIABLE,RELIABLE,RELIABLE,RELIABLE,STATIONARY,STATIONARY,STATIONARY,STATIONARY,STATIONARY,STATIONARY,STATIONARY,MOVING,MOVING
77484,1908,1,RIGHT_LEG,0.11911584,0.00056276,0.00472447,0.00858499,0.00824763,0.00703234,0.01127847,0.01385090,0.01348645,0.01155906,0.10306541,RELIABLE,RELIABLE,RELIABLE,RELIABLE,RELIABLE,RELIABLE,RELIABLE,RELIABLE,STATIONARY,STATIONARY,STATIONARY,STATIONARY,STATIONARY,STATIONARY,STATIONARY,MOVING,MOVING
77530,1909,1,RIGHT_LEG,0.11936917,0.00028138,0.00235722,0.00727904,0.00675740,0.00670552,0.00947401,0.01239849,0.01155926,0.00989688,0.11438039,RELIABLE,RELIABLE,RELIABLE,RELIABLE,RELIABLE,RELIABLE,RELIABLE,RELIABLE,STATIONARY,STATIONARY,STATIONARY,STATIONARY,STATIONARY,STATIONARY,STATIONARY,MOVING,MOVING
77562,1910,1,RIGHT_LEG,0.11993929,0.00120668,0.01006073,0.00773514,0.00745499,0.00808932,0.01017477,0.01298833,0.01324552,0.01264218,0.13207656,RELIABLE,RELIABLE,RELIABLE,RELIABLE,RELIABLE,RELIABLE,RELIABLE,RELIABLE,STATIONARY,STATIONARY,STATIONARY,STATIONARY,STATIONARY,STATIONARY,STATIONARY,MOVING,MOVING
77593,1911,1,RIGHT_LEG,0.12044910,0.00060334,0.00500908,0.00796018,0.00779996,0.00877753,0.01052080,0.01327922,0.01408172,0.01440223,0.14418121,RELIABLE,RELIABLE,RELIABLE,RELIABLE,RELIABLE,RELIABLE,RELIABLE,RELIABLE,STATIONARY,STATIONARY,STATIONARY,STATIONARY,STATIONARY,STATIONARY,STATIONARY,MOVING,MOVING
77641,1912,1,RIGHT_LEG,0.12081712,0.00030167,0.00249691,0.00659983,0.00650687,0.00724884,0.00953484,0.01193588,0.01367694,0.01495225,0.14843411,RELIABLE,RELIABLE,RELIABLE,RELIABLE,RELIABLE,RELIABLE,RELIABLE,RELIABLE,STATIONARY,STATIONARY,STATIONARY,STATIONARY,STATIONARY,STATIONARY,STATIONARY,MOVING,MOVING
77688,1913,1,RIGHT_LEG,0.12064467,0.00122367,0.01014274,0.00703161,0.00735782,0.00875995,0.01134905,0.01289879,0.01444295,0.01630737,0.15163085,RELIABLE,RELIABLE,RELIABLE,RELIABLE,RELIABLE,RELIABLE,RELIABLE,RELIABLE,STATIONARY,STATIONARY,STATIONARY,STATIONARY,STATIONARY,STATIONARY,STATIONARY,MOVING,MOVING
77720,1914,1,RIGHT_LEG,0.12038469,0.00061183,0.00508232,0.00616844,0.00779181,0.00854639,0.01007714,0.01080765,0.01225872,0.01616563,0.14108891,RELIABLE,RELIABLE,RELIABLE,RELIABLE,RELIABLE,RELIABLE,RELIABLE,RELIABLE,STATIONARY,STATIONARY,STATIONARY,STATIONARY,STATIONARY,STATIONARY,STATIONARY,MOVING,MOVING
77766,1915,1,RIGHT_LEG,0.12005417,0.00106176,0.00884404,0.00608969,0.00703462,0.00834388,0.01051679,0.00953648,0.01182969,0.01712128,0.10840235,RELIABLE,RELIABLE,RELIABLE,RELIABLE,RELIABLE,RELIABLE,RELIABLE,RELIABLE,STATIONARY,STATIONARY,STATIONARY,STATIONARY,STATIONARY,STATIONARY,STATIONARY,MOVING,MOVING
77851,1916,1,RIGHT_LEG,0.11947617,0.00085336,0.00714249,0.00639194,0.00741614,0.00835314,0.01157000,0.01045522,0.01402117,0.01868569,0.10883269,RELIABLE,RELIABLE,RELIABLE,RELIABLE,RELIABLE,RELIABLE,RELIABLE,RELIABLE,STATIONARY,STATIONARY,STATIONARY,STATIONARY,STATIONARY,STATIONARY,STATIONARY,MOVING,MOVING
77893,1917,1,RIGHT_LEG,0.11898324,0.00042668,0.00358604,0.00654554,0.00760985,0.00835947,0.01210155,0.01092106,0.01512591,0.01964208,0.10899271,RELIABLE,RELIABLE,RELIABLE,RELIABLE,RELIABLE,RELIABLE,RELIABLE,RELIABLE,STATIONARY,STATIONARY,STATIONARY,STATIONARY,STATIONARY,STATIONARY,STATIONARY,MOVING,MOVING
77925,1918,1,RIGHT_LEG,0.11863542,0.00021334,0.00179828,0.00551274,0.00626342,0.00681539,0.01076409,0.00983806,0.01302911,0.01656099,0.09933098,RELIABLE,RELIABLE,RELIABLE,RELIABLE,RELIABLE,RELIABLE,RELIABLE,RELIABLE,STATIONARY,STATIONARY,STATIONARY,STATIONARY,STATIONARY,STATIONARY,STATIONARY,MOVING,MOVING
77957,1919,1,RIGHT_LEG,0.11876964,0.00119369,0.01005050,0.00614291,0.00690133,0.00722500,0.01214328,0.00984638,0.01358526,0.01673292,0.10284558,RELIABLE,RELIABLE,RELIABLE,RELIABLE,RELIABLE,RELIABLE,RELIABLE,RELIABLE,STATIONARY,STATIONARY,STATIONARY,STATIONARY,STATIONARY,STATIONARY,STATIONARY,MOVING,MOVING
78005,1920,1,RIGHT_LEG,0.11899349,0.00059685,0.00501580,0.00645778,0.00722016,0.00742991,0.01283210,0.00985103,0.01386368,0.01671937,0.10533286,RELIABLE,RELIABLE,RELIABLE,RELIABLE,RELIABLE,RELIABLE,RELIABLE,RELIABLE,STATIONARY,STATIONARY,STATIONARY,STATIONARY,STATIONARY,STATIONARY,STATIONARY,MOVING,MOVING
78051,1921,1,RIGHT_LEG,0.11867281,0.00082459,0.00694846,0.00605849,0.00570610,0.00524474,0.01125716,0.00972698,0.01441346,0.01618631,0.11564767,RELIABLE,RELIABLE,RELIABLE,RELIABLE,RELIABLE,RELIABLE,RELIABLE,RELIABLE,STATIONARY,STATIONARY,STATIONARY,STATIONARY,STATIONARY,STATIONARY,STATIONARY,MOVING,MOVING
78098,1922,1,RIGHT_LEG,0.11831112,0.00041230,0.00348485,0.00585881,0.00494752,0.00414993,0.01046841,0.00966559,0.01468979,0.01588624,0.12275682,RELIABLE,RELIABLE,RELIABLE,RELIABLE,RELIABLE,RELIABLE,RELIABLE,RELIABLE,STATIONARY,STATIONARY,STATIONARY,STATIONARY,STATIONARY,STATIONARY,STATIONARY,MOVING,MOVING
78129,1923,1,RIGHT_LEG,0.11772793,0.00113803,0.00966658,0.00596162,0.00501650,0.00479412,0.01048306,0.00962400,0.01444313,0.01443289,0.13373325,RELIABLE,RELIABLE,RELIABLE,RELIABLE,RELIABLE,RELIABLE,RELIABLE,RELIABLE,STATIONARY,STATIONARY,STATIONARY,STATIONARY,STATIONARY,STATIONARY,STATIONARY,MOVING,MOVING
78187,1924,1,RIGHT_LEG,0.11738923,0.00200631,0.01709109,0.00720520,0.00570765,0.00634240,0.00959589,0.00862317,0.01194835,0.01343689,0.11704013,RELIABLE,RELIABLE,RELIABLE,RELIABLE,RELIABLE,RELIABLE,RELIABLE,RELIABLE,STATIONARY,STATIONARY,STATIONARY,STATIONARY,STATIONARY,STATIONARY,STATIONARY,MOVING,MOVING
78222,1925,1,RIGHT_LEG,0.11719905,0.00100315,0.00855941,0.00782687,0.00605243,0.00711711,0.00914915,0.00811895,0.01069437,0.01288112,0.10576100,RELIABLE,RELIABLE,RELIABLE,RELIABLE,RELIABLE,RELIABLE,RELIABLE,RELIABLE,STATIONARY,STATIONARY,STATIONARY,STATIONARY,STATIONARY,STATIONARY,STATIONARY,MOVING,MOVING
78254,1926,1,RIGHT_LEG,0.11763936,0.00149705,0.01272579,0.00919281,0.00742098,0.00829150,0.01006852,0.00911128,0.01091982,0.01396434,0.09539602,RELIABLE,RELIABLE,RELIABLE,RELIABLE,RELIABLE,RELIABLE,RELIABLE,RELIABLE,STATIONARY,STATIONARY,STATIONARY,STATIONARY,STATIONARY,STATIONARY,STATIONARY,MOVING,MOVING
78286,1927,1,RIGHT_LEG,0.11812756,0.00074853,0.00633660,0.00872857,0.00679417,0.00769790,0.00848124,0.00905788,0.00943201,0.01263186,0.07810660,RELIABLE,RELIABLE,RELIABLE,RELIABLE,RELIABLE,RELIABLE,RELIABLE,RELIABLE,STATIONARY,STATIONARY,STATIONARY,STATIONARY,STATIONARY,STATIONARY,STATIONARY,MOVING,MOVING
78318,1928,1,RIGHT_LEG,0.11853178,0.00093346,0.00787521,0.00908600,0.00682257,0.00737503,0.00992511,0.01019582,0.00966896,0.01360780,0.07130330,RELIABLE,RELIABLE,RELIABLE,RELIABLE,RELIABLE,RELIABLE,RELIABLE,RELIABLE,STATIONARY,STATIONARY,STATIONARY,STATIONARY,STATIONARY,STATIONARY,STATIONARY,MOVING,MOVING
78349,1929,1,RIGHT_LEG,0.11882450,0.00046673,0.00392791,0.00870843,0.00701200,0.00722559,0.01025618,0.00925482,0.00840702,0.01377617,0.05787059,RELIABLE,RELIABLE,RELIABLE,RELIABLE,RELIABLE,RELIABLE,RELIABLE,RELIABLE,STATIONARY,STATIONARY,STATIONARY,STATIONARY,STATIONARY,STATIONARY,STATIONARY,MOVING,MOVING
78381,1930,1,RIGHT_LEG,0.11951697,0.00260038,0.02175744,0.01099250,0.00777367,0.00923029,0.01097395,0.01026357,0.01054548,0.01503036,0.05703171,RELIABLE,RELIABLE,RELIABLE,RELIABLE,RELIABLE,RELIABLE,RELIABLE,RELIABLE,STATIONARY,STATIONARY,STATIONARY,STATIONARY,STATIONARY,STATIONARY,STATIONARY,MOVING,MOVING
78412,1931,1,RIGHT_LEG,0.12013661,0.00130019,0.01082261,0.01113701,0.00750133,0.00878356,0.00934844,0.00958518,0.00989886,0.01478210,0.04846451,RELIABLE,RELIABLE,RELIABLE,RELIABLE,RELIABLE,RELIABLE,RELIABLE,RELIABLE,STATIONARY,STATIONARY,STATIONARY,STATIONARY,STATIONARY,STATIONARY,STATIONARY,MOVING,MOVING
78444,1932,1,RIGHT_LEG,0.12002224,0.00507809,0.04230955,0.01428931,0.01232796,0.01199270,0.01042125,0.01101118,0.01175588,0.01696120,0.05126351,RELIABLE,RELIABLE,RELIABLE,RELIABLE,RELIABLE,RELIABLE,RELIABLE,RELIABLE,STATIONARY,STATIONARY,STATIONARY,STATIONARY,STATIONARY,STATIONARY,STATIONARY,MOVING,MOVING
78476,1933,1,RIGHT_LEG,0.11977828,0.00253904,0.02119787,0.01586912,0.01474656,0.01360098,0.01095897,0.01172592,0.01268652,0.01823816,0.05311781,RELIABLE,RELIABLE,RELIABLE,RELIABLE,RELIABLE,RELIABLE,RELIABLE,RELIABLE,STATIONARY,STATIONARY,STATIONARY,STATIONARY,STATIONARY,STATIONARY,STATIONARY,MOVING,MOVING
78522,1934,1,RIGHT_LEG,0.11876022,0.00608930,0.05127393,0.02068764,0.02059697,0.01381137,0.01197609,0.01140143,0.01501924,0.01910049,0.07272078,RELIABLE,RELIABLE,RELIABLE,RELIABLE,RELIABLE,RELIABLE,RELIABLE,RELIABLE,STATIONARY,STATIONARY,STATIONARY,STATIONARY,STATIONARY,STATIONARY,STATIONARY,MOVING,MOVING
78555,1935,1,RIGHT_LEG,0.11780659,0.00304465,0.02584449,0.02312613,0.02355587,0.01392544,0.01249737,0.01124760,0.01620199,0.01943038,0.08631281,RELIABLE,RELIABLE,RELIABLE,RELIABLE,RELIABLE,RELIABLE,RELIABLE,RELIABLE,STATIONARY,STATIONARY,STATIONARY,STATIONARY,STATIONARY,STATIONARY,STATIONARY,MOVING,MOVING
78586,1936,1,RIGHT_LEG,0.11749550,0.00476541,0.04055819,0.02721150,0.02782629,0.02119818,0.01210031,0.01100796,0.01917649,0.02122547,0.10157680,RELIABLE,RELIABLE,RELIABLE,RELIABLE,RELIABLE,RELIABLE,RELIABLE,RELIABLE,STATIONARY,STATIONARY,STATIONARY,STATIONARY,STATIONARY,STATIONARY,STATIONARY,MOVING,MOVING
78617,1937,1,RIGHT_LEG,0.11742334,0.00238270,0.02029156,0.02925696,0.02996396,0.02483725,0.01190563,0.01089047,0.02066659,0.02196869,0.11190162,RELIABLE,RELIABLE,RELIABLE,RELIABLE,RELIABLE,RELIABLE,RELIABLE,RELIABLE,STATIONARY,STATIONARY,STATIONARY,STATIONARY,STATIONARY,STATIONARY,STATIONARY,MOVING,MOVING
78651,1938,1,RIGHT_LEG,0.11768561,0.00338939,0.02880036,0.03013732,0.03256785,0.02871405,0.01427479,0.01070718,0.01986734,0.02351254,0.11342505,RELIABLE,RELIABLE,RELIABLE,RELIABLE,RELIABLE,RELIABLE,RELIABLE,RELIABLE,STATIONARY,STATIONARY,STATIONARY,STATIONARY,STATIONARY,STATIONARY,STATIONARY,MOVING,MOVING
78696,1939,1,RIGHT_LEG,0.11796675,0.00169469,0.01436586,0.03058023,0.03386788,0.03065083,0.01545820,0.01061834,0.01947296,0.02458756,0.11469119,RELIABLE,RELIABLE,RELIABLE,RELIABLE,RELIABLE,RELIABLE,RELIABLE,RELIABLE,MOVING,STATIONARY,STATIONARY,STATIONARY,STATIONARY,STATIONARY,STATIONARY,MOVING,MOVING
78743,1940,1,RIGHT_LEG,0.11767568,0.00206053,0.01751021,0.02748031,0.03096243,0.02949803,0.01612628,0.00973044,0.01944565,0.02586342,0.11029817,RELIABLE,RELIABLE,RELIABLE,RELIABLE,RELIABLE,RELIABLE,RELIABLE,RELIABLE,MOVING,STATIONARY,STATIONARY,STATIONARY,STATIONARY,STATIONARY,STATIONARY,MOVING,MOVING
78775,1941,1,RIGHT_LEG,0.11731589,0.00103026,0.00878196,0.02592832,0.02950865,0.02892259,0.01646243,0.00928657,0.01943348,0.02679938,0.10716200,RELIABLE,RELIABLE,RELIABLE,RELIABLE,RELIABLE,RELIABLE,RELIABLE,RELIABLE,MOVING,STATIONARY,STATIONARY,STATIONARY,STATIONARY,STATIONARY,STATIONARY,MOVING,MOVING
78806,1942,1,RIGHT_LEG,0.11737789,0.00163207,0.01390442,0.02125713,0.02529397,0.03039639,0.01502386,0.01041873,0.01806654,0.02682023,0.09017306,RELIABLE,RELIABLE,RELIABLE,RELIABLE,RELIABLE,RELIABLE,RELIABLE,RELIABLE,MOVING,STATIONARY,STATIONARY,STATIONARY,STATIONARY,STATIONARY,STATIONARY,MOVING,MOVING
78838,1943,1,RIGHT_LEG,0.11753088,0.00081604,0.00694316,0.01889446,0.02315419,0.03112517,0.01429412,0.01097813,0.01736767,0.02698043,0.07835492,RELIABLE,RELIABLE,RELIABLE,RELIABLE,RELIABLE,RELIABLE,RELIABLE,RELIABLE,MOVING,STATIONARY,STATIONARY,STATIONARY,STATIONARY,STATIONARY,STATIONARY,MOVING,MOVING
78870,1944,1,RIGHT_LEG,0.11816328,0.00215425,0.01823110,0.01610358,0.02088163,0.02531900,0.01343287,0.01116565,0.01428174,0.02460980,0.05963027,RELIABLE,RELIABLE,RELIABLE,RELIABLE,RELIABLE,RELIABLE,RELIABLE,RELIABLE,MOVING,STATIONARY,STATIONARY,STATIONARY,STATIONARY,STATIONARY,STATIONARY,MOVING,MOVING
78917,1945,1,RIGHT_LEG,0.11875996,0.00107712,0.00906975,0.01470085,0.01973692,0.02240915,0.01299825,0.01125521,0.01273459,0.02345623,0.04687481,RELIABLE,RELIABLE,RELIABLE,RELIABLE,RELIABLE,RELIABLE,RELIABLE,RELIABLE,MOVING,STATIONARY,STATIONARY,STATIONARY,STATIONARY,STATIONARY,STATIONARY,MOVING,MOVING
78963,1946,1,RIGHT_LEG,0.11907711,0.00129402,0.01086704,0.01245919,0.01844614,0.01814579,0.01169681,0.01027910,0.01205100,0.02227180,0.03607061,RELIABLE,RELIABLE,RELIABLE,RELIABLE,RELIABLE,RELIABLE,RELIABLE,RELIABLE,MOVING,STATIONARY,STATIONARY,STATIONARY,STATIONARY,STATIONARY,STATIONARY,MOVING,MOVING
78995,1947,1,RIGHT_LEG,0.11924572,0.00064701,0.00542583,0.01134168,0.01780335,0.01602005,0.01104875,0.00979255,0.01171080,0.02154311,0.02857410,RELIABLE,RELIABLE,RELIABLE,RELIABLE,RELIABLE,RELIABLE,RELIABLE,RELIABLE,MOVING,STATIONARY,STATIONARY,STATIONARY,STATIONARY,STATIONARY,STATIONARY,MOVING,MOVING
79042,1948,1,RIGHT_LEG,0.11907686,0.00222035,0.01864638,0.01148370,0.01717149,0.01400147,0.01038413,0.00841340,0.00979797,0.01772551,0.02201317,RELIABLE,RELIABLE,RELIABLE,RELIABLE,RELIABLE,RELIABLE,RELIABLE,RELIABLE,STATIONARY,STATIONARY,STATIONARY,STATIONARY,STATIONARY,STATIONARY,STATIONARY,MOVING,MOVING
79074,1949,1,RIGHT_LEG,0.11886599,0.00111018,0.00933973,0.01155342,0.01685261,0.01298771,0.01004943,0.00772136,0.00883795,0.01524760,0.01758661,RELIABLE,RELIABLE,RELIABLE,RELIABLE,RELIABLE,RELIABLE,RELIABLE,RELIABLE,STATIONARY,STATIONARY,STATIONARY,STATIONARY,STATIONARY,STATIONARY,STATIONARY,MOVING,MOVING
79121,1950,1,RIGHT_LEG,0.11922949,0.00302713,0.02538909,0.01298901,0.01580194,0.01304687,0.01347143,0.00671156,0.00870113,0.01395613,0.01841954,RELIABLE,RELIABLE,RELIABLE,RELIABLE,RELIABLE,RELIABLE,RELIABLE,RELIABLE,STATIONARY,STATIONARY,STATIONARY,STATIONARY,STATIONARY,STATIONARY,STATIONARY,MOVING,MOVING
79178,1951,1,RIGHT_LEG,0.11937231,0.00220397,0.01846302,0.01442899,0.01645583,0.01467430,0.01792775,0.00706791,0.01022830,0.01377227,0.03220416,RELIABLE,RELIABLE,RELIABLE,RELIABLE,RELIABLE,RELIABLE,RELIABLE,RELIABLE,STATIONARY,STATIONARY,STATIONARY,STATIONARY,STATIONARY,STATIONARY,STATIONARY,MOVING,MOVING
79215,1952,1,RIGHT_LEG,0.11942466,0.00110199,0.00922746,0.01330354,0.01485351,0.01446943,0.01907354,0.00633681,0.01036576,0.01289767,0.04115906,RELIABLE,RELIABLE,RELIABLE,RELIABLE,RELIABLE,RELIABLE,RELIABLE,RELIABLE,STATIONARY,STATIONARY,STATIONARY,STATIONARY,STATIONARY,STATIONARY,STATIONARY,MOVING,MOVING
79247,1953,1,RIGHT_LEG,0.11947155,0.00161031,0.01347860,0.01385464,0.01649947,0.01535784,0.02057051,0.00735654,0.01192470,0.01513272,0.05682373,RELIABLE,RELIABLE,RELIABLE,RELIABLE,RELIABLE,RELIABLE,RELIABLE,RELIABLE,STATIONARY,STATIONARY,STATIONARY,STATIONARY,STATIONARY,STATIONARY,STATIONARY,MOVING,MOVING
79294,1954,1,RIGHT_LEG,0.11951233,0.00080515,0.00673700,0.01333839,0.01583804,0.01447302,0.01938254,0.00752968,0.01138580,0.01490783,0.06669371,RELIABLE,RELIABLE,RELIABLE,RELIABLE,RELIABLE,RELIABLE,RELIABLE,RELIABLE,STATIONARY,STATIONARY,STATIONARY,STATIONARY,STATIONARY,STATIONARY,STATIONARY,MOVING,MOVING
79340,1955,1,RIGHT_LEG,0.11942194,0.00145577,0.01219015,0.01418393,0.01795800,0.01634563,0.01996537,0.00920483,0.01292735,0.01602322,0.08037963,RELIABLE,RELIABLE,RELIABLE,RELIABLE,RELIABLE,RELIABLE,RELIABLE,RELIABLE,STATIONARY,STATIONARY,STATIONARY,STATIONARY,STATIONARY,STATIONARY,STATIONARY,MOVING,MOVING
79372,1956,1,RIGHT_LEG,0.11932951,0.00072789,0.00609979,0.01261561,0.01650742,0.01559212,0.01869953,0.00968694,0.01306081,0.01641399,0.08911955,RELIABLE,RELIABLE,RELIABLE,RELIABLE,RELIABLE,RELIABLE,RELIABLE,RELIABLE,STATIONARY,STATIONARY,STATIONARY,STATIONARY,STATIONARY,STATIONARY,STATIONARY,MOVING,MOVING
79419,1957,1,RIGHT_LEG,0.11885990,0.00235980,0.01985361,0.01392984,0.01803249,0.01821069,0.01815561,0.01101845,0.01521817,0.01782519,0.10371681,RELIABLE,RELIABLE,RELIABLE,RELIABLE,RELIABLE,RELIABLE,RELIABLE,RELIABLE,STATIONARY,STATIONARY,STATIONARY,STATIONARY,STATIONARY,STATIONARY,STATIONARY,MOVING,MOVING
79466,1958,1,RIGHT_LEG,0.11841926,0.00117990,0.00996374,0.01200167,0.01734167,0.01700559,0.01400949,0.01043255,0.01459700,0.01745118,0.10894720,RELIABLE,RELIABLE,RELIABLE,RELIABLE,RELIABLE,RELIABLE,RELIABLE,RELIABLE,STATIONARY,STATIONARY,STATIONARY,STATIONARY,STATIONARY,STATIONARY,STATIONARY,MOVING,MOVING
79497,1959,1,RIGHT_LEG,0.11830694,0.00281077,0.02375826,0.01266358,0.02052862,0.02029472,0.01123902,0.01045697,0.01395619,0.01898749,0.10372623,RELIABLE,RELIABLE,RELIABLE,RELIABLE,RELIABLE,RELIABLE,RELIABLE,RELIABLE,STATIONARY,STATIONARY,STATIONARY,STATIONARY,STATIONARY,STATIONARY,STATIONARY,MOVING,MOVING
79529,1960,1,RIGHT_LEG,0.11830480,0.00140538,0.01187934,0.01299506,0.02212265,0.02194003,0.00985488,0.01046954,0.01363637,0.01987994,0.10015244,RELIABLE,RELIABLE,RELIABLE,RELIABLE,RELIABLE,RELIABLE,RELIABLE,RELIABLE,STATIONARY,STATIONARY,STATIONARY,STATIONARY,STATIONARY,STATIONARY,STATIONARY,MOVING,MOVING
79561,1961,1,RIGHT_LEG,0.11745210,0.00358474,0.03052090,0.01512535,0.02368875,0.02586954,0.00956202,0.01089724,0.01341429,0.01893473,0.09004028,RELIABLE,RELIABLE,RELIABLE,RELIABLE,RELIABLE,RELIABLE,RELIABLE,RELIABLE,STATIONARY,STATIONARY,STATIONARY,STATIONARY,STATIONARY,STATIONARY,STATIONARY,MOVING,MOVING
79607,1962,1,RIGHT_LEG,0.11660493,0.00179237,0.01537132,0.01620464,0.02448894,0.02785528,0.00942272,0.01111938,0.01331054,0.01816655,0.08317430,RELIABLE,RELIABLE,RELIABLE,RELIABLE,RELIABLE,RELIABLE,RELIABLE,RELIABLE,STATIONARY,STATIONARY,STATIONARY,STATIONARY,STATIONARY,STATIONARY,STATIONARY,MOVING,MOVING
79639,1963,1,RIGHT_LEG,0.11714706,0.00636396,0.05432454,0.02147144,0.02945311,0.02954264,0.01026117,0.01046663,0.01377758,0.01807141,0.07116213,RELIABLE,RELIABLE,RELIABLE,RELIABLE,RELIABLE,RELIABLE,RELIABLE,RELIABLE,STATIONARY,STATIONARY,STATIONARY,STATIONARY,STATIONARY,STATIONARY,STATIONARY,MOVING,MOVING
79685,1964,1,RIGHT_LEG,0.11791976,0.00318198,0.02698428,0.02408200,0.03190719,0.03037069,0.01067136,0.01013496,0.01400099,0.01790742,0.06274561,RELIABLE,RELIABLE,RELIABLE,RELIABLE,RELIABLE,RELIABLE,RELIABLE,RELIABLE,STATIONARY,STATIONARY,STATIONARY,STATIONARY,STATIONARY,STATIONARY,STATIONARY,MOVING,MOVING
79717,1965,1,RIGHT_LEG,0.11853957,0.00459551,0.03876773,0.02644627,0.03692933,0.03298796,0.01674894,0.01133209,0.01436970,0.01831012,0.05912852,RELIABLE,RELIABLE,RELIABLE,RELIABLE,RELIABLE,RELIABLE,RELIABLE,RELIABLE,STATIONARY,STATIONARY,STATIONARY,STATIONARY,STATIONARY,STATIONARY,STATIONARY,MOVING,MOVING
79770,1966,1,RIGHT_LEG,0.11973140,0.00328851,0.02746571,0.02863401,0.04129895,0.03745385,0.02381385,0.01271138,0.01618808,0.01893979,0.06175568,RELIABLE,RELIABLE,RELIABLE,RELIABLE,RELIABLE,RELIABLE,RELIABLE,RELIABLE,STATIONARY,STATIONARY,STATIONARY,STATIONARY,STATIONARY,STATIONARY,STATIONARY,MOVING,MOVING
79850,1967,1,RIGHT_LEG,0.12087808,0.00219182,0.01813245,0.02793078,0.04059296,0.03572091,0.03292628,0.01450449,0.01937708,0.01799312,0.06843890,RELIABLE,RELIABLE,RELIABLE,RELIABLE,RELIABLE,RELIABLE,RELIABLE,RELIABLE,STATIONARY,STATIONARY,STATIONARY,STATIONARY,STATIONARY,STATIONARY,STATIONARY,MOVING,MOVING
79889,1968,1,RIGHT_LEG,0.12181757,0.00109591,0.00899630,0.02757040,0.04022153,0.03483633,0.03743894,0.01538803,0.02095181,0.01726558,0.07268488,RELIABLE,RELIABLE,RELIABLE,RELIABLE,RELIABLE,RELIABLE,RELIABLE,RELIABLE,MOVING,STATIONARY,STATIONARY,STATIONARY,STATIONARY,STATIONARY,STATIONARY,MOVING,MOVING
79920,1969,1,RIGHT_LEG,0.12249264,0.00054795,0.00447336,0.02431446,0.03681999,0.03029440,0.03835990,0.01402227,0.02030702,0.01543256,0.07364215,RELIABLE,RELIABLE,RELIABLE,RELIABLE,RELIABLE,RELIABLE,RELIABLE,RELIABLE,MOVING,STATIONARY,STATIONARY,STATIONARY,STATIONARY,STATIONARY,STATIONARY,MOVING,MOVING
79952,1970,1,RIGHT_LEG,0.12162172,0.00279766,0.02300300,0.02526842,0.03839558,0.03251880,0.03943936,0.01619342,0.02188271,0.01522071,0.08556474,RELIABLE,RELIABLE,RELIABLE,PARTIAL,RELIABLE,RELIABLE,RELIABLE,RELIABLE,MOVING,STATIONARY,STATIONARY,STATIONARY,STATIONARY,STATIONARY,STATIONARY,MOVING,MOVING
79983,1971,1,RIGHT_LEG,0.12062357,0.00139883,0.01159667,0.01992744,0.03218624,0.03064382,0.03790415,0.01646829,0.02035227,0.01347616,0.09434383,RELIABLE,RELIABLE,RELIABLE,PARTIAL,RELIABLE,RELIABLE,RELIABLE,RELIABLE,MOVING,STATIONARY,STATIONARY,STATIONARY,STATIONARY,STATIONARY,STATIONARY,MOVING,MOVING
80014,1972,1,RIGHT_LEG,0.12023211,0.00242878,0.02020074,0.01907949,0.03218309,0.03146360,0.03956266,0.01771816,0.02183136,0.01468825,0.10525008,RELIABLE,RELIABLE,RELIABLE,RELIABLE,RELIABLE,RELIABLE,RELIABLE,RELIABLE,MOVING,STATIONARY,STATIONARY,STATIONARY,STATIONARY,STATIONARY,STATIONARY,MOVING,MOVING
80061,1973,1,RIGHT_LEG,0.12013755,0.00121439,0.01010832,0.01549707,0.02613494,0.02667420,0.03534732,0.01588996,0.02022348,0.01385013,0.10194770,RELIABLE,RELIABLE,RELIABLE,RELIABLE,RELIABLE,RELIABLE,RELIABLE,RELIABLE,MOVING,STATIONARY,STATIONARY,STATIONARY,STATIONARY,STATIONARY,STATIONARY,MOVING,MOVING
80108,1974,1,RIGHT_LEG,0.12079155,0.00590566,0.04889129,0.01817527,0.03265420,0.03178667,0.03587848,0.01722989,0.01969482,0.01660792,0.09692313,RELIABLE,RELIABLE,RELIABLE,RELIABLE,RELIABLE,RELIABLE,RELIABLE,RELIABLE,MOVING,STATIONARY,STATIONARY,STATIONARY,STATIONARY,STATIONARY,STATIONARY,MOVING,MOVING
80170,1975,1,RIGHT_LEG,0.12269407,0.00561214,0.04574089,0.02162632,0.03854309,0.03588537,0.03504886,0.01706479,0.01749666,0.01767346,0.08585341,RELIABLE,RELIABLE,RELIABLE,RELIABLE,RELIABLE,RELIABLE,RELIABLE,RELIABLE,MOVING,STATIONARY,STATIONARY,STATIONARY,STATIONARY,STATIONARY,STATIONARY,MOVING,MOVING
80251,1976,1,RIGHT_LEG,0.12377354,0.00390377,0.03153959,0.02444423,0.04458313,0.04104302,0.03389956,0.01864436,0.01754908,0.02228854,0.07812902,RELIABLE,RELIABLE,RELIABLE,PARTIAL,RELIABLE,RELIABLE,RELIABLE,RELIABLE,STATIONARY,STATIONARY,STATIONARY,STATIONARY,STATIONARY,STATIONARY,STATIONARY,MOVING,MOVING
80296,1977,1,RIGHT_LEG,0.12442642,0.00195188,0.01568705,0.02584594,0.04758762,0.04360862,0.03332867,0.01943022,0.01757550,0.02555111,0.07297052,RELIABLE,RELIABLE,RELIABLE,PARTIAL,RELIABLE,RELIABLE,RELIABLE,RELIABLE,STATIONARY,STATIONARY,STATIONARY,STATIONARY,STATIONARY,STATIONARY,STATIONARY,MOVING,MOVING
80328,1978,1,RIGHT_LEG,0.12509092,0.00406122,0.03246613,0.02702884,0.04930302,0.04555354,0.03477589,0.01799359,0.01648272,0.02924726,0.05991668,RELIABLE,RELIABLE,RELIABLE,RELIABLE,RELIABLE,RELIABLE,RELIABLE,RELIABLE,STATIONARY,STATIONARY,STATIONARY,STATIONARY,STATIONARY,STATIONARY,STATIONARY,MOVING,MOVING
80361,1979,1,RIGHT_LEG,0.12559736,0.00203061,0.01616761,0.02760020,0.05013337,0.04649074,0.03832875,0.01725799,0.01592292,0.03178841,0.05078502,RELIABLE,RELIABLE,RELIABLE,RELIABLE,RELIABLE,RELIABLE,RELIABLE,RELIABLE,STATIONARY,STATIONARY,STATIONARY,STATIONARY,STATIONARY,STATIONARY,STATIONARY,MOVING,MOVING
80406,1980,1,RIGHT_LEG,0.12593896,0.00101530,0.00806188,0.02608285,0.04747000,0.04521188,0.03768123,0.01578102,0.01340694,0.03125329,0.03989533,RELIABLE,RELIABLE,RELIABLE,RELIABLE,RELIABLE,RELIABLE,RELIABLE,RELIABLE,STATIONARY,STATIONARY,STATIONARY,STATIONARY,STATIONARY,STATIONARY,STATIONARY,MOVING,MOVING
84474,2076,1,WHOLE_BODY,0.12128108,0.00112823,0.00930263,0.01739267,0.01346168,0.01675025,0.02251830,0.00884382,0.01198089,0.01290615,0.01609150,RELIABLE,RELIABLE,RELIABLE,PARTIAL,RELIABLE,RELIABLE,RELIABLE,RELIABLE,STATIONARY,STATIONARY,STATIONARY,STATIONARY,STATIONARY,STATIONARY,STATIONARY,STATIONARY,STATIONARY
84523,2077,1,WHOLE_BODY,0.12073041,0.00214888,0.01779896,0.01879755,0.01399537,0.01687526,0.02417309,0.00890987,0.01299922,0.01533071,0.01665951,RELIABLE,RELIABLE,RELIABLE,PARTIAL,RELIABLE,RELIABLE,RELIABLE,RELIABLE,STATIONARY,STATIONARY,STATIONARY,STATIONARY,STATIONARY,STATIONARY,STATIONARY,STATIONARY,STATIONARY
84570,2078,1,WHOLE_BODY,0.12028576,0.00107444,0.00893238,0.01559254,0.01219328,0.01199464,0.02434259,0.00816531,0.01240195,0.01625883,0.01506683,RELIABLE,RELIABLE,RELIABLE,PARTIAL,RELIABLE,RELIABLE,RELIABLE,RELIABLE,STATIONARY,STATIONARY,STATIONARY,STATIONARY,STATIONARY,STATIONARY,STATIONARY,STATIONARY,STATIONARY
84601,2079,1,WHOLE_BODY,0.12117635,0.00304793,0.02515283,0.01658685,0.01470097,0.01450331,0.02604023,0.01204679,0.01370642,0.01644308,0.01571312,RELIABLE,RELIABLE,RELIABLE,PARTIAL,RELIABLE,RELIABLE,RELIABLE,RELIABLE,STATIONARY,STATIONARY,STATIONARY,STATIONARY,STATIONARY,STATIONARY,STATIONARY,STATIONARY,STATIONARY
84649,2080,1,WHOLE_BODY,0.12217857,0.00152396,0.01247325,0.01446648,0.01496819,0.01602618,0.01855268,0.01278493,0.01153580,0.01589885,0.01487084,RELIABLE,RELIABLE,RELIABLE,PARTIAL,RELIABLE,RELIABLE,RELIABLE,RELIABLE,STATIONARY,STATIONARY,STATIONARY,STATIONARY,STATIONARY,STATIONARY,STATIONARY,STATIONARY,STATIONARY
84682,2081,1,WHOLE_BODY,0.12275314,0.00230027,0.01873900,0.01485376,0.01744049,0.01849065,0.01735938,0.01444928,0.01261816,0.01634206,0.01426673,RELIABLE,RELIABLE,RELIABLE,PARTIAL,RELIABLE,RELIABLE,RELIABLE,RELIABLE,STATIONARY,STATIONARY,STATIONARY,STATIONARY,STATIONARY,STATIONARY,STATIONARY,STATIONARY,STATIONARY
84728,2082,1,WHOLE_BODY,0.12307764,0.00115014,0.00934480,0.01503554,0.01866583,0.01971582,0.01744704,0.01527200,0.01314688,0.01657749,0.01376701,RELIABLE,RELIABLE,RELIABLE,PARTIAL,RELIABLE,RELIABLE,RELIABLE,RELIABLE,STATIONARY,STATIONARY,STATIONARY,STATIONARY,STATIONARY,STATIONARY,STATIONARY,STATIONARY,STATIONARY
84760,2083,1,WHOLE_BODY,0.12282554,0.00293223,0.02387314,0.01570212,0.02134930,0.02156139,0.01953955,0.01779423,0.01488996,0.01547831,0.01247426,RELIABLE,RELIABLE,RELIABLE,PARTIAL,RELIABLE,RELIABLE,RELIABLE,RELIABLE,STATIONARY,STATIONARY,STATIONARY,STATIONARY,STATIONARY,STATIONARY,STATIONARY,STATIONARY,STATIONARY
84807,2084,1,WHOLE_BODY,0.12252033,0.00146612,0.01196631,0.01603508,0.02269273,0.02248454,0.02058718,0.01905791,0.01576264,0.01474468,0.01144466,RELIABLE,RELIABLE,RELIABLE,PARTIAL,RELIABLE,RELIABLE,RELIABLE,RELIABLE,STATIONARY,STATIONARY,STATIONARY,STATIONARY,STATIONARY,STATIONARY,STATIONARY,STATIONARY,STATIONARY
84839,2085,1,WHOLE_BODY,0.12091089,0.00830224,0.06866408,0.02239322,0.04120992,0.04011654,0.03109132,0.02456702,0.02271606,0.01498534,0.01274753,RELIABLE,RELIABLE,RELIABLE,RELIABLE,RELIABLE,RELIABLE,RELIABLE,RELIABLE,STATIONARY,STATIONARY,STATIONARY,STATIONARY,STATIONARY,STATIONARY,STATIONARY,STATIONARY,STATIONARY
84891,2086,1,WHOLE_BODY,0.12008093,0.00875977,0.07294891,0.03039529,0.06447866,0.06297212,0.04012732,0.03304570,0.03080862,0.01588972,0.01696901,RELIABLE,RELIABLE,RELIABLE,RELIABLE,RELIABLE,RELIABLE,RELIABLE,RELIABLE,STATIONARY,STATIONARY,STATIONARY,STATIONARY,STATIONARY,STATIONARY,STATIONARY,STATIONARY,STATIONARY
84933,2087,1,WHOLE_BODY,0.11967183,0.00437989,0.03659914,0.03182608,0.07275204,0.06950455,0.04305460,0.03305085,0.03327079,0.01680151,0.01790495,RELIABLE,RELIABLE,RELIABLE,RELIABLE,RELIABLE,RELIABLE,RELIABLE,RELIABLE,STATIONARY,STATIONARY,STATIONARY,STATIONARY,STATIONARY,STATIONARY,STATIONARY,STATIONARY,STATIONARY
84979,2088,1,WHOLE_BODY,0.12024632,0.00572380,0.04760065,0.03621700,0.08710828,0.08301138,0.05263970,0.03940149,0.03948897,0.01820693,0.02043167,RELIABLE,RELIABLE,RELIABLE,RELIABLE,RELIABLE,RELIABLE,RELIABLE,RELIABLE,MOVING,STATIONARY,STATIONARY,STATIONARY,STATIONARY,STATIONARY,STATIONARY,STATIONARY,MOVING
85025,2089,1,WHOLE_BODY,0.12096396,0.00286190,0.02365913,0.03683202,0.09140782,0.08788152,0.05461684,0.04078187,0.04009717,0.01654306,0.02078304,RELIABLE,RELIABLE,RELIABLE,RELIABLE,RELIABLE,RELIABLE,RELIABLE,RELIABLE,MOVING,STATIONARY,STATIONARY,STATIONARY,STATIONARY,STATIONARY,STATIONARY,STATIONARY,MOVING
85057,2090,1,WHOLE_BODY,0.12172612,0.00763494,0.06272231,0.04350421,0.10450809,0.10437962,0.06181496,0.04807066,0.04418055,0.01793738,0.02138316,RELIABLE,RELIABLE,RELIABLE,RELIABLE,RELIABLE,RELIABLE,RELIABLE,RELIABLE,MOVING,MOVING,MOVING,MOVING,STATIONARY,MOVING,STATIONARY,STATIONARY,MOVING
85089,2091,1,WHOLE_BODY,0.12232744,0.00381747,0.03120699,0.04442094,0.10599147,0.10766438,0.06170212,0.04873344,0.04315386,0.01820559,0.02119687,RELIABLE,RELIABLE,RELIABLE,RELIABLE,RELIABLE,RELIABLE,RELIABLE,RELIABLE,MOVING,MOVING,MOVING,MOVING,STATIONARY,MOVING,STATIONARY,STATIONARY,MOVING
85135,2092,1,WHOLE_BODY,0.12321627,0.00447661,0.03633131,0.04746657,0.11301406,0.11392048,0.06735660,0.05369272,0.04657530,0.02033389,0.02292546,RELIABLE,RELIABLE,RELIABLE,RELIABLE,RELIABLE,RELIABLE,RELIABLE,RELIABLE,MOVING,MOVING,MOVING,MOVING,MOVING,MOVING,STATIONARY,STATIONARY,MOVING
85183,2093,1,WHOLE_BODY,0.12398907,0.00223830,0.01805243,0.04114011,0.09788287,0.09982021,0.05744118,0.05007701,0.04056389,0.01875234,0.02198371,RELIABLE,RELIABLE,RELIABLE,RELIABLE,RELIABLE,RELIABLE,RELIABLE,RELIABLE,MOVING,MOVING,MOVING,MOVING,MOVING,MOVING,STATIONARY,STATIONARY,MOVING
85229,2094,1,WHOLE_BODY,0.12409805,0.00633724,0.05106637,0.03840479,0.08826235,0.09239111,0.05824185,0.05225717,0.03930848,0.02211069,0.01940465,RELIABLE,RELIABLE,RELIABLE,RELIABLE,RELIABLE,RELIABLE,RELIABLE,RELIABLE,MOVING,MOVING,MOVING,MOVING,MOVING,MOVING,STATIONARY,STATIONARY,MOVING
85290,2095,1,WHOLE_BODY,0.12395695,0.00625875,0.05049134,0.04014132,0.08959116,0.09527860,0.06161403,0.05655443,0.04164352,0.05117663,0.02015017,RELIABLE,RELIABLE,RELIABLE,RELIABLE,RELIABLE,RELIABLE,RELIABLE,RELIABLE,MOVING,MOVING,MOVING,MOVING,MOVING,MOVING,STATIONARY,STATIONARY,MOVING
85323,2096,1,WHOLE_BODY,0.12379005,0.00312938,0.02527971,0.03735120,0.08006063,0.08651285,0.05519461,0.05237997,0.03783685,0.07022016,0.01859026,RELIABLE,RELIABLE,RELIABLE,RELIABLE,RELIABLE,RELIABLE,RELIABLE,RELIABLE,MOVING,MOVING,MOVING,MOVING,MOVING,MOVING,STATIONARY,STATIONARY,MOVING
85371,2097,1,WHOLE_BODY,0.12406568,0.00346104,0.02789685,0.03788092,0.07976826,0.08717030,0.05644582,0.05433308,0.03884545,0.08730738,0.02091766,RELIABLE,RELIABLE,RELIABLE,RELIABLE,RELIABLE,RELIABLE,RELIABLE,RELIABLE,MOVING,MOVING,MOVING,MOVING,MOVING,MOVING,STATIONARY,STATIONARY,MOVING
85417,2098,1,WHOLE_BODY,0.12438754,0.00173052,0.01391233,0.03177967,0.06866649,0.07342891,0.05085779,0.04870679,0.03556845,0.09647878,0.02201141,RELIABLE,RELIABLE,RELIABLE,RELIABLE,RELIABLE,RELIABLE,RELIABLE,RELIABLE,MOVING,MOVING,MOVING,MOVING,MOVING,MOVING,MOVING,STATIONARY,MOVING
85467,2099,1,WHOLE_BODY,0.12426485,0.00345618,0.02781303,0.03135542,0.06870906,0.07174950,0.04808722,0.04743078,0.03548698,0.10473130,0.02321108,RELIABLE,RELIABLE,RELIABLE,RELIABLE,RELIABLE,RELIABLE,RELIABLE,RELIABLE,MOVING,MOVING,MOVING,MOVING,MOVING,MOVING,MOVING,STATIONARY,MOVING
85513,2100,1,WHOLE_BODY,0.12406741,0.00172809,0.01392864,0.02855509,0.06244796,0.06629478,0.04098670,0.04216274,0.03150886,0.10856075,0.02221223,RELIABLE,RELIABLE,RELIABLE,RELIABLE,RELIABLE,RELIABLE,RELIABLE,RELIABLE,MOVING,MOVING,MOVING,MOVING,MOVING,MOVING,MOVING,STATIONARY,MOVING
85560,2101,1,WHOLE_BODY,0.12329851,0.00174934,0.01418782,0.02807201,0.06056473,0.06438391,0.04035868,0.04368731,0.03173925,0.11321255,0.02262060,RELIABLE,RELIABLE,RELIABLE,RELIABLE,RELIABLE,RELIABLE,RELIABLE,RELIABLE,MOVING,MOVING,MOVING,MOVING,MOVING,MOVING,MOVING,STATIONARY,MOVING
85606,2102,1,WHOLE_BODY,0.12258981,0.00087467,0.00713492,0.02258058,0.04767391,0.04977357,0.03050573,0.03474887,0.02549346,0.11122819,0.02143907,RELIABLE,RELIABLE,RELIABLE,RELIABLE,RELIABLE,RELIABLE,RELIABLE,RELIABLE,MOVING,MOVING,MOVING,MOVING,MOVING,MOVING,MOVING,STATIONARY,MOVING
85638,2103,1,WHOLE_BODY,0.12209904,0.00345940,0.02833272,0.01981075,0.04041436,0.04248743,0.02561344,0.03141065,0.02179801,0.09011041,0.01850127,RELIABLE,RELIABLE,RELIABLE,RELIABLE,RELIABLE,RELIABLE,RELIABLE,RELIABLE,MOVING,MOVING,MOVING,MOVING,MOVING,MOVING,MOVING,STATIONARY,MOVING
85689,2104,1,WHOLE_BODY,0.12164913,0.00333460,0.02741166,0.02007725,0.04161789,0.04290421,0.02618701,0.03409436,0.02214569,0.09333281,0.01835568,RELIABLE,RELIABLE,RELIABLE,RELIABLE,RELIABLE,RELIABLE,RELIABLE,RELIABLE,MOVING,MOVING,MOVING,MOVING,MOVING,MOVING,MOVING,STATIONARY,MOVING
85732,2105,1,WHOLE_BODY,0.12132680,0.00166730,0.01374224,0.01830792,0.03780544,0.03813023,0.02205149,0.03143102,0.01943402,0.09193510,0.01508726,RELIABLE,RELIABLE,RELIABLE,RELIABLE,RELIABLE,RELIABLE,RELIABLE,RELIABLE,MOVING,STATIONARY,STATIONARY,MOVING,MOVING,MOVING,MOVING,STATIONARY,MOVING
85778,2106,1,WHOLE_BODY,0.12132245,0.00469176,0.03867179,0.02140285,0.04356823,0.04358893,0.02141631,0.03237621,0.01975910,0.09693457,0.01441217,RELIABLE,RELIABLE,RELIABLE,RELIABLE,RELIABLE,RELIABLE,RELIABLE,RELIABLE,MOVING,STATIONARY,STATIONARY,MOVING,MOVING,MOVING,MOVING,STATIONARY,MOVING
85825,2107,1,WHOLE_BODY,0.12140611,0.00234588,0.01932257,0.02034155,0.04088967,0.04116800,0.02109621,0.03133175,0.01837740,0.09874687,0.01346678,RELIABLE,RELIABLE,RELIABLE,RELIABLE,RELIABLE,RELIABLE,RELIABLE,RELIABLE,MOVING,STATIONARY,STATIONARY,STATIONARY,MOVING,STATIONARY,MOVING,STATIONARY,MOVING
85856,2108,1,WHOLE_BODY,0.12178018,0.00406125,0.03334904,0.02276909,0.04321983,0.04405930,0.02592952,0.03644942,0.02023551,0.10232377,0.01374208,RELIABLE,RELIABLE,RELIABLE,RELIABLE,RELIABLE,RELIABLE,RELIABLE,RELIABLE,MOVING,STATIONARY,STATIONARY,STATIONARY,MOVING,STATIONARY,MOVING,STATIONARY,MOVING
85888,2109,1,WHOLE_BODY,0.12213341,0.00203063,0.01662629,0.02307390,0.04316000,0.04470739,0.02544047,0.03486126,0.01895707,0.10291113,0.01284447,RELIABLE,RELIABLE,RELIABLE,RELIABLE,RELIABLE,RELIABLE,RELIABLE,RELIABLE,STATIONARY,STATIONARY,STATIONARY,STATIONARY,STATIONARY,STATIONARY,MOVING,STATIONARY,MOVING
85935,2110,1,WHOLE_BODY,0.12259656,0.00208600,0.01701519,0.02430894,0.04620937,0.04833503,0.02834847,0.04028886,0.02137692,0.10459532,0.01459273,RELIABLE,RELIABLE,RELIABLE,RELIABLE,RELIABLE,RELIABLE,RELIABLE,RELIABLE,STATIONARY,STATIONARY,STATIONARY,STATIONARY,STATIONARY,STATIONARY,MOVING,STATIONARY,MOVING
85967,2111,1,WHOLE_BODY,0.12297737,0.00104300,0.00848125,0.02182750,0.04236085,0.04348020,0.02677105,0.03863650,0.02017539,0.09903249,0.01554393,RELIABLE,RELIABLE,RELIABLE,RELIABLE,RELIABLE,RELIABLE,RELIABLE,RELIABLE,STATIONARY,STATIONARY,STATIONARY,STATIONARY,STATIONARY,STATIONARY,MOVING,STATIONARY,MOVING
85998,2112,1,WHOLE_BODY,0.12355928,0.00448876,0.03632881,0.02294215,0.04374597,0.04498436,0.02694732,0.03945909,0.02241892,0.07952053,0.02115822,RELIABLE,RELIABLE,RELIABLE,RELIABLE,RELIABLE,RELIABLE,RELIABLE,PARTIAL,STATIONARY,STATIONARY,STATIONARY,STATIONARY,STATIONARY,STATIONARY,MOVING,STATIONARY,MOVING
86043,2113,1,WHOLE_BODY,0.12405483,0.00224438,0.01809184,0.02348585,0.04440944,0.04570773,0.02701863,0.03984496,0.02352368,0.06562840,0.02445729,RELIABLE,RELIABLE,RELIABLE,RELIABLE,RELIABLE,RELIABLE,RELIABLE,PARTIAL,STATIONARY,STATIONARY,STATIONARY,STATIONARY,STATIONARY,STATIONARY,MOVING,STATIONARY,MOVING
86075,2114,1,WHOLE_BODY,0.12498686,0.00286883,0.02295304,0.02152100,0.04074748,0.04184889,0.03216395,0.04106169,0.02702581,0.05075662,0.02712946,RELIABLE,RELIABLE,RELIABLE,RELIABLE,RELIABLE,RELIABLE,RELIABLE,RELIABLE,STATIONARY,STATIONARY,STATIONARY,STATIONARY,STATIONARY,STATIONARY,MOVING,STATIONARY,MOVING
86123,2115,1,WHOLE_BODY,0.12579884,0.00143441,0.01140244,0.02053099,0.03890052,0.03990375,0.03471232,0.04165442,0.02875802,0.04006473,0.03112262,RELIABLE,RELIABLE,RELIABLE,RELIABLE,RELIABLE,RELIABLE,RELIABLE,RELIABLE,STATIONARY,STATIONARY,STATIONARY,STATIONARY,STATIONARY,STATIONARY,MOVING,STATIONARY,MOVING
86155,2116,1,WHOLE_BODY,0.18931477,0.01873019,0.09893678,0.02872946,0.04187442,0.03968901,0.08947994,0.09630409,0.05801788,0.04701914,0.04555022,RELIABLE,RELIABLE,RELIABLE,RELIABLE,RELIABLE,RELIABLE,RELIABLE,RELIABLE,STATIONARY,STATIONARY,STATIONARY,STATIONARY,STATIONARY,STATIONARY,MOVING,STATIONARY,MOVING
86219,2117,1,WHOLE_BODY,0.12799936,0.00509270,0.03978690,0.03162453,,,0.12984796,0.14011170,0.07799007,0.05168640,0.05551169,PARTIAL,UNRELIABLE,UNRELIABLE,RELIABLE,RELIABLE,RELIABLE,RELIABLE,RELIABLE,STATIONARY,UNCERTAIN,UNCERTAIN,STATIONARY,STATIONARY,STATIONARY,MOVING,STATIONARY,MOVING
86263,2118,1,WHOLE_BODY,0.11328371,0.00254635,0.02247763,0.03230734,,,0.14967510,0.15884052,0.08630976,0.05402900,0.06050005,PARTIAL,UNRELIABLE,UNRELIABLE,RELIABLE,RELIABLE,RELIABLE,RELIABLE,RELIABLE,MOVING,UNCERTAIN,UNCERTAIN,MOVING,MOVING,MOVING,MOVING,STATIONARY,MOVING
86295,2119,1,WHOLE_BODY,0.11528500,0.01005333,0.08720418,0.04214770,,,0.16310574,0.17413232,0.09744594,0.06481858,0.07025225,PARTIAL,PARTIAL,UNRELIABLE,RELIABLE,RELIABLE,RELIABLE,RELIABLE,RELIABLE,MOVING,UNCERTAIN,UNCERTAIN,MOVING,MOVING,MOVING,MOVING,MOVING,MOVING
86341,2120,1,WHOLE_BODY,0.12096835,0.00510859,0.04223081,0.04288545,0.03888544,,0.16546141,0.17531894,0.09766286,0.06924989,0.06930824,RELIABLE,RELIABLE,RELIABLE,RELIABLE,RELIABLE,RELIABLE,RELIABLE,RELIABLE,MOVING,STATIONARY,UNCERTAIN,MOVING,MOVING,MOVING,MOVING,MOVING,MOVING
86372,2121,1,WHOLE_BODY,0.12614797,,,,,,0.16836546,0.18129586,0.10217703,0.07301014,0.07012722,UNRELIABLE,UNRELIABLE,UNRELIABLE,RELIABLE,RELIABLE,RELIABLE,RELIABLE,RELIABLE,UNCERTAIN,UNCERTAIN,UNCERTAIN,MOVING,MOVING,MOVING,MOVING,MOVING,MOVING
86404,2122,1,WHOLE_BODY,0.12991798,,,,,,0.16320459,0.18084741,0.09970050,0.07473097,0.06844691,UNRELIABLE,UNRELIABLE,UNRELIABLE,RELIABLE,RELIABLE,RELIABLE,RELIABLE,RELIABLE,UNCERTAIN,UNCERTAIN,UNCERTAIN,MOVING,MOVING,MOVING,MOVING,MOVING,MOVING
86450,2123,1,WHOLE_BODY,0.13333754,,,,,,0.16337024,0.18850964,0.10125052,0.08088292,0.06566493,UNRELIABLE,UNRELIABLE,UNRELIABLE,RELIABLE,RELIABLE,RELIABLE,RELIABLE,RELIABLE,UNCERTAIN,UNCERTAIN,UNCERTAIN,MOVING,MOVING,MOVING,MOVING,MOVING,MOVING
86481,2124,1,WHOLE_BODY,0.13583639,,,,,,0.10492773,0.13225052,0.07103847,0.06825877,0.05111867,UNRELIABLE,UNRELIABLE,UNRELIABLE,RELIABLE,RELIABLE,RELIABLE,RELIABLE,RELIABLE,UNCERTAIN,UNCERTAIN,UNCERTAIN,MOVING,MOVING,MOVING,MOVING,MOVING,MOVING
86513,2125,1,WHOLE_BODY,0.13751841,,,,,,0.07020196,0.09116318,0.05533742,0.06121634,0.04279031,UNRELIABLE,UNRELIABLE,UNRELIABLE,RELIABLE,RELIABLE,RELIABLE,RELIABLE,RELIABLE,UNCERTAIN,UNCERTAIN,UNCERTAIN,MOVING,MOVING,MOVING,MOVING,MOVING,MOVING
86544,2126,1,WHOLE_BODY,0.13857601,,,,,,0.05000155,0.06753558,0.04606350,0.05586164,0.03634774,UNRELIABLE,UNRELIABLE,UNRELIABLE,RELIABLE,RELIABLE,RELIABLE,RELIABLE,RELIABLE,UNCERTAIN,UNCERTAIN,UNCERTAIN,MOVING,MOVING,MOVING,MOVING,MOVING,MOVING
86591,2127,1,WHOLE_BODY,0.13981666,,,,,,0.04298811,0.05729042,0.03920248,0.04665426,0.02699522,UNRELIABLE,UNRELIABLE,UNRELIABLE,RELIABLE,RELIABLE,RELIABLE,RELIABLE,RELIABLE,UNCERTAIN,UNCERTAIN,UNCERTAIN,MOVING,MOVING,MOVING,MOVING,MOVING,MOVING
86622,2128,1,WHOLE_BODY,0.14079472,,,,,,0.03982023,0.05258831,0.03605730,0.04111486,0.02147426,UNRELIABLE,UNRELIABLE,UNRELIABLE,RELIABLE,RELIABLE,RELIABLE,RELIABLE,RELIABLE,UNCERTAIN,UNCERTAIN,UNCERTAIN,MOVING,MOVING,MOVING,MOVING,MOVING,MOVING
86669,2129,1,WHOLE_BODY,0.14216572,,,,,,0.04275951,0.04815249,0.03539638,0.03968550,0.01920015,UNRELIABLE,UNRELIABLE,UNRELIABLE,RELIABLE,RELIABLE,RELIABLE,RELIABLE,RELIABLE,UNCERTAIN,UNCERTAIN,UNCERTAIN,MOVING,MOVING,MOVING,MOVING,MOVING,MOVING
86716,2130,1,WHOLE_BODY,0.14330024,,,,,,0.04427511,0.04605711,0.03514773,0.03872222,0.01774572,UNRELIABLE,UNRELIABLE,UNRELIABLE,RELIABLE,RELIABLE,RELIABLE,RELIABLE,RELIABLE,UNCERTAIN,UNCERTAIN,UNCERTAIN,MOVING,MOVING,MOVING,MOVING,MOVING,MOVING
86750,2131,1,WHOLE_BODY,0.21681490,,,,,,0.09149778,0.09681335,0.06393658,0.05162187,0.03612139,UNRELIABLE,UNRELIABLE,UNRELIABLE,RELIABLE,RELIABLE,RELIABLE,RELIABLE,RELIABLE,UNCERTAIN,UNCERTAIN,UNCERTAIN,MOVING,MOVING,MOVING,MOVING,MOVING,MOVING
86810,2132,1,WHOLE_BODY,0.25603829,,,,,,0.11304424,0.12002003,0.07613959,0.05742000,0.04519501,UNRELIABLE,UNRELIABLE,UNRELIABLE,PARTIAL,RELIABLE,PARTIAL,RELIABLE,RELIABLE,UNCERTAIN,UNCERTAIN,UNCERTAIN,MOVING,MOVING,MOVING,MOVING,STATIONARY,MOVING
86844,2133,1,WHOLE_BODY,0.15807735,,,,,,0.12363745,0.13686263,0.08197773,0.06360246,0.05331542,UNRELIABLE,UNRELIABLE,UNRELIABLE,PARTIAL,RELIABLE,PARTIAL,RELIABLE,RELIABLE,UNCERTAIN,UNCERTAIN,UNCERTAIN,MOVING,MOVING,MOVING,MOVING,STATIONARY,MOVING
86890,2134,1,WHOLE_BODY,0.11563861,,,,,,0.13063609,0.15808295,0.08866707,0.06844525,0.06183492,UNRELIABLE,UNRELIABLE,UNRELIABLE,PARTIAL,PARTIAL,PARTIAL,RELIABLE,RELIABLE,UNCERTAIN,UNCERTAIN,UNCERTAIN,MOVING,MOVING,MOVING,MOVING,STATIONARY,MOVING
86924,2135,1,WHOLE_BODY,0.09770221,,,,,,0.12856659,0.16343219,0.08814679,0.06864644,0.06700854,UNRELIABLE,UNRELIABLE,UNRELIABLE,PARTIAL,PARTIAL,PARTIAL,RELIABLE,RELIABLE,UNCERTAIN,UNCERTAIN,UNCERTAIN,MOVING,MOVING,MOVING,MOVING,MOVING,MOVING
86969,2136,1,WHOLE_BODY,0.09061910,,,,,,0.12911998,0.17021246,0.09227695,0.07042406,0.07406402,UNRELIABLE,UNRELIABLE,UNRELIABLE,PARTIAL,PARTIAL,PARTIAL,RELIABLE,RELIABLE,UNCERTAIN,UNCERTAIN,UNCERTAIN,MOVING,MOVING,MOVING,MOVING,MOVING,MOVING
87001,2137,1,WHOLE_BODY,0.08802605,,,,,,0.12322924,0.17048522,0.08914285,0.06869920,0.07622591,UNRELIABLE,UNRELIABLE,UNRELIABLE,PARTIAL,PARTIAL,PARTIAL,RELIABLE,RELIABLE,UNCERTAIN,UNCERTAIN,UNCERTAIN,MOVING,MOVING,MOVING,MOVING,MOVING,MOVING
87033,2138,1,WHOLE_BODY,0.08762160,,,,,,0.12251062,0.17417302,0.09395422,0.06996337,0.08090476,UNRELIABLE,UNRELIABLE,UNRELIABLE,PARTIAL,PARTIAL,PARTIAL,RELIABLE,RELIABLE,UNCERTAIN,UNCERTAIN,UNCERTAIN,MOVING,MOVING,MOVING,MOVING,MOVING,MOVING
87065,2139,1,WHOLE_BODY,0.08556672,,,,,,0.07552212,0.11794773,0.06964909,0.05457450,0.06561179,UNRELIABLE,UNRELIABLE,UNRELIABLE,PARTIAL,PARTIAL,PARTIAL,RELIABLE,RELIABLE,UNCERTAIN,UNCERTAIN,UNCERTAIN,MOVING,MOVING,MOVING,MOVING,MOVING,MOVING
87096,2140,1,WHOLE_BODY,0.08342620,,,,,,0.05764789,0.11043930,0.06447765,0.04871215,0.06057627,UNRELIABLE,UNRELIABLE,UNRELIABLE,PARTIAL,PARTIAL,PARTIAL,RELIABLE,RELIABLE,UNCERTAIN,UNCERTAIN,UNCERTAIN,MOVING,MOVING,MOVING,MOVING,MOVING,MOVING
87128,2141,1,WHOLE_BODY,0.08180140,,,,,,0.04147547,0.09813650,0.05750490,0.04044008,0.05313488,UNRELIABLE,UNRELIABLE,UNRELIABLE,PARTIAL,PARTIAL,PARTIAL,RELIABLE,RELIABLE,UNCERTAIN,UNCERTAIN,UNCERTAIN,MOVING,MOVING,MOVING,MOVING,MOVING,MOVING
87175,2142,1,WHOLE_BODY,0.07984248,,,,,,0.03689547,0.09100712,0.05307158,0.03675320,0.04871743,UNRELIABLE,UNRELIABLE,UNRELIABLE,PARTIAL,RELIABLE,PARTIAL,RELIABLE,RELIABLE,UNCERTAIN,UNCERTAIN,UNCERTAIN,MOVING,MOVING,MOVING,MOVING,MOVING,MOVING
87207,2143,1,WHOLE_BODY,0.07830592,,,,,,0.03364248,0.08336994,0.05003257,0.03363842,0.04477053,UNRELIABLE,UNRELIABLE,UNRELIABLE,PARTIAL,RELIABLE,PARTIAL,RELIABLE,RELIABLE,UNCERTAIN,UNCERTAIN,UNCERTAIN,MOVING,MOVING,MOVING,MOVING,MOVING,MOVING
87238,2144,1,WHOLE_BODY,0.07988957,,,,,,0.03663074,0.08643979,0.04844520,0.03523407,0.04260386,UNRELIABLE,UNRELIABLE,UNRELIABLE,PARTIAL,RELIABLE,PARTIAL,RELIABLE,RELIABLE,UNCERTAIN,UNCERTAIN,UNCERTAIN,MOVING,MOVING,MOVING,MOVING,MOVING,MOVING
87269,2145,1,WHOLE_BODY,0.10867707,,,,,,0.03701213,0.08591387,0.04680066,0.03493646,0.04007272,UNRELIABLE,UNRELIABLE,UNRELIABLE,RELIABLE,RELIABLE,RELIABLE,RELIABLE,RELIABLE,UNCERTAIN,UNCERTAIN,UNCERTAIN,MOVING,MOVING,MOVING,MOVING,MOVING,MOVING
87316,2146,1,WHOLE_BODY,0.12307992,,,,,,0.03967747,0.09357915,0.04635782,0.03432690,0.03857733,UNRELIABLE,UNRELIABLE,UNRELIABLE,RELIABLE,RELIABLE,RELIABLE,RELIABLE,RELIABLE,UNCERTAIN,UNCERTAIN,UNCERTAIN,MOVING,MOVING,MOVING,MOVING,MOVING,MOVING
87348,2147,1,WHOLE_BODY,0.13031125,,,,,,0.03828399,0.09541674,0.04095008,0.03151803,0.03580267,UNRELIABLE,UNRELIABLE,UNRELIABLE,RELIABLE,RELIABLE,RELIABLE,RELIABLE,RELIABLE,UNCERTAIN,UNCERTAIN,UNCERTAIN,MOVING,MOVING,MOVING,STATIONARY,MOVING,MOVING
87395,2148,1,WHOLE_BODY,0.21168061,,,,,,0.08663696,0.13072618,0.06053938,0.04288075,0.04438463,UNRELIABLE,UNRELIABLE,UNRELIABLE,RELIABLE,RELIABLE,RELIABLE,RELIABLE,RELIABLE,UNCERTAIN,UNCERTAIN,UNCERTAIN,MOVING,MOVING,MOVING,STATIONARY,MOVING,MOVING
87442,2149,1,WHOLE_BODY,0.13622068,,,,,,0.12571705,0.16370088,0.07823924,0.05591151,0.05440627,UNRELIABLE,UNRELIABLE,UNRELIABLE,RELIABLE,RELIABLE,RELIABLE,RELIABLE,RELIABLE,UNCERTAIN,UNCERTAIN,UNCERTAIN,MOVING,MOVING,MOVING,STATIONARY,MOVING,MOVING
87475,2150,1,WHOLE_BODY,0.11456055,,,,,,0.14208624,0.17716521,0.09223202,0.06829040,0.06252652,UNRELIABLE,UNRELIABLE,UNRELIABLE,RELIABLE,RELIABLE,RELIABLE,RELIABLE,RELIABLE,UNCERTAIN,UNCERTAIN,UNCERTAIN,MOVING,MOVING,MOVING,STATIONARY,MOVING,MOVING
87521,2151,1,WHOLE_BODY,0.11177111,,,,,,0.15049274,0.18612820,0.09940852,0.07613256,0.06773604,UNRELIABLE,UNRELIABLE,UNRELIABLE,RELIABLE,RELIABLE,RELIABLE,RELIABLE,RELIABLE,UNCERTAIN,UNCERTAIN,UNCERTAIN,MOVING,MOVING,MOVING,STATIONARY,MOVING,MOVING
87553,2152,1,WHOLE_BODY,0.11879001,,,,,,0.15733028,0.20022758,0.11301339,0.07779025,0.07691574,UNRELIABLE,UNRELIABLE,UNRELIABLE,RELIABLE,RELIABLE,RELIABLE,RELIABLE,RELIABLE,UNCERTAIN,UNCERTAIN,UNCERTAIN,MOVING,MOVING,MOVING,MOVING,MOVING,MOVING
87611,2153,1,WHOLE_BODY,0.12508555,,,,,,0.16810629,0.21681420,0.12804468,0.08105805,0.08768690,UNRELIABLE,UNRELIABLE,UNRELIABLE,RELIABLE,RELIABLE,RELIABLE,RELIABLE,RELIABLE,UNCERTAIN,UNCERTAIN,UNCERTAIN,MOVING,MOVING,MOVING,MOVING,MOVING,MOVING
87645,2154,1,WHOLE_BODY,0.12962676,,,,,,0.16858679,0.21326701,0.12853008,0.08098132,0.09072849,UNRELIABLE,UNRELIABLE,UNRELIABLE,RELIABLE,RELIABLE,RELIABLE,RELIABLE,RELIABLE,UNCERTAIN,UNCERTAIN,UNCERTAIN,MOVING,MOVING,MOVING,MOVING,MOVING,MOVING
87691,2155,1,WHOLE_BODY,0.13195626,,,,,,0.17423818,0.22109686,0.13373278,0.08210212,0.09437799,PARTIAL,UNRELIABLE,UNRELIABLE,RELIABLE,RELIABLE,RELIABLE,RELIABLE,RELIABLE,UNCERTAIN,UNCERTAIN,UNCERTAIN,MOVING,MOVING,MOVING,MOVING,MOVING,MOVING
87722,2156,1,WHOLE_BODY,0.13316646,0.00369568,0.02775232,0.02775232,,,0.12445743,0.17221715,0.10925318,0.06778584,0.08415601,PARTIAL,UNRELIABLE,UNRELIABLE,RELIABLE,RELIABLE,RELIABLE,RELIABLE,RELIABLE,STATIONARY,UNCERTAIN,UNCERTAIN,MOVING,MOVING,MOVING,MOVING,MOVING,MOVING
87754,2157,1,WHOLE_BODY,0.13373268,0.00295534,0.02209889,0.02492561,,,0.08694989,0.13747693,0.09202602,0.05488464,0.07342352,PARTIAL,UNRELIABLE,UNRELIABLE,RELIABLE,RELIABLE,RELIABLE,RELIABLE,RELIABLE,STATIONARY,UNCERTAIN,UNCERTAIN,MOVING,MOVING,MOVING,MOVING,MOVING,MOVING
87802,2158,1,WHOLE_BODY,0.13401679,0.00113379,0.00846008,0.01943710,,,0.06618630,0.11132251,0.07546315,0.03994942,0.06123817,PARTIAL,UNRELIABLE,UNRELIABLE,RELIABLE,RELIABLE,RELIABLE,RELIABLE,RELIABLE,STATIONARY,UNCERTAIN,UNCERTAIN,MOVING,MOVING,MOVING,MOVING,MOVING,MOVING
87848,2159,1,WHOLE_BODY,0.13432086,0.00266579,0.01984644,0.01953943,,,0.05855056,0.10522350,0.07134562,0.03382360,0.05587295,PARTIAL,UNRELIABLE,UNRELIABLE,RELIABLE,RELIABLE,RELIABLE,RELIABLE,RELIABLE,STATIONARY,UNCERTAIN,UNCERTAIN,MOVING,MOVING,MOVING,MOVING,MOVING,MOVING
87880,2160,1,WHOLE_BODY,0.13455604,0.00131767,0.00979275,0.01759010,,,0.04592209,0.08158487,0.05496436,0.02804253,0.04249521,PARTIAL,PARTIAL,RELIABLE,RELIABLE,RELIABLE,RELIABLE,RELIABLE,RELIABLE,STATIONARY,UNCERTAIN,UNCERTAIN,MOVING,MOVING,MOVING,MOVING,MOVING,MOVING
87928,2161,1,WHOLE_BODY,0.13288162,0.00807116,0.06073946,0.02478166,0.07991408,0.04316867,0.03649450,0.06276900,0.04418951,0.02785822,0.03314578,RELIABLE,RELIABLE,RELIABLE,RELIABLE,RELIABLE,RELIABLE,RELIABLE,RELIABLE,STATIONARY,STATIONARY,STATIONARY,MOVING,MOVING,MOVING,MOVING,MOVING,MOVING
87959,2162,1,WHOLE_BODY,0.13115291,0.00405419,0.03091196,0.02565742,0.05913206,0.03251875,0.03204799,0.05376371,0.03914325,0.02810734,0.02764113,RELIABLE,RELIABLE,RELIABLE,RELIABLE,RELIABLE,RELIABLE,RELIABLE,RELIABLE,STATIONARY,STATIONARY,STATIONARY,MOVING,MOVING,MOVING,MOVING,MOVING,MOVING
87991,2163,1,WHOLE_BODY,0.13005157,0.00377374,0.02901723,0.02607739,0.05762351,0.04143424,0.02691921,0.04420698,0.03495725,0.02957725,0.02519615,RELIABLE,RELIABLE,RELIABLE,RELIABLE,RELIABLE,RELIABLE,RELIABLE,RELIABLE,STATIONARY,STATIONARY,STATIONARY,MOVING,MOVING,MOVING,MOVING,MOVING,MOVING
88037,2164,1,WHOLE_BODY,0.12938464,0.00188687,0.01458340,0.02443128,0.05007862,0.03852202,0.02440240,0.03950713,0.03291662,0.03072739,0.02361057,RELIABLE,RELIABLE,RELIABLE,RELIABLE,RELIABLE,RELIABLE,RELIABLE,RELIABLE,STATIONARY,STATIONARY,STATIONARY,MOVING,MOVING,MOVING,MOVING,MOVING,MOVING
88083,2165,1,WHOLE_BODY,0.19053499,0.01398767,0.07341260,0.03084549,0.05185557,0.03902093,0.07691610,0.08875009,0.05961820,0.04482057,0.03725188,RELIABLE,RELIABLE,RELIABLE,RELIABLE,RELIABLE,RELIABLE,RELIABLE,RELIABLE,STATIONARY,STATIONARY,STATIONARY,MOVING,MOVING,MOVING,STATIONARY,MOVING,MOVING
88138,2166,1,WHOLE_BODY,0.12590991,0.00714027,0.05670935,0.03687665,0.05142148,0.04135325,0.11659423,0.12954195,0.08172311,0.05974491,0.04977465,RELIABLE,RELIABLE,RELIABLE,RELIABLE,RELIABLE,RELIABLE,RELIABLE,RELIABLE,STATIONARY,STATIONARY,STATIONARY,MOVING,MOVING,MOVING,STATIONARY,MOVING,MOVING
88177,2167,1,WHOLE_BODY,0.10936154,0.00357013,0.03264525,0.03847650,0.04812581,0.03980543,0.13657069,0.14599742,0.09024156,0.06726075,0.05645408,RELIABLE,RELIABLE,RELIABLE,RELIABLE,RELIABLE,RELIABLE,RELIABLE,RELIABLE,MOVING,STATIONARY,STATIONARY,MOVING,MOVING,MOVING,STATIONARY,MOVING,MOVING
88218,2168,1,WHOLE_BODY,0.10832852,0.00306985,0.02833831,0.04079470,0.04980888,0.04287635,0.14411979,0.15522816,0.09589820,0.07187142,0.06167356,RELIABLE,RELIABLE,RELIABLE,RELIABLE,RELIABLE,RELIABLE,RELIABLE,RELIABLE,MOVING,STATIONARY,STATIONARY,MOVING,MOVING,MOVING,MOVING,MOVING,MOVING
88282,2169,1,WHOLE_BODY,0.11122569,0.00485660,0.04366441,0.03866031,0.05000823,0.04846530,0.14323368,0.16449212,0.09742253,0.07156806,0.06253310,RELIABLE,RELIABLE,RELIABLE,RELIABLE,RELIABLE,RELIABLE,RELIABLE,RELIABLE,MOVING,STATIONARY,STATIONARY,MOVING,MOVING,MOVING,MOVING,MOVING,MOVING
88319,2170,1,WHOLE_BODY,0.11439590,0.00242830,0.02122717,0.03744972,0.05016760,0.05107200,0.14271626,0.16893377,0.09803430,0.07119688,0.06302800,RELIABLE,RELIABLE,RELIABLE,RELIABLE,RELIABLE,RELIABLE,RELIABLE,RELIABLE,MOVING,STATIONARY,STATIONARY,MOVING,MOVING,MOVING,MOVING,MOVING,MOVING
88366,2171,1,WHOLE_BODY,0.11684515,0.00121415,0.01039111,0.03512145,0.04576645,0.04627803,0.14010446,0.16693347,0.09521849,0.06871004,0.06072328,RELIABLE,RELIABLE,RELIABLE,RELIABLE,RELIABLE,RELIABLE,RELIABLE,RELIABLE,MOVING,STATIONARY,STATIONARY,MOVING,MOVING,MOVING,MOVING,MOVING,MOVING
88412,2172,1,WHOLE_BODY,0.11686241,0.00545089,0.04664368,0.03912899,0.05361408,0.05372442,0.14696503,0.17674351,0.10081427,0.06862559,0.06702353,RELIABLE,RELIABLE,RELIABLE,RELIABLE,RELIABLE,RELIABLE,RELIABLE,RELIABLE,MOVING,STATIONARY,STATIONARY,MOVING,MOVING,MOVING,MOVING,MOVING,MOVING
88474,2173,1,WHOLE_BODY,0.11617256,0.00522688,0.04499240,0.03557646,0.05740834,0.05961263,0.09570898,0.13193847,0.07538352,0.05412455,0.05616920,RELIABLE,RELIABLE,RELIABLE,RELIABLE,RELIABLE,RELIABLE,RELIABLE,RELIABLE,MOVING,STATIONARY,STATIONARY,MOVING,MOVING,MOVING,MOVING,MOVING,MOVING
88506,2174,1,WHOLE_BODY,0.11561902,0.00261344,0.02260390,0.03131328,0.05686103,0.05851977,0.05667807,0.09340663,0.05393507,0.03890791,0.04557083,RELIABLE,RELIABLE,RELIABLE,RELIABLE,RELIABLE,RELIABLE,RELIABLE,RELIABLE,MOVING,STATIONARY,STATIONARY,MOVING,MOVING,MOVING,MOVING,MOVING,MOVING
88539,2175,1,WHOLE_BODY,0.11526315,0.00354266,0.03073543,0.03107455,0.06211006,0.06401785,0.03702175,0.07480450,0.04310124,0.02891040,0.03911337,RELIABLE,RELIABLE,RELIABLE,RELIABLE,RELIABLE,RELIABLE,RELIABLE,RELIABLE,MOVING,STATIONARY,STATIONARY,MOVING,MOVING,MOVING,MOVING,MOVING,MOVING
88583,2176,1,WHOLE_BODY,0.11505184,0.00177133,0.01539594,0.02945676,0.05881585,0.06063625,0.02964042,0.06451559,0.03629501,0.02276880,0.03417007,RELIABLE,RELIABLE,RELIABLE,RELIABLE,RELIABLE,RELIABLE,RELIABLE,RELIABLE,MOVING,STATIONARY,STATIONARY,MOVING,MOVING,MOVING,MOVING,MOVING,MOVING
88615,2177,1,WHOLE_BODY,0.11551363,0.00510440,0.04418869,0.02952229,0.05572025,0.05891710,0.02803405,0.06043644,0.03148116,0.02007748,0.03072019,RELIABLE,RELIABLE,RELIABLE,RELIABLE,RELIABLE,RELIABLE,RELIABLE,RELIABLE,MOVING,STATIONARY,STATIONARY,MOVING,MOVING,MOVING,MOVING,MOVING,MOVING
88683,2178,1,WHOLE_BODY,0.11574128,0.00479462,0.04142533,0.03204706,0.05807808,0.06294854,0.02813349,0.06322207,0.03102154,0.02250323,0.03061918,RELIABLE,RELIABLE,RELIABLE,RELIABLE,RELIABLE,RELIABLE,RELIABLE,RELIABLE,MOVING,STATIONARY,STATIONARY,MOVING,MOVING,MOVING,MOVING,MOVING,MOVING
88724,2179,1,WHOLE_BODY,0.11591425,0.00239731,0.02068176,0.03333339,0.05930346,0.06501324,0.02819900,0.06467099,0.03082921,0.02431801,0.03062227,RELIABLE,RELIABLE,RELIABLE,RELIABLE,RELIABLE,RELIABLE,RELIABLE,RELIABLE,MOVING,STATIONARY,STATIONARY,MOVING,MOVING,MOVING,MOVING,MOVING,MOVING
88757,2180,1,WHOLE_BODY,0.11604547,0.00119866,0.01032919,0.02879408,0.04984828,0.05618047,0.02005601,0.05457010,0.02371634,0.02417132,0.02303934,RELIABLE,RELIABLE,RELIABLE,RELIABLE,RELIABLE,RELIABLE,RELIABLE,RELIABLE,MOVING,STATIONARY,STATIONARY,MOVING,MOVING,MOVING,MOVING,MOVING,MOVING
88788,2181,1,WHOLE_BODY,0.11628028,0.00130894,0.01125679,0.02457713,0.04203469,0.04775974,0.01737987,0.04524112,0.01928653,0.02526572,0.02007864,RELIABLE,RELIABLE,RELIABLE,RELIABLE,RELIABLE,RELIABLE,RELIABLE,RELIABLE,MOVING,STATIONARY,STATIONARY,MOVING,MOVING,MOVING,STATIONARY,STATIONARY,MOVING
88819,2182,1,WHOLE_BODY,0.11649560,0.00065447,0.00561799,0.02245389,0.03809807,0.04352061,0.01602531,0.04054129,0.01705423,0.02610254,0.01814461,RELIABLE,RELIABLE,RELIABLE,RELIABLE,RELIABLE,RELIABLE,RELIABLE,RELIABLE,MOVING,STATIONARY,STATIONARY,STATIONARY,MOVING,MOVING,STATIONARY,STATIONARY,MOVING
88851,2183,1,WHOLE_BODY,0.11644447,0.00208285,0.01788703,0.02084784,0.03258835,0.03831737,0.01359774,0.03645353,0.01609416,0.02741994,0.01677478,RELIABLE,RELIABLE,RELIABLE,RELIABLE,RELIABLE,RELIABLE,RELIABLE,RELIABLE,MOVING,STATIONARY,STATIONARY,STATIONARY,MOVING,MOVING,STATIONARY,STATIONARY,MOVING
88898,2184,1,WHOLE_BODY,0.11634123,0.00104142,0.00895145,0.02004228,0.02982687,0.03570903,0.01238076,0.03440432,0.01561210,0.02828368,0.01572506,RELIABLE,RELIABLE,RELIABLE,RELIABLE,RELIABLE,RELIABLE,RELIABLE,RELIABLE,MOVING,STATIONARY,STATIONARY,STATIONARY,MOVING,STATIONARY,STATIONARY,STATIONARY,MOVING
88929,2185,1,WHOLE_BODY,0.11639065,0.00099663,0.00856277,0.01558904,0.02345440,0.02732882,0.01469291,0.03007583,0.01565880,0.02881822,0.01566244,RELIABLE,RELIABLE,RELIABLE,RELIABLE,RELIABLE,RELIABLE,RELIABLE,RELIABLE,MOVING,STATIONARY,STATIONARY,STATIONARY,MOVING,STATIONARY,STATIONARY,STATIONARY,MOVING
88976,2186,1,WHOLE_BODY,0.11646591,0.00049831,0.00427862,0.01094570,0.01650348,0.01839963,0.01499149,0.02325547,0.01384258,0.02515805,0.01367172,RELIABLE,RELIABLE,RELIABLE,RELIABLE,RELIABLE,RELIABLE,RELIABLE,RELIABLE,MOVING,STATIONARY,STATIONARY,STATIONARY,MOVING,STATIONARY,STATIONARY,STATIONARY,MOVING
89023,2187,1,WHOLE_BODY,0.11653561,0.00189437,0.01625575,0.01039245,0.01691465,0.01764471,0.01881979,0.02292308,0.01642828,0.02633898,0.01525462,RELIABLE,RELIABLE,RELIABLE,RELIABLE,RELIABLE,RELIABLE,RELIABLE,RELIABLE,MOVING,STATIONARY,STATIONARY,STATIONARY,MOVING,STATIONARY,STATIONARY,STATIONARY,MOVING
89069,2188,1,WHOLE_BODY,0.11659021,0.00094719,0.00812407,0.01011681,0.01712134,0.01726897,0.02073333,0.02275841,0.01772109,0.02696619,0.01617163,RELIABLE,RELIABLE,RELIABLE,RELIABLE,RELIABLE,RELIABLE,RELIABLE,RELIABLE,STATIONARY,STATIONARY,STATIONARY,STATIONARY,MOVING,STATIONARY,STATIONARY,STATIONARY,MOVING
89102,2189,1,WHOLE_BODY,0.11620397,0.00237247,0.02041644,0.01126177,0.01996730,0.02120792,0.02405022,0.02397131,0.02074639,0.02860110,0.01796966,RELIABLE,RELIABLE,RELIABLE,RELIABLE,RELIABLE,RELIABLE,RELIABLE,RELIABLE,STATIONARY,STATIONARY,STATIONARY,STATIONARY,STATIONARY,STATIONARY,STATIONARY,STATIONARY,STATIONARY
89149,2190,1,WHOLE_BODY,0.11553420,0.00700506,0.06063192,0.01813851,0.03588183,0.03745160,0.03743789,0.03387258,0.03280622,0.03418210,0.02148530,RELIABLE,RELIABLE,RELIABLE,RELIABLE,RELIABLE,RELIABLE,RELIABLE,RELIABLE,STATIONARY,STATIONARY,STATIONARY,STATIONARY,STATIONARY,STATIONARY,STATIONARY,STATIONARY,STATIONARY
89180,2191,1,WHOLE_BODY,0.11513147,0.00350253,0.03042200,0.01970538,0.04142279,0.04214190,0.04287868,0.03649902,0.03694352,0.03555024,0.02227090,RELIABLE,RELIABLE,RELIABLE,RELIABLE,RELIABLE,RELIABLE,RELIABLE,RELIABLE,STATIONARY,STATIONARY,STATIONARY,STATIONARY,STATIONARY,STATIONARY,STATIONARY,STATIONARY,STATIONARY
89212,2192,1,WHOLE_BODY,0.11346151,0.00668144,0.05888732,0.02594736,0.05477069,0.05728233,0.05204865,0.04537392,0.04608533,0.03994253,0.02718267,RELIABLE,RELIABLE,RELIABLE,RELIABLE,RELIABLE,RELIABLE,RELIABLE,RELIABLE,STATIONARY,STATIONARY,STATIONARY,STATIONARY,STATIONARY,STATIONARY,STATIONARY,STATIONARY,STATIONARY
89259,2193,1,WHOLE_BODY,0.11193663,0.00334072,0.02984476,0.02860761,0.06164776,0.06511233,0.05315588,0.04682806,0.04825379,0.04031366,0.02924055,RELIABLE,RELIABLE,RELIABLE,RELIABLE,RELIABLE,RELIABLE,RELIABLE,RELIABLE,STATIONARY,STATIONARY,STATIONARY,STATIONARY,STATIONARY,MOVING,STATIONARY,STATIONARY,MOVING
89307,2194,1,WHOLE_BODY,0.11150146,0.00642502,0.05762272,0.03527562,0.07709892,0.07913378,0.06018154,0.05596470,0.05808713,0.04990267,0.03399688,RELIABLE,RELIABLE,RELIABLE,RELIABLE,RELIABLE,RELIABLE,PARTIAL,RELIABLE,STATIONARY,STATIONARY,STATIONARY,MOVING,MOVING,MOVING,STATIONARY,STATIONARY,MOVING
89354,2195,1,WHOLE_BODY,0.11151333,0.00321251,0.02880829,0.03684469,0.08094248,0.08244105,0.06001616,0.05746117,0.05951188,0.05194916,0.03391174,RELIABLE,RELIABLE,RELIABLE,RELIABLE,RELIABLE,RELIABLE,PARTIAL,RELIABLE,MOVING,STATIONARY,STATIONARY,MOVING,MOVING,MOVING,STATIONARY,STATIONARY,MOVING
89385,2196,1,WHOLE_BODY,0.11136890,0.00540482,0.04853082,0.04189553,0.09509148,0.09688041,0.06594998,0.06714676,0.06815593,0.05897977,0.03810950,RELIABLE,RELIABLE,RELIABLE,RELIABLE,RELIABLE,RELIABLE,PARTIAL,RELIABLE,MOVING,MOVING,MOVING,MOVING,MOVING,MOVING,STATIONARY,STATIONARY,MOVING
89432,2197,1,WHOLE_BODY,0.11136369,0.00270241,0.02426654,0.04237680,0.09698412,0.09854751,0.06373322,0.06786464,0.06846936,0.06006149,0.03762027,RELIABLE,RELIABLE,RELIABLE,RELIABLE,RELIABLE,RELIABLE,PARTIAL,RELIABLE,MOVING,MOVING,MOVING,MOVING,MOVING,MOVING,STATIONARY,STATIONARY,MOVING
89464,2198,1,WHOLE_BODY,0.11131049,0.00668303,0.06003957,0.04230275,0.09594592,0.09802562,0.05922338,0.06786189,0.06402846,0.05766603,0.03754057,RELIABLE,RELIABLE,RELIABLE,RELIABLE,RELIABLE,RELIABLE,PARTIAL,RELIABLE,MOVING,MOVING,MOVING,MOVING,MOVING,MOVING,MOVING,STATIONARY,MOVING
89496,2199,1,WHOLE_BODY,0.11048317,0.00663419,0.06004705,0.04600588,0.10413714,0.10400093,0.06170699,0.07750231,0.06809251,0.05828726,0.04169181,RELIABLE,RELIABLE,RELIABLE,RELIABLE,RELIABLE,RELIABLE,PARTIAL,RELIABLE,MOVING,MOVING,MOVING,MOVING,MOVING,MOVING,MOVING,STATIONARY,MOVING
89527,2200,1,WHOLE_BODY,0.10971727,0.00331709,0.03023311,0.04242411,0.09771327,0.09424305,0.05653308,0.07481380,0.06308740,0.05476048,0.03993061,RELIABLE,RELIABLE,RELIABLE,RELIABLE,RELIABLE,RELIABLE,PARTIAL,RELIABLE,MOVING,MOVING,MOVING,MOVING,MOVING,MOVING,MOVING,STATIONARY,MOVING
89559,2201,1,WHOLE_BODY,0.11048550,0.00518350,0.04691564,0.04455797,0.10191636,0.09705160,0.05845645,0.08071784,0.06520817,0.05506195,0.04337198,RELIABLE,RELIABLE,RELIABLE,RELIABLE,RELIABLE,RELIABLE,PARTIAL,RELIABLE,MOVING,MOVING,MOVING,MOVING,MOVING,MOVING,MOVING,STATIONARY,MOVING
89607,2202,1,WHOLE_BODY,0.11146735,0.00259175,0.02325120,0.04026153,0.09195354,0.08829895,0.05291619,0.07521202,0.05748798,0.04575032,0.04223130,RELIABLE,RELIABLE,RELIABLE,RELIABLE,RELIABLE,RELIABLE,PARTIAL,RELIABLE,MOVING,MOVING,MOVING,MOVING,MOVING,MOVING,MOVING,STATIONARY,MOVING
89638,2203,1,WHOLE_BODY,0.11154750,0.00523975,0.04697327,0.04253215,0.09579009,0.09321828,0.05378563,0.07988799,0.05684045,0.04370431,0.04335973,RELIABLE,RELIABLE,RELIABLE,RELIABLE,RELIABLE,RELIABLE,PARTIAL,RELIABLE,MOVING,MOVING,MOVING,MOVING,MOVING,MOVING,MOVING,STATIONARY,MOVING
89669,2204,1,WHOLE_BODY,0.11141108,0.00261988,0.02351539,0.03940522,0.08548929,0.08290059,0.04820823,0.07329582,0.04858908,0.03671109,0.03998037,RELIABLE,RELIABLE,RELIABLE,RELIABLE,RELIABLE,RELIABLE,PARTIAL,RELIABLE,MOVING,MOVING,MOVING,MOVING,MOVING,MOVING,MOVING,STATIONARY,MOVING
89700,2205,1,WHOLE_BODY,0.11126193,0.00130994,0.01177346,0.03784358,0.08034245,0.07774544,0.04542115,0.07000289,0.04446484,0.03266129,0.03807099,RELIABLE,RELIABLE,RELIABLE,RELIABLE,RELIABLE,RELIABLE,PARTIAL,RELIABLE,MOVING,MOVING,MOVING,MOVING,MOVING,MOVING,MOVING,STATIONARY,MOVING
89747,2206,1,WHOLE_BODY,0.11086872,0.00589116,0.05313637,0.03698069,0.07846373,0.07605456,0.04205760,0.06722158,0.04266581,0.03096581,0.03922073,RELIABLE,RELIABLE,RELIABLE,RELIABLE,RELIABLE,RELIABLE,PARTIAL,RELIABLE,MOVING,MOVING,MOVING,MOVING,MOVING,MOVING,MOVING,STATIONARY,MOVING
89802,2207,1,WHOLE_BODY,0.11217591,0.00564539,0.05032626,0.03576559,0.07417544,0.07515460,0.04163543,0.05981688,0.03906589,0.02956724,0.03879824,RELIABLE,RELIABLE,RELIABLE,PARTIAL,RELIABLE,RELIABLE,PARTIAL,RELIABLE,MOVING,MOVING,MOVING,MOVING,MOVING,MOVING,MOVING,STATIONARY,MOVING
89867,2208,1,WHOLE_BODY,0.11314515,0.00449781,0.03975253,0.03695551,0.07698798,0.07832810,0.04435540,0.05966332,0.03869640,0.02908354,0.03884880,RELIABLE,RELIABLE,RELIABLE,PARTIAL,RELIABLE,RELIABLE,PARTIAL,RELIABLE,MOVING,MOVING,MOVING,MOVING,MOVING,MOVING,MOVING,STATIONARY,MOVING
89904,2209,1,WHOLE_BODY,0.11378760,0.00224890,0.01976404,0.03356156,0.07084499,0.07208026,0.04111382,0.05224473,0.03380372,0.02600552,0.03453835,RELIABLE,RELIABLE,RELIABLE,PARTIAL,RELIABLE,RELIABLE,PARTIAL,RELIABLE,MOVING,MOVING,MOVING,MOVING,MOVING,MOVING,STATIONARY,STATIONARY,MOVING
89935,2210,1,WHOLE_BODY,0.11419938,0.00316382,0.02770436,0.03411821,0.07237191,0.07371149,0.04244860,0.05392995,0.03490309,0.02986228,0.03372776,RELIABLE,RELIABLE,RELIABLE,PARTIAL,RELIABLE,RELIABLE,RELIABLE,RELIABLE,MOVING,MOVING,MOVING,MOVING,MOVING,MOVING,STATIONARY,STATIONARY,MOVING
89981,2211,1,WHOLE_BODY,0.11446022,0.00158191,0.01382061,0.02997413,0.06430985,0.06522385,0.03947138,0.04733601,0.03223542,0.03949515,0.03155040,RELIABLE,RELIABLE,RELIABLE,PARTIAL,RELIABLE,RELIABLE,RELIABLE,RELIABLE,MOVING,MOVING,MOVING,MOVING,MOVING,MOVING,STATIONARY,STATIONARY,MOVING
90013,2212,1,WHOLE_BODY,0.11595051,0.00396390,0.03418612,0.03130797,0.06847038,0.06876190,0.04547058,0.04980401,0.03681945,0.04858598,0.03171921,RELIABLE,RELIABLE,RELIABLE,RELIABLE,RELIABLE,RELIABLE,RELIABLE,RELIABLE,MOVING,MOVING,MOVING,STATIONARY,MOVING,MOVING,STATIONARY,STATIONARY,MOVING
90045,2213,1,WHOLE_BODY,0.11737685,0.00198195,0.01688535,0.03194695,0.07048571,0.07046839,0.05227803,0.05098852,0.03906660,0.05440230,0.03145885,RELIABLE,RELIABLE,RELIABLE,RELIABLE,RELIABLE,RELIABLE,RELIABLE,RELIABLE,MOVING,MOVING,MOVING,STATIONARY,MOVING,MOVING,STATIONARY,STATIONARY,MOVING
90076,2214,1,WHOLE_BODY,0.11843093,0.00099097,0.00836753,0.02635085,0.05827270,0.05749742,0.04929050,0.04376946,0.03396378,0.05589023,0.02621491,RELIABLE,RELIABLE,RELIABLE,RELIABLE,RELIABLE,RELIABLE,RELIABLE,RELIABLE,MOVING,MOVING,MOVING,STATIONARY,MOVING,MOVING,STATIONARY,STATIONARY,MOVING
90108,2215,1,WHOLE_BODY,0.11960833,0.00437875,0.03660907,0.02463620,0.05692818,0.05434234,0.04545640,0.04377364,0.03057998,0.05555572,0.02197850,RELIABLE,RELIABLE,RELIABLE,PARTIAL,RELIABLE,RELIABLE,RELIABLE,RELIABLE,MOVING,MOVING,MOVING,STATIONARY,MOVING,MOVING,STATIONARY,STATIONARY,MOVING
90140,2216,1,WHOLE_BODY,0.12052294,0.00218937,0.01816563,0.02193784,0.05119666,0.04904908,0.04055186,0.04014144,0.02740670,0.05533854,0.01903222,RELIABLE,RELIABLE,RELIABLE,PARTIAL,RELIABLE,RELIABLE,RELIABLE,RELIABLE,MOVING,MOVING,STATIONARY,STATIONARY,MOVING,MOVING,STATIONARY,STATIONARY,MOVING
90171,2217,1,WHOLE_BODY,0.12137699,0.00623310,0.05135320,0.02588648,0.06013869,0.05975552,0.04345866,0.04498543,0.03030757,0.05807596,0.02032179,RELIABLE,RELIABLE,RELIABLE,RELIABLE,RELIABLE,RELIABLE,PARTIAL,RELIABLE,MOVING,MOVING,STATIONARY,STATIONARY,MOVING,MOVING,STATIONARY,STATIONARY,MOVING
90217,2218,1,WHOLE_BODY,0.12200263,0.00311655,0.02554493,0.02561655,0.06002582,0.06036338,0.04330149,0.04204020,0.02823095,0.05407883,0.01917968,RELIABLE,RELIABLE,RELIABLE,RELIABLE,RELIABLE,RELIABLE,PARTIAL,RELIABLE,MOVING,STATIONARY,STATIONARY,STATIONARY,MOVING,MOVING,STATIONARY,STATIONARY,MOVING
90249,2219,1,WHOLE_BODY,0.12282629,0.00641259,0.05220861,0.03041505,0.07369139,0.07323210,0.04913403,0.04608855,0.02976377,0.04070401,0.01918981,RELIABLE,RELIABLE,RELIABLE,RELIABLE,RELIABLE,RELIABLE,PARTIAL,RELIABLE,MOVING,STATIONARY,STATIONARY,STATIONARY,MOVING,MOVING,STATIONARY,STATIONARY,MOVING
90281,2220,1,WHOLE_BODY,0.12253948,0.00701372,0.05723639,0.03329634,0.08040199,0.08023626,0.04679162,0.04751666,0.02734823,0.03435400,0.01719937,RELIABLE,RELIABLE,RELIABLE,PARTIAL,RELIABLE,RELIABLE,RELIABLE,RELIABLE,MOVING,STATIONARY,STATIONARY,STATIONARY,MOVING,MOVING,STATIONARY,STATIONARY,MOVING
90328,2221,1,WHOLE_BODY,0.12211872,0.00350686,0.02871680,0.03477527,0.08384713,0.08382543,0.04182171,0.04829229,0.02619172,0.03274965,0.01614600,RELIABLE,RELIABLE,RELIABLE,PARTIAL,RELIABLE,RELIABLE,RELIABLE,RELIABLE,MOVING,STATIONARY,STATIONARY,STATIONARY,MOVING,MOVING,STATIONARY,STATIONARY,MOVING
90360,2222,1,WHOLE_BODY,0.12313255,0.00467412,0.03796004,0.03847433,0.09148742,0.09347737,0.04791282,0.05369790,0.02983572,0.03469862,0.01812282,RELIABLE,RELIABLE,RELIABLE,PARTIAL,RELIABLE,RELIABLE,RELIABLE,RELIABLE,MOVING,MOVING,MOVING,STATIONARY,MOVING,STATIONARY,STATIONARY,STATIONARY,MOVING
90407,2223,1,WHOLE_BODY,0.12425251,0.00233706,0.01880894,0.03624932,0.08510790,0.08870642,0.04722883,0.04910578,0.02885887,0.03582000,0.01745930,RELIABLE,RELIABLE,RELIABLE,PARTIAL,RELIABLE,RELIABLE,RELIABLE,RELIABLE,MOVING,MOVING,MOVING,STATIONARY,MOVING,STATIONARY,STATIONARY,STATIONARY,MOVING
90439,2224,1,WHOLE_BODY,0.12542275,0.00416923,0.03324145,0.03813379,0.08897271,0.09319504,0.05218397,0.05251389,0.03218046,0.04164747,0.01744957,RELIABLE,RELIABLE,RELIABLE,PARTIAL,RELIABLE,RELIABLE,PARTIAL,RELIABLE,MOVING,MOVING,MOVING,STATIONARY,MOVING,STATIONARY,STATIONARY,STATIONARY,MOVING
90486,2225,1,WHOLE_BODY,0.12648194,0.00564917,0.04466381,0.03729762,0.08511891,0.08934580,0.05289134,0.05001759,0.03154862,0.04179988,0.01560983,RELIABLE,RELIABLE,RELIABLE,PARTIAL,RELIABLE,RELIABLE,PARTIAL,RELIABLE,MOVING,MOVING,MOVING,STATIONARY,MOVING,STATIONARY,STATIONARY,STATIONARY,MOVING
90538,2226,1,WHOLE_BODY,0.12814720,0.00469065,0.03660361,0.03867995,0.08636868,0.09136088,0.05425068,0.05221772,0.03484727,0.04651652,0.01600395,RELIABLE,RELIABLE,RELIABLE,PARTIAL,RELIABLE,RELIABLE,PARTIAL,RELIABLE,MOVING,MOVING,MOVING,MOVING,MOVING,STATIONARY,STATIONARY,STATIONARY,MOVING
90581,2227,1,WHOLE_BODY,0.12954852,0.00234532,0.01810383,0.03441686,0.07323393,0.07975809,0.04899203,0.04776987,0.03389857,0.04966205,0.01535245,RELIABLE,RELIABLE,RELIABLE,PARTIAL,RELIABLE,RELIABLE,PARTIAL,RELIABLE,MOVING,MOVING,MOVING,MOVING,MOVING,STATIONARY,STATIONARY,STATIONARY,MOVING
105672,2604,1,SITTING_STILL,0.12006859,0.00078513,0.00653900,0.01099009,0.01570932,0.01565584,0.02214066,0.01136023,0.01163496,0.00995491,0.00781409,RELIABLE,RELIABLE,RELIABLE,PARTIAL,RELIABLE,RELIABLE,RELIABLE,RELIABLE,STATIONARY,STATIONARY,STATIONARY,STATIONARY,STATIONARY,STATIONARY,STATIONARY,STATIONARY,STATIONARY
105708,2605,1,SITTING_STILL,0.12015963,0.00039256,0.00326702,0.00919347,0.01283966,0.01227076,0.02222019,0.01010750,0.01061261,0.00957519,0.00780117,RELIABLE,RELIABLE,RELIABLE,PARTIAL,RELIABLE,RELIABLE,RELIABLE,RELIABLE,STATIONARY,STATIONARY,STATIONARY,STATIONARY,STATIONARY,STATIONARY,STATIONARY,STATIONARY,STATIONARY
105755,2606,1,SITTING_STILL,0.11951927,0.00213450,0.01785901,0.01032214,0.01270976,0.01179202,0.02368846,0.01107567,0.01166845,0.01118855,0.00978583,RELIABLE,RELIABLE,RELIABLE,PARTIAL,RELIABLE,RELIABLE,RELIABLE,RELIABLE,STATIONARY,STATIONARY,STATIONARY,STATIONARY,STATIONARY,STATIONARY,STATIONARY,STATIONARY,STATIONARY
105802,2607,1,SITTING_STILL,0.11885614,0.00106725,0.00897933,0.01089232,0.01264856,0.01155602,0.02442832,0.01156464,0.01220146,0.01226751,0.01106339,RELIABLE,RELIABLE,RELIABLE,PARTIAL,RELIABLE,RELIABLE,RELIABLE,RELIABLE,STATIONARY,STATIONARY,STATIONARY,STATIONARY,STATIONARY,STATIONARY,STATIONARY,STATIONARY,STATIONARY
105833,2608,1,SITTING_STILL,0.11835311,0.00053362,0.00450875,0.00936965,0.01040656,0.00958516,0.02148613,0.00982227,0.01146739,0.01239237,0.01093974,RELIABLE,RELIABLE,RELIABLE,PARTIAL,RELIABLE,RELIABLE,RELIABLE,RELIABLE,STATIONARY,STATIONARY,STATIONARY,STATIONARY,STATIONARY,STATIONARY,STATIONARY,STATIONARY,STATIONARY
105866,2609,1,SITTING_STILL,0.11833692,0.00238199,0.02012892,0.01084436,0.01139978,0.01015751,0.02276570,0.01221336,0.01310334,0.01488713,0.01212412,RELIABLE,RELIABLE,RELIABLE,PARTIAL,RELIABLE,RELIABLE,RELIABLE,RELIABLE,STATIONARY,STATIONARY,STATIONARY,STATIONARY,STATIONARY,STATIONARY,STATIONARY,STATIONARY,STATIONARY
105914,2610,1,SITTING_STILL,0.11844675,0.00119100,0.01005513,0.01055410,0.00956195,0.00825014,0.01967056,0.01225266,0.01186715,0.01412431,0.01213575,RELIABLE,RELIABLE,RELIABLE,PARTIAL,RELIABLE,RELIABLE,RELIABLE,RELIABLE,STATIONARY,STATIONARY,STATIONARY,STATIONARY,STATIONARY,STATIONARY,STATIONARY,STATIONARY,STATIONARY
105961,2611,1,SITTING_STILL,0.11851571,0.00371431,0.03134024,0.01283468,0.01548914,0.01350484,0.02367302,0.01375461,0.01235507,0.01402888,0.01087896,RELIABLE,RELIABLE,RELIABLE,PARTIAL,RELIABLE,RELIABLE,RELIABLE,RELIABLE,STATIONARY,STATIONARY,STATIONARY,STATIONARY,STATIONARY,STATIONARY,STATIONARY,STATIONARY,STATIONARY
106043,2612,1,SITTING_STILL,0.11796435,0.00659246,0.05588520,0.01900295,0.03124397,0.02896287,0.03294017,0.01809102,0.01648782,0.01484257,0.01152699,RELIABLE,RELIABLE,RELIABLE,RELIABLE,RELIABLE,RELIABLE,RELIABLE,RELIABLE,STATIONARY,STATIONARY,STATIONARY,STATIONARY,STATIONARY,STATIONARY,STATIONARY,STATIONARY,STATIONARY
106088,2613,1,SITTING_STILL,0.11740422,0.00329623,0.02807591,0.02210406,0.03916164,0.03673122,0.03727581,0.02027253,0.01856809,0.01534986,0.01197977,RELIABLE,RELIABLE,RELIABLE,RELIABLE,RELIABLE,RELIABLE,RELIABLE,RELIABLE,STATIONARY,STATIONARY,STATIONARY,STATIONARY,STATIONARY,STATIONARY,STATIONARY,STATIONARY,STATIONARY
106135,2614,1,SITTING_STILL,0.11698409,0.00164812,0.01408837,0.02163273,0.04182879,0.03941424,0.03802471,0.01977264,0.01804530,0.01383461,0.01030257,RELIABLE,RELIABLE,RELIABLE,RELIABLE,RELIABLE,RELIABLE,RELIABLE,RELIABLE,STATIONARY,STATIONARY,STATIONARY,STATIONARY,STATIONARY,STATIONARY,STATIONARY,STATIONARY,STATIONARY
106183,2615,1,SITTING_STILL,0.11761321,0.00472816,0.04020095,0.02553543,0.05449434,0.05313714,0.04287692,0.02741349,0.02173699,0.01518013,0.01041432,RELIABLE,RELIABLE,RELIABLE,RELIABLE,RELIABLE,RELIABLE,RELIABLE,RELIABLE,STATIONARY,STATIONARY,STATIONARY,STATIONARY,STATIONARY,STATIONARY,STATIONARY,STATIONARY,STATIONARY
106230,2616,1,SITTING_STILL,0.11835919,0.00236408,0.01997379,0.02746856,0.06078309,0.05995153,0.04528207,0.03120489,0.02356607,0.01595134,0.01039389,RELIABLE,RELIABLE,RELIABLE,RELIABLE,RELIABLE,RELIABLE,RELIABLE,RELIABLE,STATIONARY,STATIONARY,STATIONARY,STATIONARY,STATIONARY,STATIONARY,STATIONARY,STATIONARY,STATIONARY
106277,2617,1,SITTING_STILL,0.11895077,0.00118204,0.00993722,0.02619460,0.06179881,0.06178502,0.04271459,0.02982954,0.02247287,0.01402871,0.00906427,RELIABLE,RELIABLE,RELIABLE,RELIABLE,RELIABLE,RELIABLE,RELIABLE,RELIABLE,STATIONARY,STATIONARY,STATIONARY,STATIONARY,STATIONARY,STATIONARY,STATIONARY,STATIONARY,STATIONARY
106309,2618,1,SITTING_STILL,0.11877782,0.00573928,0.04831942,0.03097764,0.07622395,0.07703185,0.04903616,0.03433874,0.02653684,0.01448485,0.00941335,RELIABLE,RELIABLE,RELIABLE,RELIABLE,RELIABLE,RELIABLE,RELIABLE,RELIABLE,STATIONARY,STATIONARY,STATIONARY,STATIONARY,STATIONARY,STATIONARY,STATIONARY,STATIONARY,STATIONARY
106357,2619,1,SITTING_STILL,0.11888517,0.00685780,0.05768423,0.03427064,0.08686603,0.08958744,0.04974632,0.04002175,0.02933383,0.01532714,0.01025488,RELIABLE,RELIABLE,RELIABLE,RELIABLE,RELIABLE,RELIABLE,RELIABLE,RELIABLE,STATIONARY,STATIONARY,STATIONARY,STATIONARY,STATIONARY,STATIONARY,STATIONARY,STATIONARY,STATIONARY
106441,2620,1,SITTING_STILL,0.11969566,0.00638694,0.05335985,0.03395497,0.08618191,0.08996446,0.04592820,0.04363797,0.02992711,0.01586963,0.01101828,RELIABLE,RELIABLE,RELIABLE,RELIABLE,RELIABLE,RELIABLE,RELIABLE,RELIABLE,MOVING,MOVING,STATIONARY,STATIONARY,STATIONARY,STATIONARY,STATIONARY,STATIONARY,MOVING
106482,2621,1,SITTING_STILL,0.12048221,0.00319347,0.02650575,0.03375870,0.08574761,0.09005938,0.04429115,0.04540374,0.03019023,0.01605954,0.01143819,RELIABLE,RELIABLE,RELIABLE,RELIABLE,RELIABLE,RELIABLE,RELIABLE,RELIABLE,MOVING,MOVING,MOVING,STATIONARY,STATIONARY,STATIONARY,STATIONARY,STATIONARY,MOVING
106514,2622,1,SITTING_STILL,0.12106684,0.00159674,0.01318888,0.03364626,0.08549614,0.09007203,0.04345239,0.04627093,0.03030932,0.01609926,0.01167652,RELIABLE,RELIABLE,RELIABLE,RELIABLE,RELIABLE,RELIABLE,RELIABLE,RELIABLE,MOVING,MOVING,MOVING,STATIONARY,STATIONARY,STATIONARY,STATIONARY,STATIONARY,MOVING
106561,2623,1,SITTING_STILL,0.12077757,0.00622878,0.05157235,0.03506769,0.08663387,0.09180507,0.04406197,0.04421517,0.02883412,0.01524923,0.01077768,RELIABLE,RELIABLE,RELIABLE,RELIABLE,RELIABLE,RELIABLE,RELIABLE,RELIABLE,MOVING,MOVING,MOVING,STATIONARY,STATIONARY,STATIONARY,STATIONARY,STATIONARY,MOVING
106634,2624,1,SITTING_STILL,0.12043474,0.00555147,0.04609529,0.03833288,0.09397399,0.09918486,0.05047401,0.04658105,0.03069045,0.01485441,0.01109294,RELIABLE,RELIABLE,RELIABLE,RELIABLE,RELIABLE,RELIABLE,RELIABLE,RELIABLE,MOVING,MOVING,MOVING,STATIONARY,STATIONARY,STATIONARY,STATIONARY,STATIONARY,MOVING
106670,2625,1,SITTING_STILL,0.12017024,0.00277574,0.02309837,0.03997802,0.09767609,0.10290863,0.05369764,0.04778188,0.03162897,0.01457388,0.01132104,RELIABLE,RELIABLE,RELIABLE,RELIABLE,RELIABLE,RELIABLE,RELIABLE,RELIABLE,MOVING,MOVING,MOVING,STATIONARY,STATIONARY,STATIONARY,STATIONARY,STATIONARY,MOVING
106730,2626,1,SITTING_STILL,0.12010859,0.00404695,0.03369409,0.03814985,0.09211291,0.09713301,0.05284974,0.04815050,0.02962786,0.01322145,0.01088415,RELIABLE,RELIABLE,RELIABLE,RELIABLE,RELIABLE,RELIABLE,RELIABLE,RELIABLE,MOVING,MOVING,MOVING,MOVING,MOVING,STATIONARY,STATIONARY,STATIONARY,MOVING
106764,2627,1,SITTING_STILL,0.12011607,0.00202347,0.01684600,0.03304507,0.07861538,0.08270790,0.04623189,0.04213758,0.02501455,0.01122772,0.00986593,RELIABLE,RELIABLE,RELIABLE,RELIABLE,RELIABLE,RELIABLE,RELIABLE,RELIABLE,MOVING,MOVING,MOVING,MOVING,MOVING,STATIONARY,STATIONARY,STATIONARY,MOVING
106796,2628,1,SITTING_STILL,0.12013971,0.00101174,0.00842134,0.02742776,0.06508136,0.06856613,0.03983369,0.03477209,0.01962612,0.00901117,0.00766864,RELIABLE,RELIABLE,RELIABLE,RELIABLE,RELIABLE,RELIABLE,RELIABLE,RELIABLE,MOVING,MOVING,MOVING,MOVING,MOVING,STATIONARY,STATIONARY,STATIONARY,MOVING
106844,2629,1,SITTING_STILL,0.12050919,0.00456455,0.03787723,0.02884919,0.06540451,0.06936296,0.04083605,0.03496911,0.01874779,0.01041115,0.00888225,RELIABLE,RELIABLE,RELIABLE,RELIABLE,RELIABLE,RELIABLE,RELIABLE,RELIABLE,MOVING,MOVING,MOVING,MOVING,MOVING,STATIONARY,STATIONARY,STATIONARY,MOVING
106938,2630,1,SITTING_STILL,0.12100103,0.00465273,0.03845203,0.03200709,0.07036685,0.07326499,0.04368236,0.03834978,0.01958874,0.01133252,0.01041625,RELIABLE,RELIABLE,RELIABLE,RELIABLE,RELIABLE,RELIABLE,RELIABLE,RELIABLE,MOVING,MOVING,MOVING,MOVING,MOVING,STATIONARY,STATIONARY,STATIONARY,MOVING
106985,2631,1,SITTING_STILL,0.12140058,0.00232637,0.01916274,0.02795589,0.06023357,0.06109066,0.03958480,0.03462426,0.01758159,0.01036081,0.01122908,RELIABLE,RELIABLE,RELIABLE,RELIABLE,RELIABLE,RELIABLE,RELIABLE,RELIABLE,MOVING,MOVING,MOVING,MOVING,MOVING,STATIONARY,STATIONARY,STATIONARY,MOVING
107031,2632,1,SITTING_STILL,0.12167719,0.00116318,0.00955959,0.02338892,0.04843299,0.04853119,0.03144467,0.02939159,0.01399744,0.00960756,0.01093290,RELIABLE,RELIABLE,RELIABLE,RELIABLE,RELIABLE,RELIABLE,RELIABLE,RELIABLE,MOVING,MOVING,MOVING,MOVING,MOVING,STATIONARY,STATIONARY,STATIONARY,MOVING
107078,2633,1,SITTING_STILL,0.12146415,0.00229718,0.01891245,0.02286568,0.04449881,0.04485222,0.02984653,0.02882629,0.01326122,0.01091932,0.01148489,RELIABLE,RELIABLE,RELIABLE,RELIABLE,RELIABLE,RELIABLE,RELIABLE,RELIABLE,MOVING,MOVING,MOVING,MOVING,MOVING,STATIONARY,STATIONARY,STATIONARY,MOVING
107110,2634,1,SITTING_STILL,0.12118197,0.00114859,0.00947824,0.01983870,0.03603334,0.03632516,0.02390734,0.02358340,0.01075552,0.01127222,0.01121901,RELIABLE,RELIABLE,RELIABLE,RELIABLE,RELIABLE,RELIABLE,RELIABLE,RELIABLE,MOVING,MOVING,MOVING,STATIONARY,STATIONARY,STATIONARY,STATIONARY,STATIONARY,MOVING
107142,2635,1,SITTING_STILL,0.12077610,0.00226696,0.01876991,0.02007919,0.03284765,0.03234948,0.02340708,0.02240168,0.01085990,0.01192445,0.01192232,RELIABLE,RELIABLE,RELIABLE,RELIABLE,RELIABLE,RELIABLE,RELIABLE,RELIABLE,MOVING,STATIONARY,STATIONARY,STATIONARY,STATIONARY,STATIONARY,STATIONARY,STATIONARY,MOVING
107189,2636,1,SITTING_STILL,0.12044078,0.00113348,0.00941109,0.02020291,0.03125783,0.03036381,0.02316184,0.02181411,0.01091460,0.01231503,0.01236134,RELIABLE,RELIABLE,RELIABLE,RELIABLE,RELIABLE,RELIABLE,RELIABLE,RELIABLE,MOVING,STATIONARY,STATIONARY,STATIONARY,STATIONARY,STATIONARY,STATIONARY,STATIONARY,MOVING
107221,2637,1,SITTING_STILL,0.12020694,0.00056674,0.00471470,0.01605759,0.02342599,0.02155843,0.01886633,0.01767103,0.00914709,0.00986164,0.01011368,RELIABLE,RELIABLE,RELIABLE,RELIABLE,RELIABLE,RELIABLE,RELIABLE,RELIABLE,MOVING,STATIONARY,STATIONARY,STATIONARY,STATIONARY,STATIONARY,STATIONARY,STATIONARY,MOVING
107269,2638,1,SITTING_STILL,0.12030658,0.00139849,0.01162439,0.01270414,0.01593567,0.01503640,0.01535549,0.01386217,0.00793360,0.00878166,0.00828753,RELIABLE,RELIABLE,RELIABLE,RELIABLE,RELIABLE,RELIABLE,RELIABLE,RELIABLE,MOVING,STATIONARY,STATIONARY,STATIONARY,STATIONARY,STATIONARY,STATIONARY,STATIONARY,MOVING
107339,2639,1,SITTING_STILL,0.11963335,0.00177779,0.01486030,0.01216633,0.01201386,0.01208515,0.01406087,0.01264674,0.00812704,0.00972563,0.00804832,RELIABLE,RELIABLE,RELIABLE,RELIABLE,RELIABLE,RELIABLE,RELIABLE,RELIABLE,STATIONARY,STATIONARY,STATIONARY,STATIONARY,STATIONARY,STATIONARY,STATIONARY,STATIONARY,STATIONARY
107378,2640,1,SITTING_STILL,0.11893598,0.00088889,0.00747372,0.01190560,0.01005955,0.01061717,0.01341968,0.01204683,0.00822913,0.01033608,0.00787636,RELIABLE,RELIABLE,RELIABLE,RELIABLE,RELIABLE,RELIABLE,RELIABLE,RELIABLE,STATIONARY,STATIONARY,STATIONARY,STATIONARY,STATIONARY,STATIONARY,STATIONARY,STATIONARY,STATIONARY
107410,2641,1,SITTING_STILL,0.11840711,0.00044445,0.00375355,0.01001074,0.00710145,0.00726758,0.01061815,0.00969033,0.00722127,0.00896591,0.00702566,RELIABLE,RELIABLE,RELIABLE,RELIABLE,RELIABLE,RELIABLE,RELIABLE,RELIABLE,STATIONARY,STATIONARY,STATIONARY,STATIONARY,STATIONARY,STATIONARY,STATIONARY,STATIONARY,STATIONARY
107457,2642,1,SITTING_STILL,0.11901954,0.00170386,0.01431580,0.01061543,0.00701270,0.00777301,0.01042506,0.01036294,0.00795391,0.00902584,0.00657204,RELIABLE,RELIABLE,RELIABLE,RELIABLE,RELIABLE,RELIABLE,RELIABLE,RELIABLE,STATIONARY,STATIONARY,STATIONARY,STATIONARY,STATIONARY,STATIONARY,STATIONARY,STATIONARY,STATIONARY
107488,2643,1,SITTING_STILL,0.11976438,0.00085193,0.00711338,0.00915837,0.00591704,0.00773099,0.00785519,0.00925335,0.00695872,0.00867374,0.00545381,RELIABLE,RELIABLE,RELIABLE,RELIABLE,RELIABLE,RELIABLE,RELIABLE,RELIABLE,STATIONARY,STATIONARY,STATIONARY,STATIONARY,STATIONARY,STATIONARY,STATIONARY,STATIONARY,STATIONARY
107531,2644,1,SITTING_STILL,0.12032198,0.00155799,0.01294852,0.00960055,0.00599403,0.00886083,0.00697097,0.01014895,0.00730095,0.01026677,0.00563469,RELIABLE,RELIABLE,RELIABLE,RELIABLE,RELIABLE,RELIABLE,RELIABLE,RELIABLE,STATIONARY,STATIONARY,STATIONARY,STATIONARY,STATIONARY,STATIONARY,STATIONARY,STATIONARY,STATIONARY
107566,2645,1,SITTING_STILL,0.12069480,0.00077900,0.00645426,0.00981799,0.00603010,0.00942249,0.00652613,0.01059268,0.00746940,0.01130383,0.00571211,RELIABLE,RELIABLE,RELIABLE,RELIABLE,RELIABLE,RELIABLE,RELIABLE,RELIABLE,STATIONARY,STATIONARY,STATIONARY,STATIONARY,STATIONARY,STATIONARY,STATIONARY,STATIONARY,STATIONARY
107598,2646,1,SITTING_STILL,0.12092858,0.00038950,0.00322089,0.00876755,0.00484054,0.00833829,0.00533123,0.00927960,0.00661008,0.01152355,0.00540755,RELIABLE,RELIABLE,RELIABLE,RELIABLE,RELIABLE,RELIABLE,RELIABLE,RELIABLE,STATIONARY,STATIONARY,STATIONARY,STATIONARY,STATIONARY,STATIONARY,STATIONARY,STATIONARY,STATIONARY
107630,2647,1,SITTING_STILL,0.12077632,0.00082457,0.00682722,0.00776342,0.00491729,0.00772282,0.00564929,0.00937807,0.00632570,0.01266093,0.00695796,RELIABLE,RELIABLE,RELIABLE,RELIABLE,RELIABLE,RELIABLE,RELIABLE,RELIABLE,STATIONARY,STATIONARY,STATIONARY,STATIONARY,STATIONARY,STATIONARY,STATIONARY,STATIONARY,STATIONARY
107661,2648,1,SITTING_STILL,0.12056614,0.00041228,0.00341956,0.00725665,0.00495465,0.00741237,0.00580624,0.00942414,0.00618042,0.01350922,0.00803789,RELIABLE,RELIABLE,RELIABLE,RELIABLE,RELIABLE,RELIABLE,RELIABLE,RELIABLE,STATIONARY,STATIONARY,STATIONARY,STATIONARY,STATIONARY,STATIONARY,STATIONARY,STATIONARY,STATIONARY
107694,2649,1,SITTING_STILL,0.12039415,0.00020614,0.00171222,0.00700148,0.00497295,0.00725612,0.00588395,0.00944599,0.00610664,0.01412969,0.00879161,RELIABLE,RELIABLE,RELIABLE,RELIABLE,RELIABLE,RELIABLE,RELIABLE,RELIABLE,STATIONARY,STATIONARY,STATIONARY,STATIONARY,STATIONARY,STATIONARY,STATIONARY,STATIONARY,STATIONARY
107738,2650,1,SITTING_STILL,0.12005633,0.00055339,0.00460940,0.00578818,0.00402351,0.00579243,0.00524328,0.00968050,0.00549708,0.01388248,0.00927560,RELIABLE,RELIABLE,RELIABLE,RELIABLE,RELIABLE,RELIABLE,RELIABLE,RELIABLE,STATIONARY,STATIONARY,STATIONARY,STATIONARY,STATIONARY,STATIONARY,STATIONARY,STATIONARY,STATIONARY
107773,2651,1,SITTING_STILL,0.11976504,0.00027669,0.00231031,0.00518780,0.00355395,0.00506883,0.00492803,0.00980692,0.00519767,0.01379284,0.00962500,RELIABLE,RELIABLE,RELIABLE,RELIABLE,RELIABLE,RELIABLE,RELIABLE,RELIABLE,STATIONARY,STATIONARY,STATIONARY,STATIONARY,STATIONARY,STATIONARY,STATIONARY,STATIONARY,STATIONARY
107805,2652,1,SITTING_STILL,0.11955911,0.00013835,0.00115714,0.00371387,0.00269204,0.00355490,0.00436549,0.00841776,0.00420612,0.01200381,0.00900893,RELIABLE,RELIABLE,RELIABLE,RELIABLE,RELIABLE,RELIABLE,RELIABLE,RELIABLE,STATIONARY,STATIONARY,STATIONARY,STATIONARY,STATIONARY,STATIONARY,STATIONARY,STATIONARY,STATIONARY
107851,2653,1,SITTING_STILL,0.11942622,0.00006917,0.00057921,0.00297949,0.00226269,0.00280072,0.00408546,0.00772653,0.00371230,0.01088643,0.00867862,RELIABLE,RELIABLE,RELIABLE,RELIABLE,RELIABLE,RELIABLE,RELIABLE,RELIABLE,STATIONARY,STATIONARY,STATIONARY,STATIONARY,STATIONARY,STATIONARY,STATIONARY,STATIONARY,STATIONARY
107883,2654,1,SITTING_STILL,0.11967069,0.00053461,0.00446732,0.00313530,0.00260768,0.00280480,0.00589271,0.00866624,0.00442028,0.01088485,0.00940126,RELIABLE,RELIABLE,RELIABLE,RELIABLE,RELIABLE,RELIABLE,RELIABLE,RELIABLE,STATIONARY,STATIONARY,STATIONARY,STATIONARY,STATIONARY,STATIONARY,STATIONARY,STATIONARY,STATIONARY
107914,2655,1,SITTING_STILL,0.11995258,0.00026730,0.00222841,0.00256045,0.00229929,0.00258316,0.00542573,0.00769963,0.00383153,0.00831482,0.00726690,RELIABLE,RELIABLE,RELIABLE,RELIABLE,RELIABLE,RELIABLE,RELIABLE,RELIABLE,STATIONARY,STATIONARY,STATIONARY,STATIONARY,STATIONARY,STATIONARY,STATIONARY,STATIONARY,STATIONARY
107946,2656,1,SITTING_STILL,0.12038256,0.00065540,0.00544427,0.00281354,0.00321775,0.00371278,0.00606979,0.00771123,0.00392349,0.00701986,0.00635651,RELIABLE,RELIABLE,RELIABLE,RELIABLE,RELIABLE,RELIABLE,RELIABLE,RELIABLE,STATIONARY,STATIONARY,STATIONARY,STATIONARY,STATIONARY,STATIONARY,STATIONARY,STATIONARY,STATIONARY
107977,2657,1,SITTING_STILL,0.12074240,0.00032770,0.00271402,0.00293876,0.00367495,0.00427543,0.00638926,0.00771516,0.00396813,0.00611138,0.00570958,RELIABLE,RELIABLE,RELIABLE,RELIABLE,RELIABLE,RELIABLE,RELIABLE,RELIABLE,STATIONARY,STATIONARY,STATIONARY,STATIONARY,STATIONARY,STATIONARY,STATIONARY,STATIONARY,STATIONARY
108009,2658,1,SITTING_STILL,0.12099482,0.00016385,0.00135418,0.00253186,0.00346761,0.00375719,0.00601653,0.00563903,0.00332463,0.00523234,0.00525069,RELIABLE,RELIABLE,RELIABLE,RELIABLE,RELIABLE,RELIABLE,RELIABLE,RELIABLE,STATIONARY,STATIONARY,STATIONARY,STATIONARY,STATIONARY,STATIONARY,STATIONARY,STATIONARY,STATIONARY
108056,2659,1,SITTING_STILL,0.12095783,0.00094005,0.00777171,0.00321453,0.00394730,0.00457234,0.00687245,0.00596147,0.00378699,0.00496113,0.00529729,RELIABLE,RELIABLE,RELIABLE,RELIABLE,RELIABLE,RELIABLE,RELIABLE,RELIABLE,STATIONARY,STATIONARY,STATIONARY,STATIONARY,STATIONARY,STATIONARY,STATIONARY,STATIONARY,STATIONARY
108088,2660,1,SITTING_STILL,0.12085896,0.00047002,0.00388903,0.00355602,0.00418722,0.00498006,0.00730060,0.00612231,0.00401817,0.00472812,0.00530556,RELIABLE,RELIABLE,RELIABLE,RELIABLE,RELIABLE,RELIABLE,RELIABLE,RELIABLE,STATIONARY,STATIONARY,STATIONARY,STATIONARY,STATIONARY,STATIONARY,STATIONARY,STATIONARY,STATIONARY
108119,2661,1,SITTING_STILL,0.12076964,0.00023501,0.00194596,0.00372686,0.00430724,0.00518403,0.00751480,0.00620268,0.00413381,0.00454349,0.00529923,RELIABLE,RELIABLE,RELIABLE,RELIABLE,RELIABLE,RELIABLE,RELIABLE,RELIABLE,STATIONARY,STATIONARY,STATIONARY,STATIONARY,STATIONARY,STATIONARY,STATIONARY,STATIONARY,STATIONARY
108165,2662,1,SITTING_STILL,0.12081042,0.00100304,0.00830262,0.00420628,0.00465722,0.00541620,0.00716371,0.00634567,0.00476310,0.00604404,0.00657394,RELIABLE,RELIABLE,RELIABLE,RELIABLE,RELIABLE,RELIABLE,RELIABLE,RELIABLE,STATIONARY,STATIONARY,STATIONARY,STATIONARY,STATIONARY,STATIONARY,STATIONARY,STATIONARY,STATIONARY
108235,2663,1,SITTING_STILL,0.12078862,0.00046983,0.00388970,0.00441394,0.00445240,0.00543547,0.00761227,0.00696056,0.00542599,0.00857483,0.00736618,RELIABLE,RELIABLE,RELIABLE,RELIABLE,RELIABLE,RELIABLE,RELIABLE,RELIABLE,STATIONARY,STATIONARY,STATIONARY,STATIONARY,STATIONARY,STATIONARY,STATIONARY,STATIONARY,STATIONARY
108275,2664,1,SITTING_STILL,0.12075733,0.00023492,0.00194536,0.00397657,0.00327681,0.00420431,0.00695790,0.00677181,0.00537029,0.00986366,0.00741180,RELIABLE,RELIABLE,RELIABLE,RELIABLE,RELIABLE,RELIABLE,RELIABLE,RELIABLE,STATIONARY,STATIONARY,STATIONARY,STATIONARY,STATIONARY,STATIONARY,STATIONARY,STATIONARY,STATIONARY
108330,2665,1,SITTING_STILL,0.12072094,0.00042567,0.00352606,0.00407808,0.00301649,0.00390360,0.00713284,0.00741112,0.00587452,0.01100801,0.00930572,RELIABLE,RELIABLE,RELIABLE,RELIABLE,RELIABLE,RELIABLE,RELIABLE,RELIABLE,STATIONARY,STATIONARY,STATIONARY,STATIONARY,STATIONARY,STATIONARY,STATIONARY,STATIONARY,STATIONARY
108371,2666,1,SITTING_STILL,0.12069343,0.00021283,0.00176343,0.00412923,0.00288701,0.00375400,0.00722112,0.00773135,0.00612706,0.01177705,0.01059565,RELIABLE,RELIABLE,RELIABLE,RELIABLE,RELIABLE,RELIABLE,RELIABLE,RELIABLE,STATIONARY,STATIONARY,STATIONARY,STATIONARY,STATIONARY,STATIONARY,STATIONARY,STATIONARY,STATIONARY
108417,2667,1,SITTING_STILL,0.12067528,0.00010642,0.00088185,0.00326800,0.00223831,0.00260389,0.00622214,0.00652820,0.00546828,0.01197838,0.01110593,RELIABLE,RELIABLE,RELIABLE,RELIABLE,RELIABLE,RELIABLE,RELIABLE,RELIABLE,STATIONARY,STATIONARY,STATIONARY,STATIONARY,STATIONARY,STATIONARY,STATIONARY,STATIONARY,STATIONARY
108462,2668,1,SITTING_STILL,0.12089192,0.00084912,0.00702375,0.00365984,0.00309951,0.00256519,0.00666886,0.00756388,0.00599972,0.01308993,0.01169112,RELIABLE,RELIABLE,RELIABLE,RELIABLE,RELIABLE,RELIABLE,RELIABLE,RELIABLE,STATIONARY,STATIONARY,STATIONARY,STATIONARY,STATIONARY,STATIONARY,STATIONARY,STATIONARY,STATIONARY
108494,2669,1,SITTING_STILL,0.12111504,0.00042456,0.00350541,0.00385477,0.00352885,0.00254508,0.00689103,0.00807981,0.00626440,0.01385830,0.01205444,RELIABLE,RELIABLE,RELIABLE,RELIABLE,RELIABLE,RELIABLE,RELIABLE,RELIABLE,STATIONARY,STATIONARY,STATIONARY,STATIONARY,STATIONARY,STATIONARY,STATIONARY,STATIONARY,STATIONARY
108542,2670,1,SITTING_STILL,0.12143701,0.00077730,0.00640089,0.00361706,0.00323247,0.00277979,0.00638751,0.00702459,0.00547314,0.01350099,0.01102882,RELIABLE,RELIABLE,RELIABLE,RELIABLE,RELIABLE,RELIABLE,RELIABLE,RELIABLE,STATIONARY,STATIONARY,STATIONARY,STATIONARY,STATIONARY,STATIONARY,STATIONARY,STATIONARY,STATIONARY
108635,2671,1,SITTING_STILL,0.12173698,0.00098704,0.00810797,0.00414434,0.00463060,0.00333897,0.00567496,0.00693136,0.00519656,0.01133747,0.01161703,RELIABLE,RELIABLE,RELIABLE,RELIABLE,RELIABLE,RELIABLE,RELIABLE,RELIABLE,STATIONARY,STATIONARY,STATIONARY,STATIONARY,STATIONARY,STATIONARY,STATIONARY,STATIONARY,STATIONARY
108668,2672,1,SITTING_STILL,0.12195656,0.00049352,0.00404669,0.00440701,0.00532831,0.00361782,0.00531785,0.00688346,0.00505733,0.00982203,0.01197857,RELIABLE,RELIABLE,RELIABLE,RELIABLE,RELIABLE,RELIABLE,RELIABLE,RELIABLE,STATIONARY,STATIONARY,STATIONARY,STATIONARY,STATIONARY,STATIONARY,STATIONARY,STATIONARY,STATIONARY
108715,2673,1,SITTING_STILL,0.12210117,0.00024676,0.00202095,0.00421887,0.00535106,0.00344414,0.00463900,0.00612673,0.00445632,0.00853123,0.01039172,RELIABLE,RELIABLE,RELIABLE,RELIABLE,RELIABLE,RELIABLE,RELIABLE,RELIABLE,STATIONARY,STATIONARY,STATIONARY,STATIONARY,STATIONARY,STATIONARY,STATIONARY,STATIONARY,STATIONARY
108746,2674,1,SITTING_STILL,0.12199943,0.00094606,0.00775462,0.00496776,0.00666644,0.00472351,0.00487006,0.00675744,0.00469928,0.00924667,0.01063899,RELIABLE,RELIABLE,RELIABLE,RELIABLE,RELIABLE,RELIABLE,RELIABLE,RELIABLE,STATIONARY,STATIONARY,STATIONARY,STATIONARY,STATIONARY,STATIONARY,STATIONARY,STATIONARY,STATIONARY
108778,2675,1,SITTING_STILL,0.12186468,0.00047303,0.00388160,0.00534273,0.00732493,0.00536399,0.00498592,0.00707339,0.00482109,0.00974776,0.01082021,RELIABLE,RELIABLE,RELIABLE,RELIABLE,RELIABLE,RELIABLE,RELIABLE,RELIABLE,STATIONARY,STATIONARY,STATIONARY,STATIONARY,STATIONARY,STATIONARY,STATIONARY,STATIONARY,STATIONARY
108809,2676,1,SITTING_STILL,0.12175615,0.00023651,0.00194253,0.00470758,0.00646866,0.00514770,0.00409729,0.00559378,0.00402095,0.00917491,0.01073518,RELIABLE,RELIABLE,RELIABLE,RELIABLE,RELIABLE,RELIABLE,RELIABLE,RELIABLE,STATIONARY,STATIONARY,STATIONARY,STATIONARY,STATIONARY,STATIONARY,STATIONARY,STATIONARY,STATIONARY
108855,2677,1,SITTING_STILL,0.12117662,0.00096791,0.00798763,0.00526786,0.00707334,0.00635118,0.00500806,0.00586353,0.00510463,0.01001775,0.01088750,RELIABLE,RELIABLE,RELIABLE,RELIABLE,RELIABLE,RELIABLE,RELIABLE,RELIABLE,STATIONARY,STATIONARY,STATIONARY,STATIONARY,STATIONARY,STATIONARY,STATIONARY,STATIONARY,STATIONARY
108887,2678,1,SITTING_STILL,0.12062739,0.00048396,0.00401200,0.00496925,0.00704033,0.00620102,0.00459261,0.00592704,0.00504785,0.00902802,0.01001506,RELIABLE,RELIABLE,RELIABLE,RELIABLE,RELIABLE,RELIABLE,RELIABLE,RELIABLE,STATIONARY,STATIONARY,STATIONARY,STATIONARY,STATIONARY,STATIONARY,STATIONARY,STATIONARY,STATIONARY
108919,2679,1,SITTING_STILL,0.12022384,0.00024198,0.00201273,0.00420734,0.00585906,0.00578270,0.00422512,0.00498366,0.00455467,0.00875376,0.00818356,RELIABLE,RELIABLE,RELIABLE,RELIABLE,RELIABLE,RELIABLE,RELIABLE,RELIABLE,STATIONARY,STATIONARY,STATIONARY,STATIONARY,STATIONARY,STATIONARY,STATIONARY,STATIONARY,STATIONARY
108965,2680,1,SITTING_STILL,0.12025124,0.00109714,0.00912371,0.00484197,0.00594082,0.00632493,0.00486183,0.00550277,0.00508298,0.00979337,0.00756716,RELIABLE,RELIABLE,RELIABLE,RELIABLE,RELIABLE,RELIABLE,RELIABLE,RELIABLE,STATIONARY,STATIONARY,STATIONARY,STATIONARY,STATIONARY,STATIONARY,STATIONARY,STATIONARY,STATIONARY
108997,2681,1,SITTING_STILL,0.12038117,0.00054857,0.00455693,0.00515897,0.00598170,0.00659577,0.00517986,0.00576208,0.00534688,0.01046901,0.00709464,RELIABLE,RELIABLE,RELIABLE,RELIABLE,RELIABLE,RELIABLE,RELIABLE,RELIABLE,STATIONARY,STATIONARY,STATIONARY,STATIONARY,STATIONARY,STATIONARY,STATIONARY,STATIONARY,STATIONARY
109029,2682,1,SITTING_STILL,0.12050465,0.00027428,0.00227613,0.00447416,0.00469789,0.00536469,0.00476804,0.00488225,0.00493503,0.00933478,0.00543196,RELIABLE,RELIABLE,RELIABLE,RELIABLE,RELIABLE,RELIABLE,RELIABLE,RELIABLE,STATIONARY,STATIONARY,STATIONARY,STATIONARY,STATIONARY,STATIONARY,STATIONARY,STATIONARY,STATIONARY
109061,2683,1,SITTING_STILL,0.12101788,0.00086083,0.00711329,0.00487812,0.00478603,0.00559634,0.00594676,0.00499457,0.00561323,0.00997958,0.00570422,RELIABLE,RELIABLE,RELIABLE,RELIABLE,RELIABLE,RELIABLE,RELIABLE,RELIABLE,STATIONARY,STATIONARY,STATIONARY,STATIONARY,STATIONARY,STATIONARY,STATIONARY,STATIONARY,STATIONARY
109108,2684,1,SITTING_STILL,0.12150025,0.00043042,0.00354252,0.00507812,0.00482811,0.00570993,0.00653297,0.00504909,0.00595020,0.01038137,0.00581355,RELIABLE,RELIABLE,RELIABLE,RELIABLE,RELIABLE,RELIABLE,RELIABLE,RELIABLE,STATIONARY,STATIONARY,STATIONARY,STATIONARY,STATIONARY,STATIONARY,STATIONARY,STATIONARY,STATIONARY
109154,2685,1,SITTING_STILL,0.12158401,0.00044620,0.00366986,0.00453840,0.00423256,0.00451762,0.00627716,0.00435399,0.00527703,0.01005476,0.00627512,RELIABLE,RELIABLE,RELIABLE,RELIABLE,RELIABLE,RELIABLE,RELIABLE,RELIABLE,STATIONARY,STATIONARY,STATIONARY,STATIONARY,STATIONARY,STATIONARY,STATIONARY,STATIONARY,STATIONARY
109226,2686,1,SITTING_STILL,0.12165621,0.00109332,0.00898699,0.00516027,0.00449534,0.00484625,0.00668927,0.00437948,0.00532988,0.00953462,0.00707308,RELIABLE,RELIABLE,RELIABLE,RELIABLE,RELIABLE,RELIABLE,RELIABLE,RELIABLE,STATIONARY,STATIONARY,STATIONARY,STATIONARY,STATIONARY,STATIONARY,STATIONARY,STATIONARY,STATIONARY
109263,2687,1,SITTING_STILL,0.12171042,0.00054666,0.00449149,0.00547012,0.00462550,0.00500907,0.00689386,0.00439111,0.00535481,0.00919568,0.00758441,RELIABLE,RELIABLE,RELIABLE,RELIABLE,RELIABLE,RELIABLE,RELIABLE,RELIABLE,STATIONARY,STATIONARY,STATIONARY,STATIONARY,STATIONARY,STATIONARY,STATIONARY,STATIONARY,STATIONARY
109296,2688,1,SITTING_STILL,0.12174732,0.00027333,0.00224507,0.00461028,0.00401946,0.00433973,0.00617626,0.00340720,0.00459309,0.00776684,0.00731176,RELIABLE,RELIABLE,RELIABLE,RELIABLE,RELIABLE,RELIABLE,RELIABLE,RELIABLE,STATIONARY,STATIONARY,STATIONARY,STATIONARY,STATIONARY,STATIONARY,STATIONARY,STATIONARY,STATIONARY
109342,2689,1,SITTING_STILL,0.12183364,0.00154362,0.01266991,0.00562441,0.00424368,0.00535628,0.00697337,0.00357442,0.00474503,0.00776988,0.00738172,RELIABLE,RELIABLE,RELIABLE,RELIABLE,RELIABLE,RELIABLE,RELIABLE,RELIABLE,STATIONARY,STATIONARY,STATIONARY,STATIONARY,STATIONARY,STATIONARY,STATIONARY,STATIONARY,STATIONARY
109373,2690,1,SITTING_STILL,0.12191273,0.00077181,0.00633084,0.00613125,0.00435580,0.00586431,0.00737176,0.00365808,0.00482105,0.00777869,0.00742904,RELIABLE,RELIABLE,RELIABLE,RELIABLE,RELIABLE,RELIABLE,RELIABLE,RELIABLE,STATIONARY,STATIONARY,STATIONARY,STATIONARY,STATIONARY,STATIONARY,STATIONARY,STATIONARY,STATIONARY
109405,2691,1,SITTING_STILL,0.12197074,0.00038591,0.00316392,0.00563757,0.00368092,0.00527015,0.00618581,0.00314694,0.00397448,0.00635511,0.00603019,RELIABLE,RELIABLE,RELIABLE,RELIABLE,RELIABLE,RELIABLE,RELIABLE,RELIABLE,STATIONARY,STATIONARY,STATIONARY,STATIONARY,STATIONARY,STATIONARY,STATIONARY,STATIONARY,STATIONARY
109437,2692,1,SITTING_STILL,0.12158454,0.00268366,0.02207239,0.00795381,0.00533292,0.00769632,0.00609764,0.00455192,0.00433291,0.00667203,0.00611759,RELIABLE,RELIABLE,RELIABLE,RELIABLE,RELIABLE,RELIABLE,RELIABLE,RELIABLE,STATIONARY,STATIONARY,STATIONARY,STATIONARY,STATIONARY,STATIONARY,STATIONARY,STATIONARY,STATIONARY
109469,2693,1,SITTING_STILL,0.12118501,0.00134183,0.01107258,0.00887915,0.00574724,0.00885221,0.00524946,0.00497173,0.00387233,0.00623992,0.00558322,RELIABLE,RELIABLE,RELIABLE,RELIABLE,RELIABLE,RELIABLE,RELIABLE,RELIABLE,STATIONARY,STATIONARY,STATIONARY,STATIONARY,STATIONARY,STATIONARY,STATIONARY,STATIONARY,STATIONARY
109501,2694,1,SITTING_STILL,0.12088233,0.00067092,0.00555015,0.00844954,0.00539237,0.00850379,0.00428250,0.00480708,0.00324957,0.00633561,0.00478178,RELIABLE,RELIABLE,RELIABLE,RELIABLE,RELIABLE,RELIABLE,RELIABLE,RELIABLE,STATIONARY,STATIONARY,STATIONARY,STATIONARY,STATIONARY,STATIONARY,STATIONARY,STATIONARY,STATIONARY
109549,2695,1,SITTING_STILL,0.12094932,0.00061297,0.00506797,0.00852160,0.00551739,0.00861148,0.00572415,0.00582917,0.00380552,0.00708020,0.00496859,RELIABLE,RELIABLE,RELIABLE,RELIABLE,RELIABLE,RELIABLE,RELIABLE,RELIABLE,STATIONARY,STATIONARY,STATIONARY,STATIONARY,STATIONARY,STATIONARY,STATIONARY,STATIONARY,STATIONARY
109596,2696,1,SITTING_STILL,0.12109335,0.00030648,0.00253097,0.00855734,0.00557963,0.00866502,0.00644386,0.00633948,0.00408298,0.00757324,0.00507434,RELIABLE,RELIABLE,RELIABLE,RELIABLE,RELIABLE,RELIABLE,RELIABLE,RELIABLE,STATIONARY,STATIONARY,STATIONARY,STATIONARY,STATIONARY,STATIONARY,STATIONARY,STATIONARY,STATIONARY
109643,2697,1,SITTING_STILL,0.12071104,0.00075450,0.00625046,0.00775491,0.00514200,0.00745343,0.00632101,0.00701707,0.00432825,0.00853748,0.00610784,RELIABLE,RELIABLE,RELIABLE,RELIABLE,RELIABLE,RELIABLE,RELIABLE,RELIABLE,STATIONARY,STATIONARY,STATIONARY,STATIONARY,STATIONARY,STATIONARY,STATIONARY,STATIONARY,STATIONARY
109722,2698,1,SITTING_STILL,0.12030556,0.00074370,0.00618173,0.00773627,0.00560653,0.00719952,0.00678378,0.00735101,0.00471190,0.00983895,0.00648097,RELIABLE,RELIABLE,RELIABLE,RELIABLE,RELIABLE,RELIABLE,RELIABLE,RELIABLE,STATIONARY,STATIONARY,STATIONARY,STATIONARY,STATIONARY,STATIONARY,STATIONARY,STATIONARY,STATIONARY
109768,2699,1,SITTING_STILL,0.11999565,0.00037185,0.00309885,0.00772814,0.00583988,0.00707338,0.00701675,0.00751897,0.00490470,0.01069839,0.00674023,RELIABLE,RELIABLE,RELIABLE,RELIABLE,RELIABLE,RELIABLE,RELIABLE,RELIABLE,STATIONARY,STATIONARY,STATIONARY,STATIONARY,STATIONARY,STATIONARY,STATIONARY,STATIONARY,STATIONARY
109800,2700,1,SITTING_STILL,0.11978712,0.00018592,0.00155212,0.00516310,0.00396911,0.00428919,0.00663191,0.00594409,0.00422170,0.01001453,0.00593732,RELIABLE,RELIABLE,RELIABLE,RELIABLE,RELIABLE,RELIABLE,RELIABLE,RELIABLE,STATIONARY,STATIONARY,STATIONARY,STATIONARY,STATIONARY,STATIONARY,STATIONARY,STATIONARY,STATIONARY
109832,2701,1,SITTING_STILL,0.12027721,0.00077598,0.00645164,0.00458549,0.00324633,0.00343139,0.00698043,0.00618829,0.00473229,0.01086811,0.00604260,RELIABLE,RELIABLE,RELIABLE,RELIABLE,RELIABLE,RELIABLE,RELIABLE,RELIABLE,STATIONARY,STATIONARY,STATIONARY,STATIONARY,STATIONARY,STATIONARY,STATIONARY,STATIONARY,STATIONARY
109864,2702,1,SITTING_STILL,0.12081954,0.00038799,0.00321134,0.00429313,0.00288294,0.00299931,0.00715275,0.00630678,0.00498494,0.01136761,0.00610491,RELIABLE,RELIABLE,RELIABLE,RELIABLE,RELIABLE,RELIABLE,RELIABLE,RELIABLE,STATIONARY,STATIONARY,STATIONARY,STATIONARY,STATIONARY,STATIONARY,STATIONARY,STATIONARY,STATIONARY
109910,2703,1,SITTING_STILL,0.12123938,0.00019400,0.00160011,0.00385965,0.00239872,0.00250110,0.00531345,0.00526077,0.00424331,0.01101956,0.00546634,RELIABLE,RELIABLE,RELIABLE,RELIABLE,RELIABLE,RELIABLE,RELIABLE,RELIABLE,STATIONARY,STATIONARY,STATIONARY,STATIONARY,STATIONARY,STATIONARY,STATIONARY,STATIONARY,STATIONARY
109957,2704,1,SITTING_STILL,0.12120444,0.00061263,0.00505449,0.00417509,0.00254833,0.00242907,0.00600513,0.00518505,0.00457710,0.01193927,0.00554758,RELIABLE,RELIABLE,RELIABLE,RELIABLE,RELIABLE,RELIABLE,RELIABLE,RELIABLE,STATIONARY,STATIONARY,STATIONARY,STATIONARY,STATIONARY,STATIONARY,STATIONARY,STATIONARY,STATIONARY
109988,2705,1,SITTING_STILL,0.12106573,0.00030631,0.00253014,0.00371005,0.00256532,0.00228086,0.00567929,0.00406653,0.00410564,0.01096893,0.00441531,RELIABLE,RELIABLE,RELIABLE,RELIABLE,RELIABLE,RELIABLE,RELIABLE,RELIABLE,STATIONARY,STATIONARY,STATIONARY,STATIONARY,STATIONARY,STATIONARY,STATIONARY,STATIONARY,STATIONARY
110019,2706,1,SITTING_STILL,0.12093606,0.00015316,0.00126643,0.00309564,0.00189080,0.00185541,0.00499305,0.00351251,0.00360934,0.00966081,0.00399027,RELIABLE,RELIABLE,RELIABLE,RELIABLE,RELIABLE,RELIABLE,RELIABLE,RELIABLE,STATIONARY,STATIONARY,STATIONARY,STATIONARY,STATIONARY,STATIONARY,STATIONARY,STATIONARY,STATIONARY
110050,2707,1,SITTING_STILL,0.12056319,0.00311758,0.02585848,0.00594059,0.00263932,0.00480962,0.00493735,0.00393968,0.00441899,0.00958289,0.00530563,RELIABLE,RELIABLE,RELIABLE,RELIABLE,RELIABLE,RELIABLE,RELIABLE,RELIABLE,STATIONARY,STATIONARY,STATIONARY,STATIONARY,STATIONARY,STATIONARY,STATIONARY,STATIONARY,STATIONARY
110082,2708,1,SITTING_STILL,0.12022302,0.00155879,0.01296583,0.00736731,0.00301485,0.00629104,0.00490972,0.00415405,0.00482515,0.00946469,0.00611608,RELIABLE,RELIABLE,RELIABLE,RELIABLE,RELIABLE,RELIABLE,RELIABLE,RELIABLE,STATIONARY,STATIONARY,STATIONARY,STATIONARY,STATIONARY,STATIONARY,STATIONARY,STATIONARY,STATIONARY
110128,2709,1,SITTING_STILL,0.12007471,0.00222166,0.01850230,0.00887364,0.00378775,0.00807049,0.00473652,0.00356519,0.00439681,0.00938980,0.00613653,RELIABLE,RELIABLE,RELIABLE,RELIABLE,RELIABLE,RELIABLE,RELIABLE,RELIABLE,STATIONARY,STATIONARY,STATIONARY,STATIONARY,STATIONARY,STATIONARY,STATIONARY,STATIONARY,STATIONARY
110218,2710,1,SITTING_STILL,0.12021394,0.00056145,0.00467045,0.00905603,0.00413239,0.00838072,0.00481801,0.00369883,0.00452038,0.00990468,0.00628866,RELIABLE,RELIABLE,RELIABLE,RELIABLE,RELIABLE,RELIABLE,RELIABLE,RELIABLE,STATIONARY,STATIONARY,STATIONARY,STATIONARY,STATIONARY,STATIONARY,STATIONARY,STATIONARY,STATIONARY
110255,2711,1,SITTING_STILL,0.12039042,0.00028073,0.00233180,0.00914749,0.00430461,0.00853590,0.00485903,0.00376611,0.00458254,0.01025333,0.00636817,RELIABLE,RELIABLE,RELIABLE,RELIABLE,RELIABLE,RELIABLE,RELIABLE,RELIABLE,STATIONARY,STATIONARY,STATIONARY,STATIONARY,STATIONARY,STATIONARY,STATIONARY,STATIONARY,STATIONARY
110287,2712,1,SITTING_STILL,0.12053214,0.00014036,0.00116453,0.00866124,0.00399918,0.00843661,0.00326928,0.00335304,0.00390943,0.00934628,0.00593991,RELIABLE,RELIABLE,RELIABLE,RELIABLE,RELIABLE,RELIABLE,RELIABLE,RELIABLE,STATIONARY,STATIONARY,STATIONARY,STATIONARY,STATIONARY,STATIONARY,STATIONARY,STATIONARY,STATIONARY
110334,2713,1,SITTING_STILL,0.12011583,0.00157141,0.01308249,0.00998029,0.00507252,0.01028674,0.00444735,0.00408072,0.00473723,0.00953898,0.00648876,RELIABLE,RELIABLE,RELIABLE,RELIABLE,RELIABLE,RELIABLE,RELIABLE,RELIABLE,STATIONARY,STATIONARY,STATIONARY,STATIONARY,STATIONARY,STATIONARY,STATIONARY,STATIONARY,STATIONARY
110380,2714,1,SITTING_STILL,0.11966425,0.00078571,0.00656593,0.01064273,0.00561151,0.01121546,0.00503975,0.00444633,0.00515325,0.00966355,0.00681602,RELIABLE,RELIABLE,RELIABLE,RELIABLE,RELIABLE,RELIABLE,RELIABLE,RELIABLE,STATIONARY,STATIONARY,STATIONARY,STATIONARY,STATIONARY,STATIONARY,STATIONARY,STATIONARY,STATIONARY
110412,2715,1,SITTING_STILL,0.11931678,0.00039285,0.00329253,0.00782198,0.00479515,0.00851371,0.00504859,0.00392481,0.00430346,0.00895821,0.00541409,RELIABLE,RELIABLE,RELIABLE,RELIABLE,RELIABLE,RELIABLE,RELIABLE,RELIABLE,STATIONARY,STATIONARY,STATIONARY,STATIONARY,STATIONARY,STATIONARY,STATIONARY,STATIONARY,STATIONARY
110459,2716,1,SITTING_STILL,0.11976948,0.00094835,0.00791810,0.00719102,0.00527915,0.00773604,0.00645216,0.00439390,0.00468236,0.00982785,0.00480997,RELIABLE,RELIABLE,RELIABLE,RELIABLE,RELIABLE,RELIABLE,RELIABLE,RELIABLE,STATIONARY,STATIONARY,STATIONARY,STATIONARY,STATIONARY,STATIONARY,STATIONARY,STATIONARY,STATIONARY
110490,2717,1,SITTING_STILL,0.12031006,0.00047417,0.00394126,0.00537089,0.00471763,0.00576751,0.00676758,0.00428803,0.00464756,0.00906603,0.00425631,RELIABLE,RELIABLE,RELIABLE,RELIABLE,RELIABLE,RELIABLE,RELIABLE,RELIABLE,STATIONARY,STATIONARY,STATIONARY,STATIONARY,STATIONARY,STATIONARY,STATIONARY,STATIONARY,STATIONARY
110522,2718,1,SITTING_STILL,0.12073771,0.00023709,0.00196365,0.00503254,0.00447847,0.00536337,0.00675726,0.00380879,0.00429368,0.00804840,0.00373746,RELIABLE,RELIABLE,RELIABLE,RELIABLE,RELIABLE,RELIABLE,RELIABLE,RELIABLE,STATIONARY,STATIONARY,STATIONARY,STATIONARY,STATIONARY,STATIONARY,STATIONARY,STATIONARY,STATIONARY
110553,2719,1,SITTING_STILL,0.12123514,0.00131515,0.01084789,0.00609705,0.00552560,0.00647964,0.00720767,0.00491579,0.00465831,0.00859156,0.00453734,RELIABLE,RELIABLE,RELIABLE,RELIABLE,RELIABLE,RELIABLE,RELIABLE,RELIABLE,STATIONARY,STATIONARY,STATIONARY,STATIONARY,STATIONARY,STATIONARY,STATIONARY,STATIONARY,STATIONARY
110584,2720,1,SITTING_STILL,0.12162567,0.00065757,0.00540653,0.00662730,0.00604723,0.00703568,0.00743194,0.00546716,0.00483973,0.00896010,0.00503148,RELIABLE,RELIABLE,RELIABLE,RELIABLE,RELIABLE,RELIABLE,RELIABLE,RELIABLE,STATIONARY,STATIONARY,STATIONARY,STATIONARY,STATIONARY,STATIONARY,STATIONARY,STATIONARY,STATIONARY
110615,2721,1,SITTING_STILL,0.12189185,0.00032879,0.00269736,0.00532916,0.00508104,0.00541301,0.00556980,0.00480750,0.00376525,0.00844059,0.00453305,RELIABLE,RELIABLE,RELIABLE,RELIABLE,RELIABLE,RELIABLE,RELIABLE,RELIABLE,STATIONARY,STATIONARY,STATIONARY,STATIONARY,STATIONARY,STATIONARY,STATIONARY,STATIONARY,STATIONARY
110647,2722,1,SITTING_STILL,0.12168664,0.00140494,0.01154555,0.00595161,0.00591858,0.00526645,0.00560219,0.00486243,0.00422151,0.00989305,0.00473855,RELIABLE,RELIABLE,RELIABLE,RELIABLE,RELIABLE,RELIABLE,RELIABLE,RELIABLE,STATIONARY,STATIONARY,STATIONARY,STATIONARY,STATIONARY,STATIONARY,STATIONARY,STATIONARY,STATIONARY
110678,2723,1,SITTING_STILL,0.12141830,0.00070247,0.00578553,0.00626323,0.00633805,0.00519266,0.00561806,0.00488977,0.00444992,0.01083761,0.00485447,RELIABLE,RELIABLE,RELIABLE,RELIABLE,RELIABLE,RELIABLE,RELIABLE,RELIABLE,STATIONARY,STATIONARY,STATIONARY,STATIONARY,STATIONARY,STATIONARY,STATIONARY,STATIONARY,STATIONARY
110710,2724,1,SITTING_STILL,0.12120212,0.00035123,0.00289793,0.00563571,0.00565465,0.00457840,0.00422661,0.00417275,0.00375917,0.01018587,0.00464569,RELIABLE,RELIABLE,RELIABLE,RELIABLE,RELIABLE,RELIABLE,RELIABLE,RELIABLE,STATIONARY,STATIONARY,STATIONARY,STATIONARY,STATIONARY,STATIONARY,STATIONARY,STATIONARY,STATIONARY
110757,2725,1,SITTING_STILL,0.12067901,0.00152267,0.01261752,0.00672024,0.00716178,0.00518945,0.00500061,0.00540376,0.00447453,0.01001584,0.00611470,RELIABLE,RELIABLE,RELIABLE,RELIABLE,RELIABLE,RELIABLE,RELIABLE,RELIABLE,STATIONARY,STATIONARY,STATIONARY,STATIONARY,STATIONARY,STATIONARY,STATIONARY,STATIONARY,STATIONARY
110804,2726,1,SITTING_STILL,0.12021196,0.00076134,0.00633327,0.00726645,0.00792022,0.00549769,0.00539218,0.00602324,0.00483538,0.00991899,0.00710303,RELIABLE,RELIABLE,RELIABLE,RELIABLE,RELIABLE,RELIABLE,RELIABLE,RELIABLE,STATIONARY,STATIONARY,STATIONARY,STATIONARY,STATIONARY,STATIONARY,STATIONARY,STATIONARY,STATIONARY
110836,2727,1,SITTING_STILL,0.11951221,0.00102824,0.00860361,0.00698591,0.00777508,0.00524822,0.00650514,0.00552021,0.00532954,0.01055906,0.00652300,RELIABLE,RELIABLE,RELIABLE,RELIABLE,RELIABLE,RELIABLE,RELIABLE,RELIABLE,STATIONARY,STATIONARY,STATIONARY,STATIONARY,STATIONARY,STATIONARY,STATIONARY,STATIONARY,STATIONARY
110923,2728,1,SITTING_STILL,0.11940425,0.00086744,0.00726474,0.00721819,0.00810553,0.00528555,0.00711211,0.00543023,0.00563217,0.01110550,0.00724751,RELIABLE,RELIABLE,RELIABLE,RELIABLE,RELIABLE,RELIABLE,RELIABLE,RELIABLE,STATIONARY,STATIONARY,STATIONARY,STATIONARY,STATIONARY,STATIONARY,STATIONARY,STATIONARY,STATIONARY
110962,2729,1,SITTING_STILL,0.11947129,0.00043372,0.00363033,0.00733481,0.00827118,0.00530478,0.00741569,0.00538586,0.00578367,0.01144934,0.00774864,RELIABLE,RELIABLE,RELIABLE,RELIABLE,RELIABLE,RELIABLE,RELIABLE,RELIABLE,STATIONARY,STATIONARY,STATIONARY,STATIONARY,STATIONARY,STATIONARY,STATIONARY,STATIONARY,STATIONARY
111010,2730,1,SITTING_STILL,0.11956534,0.00021686,0.00181374,0.00611833,0.00703075,0.00464575,0.00660001,0.00497686,0.00486347,0.00988962,0.00760084,RELIABLE,RELIABLE,RELIABLE,RELIABLE,RELIABLE,RELIABLE,RELIABLE,RELIABLE,STATIONARY,STATIONARY,STATIONARY,STATIONARY,STATIONARY,STATIONARY,STATIONARY,STATIONARY,STATIONARY
111042,2731,1,SITTING_STILL,0.11974203,0.00155158,0.01295768,0.00701485,0.00723339,0.00498607,0.00733554,0.00582864,0.00517030,0.00946808,0.00864973,RELIABLE,RELIABLE,RELIABLE,RELIABLE,RELIABLE,RELIABLE,RELIABLE,RELIABLE,STATIONARY,STATIONARY,STATIONARY,STATIONARY,STATIONARY,STATIONARY,STATIONARY,STATIONARY,STATIONARY
111073,2732,1,SITTING_STILL,0.11989527,0.00077579,0.00647056,0.00746143,0.00733345,0.00515536,0.00770203,0.00625354,0.00532270,0.00918546,0.00934370,RELIABLE,RELIABLE,RELIABLE,RELIABLE,RELIABLE,RELIABLE,RELIABLE,RELIABLE,STATIONARY,STATIONARY,STATIONARY,STATIONARY,STATIONARY,STATIONARY,STATIONARY,STATIONARY,STATIONARY
111105,2733,1,SITTING_STILL,0.12000434,0.00038789,0.00323234,0.00628828,0.00553681,0.00432351,0.00641897,0.00487815,0.00434013,0.00877198,0.00824659,RELIABLE,RELIABLE,RELIABLE,RELIABLE,RELIABLE,RELIABLE,RELIABLE,RELIABLE,STATIONARY,STATIONARY,STATIONARY,STATIONARY,STATIONARY,STATIONARY,STATIONARY,STATIONARY,STATIONARY
111137,2734,1,SITTING_STILL,0.11983214,0.00103539,0.00864034,0.00657667,0.00587934,0.00466862,0.00696722,0.00517921,0.00463892,0.00919873,0.00845759,RELIABLE,RELIABLE,RELIABLE,RELIABLE,RELIABLE,RELIABLE,RELIABLE,RELIABLE,STATIONARY,STATIONARY,STATIONARY,STATIONARY,STATIONARY,STATIONARY,STATIONARY,STATIONARY,STATIONARY
111183,2735,1,SITTING_STILL,0.11963301,0.00051770,0.00432736,0.00604214,0.00540975,0.00392758,0.00587002,0.00479736,0.00393419,0.00756511,0.00870364,RELIABLE,RELIABLE,RELIABLE,RELIABLE,RELIABLE,RELIABLE,RELIABLE,RELIABLE,STATIONARY,STATIONARY,STATIONARY,STATIONARY,STATIONARY,STATIONARY,STATIONARY,STATIONARY,STATIONARY
111215,2736,1,SITTING_STILL,0.11947702,0.00025885,0.00216650,0.00540486,0.00477446,0.00339755,0.00527244,0.00444759,0.00352763,0.00635034,0.00780587,RELIABLE,RELIABLE,RELIABLE,RELIABLE,RELIABLE,RELIABLE,RELIABLE,RELIABLE,STATIONARY,STATIONARY,STATIONARY,STATIONARY,STATIONARY,STATIONARY,STATIONARY,STATIONARY,STATIONARY
111261,2737,1,SITTING_STILL,0.11947591,0.00136656,0.01143794,0.00638081,0.00608466,0.00465789,0.00573434,0.00497372,0.00385952,0.00674616,0.00763425,RELIABLE,RELIABLE,RELIABLE,RELIABLE,RELIABLE,RELIABLE,RELIABLE,RELIABLE,STATIONARY,STATIONARY,STATIONARY,STATIONARY,STATIONARY,STATIONARY,STATIONARY,STATIONARY,STATIONARY
111293,2738,1,SITTING_STILL,0.11951429,0.00068328,0.00571713,0.00686873,0.00673967,0.00528794,0.00596533,0.00523677,0.00402549,0.00699868,0.00750065,RELIABLE,RELIABLE,RELIABLE,RELIABLE,RELIABLE,RELIABLE,RELIABLE,RELIABLE,STATIONARY,STATIONARY,STATIONARY,STATIONARY,STATIONARY,STATIONARY,STATIONARY,STATIONARY,STATIONARY
111339,2739,1,SITTING_STILL,0.11986364,0.00069591,0.00580582,0.00597475,0.00669710,0.00566296,0.00584487,0.00552619,0.00506149,0.01002699,0.00774702,RELIABLE,RELIABLE,RELIABLE,RELIABLE,RELIABLE,RELIABLE,RELIABLE,RELIABLE,STATIONARY,STATIONARY,STATIONARY,STATIONARY,STATIONARY,STATIONARY,STATIONARY,STATIONARY,STATIONARY
111419,2740,1,SITTING_STILL,0.12043307,0.00149057,0.01237673,0.00671302,0.00737770,0.00651169,0.00677970,0.00522631,0.00587526,0.00994915,0.00862549,RELIABLE,RELIABLE,RELIABLE,RELIABLE,RELIABLE,RELIABLE,RELIABLE,RELIABLE,STATIONARY,STATIONARY,STATIONARY,STATIONARY,STATIONARY,STATIONARY,STATIONARY,STATIONARY,STATIONARY
111464,2741,1,SITTING_STILL,0.12091983,0.00074528,0.00616345,0.00707941,0.00771589,0.00693376,0.00724426,0.00507609,0.00627985,0.00983334,0.00915689,RELIABLE,RELIABLE,RELIABLE,RELIABLE,RELIABLE,RELIABLE,RELIABLE,RELIABLE,STATIONARY,STATIONARY,STATIONARY,STATIONARY,STATIONARY,STATIONARY,STATIONARY,STATIONARY,STATIONARY
111496,2742,1,SITTING_STILL,0.12126538,0.00037264,0.00307294,0.00638348,0.00663938,0.00638090,0.00628254,0.00400881,0.00568887,0.00901870,0.00856447,RELIABLE,RELIABLE,RELIABLE,RELIABLE,RELIABLE,RELIABLE,RELIABLE,RELIABLE,STATIONARY,STATIONARY,STATIONARY,STATIONARY,STATIONARY,STATIONARY,STATIONARY,STATIONARY,STATIONARY
111527,2743,1,SITTING_STILL,0.12147827,0.00093076,0.00766191,0.00680030,0.00693125,0.00673246,0.00639362,0.00457375,0.00615577,0.01002475,0.00900116,RELIABLE,RELIABLE,RELIABLE,RELIABLE,RELIABLE,RELIABLE,RELIABLE,RELIABLE,STATIONARY,STATIONARY,STATIONARY,STATIONARY,STATIONARY,STATIONARY,STATIONARY,STATIONARY,STATIONARY
111574,2744,1,SITTING_STILL,0.12160624,0.00046538,0.00382692,0.00700786,0.00707623,0.00690755,0.00644831,0.00485525,0.00638844,0.01065570,0.00925199,RELIABLE,RELIABLE,RELIABLE,RELIABLE,RELIABLE,RELIABLE,RELIABLE,RELIABLE,STATIONARY,STATIONARY,STATIONARY,STATIONARY,STATIONARY,STATIONARY,STATIONARY,STATIONARY,STATIONARY
111605,2745,1,SITTING_STILL,0.12168135,0.00023269,0.00191228,0.00581715,0.00552100,0.00546984,0.00571510,0.00429500,0.00596964,0.00986679,0.00897944,RELIABLE,RELIABLE,RELIABLE,RELIABLE,RELIABLE,RELIABLE,RELIABLE,RELIABLE,STATIONARY,STATIONARY,STATIONARY,STATIONARY,STATIONARY,STATIONARY,STATIONARY,STATIONARY,STATIONARY
111637,2746,1,SITTING_STILL,0.12096947,0.00114411,0.00945785,0.00628474,0.00604979,0.00570909,0.00746489,0.00457636,0.00712551,0.01211685,0.01100606,RELIABLE,RELIABLE,RELIABLE,RELIABLE,RELIABLE,RELIABLE,RELIABLE,RELIABLE,STATIONARY,STATIONARY,STATIONARY,STATIONARY,STATIONARY,STATIONARY,STATIONARY,STATIONARY,STATIONARY
111684,2747,1,SITTING_STILL,0.12023930,0.00057206,0.00475764,0.00615372,0.00586408,0.00510116,0.00743794,0.00350438,0.00598679,0.01017728,0.01087904,RELIABLE,RELIABLE,RELIABLE,RELIABLE,RELIABLE,RELIABLE,RELIABLE,RELIABLE,STATIONARY,STATIONARY,STATIONARY,STATIONARY,STATIONARY,STATIONARY,STATIONARY,STATIONARY,STATIONARY
111716,2748,1,SITTING_STILL,0.11968721,0.00028603,0.00238979,0.00490535,0.00507161,0.00413768,0.00643277,0.00341452,0.00512391,0.01100826,0.01009736,RELIABLE,RELIABLE,RELIABLE,RELIABLE,RELIABLE,RELIABLE,RELIABLE,RELIABLE,STATIONARY,STATIONARY,STATIONARY,STATIONARY,STATIONARY,STATIONARY,STATIONARY,STATIONARY,STATIONARY
111748,2749,1,SITTING_STILL,0.11920438,0.00182761,0.01533172,0.00605138,0.00531240,0.00550429,0.00806388,0.00471864,0.00644931,0.01267751,0.01064612,RELIABLE,RELIABLE,RELIABLE,RELIABLE,RELIABLE,RELIABLE,RELIABLE,RELIABLE,STATIONARY,STATIONARY,STATIONARY,STATIONARY,STATIONARY,STATIONARY,STATIONARY,STATIONARY,STATIONARY
111780,2750,1,SITTING_STILL,0.11885965,0.00091380,0.00768810,0.00662828,0.00543480,0.00619134,0.00888403,0.00537298,0.00711570,0.01379610,0.01090557,RELIABLE,RELIABLE,RELIABLE,RELIABLE,RELIABLE,RELIABLE,RELIABLE,RELIABLE,STATIONARY,STATIONARY,STATIONARY,STATIONARY,STATIONARY,STATIONARY,STATIONARY,STATIONARY,STATIONARY
111826,2751,1,SITTING_STILL,0.11947758,0.00116093,0.00971669,0.00688513,0.00569225,0.00701638,0.00854760,0.00555003,0.00797215,0.01379095,0.01102195,RELIABLE,RELIABLE,RELIABLE,RELIABLE,RELIABLE,RELIABLE,RELIABLE,RELIABLE,STATIONARY,STATIONARY,STATIONARY,STATIONARY,STATIONARY,STATIONARY,STATIONARY,STATIONARY,STATIONARY
111915,2752,1,SITTING_STILL,0.11972489,0.00208579,0.01742153,0.00858445,0.00564666,0.00826733,0.00894890,0.00548149,0.00831844,0.01393840,0.01138695,RELIABLE,RELIABLE,RELIABLE,RELIABLE,RELIABLE,RELIABLE,RELIABLE,RELIABLE,STATIONARY,STATIONARY,STATIONARY,STATIONARY,STATIONARY,STATIONARY,STATIONARY,STATIONARY,STATIONARY
111952,2753,1,SITTING_STILL,0.11981829,0.00104290,0.00870398,0.00943341,0.00562385,0.00889229,0.00914937,0.00544720,0.00849142,0.01401413,0.01160878,RELIABLE,RELIABLE,RELIABLE,RELIABLE,RELIABLE,RELIABLE,RELIABLE,RELIABLE,STATIONARY,STATIONARY,STATIONARY,STATIONARY,STATIONARY,STATIONARY,STATIONARY,STATIONARY,STATIONARY
111983,2754,1,SITTING_STILL,0.11984999,0.00052145,0.00435084,0.00879504,0.00430630,0.00824682,0.00713330,0.00486867,0.00721269,0.01128390,0.00954807,RELIABLE,RELIABLE,RELIABLE,RELIABLE,RELIABLE,RELIABLE,RELIABLE,RELIABLE,STATIONARY,STATIONARY,STATIONARY,STATIONARY,STATIONARY,STATIONARY,STATIONARY,STATIONARY,STATIONARY
112015,2755,1,SITTING_STILL,0.12001594,0.00097470,0.00812143,0.00921551,0.00541221,0.00943369,0.00661457,0.00508248,0.00728061,0.01115978,0.00964321,RELIABLE,RELIABLE,RELIABLE,RELIABLE,RELIABLE,RELIABLE,RELIABLE,RELIABLE,STATIONARY,STATIONARY,STATIONARY,STATIONARY,STATIONARY,STATIONARY,STATIONARY,STATIONARY,STATIONARY
112046,2756,1,SITTING_STILL,0.12017404,0.00048735,0.00405537,0.00942371,0.00596231,0.01002477,0.00635224,0.00518819,0.00731232,0.01104792,0.00968608,RELIABLE,RELIABLE,RELIABLE,RELIABLE,RELIABLE,RELIABLE,RELIABLE,RELIABLE,STATIONARY,STATIONARY,STATIONARY,STATIONARY,STATIONARY,STATIONARY,STATIONARY,STATIONARY,STATIONARY
112078,2757,1,SITTING_STILL,0.12029067,0.00024368,0.00202572,0.00776046,0.00560221,0.00847402,0.00409039,0.00389239,0.00557364,0.00992642,0.00869841,RELIABLE,RELIABLE,RELIABLE,RELIABLE,RELIABLE,RELIABLE,RELIABLE,RELIABLE,STATIONARY,STATIONARY,STATIONARY,STATIONARY,STATIONARY,STATIONARY,STATIONARY,STATIONARY,STATIONARY
112122,2758,1,SITTING_STILL,0.12087048,0.00155425,0.01285880,0.00840679,0.00704900,0.00873013,0.00451991,0.00386051,0.00578549,0.00994991,0.00898390,RELIABLE,RELIABLE,RELIABLE,RELIABLE,RELIABLE,RELIABLE,RELIABLE,RELIABLE,STATIONARY,STATIONARY,STATIONARY,STATIONARY,STATIONARY,STATIONARY,STATIONARY,STATIONARY,STATIONARY
112157,2759,1,SITTING_STILL,0.12142151,0.00077712,0.00640022,0.00799224,0.00674066,0.00774514,0.00488440,0.00289359,0.00460234,0.00912708,0.00831211,RELIABLE,RELIABLE,RELIABLE,RELIABLE,RELIABLE,RELIABLE,RELIABLE,RELIABLE,STATIONARY,STATIONARY,STATIONARY,STATIONARY,STATIONARY,STATIONARY,STATIONARY,STATIONARY,STATIONARY
112189,2760,1,SITTING_STILL,0.12182769,0.00038856,0.00318944,0.00621322,0.00675978,0.00641358,0.00449618,0.00256722,0.00409219,0.00844807,0.00757098,RELIABLE,RELIABLE,RELIABLE,RELIABLE,RELIABLE,RELIABLE,RELIABLE,RELIABLE,STATIONARY,STATIONARY,STATIONARY,STATIONARY,STATIONARY,STATIONARY,STATIONARY,STATIONARY,STATIONARY
112221,2761,1,SITTING_STILL,0.12159440,0.00186919,0.01537234,0.00704677,0.00921281,0.00850127,0.00508011,0.00297885,0.00428722,0.00878399,0.00836477,RELIABLE,RELIABLE,RELIABLE,RELIABLE,RELIABLE,RELIABLE,RELIABLE,RELIABLE,STATIONARY,STATIONARY,STATIONARY,STATIONARY,STATIONARY,STATIONARY,STATIONARY,STATIONARY,STATIONARY
112254,2762,1,SITTING_STILL,0.12126086,0.00093460,0.00770731,0.00746633,0.01044304,0.00954922,0.00537347,0.00318560,0.00438561,0.00900025,0.00894895,RELIABLE,RELIABLE,RELIABLE,RELIABLE,RELIABLE,RELIABLE,RELIABLE,RELIABLE,STATIONARY,STATIONARY,STATIONARY,STATIONARY,STATIONARY,STATIONARY,STATIONARY,STATIONARY,STATIONARY
112299,2763,1,SITTING_STILL,0.12098598,0.00046730,0.00386241,0.00693395,0.00929065,0.00856204,0.00502469,0.00278416,0.00372336,0.00742526,0.00793813,RELIABLE,RELIABLE,RELIABLE,RELIABLE,RELIABLE,RELIABLE,RELIABLE,RELIABLE,STATIONARY,STATIONARY,STATIONARY,STATIONARY,STATIONARY,STATIONARY,STATIONARY,STATIONARY,STATIONARY
112346,2764,1,SITTING_STILL,0.12066767,0.00149755,0.01241056,0.00797835,0.01073439,0.00975718,0.00608501,0.00439773,0.00473983,0.00710407,0.00867314,RELIABLE,RELIABLE,RELIABLE,RELIABLE,RELIABLE,RELIABLE,RELIABLE,RELIABLE,STATIONARY,STATIONARY,STATIONARY,STATIONARY,STATIONARY,STATIONARY,STATIONARY,STATIONARY,STATIONARY
112378,2765,1,SITTING_STILL,0.12041809,0.00074878,0.00621814,0.00850240,0.01145915,0.01035729,0.00661672,0.00520661,0.00524973,0.00683598,0.00908322,RELIABLE,RELIABLE,RELIABLE,RELIABLE,RELIABLE,RELIABLE,RELIABLE,RELIABLE,STATIONARY,STATIONARY,STATIONARY,STATIONARY,STATIONARY,STATIONARY,STATIONARY,STATIONARY,STATIONARY
112410,2766,1,SITTING_STILL,0.12024808,0.00037439,0.00311347,0.00728424,0.01019433,0.00962372,0.00531913,0.00499363,0.00442117,0.00588976,0.00850429,RELIABLE,RELIABLE,RELIABLE,RELIABLE,RELIABLE,RELIABLE,RELIABLE,RELIABLE,STATIONARY,STATIONARY,STATIONARY,STATIONARY,STATIONARY,STATIONARY,STATIONARY,STATIONARY,STATIONARY
112456,2767,1,SITTING_STILL,0.12046728,0.00073611,0.00611049,0.00724802,0.01032729,0.01062027,0.00557157,0.00516501,0.00469728,0.00614186,0.00837333,RELIABLE,RELIABLE,RELIABLE,RELIABLE,RELIABLE,RELIABLE,RELIABLE,RELIABLE,STATIONARY,STATIONARY,STATIONARY,STATIONARY,STATIONARY,STATIONARY,STATIONARY,STATIONARY,STATIONARY
112502,2768,1,SITTING_STILL,0.12073433,0.00036806,0.00304849,0.00723040,0.01039414,0.01111780,0.00569796,0.00525070,0.00483536,0.00630645,0.00832602,RELIABLE,RELIABLE,RELIABLE,RELIABLE,RELIABLE,RELIABLE,RELIABLE,RELIABLE,STATIONARY,STATIONARY,STATIONARY,STATIONARY,STATIONARY,STATIONARY,STATIONARY,STATIONARY,STATIONARY
112534,2769,1,SITTING_STILL,0.12087328,0.00126115,0.01043363,0.00661306,0.00836642,0.00878231,0.00598720,0.00558502,0.00581061,0.00683017,0.00780759,RELIABLE,RELIABLE,RELIABLE,RELIABLE,RELIABLE,RELIABLE,RELIABLE,RELIABLE,STATIONARY,STATIONARY,STATIONARY,STATIONARY,STATIONARY,STATIONARY,STATIONARY,STATIONARY,STATIONARY
112619,2770,1,SITTING_STILL,0.12094160,0.00088352,0.00730534,0.00656282,0.00843554,0.00823740,0.00597659,0.00676518,0.00635111,0.00728702,0.00799174,RELIABLE,RELIABLE,RELIABLE,RELIABLE,RELIABLE,RELIABLE,RELIABLE,RELIABLE,STATIONARY,STATIONARY,STATIONARY,STATIONARY,STATIONARY,STATIONARY,STATIONARY,STATIONARY,STATIONARY
112660,2771,1,SITTING_STILL,0.12097675,0.00044176,0.00365161,0.00653647,0.00846837,0.00796315,0.00597066,0.00735466,0.00662090,0.00762878,0.00808453,RELIABLE,RELIABLE,RELIABLE,RELIABLE,RELIABLE,RELIABLE,RELIABLE,RELIABLE,STATIONARY,STATIONARY,STATIONARY,STATIONARY,STATIONARY,STATIONARY,STATIONARY,STATIONARY,STATIONARY
112706,2772,1,SITTING_STILL,0.12099522,0.00022088,0.00182553,0.00521334,0.00646600,0.00613839,0.00473336,0.00583542,0.00540872,0.00715309,0.00677194,RELIABLE,RELIABLE,RELIABLE,RELIABLE,RELIABLE,RELIABLE,RELIABLE,RELIABLE,STATIONARY,STATIONARY,STATIONARY,STATIONARY,STATIONARY,STATIONARY,STATIONARY,STATIONARY,STATIONARY
112737,2773,1,SITTING_STILL,0.12142007,0.00142210,0.01171226,0.00590010,0.00664588,0.00664315,0.00468909,0.00667526,0.00611191,0.00824887,0.00735699,RELIABLE,RELIABLE,RELIABLE,RELIABLE,RELIABLE,RELIABLE,RELIABLE,RELIABLE,STATIONARY,STATIONARY,STATIONARY,STATIONARY,STATIONARY,STATIONARY,STATIONARY,STATIONARY,STATIONARY
112768,2774,1,SITTING_STILL,0.12184300,0.00071105,0.00583580,0.00624039,0.00673262,0.00689214,0.00466537,0.00709139,0.00646054,0.00894518,0.00770122,RELIABLE,RELIABLE,RELIABLE,RELIABLE,RELIABLE,RELIABLE,RELIABLE,RELIABLE,STATIONARY,STATIONARY,STATIONARY,STATIONARY,STATIONARY,STATIONARY,STATIONARY,STATIONARY,STATIONARY
112800,2775,1,SITTING_STILL,0.12216039,0.00035553,0.00291032,0.00584037,0.00601396,0.00565513,0.00375558,0.00702201,0.00594624,0.00855854,0.00774204,RELIABLE,RELIABLE,RELIABLE,RELIABLE,RELIABLE,RELIABLE,RELIABLE,RELIABLE,STATIONARY,STATIONARY,STATIONARY,STATIONARY,STATIONARY,STATIONARY,STATIONARY,STATIONARY,STATIONARY
112831,2776,1,SITTING_STILL,0.12243424,0.00076247,0.00622758,0.00623776,0.00629769,0.00592034,0.00522669,0.00853412,0.00654552,0.00894004,0.00842560,RELIABLE,RELIABLE,RELIABLE,RELIABLE,RELIABLE,RELIABLE,RELIABLE,RELIABLE,STATIONARY,STATIONARY,STATIONARY,STATIONARY,STATIONARY,STATIONARY,STATIONARY,STATIONARY,STATIONARY
112863,2777,1,SITTING_STILL,0.12262900,0.00038123,0.00310885,0.00532216,0.00605676,0.00588351,0.00495689,0.00842267,0.00548835,0.00799414,0.00810383,RELIABLE,RELIABLE,RELIABLE,RELIABLE,RELIABLE,RELIABLE,RELIABLE,RELIABLE,STATIONARY,STATIONARY,STATIONARY,STATIONARY,STATIONARY,STATIONARY,STATIONARY,STATIONARY,STATIONARY
112894,2778,1,SITTING_STILL,0.12275537,0.00019062,0.00155282,0.00460310,0.00484942,0.00523799,0.00497535,0.00735259,0.00490580,0.00726395,0.00731644,RELIABLE,RELIABLE,RELIABLE,RELIABLE,RELIABLE,RELIABLE,RELIABLE,RELIABLE,STATIONARY,STATIONARY,STATIONARY,STATIONARY,STATIONARY,STATIONARY,STATIONARY,STATIONARY,STATIONARY
112926,2779,1,SITTING_STILL,0.12250598,0.00172708,0.01409795,0.00590889,0.00754495,0.00813202,0.00533626,0.00949292,0.00594962,0.00735783,0.00756183,RELIABLE,RELIABLE,RELIABLE,RELIABLE,RELIABLE,RELIABLE,RELIABLE,RELIABLE,STATIONARY,STATIONARY,STATIONARY,STATIONARY,STATIONARY,STATIONARY,STATIONARY,STATIONARY,STATIONARY
112958,2780,1,SITTING_STILL,0.12223715,0.00086354,0.00706447,0.00656376,0.00889650,0.00958275,0.00551739,0.01056633,0.00647318,0.00737505,0.00763634,RELIABLE,RELIABLE,RELIABLE,RELIABLE,RELIABLE,RELIABLE,RELIABLE,RELIABLE,STATIONARY,STATIONARY,STATIONARY,STATIONARY,STATIONARY,STATIONARY,STATIONARY,STATIONARY,STATIONARY
112990,2781,1,SITTING_STILL,0.12203373,0.00043177,0.00353813,0.00554199,0.00839019,0.00889026,0.00503242,0.00950283,0.00542481,0.00601046,0.00627267,RELIABLE,RELIABLE,RELIABLE,RELIABLE,RELIABLE,RELIABLE,RELIABLE,RELIABLE,STATIONARY,STATIONARY,STATIONARY,STATIONARY,STATIONARY,STATIONARY,STATIONARY,STATIONARY,STATIONARY
113021,2782,1,SITTING_STILL,0.12177238,0.00203621,0.01672143,0.00690269,0.01127145,0.01139833,0.00588240,0.01221012,0.00746798,0.00684193,0.00689062,RELIABLE,RELIABLE,RELIABLE,RELIABLE,RELIABLE,RELIABLE,RELIABLE,RELIABLE,STATIONARY,STATIONARY,STATIONARY,STATIONARY,STATIONARY,STATIONARY,STATIONARY,STATIONARY,STATIONARY
113052,2783,1,SITTING_STILL,0.12158019,0.00101810,0.00837393,0.00758564,0.01271577,0.01265594,0.00630872,0.01356777,0.00849266,0.00736570,0.00719183,RELIABLE,RELIABLE,RELIABLE,RELIABLE,RELIABLE,RELIABLE,RELIABLE,RELIABLE,STATIONARY,STATIONARY,STATIONARY,STATIONARY,STATIONARY,STATIONARY,STATIONARY,STATIONARY,STATIONARY
113083,2784,1,SITTING_STILL,0.12145793,0.00050905,0.00419118,0.00733109,0.01279694,0.01240365,0.00459736,0.01270127,0.00815022,0.00708258,0.00667387,RELIABLE,RELIABLE,RELIABLE,RELIABLE,RELIABLE,RELIABLE,RELIABLE,RELIABLE,STATIONARY,STATIONARY,STATIONARY,STATIONARY,STATIONARY,STATIONARY,STATIONARY,STATIONARY,STATIONARY
113115,2785,1,SITTING_STILL,0.12121923,0.00182063,0.01501934,0.00881991,0.01593562,0.01597568,0.00516715,0.01555021,0.00979354,0.00768356,0.00692616,RELIABLE,RELIABLE,RELIABLE,RELIABLE,RELIABLE,RELIABLE,RELIABLE,RELIABLE,STATIONARY,STATIONARY,STATIONARY,STATIONARY,STATIONARY,STATIONARY,STATIONARY,STATIONARY,STATIONARY
113161,2786,1,SITTING_STILL,0.12101109,0.00091032,0.00752259,0.00956613,0.01750821,0.01776551,0.00545391,0.01697834,0.01061733,0.00804580,0.00698052,RELIABLE,RELIABLE,RELIABLE,RELIABLE,RELIABLE,RELIABLE,RELIABLE,RELIABLE,STATIONARY,STATIONARY,STATIONARY,STATIONARY,STATIONARY,STATIONARY,STATIONARY,STATIONARY,STATIONARY
113193,2787,1,SITTING_STILL,0.12086264,0.00045516,0.00376591,0.00827462,0.01499662,0.01544503,0.00524616,0.01501840,0.00969490,0.00765413,0.00618901,RELIABLE,RELIABLE,RELIABLE,RELIABLE,RELIABLE,RELIABLE,RELIABLE,RELIABLE,STATIONARY,STATIONARY,STATIONARY,STATIONARY,STATIONARY,STATIONARY,STATIONARY,STATIONARY,STATIONARY
113239,2788,1,SITTING_STILL,0.12150998,0.00312430,0.02571232,0.01060560,0.01760497,0.01744218,0.00791861,0.01858163,0.01187434,0.00958166,0.00674466,RELIABLE,RELIABLE,RELIABLE,RELIABLE,RELIABLE,RELIABLE,RELIABLE,RELIABLE,STATIONARY,STATIONARY,STATIONARY,STATIONARY,STATIONARY,STATIONARY,STATIONARY,STATIONARY,STATIONARY
113271,2789,1,SITTING_STILL,0.12221624,0.00156215,0.01278187,0.01176107,0.01889526,0.01842874,0.00924598,0.02034755,0.01295503,0.01085785,0.00703646,RELIABLE,RELIABLE,RELIABLE,RELIABLE,RELIABLE,RELIABLE,RELIABLE,RELIABLE,STATIONARY,STATIONARY,STATIONARY,STATIONARY,STATIONARY,STATIONARY,STATIONARY,STATIONARY,STATIONARY
113317,2790,1,SITTING_STILL,0.12246647,0.00274209,0.02239054,0.01246971,0.02193952,0.02192660,0.01275695,0.02426254,0.01413857,0.01061013,0.00682122,RELIABLE,RELIABLE,RELIABLE,RELIABLE,RELIABLE,RELIABLE,RELIABLE,RELIABLE,STATIONARY,STATIONARY,STATIONARY,STATIONARY,STATIONARY,STATIONARY,STATIONARY,STATIONARY,STATIONARY
113418,2791,1,SITTING_STILL,0.12324753,0.00749840,0.06084020,0.01902799,0.03559008,0.03534178,0.01933948,0.02864484,0.01869841,0.01376976,0.00970458,RELIABLE,RELIABLE,RELIABLE,RELIABLE,RELIABLE,RELIABLE,RELIABLE,RELIABLE,STATIONARY,STATIONARY,STATIONARY,STATIONARY,STATIONARY,STATIONARY,STATIONARY,STATIONARY,STATIONARY
113459,2792,1,SITTING_STILL,0.12399422,0.00374920,0.03023691,0.02228371,0.04236799,0.04200321,0.02260888,0.03081646,0.02095976,0.01562962,0.01152643,RELIABLE,RELIABLE,RELIABLE,RELIABLE,RELIABLE,RELIABLE,RELIABLE,RELIABLE,STATIONARY,STATIONARY,STATIONARY,STATIONARY,STATIONARY,STATIONARY,STATIONARY,STATIONARY,STATIONARY
113514,2793,1,SITTING_STILL,0.12475592,0.00606797,0.04863871,0.02648613,0.05349164,0.05161787,0.02983608,0.03499093,0.02372503,0.01878497,0.01336753,RELIABLE,RELIABLE,RELIABLE,RELIABLE,RELIABLE,RELIABLE,RELIABLE,RELIABLE,STATIONARY,STATIONARY,STATIONARY,STATIONARY,STATIONARY,STATIONARY,STATIONARY,STATIONARY,STATIONARY
113553,2794,1,SITTING_STILL,0.12534474,0.00303398,0.02420511,0.02857145,0.05901596,0.05638943,0.03342767,0.03705639,0.02509425,0.02083828,0.01465317,RELIABLE,RELIABLE,RELIABLE,RELIABLE,RELIABLE,RELIABLE,RELIABLE,RELIABLE,STATIONARY,STATIONARY,STATIONARY,STATIONARY,STATIONARY,STATIONARY,STATIONARY,STATIONARY,STATIONARY
113599,2795,1,SITTING_STILL,0.12574656,0.00151699,0.01206388,0.02960869,0.06176537,0.05876304,0.03521598,0.03808168,0.02577428,0.02219929,0.01555256,RELIABLE,RELIABLE,RELIABLE,RELIABLE,RELIABLE,RELIABLE,RELIABLE,RELIABLE,STATIONARY,STATIONARY,STATIONARY,STATIONARY,STATIONARY,STATIONARY,STATIONARY,STATIONARY,STATIONARY
113646,2796,1,SITTING_STILL,0.12623507,0.00558626,0.04425287,0.03192626,0.06921084,0.06720795,0.03800065,0.03896684,0.02752225,0.02281000,0.01616536,RELIABLE,RELIABLE,RELIABLE,RELIABLE,RELIABLE,RELIABLE,RELIABLE,RELIABLE,MOVING,STATIONARY,STATIONARY,STATIONARY,STATIONARY,STATIONARY,STATIONARY,STATIONARY,MOVING
113707,2797,1,SITTING_STILL,0.12740423,0.00621198,0.04875803,0.03642328,0.08167199,0.07996289,0.04914308,0.04356495,0.03359029,0.02504657,0.01894402,RELIABLE,RELIABLE,RELIABLE,RELIABLE,RELIABLE,RELIABLE,RELIABLE,RELIABLE,MOVING,STATIONARY,STATIONARY,STATIONARY,STATIONARY,STATIONARY,STATIONARY,STATIONARY,MOVING
